####
#
# OBJ File Generated by Meshlab
#
####
# Object lululemon_original.obj
#
# Vertices: 2756
# Faces: 5152
#
####
mtllib ./lululemon_original.obj.mtl

v -304.1246798913001612 66.9634185283842527 371.7081617345397149
v -301.3542354230750675 51.2417012744618248 370.6267087744610649
v -283.0676166552814834 71.6940164544948715 377.1675024086383132
v -43.4940472703873482 225.4531503038628841 -291.8597134078115118
v -43.2906458564685650 222.3252033652306920 -312.1849588634224801
v -62.7580121782704694 221.4571456744349121 -312.0771330513023827
v -121.1359901101500469 226.4536939693654745 -250.0384737898811238
v -120.7281289919342697 222.6439284787605004 -270.4106833769932905
v -139.9026933225368907 223.0074811752921278 -249.3244273007302354
v -276.8064912293549469 200.4299941174080573 315.0285252064593919
v -293.0912838596528900 193.9860041012230738 310.9825812518254224
v -291.3075054755556721 182.6564465056193001 326.6542243982767104
v -359.0362925844985398 187.9228588469948704 258.6357852095904946
v -358.6650523069176302 195.5806679915074255 243.8896868859893630
v -375.3273750538368176 182.5291920795745853 251.2783907582903282
v -294.8678538885324656 153.4955246984130781 -137.9018655721905020
v -298.7665157709075743 158.0149637424551656 -117.5275793398078861
v -282.1638766077711580 170.5275901421892968 -138.5181499916858456
v -313.7344956545602486 13.9641713751735335 -341.6790724139513031
v -311.7074502576742816 34.3210146530731421 -324.0504307130061648
v -312.5561192700314450 33.0129115863212590 -343.2705814008439802
v -163.4680245613849365 240.3773808626349933 -147.2437341923321696
v -182.4282152032984072 235.0365487431535598 -145.8892822501598232
v -183.6270784921300674 240.1013867190935116 -125.6637157675310021
v -158.7794387665151987 200.6821667435682173 -370.7326176832545457
v -140.0916880098918398 202.8228285980399903 -391.4430009655641243
v -159.0945097830787347 198.3454016852387554 -390.4307162671862557
v -288.9400699640009975 113.9551304745820772 -254.7899979106402384
v -290.5584355652087538 117.1113317695383245 -235.2510023028146406
v -278.9077167914309712 130.1817371018211418 -256.7909254997015296
v -301.2993840330947251 102.6119748460053671 -214.1744904851283877
v -308.0345037420039489 83.8653392153186559 -212.8457569959209650
v -310.7386353357752000 86.3948678724915169 -193.7379048946319244
v -259.9694307635722339 171.2132524846867341 -200.3015416267842568
v -257.7815052614545266 166.9457464538889440 -220.3386126156327407
v -270.8187042371529287 152.7487810301239222 -218.8466228597783072
v -159.1552316894967305 222.4941304708855228 -228.0519121179011961
v -177.3191486766462504 216.7121310378889802 -227.0202986443136126
v -160.1257239018065945 226.7343805325084816 -207.7610111802247843
v -254.0043071596584241 153.2137099577914228 -300.7753905216769681
v -253.9724985450829990 156.0486402519872229 -280.7357636617263665
v -240.2192363381921894 165.7961735386162729 -302.8009183700960421
v -296.0752034681328269 91.6336049220896030 -291.7082780450116957
v -287.9741303970917556 111.0490950476159497 -274.4754768810052497
v -287.7490739659054952 108.4521502981892951 -294.0197439729789153
v -101.4900472708957153 211.0158131900419676 -372.6579873328598751
v -101.2702822916005658 208.9086771760423460 -392.7658240028479213
v -120.7995735763353338 208.4784322179401670 -372.2883444747177464
v -66.2883340977332409 269.4864164896941361 -72.4928110368107212
v -86.3873849608078217 268.6567368009159509 -72.0605493366670231
v -66.3748992555098454 273.5350161541451257 -52.8765003281464345
v -270.8125741400564834 191.3389802523895185 -118.4492903560048944
v -267.9565878608827347 185.7600327978095436 -139.3007257747619576
v -285.5595510443489502 175.6695235737951180 -117.9082443920778189
v -288.8600192823732868 181.3933170359897815 -97.0550518119380570
v -273.2872164636987691 197.6267426474582862 -97.4325220253303570
v -144.1800035151403847 244.5566694049241505 -148.4342909000819759
v -162.3527662124323570 235.6829844545565606 -167.3670658308767543
v -277.9873036785280078 127.1708610403111948 -276.6677753188367319
v -305.7981963986330811 134.8673477029860805 -137.3384557361199825
v -301.9677243585524593 131.1053051181157798 -157.0769690318537357
v -310.7668896920992552 111.7397992452171422 -156.2156404704439865
v -312.4392081348530610 16.6409488380334523 -303.5376482152781250
v -311.0930228382766245 35.6546714389103343 -304.9556774511153776
v -313.0024382612367049 15.3408987776273040 -322.5370355366715671
v -311.9078664940167869 98.2841562475207979 366.3992979715775391
v -296.7389512127039666 120.4986297379338396 365.8900406544829025
v -315.5451306529726025 113.7246827527898319 360.1856558384698701
v -296.6932250812678831 229.2091226948656981 238.9274631412503993
v -296.3564291603364609 221.9289435056893183 257.9536871092159345
v -281.2928836587565229 235.2647401099884803 241.3753486892925082
v -184.5914206396004715 262.2601502065778050 -44.8071360329658432
v -183.3532608325739659 268.2438438114679116 -24.1219919777895662
v -164.6368963002528005 270.7548473950862444 -26.9748233535716153
v -64.6071200254795315 244.2304364200318787 -190.8877891318958575
v -84.2287471457136263 243.0915562311277824 -190.5497751786423350
v -65.0070289900514382 248.4681705460387207 -170.9622180198767296
v -139.9314468724355720 205.1016872017123376 -371.6319648273081384
v -354.6196275136013014 100.1113744564823236 347.0347405664707594
v -331.9737309682499813 92.0371330400775918 360.0310256367924922
v -334.8853074438944759 107.0538192408069591 353.7723362755101562
v -193.8674955466058805 205.5286374822219670 -246.1874150067827429
v -176.3792470465897111 212.6569220505099054 -247.3896328764359112
v -193.1106382164947206 201.7535559611823146 -266.6695270512854563
v -263.6681156999505333 256.1977836943260627 17.3334385886518945
v -282.1132983147896311 241.0517314787313126 14.1366828076926971
v -267.1007304610509436 257.2932340422373159 31.5522287554997511
v -210.6878629792529694 197.0148111959337314 -244.8597997111825180
v -226.7321441452941428 187.0747888669272925 -243.4548693147435756
v -211.9575917879390943 201.1303627026140930 -224.4762484460547682
v -252.5738380199414053 199.0623634648654843 -140.3307418289107034
v -265.0853062905823663 180.6362001252198013 -159.8507281454143651
v -82.8533390572783048 230.7313036781137612 -250.9419742244756151
v -102.0941513671700847 228.9675928757166616 -250.5715326566141243
v -83.2571067881821136 234.7381108564967178 -230.7275896779185018
v -179.7495225140903301 225.4962406932249337 -186.3934495407861789
v -161.2047607649840302 231.1378469252925072 -187.5364031492592289
v -121.6607823312871801 230.4856405361667839 -229.7264869156123268
v -102.5505141330969110 232.9874789257549139 -230.3135385593773208
v -288.0230513674054578 144.9741506052764350 -177.8496516722771332
v -298.4930375629821810 127.4383589092124822 -176.7274645165086895
v -291.2770546675032506 149.1670371805385003 -157.9569874006976420
v -273.2052688464874564 156.8189658247418947 -198.9871849125262031
v -275.9152709566963608 161.1541325526450521 -178.9895701838164541
v -277.8651010914585413 124.4425984291423504 -296.4086847437287133
v -266.5748200463066269 139.4126749258084885 -298.6335705381120533
v -319.0340544492912613 25.1774132409351878 -189.9646404382039009
v -320.3867691978239236 4.9743803562651641 -169.8246956374956369
v -321.7638645605414922 26.1164500181236718 -171.1147715762836867
v -318.5734984573375641 68.3663421666531832 -173.5628168662696851
v -324.5048366401204021 48.5341651805116072 -153.5231900063190835
v -322.0480854141928830 70.1604538577452530 -154.6345147099035842
v -325.8950108744933232 71.6720569291468905 -135.8012590101470494
v -328.1627274775799492 49.3447457231244684 -134.7600610199265816
v -220.4736544614416971 225.8313992592316026 -122.4513052760713947
v -236.1054220251515119 210.5504649397717856 -141.6455777690004254
v -237.9945901567246551 216.2804484022918530 -120.9597947460486154
v -309.5224001105464140 187.3173370409685674 306.3666780414218351
v -310.5634183910800630 197.8046352697134580 290.0241187306676807
v -326.6847550773010767 191.1737871146729333 285.4184390046725071
v -288.4193511624328039 248.5580054217291490 62.4429661213856662
v -303.5974516055188133 237.8568926010986786 60.9209448800814855
v -290.3245933271090280 250.1652090546081979 81.1481087821491229
v -308.4696008616515428 243.1346865559758328 138.8996137536751689
v -323.0618676932946869 235.7362983283270523 136.5977323423408620
v -309.2377799020353564 241.5839117647729495 158.7021835689054399
v -46.2595796738380827 274.0563339880028479 -53.1081261467748007
v -66.4122788703781453 277.5311605577740011 -33.1229712896878254
v -46.6011029579212632 278.0209493254580480 -33.3967689815009408
v -273.6155859970904203 111.1311924228996162 376.9096789112133479
v -256.0351464277115952 118.5799692499715690 380.1706509536129488
v -260.6836968978959703 135.3567371158104606 374.0784126978553559
v -83.7203684093103249 238.8756268804607998 -210.5908397160878565
v -314.7337613845118085 114.7326544186829267 -136.9077914554151221
v -321.4333784463933625 93.6012512755303305 -136.4522074314647000
v -319.0897644522199812 117.6525075237948101 -117.4670371430767517
v -343.0204454844683255 194.2758758261392700 263.9363423914707596
v -342.9198479953088849 184.5487895083270757 280.2664418306021616
v -336.3217469387640790 224.3711981502096080 97.0012187768499530
v -337.0284452984964219 226.9674839641177471 115.6220176912439115
v -321.2633930503603210 233.7174596738080083 97.6130304219165907
v -303.1021118052848919 71.9784769210620965 -308.8928371419659129
v -307.7379827586736951 55.9066602374443278 -287.5803864731664703
v -302.7637783681435621 74.0922222579898033 -289.5464903184616219
v -304.2031531212319919 78.6635524741146952 -251.0148165508856266
v -309.2181516106808772 59.8135039025076054 -249.2455147804527087
v -310.7961823710585350 62.1126097975669609 -230.3523558517405547
v -312.9089692563229619 64.3494462861269625 -211.4483344708444577
v -24.0099604598032066 226.0163205270175695 -291.9284024436806249
v -120.6631539562604161 210.7038571413841339 -352.0976017358551644
v -325.7539787057888248 95.5449313454530653 -117.5299754689661142
v -349.3923519484767439 174.1820764794698277 24.2743857922526445
v -328.3933549090590418 192.0200000946428815 8.1862953981019420
v -352.2191453874060585 157.4311468730537911 13.9026608599061063
v -178.4652172530250027 221.0036183280119815 -206.6948934467587833
v -197.7882018172366543 218.5433927148050088 -185.1570468951423436
v -373.5730490906428258 76.2463523551050883 348.1123597198962329
v -372.9561656388578967 69.6787320582271974 350.1327758261110716
v -352.5493319854094239 85.2116193586743123 353.5589210384843000
v -196.2933766418782966 213.9633515708028426 -205.4803754474267237
v -194.9612087008774495 209.6180512133346951 -225.7944389669659699
v -126.3900623863607677 265.7316221955274500 -70.4521077037228878
v -106.2644544251158720 263.1386310592118889 -91.0219180754166217
v -126.2490501853992555 261.2396587658330418 -90.1198553183170503
v -45.9310753581812534 261.8117146346161235 -111.9594544019258677
v -65.9627450725522522 261.1929342472476492 -111.7075413564245423
v -46.0733904543725501 265.9547217879011214 -92.3281279505367110
v -375.9819176688918105 170.9479211158993337 268.5468143757823896
v -250.0752144369738801 193.7878042843519495 -160.9583787842896072
v -233.9620844931197325 205.2820158886117099 -162.1807241388718239
v -231.8645329957530237 200.3024002397326058 -182.6264150201695600
v -341.4520192084665382 216.4905889294681458 211.0218234806804958
v -340.7709993662131751 221.4088237364107385 192.2377682996395265
v -357.0306526080927370 209.2475297745012597 208.3135585641113323
v -294.8231860474745645 248.1266023345337999 161.8197073456993564
v -280.9657321576869435 253.9016729607144782 166.9554108414938014
v -279.9865340094355588 256.5377944218781181 143.7362803305231864
v -292.2215089429604404 98.5709329722742922 -370.8094535582616231
v -290.9062736480109947 101.1953233844341185 -351.9932902465004645
v -282.4483171065953684 114.7545290811232235 -373.5122872487388008
v -297.6197483235243340 86.9386094817216133 -330.4538462754451871
v -289.4417994419902129 103.6507267877101555 -332.9044474365333031
v -300.6279287397312601 229.8984890536868591 26.0388953043691380
v -313.7661644949347988 209.7476218975656934 7.0241727563630771
v -316.1740945892635182 215.4700575532373534 24.8004160134548535
v -269.0136003035474914 166.0519303746422679 354.7349412293408477
v -282.6325594711198619 143.3301564059471502 362.0009632887407633
v -265.0235660292721604 151.0929060237184274 365.5446785718108345
v -308.7157831649161608 52.5711635862881863 -326.0015188155763894
v -309.7851756082317252 51.3376412875699799 -345.1702325974843575
v -285.0694827282630968 141.0133291389884107 -197.6475889711348373
v -326.0131200742507644 180.5318986197365803 301.3344873252626712
v -342.5970095267240936 173.7490959405786555 295.8054991636316799
v -300.4782904738001434 135.9166326291155826 357.3633351739692330
v -318.6970388831870196 128.7637577853413688 351.7995232685720453
v -256.0069519746164701 162.9279070975066759 -240.3656198620167004
v -268.8875838775679199 148.8708955843249271 -238.7202778400359193
v -139.1876484462367500 215.7079732109060615 -290.2348183546475866
v -139.4236671683218560 219.2076396529508031 -269.7613323751144208
v -120.4927093021387208 219.1206002612782981 -290.8370454830812832
v -303.1526701305234042 76.2765086389484850 -270.1911979460999191
v -345.7817047909202302 42.3619436342588571 359.1297615894122828
v -369.1665675686680288 35.0626228674632898 353.5391130374429736
v -368.5941722482541536 29.6347838038917040 352.7969519661689333
v -303.6193162840876312 150.4529099094281719 346.8810688164566045
v -321.2710207281807016 143.1100919105072080 341.5156564053604029
v -143.2452934982600254 240.0126301015242802 -168.4557071784300604
v -142.2914943190857855 235.5711650938393973 -188.5526813962341635
v -141.3882334974071000 231.2378853176483631 -208.7285681343158217
v -122.3662227232114503 234.6544460133887071 -209.5164154015400300
v -123.1180681498333200 238.9320557221369938 -189.4029877635161085
v -311.2799009448751235 207.2857189939479667 272.7467495643182360
v -295.5040661155270527 213.6989187504497636 276.4227311769223547
v -311.7755003257678936 215.6756654027560103 254.6850474535099806
v -356.3401281201784059 114.8244960525433811 338.6083530267147239
v -376.3359856875054561 121.8263249045060093 321.1878550786473170
v -375.7524483665058597 108.1034236508241975 331.0365848867253931
v -281.5262866065106095 241.4359907247385593 221.8334777264770707
v -296.5920884630477872 235.5337056079991669 219.4731307636820645
v -287.6265718626912644 88.2363929693019458 375.9758275072813376
v -292.4134189207912300 104.5456510766925078 372.1516053707550782
v -158.3577599701536656 202.9429944753249231 -350.6787737902985214
v -139.6737831169545245 207.3488170617812045 -351.5210930603863630
v -256.6273098136807675 211.3203412383093109 -98.5649326655072286
v -240.1520049475610108 229.6844148811424873 -78.7614043986136778
v -239.4546514915457465 222.5710062813785441 -100.0529288727646247
v -239.8099974457104224 237.9439918960001421 -56.8211678903594262
v -257.0354704480413375 228.1586397041571104 -54.7279094577345333
v -103.1262640343322801 237.1401504666447977 -210.1395687246222508
v -82.5209060881891361 226.9234950263213477 -271.2220127099680553
v -63.1734710226921123 228.1323621543885736 -271.4379838180960292
v -323.3313723203659720 156.5334370839249800 329.5669590030144036
v -324.9237798556929988 168.9523149303435900 316.1550253947126521
v -340.8892882756575204 149.4603932766056289 323.4814299088997700
v -92.3057241429073230 -241.2452388760009114 49.2779935583249298
v -72.3942852009859763 -235.3946702135932014 66.4269302017935388
v -92.0058286110125465 -234.4754351975263376 66.9873049409303007
v -15.0032529016360670 -236.0216174078426263 65.9828475978026034
v -16.0658662962081671 -229.0378393955386116 83.3237940578169400
v -38.8491309294262379 -229.0909935273652138 83.3423241233072076
v -203.6179441237107994 -201.9766755212989722 -150.3301082900691483
v -187.3270014285733964 -212.5559252064907412 -150.6075800465915506
v -190.0662163467696359 -216.6909252948387063 -131.2497318031277587
v -227.8316679127743782 -168.4827435024320437 -344.8408447092004394
v -213.7914093359572405 -182.5679095332228883 -364.6371845886192773
v -213.0302988765902228 -182.4442493009155442 -345.2798155709871253
v -182.5542316292780356 -208.6593399693861102 -365.5395668296065992
v -181.9227916928569471 -208.5492378345657016 -346.1397064549019547
v -198.4349969480133780 -195.9061022666802785 -365.1037908066975319
v -321.5011090305991956 32.7927996674917352 362.1923341375109544
v -344.6883510560223840 30.0717603873477799 356.9422554098972569
v -343.0954842626067034 16.0865177783926221 352.3480771038615558
v -323.3423545790078037 5.0489417805478203 -150.8492696076844766
v -358.3402170640343343 92.7292399716234996 -2.2699330225579764
v -362.7248139396973556 68.7513052756006715 16.9652334080047353
v -364.6168773940033248 91.5366565379606953 19.0810154547169404
v -39.1756035272343155 -257.9704600133234749 -208.6137136766649292
v -57.9386875862050914 -253.6126798164896172 -189.2771111117373835
v -58.2118163586282051 -255.4842363987498004 -208.8106754934709670
v -59.1674925056430467 -271.6033766332424761 -366.9663818723573740
v -59.7467068102863479 -270.5291320283815253 -347.1470391530195343
v -79.9170325319466031 -265.7692813587975706 -366.9636662593113670
v 1.6776697978738442 -255.2152109975101553 -130.7626786162326482
v 2.3032523216886305 -256.0492636220021154 -111.7588185204105429
v -17.8035965690136315 -255.9264420349001057 -112.0259070505806278
v -273.4151497930049572 -165.5708874783857141 -71.6923441560198711
v -260.1543320636152430 -181.7838761049088703 -72.7592605992052768
v -275.1700947562315491 -169.9348377078020178 -52.5495085690207375
v -210.9766165105619962 -181.1909339769632368 -228.3747505864859590
v -196.1391058595746131 -193.7988664139657544 -228.7336907343879773
v -212.0445912441256269 -182.0623662163235110 -208.7903882665980007
v -138.9915652101220473 -246.0016950292773572 -93.9729907466858663
v -119.1140364877253148 -249.9099613960283364 -94.0312965562026619
v -139.8079863175580613 -249.1830357126519857 -75.6279064274316113
v -274.7919256718347469 6.6942931624081439 357.1997594234344433
v -253.8157317949061564 7.1618990156195848 359.3789590218676722
v -275.8355597266994437 22.7598318628329608 365.6779033530081051
v -354.6083657065576631 -84.8150749587954067 225.1072291243872030
v -333.8407149373664993 -89.2159754966058216 227.7682104255674176
v -355.8446485457435529 -78.5947336479161862 242.2044093780381786
v -282.7327376376766210 -114.0552487379098920 -147.5902144686114354
v -289.6690323571618251 -93.6527780363036442 -166.9084467099925746
v -279.7516334809575937 -111.3424411598115853 -167.1491778194221922
v -59.6899185492364310 -267.3757062497002153 -307.3573975773757070
v -40.5616993501024723 -268.6075163144574276 -287.2992406519348378
v -59.4202741479642356 -265.2972439146273587 -287.4862984682202409
v -149.5525044749963683 -226.2338690868413664 -189.9670365673621291
v -166.5451336263768098 -217.2528974534142776 -189.9510623729739791
v -165.4059938568139216 -216.4625941538028826 -209.5761588885517597
v -38.7830876195026732 -255.8371462882702758 -189.0871779404621122
v -19.4728574511228345 -257.1657599710197815 -188.9426114812492301
v -18.9975502890387880 -255.5539637572541380 -169.4649567798741998
v -312.5029651382048428 -3.7914762860144480 -321.6904032340989374
v -313.2018960459159302 -5.1888938191552096 -340.8428233377309766
v -283.9348556686148299 -90.6609112661156331 -245.0455795919168622
v -292.6347014485532441 -73.3745665992943401 -244.7650727384607023
v -283.8407476959255860 -91.0133019943185104 -264.5701984247930909
v -275.4519594162106841 -134.9805847734551776 -128.5435435318290445
v -286.1850405933604407 -117.3163405867674101 -128.0983427342309255
v -222.3913964332266460 -194.5899484555535537 -130.7559694545896321
v -225.6261907645726410 -199.6069037838149711 -111.7449209712928422
v -240.5830086798966363 -186.4757366096281999 -111.2958863670415752
v -149.3183627207518782 -240.4205710907120022 33.5761591844800122
v -152.4226878194325536 -244.8189856445207511 15.3909765510512635
v -131.1952797680071114 -243.5576832233743971 32.6897511378808474
v -330.2519923616077904 -110.9583017202622273 160.6730796725169910
v -329.9281954413597191 -113.4083238168037582 146.9368699181355566
v -310.6510568150420681 -124.2714249524016878 146.9934185662696677
v -266.3760811003749041 -125.8914578601487335 -187.1479107417391106
v -254.4506461186066986 -141.6414144945879912 -187.6461458647059146
v -268.8209914547122139 -128.2088641916540439 -167.5549223568815478
v -219.0461205799435049 -190.1263991241270617 -150.0678120182155340
v -216.1160140388087143 -186.4372787366386888 -169.5735813017137161
v -200.8905700771047691 -198.4383115933489137 -169.9036081577731636
v -173.8385314614093886 -242.9108481571117011 -2.1044403686966064
v -155.0783976364646719 -247.7569994118777004 -2.7507562736416853
v -170.8064696245921539 -240.2240485642516035 16.3638049892903972
v -293.9614581312051200 -75.9851393333083962 -322.5841594101166265
v -285.6380841775097679 -93.0313818746041079 -323.1359080842838125
v -293.2006671557258528 -75.2767636831652993 -303.1636923246512652
v -58.8238376649961978 -260.3870361403647848 -247.9765247782570157
v -58.5034552287986003 -257.8311450705157313 -228.3563802629395809
v -77.4446365793901634 -256.2425114386128939 -248.1893010475073424
v -115.6771885651120328 -242.0429901437457829 -150.6829782441036798
v -114.7182177405046275 -240.8499574358658037 -170.1644667521318581
v -96.5819960128755923 -246.4287651162449038 -150.6285062412400464
v -164.7807838562041809 -219.4300803098059873 -307.4430192592962499
v -180.8079127310210765 -207.5801233965218273 -307.1990933109889852
v -165.1654823925571236 -220.1524932832676598 -326.9936760290252096
v -279.1211320284568274 -109.3882680409501233 -362.0423364522060865
v -271.7072288645085223 -120.0256238582288262 -362.4239599561392993
v -277.7402627623150693 -109.0572228299984374 -343.0052500320566082
v -152.6951077369797076 -229.8030632099605839 -150.7369710211356733
v -172.7018077887476863 -225.5893902142509262 -131.3398262594769790
v -170.3224715023737872 -221.8351350491448386 -150.7221150203546927
v -311.1172437105176414 -114.5351734405592623 179.5076133078245846
v -331.8577583169919194 -101.6981610721590101 193.8738452888751738
v -330.9558553018362090 -106.8441080201048550 177.0782578252727433
v -156.6443678800792725 -236.9092035512779262 -112.4257411361163577
v -175.0613161063373013 -229.8843518916533526 -112.3557741646962000
v -148.7895569832747071 -231.9998543899637582 -346.7828275209694198
v -166.1407868309264302 -220.7987692527267711 -365.9362060762647388
v -149.1099793549582841 -232.2991309218259914 -366.2855617075338159
v -306.0718343485023070 -56.0702459718506105 -167.2705816967722399
v -312.3542853239370061 -36.2909186094551259 -167.8791985029612590
v -310.0352316536354351 -35.8542090945614760 -187.1590926778108326
v -59.1315605521411740 -262.9319649193150212 -267.6907572985207366
v -40.2554740436813816 -266.0675195680245793 -267.5030605144598326
v -225.8630880673491106 -168.0210892846141064 -306.0334563464847406
v -238.8069977478206454 -153.4860699721095898 -286.0636367160104214
v -239.6748357934435774 -153.7328912431496803 -305.5556681923347924
v -213.7619169795680989 -183.7466054016394992 -189.1827036229033183
v -226.3041355744063026 -168.8094557131559270 -208.3395965009640349
v -40.9517891770614142 -272.7685144041720946 -327.1120448094414996
v -40.8519804137498710 -270.8448020772345899 -307.1698605352586924
v -274.0234870507921983 -107.4824168601128633 -265.0163576740544613
v -284.1706347777841302 -91.5588906197747292 -284.1214941622975516
v -274.4834040749703945 -107.8576906217767828 -284.5991225745036104
v -178.4365236063552516 -238.1957052640716199 -75.2668896342591154
v -177.1804926693569939 -234.2145766031676430 -93.6698005371985403
v -158.3852156167583018 -240.8436675968254690 -93.8070188669928626
v -98.1576506118380365 -250.2385905100788364 -112.5797323700182488
v -98.8757106173289486 -252.7650491267677069 -94.0186769426360200
v -261.9238335114780512 -168.8133094875520896 96.1628930553591488
v -271.4123252683600640 -169.3256817725524002 72.9229960916839559
v -241.1385512252309695 -180.1783297946975893 99.2037406990898774
v -263.5109895303999679 -123.5571987535639238 -226.3236640270458224
v -263.0262725694341270 -123.2636130284524825 -245.9073873791582514
v -251.5498322564311877 -138.9847362420210857 -226.8415474091100634
v -77.2331981489198398 -249.7916125833550325 -150.5320221071355320
v -77.6484772836546142 -250.8666958334214030 -131.3824773584933894
v -309.5673275322631639 -19.0215739798178589 -264.1310678210624587
v -305.8829794353482612 -36.9564634508949581 -244.7136358325308265
v -310.1759643061951124 -17.9454224555017881 -245.0733746901522636
v -291.0815704636781334 -128.5948706151725105 164.9065606692679751
v -291.4071245453088750 -121.8166006136722075 181.6395292908688361
v -113.7019993967586515 -241.3015878467051607 -209.4338288165532163
v -95.6487636089761253 -246.0915698404537864 -189.6486708732060436
v -114.0782715455718233 -240.6397570054605808 -189.7935568163066762
v -311.9470831412397160 -2.5089568899623593 -302.6339880387397443
v -182.9508908436791046 -207.1364401473905730 -189.7961126874087938
v -197.1201210724376836 -194.4697426427826201 -209.1418205431375839
v -181.5639114481838590 -205.9609191501086514 -209.4154584930068381
v -315.6799927890946265 -58.3997976830266623 291.9522039933189603
v -337.3702930584030923 -57.8939348822395061 289.2337155923413547
v -315.1762865045499211 -67.8167649845356806 277.8885232539801677
v -113.7172347846563554 -245.8815690874783968 -268.2318032624478406
v -113.8901155034222512 -247.5504930139247222 -287.9549813315689448
v -95.9276331075074751 -252.8599358414334120 -268.0822848029746410
v -215.5974517534829715 -180.9048561232142163 131.2351952862345286
v -250.3873901308045617 -166.7428342496733080 119.8392050097189667
v -198.6966542520914913 -195.9528267852656711 -189.5304618347336429
v -316.7527797487177281 -36.2135785489376829 318.6853377857976852
v -316.1485358782424555 -47.8388684020238273 305.6912891026902912
v -294.9236437624331302 -36.2095151132401938 321.0255572636635861
v -209.6605625381502023 -211.2492560732819697 -112.0636061493366924
v -228.3763280381817822 -204.7274517626836428 -92.9937726306914669
v -128.6963766366377797 -237.7720496611545400 50.6578444695744636
v -229.6121316515360604 -218.2153027298151358 -17.4580373048795678
v -245.6858253029944308 -206.1622539026284642 -16.0992723302224157
v -231.2593306736144712 -216.4108976672141864 -36.5757934066892787
v -292.4235425664846844 -138.9567115147413574 130.8032530699785809
v -271.7139380261515385 -149.9957284660389405 133.1540155161406744
v -291.2093839865264044 -134.3971073556845397 148.2013871459025438
v -131.0699222775459987 -237.6369079766306811 -268.3455395264915637
v -131.2090175751809227 -239.0369862115242370 -288.0110507538713591
v -178.7463830419996498 -241.3747696247459373 -56.8535955049674016
v -158.9035782246542112 -248.8662474701917233 -39.0672885054110779
v -178.1263446868231028 -243.3314686630950234 -38.5379037033873573
v -257.1451332925160500 40.9005319808183927 375.2905345680291589
v -259.3826387004660887 58.4035466267721333 379.6984537674988474
v -277.5796023022560917 38.9644446451657842 371.8631114201048717
v -299.9944920290116102 -55.4535172700738599 -244.6356817639165797
v -306.8037719353679336 -36.2745300844000198 -225.5291075981785980
v -293.3711317775905627 -79.3790566085035039 264.1804280817219137
v -272.4003491590109434 -91.9730815125168135 249.7640371302924791
v -272.5129272939615248 -81.7029424726074893 265.8142686837432507
v -179.7113841249885979 -225.2060295166780008 55.7475422855309901
v -195.7115166112894826 -218.5736438454275969 58.6348779211914675
v -201.2316191272920776 -223.2751088345227970 38.7660151992503259
v -263.0213804724027682 -181.9921396642445472 49.5829409291949688
v -247.6657068909493375 -194.1797910468944792 47.4631653338857191
v -254.4205547299279715 -181.4895715410499406 72.9265104144493392
v -329.8799533743074335 -20.1088425450409432 -92.3056043364494059
v -324.8797709501536133 -42.4351778276249689 -90.5228842427303988
v -328.2966311620386932 -44.7255727948070358 -70.6529033271820879
v -314.7635931925316868 -15.9059596184469090 -187.8731391669617210
v -323.2910374795358734 47.0705870269572486 364.9881376393272490
v -196.7028152117899253 -230.3732421109030781 -74.8066730939361406
v -195.1337100325266363 -226.0504653675222642 -93.4608580746013615
v -168.2190894240553973 -219.0057458036274056 -170.3072760499620415
v -238.2615588804368372 -153.3160246728475897 -246.9500230468736675
v -238.7502693899996871 -153.7407984693718390 -227.3835518247004472
v -77.7107267224109819 -258.5423361724197093 -267.8861216958879936
v -252.4130377856815528 -23.7493190146494690 336.2745232266040603
v -230.9355137856234421 -41.3724695862736880 321.3852961212850232
v -231.3644209049456038 -25.0576354866545046 336.2524788383483951
v -301.9973964246284481 -58.1787148326944816 -341.3137425882940192
v -302.9710235725870007 -57.3270207072750893 -360.3658447511683676
v -295.2136951970362020 -77.1028636985196556 -360.9370819424891010
v -354.4241433097761842 22.2675645990508571 -1.3114813592681904
v -347.9134610320206207 -1.0531337085898764 -17.4522865948998280
v -351.9300923399522958 0.8789500945941966 2.3341492839983919
v -113.6162778761231635 -244.1568552871314068 -248.5875377136042630
v -197.7232267815628006 -195.7991550352515162 -345.7382749499274155
v -212.1834469288447451 -182.1666178024492524 -325.9018398425942564
v -167.1463623676612826 -236.0585777001082306 34.8593662196811565
v -273.3853978559570237 -36.6346832726883918 322.6076414758672399
v -294.5415010971822767 -48.2127843571647503 307.8535560550720334
v -273.1902331360196285 -48.7943947909662796 309.5353192402578770
v -150.8985899328579023 -227.5028990245230034 -170.3141449535489471
v -134.4212084214676679 -236.5326119185769755 -150.7016680515378368
v -277.3654881942257475 -109.3520166035604859 -186.7322622037591202
v -287.3478621061037757 -92.0199358214315879 -186.4685282544105291
v -275.6385779421503912 -108.0733622137599781 -206.3158258139276597
v -339.5399081402034085 25.1147357436885663 -77.4935325900251684
v -344.4232593001508462 48.4923177831503693 -60.6094480895123056
v -340.2746412110869869 49.2443179597803891 -79.1305680309241239
v -162.9828283745874842 -230.5880950254238826 53.5635504287813262
v -145.8359284409033592 -234.7814608265175877 51.8372192412525408
v -154.6868301965248236 -233.0496784451538304 -131.4353519419182135
v -180.7171793068962984 -205.5741839039712318 -229.0076481681449820
v -164.7190036594079743 -216.4381736041319755 -229.1753772092206987
v -206.6874255108822922 -206.3376106215245045 -131.0518115346584125
v -330.2224001665036894 -114.4437111938155311 130.7080468714251253
v -311.5240066028692354 -127.1999041224831757 130.0700375475618955
v -325.5331155006294921 -69.5907092552126727 -48.0976603349835585
v -321.2318040809577724 -94.2587990359045875 -25.6681342526198719
v -329.0312044909783822 -72.2238155871855412 -25.8008798079855097
v -243.0838886178214580 -153.8204697638828122 -363.6233024708025710
v -242.0104826581658699 -153.9455676736851046 -344.3593824903411473
v -257.0765041598759240 -138.1231480999525445 -363.0683589577578232
v -217.1361061246938107 -214.8119606799310191 41.6301882530479688
v -210.7032381413515907 -210.7101070449384963 62.5295462549695102
v -344.1723845772847312 -25.1149953243473760 -12.7561929286676410
v -339.3901101323284024 -49.3382362389112927 -7.1853523777396431
v -348.6624910068815666 -22.8104207636779428 8.0511537135780831
v -159.5861555508604113 -247.2382973523510543 -57.2396917833292989
v -137.6157877184414815 -242.5296240080381835 -112.5329279804609257
v -148.6789157193937001 -225.8968934562230686 -209.6106631484301772
v -148.1844345321080993 -226.2786767021001708 -229.2014151460734013
v -211.3897690806688558 -181.7883089438515753 -306.4727466921592054
v -196.9976189692234527 -195.4714843728643245 -326.3235585744417335
v -318.0863254639845650 -91.3528334960389117 -47.4893630126823112
v -314.7901103552160293 -88.3619451452571667 -68.3470283672507435
v -272.1271305317443989 -111.3756275486529859 216.6827584879577557
v -251.9787393757533778 -116.3437118259581382 218.0747497869422773
v -272.2690812166262049 -101.8823734850690101 233.3160481365764554
v -292.6616179660973103 -97.8045310610161920 231.6962648256167085
v -292.2610051385851762 -106.3406313646044339 215.0485984020486683
v -313.7975937223935148 -6.2324742107106026 -360.4358117225885394
v -314.2961083937620970 12.1372406315118955 -361.2383552486498388
v -54.6997150046394296 -253.0048816877630031 14.1016993219826201
v -54.0519364625206862 -248.3039558277284016 31.3824230691535782
v -74.8733603635709812 -252.6167087641306352 14.0052151878781146
v -253.9773507066283855 -139.0110736950185810 -324.5357267385185196
v -264.6147065239071026 -123.8020432180484960 -304.6352351116888144
v -266.0144652749128795 -123.8094412668245212 -324.0961169089562759
v -184.5163818614620936 -230.3725831753845625 36.5245162427032781
v -195.8633912644349380 -194.4690238040351460 -287.3607413003292663
v -210.7801139518446121 -181.3732195026751697 -286.9877438613656295
v -4.5924486002996137 -278.6694217466455257 -366.8885875456870167
v -23.4081376781649091 -276.5827127337198021 -346.9558280461932327
v -26.7566433138759123 -277.7986284750608093 -366.9226125797337659
v -132.0641761040082542 -234.0231458511684934 -189.9307751461010128
v -133.0533181882663030 -234.7726151163751354 -170.2274050780212349
v -271.5193723385037288 -128.6633100542542820 183.8909322479365471
v -271.0471751523896273 -136.6422005059689297 167.2748947292570563
v -76.9897015070867639 -249.6260200907787521 -169.9237356427022405
v -57.7745627227382101 -252.4725815952634207 -169.7786899576577468
v -73.0231892340479618 -242.0767755648767547 48.9078714743511895
v -1.8840489014652919 -268.8603478761360748 -267.2176016607433553
v -21.1540765153122976 -268.0167506704971743 -267.3425198608587721
v -2.2586499997873992 -271.5788562448566381 -287.0256027020656120
v -78.4073912912932514 -258.2544811895450607 -57.4125325666092294
v -99.1395843408784145 -256.8755088589868478 -57.5791434140777696
v -78.6763068699464867 -256.7828585315355099 -75.5521887460317174
v -77.7780379840141052 -258.7954872179861354 -39.4057816844962545
v -98.4576260147047435 -257.6379970926198553 -39.5521053050918283
v -20.3818939424599854 -262.2207538496680286 -228.0012739216907107
v -39.5455908289429061 -260.5560431169915887 -228.1638912205622205
v -20.7692107491118598 -265.1438517130150103 -247.6252522436613219
v -148.5315138406769222 -231.3228879995363911 -327.2046951368928376
v -165.6139778677477921 -220.6508681804353671 -346.5023206675132315
v -147.9495340036301627 -228.2054440937144193 -268.3605552692164338
v -148.0849153010698558 -229.3336415401214197 -287.9760672681612732
v -40.3706679529630250 -274.4808881393542492 -347.0606187613795441
v -59.8467352187707320 -269.1213861801816165 -327.2548541072716830
v 16.0328059537443544 217.0437952488732094 -373.3771455642149704
v 16.2256194719452296 215.3861331294705508 -393.4798704919988381
v -3.7057248137644896 216.6158865167003000 -373.4058991141136516
v 54.1987243331406603 274.4256972977431701 -52.7344897400356629
v 54.2085983820468442 270.3100459523478207 -72.4361026467327349
v 34.1154504829922729 270.5643750947504032 -72.6501568515341205
v -4.7510087033933077 229.7881672736936309 -271.6576289909332900
v 14.5516898819293008 233.5909640219967400 -251.3871750220737340
v 14.7422944685624380 229.9319949264160527 -271.6063518269472752
v 190.3000386171263756 243.7749921702823599 -105.6221720042538124
v 189.7881655257006912 238.2045709419570585 -125.8911882956184343
v 171.1700023533807666 243.7920046873057629 -127.1579419105997744
v 313.4416287681962672 234.5418678784381257 76.7852368108540162
v 298.9308902311617544 239.9270683228326675 60.2001892292875667
v 299.9083112502875110 243.9277254363761926 77.9136539024338646
v 285.4195571982796764 178.2085518846931791 349.9755897533315760
v 300.2891360445012765 171.7021027684504872 346.9583839172952935
v 287.6752931555751616 188.8703681871287756 338.2067617797962953
v 375.5868758416725655 116.7096307000334861 337.7540531108357413
v 356.9123636986483916 108.1986697848636254 352.3161287150851990
v 374.6752285679401098 102.7012406410207319 344.8088963204240827
v 346.5862450912800909 219.6384237401136090 224.2328017235791435
v 358.9747919361041113 218.5292156172855300 204.2784770616613343
v 345.7769524680897462 224.6123485822419070 206.3643873648676674
v 357.9620679473805467 221.9603128299190757 185.4672657501604647
v 344.7258105418626428 228.3038251634025073 187.7308090949631776
v 354.9628330800309755 126.6092183494948813 13.2614566971652401
v 363.3200523580862864 100.6670168405315877 27.9244892099479110
v 356.8271413715875724 105.1776301421742232 7.2987691578956007
v 252.3950468492518837 157.5057962802039526 -358.1868048946790282
v 265.5217811844959783 144.1285366575960438 -355.6810927629517778
v 254.4739285069274217 155.4432781879048093 -376.7548889675920805
v 342.6360264965171609 57.7971961594119392 -72.8300262803448391
v 344.2287734834749813 83.9684476481585023 -53.4699416496666942
v 346.3654817248356608 59.9709046285242167 -55.2173587737878506
v 208.6429664201382366 243.5363177383802054 -83.2519101830702084
v 226.0213923337358040 229.2607393104824496 -102.6509718480554767
v 208.4768747339873300 237.2316027295170215 -104.1234730867563485
v 93.3807874252306931 251.4519703480607120 -150.4543875224090641
v 112.9799059071847154 249.5938919923155481 -149.8492850389854425
v 112.5557311429500373 245.1870909864530006 -169.6884357593646087
v 284.7583453570676397 127.2429445924877882 -237.1218999495563082
v 283.6546682990464774 124.1013197499107292 -256.2198480503246856
v 272.8057742125824916 139.7711358478788668 -257.7452238724504241
v 240.7237013969703696 260.3300482018850630 2.1844710825813034
v 238.2483801700665822 246.7535005204132688 -33.1475715490456011
v 229.9018236667654094 261.8411271200333204 -6.7165097724470559
v 236.1011089926667239 171.0714315901342957 -341.5052731790080998
v 234.4006360323037654 172.6201896392956883 -322.0062130571529337
v 250.4108122933262166 159.1136288969870520 -339.2741574488133551
v 207.9036208006251059 231.2903405784705058 -124.6083007443050548
v 170.0860134899430136 265.7733547783665244 -45.9235724787545649
v 189.0546105516532407 262.0545423570591765 -43.1822409798018967
v 190.0368437968384114 255.6595132466739244 -64.4148206766605256
v 34.0671535046468108 274.6319840505232719 -52.9766585269602146
v 13.9651773672249071 278.6694217466455257 -33.4357460158080642
v 34.0912296107512205 278.6520298425054420 -33.2456531025889177
v 148.9537317660990539 208.6300872259128028 -389.2906380137030737
v 138.8768704944150159 210.5540990689951002 -389.9353564992093197
v 134.4742826823223538 212.1207881513571749 -370.4818228313604322
v 303.1105182250816483 80.0171957226961297 -346.3829934354336615
v 304.2066075407684593 77.9597893726011790 -364.4983688393861598
v 297.3482469221544875 95.3670087715834001 -366.7524874094998495
v 260.6432023151219823 154.2550577060842727 -259.3020688575207942
v 273.8363892990208228 143.0336953258458266 -238.3964809197878481
v 278.2079672062574787 224.0074657439911334 291.4429466762243237
v 292.1459909389903942 219.0540278061656352 289.5487267056759606
v 292.8794061388369414 227.0761683891862219 271.6934111863627663
v 254.4229708268291859 189.4405470880712699 -162.0767321334049029
v 268.5866500230378620 175.9847543323025434 -161.3973496460763215
v 252.5858985367044625 184.1505728099731414 -182.0478296994302809
v 312.9040771592916030 152.5640794075107749 354.0614691939359204
v 328.6143578884192493 147.0694856831717914 348.6944593634008811
v 330.5882092179926417 160.2489648115112857 337.6147581357709555
v 333.6507817660912565 131.3055017092854371 -47.9438288430255497
v 324.3778417947345361 154.9152711601470571 -44.3096996197184438
v 330.6737909644272122 156.8349899384875243 -23.7457996999483250
v 292.5323068625251040 102.7366434493334850 -292.7301472600225338
v 292.4715250528781780 104.8295324787131619 -273.7537627785480367
v 300.2629583334476706 87.2844557821610891 -272.1557043719562330
v 74.3042547288139303 274.0135830502715066 -52.3113333306932233
v 74.1410683492673570 278.1543138808562503 -32.4547707384309660
v 184.0848589678088274 207.1090843395008676 -266.2605876749485105
v 166.4921392364940687 213.5934491320019220 -267.3552992163693034
v 184.4467743094156731 210.4560574509377489 -246.0674488069276435
v 239.1211702159498600 201.3192375835111534 -162.9436516628504990
v 222.8745359424966352 211.6091147373613239 -163.9664793295245886
v 224.2092198191136276 217.0982672517368428 -143.7490596860337178
v 306.5248225658646675 222.1329938712551098 269.1857821513088993
v 361.7096538863295905 162.3728038425180102 312.8522009630160596
v 376.6524344783349534 159.0928225087964734 304.3376358702373636
v 361.7598527921944083 172.4111772895980437 301.1737869297177781
v 297.2308565611444919 229.8915402791280087 27.7070804243250102
v 313.2470830482914153 215.4327378415980263 26.7991072153018202
v 313.9213138579298175 208.1802938474280893 13.7633658848413258
v 327.9051635608137758 98.0190744755207106 -106.2822257163727073
v 321.1798480137102274 119.9936754694524979 -104.9769742929158980
v 331.6896299210565076 101.8461519992938520 -88.0620595972338833
v 150.2404531240655956 234.1845251499749168 -188.0595580154715947
v 131.3087564513920142 238.0385191912920959 -188.8796731553598818
v 150.9536809357541074 238.6859732575873352 -168.1202490962786271
v 275.2901807625445372 146.8574382365404176 -219.1453402948369842
v 288.2483873469935247 134.9901892578310765 -199.0167371721443033
v 286.3215600521502893 130.8829043967465680 -218.0832161099679922
v 300.2414131387666316 121.7530532716218090 -179.5873245378215302
v 297.8848400793958717 117.5536272605320818 -198.3955007523886422
v 290.5004692073227375 139.4657591705346533 -179.8940290700742537
v 201.0920446038254852 199.2604035397927476 -265.0454307078409215
v 315.9544294486832996 243.2206277217841546 133.7421853535128378
v 328.7599027670383975 236.6652176997417030 133.0907577063635472
v 315.0370114972280930 241.6683753176003790 114.3198013647208597
v 273.7566181657949187 132.9298676172602711 -315.7323482112018382
v 284.2663202021692541 117.3563160082237857 -313.6211986808622214
v 285.7227873432530032 115.6300347400524657 -332.3718677956319425
v 113.7430530763362242 216.0273572599544138 -351.1825998813011438
v 112.7479206691826192 217.7801457069385833 -330.9033601055281224
v 132.6558802318888013 213.5310898706591445 -350.4378829389249859
v 322.6255525413249643 118.0097104780571300 365.6609707069566753
v 342.2881884137149200 127.7370164410421722 351.9279557914528596
v 325.9514197484265310 132.9232682782036647 358.1569331511731775
v 332.7429483312689626 183.7800713388826921 311.1726741650445547
v 333.1407656747632018 194.2508562441788342 295.8604503923269817
v 318.4225822558553887 189.2248355606021164 315.6317107865564253
v 242.9640222566812895 227.0689001307395927 -79.9201724595310310
v 242.8318757336052158 219.6892616137539278 -101.3829402975230920
v 226.1670370510698831 236.1272268004913713 -81.3822904718795996
v 258.6922939222386049 224.8515022399757015 -56.5548780699087530
v 275.7655328520503417 219.8935316244925673 -35.8381051098439087
v 276.5886032179004133 209.9603182958440755 -57.8395227826048242
v 72.9578947144863434 228.8383416753734423 -270.9646684383747584
v 73.2129077520861244 225.6525481853131225 -291.2464640852499542
v 53.6223704076799947 229.5508306805714938 -271.2739288417296279
v 311.2767061059975049 70.6783472236809871 373.3950366619297370
v 297.2112083020470550 90.7764396350922738 379.3396733615407470
v 293.0708967940649927 74.3528312555611848 379.0879200579832968
v -3.8186336644582615 218.5045953901847611 -353.0651586899462018
v -4.0329437059666455 220.7177800871787952 -332.6734605856804592
v 15.7932204935685121 218.8709236029913257 -353.0375233336546330
v 317.5763093726564534 86.6168792228725124 -160.8184448414492920
v 319.1913603285287309 62.3647674479198599 -178.7339830736058559
v 314.6918291242428722 82.9852958867960240 -179.0894088987424766
v 201.1292644767499098 196.4437936497858459 -285.2339370594892216
v 184.2196412329589634 204.2613247704370565 -286.5093167394401803
v 148.6415161367823998 215.8391612823188552 -288.6592835621430595
v 130.2205344264413895 219.7357065839375139 -289.5340304468388695
v 129.9615128644373101 222.7230207087249028 -269.2309891214274558
v 317.7579958660788293 242.0907330172234140 172.8482911512871567
v 316.8795150134448022 243.3616598904886530 153.3124903823392060
v 304.8187187019798898 247.3417701965003630 174.3913983291837155
v 247.5134927861731171 162.4776844125478021 -300.4364181167601373
v 248.6988179452607994 160.6775624308171757 -320.0004932097751293
v 233.1921882268392210 174.4151599433361071 -302.2357513726428238
v 321.9054558260495469 201.8802712581664025 18.1749591490203279
v 314.7989760331014963 199.0046766553812461 0.5185223498397742
v 324.2725119504875693 94.1615161920806685 -124.3801892484420932
v 328.8954238386789939 72.0318457061257931 -124.9798605057737291
v 325.3794038151293648 68.7641195746614358 -142.8153680240455969
v 303.0764732232918846 249.3795582391123560 134.5725239778095670
v 290.0573051195091239 255.1898918994048984 135.4571748630260402
v 304.0080483045235837 248.9580591524376985 154.4795650243383989
v 345.9218384111903788 154.9420179518757266 331.6723578233742842
v 331.9270064496645887 172.4752737445805622 325.0877948965734276
v 314.1576320961597162 238.7877688113258898 95.3095515911434745
v 300.9067383350336513 246.8606474292718929 95.8156140693604783
v 354.1935957492690363 217.8198615477361386 117.3124069413993311
v 368.1069193839292097 208.6948625841567946 121.2714512785616705
v 367.2876428892462854 201.6215492123071158 105.1953415302020858
v 312.1902902507995350 79.5335919634017330 -197.3354532127901280
v 305.9058824365523037 99.0077772694330918 -197.8306532388231744
v 309.7927633505660765 138.3417050307971010 363.6638769245485037
v 293.8417914474948134 143.8869868707040212 368.4072542061696822
v 315.3562957075615145 165.8179184107271738 342.7373627921671186
v 361.2434869585970318 149.8107672627670013 325.0085628924081789
v 346.7711463913230432 167.2302568398136202 319.4316521476126809
v 202.4093964795313241 206.4649848540271364 -224.9549950518679964
v 201.5599487251977848 202.6195370067076169 -244.9471785544857596
v 185.1381374425353670 214.2576161991757715 -226.0145633656348707
v 171.2352968729423992 260.0101250237760837 -66.5665446607460893
v 190.4278321722316889 249.5799744754548612 -85.1707304129763543
v 295.6926015447933196 149.4649059865202787 -141.3923867879480269
v 283.8984544731528104 166.4108006354438487 -141.2588425228629774
v 298.5431965333610265 154.9321738545840219 -121.8648926000819301
v 338.1348180018205767 197.5093323187052761 44.9694338479495812
v 326.7163839821896545 208.7904282020839730 40.8076769840014464
v 338.9864023046535522 205.7166337824276638 60.2618496196258775
v 206.8959686186197757 225.7120320916660319 -144.9164538119206895
v 293.1346338296738168 245.1264689187499073 215.3150479644432096
v 292.5668909933754662 249.1998884877314993 195.7476182906067095
v 279.5039735647121120 253.5131206499654013 197.2051037865827254
v 305.6215218086999812 244.4820299816454394 194.0751201381660280
v 291.8651246661605114 252.2307322922266337 175.8319511791082448
v 264.6244707502268625 165.8893629951282378 -200.8007352014143407
v 250.8833089955850824 179.2535237783378648 -201.8096653189707297
v 266.5336066247851932 170.7316305238836094 -181.1748399761171697
v 296.6593997246509389 224.1889126244976751 13.1759947571885672
v 94.3572899281790995 217.6590014102473560 -351.7170964255291210
v 93.5558446279819833 219.5074353461306487 -331.4496775536032942
v 130.7805896816903726 217.2117838706077464 -309.8655058382611855
v 111.4550492463766460 222.5528356352619994 -290.2592588720614231
v 168.8438601343194421 229.2002769847232457 -187.1245884179323866
v 188.0200817875898451 227.7917124590609887 -166.1277878302430508
v 187.0075175408101416 222.9739753025629341 -186.1202908167485930
v 166.6916569244022241 210.7089289481023684 -287.6433247990558471
v 148.4285601578452258 218.7633174360440478 -268.3535266236856387
v 94.4146772215185877 273.3039893678063095 -51.7164543316780296
v 94.3497021858447340 277.5705169791978051 -31.7493503142496820
v 72.8825264685886935 236.1431610593935488 -230.5970805097672098
v 53.4564584312159354 236.9338038106356805 -230.9116123972701473
v 73.0246368954143890 240.1140462681461258 -210.5457924879132463
v -4.9707936504314469 233.4873114681605557 -251.4403690893863086
v 309.0009624702308315 135.9564383247565615 -122.7177548384659644
v 317.6155260198794394 115.6011913353103466 -123.5926614651056497
v 303.8251038432931637 95.4922963749440612 -216.3313262114181725
v 313.0899968142268222 228.9442505841669515 58.8593153523451562
v 298.0765104443108271 235.0914400686198746 43.3308009876118092
v 112.1189567328916894 240.8922491155084913 -189.5795026115052906
v 130.7754979072291519 233.8293589054970880 -208.8415056886401260
v 111.7105764533582999 236.7397373165624970 -209.5402169511783939
v 263.5445952418440356 145.8040199876130032 -336.9213183573808124
v 275.3427757975675831 131.2723652398014735 -334.6149641716178280
v 171.6821549932082576 254.4356104081388139 -86.9186267629291649
v 152.6410550567187556 258.2211150910167703 -88.4256322615084684
v 205.7892564636648558 220.4028887803021348 -165.0702961617466542
v 188.9599434821603836 232.8819893395640861 -146.0581294848427092
v 376.5535142795862953 144.4949547252460320 317.8032427716833013
v 376.2144620036975198 130.6529958040149211 328.7263968943092323
v 217.9010903261999488 184.9863426603618279 -303.9155976545021076
v 217.3213269086245703 187.2293391976327825 -283.8403483410658623
v 341.0037833139346617 152.7191389156623984 -1.5325642096003675
v 333.3883257522937242 175.1912062744560501 6.5149154392684379
v 53.4884118119280032 233.1206837392092268 -251.0529948754733596
v 72.8465196360506155 232.3610109573371290 -250.7434149882307395
v 53.6069503181596687 245.0258514618474806 -190.8996100357431089
v 33.9374230784719444 245.4588519684816106 -191.1055174014065301
v 53.7329667441392900 249.2094929721073981 -171.0216420230007088
v 354.3445518862371273 -5.1360866268629648 3.2130494592351253
v 358.1473686022832794 -2.0599547332934454 24.2766221794669868
v 357.0262597046360042 -21.5518214757381941 29.8827656999928237
v 347.9577894214477283 -30.6816701048950868 -12.8387795136544440
v 343.9004638533122602 -33.9005601289533800 -32.0199531671851645
v 350.6349046589600107 -7.8670186756721519 -16.7254607502384083
v 303.2524289744774819 -111.1165660511629625 185.2730195464004055
v 319.7395946799304625 -105.3692805393462066 181.5772299327549888
v 319.8508549438440127 -97.4478672358144848 199.0367049151294907
v 346.9663111112604383 -67.6726477995399591 23.1053942469268669
v 350.0098743680371740 -47.1315510422589483 14.4882748261761662
v 355.1863120595214127 -56.7466382896671533 47.2796218403657278
v 74.2871773166258436 -269.0425135953900622 -346.9264355285189936
v 74.4493453412801784 -267.9014169870146702 -326.9163609281864638
v 55.1788659572481279 -273.0057711263223155 -346.8508775890629749
v 314.9306433303459016 24.1166256468622926 -359.5744831611787617
v 314.5366198580188666 25.4076575413457633 -340.7134323631868256
v 315.2068171835742874 6.5163044453898458 -358.7815241517503182
v 267.8585462428254118 12.1196563818475589 356.4240525439452085
v 286.7038025561160453 26.0136498373161587 362.4476017638338021
v 268.1851386470913781 28.4795637613060393 366.9280438058257801
v 87.0676460288277383 -245.2403050215085614 33.3600283344081703
v 107.3685707734827304 -243.7737142347313011 33.9657697856073142
v 85.4943775751520434 -239.3940693593286255 50.7319647315355340
v -14.3677944569391922 -242.5607537193521068 48.7147434641982997
v 5.5275367563127746 -235.7737777819102689 66.1243789600817280
v 208.4229418601842951 -192.5515014774230451 -286.6332764878923172
v 222.3949906269639882 -179.0764698012880558 -286.4411069294026788
v 222.8428671021220850 -178.6735007801036659 -266.6228824036720653
v 299.8182766971672208 -67.1147790121478494 -340.9635882473054380
v 292.1203323892543722 -84.7763575051470895 -341.6480824768382263
v 300.1964457815639662 -66.1893939312415540 -359.4581910260329209
v 294.0376550384366396 -147.8550666115671675 -72.9674043520830367
v 304.2197263479097273 -128.1908932229673610 -74.8446916765799699
v 298.0028494404384105 -149.6646233518582960 -53.9162606408719682
v 198.5651267290479325 -219.1658471668827701 58.2153955765583007
v 202.8968090858001574 -224.3320813417015813 39.3045052920753051
v 214.7465064184255255 -212.4182076831217785 60.5615255063478202
v 283.4596034178239847 -101.2984467930811974 -361.1290917590347931
v 283.0257243304985195 -102.0063731690071194 -342.3670809662494889
v 337.3070751841119659 -84.0793035652766036 213.3815314756999726
v 353.9983112228737241 -85.4017571993151705 193.3684217784337136
v 354.7188272607518229 -78.5679569045730233 211.1860381989908149
v 335.2036731380505898 52.1766434163544019 -107.7171875982614040
v 338.9135999137295130 55.0567182814718876 -90.3133028123577049
v 335.8842137544722846 28.8637868157791395 -107.6686260473213821
v 212.6322818556661502 -191.2184150202448620 -207.1260369532952836
v 197.6885028765115067 -203.0540350940656538 -207.3124558018051573
v 210.8507797942692434 -191.1682760176090312 -227.0763680666160553
v 36.8053999873082702 -267.4565356733043018 -267.1152070747152152
v 17.8476528979426128 -265.7090386782111864 -247.4247761040898581
v 17.4740888742717999 -268.6648037690819706 -267.1420437212873367
v 55.5741923248049403 -269.9506066108712048 -306.8554883896996444
v 74.5769292350841368 -266.2993250963397713 -306.9115578120020587
v 74.7226488314544071 -264.2681863121418928 -286.9837503127686205
v 68.0610403683451608 -256.9062991186700629 -19.6556072268591642
v 88.9713906127800698 -255.8443945789739189 -19.4358023120780423
v 68.0774039337215413 -254.6292176441233721 -1.8953381641555516
v 251.7352726855347953 -155.1874015454208973 146.9665819196975463
v 233.5384688256886534 -152.4763910641912616 166.7774583160096427
v 231.5580081731871758 -162.3254303722856093 152.1840732907593576
v 292.4829066663797335 -84.0674027904574217 -360.2596163584870510
v 311.6396198347535460 -26.1790439004465405 -229.6924618815655492
v 314.7671674185260713 -6.2558601816980852 -230.4140162420788727
v 316.3861520197663708 -4.6491145589237490 -212.3900132300266819
v 206.7743650638398947 -207.2030325702462505 -147.5780740808764335
v 211.0655728055610894 -210.3177608630222153 -128.0866815723275636
v 194.0251408774740867 -219.9508390468600965 -128.5553644356762675
v 149.3605545616796064 -243.7920246550487491 17.4848739514516822
v 147.2615054835889907 -239.0228290817477159 35.3965783769550839
v 127.5185393811695747 -241.7662372259708548 34.6290183366038420
v 259.8659778871659114 -201.1081585724145384 -32.9544435388927042
v 243.8731136593116560 -213.6827648463747380 -33.2742469105437308
v 258.0688011475256189 -199.5524717164373101 -51.8138969174458239
v 274.7553847021718525 -138.4744805377771968 -148.6556932343019071
v 279.4705675306979060 -140.8664564054607524 -129.4967237109707412
v 268.0525128981836929 -157.5538586375693626 -128.5103172075016573
v 269.0324099174395656 -101.4947197227542546 225.3647331379243894
v 252.1438925779839906 -116.0933063450521843 211.9058353981214680
v 269.2454257996057549 -111.7482855359858576 208.8758502065746825
v 316.0117169033078426 -85.1775793488202879 -98.3901749789007312
v 311.4743068905790437 -84.7515775361024595 -116.3841465055031676
v 322.5597188927027332 -63.1545965136353473 -100.9378992418688625
v 228.5826746941908993 -171.6623270244239450 138.6961025171699760
v 146.0299949349765427 -239.7368755708986043 -326.8293015687709726
v 146.1445299087396847 -238.9047797852192048 -306.8927082626240121
v 128.9369280363805501 -248.7371360440494072 -326.8722721516751335
v 26.4684264156596072 -247.6599561809696013 32.0050971664041768
v 46.7102716007571175 -247.0838069248745228 32.4060494455470689
v 26.2042382001581196 -241.8741628768058831 49.2366203948595924
v 355.6339089862777314 -70.9897491674709897 229.0576473965799380
v 337.9658908961657744 -75.7921011779989442 230.7601770344703596
v 162.4603124761506763 -229.5702592944960827 -326.7457565321208790
v 145.9538579309739816 -240.1725517550927691 -346.7695689396272201
v 162.3968549889436872 -229.8553986643248095 -346.6817108704923385
v 37.5511203087694412 -261.5856398485376531 -227.7607025542049826
v 56.7016210131070153 -259.5663619036729415 -227.7666130061286083
v 38.0350235842086164 -258.7906550241837067 -208.2066912036545148
v 319.9768913375666557 -42.0538238882220554 -138.3378013370434871
v 314.1248051266920243 -63.3710268798519749 -136.4937403368739410
v 316.3689198575701766 -42.5991778926981937 -156.0789013664812899
v 57.8675874453705319 -254.6638616782026929 -188.6897399840846106
v 76.9291243668053966 -252.0410387338671967 -188.7055544365288995
v 77.9560404288557010 -250.7460906657907742 -169.1600094090041750
v 67.6507681451639229 -257.8950618158113457 -37.5719441687351292
v 66.8698347089483462 -257.7577037118161343 -55.6231033112471991
v 87.7311142249971141 -256.5647908103941290 -55.3494653613779590
v 26.4826883760867879 -258.2460947374912621 -20.2755657110637735
v 26.0102715447998492 -259.2580599519814086 -38.0882301313605609
v 46.7975406214739493 -258.6959280514619195 -37.8446236669410752
v 208.1832690411328883 -193.1917871239865860 -326.2674891521393192
v 208.2631999163026535 -193.1738560907858755 -345.9719774138262665
v 222.2961303314442318 -179.5319539865235470 -325.9219673275233049
v 105.5241703216824334 -237.8784377957797176 51.4578321245336667
v 23.4986938885706813 -257.0155027050561216 -92.8361073320803030
v 22.4310361429269420 -255.7593319938569607 -111.5629748972116602
v 42.5791602303555266 -255.0543907955073166 -111.3845431458958899
v 322.3753966572063518 19.9447027057668187 -177.4793698463595319
v 324.7185114578051071 43.9278539746445205 -160.4011988840304639
v 325.3538850395942745 22.1004439501442249 -159.7654259473815728
v 305.3353840517220306 -4.5124291182703455 337.6137996841076756
v 286.3587799250747139 10.7454330981620245 352.6365710545117622
v 286.2263538535968337 -3.9193497120916936 341.2587913595987175
v 171.2619737775706312 -245.2759674104801491 -18.0236835281644225
v 150.6572997266247000 -247.2670309345067494 -0.4865739610634480
v 151.2214084336997075 -249.3260846233980033 -18.5390110391265637
v 275.4565519970972787 -117.8648045672134970 -207.6710764658194250
v 277.9571124511343783 -118.4521357593802833 -188.2801616399721070
v 267.2058007246391185 -135.0647088746518421 -187.5995012170924952
v 242.9499050623907408 -165.5021984425166295 -186.9766673778979964
v 229.4593584499562553 -179.2434999713592845 -187.0418420910017119
v 240.2157020476838056 -164.5811663295810945 -206.8963280379934986
v 273.1108214221674757 -160.5799700869769993 -109.3582165877573971
v 284.4491648246847149 -143.4100473456309430 -110.5990920078299098
v 278.1070901686962316 -163.4219390105751017 -90.3366251361644288
v 260.5933827963739304 -176.2371565875070019 -108.5692511269260194
v 246.9354465944944650 -190.2457263562066316 -108.3085522745112002
v 241.8376418748859464 -186.8375720802630724 -127.5905230946312230
v 155.6569030862320062 -214.9218232018355934 92.7709326189766017
v 159.6780670718213173 -222.6582054149949386 73.2472722377636671
v 171.9379218131057314 -210.8146980826950028 95.5325513448022292
v 314.5115204050865145 7.1962123339557209 -321.5511082590341516
v 314.9838573654014908 6.6255542071815796 -339.9097706435183568
v 313.9455347301708912 26.4635056149976897 -322.3993379810456190
v 345.7037107868200110 11.7043462035123582 -55.5231048543772943
v 339.7058400844104540 -14.6239481518570074 -70.8612068220037372
v 342.1679826009440148 9.4790423345102504 -72.6825844661420888
v 353.6766708188680468 -89.7335793302682845 80.9794212894101264
v 353.3976415783928360 -94.9167661188815259 94.9255319580520336
v 339.6187807249949628 -109.8438620487720385 72.5939276872877883
v 286.2151519497821255 -55.1662713033602117 285.7468684412931452
v 304.2648734147992400 -53.2143944749420541 283.2667150205869575
v 304.6663049197737791 -41.9277874944994480 298.2345351622957423
v 144.6380236037350073 -233.1038908673586718 53.3199439643618405
v 263.2546835814418955 -154.7463939738496776 -147.8245559002857874
v 250.6920978887587808 -169.8092605721680854 -147.3491638752940389
v 246.4716158926911476 -167.2407299210093754 -167.0686678797058562
v 288.5534944598074389 -140.4251193661302750 137.3833432223507316
v 287.4949445009328315 -133.2998798786475732 154.6210963866175234
v 270.7885329775023138 -147.9878021830613193 141.9922177872235522
v 313.1857221740979185 -43.1610302448158620 -174.0890068294157800
v 321.0249582313740007 -21.3355159079152266 -157.5526805407332347
v 40.3093420223197185 -254.0120147084507209 -149.7698932928762758
v 39.3934316354599048 -254.7807927811240347 -169.2018617983011666
v 58.7448103301965077 -253.1513251148164727 -169.1766225711678544
v 317.4130131705234703 -107.7588303262570406 -58.4452642338039681
v 321.6634268133259411 -107.5679786388044619 -38.8732020435949011
v 308.4696407971375152 -129.4076575933852382 -55.8283717091350908
v 339.9433364194764522 -36.6149651264905032 -50.2393205766045838
v 335.9961129861613927 -38.4931210478072856 -68.1078946772599494
v 343.4050242143633795 -12.5262194407713032 -53.4218593245583193
v 331.0449513710361771 3.6864609337195144 -124.0629417478931771
v 334.7773218898304890 5.5442759648540578 -106.8910022645056017
v 328.2007859957097367 -19.0233710766865265 -122.6588100611736394
v 236.9469625532629493 -164.3272565097812503 -246.6497081923761812
v 223.6411574989275550 -178.3155190838649276 -246.7997058776810491
v 236.1506090275270537 -164.5953633948435879 -266.4615430403516143
v 19.3008078896586959 -257.4275770170417559 -188.7293559861672634
v -0.0888358645492037 -257.6758359655768231 -188.8113036033785477
v 18.7345451623091748 -259.8426355956162297 -208.2413552054768502
v 272.1979960515988637 -118.9098064124726477 -324.0202394856125352
v 261.3919727093241363 -134.6832151610480253 -343.8077935581179077
v 272.7282794020569554 -118.6401420434574732 -343.1442255232336151
v 299.5442793279242437 -126.6848361921798443 -93.5292276265826956
v 308.3382530482948596 -106.4252446755042314 -95.8999578157299908
v 304.9909804207132424 -30.0998799614066925 312.4055624879230209
v 323.9033483181771089 -29.2270649558446998 309.6493749881893223
v 269.0683318870699736 45.3357720446276247 375.4576246413293461
v 250.8184138308831734 30.5880750536037525 370.5088192198763863
v 306.0320586044757647 -49.0488736914412087 -340.3020968576916516
v 306.3621253960212130 -48.0691863334866625 -358.8230570571595877
v 310.9262722166071740 -29.8279692213056791 -358.4463855534866639
v 268.1131948691157163 -176.5681618629727154 79.4446206925954215
v 277.7378266976708687 -176.4420256305351984 59.5541928082302547
v 287.3101430396047249 -165.2976289156331973 72.8456809908452385
v 298.8054329019857391 -67.4075211001181742 -303.5068180201089945
v 305.1221485243830216 -49.1137638642073782 -303.1347790328086944
v 298.5917580843010342 -66.9453377371111600 -284.7155744515933407
v 163.3429266515826441 -229.4885512902006326 54.6267928072574662
v 141.6140287350837923 -226.1558750827411473 71.6284473784672144
v 304.1963041853881009 -63.5577302686993733 -191.1866663088983955
v 310.5150964530558326 -43.8473714905747798 -192.3147639165904650
v 306.9765328476759123 -63.3471404673059197 -172.6987726918139572
v 232.6063346476533411 -48.4276073200710684 306.0861711879657037
v 250.2481350912257483 -46.5870406749239336 304.7513675048907658
v 232.2947380183692587 -34.3125146344811256 320.7255618930538503
v 282.5771489843359063 -165.9123159156897316 -71.4591209179526885
v 343.2007142681387677 33.7293841562448478 -73.3875256644917329
v 313.6736938771703080 -12.0639087834027503 -339.6904449545688749
v 313.8784630814835737 -11.5530365750941826 -358.4120410355521358
v 138.4214462124085117 -218.4101279981217658 90.4952488864388869
v 193.5216742058451587 -206.2261307124381347 -346.2475322670220521
v 320.5299578827708160 -80.0799942743846032 233.1339423205513981
v 321.0255372959205715 -70.9302652611180662 249.4506234363967110
v 303.2567619747052845 -83.9080502175640106 235.9156885313061309
v 150.2845419005769259 -231.2473699955663449 -188.3528442244382575
v 169.8939837056543070 -223.8040942816868153 -168.2483621352717194
v 152.3193347817411336 -231.4561327484766480 -168.6096984123319658
v 260.1050716416707473 -187.3032797499069773 63.3196299094080572
v 246.3276085302818785 -186.7850768839549858 86.2703939546575072
v 244.2636827121022520 -196.6127606909266490 64.2202549890126875
v 194.9931770573967640 -203.8351332641608451 -247.0372421482330196
v 179.6968276403523816 -215.1841194736892362 -247.1187105396126640
v 194.2905720849763895 -204.5558290117258196 -266.8925268049442252
v 321.6582551678927189 -61.5432096386008851 264.9452725090271770
v 322.4188664336851389 -51.3626558775946975 280.4868857131588129
v 303.8693523617483265 -63.9428930550767163 267.7985831106408341
v 226.0739474332728491 -223.0541258229055472 3.2977126894923900
v 208.3428911785566129 -231.3714894859623712 1.9544426833917550
v 209.3098690681010794 -232.9478828914152757 -16.5698720968977007
v 178.2649807263693731 -218.3464908012279295 -326.5935224596017292
v 178.2206124014562647 -218.5102063259635941 -346.4714904723441009
v 279.3391398463692781 -164.5537506184624306 91.2687193787137403
v 75.2471864638684735 -259.2423253705090360 -247.4171084907835336
v 56.3107823957861271 -262.4188937633102228 -247.3952238444717580
v 74.9395284718881953 -261.8749125411642922 -267.1519477218080283
v 180.0914501449689737 -231.1976902510191678 -109.8853650025667719
v 176.2456229105327168 -228.1017915398782350 -129.0531203328114316
v 114.3291862039238964 -243.8650267234026501 -188.6964491457276552
v 113.3042619242363713 -245.3001483472352220 -208.2574891418088896
v 131.2880099664303941 -239.2046353816280089 -208.1982248806287998
v 47.3806336601921316 -255.3878321356172307 -2.1760047595555774
v 26.6625777726404891 -252.4207053989878773 14.7355553553049319
v 26.6979681011138901 -255.9688335532576957 -2.6216847829853278
v 142.2709275438110410 -242.7658424075531514 -110.3502140592623277
v 122.6654792873306974 -246.8062153618942318 -110.5185820681135596
v 139.1600729931741682 -240.4160583807973239 -129.5726011343145103
v 55.7483260194431551 -267.7664150766916578 -286.9524408917678215
v 83.5394456820571492 -232.7225269440842510 68.1633251317868769
v 236.4613071083768148 -164.6737367860605161 -364.3359112824585395
v 249.3913192397306489 -149.8682144593354337 -363.6434299557316763
v 236.1517871243631816 -165.0877479691157248 -344.9266261330648717
v 216.0651362296823947 -191.3922142551880654 112.6131184362895112
v 232.5091316748013810 -193.9420750666556330 87.1917854869667508
v 219.6307161913213122 -187.7456650957441866 116.9523485998901293
v 364.3269457658581700 -4.7879053484781551 325.9293154569418789
v 343.6491498401004492 -17.8302035865414155 318.3923710607187445
v 362.8070411053104181 -19.2892640382453777 313.3847806039174202
v 337.9576242505698929 -112.9290081303154381 108.3598294384972007
v 336.6570852144575952 -112.1846106718270306 125.9228172005069979
v 322.2747192970749666 -126.3151334308087996 111.0588293223212446
v 117.5735251164168460 -243.5704226433989561 -149.4502496631691315
v 136.4052632677064878 -238.7034849681853643 -149.1895508107543264
v 119.9822938559509424 -244.8380548390716172 -129.8139712115196573
v 130.7045325486597562 -252.2574491323408381 -18.8075372467915862
v 130.5031778283969572 -253.0197376885439837 -36.8388883882623261
v 150.0713463087239177 -249.3089722676596693 -54.8202403012981208
v 129.4915920010235482 -252.5488583734669135 -54.9566599213730314
v 148.0672837840139096 -247.6729751493959384 -72.9972760955889015
v 154.8701340771289949 -232.7098474272886506 -148.8778942782412571
v 320.1094571832454108 -88.9704321611167757 216.2600813044469419
v 93.8705162896858099 -254.9417926928137490 -247.4583219123049957
v 94.2918556344165921 -252.4874974992733883 -227.8313084934006554
v 314.8700611981287807 12.1616845808816105 -249.2030234233801878
v 313.6306034878082301 -7.7442544958312460 -248.4905743536681086
v 286.2461818223811179 -43.3013485667086329 300.7881698771874994
v 265.5837610587220183 -179.4014448183722550 -89.3222637925160683
v 269.5530887835217300 -182.4275562677798916 -70.6977908134128228
v 255.2042886420972252 -197.0696625859140738 -70.5503489992100867
v 291.5345986165264094 -85.1806943167259760 -322.8464556819702693
v 299.2726181846105078 -67.5022780244544549 -322.2611611995880025
v 305.1168171370059667 -132.2353695484918887 133.1667948716512058
v 306.7782731275758579 -137.0981239815500885 115.1552517312217816
v 320.9231227421494737 -123.0219833705885293 129.3377804768085184
v 111.5262941533478482 -253.5773768468917808 -287.0470081225457193
v 93.3438071652221026 -259.5567973547830434 -287.0147402498816405
v 111.3743995324594067 -255.2148515781364040 -306.9644323954269112
v 250.0308660798037579 -32.9350199169038476 319.4345275026025206
v 312.9558535168522440 -9.1521725658143520 -266.5910937568395980
v 310.5337862604899897 -27.4517553907410843 -247.9171007751330649
v 309.8944590655897287 -28.6348616343895230 -266.1783205738494757
v 26.2377415769194187 -228.3275468420689549 83.7966302117065709
v 26.1173535584937504 -235.3264404358127422 66.4815619466010617
v 49.0899273710187884 -227.6047744492335312 84.3209032715260776
v 250.1523498281257218 13.0876272766105597 359.3428573425504169
v 267.6037179068482601 -3.3007215787634729 344.5823822439999162
v 222.2462509094671930 -179.3803788495228559 -306.2184375174996944
v 208.2189114623614614 -192.9596421440406004 -306.4705103049448667
v 303.0306672208837995 -83.4395470639021681 -152.7537130626412534
v 299.4949989382367335 -82.8896953253186126 -171.2836188109665727
v 270.2096681083611998 -139.9182382104508804 158.6136865319950289
v 339.5352756238308416 -76.8891189937345416 -0.5362537056106352
v 268.5189394065750434 -69.1925324923447249 272.3956367716664317
v 286.0698466840788114 -77.2389738185783017 254.6010231910282471
v 286.1437872363530346 -66.4752122043317684 270.2857651768778169
v 268.9021802976900517 -90.9772302666157344 241.4721523072847731
v 251.9734479238622953 -105.1854774651673949 228.4151652982880023
v 208.5561267058955934 -207.0178317540584771 80.8187208938652049
v -351.8457885290687273 214.5564933761783095 97.5877911947832928
v -352.4027687518980088 217.9718560073395111 115.5367154932111191
v -339.8846312550999755 225.0401375079569277 173.1693724584892209
v -338.8988637194064495 227.2395843977771221 154.0594437119297311
v -355.2756078061512426 217.4427707214605903 171.3639690087390477
v 88.8506456709485377 -253.6022965901373141 -1.6780891204765334
v 67.6525452742896078 -251.0811493930824838 15.5053517828705107
v 312.8632431248868784 -11.2908700935699482 -302.9220027635583392
v 309.8407258692165556 -30.3940846865506877 -302.8769555353837291
v 313.2435687255260177 -11.9309810223823742 -321.2188450157603370
v 272.7306156279861966 -184.8345279104453311 -51.9091031159992724
v 274.8767885795218717 -186.4894544490590249 -33.1307986449380252
v -24.2514253837875309 229.4662872567721195 -271.6461275709738175
v -24.4984513241932369 233.2022120338178013 -251.4263117983247184
v 20.7194686053678438 -254.8649967532926439 -149.8502434906487508
v 19.9657237471944917 -255.7060181200864406 -169.2392414131694522
v 21.5623369883877771 -254.9335859504468260 -130.6118822212083899
v 281.2144902997966369 -119.5597664305125249 -168.9518656561264152
v 294.6300380695786885 -102.7779766773128642 -151.1198724606199448
v 285.1854753472641164 -121.1581143693776568 -149.7670179378864077
v 229.5786856820358537 -204.9360947091360572 62.8196376250585544
v -279.9793056864749019 55.2699338410678962 375.6889309760699120
v 115.0791147272192063 214.5323723426521951 -371.2827689379828939
v -103.7481394218634705 241.3822375606224000 -190.0630414756350035
v -231.0561588887400433 -71.6928832850804696 287.4538708536122726
v -230.9600741094952241 -64.8232508755513663 295.7738702587431021
v -251.8626269502944126 -61.8910277536601541 296.5157118461294203
v 16.0368319499237444 -277.2210615092137687 -346.7698884235149990
v 36.0159303409665128 -274.2958870005963377 -326.7634878878917561
v 16.4281460491244680 -275.7066080425009886 -326.7721139528613890
v -270.1743252032774194 258.3343721292288251 47.3438381018061420
v -286.3298067300031562 246.3435427891840561 44.7184792541115357
v -18.5842854003776417 -254.8229646543088052 -150.1067890525226289
v 1.0918823618366009 -255.1372169934099361 -149.9615836255342458
v -327.0915379373956853 200.7647333608120164 268.6292412188253138
v 6.1503019563907415 -252.8313420334785917 14.4021739184239674
v 6.1140567589207873 -248.0738076220809205 31.6870509561358489
v 5.8943404509991595 -242.2966204151438490 48.9118650229482341
v 227.0241124832237745 -224.3044859208960418 -33.7988394542510093
v 209.2677171626592951 -233.0738593819089033 -35.1258157820757191
v 207.9936753214883822 -231.9279904829600127 -53.7480523739646117
v -17.3226410316326458 -257.2923354938029661 -93.2929692915817697
v -37.3941463932591276 -258.4265232631055369 -75.1440480794141479
v -37.6934129412498748 -256.9006881828912014 -93.5774696936349528
v -247.0705882790183239 -200.6142165141895646 -54.7240756510813782
v -261.9418643833936926 -189.7038417470741649 -34.4076160023839037
v -261.6649716914178612 -186.0754632337468024 -53.7440588253675742
v -251.7002292965957508 -138.7638231175043018 -285.5676379802579277
v -263.0929448632617209 -123.3177156280708857 -265.5006952479035931
v -263.6378845370709314 -123.5597945601519996 -285.0871342130620292
v 312.3153881606017990 -130.1092841463993182 -36.3964032037102072
v 315.7740009230689679 -130.4692626169365894 -16.4230692504704798
v 324.3713522782643395 -17.6273263258759982 322.1705875174071139
v 324.7860024290951060 -4.8774644197186037 333.8649757450935454
v -222.0971118371107025 -217.7285889945507904 21.3295430567947761
v -205.6898370713415147 -226.7381943714186434 19.2870825623242439
v -313.4434857682938969 -128.3941448788137336 112.3725470688037689
v -331.0290969831059442 -113.9203965856593186 113.9361012155171693
v -332.5898955812874078 -111.0988846147495650 96.9044151588576881
v -315.8157934091370294 44.3012682402429405 -210.0980358192130382
v -164.4979407768187798 -218.5741031035162507 -287.8728739724137426
v -164.3424719299359822 -217.7007739285724028 -268.3043261049700732
v -180.2261325714041504 -206.2585583270461029 -268.1238177083838536
v 286.2092015623725274 -17.7823359146701385 328.6963654088594922
v 267.7385401074843116 -17.9789832395241724 331.4845012973694907
v 286.2719801463180147 -30.8637160176911891 315.1614305037688837
v -286.2384343381028771 158.1126159895243006 351.3260481469068850
v 149.5700561210803698 229.8940162792581816 -208.0111670643433968
v 148.9817864449932756 225.8548014540102429 -228.0319443749159802
v -274.8500917071506819 214.9001182652106934 -53.7084363718819660
v -291.9948151568494268 187.9854976567394544 -75.6815797205758400
v -294.5644440338722916 196.0836953727906860 -54.0047576777823934
v -350.7264367928041793 22.5186939106400210 -20.8525536123642254
v -308.0724224859328615 175.9284353132127592 321.4776269648485822
v -329.0709802350049245 122.0917860636228056 -78.7832890449254677
v -335.3602202430545844 97.9873557157887234 -79.8674576180500964
v -334.9892994493613969 122.9115717357518349 -59.2810340841926617
v 304.0872403732029170 194.6316211351636696 319.5805316393103226
v 305.2576895637665757 204.7874548303541928 303.6846108036492637
v -53.4753728757586657 -242.5155467492336072 48.7021238506316507
v -52.5292862373124692 -235.9324814031566859 66.0665523763965865
v -225.2285730985082921 179.9672507836010027 -284.2775620414698778
v -240.1206555910742395 168.6784074159440365 -282.5932429851819734
v -240.7212054290972105 171.9674541049808454 -262.2656014004127769
v 235.2070732682471998 -131.5418698668727870 198.0887962201358903
v 252.5601401482535664 -126.5512719593518085 195.2556131034512816
v 235.2616251420827780 -120.4421809285146594 214.4374257247575315
v 287.7809624514528650 -100.9355330643251136 -189.1231198778354781
v -224.7100307809255355 -167.4465174802148795 -267.0145696500698023
v -225.1253198995318030 -167.6958546868711153 -286.5399871926654214
v -210.4491486118648709 -181.0324500008896678 -267.4693549643008055
v 312.7262644080083760 -10.3223247362011410 -284.7080665802308772
v 314.1700320645535385 10.5762027324106107 -267.2345343067947852
v 347.1327222812991522 178.2562747904278240 306.2826537789400732
v -93.4207029434581244 -247.1035350549439045 31.6600545676198522
v -247.1219253462332688 -203.8943176543689901 -35.5333174809177592
v -1.4900884523270610 -265.9144268825569952 -247.5004937854897662
v -278.5821826775431873 210.8889980543429203 297.2166594958820269
v -212.2064697365066763 -216.2193271410141620 -93.3282722611796061
v 332.6046317756104713 230.2123819734142671 208.8771281421257413
v 129.4729620968183497 -244.5843047612156624 -267.2099340474370592
v 146.6381325153339219 -236.2878672928073343 -267.1773466908852015
v 147.0821352483529267 -234.7115138228404021 -247.4302073301818439
v -307.5460128776139186 243.4791900256995518 118.8095084394579715
v -291.9058588618503336 251.0516171012073698 100.6928550999544427
v -306.5122029522979687 242.5918235274371000 98.9526263633079566
v -334.3890291597402324 214.8081867765068012 61.0953830828002253
v -318.8041059210736989 226.6504161732557066 60.2353324569415278
v -317.6825577330807278 221.2966848918058247 42.2221918970732943
v -310.0289018791091280 138.5465541060822829 -117.5056946934960962
v -314.6278724434612855 142.2263395737250562 -97.4472182841674623
v 92.4374513433807152 238.7779646495201575 -210.1073008519581720
v 92.7365881010420452 242.8974298338256403 -190.1486631575555464
v -220.8068761563787632 253.5932512025650283 -38.0827989052685894
v -237.4713753872833593 248.0358689104090502 -34.1438820530353340
v -218.6354240422238320 262.3999044397312446 -15.9634916779230291
v 306.3105287481474193 240.4521600601145792 213.4371216721707754
v 318.6465005256914651 239.4366206196301050 192.1543830049333224
v -96.1604969262009206 -254.7754214582610359 -287.8353346156015959
v -77.9891169951106917 -260.6921033176927835 -287.6730368006178651
v -295.3849385608772877 206.9229450393927721 -32.7824014653321925
v -318.5000570986379671 180.9887006760091026 -28.1934946434445770
v -308.8879250771915963 206.5016655978909625 -9.1062492529162551
v -196.3531201288900263 -194.9967712511341063 -306.8649131643886108
v 294.6063563263982701 -124.9854614576810832 -112.0971519575518442
v 361.1243594039473237 200.0062786112620472 255.9799156506144868
v 375.1053736873273579 192.2726120111487091 255.4291254281106376
v 360.8303144207471860 207.3748949341198795 238.5031885383007761
v 326.1751183730897310 -129.2015305825489691 43.5545994509899757
v 130.3159602701676647 -250.1025502771206277 -0.8549388836544890
v 129.2468074397679061 -246.5715344785891148 16.9439877294684784
v 287.5857977315154699 41.6075598083099862 370.2960429506260880
v -260.8164025177756571 -192.4725889571455184 -14.6913068368497193
v -275.8337226943447718 -173.7660485543730999 -33.0844734812123562
v 249.7404352580839486 -3.2343737607593868 346.9641346272750297
v 249.8083854874626013 -18.5078763358768867 333.6010820538010648
v -312.5535434311863696 172.7732423892772715 -54.1863842679758037
v 272.0273517200473066 -155.0683937972290778 125.3461487830943071
v 53.8639950736082014 253.4394995815789571 -151.2166760786122097
v 73.4383285945818329 248.4207870919348125 -170.7087075549365807
v 352.3766509440733898 -26.3719922009125654 7.8861402855483584
v -258.1043237622963034 -194.2718223743132739 5.3909711221172820
v -321.4870717072806201 -40.3453438629220358 -110.0069286218606948
v -311.9269955917966399 -59.3284574737825210 -128.4016926856621410
v -315.2792002518956451 -61.5759367693536390 -108.8951246924445542
v 134.2365467343405214 270.6424889053084826 -49.6128126727008336
v 114.5010885032835262 272.2084990844090839 -50.8471386730741912
v 114.8834308459641989 276.6659582542251314 -30.7324330994992216
v 0.4880696698114334 -255.9679949080523329 -169.3438723864119311
v -352.9496452967767937 -30.6870264519508673 36.7213183175654478
v -354.1504654244209860 -17.5692825929858856 30.5948952858171346
v -344.9826755876243283 -44.8861384080868007 15.1591909904790167
v 196.0803008564832055 -203.2533730722869336 -227.2151838158492012
v -78.5044544899443366 -254.7690317805057703 -93.8876885486530739
v 269.6189423998869756 -121.6263379746376927 192.1179618417282882
v 269.9122086411106238 -131.0681151968058202 175.3153457325950626
v 178.4007014754398028 -217.8525687107459134 -306.7024556074609904
v 193.5152445926039206 -206.1645302253287753 -326.4777095502875000
v 193.6103309846994591 -205.8192679813716097 -306.6427121204492892
v -295.3870950771197386 123.9205118371797170 -196.2731692859772750
v -304.0042344656134219 105.6569558125340365 -194.9046600527433384
v -307.1686425029365637 108.7223737640080543 -175.5639041972748942
v -312.3057038052539838 40.5618840517250803 -247.8418623195647967
v -314.8622538106216098 22.5333234023365243 -227.7255593265510072
v -313.8234120140733694 42.4129811853290448 -228.8865637746827133
v 47.1622115116127318 -251.8503867238444798 15.1168593753503835
v 188.0414472725840085 -234.9109117042906689 19.1790970082602605
v 170.5288980293548207 -243.3343639858278777 0.1642147183103166
v 189.8009848166971949 -238.0912540005160167 1.0022209559133528
v -21.9100153292461464 -273.0095450297465050 -307.0270512374285090
v 314.2833689737375380 111.1851153128311580 -142.1238451489820136
v 311.1593556804734249 106.9238092662302932 -160.7452830311515015
v 308.3407889516540195 102.8673323271716527 -179.3395647828611175
v 55.3866552826879044 -271.7079876387419972 -326.8289820848832505
v -346.3127668833546977 97.1195326459730239 -41.9608540768829457
v -348.4673662224301438 72.1806003994298209 -42.5247431387850980
v -352.2468606146695151 95.3192509222985365 -22.4617939550277761
v -295.8646036828678803 -98.7402194973028458 -127.8978665946594901
v -292.5366198950099488 -95.9509055119567336 -147.3910162645910304
v 36.2672693138570210 -272.4212553859164245 -306.8233802589793981
v -317.4691225283119138 91.3271100511382201 -155.4991978521348699
v 75.4310444493404759 216.9576344378920680 -372.3217305409890514
v 74.7685696483846272 218.5979246208976008 -352.1445658673563344
v 95.2697758471169465 216.0862621017607523 -371.8774881950542408
v -307.9608627058745469 54.1431715761879531 -306.8038917418258507
v 336.2770591299631633 -105.0501760386996608 159.8842739536295028
v 336.4114021047676601 -98.9874201554596738 177.7977355405156175
v 319.9098396566222959 -112.3684736492347866 164.1730256629635392
v -339.9942940995746881 -24.2032507078678556 327.3229041753652382
v -363.1828739637779222 -24.7002128872193545 323.6552291438429734
v -339.0085664993671344 -36.3428097815379232 315.8147750542447625
v -231.5971249816951740 -97.8149142873684951 252.8566411638408340
v -251.9762633756232049 -105.8040282234915566 234.8412642167582760
v -231.7772739589076991 -109.6216610048326885 236.2645649367435965
v 324.4771014451139877 -20.2281348335702980 -140.0162099414077659
v 327.4404942138050956 1.9591625586398826 -141.3462213661662474
v -244.1797982238213933 -159.2532932752970680 -168.6384519622306470
v -241.6619457043591410 -156.5563301012575153 -188.2234532498941348
v -228.0842398937942335 -170.6031181300308219 -188.7553939230199660
v -291.8310796643707477 -114.3852156907403810 198.3117959737946592
v 168.1990817455842375 271.6593262490870302 -24.8941845345133714
v 150.6989125030058858 210.0207406861173070 -349.4604219843133137
v -268.3193418476949432 93.9671751415414320 380.6335831069819164
v -351.4093735383841022 209.6060306320576103 81.2995441449489107
v -335.2013169443783340 220.4076610708755766 78.6027806483392197
v 329.2958769242472385 -84.1813387319310067 -42.4268213271856638
v 3.1032356087040602 -257.3205099791551334 -93.0618226987850505
v -282.9568156494565869 233.4299840780500404 -4.8059961236227497
v -298.6105077949641782 221.4011561231044141 -1.7046062831608841
v -281.1669471037488393 237.7295183685960751 2.1835126309180137
v -323.8452621538331755 120.2250716590365442 -98.0700521233619469
v 310.6771147196378138 -30.6450193126457435 -339.8572155439812832
v 305.5429687077962058 -49.3462283280411214 -321.7260256875845243
v -204.0883841484422021 245.2101537296009042 -83.1571832103484070
v -203.4285301137531405 239.2971059993924712 -103.6420108678971133
v -222.4192714024339921 238.2932277208113589 -80.8394873465698112
v 109.6006249875977687 -255.2160097072295457 -37.0676388519008242
v 109.8894783576217264 -254.3544215651609761 -19.1310146831518892
v -118.0468205283951306 -246.9286575618795041 -112.5543334009410614
v 259.5731509362879024 215.7272620506297756 -79.1786503560325059
v 274.5683668213724218 194.3870562190809039 -100.4395043769581690
v 259.0475600054313645 208.1478462650771348 -100.6096295471921138
v -317.1793905775965641 -15.8984143075663766 -168.7972354544489804
v -319.9988358871073615 -16.3346695563071087 -149.6674987068481641
v -252.9135492313486679 -8.6661577015544893 348.5331200000804301
v -274.1343878953319972 -8.6366378895187381 346.9519942395400562
v 312.9818914537049181 -107.2978350439576474 -77.3845885842979015
v -195.6037107669123429 -193.9984440051028685 -267.8391575643867668
v -306.1655229985888695 163.8835532929070382 334.7735879218922719
v -334.7356691779633593 -82.0880104122056622 244.4644384000754940
v -335.7923222012543647 -74.2318117572636140 260.9552382347517892
v -164.4694268398359043 245.2082368262743159 -127.1964397190752436
v -251.1446667835184314 -138.5825259950701422 -266.0054797905695523
v 284.0148863824995260 250.4983508785733477 61.9790755163534115
v 236.1310606071445193 -208.4094636336692759 42.7641963126636639
v 240.4902385459873813 -211.2084220388772451 23.3598631635303065
v 252.0648003480195882 -198.7495488032592732 43.5363888693874728
v 279.2087704524188894 155.8163554978403340 -180.4839560688291158
v -225.3574648794777886 177.0521400174480959 -304.6195804011884434
v -226.0331533343540968 174.5176244164646846 -324.7670330732591424
v -112.5104642696025792 -245.7315114989445703 32.0312948452007618
v -299.7657215976301472 -56.9190447745371486 -283.3365222500631830
v -305.4199674110073488 -37.8135338911131171 -263.9305916814910233
v -305.3971842162612234 -38.7536501744067365 -283.1521800468237871
v 218.4464692903548269 -193.5072175599238449 -167.1079643979007585
v 215.1497949234976659 -191.9192827990255239 -187.0955153841459264
v 232.9159145348959612 -180.9512811256548162 -167.0782523963387689
v 332.2109277871712152 26.5479042726604000 -124.9126091473995643
v 331.5332026225103732 49.3837951404999060 -125.1846496778299809
v 338.5137658281938116 7.4381826914343581 -89.7682632998335777
v 301.7420089918477402 107.1835296992388464 376.6738998020440476
v 306.0534240894699565 123.1567955873531304 371.3151965525908622
v 285.1949200896961543 112.1113390389428304 381.8153540078182573
v 34.4389478870955656 226.5702656529130934 -291.7704176611816820
v 53.8643495010461848 226.3026379936823957 -291.5584401016507741
v 34.7290966644456844 223.6473874347389597 -312.1074840206399017
v 339.5796439487439784 31.2567723024673718 -90.4845461761988190
v 300.8057614587575017 83.4783393965866765 -309.4792498179554059
v 300.2176315568712539 85.2944056210909594 -290.8779394207149949
v 306.7198275438581163 65.3735369125448642 -307.4708143575316512
v 301.8521310944111065 81.7943498080580156 -328.0209764701279482
v 307.5319356188093707 63.8729011239778330 -325.8898591968031155
v 108.6397172919208032 -254.8923725289253639 -55.1005874128103841
v 127.6925183257996537 -251.1185889111797565 -73.1412035870262542
v -221.7380918182367395 231.7984397664720007 -101.7414012195934703
v 219.0807446462798396 183.1962345017383029 -323.8518714767612892
v 202.8387428891991817 192.3797988554932772 -325.4826769818488401
v 201.7272784114137778 194.1768557886756525 -305.4296317986122062
v 295.8751466511640729 113.7078798970677838 -217.1549556740718572
v 294.2372326295737821 110.3037990406932209 -235.9369342098423772
v 61.1568138440942093 -252.8512299054918628 -130.2515043958114518
v 59.8488218479126814 -252.5380757922549151 -149.7000860634000219
v 98.5313069863201463 -247.4205429425770149 -149.5288426995589077
v 115.7348953423392715 -243.2305117545618316 -169.0921190828544809
v -229.9495266047570396 195.5755362815602325 -202.9529384113315587
v -247.6641693747394868 188.8435914437856127 -181.3823447612194002
v 302.1434005613363070 92.3584789198742300 -234.8583566047535953
v -119.6682411942796449 -254.7408572951536314 -57.6385674172017346
v -119.7048820026574987 -252.6624947987957057 -75.7687988219352064
v -139.8491797713365372 -251.6213766795471827 -57.4609343756053619
v -202.3196414748128404 233.7024239633401521 -124.0634209737248170
v -200.9296269823838372 228.3905650389302480 -144.4439371419188376
v -218.8645938284649901 220.2834417417646478 -142.9875698395499910
v 279.8381337435695286 249.4938336322166776 216.7575177176943555
v -240.9293292142320126 163.2856691485725662 -322.8175423901276986
v -254.6918564538679561 150.7355133758977672 -320.6798756971037392
v -319.9958407256596047 18.3415041653362145 357.2243596827922261
v -318.8811015380246090 3.8701616732155166 350.1346927294376883
v -296.4758761988739479 5.4432834887786745 354.0218531918532676
v 309.5315852723196031 -140.2470769858026927 96.7318938594655151
v 313.3417700855272869 -141.1389961294657951 78.1379315916436781
v 324.3518038578818050 -127.6885147933311231 92.9198121106742718
v 307.7118849185920340 172.5447914417835591 -61.8113464752777020
v 293.3163802263251227 192.3952339208208286 -59.3348671192807728
v 311.4634644061380868 178.6208258741087036 -40.6397882009818545
v 286.0838241041684569 -97.5671545324080967 222.3424155596839284
v 286.2115178205588109 -107.2657169293659365 205.6803723611665191
v 303.0799476105713097 -93.3919493935594289 219.3501294668932076
v 185.7804797666263710 200.1557571352492744 -326.9042205404514903
v 184.7989653601886744 201.9636964883586074 -306.7760966435904493
v 301.5318285291854750 160.5369795363298522 -102.1928319530029512
v 288.9250941567620430 178.4592369140009396 -100.8147382031361303
v -135.8501001094888636 -251.2741176612914842 -3.3151245613754878
v 371.4780734321211639 214.7795929685520093 183.3235288632689901
v 356.8113269191432551 223.9708049678702935 166.6630830841903901
v -250.9526769347156971 -167.1012951717436863 -129.7925657910395216
v -260.0995605446068453 -147.5592844347273456 -148.5550558096564657
v -247.3365785833242114 -162.8267205599291572 -149.1607972608556167
v -333.2745894882500011 -73.8221735099221519 -1.0662774754098867
v 356.0395736527651138 -39.7189258138617163 37.4919134548504331
v -62.9336833891185421 224.6176600018759757 -291.7400666918441630
v -43.7360812750467502 228.9395182290794821 -271.5745631801148647
v 321.0698457176047782 -1.3203345573142551 -176.5257104413861668
v 315.3382848033888308 -23.6133311970166098 -193.4160248777104414
v 318.4883759689916474 -2.9941643086152574 -194.4187250594554257
v -299.4040658366821503 -101.9832505226302573 -108.3515228574153610
v -302.9275138606222413 -105.4807005452036464 -88.6971935661072450
v -307.9091262837998784 -82.1141581716447888 -108.3815543428651011
v 260.6633098323080731 -134.4439916162137933 -266.0626674064791359
v 248.7799668527526649 -149.8388618771471670 -266.2490862549890380
v 260.4416279496863353 -134.6900740807634520 -285.6315347578105843
v 303.0605788998756793 -102.5073937921203679 202.4360134809305976
v 64.3037051788836038 -255.3504924562348890 -92.3731751787113353
v 62.7337264108647119 -253.8985779605517621 -111.1495627464460085
v 84.7176822923850636 -253.8746566044554811 -92.1289297465163202
v -243.5250359635935808 179.7715069991170367 -221.7812421108277761
v -335.7513483926487652 26.0555072185488932 -96.1232770532765102
v 225.5863950528031410 243.7904671710958837 -59.2650598898044976
v 208.2485036574655339 250.3134895140163110 -61.8509624773603406
v 148.5576116807585834 222.1248869676031177 -248.1450525290521512
v -305.7320632338660857 66.8390344653936808 -347.0396925667310484
v -304.1055308257773504 69.7611389335271355 -328.1091540231506087
v -14.1764535597834769 -248.3321702485664844 31.4851371390694652
v -301.0218923088293081 -58.1989072127882707 -322.0495031239448167
v -158.3266701943256862 -224.0388550359638771 72.7527111795061359
v -296.5033518132215704 89.3426358822967188 -311.1525466801155062
v -288.2604678314995681 106.0699586245684998 -313.5523499030492189
v 361.3693636103757285 183.1467344668780015 286.2673076944594754
v 376.0690968347652188 176.6841744497167497 281.2555639471171958
v 361.2549484430705320 192.7155564537894747 270.4234627325038218
v -310.2993050546147629 -22.4791933470715080 -321.4717165129249565
v -309.6951210873684204 -21.3173652295416751 -302.3331939584106181
v 290.2735358082958896 -172.4226986773005308 3.8750200746806041
v 275.1735891112539321 -188.0307046268579541 4.4871512036350145
v 275.7697460458202272 -187.4994029215076523 -14.3611202388463877
v 130.4368250184571139 -240.8222821440883195 -227.8202862992728228
v 112.5866012736051545 -247.2562683210377372 -227.8338643645027730
v -318.2850444421732732 45.9178442324856846 -191.2504033445071627
v -316.7269814247808313 23.9803021215504977 -208.8135508484608351
v -19.9464049558563090 -259.4736916084785889 -208.4482210228035513
v 34.1125925997775141 262.2746268202420765 -111.9794221449110836
v 34.1309529394524134 266.4434722329500005 -92.3107160786536127
v 54.0981318359169521 261.9289652214252442 -111.7773485859008105
v -242.7110309530587529 -207.2447851208283112 3.6290174811028924
v -238.0988018073644241 -207.0753388538558681 23.7143305370036437
v -254.6759421627087363 159.2856310350616127 -260.5303246640266366
v -267.4387843497904669 145.3357065275095295 -258.7108639232148448
v 355.9238805499088585 16.5616786143601082 0.1857798807343368
v 359.3247865351488031 18.0706323718623985 20.8019154161537507
v 372.2307375362054813 74.8945161872638039 352.7736296423622093
v 352.0664320890552403 79.1777268479194305 360.3383691368207451
v 370.9143441121628939 61.7527960609093327 353.5953422016893342
v -105.5233316764770564 254.4084143421929696 -130.3804161445239060
v -85.6305625742468663 255.9458107455957645 -130.9719405627176059
v -104.9759759057666457 250.0368164672133275 -150.1765962819989113
v 25.3229668554418943 -259.1771706251483351 -56.1242137892038713
v 4.5892512654541076 -259.5175607398170996 -56.4210143209359458
v 46.0672653492118371 -258.6031579175526645 -55.8828437119987314
v 54.1745234286425941 266.1415799267566626 -92.1068853582606550
v 74.2825597760605092 269.8153451198894004 -72.0722104985703851
v 333.0641494449289439 82.8805351232241492 367.2034389170776763
v 314.8439433903041618 86.6915186461512093 373.5177184748308150
v 306.7897745475353304 229.2563264392827023 250.9918137109666816
v 320.2162047372443112 224.2273105942582276 248.2132623390895958
v -43.0458662871486979 217.2826493904622396 -352.8640435825992085
v -23.4423374299628158 217.9858334274291565 -352.9734668141581437
v -23.3965713630407315 216.0353643248914750 -373.2950382050598250
v -325.7276013173053570 62.2044464394916616 365.6239105759761401
v 272.8019603736723298 -188.1541651817354648 23.4568265234664572
v 288.4357247116806775 -173.9958573083898159 22.3598785948312972
v 268.1555464519873340 -187.8775720059044261 42.8472621234821105
v 291.0397380421240996 -85.1560940573682075 -303.8996234601139008
v -233.6293020885283340 -177.0460298880946368 -149.7029614183898900
v -230.5426284746465626 -173.3603040169137444 -169.1801368939332519
v -106.3967806578788213 271.6893777022797849 -51.7060711053257194
v -126.2957547362416477 270.1786981389911944 -50.6899526002946672
v -274.8575995785130885 205.2013462069514844 -76.0026610277779184
v -282.5281481430502026 137.2034039064395756 -217.3252405862496630
v -21.5187474054510766 -270.6736984875943790 -287.1449299341451820
v 329.9892368316654938 67.4577200059829778 367.3625418931837885
v -34.2893221010038118 -242.6476733045666947 48.6537220416355183
v -34.2525065748748432 -248.4234827372378334 31.3886530049649615
v -308.8090924278860143 -57.4558575769513737 -147.8630537087612424
v -315.1004889521780683 -37.2013278831225094 -148.6120836836222168
v 193.8383626095904901 -205.2676790491483416 -286.7687376563039265
v 178.6357218103756566 -217.1139019944942561 -286.8080341744988004
v -313.3323253430952491 31.1351937073662128 -362.4872177659163981
v 204.6102610791034806 215.4088564209877177 -185.0984216017377832
v -289.8109031710716863 -121.0440186859601965 -108.6339466141980807
v 277.2211813156716858 129.5407825358675780 -353.2522165062315480
v 287.4100416577597343 113.8919325680339085 -350.8709433487881029
v -326.5796448782269863 4.6473218299988588 -132.0041930040806903
v -323.1156008896678600 -17.2602018993179129 -130.5954288009886000
v 93.9253876474091385 260.2236800350028716 -110.9751245437272615
v 113.3570167012032783 254.0811829701514455 -130.0598140631534818
v 93.6733947309358683 255.8265833522311254 -130.6911142253736955
v -78.6516666751027458 -264.1045905938640885 -327.3959062437191392
v -344.2236218057847736 -1.0538375715301047 -36.9332958770963700
v -347.0243373723754416 23.0586647364057455 -39.9281378409891872
v 103.4143386623798193 -231.0851720192975449 69.0949401485045485
v 285.9864014861436203 252.9370712325852537 79.7050000611224760
v -307.8926129603511299 82.6990183556171559 370.2839025628910576
v -25.2095226196393298 245.3807581256664889 -191.2310745692974763
v -24.9812988052220710 241.2206186489001425 -211.2152709747211645
v -44.6137134986039214 240.7741598834939794 -211.1077646464888176
v 333.9715835248915710 -81.7253762318513708 -22.3097196244524625
v 335.3117784985724370 -60.5002794466764513 -46.3297962420455534
v 349.5608397637859071 64.7675159129439209 360.8933126498654929
v 347.7768417345158127 50.3239912947654702 358.9383907406420917
v 369.6332935932041437 49.1362001194191294 352.3937632998116669
v -319.7422903252334550 -123.6380780965254900 75.0843045924024182
v -322.5829014423085823 -117.8070878061147653 55.9192648752037371
v -308.6430806127070241 -136.2993144234270062 52.9697896233733090
v -278.6238353894103170 -168.3906722395272482 50.6885149227997331
v -294.0019726817220658 -153.1418859862736213 51.4196537999459551
v -283.6198645230232387 -166.4132267162165419 29.3201545736417195
v 107.1092896308198590 -253.6419924631919116 -73.3412005007660639
v 288.7802681168903973 -169.7283712453350120 -33.7087449979017677
v 286.0556296510733318 -168.1761787443801950 -52.7071738676319015
v -55.5235740963374482 -256.5077429686853634 -3.5456321863966811
v -75.9513089847557126 -256.0657170422219338 -3.6802946450888960
v 316.6483284851620965 59.3480907570727254 -196.7944072488630525
v 374.1387751848996004 201.1799825439323399 234.7335981465820396
v 359.8134770769686952 214.1033054813861156 220.2852588063762767
v -141.7233720956707543 -228.1930441253205970 70.4182424116199712
v 235.7662100073188753 -164.8998914431109313 -286.2109187882692822
v -222.2372454573808511 245.4878451312961261 -59.6468431356815998
v -228.1975368674922890 191.1708917919400790 -223.1826581845013209
v -340.6725983287821009 98.0033548698556132 -61.0134354655889553
v -296.5367778149787910 -128.9417103108254992 -69.4775221041010553
v -299.0311482686904583 -132.9501648280047164 -49.6867731927180287
v -306.2529218096350974 -109.0493255876477861 -68.7324856778371185
v 241.8963869747484239 235.6838430675049096 -57.3925648236240207
v -296.2033963780978070 -73.9535712426362863 -186.4212446390215803
v -294.4703560289260054 -73.3177583705014229 -205.8934681143046248
v -145.0025147841869284 249.1935786809481783 -128.5060041750168693
v 65.7338099072911461 -256.7819999185871325 -73.8715437544530715
v 86.4184348011498145 -255.4711375593514902 -73.6015798692931185
v -337.5213690018291572 -88.0876782114838903 45.3210258664330539
v -349.9122321048395179 -70.7055682493055713 64.2918193798716686
v -339.1369590867619763 -72.2371640233711503 24.9909881525056399
v 291.1027362712424065 209.9860966520379861 306.7484612872989373
v 276.8828878140163852 215.1079625019436605 308.9046580458131643
v 340.8542648544614622 226.1249849843430297 114.1920078096155464
v 327.8980151088250636 234.2034945058108519 113.8907345034547944
v 341.5683912145843237 229.6543434602067748 132.8479499516634803
v -159.4256548327453515 -244.4317312370657191 -75.4694424191010285
v 74.1379234297471896 220.5304427224916139 -331.8777859632060654
v 54.6171883228815815 221.0262218130712313 -332.2180363036739550
v 54.2022686075205371 223.4478697468307757 -311.8832063314300740
v 307.1389704368605749 71.0585380420550194 -252.2298137760493262
v 308.3670665014225278 73.5598273187110578 -233.8909593926064474
v 311.5925758322804313 51.8197000427508954 -251.0806302317648715
v -38.2072229037451407 -253.8802276047483701 -150.1956055733208188
v -38.0284117653126401 -254.2551419470385667 -131.1280084418899605
v 14.0365732802524406 270.6451446151255595 -72.7527111795061359
v 13.9744249281949298 274.6855774726955701 -53.0871999521263049
v 209.6504987956856496 -191.5112619388658572 -246.9374034333069972
v 152.2788401989671456 263.3852925883081184 -68.3561336580520020
v 133.6604174459884291 265.8694794930972876 -69.6941321800045444
v -97.4805045117237938 -257.1204531621863794 -21.5689962306733420
v -76.9605585861998662 -258.1168036016620704 -21.4836940326405497
v -58.0908817232383186 -256.0953292050689925 -93.7651664776958711
v 293.2930379347754410 100.8553725601110216 -311.5841694124836749
v -77.2041950022338312 -253.9607575122076923 -228.5758656938329239
v -279.1303770934589465 -139.1565486865372918 -109.1644496098289778
v -181.1091261339528558 230.1694912614820510 -166.1249124752531827
v -354.1610083927171786 219.3680205646079742 152.5502018261360604
v -353.2177721495821174 219.5399228639675755 133.8466565848114271
v -370.1279744579196063 210.6353877506878689 152.2080345823416110
v -73.8522199711791387 -247.9040418712207270 31.4589394602728767
v -312.2690430291331722 18.0334093789781384 -284.5504012816197132
v -310.9256532165746307 37.1692646798240176 -285.9059714173992575
v -367.7096012340096536 149.1112473066378357 36.3237206192440709
v -335.7524266507699622 -98.1674048542863034 61.1985763785477630
v -284.5066120212531473 -90.6397254908083312 -225.5388518567553717
v -293.2911409991918390 -73.1663529593161286 -225.3276730069438543
v -311.7879002941617159 -108.1797104128991691 196.2613483821300520
v 268.7134252232509652 -80.4691456174232371 256.8332571148301895
v 251.7594935577758406 -94.0257255559098013 244.6225829245182979
v -96.2197212518950380 -255.1821044796406852 -3.7048949044466672
v -308.1579842646244742 57.8068355873380497 -268.3707787536248475
v 357.1135586769673296 38.7118277367242243 -0.8223515271026363
v 360.4796808539269932 38.4585194451818069 19.4562492808948910
v 93.5671863059975664 -257.3588280779437127 -267.1800623039311517
v 111.7767096181252953 -251.6049232593273643 -267.2147263057534587
v 147.7706030587397663 -233.1681071287990790 -227.7533544247864086
v -321.1910299497819778 47.3373810329183016 -172.3856784818059396
v -77.0180557021257499 -251.9221507921332943 -209.0194582141242563
v -95.5327909577180634 -247.2127186735870055 -209.2547580974619166
v 333.6698709283851372 218.9406110260096625 245.1621912109504535
v 319.9867753703443327 230.3955261120745774 229.9135447318977015
v -110.5868917168659493 -239.9008706440361038 49.8027458439760906
v -252.6648509924679615 -138.9684026282592129 -305.0904996517514860
v -295.7987700342456492 -9.2604152045692683 344.4248766873326417
v -311.8481429747480433 223.0602958554879933 235.9786268571954793
v -327.0361873538407167 216.6747713907636523 232.8754798553509033
v -327.2458885906713135 209.2250261281569408 251.1496387515217350
v 301.2844880968277153 -150.9251869665142181 -34.8814106079368216
v 303.6864478360038788 -152.1173710453172987 -15.5481626238307875
v 309.6874934095480967 -29.6402524695017782 -284.5053540534451031
v 167.2859568588708612 220.6981318280813582 -227.0554418719675596
v 166.7379621203849069 216.9371475335892399 -247.1557706705931992
v -307.3419026088191686 167.8093014186415530 -75.8410021805697028
v -302.9025741496337218 162.7584408627912467 -96.9162360627049253
v -313.3786704745639327 -119.3660693396845573 -7.1944576685408963
v -326.0900158524868289 -100.4700849753400149 16.1086971049114318
v -324.6590075837091831 -96.0406505328037383 -3.0648089353129717
v -289.3162822095852107 171.6610091533869422 338.9968454342348423
v 305.1986649155023201 -17.7134871368571538 325.5139864028496390
v 328.6656150846623063 24.2887900228485947 -142.2537153493577762
v 218.9649916401945973 197.2960368881373370 -223.8340858316506115
v -296.2485035095014041 240.8956436318159717 199.5306270056115068
v -295.6649262530158353 245.2432402797273880 179.5076133078245846
v -310.9332010234230097 234.6521497229454098 197.4031837969959327
v 55.9952870646841561 -265.2137587812061952 -267.1252708171797963
v 36.5128426009605533 -270.1208316198200805 -286.9377446329306736
v -318.7214794006009129 -64.1582351793006467 -89.1015004260716523
v 353.0272798815032615 -99.1822753753807831 127.9898779543353129
v -320.0075018875629667 230.8401478451260971 78.7203507190361051
v -217.0241070542898001 215.0950833077182267 -163.4714390454354032
v -281.1467796833338184 117.2708241166326388 -354.5660939946579902
v -269.9151039638434781 132.3189245690134896 -357.2454456193846113
v -271.2748872933929078 129.7630334991644077 -376.1871660990367445
v 318.3795717374652554 -131.8329596241110835 3.6251836744497332
v 303.4059409825477474 -157.6274397704698345 21.2220367285624398
v 304.6301233694846360 -154.1479207810971559 3.3213544971868711
v -315.5182740386574665 66.4058292893939353 -192.5203517983661357
v 303.5625879262666444 -105.3755703783865414 -114.1960013582125839
v 220.1856597043660884 201.6578905045402053 -203.9751271102301189
v 237.5402441328393195 196.0435003061614623 -183.0136294921386195
v 236.0276077307381968 191.1684557272958784 -202.9011820215139039
v 180.6036027847964647 -214.3429183972085639 -227.3231693699131881
v -227.0791236151480348 172.2346324899943681 -344.6929236691660208
v -242.0802299844131937 161.0030066898615360 -342.6300162058786327
v 149.1872744880540154 213.4092267352204431 -308.9931550827236038
v 350.2920185764180587 37.4684863003930460 -38.1468554247651213
v 346.7860822630759685 35.8448142714869391 -55.9221402301936124
v 350.1468930204016488 61.3383455875084422 -37.2214703438588330
v 35.7523885811441744 -275.7183690431192531 -346.7633390038158154
v 35.4820428128996284 -276.6883021586255609 -366.8671821252068526
v 54.9006204506850537 -273.8447557833316068 -366.8756484482325959
v -284.8342028126684227 -92.2100187507792413 -303.6632053831690996
v -275.3171571833175904 -108.3061461614814789 -304.1663925063962211
v -131.1422055071524255 -235.0041610640315639 -229.1616394020468874
v -131.4398047486039047 -234.1871409243059645 -209.5624210813779200
v 14.1885714838076229 249.8093040036399373 -171.3403272010445448
v 14.2334826817331557 245.6267407515012167 -191.2261225690371589
v -5.6143939423305378 249.7862212927490191 -171.3753106867546308
v 353.1702888567633067 -98.1250632552861788 111.1527575853236414
v -353.3169718967325821 70.8122608920112526 -23.1165761829985819
v -145.6970927239272271 253.8936459280344309 -108.6617417124334821
v -165.3115464324938841 250.1480966988698924 -107.2278980241519690
v -181.3211635967127506 -208.1609451044754167 -326.6944793681349211
v 336.4568087523160216 98.1459395305772091 364.4357499973845620
v 343.0032732255010615 -27.9327408797365457 307.3014878970171253
v -336.4815288181316646 168.2430307478946645 -6.2101278103422857
v -333.7022586075071331 148.2298311957849819 -35.7245285877440679
v -344.3369187794828008 143.8140746571935438 -14.4745370190023461
v 328.6087868881264171 -125.5338555510267184 54.2253613022829271
v 338.8758608794874476 -106.7107434647066810 52.5509462465156716
v 93.0642387956862649 247.1325082500154338 -170.2682990156549181
v -300.2467245584007287 -57.6621043942455458 -302.7018783648894669
v 179.0688620912106899 -216.1692081061212889 -266.9348584200728851
v 55.0904437993739009 219.0160890944937364 -352.5207581451975898
v 35.0614322907877991 221.1512797873875797 -332.4729844461090238
v 14.4107013926625864 237.4701972904472314 -231.2473899633093311
v -5.1633188843429725 237.3983932866724444 -231.3005840306219056
v -358.1978470565498469 69.0817913897487870 -2.7929281468264362
v -228.2919443563263258 169.9833293716415881 -364.3113110231007568
v -294.7142220740043399 -76.6355685933084345 -341.8690055852265459
v -125.9380925238906883 274.5538502722221779 -30.7351487125452074
v -106.1798311303445814 275.8573844697822324 -31.8678788366098544
v -113.5887822940325407 -242.5563208804094018 -229.0119612006297984
v -131.0282895334218267 -236.2372889998258074 -248.7346600439192343
v 252.5006961773866010 -136.6558185066848239 178.8015539158677711
v 234.6943415638731381 -142.1711287643709909 182.2114054499650706
v -275.1250475280569390 -177.0523995981069163 -13.2336615989298370
v -288.6571270459006087 -159.8073781753934952 -11.6576475805936663
v -302.0968956879237339 234.1449490833782363 42.9669088394494523
v 171.0767929291258440 -245.7885793083962938 -36.2815487460593147
v 205.2242691758985131 265.9608319172546089 -16.4281809926746938
v 223.4868667488808853 262.8746375292045059 -10.1632616955810082
v 207.3321240286455804 257.6820059981592408 -39.6466725358697545
v 74.0482932234223483 261.2840670262320941 -111.4519542462139299
v 74.1939329488206880 265.5682261546795644 -91.7698298566704125
v 171.5941771176154589 249.0348750597017897 -107.0933953074036253
v 128.8636863551108149 -249.3368073013810431 -346.8120602966997126
v -95.9978596595864389 -245.7805522757162464 -170.0524876494708622
v 347.3563210672474497 170.7681515258035461 31.7068589571771682
v 364.5088119689673931 138.7843799089075674 43.3156255029430568
v 351.9679911161381938 147.4560012841363914 20.7052715401053611
v -318.1734846621149586 -38.6141505299763566 -129.3417740254055559
v 217.3709267821998026 190.0328302804983878 -263.7452910265883474
v -313.2567674036392873 -124.6960689585965270 12.5050785928857184
v 268.0962023198352995 -44.9016733121292901 302.9229612152216191
v 267.9515160541645287 -31.8306090443279714 317.5038863688491233
v -58.0275590182964933 -257.8288687478154202 -75.4031495123901578
v 219.6241468038791709 -217.4932092402412138 -90.1329541577153464
v 236.0644681842888701 -206.5464332776637661 -89.6858364567906534
v 223.1193604392382213 -220.6284444050629929 -71.4725392412387350
v -258.5633821735261222 143.7187486521821995 -378.8163587533845202
v -257.3053145267433592 146.1772869911069108 -359.7872594304291169
v 178.2155405947380018 -218.2877457013654521 -366.2302909949507921
v 162.3006104677550070 -229.7570375623796792 -366.4830027501715222
v 340.1231259773152260 220.9667978099472805 95.8408532964937763
v 339.5187023971531062 214.1968543572718033 78.0523099097231210
v 326.4489959358747910 224.5568582244860352 76.0839696772136591
v 303.5251683759124148 -74.1158890253630176 252.0649600899634777
v 120.2771974520994149 -221.2920523754332578 88.6237122719216899
v 251.9066957590627567 49.0775274026249804 379.9256068116985716
v 271.8134372894468243 61.7816993688804175 381.1875681683634411
v 254.9271363694626018 65.7024555588686354 385.6970832441418793
v -140.5565570343303818 227.0422232261113606 -228.9745815857614843
v 320.5050581072682689 -85.4266070554602521 -80.1823089894407843
v 326.8259469879494645 -62.8600723046035910 -83.0776317222953509
v 317.0765966367087572 36.2734568182145622 -214.0736933185390569
v 315.3976688710268377 34.0823452131067413 -232.0585595543402633
v 314.5149748246229251 56.5881942490795637 -214.8498794238599032
v 34.2088770564521667 229.8762649557443467 -271.4833505301584182
v 252.2034763230518308 -170.3005469205760392 116.2629023700970095
v 274.6561450195353586 -160.7643921611883400 108.4767605414185567
v 237.9723660587821144 169.5536035748570214 -360.6503451532215649
v 282.4520910100195579 -102.3418512189015388 -323.4178526152348923
v 100.5409604790660012 -248.2997626017015023 -129.9799430912126752
v 102.8420431806808892 -249.8896741691553700 -110.7759263397068707
v 82.8266771284573053 -252.2129610009698126 -110.9551568007420599
v -111.1998614910257288 -254.0759713892323077 -366.8400259947470090
v -101.5072594653489659 -258.3528622592331203 -366.9111111597742934
v -97.9401819229861701 -258.6755010503880499 -347.2348972221544159
v -374.9527003244624552 186.8495127905682409 243.3027949841682585
v 284.3168785274077663 -175.5182978722966709 40.7738116918985440
v 145.3304649949758982 -245.3619884472603871 -91.4366081617333322
v 125.3147395233785915 -249.0622508353344813 -91.6314933332689208
v -201.5064950772263899 265.3968430166375470 -20.4603871401348236
v -203.1047731289910416 258.3032823534009026 -41.6805069653706823
v -240.9608383126626450 57.6982859445347316 381.7437896169592477
v -245.8156755356272072 79.1890585420635347 384.2300132315329506
v -120.4205858144761692 215.9481851590180668 -311.2980715909916398
v -101.3874530074377418 218.4327115154380294 -311.6824107079708597
v 185.0665331161904135 -230.4589236960525795 37.6671503672885848
v 166.5647219822452882 -235.3331695651987729 36.2833059074420134
v -230.4322268236813613 -209.4391202684442987 -74.3140289390051976
v -214.0285861871354882 -220.7731905739627223 -74.6822341196523496
v -322.1246617085411117 -66.8751511205181686 -69.0388707262020915
v -231.4154384882727982 -213.4628401251356991 -55.5508999526126956
v -245.8133992129268961 -196.4399398753897117 -73.6320905805745127
v 257.9921250144624310 201.2663829678293155 -121.3695328321049942
v 163.1716034167695852 -226.7905497935258552 -267.0671247496068759
v -337.3590711868454264 121.8639441322901291 345.4229443527050876
v -131.4255078446265088 -242.4777478117626117 -347.0411302442259966
v -131.1810028317726733 -243.2201484959525146 -366.5834804328731025
v -280.4512632596731692 133.5657903119815444 -237.0017740077573194
v -292.7310657761998414 120.4529934613411513 -215.7717501820008010
v 88.2256353477686730 -250.0366367575264803 15.9059845781256417
v 108.8025342682221606 -248.5822262939701943 16.4157211210519272
v 57.2092309914053700 -256.8901252468520511 -208.2145185589047287
v 76.1932181910214581 -254.0686232598137622 -208.2506202382219840
v 75.6419137991357218 -256.5623747134928863 -227.7939288785323413
v 46.2210169701979083 -241.2871711362698477 49.6616937075286131
v 313.2451461772218977 28.7997515120095287 -286.1933471744422945
v 313.4734773182576646 30.3325216389594310 -268.1284502247564205
v 313.9315772778242035 9.2217348784430708 -285.2997507403684381
v 314.1907585817721724 32.1043555687996829 -250.0704221786574522
v -209.4152188800910039 189.8637833683856400 -285.8018196699883902
v -209.8075251265213126 193.2388710619457015 -265.3158738188325287
v 293.0676819874444163 107.3434114173213629 -254.7840874587166127
v 300.9282635619716757 89.6214704372778499 -253.4633410667032933
v 313.4457620909942079 27.5263099511120863 -304.2686273504804717
v -305.8420655299715918 81.2607867558146353 -231.9071241915404755
v -297.4114448287026562 96.7541978283799864 -252.8147887745438709
v -62.5630521276986826 214.2537823925226235 -373.0579811603394660
v -43.0228285036795199 215.2664464780172295 -373.1996722645624800
v 134.2110279588054311 -237.9201304431328197 -168.8922819110585749
v -2.6637206259209916 -273.9586717570622341 -306.9090019408999410
v 298.9514170709505265 -104.0169152263158026 -132.5624910979470030
v 307.0999334993244929 -84.0699985970454975 -134.4698099078936764
v -297.1825346231203184 220.6428211800123336 -5.4850591270635629
v 243.1113841999120950 -213.0903418797467452 4.3240546789318692
v 256.7835773702829556 -200.4752010875265853 23.8627308028696810
v -44.3069790147367115 236.6746824099166986 -231.1892438957364106
v -44.0101285636471786 232.7067923626119068 -251.3472395361033023
v -63.8237754842984870 235.9142109183252103 -231.0112913702522803
v 238.2572059124660484 -164.2557719898942139 -226.8234965694514358
v 224.9157983723880534 -178.1470712040417368 -226.9455394145770128
v -43.0725232240339437 213.3839875080871309 -393.5527128184088497
v -62.5468183526517123 212.2886569666337948 -393.4007982297774220
v 247.0210682764150079 164.7213398853372439 -280.6487043023108754
v 247.2857407096838926 167.4875811436639594 -260.8127484208093847
v 260.3152121688470402 151.4827163022755769 -278.9648644718546393
v -298.4778620783134784 -75.2076153892075467 -166.9205870977276049
v -278.9003686620123972 165.7432590197055049 -158.8453123506233737
v -357.8799206527394290 203.0891583539766145 226.2640802819779822
v 317.3128150362236966 -138.7282106478901937 21.0991951737174652
v 314.3263395566416989 -145.3388414631581895 35.7192571035959787
v 112.1011055706629094 -249.4394814358109613 -247.4693441064328283
v -45.5025176743613144 253.4004426762998889 -151.3807310549786393
v -45.2280211115437183 249.1699967764826624 -171.2019906776430673
v -299.6669212053393494 -56.1326501606151211 -263.9810701357576477
v -99.2714313478097239 -255.1242179927265568 -75.7114514640817049
v 169.6602812417554844 203.9309185272608715 -368.0123721208942698
v 169.9576608380341156 202.7380455613248103 -387.5809199883379392
v 150.9980093251812434 208.9693791147173840 -369.4377494861500395
v -304.5613344949005636 -140.2107456774411389 73.1204371343216479
v -299.8119868581268861 -142.1199214874854135 93.0613434729533964
v -133.6562841231904883 -248.1184954308818078 14.7382709683509194
v -358.1290781497087892 21.8222864264486844 19.1805346857551946
v -360.6244469905697656 46.4981318033144362 16.9724217954794092
v -266.6269957587269914 142.1935924752293374 -278.7260502657515531
v -263.7041175405528293 -151.6215120837657366 -129.0954519479400631
v -267.4260648975088657 -156.1593314352257096 -109.7085306706898109
v -300.7702388439868173 -55.0257682798448258 -225.3041909411932409
v -311.6188334143059819 -115.9480709664493077 -27.8666626262627624
v -309.2026965776103111 -112.5316200932954018 -48.4367924818442646
v -300.7433822296716812 -136.7634446413750879 -29.7843646625617389
v -310.6874180750181722 52.0328457152464594 -364.2827172151459649
v 295.0082071539754907 200.4271986333901339 -38.4013243413685572
v 328.0058009854591887 46.6246199672220882 -142.7316632454516139
v 328.9419486798345247 128.4013931695173767 -67.2654156652282182
v 319.6940482581812262 150.9504661291334742 -64.4785577122692928
v 309.4618778815582800 59.9679444106266644 -362.4829047334316101
v 308.5504901884846163 62.1882176563804379 -344.2866999058750253
v 146.3229217245694826 -237.7370661754444825 -287.0153792176571415
v 129.2177543737244605 -246.2923654639129722 -287.0415768964537619
v -44.9241869423451092 244.9520107482881883 -191.1107888855546264
v -25.4251592680722922 249.5836685079071344 -171.3323401038504699
v 345.2377435365173142 8.4026596211699296 340.0185549073017341
v 367.0177189395723190 22.6340188582350024 343.5114722522174588
v 346.0057428672142237 22.2048271985752841 348.3113981819727201
v 365.6857107405153329 8.8970172580457962 335.7521670701111134
v 162.7999038811000219 -227.9752160170950219 -286.8883843722712754
v 342.7904969562507063 -87.8242537621515993 33.5553927317754059
v -271.8800496800454880 -120.3903846032110465 200.0711937437069423
v -106.4106183037675635 267.4441157371675217 -71.4035307214818715
v 237.1144719491658179 -183.5742438441912157 -147.1397421868652202
v -334.3291259307845849 -105.8343192896001028 79.2228988744877114
v -349.2937911691017803 -86.7139074779733647 87.2841163305303382
v 193.4184609423546135 -213.0297198120436519 77.8149333811150115
v 187.4107860781393242 -206.0609974779504796 98.9126908773375391
v 157.9730414660577367 -234.8654850889993213 -129.3823484791514886
v 161.4553759071913248 -237.6196957821774447 -110.1431884999917372
v 325.2236554198447607 8.6721099609399843 344.2686490662164260
v 305.5476810951407174 9.4637345635442180 348.4660283836501549
v 227.0691996468843854 -224.3783665699412779 -15.2384229946443046
v 96.9735035495864821 -247.4725389453104754 -169.1390832143556793
v -23.5867740988462913 220.2545484176650348 -332.6186690989290469
v 346.7974239410916084 36.1498165536501830 354.6349427724709926
v 293.4238865545574413 -151.0037700190324870 101.8273423854017778
v 297.9385932435120594 -153.3831162892778650 83.9851257054868938
v -335.2898539167746890 -48.9982205194234908 -29.0540244951349251
v -340.2974044380900978 -25.1309021276029618 -33.1847914219700186
v -197.2570398860872274 -233.8449537127685289 -56.3400251553879556
v -232.5303573855946411 -205.0667636192312102 44.6964348658558706
v -297.9574827283760783 -149.5813778313529667 30.7797167148881847
v -300.2953859480556389 -145.3556343350087445 10.3154957681002024
v -286.8481294024131216 -163.5288063710319193 8.5671201923157501
v -101.3912269108619455 215.6320358843333338 -332.0958337166044885
v 75.9075846195538588 215.4076184209226312 -392.4469790828601958
v 276.6907781587557338 241.1018105781381848 15.5015179762173521
v 253.8850398308078127 259.4059210887868403 20.4573520432010696
v 259.4316395417517356 259.6038413572561581 32.8570009531249099
v 356.8003845959873956 -62.1830110673970466 248.2289170495899953
v 338.7417175821128694 -67.1869174756176477 247.5950610162676924
v -5.8160818743043992 258.1972336704064332 -131.8163364780758968
v -25.7770857462507657 258.0067214345846196 -131.7717684757329266
v -25.9062171401360786 262.1834541057716592 -112.0837336342657835
v -192.7868612639896355 -221.3437688297649402 -112.2276611257031362
v -338.9888783047837251 73.5887106589391493 -80.0022798186861905
v -336.1340501547031749 49.7464542805329302 -97.6131901638604802
v 233.0770741885295365 -62.0708572469849003 290.8953512925980931
v -136.0241189896049150 -239.2252620601317119 -131.4022853595347158
v -116.8407089488598558 -244.1623663841953089 -131.4444572327194578
v -350.6858224035722742 194.4259733501590688 50.7153515693718475
v -368.3124273947329357 192.7620613272020194 75.2676883439785342
v -350.7789519568552805 202.8207918882554850 65.1579401995978742
v 239.6675475672539903 -209.7859000608683289 -70.9318127611994242
v 242.3761519354538905 -212.2289933505939814 -52.0979180936673671
v 167.2248755330791141 208.3630186634856898 -307.9663338674524766
v 168.0623027061355685 206.5185583084564485 -328.1786417687391122
v -288.3720675470438550 223.7507404724303512 -14.5162296663554518
v -254.0996331646697968 255.8998450012438184 -0.9892818584589407
v 163.7033843479515554 -225.5183849201955297 -247.3100813883828550
v -330.0478022218410956 72.8093297147406702 -117.0969150591030115
v -5.4870072299885564 245.5948123304678745 -191.2684541841657904
v 132.4069224123492745 246.9491644339252900 -149.1037693868898941
v 132.8712523077271896 251.5918044521860963 -129.2583887306993518
v 151.5983794535173672 243.3753577621764919 -148.1993105006320945
v 260.7194990610684613 149.2526688463305504 -298.5394825331657671
v 274.1990035116320996 237.2684631830676949 1.5571644689581388
v 5.2470174230172644 -259.6199153903592673 -38.4241674393436341
v 346.6491834171694109 130.4552452613609717 -8.0041895820768829
v -332.8527509499446069 -95.7827571482783355 210.8112835986445077
v -299.1664696629011928 84.2312880410084830 -349.4752779850942943
v 225.6671046699493388 -223.0110753690294416 -52.5966324424658183
v -340.6690041350447586 -0.0354876712204536 -56.2018483739303463
v -343.3049458865215229 24.0606760310177528 -58.7847158645524388
v 290.2437239680189691 -171.0711420578610102 -14.8841153631148480
v -318.0251842349638309 -10.2133807304738689 341.1779619359946309
v -340.9305416326649265 -11.3188174458456139 337.3534203155805926
v 344.5102387885943926 -53.5522786378661806 -6.8885518460075730
v 145.8096508911348224 -240.2057381439341839 -366.6625526950945186
v -230.8716170080707855 -48.7116185124211185 313.8895651465833794
v -252.1118443504927313 -37.8669825471487584 323.1507640850647931
v -297.5362831578461851 20.6091374654950670 361.7421813396525181
v -351.3187199852312688 -98.7264217869000760 173.8147299117710247
v -352.3310046836091942 -94.9120038121795631 190.9138270687485601
v 330.7086746114223956 236.4825328191700748 171.1524706750397513
v 329.7264014307512525 237.3988725125040844 152.1700159996977959
v 365.4748114391056220 170.3477906004790157 64.9767928352360968
v 364.9841241229872253 155.2762080823476083 53.3103594477289420
v 248.1036194623578410 170.8754382088630450 -241.0950015777802378
v 233.5270872121870696 182.8170869979352631 -242.4459391971871867
v 234.6563030134863368 186.7406686235558766 -222.6773944160037217
v -251.9291994054070756 -94.9480455882678598 251.3748748923948426
v 242.0807691134737922 212.9730713251946383 -122.2652059114492999
v 240.7394759139286862 206.9202693618327658 -142.6955615661343586
v -57.7979000223521666 -252.9169437476561484 -131.2631501264138194
v -57.7513552134536567 -252.2378208409863873 -150.3848997768205606
v 232.6588098762184700 176.6444586089191944 -282.2908514854140662
v 224.4321197340574656 252.6072440539556396 -35.6865100051002386
v -82.1435157457687808 220.2103997379247460 -311.9209054301861102
v -82.0826141296639094 217.4240609462834470 -332.2896006945329077
v -357.5788470240085530 115.5553953167737831 0.9605283085602471
v -185.1803292834630952 250.7750239253763311 -85.3723247461549732
v -185.2104606076277662 256.4150327380050953 -65.1815820072923486
v -165.9062257540792302 260.3329235568749027 -67.3708453481901017
v -23.5429099594435414 214.2293219073657440 -393.6180472734564546
v 275.8994165687661280 201.7001622164398782 -79.4474960475852896
v 189.5365320286011297 -239.1893999937302908 -54.1597073633475716
v 187.1125079334263432 -237.1849181464176297 -72.5389764585925150
v 255.4868322053378620 -172.9127270579004119 -127.9124031115527202
v -37.9062890492151325 -255.3659075538194827 -112.2778200960819674
v -57.9946571697926245 -254.3111115306260785 -112.4011408767585891
v -65.6991908328905510 256.9701958962227195 -131.3821578746056105
v -45.7411821223919617 257.6209446401105083 -131.6380644687039876
v 283.1483462401706674 121.4508714331552142 -275.4253024793254099
v -278.4847999950043231 121.9731676864192025 -316.0023120963618339
v -268.4669833393275553 134.6148356251952123 -337.9516538954173370
v -279.6908317035676532 119.6195997723676925 -335.4117569876993912
v 270.6081244196309967 -136.4819194330266896 -168.0502821248584837
v 255.5443592728782392 -150.7523361993627873 -187.1482302256268895
v 267.4471708018442655 142.1261114878108458 -374.2276116734407765
v 111.3657534997468019 232.7719870434586085 -229.5792048433534660
v -332.2055165288222156 199.8866518630376845 27.3006969190901430
v -24.7438449016098971 237.1433852410083887 -231.2809357715244687
v -157.6000040916081559 208.0973278753245665 -309.9351533257935785
v -175.5545592935578156 202.3946802529512468 -308.9112074655123479
v -157.5137434419120837 211.2081824259614109 -289.4158214083664120
v 198.2154715816340342 -223.3067976426403334 -109.4690774968112521
v 183.9101412166883165 -234.3779127407865985 -91.0049854293651634
v 43.8921541461548443 -256.3709239937507505 -92.6236505467177409
v -253.6995195307322604 -194.9263849571112530 26.0265951746902537
v -251.8488891431206014 -83.7317849663621274 267.6362852956571032
v -374.8447147703985252 93.1507939695913763 339.9140836760031448
v -108.5186928016874788 -233.1716813547934350 67.6991150428668504
v -97.3630143119988531 -247.9927385855609998 -131.4399844582907804
v -369.4256290661580238 210.3316184766539436 134.6552703047402417
v 164.5086434870588334 -224.3222372444098767 -227.5837084803841321
v -292.6403922553040502 -74.5649236296142846 -283.6831622682863667
v 326.4873939056353720 37.2954183840366653 360.0096202163123280
v 327.6053878353769164 52.1767582308765654 364.9229629262235335
v 308.4664259905169388 54.8144296880894260 370.5832589657252356
v -295.3019925565167796 -23.2101450266272487 333.3074763609466800
v 55.6052721167614123 217.3122216178233259 -372.7506376603112130
v 35.8010300030561339 217.3019781656718976 -373.1268299381524685
v -262.4016016978850416 175.7895596607506832 -180.1806061173979003
v -15.5262879613904978 -259.7886627863272224 -38.7527566179081475
v -36.8711812206051519 -259.5036032874704119 -56.9959255769659308
v -16.1327632271443484 -259.6325549716688670 -56.7297954984591328
v -285.6293982093112049 -91.0491041574909730 -206.0185460563639310
v -81.8992203942163002 210.8467862456722060 -393.1487254423321929
v 318.0987653678643596 184.1360562608228975 -15.6580650812213502
v 296.3987208399790916 208.8316815590914075 -18.3006760588551707
v 313.0455885538277698 41.8424628327557997 -360.8104065809909571
v 312.3587780661086981 43.9995681235758767 -342.3215545122432104
v 260.5703599887119708 -134.8655306383744232 -305.1297961699463599
v 271.7692886097065639 -118.8860547821917493 -304.7435401496405802
v 254.3376286933104211 237.5393855198909421 -31.3661293908776493
v 290.3423446506228629 -146.4512444248639156 119.8823353345670029
v 271.7547121573273330 -118.3570693350277310 -265.9800808214923791
v 281.7482280697911392 -102.0534770747092210 -285.1181241501750492
v 281.8939726258401492 -101.6323573751512725 -265.9321582383278724
v 53.9893026447118416 257.6879364178258243 -131.4730510406742781
v 73.8646698589304123 256.9810383806636764 -131.1556437981814724
v 373.5272830237207131 88.7031289777095964 349.8324609716136138
v -309.7540458969177735 -36.2025962902958227 -359.9351804704634787
v -307.6938939821623649 -39.8247947871692674 -340.9538439887286927
v 252.1807929670206363 -146.2340153489278691 162.7046777148035801
v -79.1780463318071952 -265.1978644577899900 -347.2307439316135174
v 331.9967138404259117 -39.7637633807349928 -85.7496352176033838
v 335.9162420142205292 -16.2994364738097168 -88.1494384405371392
v 324.4259640553288477 204.8058650893865433 28.3847057502708893
v 326.3972994492860948 192.2238707505218258 13.2652905038183988
v -101.4506509139859105 213.1987866918993859 -352.4193220108327296
v -82.0618975963167543 212.8866109980687042 -372.8729999893245690
v -146.1356642308542462 258.6353658869878132 -88.9002255767807981
v -146.2526552370045749 263.3965144598657844 -69.1363133119698858
v 308.3849975346232668 -44.7173810282473525 -210.6507429450434756
v 313.2370991767988357 -24.8773592150804639 -211.5160650550502623
v 323.2088702171517411 -40.5142510008338803 295.5952787654834424
v -184.5805382196735422 245.3472722206803098 -105.5132279985265313
v -334.4244918712819299 73.5429945113745305 -98.5226010503785972
v -332.0685777474296856 49.7612803296994386 -116.1410192669153219
v -14.2788256821007433 -253.0791017884390044 14.1913145525002147
v 205.4777796408386621 -229.7688984017129030 -72.1321137275259900
v 202.1975986296872634 -226.7244166287588598 -90.6759170249690101
v 215.5456953636653168 -213.8896306637014675 -108.8786712722247358
v -253.4874021970004492 240.6206079399377700 -30.9862630483271317
v 73.6120229988743802 222.8716406197637809 -311.5643614114423485
v -5.3328911976930069 241.4521246610705987 -211.2432258149004554
v 311.5841095092546880 45.4052697740876283 -323.9565024500037680
v 353.0089095579568834 84.8206010316665555 -16.4024625397097488
v 357.7247712897444103 83.2514609088530477 2.9418076385241161
v 353.9473535427754882 61.5978962947016129 -18.8791016376505567
v 293.3095512582241895 234.1003211778063076 253.2361880225035975
v 293.3654809063257289 240.1016862352382759 234.4674680680752488
v 279.9042669083365240 244.5474642754079468 236.0853344757084074
v 324.8901941119918888 124.4157817503132151 -86.2481898244579668
v 186.8334786929511040 -214.9502173323605518 -167.7692960455706839
v 184.1221986471911691 -213.9100376970323509 -187.5927920554494506
v 203.0785355147085056 -204.8429651558530509 -167.3191432477122476
v 354.6621188706738508 93.6890344656290353 357.4240371126442710
v -349.6482186070891203 -100.6403998391323142 132.3632928939265980
v 305.8712384024729545 130.9863672570243978 -141.7120304176551713
v 363.9727579407866074 120.4589638164937213 34.7766198927504746
v 250.5849709476431428 -59.6361204576985457 289.5829114816665992
v -358.5743987537648536 142.3536539029987296 316.9540545980085540
v -359.0989912974720824 155.0865744272171014 303.9405173977476124
v -376.6307495094530395 134.9628733854273150 309.9841941025652545
v 6.0328217405372948 -256.3769941876182656 -3.0037875127501890
v 319.2864267528812547 199.5295886829762821 300.0009615777388490
v -224.7006259739794984 -167.4316614794338989 -247.4647115900602614
v 288.8284303129706814 255.2601384192268483 115.3137157395523644
v 302.0247722002611681 248.6602003303274273 114.9073322343174937
v 324.0811411017173782 0.3029231409249085 -158.8074535099234481
v -240.8013160139538513 -153.9071896716675383 -324.9964225046731485
v -226.8233567952505609 -168.2977024281881597 -325.4627092388636243
v -311.6779778690281546 -130.8120488607635821 32.7993341113836436
v -324.8273156893314422 -109.9295136823070607 36.3379376522495363
v 182.0636840873605422 -213.7967207555913092 -207.5015902633610096
v 351.9451879536490537 194.4211810918426124 67.2000812101806417
v 352.7475717377665205 203.9745280779405618 83.4391277412994867
v 278.9076968236879566 256.7086583986024948 177.1015801490794672
v 291.0929920126656612 254.1892284274443909 155.6827413456548470
v 278.0574703273779846 259.0572443607791797 156.8603589559502325
v 200.0117497728399769 -203.4933254397401470 -187.2852888134773082
v 129.8624928269736927 -242.6975726942867198 -247.4742961066931741
v -226.8652690877764826 -189.1761542032041916 96.6830128246377427
v -214.3794993023574591 -197.9222253081533438 90.6783131541272382
v -201.3578352307015393 -194.2784516649843738 114.6293812519634514
v 343.6529037757816809 230.5016946015269070 169.1291792138350161
v -248.3494822817346517 -160.3631203981576903 138.1133639058897984
v -274.9872900692020039 -154.3817829869398679 114.5070189229501239
v 130.3138836248972154 229.8375475020960153 -228.8742636450038219
v 130.0070193507006024 226.1149012741355193 -249.0019083160331945
v -353.4260756444037384 -90.2844893592300508 207.9094114460908145
v -256.9447370239165593 -144.1946997739775043 -168.0790356747571934
v -343.6802595836713863 73.1940432269008596 -61.3833978076188060
v 331.3477022901778355 -105.6281223916633962 10.1343484037384322
v -14.9892505218676924 -258.8390768009228395 -20.9134152929831281
v 5.7290749302142467 -258.6301942415546478 -20.6172537290265829
v 357.3825241749780162 -58.1252412169801076 256.0569112675654537
v 358.9551836124926467 -47.5676864845417740 274.0799558279543362
v 340.6171279387692152 -49.4681763263875069 277.5236726541545522
v -339.3182262575816708 136.0478706198858276 335.2917907878442634
v 190.5034899504026384 -240.2333934679686820 -35.8055177532920581
v 190.6260319891028132 -239.8870929013762918 -17.3486140733206504
v -64.2033473026399690 240.0338957478035127 -210.9061703133102128
v -66.1563173649865632 265.3702260152382451 -92.0878760669387475
v -114.1821038090948832 -250.4100335513497839 -327.4692277959608191
v -131.4845524606337506 -241.4878469532711449 -327.3869606948617843
v 296.3549914828415126 217.4972626920672099 -1.4376774949346789
v -295.2232198104401277 -141.7628283558095177 112.4786157195411818
v -316.4847727023703214 -127.2234960108201989 93.9814570697115954
v -5.7233042524915225 253.9951419656282212 -151.5620381612843062
v -85.9795438103350307 260.2267750351655877 -111.2890174634546696
v -105.9603656671942105 258.7852437658347640 -110.6658641403724204
v -86.2294201460518650 264.4700801614652619 -91.6669560448106466
v -238.3070653667001011 -153.2932814135874366 -266.5176124626540286
v 234.5405300396581083 -95.5846172346361556 249.6672335123002142
v 235.0024438381348375 -108.5377919478528383 231.5713466255012918
v -259.8537376607159786 255.2785087427732265 4.8211716082915048
v -258.6322908545680548 255.2835406140055170 2.7902125337804482
v -210.1685019842078077 184.3300229161811785 -326.5217983267988302
v 244.0981501227549018 -213.9953997982940734 -14.4240585647357502
v 92.4341766335311377 224.4622510582221366 -290.8242661275707519
v 111.1922537809483771 225.6048252795784776 -269.9646838696757527
v 94.9191023448107956 -250.2318414129498194 -208.2622814001253460
v 95.7700277121252697 -248.4731824495279966 -188.7176948242639014
v -355.5754034993310597 137.3325952035538364 6.4467056292309817
v -367.0575745545708060 131.6568840664675406 28.8914071962634225
v 206.1950609043531415 -228.4522453970115521 20.6103848254396738
v 203.4544682118909407 210.7517397890626398 -205.0313408431754567
v 261.6896717894905464 -134.3119748834671157 -362.8629308179260420
v 324.9173502424517324 -85.1966485433711540 -61.5779634952666370
v -373.9071893017572279 195.0790782877191134 223.8423924127324369
v -372.9015738295363462 201.3498481335074644 205.7490613970356321
v 306.2973899732631935 67.0611706141683186 -289.0546448732500835
v 310.6758567518297127 48.1583572817228358 -287.4581838860970606
v 310.9548660245619658 46.7084170966273646 -305.6743564566388613
v 290.8598486455704233 -101.6956950559003303 -169.9992935821582591
v -137.7961164053408822 -252.8594765833447582 -21.3384886056521488
v -139.1748690907262187 -252.9274268127233825 -39.3907659417713845
v -118.9664349315786893 -255.7652025102945856 -39.5636067250513079
v 342.6127840436823817 231.0219940804923624 151.1153996861912674
v -23.7823481575148676 222.9289680098742963 -312.2609960287101103
v 353.4575448073484267 -91.4779813251986837 175.2584776005732010
v 302.9522738619239135 126.1976332472123659 -160.6542301231389729
v -270.5029343495849048 229.4461398041000564 -29.5134423257384952
v 347.3726147455233786 206.1188639971216219 259.1955209809516987
v 333.7344865446852396 211.7417005507830652 262.6548925176523426
v 333.5251447272283372 203.5874533801723771 279.5051117260622959
v 289.6122041606259359 199.8847349597110963 323.1165793090740976
v 316.0453026470089526 13.8744471800584765 -231.1910010571191094
v 331.6849974046839407 234.0454697878259651 190.1029769616054068
v -123.8851689320959082 243.2976233387350931 -169.3596868388562200
v -124.6510716497793680 247.7254503779610673 -149.4186207582805821
v -104.3721912933800411 245.6882014644096728 -170.0740528118948589
v -49.1505095032358952 -228.9336277448988426 83.4940789699947601
v 292.6244579964018158 -83.0773521738935585 -227.9646930165418155
v 291.5321026486532787 -83.6364090419932893 -246.9267007230669435
v 300.3922694370198769 -64.7081368372416676 -228.4726723980853933
v -78.0979911137375211 -252.6492561851965206 -112.4974652689192141
v 357.7612723239213324 61.0511545320879989 0.1396144589525455
v -272.8345077947382151 181.1660941046896482 341.1715722582393369
v -274.3974629091620727 188.0590787896399263 333.1796828058413666
v -62.6486738096192397 218.6988815294307926 -332.4188319271331693
v -82.0776221939176054 215.0189662714586234 -352.5928017618882109
v 302.0060624250840533 -64.0257891400797945 -209.8192861271395770
v 294.2948994713150341 -82.6784765400211228 -209.0145062138639389
v 344.4305674940834479 -5.0612799737367711 329.9381992805953132
v -3.8002383812331426 214.8904538776058359 -393.5968015949201799
v 35.4246155840741821 219.0670667423349585 -352.8349705488127483
v -3.1496094438032598 -275.9444837646836959 -326.8507069892511367
v -3.8103745067660069 -277.5190201700389707 -346.8472035243536880
v -226.5750778789725359 -218.6571289788487320 1.8339972577050052
v 111.2636783976064407 -256.4497965785423048 -326.9312169289674443
v 93.0893582163616458 -262.8290711397122550 -326.9601302208100719
v 111.1764992317330467 -257.2287781678811029 -346.9069470113654461
v -271.8995981004279656 -131.2881197890168039 -148.0162462329437290
v -0.6151649779042243 -260.0766575434028027 -208.3207469515860168
v 18.2590520506185783 -262.6915732615161687 -227.7956860399150401
v -313.4769117700511174 21.0321253970060695 -246.6575355476263951
v -299.0602612379628908 99.6738512560620222 -233.4502313694370343
v -5.9565661780607382 266.5046134619706777 -92.4546435700909655
v -6.0292649863180552 270.5851415474550095 -72.7939246010275980
v 355.0280077931346909 222.2131443915977229 135.0536667127810233
v 355.7019590543712866 224.1795677207805966 150.5588587537076535
v 16.7934259554242971 -273.7526246171979096 -306.8315270981173626
v 17.1295529569657248 -271.3848496540124415 -286.9511629562167627
v 219.9171933999300279 -216.9366683077575999 41.1522403569541240
v 223.6698511455973062 -220.5401869810683877 22.1469425836370810
v 15.8059761373842473 -278.2827663714800224 -366.8695782543650807
v -76.9176079710386915 -250.3903253890233884 -189.4334984747974886
v 5.1363405915940579 -228.7832307047342795 83.4771463239433018
v 317.6952572176193144 15.7911483722398209 -213.2280194676297072
v 306.4342688514267365 68.9106478646226037 -270.6180284201516315
v 148.7898564994194999 -231.9160298049118580 -208.0642013897121103
v -342.8700085088178184 202.6336741687411518 247.3027332589643095
v -342.3145058989694576 210.0884113670941815 229.5809620047361648
v -348.5436030651476358 47.4631378782391167 -41.9006313640395689
v 15.2358296840241021 223.5872645606104925 -312.2464595118169086
v 15.5112422670511467 221.0231867161374737 -332.6379978741387617
v -4.2702291317473788 223.3411022250889175 -312.2873534494506202
v 317.1580650280884015 178.0158431971429991 329.9030560529413378
v 360.4837143380100315 -37.0415210440761768 290.4333775908924054
v 326.6889682710709621 -127.2923248208902010 74.0191453105996970
v 338.7939931332481365 -112.3822114564086121 90.9329418126745566
v 282.5199813361692804 -101.1352604135346240 -246.7225505187862211
v 272.4317983542126171 -117.9734390729245064 -246.5931595442420985
v 225.3654519766718636 222.9225583643760444 -123.3877125511055226
v -36.2761824151320411 -259.7462313324836600 -39.0016345664757296
v -57.0254628607767984 -259.4471544780512886 -39.2463592245023918
v -315.6744417565447520 3.7186239757329314 -207.7988700209247099
v -312.7850494433567974 -16.2874558280185973 -206.9381804272904901
v -125.3300148467622677 252.2086080329990523 -129.5692465534930022
v 251.3918674416752310 -193.8705506112826242 -89.3689084401295020
v 231.8630553827721315 -202.8615260839453072 -108.4155793769118930
v 345.0377066872915179 108.6735126969232681 -32.1670754975001500
v 339.4052856169971619 132.3841492014746564 -28.2091493539449765
v 350.6392576269307710 107.8079010546431817 -12.8124220929139749
v 276.9202075256557123 260.6368725405956752 136.3376724577015864
v -195.0546976735341786 188.1002722434184022 -368.1118913519325133
v -211.0751573221940021 182.0209930528581594 -346.5986450596738564
v -194.1923507572321626 190.3766348792176188 -348.2260959839399561
v 133.4840224044571357 261.0761628862701400 -89.6134733562122818
v 133.2278761974429528 256.3097028937581285 -109.4510266571526245
v -313.1522562368547256 -93.5662677898202588 229.9192954418774661
v -312.4996904283552794 -101.1285312841486075 213.1623655286943517
v 261.5684076863414020 157.6061042370901362 -239.7552458944450109
v 262.9388138551589122 161.5004930224664008 -220.2929264196826011
v -330.4009916597633492 97.1075869437321302 -98.6468802827185129
v -309.4227610730502533 -20.1466539623512979 -283.2133612113304935
v -125.8829615855085393 256.7223962057763060 -109.8083693856158334
v -281.2626724636199356 251.9930362797307737 178.4216875733172571
v 272.9279967673949159 187.6620601558651344 -120.8927031296183259
v 286.4174451539652182 172.2368888449516930 -121.2372665025710035
v 227.0525265814917475 -199.2852633798093223 -127.6660810340872416
v 348.4987954498888598 85.0507192856995431 -35.1317262339993377
v 164.9264485412812462 -240.5203698701520523 -91.2883676378111772
v 220.2582025146313356 -201.2121705456244740 83.6410415583658562
v 206.5510258585503891 -198.5102753390675900 105.0221812630343976
v -311.5226088608602595 229.4011724468973910 216.8476121740436042
v -351.1981148176006400 -52.5524038917535918 50.3739830352968028
v 310.8722794395751521 49.8562394274334508 -269.2607011229894169
v -43.1372436709847378 219.6051974157862219 -332.5245810939827606
v -257.5501190557419591 218.8824849261797567 -77.0673410837489854
v -294.1588193028708815 -59.3313128610294100 293.9176688708385541
v 373.1298450673432399 208.7949409119986228 214.1677813234853431
v 322.1216066438644248 65.5111046778414163 -160.7333023853603891
v 320.7859044123551371 90.3773443560470042 -142.5902916251163788
v 340.0837096526624350 107.7455218255574039 -51.0575188131663040
v -62.5971220891671862 216.3303278242688918 -352.7386461566521234
v 283.6555069442518402 -100.7747128623222892 -227.4985660242952292
v 260.9350907820797261 -134.8853785749017220 -324.5336500932480703
v 248.7882734338345188 -150.3143737085968326 -325.0293293451127852
v 181.3669096958918487 -224.8676960795366995 56.2366721176965427
v 234.9930589989317866 31.2175656391159251 372.2359491171246191
v 237.6645433329222215 52.9898322453947017 383.4322619637881076
v 347.2022898978596004 213.3258813760002113 241.9762978821752029
v -63.4755679982510088 231.9243763214796843 -251.1908521730431971
v -212.1252010225568938 179.7553231434275460 -366.3608001631021125
v -229.3780498005205288 167.5220354841849257 -383.6225146189511293
v -270.7335617810639974 -160.9436226222235291 -90.6402945714834090
v -336.7555661228606141 -23.7923170532002324 -53.2352807341045775
v 260.3903108502144050 -201.7173744108931146 -14.1676727448057331
v -251.3394720840820753 -134.9235369317464404 186.7755522705510316
v 306.7237212537402797 235.3553736953982991 232.4147840891963028
v -311.7475654533315605 -1.1423545761835134 -283.6451436856424948
v -267.2441787266566848 136.9322519405720016 -318.3949269318208621
v 232.8186716265580003 179.4271832390801933 -262.3259838552000360
v 352.5618317925181486 15.0901855126829965 -19.1639215235915046
v -356.5878080041669023 45.6985809427330310 -3.4045800499492009
v 188.0297461751946742 197.4528635415431381 -366.4790092015745131
v 205.6637791667458259 189.5641873526356562 -364.7627417565102519
v 188.8900963171981573 196.0433605319605590 -385.7892543457616057
v 206.7772204510867766 188.0831199521941244 -383.8150036613284897
v 335.6927630347301488 105.2585693883647338 -69.6918957927902056
v -25.6128934916513060 253.8000371489197846 -151.5166714492219171
v 168.9766056896850728 205.0930212012567608 -348.2082048862251895
v 149.9424545277544212 211.4841965372458787 -329.2909249239869496
v 261.8673048310869262 147.4092667816795199 -317.8620278070317795
v -270.8999529833596966 -143.7692870096777540 150.6332984995565027
v -37.0274088417213818 -276.4772231475289459 -366.9397049677291420
v -284.1508068089998460 243.8391085930078646 28.6984389280544150
v -319.8261348780283697 145.5548525067721357 -77.0585552768354916
v -368.3865875921799784 199.5446643289301107 88.2908100608723743
v 319.8195255551002560 208.8202600101038797 283.3871604462736968
v 221.5155912581526252 206.4451169497568515 -184.0361376749249303
v 306.7912920960021665 -45.7101672256001947 -229.0456667507888255
v -176.5735331858357426 197.3263479219888836 -349.5783115388979354
v -177.1968262831188952 195.0561752865150709 -369.5920602039396954
v -214.5009431151934791 -227.1405843280564909 -37.4425531941910137
v 327.4972625071120547 -123.8746259637997156 32.6889524281614356
v 321.4949389980167780 -135.8885080631209235 37.3839279007864533
v 46.2634534159772102 -234.7086384678505340 66.9464110032966033
v 63.6544140802337353 -233.9617051060030235 67.4016755433592607
v 249.5412969572925306 -149.6032125583072911 -246.5014676684540404
v 261.4098039038099159 -134.1249570026677134 -246.5236717986535950
v 250.8582694458816320 -149.5367798773955315 -226.7618361791131463
v -286.1925484647229041 -94.4279957060897175 -342.4859289724973905
v 281.4957958629722157 160.9127225399539327 -160.9630113006621741
v 235.8626142704514450 -165.2173985243186678 -325.4804405946345014
v 340.2013995298172517 81.6669955432983841 -71.5423464707150174
v -147.9641503914953375 -227.1268465208826512 -248.7726786265630778
v -328.3477086485948462 26.9435950515266924 -133.3699866242686483
v -330.0238808657447862 3.8552070817035355 -113.1579982068697490
v 299.8978281852202485 -161.2682182521910192 38.2419018813746945
v 309.2218656108761365 -150.2396144788602044 50.1370857325203403
v -241.9078284914789378 175.6838104939010350 -241.9579275586287963
v -308.1878959436162972 -35.8651464257816244 -206.3643873648676674
v 336.7896310923933925 -91.8556112805348590 195.7211011279223669
v -158.3404479369854982 218.4572518715668537 -248.4327477699829672
v 353.9680401245081498 -83.4479135482129664 71.0214279917170188
v 270.7314452003075758 181.6355856616292499 -141.3441447208957698
v 252.8276879365122909 -149.8541871198883086 -206.9464870083723440
v -299.0297105911955100 225.6719368637517391 10.4861001641657836
v 116.5563283532645897 213.0779419113529229 -391.0118574590276239
v -313.8931593403206648 88.9044138108719437 -174.5976251787348872
v -157.3622881113693097 -249.0852337075104685 -20.8996774858093062
v -257.6463236414446669 -177.0193929189523487 -91.6743041742292064
v 193.5408232713679695 -205.9641339567292562 -365.8943536869677473
v -78.2854982042400707 -262.5754808038001897 -307.5217720376298871
v -96.9059127395815665 -257.8192442956965351 -327.4636368279249723
v -82.2851569306343293 223.3919001632432639 -291.5534881013904283
v -101.4919841419652897 221.6193835861897128 -291.2713838284954591
v 293.0120718232305990 144.2708567457230799 -160.7144528359823425
v -292.4341853734958363 -73.8801099161937316 -264.2126959543859925
v -306.5400779215053149 -40.2040870571089570 -321.6913616857622173
v 92.1967901210515350 234.8139283766115284 -230.1609850029703637
v 305.0954516520118318 -47.7422744453329031 -265.9981316611509783
v 299.3177452837571195 -65.4914414429367469 -247.1701474455425398
v 298.7309532206509175 -66.2846101136665027 -265.9272062380675266
v -263.0747742171452046 76.4039877021017730 381.5690319303527644
v -337.8162526302346578 227.9635748229346461 134.6696470796895824
v -196.8026539267159478 -236.0942800245657907 -37.9657080604033510
v -287.6573421546314648 -152.1547007408281331 -51.1728524966488365
v -255.1375165095547004 23.7036715062013563 368.4292985944253473
v -237.5456953266742914 39.7947882613982529 376.9483364616327208
v -275.2789988264728436 259.4376698001332784 83.1043086269235829
v -272.9468862522589347 259.1202425898974866 64.8592227645392114
v 114.1837411640196791 267.7016596861906805 -70.7677577848329804
v 113.9519156679614582 263.1609549958693606 -90.5674522450733832
v -305.7873738819350820 -39.6204399135229437 -302.4036401556624583
v -303.8040578421867508 -55.2164053140603102 -186.6645316195532871
v 240.1038227837377121 67.5077142424821801 388.6248335916043857
v -126.6596668521469979 -230.9343157210443280 68.9169876230204039
v -135.4846904128596350 -221.3554499594112883 89.2569293374684776
v -176.4631115671275552 -243.8857931761072564 -20.2961724218245045
v -244.5255995968391574 156.3592285102505741 -381.3167994009636459
v -341.9215806525065773 2.1148260910167855 345.7082434644776754
v 208.8798836906576923 -192.0258706110805349 -266.7885347994773042
v -311.3203955276491115 38.8504338246560224 -266.8616966097750947
v -245.4903410991692851 184.1526694229866052 -201.6170165346494798
v -228.6111287279448163 -168.6301254134058354 -364.1461378531271862
v -331.7246134067665366 -47.0578451109648128 -50.2123241880885942
v 272.0987164334764543 261.7608967287187625 83.7237878852965451
v 273.3813244363880131 261.9038258330068629 93.0952087650563129
v 287.3445274930252822 254.5382246393398020 95.8597028458718086
v 312.9900582605858972 222.3652386899160263 41.9359343336374124
v -299.1553675978014439 35.8941870119857285 367.3027984061720872
v -34.5093616367650142 -253.1383061463901356 14.1508998406981625
v -35.0520499475526250 -256.6551248796591835 -3.3533028859631973
v -114.0767140616189863 -249.0660247387586992 -307.7088298539152902
v 24.4753910770131995 -258.2989493531731000 -74.3710568129709344
v 109.6380046024660686 -252.1479659975529728 -1.3042929717935170
v -359.4110072493588746 166.8806715795001594 289.7576691682731393
v 286.0621591030295008 -87.5389047310215318 238.6734734504785820
v 220.6782439560680871 181.6823900511865872 -343.5336763824170134
v -165.8113789748995259 255.1976992869121261 -87.3096750415514009
v 297.4324109588371243 158.3511306794825657 358.4997393627431279
v -227.0890675511546704 -158.4376509098374584 163.5337384035492505
v -228.7503238642946712 -152.7768456928896228 172.0166745914393971
v -250.3974139377831420 -144.2862219239501940 170.1585563002082608
v 272.3936200296249126 137.0337978975232431 -277.1947639917022457
v 272.7078524009830858 134.8022728285973244 -296.5666695262276562
v 41.3736526750455624 -254.1585579742191214 -130.4423960187499745
v 190.1689503844285127 -217.0077934082708850 -148.1033055923592201
v 331.0753422758596685 -62.0427476567974807 -64.9128960576834402
v 366.5733967226655636 192.8301712985245615 90.3029195860054017
v 365.9834697239106731 182.5647346620882558 77.0804399231472814
v 361.5660458787800167 59.2972778431111252 20.2040013202048030
v 289.7466869096312507 57.6530190711872734 375.9272659563413299
v -22.4162924607002445 -274.9798820365544998 -326.9732290602083253
v 277.1156517939948571 151.1264118964475927 -199.8553823775228580
v 336.3407162946000426 78.6283493432317755 -89.4224219913298555
v 332.5834859357891560 75.3097404107053734 -107.1732662793444462
v 289.3967122783295736 -145.8226998111756529 -91.7984236646252327
v 259.4655248015976667 -201.4659206234804572 4.6973716017832405
v 282.1861206734566849 164.6307162837988756 361.7658231473469641
v 267.0506912971300153 171.3560717663883963 363.7357607992952353
v 278.1923923667289955 149.8620643944959738 372.0471341394564888
v 291.1726034039476758 185.2053688331665455 -80.2476434444883751
v 273.6319595463382939 -117.7618608682532795 -227.1570377482762808
v 113.6785572664940105 258.6142000794234832 -110.3096396055163950
v 302.4386635768585165 183.5728261344392536 334.1624152446011635
v 251.4120148943473225 -163.3416487160315853 131.6089914349175274
v 339.5087185256605267 -59.2624141638589634 261.6510741423001605
v 259.0340618111733875 -152.3740963168780524 -167.4665850619149978
v -251.7905433981178192 -126.4748753746904271 201.3794802640975092
v -338.0699228371186678 -47.6376235043474523 303.0018737354991458
v -359.1672011075095838 -58.8143979144999420 284.5593468304770681
v -360.5986486666328688 -47.5059761748459977 299.8041595028766437
v -311.3937570153767638 -85.1547362508452181 -88.6024665933854436
v 53.5097323695004548 240.9206632137764359 -210.8585672140334850
v 33.9306265579533530 241.3453771070716982 -211.0689473541255836
v -288.7883550527993748 -156.0895441734924134 -31.5509508199486959
v -280.7655954697462448 228.2143497070858302 260.3162704592252226
v -251.0716247796785581 -138.5937977859852879 -246.4241525676153231
v 289.7427931997491442 -123.0083553860011278 -130.8506964273114477
v 318.2525968598223471 -63.4046825106535366 -118.6595107541531178
v -336.7855576728243818 -65.8749818501965336 276.5664989264158180
v 275.5909548751307057 78.7088143555263997 384.4319270485993343
v -84.7332221883632997 247.3570654876270396 -170.5980063878266151
v -224.9011620167798924 -201.9150151309606542 66.7269255724032462
v -202.3003925705750987 -205.8551699832590032 84.3806467585378073
v 131.8755608037700142 242.4218780668900308 -168.9676801085707041
v -293.1734910575229947 251.0520364238100512 120.8458987400610027
v -277.2154705411779219 259.1732569475232140 102.3183891208939116
v 111.2548726229499749 -257.4465663406206772 -366.8484923177726955
v 92.8930153995881369 -264.2415293752566186 -366.8794822548857724
v 92.9850866624929040 -263.7860052545351550 -346.9825049508214647
v 314.0895021570942163 8.0668758152110573 -303.4041039501930754
v 310.0680785908460848 76.3967643710768840 -215.5856508173787063
v 290.9443721016267546 -84.2591031069868706 -265.9010085592709629
v 271.5820311159912990 -118.6710221579840976 -285.3761073895438471
v 281.9805926949099444 -102.3116100721504438 -304.2943458034454238
v 286.5163453849709754 -116.5347631908405646 188.7582692780098341
v 319.2051780066744868 38.6635756858004811 -196.1274846331572235
v 321.7622671411026545 41.2434629907820280 -178.2239270467918004
v 176.9871050785452837 -218.2811164106943522 75.3149719593674973
v 319.8100808126682182 17.8145860035631287 -195.3171137518457101
v -312.6034028854203939 19.5750192881467875 -265.6139522861156479
v 146.8764475278623252 274.3662333591332185 -28.1645813516020027
v 151.0271023267106898 268.6978703514654967 -48.1599596930973988
v 129.0498456229618682 -247.7024675057851084 -306.9396723941252390
v 3.8705098607338213 -258.6206097249217351 -74.6253659876304880
v 317.9479290373541289 -22.4377927279595610 -175.3841945104080366
v 167.5094957415902002 -223.1700186031916644 -187.9974183993016368
v -195.7841592602696323 185.6771666644209517 -387.5671821811641280
v -177.7050452775782787 192.6757008387910162 -389.1428767156125446
v 310.3121443133542243 -63.3357588538043572 -154.4695012818738746
v -157.9184097212502138 205.3652614091170392 -330.3736558196166015
v 283.3389183792214112 119.2649227375930110 -294.6187762625350501
v 290.8092503848458819 -84.7987812805194778 -284.8936867190213320
v 332.0605906502356106 -17.6734093807179775 -105.4111528963861701
v 323.8804852524590956 -41.4355027589422278 -120.7818422205644708
v 306.0144670229058192 24.1137752515511572 357.7809006152758116
v 325.7792778361510386 22.7682039630714748 353.0499832052774423
v 306.8406323889186069 39.2247466386887780 365.2386130073336403
v -243.3938079566948147 158.7637441205288269 -362.1329101343869752
v 320.2246710602700546 -118.2703294595000045 147.1071548303133625
v 336.2681535165917808 -109.2752006962964089 144.0688630576847515
v -311.2514269433782488 -17.0044051278059598 -226.0019437520682288
v -251.1564277841366959 100.4301095538836393 383.5987130693127938
v -371.9078591321347176 206.0695636396911539 187.7748978714745078
v -356.1454426260726791 214.0873312869979657 189.9173568228149520
v 122.8186718115131839 -228.9324496480627147 70.2530692416463722
v -317.8134862238347296 4.4922716817267823 -188.8349454110730221
v 278.9308594055507911 127.6141848700686978 -371.6819640557430944
v 288.9131534464569313 111.9762472737764369 -369.1693830204289384
v 304.9287409658283536 -48.5532493508697200 -284.5555130238239485
v -254.8156963958621759 204.8431049300539541 -119.6216364821521836
v -120.5238190457096721 213.1494863344689179 -331.7487144725496933
v -174.1660423818526908 -218.9429272841959460 75.6609730098151090
v -168.2454867802818512 -211.5504495084707912 97.1628776240581544
v -188.9260582223145093 -212.8864512561248148 79.3861551411347364
v -311.0788457407571173 -23.8288979583491241 -340.6902697813239911
v -311.7293349039861141 -26.8010116387890349 -359.9390142771166552
v -301.3760002629289261 -140.6669487014240758 -9.7364312215292905
v -38.4386640207508918 -254.4141850199156920 -169.5969036255204401
v -148.2986699897264486 -230.3986011444942790 -307.5893428798918308
v -72.0833574910918742 -228.1237560571619554 84.1809693286857765
v -94.6930075909893390 -226.9308032202539209 85.1327118303325250
v -285.4819963305944270 -98.0772205430936310 -361.6412244311193263
v 312.8192941225764230 54.0678682254550012 -232.9360220520820519
v -225.1997995808665962 -167.8202337579259620 -227.9095820459026527
v -239.8609151903226859 -154.7594928132479879 -207.8035025372972768
v 326.2919696050391281 217.3731631694141697 58.0884007311724062
v -274.5391140778991144 -107.4387573900757218 -225.8783034875038425
v 249.1704959700572886 -150.1479525546866398 -344.3905321693981136
v -282.6049440825713077 -143.5360138522530917 -89.8601149175655252
v -285.6005647884405221 -147.8384734171464743 -70.5179213846021185
v -96.4523654254156497 -256.4619169985343206 -307.6442941085871325
v 131.5777419171456870 215.1647707307365920 -330.1979396813468384
v -322.0735642542420010 235.4802918955137443 116.8462799491527306
v 73.2170011393980928 244.2206122904831602 -190.5842794385207526
v -311.9991190794592058 0.1706206198567574 -264.6738709463722330
v -312.7451938283583104 1.4475552877926718 -245.7094671106889052
v -367.1198339771986525 14.7388820124858650 347.7018229241204494
v -293.3365077112542281 -124.9892752965912592 -89.1668348811192431
v 14.1344164688638756 258.2231518008012472 -131.7826309279168697
v 14.1587920911130638 254.0167270957952326 -151.5294508047324484
v -85.2089336972427986 251.6480935196613871 -150.7408048277888213
v -204.0202941448626461 251.5343372878746777 -62.5436035460310933
v -237.1445034346155580 -181.4853184117941112 -130.3660393695745654
v -255.8944537106378334 148.4460219490857753 -340.3929900237602624
v -288.4308525823922764 -155.4895134967870263 72.5629377501747541
v -281.7226493910270619 -156.0238303313280994 93.8437595140856331
v 33.9768119474781329 249.6375614462241970 -171.2264311950569606
v 34.0250789742091158 253.8506953128732562 -151.4189093795663723
v -184.9081090433458030 -209.3092301003255500 -170.1507289449580469
v -209.5723849851275418 186.8986933415407918 -306.2352104216072348
v -192.7870409736765112 198.3510725242465469 -287.1805523876307689
v -192.9247984325314178 195.3493616567668312 -307.6476486894086406
v 217.9692602007514495 193.4038645222324533 -243.7384112651334647
v -139.3934759409282265 209.7899135772083525 -331.1878605075813198
v 248.5133375806712479 -150.2767145453267403 -305.5275536102116121
v -357.1288140326080338 -71.5536981326021078 259.2146900142175241
v -358.5806286895762014 -62.8766455312813122 277.6779833719442081
v -268.8261231646594069 -181.4496360550795373 27.9216138549580428
v 132.5171643213705863 -238.1428706161327682 -188.5637035903619960
v -164.3945078681554151 -216.9265446620640887 -248.7309859792099758
v -165.5121423785232651 265.5342410561187307 -47.3029441641724446
v -313.7871306250692669 -85.4629483476933274 246.4947585068110243
v -139.1781837360617544 212.5633731746242177 -310.7437670457223930
v -232.0740944583827456 -9.4347161290549852 349.0688944798594093
v 247.2873381291227020 259.6632254248941649 9.7044828327529640
v 273.0822276142126270 231.4915155890464291 -13.6207163289550284
v 88.5957374639994271 -256.7797635313727938 -37.3246636396063707
v 294.4119104452083207 -163.9664992972675748 55.2013845793996936
v 303.7403407743209414 -152.9405412498823296 66.4489745900492039
v -359.3347304711554102 177.9136682562877070 274.5508750785173788
v -365.7788802292843116 0.9969282560383371 341.3118256849674026
v -364.4840120321798054 -12.0822316835595487 333.3627470735297038
v 275.4180541886217952 261.5429687817782565 115.3102014167869669
v -357.5872334760622948 128.9266646164861356 328.6021176619693165
v 344.4223407839735387 141.6918230617541496 342.6431150452769430
v -368.0757297693863279 164.1834787764162797 44.9766222354242515
v 186.0246453278494698 218.4482663872234980 -206.0618361231558708
v -301.2629429021466763 -77.0432599857088292 -147.4579481390774447
v 45.0866444992727295 -257.6997373539301179 -74.1161086705358514
v 222.9043278150305412 -178.8698835323631329 -364.9398955722749633
v 222.4555727591810808 -179.4750459190157130 -345.5100037121205787
v 168.9527442368177503 -239.9782656158467375 18.2599418631653556
v -65.3771261143464528 252.7220985116065322 -151.1275400739262693
v -243.5463415453587857 -191.6261363642597360 -92.4401070531977354
v -193.4536241377515751 192.7184917120083014 -328.0254492445566257
v -175.9907346713266065 199.7103965957072944 -329.3172823447274027
v 152.5369632125368753 253.1630861154347656 -108.3909791175541244
v 93.2064889967128494 -261.4027552905361631 -306.9612375565492357
v -199.3745790941821383 223.3454751608026640 -164.8103960190512396
v -213.5180309667468066 205.4974478676790852 -204.2289570590580468
v -16.7558167115116632 -258.6697902758942860 -74.9047546474794643
v 264.1659514680576422 260.1643758383368095 47.2507085485231499
v 281.7617861672781032 247.5747937571377122 45.2163948931905821
v 279.2625635520209926 244.4653768839957877 29.8282936971291903
v -239.1984453813025766 -192.1535643274709173 70.6268653903293853
v 264.5852940384899057 -134.2659791875007045 -207.2324250879204612
v 370.2815663369618164 216.8024052039250762 161.5839282365300562
v 305.7098990391525035 -46.7348119568859346 -247.4988963660509285
v -114.4258700154582584 -250.3838558402961780 14.2564892656039195
v -116.2161379160256587 -253.6639370127326458 -3.6053756734084113
v 353.0539168506455212 -96.9271684019893200 155.7098974761147190
v -268.0505760271141185 -123.0536721787060372 -343.4105153436842670
v -276.4356503066337609 -108.7247998447807618 -323.6566668213379216
v 92.1660897162117863 227.5824505125760595 -270.5386366740424364
v 321.3541264744850992 -136.7753154645797906 44.1795099354549166
v 317.4397100428947169 -139.7019476184351561 60.1148870312547743
v -296.3861611296413798 94.0791093167807304 -272.2374922472235994
v 111.1574500049251668 229.0381189439404181 -249.7298523543018121
v 306.0124502808643001 213.9768497650608197 286.8097913358815276
v 249.3576735928005803 174.8052697380380209 -221.4734193849678547
v 169.7122572767459587 233.8475894548425913 -167.1554077552335968
v -117.7919522569319781 -255.4529070100060153 -21.5689962306733420
v 38.6388830756314050 -256.4352600616491031 -188.6938932746255375
v -376.6524344783349534 147.3347571487302332 297.6438094538214614
v 105.0654912975693094 -251.8332344326202019 -91.8722244426985384
v 233.3995133022546042 12.6995761094110087 360.5223918561723622
v -254.5133647993231989 -171.9540357816947846 -110.6454171715555788
v 248.4655947071936168 -150.1043230362639633 -285.9294534831498140
v 235.6983596166551536 -165.1352112941915493 -305.8940016294760653
v 256.2932694412813248 195.1297763871585289 -141.8371083597144775
v -326.4505334520846418 -18.5203162397566672 -111.4992378616028930
v -324.8882372731792998 232.0843978137631041 175.4163026411282544
v -324.0025280975846158 234.5807450740303182 156.1699542744938185
v -293.0065607261666969 -88.8041907168934586 248.1583111103943224
v -314.5011172109911968 -76.8512901046490811 262.6095258055899535
v 95.9246579138026760 214.5896398295337519 -391.8235062758901677
v 168.0197115103481451 224.8025413341759702 -207.0709259826561208
v 310.2290984702787568 -30.7976527400246418 -321.3420060544930834
v -333.3120090386042875 -21.9668385338462890 -72.9257117047299346
v -294.4729119000281230 204.3478849362779215 294.1502531411302357
v -279.8752737455220085 220.0593637299846819 279.0734889936941272
v 296.5688659779560226 -82.6039669070718361 -190.1221459948712038
v -101.7256067348921675 225.1543330300893047 -270.8950209508423654
v 279.1282405449595672 231.8842012225934468 273.3643119193646385
v 167.9333510219371419 -243.0981455863129099 -72.8003142787828637
v 14.9735246762829082 226.5726018788423630 -291.8959748290726566
v -4.5140739610987515 226.3807518042405320 -291.9435779283493844
v -215.2046063779920644 210.1689812100394761 -183.9030726356715491
v 347.0288101468041191 -10.0904792723999392 -35.5933804518172536
v 349.1737450982747077 13.5929740360399407 -37.6736997869877328
v 312.3517494205779030 140.9413454255267482 -103.6033533174777546
v 315.8253978935128998 146.0932128092676976 -84.2263360407481514
v 79.2498203839675170 -250.3753296140415046 -149.5944966384942632
v -278.7700791390339532 258.2360309950267379 122.4880459231641652
v 111.9895457906045806 219.9371411751722576 -310.5861017471112291
v -368.5618644401041024 204.6186075956713069 102.1477847248283410
v -350.4098282600307925 72.4444142197503282 357.1847436807095733
v 74.0525663204211924 -269.7104945014741020 -366.8841147712583393
v 262.6797723254118750 -134.0101025450168208 -226.9180638002293620
v 341.8139545178163416 -38.9098528358442408 293.0074592746010467
v -349.5762947968564163 -76.9633390944105429 71.1955467105479869
v 34.0718259565053501 258.0709975992539853 -131.6748051157967723
v 14.1135052500226212 262.4066335691172753 -112.0853310537045928
v -39.9140855418633507 -263.3282247788563950 -247.7856331553184646
v 368.3391442348471401 36.1741023210559334 349.0842297064720583
v -104.5564735933904927 -226.0330335278961797 85.8033085107476126
v 353.3426504142115618 211.7906614565827965 99.9401510603841956
v 33.9562651399463533 237.3378910254272682 -231.1232704729133047
v 34.0459377777250367 233.4916045329023575 -251.2641737252848770
v -18.2412845033135547 -254.9980817602890397 -130.9657106269062012
v -272.6362880101240762 -71.1505394178593491 281.1721786524109916
v -293.7936492191574871 -69.5681157540249160 279.4833868216944097
v 251.0410741329111772 -72.1831412947246776 274.0064745337687668
v 251.4020909260836731 -84.1223240675382300 258.4092711331663281
v -251.7108521358638882 -72.2564528630948644 283.3357235403437926
v 326.0571090120471922 -106.2095131802920918 -18.1580265029688732
v -157.7623817775638315 214.6769787373510212 -268.9027194267506502
v 170.1604931712778068 -244.9277100050751983 -54.5502764161381606
v 208.4707845723768287 -192.7662146177429463 -365.4641686320944700
v 73.6582533158208719 252.6836406386170495 -150.9042208363797499
v -249.4130641118415497 -152.0327677182889943 155.3408935857481765
v 223.7828486031505690 178.6571372147272996 -381.6322897401299201
v 268.3104961375524908 -57.3328113527407979 287.8295839056218597
v 162.5898432248956738 -228.9185520989450140 -306.7858409021672514
v -180.4267285174335314 -206.9076697160091101 -287.6674458325819614
v 187.1739686463347994 268.8818131998451690 -21.1412073049583320
v 351.2839361769510447 182.3483042958716283 51.1025660413409213
v -230.9667034001663239 -139.6634797615741377 191.9623731883876019
v -255.5529454023618712 -138.7124461148033561 -343.8561953671140259
v -146.0395195483804969 268.1463612902141449 -49.2629778156000597
v -212.6944414395790943 -228.5385260144506105 -18.8158438278734295
v 14.0857251275944559 266.5509785611823190 -92.4140691163450327
v -5.8917121968287320 262.3726684382994563 -112.1191963458075094
v -95.5863444444043751 -248.8807839870849534 -228.8143604160482028
v 204.2419560597413977 190.9137671655196016 -345.2988248623090612
v -35.1386500488794553 -236.1058413477542217 65.9288548207706242
v -195.6701234800811449 -193.7110482803168168 -248.3076698279236325
v -210.4840921620889560 -180.9114255106563576 -247.9301996145313467
v 294.5689767115299560 99.0945171449608182 -330.1758952930911732
v -376.4277973697514312 159.3150235527358234 283.8472172446527679
v -304.4545070699297753 -79.3957696093821141 -127.9764596310492522
v -272.7885021149003251 -179.7516790303327241 7.0538847579250605
v -35.6611859150592565 -258.8552307049978936 -21.1196421425343139
v -56.3189292349240915 -258.6457890488260887 -21.3311404762335926
v 186.9421032147906203 198.7200963823561040 -346.8369800399452743
v -347.8525594159157208 57.3822365085649224 359.2377471434762697
v -371.0348294733356056 51.9510428641718249 352.6531842166754700
v -94.8079618873551624 -251.8064177537910666 14.0411571252514804
v 222.3818718198226918 180.2360665235393071 -362.8424838491091577
v 94.1493857882171596 264.6165435562617176 -91.2668024753871663
v 94.3077299900898254 268.9823707535186372 -71.5348385993525824
v -213.0942555573718380 177.2895864331566429 -385.7159327935199258
v 347.3117131294184787 198.1037520596318302 275.4067724138351423
v -341.7435881915365030 122.2448987168333474 -39.6083344693381676
v 259.2378925315663309 84.0398872406238127 389.2800950454068811
v -234.1001414681194319 259.5276644177675962 -10.7431249518713283
v 318.8417650843437627 102.5105886309980008 370.8647242708447038
v 268.3019898790408320 260.9455139439180016 64.0058813003235514
v 37.1481238319384346 -264.5520876819055047 -247.3905913280991911
v 375.4489786086167555 187.9016131684586242 263.6887423784542648
v 170.4912788015707008 238.7282449694870081 -147.1683359948200405
v -131.3739710999817021 -240.3367864411460744 -307.6970089500680388
v 273.7151651313576508 133.9650253652277172 380.3549931568524016
v -328.8101615761321455 77.3781639629924172 363.9264926802899254
v -305.1172963628376351 240.7130186544733021 79.6270459925082434
v 286.9127050832272516 -125.2611560850777863 171.7253052857992941
v -274.0201923731996203 -107.2947100921804520 -245.4340719994369806
v -264.6114917172864693 -124.3758262965998256 -206.7401004168772829
v -192.1677014895044522 -236.4734674638548029 -1.1105259938650986
v -188.5722897198456565 -234.2500193469663827 17.5834347308266494
v 165.7371389064805385 -223.4353100364930924 -207.7971128595420112
v 232.5474298058470026 -4.1162354018776135 347.9475060338103845
v 232.2345552410118330 -19.6244201082841485 334.6959533371658040
v -145.4528273239892258 272.8634210865807859 -29.1409241126065304
v 285.4015462941070496 -100.6448825974324848 -208.2656359809468540
v -349.9041651366734982 185.0088063712202029 36.8332974202264722
v -324.8886166602960657 26.7061461398502686 -152.2446154874905062
v 320.1157470222857455 217.0516226041234233 266.0740090844947758
v 65.5859088349997421 -240.5095872889400255 50.1246258608975737
v 136.8758830021247661 275.3046374084658510 -29.2330952142262319
v 66.8145340447508289 -246.3091583357635272 32.8434228878949739
v -1.0776946564536454 -262.9103797891480099 -227.8710842374271692
v 327.1525992954444177 230.1515402605383542 94.9322411196950640
v -308.3710600500195937 61.2669259627861180 -365.3304646250655878
v -252.6563846694422466 -139.9405421793653375 -207.2527123147934276
v 303.5471328931961352 -119.0594346945322854 168.0544354153994107
v -14.5580820556524397 -256.6109162966899362 -3.2504290741034270
v 36.2786409434870976 215.6861684355662305 -393.2562317705645114
v -175.7190735280128990 208.8857741748383319 -267.8632785979128812
v 125.3035176518208971 -235.8281898815449438 52.3313010736784250
v -211.4963369249808807 -185.7171620536203136 124.9011077274400918
v 92.8997045934881811 221.7621529485338954 -311.1384893890539161
v 255.3241350354944359 -175.6656797832704626 100.2871105624951014
v -325.9277579729890135 148.0117634746435726 -56.4774032271261603
v -57.6318083362012459 -259.0766130714748101 -57.2484775902427927
v 14.3094487119364260 241.5001670506930225 -211.1938655542410288
v 369.6727099178569347 216.6014698062649870 150.5374533332275178
v 369.1063049203386868 214.7249212882585141 140.1203616888186048
v 339.7184197624911235 -57.7127825259419893 -27.1487823304587117
v -368.9017553611982407 208.2989821117321299 117.8373189689943672
v 360.2927029086135349 136.3137710693482916 335.9559977905041137
v -352.6129492145602740 46.5596648992912208 -22.8791996543904794
v 304.1079868581645087 -126.1518372286758023 150.7764272812744366
v -95.7302120326127692 -250.8385213480692641 -248.4087864784007138
v -326.4574023556715474 223.0650082428324765 213.9840780880214766
v -325.6510849261860585 228.2665254195061664 194.7121710103659780
v -310.1837716937023401 238.7436001638426433 177.8418243170269477
v -214.8298318099027711 -224.5344943523425911 -56.0398700428343730
v 47.2442140401172139 -257.6810874819819333 -19.9356348544836628
v 224.6076162271544092 -180.1418087927776526 126.9339837052777256
v 151.0253651330709772 -249.9695052056102043 -36.6615748305537181
v 289.7359642316482109 128.4089709279802491 376.2994646855855194
v -332.0022049697468560 26.7189616868949606 -114.6896039648068353
v 347.1419873140442860 188.7487846000918523 291.3809668019982837
v 376.5585461508185290 164.8063126156107785 297.8278321731731353
v 222.4405170809702383 -196.0636277910905676 -147.2392614179034922
v -350.0972532113403872 -102.1186917232988947 149.3828385628510773
v -366.0370631460829713 112.2507438365940260 23.0448520501957290
v 372.6404756222618175 211.3067232375933884 204.7433261183568902
v 304.4904490073031411 166.5156412699876682 -82.2357916780391491
v 319.4566118263441581 235.4911942831836598 211.2125553616751858
v -272.9070506050034624 -60.4495464036867958 295.4678046942659080
v -349.2465874246847761 -93.4161502980574880 102.3439478319149742
v -235.0189571615835860 22.8591358166421585 369.7292785337340320
v -233.2396715196580601 6.4762036015478417 360.3160052646773011
v -350.3446136114411047 -101.8232589819613167 155.5274721762019112
v 152.1654633542971737 248.2064733064746349 -128.2991383576901399
v -153.3713952241455729 -216.4939634780326401 93.0536758596470861
v -278.4595408001280816 127.6069565471080551 370.6145683867260345
v -294.0838004924754614 250.1130333421878618 141.3941439493307257
v -370.9564760498616920 209.2216715473354327 169.6882760174207192
v 172.8380476991357568 -225.4968397255144907 -148.5173567109004011
v -302.0366130718514341 -54.9003558780905010 -206.0081628300116279
v -313.9764847317979388 2.6569927445189143 -226.7616764371692568
v -209.6946874109119108 -228.4449571708219366 0.0487212928838974
v 226.8124344398376309 -178.3746635385871002 -207.0194890767262450
v -192.0530866447693654 -200.4911952496577214 107.7576023100634472
v -180.2988750590992595 -205.7509383648762480 -248.5757168097570116
v -341.9305661368499045 162.0621556810257005 310.2653399237968870
v 101.3212599394417879 -223.6124638522578323 87.0908285784335590
v 81.3852107542911796 -225.4786491116549882 85.8199216729113061
v -231.3405394843353236 -85.5093833340054204 269.5094193296131380
v -307.3510078996204129 212.7544844427356168 -1.4990184013852250
v -349.3725439474354175 -97.8942660979917036 117.1855718379573119
v -175.4238903834626342 205.4565339623023874 -288.3963483225138589
v -368.2252881643454998 175.1489145948133910 53.4691429399472824
v -368.2791211994336322 184.1456008419698378 62.9931173761140073
v 263.7807337703870871 99.9498953189609693 389.4021378905324013
v 280.2059795048429578 95.3350653747428254 384.6536488667070444
v -180.9647194166838631 -206.2822999734555083 101.9497047144151196
v -225.7217963179858202 183.3002265072052523 -263.8636598070046375
v -349.4050514330153305 119.6807410013883839 -19.6088028373018481
v 271.1298815438343581 186.6634932969180625 350.4723871988034034
v 296.0522605314428120 97.3201435678096232 -348.5827997446276072
v -333.7004215751524612 207.8158426024621406 44.3528299445664871
v -333.5680354391605533 2.7367239422588332 -94.2881616019643332
v 339.5939408527214027 113.1592362069348354 359.2799190166610401
v 362.5219416709676921 80.1678623273909920 23.0422961790936220
v -26.0873844722408350 270.3890183758543344 -72.7948830526908779
v -26.0056515082666486 266.3138216777470575 -92.4340368593302344
v -86.4647599648754834 272.7754432109879872 -52.4062200453589142
v -310.6826657521876882 -119.9815250978460028 163.0219252153524963
v -273.6822383231750564 -23.1606000643452106 335.2620787862823022
v -6.1267375237003279 274.6105985977861224 -53.1285731155916494
v 353.7303441120122898 38.2590416927596166 -19.8386714945475156
v -300.7528669075896914 80.9881871285806341 -368.0944794800494151
v 333.2787827142769288 225.1502196750343501 227.1953758148078748
v -361.8940759605409312 -36.4792393854843269 312.4665839104857810
v 358.8290673477981159 122.3882571275956224 345.1245464015341895
v -113.8017582407127293 -251.7671611710821651 -347.1845785098316810
v -246.6236702555234785 257.1915183594707059 -5.3198859570899568
v 268.9712087851899014 117.2019054517192131 386.2175224973082095
v 352.9789579434790312 -98.3874693497262314 146.9930990823818888
v -194.9914997669860099 -237.0591413333538071 -19.5810077390664432
v 362.1190325530122323 -25.0656275757843332 307.0024509780707263
v -231.7888352820961302 -121.3781988325605710 219.2178631373592452
v -127.1861163959518990 -222.9879726903955657 88.0301112084575550
v -252.0309150881737139 -49.4027919519824579 311.0292258994388703
v -26.1828976748426818 274.4071073290239156 -53.1419914388777030
v -221.8942595361240251 -170.0612534886413414 146.5720193183099127
v 262.7668516525703808 156.0028941528081248 374.5397474317854858
v 253.2360482483026942 122.5856482508758489 389.5577265438731160
v 258.1608923781734006 139.8903033380145757 383.1718825952610814
v 272.6192355576147293 192.9007772377202343 343.4223362475315184
v 275.0803796869990379 204.9814813889414040 325.9388999735747916
v -6.2252995510592308 278.5698625801213097 -33.5260002141011810
v 354.4849251194231101 -71.8567585517600378 58.9050015482953029
v -120.7427853152854169 206.2902071996776385 -392.2104012639715052
v 92.0899926476951691 231.0590741792158838 -250.3082779330971732
v 245.2270264724234039 92.0974206480856736 393.5675688191898303
v 247.9360701309690000 103.2186747488678122 393.6180472734564546
v 128.8366100956228877 -249.4426363392026360 -366.7802825077352509
v 239.8588585127952229 167.6763761535890467 -379.2462243243699618
v -317.3927259436505324 -23.6417053597985856 330.5950581538365327
v -86.1702357558437200 276.8348054889079890 -32.6407103611091856
v -26.5212960071486812 278.3572260850718862 -33.5191313105142754
v -337.1276450456468865 1.3685653925110786 -75.3215213790666382
v 234.2795716065844829 -89.5083631571381630 257.6776530301884804
v 233.6410630891466269 -75.4421065789542808 275.1039016882355668
v -281.5126486380517008 246.9358659170971464 201.1350750899586046
v 54.0665628342573470 278.4948837052118620 -32.9336770861880979
v 327.9503705309322754 -40.5944913760199171 -103.3065527857456942
v 202.8704716328026620 -200.4190318265091832 103.2484067181727738
v 59.2837147536884288 -227.0885883253230020 84.6908656135559426
v 80.9231871332280406 -250.9285758689325405 -130.1174809048947623
v 56.1381812254220236 215.7258842763637858 -392.9163009139844007
v 279.6778526706272601 238.6851545801249301 254.9783336624766719
v -46.1722008305348268 270.0375461638287788 -72.7218809843369769
v 273.1266558423547508 -118.0848790465249323 -362.0135829023074052
v -231.4812122336660707 -133.8627905211434665 200.7114394547845109
v -356.7252260113910438 8.1400139138140499 22.0435895459456681
v 334.3789654172756514 191.6682083987295755 29.2354913433844565
# 2756 vertices, 0 vertices normals


usemtl material_0
vt 0.0000000000000000 0.0000000000000000
f 1/1 3/1 220/1
f 1/1 220/1 1483/1
f 1/1 1449/1 428/1
f 1/1 428/1 2/1
f 3/1 1/1 2/1
f 3/1 2/1 1093/1
f 412/1 1093/1 2/1
f 412/1 2/1 2302/1
f 3/1 1093/1 411/1
f 3/1 411/1 2275/1
f 4/1 5/1 6/1
f 4/1 6/1 1382/1
f 5/1 4/1 149/1
f 5/1 149/1 2087/1
f 5/1 2087/1 1827/1
f 5/1 1827/1 2187/1
f 2187/1 2108/1 6/1
f 2187/1 6/1 5/1
f 6/1 1902/1 2266/1
f 6/1 2266/1 1382/1
f 7/1 98/1 99/1
f 7/1 99/1 94/1
f 1695/1 98/1 7/1
f 1695/1 7/1 9/1
f 9/1 7/1 8/1
f 9/1 8/1 199/1
f 94/1 2527/1 8/1
f 94/1 8/1 7/1
f 8/1 2527/1 2267/1
f 8/1 2267/1 200/1
f 37/1 1695/1 9/1
f 37/1 9/1 2254/1
f 9/1 199/1 2561/1
f 9/1 2561/1 2254/1
f 10/1 11/1 12/1
f 10/1 12/1 2107/1
f 11/1 2524/1 119/1
f 11/1 119/1 118/1
f 1145/1 12/1 11/1
f 1145/1 11/1 118/1
f 11/1 10/1 1169/1
f 11/1 1169/1 2524/1
f 1300/1 1590/1 12/1
f 1300/1 12/1 1145/1
f 2106/1 2107/1 12/1
f 2106/1 12/1 1590/1
f 13/1 15/1 168/1
f 13/1 168/1 2464/1
f 15/1 13/1 14/1
f 15/1 14/1 1712/1
f 137/1 2140/1 14/1
f 137/1 14/1 13/1
f 2077/1 1712/1 14/1
f 2077/1 14/1 1774/1
f 14/1 2140/1 2141/1
f 14/1 2141/1 1774/1
f 61/1 60/1 16/1
f 61/1 16/1 102/1
f 16/1 18/1 1773/1
f 16/1 1773/1 102/1
f 18/1 16/1 17/1
f 18/1 17/1 54/1
f 55/1 54/1 17/1
f 55/1 17/1 1586/1
f 17/1 16/1 60/1
f 17/1 60/1 1181/1
f 17/1 1181/1 1182/1
f 17/1 1182/1 1586/1
f 92/1 1773/1 18/1
f 92/1 18/1 53/1
f 20/1 21/1 19/1
f 20/1 19/1 65/1
f 1256/1 189/1 20/1
f 1256/1 20/1 64/1
f 189/1 190/1 21/1
f 189/1 21/1 20/1
f 21/1 1468/1 492/1
f 21/1 492/1 19/1
f 22/1 23/1 24/1
f 22/1 24/1 1303/1
f 22/1 1303/1 1517/1
f 22/1 1517/1 57/1
f 1548/1 23/1 22/1
f 1548/1 22/1 58/1
f 1286/1 1982/1 24/1
f 1286/1 24/1 1352/1
f 24/1 23/1 1353/1
f 24/1 1353/1 1352/1
f 1634/1 1303/1 24/1
f 1634/1 24/1 1982/1
f 26/1 27/1 25/1
f 26/1 25/1 78/1
f 25/1 222/1 223/1
f 25/1 223/1 78/1
f 25/1 2233/1 2232/1
f 25/1 2232/1 222/1
f 2382/1 2233/1 25/1
f 2382/1 25/1 27/1
f 2125/1 29/1 28/1
f 2125/1 28/1 1752/1
f 28/1 44/1 2501/1
f 28/1 2501/1 1752/1
f 30/1 28/1 29/1
f 30/1 29/1 1734/1
f 30/1 59/1 44/1
f 30/1 44/1 28/1
f 197/1 1428/1 30/1
f 197/1 30/1 1734/1
f 31/1 32/1 33/1
f 31/1 33/1 1232/1
f 1751/1 32/1 31/1
f 1751/1 31/1 2125/1
f 147/1 148/1 32/1
f 147/1 32/1 1751/1
f 32/1 148/1 1609/1
f 32/1 1609/1 33/1
f 110/1 2260/1 33/1
f 110/1 33/1 1609/1
f 34/1 35/1 36/1
f 34/1 36/1 103/1
f 34/1 103/1 104/1
f 34/1 104/1 1947/1
f 35/1 196/1 197/1
f 35/1 197/1 36/1
f 35/1 34/1 2295/1
f 35/1 2295/1 1397/1
f 191/1 103/1 36/1
f 191/1 36/1 1459/1
f 39/1 37/1 38/1
f 39/1 38/1 155/1
f 82/1 161/1 38/1
f 82/1 38/1 83/1
f 2254/1 83/1 38/1
f 2254/1 38/1 37/1
f 39/1 209/1 1695/1
f 39/1 1695/1 37/1
f 1790/1 41/1 40/1
f 1790/1 40/1 106/1
f 2211/1 106/1 40/1
f 2211/1 40/1 1357/1
f 42/1 40/1 41/1
f 42/1 41/1 1154/1
f 41/1 1427/1 1155/1
f 41/1 1155/1 1154/1
f 42/1 1154/1 1153/1
f 42/1 1153/1 1310/1
f 42/1 1310/1 1311/1
f 42/1 1311/1 1356/1
f 42/1 1356/1 1357/1
f 42/1 1357/1 40/1
f 44/1 45/1 43/1
f 44/1 43/1 2501/1
f 142/1 144/1 43/1
f 142/1 43/1 1407/1
f 43/1 144/1 201/1
f 43/1 201/1 2501/1
f 1408/1 1407/1 43/1
f 1408/1 43/1 45/1
f 44/1 59/1 105/1
f 44/1 105/1 45/1
f 1918/1 1408/1 45/1
f 1918/1 45/1 105/1
f 46/1 48/1 150/1
f 46/1 150/1 1975/1
f 1952/1 47/1 46/1
f 1952/1 46/1 1976/1
f 48/1 46/1 47/1
f 48/1 47/1 2732/1
f 167/1 2050/1 49/1
f 167/1 49/1 2752/1
f 51/1 49/1 50/1
f 51/1 50/1 2705/1
f 163/1 1815/1 50/1
f 163/1 50/1 2059/1
f 2050/1 2059/1 50/1
f 2050/1 50/1 49/1
f 2752/1 49/1 51/1
f 2752/1 51/1 127/1
f 91/1 53/1 52/1
f 91/1 52/1 2404/1
f 224/1 2404/1 52/1
f 224/1 52/1 56/1
f 54/1 52/1 53/1
f 54/1 53/1 18/1
f 54/1 55/1 56/1
f 54/1 56/1 52/1
f 1585/1 1142/1 55/1
f 1585/1 55/1 1586/1
f 1142/1 1458/1 56/1
f 1142/1 56/1 55/1
f 2188/1 224/1 56/1
f 2188/1 56/1 1458/1
f 58/1 22/1 57/1
f 58/1 57/1 207/1
f 57/1 1517/1 2157/1
f 57/1 2157/1 2098/1
f 58/1 97/1 96/1
f 58/1 96/1 1548/1
f 58/1 207/1 208/1
f 58/1 208/1 97/1
f 106/1 105/1 59/1
f 106/1 59/1 1790/1
f 59/1 30/1 1428/1
f 59/1 1428/1 1790/1
f 60/1 61/1 62/1
f 60/1 62/1 134/1
f 61/1 101/1 1233/1
f 61/1 1233/1 62/1
f 135/1 134/1 62/1
f 135/1 62/1 1252/1
f 62/1 1233/1 2260/1
f 62/1 2260/1 1252/1
f 2210/1 1553/1 63/1
f 2210/1 63/1 380/1
f 65/1 63/1 64/1
f 65/1 64/1 20/1
f 1553/1 1554/1 64/1
f 1553/1 64/1 63/1
f 294/1 293/1 65/1
f 294/1 65/1 19/1
f 65/1 293/1 380/1
f 65/1 380/1 63/1
f 67/1 68/1 66/1
f 67/1 66/1 221/1
f 220/1 221/1 66/1
f 220/1 66/1 1483/1
f 2608/1 1483/1 66/1
f 2608/1 66/1 80/1
f 67/1 221/1 130/1
f 67/1 130/1 2673/1
f 67/1 2673/1 187/1
f 67/1 187/1 194/1
f 80/1 66/1 68/1
f 80/1 68/1 81/1
f 194/1 195/1 68/1
f 194/1 68/1 67/1
f 68/1 195/1 1731/1
f 68/1 1731/1 81/1
f 69/1 1577/1 214/1
f 69/1 214/1 70/1
f 71/1 69/1 70/1
f 71/1 70/1 2349/1
f 70/1 213/1 2525/1
f 70/1 2525/1 2349/1
f 71/1 218/1 219/1
f 71/1 219/1 69/1
f 72/1 73/1 74/1
f 72/1 74/1 2455/1
f 72/1 2455/1 1907/1
f 72/1 1907/1 1906/1
f 1717/1 1716/1 73/1
f 1717/1 73/1 72/1
f 133/1 76/1 75/1
f 133/1 75/1 2049/1
f 75/1 1806/1 1486/1
f 75/1 1486/1 2049/1
f 77/1 75/1 76/1
f 77/1 76/1 2355/1
f 2099/1 2355/1 76/1
f 2099/1 76/1 1095/1
f 1778/1 1779/1 77/1
f 1778/1 77/1 2477/1
f 77/1 1779/1 1806/1
f 77/1 1806/1 75/1
f 2435/1 2477/1 77/1
f 2435/1 77/1 2355/1
f 78/1 223/1 150/1
f 78/1 150/1 48/1
f 2732/1 26/1 78/1
f 2732/1 78/1 48/1
f 80/1 81/1 79/1
f 80/1 79/1 159/1
f 217/1 1935/1 79/1
f 217/1 79/1 215/1
f 80/1 159/1 2541/1
f 80/1 2541/1 2608/1
f 81/1 1731/1 215/1
f 81/1 215/1 79/1
f 90/1 161/1 82/1
f 90/1 82/1 88/1
f 82/1 84/1 1747/1
f 82/1 1747/1 88/1
f 84/1 82/1 83/1
f 84/1 83/1 2633/1
f 84/1 2445/1 1746/1
f 84/1 1746/1 1747/1
f 87/1 85/1 86/1
f 87/1 86/1 2226/1
f 183/1 2226/1 86/1
f 183/1 86/1 2258/1
f 2063/1 1281/1 86/1
f 2063/1 86/1 85/1
f 1103/1 1102/1 87/1
f 1103/1 87/1 2226/1
f 90/1 88/1 89/1
f 90/1 89/1 1509/1
f 1155/1 2251/1 89/1
f 1155/1 89/1 2695/1
f 89/1 2251/1 1397/1
f 89/1 1397/1 1509/1
f 89/1 88/1 1747/1
f 89/1 1747/1 2695/1
f 160/1 161/1 90/1
f 160/1 90/1 2484/1
f 90/1 1509/1 1346/1
f 90/1 1346/1 2484/1
f 92/1 53/1 91/1
f 92/1 91/1 169/1
f 92/1 1947/1 104/1
f 92/1 104/1 1773/1
f 231/1 230/1 93/1
f 231/1 93/1 2202/1
f 93/1 230/1 2527/1
f 93/1 2527/1 94/1
f 95/1 93/1 94/1
f 95/1 94/1 99/1
f 95/1 99/1 229/1
f 95/1 229/1 133/1
f 95/1 1764/1 2202/1
f 95/1 2202/1 93/1
f 96/1 156/1 2483/1
f 96/1 2483/1 1548/1
f 155/1 96/1 97/1
f 155/1 97/1 39/1
f 97/1 208/1 209/1
f 97/1 209/1 39/1
f 209/1 210/1 98/1
f 209/1 98/1 1695/1
f 229/1 99/1 98/1
f 229/1 98/1 210/1
f 100/1 104/1 103/1
f 100/1 103/1 191/1
f 1231/1 101/1 100/1
f 1231/1 100/1 191/1
f 102/1 100/1 101/1
f 102/1 101/1 61/1
f 104/1 100/1 102/1
f 104/1 102/1 1773/1
f 2211/1 1918/1 105/1
f 2211/1 105/1 106/1
f 108/1 109/1 107/1
f 108/1 107/1 2400/1
f 1569/1 1419/1 107/1
f 1569/1 107/1 109/1
f 2155/1 2400/1 107/1
f 2155/1 107/1 1420/1
f 109/1 108/1 253/1
f 109/1 253/1 2621/1
f 111/1 112/1 110/1
f 111/1 110/1 1569/1
f 110/1 112/1 1252/1
f 110/1 1252/1 2260/1
f 110/1 1609/1 1419/1
f 110/1 1419/1 1569/1
f 111/1 114/1 113/1
f 111/1 113/1 112/1
f 135/1 1252/1 112/1
f 135/1 112/1 113/1
f 113/1 1864/1 151/1
f 113/1 151/1 135/1
f 1984/1 1864/1 113/1
f 1984/1 113/1 114/1
f 2621/1 2247/1 114/1
f 2621/1 114/1 111/1
f 2657/1 1984/1 114/1
f 2657/1 114/1 2247/1
f 116/1 117/1 115/1
f 116/1 115/1 1354/1
f 116/1 170/1 169/1
f 116/1 169/1 91/1
f 1602/1 170/1 116/1
f 1602/1 116/1 1354/1
f 2404/1 117/1 116/1
f 2404/1 116/1 91/1
f 117/1 226/1 1336/1
f 117/1 1336/1 115/1
f 118/1 119/1 120/1
f 118/1 120/1 192/1
f 213/1 212/1 119/1
f 213/1 119/1 2524/1
f 1106/1 120/1 119/1
f 1106/1 119/1 212/1
f 137/1 138/1 120/1
f 137/1 120/1 1106/1
f 1661/1 122/1 121/1
f 1661/1 121/1 1103/1
f 123/1 121/1 122/1
f 123/1 122/1 2609/1
f 1177/1 1176/1 123/1
f 1177/1 123/1 2609/1
f 123/1 2281/1 2282/1
f 123/1 2282/1 121/1
f 123/1 1176/1 2360/1
f 123/1 2360/1 2281/1
f 2359/1 1175/1 124/1
f 2359/1 124/1 2674/1
f 2427/1 125/1 124/1
f 2427/1 124/1 1175/1
f 126/1 124/1 125/1
f 126/1 125/1 2517/1
f 125/1 2276/1 1075/1
f 125/1 1075/1 2517/1
f 1595/1 175/1 126/1
f 1595/1 126/1 2651/1
f 126/1 2517/1 2516/1
f 126/1 2516/1 2651/1
f 126/1 175/1 2674/1
f 126/1 2674/1 124/1
f 128/1 129/1 127/1
f 128/1 127/1 51/1
f 127/1 2723/1 2703/1
f 127/1 2703/1 2752/1
f 127/1 129/1 2740/1
f 127/1 2740/1 2723/1
f 128/1 51/1 2705/1
f 128/1 2705/1 2739/1
f 130/1 131/1 132/1
f 130/1 132/1 2673/1
f 220/1 1274/1 130/1
f 220/1 130/1 221/1
f 130/1 1274/1 2396/1
f 130/1 2396/1 131/1
f 1095/1 76/1 133/1
f 1095/1 133/1 229/1
f 133/1 2049/1 1764/1
f 133/1 1764/1 95/1
f 1181/1 60/1 134/1
f 1181/1 134/1 136/1
f 136/1 134/1 135/1
f 136/1 135/1 151/1
f 1579/1 2140/1 137/1
f 1579/1 137/1 1106/1
f 137/1 13/1 2464/1
f 137/1 2464/1 138/1
f 138/1 193/1 192/1
f 138/1 192/1 120/1
f 138/1 2464/1 2308/1
f 138/1 2308/1 193/1
f 139/1 1072/1 1073/1
f 139/1 1073/1 140/1
f 1601/1 1276/1 139/1
f 1601/1 139/1 141/1
f 141/1 139/1 140/1
f 141/1 140/1 2427/1
f 1550/1 2276/1 140/1
f 1550/1 140/1 1073/1
f 141/1 1177/1 2609/1
f 141/1 2609/1 1601/1
f 143/1 144/1 142/1
f 143/1 142/1 1256/1
f 189/1 1256/1 142/1
f 189/1 142/1 1403/1
f 144/1 143/1 1563/1
f 144/1 1563/1 201/1
f 145/1 146/1 147/1
f 145/1 147/1 1751/1
f 201/1 1563/1 146/1
f 201/1 146/1 145/1
f 146/1 1234/1 1236/1
f 146/1 1236/1 147/1
f 1131/1 148/1 147/1
f 1131/1 147/1 1236/1
f 148/1 1131/1 1419/1
f 148/1 1419/1 1609/1
f 149/1 4/1 1383/1
f 149/1 1383/1 1084/1
f 2145/1 2087/1 149/1
f 2145/1 149/1 2531/1
f 150/1 2405/1 1838/1
f 150/1 1838/1 1975/1
f 150/1 223/1 2448/1
f 150/1 2448/1 2405/1
f 1282/1 136/1 151/1
f 1282/1 151/1 2173/1
f 152/1 154/1 1555/1
f 152/1 1555/1 2470/1
f 2690/1 2620/1 152/1
f 2690/1 152/1 2470/1
f 154/1 152/1 153/1
f 154/1 153/1 1638/1
f 153/1 1925/1 185/1
f 153/1 185/1 184/1
f 1193/1 1638/1 153/1
f 1193/1 153/1 1194/1
f 153/1 152/1 2620/1
f 153/1 2620/1 1925/1
f 1640/1 2071/1 154/1
f 1640/1 154/1 1638/1
f 154/1 2071/1 2072/1
f 154/1 2072/1 1555/1
f 156/1 96/1 155/1
f 156/1 155/1 160/1
f 161/1 160/1 155/1
f 161/1 155/1 38/1
f 156/1 160/1 2484/1
f 156/1 2484/1 2532/1
f 159/1 157/1 158/1
f 159/1 158/1 2541/1
f 159/1 79/1 1935/1
f 159/1 1935/1 157/1
f 163/1 164/1 162/1
f 163/1 162/1 1815/1
f 162/1 1457/1 1456/1
f 162/1 1456/1 1815/1
f 1977/1 1978/1 162/1
f 1977/1 162/1 164/1
f 163/1 2058/1 2175/1
f 163/1 2175/1 164/1
f 167/1 165/1 166/1
f 167/1 166/1 2050/1
f 1435/1 2057/1 166/1
f 1435/1 166/1 1915/1
f 1916/1 1915/1 166/1
f 1916/1 166/1 165/1
f 1847/1 165/1 167/1
f 1847/1 167/1 2704/1
f 2703/1 2704/1 167/1
f 2703/1 167/1 2752/1
f 169/1 170/1 171/1
f 169/1 171/1 1347/1
f 1947/1 92/1 169/1
f 1947/1 169/1 1347/1
f 1602/1 2532/1 171/1
f 1602/1 171/1 170/1
f 172/1 2141/1 1578/1
f 172/1 1578/1 2649/1
f 172/1 174/1 1774/1
f 172/1 1774/1 2141/1
f 172/1 2649/1 2650/1
f 172/1 2650/1 173/1
f 174/1 172/1 173/1
f 174/1 173/1 2398/1
f 2516/1 1074/1 173/1
f 2516/1 173/1 2650/1
f 174/1 2398/1 2397/1
f 174/1 2397/1 2078/1
f 175/1 176/1 177/1
f 175/1 177/1 2674/1
f 1595/1 2176/1 176/1
f 1595/1 176/1 175/1
f 180/1 178/1 179/1
f 180/1 179/1 1603/1
f 181/1 182/1 179/1
f 181/1 179/1 1874/1
f 179/1 182/1 1920/1
f 179/1 1920/1 1603/1
f 179/1 178/1 2710/1
f 179/1 2710/1 1874/1
f 1407/1 1408/1 182/1
f 1407/1 182/1 181/1
f 184/1 185/1 183/1
f 184/1 183/1 2258/1
f 1103/1 2226/1 183/1
f 1103/1 183/1 1661/1
f 1194/1 153/1 184/1
f 1194/1 184/1 2687/1
f 184/1 2258/1 1280/1
f 184/1 1280/1 2687/1
f 185/1 1180/1 1661/1
f 185/1 1661/1 183/1
f 187/1 188/1 186/1
f 187/1 186/1 1138/1
f 2673/1 132/1 188/1
f 2673/1 188/1 187/1
f 1403/1 1402/1 190/1
f 1403/1 190/1 189/1
f 1468/1 21/1 190/1
f 1468/1 190/1 1797/1
f 192/1 233/1 1145/1
f 192/1 1145/1 118/1
f 2683/1 233/1 192/1
f 2683/1 192/1 193/1
f 193/1 2308/1 2009/1
f 193/1 2009/1 2683/1
f 194/1 205/1 206/1
f 194/1 206/1 195/1
f 194/1 187/1 1138/1
f 194/1 1138/1 205/1
f 196/1 35/1 1397/1
f 196/1 1397/1 2251/1
f 196/1 1427/1 1428/1
f 196/1 1428/1 197/1
f 1459/1 36/1 197/1
f 1459/1 197/1 1734/1
f 200/1 198/1 199/1
f 200/1 199/1 8/1
f 199/1 198/1 1929/1
f 199/1 1929/1 2561/1
f 1721/1 1720/1 200/1
f 1721/1 200/1 2267/1
f 2457/1 198/1 200/1
f 2457/1 200/1 1720/1
f 201/1 145/1 1752/1
f 201/1 1752/1 2501/1
f 202/1 203/1 204/1
f 202/1 204/1 251/1
f 202/1 428/1 1449/1
f 202/1 1449/1 2590/1
f 2590/1 2591/1 203/1
f 2590/1 203/1 202/1
f 204/1 2431/1 252/1
f 204/1 252/1 251/1
f 205/1 1300/1 232/1
f 205/1 232/1 206/1
f 1731/1 195/1 206/1
f 1731/1 206/1 2046/1
f 2098/1 2097/1 207/1
f 2098/1 207/1 57/1
f 208/1 207/1 2097/1
f 208/1 2097/1 211/1
f 211/1 210/1 209/1
f 211/1 209/1 208/1
f 229/1 210/1 211/1
f 229/1 211/1 1095/1
f 214/1 212/1 213/1
f 214/1 213/1 70/1
f 214/1 1579/1 1106/1
f 214/1 1106/1 212/1
f 216/1 217/1 215/1
f 216/1 215/1 2468/1
f 215/1 1731/1 2046/1
f 215/1 2046/1 2468/1
f 1594/1 219/1 218/1
f 1594/1 218/1 2744/1
f 1577/1 69/1 219/1
f 1577/1 219/1 2184/1
f 2275/1 1274/1 220/1
f 2275/1 220/1 3/1
f 222/1 2384/1 2448/1
f 222/1 2448/1 223/1
f 2480/1 2384/1 222/1
f 2480/1 222/1 2232/1
f 225/1 226/1 224/1
f 225/1 224/1 2188/1
f 228/1 227/1 225/1
f 228/1 225/1 2188/1
f 1336/1 226/1 225/1
f 1336/1 225/1 1287/1
f 1508/1 1287/1 225/1
f 1508/1 225/1 227/1
f 226/1 117/1 2404/1
f 226/1 2404/1 224/1
f 227/1 1186/1 1185/1
f 227/1 1185/1 1508/1
f 227/1 228/1 1989/1
f 227/1 1989/1 1186/1
f 228/1 2188/1 1458/1
f 228/1 1458/1 1141/1
f 228/1 1141/1 2090/1
f 228/1 2090/1 1989/1
f 231/1 2202/1 1763/1
f 231/1 1763/1 1383/1
f 2266/1 230/1 231/1
f 2266/1 231/1 1382/1
f 1145/1 233/1 232/1
f 1145/1 232/1 1300/1
f 2046/1 206/1 232/1
f 2046/1 232/1 234/1
f 234/1 232/1 233/1
f 234/1 233/1 2683/1
f 2468/1 2046/1 234/1
f 2468/1 234/1 2008/1
f 236/1 237/1 235/1
f 236/1 235/1 511/1
f 235/1 1574/1 1312/1
f 235/1 1312/1 1166/1
f 235/1 237/1 1936/1
f 235/1 1936/1 1574/1
f 1151/1 1152/1 236/1
f 1151/1 236/1 511/1
f 236/1 1152/1 2100/1
f 236/1 2100/1 2414/1
f 236/1 2414/1 2415/1
f 236/1 2415/1 237/1
f 237/1 2415/1 2550/1
f 237/1 2550/1 1936/1
f 238/1 239/1 240/1
f 238/1 240/1 2580/1
f 238/1 789/1 2136/1
f 238/1 2136/1 239/1
f 240/1 2100/1 1152/1
f 240/1 1152/1 2580/1
f 241/1 242/1 243/1
f 241/1 243/1 464/1
f 241/1 464/1 300/1
f 241/1 300/1 312/1
f 241/1 314/1 2443/1
f 241/1 2443/1 242/1
f 242/1 2443/1 431/1
f 242/1 431/1 335/1
f 243/1 242/1 335/1
f 243/1 335/1 334/1
f 243/1 1848/1 396/1
f 243/1 396/1 464/1
f 245/1 246/1 244/1
f 245/1 244/1 2296/1
f 446/1 2018/1 244/1
f 446/1 244/1 246/1
f 245/1 249/1 445/1
f 245/1 445/1 246/1
f 249/1 247/1 248/1
f 249/1 248/1 445/1
f 248/1 247/1 342/1
f 248/1 342/1 524/1
f 250/1 251/1 252/1
f 250/1 252/1 1358/1
f 250/1 1358/1 1885/1
f 250/1 1885/1 2302/1
f 251/1 250/1 428/1
f 251/1 428/1 202/1
f 1294/1 1295/1 253/1
f 1294/1 253/1 108/1
f 1474/1 1473/1 253/1
f 1474/1 253/1 1295/1
f 253/1 1473/1 2247/1
f 253/1 2247/1 2621/1
f 255/1 256/1 254/1
f 255/1 254/1 1650/1
f 254/1 1248/1 1632/1
f 254/1 1632/1 1650/1
f 2214/1 1789/1 255/1
f 2214/1 255/1 1650/1
f 256/1 2662/1 1904/1
f 256/1 1904/1 254/1
f 258/1 259/1 257/1
f 258/1 257/1 290/1
f 257/1 1421/1 291/1
f 257/1 291/1 290/1
f 322/1 521/1 257/1
f 322/1 257/1 259/1
f 1570/1 259/1 258/1
f 1570/1 258/1 2135/1
f 1546/1 322/1 259/1
f 1546/1 259/1 1570/1
f 262/1 260/1 261/1
f 262/1 261/1 1970/1
f 261/1 528/1 1478/1
f 261/1 1478/1 1970/1
f 2225/1 527/1 261/1
f 2225/1 261/1 260/1
f 263/1 264/1 265/1
f 263/1 265/1 2554/1
f 263/1 1088/1 879/1
f 263/1 879/1 264/1
f 1104/1 1105/1 263/1
f 1104/1 263/1 2554/1
f 878/1 1278/1 264/1
f 878/1 264/1 879/1
f 1113/1 265/1 264/1
f 1113/1 264/1 1278/1
f 265/1 1113/1 1115/1
f 265/1 1115/1 1913/1
f 266/1 2205/1 2262/1
f 266/1 2262/1 267/1
f 2278/1 2424/1 266/1
f 2278/1 266/1 268/1
f 268/1 266/1 267/1
f 268/1 267/1 1118/1
f 1116/1 1118/1 267/1
f 1116/1 267/1 1728/1
f 2013/1 2582/1 269/1
f 2013/1 269/1 2418/1
f 2581/1 270/1 269/1
f 2581/1 269/1 2582/1
f 271/1 269/1 270/1
f 271/1 270/1 382/1
f 270/1 2581/1 2682/1
f 270/1 2682/1 462/1
f 271/1 382/1 392/1
f 271/1 392/1 352/1
f 2418/1 269/1 271/1
f 2418/1 271/1 353/1
f 272/1 274/1 1528/1
f 272/1 1528/1 361/1
f 274/1 272/1 273/1
f 274/1 273/1 1350/1
f 362/1 363/1 273/1
f 362/1 273/1 1290/1
f 479/1 1290/1 273/1
f 479/1 273/1 272/1
f 274/1 1351/1 478/1
f 274/1 478/1 1528/1
f 274/1 1350/1 1349/1
f 274/1 1349/1 1351/1
f 1576/1 1297/1 275/1
f 1576/1 275/1 1360/1
f 277/1 275/1 276/1
f 277/1 276/1 2279/1
f 1297/1 1296/1 276/1
f 1297/1 276/1 275/1
f 2458/1 2669/1 276/1
f 2458/1 276/1 1296/1
f 276/1 2669/1 2668/1
f 276/1 2668/1 2279/1
f 277/1 2279/1 410/1
f 277/1 410/1 412/1
f 277/1 1885/1 1360/1
f 277/1 1360/1 275/1
f 2302/1 1885/1 277/1
f 2302/1 277/1 412/1
f 280/1 278/1 279/1
f 280/1 279/1 1301/1
f 279/1 278/1 2037/1
f 279/1 2037/1 1873/1
f 279/1 1873/1 2170/1
f 279/1 2170/1 2169/1
f 279/1 2169/1 2456/1
f 279/1 2456/1 1301/1
f 280/1 1301/1 1302/1
f 280/1 1302/1 2450/1
f 282/1 283/1 281/1
f 282/1 281/1 1250/1
f 298/1 299/1 281/1
f 298/1 281/1 2121/1
f 1249/1 1250/1 281/1
f 1249/1 281/1 299/1
f 454/1 453/1 283/1
f 454/1 283/1 282/1
f 2121/1 281/1 283/1
f 2121/1 283/1 311/1
f 285/1 286/1 284/1
f 285/1 284/1 355/1
f 354/1 355/1 284/1
f 354/1 284/1 528/1
f 284/1 286/1 1191/1
f 284/1 1191/1 2264/1
f 284/1 2264/1 1478/1
f 284/1 1478/1 528/1
f 347/1 286/1 285/1
f 347/1 285/1 348/1
f 1241/1 1460/1 285/1
f 1241/1 285/1 355/1
f 434/1 1191/1 286/1
f 434/1 286/1 347/1
f 287/1 288/1 289/1
f 287/1 289/1 480/1
f 431/1 288/1 287/1
f 431/1 287/1 451/1
f 383/1 289/1 288/1
f 383/1 288/1 381/1
f 290/1 291/1 292/1
f 290/1 292/1 2412/1
f 510/1 258/1 290/1
f 510/1 290/1 2412/1
f 291/1 1421/1 2122/1
f 291/1 2122/1 942/1
f 292/1 291/1 942/1
f 292/1 942/1 1220/1
f 1105/1 1104/1 292/1
f 1105/1 292/1 1220/1
f 292/1 1104/1 1535/1
f 292/1 1535/1 2412/1
f 2409/1 1412/1 293/1
f 2409/1 293/1 294/1
f 492/1 491/1 294/1
f 492/1 294/1 19/1
f 2410/1 2409/1 294/1
f 2410/1 294/1 491/1
f 295/1 1557/1 1558/1
f 295/1 1558/1 296/1
f 297/1 295/1 296/1
f 297/1 296/1 2269/1
f 296/1 413/1 1780/1
f 296/1 1780/1 2269/1
f 296/1 1558/1 1793/1
f 296/1 1793/1 413/1
f 1940/1 357/1 297/1
f 1940/1 297/1 2269/1
f 2611/1 295/1 297/1
f 2611/1 297/1 356/1
f 298/1 1547/1 1470/1
f 298/1 1470/1 299/1
f 300/1 301/1 302/1
f 300/1 302/1 2437/1
f 464/1 396/1 301/1
f 464/1 301/1 300/1
f 2478/1 302/1 301/1
f 2478/1 301/1 397/1
f 2262/1 2511/1 302/1
f 2262/1 302/1 2478/1
f 303/1 305/1 398/1
f 303/1 398/1 460/1
f 303/1 460/1 459/1
f 303/1 459/1 447/1
f 305/1 303/1 304/1
f 305/1 304/1 1787/1
f 447/1 317/1 304/1
f 447/1 304/1 303/1
f 304/1 316/1 1374/1
f 304/1 1374/1 1787/1
f 306/1 307/1 308/1
f 306/1 308/1 2706/1
f 306/1 2670/1 2661/1
f 306/1 2661/1 307/1
f 2004/1 465/1 307/1
f 2004/1 307/1 2661/1
f 308/1 404/1 375/1
f 308/1 375/1 2706/1
f 465/1 466/1 308/1
f 465/1 308/1 307/1
f 309/1 453/1 455/1
f 309/1 455/1 2612/1
f 311/1 309/1 310/1
f 311/1 310/1 2038/1
f 310/1 2629/1 2419/1
f 310/1 2419/1 1269/1
f 2612/1 2629/1 310/1
f 2612/1 310/1 309/1
f 311/1 283/1 453/1
f 311/1 453/1 309/1
f 312/1 313/1 314/1
f 312/1 314/1 241/1
f 2437/1 1454/1 312/1
f 2437/1 312/1 300/1
f 392/1 314/1 313/1
f 392/1 313/1 352/1
f 1270/1 352/1 313/1
f 1270/1 313/1 1455/1
f 1454/1 1455/1 313/1
f 1454/1 313/1 312/1
f 2261/1 316/1 315/1
f 2261/1 315/1 2290/1
f 2614/1 2613/1 315/1
f 2614/1 315/1 317/1
f 317/1 315/1 316/1
f 317/1 316/1 304/1
f 317/1 447/1 499/1
f 317/1 499/1 2614/1
f 318/1 1652/1 2242/1
f 318/1 2242/1 319/1
f 320/1 318/1 319/1
f 320/1 319/1 1624/1
f 1405/1 318/1 320/1
f 1405/1 320/1 1644/1
f 321/1 347/1 348/1
f 321/1 348/1 2548/1
f 321/1 323/1 434/1
f 321/1 434/1 347/1
f 521/1 322/1 321/1
f 521/1 321/1 2548/1
f 323/1 321/1 322/1
f 323/1 322/1 1546/1
f 389/1 434/1 323/1
f 389/1 323/1 2648/1
f 323/1 1546/1 2578/1
f 323/1 2578/1 2648/1
f 324/1 452/1 506/1
f 324/1 506/1 325/1
f 326/1 324/1 325/1
f 326/1 325/1 1670/1
f 378/1 1670/1 325/1
f 378/1 325/1 379/1
f 325/1 506/1 505/1
f 325/1 505/1 379/1
f 326/1 370/1 371/1
f 326/1 371/1 1937/1
f 326/1 1937/1 1853/1
f 326/1 1853/1 324/1
f 327/1 329/1 523/1
f 327/1 523/1 2413/1
f 526/1 1132/1 327/1
f 526/1 327/1 2413/1
f 329/1 327/1 328/1
f 329/1 328/1 1635/1
f 328/1 1195/1 483/1
f 328/1 483/1 1635/1
f 500/1 1195/1 328/1
f 500/1 328/1 2569/1
f 328/1 327/1 1132/1
f 328/1 1132/1 2569/1
f 2242/1 2416/1 330/1
f 2242/1 330/1 332/1
f 332/1 330/1 331/1
f 332/1 331/1 2496/1
f 331/1 472/1 2573/1
f 331/1 2573/1 2496/1
f 334/1 335/1 333/1
f 334/1 333/1 461/1
f 339/1 340/1 334/1
f 339/1 334/1 461/1
f 1848/1 243/1 334/1
f 1848/1 334/1 340/1
f 335/1 431/1 451/1
f 335/1 451/1 333/1
f 337/1 338/1 336/1
f 337/1 336/1 1559/1
f 375/1 376/1 336/1
f 375/1 336/1 2706/1
f 1271/1 1559/1 336/1
f 1271/1 336/1 376/1
f 1887/1 1886/1 338/1
f 1887/1 338/1 337/1
f 338/1 1886/1 2670/1
f 338/1 2670/1 306/1
f 2706/1 336/1 338/1
f 2706/1 338/1 306/1
f 360/1 340/1 339/1
f 360/1 339/1 361/1
f 339/1 461/1 1852/1
f 339/1 1852/1 479/1
f 430/1 1848/1 340/1
f 430/1 340/1 360/1
f 342/1 343/1 341/1
f 342/1 341/1 524/1
f 1732/1 341/1 343/1
f 1732/1 343/1 1733/1
f 344/1 345/1 346/1
f 344/1 346/1 2286/1
f 344/1 1464/1 1465/1
f 344/1 1465/1 345/1
f 1515/1 1772/1 344/1
f 1515/1 344/1 2286/1
f 427/1 346/1 345/1
f 427/1 345/1 1294/1
f 345/1 1465/1 1295/1
f 345/1 1295/1 1294/1
f 2677/1 2286/1 346/1
f 2677/1 346/1 2252/1
f 348/1 513/1 522/1
f 348/1 522/1 2548/1
f 348/1 285/1 1460/1
f 348/1 1460/1 513/1
f 350/1 351/1 349/1
f 350/1 349/1 1161/1
f 446/1 482/1 349/1
f 446/1 349/1 2018/1
f 349/1 351/1 2017/1
f 349/1 2017/1 2018/1
f 350/1 1161/1 1160/1
f 350/1 1160/1 2060/1
f 1575/1 351/1 350/1
f 1575/1 350/1 1119/1
f 353/1 271/1 352/1
f 353/1 352/1 1270/1
f 1269/1 2419/1 353/1
f 1269/1 353/1 1270/1
f 354/1 527/1 503/1
f 354/1 503/1 2325/1
f 1241/1 355/1 354/1
f 1241/1 354/1 2325/1
f 357/1 358/1 356/1
f 357/1 356/1 297/1
f 368/1 2611/1 356/1
f 368/1 356/1 1120/1
f 358/1 1121/1 1120/1
f 358/1 1120/1 356/1
f 1624/1 1625/1 358/1
f 1624/1 358/1 357/1
f 359/1 360/1 361/1
f 359/1 361/1 1528/1
f 478/1 407/1 359/1
f 478/1 359/1 1528/1
f 1833/1 429/1 359/1
f 1833/1 359/1 407/1
f 429/1 430/1 360/1
f 429/1 360/1 359/1
f 479/1 272/1 361/1
f 479/1 361/1 339/1
f 371/1 2104/1 362/1
f 371/1 362/1 1937/1
f 363/1 1225/1 517/1
f 363/1 517/1 1781/1
f 1350/1 273/1 363/1
f 1350/1 363/1 1781/1
f 363/1 362/1 2104/1
f 363/1 2104/1 1225/1
f 2034/1 2440/1 364/1
f 2034/1 364/1 391/1
f 366/1 364/1 365/1
f 366/1 365/1 423/1
f 365/1 2439/1 1496/1
f 365/1 1496/1 1495/1
f 2440/1 2439/1 365/1
f 2440/1 365/1 364/1
f 366/1 390/1 391/1
f 366/1 391/1 364/1
f 2489/1 2029/1 366/1
f 2489/1 366/1 423/1
f 2635/1 390/1 366/1
f 2635/1 366/1 2029/1
f 367/1 2612/1 455/1
f 367/1 455/1 2421/1
f 367/1 2421/1 2611/1
f 367/1 2611/1 368/1
f 367/1 369/1 2629/1
f 367/1 2629/1 2612/1
f 369/1 367/1 368/1
f 369/1 368/1 2350/1
f 368/1 1120/1 1304/1
f 368/1 1304/1 2350/1
f 432/1 433/1 369/1
f 432/1 369/1 2350/1
f 370/1 509/1 510/1
f 370/1 510/1 1899/1
f 370/1 326/1 1670/1
f 370/1 1670/1 509/1
f 1899/1 1898/1 371/1
f 1899/1 371/1 370/1
f 373/1 374/1 372/1
f 373/1 372/1 1314/1
f 372/1 2174/1 1315/1
f 372/1 1315/1 1314/1
f 2210/1 2174/1 372/1
f 2210/1 372/1 2429/1
f 2430/1 2429/1 372/1
f 2430/1 372/1 374/1
f 2395/1 374/1 373/1
f 2395/1 373/1 414/1
f 2678/1 2430/1 374/1
f 2678/1 374/1 2395/1
f 2224/1 508/1 375/1
f 2224/1 375/1 404/1
f 508/1 507/1 376/1
f 508/1 376/1 375/1
f 378/1 379/1 377/1
f 378/1 377/1 1571/1
f 377/1 379/1 505/1
f 377/1 505/1 1627/1
f 1626/1 1655/1 377/1
f 1626/1 377/1 1627/1
f 2578/1 1571/1 377/1
f 2578/1 377/1 1655/1
f 378/1 2135/1 509/1
f 378/1 509/1 1670/1
f 378/1 1571/1 1570/1
f 378/1 1570/1 2135/1
f 1412/1 1413/1 380/1
f 1412/1 380/1 293/1
f 2174/1 2210/1 380/1
f 2174/1 380/1 1413/1
f 382/1 383/1 381/1
f 382/1 381/1 392/1
f 381/1 288/1 431/1
f 381/1 431/1 2443/1
f 382/1 270/1 462/1
f 382/1 462/1 383/1
f 383/1 462/1 463/1
f 383/1 463/1 289/1
f 2342/1 385/1 384/1
f 2342/1 384/1 394/1
f 386/1 384/1 385/1
f 386/1 385/1 2353/1
f 385/1 2343/1 2451/1
f 385/1 2451/1 2353/1
f 1302/1 2519/1 386/1
f 1302/1 386/1 2353/1
f 2189/1 384/1 386/1
f 2189/1 386/1 2556/1
f 389/1 387/1 388/1
f 389/1 388/1 1190/1
f 405/1 406/1 388/1
f 405/1 388/1 387/1
f 444/1 387/1 389/1
f 444/1 389/1 2648/1
f 389/1 1190/1 1191/1
f 389/1 1191/1 434/1
f 2724/1 2033/1 391/1
f 2724/1 391/1 390/1
f 2443/1 314/1 392/1
f 2443/1 392/1 381/1
f 1260/1 1262/1 393/1
f 1260/1 393/1 2738/1
f 393/1 395/1 1944/1
f 393/1 1944/1 2738/1
f 393/1 1262/1 2342/1
f 393/1 2342/1 394/1
f 395/1 393/1 394/1
f 395/1 394/1 449/1
f 394/1 384/1 2189/1
f 394/1 2189/1 449/1
f 395/1 448/1 2707/1
f 395/1 2707/1 1944/1
f 397/1 301/1 396/1
f 397/1 396/1 1170/1
f 1725/1 1724/1 397/1
f 1725/1 397/1 1170/1
f 1728/1 2478/1 397/1
f 1728/1 397/1 1724/1
f 398/1 305/1 1312/1
f 398/1 1312/1 1574/1
f 1506/1 460/1 398/1
f 1506/1 398/1 2288/1
f 398/1 1574/1 1936/1
f 398/1 1936/1 2288/1
f 1425/1 400/1 399/1
f 1425/1 399/1 2117/1
f 399/1 2575/1 2679/1
f 399/1 2679/1 2117/1
f 401/1 399/1 400/1
f 401/1 400/1 1167/1
f 1213/1 1204/1 400/1
f 1213/1 400/1 1425/1
f 401/1 1167/1 1116/1
f 401/1 1116/1 1727/1
f 401/1 2234/1 2575/1
f 401/1 2575/1 399/1
f 1128/1 2054/1 402/1
f 1128/1 402/1 466/1
f 402/1 2054/1 2034/1
f 402/1 2034/1 403/1
f 404/1 402/1 403/1
f 404/1 403/1 2224/1
f 2565/1 2224/1 403/1
f 2565/1 403/1 2033/1
f 404/1 308/1 466/1
f 404/1 466/1 402/1
f 444/1 1656/1 405/1
f 444/1 405/1 387/1
f 2246/1 525/1 405/1
f 2246/1 405/1 1656/1
f 525/1 526/1 406/1
f 525/1 406/1 405/1
f 2305/1 388/1 406/1
f 2305/1 406/1 2606/1
f 408/1 409/1 407/1
f 408/1 407/1 478/1
f 408/1 478/1 1351/1
f 408/1 1351/1 2084/1
f 409/1 2277/1 1833/1
f 409/1 1833/1 407/1
f 409/1 408/1 2261/1
f 409/1 2261/1 2290/1
f 1718/1 411/1 410/1
f 1718/1 410/1 2280/1
f 412/1 410/1 411/1
f 412/1 411/1 1093/1
f 411/1 1718/1 1719/1
f 411/1 1719/1 2275/1
f 414/1 373/1 413/1
f 414/1 413/1 1793/1
f 413/1 373/1 1314/1
f 413/1 1314/1 1780/1
f 416/1 417/1 415/1
f 416/1 415/1 2518/1
f 417/1 416/1 1895/1
f 417/1 1895/1 1934/1
f 417/1 2555/1 2556/1
f 417/1 2556/1 415/1
f 2559/1 2555/1 417/1
f 2559/1 417/1 1934/1
f 418/1 419/1 420/1
f 418/1 420/1 499/1
f 418/1 499/1 447/1
f 418/1 447/1 459/1
f 418/1 459/1 1406/1
f 418/1 1406/1 2406/1
f 418/1 2406/1 2408/1
f 418/1 2408/1 419/1
f 2357/1 474/1 419/1
f 2357/1 419/1 2408/1
f 474/1 473/1 420/1
f 474/1 420/1 419/1
f 1126/1 1127/1 420/1
f 1126/1 420/1 473/1
f 420/1 1127/1 2614/1
f 420/1 2614/1 499/1
f 421/1 1495/1 1497/1
f 421/1 1497/1 2452/1
f 421/1 2452/1 1933/1
f 421/1 1933/1 422/1
f 423/1 421/1 422/1
f 423/1 422/1 2489/1
f 422/1 1933/1 1426/1
f 422/1 1426/1 1834/1
f 1495/1 421/1 423/1
f 1495/1 423/1 365/1
f 424/1 425/1 426/1
f 424/1 426/1 2523/1
f 1214/1 425/1 424/1
f 1214/1 424/1 2515/1
f 2741/1 2700/1 424/1
f 2741/1 424/1 2523/1
f 467/1 2297/1 426/1
f 467/1 426/1 1726/1
f 1599/1 1726/1 426/1
f 1599/1 426/1 425/1
f 426/1 2297/1 2206/1
f 426/1 2206/1 2523/1
f 2155/1 2156/1 427/1
f 2155/1 427/1 2400/1
f 427/1 2156/1 2252/1
f 427/1 2252/1 346/1
f 428/1 250/1 2302/1
f 428/1 2302/1 2/1
f 1725/1 1170/1 430/1
f 1725/1 430/1 429/1
f 1160/1 2013/1 432/1
f 1160/1 432/1 2060/1
f 2418/1 433/1 432/1
f 2418/1 432/1 2013/1
f 2629/1 369/1 433/1
f 2629/1 433/1 2419/1
f 436/1 437/1 435/1
f 436/1 435/1 1884/1
f 448/1 1884/1 435/1
f 448/1 435/1 2707/1
f 435/1 1296/1 1297/1
f 435/1 1297/1 2707/1
f 2458/1 1296/1 435/1
f 2458/1 435/1 437/1
f 438/1 439/1 440/1
f 438/1 440/1 1652/1
f 1968/1 1967/1 439/1
f 1968/1 439/1 438/1
f 442/1 443/1 441/1
f 442/1 441/1 1144/1
f 441/1 1788/1 1789/1
f 441/1 1789/1 2214/1
f 477/1 443/1 442/1
f 477/1 442/1 475/1
f 1480/1 1479/1 442/1
f 1480/1 442/1 1144/1
f 443/1 477/1 1222/1
f 443/1 1222/1 2755/1
f 1788/1 441/1 443/1
f 1788/1 443/1 2755/1
f 2578/1 1655/1 444/1
f 2578/1 444/1 2648/1
f 446/1 246/1 445/1
f 446/1 445/1 483/1
f 1635/1 483/1 445/1
f 1635/1 445/1 248/1
f 449/1 450/1 448/1
f 449/1 448/1 395/1
f 448/1 450/1 2722/1
f 448/1 2722/1 1884/1
f 1098/1 2722/1 450/1
f 1098/1 450/1 2666/1
f 2189/1 2666/1 450/1
f 2189/1 450/1 449/1
f 452/1 333/1 451/1
f 452/1 451/1 506/1
f 505/1 506/1 451/1
f 505/1 451/1 287/1
f 461/1 333/1 452/1
f 461/1 452/1 1852/1
f 1853/1 1852/1 452/1
f 1853/1 452/1 324/1
f 455/1 453/1 454/1
f 455/1 454/1 1951/1
f 454/1 1515/1 1516/1
f 454/1 1516/1 1951/1
f 454/1 282/1 1772/1
f 454/1 1772/1 1515/1
f 457/1 458/1 456/1
f 457/1 456/1 1877/1
f 1876/1 1877/1 456/1
f 1876/1 456/1 2741/1
f 1480/1 2142/1 457/1
f 1480/1 457/1 1877/1
f 1849/1 458/1 457/1
f 1849/1 457/1 2039/1
f 1398/1 456/1 458/1
f 1398/1 458/1 1850/1
f 1406/1 459/1 460/1
f 1406/1 460/1 1506/1
f 2454/1 463/1 462/1
f 2454/1 462/1 2682/1
f 463/1 481/1 480/1
f 463/1 480/1 289/1
f 2246/1 481/1 463/1
f 2246/1 463/1 2454/1
f 1128/1 466/1 465/1
f 1128/1 465/1 1129/1
f 465/1 2004/1 2688/1
f 465/1 2688/1 1129/1
f 468/1 469/1 467/1
f 468/1 467/1 484/1
f 485/1 484/1 467/1
f 485/1 467/1 1726/1
f 467/1 469/1 1831/1
f 467/1 1831/1 2297/1
f 1587/1 1589/1 468/1
f 1587/1 468/1 1794/1
f 468/1 484/1 1795/1
f 468/1 1795/1 1794/1
f 476/1 1831/1 469/1
f 476/1 469/1 1380/1
f 1589/1 1380/1 469/1
f 1589/1 469/1 468/1
f 472/1 470/1 471/1
f 472/1 471/1 2573/1
f 496/1 2573/1 471/1
f 496/1 471/1 2017/1
f 2018/1 2017/1 471/1
f 2018/1 471/1 244/1
f 2296/1 244/1 471/1
f 2296/1 471/1 470/1
f 1426/1 1126/1 473/1
f 1426/1 473/1 1834/1
f 1834/1 473/1 474/1
f 1834/1 474/1 2356/1
f 475/1 442/1 1479/1
f 475/1 1479/1 1832/1
f 475/1 1832/1 1831/1
f 475/1 1831/1 476/1
f 477/1 475/1 476/1
f 477/1 476/1 1223/1
f 480/1 1627/1 505/1
f 480/1 505/1 287/1
f 1626/1 1627/1 480/1
f 1626/1 480/1 481/1
f 482/1 446/1 483/1
f 482/1 483/1 1195/1
f 500/1 501/1 482/1
f 500/1 482/1 1195/1
f 1161/1 349/1 482/1
f 1161/1 482/1 501/1
f 484/1 485/1 1513/1
f 484/1 1513/1 1795/1
f 485/1 1726/1 1599/1
f 485/1 1599/1 2345/1
f 486/1 1814/1 2341/1
f 486/1 2341/1 487/1
f 488/1 486/1 487/1
f 488/1 487/1 1264/1
f 1265/1 1264/1 487/1
f 1265/1 487/1 2720/1
f 488/1 489/1 490/1
f 488/1 490/1 486/1
f 488/1 1264/1 1895/1
f 488/1 1895/1 416/1
f 2518/1 489/1 488/1
f 2518/1 488/1 416/1
f 489/1 2169/1 2170/1
f 489/1 2170/1 490/1
f 2456/1 2169/1 489/1
f 2456/1 489/1 2518/1
f 1814/1 486/1 490/1
f 1814/1 490/1 1271/1
f 2304/1 2303/1 493/1
f 2304/1 493/1 1501/1
f 495/1 493/1 494/1
f 495/1 494/1 1552/1
f 2303/1 1463/1 494/1
f 2303/1 494/1 493/1
f 495/1 1552/1 1166/1
f 495/1 1166/1 2592/1
f 495/1 1502/1 1501/1
f 495/1 1501/1 493/1
f 497/1 498/1 496/1
f 497/1 496/1 1575/1
f 498/1 497/1 1625/1
f 498/1 1625/1 2497/1
f 2573/1 496/1 498/1
f 2573/1 498/1 2496/1
f 1134/1 1299/1 500/1
f 1134/1 500/1 2569/1
f 501/1 500/1 1299/1
f 501/1 1299/1 1162/1
f 503/1 504/1 502/1
f 503/1 502/1 2116/1
f 502/1 2134/1 1099/1
f 502/1 1099/1 2116/1
f 503/1 2116/1 2115/1
f 503/1 2115/1 2325/1
f 2225/1 504/1 503/1
f 2225/1 503/1 527/1
f 1271/1 376/1 507/1
f 1271/1 507/1 1814/1
f 2341/1 1814/1 507/1
f 2341/1 507/1 2208/1
f 2208/1 507/1 508/1
f 2208/1 508/1 2315/1
f 2565/1 2315/1 508/1
f 2565/1 508/1 2224/1
f 1535/1 1899/1 510/1
f 1535/1 510/1 2412/1
f 510/1 509/1 2135/1
f 510/1 2135/1 258/1
f 511/1 235/1 1166/1
f 511/1 1166/1 1552/1
f 522/1 513/1 512/1
f 522/1 512/1 1168/1
f 814/1 1168/1 512/1
f 814/1 512/1 815/1
f 514/1 512/1 513/1
f 514/1 513/1 1460/1
f 815/1 512/1 514/1
f 815/1 514/1 2131/1
f 515/1 518/1 519/1
f 515/1 519/1 516/1
f 515/1 517/1 1679/1
f 515/1 1679/1 2639/1
f 2154/1 518/1 515/1
f 2154/1 515/1 2639/1
f 517/1 515/1 516/1
f 517/1 516/1 1781/1
f 2085/1 1349/1 516/1
f 2085/1 516/1 519/1
f 517/1 1225/1 1544/1
f 517/1 1544/1 1679/1
f 2588/1 1543/1 518/1
f 2588/1 518/1 2154/1
f 1543/1 1542/1 519/1
f 1543/1 519/1 518/1
f 519/1 1542/1 2506/1
f 519/1 2506/1 2085/1
f 520/1 522/1 1168/1
f 520/1 1168/1 2626/1
f 2122/1 1421/1 520/1
f 2122/1 520/1 2626/1
f 522/1 520/1 521/1
f 522/1 521/1 2548/1
f 521/1 520/1 1421/1
f 521/1 1421/1 257/1
f 524/1 341/1 523/1
f 524/1 523/1 329/1
f 1732/1 2052/1 523/1
f 1732/1 523/1 341/1
f 523/1 2052/1 2606/1
f 523/1 2606/1 2413/1
f 524/1 329/1 1635/1
f 524/1 1635/1 248/1
f 525/1 1133/1 1132/1
f 525/1 1132/1 526/1
f 2606/1 406/1 526/1
f 2606/1 526/1 2413/1
f 528/1 261/1 527/1
f 528/1 527/1 354/1
f 664/1 666/1 529/1
f 664/1 529/1 531/1
f 529/1 666/1 2114/1
f 529/1 2114/1 1946/1
f 529/1 1946/1 2632/1
f 529/1 2632/1 530/1
f 531/1 529/1 530/1
f 531/1 530/1 2113/1
f 531/1 2113/1 1908/1
f 531/1 1908/1 1448/1
f 532/1 533/1 534/1
f 532/1 534/1 583/1
f 610/1 609/1 532/1
f 610/1 532/1 2745/1
f 533/1 532/1 609/1
f 533/1 609/1 1441/1
f 1423/1 534/1 533/1
f 1423/1 533/1 1440/1
f 534/1 1537/1 1538/1
f 534/1 1538/1 583/1
f 536/1 537/1 535/1
f 536/1 535/1 738/1
f 535/1 1084/1 1085/1
f 535/1 1085/1 738/1
f 1701/1 537/1 536/1
f 1701/1 536/1 2553/1
f 537/1 1701/1 1325/1
f 537/1 1325/1 2530/1
f 537/1 2530/1 2531/1
f 537/1 2531/1 535/1
f 538/1 539/1 540/1
f 538/1 540/1 1668/1
f 538/1 707/1 564/1
f 538/1 564/1 566/1
f 538/1 1668/1 749/1
f 538/1 749/1 707/1
f 566/1 579/1 539/1
f 566/1 539/1 538/1
f 2605/1 540/1 539/1
f 2605/1 539/1 752/1
f 540/1 2605/1 1868/1
f 540/1 1868/1 2671/1
f 542/1 543/1 541/1
f 542/1 541/1 742/1
f 541/1 691/1 2627/1
f 541/1 2627/1 1689/1
f 543/1 692/1 691/1
f 543/1 691/1 541/1
f 1305/1 1482/1 543/1
f 1305/1 543/1 542/1
f 543/1 1482/1 2300/1
f 543/1 2300/1 692/1
f 546/1 544/1 545/1
f 546/1 545/1 2337/1
f 2146/1 2337/1 545/1
f 2146/1 545/1 700/1
f 2331/1 2312/1 545/1
f 2331/1 545/1 544/1
f 546/1 2337/1 1149/1
f 546/1 1149/1 2094/1
f 2697/1 544/1 546/1
f 2697/1 546/1 2728/1
f 548/1 549/1 547/1
f 548/1 547/1 2713/1
f 2645/1 2713/1 547/1
f 2645/1 547/1 754/1
f 1636/1 2003/1 548/1
f 1636/1 548/1 2701/1
f 2003/1 1966/1 549/1
f 2003/1 549/1 548/1
f 551/1 552/1 550/1
f 551/1 550/1 1505/1
f 550/1 552/1 1171/1
f 550/1 1171/1 2711/1
f 550/1 2201/1 1199/1
f 550/1 1199/1 1505/1
f 1572/1 2201/1 550/1
f 1572/1 550/1 2711/1
f 551/1 553/1 554/1
f 551/1 554/1 552/1
f 2190/1 2663/1 551/1
f 2190/1 551/1 1505/1
f 553/1 551/1 2663/1
f 553/1 2663/1 1375/1
f 554/1 2096/1 1171/1
f 554/1 1171/1 552/1
f 1376/1 2032/1 554/1
f 1376/1 554/1 553/1
f 1888/1 2096/1 554/1
f 1888/1 554/1 2032/1
f 556/1 557/1 555/1
f 556/1 555/1 2006/1
f 2162/1 1872/1 555/1
f 2162/1 555/1 557/1
f 556/1 2702/1 1994/1
f 556/1 1994/1 557/1
f 576/1 578/1 558/1
f 576/1 558/1 1704/1
f 560/1 558/1 559/1
f 560/1 559/1 1923/1
f 578/1 747/1 559/1
f 578/1 559/1 558/1
f 559/1 747/1 748/1
f 559/1 748/1 1471/1
f 559/1 1471/1 2401/1
f 559/1 2401/1 1923/1
f 1704/1 558/1 560/1
f 1704/1 560/1 2737/1
f 562/1 563/1 561/1
f 562/1 561/1 2245/1
f 1619/1 971/1 561/1
f 1619/1 561/1 563/1
f 561/1 808/1 2327/1
f 561/1 2327/1 2245/1
f 562/1 2180/1 1620/1
f 562/1 1620/1 563/1
f 2219/1 2193/1 562/1
f 2219/1 562/1 2245/1
f 565/1 566/1 564/1
f 565/1 564/1 654/1
f 564/1 1400/1 1399/1
f 564/1 1399/1 654/1
f 579/1 566/1 565/1
f 579/1 565/1 2152/1
f 1896/1 2152/1 565/1
f 1896/1 565/1 653/1
f 567/1 568/1 569/1
f 567/1 569/1 1643/1
f 1211/1 2564/1 567/1
f 1211/1 567/1 1643/1
f 567/1 1477/1 1476/1
f 567/1 1476/1 568/1
f 1965/1 1477/1 567/1
f 1965/1 567/1 2564/1
f 568/1 1476/1 1867/1
f 568/1 1867/1 1866/1
f 568/1 1866/1 2358/1
f 568/1 2358/1 569/1
f 570/1 571/1 572/1
f 570/1 572/1 593/1
f 570/1 593/1 630/1
f 570/1 630/1 632/1
f 1340/1 1341/1 570/1
f 1340/1 570/1 632/1
f 1748/1 571/1 570/1
f 1748/1 570/1 1341/1
f 607/1 1917/1 571/1
f 607/1 571/1 1748/1
f 2316/1 572/1 571/1
f 2316/1 571/1 1917/1
f 574/1 575/1 573/1
f 574/1 573/1 1959/1
f 573/1 2460/1 656/1
f 573/1 656/1 1959/1
f 575/1 574/1 1901/1
f 575/1 1901/1 1664/1
f 1337/1 577/1 576/1
f 1337/1 576/1 2310/1
f 578/1 576/1 577/1
f 578/1 577/1 679/1
f 579/1 2152/1 616/1
f 579/1 616/1 714/1
f 752/1 539/1 579/1
f 752/1 579/1 714/1
f 580/1 581/1 582/1
f 580/1 582/1 706/1
f 580/1 2376/1 2375/1
f 580/1 2375/1 1272/1
f 581/1 580/1 1272/1
f 581/1 1272/1 2570/1
f 581/1 1665/1 1400/1
f 581/1 1400/1 582/1
f 581/1 2570/1 1663/1
f 581/1 1663/1 1665/1
f 584/1 585/1 583/1
f 584/1 583/1 1538/1
f 2745/1 532/1 583/1
f 2745/1 583/1 585/1
f 2708/1 2730/1 584/1
f 2708/1 584/1 1538/1
f 586/1 587/1 588/1
f 586/1 588/1 1784/1
f 588/1 645/1 1273/1
f 588/1 1273/1 1784/1
f 588/1 587/1 2259/1
f 588/1 2259/1 1094/1
f 589/1 590/1 591/1
f 589/1 591/1 2698/1
f 1803/1 1802/1 590/1
f 1803/1 590/1 589/1
f 593/1 572/1 592/1
f 593/1 592/1 2171/1
f 1892/1 2171/1 592/1
f 1892/1 592/1 1770/1
f 2316/1 1771/1 592/1
f 2316/1 592/1 572/1
f 594/1 595/1 596/1
f 594/1 596/1 2528/1
f 594/1 1524/1 1523/1
f 594/1 1523/1 595/1
f 617/1 596/1 595/1
f 617/1 595/1 2503/1
f 595/1 1523/1 1150/1
f 595/1 1150/1 2503/1
f 596/1 617/1 1444/1
f 596/1 1444/1 1996/1
f 596/1 1996/1 2751/1
f 596/1 2751/1 2528/1
f 1897/1 2514/1 597/1
f 1897/1 597/1 614/1
f 597/1 2514/1 2256/1
f 597/1 2256/1 598/1
f 599/1 597/1 598/1
f 599/1 598/1 722/1
f 599/1 1612/1 614/1
f 599/1 614/1 597/1
f 600/1 601/1 602/1
f 600/1 602/1 700/1
f 648/1 601/1 600/1
f 648/1 600/1 698/1
f 699/1 698/1 600/1
f 699/1 600/1 2312/1
f 601/1 648/1 647/1
f 601/1 647/1 2469/1
f 602/1 601/1 2469/1
f 602/1 2469/1 689/1
f 603/1 604/1 605/1
f 603/1 605/1 2161/1
f 603/1 1800/1 1801/1
f 603/1 1801/1 604/1
f 1364/1 1366/1 604/1
f 1364/1 604/1 1801/1
f 1953/1 605/1 604/1
f 1953/1 604/1 1366/1
f 758/1 757/1 605/1
f 758/1 605/1 1953/1
f 606/1 607/1 608/1
f 606/1 608/1 1330/1
f 607/1 1748/1 1749/1
f 607/1 1749/1 608/1
f 607/1 606/1 2385/1
f 607/1 2385/1 1917/1
f 2079/1 1330/1 608/1
f 2079/1 608/1 2138/1
f 734/1 733/1 609/1
f 734/1 609/1 610/1
f 2595/1 1441/1 609/1
f 2595/1 609/1 733/1
f 670/1 671/1 611/1
f 670/1 611/1 636/1
f 613/1 611/1 612/1
f 613/1 612/1 1584/1
f 612/1 611/1 671/1
f 612/1 671/1 731/1
f 612/1 732/1 1401/1
f 612/1 1401/1 1584/1
f 636/1 611/1 613/1
f 636/1 613/1 704/1
f 613/1 1584/1 1583/1
f 613/1 1583/1 705/1
f 614/1 615/1 616/1
f 614/1 616/1 1897/1
f 614/1 1612/1 2230/1
f 614/1 2230/1 615/1
f 714/1 616/1 615/1
f 714/1 615/1 751/1
f 615/1 2230/1 1469/1
f 615/1 1469/1 751/1
f 1896/1 1897/1 616/1
f 1896/1 616/1 2152/1
f 1445/1 1444/1 617/1
f 1445/1 617/1 2622/1
f 618/1 701/1 753/1
f 618/1 753/1 619/1
f 620/1 618/1 619/1
f 620/1 619/1 2659/1
f 620/1 1165/1 702/1
f 620/1 702/1 618/1
f 621/1 622/1 623/1
f 621/1 623/1 723/1
f 621/1 723/1 1840/1
f 621/1 1840/1 2488/1
f 621/1 2488/1 2487/1
f 621/1 2487/1 743/1
f 622/1 1973/1 681/1
f 622/1 681/1 623/1
f 712/1 1973/1 622/1
f 712/1 622/1 2301/1
f 743/1 2301/1 622/1
f 743/1 622/1 621/1
f 624/1 683/1 740/1
f 624/1 740/1 625/1
f 626/1 624/1 625/1
f 626/1 625/1 1999/1
f 625/1 740/1 739/1
f 625/1 739/1 2535/1
f 2536/1 1999/1 625/1
f 2536/1 625/1 2535/1
f 2245/1 2327/1 626/1
f 2245/1 626/1 2219/1
f 626/1 2327/1 2328/1
f 626/1 2328/1 624/1
f 629/1 627/1 628/1
f 629/1 628/1 2358/1
f 628/1 627/1 1139/1
f 628/1 1139/1 745/1
f 728/1 627/1 629/1
f 728/1 629/1 2505/1
f 1866/1 1868/1 629/1
f 1866/1 629/1 2358/1
f 629/1 1868/1 2605/1
f 629/1 2605/1 2505/1
f 631/1 632/1 630/1
f 631/1 630/1 2326/1
f 720/1 2326/1 630/1
f 720/1 630/1 2172/1
f 2171/1 2172/1 630/1
f 2171/1 630/1 593/1
f 1309/1 635/1 631/1
f 1309/1 631/1 2326/1
f 631/1 634/1 1340/1
f 631/1 1340/1 632/1
f 697/1 634/1 633/1
f 697/1 633/1 1244/1
f 633/1 635/1 2268/1
f 633/1 2268/1 2089/1
f 635/1 633/1 634/1
f 635/1 634/1 631/1
f 634/1 697/1 741/1
f 634/1 741/1 1340/1
f 635/1 1309/1 2243/1
f 635/1 2243/1 2268/1
f 636/1 1675/1 756/1
f 636/1 756/1 670/1
f 2447/1 1675/1 636/1
f 2447/1 636/1 704/1
f 637/1 686/1 688/1
f 637/1 688/1 676/1
f 639/1 637/1 638/1
f 639/1 638/1 1526/1
f 638/1 637/1 676/1
f 638/1 676/1 1889/1
f 638/1 1889/1 2086/1
f 638/1 2086/1 1527/1
f 639/1 2015/1 686/1
f 639/1 686/1 637/1
f 692/1 2015/1 639/1
f 692/1 639/1 691/1
f 2627/1 691/1 639/1
f 2627/1 639/1 1526/1
f 640/1 641/1 642/1
f 640/1 642/1 748/1
f 640/1 748/1 747/1
f 640/1 747/1 2223/1
f 640/1 2317/1 2385/1
f 640/1 2385/1 641/1
f 1545/1 2583/1 642/1
f 1545/1 642/1 641/1
f 2698/1 1472/1 642/1
f 2698/1 642/1 2583/1
f 643/1 1094/1 1255/1
f 643/1 1255/1 724/1
f 645/1 643/1 644/1
f 645/1 644/1 2426/1
f 724/1 725/1 644/1
f 724/1 644/1 643/1
f 644/1 725/1 2636/1
f 644/1 2636/1 2539/1
f 1094/1 643/1 645/1
f 1094/1 645/1 588/1
f 647/1 648/1 646/1
f 647/1 646/1 2701/1
f 698/1 1323/1 646/1
f 698/1 646/1 648/1
f 1636/1 2701/1 646/1
f 1636/1 646/1 2601/1
f 2645/1 2469/1 647/1
f 2645/1 647/1 2713/1
f 2146/1 690/1 649/1
f 2146/1 649/1 651/1
f 651/1 649/1 650/1
f 651/1 650/1 2012/1
f 650/1 649/1 1165/1
f 650/1 1165/1 2658/1
f 650/1 2658/1 2597/1
f 650/1 2597/1 2093/1
f 1150/1 1149/1 651/1
f 1150/1 651/1 2012/1
f 1293/1 653/1 652/1
f 1293/1 652/1 1291/1
f 1399/1 1514/1 652/1
f 1399/1 652/1 654/1
f 654/1 652/1 653/1
f 654/1 653/1 565/1
f 656/1 657/1 655/1
f 656/1 655/1 1959/1
f 655/1 657/1 1909/1
f 655/1 1909/1 1291/1
f 1365/1 657/1 656/1
f 1365/1 656/1 1798/1
f 657/1 1365/1 2334/1
f 657/1 2334/1 1909/1
f 658/1 2498/1 2067/1
f 658/1 2067/1 659/1
f 660/1 658/1 659/1
f 660/1 659/1 1326/1
f 660/1 759/1 760/1
f 660/1 760/1 658/1
f 660/1 1326/1 1325/1
f 660/1 1325/1 1701/1
f 662/1 663/1 661/1
f 662/1 661/1 1443/1
f 1442/1 1443/1 661/1
f 1442/1 661/1 1461/1
f 2324/1 1943/1 661/1
f 2324/1 661/1 663/1
f 662/1 1322/1 1324/1
f 662/1 1324/1 2693/1
f 2354/1 663/1 662/1
f 2354/1 662/1 2693/1
f 663/1 2354/1 1693/1
f 663/1 1693/1 2324/1
f 1448/1 1447/1 664/1
f 1448/1 664/1 531/1
f 1827/1 665/1 664/1
f 1827/1 664/1 1447/1
f 666/1 664/1 665/1
f 666/1 665/1 2144/1
f 2087/1 2145/1 665/1
f 2087/1 665/1 1827/1
f 668/1 669/1 667/1
f 668/1 667/1 2191/1
f 667/1 1243/1 1242/1
f 667/1 1242/1 2192/1
f 668/1 1503/1 696/1
f 668/1 696/1 669/1
f 882/1 2371/1 668/1
f 882/1 668/1 2191/1
f 669/1 696/1 697/1
f 669/1 697/1 1244/1
f 669/1 1244/1 1243/1
f 669/1 1243/1 667/1
f 755/1 1339/1 670/1
f 755/1 670/1 756/1
f 1371/1 671/1 670/1
f 1371/1 670/1 1339/1
f 672/1 673/1 674/1
f 672/1 674/1 732/1
f 672/1 1617/1 726/1
f 672/1 726/1 673/1
f 727/1 2068/1 674/1
f 727/1 674/1 673/1
f 2502/1 2036/1 674/1
f 2502/1 674/1 2068/1
f 675/1 677/1 718/1
f 675/1 718/1 1189/1
f 2096/1 1888/1 675/1
f 2096/1 675/1 1189/1
f 677/1 675/1 676/1
f 677/1 676/1 688/1
f 1888/1 1889/1 676/1
f 1888/1 676/1 675/1
f 2025/1 719/1 677/1
f 2025/1 677/1 688/1
f 678/1 680/1 1900/1
f 678/1 1900/1 1769/1
f 680/1 678/1 679/1
f 680/1 679/1 577/1
f 679/1 2223/1 747/1
f 679/1 747/1 578/1
f 1869/1 2223/1 679/1
f 1869/1 679/1 678/1
f 680/1 755/1 756/1
f 680/1 756/1 1900/1
f 1337/1 755/1 680/1
f 1337/1 680/1 577/1
f 682/1 623/1 681/1
f 682/1 681/1 1974/1
f 723/1 623/1 682/1
f 723/1 682/1 2053/1
f 1954/1 2053/1 682/1
f 1954/1 682/1 1953/1
f 683/1 684/1 685/1
f 683/1 685/1 2192/1
f 1242/1 740/1 683/1
f 1242/1 683/1 2192/1
f 2328/1 684/1 683/1
f 2328/1 683/1 624/1
f 807/1 1320/1 684/1
f 807/1 684/1 2328/1
f 684/1 1320/1 1799/1
f 684/1 1799/1 685/1
f 882/1 2191/1 685/1
f 882/1 685/1 1799/1
f 688/1 686/1 687/1
f 688/1 687/1 2025/1
f 2015/1 2014/1 687/1
f 2015/1 687/1 686/1
f 690/1 602/1 689/1
f 690/1 689/1 702/1
f 689/1 2469/1 2645/1
f 689/1 2645/1 701/1
f 700/1 602/1 690/1
f 700/1 690/1 2146/1
f 690/1 702/1 1165/1
f 690/1 1165/1 649/1
f 2014/1 2015/1 692/1
f 2014/1 692/1 2300/1
f 693/1 694/1 695/1
f 693/1 695/1 2551/1
f 693/1 1525/1 1527/1
f 693/1 1527/1 2128/1
f 2128/1 2642/1 694/1
f 2128/1 694/1 693/1
f 741/1 697/1 696/1
f 741/1 696/1 2365/1
f 1700/1 2365/1 696/1
f 1700/1 696/1 1503/1
f 1323/1 698/1 699/1
f 1323/1 699/1 2656/1
f 699/1 2333/1 2607/1
f 699/1 2607/1 2656/1
f 2312/1 600/1 700/1
f 2312/1 700/1 545/1
f 702/1 689/1 701/1
f 702/1 701/1 618/1
f 754/1 753/1 701/1
f 754/1 701/1 2645/1
f 703/1 2074/1 1611/1
f 703/1 1611/1 1593/1
f 2471/1 2074/1 703/1
f 2471/1 703/1 705/1
f 705/1 703/1 704/1
f 705/1 704/1 613/1
f 704/1 703/1 1593/1
f 704/1 1593/1 2447/1
f 2521/1 2471/1 705/1
f 2521/1 705/1 1583/1
f 706/1 582/1 707/1
f 706/1 707/1 749/1
f 706/1 749/1 750/1
f 706/1 750/1 1540/1
f 2376/1 580/1 706/1
f 2376/1 706/1 1540/1
f 707/1 582/1 1400/1
f 707/1 1400/1 564/1
f 708/1 710/1 739/1
f 708/1 739/1 2005/1
f 708/1 2005/1 2089/1
f 708/1 2089/1 2268/1
f 708/1 2268/1 2243/1
f 708/1 2243/1 709/1
f 710/1 708/1 709/1
f 710/1 709/1 2178/1
f 2177/1 2178/1 709/1
f 2177/1 709/1 2256/1
f 1373/1 1372/1 710/1
f 1373/1 710/1 2178/1
f 1671/1 2756/1 711/1
f 1671/1 711/1 2571/1
f 711/1 2756/1 1973/1
f 711/1 1973/1 712/1
f 713/1 711/1 712/1
f 713/1 712/1 2420/1
f 712/1 2301/1 742/1
f 712/1 742/1 2420/1
f 713/1 2420/1 1689/1
f 713/1 1689/1 1688/1
f 2023/1 2022/1 713/1
f 2023/1 713/1 1688/1
f 713/1 2022/1 2571/1
f 713/1 2571/1 711/1
f 715/1 716/1 717/1
f 715/1 717/1 1355/1
f 718/1 716/1 715/1
f 718/1 715/1 1188/1
f 717/1 716/1 719/1
f 717/1 719/1 2024/1
f 719/1 716/1 718/1
f 719/1 718/1 677/1
f 720/1 2172/1 2504/1
f 720/1 2504/1 721/1
f 722/1 720/1 721/1
f 722/1 721/1 599/1
f 721/1 1613/1 1612/1
f 721/1 1612/1 599/1
f 1894/1 1613/1 721/1
f 1894/1 721/1 2504/1
f 2243/1 1309/1 722/1
f 2243/1 722/1 598/1
f 722/1 1309/1 2326/1
f 722/1 2326/1 720/1
f 1870/1 1840/1 723/1
f 1870/1 723/1 2053/1
f 1529/1 725/1 724/1
f 1529/1 724/1 1254/1
f 725/1 1529/1 1990/1
f 725/1 1990/1 2636/1
f 727/1 673/1 726/1
f 727/1 726/1 2539/1
f 726/1 1617/1 2222/1
f 726/1 2222/1 2426/1
f 729/1 730/1 728/1
f 729/1 728/1 2505/1
f 1139/1 627/1 728/1
f 1139/1 728/1 2521/1
f 728/1 730/1 2471/1
f 728/1 2471/1 2521/1
f 729/1 751/1 1469/1
f 729/1 1469/1 730/1
f 730/1 1469/1 2074/1
f 730/1 2074/1 2471/1
f 732/1 612/1 731/1
f 732/1 731/1 672/1
f 1371/1 1859/1 731/1
f 1371/1 731/1 671/1
f 1617/1 672/1 731/1
f 1617/1 731/1 1859/1
f 2036/1 1401/1 732/1
f 2036/1 732/1 674/1
f 1219/1 1218/1 733/1
f 1219/1 733/1 734/1
f 2283/1 2595/1 733/1
f 2283/1 733/1 1218/1
f 759/1 736/1 735/1
f 759/1 735/1 760/1
f 735/1 737/1 1183/1
f 735/1 1183/1 2271/1
f 737/1 735/1 736/1
f 737/1 736/1 2346/1
f 2553/1 2552/1 736/1
f 2553/1 736/1 759/1
f 761/1 2428/1 737/1
f 761/1 737/1 2346/1
f 1184/1 1183/1 737/1
f 1184/1 737/1 2428/1
f 1648/1 536/1 738/1
f 1648/1 738/1 1649/1
f 738/1 1085/1 1926/1
f 738/1 1926/1 1649/1
f 739/1 710/1 1372/1
f 739/1 1372/1 2535/1
f 2005/1 739/1 740/1
f 2005/1 740/1 1242/1
f 1341/1 1340/1 741/1
f 1341/1 741/1 1348/1
f 743/1 542/1 742/1
f 743/1 742/1 2301/1
f 742/1 541/1 1689/1
f 742/1 1689/1 2420/1
f 1305/1 542/1 743/1
f 1305/1 743/1 2487/1
f 745/1 746/1 744/1
f 745/1 744/1 628/1
f 1183/1 1184/1 744/1
f 1183/1 744/1 746/1
f 744/1 1184/1 1643/1
f 744/1 1643/1 569/1
f 744/1 569/1 2358/1
f 744/1 2358/1 628/1
f 745/1 1139/1 1140/1
f 745/1 1140/1 2035/1
f 1924/1 746/1 745/1
f 1924/1 745/1 2035/1
f 2271/1 1183/1 746/1
f 2271/1 746/1 1924/1
f 1472/1 1471/1 748/1
f 1472/1 748/1 642/1
f 749/1 1668/1 2481/1
f 749/1 2481/1 750/1
f 2168/1 2167/1 750/1
f 2168/1 750/1 2481/1
f 752/1 714/1 751/1
f 752/1 751/1 729/1
f 2505/1 2605/1 752/1
f 2505/1 752/1 729/1
f 756/1 1675/1 2212/1
f 756/1 2212/1 1900/1
f 2161/1 605/1 757/1
f 2161/1 757/1 1872/1
f 758/1 1671/1 1673/1
f 758/1 1673/1 757/1
f 759/1 660/1 1701/1
f 759/1 1701/1 2553/1
f 760/1 735/1 2271/1
f 760/1 2271/1 2733/1
f 2498/1 658/1 760/1
f 2498/1 760/1 2733/1
f 763/1 761/1 762/1
f 763/1 762/1 2441/1
f 762/1 1629/1 1628/1
f 762/1 1628/1 2441/1
f 2346/1 2347/1 762/1
f 2346/1 762/1 761/1
f 762/1 2347/1 2640/1
f 762/1 2640/1 1629/1
f 2428/1 761/1 763/1
f 2428/1 763/1 1211/1
f 763/1 2441/1 2442/1
f 763/1 2442/1 1210/1
f 764/1 765/1 766/1
f 764/1 766/1 1212/1
f 2213/1 1429/1 764/1
f 2213/1 764/1 769/1
f 1429/1 1430/1 765/1
f 1429/1 765/1 764/1
f 774/1 1212/1 766/1
f 774/1 766/1 1381/1
f 767/1 1212/1 774/1
f 767/1 774/1 1881/1
f 769/1 767/1 768/1
f 769/1 768/1 2533/1
f 768/1 2643/1 1488/1
f 768/1 1488/1 932/1
f 768/1 767/1 1881/1
f 768/1 1881/1 2643/1
f 769/1 764/1 1212/1
f 769/1 1212/1 767/1
f 770/1 771/1 772/1
f 770/1 772/1 1393/1
f 770/1 2369/1 2610/1
f 770/1 2610/1 2630/1
f 2253/1 772/1 771/1
f 2253/1 771/1 1258/1
f 2630/1 1259/1 771/1
f 2630/1 771/1 770/1
f 775/1 773/1 774/1
f 775/1 774/1 1381/1
f 774/1 773/1 1065/1
f 774/1 1065/1 1881/1
f 1813/1 773/1 775/1
f 1813/1 775/1 2731/1
f 1623/1 2542/1 776/1
f 1623/1 776/1 778/1
f 2362/1 2363/1 776/1
f 2362/1 776/1 2542/1
f 778/1 776/1 777/1
f 778/1 777/1 1245/1
f 777/1 776/1 2363/1
f 777/1 2363/1 2119/1
f 778/1 1245/1 1100/1
f 778/1 1100/1 1621/1
f 1956/1 780/1 779/1
f 1956/1 779/1 1955/1
f 781/1 779/1 780/1
f 781/1 780/1 906/1
f 1992/1 907/1 780/1
f 1992/1 780/1 1956/1
f 972/1 973/1 781/1
f 972/1 781/1 906/1
f 783/1 784/1 782/1
f 783/1 782/1 885/1
f 782/1 784/1 952/1
f 782/1 952/1 1058/1
f 783/1 2389/1 2391/1
f 783/1 2391/1 1203/1
f 1203/1 951/1 784/1
f 1203/1 784/1 783/1
f 787/1 785/1 786/1
f 787/1 786/1 877/1
f 786/1 785/1 1736/1
f 786/1 1736/1 1737/1
f 787/1 2623/1 2625/1
f 787/1 2625/1 785/1
f 789/1 238/1 788/1
f 789/1 788/1 1109/1
f 788/1 1404/1 1108/1
f 788/1 1108/1 1109/1
f 788/1 1462/1 1463/1
f 788/1 1463/1 1404/1
f 2580/1 1462/1 788/1
f 2580/1 788/1 238/1
f 789/1 1056/1 1055/1
f 789/1 1055/1 2136/1
f 790/1 791/1 792/1
f 790/1 792/1 2293/1
f 790/1 2293/1 987/1
f 790/1 987/1 1466/1
f 1060/1 791/1 790/1
f 1060/1 790/1 1061/1
f 791/1 1507/1 940/1
f 791/1 940/1 792/1
f 2513/1 1507/1 791/1
f 2513/1 791/1 1060/1
f 793/1 795/1 954/1
f 793/1 954/1 953/1
f 793/1 1044/1 1043/1
f 793/1 1043/1 794/1
f 795/1 793/1 794/1
f 795/1 794/1 825/1
f 794/1 803/1 802/1
f 794/1 802/1 825/1
f 796/1 970/1 898/1
f 796/1 898/1 2329/1
f 798/1 796/1 797/1
f 798/1 797/1 931/1
f 797/1 1298/1 929/1
f 797/1 929/1 931/1
f 797/1 947/1 948/1
f 797/1 948/1 1298/1
f 797/1 796/1 2329/1
f 797/1 2329/1 947/1
f 970/1 796/1 798/1
f 970/1 798/1 1500/1
f 1122/1 1580/1 798/1
f 1122/1 798/1 931/1
f 1499/1 1500/1 798/1
f 1499/1 798/1 1580/1
f 799/1 801/1 1071/1
f 799/1 1071/1 1819/1
f 801/1 799/1 800/1
f 801/1 800/1 2132/1
f 800/1 1722/1 1238/1
f 800/1 1238/1 2073/1
f 2198/1 1722/1 800/1
f 2198/1 800/1 799/1
f 803/1 1705/1 944/1
f 803/1 944/1 946/1
f 1043/1 1705/1 803/1
f 1043/1 803/1 794/1
f 2753/1 802/1 803/1
f 2753/1 803/1 946/1
f 805/1 806/1 804/1
f 805/1 804/1 2253/1
f 1258/1 2088/1 805/1
f 1258/1 805/1 2253/1
f 806/1 854/1 855/1
f 806/1 855/1 804/1
f 2327/1 808/1 807/1
f 2327/1 807/1 2328/1
f 809/1 807/1 808/1
f 809/1 808/1 1328/1
f 808/1 561/1 971/1
f 808/1 971/1 1328/1
f 935/1 1319/1 809/1
f 935/1 809/1 936/1
f 809/1 1319/1 1320/1
f 809/1 1320/1 807/1
f 1321/1 936/1 809/1
f 1321/1 809/1 1328/1
f 810/1 2680/1 894/1
f 810/1 894/1 1317/1
f 812/1 810/1 811/1
f 812/1 811/1 1224/1
f 1317/1 2027/1 811/1
f 1317/1 811/1 810/1
f 811/1 2027/1 2001/1
f 811/1 2001/1 2021/1
f 939/1 1766/1 812/1
f 939/1 812/1 1539/1
f 812/1 1224/1 985/1
f 812/1 985/1 1539/1
f 2680/1 810/1 812/1
f 2680/1 812/1 1766/1
f 814/1 815/1 813/1
f 814/1 813/1 2603/1
f 2131/1 1598/1 813/1
f 2131/1 813/1 815/1
f 814/1 2123/1 2626/1
f 814/1 2626/1 1168/1
f 816/1 817/1 818/1
f 816/1 818/1 1011/1
f 816/1 1251/1 1100/1
f 816/1 1100/1 1245/1
f 1245/1 777/1 817/1
f 1245/1 817/1 816/1
f 817/1 777/1 2119/1
f 817/1 2119/1 2482/1
f 818/1 817/1 2482/1
f 818/1 2482/1 1049/1
f 819/1 821/1 1005/1
f 819/1 1005/1 2653/1
f 819/1 868/1 2461/1
f 819/1 2461/1 820/1
f 821/1 819/1 820/1
f 821/1 820/1 1077/1
f 820/1 2461/1 1288/1
f 820/1 1288/1 1289/1
f 820/1 1289/1 2307/1
f 820/1 2307/1 1077/1
f 821/1 1078/1 1237/1
f 821/1 1237/1 1005/1
f 823/1 824/1 822/1
f 823/1 822/1 1969/1
f 822/1 824/1 847/1
f 822/1 847/1 2338/1
f 822/1 923/1 1064/1
f 822/1 1064/1 1969/1
f 1209/1 923/1 822/1
f 1209/1 822/1 2338/1
f 826/1 827/1 828/1
f 826/1 828/1 1980/1
f 826/1 1053/1 1038/1
f 826/1 1038/1 827/1
f 826/1 1980/1 1979/1
f 826/1 1979/1 2231/1
f 827/1 1038/1 1037/1
f 827/1 1037/1 2095/1
f 2137/1 828/1 827/1
f 2137/1 827/1 2095/1
f 1385/1 1980/1 828/1
f 1385/1 828/1 1386/1
f 828/1 2137/1 2373/1
f 828/1 2373/1 1386/1
f 829/1 830/1 831/1
f 829/1 831/1 2319/1
f 830/1 1988/1 1930/1
f 830/1 1930/1 831/1
f 830/1 829/1 2660/1
f 830/1 2660/1 2179/1
f 1000/1 1001/1 831/1
f 1000/1 831/1 1930/1
f 831/1 1001/1 2676/1
f 831/1 2676/1 2319/1
f 832/1 833/1 834/1
f 832/1 834/1 1202/1
f 832/1 1202/1 1201/1
f 832/1 1201/1 888/1
f 1239/1 2476/1 832/1
f 1239/1 832/1 888/1
f 1723/1 833/1 832/1
f 1723/1 832/1 2476/1
f 877/1 786/1 834/1
f 877/1 834/1 2634/1
f 834/1 833/1 917/1
f 834/1 917/1 2634/1
f 1737/1 1202/1 834/1
f 1737/1 834/1 786/1
f 1082/1 1083/1 835/1
f 1082/1 835/1 837/1
f 1416/1 2207/1 835/1
f 1416/1 835/1 1083/1
f 837/1 835/1 836/1
f 837/1 836/1 1858/1
f 836/1 1110/1 1875/1
f 836/1 1875/1 1858/1
f 2207/1 2066/1 836/1
f 2207/1 836/1 835/1
f 838/1 839/1 840/1
f 838/1 840/1 918/1
f 2340/1 1921/1 838/1
f 2340/1 838/1 918/1
f 839/1 897/1 896/1
f 839/1 896/1 840/1
f 839/1 838/1 1091/1
f 839/1 1091/1 2351/1
f 1196/1 897/1 839/1
f 1196/1 839/1 2351/1
f 840/1 896/1 899/1
f 840/1 899/1 1912/1
f 842/1 843/1 841/1
f 842/1 841/1 1070/1
f 2309/1 1069/1 841/1
f 2309/1 841/1 1367/1
f 842/1 1070/1 2062/1
f 842/1 2062/1 1158/1
f 843/1 842/1 1157/1
f 843/1 1157/1 1226/1
f 1367/1 841/1 843/1
f 1367/1 843/1 1368/1
f 844/1 948/1 1610/1
f 844/1 1610/1 845/1
f 846/1 844/1 845/1
f 846/1 845/1 2352/1
f 845/1 1758/1 863/1
f 845/1 863/1 2352/1
f 846/1 1697/1 1696/1
f 846/1 1696/1 844/1
f 846/1 2746/1 1971/1
f 846/1 1971/1 1697/1
f 850/1 848/1 849/1
f 850/1 849/1 2377/1
f 856/1 2568/1 849/1
f 856/1 849/1 848/1
f 849/1 1804/1 1805/1
f 849/1 1805/1 2377/1
f 850/1 1669/1 857/1
f 850/1 857/1 848/1
f 1050/1 2118/1 850/1
f 1050/1 850/1 2377/1
f 850/1 2118/1 2120/1
f 850/1 2120/1 1669/1
f 851/1 1108/1 1107/1
f 851/1 1107/1 1006/1
f 1109/1 1108/1 851/1
f 1109/1 851/1 853/1
f 1237/1 852/1 851/1
f 1237/1 851/1 1006/1
f 853/1 851/1 852/1
f 853/1 852/1 1741/1
f 2237/1 1056/1 853/1
f 2237/1 853/1 1741/1
f 854/1 1843/1 1844/1
f 854/1 1844/1 855/1
f 1034/1 804/1 855/1
f 1034/1 855/1 976/1
f 857/1 858/1 856/1
f 857/1 856/1 848/1
f 995/1 994/1 856/1
f 995/1 856/1 858/1
f 858/1 857/1 1882/1
f 858/1 1882/1 1686/1
f 943/1 2123/1 859/1
f 943/1 859/1 861/1
f 861/1 859/1 860/1
f 861/1 860/1 1738/1
f 860/1 859/1 2603/1
f 860/1 2603/1 998/1
f 865/1 2507/1 861/1
f 865/1 861/1 1738/1
f 862/1 1266/1 937/1
f 862/1 937/1 2388/1
f 862/1 2388/1 2352/1
f 862/1 2352/1 863/1
f 864/1 862/1 863/1
f 864/1 863/1 2383/1
f 1062/1 2383/1 863/1
f 1062/1 863/1 1758/1
f 864/1 925/1 1266/1
f 864/1 1266/1 862/1
f 865/1 866/1 867/1
f 865/1 867/1 928/1
f 1738/1 1739/1 866/1
f 1738/1 866/1 865/1
f 867/1 866/1 2070/1
f 867/1 2070/1 1826/1
f 868/1 869/1 870/1
f 868/1 870/1 2461/1
f 868/1 819/1 2653/1
f 868/1 2653/1 873/1
f 869/1 868/1 873/1
f 869/1 873/1 1439/1
f 869/1 1518/1 1519/1
f 869/1 1519/1 870/1
f 2473/1 1518/1 869/1
f 2473/1 869/1 1439/1
f 870/1 1519/1 1498/1
f 870/1 1498/1 1334/1
f 871/1 872/1 873/1
f 871/1 873/1 2653/1
f 1005/1 1007/1 871/1
f 1005/1 871/1 2653/1
f 871/1 2042/1 1871/1
f 871/1 1871/1 872/1
f 871/1 1007/1 2011/1
f 871/1 2011/1 2042/1
f 1438/1 1437/1 872/1
f 1438/1 872/1 1871/1
f 1437/1 1439/1 873/1
f 1437/1 873/1 872/1
f 975/1 875/1 874/1
f 975/1 874/1 1229/1
f 876/1 874/1 875/1
f 876/1 875/1 2475/1
f 875/1 975/1 2263/1
f 875/1 2263/1 2563/1
f 876/1 1060/1 1061/1
f 876/1 1061/1 874/1
f 1012/1 787/1 877/1
f 1012/1 877/1 1481/1
f 2399/1 1481/1 877/1
f 2399/1 877/1 2634/1
f 878/1 879/1 880/1
f 878/1 880/1 1932/1
f 878/1 2306/1 2378/1
f 878/1 2378/1 1278/1
f 2318/1 880/1 879/1
f 2318/1 879/1 1088/1
f 880/1 2318/1 1342/1
f 880/1 1342/1 1395/1
f 882/1 883/1 881/1
f 882/1 881/1 2371/1
f 881/1 2373/1 2370/1
f 881/1 2370/1 2371/1
f 1384/1 881/1 883/1
f 1384/1 883/1 2016/1
f 1799/1 1592/1 883/1
f 1799/1 883/1 882/1
f 885/1 886/1 884/1
f 885/1 884/1 1824/1
f 1124/1 1125/1 884/1
f 1124/1 884/1 1591/1
f 884/1 886/1 1135/1
f 884/1 1135/1 1591/1
f 1823/1 1824/1 884/1
f 1823/1 884/1 1125/1
f 1059/1 886/1 885/1
f 1059/1 885/1 782/1
f 2389/1 783/1 885/1
f 2389/1 885/1 1824/1
f 1136/1 1135/1 886/1
f 1136/1 886/1 1059/1
f 888/1 889/1 887/1
f 888/1 887/1 1239/1
f 1240/1 1239/1 887/1
f 1240/1 887/1 2048/1
f 2047/1 2048/1 887/1
f 2047/1 887/1 1662/1
f 889/1 1028/1 1029/1
f 889/1 1029/1 2655/1
f 889/1 888/1 1201/1
f 889/1 1201/1 1028/1
f 1662/1 887/1 889/1
f 1662/1 889/1 2655/1
f 890/1 891/1 892/1
f 890/1 892/1 2490/1
f 1159/1 891/1 890/1
f 1159/1 890/1 2619/1
f 890/1 2335/1 2195/1
f 890/1 2195/1 2619/1
f 2082/1 1089/1 891/1
f 2082/1 891/1 1159/1
f 892/1 891/1 1089/1
f 892/1 1089/1 1921/1
f 2257/1 2490/1 892/1
f 2257/1 892/1 1922/1
f 893/1 920/1 1318/1
f 893/1 1318/1 894/1
f 893/1 1922/1 2340/1
f 893/1 2340/1 920/1
f 895/1 893/1 894/1
f 895/1 894/1 2680/1
f 1766/1 1765/1 895/1
f 1766/1 895/1 2680/1
f 1922/1 893/1 895/1
f 1922/1 895/1 2257/1
f 2241/1 2257/1 895/1
f 2241/1 895/1 1765/1
f 1040/1 899/1 896/1
f 1040/1 896/1 898/1
f 898/1 896/1 897/1
f 898/1 897/1 2329/1
f 899/1 900/1 901/1
f 899/1 901/1 1912/1
f 900/1 899/1 1040/1
f 900/1 1040/1 2158/1
f 900/1 2159/1 2179/1
f 900/1 2179/1 901/1
f 904/1 902/1 903/1
f 904/1 903/1 2372/1
f 903/1 902/1 974/1
f 903/1 974/1 963/1
f 2198/1 2372/1 903/1
f 2198/1 903/1 962/1
f 1819/1 1820/1 904/1
f 1819/1 904/1 2372/1
f 972/1 906/1 905/1
f 972/1 905/1 1081/1
f 905/1 2364/1 1079/1
f 905/1 1079/1 1081/1
f 905/1 907/1 1750/1
f 905/1 1750/1 2364/1
f 907/1 905/1 906/1
f 907/1 906/1 780/1
f 2081/1 1750/1 907/1
f 2081/1 907/1 1992/1
f 909/1 910/1 908/1
f 909/1 908/1 934/1
f 908/1 910/1 971/1
f 908/1 971/1 1619/1
f 2533/1 934/1 908/1
f 2533/1 908/1 2534/1
f 932/1 933/1 909/1
f 932/1 909/1 934/1
f 909/1 933/1 1971/1
f 909/1 1971/1 1972/1
f 1972/1 1321/1 910/1
f 1972/1 910/1 909/1
f 1642/1 2255/1 911/1
f 1642/1 911/1 913/1
f 913/1 911/1 912/1
f 913/1 912/1 2149/1
f 1363/1 2148/1 913/1
f 1363/1 913/1 2149/1
f 1641/1 1642/1 913/1
f 1641/1 913/1 2148/1
f 2236/1 2235/1 1200/1
f 2236/1 1200/1 2499/1
f 914/1 915/1 916/1
f 914/1 916/1 1039/1
f 914/1 1068/1 990/1
f 914/1 990/1 915/1
f 914/1 2567/1 1066/1
f 914/1 1066/1 1068/1
f 914/1 1039/1 1677/1
f 914/1 1677/1 2567/1
f 1981/1 916/1 915/1
f 1981/1 915/1 989/1
f 950/1 949/1 916/1
f 950/1 916/1 1981/1
f 917/1 833/1 1723/1
f 917/1 1723/1 962/1
f 918/1 919/1 920/1
f 918/1 920/1 2340/1
f 1912/1 919/1 918/1
f 1912/1 918/1 840/1
f 1816/1 1318/1 920/1
f 1816/1 920/1 919/1
f 1046/1 1045/1 921/1
f 1046/1 921/1 1960/1
f 923/1 921/1 922/1
f 923/1 922/1 1064/1
f 1045/1 2647/1 922/1
f 1045/1 922/1 921/1
f 2630/1 2610/1 922/1
f 2630/1 922/1 2647/1
f 923/1 1209/1 1960/1
f 923/1 1960/1 921/1
f 925/1 864/1 924/1
f 925/1 924/1 2379/1
f 924/1 864/1 2383/1
f 924/1 2383/1 966/1
f 925/1 2016/1 1267/1
f 925/1 1267/1 1266/1
f 926/1 927/1 928/1
f 926/1 928/1 1343/1
f 926/1 1086/1 1087/1
f 926/1 1087/1 927/1
f 1088/1 1086/1 926/1
f 1088/1 926/1 2318/1
f 926/1 1343/1 1342/1
f 926/1 1342/1 2318/1
f 927/1 1087/1 941/1
f 927/1 941/1 2507/1
f 2507/1 865/1 928/1
f 2507/1 928/1 927/1
f 2537/1 1343/1 928/1
f 2537/1 928/1 867/1
f 1277/1 930/1 929/1
f 1277/1 929/1 2076/1
f 931/1 929/1 930/1
f 931/1 930/1 1122/1
f 1123/1 1122/1 930/1
f 1123/1 930/1 2560/1
f 1487/1 2560/1 930/1
f 1487/1 930/1 1277/1
f 932/1 934/1 2533/1
f 932/1 2533/1 768/1
f 933/1 932/1 1488/1
f 933/1 1488/1 2320/1
f 1266/1 1267/1 935/1
f 1266/1 935/1 937/1
f 935/1 1267/1 1592/1
f 935/1 1592/1 1319/1
f 937/1 935/1 936/1
f 937/1 936/1 2387/1
f 938/1 940/1 1391/1
f 938/1 1391/1 2239/1
f 938/1 1765/1 1766/1
f 938/1 1766/1 939/1
f 938/1 2239/1 2241/1
f 938/1 2241/1 1765/1
f 940/1 938/1 939/1
f 940/1 939/1 792/1
f 2293/1 792/1 939/1
f 2293/1 939/1 1539/1
f 2512/1 1391/1 940/1
f 2512/1 940/1 1507/1
f 941/1 1087/1 1220/1
f 941/1 1220/1 942/1
f 943/1 941/1 942/1
f 943/1 942/1 2122/1
f 2507/1 941/1 943/1
f 2507/1 943/1 861/1
f 945/1 946/1 944/1
f 945/1 944/1 2196/1
f 944/1 1958/1 1957/1
f 944/1 1957/1 2196/1
f 1014/1 2075/1 945/1
f 1014/1 945/1 2422/1
f 945/1 2196/1 2197/1
f 945/1 2197/1 2422/1
f 945/1 2075/1 2753/1
f 945/1 2753/1 946/1
f 947/1 1196/1 1610/1
f 947/1 1610/1 948/1
f 948/1 844/1 1696/1
f 948/1 1696/1 1298/1
f 1039/1 916/1 949/1
f 1039/1 949/1 1137/1
f 1124/1 1591/1 949/1
f 1124/1 949/1 950/1
f 952/1 784/1 951/1
f 952/1 951/1 1692/1
f 2200/1 2199/1 952/1
f 2200/1 952/1 1692/1
f 953/1 954/1 955/1
f 953/1 955/1 1283/1
f 953/1 1284/1 1044/1
f 953/1 1044/1 793/1
f 982/1 957/1 956/1
f 982/1 956/1 983/1
f 956/1 958/1 996/1
f 956/1 996/1 2637/1
f 1018/1 983/1 956/1
f 1018/1 956/1 2637/1
f 958/1 956/1 957/1
f 958/1 957/1 2462/1
f 1452/1 1713/1 957/1
f 1452/1 957/1 982/1
f 958/1 2463/1 1830/1
f 958/1 1830/1 996/1
f 959/1 1453/1 1043/1
f 959/1 1043/1 1044/1
f 1284/1 960/1 959/1
f 1284/1 959/1 1044/1
f 959/1 961/1 2386/1
f 959/1 2386/1 1453/1
f 961/1 959/1 960/1
f 961/1 960/1 2403/1
f 961/1 2403/1 2272/1
f 961/1 2272/1 2274/1
f 2366/1 2386/1 961/1
f 2366/1 961/1 2274/1
f 963/1 917/1 962/1
f 963/1 962/1 903/1
f 962/1 1723/1 1722/1
f 962/1 1722/1 2198/1
f 963/1 974/1 1691/1
f 963/1 1691/1 2399/1
f 963/1 2399/1 2634/1
f 963/1 2634/1 917/1
f 964/1 966/1 1063/1
f 964/1 1063/1 2526/1
f 2111/1 2110/1 964/1
f 2111/1 964/1 2526/1
f 966/1 964/1 965/1
f 966/1 965/1 924/1
f 965/1 1979/1 1980/1
f 965/1 1980/1 1385/1
f 2110/1 1979/1 965/1
f 2110/1 965/1 964/1
f 2379/1 924/1 965/1
f 2379/1 965/1 1385/1
f 1062/1 1063/1 966/1
f 1062/1 966/1 2383/1
f 969/1 967/1 968/1
f 969/1 968/1 1051/1
f 968/1 967/1 1851/1
f 968/1 1851/1 2007/1
f 968/1 2007/1 2567/1
f 968/1 2567/1 1677/1
f 970/1 1041/1 1040/1
f 970/1 1040/1 898/1
f 1321/1 1328/1 971/1
f 1321/1 971/1 910/1
f 973/1 972/1 1283/1
f 973/1 1283/1 955/1
f 994/1 995/1 975/1
f 994/1 975/1 1229/1
f 976/1 855/1 1844/1
f 976/1 1844/1 977/1
f 978/1 976/1 977/1
f 978/1 977/1 1690/1
f 977/1 1844/1 2339/1
f 977/1 2339/1 988/1
f 1034/1 976/1 978/1
f 1034/1 978/1 1369/1
f 980/1 981/1 979/1
f 980/1 979/1 2380/1
f 1755/1 2453/1 979/1
f 1755/1 979/1 981/1
f 1033/1 981/1 980/1
f 1033/1 980/1 2676/1
f 2001/1 2000/1 980/1
f 2001/1 980/1 2380/1
f 2319/1 2676/1 980/1
f 2319/1 980/1 2000/1
f 981/1 1033/1 1026/1
f 981/1 1026/1 1755/1
f 982/1 984/1 1308/1
f 982/1 1308/1 1452/1
f 984/1 982/1 983/1
f 984/1 983/1 1017/1
f 985/1 1224/1 1614/1
f 985/1 1614/1 986/1
f 987/1 985/1 986/1
f 987/1 986/1 1645/1
f 1539/1 985/1 987/1
f 1539/1 987/1 2293/1
f 988/1 990/1 1690/1
f 988/1 1690/1 977/1
f 990/1 988/1 989/1
f 990/1 989/1 915/1
f 2339/1 2045/1 989/1
f 2339/1 989/1 988/1
f 989/1 2045/1 2544/1
f 989/1 2544/1 1981/1
f 1067/1 1690/1 990/1
f 1067/1 990/1 1068/1
f 991/1 992/1 993/1
f 991/1 993/1 1825/1
f 991/1 1760/1 1307/1
f 991/1 1307/1 2133/1
f 2066/1 1760/1 991/1
f 2066/1 991/1 1825/1
f 1238/1 1240/1 992/1
f 1238/1 992/1 2073/1
f 2133/1 2073/1 992/1
f 2133/1 992/1 991/1
f 993/1 992/1 1240/1
f 993/1 1240/1 2048/1
f 993/1 2048/1 2047/1
f 993/1 2047/1 1111/1
f 994/1 1228/1 2568/1
f 994/1 2568/1 856/1
f 1686/1 1685/1 995/1
f 1686/1 995/1 858/1
f 995/1 1685/1 2263/1
f 995/1 2263/1 975/1
f 996/1 1703/1 1702/1
f 996/1 1702/1 2637/1
f 997/1 1035/1 1036/1
f 997/1 1036/1 1740/1
f 1566/1 1035/1 997/1
f 1566/1 997/1 999/1
f 999/1 997/1 998/1
f 999/1 998/1 1597/1
f 1740/1 860/1 998/1
f 1740/1 998/1 997/1
f 1011/1 818/1 999/1
f 1011/1 999/1 1597/1
f 999/1 818/1 1049/1
f 999/1 1049/1 1566/1
f 1000/1 1822/1 1821/1
f 1000/1 1821/1 1001/1
f 2181/1 1822/1 1000/1
f 2181/1 1000/1 1931/1
f 1033/1 2676/1 1001/1
f 1033/1 1001/1 1821/1
f 1002/1 1003/1 1004/1
f 1002/1 1004/1 2453/1
f 1755/1 1345/1 1002/1
f 1755/1 1002/1 2453/1
f 1002/1 1345/1 1826/1
f 1002/1 1826/1 2070/1
f 1003/1 2069/1 1036/1
f 1003/1 1036/1 1418/1
f 2070/1 2069/1 1003/1
f 2070/1 1003/1 1002/1
f 1418/1 1417/1 1004/1
f 1418/1 1004/1 1003/1
f 1006/1 1007/1 1005/1
f 1006/1 1005/1 1237/1
f 1006/1 1107/1 2011/1
f 1006/1 2011/1 1007/1
f 1008/1 1714/1 1715/1
f 1008/1 1715/1 1009/1
f 1008/1 1822/1 2181/1
f 1008/1 2181/1 1714/1
f 1010/1 1008/1 1009/1
f 1010/1 1009/1 1027/1
f 1009/1 1707/1 1706/1
f 1009/1 1706/1 1027/1
f 1010/1 1026/1 1033/1
f 1010/1 1033/1 1821/1
f 1822/1 1008/1 1010/1
f 1822/1 1010/1 1821/1
f 1251/1 816/1 1011/1
f 1251/1 1011/1 1598/1
f 1012/1 2238/1 2623/1
f 1012/1 2623/1 787/1
f 1015/1 1013/1 1014/1
f 1015/1 1014/1 2422/1
f 1015/1 2422/1 2197/1
f 1015/1 2197/1 2244/1
f 1015/1 2475/1 2474/1
f 1015/1 2474/1 1013/1
f 1018/1 1016/1 1017/1
f 1018/1 1017/1 983/1
f 1092/1 984/1 1017/1
f 1092/1 1017/1 2182/1
f 2183/1 2182/1 1017/1
f 2183/1 1017/1 1016/1
f 1018/1 2637/1 1702/1
f 1018/1 1702/1 2654/1
f 1020/1 1021/1 1019/1
f 1020/1 1019/1 2112/1
f 1808/1 2112/1 1019/1
f 1808/1 1019/1 1811/1
f 1021/1 1020/1 1637/1
f 1021/1 1637/1 2719/1
f 1600/1 1023/1 1022/1
f 1600/1 1022/1 1631/1
f 1024/1 1022/1 1023/1
f 1024/1 1023/1 1047/1
f 2393/1 1047/1 1023/1
f 2393/1 1023/1 2394/1
f 1023/1 1600/1 2717/1
f 1023/1 2717/1 2394/1
f 1024/1 1046/1 1361/1
f 1024/1 1361/1 1363/1
f 2149/1 1022/1 1024/1
f 2149/1 1024/1 1363/1
f 1706/1 1344/1 1025/1
f 1706/1 1025/1 1027/1
f 1755/1 1026/1 1025/1
f 1755/1 1025/1 1345/1
f 1027/1 1025/1 1026/1
f 1027/1 1026/1 1010/1
f 1029/1 1031/1 1030/1
f 1029/1 1030/1 2655/1
f 1289/1 1288/1 1029/1
f 1289/1 1029/1 1028/1
f 1334/1 1031/1 1029/1
f 1334/1 1029/1 1288/1
f 1030/1 1032/1 2529/1
f 1030/1 2529/1 2562/1
f 1032/1 1030/1 1031/1
f 1032/1 1031/1 1335/1
f 2181/1 2529/1 1032/1
f 2181/1 1032/1 1714/1
f 1393/1 772/1 1034/1
f 1393/1 1034/1 1369/1
f 1034/1 772/1 2253/1
f 1034/1 2253/1 804/1
f 1567/1 1777/1 1035/1
f 1567/1 1035/1 1566/1
f 1036/1 1035/1 1777/1
f 1036/1 1777/1 1418/1
f 1164/1 1037/1 1038/1
f 1164/1 1038/1 1052/1
f 1040/1 1041/1 1042/1
f 1040/1 1042/1 2158/1
f 1041/1 970/1 1500/1
f 1041/1 1500/1 1082/1
f 1042/1 1041/1 1082/1
f 1042/1 1082/1 837/1
f 1858/1 1857/1 1042/1
f 1858/1 1042/1 837/1
f 1043/1 1453/1 2368/1
f 1043/1 2368/1 1705/1
f 1045/1 1047/1 2393/1
f 1045/1 2393/1 2647/1
f 1047/1 1045/1 1046/1
f 1047/1 1046/1 1024/1
f 1046/1 1960/1 1829/1
f 1046/1 1829/1 1361/1
f 1048/1 1805/1 1172/1
f 1048/1 1172/1 1567/1
f 1048/1 1567/1 1566/1
f 1048/1 1566/1 1049/1
f 1050/1 1048/1 1049/1
f 1050/1 1049/1 2482/1
f 1050/1 2377/1 1805/1
f 1050/1 1805/1 1048/1
f 1677/1 1678/1 1051/1
f 1677/1 1051/1 968/1
f 1051/1 1207/1 2617/1
f 1051/1 2617/1 969/1
f 1053/1 1054/1 1052/1
f 1053/1 1052/1 1038/1
f 1582/1 1163/1 1052/1
f 1582/1 1052/1 1054/1
f 1053/1 826/1 2231/1
f 1053/1 2231/1 2492/1
f 2492/1 2272/1 1054/1
f 2492/1 1054/1 1053/1
f 1057/1 1055/1 1056/1
f 1057/1 1056/1 2237/1
f 1056/1 789/1 1109/1
f 1056/1 1109/1 853/1
f 1057/1 2237/1 2238/1
f 1057/1 2238/1 2748/1
f 1059/1 782/1 1058/1
f 1059/1 1058/1 1206/1
f 2199/1 2510/1 1058/1
f 2199/1 1058/1 952/1
f 1059/1 1206/1 1207/1
f 1059/1 1207/1 1136/1
f 1060/1 876/1 2244/1
f 1060/1 2244/1 2513/1
f 1229/1 874/1 1061/1
f 1229/1 1061/1 1230/1
f 1466/1 1230/1 1061/1
f 1466/1 1061/1 790/1
f 1090/1 2082/1 1063/1
f 1090/1 1063/1 1062/1
f 1657/1 1969/1 1064/1
f 1657/1 1064/1 1227/1
f 2610/1 1227/1 1064/1
f 2610/1 1064/1 922/1
f 1813/1 2040/1 1065/1
f 1813/1 1065/1 773/1
f 1067/1 1068/1 1066/1
f 1067/1 1066/1 1560/1
f 1069/1 2309/1 1067/1
f 1069/1 1067/1 1560/1
f 1070/1 841/1 1069/1
f 1070/1 1069/1 1561/1
f 1092/1 2182/1 1071/1
f 1092/1 1071/1 801/1
f 1071/1 2182/1 2183/1
f 1071/1 2183/1 2747/1
f 1276/1 1275/1 1072/1
f 1276/1 1072/1 139/1
f 2644/1 1073/1 1072/1
f 2644/1 1072/1 2540/1
f 1938/1 1550/1 1073/1
f 1938/1 1073/1 2644/1
f 2398/1 173/1 1074/1
f 2398/1 1074/1 1076/1
f 1074/1 2516/1 2517/1
f 1074/1 2517/1 1075/1
f 1076/1 1074/1 1075/1
f 1076/1 1075/1 1549/1
f 2397/1 2398/1 1076/1
f 2397/1 1076/1 2675/1
f 1078/1 821/1 1077/1
f 1078/1 1077/1 1736/1
f 1737/1 1736/1 1077/1
f 1737/1 1077/1 2307/1
f 1582/1 1080/1 1079/1
f 1582/1 1079/1 1163/1
f 1744/1 1163/1 1079/1
f 1744/1 1079/1 2364/1
f 1081/1 1079/1 1080/1
f 1081/1 1080/1 2522/1
f 1080/1 960/1 1284/1
f 1080/1 1284/1 2522/1
f 1080/1 1582/1 2403/1
f 1080/1 2403/1 960/1
f 1081/1 2522/1 1283/1
f 1081/1 1283/1 972/1
f 1500/1 1499/1 1083/1
f 1500/1 1083/1 1082/1
f 1878/1 1416/1 1083/1
f 1878/1 1083/1 1499/1
f 2531/1 149/1 1084/1
f 2531/1 1084/1 535/1
f 1085/1 1084/1 1383/1
f 1085/1 1383/1 1763/1
f 1762/1 1926/1 1085/1
f 1762/1 1085/1 1763/1
f 1220/1 1087/1 1086/1
f 1220/1 1086/1 1105/1
f 1105/1 1086/1 1088/1
f 1105/1 1088/1 263/1
f 1090/1 1091/1 1089/1
f 1090/1 1089/1 2082/1
f 1758/1 1757/1 1090/1
f 1758/1 1090/1 1062/1
f 2351/1 1091/1 1090/1
f 2351/1 1090/1 1757/1
f 1091/1 838/1 1921/1
f 1091/1 1921/1 1089/1
f 1308/1 984/1 1092/1
f 1308/1 1092/1 1306/1
f 1092/1 801/1 2132/1
f 1092/1 2132/1 1306/1
f 1095/1 211/1 2097/1
f 1095/1 2097/1 2099/1
f 1096/1 1097/1 1098/1
f 1096/1 1098/1 2559/1
f 1097/1 1883/1 2722/1
f 1097/1 2722/1 1098/1
f 1100/1 1101/1 1099/1
f 1100/1 1099/1 1621/1
f 1622/1 1621/1 1099/1
f 1622/1 1099/1 2134/1
f 1099/1 1101/1 2115/1
f 1099/1 2115/1 2116/1
f 1251/1 2130/1 1101/1
f 1251/1 1101/1 1100/1
f 1101/1 2130/1 1756/1
f 1101/1 1756/1 2115/1
f 1103/1 121/1 2282/1
f 1103/1 2282/1 1102/1
f 1536/1 1535/1 1104/1
f 1536/1 1104/1 2554/1
f 1107/1 1985/1 2631/1
f 1107/1 2631/1 2011/1
f 1985/1 1107/1 1108/1
f 1985/1 1108/1 1404/1
f 1110/1 1111/1 1112/1
f 1110/1 1112/1 1875/1
f 2066/1 1825/1 1110/1
f 2066/1 1110/1 836/1
f 1111/1 1110/1 1825/1
f 1111/1 1825/1 993/1
f 1910/1 1112/1 1111/1
f 1910/1 1111/1 2047/1
f 1682/1 1875/1 1112/1
f 1682/1 1112/1 1986/1
f 1112/1 1910/1 1911/1
f 1112/1 1911/1 1986/1
f 1114/1 1115/1 1113/1
f 1114/1 1113/1 2485/1
f 1544/1 1115/1 1114/1
f 1544/1 1114/1 1679/1
f 1114/1 1949/1 2639/1
f 1114/1 2639/1 1679/1
f 1914/1 1913/1 1115/1
f 1914/1 1115/1 1544/1
f 1117/1 1118/1 1116/1
f 1117/1 1116/1 1167/1
f 1118/1 1117/1 1205/1
f 1118/1 1205/1 268/1
f 1120/1 1121/1 1119/1
f 1120/1 1119/1 1304/1
f 1119/1 350/1 2060/1
f 1119/1 2060/1 1304/1
f 1121/1 497/1 1575/1
f 1121/1 1575/1 1119/1
f 1121/1 358/1 1625/1
f 1121/1 1625/1 497/1
f 1122/1 1123/1 1581/1
f 1122/1 1581/1 1580/1
f 2040/1 1606/1 1123/1
f 2040/1 1123/1 2560/1
f 1124/1 950/1 1637/1
f 1124/1 1637/1 1020/1
f 1124/1 1020/1 2112/1
f 1124/1 2112/1 1125/1
f 2679/1 1127/1 1126/1
f 2679/1 1126/1 2117/1
f 2613/1 2614/1 1127/1
f 2613/1 1127/1 2679/1
f 1128/1 1129/1 1130/1
f 1128/1 1130/1 2055/1
f 2667/1 1130/1 1129/1
f 2667/1 1129/1 2688/1
f 1132/1 1133/1 1134/1
f 1132/1 1134/1 2569/1
f 2246/1 2454/1 1133/1
f 2246/1 1133/1 525/1
f 2682/1 1134/1 1133/1
f 2682/1 1133/1 2454/1
f 1137/1 1135/1 1136/1
f 1137/1 1136/1 1678/1
f 1137/1 949/1 1591/1
f 1137/1 1591/1 1135/1
f 1137/1 1678/1 1677/1
f 1137/1 1677/1 1039/1
f 1138/1 1590/1 1300/1
f 1138/1 1300/1 205/1
f 2106/1 1590/1 1138/1
f 2106/1 1138/1 186/1
f 1583/1 1140/1 1139/1
f 1583/1 1139/1 2521/1
f 1140/1 1583/1 1584/1
f 1140/1 1584/1 1401/1
f 1142/1 1143/1 1141/1
f 1142/1 1141/1 1458/1
f 1143/1 1208/1 1193/1
f 1143/1 1193/1 1192/1
f 1143/1 1142/1 1585/1
f 1143/1 1585/1 1208/1
f 2090/1 1141/1 1143/1
f 2090/1 1143/1 1192/1
f 1144/1 441/1 2214/1
f 1144/1 2214/1 2646/1
f 2638/1 2227/1 1146/1
f 2638/1 1146/1 1148/1
f 1148/1 1146/1 1147/1
f 1148/1 1147/1 1510/1
f 1282/1 2173/1 1147/1
f 1282/1 1147/1 1146/1
f 1147/1 2173/1 1983/1
f 1147/1 1983/1 1849/1
f 1147/1 1849/1 2039/1
f 1147/1 2039/1 1510/1
f 1148/1 1510/1 1246/1
f 1148/1 1246/1 2598/1
f 1148/1 2598/1 1639/1
f 1148/1 1639/1 2638/1
f 2146/1 651/1 1149/1
f 2146/1 1149/1 2337/1
f 1150/1 1523/1 2094/1
f 1150/1 2094/1 1149/1
f 1463/1 1462/1 1151/1
f 1463/1 1151/1 494/1
f 1151/1 511/1 1552/1
f 1151/1 1552/1 494/1
f 2580/1 1152/1 1151/1
f 2580/1 1151/1 1462/1
f 1153/1 1154/1 1155/1
f 1153/1 1155/1 2695/1
f 1747/1 1746/1 1153/1
f 1747/1 1153/1 2695/1
f 1158/1 1156/1 1157/1
f 1158/1 1157/1 842/1
f 1227/1 1226/1 1157/1
f 1227/1 1157/1 1657/1
f 1658/1 1657/1 1157/1
f 1658/1 1157/1 1156/1
f 2111/1 2526/1 1159/1
f 2111/1 1159/1 2619/1
f 1162/1 1160/1 1161/1
f 1162/1 1161/1 501/1
f 1162/1 2582/1 2013/1
f 1162/1 2013/1 1160/1
f 2581/1 2582/1 1162/1
f 2581/1 1162/1 1299/1
f 1164/1 1052/1 1163/1
f 1164/1 1163/1 1744/1
f 1745/1 1037/1 1164/1
f 1745/1 1164/1 1743/1
f 1165/1 620/1 1409/1
f 1165/1 1409/1 2658/1
f 1204/1 1117/1 1167/1
f 1204/1 1167/1 400/1
f 1170/1 396/1 1848/1
f 1170/1 1848/1 430/1
f 1189/1 2665/1 1171/1
f 1189/1 1171/1 2096/1
f 1573/1 2711/1 1171/1
f 1573/1 1171/1 2665/1
f 1172/1 1173/1 1174/1
f 1172/1 1174/1 2028/1
f 1777/1 1567/1 1172/1
f 1777/1 1172/1 2028/1
f 1805/1 1804/1 1173/1
f 1805/1 1173/1 1172/1
f 1812/1 1730/1 1173/1
f 1812/1 1173/1 1804/1
f 1173/1 1730/1 1863/1
f 1173/1 1863/1 1174/1
f 1174/1 1568/1 1417/1
f 1174/1 1417/1 2028/1
f 1174/1 1863/1 1939/1
f 1174/1 1939/1 1568/1
f 1176/1 1177/1 1175/1
f 1176/1 1175/1 2359/1
f 2427/1 1175/1 1177/1
f 2427/1 1177/1 141/1
f 1178/1 1179/1 1180/1
f 1178/1 1180/1 2699/1
f 1178/1 1856/1 1275/1
f 1178/1 1275/1 1276/1
f 1276/1 1601/1 1179/1
f 1276/1 1179/1 1178/1
f 1661/1 1180/1 1179/1
f 1661/1 1179/1 122/1
f 2609/1 122/1 1179/1
f 2609/1 1179/1 1601/1
f 1925/1 2699/1 1180/1
f 1925/1 1180/1 185/1
f 1282/1 1182/1 1181/1
f 1282/1 1181/1 136/1
f 1585/1 1586/1 1182/1
f 1585/1 1182/1 2227/1
f 1185/1 1187/1 1716/1
f 1185/1 1716/1 1717/1
f 2436/1 1508/1 1185/1
f 2436/1 1185/1 1717/1
f 1187/1 1185/1 1186/1
f 1187/1 1186/1 2600/1
f 2715/1 2600/1 1186/1
f 2715/1 1186/1 1989/1
f 1189/1 718/1 1188/1
f 1189/1 1188/1 2665/1
f 1997/1 2209/1 1188/1
f 1997/1 1188/1 715/1
f 1190/1 388/1 2305/1
f 1190/1 2305/1 2425/1
f 1191/1 1190/1 2425/1
f 1191/1 2425/1 2264/1
f 1192/1 1193/1 1194/1
f 1192/1 1194/1 1861/1
f 1192/1 1861/1 1862/1
f 1192/1 1862/1 2090/1
f 2638/1 1639/1 1193/1
f 2638/1 1193/1 1208/1
f 1759/1 1194/1 2687/1
f 1759/1 2687/1 1280/1
f 1757/1 1610/1 1196/1
f 1757/1 1196/1 2351/1
f 1196/1 947/1 2329/1
f 1196/1 2329/1 897/1
f 2597/1 1411/1 1197/1
f 2597/1 1197/1 2091/1
f 1197/1 1411/1 2604/1
f 1197/1 2604/1 1198/1
f 1199/1 1197/1 1198/1
f 1199/1 1198/1 1504/1
f 1199/1 2201/1 2091/1
f 1199/1 2091/1 1197/1
f 1642/1 1641/1 1200/1
f 1642/1 1200/1 2235/1
f 1200/1 1641/1 2500/1
f 1200/1 2500/1 2499/1
f 1201/1 2307/1 1289/1
f 1201/1 1289/1 1028/1
f 1201/1 1202/1 1737/1
f 1201/1 1737/1 2307/1
f 1693/1 951/1 1203/1
f 1693/1 1203/1 2324/1
f 1203/1 2391/1 1943/1
f 1203/1 1943/1 2324/1
f 1205/1 1117/1 1204/1
f 1205/1 1204/1 1659/1
f 1204/1 1213/1 2586/1
f 1204/1 2586/1 1659/1
f 1205/1 1659/1 1660/1
f 1205/1 1660/1 2348/1
f 2278/1 268/1 1205/1
f 2278/1 1205/1 2348/1
f 1206/1 1058/1 2510/1
f 1206/1 2510/1 2616/1
f 1206/1 2616/1 2617/1
f 1206/1 2617/1 1207/1
f 1678/1 1136/1 1207/1
f 1678/1 1207/1 1051/1
f 1208/1 1585/1 2227/1
f 1208/1 2227/1 2638/1
f 1209/1 2338/1 1702/1
f 1209/1 1702/1 1703/1
f 1209/1 1703/1 1829/1
f 1209/1 1829/1 1960/1
f 1211/1 763/1 1210/1
f 1211/1 1210/1 2564/1
f 1210/1 1964/1 1965/1
f 1210/1 1965/1 2564/1
f 2546/1 1964/1 1210/1
f 2546/1 1210/1 2442/1
f 1213/1 1425/1 1426/1
f 1213/1 1426/1 1933/1
f 2452/1 2586/1 1213/1
f 2452/1 1213/1 1933/1
f 1215/1 1216/1 1214/1
f 1215/1 1214/1 1674/1
f 1599/1 425/1 1214/1
f 1599/1 1214/1 1216/1
f 1389/1 1216/1 1215/1
f 1389/1 1215/1 2585/1
f 1215/1 1464/1 2472/1
f 1215/1 2472/1 2585/1
f 1217/1 1218/1 1219/1
f 1217/1 1219/1 2624/1
f 1540/1 1541/1 1217/1
f 1540/1 1217/1 2376/1
f 1217/1 1541/1 2283/1
f 1217/1 2283/1 1218/1
f 2375/1 2376/1 1217/1
f 2375/1 1217/1 2624/1
f 1223/1 1221/1 1222/1
f 1223/1 1222/1 477/1
f 1223/1 476/1 1380/1
f 1223/1 1380/1 1522/1
f 2185/1 1221/1 1223/1
f 2185/1 1223/1 1522/1
f 2021/1 1614/1 1224/1
f 2021/1 1224/1 811/1
f 1225/1 2104/1 1914/1
f 1225/1 1914/1 1544/1
f 1368/1 843/1 1226/1
f 1368/1 1226/1 2369/1
f 2369/1 1226/1 1227/1
f 2369/1 1227/1 2610/1
f 1229/1 1230/1 1228/1
f 1229/1 1228/1 994/1
f 1812/1 2568/1 1228/1
f 1812/1 1228/1 1467/1
f 1230/1 1466/1 1467/1
f 1230/1 1467/1 1228/1
f 1231/1 1232/1 1233/1
f 1231/1 1233/1 101/1
f 1231/1 191/1 1459/1
f 1231/1 1459/1 1735/1
f 1232/1 1231/1 1735/1
f 1232/1 1735/1 31/1
f 1232/1 33/1 2260/1
f 1232/1 2260/1 1233/1
f 1235/1 1236/1 1234/1
f 1235/1 1234/1 2124/1
f 1563/1 2294/1 1234/1
f 1563/1 1234/1 146/1
f 1235/1 2124/1 2430/1
f 1235/1 2430/1 2678/1
f 1420/1 1131/1 1236/1
f 1420/1 1236/1 1235/1
f 2625/1 852/1 1237/1
f 2625/1 1237/1 1078/1
f 1239/1 1240/1 1238/1
f 1239/1 1238/1 2476/1
f 1238/1 1722/1 1723/1
f 1238/1 1723/1 2476/1
f 2005/1 1242/1 1243/1
f 2005/1 1243/1 2089/1
f 1244/1 633/1 2089/1
f 1244/1 2089/1 1243/1
f 1246/1 1510/1 2039/1
f 1246/1 2039/1 1247/1
f 1248/1 1246/1 1247/1
f 1248/1 1247/1 1632/1
f 1248/1 254/1 1904/1
f 1248/1 1904/1 2696/1
f 2598/1 1246/1 1248/1
f 2598/1 1248/1 2696/1
f 1249/1 1387/1 1389/1
f 1249/1 1389/1 2585/1
f 1249/1 299/1 1470/1
f 1249/1 1470/1 1387/1
f 1249/1 2585/1 2472/1
f 1249/1 2472/1 1250/1
f 1772/1 282/1 1250/1
f 1772/1 1250/1 2472/1
f 1253/1 1945/1 1646/1
f 1253/1 1646/1 1254/1
f 1255/1 1253/1 1254/1
f 1255/1 1254/1 724/1
f 1839/1 1253/1 1255/1
f 1839/1 1255/1 2520/1
f 2259/1 2520/1 1255/1
f 2259/1 1255/1 1094/1
f 1256/1 64/1 1554/1
f 1256/1 1554/1 143/1
f 1257/1 2495/1 2088/1
f 1257/1 2088/1 1258/1
f 1259/1 1257/1 1258/1
f 1259/1 1258/1 771/1
f 1259/1 2393/1 2394/1
f 1259/1 2394/1 1257/1
f 1879/1 1880/1 1260/1
f 1879/1 1260/1 2738/1
f 1262/1 1260/1 1261/1
f 1262/1 1261/1 2712/1
f 1261/1 1260/1 1880/1
f 1261/1 1880/1 2466/1
f 2344/1 2342/1 1262/1
f 2344/1 1262/1 2712/1
f 1264/1 1265/1 1263/1
f 1264/1 1263/1 1895/1
f 1934/1 1895/1 1263/1
f 1934/1 1263/1 2686/1
f 1268/1 1269/1 1270/1
f 1268/1 1270/1 1455/1
f 1268/1 1379/1 1378/1
f 1268/1 1378/1 2038/1
f 1268/1 1455/1 1454/1
f 1268/1 1454/1 1379/1
f 1269/1 1268/1 2038/1
f 1269/1 2038/1 310/1
f 1271/1 490/1 2170/1
f 1271/1 2170/1 1559/1
f 1273/1 2221/1 1782/1
f 1273/1 1782/1 1784/1
f 2426/1 2222/1 1273/1
f 2426/1 1273/1 645/1
f 1274/1 2275/1 1719/1
f 1274/1 1719/1 2396/1
f 1275/1 2228/1 2540/1
f 1275/1 2540/1 1072/1
f 1278/1 2378/1 2485/1
f 1278/1 2485/1 1113/1
f 1280/1 1281/1 1279/1
f 1280/1 1279/1 1759/1
f 1862/1 1861/1 1279/1
f 1862/1 1279/1 2064/1
f 2063/1 2064/1 1279/1
f 2063/1 1279/1 1281/1
f 1281/1 1280/1 2258/1
f 1281/1 2258/1 86/1
f 1282/1 1146/1 2227/1
f 1282/1 2227/1 1182/1
f 1284/1 953/1 1283/1
f 1284/1 1283/1 2522/1
f 1285/1 1287/1 1508/1
f 1285/1 1508/1 2436/1
f 1982/1 1286/1 1285/1
f 1982/1 1285/1 1905/1
f 1287/1 1285/1 1286/1
f 1287/1 1286/1 1336/1
f 1852/1 1853/1 1290/1
f 1852/1 1290/1 479/1
f 1290/1 1853/1 1937/1
f 1290/1 1937/1 362/1
f 1292/1 1293/1 1291/1
f 1292/1 1291/1 1909/1
f 1514/1 655/1 1291/1
f 1514/1 1291/1 652/1
f 1729/1 1293/1 1292/1
f 1729/1 1292/1 2177/1
f 2334/1 1373/1 1292/1
f 2334/1 1292/1 1909/1
f 1293/1 1729/1 1896/1
f 1293/1 1896/1 653/1
f 2400/1 427/1 1294/1
f 2400/1 1294/1 108/1
f 1674/1 1474/1 1295/1
f 1674/1 1295/1 1465/1
f 2076/1 929/1 1298/1
f 2076/1 1298/1 1696/1
f 2682/1 2581/1 1299/1
f 2682/1 1299/1 1134/1
f 1301/1 2456/1 2519/1
f 1301/1 2519/1 1302/1
f 2451/1 2450/1 1302/1
f 2451/1 1302/1 2353/1
f 1305/1 2602/1 2298/1
f 1305/1 2298/1 1482/1
f 1306/1 2132/1 2133/1
f 1306/1 2133/1 1307/1
f 1308/1 1306/1 1307/1
f 1308/1 1307/1 1761/1
f 1308/1 1761/1 1450/1
f 1308/1 1450/1 1452/1
f 1746/1 2444/1 1310/1
f 1746/1 1310/1 1153/1
f 2065/1 1311/1 1310/1
f 2065/1 1310/1 2444/1
f 1312/1 305/1 1787/1
f 1312/1 1787/1 2493/1
f 1312/1 2493/1 2592/1
f 1312/1 2592/1 1166/1
f 1314/1 1315/1 1313/1
f 1314/1 1313/1 1780/1
f 1644/1 1313/1 1315/1
f 1644/1 1315/1 2285/1
f 1316/1 1318/1 1816/1
f 1316/1 1816/1 2660/1
f 1318/1 1316/1 1317/1
f 1318/1 1317/1 894/1
f 1317/1 1316/1 2002/1
f 1317/1 2002/1 2027/1
f 1592/1 1799/1 1320/1
f 1592/1 1320/1 1319/1
f 2387/1 936/1 1321/1
f 2387/1 1321/1 1972/1
f 1322/1 662/1 1443/1
f 1322/1 1443/1 2601/1
f 1324/1 1322/1 1323/1
f 1324/1 1323/1 2656/1
f 1323/1 1322/1 2601/1
f 1323/1 2601/1 646/1
f 1324/1 2656/1 2607/1
f 1324/1 2607/1 2716/1
f 2692/1 2693/1 1324/1
f 2692/1 1324/1 2716/1
f 1325/1 1327/1 2143/1
f 1325/1 2143/1 2530/1
f 1327/1 1325/1 1326/1
f 1327/1 1326/1 1531/1
f 1990/1 1531/1 1326/1
f 1990/1 1326/1 659/1
f 2144/1 2143/1 1327/1
f 2144/1 1327/1 1647/1
f 1333/1 1332/1 1329/1
f 1333/1 1329/1 1331/1
f 1331/1 1329/1 1330/1
f 1331/1 1330/1 2079/1
f 1330/1 1329/1 1545/1
f 1330/1 1545/1 606/1
f 1331/1 2081/1 1992/1
f 1331/1 1992/1 1333/1
f 1545/1 1329/1 1332/1
f 1545/1 1332/1 2583/1
f 1332/1 1333/1 1803/1
f 1332/1 1803/1 589/1
f 1332/1 589/1 2698/1
f 1332/1 2698/1 2583/1
f 1956/1 1803/1 1333/1
f 1956/1 1333/1 1992/1
f 1335/1 1031/1 1334/1
f 1335/1 1334/1 1498/1
f 2461/1 870/1 1334/1
f 2461/1 1334/1 1288/1
f 1335/1 1715/1 1714/1
f 1335/1 1714/1 1032/1
f 1335/1 1498/1 2509/1
f 1335/1 2509/1 1715/1
f 1352/1 115/1 1336/1
f 1352/1 1336/1 1286/1
f 1337/1 1338/1 1339/1
f 1337/1 1339/1 755/1
f 1338/1 1337/1 2310/1
f 1338/1 2310/1 2579/1
f 2589/1 1370/1 1338/1
f 2589/1 1338/1 2579/1
f 1370/1 1371/1 1339/1
f 1370/1 1339/1 1338/1
f 1341/1 1348/1 1749/1
f 1341/1 1749/1 1748/1
f 1342/1 1343/1 2537/1
f 1342/1 2537/1 2749/1
f 1345/1 1025/1 1344/1
f 1345/1 1344/1 1826/1
f 1344/1 1706/1 2749/1
f 1344/1 2749/1 2537/1
f 1347/1 171/1 1346/1
f 1347/1 1346/1 2295/1
f 2532/1 2484/1 1346/1
f 2532/1 1346/1 171/1
f 2365/1 1533/1 1348/1
f 2365/1 1348/1 741/1
f 1781/1 516/1 1349/1
f 1781/1 1349/1 1350/1
f 2085/1 2084/1 1351/1
f 2085/1 1351/1 1349/1
f 1352/1 1353/1 1354/1
f 1352/1 1354/1 115/1
f 1353/1 23/1 1548/1
f 1353/1 1548/1 2483/1
f 2483/1 1602/1 1354/1
f 2483/1 1354/1 1353/1
f 1997/1 715/1 1355/1
f 1997/1 1355/1 1998/1
f 1615/1 1616/1 1356/1
f 1615/1 1356/1 1311/1
f 1616/1 2438/1 1357/1
f 1616/1 1357/1 1356/1
f 1358/1 1359/1 1360/1
f 1358/1 1360/1 1885/1
f 2292/1 1359/1 1358/1
f 2292/1 1358/1 252/1
f 1359/1 1879/1 1576/1
f 1359/1 1576/1 1360/1
f 1880/1 1879/1 1359/1
f 1880/1 1359/1 2292/1
f 1361/1 1829/1 1830/1
f 1361/1 1830/1 1362/1
f 1363/1 1361/1 1362/1
f 1363/1 1362/1 2148/1
f 1362/1 1830/1 2463/1
f 1362/1 2463/1 2500/1
f 2334/1 1365/1 1364/1
f 2334/1 1364/1 2664/1
f 1366/1 1364/1 1365/1
f 1366/1 1365/1 1798/1
f 1954/1 1953/1 1366/1
f 1954/1 1366/1 1798/1
f 1369/1 1367/1 1368/1
f 1369/1 1368/1 1393/1
f 1369/1 978/1 2309/1
f 1369/1 2309/1 1367/1
f 1370/1 1860/1 1859/1
f 1370/1 1859/1 1371/1
f 2536/1 2535/1 1372/1
f 2536/1 1372/1 2664/1
f 2177/1 1292/1 1373/1
f 2177/1 1373/1 2178/1
f 2664/1 1372/1 1373/1
f 2664/1 1373/1 2334/1
f 2261/1 2083/1 1374/1
f 2261/1 1374/1 316/1
f 1374/1 2494/1 2493/1
f 1374/1 2493/1 1787/1
f 2506/1 2494/1 1374/1
f 2506/1 1374/1 2083/1
f 1376/1 553/1 1375/1
f 1376/1 1375/1 2491/1
f 1378/1 1379/1 1377/1
f 1378/1 1377/1 1791/1
f 1792/1 1791/1 1377/1
f 1792/1 1377/1 2511/1
f 1379/1 1454/1 2437/1
f 1379/1 2437/1 1377/1
f 1383/1 4/1 1382/1
f 1383/1 1382/1 231/1
f 1385/1 1386/1 1384/1
f 1385/1 1384/1 2379/1
f 2373/1 881/1 1384/1
f 2373/1 1384/1 1386/1
f 1387/1 1470/1 2432/1
f 1387/1 2432/1 1388/1
f 1389/1 1387/1 1388/1
f 1389/1 1388/1 2345/1
f 1511/1 1513/1 1388/1
f 1511/1 1388/1 2432/1
f 1599/1 1216/1 1389/1
f 1599/1 1389/1 2345/1
f 1390/1 1961/1 2151/1
f 1390/1 2151/1 2240/1
f 2239/1 1391/1 1390/1
f 2239/1 1390/1 2240/1
f 2367/1 1961/1 1390/1
f 2367/1 1390/1 1392/1
f 1392/1 1390/1 1391/1
f 1392/1 1391/1 2512/1
f 1392/1 1957/1 1958/1
f 1392/1 1958/1 2367/1
f 1393/1 1368/1 2369/1
f 1393/1 2369/1 770/1
f 1519/1 1518/1 1394/1
f 1519/1 1394/1 1396/1
f 2473/1 1932/1 1394/1
f 2473/1 1394/1 1518/1
f 1396/1 1394/1 1395/1
f 1396/1 1395/1 1708/1
f 1395/1 1394/1 1932/1
f 1395/1 1932/1 880/1
f 1395/1 1342/1 2749/1
f 1395/1 2749/1 1708/1
f 1396/1 2509/1 1498/1
f 1396/1 1498/1 1519/1
f 1396/1 1708/1 1707/1
f 1396/1 1707/1 2509/1
f 1398/1 2700/1 2741/1
f 1398/1 2741/1 456/1
f 1400/1 1665/1 1901/1
f 1400/1 1901/1 1399/1
f 1401/1 2036/1 2035/1
f 1401/1 2035/1 1140/1
f 1797/1 190/1 1402/1
f 1797/1 1402/1 2628/1
f 1403/1 142/1 1407/1
f 1403/1 1407/1 181/1
f 1874/1 1402/1 1403/1
f 1874/1 1403/1 181/1
f 1652/1 318/1 1405/1
f 1652/1 1405/1 438/1
f 1405/1 2270/1 1968/1
f 1405/1 1968/1 438/1
f 2285/1 2270/1 1405/1
f 2285/1 1405/1 1644/1
f 1406/1 1506/1 2289/1
f 1406/1 2289/1 2672/1
f 2407/1 2406/1 1406/1
f 2407/1 1406/1 2672/1
f 1408/1 1918/1 1920/1
f 1408/1 1920/1 182/1
f 1409/1 1411/1 2597/1
f 1409/1 2597/1 2658/1
f 1409/1 620/1 2659/1
f 1409/1 2659/1 1410/1
f 1411/1 1409/1 1410/1
f 1411/1 1410/1 2604/1
f 1412/1 2409/1 1968/1
f 1412/1 1968/1 2270/1
f 1413/1 1412/1 2270/1
f 1413/1 2270/1 2285/1
f 1414/1 1415/1 1416/1
f 1414/1 1416/1 1878/1
f 1450/1 1415/1 1414/1
f 1450/1 1414/1 1451/1
f 1414/1 1608/1 1607/1
f 1414/1 1607/1 1451/1
f 1415/1 2330/1 2207/1
f 1415/1 2207/1 1416/1
f 1417/1 1568/1 2139/1
f 1417/1 2139/1 1004/1
f 2028/1 1417/1 1418/1
f 2028/1 1418/1 1777/1
f 1420/1 107/1 1419/1
f 1420/1 1419/1 1131/1
f 2678/1 2155/1 1420/1
f 2678/1 1420/1 1235/1
f 1424/1 1422/1 1423/1
f 1424/1 1423/1 1440/1
f 1537/1 534/1 1423/1
f 1537/1 1423/1 2576/1
f 2547/1 2576/1 1423/1
f 2547/1 1423/1 1422/1
f 2546/1 1422/1 1424/1
f 2546/1 1424/1 1964/1
f 2117/1 1126/1 1426/1
f 2117/1 1426/1 1425/1
f 1427/1 41/1 1790/1
f 1427/1 1790/1 1428/1
f 2251/1 1155/1 1427/1
f 2251/1 1427/1 196/1
f 1429/1 1564/1 1565/1
f 1429/1 1565/1 1430/1
f 1433/1 1431/1 1432/1
f 1433/1 1432/1 1489/1
f 1636/1 1442/1 1432/1
f 1636/1 1432/1 2003/1
f 1432/1 1431/1 1966/1
f 1432/1 1966/1 2003/1
f 2098/1 2157/1 1434/1
f 2098/1 1434/1 1436/1
f 1434/1 2157/1 2175/1
f 1434/1 2175/1 2058/1
f 1436/1 1434/1 1435/1
f 1436/1 1435/1 2435/1
f 2058/1 2057/1 1435/1
f 2058/1 1435/1 1434/1
f 1435/1 1915/1 2477/1
f 1435/1 2477/1 2435/1
f 1436/1 2435/1 2355/1
f 1436/1 2355/1 2099/1
f 1948/1 1950/1 1438/1
f 1948/1 1438/1 1871/1
f 2306/1 1437/1 1438/1
f 2306/1 1438/1 2378/1
f 2306/1 2473/1 1439/1
f 2306/1 1439/1 1437/1
f 1440/1 533/1 1441/1
f 1440/1 1441/1 1667/1
f 1666/1 1424/1 1440/1
f 1666/1 1440/1 1667/1
f 2594/1 1667/1 1441/1
f 2594/1 1441/1 2595/1
f 1442/1 1461/1 1489/1
f 1442/1 1489/1 1432/1
f 2601/1 1443/1 1442/1
f 2601/1 1442/1 1636/1
f 1997/1 1996/1 1444/1
f 1997/1 1444/1 2209/1
f 1445/1 2622/1 2092/1
f 1445/1 2092/1 1572/1
f 1445/1 1573/1 2209/1
f 1445/1 2209/1 1444/1
f 1446/1 1447/1 1448/1
f 1446/1 1448/1 1754/1
f 1446/1 1754/1 1753/1
f 1446/1 1753/1 2194/1
f 1827/1 1447/1 1446/1
f 1827/1 1446/1 2187/1
f 1448/1 1908/1 1767/1
f 1448/1 1767/1 1754/1
f 1449/1 1/1 1483/1
f 1449/1 1483/1 2608/1
f 1450/1 1761/1 2330/1
f 1450/1 2330/1 1415/1
f 1452/1 1450/1 1451/1
f 1452/1 1451/1 1713/1
f 1451/1 1607/1 2249/1
f 1451/1 2249/1 1713/1
f 1962/1 2368/1 1453/1
f 1962/1 1453/1 2386/1
f 1653/1 1654/1 1456/1
f 1653/1 1456/1 1457/1
f 1978/1 2574/1 1457/1
f 1978/1 1457/1 162/1
f 1457/1 2574/1 2618/1
f 1457/1 2618/1 1653/1
f 1756/1 514/1 1460/1
f 1756/1 1460/1 1241/1
f 1461/1 1942/1 1490/1
f 1461/1 1490/1 1489/1
f 1461/1 661/1 1943/1
f 1461/1 1943/1 1942/1
f 1985/1 1404/1 1463/1
f 1985/1 1463/1 2303/1
f 1674/1 1465/1 1464/1
f 1674/1 1464/1 1215/1
f 1464/1 344/1 1772/1
f 1464/1 1772/1 2472/1
f 1466/1 987/1 1645/1
f 1466/1 1645/1 1467/1
f 1467/1 1645/1 1730/1
f 1467/1 1730/1 1812/1
f 1469/1 2230/1 1611/1
f 1469/1 1611/1 2074/1
f 2423/1 2432/1 1470/1
f 2423/1 1470/1 1547/1
f 2402/1 2401/1 1471/1
f 2402/1 1471/1 1472/1
f 2515/1 2248/1 1473/1
f 2515/1 1473/1 1474/1
f 1476/1 1477/1 1475/1
f 1476/1 1475/1 2336/1
f 1475/1 1666/1 1667/1
f 1475/1 1667/1 2594/1
f 1476/1 2336/1 2168/1
f 1476/1 2168/1 1867/1
f 1477/1 1965/1 1666/1
f 1477/1 1666/1 1475/1
f 2206/1 1832/1 1479/1
f 2206/1 1479/1 1876/1
f 1876/1 1479/1 1480/1
f 1876/1 1480/1 1877/1
f 1480/1 1144/1 2646/1
f 1480/1 2646/1 2142/1
f 1691/1 2684/1 1481/1
f 1691/1 1481/1 2399/1
f 1481/1 2684/1 2685/1
f 1481/1 2685/1 1012/1
f 1484/1 1485/1 1486/1
f 1484/1 1486/1 1806/1
f 1630/1 1865/1 1484/1
f 1630/1 1484/1 1807/1
f 1485/1 1926/1 1762/1
f 1485/1 1762/1 1486/1
f 1865/1 1991/1 1485/1
f 1865/1 1485/1 1484/1
f 1486/1 1762/1 1764/1
f 1486/1 1764/1 2049/1
f 1487/1 1277/1 1488/1
f 1487/1 1488/1 2643/1
f 1487/1 2643/1 1881/1
f 1487/1 1881/1 1065/1
f 1487/1 1065/1 2040/1
f 1487/1 2040/1 2560/1
f 1488/1 1277/1 2076/1
f 1488/1 2076/1 2320/1
f 1489/1 1490/1 1491/1
f 1489/1 1491/1 1433/1
f 1941/1 1828/1 1490/1
f 1941/1 1490/1 1942/1
f 1828/1 2549/1 1491/1
f 1828/1 1491/1 1490/1
f 1492/1 1493/1 1494/1
f 1492/1 1494/1 1785/1
f 1556/1 1493/1 1492/1
f 1556/1 1492/1 1817/1
f 1492/1 1785/1 1786/1
f 1492/1 1786/1 2055/1
f 1494/1 1493/1 2020/1
f 1494/1 2020/1 2019/1
f 1497/1 1495/1 1496/1
f 1497/1 1496/1 1835/1
f 1785/1 1494/1 1496/1
f 1785/1 1496/1 2439/1
f 2019/1 1835/1 1496/1
f 2019/1 1496/1 1494/1
f 1499/1 1580/1 1581/1
f 1499/1 1581/1 1878/1
f 1501/1 2588/1 2587/1
f 1501/1 2587/1 2304/1
f 2588/1 1501/1 1502/1
f 2588/1 1502/1 1543/1
f 1502/1 495/1 2592/1
f 1502/1 2592/1 1562/1
f 1698/1 1700/1 1503/1
f 1698/1 1503/1 2370/1
f 2371/1 2370/1 1503/1
f 2371/1 1503/1 668/1
f 1505/1 1199/1 1504/1
f 1505/1 1504/1 2190/1
f 2295/1 1346/1 1509/1
f 2295/1 1509/1 1397/1
f 1511/1 2432/1 2423/1
f 1511/1 2423/1 2424/1
f 1513/1 1511/1 1512/1
f 1513/1 1512/1 1795/1
f 1512/1 1511/1 2424/1
f 1512/1 2424/1 2278/1
f 1513/1 485/1 2345/1
f 1513/1 2345/1 1388/1
f 1901/1 574/1 1514/1
f 1901/1 1514/1 1399/1
f 1959/1 655/1 1514/1
f 1959/1 1514/1 574/1
f 2677/1 1516/1 1515/1
f 2677/1 1515/1 2286/1
f 1634/1 1633/1 1517/1
f 1634/1 1517/1 1303/1
f 2175/1 2157/1 1517/1
f 2175/1 1517/1 1633/1
f 1588/1 2020/1 1520/1
f 1588/1 1520/1 1522/1
f 1522/1 1520/1 1521/1
f 1522/1 1521/1 2185/1
f 1556/1 2545/1 1521/1
f 1556/1 1521/1 1520/1
f 1522/1 1380/1 1589/1
f 1522/1 1589/1 1588/1
f 2094/1 1523/1 1524/1
f 2094/1 1524/1 2729/1
f 2551/1 1687/1 1525/1
f 2551/1 1525/1 693/1
f 1525/1 1687/1 2627/1
f 1525/1 2627/1 1526/1
f 1527/1 1525/1 1526/1
f 1527/1 1526/1 638/1
f 2129/1 2128/1 1527/1
f 2129/1 1527/1 2086/1
f 1529/1 1530/1 1531/1
f 1529/1 1531/1 1990/1
f 1529/1 1254/1 1646/1
f 1529/1 1646/1 1530/1
f 1647/1 1327/1 1531/1
f 1647/1 1531/1 1530/1
f 1532/1 1534/1 2186/1
f 1532/1 2186/1 2138/1
f 1534/1 1532/1 1533/1
f 1534/1 1533/1 2417/1
f 1533/1 1532/1 1749/1
f 1533/1 1749/1 1348/1
f 1534/1 2417/1 1699/1
f 1534/1 1699/1 1745/1
f 1743/1 2186/1 1534/1
f 1743/1 1534/1 1745/1
f 1898/1 1899/1 1535/1
f 1898/1 1535/1 1536/1
f 2126/1 2127/1 1537/1
f 2126/1 1537/1 2576/1
f 2127/1 2708/1 1538/1
f 2127/1 1538/1 1537/1
f 1540/1 750/1 2167/1
f 1540/1 2167/1 1541/1
f 2284/1 2283/1 1541/1
f 2284/1 1541/1 2167/1
f 1542/1 1562/1 2494/1
f 1542/1 2494/1 2506/1
f 1543/1 1502/1 1562/1
f 1543/1 1562/1 1542/1
f 2385/1 606/1 1545/1
f 2385/1 1545/1 641/1
f 1546/1 1570/1 1571/1
f 1546/1 1571/1 2578/1
f 1791/1 1792/1 1547/1
f 1791/1 1547/1 298/1
f 1547/1 1792/1 2205/1
f 1547/1 2205/1 2423/1
f 2276/1 1550/1 1549/1
f 2276/1 1549/1 1075/1
f 1549/1 1551/1 2675/1
f 1549/1 2675/1 1076/1
f 1551/1 1549/1 1550/1
f 1551/1 1550/1 1938/1
f 2294/1 1554/1 1553/1
f 2294/1 1553/1 2374/1
f 1554/1 2294/1 1563/1
f 1554/1 1563/1 143/1
f 1556/1 1817/1 1818/1
f 1556/1 1818/1 2545/1
f 1556/1 1520/1 2020/1
f 1556/1 2020/1 1493/1
f 1557/1 295/1 2611/1
f 1557/1 2611/1 2421/1
f 1951/1 1516/1 1558/1
f 1951/1 1558/1 1557/1
f 2677/1 1793/1 1558/1
f 2677/1 1558/1 1516/1
f 1873/1 337/1 1559/1
f 1873/1 1559/1 2170/1
f 1561/1 1069/1 1560/1
f 1561/1 1560/1 2558/1
f 1560/1 1066/1 2557/1
f 1560/1 2557/1 2558/1
f 1561/1 2061/1 2062/1
f 1561/1 2062/1 1070/1
f 1562/1 2592/1 2493/1
f 1562/1 2493/1 2494/1
f 1564/1 1429/1 2213/1
f 1564/1 2213/1 2709/1
f 2323/1 1565/1 1564/1
f 2323/1 1564/1 2105/1
f 2621/1 111/1 1569/1
f 2621/1 1569/1 109/1
f 1573/1 1445/1 1572/1
f 1573/1 1572/1 2711/1
f 1575/1 496/1 2017/1
f 1575/1 2017/1 351/1
f 1576/1 1944/1 2707/1
f 1576/1 2707/1 1297/1
f 1577/1 1578/1 1579/1
f 1577/1 1579/1 214/1
f 1578/1 2141/1 2140/1
f 1578/1 2140/1 1579/1
f 1578/1 1577/1 2184/1
f 1578/1 2184/1 2649/1
f 1581/1 1123/1 1606/1
f 1581/1 1606/1 1608/1
f 1582/1 1054/1 2272/1
f 1582/1 2272/1 2403/1
f 1588/1 1589/1 1587/1
f 1588/1 1587/1 1676/1
f 1796/1 2411/1 1587/1
f 1796/1 1587/1 1794/1
f 2019/1 2020/1 1588/1
f 2019/1 1588/1 1676/1
f 2016/1 883/1 1592/1
f 2016/1 1592/1 1267/1
f 1613/1 1894/1 1593/1
f 1613/1 1593/1 1611/1
f 1893/1 2447/1 1593/1
f 1893/1 1593/1 1894/1
f 1594/1 2744/1 2176/1
f 1594/1 2176/1 1595/1
f 2184/1 219/1 1594/1
f 2184/1 1594/1 1596/1
f 1596/1 1594/1 1595/1
f 1596/1 1595/1 2651/1
f 2649/1 2184/1 1596/1
f 2649/1 1596/1 2650/1
f 1597/1 813/1 1598/1
f 1597/1 1598/1 1011/1
f 1597/1 998/1 2603/1
f 1597/1 2603/1 813/1
f 2130/1 1251/1 1598/1
f 2130/1 1598/1 2131/1
f 1603/1 1604/1 1605/1
f 1603/1 1605/1 180/1
f 1920/1 1919/1 1604/1
f 1920/1 1604/1 1603/1
f 1604/1 1919/1 2438/1
f 1604/1 2438/1 1684/1
f 1684/1 1683/1 1605/1
f 1684/1 1605/1 1604/1
f 1607/1 1608/1 1606/1
f 1607/1 1606/1 1775/1
f 1606/1 2040/1 2235/1
f 1606/1 2235/1 1775/1
f 1607/1 1775/1 1776/1
f 1607/1 1776/1 2249/1
f 1878/1 1581/1 1608/1
f 1878/1 1608/1 1414/1
f 1610/1 1757/1 1758/1
f 1610/1 1758/1 845/1
f 1612/1 1613/1 1611/1
f 1612/1 1611/1 2230/1
f 1614/1 1939/1 1863/1
f 1614/1 1863/1 986/1
f 1614/1 2021/1 2615/1
f 1614/1 2615/1 1939/1
f 2065/1 2165/1 1615/1
f 2065/1 1615/1 1311/1
f 1615/1 2165/1 2203/1
f 1615/1 2203/1 1651/1
f 1616/1 1615/1 1651/1
f 1616/1 1651/1 2392/1
f 1684/1 2438/1 1616/1
f 1684/1 1616/1 2392/1
f 1617/1 1859/1 1860/1
f 1617/1 1860/1 2222/1
f 1618/1 1620/1 1995/1
f 1618/1 1995/1 2709/1
f 2213/1 2534/1 1618/1
f 2213/1 1618/1 2709/1
f 1620/1 1618/1 1619/1
f 1620/1 1619/1 563/1
f 1619/1 1618/1 2534/1
f 1619/1 2534/1 908/1
f 1993/1 1995/1 1620/1
f 1993/1 1620/1 2180/1
f 1621/1 1622/1 1623/1
f 1621/1 1623/1 778/1
f 1940/1 320/1 1624/1
f 1940/1 1624/1 357/1
f 2497/1 1625/1 1624/1
f 2497/1 1624/1 319/1
f 1626/1 481/1 2246/1
f 1626/1 2246/1 1656/1
f 1630/1 1628/1 1629/1
f 1630/1 1629/1 1865/1
f 1991/1 1865/1 1629/1
f 1991/1 1629/1 2640/1
f 1630/1 1807/1 2220/1
f 1630/1 2220/1 2056/1
f 2434/1 1628/1 1630/1
f 2434/1 1630/1 2056/1
f 1631/1 1022/1 2149/1
f 1631/1 2149/1 912/1
f 1632/1 1247/1 2142/1
f 1632/1 2142/1 2646/1
f 2214/1 1650/1 1632/1
f 2214/1 1632/1 2646/1
f 1905/1 2311/1 1634/1
f 1905/1 1634/1 1982/1
f 1634/1 2311/1 1977/1
f 1634/1 1977/1 1633/1
f 1637/1 950/1 1981/1
f 1637/1 1981/1 2544/1
f 1637/1 2544/1 2147/1
f 1637/1 2147/1 2719/1
f 1639/1 1640/1 1638/1
f 1639/1 1638/1 1193/1
f 1904/1 2071/1 1640/1
f 1904/1 1640/1 2696/1
f 1640/1 1639/1 2598/1
f 1640/1 2598/1 2696/1
f 2040/1 1813/1 1642/1
f 2040/1 1642/1 2235/1
f 1643/1 1184/1 2428/1
f 1643/1 2428/1 1211/1
f 1644/1 320/1 1940/1
f 1644/1 1940/1 1313/1
f 1645/1 986/1 1863/1
f 1645/1 1863/1 1730/1
f 1647/1 1530/1 1646/1
f 1647/1 1646/1 2114/1
f 1646/1 1945/1 1946/1
f 1646/1 1946/1 2114/1
f 2347/1 2552/1 1648/1
f 2347/1 1648/1 2640/1
f 2553/1 536/1 1648/1
f 2553/1 1648/1 2552/1
f 2640/1 1648/1 1649/1
f 2640/1 1649/1 1991/1
f 1651/1 2204/1 2291/1
f 1651/1 2291/1 2392/1
f 2416/1 2242/1 1652/1
f 2416/1 1652/1 440/1
f 1654/1 2739/1 2705/1
f 1654/1 2705/1 1456/1
f 1656/1 444/1 1655/1
f 1656/1 1655/1 1626/1
f 1969/1 1657/1 1658/1
f 1969/1 1658/1 823/1
f 1660/1 2411/1 1796/1
f 1660/1 1796/1 2348/1
f 2586/1 1837/1 1660/1
f 2586/1 1660/1 1659/1
f 1662/1 2562/1 1910/1
f 1662/1 1910/1 2047/1
f 1665/1 1663/1 1664/1
f 1665/1 1664/1 1901/1
f 1666/1 1965/1 1964/1
f 1666/1 1964/1 1424/1
f 1668/1 540/1 2671/1
f 1668/1 2671/1 2481/1
f 1882/1 857/1 1669/1
f 1882/1 1669/1 2736/1
f 1672/1 1673/1 1671/1
f 1672/1 1671/1 1891/1
f 1890/1 1891/1 1671/1
f 1890/1 1671/1 2571/1
f 1872/1 757/1 1673/1
f 1872/1 1673/1 555/1
f 2006/1 555/1 1673/1
f 2006/1 1673/1 1672/1
f 1674/1 1214/1 2515/1
f 1674/1 2515/1 1474/1
f 1835/1 2019/1 1676/1
f 1835/1 1676/1 1836/1
f 1676/1 1587/1 2411/1
f 1676/1 2411/1 1836/1
f 1680/1 1682/1 1986/1
f 1680/1 1986/1 1987/1
f 1680/1 1988/1 2159/1
f 1680/1 2159/1 1681/1
f 1682/1 1680/1 1681/1
f 1682/1 1681/1 1857/1
f 1682/1 1857/1 1858/1
f 1682/1 1858/1 1875/1
f 1684/1 2392/1 2291/1
f 1684/1 2291/1 1683/1
f 1687/1 1688/1 1689/1
f 1687/1 1689/1 2627/1
f 1688/1 1687/1 2551/1
f 1688/1 2551/1 2023/1
f 1690/1 1067/1 2309/1
f 1690/1 2309/1 978/1
f 1693/1 1694/1 1692/1
f 1693/1 1692/1 951/1
f 2287/1 2200/1 1692/1
f 2287/1 1692/1 1694/1
f 2354/1 2599/1 1694/1
f 2354/1 1694/1 1693/1
f 1696/1 1697/1 2320/1
f 1696/1 2320/1 2076/1
f 2373/1 2137/1 1698/1
f 2373/1 1698/1 2370/1
f 1700/1 1698/1 1699/1
f 1700/1 1699/1 2417/1
f 1699/1 1698/1 2137/1
f 1699/1 2137/1 2095/1
f 1830/1 1829/1 1703/1
f 1830/1 1703/1 996/1
f 1704/1 2593/1 2310/1
f 1704/1 2310/1 576/1
f 2566/1 2593/1 1704/1
f 2566/1 1704/1 2737/1
f 1958/1 944/1 1705/1
f 1958/1 1705/1 2368/1
f 1706/1 1707/1 1708/1
f 1706/1 1708/1 2749/1
f 1715/1 2509/1 1707/1
f 1715/1 1707/1 1009/1
f 1709/1 1710/1 1711/1
f 1709/1 1711/1 2714/1
f 1732/1 1733/1 1709/1
f 1732/1 1709/1 2714/1
f 1710/1 262/1 1970/1
f 1710/1 1970/1 1711/1
f 2462/1 957/1 1713/1
f 2462/1 1713/1 2249/1
f 1906/1 2436/1 1717/1
f 1906/1 1717/1 72/1
f 1720/1 1721/1 1838/1
f 1720/1 1838/1 2405/1
f 1721/1 1902/1 1903/1
f 1721/1 1903/1 1838/1
f 1725/1 2652/1 1727/1
f 1725/1 1727/1 1724/1
f 1725/1 429/1 1833/1
f 1725/1 1833/1 2652/1
f 1728/1 1724/1 1727/1
f 1728/1 1727/1 1116/1
f 2234/1 401/1 1727/1
f 2234/1 1727/1 2652/1
f 2262/1 2478/1 1728/1
f 2262/1 1728/1 267/1
f 1897/1 1896/1 1729/1
f 1897/1 1729/1 2514/1
f 2051/1 2052/1 1732/1
f 2051/1 1732/1 2714/1
f 1735/1 1459/1 1734/1
f 1735/1 1734/1 29/1
f 1735/1 29/1 2125/1
f 1735/1 2125/1 31/1
f 1736/1 785/1 2625/1
f 1736/1 2625/1 1078/1
f 1740/1 1739/1 1738/1
f 1740/1 1738/1 860/1
f 1739/1 2069/1 2070/1
f 1739/1 2070/1 866/1
f 1740/1 1036/1 2069/1
f 1740/1 2069/1 1739/1
f 2238/1 2237/1 1741/1
f 2238/1 1741/1 2623/1
f 2625/1 2623/1 1741/1
f 2625/1 1741/1 852/1
f 1742/1 1750/1 2081/1
f 1742/1 2081/1 2080/1
f 1742/1 2080/1 2186/1
f 1742/1 2186/1 1743/1
f 1744/1 1742/1 1743/1
f 1744/1 1743/1 1164/1
f 1750/1 1742/1 1744/1
f 1750/1 1744/1 2364/1
f 2095/1 1037/1 1745/1
f 2095/1 1745/1 1699/1
f 1749/1 1532/1 2138/1
f 1749/1 2138/1 608/1
f 1752/1 145/1 1751/1
f 1752/1 1751/1 2125/1
f 1767/1 1768/1 1753/1
f 1767/1 1753/1 1754/1
f 1753/1 1976/1 2109/1
f 1753/1 2109/1 2194/1
f 1756/1 2130/1 2131/1
f 1756/1 2131/1 514/1
f 2325/1 2115/1 1756/1
f 2325/1 1756/1 1241/1
f 1861/1 1194/1 1759/1
f 1861/1 1759/1 1279/1
f 1761/1 1307/1 1760/1
f 1761/1 1760/1 2330/1
f 1764/1 1762/1 1763/1
f 1764/1 1763/1 2202/1
f 1768/1 1952/1 1976/1
f 1768/1 1976/1 1753/1
f 1869/1 678/1 1769/1
f 1869/1 1769/1 1771/1
f 1771/1 1769/1 1770/1
f 1771/1 1770/1 592/1
f 1770/1 2212/1 1893/1
f 1770/1 1893/1 1892/1
f 1770/1 1769/1 1900/1
f 1770/1 1900/1 2212/1
f 1771/1 2316/1 2317/1
f 1771/1 2317/1 1869/1
f 2078/1 2077/1 1774/1
f 2078/1 1774/1 174/1
f 2235/1 2236/1 1776/1
f 2235/1 1776/1 1775/1
f 1778/1 2220/1 1807/1
f 1778/1 1807/1 1779/1
f 1846/1 2220/1 1778/1
f 1846/1 1778/1 1916/1
f 1915/1 1916/1 1778/1
f 1915/1 1778/1 2477/1
f 1940/1 2269/1 1780/1
f 1940/1 1780/1 1313/1
f 1784/1 1782/1 1783/1
f 1784/1 1783/1 586/1
f 1783/1 1782/1 2215/1
f 1783/1 2215/1 2217/1
f 1786/1 2440/1 2034/1
f 1786/1 2034/1 2054/1
f 1786/1 1785/1 2439/1
f 1786/1 2439/1 2440/1
f 1791/1 298/1 2121/1
f 1791/1 2121/1 1378/1
f 1792/1 2511/1 2262/1
f 1792/1 2262/1 2205/1
f 1793/1 2677/1 2252/1
f 1793/1 2252/1 414/1
f 1796/1 1794/1 1795/1
f 1796/1 1795/1 1512/1
f 1796/1 1512/1 2278/1
f 1796/1 2278/1 2348/1
f 1798/1 656/1 2460/1
f 1798/1 2460/1 1954/1
f 1800/1 603/1 2193/1
f 1800/1 2193/1 2219/1
f 2536/1 1801/1 1800/1
f 2536/1 1800/1 1999/1
f 2664/1 1364/1 1801/1
f 2664/1 1801/1 2536/1
f 1955/1 1802/1 1803/1
f 1955/1 1803/1 1956/1
f 2568/1 1812/1 1804/1
f 2568/1 1804/1 849/1
f 1807/1 1484/1 1806/1
f 1807/1 1806/1 1779/1
f 1809/1 1810/1 1808/1
f 1809/1 1808/1 1811/1
f 2390/1 1823/1 1808/1
f 2390/1 1808/1 1810/1
f 1828/1 1810/1 1809/1
f 1828/1 1809/1 2549/1
f 1810/1 1828/1 1941/1
f 1810/1 1941/1 2390/1
f 2255/1 1642/1 1813/1
f 2255/1 1813/1 2731/1
f 1815/1 1456/1 2705/1
f 1815/1 2705/1 50/1
f 1816/1 919/1 1912/1
f 1816/1 1912/1 901/1
f 1816/1 901/1 2179/1
f 1816/1 2179/1 2660/1
f 2055/1 1130/1 1817/1
f 2055/1 1817/1 1492/1
f 1817/1 1130/1 2667/1
f 1817/1 2667/1 1818/1
f 1819/1 2372/1 2198/1
f 1819/1 2198/1 799/1
f 2747/1 1820/1 1819/1
f 2747/1 1819/1 1071/1
f 1823/1 1125/1 2112/1
f 1823/1 2112/1 1808/1
f 1824/1 1823/1 2390/1
f 1824/1 2390/1 2389/1
f 1826/1 1344/1 2537/1
f 1826/1 2537/1 867/1
f 1831/1 1832/1 2206/1
f 1831/1 2206/1 2297/1
f 1833/1 2277/1 2234/1
f 1833/1 2234/1 2652/1
f 1834/1 2356/1 2489/1
f 1834/1 2489/1 422/1
f 1835/1 1836/1 1837/1
f 1835/1 1837/1 1497/1
f 2411/1 1660/1 1837/1
f 2411/1 1837/1 1836/1
f 2452/1 1497/1 1837/1
f 2452/1 1837/1 2586/1
f 1945/1 1253/1 1839/1
f 1945/1 1839/1 2750/1
f 1840/1 1841/1 1842/1
f 1840/1 1842/1 2488/1
f 1840/1 1870/1 2459/1
f 1840/1 2459/1 1841/1
f 2043/1 2339/1 1844/1
f 2043/1 1844/1 1843/1
f 1845/1 1846/1 1847/1
f 1845/1 1847/1 2577/1
f 1846/1 1845/1 2056/1
f 1846/1 2056/1 2220/1
f 1916/1 165/1 1847/1
f 1916/1 1847/1 1846/1
f 2126/1 2577/1 1847/1
f 2126/1 1847/1 2704/1
f 1850/1 458/1 1849/1
f 1850/1 1849/1 1983/1
f 2657/1 1398/1 1850/1
f 2657/1 1850/1 1984/1
f 2557/1 2007/1 1851/1
f 2557/1 1851/1 2743/1
f 1855/1 1856/1 1854/1
f 1855/1 1854/1 2691/1
f 1854/1 2699/1 1925/1
f 1854/1 1925/1 2620/1
f 1854/1 2620/1 2690/1
f 1854/1 2690/1 2691/1
f 1856/1 1855/1 2228/1
f 1856/1 2228/1 1275/1
f 2699/1 1854/1 1856/1
f 2699/1 1856/1 1178/1
f 1857/1 1681/1 2158/1
f 1857/1 2158/1 1042/1
f 1860/1 1370/1 2589/1
f 1860/1 2589/1 2221/1
f 1862/1 2715/1 1989/1
f 1862/1 1989/1 2090/1
f 2173/1 151/1 1864/1
f 2173/1 1864/1 1983/1
f 1868/1 1866/1 1867/1
f 1868/1 1867/1 2671/1
f 1867/1 2168/1 2481/1
f 1867/1 2481/1 2671/1
f 1954/1 2460/1 1870/1
f 1954/1 1870/1 2053/1
f 2041/1 1948/1 1871/1
f 2041/1 1871/1 2042/1
f 1887/1 337/1 1873/1
f 1887/1 1873/1 2037/1
f 1874/1 2710/1 2628/1
f 1874/1 2628/1 1402/1
f 2523/1 2206/1 1876/1
f 2523/1 1876/1 2741/1
f 1879/1 2738/1 1944/1
f 1879/1 1944/1 1576/1
f 1883/1 436/1 1884/1
f 1883/1 1884/1 2722/1
f 1889/1 1888/1 2032/1
f 1889/1 2032/1 2086/1
f 2022/1 2322/1 1890/1
f 2022/1 1890/1 2571/1
f 1892/1 1893/1 1894/1
f 1892/1 1894/1 2504/1
f 2172/1 2171/1 1892/1
f 2172/1 1892/1 2504/1
f 1913/1 1914/1 1898/1
f 1913/1 1898/1 1536/1
f 1898/1 1914/1 2104/1
f 1898/1 2104/1 371/1
f 2108/1 1903/1 1902/1
f 2108/1 1902/1 6/1
f 2267/1 2266/1 1902/1
f 2267/1 1902/1 1721/1
f 1975/1 1838/1 1903/1
f 1975/1 1903/1 2109/1
f 1905/1 1906/1 1907/1
f 1905/1 1907/1 2311/1
f 2436/1 1906/1 1905/1
f 2436/1 1905/1 1285/1
f 1907/1 1978/1 1977/1
f 1907/1 1977/1 2311/1
f 2529/1 1911/1 1910/1
f 2529/1 1910/1 2562/1
f 1987/1 1986/1 1911/1
f 1987/1 1911/1 1931/1
f 1911/1 2529/1 2181/1
f 1911/1 2181/1 1931/1
f 1913/1 1536/1 2554/1
f 1913/1 2554/1 265/1
f 2317/1 2316/1 1917/1
f 2317/1 1917/1 2385/1
f 1919/1 1920/1 1918/1
f 1919/1 1918/1 2211/1
f 1922/1 892/1 1921/1
f 1922/1 1921/1 2340/1
f 2036/1 2502/1 1924/1
f 2036/1 1924/1 2035/1
f 1991/1 1649/1 1926/1
f 1991/1 1926/1 1485/1
f 2448/1 2384/1 1927/1
f 2448/1 1927/1 2457/1
f 1929/1 1927/1 1928/1
f 1929/1 1928/1 2689/1
f 1928/1 1927/1 2384/1
f 1928/1 2384/1 2480/1
f 1928/1 2446/1 2445/1
f 1928/1 2445/1 2689/1
f 2479/1 2446/1 1928/1
f 2479/1 1928/1 2480/1
f 1929/1 198/1 2457/1
f 1929/1 2457/1 1927/1
f 2633/1 2561/1 1929/1
f 2633/1 1929/1 2689/1
f 1931/1 1000/1 1930/1
f 1931/1 1930/1 1987/1
f 1932/1 2473/1 2306/1
f 1932/1 2306/1 878/1
f 2139/1 1568/1 1939/1
f 2139/1 1939/1 2615/1
f 1941/1 1942/1 1943/1
f 1941/1 1943/1 2391/1
f 1945/1 2750/1 2632/1
f 1945/1 2632/1 1946/1
f 1947/1 1347/1 2295/1
f 1947/1 2295/1 34/1
f 1949/1 1950/1 1948/1
f 1949/1 1948/1 2153/1
f 1949/1 2153/1 2154/1
f 1949/1 2154/1 2639/1
f 1949/1 1114/1 2485/1
f 1949/1 2485/1 1950/1
f 2378/1 1438/1 1950/1
f 2378/1 1950/1 2485/1
f 1951/1 1557/1 2421/1
f 1951/1 2421/1 455/1
f 1953/1 682/1 1974/1
f 1953/1 1974/1 758/1
f 1957/1 1392/1 2512/1
f 1957/1 2512/1 2449/1
f 1962/1 1963/1 1961/1
f 1962/1 1961/1 2367/1
f 2150/1 2151/1 1961/1
f 2150/1 1961/1 1963/1
f 1962/1 2386/1 2366/1
f 1962/1 2366/1 1963/1
f 2102/1 2150/1 1963/1
f 2102/1 1963/1 2366/1
f 2409/1 2410/1 1967/1
f 2409/1 1967/1 1968/1
f 1970/1 1478/1 2265/1
f 1970/1 2265/1 1711/1
f 1971/1 933/1 2320/1
f 1971/1 2320/1 1697/1
f 2387/1 1972/1 1971/1
f 2387/1 1971/1 2746/1
f 1974/1 681/1 1973/1
f 1974/1 1973/1 2756/1
f 1976/1 46/1 1975/1
f 1976/1 1975/1 2109/1
f 1977/1 164/1 2175/1
f 1977/1 2175/1 1633/1
f 2455/1 2574/1 1978/1
f 2455/1 1978/1 1907/1
f 2103/1 2231/1 1979/1
f 2103/1 1979/1 2110/1
f 1984/1 1850/1 1983/1
f 1984/1 1983/1 1864/1
f 1988/1 1680/1 1987/1
f 1988/1 1987/1 1930/1
f 2179/1 2159/1 1988/1
f 2179/1 1988/1 830/1
f 2067/1 2636/1 1990/1
f 2067/1 1990/1 659/1
f 1995/1 1993/1 1994/1
f 1995/1 1994/1 2105/1
f 1994/1 1993/1 2162/1
f 1994/1 2162/1 557/1
f 1994/1 2702/1 2323/1
f 1994/1 2323/1 2105/1
f 1996/1 1997/1 1998/1
f 1996/1 1998/1 2751/1
f 1999/1 1800/1 2219/1
f 1999/1 2219/1 626/1
f 2002/1 2000/1 2001/1
f 2002/1 2001/1 2027/1
f 2319/1 2000/1 2002/1
f 2319/1 2002/1 829/1
f 2660/1 829/1 2002/1
f 2660/1 2002/1 1316/1
f 2008/1 234/1 2683/1
f 2008/1 2683/1 2009/1
f 2010/1 2008/1 2009/1
f 2010/1 2009/1 2508/1
f 2010/1 216/1 2468/1
f 2010/1 2468/1 2008/1
f 2041/1 2042/1 2011/1
f 2041/1 2011/1 2631/1
f 2093/1 2229/1 2012/1
f 2093/1 2012/1 650/1
f 2012/1 2229/1 2503/1
f 2012/1 2503/1 1150/1
f 2163/1 687/1 2014/1
f 2163/1 2014/1 2467/1
f 2016/1 925/1 2379/1
f 2016/1 2379/1 1384/1
f 2380/1 2615/1 2021/1
f 2380/1 2021/1 2001/1
f 2023/1 2321/1 2322/1
f 2023/1 2322/1 2022/1
f 2025/1 2026/1 2024/1
f 2025/1 2024/1 719/1
f 2163/1 2026/1 2025/1
f 2163/1 2025/1 687/1
f 2029/1 2030/1 2031/1
f 2029/1 2031/1 2635/1
f 2030/1 2029/1 2489/1
f 2030/1 2489/1 2356/1
f 2681/1 2031/1 2030/1
f 2681/1 2030/1 2357/1
f 2129/1 2086/1 2032/1
f 2129/1 2032/1 1376/1
f 2034/1 391/1 2033/1
f 2034/1 2033/1 403/1
f 2313/1 2565/1 2033/1
f 2313/1 2033/1 2724/1
f 2038/1 1378/1 2121/1
f 2038/1 2121/1 311/1
f 2142/1 1247/1 2039/1
f 2142/1 2039/1 457/1
f 2153/1 1948/1 2041/1
f 2153/1 2041/1 2587/1
f 2304/1 2587/1 2041/1
f 2304/1 2041/1 2631/1
f 2043/1 2044/1 2045/1
f 2043/1 2045/1 2339/1
f 2045/1 2044/1 2147/1
f 2045/1 2147/1 2544/1
f 2057/1 2059/1 2050/1
f 2057/1 2050/1 166/1
f 2305/1 2606/1 2052/1
f 2305/1 2052/1 2051/1
f 2055/1 1786/1 2054/1
f 2055/1 2054/1 1128/1
f 2433/1 2434/1 2056/1
f 2433/1 2056/1 1845/1
f 2059/1 2057/1 2058/1
f 2059/1 2058/1 163/1
f 2060/1 432/1 2350/1
f 2060/1 2350/1 1304/1
f 2558/1 2742/1 2061/1
f 2558/1 2061/1 1561/1
f 2066/1 2207/1 2330/1
f 2066/1 2330/1 1760/1
f 2068/1 727/1 2067/1
f 2068/1 2067/1 2498/1
f 2539/1 2636/1 2067/1
f 2539/1 2067/1 727/1
f 2071/1 1904/1 2662/1
f 2071/1 2662/1 2072/1
f 2132/1 800/1 2073/1
f 2132/1 2073/1 2133/1
f 2079/1 2080/1 2081/1
f 2079/1 2081/1 1331/1
f 2080/1 2079/1 2138/1
f 2080/1 2138/1 2186/1
f 2526/1 1063/1 2082/1
f 2526/1 2082/1 1159/1
f 2083/1 2084/1 2085/1
f 2083/1 2085/1 2506/1
f 2084/1 2083/1 2261/1
f 2084/1 2261/1 408/1
f 2091/1 2092/1 2093/1
f 2091/1 2093/1 2597/1
f 2092/1 2091/1 2201/1
f 2092/1 2201/1 1572/1
f 2093/1 2092/1 2622/1
f 2093/1 2622/1 2229/1
f 2728/1 546/1 2094/1
f 2728/1 2094/1 2729/1
f 2099/1 2097/1 2098/1
f 2099/1 2098/1 1436/1
f 2103/1 2101/1 2102/1
f 2103/1 2102/1 2273/1
f 2102/1 2101/1 2195/1
f 2102/1 2195/1 2150/1
f 2102/1 2366/1 2274/1
f 2102/1 2274/1 2273/1
f 2111/1 2101/1 2103/1
f 2111/1 2103/1 2110/1
f 2709/1 1995/1 2105/1
f 2709/1 2105/1 1564/1
f 2109/1 1903/1 2108/1
f 2109/1 2108/1 2194/1
f 2111/1 2619/1 2195/1
f 2111/1 2195/1 2101/1
f 2114/1 666/1 2144/1
f 2114/1 2144/1 1647/1
f 2482/1 2119/1 2118/1
f 2482/1 2118/1 1050/1
f 2120/1 2118/1 2119/1
f 2120/1 2119/1 2363/1
f 2362/1 2361/1 2120/1
f 2362/1 2120/1 2363/1
f 2736/1 1669/1 2120/1
f 2736/1 2120/1 2361/1
f 2123/1 943/1 2122/1
f 2123/1 2122/1 2626/1
f 2123/1 814/1 2603/1
f 2123/1 2603/1 859/1
f 2124/1 1234/1 2294/1
f 2124/1 2294/1 2374/1
f 2126/1 2704/1 2703/1
f 2126/1 2703/1 2127/1
f 2491/1 2641/1 2129/1
f 2491/1 2129/1 1376/1
f 2129/1 2641/1 2642/1
f 2129/1 2642/1 2128/1
f 2380/1 979/1 2139/1
f 2380/1 2139/1 2615/1
f 2139/1 979/1 2453/1
f 2139/1 2453/1 1004/1
f 2145/1 2143/1 2144/1
f 2145/1 2144/1 665/1
f 2530/1 2143/1 2145/1
f 2530/1 2145/1 2531/1
f 2500/1 1641/1 2148/1
f 2500/1 2148/1 1362/1
f 2151/1 2150/1 2195/1
f 2151/1 2195/1 2335/1
f 2151/1 2335/1 2543/1
f 2151/1 2543/1 2240/1
f 2153/1 2587/1 2588/1
f 2153/1 2588/1 2154/1
f 2395/1 2156/1 2155/1
f 2395/1 2155/1 2678/1
f 2158/1 1681/1 2159/1
f 2158/1 2159/1 900/1
f 2162/1 2160/1 2161/1
f 2162/1 2161/1 1872/1
f 2193/1 603/1 2161/1
f 2193/1 2161/1 2160/1
f 2180/1 2160/1 2162/1
f 2180/1 2162/1 1993/1
f 2165/1 2166/1 2164/1
f 2165/1 2164/1 2203/1
f 2164/1 2381/1 2596/1
f 2164/1 2596/1 2203/1
f 2479/1 2166/1 2165/1
f 2479/1 2165/1 2065/1
f 2166/1 2232/1 2233/1
f 2166/1 2233/1 2164/1
f 2166/1 2479/1 2480/1
f 2166/1 2480/1 2232/1
f 2336/1 2284/1 2167/1
f 2336/1 2167/1 2168/1
f 2174/1 1413/1 2285/1
f 2174/1 2285/1 1315/1
f 2177/1 2256/1 2514/1
f 2177/1 2514/1 1729/1
f 2180/1 562/1 2193/1
f 2180/1 2193/1 2160/1
f 2194/1 2108/1 2187/1
f 2194/1 2187/1 1446/1
f 2189/1 2556/1 2555/1
f 2189/1 2555/1 2666/1
f 2192/1 685/1 2191/1
f 2192/1 2191/1 667/1
f 2449/1 2197/1 2196/1
f 2449/1 2196/1 1957/1
f 2204/1 1651/1 2203/1
f 2204/1 2203/1 2596/1
f 2424/1 2423/1 2205/1
f 2424/1 2205/1 266/1
f 2314/1 2572/1 2208/1
f 2314/1 2208/1 2315/1
f 2209/1 1573/1 2665/1
f 2209/1 2665/1 1188/1
f 2374/1 1553/1 2210/1
f 2374/1 2210/1 2429/1
f 2211/1 1357/1 2438/1
f 2211/1 2438/1 1919/1
f 2447/1 1893/1 2212/1
f 2447/1 2212/1 1675/1
f 2533/1 2534/1 2213/1
f 2533/1 2213/1 769/1
f 2215/1 1782/1 2221/1
f 2215/1 2221/1 2589/1
f 2215/1 2589/1 2579/1
f 2215/1 2579/1 2216/1
f 2217/1 2215/1 2216/1
f 2217/1 2216/1 2218/1
f 2216/1 2579/1 2310/1
f 2216/1 2310/1 2593/1
f 2566/1 2218/1 2216/1
f 2566/1 2216/1 2593/1
f 2222/1 1860/1 2221/1
f 2222/1 2221/1 1273/1
f 2223/1 1869/1 2317/1
f 2223/1 2317/1 640/1
f 2273/1 2492/1 2231/1
f 2273/1 2231/1 2103/1
f 2233/1 2382/1 2381/1
f 2233/1 2381/1 2164/1
f 2236/1 2499/1 2250/1
f 2236/1 2250/1 1776/1
f 2685/1 2748/1 2238/1
f 2685/1 2238/1 1012/1
f 2241/1 2239/1 2240/1
f 2241/1 2240/1 2543/1
f 2497/1 319/1 2242/1
f 2497/1 2242/1 332/1
f 2256/1 709/1 2243/1
f 2256/1 2243/1 598/1
f 2449/1 2513/1 2244/1
f 2449/1 2244/1 2197/1
f 2475/1 1015/1 2244/1
f 2475/1 2244/1 876/1
f 2247/1 1473/1 2248/1
f 2247/1 2248/1 2657/1
f 2249/1 1776/1 2250/1
f 2249/1 2250/1 2462/1
f 2395/1 414/1 2252/1
f 2395/1 2252/1 2156/1
f 2254/1 2561/1 2633/1
f 2254/1 2633/1 83/1
f 2257/1 2241/1 2543/1
f 2257/1 2543/1 2490/1
f 2265/1 1478/1 2264/1
f 2265/1 2264/1 2425/1
f 2265/1 2425/1 2305/1
f 2265/1 2305/1 2051/1
f 2265/1 2051/1 2714/1
f 2265/1 2714/1 1711/1
f 2266/1 2267/1 2527/1
f 2266/1 2527/1 230/1
f 2271/1 1924/1 2502/1
f 2271/1 2502/1 2733/1
f 2273/1 2274/1 2272/1
f 2273/1 2272/1 2492/1
f 2276/1 125/1 2427/1
f 2276/1 2427/1 140/1
f 2290/1 2718/1 2277/1
f 2290/1 2277/1 409/1
f 2575/1 2234/1 2277/1
f 2575/1 2277/1 2718/1
f 2280/1 410/1 2279/1
f 2280/1 2279/1 2668/1
f 2284/1 2594/1 2595/1
f 2284/1 2595/1 2283/1
f 2599/1 2734/1 2287/1
f 2599/1 2287/1 1694/1
f 2289/1 1506/1 2288/1
f 2289/1 2288/1 2721/1
f 2550/1 2721/1 2288/1
f 2550/1 2288/1 1936/1
f 2290/1 315/1 2613/1
f 2290/1 2613/1 2718/1
f 2431/1 2465/1 2292/1
f 2431/1 2292/1 252/1
f 2292/1 2465/1 2466/1
f 2292/1 2466/1 1880/1
f 2298/1 2299/1 2300/1
f 2298/1 2300/1 1482/1
f 2300/1 2299/1 2467/1
f 2300/1 2467/1 2014/1
f 2303/1 2304/1 2631/1
f 2303/1 2631/1 1985/1
f 2308/1 2584/1 2508/1
f 2308/1 2508/1 2009/1
f 2312/1 2331/1 2333/1
f 2312/1 2333/1 699/1
f 2313/1 2314/1 2315/1
f 2313/1 2315/1 2565/1
f 2551/1 695/1 2321/1
f 2551/1 2321/1 2023/1
f 2331/1 544/1 2697/1
f 2331/1 2697/1 2332/1
f 2333/1 2331/1 2332/1
f 2333/1 2332/1 2725/1
f 2335/1 890/1 2490/1
f 2335/1 2490/1 2543/1
f 2336/1 1475/1 2594/1
f 2336/1 2594/1 2284/1
f 2338/1 847/1 2654/1
f 2338/1 2654/1 1702/1
f 2341/1 2208/1 2572/1
f 2341/1 2572/1 2754/1
f 2720/1 487/1 2341/1
f 2720/1 2341/1 2754/1
f 2343/1 385/1 2342/1
f 2343/1 2342/1 2344/1
f 2346/1 736/1 2552/1
f 2346/1 2552/1 2347/1
f 2352/1 2388/1 2746/1
f 2352/1 2746/1 846/1
f 2357/1 2030/1 2356/1
f 2357/1 2356/1 474/1
f 2360/1 1176/1 2359/1
f 2360/1 2359/1 2538/1
f 2365/1 1700/1 2417/1
f 2365/1 2417/1 1533/1
f 2368/1 1962/1 2367/1
f 2368/1 2367/1 1958/1
f 2374/1 2429/1 2430/1
f 2374/1 2430/1 2124/1
f 2388/1 937/1 2387/1
f 2388/1 2387/1 2746/1
f 2391/1 2389/1 2390/1
f 2391/1 2390/1 1941/1
f 2630/1 2647/1 2393/1
f 2630/1 2393/1 1259/1
f 2495/1 1257/1 2394/1
f 2495/1 2394/1 2717/1
f 2698/1 591/1 2402/1
f 2698/1 2402/1 1472/1
f 2457/1 1720/1 2405/1
f 2457/1 2405/1 2448/1
f 2408/1 2406/1 2407/1
f 2408/1 2407/1 2694/1
f 2408/1 2694/1 2681/1
f 2408/1 2681/1 2357/1
f 2419/1 433/1 2418/1
f 2419/1 2418/1 353/1
f 2426/1 644/1 2539/1
f 2426/1 2539/1 726/1
f 2433/1 2546/1 2442/1
f 2433/1 2442/1 2434/1
f 2577/1 2547/1 2433/1
f 2577/1 2433/1 1845/1
f 2434/1 2442/1 2441/1
f 2434/1 2441/1 1628/1
f 2511/1 1377/1 2437/1
f 2511/1 2437/1 302/1
f 2445/1 2446/1 2444/1
f 2445/1 2444/1 1746/1
f 2444/1 2446/1 2479/1
f 2444/1 2479/1 2065/1
f 2633/1 2689/1 2445/1
f 2633/1 2445/1 84/1
f 2618/1 2574/1 2455/1
f 2618/1 2455/1 74/1
f 2460/1 573/1 2459/1
f 2460/1 2459/1 1870/1
f 2463/1 958/1 2462/1
f 2463/1 2462/1 2250/1
f 2499/1 2500/1 2463/1
f 2499/1 2463/1 2250/1
f 2464/1 168/1 2584/1
f 2464/1 2584/1 2308/1
f 2563/1 2474/1 2475/1
f 2563/1 2475/1 875/1
f 2483/1 156/1 2532/1
f 2483/1 2532/1 1602/1
f 2486/1 2487/1 2488/1
f 2486/1 2488/1 1842/1
f 2487/1 2486/1 2602/1
f 2487/1 2602/1 1305/1
f 2496/1 498/1 2497/1
f 2496/1 2497/1 332/1
f 2502/1 2068/1 2498/1
f 2502/1 2498/1 2733/1
f 2503/1 2229/1 2622/1
f 2503/1 2622/1 617/1
f 2513/1 2449/1 2512/1
f 2513/1 2512/1 1507/1
f 2515/1 424/1 2700/1
f 2515/1 2700/1 2248/1
f 2519/1 2456/1 2518/1
f 2519/1 2518/1 415/1
f 2519/1 415/1 2556/1
f 2519/1 2556/1 386/1
f 2525/1 213/1 2524/1
f 2525/1 2524/1 1169/1
f 2538/1 2359/1 2674/1
f 2538/1 2674/1 177/1
f 2591/1 2590/1 2541/1
f 2591/1 2541/1 158/1
f 2546/1 2433/1 2547/1
f 2546/1 2547/1 1422/1
f 2567/1 2007/1 2557/1
f 2567/1 2557/1 1066/1
f 2558/1 2557/1 2743/1
f 2558/1 2743/1 2742/1
f 2666/1 2555/1 2559/1
f 2666/1 2559/1 1098/1
f 2686/1 1096/1 2559/1
f 2686/1 2559/1 1934/1
f 2655/1 1030/1 2562/1
f 2655/1 2562/1 1662/1
f 2613/1 2679/1 2575/1
f 2613/1 2575/1 2718/1
f 2576/1 2547/1 2577/1
f 2576/1 2577/1 2126/1
f 2608/1 2541/1 2590/1
f 2608/1 2590/1 1449/1
f 2693/1 2692/1 2599/1
f 2693/1 2599/1 2354/1
f 2725/1 2727/1 2607/1
f 2725/1 2607/1 2333/1
f 2607/1 2727/1 2726/1
f 2607/1 2726/1 2716/1
f 2650/1 1596/1 2651/1
f 2650/1 2651/1 2516/1
f 2700/1 1398/1 2657/1
f 2700/1 2657/1 2248/1
f 2726/1 2735/1 2692/1
f 2726/1 2692/1 2716/1
f 2734/1 2599/1 2692/1
f 2734/1 2692/1 2735/1
f 2713/1 647/1 2701/1
f 2713/1 2701/1 548/1
f 2703/1 2723/1 2708/1
f 2703/1 2708/1 2127/1
f 2730/1 2708/1 2723/1
f 2730/1 2723/1 2740/1
f 2756/1 1671/1 758/1
f 2756/1 758/1 1974/1
# 5152 faces, 1 coords texture

# End of File
