####
#
# OBJ File Generated by Meshlab
#
####
# Object longpants_original.obj
#
# Vertices: 4343
# Faces: 8542
#
####
mtllib ./longpants_original.obj.mtl

v -203.5194548182606127 15.2163989565373985 -52.8544153408230173
v -200.5542088129886054 30.5349278696646174 -52.5608585169633571
v -204.1619362890798755 15.1910384134299115 -68.6419902846085392
v -193.5255627487167089 33.4120488334349446 135.5115967361333844
v -197.0527691524326883 16.7313010837079013 119.4333790644408424
v -196.5903673084756065 16.9032567095179331 134.9112929698916332
v -196.1586976738084047 17.0424682974589210 150.3726425404538247
v -197.2886767228084182 0.4870877834373889 134.1960357869922120
v -196.8143117480984188 0.5666490733874984 149.6204990377329409
v -195.7424995880476217 17.1568393742181797 165.8020904290082456
v -196.3510663500497913 0.6242731640363141 165.0160513891541711
v -195.8710073852218159 0.6379234029723168 180.3631377236790172
v -194.5477202474694138 -15.4955063218885147 164.0834639975770415
v -194.0296630051538500 -15.5339383587243081 179.3933572653380395
v -169.1336210410103149 -9.2687758481994784 404.2152465168424555
v -163.9402802763782461 -25.1564102067137405 417.7374186044006592
v -166.1336742878813482 -10.9401680434248352 419.1183933390047969
v -136.4685609237879476 68.6303722441658124 424.3915266520240266
v -129.0127122271973121 82.3103081185279279 408.8519566111544350
v -139.7474077484359043 71.8280557450278536 409.3554050303389999
v -125.8149903829674656 78.7098083672665183 423.8275723984545493
v -116.9139993257631289 91.4958453081594456 408.2271897762577169
v -132.9609671527005048 65.7478137115496679 439.5344728963935950
v -122.2267605094013447 75.4537950181421309 439.0505795947858587
v -113.8469804365139169 87.5105602752055631 423.0496621525736032
v -103.6916723743833870 99.1899213488775615 407.6342479366331304
v -119.7307318817124724 95.5200488594280586 393.5449007526104310
v -106.3115021508492788 103.6006835625993006 393.0516516692600248
v -163.4518432856864649 75.7969585740901408 319.9197297022693647
v -171.5898204953992661 61.0586498900903436 319.4248701974714209
v -169.7767160057143769 59.1732585662647068 334.4390594127761460
v -164.9598495978046060 77.6554711970895539 304.8698044681771648
v -173.2317793629188714 62.6686974897602553 304.3657425551077722
v -175.9961444642984247 43.8736509069154366 333.7789399927698923
v -173.8484749188941407 42.2014774655712017 348.7207369296723982
v -87.1353416637786182 100.5867510660660855 421.6933805468312357
v -74.8575460630450067 110.4556341707473450 406.2534265755002139
v -89.6332778740154339 105.4583718031910564 406.9865517677933440
v -98.1339833430950392 90.1720788783095628 437.5167681961398216
v -100.8638873426663451 94.7210210037324742 422.4361682678094212
v -84.4661927304828595 95.7223676396129406 436.6402388082830157
v -46.6009283857925993 127.2421401182420624 376.8668394350897302
v -62.8672825845058298 124.3191676759670798 377.1916077603367512
v -61.1784633286163952 119.4130666653499731 391.4440676309711193
v -42.4390194219993049 111.3421136625476606 419.8798926234683222
v -56.1202925213133668 103.2091210906485799 435.1502155356620847
v -41.2798706559471569 105.5963695838951963 434.6086538088865154
v -59.4894859063347923 114.2067562565602969 405.7584903839667163
v -57.7669196938623486 108.7965262319801951 420.2602588320220889
v 1.4114382407619033 147.3010895479625049 287.9315450567808057
v 19.0956406129256031 147.7111239373498108 287.4871454240047797
v 1.3631726278737895 146.7504116854930203 272.6395197984135734
v 4.5702041219818970 124.0084521950179379 179.4241853330474612
v -8.5842616586621503 114.7276029788831266 161.2468983346342952
v -12.1731062243432859 123.8879581617134704 178.6760295405775594
v -6.6735115890743959 -12.6479672663741649 100.6105431257846021
v -5.0508562107804806 4.2607653553573854 99.5834009892181911
v -0.9555754388021329 4.0115742045002269 105.7129717653681809
v -70.4278997406828751 100.0039989764337776 435.8319606151062544
v -49.5396168159436883 84.7729109153390965 -374.1455722791148446
v -41.9388972899711661 73.6939302946444172 -358.0053533816933395
v -42.1859004724033611 73.4123557732215630 -373.8934646358445661
v -36.7925798730220635 59.6688849384185644 -421.2418873910125967
v -32.9948034944411717 46.4498363449855276 -405.0634018125288662
v -32.8844896252870171 45.9983431891668957 -420.9217969566368538
v -97.8385476942132897 108.2279228450652511 -422.1172664778354715
v -83.8094475268428170 105.6330354293518070 -422.2583317279634230
v -101.3613637823164453 108.0940278047154663 -438.0046875513663167
v -128.1110871051168658 120.0118846260895538 26.7444990389379740
v -112.2067853639130135 125.9993836387069024 42.7157387144747673
v -113.6019854879701256 125.3129414967074950 26.6397449581144947
v -30.7960126539205454 19.0033001974266469 -357.2777112909952280
v -32.6349485911987003 4.7511446772741639 -372.9022885782724757
v -30.8614072676996258 18.8090670749261157 -373.0155165433792490
v -36.3184689231237314 -8.7552071763767607 -357.2210014500223565
v -32.6237786888671195 4.8865267213563506 -357.1949279599198803
v -32.5551200959042504 4.4979286710284843 -388.6242580197560414
v -30.8457535877961888 18.4909057912427350 -388.7613739030008446
v -47.7916720869101042 133.3792549520062778 182.4434188001787049
v -29.7754392155499907 128.6976447740030949 181.0731035218223326
v -29.7998711302186265 123.6236956708513048 165.9147432435980818
v -65.7625950798357053 136.2112194108132712 183.1625103198579154
v -48.0530013101357412 136.3641806908004810 197.4382062713777373
v -16.0482643120610327 144.9629780805487087 257.6027846828437760
v 1.3978206536000408 145.2037169152669662 257.1224956578090541
v -15.7152845149540603 142.6318355202321868 242.0100707342064936
v 19.0151243334712809 147.2516553610292647 272.1395222823307449
v -159.6295271517150240 31.5288406851132947 423.4731263065320377
v -160.8661391065605812 14.8868892342161239 437.2647755829729590
v -156.6230907835862638 28.9074196588837999 438.5018093148643175
v -165.2610942669076906 90.7869435384724994 42.7859070775446710
v -152.7350732888933464 103.4033014910183823 58.6992482677068423
v -153.6501377613869010 102.7229942878666122 42.8159682778981150
v -155.4431119829779675 101.3617472159944271 11.0045082145894764
v -141.8475411036128833 112.1246155267224083 26.8326887848728255
v -142.8338283817907666 111.4261719106023065 10.8697312767803478
v -178.2951552824004295 79.5366447504574268 -228.3464883062101194
v -167.3788943287975144 90.1510379552305352 -228.8746298542564830
v -179.1142654769801084 78.8809060602220740 -244.2689168745403663
v -155.5361329932553360 99.4867277731580799 -229.4289982658764870
v -168.2055198234655222 89.4124584188681268 -244.8171120039449420
v -169.0210832565238945 88.6827553721508934 -260.7510052392466946
v -179.9362897675123918 78.2246976637312059 -260.1822964080703287
v -184.4802089117538060 -17.8494991329520403 299.8924518943498470
v -186.5352217088747864 -2.0284264644742040 301.0237346178549842
v -188.3585830494455706 -1.4374724888239001 286.0442844937750806
v -182.4468026023868674 -18.3956333063374942 314.8013502216819006
v -184.5483642480143089 -2.7107299192119410 315.9523414362350877
v -161.1550180395489065 96.2941439402131465 -101.0115380662135749
v -148.2842997708746395 106.8973600532732178 -85.3649133424526241
v -149.0557779168075285 106.1192197471854541 -101.4227323424767633
v -160.4195155584522752 97.0353787547955591 -84.9934044518601155
v -147.4676531376759954 107.6746568052694073 -69.3021480479825840
v -194.8268791367210042 17.1577500292033740 196.4741006314708329
v -195.3280652972055407 0.5833679799775656 195.6208073244994807
v -194.6571713908481058 0.4197352614401352 210.7774038078050580
v -193.4534963889408061 -15.6178887660570176 194.6244932556424772
v -192.7555895799698646 -15.7886725226887297 209.7573935376490226
v -194.2089757646600958 17.0301900321519319 211.6682736152182258
v -193.8082875711734800 0.1874068048022857 225.8863778283057968
v -181.5764848401132951 76.8878082162525374 -291.9759651487208316
v -191.3372684051307147 65.5152707716981979 -291.4528465818559653
v -190.5192126531654822 66.1354364024591774 -275.5710236400235544
v -180.7579881394183872 77.5620188239244612 -276.0845947083067813
v -189.7046078043020714 66.7363153192178800 -259.6807651572756299
v -204.7055493860326294 41.4649157489391484 -258.9930385124549730
v -198.0665486253215875 54.4224481952285331 -259.2773929280431844
v -198.8510922738315685 53.8721921098048213 -275.1613630984722931
v -134.6157135333806707 117.2948256547304879 137.5941017279653522
v -119.2877126101771523 125.5155382663089085 137.7763860984759106
v -120.3985966620138726 124.7070971138189748 122.1976291357169941
v -136.4067034856882117 115.8832241550978921 106.2543801186725716
v -150.0093295447280752 105.4911649685000867 106.0663442429923435
v -135.4469498180263543 116.6088723906705127 121.9480904980891722
v -148.5724885232426118 106.7298666368906481 137.3704065202332174
v -133.9329906980576368 117.9394160107786433 153.1629661018324384
v -120.2928744111534911 111.4710048933998365 -326.5256017932031227
v -134.0339391996271843 107.6729409395604620 -326.1438935667763985
v -133.3981103031208306 108.5991825037670679 -310.2381635351221121
v -124.5873507761865682 103.1763087536556469 364.4189718264891553
v -110.8603484178527054 111.9257284779554311 363.9827009876862007
v -126.5070881717170437 106.6770198902233773 349.8456546541231091
v -195.0063452696984143 56.3665623868364349 -195.6543961146903143
v -186.5264027342813051 69.0275232619730730 -196.0165875669079583
v -195.7576068749599472 55.9089294992491901 -211.5762495325035957
v -199.7034845116596671 43.9407518005615216 -147.6501867400772312
v -192.8118201288452838 57.6709366584226046 -147.8452011086966422
v -200.4128368159182401 43.6557072043529715 -163.5634895868716114
v -192.0907347540405965 58.1012451035329676 -131.9165992581509386
v -183.5579742294820562 71.2994636624098774 -132.2157925570768668
v -142.9254882025113318 107.2448659956243091 -229.9796857141879229
v -156.3666790972806950 98.6691992425000848 -245.3913422800842170
v -198.8515715659290493 0.1720263213944090 87.7528616021615591
v -197.7809097069121549 -15.5846498590973344 71.4425131818213686
v -197.2034585878778898 -15.5806741311488040 86.9796292471519195
v -194.9504981545009912 32.6505902887997053 88.8901258910431267
v -198.6244637984628980 16.1759716914324478 72.8089174366623695
v -198.0719550401810807 16.3693660527624019 88.3864474116517442
v -83.5065828504502576 136.3227410960530506 183.5787659206704063
v -65.7993903341586304 138.1034262682649683 198.1829878474814279
v -83.9666745064975402 135.0924174535263091 168.4618164796677036
v -66.3364323364550472 134.3311578151115384 168.2174925400603911
v -83.4541291233029199 137.5111075083671039 198.7111293955277915
v -83.7341411524880215 138.5684450470742490 213.9092134027905274
v -48.7453962599857533 139.0951295471442961 212.6244805213587767
v -66.2494456136848413 139.8503021759211720 213.3275445132985055
v -147.3369214251695212 108.1583104608284174 183.9393469514405410
v -159.9029920508486384 95.5777652138056339 183.6398085622044221
v -159.7166432833515159 95.7897465226755571 199.0854373519695173
v -193.7496989051785192 63.6294576708267954 -339.0878860113122073
v -202.0190788363342449 51.4251758920034376 -338.6405722825835483
v -201.2301448722114117 52.0490847940456760 -322.7701756643548379
v -124.1785337887268525 118.2269912692618448 -134.3839182892012332
v -109.5683111248554695 122.0923670052701908 -118.6749472494011428
v -110.3514360687569251 121.4202652828271454 -134.7926202465575898
v -123.3846439443161671 118.9768149982309495 -118.3065441716002510
v -108.7113847837852632 122.7604618457783658 -102.5184324206655617
v -136.9041895111802489 113.2720024647025951 -117.8958100157506408
v -122.5518068240649114 119.7169186834633337 -102.1888711744438183
v -110.7938801897752796 83.4204253030086988 438.3521168069818259
v -50.9477146903437728 97.1876210966365619 -151.4827213815667903
v -43.2793478777340539 86.0521415234918834 -167.5021970137931646
v -51.7338735532222316 97.1196287196891888 -167.3803034475640743
v 1.7211851023378211 145.3982903351567018 317.9630676435496071
v 19.2119001005489025 145.6870158946738343 317.6477317867808665
v 1.5357450427017556 146.8440941188649163 303.0320068496304771
v -16.1262343522475327 146.2725862218392763 303.3673579443897097
v -16.2727767128193577 146.8140137468275555 288.3029389172699553
v 19.1587645803929121 147.1861840605145630 302.6534811227309660
v -32.8806265309813952 47.1469954582844082 -373.4109133521097874
v -30.9986453704292728 32.7305937257097312 -388.9778222142192021
v -32.9798016517902965 46.8339458248205673 -389.2324988631319229
v -30.9529880052240891 33.0530470701259702 -373.1952319082473650
v -36.1831240241790937 61.1820867768732839 -341.9393289009605041
v -32.7197856889117347 47.3846955811046726 -357.5946192258437009
v -36.4263407990412631 60.9894017678475890 -357.7863360648325397
v -103.4436099564157843 117.1338697825574400 -247.0825148601722390
v -117.0241214780782997 115.8726509714276602 -246.8628457060588630
v -116.2250456931729730 116.7113450411100217 -230.8687150399468067
v -75.0813179575127378 122.0778252830328938 -22.3498889689010447
v -73.5862189815795347 122.3605788630155189 -6.1568712540220050
v -62.8135443545372709 115.9094510186715610 -22.6807155462601244
v -162.8873713966517300 92.6518786755780326 90.1283099239684162
v -150.8703682119945881 104.8138677197204487 90.3306862192049920
v -45.9593240195116977 86.3342720237478147 -230.9173344303143836
v -39.3596491753982320 74.2992953854354710 -246.8471632686295720
v -46.5181690193221087 86.3439824816425983 -246.8223167662966375
v -25.3934992321097326 15.6741372883860883 -121.7701005847719671
v -27.1419088744778634 0.5189223645514796 -106.5891177195470192
v -27.6861210865524541 1.0237151980694845 -122.2227823849923283
v -207.6497065390158809 39.1181985919152453 -322.4378536956516541
v -200.4367439057401441 52.6763774982960626 -306.9037284130093326
v -206.1700359757003014 40.3893651105280682 -290.7260863886172046
v -199.6424993851773309 53.2879398359074159 -291.0346354692857744
v -182.3844946297155047 76.2064178129604812 -307.8632711921483178
v -192.1532152718670545 64.8815411745787713 -307.3311802772187775
v -135.3029608861038184 114.8235860143228706 -85.7177490129276123
v -120.7459396450518341 121.1686177599704450 -69.8983490738699516
v -121.7123842303943775 120.4365565961336557 -86.0430924886916131
v -48.3946598888976851 130.3810719937959846 167.5901950428890075
v -33.5937940003358406 120.0942557659610941 151.5534648951536383
v -54.7363557615468466 107.4718779046709614 -55.3429382542654693
v -66.8881886061438422 115.4703619423355008 -71.0752987484222132
v -65.6326589922110486 115.6701979894554739 -54.9906777343074467
v -147.6170580702999473 107.7643419425483700 168.4623532868168923
v -160.1506518634543852 95.2564286199765036 168.1582136934450489
v -148.0299777981140323 107.2787615327575423 152.9454825196835372
v -160.4960680922605150 94.8459436960175850 152.6353613609352635
v -126.9189246993908426 120.7280237064483259 42.7695728028628253
v -125.7206081831332796 121.4419292856328809 58.7958735545572040
v -29.5371950961990919 46.8237944181961083 -215.4678713037694990
v -32.9941252961232507 60.8016151240580527 -215.3067908156511123
v -32.4546436970507131 60.5892791390360088 -199.5000058445989168
v -30.0120249842436344 47.0533657470432516 -231.2415276050444390
v -33.5073392917938406 60.9922008336968204 -231.1144576841626588
v -45.3511502770294683 86.2948454558097637 -215.0688702184660031
v -37.6879789907563421 73.9116822803678986 -199.3369698447228302
v -38.2812994711379133 74.0646435603551225 -215.1693298420961469
v -159.8201895480893882 71.2044392111650666 349.8510227256147687
v -167.7359669414141479 57.0959970299790811 349.4060095989539718
v -165.4151770904030059 54.8747321830079926 364.3358434051036170
v -148.1057347070404546 81.3342681053939884 364.8919756116422946
v -157.5940886438548034 68.5972531602304940 364.7471910548379697
v -155.0271631291078620 65.8845845044842804 379.6342336625252756
v -94.1025233094706977 114.7732986874561192 378.1474312327993061
v -78.7583223133726307 120.2163793923969592 377.6669121475578095
v -96.0013348120255472 119.0720024087888902 363.7369200001026002
v -80.4585055848931319 124.6661463970109622 363.3450507812094656
v -64.3749629779976829 128.8548909253417207 362.9113106046812049
v -124.9893043008104883 117.4540273178267995 -150.4115610587685410
v -111.1143924011967670 120.7402073115660670 -150.7551176342364840
v -137.6793582062636858 112.4754765137558223 -133.9520185943272850
v -50.0349460269971118 84.0265476753137364 -405.9274696058513996
v -42.3871552241318597 73.0804555815641521 -389.7789301976177967
v -42.5143689326428813 72.7130398454840616 -405.6617117236451691
v -208.2349797050808888 -13.2233957727571063 -259.3748617689851130
v -211.2127448199388766 0.4102512690614079 -259.0259371220254820
v -211.6262396982699272 -0.0007980213422909 -274.8721390751737772
v -211.5358643803706116 14.2689307435640043 -258.8466051908353620
v -209.2926239907304193 28.0279258494041272 -258.8428858841589886
v -209.9441736680338693 27.5403587738692686 -274.7058438890348953
v -170.0293221127660104 86.9420719183940065 -52.7015786767811392
v -158.0344238796442653 99.2389145870811547 -36.9496247216797400
v -158.8554704142977130 98.5126720293076801 -52.9640390293568117
v -47.0120843186879895 86.2998492653073725 -262.7329739207129364
v -40.2652955581764616 74.3674027924862457 -278.5944748776125834
v -47.4601409501677409 86.2176219130650736 -278.6444746292208379
v -39.8317135480403621 74.3518641426861961 -262.7179433205362216
v -34.8526259368202176 61.3499444552499327 -278.5726191579678357
v -162.7597838403046921 34.0622876468518001 408.3902257761337751
v -153.5725020274383894 44.8477929233433912 424.2557911300199294
v -86.2995137608391332 132.8259889122104482 137.9411092065350886
v -67.6858073430728524 132.6618505405101871 153.2209412739426568
v -69.6655233516809744 131.3251528098705023 138.0478571424840482
v -104.3046965528920396 129.9578666575701504 122.2663404508105742
v -103.0013192088686083 130.8277530569559985 137.8486250034068803
v -87.9755215389631502 131.8669062534850411 122.4131955494760007
v -69.3865609721893435 102.0682525251940120 -374.4986380097966503
v -58.2742887224042647 94.8566223239492530 -358.4111412430970631
v -58.6462769050942399 94.4397340575681028 -374.3619439035976484
v -55.3811282485920415 96.9004101001474396 -246.8697858556302549
v -45.8638777912211282 107.0637031686218421 41.8694239004425981
v -47.5870958409461267 107.1491992929689019 25.6194279410160846
v -56.3559700314823075 116.2635136769160766 42.2851426941059145
v -176.2675388215709518 76.8473847207517480 26.8649739005585388
v -166.0752773387253569 90.1545847167518275 26.9248662410586412
v -132.5024475747329404 119.6293711889390892 245.2606680826294507
v -146.2875401352804090 108.6229649776436332 245.1906530930307326
v -132.1256664710682287 119.2325077463903256 260.4216357098639492
v -169.3058594491578788 81.4971315601149797 244.5720211969816660
v -157.9854018839148466 95.3162922029507627 260.0361314900252978
v -158.6627566477461926 95.7621776412289734 244.9867430630822298
v -66.8145453753672598 141.3440255835346306 228.5984809193770104
v -50.1032882871756442 143.2808353635770686 243.3251715629340879
v -49.4348195988314387 141.4301927168181692 227.9484074617337797
v -179.9752849725627186 74.0795687162704013 -52.5151915659162256
v -188.5224817750971056 60.2251130033767765 -52.4085586600706534
v -187.8099469713113194 60.6556994379036780 -36.5391206260369188
v -212.6092869618689178 13.2648641250303854 -290.5537712937340871
v -210.5912179996210796 26.9839869212818115 -290.5617467142359942
v -211.2354249219912390 26.3499074409312222 -306.4049003696443947
v -212.0796883658462377 13.8130292986788756 -274.7064957262874714
v -209.8274947998252742 1.1040972757365146 -211.4782438844125068
v -209.8247149056599312 15.1104178879443882 -211.2543186164735971
v -210.4077641563926875 14.9276889740134298 -227.1287029449532326
v -207.9858628444988540 28.7695512870459780 -227.0940405404640785
v -208.6386586812557198 28.4425758216900846 -242.9740996873777874
v -205.4351661601723151 40.9541485394261571 -274.8624382031209166
v -203.9806871894998608 41.9233059180403984 -243.1134011425870654
v -183.6541585676027353 63.3767173619878577 58.2533915869544856
v -190.8162587234947409 48.0025558168768143 57.9983315043637830
v -183.0171410266946452 63.8347576478579555 73.9584516032392258
v -184.3140479274022141 62.9194343576317650 42.5194973580858289
v -174.8131557093180106 77.9423466891104368 58.4500163770213987
v -175.5310969279632900 77.4002960843954497 42.6757849252295003
v -185.8124108825192025 50.2416311581899677 228.3237123457382438
v -190.7143803952560859 33.6177633981304140 227.6329949182294001
v -189.7778436367957795 33.3543971834905193 242.7764012830125466
v -184.9715024833465122 50.0001590065625905 243.4772413596199954
v -178.1065250845193475 66.1513872434630485 244.0505513949321141
v -193.4085963052496311 16.8328451057085644 226.8248700985238031
v -192.4005108224787080 16.5369589222551951 241.9451937558926886
v -16.3122140648295968 39.3126354135572029 52.2426085642419480
v -15.2578073972984924 23.6921656595552967 51.0113263375202592
v -17.8995012810208074 39.9296209412514571 36.9367030067318964
v -84.9060870175426743 133.9074348434204182 153.2684870500118848
v -179.6653938740212197 46.8261573282366470 303.7357610221905588
v -184.0933435023582945 30.5570879397912378 302.9193540350406693
v -182.2345720616262668 29.4726464329720486 317.9245709022806636
v -120.8921524923066357 110.5531509408989876 -342.4181225346511042
v -134.6570093404988597 106.7355126977988675 -342.0385231934532726
v -145.7113543473834625 109.2078642958726107 -37.1737800498254458
v -131.4459440042753897 117.8633331832259330 -21.3350550533977170
v -132.4687054110709141 117.1254438274838918 -37.4039552867154086
v -146.6061831075217583 108.4474961407591280 -53.2378873621684150
v -133.4665436287978650 116.3676350921709002 -53.5071344908442939
v -116.2725722975582983 123.9522120603005675 -5.5088683382398518
v -117.4910478394355380 123.2729401280793411 -21.5998926947768481
v -26.0113187280535847 31.1799543815214726 -152.7569481802219684
v -25.9148899509631931 16.0945423605324400 -137.4485886471728406
v -26.4204352730742293 16.4976006534410367 -153.1300674922619578
v -193.9592454101932617 33.1732247706461010 119.9971032578035164
v -197.5469959916619302 16.5545165900158402 103.9246370912806299
v -35.2529762293780990 95.7899382395145409 57.3664328030566892
v -37.1073813191021671 95.9868889482077492 41.2184302019722182
v -43.9756011289687123 107.0218226251447362 58.1052328137839353
v -101.4245728241310474 135.4020305626512766 244.9460990932166169
v -84.5923136530116437 139.9918754756724582 244.5276962638074565
v -101.1470722855367086 135.2306165369113842 229.6683375676701075
v -117.4597308937867126 128.6302179617307502 229.9302994564644109
v -117.3308396629345367 128.4604239432803183 214.6513109431483883
v -72.0380048554044947 122.6408592957752006 10.0397507374300243
v -70.3827983543107649 122.9103460704998128 26.2429677881432681
v -59.7867620368708259 116.1074082407694448 9.7432031308821436
v -178.0141942548623604 26.8082640595856496 347.8138395945197772
v -175.5758052948154671 25.3162948610489416 362.6691338936705620
v -171.4547751540155502 40.3657599747275668 363.6333929070486306
v -172.8960448344816712 23.7480367393576088 377.4294900141540552
v -30.0048907213727638 83.3973905248041945 40.3392167783695683
v -31.5652405234558060 83.7622468410837797 24.2636064556872739
v -57.9155769308142681 95.2657268866674656 -342.4681606296272207
v -48.6069287730260911 85.7085178471303095 -326.3703494969900021
v -48.9329432577265493 85.4327331742449161 -342.2912635022922245
v -48.9315149672760796 135.8741236928192677 348.2037149582874349
v -31.1173085079213934 133.8365475422043289 362.2743505788247944
v -31.9848104291223123 137.8472446421661743 347.8635325991857030
v -117.4820659055289127 128.5991310762886997 245.1771562275659164
v -117.3169593637917529 128.2835555734712045 260.3754702950354272
v -89.7626004677553198 131.0159998211591130 106.6864331870177267
v -71.9668108072459916 130.2999565992198256 122.5832867290268666
v -74.2629938019729394 129.4928670504447723 106.8431041878393870
v -22.7844583207579383 69.2617053807978920 55.0199720673049342
v -24.4821636521345098 69.6605818501560492 39.2746515148325486
v -28.2240761402945495 83.0895699681237687 56.3123736222962492
v -107.3595222511815734 128.2943204739804059 90.7135830900334383
v -91.6370447600747013 130.2493145962009180 90.8010059686123299
v -97.1778818812159386 128.2627159530730978 42.6664291434868517
v -98.7023087405934518 127.6704163648591503 26.5544693081322727
v -114.9722720088006440 124.6320112138290170 10.5735671039104453
v -100.3075825909725438 127.0857758643628017 10.4201936327194034
v -44.1995743261173786 97.1105125839952734 -39.6207770959429340
v -53.4323217873498848 107.4377906506987443 -39.2101196268289129
v -101.3175468987655563 134.7201704531037194 275.3024666919680499
v -84.9282878274975701 139.8995829893832479 274.9753977646531666
v -84.8942485027351097 140.1820777516332441 259.8112092945236213
v -211.8828718589403479 25.6243023416473754 -322.2459834831917078
v -208.4061253272462011 38.4199682607785178 -338.2992587941317879
v -195.2311332634128007 62.5657455472232726 -370.8531806597923719
v -203.5326832801508203 50.3880644798096142 -370.3825541634426486
v -202.7935956941651057 50.8465169568835336 -354.5096268829393011
v -100.9257064373982899 133.6346888824330108 290.3500146372567770
v -116.3840172960624955 126.3567917557917752 290.5359032843402929
v -100.3838187919964327 131.9135030312012873 305.2914281404813437
v -77.4722138636211213 111.9431842961453611 -247.0822081132298536
v -90.1473761636058555 115.8378543651511876 -247.1447078027402142
v -89.4260415569104765 116.4306811746723582 -231.1508455402027380
v -145.7454991164073590 108.1912857571344944 260.3073724738266037
v -131.5781615222840060 118.4374196717359666 275.5255484058154138
v -35.2352448182321183 61.3872429662752026 -294.4128012023718952
v -31.9621638775167618 47.6545130673765414 -310.1753379269854918
v -35.5848572493516144 61.3750018461057678 -310.2522547227877681
v -30.0345253517594593 18.9769343391447123 -294.3806311167895728
v -30.1878964264900134 33.4489087921910269 -310.1158290201633463
v -29.8922642678483044 33.3770389421750977 -294.3570499455939284
v -144.7774441096173064 109.9630848538592574 -21.1216358682353800
v -130.3917985509374091 118.5810347558224720 -5.3004721342590235
v -198.2834570569535231 44.4939603253056575 -115.8559811922775822
v -191.3743464417911468 58.5283902208000200 -115.9981584000716737
v -198.9947265296019623 44.2162105548206341 -131.7475816928984216
v -182.8461487780005257 71.8609735262822227 -116.2633411317609813
v -33.9879614248363282 61.1468588077090871 -246.9264190098675442
v -30.4595975307049436 47.2456050144183024 -247.0228909232467061
v -34.4359653341853615 61.2662217116635190 -262.7402591605945190
v -42.5224545903272286 72.3424128523509040 -421.5368245761129629
v -36.8452157311664408 60.0604090670014941 -405.3683466166244784
v -36.7750090247287389 60.4203286746771226 -389.5015159316009772
v -139.3189206132959157 110.8079234482312074 -166.0005940440972552
v -125.9311612015527402 116.6248040599904812 -166.4210290719996976
v -133.0788346653108078 119.0168454742118200 184.0995455420995768
v -132.8801489192247800 119.4113603854829790 199.4753894024727572
v -137.4692844799417060 115.1265082057671378 90.4827560158909137
v -122.9574221403135112 123.0671608589507144 90.6896568285276317
v -138.6108719835424665 114.3396447835053920 74.6534634879414369
v -184.4640471822270342 13.3450616752398883 317.0136858568770890
v -182.4044715243381347 12.2172226654550968 331.8677531682583322
v -21.8521489185973401 55.6542336786525667 22.3478184270399645
v -23.0673269308439686 56.2384332304192469 6.4762331644095523
v -25.9505229219497480 70.1321381731748517 23.3522612898700999
v -20.4600426250294092 55.0841540720774105 38.1065591582415664
v -30.2863118693244253 19.0727148736732737 -310.0962547309026149
v -30.4997190721843268 19.1107994237383991 -325.8130094743656286
v -16.8718127514632812 54.2112625112404203 68.6428338387000849
v -14.4550422614728724 54.0951875510746447 82.8558000405027713
v -14.3989279409310935 38.7974994565757498 66.9745905925551170
v -180.2545205485498911 28.0440108921952884 332.9119197601269207
v -169.9899818174055213 22.0048417950099733 392.2050301082854844
v -168.7792899791912191 38.4365158204437378 378.5219692494478636
v -36.2189223509392804 -8.8541690122022931 -325.8652523129900942
v -32.5516212635927076 4.9270149212902981 -341.4958495090115775
v -32.4293202990807785 4.9124540273690984 -325.8051490839670805
v -31.2302417083882347 4.0926991849183390 -247.4144917385652604
v -29.4244919559390361 18.6771083746501247 -262.9649129525216154
v -29.0720517014444582 18.4489042265110221 -247.2617701046267769
v -27.4932659288321553 32.1544271094966803 -199.9256555705218545
v -29.0412547877213960 46.5742701593312063 -199.7006950316524012
v -28.5285033089248685 46.3093222807696563 -183.9323301151335386
v -168.4855606101764636 88.2367932471370864 -20.7984396210680593
v -156.3274059028138367 100.6622395714179277 -4.9536563725282798
v -157.1904480110477778 99.9558397064797788 -20.9375493594383322
v -167.6939617819917032 88.8771466610435965 -4.8722534026936337
v -143.8158883036689701 110.7037636896085928 -5.1113243009126705
v -194.0870438550632002 46.2434819253399283 -20.7633554395331075
v -199.2254960886928075 30.8870158444675553 -20.9676489031595743
v -198.5689426018917345 31.1071882552832690 -5.1911551926676083
v -34.2022577145370406 -10.9024693234981740 -200.7040259368163788
v -30.0885535534469888 3.1541446067276806 -200.4427925720102621
v -29.6525918580469394 2.7804549370916813 -184.7965896252950699
v -27.8414332942777705 17.5921959633451692 -200.1788751714582588
v -27.3851088741166215 17.2543189992322787 -184.4939837666351536
v -68.9296566085902640 102.5843446699099104 -358.5564626070505483
v -68.4882956877121813 103.0869303633190555 -342.6147089813502475
v -149.0495087761725870 60.1660258736004252 409.5042539841299458
v -159.8409716534357585 50.1571463401685733 394.2128422196474276
v -156.7565544610483244 47.5329597985366661 409.1931358978188769
v -126.8988711180326163 115.7641008971921934 -182.4534647625417279
v -112.2732919353582304 119.9676555513348291 -166.6933053267316041
v -113.3573548014204135 119.1729509103584519 -182.7492455017336397
v -127.8674150027621010 114.8851175337963326 -198.4830630438667072
v -114.3874110339394576 118.3640496374549400 -198.8083681762629169
v -20.3992875587538585 41.2642313548066468 5.5541518556090077
v -24.1464195378553690 56.8019704998639057 -9.4442782355308026
v -213.1234523523529845 12.5806387089817839 -306.3776574068240848
v -87.3583371050484487 125.9881873753099484 -5.8461749447567515
v -101.7944904649599493 126.4999371336227654 -5.6667663268310298
v -37.6139451369203286 85.4731374980618028 -56.1288622640161705
v -32.2776339360728386 72.6802370943330800 -72.5226458526842777
v -38.5966065703808496 85.7044534501437454 -72.0950406150036542
v -191.1792170430683484 16.1380117573126647 257.0493365120508997
v -192.7534615230570978 -0.0996580075971107 240.9764869118500599
v -191.4858297836631209 -0.4708565565564994 256.0504150941836770
v -193.5387720389230424 57.2363049985930346 -163.7768320852983379
v -201.1117213807680173 43.3822423052193429 -179.4913245700613231
v -161.7539414445499517 73.6274524807250543 334.9126000050785024
v -173.5980735554908847 84.2223384971310622 -356.1697796784789602
v -184.6793835357792659 74.2254077156891867 -355.5334714898751258
v -183.9449738406648578 74.8598754226387229 -339.6406440014847590
v -176.6785413809951706 80.8708118188224603 -196.4671988252672463
v -187.3032201941800281 68.4627637976798553 -211.9518611634504452
v -32.3355372143684292 3.9987902860304052 -404.3637887236909592
v -30.7120957970346602 17.9741893685698706 -404.5192327367430494
v -36.2827712477040123 -8.8038121879813964 -372.9095354747862530
v -35.8169256900265864 -9.0654745192147761 -404.3414345402648564
v -189.2363969401236261 -31.1392265355387856 193.4935939658153075
v -188.5359019538263396 -31.3102571276006962 208.6126906354146797
v -20.7749183613846178 -144.0968205736812138 399.2643508667956098
v -4.9649658686832536 -143.6113551939937736 383.9934144607170765
v -4.7617975432556010 -145.7105012074499655 398.6181884326677505
v -136.2393922003026887 -77.7657083795081121 427.6079217163713793
v -137.8172505427063754 -76.8555902014604584 412.7498666947391825
v -128.5186483472812142 -87.0016575119517341 411.3274811229134116
v -145.7998891836284940 -66.0830689478893873 414.0122837361126358
v -148.7097386082747050 -64.4257056323570367 399.2648876739447701
v -139.9005799169459863 -75.9382826419507353 397.9173483560602449
v -129.7954058082110294 -86.6923223922432982 396.4230306262459180
v -118.1733872410805759 -97.1155930802284644 394.7539438260094471
v -116.4980600577349747 -98.1248672074011239 409.5373059671716192
v -129.1593756090237264 -85.6108956327172024 426.4918229665141780
v -44.4230826099314982 -40.7415153933036720 -92.1918349487404925
v -53.2048785154155226 -53.0292802696647030 -76.8687132190892441
v -53.8296070069444355 -52.2906719757764407 -92.3949781113330317
v -201.7796820194889165 -26.2062180665696012 -196.6300047649365297
v -206.8307497179073948 -12.7510054814886971 -196.0566947296244109
v -207.2228681686912068 -12.7629374582552622 -211.8838400289772324
v -202.0530318885191434 -26.1246665161847389 -212.4280857914986314
v -207.5879737168614838 -12.8411555321022064 -227.7046203292755990
v -41.0544499966641183 -23.2012722968639835 -247.7673274090402344
v -35.5207231737888804 -9.5932062725177918 -263.2295972204295822
v -35.2492305616363524 -9.8787397466657652 -247.5874970140687310
v -105.7187520280637045 -74.0241146205928828 -263.9724232847755729
v -92.3246947181597335 -70.7461976226140337 -248.3255301574400278
v -105.7143041973991586 -74.6751274907471725 -248.2733064904994933
v -211.0180180265779484 -15.9046779855003670 -401.6048300371708706
v -204.0778109401315987 -27.9758986922235415 -386.1850063339336998
v -210.4434234884446084 -16.0264804862309305 -385.7945174762812712
v -204.5639473287554893 -27.8930626390174545 -402.0011087433607599
v -195.6005716121442219 -38.8189238133327521 -386.6862308377860131
v -203.7069155434238610 -27.9978023410780139 -370.3884206987157199
v -209.9856995353588331 -16.0272138031400608 -369.9981619012700662
v -215.0961994538638464 -2.9284363721861633 -401.3657207955840818
v -214.4294658029124889 -3.1839469893484900 -385.5650707633794809
v -215.8196812891559091 10.2426722274274784 -385.5187136317119894
v -213.8904539100954878 -3.1880473332423631 -369.7647658214851276
v -215.2092357021316502 10.2239259152651041 -369.7099348055343171
v -104.5498544607489748 -67.9406517442196929 -420.9613289688363693
v -92.0880682096378109 -64.8227128625350559 -405.2980632234512086
v -105.2734800836702505 -68.2602437148140240 -405.2736768415318238
v -101.8205447833785229 -67.8171765140689615 -436.7090268101122206
v -119.1872913299148138 -69.3882960095821915 -420.8613294656198036
v -118.7936679019449571 -69.1692211776696837 -436.5230614762930941
v -134.1895653436763496 -68.9076714800792161 -420.6244057959974612
v -92.2903103030870966 -64.7900922423811068 -420.9940742049356572
v -94.2595394006025344 -65.9020115651483707 -436.7287353011602704
v -78.7987649805573227 -59.0135967827548313 -420.9061528625753681
v -78.3430732259648437 -58.8848780970577508 -436.6377848327439892
v -79.2288625371448063 -59.3074603535568698 -405.2171203740301166
v -41.7743754845929232 -21.6029481818982312 -373.0253324455354687
v -36.1469542460433715 -8.9225208582227769 -388.6115280216471888
v -41.3554118834297171 -21.7857382055716187 -404.4598772033921250
v -41.6292554233203518 -21.6410950399360296 -388.7285903235337514
v -73.3927527264349635 -100.4934424805302342 182.8423431987466188
v -90.6886886584907330 -102.1239366810783054 198.4497810006182590
v -90.8929533645913494 -100.6711927477986990 183.6349772978619228
v -153.5557459757107495 -52.8684777709628406 415.3307587812064412
v -156.4324571447377537 -51.6315303116490369 400.5293752571793107
v -151.4443204987173317 -63.3082840363108019 384.5440252222929303
v -142.2277539386954857 -75.0395236866131796 383.1477131405696923
v -5.4979380819570034 -120.8154369991852661 268.4603227686644686
v -22.0710464124337804 -119.9539957265568830 268.7041865878582030
v -5.1826849030750344 -117.1985933874000665 254.1316362828481203
v -5.6877000083032421 -127.3632859887990918 297.2574956592877697
v -21.9826194169106834 -126.1846012768539822 297.6163895818747847
v -5.6559846510983975 -124.1744310483724831 282.8362482836076310
v -189.8290128611218961 -31.0123291598120971 178.2938228503694802
v -108.1848057279766664 -96.8343828207996893 154.8496141645203465
v -124.0560171427710543 -93.6121691503890361 155.8264498025360751
v -124.5028803369281007 -92.7931644000708218 140.8536714244529833
v -178.9695384352274630 -56.8093228406391262 68.6170670955399942
v -187.4269925854311794 -44.2751443111257927 69.6233504400244101
v -179.5759579686329346 -56.4900184453032779 53.1074048815526396
v -195.0485996610115365 -15.4962923609283703 148.7310095915605075
v -191.4428468683618405 -30.7590520438239921 132.3641430470864009
v -190.9008441928565958 -30.8332224959077834 147.7127631163231740
v -175.8858114234603534 -58.3204062080230230 145.4419921886041891
v -184.4615356916362998 -45.2039836385006879 146.6133053880901969
v -185.0230551413505964 -45.0388099958698902 131.3036421805359453
v -193.7547218863600165 -30.4363973967268109 70.5711984919850579
v -193.1598820500294664 -30.5460690144703548 86.0809373927080088
v -9.9102004799438284 -28.3151895680239747 102.9883687363949178
v -1.9146200537172804 -14.1134292154601866 107.6157230489642558
v -10.5302474859106816 -11.0775020045739758 90.3345205559847670
v -14.2526324157894688 -26.3041422350041074 91.3983189521658375
v -169.6468661906672537 -47.8654926557627434 327.0627923760497424
v -178.1913022707202003 -33.4084253851780559 313.5508196243256975
v -171.8734655586831934 -47.4747737379035613 312.2116391606211323
v -154.4055308645286289 -78.5603746771166982 112.6682286236751622
v -140.7025602119620089 -85.9671342770842557 111.6384024513629072
v -153.7637299884877677 -79.1166986004944022 127.8971406986473056
v -140.0316854772884767 -86.6870022499613526 126.8144773655097453
v -153.1658897836270228 -79.6514064502761272 143.0542739891020574
v -132.6241973533327609 -83.5814195185495379 -43.9927262356113857
v -146.9535260905597056 -79.6141942118283907 -43.2574538147215293
v -147.2178844398413844 -79.0460892886948301 -58.9122073324556084
v -117.6544097579378985 -84.8786810954092203 -44.6337890018221444
v -132.2660319547339043 -84.2136249667990171 -28.3823359944193179
v -111.6962530075277868 -91.3140018863785627 79.3729952566965835
v -96.9386480236837542 -89.4641356928175639 63.4018322678953865
v -95.8243226545871920 -90.5592414488054942 78.8032894979574650
v -184.8947582326993029 -49.1119013410806460 -292.6379633937491462
v -173.4893509361003225 -58.3643572933612020 -277.5633066874273709
v -184.9342710732148873 -49.2007620959519585 -276.8672211884268677
v -173.4308197851570412 -58.0839426588142302 -293.3176379313322286
v -194.8407402641798853 -38.4905751761176020 -276.1934131861167998
v -194.8442295106494839 -38.6091616268741262 -291.9753516548360608
v -160.8652955524690356 -65.7352562585958964 -278.2281806850405701
v -173.3859963882014767 -57.8065571503232789 -309.0680389800378407
v -160.8087390849673568 -65.2895241937888926 -293.9659475940567859
v -49.0900935506456690 -57.3349912414625251 0.8726567077092321
v -60.1402064083096093 -67.4394559978932193 0.7171743512893131
v -61.1065982715214417 -66.5109330033026538 -14.8427943612486999
v -92.3838489488297370 -66.9913562301246941 -342.5339578487681251
v -79.8568885583043198 -61.8563740712808041 -326.7366820329298207
v -92.4077081094418844 -67.6279903373548024 -326.8240857398247954
v -79.8599847852539853 -62.4197819318591414 -311.0288421224797162
v -92.4128844640945886 -68.2627743770886752 -311.1116254535550638
v -105.6914419643497496 -70.6583050377796269 -342.5193681973211142
v -105.7079775417125234 -71.3397433702814254 -326.8092660281709527
v -213.4333817942622886 -3.0020604312788381 -353.9622753076262711
v -203.4356553879385956 -14.2044012520208600 -85.4853882040731889
v -205.3426627853602326 0.2710276988179830 -84.8900690756451581
v -203.9721174467970570 -13.8975584512192825 -101.2705091723196489
v -115.2635090589085394 -87.8202788285919667 17.5991840421263106
v -129.7963164631962343 -86.9365217159052861 33.8664728604296101
v -130.5084199040942963 -86.2274282293793419 18.3514425749505747
v -131.0862352851226547 -85.5529875615006432 2.8016348548789693
v -145.0151729899634176 -81.9761169106445919 19.1719139590870569
v -145.5974074441304822 -81.3741452079036520 3.5981799775096466
v -91.9277066596656169 -73.1603439883707836 -185.6950897628999826
v -79.0694020563158659 -66.8731244555202977 -185.7620372830748749
v -78.8090218314432178 -67.4468275103523354 -170.1633801124289391
v -119.5501921344367133 -79.4887442982360710 -169.6366572689910868
v -105.5129344155672726 -77.2168038977992666 -185.5526824948991020
v -105.3799979594124352 -77.8536393077103241 -169.8976605735904570
v -40.4663442143030423 -23.9188828039619956 -216.5376129219592372
v -34.9377649885546546 -10.1941451007886812 -231.9516084332911703
v -34.5867146811427446 -10.5321370950049662 -216.3246922005782551
v -40.7818957525156875 -23.5498278889085491 -232.1484632835648654
v -201.1533431065124944 -26.5269267877510444 -165.0660511407624540
v -205.9549105106709703 -12.9825323220935243 -164.4453487028523000
v -206.4054067389268425 -12.8395355248127512 -180.2398254528414157
v -4.0497737846687460 -30.8056775790660673 111.8103341125680714
v 3.7054702624226579 -31.9370945043584875 115.6199010767467712
v -8.3235435328607910 -45.7954492584650481 117.4640636943478569
v -196.0895070666173581 -15.5329677922269269 117.9254110956905208
v -192.5754140946881989 -30.6215766915060961 101.5537899736095113
v -192.0018164841175974 -30.6896026189002988 116.9801703927401206
v -195.5597359254395826 -15.5096094918566294 133.3440461545259836
v -148.7809518281170824 -66.5482027568020698 -420.2446147379606032
v -134.8725278250481097 -68.6934087408253333 -436.2561532930528756
v -68.3053690657910124 -54.6596402684254770 -310.8749701875073015
v -68.2309493818165436 -53.2726264533931868 -357.9724931154906358
v -57.9907443104607978 -44.4691809238663609 -342.0561611426402351
v -68.2884069184614901 -53.7227392479710986 -342.2760987003281912
v -20.9122283579288855 -142.0432073094848420 384.6236260538410647
v -36.5921447107802464 -139.0619337764733814 385.5621183240590995
v -36.7078266514260889 -136.9132960610322129 370.9615773605566460
v -52.1839096610645470 -136.5765646050322744 401.4807508989773623
v -36.6939966779535354 -141.0087224179851830 400.2338245781941737
v -66.1599617790868280 -60.3326182208397483 -139.0531052160379488
v -55.3772316038395900 -50.2829557228340036 -138.9962420015938562
v -54.9096965415185778 -50.9150653126639838 -123.4528376239444754
v -178.3460561031519660 -57.1217541872972276 84.0804872079632446
v -167.9278179821902484 -68.1974564500451947 83.0417653743219120
v -177.7057218609293727 -57.4396686355504116 99.4976652188223909
v -196.6395426776762179 -15.5548378906345750 102.4728038129862284
v -160.9476379348147361 -66.1753039191269039 -262.4821316085800049
v -173.5620691331287730 -58.6508685233880200 -261.8061380343054907
v -49.0912198870747289 -33.5263024836303174 -357.5191978213855464
v -41.8384184946571338 -21.6485168780653829 -357.3355714330020305
v -49.1228531655078839 -33.7373156224633419 -341.8279414175079864
v -41.8467677629950927 -21.7562569486561159 -341.6547060817977126
v -57.8343608848976345 -43.8403784495089326 -373.4464576540582925
v -57.9395079852410433 -44.1358907851262714 -357.7499098654246836
v -48.8622764308752764 -33.3146087500188841 -388.9297012876330086
v -49.0092657313279929 -33.3700532598544441 -373.2157072666513500
v -119.8333579056231741 -97.1246229433448462 260.2468666394417482
v -105.5300068000792209 -102.0649645814053486 244.0511648888168850
v -104.5888304941153990 -102.8167150646062993 258.8556925690033950
v -183.9348703632501554 -52.4872967658433538 -103.5954976221046593
v -192.7844429642376838 -40.7193145833487691 -102.7585002464473405
v -193.1257372810055415 -40.3172148746351198 -118.5106459183877377
v -173.4920349718461807 -62.2066407361133429 -120.1555763969116555
v -184.1901029909959391 -52.0336851389538992 -119.3326893806039237
v -184.4165972645773195 -51.5913752197228348 -135.0734087289405636
v -173.6509682313678979 -61.7081290255327062 -135.8788111695325256
v -184.6138930635806901 -51.1680836109194530 -150.8143581374840210
v -84.6365331419244171 -113.4556480247699710 316.3655295676237529
v -99.5342447917014539 -107.2738056524696759 317.8615344056211711
v -85.6764627916513746 -111.6960325331629491 301.6680565703285311
v -83.6142893705941646 -115.3207557070305853 331.0413769054810018
v -98.2246845796206429 -108.7776229516558999 332.5734245092082801
v -100.8458276164336098 -105.9069029338473058 303.1377578580166983
v -115.4824113456659518 -99.1509644871950400 304.6824587731172755
v -102.1624525940311514 -104.7049917268587080 288.3965734214320946
v -119.5187122294747581 -73.5751425412069580 -310.9570058229106166
v -105.7250978554342282 -72.6974245089484299 -295.3830417811263942
v -119.5303877849691787 -74.2614888247868805 -295.2432802055035950
v -79.8405063544127245 -62.9805153425335931 -295.3290543192671862
v -92.4052828914286835 -68.8934460906262416 -295.4030186757490810
v -105.7204391362467959 -72.0210570868378710 -311.0944284530978052
v -92.3620890876045024 -70.1350139257596794 -264.0134123449514050
v -79.6737798053861184 -64.6452022413153173 -248.2974628122120748
v -79.8003416766445781 -63.5364558322333224 -279.6409420715490342
v -68.2168390224669707 -55.6187229271508627 -279.5172463670334650
v -79.7477537477099503 -64.0925017661945020 -263.9642561474346394
v -68.0202957120566225 -56.5892894245316782 -248.2119571020230637
v -57.7307666909500341 -46.3967307805856279 -263.7192803705747792
v -57.5786441721333944 -46.8201278336504529 -248.0868043495311781
v -79.2816325970764666 -66.3111257137085204 -201.3726959278415336
v -72.7626034412836447 -108.9078945437487818 241.8205778105499633
v -89.3978016665274282 -106.0551671512793064 242.8373672378109802
v -89.9736327782722469 -104.8109823812936696 228.1247869536034614
v -38.4909849708609428 -108.5246525826101731 225.4944319226771086
v -21.2535130888548025 -108.6623819597397187 225.2757980394942763
v -38.7336122164432197 -112.0691710168868553 240.1892208842264438
v -55.6234343684690131 -101.9755382618590289 196.6984093330877386
v -37.7783878591024873 -100.2926574350572650 195.8532448200895146
v -38.2503372016412229 -104.6187862502073926 210.7610695331232193
v -55.3343062035900033 -98.5907774695117070 181.9508598974486802
v -36.8660673338669582 -95.4847825468960707 180.8546230121106930
v 10.6754837755168932 -127.3552626390874138 297.2184621108696092
v 10.7807518971149143 -124.1490477388903741 282.8533494256454333
v -159.8895527004355301 -73.7339320130994338 -26.7906261103986800
v -171.4091848897040222 -65.5909126505212328 -10.2411684484716599
v -171.8426566626577028 -65.1319041946142363 -25.9013283810652197
v -208.5097674504035581 -13.5510518328914067 -275.1904273712629561
v -202.8351790765417775 -26.4816480633028668 -275.6311460407304139
v -17.3481464184636422 -86.1569339476831715 166.5208752017450706
v -36.4689953992557889 -90.4235250984853280 166.1408157401336609
v -17.6179914640311139 -78.2883955834852259 151.0972555050958874
v -174.0067755128472129 -56.5347843272071628 -435.0936974115281828
v -160.8696283530301798 -62.6910708448702536 -419.8504449169996633
v -173.9238196366167415 -56.2722185303700471 -419.3394045109910735
v -186.6329014383395588 -48.1095098484276917 -434.5567368888883379
v -186.0042810949791772 -48.1607461736474534 -418.8114546797837079
v -38.6870346104108904 -118.2663603221482020 269.2261931970569435
v -55.2522849469496151 -115.8201493150705659 270.0127690440601782
v -38.7981680690517265 -115.2716090953558137 254.6959739700955652
v -21.9478347929366535 -116.5519612470166777 254.2679852987369600
v -194.8857362062905736 -38.8621895109715467 -323.5486035457010985
v -194.9661039051946716 -38.9301531303930801 -339.3319415473449681
v -184.9103639833929833 -48.8146635539124105 -339.9366548008834457
v -119.4768987868912973 -70.8614098570043609 -373.7833808268972007
v -105.6664900177553506 -69.9857144373971494 -358.2254826562202652
v -119.4861395385305656 -71.5144261681260645 -358.0861428576432104
v -105.5062243262026556 -68.7468977389032005 -389.6068451629414540
v -92.2636520766257036 -65.7581568350131107 -373.9349521598017532
v -105.6088791076392113 -69.3373951888306692 -373.9285104740117163
v -119.4417379186207455 -70.2619879882219607 -389.4722599419712878
v -133.5332035737142746 -70.2928064700894168 -373.5155907461976312
v -133.4954832856432461 -70.9101922066850534 -357.8133681391299774
v -194.3881734940629258 -38.7701654282569237 -197.3149706872757179
v -135.9697999813166120 -84.2002718889634423 352.1337567840866427
v -146.9979756396792538 -73.5091248477011732 353.6805282410483073
v -149.3317926498997110 -72.8799964547174568 338.9339757329719873
v -47.3579510820657390 -37.2774101906803565 -185.5387638523885130
v -39.7187491935871861 -24.7378779684382621 -185.3381896954384445
v -39.2902956088940343 -25.1896970428831715 -169.7483898427537667
v -47.7184793907051557 -36.8279731979598850 -201.1227738565357299
v -40.1111360479455641 -24.3138674214886770 -200.9345079206487412
v -48.0339111058934307 -36.3981009086582148 -216.7169448531493572
v -161.5975196756189689 -68.8895446529528215 -168.0603997621929580
v -173.8653460007251681 -60.7563891217405967 -167.3271595397963836
v -173.9053573050221360 -60.3230132072064080 -183.0580629859768180
v -81.8463437823330793 -85.8897765325522755 63.0651774986310514
v -80.4510669715403708 -87.0869906769856499 78.4914045442904751
v -92.0472037654073461 -96.0320095062637620 139.2453972055436964
v -76.1401796450898445 -91.7141436868740385 123.9141083385515429
v -75.0102772828254416 -93.6989689492412197 138.7282218606875119
v -56.1829120338480905 -91.7849543013545599 152.8630442789183519
v -37.5992979704215813 -85.6419250031075450 152.0982474648242260
v -55.4071777740896465 -95.1226486097301205 167.3196442397080261
v -119.4862066394242106 -72.1938323021345809 -342.3790506428651952
v -119.5030106203615787 -72.8845593154853901 -326.6677790009972000
v -133.4771359841519995 -71.5548113202590628 -342.1017705786356942
v -173.7543227792667437 -59.2417110636256581 -230.2954050046346879
v -161.1753016811139219 -67.0506925917917300 -230.9936377322319174
v -161.3680921344010812 -67.4614746768510827 -215.2464000113696443
v -7.2660580127185508 -62.3267321640559260 133.5264838985077347
v 2.9267817659984217 -71.5595467261820772 147.4364608079725087
v -16.8484544510929837 -57.9386117090187724 121.5476323648093597
v -112.3072258158592405 -101.3216879824877168 334.1701190310426455
v -184.8938571635560493 -50.4238388419649226 -182.2991710505235403
v -194.2088415628728058 -38.9836037851031563 -181.5434232712296705
v -104.7276143138593909 -79.8395573560597285 -123.0467046722306037
v -90.8918509927671749 -75.7230996618697105 -123.2915654189871049
v -90.5192589020343803 -76.4183991218304044 -107.7400705907323868
v -104.4153938557241759 -80.5264979618405192 -107.4676026191615108
v -90.1046520660372039 -77.1410182313469903 -92.1997720258746369
v -68.2750778052307936 -55.1383668012224675 -295.1897145206901314
v -155.7575275989196086 -77.4527689832266901 82.0144698642843082
v -167.2624263491118199 -68.6318772213518713 98.4271183899089266
v -66.4456821771528041 -127.4674169898958525 373.4946936107479019
v -81.5704057359764931 -119.1793542527806835 360.3645441155539402
v -67.1377272437716641 -125.3662483637883298 358.8745208429329523
v -165.6631819933189149 -60.1251326718441135 295.8787448400158837
v -173.9314691384924174 -47.1677104627371477 297.2923114372480882
v -167.5100286466658588 -59.9393302973381168 280.9236810978553081
v -155.6344166307629564 -71.7190263786949203 294.4190128279551004
v -157.4265856416302825 -71.5396081749272525 279.4908661299886035
v -163.6414512394464111 -60.3728404136595955 310.8002964787211795
v -189.7136951824701327 -43.2613264948691025 7.2827859060354454
v -196.0598676433096728 -29.7983829282559753 8.1678658649111515
v -190.2297585696601914 -42.9599380381367553 -8.3821286041650378
v -21.8252917859154962 -129.1443737663728655 312.0982961654109431
v -37.8778601410118299 -126.6916348009276732 312.8117128666560802
v -107.2976072980301296 -99.7662221668779097 199.4836715699170782
v -21.0640129758168086 -139.8158314882709874 370.0552168325531852
v -36.9447742856533239 -134.5682444440470249 356.4079686792386497
v -114.4862985794898833 -88.6214826704100744 33.1009091789795278
v -128.9881437142808807 -87.6808815149632039 49.3333438759546610
v -78.1892108768343803 -68.6844555644445478 -139.0083585058179665
v -65.7321935820930605 -60.9823561740147468 -123.5132667715937487
v -57.9806935551768134 -45.1963916516767341 -310.6900209529347876
v -49.1093658858850191 -33.9780161138137871 -326.1642922384448298
v -49.0707109782239002 -34.2571750030653845 -310.5095387207107365
v -41.8155035394769996 -21.9169851570828662 -325.9903858937980772
v -41.7379876285528510 -22.0993558001709651 -310.3306669099342230
v -162.0674176479805340 -49.6723855198644131 371.1762235334884963
v -159.2943102587430815 -50.5498543202322637 385.8252305138872771
v -168.3348136596795825 -35.9749051582743320 372.3977665447895333
v -195.3173866692738443 -38.8952367010922444 -370.8964319786682040
v -198.1324225311981309 -28.8028932418066184 -54.6826271174202390
v -191.6260706513834577 -41.9110360403451168 -55.5104604281738858
v -191.1901640745745965 -42.2788927251548827 -39.7812824335443551
v 26.9543163439878093 -140.0062542385966253 369.3165701952971176
v 10.9196944823661966 -141.4191785844182618 369.2003897908699059
v 26.8657144068491327 -137.5373343719407728 354.9125773351259454
v -160.2468937166267722 -73.2147628131177584 -42.4534700787380856
v -160.5358876797184848 -72.6960441477077097 -58.1328400385983244
v -160.7848319951454528 -72.1661579764265468 -73.8222176174537736
v -57.3908383566599625 -47.2575585593292544 -232.4660997424015250
v -48.5392479359420719 -35.6024328905659146 -247.9367284079707474
v -48.3063215624126201 -35.9888285937058967 -232.3216602759073623
v -18.4199501909027354 -92.8754971965745710 181.3043907163784354
v -0.1077580440443876 -91.3161682866591349 181.3270133033791183
v -19.6493607819837948 -98.7600250949710272 195.9685816704251806
v -1.8483037013232491 -97.9206025013005075 196.1997921782456729
v 15.6749496884913047 -98.1300339762118767 196.6841456002669872
v 14.1690558562927880 -103.7172569865464453 211.2585363869313539
v -147.3355218922449126 -69.3463196076856008 -325.9714634417898651
v -133.4939878942991243 -72.8681483540679551 -310.6780578221819269
v -147.3517315509814125 -69.9236748683003810 -310.2514686837479303
v -91.7559954728253047 -116.8623699810234484 406.0771237703660859
v -103.6366783991194467 -108.5528828871512701 407.6922997954789594
v -105.6664900177553506 -106.7914940147835949 393.0272652873406400
v -92.1857958683123542 -71.9530647098904979 -216.9795202358284030
v -79.5734447977013275 -65.1968195162958466 -232.6404853791457299
v -79.4445343951652632 -65.7517439067489420 -216.9985768896239051
v -144.6317872411955534 -74.2114986590205490 368.4184151480023388
v -133.8277477392947219 -85.0276259076196226 366.8712602573627350
v -131.7111842510163910 -85.9044045273671202 381.6256348124697979
v -121.8807212008685070 -94.9358876510291765 365.2553173648939264
v -119.9886868885719053 -96.0325846567807275 379.9924374044919659
v -92.3348557106261438 -66.3604736280642413 -358.2398614191444608
v -147.6761739576021455 -72.7441938318197430 -231.6068632134214909
v -133.6950029999788967 -76.0712766131572664 -232.0810172996086180
v -133.7894618865486791 -76.6824219666438296 -216.3680202061897262
v -197.1205793983830290 -29.3687071487142717 -23.2204751347491971
v -201.2368933049438056 -15.1079866787799606 -22.4529175981736273
v -197.6349556773899963 -29.1004521546801627 -38.9455120456565709
v -119.5601709959060912 -75.6119709961498501 -263.8183212895963834
v -119.5759205342290130 -76.2725121932018766 -248.1100787737844087
v -188.0244589424559081 -44.0486404517024681 54.0949766625517583
v -180.1624197790996789 -56.1585016873238345 37.5532643609198828
v -161.1871306100795493 -71.0761614741976615 -105.2267011749569861
v -173.3007399099031431 -62.7120830104234201 -104.4311529798890490
v -147.8628582295675074 -77.2796390917778524 -105.9435687793039165
v -161.3425746231316680 -70.5219751935746757 -120.9303808300010132
v -161.0584119243824546 -62.5034855037616595 -404.1020185517356254
v -147.5837856128934504 -67.1801877306867112 -388.8383290421709262
v -160.9760695420367824 -62.7064944645669016 -388.3650568534431500
v -147.4409278103209431 -67.6647520412309120 -373.1245267380282939
v -160.8713729762649791 -63.0668262634463517 -372.6317377750914943
v -173.6784029110271774 -56.3728219416294181 -387.8213095547031344
v -173.5444695273096158 -56.6256772805717503 -372.0681669552000130
v -147.8978944818927062 -66.7973675465938754 -404.5495239973033108
v -133.6160731773671841 -69.7282195509512945 -389.2152826909907049
v -133.8021822988155805 -69.2544201409163094 -404.9162016235532633
v -133.4745669785095572 -72.2117961699478315 -326.3900963314058572
v -67.2106371576391126 -58.6159568870081600 -185.7539084891017467
v -56.8951688482173381 -48.1789305158255345 -201.2617302214348172
v -56.5780116814781593 -48.6623349394938529 -185.6777585606554055
v -56.2163139001209089 -49.1674608810196005 -170.1096993975120597
v -133.7057870721720008 -80.4205935799831053 -122.2160339522599202
v -119.2719534860122650 -80.7993014378796346 -138.3313296606129086
v -119.0609211754953378 -81.4649039594809494 -122.6934855680776337
v -165.3906373350124284 -69.8801072166401696 144.2406944755003622
v -164.8352719958296859 -70.2467656712062620 159.4048062588942969
v -180.2513763923904833 -32.9973557248602134 298.6363998520308201
v -182.1343808415707031 -32.6540483812829621 283.6783453271820576
v -36.2925535994134165 -8.7786781103899649 -341.5389857977840506
v -160.7646442119999222 -64.8441276334500998 -309.7006853770170096
v -147.3909664020804655 -70.4952498662196376 -294.5255307036973136
v -147.3427112737069820 -68.7695490834297374 -341.6942380939971713
v -177.8982822540097288 -19.7434002879682922 344.3847922123660510
v -177.6004118012728270 -5.4322271353935907 360.2729034665172776
v -180.0945520180976587 -4.4234850224491318 345.5875469734461944
v -30.6721228361054941 19.0921058337067500 -341.5387173942094705
v -119.6137846099292972 -78.8448345369663315 -185.3152220181275709
v -105.6144676534957370 -76.5872441419278402 -201.2112320060451793
v -172.5446086969313058 -64.1944759528526419 -57.2797384484659489
v -182.9999248545534556 -53.8300239910692326 -56.3932014416139324
v -183.3418518368899868 -53.3907336120522373 -72.1210757617383393
v -48.6604561144717636 -33.4913668826455861 -404.6697687987170866
v -48.5575473082235476 -34.2917223774511655 -420.4336475412035838
v -139.4396542926491236 -87.3753999037184457 141.9084207858337834
v -152.6263602553447356 -80.1354243678292022 158.1553492758364712
v -160.7515691235808788 -63.9411796651806341 -341.1729600087866174
v -160.7477923018527974 -64.3921935289017995 -325.4348480094602110
v -57.6296935734351337 -43.6009241176119176 -389.1558121275363646
v -119.5946320977143245 -76.9247712228095679 -232.3965832165841618
v -105.6785873502955440 -75.9560643787669534 -216.8857323581950993
v -119.6250959034296386 -77.5692273770704332 -216.6921750375520048
v -99.9802452600830662 -86.6426006300515468 16.9611887453393742
v -85.2982342258523119 -82.8417855395726832 16.5272568519721190
v -84.2670372781413022 -83.7896431773752823 32.0572793942600782
v -148.0160303980776177 -76.6804760407280952 -121.6312209066084762
v -161.4693569687549655 -69.9672041765927872 -136.6383932856061847
v -113.5976526874089814 -89.4642986521306938 48.5588845331754939
v -128.0602437994170373 -88.4736210583399583 64.7455372490001082
v -150.8240494236949019 -53.9871838698303037 430.2299178931178290
v -189.1686250375410623 -43.5494193888175758 22.9175241857790901
v -195.5015882081742973 -29.9877272713622922 23.8171362810501499
v -112.5676347982577425 -90.3621086091152677 63.9789766399872804
v -98.0573349508673147 -88.4614086956963774 47.9484581178351519
v -65.9521359327019923 -81.1180019251726634 78.4276778670106012
v -195.9924024876695228 -38.7217425476493275 -402.4946645736534947
v -185.3459254698916254 -48.3475358898742371 -387.2470409351960825
v -35.7526190693087642 -9.3420140771536886 -278.8797878773956995
v -32.0604594973268036 4.7257793412457012 -294.4366507771421198
v -31.8205761990025557 4.5578857159617447 -278.7669433459668653
v -172.8308419375415781 -63.7088763713779045 -72.9912401505407189
v -183.6495957068348162 -52.9446085277252934 -87.8584208937087965
v -54.2594313670363562 -120.7081810136129860 299.1956762147289623
v -70.1117155369015705 -116.6191675849241989 300.3371582740682584
v -54.7747326797914340 -118.2522691344825176 284.5976659135011460
v -147.3728875041638275 -68.2042048827776028 -357.4121814818619782
v -160.7923664669177128 -63.4931949275155034 -356.9044002621162122
v -48.8824019060481234 -34.8874728687669204 -279.1963890653017870
v -41.6249274156801761 -22.3225046149119812 -294.6749931513729734
v -41.4746022422290608 -22.5835558487210832 -279.0286751745543938
v -57.8484233150374649 -45.9861787557330572 -279.3641029560492370
v -48.9944364338322060 -34.5598910989077268 -294.8437039696831334
v -48.7307299218031105 -35.2349452606711964 -263.5614207253513541
v -142.8503831308374572 -83.9014907812413497 65.6375573574472071
v -143.6253505232399448 -83.2376712262426111 50.1978334463229743
v -147.6776885206301699 -77.8749678060478345 -90.2563000856773385
v -161.0044436342071208 -71.6233596760394988 -89.5254371520842227
v -185.1453129695737516 -48.5045807385319208 -371.4725410798295684
v -199.9795567598035575 -27.3945509284368214 -117.7358414852983799
v -199.5478296100846762 -27.7352557159247972 -101.9718477127084952
v -196.5965789340588401 -29.5979381801722070 -7.5067878607099630
v -190.7210904846207029 -42.6349875818926876 -24.0728865442612125
v -129.3510157612769547 -91.3111932346873800 306.2382025781436141
v -117.0281762892229125 -98.3105641376456845 289.9211824118066261
v 25.2207192238920470 42.0421559794505342 -405.9530062888047155
v 24.7831638822679032 41.6554391506052468 -421.7113252429605836
v 24.4119018271055985 27.9906081666949582 -421.3882823692644024
v 24.9473573725593774 28.3690548103983673 -405.6249020905593170
v 26.2567162819592532 14.6151186326470608 -421.1672328539103205
v 26.8712070942861629 14.9021498945996331 -405.4022421537576975
v 30.4191716387436664 1.7373655542121347 -421.0974862678862110
v 23.3221210063205753 39.1501194456068831 -138.3625795053680747
v 24.4260864767302834 24.6119583485904165 -138.5474712248888807
v 24.1391630554996404 24.0635091943741735 -122.7904176018703737
v 27.5447778470079605 10.2918643718515170 -138.7898396527385216
v 27.2606750597709393 9.7057200923993463 -123.0794499083298916
v 22.8121182677030490 51.8971396133051002 -74.7993983457797071
v 21.9819304345205673 37.1044696196100219 -75.0770043286354962
v 21.5981097281742542 36.5596487065716431 -59.2275431892243915
v 23.2019409093399567 52.3466868432079906 -90.6770035171543753
v 22.3433550193822583 37.6321174967959777 -90.9183366740734726
v 4.9737249317645542 115.0099635393458470 419.3439290283912442
v -11.8243696995319230 120.0256403092869988 405.0361013346569052
v -11.0012010991169191 114.3316022621098114 419.4328089549464380
v 92.3635940647905613 104.9811694192640346 420.0438488641715367
v 103.5797480837817233 94.5820454671494986 436.1933085132323527
v 106.0478435680299327 99.2820412900116906 420.5318832495014476
v 125.5972575689278870 105.0837379281230426 376.0067976953859556
v 127.4144360414413057 108.9650549192932942 361.1584818891743680
v 113.7426097893684158 117.2231043852647758 360.9283449956521963
v 129.0652522269221834 112.4470640782176787 346.3363929465364777
v 183.1550429489792862 1.7957780803612917 357.5288986934383502
v 178.7911459165483734 -14.7016548208456310 371.1601960057490146
v 181.3486102052912088 -13.6007783880041284 356.5621090177856445
v 185.5467680304163025 2.9883035498511479 342.8206128664241987
v 183.7791387749395540 -12.6086629179209737 341.9035928821729726
v 197.2055483014228798 24.4936067509616535 238.8633839125154736
v 196.8227089456461272 7.5922791921360444 253.3763486239678286
v 198.0904365434595888 7.9416735453511880 238.3199050173500098
v 198.8020127630504419 40.1769572316913965 100.8191310466044115
v 202.3096065341378562 24.1882713238066245 100.5921383092416761
v 202.8007850756271750 24.1020730365367690 85.0353137528630754
v 199.2946291808321462 39.9420585711808513 85.2578586595612791
v 203.3077035695974644 24.0510955290496469 69.4564801033685626
v 193.6528627298052641 55.4672714172706876 85.3895297845787837
v 199.8005699189235997 39.7545427274263901 69.6745004926666240
v 192.8051292111645694 76.1945601264690282 -421.3711045404910465
v 202.7675605474304064 65.5462234553529441 -436.9697617111369823
v 193.7403239517519467 76.2712085186967528 -437.3323365970326222
v 201.7069254790926607 65.4342128921737327 -421.0057689321139947
v 210.0694031072613654 53.8907886431867311 -436.6625546483413132
v 117.4250397317716903 116.2175016355587616 -423.5282257260574283
v 131.5267622377511145 112.9981349602070964 -439.1660698185926890
v 116.8253590452566613 116.5478489208203712 -439.4209765277122415
v 103.5079213700545750 117.6718080610761206 -423.6988153693897061
v 100.7926837086659049 118.7146422209137739 -439.6253466780742656
v 130.7723564763301738 83.8167998676180446 421.4639338339293886
v 116.1713170490463654 87.9838228780913596 436.7827994497550890
v 127.7886481394635467 80.0952980334288469 437.2288861907142632
v 133.4508707772105538 87.7663009525746673 406.1425375558290511
v 118.9012689778274137 92.2385755140859658 421.0474481729101512
v 144.2703626563338730 77.6393094675627964 406.2977515086744233
v 141.4754666483453605 74.0611734855694266 421.7024295816314634
v 153.7076911564513466 66.3101096144618793 406.2276598323400663
v 150.8630733862710827 63.0644489746428931 421.6696076587966218
v 158.7902771031995712 50.9590643272119124 421.2604072376589102
v 192.9553776978800954 23.0062627211655482 283.9839419685301891
v 193.6910718958157247 6.5744568904049787 283.3537303754062009
v 195.3554616334970149 7.1421292524205793 268.3617803134242195
v 131.5127189792951867 113.8925035999318141 -375.6495141942464215
v 145.0150292023341763 108.7794442616262813 -391.1889692050126541
v 131.5816315970697303 113.4554563079309872 -391.5238218359904749
v 117.8918031338157704 116.8825961075367701 -375.9227873765410664
v 117.9085783572272987 116.4671457174480338 -391.7829463155677558
v 115.3703816108028377 122.0589891036022436 -233.1924765019622896
v 129.3216543273858008 118.2275951773046643 -248.6552064337651871
v 115.8115699865258250 121.5115895990794570 -249.0689313723030125
v 27.2922771842177561 15.0845013660038330 -389.6844521393641116
v 31.0716894860840078 1.9006723541232842 -405.3418513494762010
v 54.0436253072286092 103.4606535834018786 -296.8150515382693584
v 65.1765885968615635 110.6574736588347463 -312.7887451893452067
v 54.3302371885958948 103.1206437694552420 -312.6389951664110640
v 44.6425696330478274 93.8942804789610648 -296.6629433982156456
v 44.9353068674208060 93.6582962218497386 -312.4663158095338531
v 54.6048907321312527 102.7710576994011120 -328.4592386595602989
v 65.7030142791989675 109.7908560315536590 -344.4465633778882534
v 54.8632147939057404 102.4123746653369551 -344.2869591094300858
v 68.9268815073458967 136.2819629244001476 346.5968211006188540
v 52.6962681203411520 138.4718581035916998 346.7923722763874252
v 52.2679631161982172 134.3759907979090542 361.4368547393860922
v 36.1579084669310973 139.6227630455673250 346.9813283928947953
v 53.0808760639575610 141.9002728201767525 331.9781820675158883
v 206.8253049596801247 39.5464700456113576 -134.8703805964514402
v 206.3756906288835751 39.3716841999657561 -119.0279362933473237
v 210.2161240041394876 25.4850368333454220 -134.9885548560041286
v 131.3990500654587379 122.4229539365805266 6.1158821938461996
v 117.1538850205478752 127.8806338788103716 5.9692571553875631
v 130.3902264728577052 123.1430615555063781 22.0171452231520774
v 141.4655357160857534 117.6311928487363474 69.6022615877356543
v 127.4058567128965507 125.3408554684642553 69.5998076121965852
v 140.6217515643282354 118.3581160012882378 85.3442079238418358
v 190.3357012948854106 57.4837155793080896 209.1287156792369331
v 182.8928701716621106 72.9861979976753048 209.2750339707531850
v 189.6499109901385509 57.5013774930999304 224.3649896808262554
v 6.6673667648272446 43.0939289369060319 107.8269950055299233
v 7.3373125715043486 60.5423276851676491 112.6607133235868048
v 11.3817128926453108 60.2415718940039611 104.8922703210249239
v 39.6376433848529715 93.6672398123885728 -138.2489297632155001
v 32.5121970921151515 81.2662469709207613 -138.1898809768069611
v 31.9834756006308538 81.0048506468014722 -122.2964016511640182
v 26.9433525372581357 67.4466645510391913 -122.3144230340289766
v 26.5100461200780799 67.1009607469745930 -106.4265418400845107
v 51.1463956435088463 114.2725055464915158 -10.4267120052450224
v 42.6265975737264355 104.2489836394818923 -26.5104511219004451
v 41.6135538142071653 104.0990227280248490 -10.4392886298826895
v 203.5352906291610680 8.2283453382306568 100.2721245616015580
v 204.0492451311222624 8.2614248805679313 84.7202079563010813
v 201.8470129733417764 24.2715938584916451 116.1128434131547777
v 203.0402010641564061 8.2127311999252637 115.7916793644807285
v 198.3687518786196335 40.3218759902830328 116.3390692831615638
v 87.7742380297088118 143.1958664605372178 271.0915213536823671
v 70.7757459804231814 145.9352412719545953 255.7171345412855317
v 70.7663662340756616 146.1369561440966436 271.1475026706671088
v 199.3087587118656359 65.5283650318011297 -357.3034396907875134
v 206.9263972488789136 53.6853592572892566 -372.9262915265138645
v 199.7605010995749524 65.4853246014481556 -373.1993729919695397
v 29.8925278785019124 69.9719395825158017 -233.1454675330422219
v 35.9471134060024156 82.8726327789659933 -249.0859558276052326
v 30.2354014627309517 70.1475905503973536 -248.9496834984519751
v 36.3097505998707106 82.8776749318313932 -264.8917822144624665
v 30.5490070750278591 70.2514148045517288 -264.7447737423258900
v 26.5694088428104784 56.5464023676498826 -248.8169387591361499
v 26.8155301277833260 56.7484335725762818 -264.5945060839264329
v 91.0725345276721612 116.8042510212839886 -392.0408438073754951
v 104.1713287338494780 117.4613029718664166 -407.8176059214420093
v 91.2795120270444755 116.6748804983343462 -407.8860488329610234
v 78.8384120228602114 113.8257477965959055 -423.6924887137030282
v 94.0680622076624644 118.3410340309343383 -439.6569416131396224
v 79.2291501124032891 114.3210386642815308 -439.5955155379276107
v 117.6347396102576397 117.9524910991976867 -344.2054027661242230
v 131.3916114521059626 114.3964408970558253 -359.7763185101684940
v 117.7955421089594950 117.3903581555986193 -360.0655041900992046
v 103.9847019769358241 119.0648705423785145 -344.4240366493070837
v 104.1550040450095764 118.5106938475974800 -360.2736703338732696
v 190.1880985005479374 76.7283764929494509 -341.7531718503023512
v 190.5863135468115672 76.6001658568756767 -357.6496803020012862
v 208.9266940601524993 53.7884501945345121 -420.7037765673388208
v 215.3485563290248308 41.4694834026280574 -436.4382076033566591
v 179.8505923404843827 82.0095619132061984 6.9070209016173925
v 188.9038640828975417 68.6072703650676630 7.0485846155267247
v 189.5155174860074112 68.2960947637049429 -8.6970810272558428
v 180.5055354058379464 81.5777484909097694 -8.8642964542218774
v 190.1400734323812287 67.9853888685977381 -24.4633370585458074
v 118.2906029164383312 127.1855932365823207 -9.9822356857333823
v 132.3995148038798391 121.7054536666649369 -9.7974589963159744
v 119.4076219071226888 126.4939651540882579 -25.9344187074746877
v 21.9700535763452116 50.9185641449755266 -43.0099857189547805
v 21.1890686716589620 35.9563781222465551 -43.3789639472726307
v 20.7451543221316079 35.3398551114263597 -27.5300012716428988
v 65.9423200305457584 109.3800164314426127 -360.2895828315093354
v 55.0941473123097012 102.0557238297660945 -360.1255115607027051
v 77.9233619291295696 114.5782555613108542 -360.3953338398955566
v 23.9427827044024362 53.2194633739415934 -122.4028428401706066
v 23.0124096423156246 38.6548741106705194 -122.5608942022329728
v 22.6864742408112505 38.1553271291593461 -106.7458654071042616
v 115.2601827717520706 120.9016328899946302 346.1947525458915607
v 130.5352027465010281 115.5085519366620730 331.4090131159259158
v 196.8009682561047953 41.1262671245493294 178.3096203179021586
v 191.2377098506438244 57.1880738348244293 178.4642974635983137
v 190.8584747714400862 57.3356718362409339 193.8731933070131390
v 191.5939197374850096 56.9223878464327697 163.0123036747787921
v 183.9711815325546240 72.2890101268505845 163.0902940848794458
v 86.6961950723908643 123.5057514715053912 -186.0353871521051303
v 99.4923067331726543 125.3363788802738696 -169.9088184936196058
v 100.1349319916211726 124.8178902750706101 -185.8279111889514468
v 60.4285101907809690 132.2086031756147975 133.5134471534564966
v 62.7753735318946013 131.3092978272861160 117.9804721718480920
v 45.7808020919663008 125.3731693416758191 133.9198868521127395
v 51.6959615483121979 123.9565161033358578 102.5050889286719382
v 48.8174146905518995 124.3676816220732064 118.3737217519819325
v 89.1655750594602949 120.9967915430267311 -265.3671249450513301
v 102.9450790741512520 121.4907979078911211 -281.0583046621932795
v 89.5142408886872829 120.4314185848487426 -281.2002901531483872
v 36.9647200262896192 93.0748922949648687 -74.5186865501323012
v 30.3442894378951280 80.2363632835568126 -74.5348291079751561
v 29.7597975179489893 79.9499287402655909 -58.5816108153033142
v 45.4143113896343351 104.5147415216881654 -74.5417309141787570
v 36.2431505664664897 92.9042259648970372 -58.5448011822174621
v 54.5971309930731792 114.2471414086932953 -58.5696860279182090
v 44.5400921896873427 104.4705028610915036 -58.5530066629261867
v 43.6085208973568470 104.3816708637460380 -42.5471045829002179
v 202.2256345586607722 53.2700286902248905 -166.7020859579572800
v 207.6675362050418414 39.8518869524229586 -166.6147014227462080
v 202.6177338377606816 53.2888073546038470 -182.5836788395829160
v 31.8790809888804745 68.7472140716875373 -406.6845594030182269
v 37.8572745454254047 80.7644089731836630 -422.8038811649899458
v 31.6199589057636956 68.4438221739877548 -422.4520807654454870
v 25.2927616190630644 28.6272135163992267 -389.9035077995927168
v 101.7697877502562420 123.2276278531843303 -233.5111098883616876
v 102.1994156005881962 122.6685432073251860 -249.3708470503425758
v 213.1957487723356621 13.0241983823570102 -214.5296090937582960
v 212.1388330106742899 26.6886111839122506 -214.3032298502803314
v 211.7934167818681601 26.4887583615688627 -198.4294590156854383
v 171.9537373991678066 10.2928433259606038 418.0116503708902655
v 169.4673617143220383 24.3900772614472103 419.3775945053176883
v 166.7919148828654841 21.6095815845272448 434.8255238971506174
v 175.1660488948446925 -2.4117451123484162 401.6343544303751401
v 174.7771129435881221 12.3731160148485984 402.9012193024131534
v 25.6094754406120799 66.3846011922509831 -74.6198746977505891
v 22.4029226394863237 51.4209485357037366 -58.9075294415842805
v 13.3302575405792219 10.2230272425823454 88.8966442635687457
v 12.3307441969715867 27.0769024872977369 89.5892021727319019
v 14.4320278531825092 28.2774309365851302 77.8963921628048297
v 15.4638994045207241 11.9636423972153398 77.1196322179578004
v 16.0569203273413770 29.5271012046263301 64.5687743234524305
v 112.4502657494287945 124.7526298630788233 -153.6650725031441311
v 125.3875289329160836 121.8671572345100458 -137.3838650423302283
v 126.0229648099025184 121.2886516728613344 -153.2805268675003845
v 160.0297168814202564 103.4544132002928052 -41.0284771579021168
v 171.5108139860519714 92.7150014448150870 -40.7249127150472461
v 160.7543873611140270 102.8352061537267588 -56.8862971514931317
v 50.8317068310716493 104.7204920332909523 -186.0126495350010600
v 60.9678432093032967 113.4843001063568551 -170.2131114604626134
v 61.6654959934625708 113.3065114957205850 -186.0965831671103388
v 60.1878096994305309 113.6219048675410619 -154.3132287923974673
v 59.3034870220688290 113.7086088079737465 -138.3836683576568305
v 71.4180213556405477 120.5650164640980933 -138.3802174545550372
v 25.7166619288302307 29.0650013146906474 -342.8227409233369940
v 25.6546367384963787 42.8087501389101845 -358.7798510678402977
v 25.6401453419293119 28.9790091230227063 -358.5068462891202330
v 25.6480129217093165 42.9540571241007711 -343.0706691395172925
v 75.8862842422960000 118.0615300513725572 -249.5487986202919899
v 76.2792414542503820 117.5963483132501324 -265.3809285574585033
v 52.9482223901402378 104.2602661754563798 -249.3591139797964615
v 64.2248630718323739 111.8957343784956322 -265.2991421539458656
v 53.3457232911786434 104.0259498548442707 -265.1765584070964223
v 43.5745199159621848 94.3568932114410472 -249.2233017710568106
v 43.9682439952725161 94.2534236334387856 -265.0351097232905317
v 63.8173737234826461 112.2465282646353870 -249.4797038715204280
v 36.6362683412735208 82.8165651894037183 -280.6950395956772581
v 30.8334525561145725 70.2837861928150005 -280.5318118789622304
v 105.0473884154507545 138.6287879221459605 240.2970424344737523
v 88.0269495810218956 142.3712156493107841 224.6908316203716254
v 88.0613627536203865 143.0070062024493609 240.2152176875933094
v 2.6058259285515666 134.8718088869019027 209.2317826518773245
v 19.6849494184513354 136.6106326873205887 209.2125342812428528
v 20.0526958660786825 132.1278520430327035 193.6089308161509734
v 121.4181851551241209 96.5640812495093854 405.8144717009514011
v 64.8969743801173564 111.0937253259537698 -296.9601811853839308
v 77.1977089006359876 116.0685759950322620 -312.8755545740393700
v 76.9121131185153359 116.5851090884778500 -297.0506331900188002
v 90.0993415095972097 119.2687901581689545 -312.8638790185449352
v 64.5839582971003381 111.5083417477929117 -281.1262491099308818
v 76.6213026383742033 117.1015559093458762 -281.2150906931183272
v 89.8239786137575891 119.8518489947436478 -297.0354875597387263
v 103.5313683394629010 120.2642894304602663 -312.7364064923012847
v 103.2584306616364955 120.8797196552982172 -296.8964545081040569
v 68.5442146967242394 121.3767168028508365 -90.5081776687408279
v 56.5714549655847421 114.0398092331688531 -90.5434152237469760
v 55.6289270559060398 114.1670804567315685 -74.5626663929963343
v 158.2095572120605596 102.2646472550541432 -406.6945670220134161
v 145.1531324272997665 108.4275575895042891 -407.0773488627384609
v 170.1263116616104583 95.0471409326943757 -390.3512816487349824
v 181.8796083342384975 86.0595801368446587 -405.8366341675385343
v 170.5181041937679538 94.7736185185090534 -406.2718697354109167
v 44.3218417401824851 94.0954297864281131 -280.8478379163513523
v 195.7859809671302855 41.2784471584176629 208.9067075796879180
v 198.2226061322584769 24.7163505638803045 223.7268026672003316
v 199.0343735719048652 24.8164698901212333 208.5603902817385347
v 199.6615176956050277 24.8291783200857026 193.3346223629258134
v 199.9936862908370188 8.3682698731666356 208.0942116160533715
v 200.6603815984205994 8.4689092313333187 192.8932901995735847
v 199.1453967933632612 8.2015672887448972 223.2269585245887242
v 42.1351985578722861 94.3331778384581270 -201.7451250592611984
v 41.5603739595321571 94.2049384448585130 -185.8961623836314629
v 177.9453487379814760 83.3766659345095036 54.0934429278398454
v 187.1489264821618406 69.6095468276172227 54.1521082805704239
v 187.7185938975331680 69.2591843043651920 38.4781063922018660
v 178.5690803019476505 82.9031349280490986 38.3906068268873781
v 188.3025442174091495 68.9299777342955622 22.7745801106290422
v 37.4600755984084017 82.3545659508084924 -328.0677145309773550
v 45.4533449380524530 93.0962112074604278 -344.0841035220960293
v 37.6809381898444755 82.1132615514152349 -343.8572833298883893
v 36.7149369496920883 114.9371111405300923 118.4684298704423924
v 24.1038512102183908 122.6382615326069043 163.8179745189453342
v 8.7515633582057291 117.3644284531253845 164.3080027594007220
v 48.7482815984125324 114.2651819632421422 21.8305663954481766
v 39.4715734659998958 103.7634128155330018 21.7582508037815998
v 47.5130260402028028 114.2944091953459775 37.9885382721600635
v 84.4899176893077311 124.8263258159861095 -138.2679864170110022
v 83.6105125488660974 125.2468279447821971 -122.3199061356240520
v 97.2397105617898205 126.9071436996349860 -122.1043397218650455
v 51.8161009054645305 129.7353984376075573 375.9462151742654896
v 67.5104727079756515 127.5674548364802092 375.8416144669131995
v 66.6963471512096930 122.5945884366852567 390.3046561134929107
v 65.8894589051155748 117.3917481026812766 404.7784339030559408
v 80.2414677443948818 114.3347368324272821 404.8229122097013146
v 81.6572534640384191 119.3640254979366375 390.2445337127859943
v 94.5486483937976487 109.8816914698665670 404.9916230280114746
v 151.1941396096788992 88.0407340217451946 361.2163803745489759
v 141.7251490736024380 102.4393683962665875 346.3468990293130787
v 139.9488446311614211 99.2029101647190572 361.2614721750791773
v 160.9885023790452010 75.6459719775445194 360.9726699288264058
v 169.1988814530021159 62.1654120298887989 360.5643897485158504
v 162.9622080647510245 78.3076343682777605 346.0063332365333508
v 25.4370261439416510 43.0259557316425472 -295.9278626941647872
v 27.4046472164700710 56.8852522947206438 -311.8669514558031892
v 25.5319858907532939 43.0713494861941228 -311.6476657353677524
v 25.7647037722203400 28.9512365424346889 -295.7620276284395118
v 25.7714378261898212 29.0504643853743190 -311.4552970591263943
v 25.3226071379726463 42.9090372173852259 -280.1968442178809937
v 27.2315796329939026 56.9080857702442060 -296.1200013101993704
v 25.7439624067022379 28.7574635403477323 -280.0544369498800847
v 25.7053722034742798 28.4701087562293651 -264.3351515441423771
v 31.3261744181577448 70.1683630699017868 -312.0850677035207354
v 27.5535872357594940 56.7986442127074511 -327.6059645242728493
v 25.6039635814911506 43.0449548703863414 -327.3603944252120641
v 136.0088718731025494 118.8770647269050755 -73.4472578237594860
v 148.3603921842693012 112.0455419164814828 -57.2240255350558087
v 149.0978405912816811 111.3742166472363380 -73.1073438682323342
v 123.9942651489327545 123.1109777425016034 -105.5849816036592586
v 136.7620698184378512 118.1939872154299280 -89.3453766969059444
v 137.4595644362049711 117.5308482552096052 -105.2373606312047656
v 197.1904985295622623 40.9344496342200586 162.8412922544007699
v 197.5665894526065927 40.7201485515983705 147.3494213630715990
v 200.9899811880101481 24.5186497630545652 147.1017998938336575
v 201.4081539572125052 24.3810138478840166 131.6133032188706693
v 108.4618749036832810 127.7450613161194468 -73.9878993097078990
v 121.4734187764367874 125.1175053510423112 -57.8094520745920164
v 122.3934870584279508 124.4354343529718392 -73.7427701593768177
v 24.8447217628067207 41.9884417140868464 -232.9364194918088344
v 25.5692987805414873 27.5849041814083158 -232.8984212143212744
v 25.4536863372497777 27.1203742805384458 -217.1903320719804924
v 78.1231164965929850 114.1634186651068887 -376.2211754647432258
v 66.1602158038984811 109.0127732405176033 -376.1327556586015817
v 116.5870262568677305 120.3588345896075822 -280.7896710274021643
v 130.4767099389255520 116.6293669207584145 -296.2794330335024711
v 116.9086983551651002 119.7585308233658452 -296.6397456606979972
v 77.7019098084136033 115.0507704685246040 -344.5417124450783604
v 90.7638608310582526 117.6094713308789181 -360.3835240826138602
v 90.9218259205430712 117.1508175511240495 -376.2155389896769861
v 90.5664212444256265 118.1319284746492571 -344.5387600057579789
v 188.4004156637129483 77.2740793034471665 -262.4263803518020950
v 188.0566865430899099 77.3690270679563810 -246.5566739141937376
v 196.7985526239335456 65.7379402943417404 -246.2802182323719080
v 177.2886035343414335 88.4533853459846853 -215.1322901488034915
v 176.8762397853604114 88.6658842903198803 -199.2602831091273003
v 186.9551391013119428 77.7429036615103968 -198.9273859899071510
v 23.1203582049687562 22.3151546705972486 -75.4549549050180133
v 26.1910077318563275 7.7804300979196555 -75.9028437842636663
v 25.7624630816646558 7.0777878830256933 -60.1574465450556772
v 78.2976746784922852 113.8363401519500400 -392.0264650444512995
v 66.2993686785575278 108.6884650356841462 -391.9462890623861995
v 103.7980272908124277 130.2175087726126890 -10.1213837674714568
v 89.1958854917044306 130.4908202982751391 -10.2073112547062372
v 87.8004744791244178 130.9782316038782994 5.8222103398831511
v 168.4845828542976278 96.6750565417580532 -310.8062780440976098
v 179.8439014228036967 87.1628051009637659 -326.2572557336704904
v 168.8208733615678909 96.3539979373454543 -326.7052596430195308
v 168.1355623489185120 96.9778445314150161 -294.9296698002856942
v 179.4858127109403938 87.3820045488216124 -310.3744550359592154
v 201.6638850487396724 8.4085369996206243 162.1993475907306674
v 202.1117930996692280 8.3197739005141731 146.7514948856333206
v 200.5791511737410246 24.6728356343508217 162.5743457277927746
v 197.9559471809089359 40.5096242907047639 131.8482713767353403
v 136.3629728747148704 123.3263236818957722 209.5142198990756413
v 136.5812712534294633 122.9357868950336297 194.0800174329142749
v 121.3300241667151198 131.6537267143714587 209.4794041211152660
v 47.8296463997928143 104.5671952488355032 -122.4075207310419273
v 38.9880204617813604 93.5156972370098742 -122.3400364037178747
v 38.3290705144929476 93.3704142164241659 -106.4135817817688690
v 48.6186091214414802 104.6066889176671992 -138.3287223116026610
v 101.4887596218244994 131.1095959819534471 331.1999650746924999
v 116.5605405755614328 124.1300965293563223 331.3562526418361927
v 117.7154619853138797 126.8197399927399829 316.3983514904585945
v 40.2888455753857500 93.8388455549674489 -154.1422557153872503
v 33.0407172809185070 81.5382739937619760 -154.0691349129969296
v 143.3172040479332452 112.1398953587898148 -279.9740309076082099
v 156.2822086580222276 105.0570892875036009 -295.3879880755723093
v 143.6820507783708933 111.6647635167238661 -295.8473416217894965
v 23.8250206360535657 23.5049517698222452 -107.0207873542142067
v 23.4851018876054418 22.9225663386444971 -91.2436801498374734
v 26.9390437013018627 9.0957520001272059 -107.3593976352362205
v 28.4215420879925276 13.3666897311383117 -232.9245330477915275
v 33.2820288696932209 -0.3593288801654945 -233.0271015566505355
v 33.2850651851307049 -0.8331258937399847 -217.3689354791824826
v 33.2306679285281206 0.0978127330218435 -248.6795161289489613
v 175.0807349014946794 89.8503876083283046 -135.7916566945282284
v 185.2559527573541800 78.5694332977589198 -135.4444958424872993
v 175.5571320746979609 89.4928740469819815 -151.6521990672328855
v 151.0301737831337050 109.4799104903977280 -120.7252054689151919
v 163.2545570725250457 100.5214139673387024 -120.3238270948082373
v 151.6009148128033814 108.9186115150482550 -136.5879717569521290
v 31.9529614692452988 69.3357368381734176 -375.1413495408227163
v 38.0857698635137183 81.2798013514372713 -391.2350579331055656
v 31.9720325018037101 69.0476631159088470 -390.9123218063517697
v 27.7381530366540154 55.9417753866889456 -390.5658127915634168
v 27.5705757441543895 55.6242108216669209 -406.3193004813767288
v 31.7139289143940601 69.8299732632445966 -343.6099302642249995
v 37.8675769290605615 81.8439952510554605 -359.6510123842054441
v 31.8584570499262547 69.5986956545304594 -359.3747100758547504
v 104.2692289376791024 118.0196782654213052 -376.1169198477011264
v 131.5831174025718724 113.1321162731344145 -407.4002383629634210
v 145.3125833222867413 108.1914007872378818 -422.9659969240389046
v 131.5265609350701936 112.9738060933394195 -423.2804892267160994
v 31.9309212221430485 -4.8412767544340181 -107.7391120065374537
v 31.5444775897933170 -5.5295497922457688 -92.0627711727332354
v 96.3934916061771503 127.4414968732645690 -106.1385064611877311
v 110.2338944747728959 126.5109800235485267 -105.8870506551700146
v 156.9149892567886582 105.9802442106024785 22.3314074656225259
v 168.6772199341135945 94.8767813495689296 22.5044127411260213
v 169.3891987590662893 94.3254612356888344 6.7177580381676467
v 169.1427084191784047 96.0257307797868691 -342.6105487259441702
v 180.5639706983617430 86.7107847238379179 -358.0647856017798745
v 169.4572390652234333 95.6949329599536469 -358.5212250520444286
v 23.5782858571959508 52.7881963446362832 -106.5450995333151809
v 90.3514395670255368 118.6912527665571275 -328.6995557172327835
v 78.1337471953149105 127.2201501968100530 -42.3892832810446336
v 66.3846155710138959 121.8813251089113123 -58.5190344390573713
v 65.0368366070806729 122.0119513771563362 -42.5116753110550860
v 29.1453570312923134 79.6346503985485015 -42.6089524351580025
v 213.3926803093449678 27.4977640851669314 -277.7125007315284506
v 213.0926817996952707 27.2941248552535107 -261.9038369354541942
v 214.1018600684484454 13.8751826996488017 -262.0744265787864151
v 214.3870388664442714 14.1600763188466487 -277.8535659816564589
v 213.1969565884212727 1.2563480051892286 -293.9246517869386253
v 214.6652008281331234 14.4490367314915478 -293.6504583638168242
v 156.6070153266370539 104.6613186309370604 -311.2688332615259128
v 156.9123148068847797 104.2433567502575755 -327.1717067122792741
v 3.0863697085695296 41.9162315666817165 110.6591128378081095
v 2.9146573234989650 23.1571654415941204 107.7761516998300806
v 102.5225830902296735 130.8360639819261735 5.8732070190541723
v 101.2137226446111669 131.4643296491344131 21.8734342806460731
v 142.9167746721792867 112.5917815341283728 -264.0851911294687966
v 155.9233147354351843 105.4294896613973975 -279.5078138985552414
v 129.7440256953620406 117.7152223392651393 -264.5418606399401256
v 130.1360003585166112 117.1802844292766395 -280.4154014143281870
v 32.6846248206411900 1.5764408360254210 -311.3025370818201623
v 32.5232663431062647 1.7558937884701586 -326.9634447100857528
v 39.0410157889988412 -11.0205932573806376 -327.0698092123567449
v 149.1066595658751623 84.8092700138533218 376.0842512983374490
v 135.8505904508333799 91.7582289739995218 391.0674590724615314
v 146.8094604719015877 81.2815939038818129 391.1269679792836769
v 123.6535939118916048 100.8862990411441416 390.8439939249361714
v 27.5854793319252813 15.1949039041960230 -373.9976819095189171
v 31.5312587137450393 1.9894468364170492 -389.6285475091149806
v 108.3724006549272048 103.9572577114345791 405.3693818875549937
v 203.8277354953546023 24.0124669824538906 53.8559441077005161
v 194.1661078794622028 55.1724061259849279 69.8010336063992440
v 200.3175152035730093 39.6058303718832647 54.0616179325677066
v 134.1232696607540333 121.5974403995786446 286.1742685106094655
v 120.3507824823700645 131.3893012641961491 271.0185155813954339
v 119.6573714332734113 130.4110852649396861 286.2244216356889410
v 211.8038653495930532 41.1720826561466779 -356.9021380034161552
v 214.6475053638944530 28.1659739557785045 -341.0423241546996564
v 215.0085465150781658 28.2790773049399462 -356.8835414700342312
v 117.7858987519583565 116.2133509659946640 -407.6510423317285472
v 212.4126621718019976 0.2600315398717315 -246.5741584899095358
v 213.8074788621811422 13.5870119207344882 -246.2400343829198448
v 55.3049495626198393 101.7313101806711870 -375.9794205307783272
v 55.4582798975221110 101.4472720978673266 -391.7748942083302381
v 195.2274331284203015 54.6917911823239038 38.5021860271788654
v 200.8407296288573605 39.5047524614473957 38.4165269435186687
v 201.3657078490603851 39.4587380236295928 22.7685218585169942
v 4.2634282722951840 120.7052189884506106 404.9385558069793660
v 3.6133998980648703 126.1528721400013353 390.5975227567321895
v 179.2032796053225923 82.4511720659749585 22.6597800674425471
v 195.7642402775889536 54.5246236845676151 22.8092425151182177
v 173.4495505203262553 91.1787744139978145 -88.2428131558813362
v 183.0871943596611686 79.9241332395796462 -72.0843811587558747
v 183.6779889706890572 79.5477643271187844 -87.9124083555680329
v 70.3937741433428670 142.7083592965145442 209.0964305635512233
v 53.1271421301265363 141.6796067385006381 209.0605411712925275
v 70.4566716452941222 144.0861419457495458 224.5837769374802804
v 45.6696254970366979 92.7897039111270772 -359.9031583708434709
v 74.9390784417459770 118.9073080582555662 -217.8619545023260855
v 88.3707649742224675 122.0674534020435971 -233.6770216408226020
v 75.4375422231168642 118.4968806493483413 -233.7101503105998574
v 140.4559931853385137 114.7375051536169082 -184.6333235652122085
v 139.8983655874556860 115.2170081396117922 -168.7521141172645684
v 152.6801751720489051 107.9384495898760576 -168.3191791514600482
v 28.3104278010355905 14.6904837202838028 -279.9677425952893373
v 28.2374364075115807 14.9636766211521142 -295.6515987291819556
v 158.7984634122244074 72.7260478330094458 375.9160006004408388
v 156.3615986010474899 69.5938643901879459 390.9777355918147919
v 164.3724675465107055 56.8426623989392823 390.5568787868665481
v 167.2867935593473021 96.0090514147948539 53.9993483032641421
v 32.9812706820690522 0.9965465255242838 -279.9714619019657675
v 32.8360403836140620 1.3287774287289547 -295.6325037320186766
v 124.3902562798641327 -96.6054441575212195 406.6695288028415121
v 115.1528500994441941 -105.5517474896205528 420.1233730089841174
v 113.5836286006369420 -105.9436071226717218 405.1853337221257902
v 99.4964094735270237 -117.5267359290132987 418.1185516803104179
v 100.1873473754007193 -115.8661134272181386 403.4779802408270939
v 39.0341667049259655 -17.4080183890496016 -123.7665247158979582
v 47.3923690475852055 -29.7502188653810116 -124.1144907786626419
v 47.0180179548546917 -30.4818534592510559 -108.5094302655944603
v 32.2711491139940421 -4.1867458802842963 -123.4128071479636191
v 38.6741799963566919 -18.1040583553008858 -108.1323232433034889
v 32.5631051022481373 -3.5617417957993376 -139.0809425010591269
v 39.3389006204986700 -16.7468876627176897 -139.3997292609296892
v 39.9899614198626949 -13.3647078583152652 -233.2051681567033370
v 40.0149373310619580 -13.8596152923229106 -217.5620326794119990
v 207.3964869380794767 -14.8885667565572763 -167.9095952966443690
v 210.9357139876000531 -1.6371779288473174 -167.3755105265893519
v 210.5902019003744385 -2.0667410747461159 -151.5401214031600432
v 185.6940065627597107 -41.9835050054828827 -343.2066922367798725
v 195.4122289895216227 -33.2402609598590217 -326.8953277171930267
v 185.5397895374771053 -42.5733218606319355 -327.4461685389756553
v 108.2041595428725884 -57.4917101714939207 -438.8861632336690377
v 107.8088394208776748 -56.9448283024364130 -423.1071772042702150
v 95.3783892870992389 -53.5499448609904931 -422.9315262363887200
v 107.5388925257394988 -56.9854435147761933 -407.3901157138648159
v 94.3424473476232350 -53.3684369436778425 -407.2009295371506710
v 93.9581126005023890 -57.4577187759412098 -297.2341445482989002
v 107.4433504390294303 -60.8923930473192527 -313.1240387690527314
v 107.4864196269082584 -61.6865225377786714 -297.4053476855158920
v 37.5492143426962457 -10.4169152747726947 -405.4750945525734664
v 36.9378125679375415 -10.4721321208619571 -421.2400852527260895
v 45.5970798451633357 -21.7091425354746193 -421.5287724688754452
v 26.8584699067958432 -132.0531687484046302 326.1840390728606849
v 42.8809075641845965 -132.0541752618093199 341.0342720474621387
v 26.8323460910231333 -134.8747517403803897 340.5415597712608928
v 58.4401333739715270 -130.4196741793263925 356.1776017255097031
v 42.8124167234558470 -134.6724713035632988 355.3898755774724805
v 58.3176742430674295 -132.7946527948777202 370.5703216355482823
v 73.1907694507183066 -129.2758244170255466 386.1248455898589782
v 58.3252326794445608 -134.9870498788180839 385.0539920140031427
v 42.8158772123995917 -137.1098345785215997 369.7837457885449908
v 42.8895108573342156 -139.3564300128440721 384.2581370719928486
v 25.7076512373977586 -15.1162928108291510 48.1190861045351852
v 21.1398214086437122 -0.3769848028061195 48.7135616788716632
v 22.1451234025585677 1.1047802669754123 33.6349556056667325
v 177.3577366264808006 -52.6330686643684942 249.9808133452693539
v 185.5591912815827698 -39.0546875960792335 250.9560385618376017
v 175.8582425420137838 -52.8293100207574327 264.8193132493246935
v 69.0509798172233502 -44.7471990979259715 -265.3331910645503058
v 81.0761597250633628 -52.0247223767311695 -281.2955734221258126
v 81.1577831692628422 -52.7059881640778798 -265.6173921066672960
v 94.0207464918000255 -58.1992890949918475 -281.5355645611720092
v 67.4352334345144868 -52.5259085372156989 -93.5202409260939049
v 79.5898988954075435 -60.9043849355980029 -93.6824333718784317
v 79.1191813335593110 -61.7649059673992440 -78.1066288484399536
v 56.3691361853998600 -42.5629499796426387 -93.2552499112435811
v 66.9465040756432614 -53.3828061207600513 -77.9489609200555549
v 201.9009237484654307 -7.5381455461870690 115.3705158125901278
v 202.4389962287714013 -7.4140352540071799 99.8589364302128928
v 198.4455153009507455 -22.6908693493450677 114.8603189606731263
v 202.5661236647048895 8.2471851123520388 131.2828600751895749
v 201.3840359788677290 -7.6033508395876481 130.8484297180409328
v 161.4112284231735543 -66.2339405143316213 -123.7217013189423795
v 173.3726528962078532 -59.6112356849346270 -123.1609679082679349
v 173.1434554151967404 -60.3716613550998176 -107.4500030133423394
v 184.1133395686648271 -51.0473307598823567 -122.5346289952915129
v 183.8412550307719187 -51.7886806045681567 -106.7917624183581751
v 92.7624034332550735 -107.4883751386659441 286.8329308826394026
v 108.3013887377657625 -101.2439468042777548 288.1219582212644923
v 107.0024592244068771 -102.7679614724514465 302.4996475311263566
v 28.3964679219132776 -116.3014448535100058 254.6547165063451814
v 46.2676861762622664 -111.3534728852577445 241.0818544865583135
v 45.3445072885585105 -114.5986063037695146 255.2739618962790189
v 193.3683549407458884 -40.8024430047343145 -121.8550694878118037
v 193.0637935703282722 -41.4905339115490293 -106.0979008346899093
v 184.3171153968260398 -50.3251238415695852 -138.2672578930228440
v 193.6187179607813675 -40.1278753244497750 -137.6060648587182698
v 150.6039297350098991 -76.2106547551021265 291.9878899361059439
v 162.3078305640724750 -65.4311550085918583 293.2098163810849769
v 160.3228615140760667 -65.9430006253241743 307.8753110096367891
v 153.9914895932064667 -75.4720177036880244 262.6983115162237823
v 165.7763332716901061 -64.8900629880718185 263.7927079199074569
v 164.1553673980397718 -65.0777250159160019 278.4900275437314576
v 140.7576212881195943 -84.5854981193855906 261.5677956600746370
v 152.3776555859665223 -75.7617593624517980 277.3459381353819140
v 46.5876184442458054 -31.2564949330272626 -92.9057501137669988
v 47.7069859662077747 -29.0541860885111909 -139.7229255080970063
v 160.9700304616086157 -57.2311478156242401 367.5111343791717218
v 149.2149028931682437 -71.0520339100109197 380.6090754454155558
v 151.5316187613508703 -69.7533344568588234 366.1004818778921504
v 163.4086686535461865 -56.1786031978918103 352.9878936451495974
v 153.8075660437225451 -68.5755124706891621 351.5957226471484773
v 138.7327080347198489 -82.7599607926922687 379.1083160298111920
v 140.7718946067822969 -81.3035550677879826 364.6151364961424974
v 136.6223849295506056 -84.3892471771547150 393.6213574279991576
v 93.7801706163949262 -54.6681812536024339 -360.0478662409122421
v 80.6686368262668054 -48.9244981309690914 -359.7439950511150073
v 80.6696097892246797 -48.4356585349154471 -375.4550366327761708
v 93.7945685510029818 -55.3201335362677540 -344.3400646738299429
v 107.3726931980201016 -58.6092467976435501 -360.2626274439475083
v 107.3852506509738731 -59.3433880891833709 -344.5493044319023284
v 65.3307001778827043 -77.6481667855240687 109.1759913713907224
v 52.0972536498416119 -70.2558722210582260 109.0811298794590698
v 67.7596614623723212 -75.4830030785620778 93.7136448732658067
v 147.3560931090684107 -55.7341652217479719 -438.7608187643381825
v 162.5747770906804988 -52.0355064489242949 -422.7618568338835985
v 148.0181776266742872 -56.1125471610182203 -423.0221699578626158
v 129.7415142047712777 -58.5995171680648710 -438.9426046710673859
v 133.1837325337635320 -58.3447734182584981 -423.1762719530418053
v 98.9727349278291086 -99.7271886184597918 214.7263105705608268
v 116.1962114805890565 -94.8446975365641549 200.8858118435455822
v 114.9738249151964595 -95.8872441211433113 215.6031467053599897
v 149.5068492955803947 -80.4644583927437367 142.1740636379366549
v 134.5286261592700043 -87.3334139159799037 156.6781326880599465
v 135.5917056173048536 -86.3241493746491955 141.4643279000001144
v 136.7129136209211140 -85.2723236950629797 126.1376402371436711
v 120.9333620268472771 -89.9522371790411057 140.8294384160047912
v 122.2177114746010744 -88.6506044582524737 125.5377965913155123
v 162.3566320854370986 -72.4522666010914946 142.9229862977625203
v 148.5511312673792474 -81.2649432964156375 157.4350307683877475
v 133.5122297515289063 -88.2702957647503865 171.7979962250152539
v 161.4995044416859571 -73.0863412885211119 158.2139379418314320
v 160.6409293358004504 -73.6637636500295372 173.4185403216198154
v 119.7189412961146644 -91.2472652547265568 155.9923998983647948
v 42.1375351068474657 -38.5055147107958078 16.2373426480532501
v 51.7716992855547247 -49.8482953054785867 15.8307879192935950
v 41.1845418542204627 -39.9220816765582214 31.8059002749779616
v 192.1357115244673821 -37.2061682133121181 129.7169936210646313
v 183.6308841433495047 -50.6942937867264263 144.4370892053604791
v 184.3113447199724533 -50.3194586089774702 129.0361687824475894
v 192.7660381476947578 -36.9108763520596170 114.2590182668686509
v 185.0089064386332325 -49.9042957941472167 113.5877792702010538
v 94.0460147711787471 -62.7641053746830337 -187.4275964934739989
v 107.5076810243521095 -67.2672846906393289 -187.4902112130877470
v 107.4115446154411870 -68.0514257337874255 -171.8477275730489566
v 121.3142362850243927 -69.6352177123578286 -187.4537466703120856
v 121.2391312133505181 -70.4328460351287902 -171.7755270114857638
v 93.9313105864117546 -63.5268220610741352 -171.8098826690325609
v 107.3122352928449743 -68.8405705864331310 -156.2012178793914075
v 121.1800057402063828 -71.2318834766663258 -156.0881816311236037
v 121.0911353994931119 -72.0305183128419770 -140.4231137474519358
v 81.1653607773238690 -56.2830217742470680 -187.2950818143649485
v 28.3772770663304996 12.9019585275875048 -217.2449330277244997
v 33.2385211295452052 -1.3265331434825420 -201.7103476246686284
v 148.2705057443093892 -71.5111573960213036 -108.5245375525067715
v 161.1983077017926007 -67.0126080417265939 -108.0352378360395562
v 160.9041661415740236 -67.8008326535451573 -92.3105460154423554
v 134.3218212050527711 -74.5422006204342864 -93.2161396760898668
v 147.9753960140539277 -72.3086706886888777 -92.8214713913475151
v 147.6003978769918206 -73.1235631128107855 -77.0820940608837901
v 160.5445916242085787 -68.5981063001639910 -76.5519586577119497
v 160.1039975706864595 -69.4095094778163002 -60.7945216010154681
v 10.7014260594076873 -136.2633663910182236 340.3756863621678121
v 215.0079138495095208 2.4880256478913294 -388.7709214015824841
v 210.6055967625452467 -9.9774739187449981 -373.3073479156880126
v 210.9362124513814365 -9.9024215692018576 -389.0963032207142760
v 148.7257565501722070 -64.3800099237840584 -249.9431218147241509
v 161.7658278885672587 -59.3405410941243900 -265.3696172639581619
v 161.7458030647348721 -60.1040246478714479 -249.6020575581630681
v 174.0395207489465008 -52.3854280234466572 -280.6910135420584993
v 173.9785931375158441 -53.0826350659552872 -264.9244507638261439
v 173.9284975274880765 -53.7869164598225993 -249.1496441615173012
v 135.0074389646445354 -72.1431998849576388 -140.1929385105619588
v 134.8744737509638583 -72.9372335169975656 -124.5375714989431231
v 107.1849257259144679 -69.6349397229412972 -140.5532127943897365
v 120.9217439864045645 -72.8273605965730866 -124.7882987809726814
v 184.4675747720644381 -49.6179954526432923 -154.0249633532939129
v 193.8209792259145559 -39.4715183474086828 -153.3796444732575992
v 44.9921988393907384 -33.8966514873469364 -46.1192494136751847
v 54.7414937728317454 -45.2686113849238154 -46.5333194425232008
v 44.3714197147449951 -34.9157223449919201 -30.5291044706803341
v 192.7074878250675738 -42.1886899524106482 -90.3233626359556183
v 183.1545061418301259 -53.2614110183123444 -75.2452933698998692
v 183.5213563132352022 -52.5271738683530245 -91.0250079232868501
v 199.3185362706540502 -7.6819643294150062 192.3623112423101986
v 208.8723231646152669 -12.1922012215065720 -262.7804430100466107
v 212.9438520175882559 0.9478756112562452 -278.1282578685596150
v 212.6812574632253074 0.6065345635088750 -262.3657978306816290
v 182.9522257050130349 -51.0527467605837941 159.7834853592649722
v 173.8264658257782287 -62.4520191183351088 143.6903137741313117
v 93.8358931156470248 -56.0112727408223847 -328.6374202897164878
v 107.4139890051382906 -60.1104855053453733 -328.8381094767699437
v 187.7867875771614763 4.0325312514621912 328.0499807233708793
v 186.0716503921998424 -11.7366915979111255 327.1851077193246056
v 188.2442047833048662 -10.9242243918024275 312.3511323326694082
v 32.3412407903283423 1.8881568392280463 -342.6187542066529090
v 32.1301725329041119 1.9705219879483671 -358.2757508114031566
v 38.5979581740957158 -10.6329394124847916 -358.3838791085928506
v 94.0707941726180508 -58.9457002642269501 -265.8386333388604044
v 81.2219603811143429 -53.3998497477461598 -249.9395558815189702
v 94.1122241815235299 -59.6994541883953289 -250.1428524175827022
v 69.1394523454956982 -45.3705663998980597 -249.6704621263142769
v 81.2610562375051302 -54.1054348161185956 -234.2637901982317317
v 94.1328529133987217 -60.4571287219210234 -234.4491803815338926
v 58.0811771434118214 -35.8104935900785080 -249.3725341585256956
v 134.6536159524487459 -73.7341045582545291 -108.8931323471466470
v 120.6639806963841153 -73.6285452667072917 -109.1468504118644347
v 106.6606568580156846 -71.2273973026339888 -109.2893343666009116
v 120.3080487989594616 -74.4422778039533171 -93.4919818640269540
v 174.5908025194588049 -61.9368568002883038 128.3071079871409665
v 163.2248697200076322 -71.7789283050369704 127.5571883997523628
v 164.1003446652499917 -71.0806284765461101 112.1278938846691204
v 150.4877780881085414 -79.6189008602255797 126.8184650757607130
v 151.4866995059757926 -78.7505386097096931 111.3889405004706816
v 127.3032690323536400 -93.4541944750622662 377.5701334872362622
v 113.9651738677505080 -104.8339692302884316 390.5391641509439751
v 114.9567237731586573 -103.2699432578177721 376.0109387791081303
v 128.9341850099474982 -91.8834775849109064 363.0829355189439980
v 116.1737422670595663 -101.5537037010319636 361.5473603253792589
v 102.6069960144364472 -110.3382076068667033 360.0021226031295214
v 101.6956604344612174 -112.2823793135262918 374.4242902196367595
v 88.3961386978626393 -118.1505154221892155 358.5357955318075369
v 87.7678346872865802 -120.3055756517365040 372.9362608021413052
v 73.6619183754542632 -124.8752615391380090 357.2423203625178871
v 73.3396231974301855 -127.1546693104534285 371.6359605133836226
v 43.6820778555558817 -58.5066974604684376 93.5394126099927945
v 55.0500188888954511 -67.7996631808273236 93.7095037895436604
v 28.3737926127818803 14.3105608569201799 -264.2719616740116635
v 33.1288279436572708 0.5519455900673008 -264.3282497379387905
v 194.9451684263770801 -34.7547281294510739 -279.6101906905752230
v 203.2061319883011947 -23.3643801905546802 -294.8237270750605035
v 203.0159297123404087 -23.8046914617392886 -279.0605385131943308
v 194.8000579509464671 -35.2948328082503267 -263.8359592387833459
v 202.8262067284771035 -24.2667098720184029 -263.2800570924513863
v 195.2469882459971586 -33.7330882661636409 -311.1322158420624646
v 195.0940173801679975 -34.2343990425935090 -295.3780571433127307
v 129.0679554343519158 -91.1359352863257612 231.2355843830357855
v 144.6358803957079715 -83.5719582925454461 217.4842723295181202
v 143.4697723084005361 -83.9236436619865032 232.2507633888492933
v 156.6924060067226492 -75.0974030003038990 233.2501449271301226
v 169.6417473510662433 -64.3807863769819591 219.3456894626282292
v 168.5152192051680515 -64.5833927324253239 234.2136370731522561
v 77.7644670129756577 -110.6407367787910232 271.3472716168934653
v 93.9373880102076981 -105.7489186726785846 272.4876800619344408
v 78.8449303953858305 -108.5475435731854361 257.0430481997320840
v 95.1774700398389655 -104.1643310692263924 258.1165858113337777
v 60.5037926005309004 -117.2311277349764680 284.5909174807687236
v 76.7928604517433229 -112.8227907392679299 285.6401453971866431
v 75.9517076136009308 -115.1197597730347297 299.9432185133140933
v 107.5725292451400747 -64.0766659552940183 -250.2582659546539503
v 121.3320084359986453 -65.5498756611356868 -266.0048901816314810
v 121.3444029296392728 -66.3726572331819824 -250.2716094466475738
v 107.5875694311587552 -64.8748598427400083 -234.5443102770401254
v 121.3652521358793024 -67.1944706351913794 -234.5371017238941533
v 93.5994008089123923 -65.0694716059975349 -140.5680516777274534
v 106.9651702992235585 -70.4277271955277939 -124.9163656294172000
v 68.5401646785006022 -50.1724022076311087 -140.2810515697612175
v 80.6424483060609418 -58.5144236490796885 -140.4690107587058492
v 80.3561863079248155 -59.2869945809948149 -124.8630300048105255
v 118.5582492095086593 -92.5076117542389511 171.0647176592509027
v 88.5388814703317450 -92.8587219731630427 154.9491535473233341
v 70.4788820410909693 -93.9747823796524671 169.3759223679663251
v 72.5177618662110461 -90.8271465596084511 154.5813639634071990
v 185.7350914813549991 -49.4291064370295743 98.0936844635395886
v 121.1979600221776820 -59.9031916731887293 -376.0785764799033473
v 121.2412688561052505 -60.6442539426160465 -360.3593677609012502
v 212.4768106261276444 -11.0825657255837680 -436.7827994497550890
v 211.8250117169335169 -10.4325641617551561 -420.7930782709398159
v 205.3693497693474512 -22.2232144639996818 -421.2222555867001006
v 29.5975068172844828 -8.8064387086755431 -29.3424922674430384
v 36.1585603041836592 -22.3503514857751036 -29.9804108774943820
v 29.0036279616093537 -9.8050965158891916 -13.6925700140514799
v 35.5242747282311484 -23.4226333520814265 -14.3686019316937958
v 81.4400718359109277 -81.3396170052017737 93.7354239061749439
v 83.2026637314432662 -79.6796655123430781 78.1336609227373629
v 193.4218055954559645 -36.5538756332575900 98.7570247264408465
v 31.8693130159339972 2.0077665786126730 -373.9434260440850721
v 37.9890535111648475 -10.4279581646984507 -389.7564993274560834
v 135.1845373946604241 -67.3089160022257431 -234.4088048152428598
v 148.7395122333696520 -65.1847317695976045 -234.1715360553102983
v 48.3464910331017492 -25.4339347099129576 -233.4471148075072051
v 48.3764707537986283 -25.9709144042366944 -217.8116480037754172
v 58.1751327732792589 -36.9763476525742902 -218.0884104325396606
v 58.1504108868916489 -37.5929809005769044 -202.4594620013334634
v 48.3558564006863563 -26.5358847570527985 -202.1820477353166723
v 58.1511106533539603 -36.3827156323293650 -233.7256026878223452
v 69.1952850819302228 -46.0114086917439806 -234.0104172238241063
v 69.2095488147509883 -46.6679430068611367 -218.3596130729732181
v 165.7745119617197247 -55.2623213234706796 338.4339782168892157
v 38.2618569872039629 -18.8408501321397281 -92.4977766803988288
v 46.1024933619475661 -32.0768608729023015 -77.3066711660752759
v 37.7998865061345910 -19.6233975290637375 -76.8636135511721506
v 45.5663428429524515 -32.9494217221920351 -61.7117716454734975
v 145.6989694395848005 -83.1427809767851045 202.6180885139127952
v 159.7690778388149795 -74.1563608961273673 188.5120236215302612
v 158.8481180735224996 -74.5533106112536785 203.5079613937632246
v 130.2764041855500352 -90.5475179641013312 216.5364242775575008
v 157.8391219357663715 -74.8567791956890574 218.4223044793225483
v 170.6145761071471156 -64.1239241561047635 204.4034324053121168
v 91.6917224025543049 -109.4039043495806141 301.1718167042899381
v 90.7420913839910668 -111.4777341544483420 315.5078651167233943
v 196.6614175690048398 -8.3200435023190025 237.6674542709033346
v 197.7399014750524771 -8.0508898356021348 222.6186026511094553
v 193.9940036731019575 -23.7543993419515509 221.8992043844878879
v 192.9005275102454107 -24.0185515956312976 236.8942986026292772
v 204.0596936988471555 -21.8056671709845062 -357.9439656498491331
v 210.0323442422848075 -10.4591409085599789 -341.7136014947350873
v 203.8114970790922484 -22.1678993630304362 -342.1592664586484602
v 64.4609959094939029 -57.3590517047556219 -15.6593930652376070
v 77.3726744808181337 -64.6248035696469145 -31.3822060608127096
v 76.6652153803445771 -65.6838665599049563 -15.7907574433127333
v 91.1066888825380232 -70.1639344109211436 -46.9668679022124778
v 90.4753365742220410 -71.1423229553327019 -31.3703963035309989
v 29.1990976577213637 -112.5922704120678048 240.4778697570079942
v 47.3491129357883551 -107.8672267841917147 226.8487963600295814
v 30.1959892735558277 -108.5146928928246979 226.2475723529607023
v 13.0855106256958731 -108.7270863928984426 225.7484183909694764
v 39.5855491267787372 -16.1141933365287926 -155.0299813666410103
v 47.9598029617823087 -28.3876010181100469 -155.3326255686687318
v 215.2435913596784474 14.8669506829612885 -325.3153317320346218
v 214.9504179694967831 14.6449725391683483 -309.4862692642919342
v 213.4603563535079900 1.5541010313622508 -309.7406775096300748
v 58.5157273235848123 -137.0034029753569484 399.6539194836208253
v 193.9887122883458517 -38.8329670717886799 -169.1704786033059236
v 201.6776503177790687 -27.3871362796889279 -168.5255815003153828
v 201.4498907130603698 -27.9597992706694569 -152.7176078848614509
v 201.1896542758169915 -28.5540160272733026 -136.9281541160538609
v 107.5182829655481953 -62.4817927434300699 -281.6906251405461603
v 43.0063814423817945 -141.4465174056580565 398.8494756272237964
v 58.9207291459486555 -138.8696034435998001 414.3777727179609087
v 43.1369741601799888 -143.4501405040880684 413.6017029537342182
v 105.3774577112958326 -73.7725341986298275 -62.4394904229071912
v 119.4209078840646185 -76.1394607069436375 -62.1955499169778392
v 104.8266552328810093 -74.6859978355178242 -46.8279882240489940
v 197.8759820873667081 -22.8691947671305016 130.3281869037609226
v 191.5323786321696105 -37.4386105018231206 145.1400765105646258
v 135.0617523451300599 -71.3500289786931745 -155.8737655183985282
v 148.6407397179226280 -69.1575552080172287 -155.5487671329447039
v 148.6081382694525814 -69.9355421406337854 -139.8437838033955529
v 208.6424163312998985 -12.5988326370018218 -246.9870398743558155
v 148.6684523869984389 -68.3717654000538175 -171.2963882874849446
v 161.6519385003659579 -63.9321306303803638 -170.8941663592864586
v 161.6129049519478258 -64.6963618797994826 -155.1305560203745415
v 135.0992138154684596 -70.5526690594967931 -171.5910570690107591
v 135.1414682067816102 -69.7523567009799876 -187.3047443430499754
v 148.6957528648704567 -67.5835120307094002 -187.0438177251862157
v 161.6682440175219426 -63.1753667518398672 -186.6578917283017631
v 196.8008915693692131 -23.0624405479102421 161.1608558172961239
v 200.4017555826247019 -7.6000293453521666 161.7209757340858118
v 199.8931308087873902 -7.6173773228201664 177.0887674872214461
v 144.7851607123866131 -78.7609104906989899 335.6295442961609865
v 132.2975118596958453 -88.9447651901549392 334.1619135503339066
v 146.7749226833577438 -77.7092861137937092 321.1124385009864568
v 118.8537998884937963 -98.1288836751779456 332.6932858769441168
v 120.2734247378380701 -96.5702161883570227 318.2783268135827939
v 134.0160136751817390 -87.6708163809162926 319.7135190702529712
v 161.7015260607703908 -62.4096113535507868 -202.3940482158704981
v 173.8354190021590284 -55.2255212762267789 -217.6466564921416591
v 173.7917267345534640 -55.9458877128852521 -201.9203925934647543
v 184.9067980501877742 -46.2709357766831246 -232.8626468521659660
v 184.8167103075469413 -46.9338063333288602 -217.1156775348782730
v 173.8884287081394291 -54.4986172953587840 -233.3847301481002603
v 173.7497215751310193 -56.6641356784729027 -186.1686686985701442
v 184.7343295818334639 -47.5976546458534386 -201.3596591827902955
v 184.6598475898863114 -48.2589914677872613 -185.5865013452967389
v 24.8021102988809723 5.4843357722307475 -28.6709848672008576
v 24.2555375732263307 4.5800026497995905 -12.9650429534567717
v 28.3524593215233978 -10.9163448297199892 1.9239168226204328
v 23.6487489849057972 3.5680157293552459 2.7046644777184330
v 32.8052075229836859 -2.9622696013467125 -154.7422527346866161
v 185.2973252512079796 -43.7580839963729886 -295.9360298315057207
v 185.1879316228809671 -44.3667178592687890 -280.1680100052970488
v 185.4152311071860879 -43.1604067508253948 -311.6915880631801201
v 148.4847493118793693 -56.6128897674111968 -407.3054535577673505
v 162.2450241276197573 -53.3359409394692392 -391.3127415962637770
v 148.7148957912434923 -57.2445488226695574 -391.5926481811874851
v 195.6007249856154147 -32.7561088405186496 -342.6729525570350461
v 203.5942243854662479 -22.5502402550258054 -326.3675504311407849
v 148.8357924299098158 -59.5243783710307497 -344.4360189517438471
v 161.9459075154294396 -56.2942851385376599 -328.3954928105965223
v 148.8049356046745686 -60.3324073323168619 -328.7102918602161026
v 148.7877769475850869 -61.1416345238466477 -312.9610027691766732
v 161.8931662130236191 -57.0527648827871090 -312.6494820775037624
v 184.9963298139955441 -45.6201625525775825 -248.6259504441354977
v 194.5231229770271284 -36.4290823498388079 -232.2936312740471863
v 194.3876558585976397 -37.0195702139243181 -216.5306727723878168
v 147.6140672876117321 -81.9918856206514306 172.5933143598764161
v 146.6831478325337912 -82.6164511528671994 187.6545125441011521
v 148.7608023883393571 -61.9554725053541162 -297.2113302444592478
v 161.8361496251083338 -57.8171399198354621 -296.8911247799801458
v 135.1554251926599761 -63.1618411288492041 -313.1435747149457143
v 53.8783414274153856 -91.4420879065069840 168.8855106938329698
v 56.3764166323604599 -87.2268097676601855 154.2118872713079725
v 202.2598368427363766 -25.7710256349859925 -215.9429456307837540
v 208.4035946649715356 -13.0355204599295416 -231.2042195081772036
v 208.1622615080524383 -13.4801693245962717 -215.3942136942300181
v 202.4515536817251871 -25.2486883142400274 -231.7271463582030719
v 202.6421585630478432 -24.7427523690695494 -247.4992305813983080
v 161.7973748944228589 -58.5779777812044742 -281.1328825125598883
v 174.1139643975258480 -51.6916527123559248 -296.4538953569822866
v 174.1956165992511671 -51.0048463083624384 -312.2155118407687269
v 105.7933394642722931 -104.4895691007289429 316.8727356368524966
v 111.0785413523058622 -98.7920034637143658 259.2504758838491625
v 126.3548458298760409 -92.3150705328424976 260.4103627597314130
v 124.8386244512072381 -93.0719686131702844 274.9384347580960934
v 176.1747670431842892 -60.7884825205873227 97.3772769796062363
v 164.9981162788667746 -70.3471581939427466 96.6367131739602883
v 65.6576205246473847 -103.6083234786330110 213.1689563440869790
v 64.4055322279744473 -106.5617980699911129 227.5465689672132328
v 207.6644687356180157 -14.4053852037142853 -183.7380059271345090
v 211.2584884577215973 -1.2300133008936294 -183.2182615766358538
v 135.1911132822377510 -68.9448453751591472 -202.9913995427918110
v 148.7383523464937696 -66.7870244231304184 -202.7586169568915864
v 131.4102367430137406 -89.8834875205797204 201.7370346086558470
v 82.4870902157595083 -102.2364936372486284 213.9212532202790271
v 81.2133570879647237 -104.4066419820243397 228.3543103532408622
v 63.2466231079710255 -109.3483927388514019 241.8289366647298664
v 79.9979729801161881 -106.4916968078148614 242.7171224363972044
v 94.1174772229118304 -61.9964807372138154 -203.0761000422570532
v 107.5761526933969634 -66.4778618485770778 -203.1411687374098562
v 87.1409781388448863 -122.4184869342320923 387.4042870865346799
v 86.2051986618985921 -124.7236710345495538 401.8870372241623841
v 202.0724144609409336 -26.2980839828920629 -200.1408768939706704
v 194.0740837967475727 -36.1818586930417680 83.2094025783337230
v 200.2215609256591335 -21.9441466402466041 68.2232040215213971
v 199.6317440705100807 -22.2041386385202948 83.8018076108091208
v 105.7784047225150630 -91.3684590544933286 140.3013735546940381
v 107.2944535560287704 -89.7483463207765055 125.0499922661924046
v 90.3379714590865746 -90.6537866079528243 139.9125718052247578
v 89.8926803430092320 -113.6672171424360585 329.8380853372516412
v 75.2355924978470370 -117.5228440771818299 314.2543437366790613
v 24.3603659443249221 -16.9045316264972065 62.9736902230655957
v 19.8463390499725953 -2.0425416167447543 63.2769862623458792
v 121.3619258487228478 -68.8304000081247835 -203.1142900365836113
v 59.8732598817015997 -119.8720271920472271 298.8760459007668260
v 196.0938973822302103 -31.8594779420938714 -374.2199967560102891
v 195.8191096369075410 -32.2916268688585291 -358.4484876833320754
v 210.3051381324819715 -10.1865315458203387 -357.5263680311637131
v 204.3357851186749201 -21.5134811225236220 -373.7211111975936433
v 186.1341309100263004 -40.8319578120966398 -374.7249022231712274
v 185.8814289445551537 -41.4023249939302787 -358.9668133292221910
v 196.4649078090413354 -31.4961601534471640 -389.9993278757193025
v 139.1759190230941670 -85.0586552780099652 276.1634286724989238
v 137.4753139745278929 -85.7229732967900588 290.7412703622651406
v 81.2662661426046640 -54.8207207565438708 -218.5943895139988911
v 108.8028241301409764 -88.2247438438066496 109.6601147332052477
v 123.5298598640082304 -87.3782277270935310 110.1137167742527652
v 121.2714834299298872 -62.2454250526407762 -328.9234618134877906
v 135.1638990769432951 -61.5015924748900744 -344.6055924958294554
v 135.1583297027706578 -62.3291477962271898 -328.8785042147449076
v 94.1399080930735153 -61.2244082690800582 -218.7575022006105598
v 107.5954202357153378 -65.6768305519140654 -218.8283607443008236
v 33.1414477045837117 -1.8414474278689119 -186.0528333844530948
v 39.9087549597880127 -14.9305791053611845 -186.2880316025245691
v 39.7736832573389378 -15.5063023763840722 -170.6571276595607003
v 39.9886577453575711 -14.3816578484289330 -201.9226931955326165
v 48.2812593786358093 -27.1275516796980902 -186.5596560200038994
v 166.8153235089060331 -32.9903053381063955 413.9222535085235108
v 167.9251531181282928 -19.8691833095683563 430.5161894770959066
v 164.2918122723481247 -33.7598902802542753 429.0395096964685422
v 36.0592150346801432 -10.5813579969548535 -437.0769314241317147
v 44.8478025091853425 -21.7106091692928835 -437.3200667193373192
v 174.7116032997056436 -48.2859372695071372 -375.1926529669361230
v 174.5284753751035396 -48.9603779373858501 -359.4499397634739921
v 93.8928138451427969 -56.7263094493569753 -312.9353127127521930
v 56.1062205053315921 -31.7556776525443567 -421.9027353350069802
v 104.3258429202325033 -93.0548962286583361 155.4128015507338318
v 86.8683376221189150 -95.1960186440111329 169.8687113309031531
v 209.8069619263695813 -3.0069947434223128 -119.9245576059301470
v 206.0317122763698876 -17.0062206343573550 -104.7671942552686204
v 206.4261888442732413 -16.4663795662117103 -120.5121313740630313
v 95.7121395462528852 -85.1640324385601559 93.8720796690061547
v 97.2763955789303338 -83.6810260022461705 78.2790589734264728
v 50.7798378402832284 -51.2186393413608059 31.4460861115637762
v 61.7776455513500480 -61.0474056974836472 31.2114247006414836
v 49.5995618785745123 -52.7140882005251612 47.0652569839815342
v 125.7612042237891643 -95.0319953024142592 392.0992024131636526
v 142.7848159719032992 -79.9675475177686650 350.1283986482637829
v 68.2335040086960731 -50.9260794450638912 -124.6862287358950425
v 80.0026269063826305 -60.0799450128944557 -109.2675169903239834
v 67.8625271323317634 -51.7068750293716377 -109.0999181296799776
v 44.1011852443483221 -77.3751524209620669 138.9802144738544030
v 59.3559455421371425 -83.4276146844707682 139.4213932637354389
v 93.0115107079951713 -66.6527267774187635 -109.3320872216954172
v 106.2910555499711194 -72.0471785061501038 -93.6669809946559440
v 92.6215778291758483 -67.4773584169613088 -93.7333533643138566
v 92.1768043485637776 -68.3350995545972069 -78.1409845059867365
v 156.0444989493599905 -67.5291698926980217 337.0666537212210869
v 146.8582811649500854 -72.4611335048947183 395.1461197918449102
v 134.2177764765335439 -86.4946048161941405 408.1023437707082167
v 80.9822328527217650 -47.8263920064509804 -406.9082929541181670
v 81.4254054977282919 -47.8153682882091218 -422.6507377540057178
v 207.9168256107789716 -13.9385954406048356 -199.5668766780381986
v 194.1274385930381641 -38.2190514099787393 -184.9636516787899154
v 201.8811385706817987 -26.8355381763922942 -184.3347821035388563
v 43.2431373597700386 -126.4559285332328784 312.3719911247513892
v 26.9488500176161416 -129.1150219183236914 311.8334201806640067
v 27.1150804993218699 -126.0876021421675972 297.4843350231793124
v -182.4106256348696888 -3.5216921481345764 330.8076357353858157
v -154.0963299466074830 -62.4436506783132472 369.8572883679811412
v 211.5641042707536599 -0.8370884411558345 -199.0633899154858000
v -204.8091915091899864 15.1841006603190039 -84.4493504061777003
v -205.9403400309078052 0.4865018488482294 -100.6886102226208379
v -70.8917825972211659 -114.5698296062372918 285.6735041271707018
v -38.4738790359021650 -121.1285201830959295 283.7463664616552705
v -67.8780274387640077 -52.4342870598629531 -389.3638632412070137
v -68.1131633488627983 -52.8409184753582011 -373.6635194591614209
v 28.6620053297547202 68.9322879222053757 -185.7118074712598172
v 25.3331395818145957 54.9739025108959254 -185.6764165427824764
v 24.9945077326481844 54.5402821573920278 -169.8739260289236483
v -31.2712235791825783 47.5283394227170390 -278.5741145493119575
v -29.5628731703211542 33.2641177240106956 -278.6060545746875050
v -31.6337193818821198 47.6170084607493607 -294.3754547621368829
v -29.2027498635040992 33.1145258674687071 -262.8733106468527581
v -30.8792872593958201 47.4046245465175602 -262.7970073449351958
v -132.8126358343748734 119.6422162171513435 214.7569852647990274
v -147.0193904105943261 108.6017898527773156 214.7595926138092750
v -132.7176401406559307 119.7332913015129776 230.0322161280708713
v -218.0302147860645903 24.3603371867990752 -433.1852329661302292
v -218.9204327562252104 14.4889102393104867 -433.0859619869017934
v -217.5076330263489126 11.6187953277749614 -417.1437865841557482
v 179.8161983395698087 51.6647260823199517 330.0889276493846296
v 173.1638157434973380 66.5948187062022043 330.6176826913157356
v 171.2661832995022735 64.5163493538309467 345.6252001606235922
v -14.8859270553304501 139.0916594723586002 347.5854664959163074
v 2.2497728039264699 139.7898155132202191 347.3606209871502415
v 1.9563030015382625 143.0182887384238484 332.7346967141656933
v -169.2581986429852634 87.5992676566056758 -36.7382377350106850
v 103.6112663321114837 -108.3381312699579695 345.6156910054097580
v 117.4835133676632779 -99.8143143359382492 347.1119259036139510
v 93.3382633025257320 -65.8527403375282461 -124.9424007761518851
v -202.6020130569635853 30.0903461058915340 -100.0314815853028136
v -197.5749866501543011 44.7707898549635388 -99.9780309305927375
v -203.2872665545612563 29.9763896167965918 -115.8860807359988172
v 110.2602842976596946 -86.8067677592776619 94.1637193244759203
v 38.3204408602779623 -10.4954400955620208 -374.0625972312005274
v 43.5555351559813175 -123.5651165906982811 298.0409273501315965
v 59.3754048012945006 -122.5513658753352360 313.1896250996708204
v 194.6629420677016640 -35.8495319314176015 -248.0609225762676999
v -79.7702613046072315 -60.7391825354413513 -358.1455750777297453
v -79.6776908289014898 -60.2103699784585373 -373.8337256688157026
v 144.4560212432106425 -73.9843621340285580 409.7021057619663793
v 130.5960153278282689 -90.3241678466793729 422.3765059875161114
v 171.0011922846519496 94.5791793004066079 -422.1895820695020234
v 183.2752877503930620 85.9540687745071637 -437.7243591893969210
v 171.6218947225621037 94.5203605742048438 -438.1223633471376502
v 182.4909933337737868 85.9419235127572279 -421.7735565288963357
v -208.9336917247755707 -14.5167367402594678 -306.7363979559399354
v -209.0916280567345495 -15.1637091780320574 -322.5754680426778123
v -203.0677124305512962 -27.5321173462532371 -322.9994114887337560
v 65.4393556963796073 110.2170617363096738 -328.6149894195547745
v 77.4577008989096782 115.5515923670150613 -328.7045211833625444
v -211.3713713325182084 36.9752404878291330 -401.7844303719356276
v -210.5909687677304021 37.0899997911873385 -385.9144171873849132
v -204.2156361756806575 50.1166557437741389 -386.2668694241818912
v -195.9025831486032700 62.1922140439794333 -386.7387229083011562
v -204.8423201789672419 50.0790217282806367 -402.1545205579195681
v -28.6884670464561502 18.1935062429915995 -231.5594324674556788
v -28.3979561238759288 32.6955574733845253 -231.3905682756743261
v -27.9559337799033472 32.4337705262058051 -215.6541433845310110
v 24.6378688793797522 41.5342836942062732 -217.1971571914484969
v 25.3050003427720114 26.6570785568195703 -201.4746892861835761
v -103.2439081110830870 -82.6834178447259944 -60.7537242576786483
v -102.7713932038693372 -83.4329156550688111 -45.1972447916102382
v -132.7989089087032823 -82.9722871918723683 -59.6066057232730486
v -118.2235020227922604 -83.4949648100075450 -75.8324453609869664
v -117.9199855091471250 -84.1851262586833258 -60.2306823775493996
v -144.0344359142742405 -81.9169243366068116 292.9324404584359627
v -145.7424987478771925 -81.6760417142593269 278.0373457435110822
v -153.6739106494215150 -71.9860016628287696 309.3144909765579769
v -131.0860052249158514 -90.7499134310218096 291.4237823090652455
v -132.6963116423184204 -90.3458222636431572 276.5707886119823797
v -66.8332473530106199 104.8858382210768525 -278.8668278190800720
v -78.5903112615248034 110.9568107453899160 -278.9908302705380265
v -78.0645470022818984 111.4706214597218548 -263.0430950794612386
v 43.9846022345592331 -120.6427480564661039 283.7271180910207704
v 28.2903191010861548 12.4261221261382726 -201.5593514422810415
v 28.1603566523961319 11.9358973759229290 -185.8728112726426218
v 24.4085515753442692 41.0800777451159504 -201.4432093812216067
v 25.1258289744345404 26.1774102150510473 -185.7517229171373003
v -142.1221563037804287 -84.5678409985147255 81.0357937446142671
v -155.0760317513661164 -78.0019514543520671 97.3712187274941954
v 192.5543635857672200 66.9012301441160560 -87.6505231535093259
v 184.2377254538007776 79.1922925501076946 -103.7489094366634959
v 174.8869283489609074 86.2873684990891974 147.6391438501514699
v 164.3170613800429294 98.9149898159256793 132.1487300067985871
v 163.8885550732190666 99.4511163703159156 147.6590057146707125
v -118.5188801566223020 -97.6344747049516712 275.1022376253281436
v 32.9952803900781575 -2.3827287687674605 -170.3988467340749935
v 152.5338568805326531 109.9374714841703593 116.6132243629155596
v 139.8120354948590034 119.0886721879389682 101.0359244481329455
v 139.0559042818871660 119.8119335488661790 116.6627639941102643
v 200.1535014478180869 24.7828116025762597 178.0029500622556498
v 33.9373385935013374 -47.7039808047566254 92.9496916132632265
v 46.2370546183128326 -56.2700617159314191 78.1788294100031322
v 217.2052188845279943 15.4160301062857066 -404.4349540143235799
v 216.6705589639560117 15.4128356244560560 -388.6080004318097849
v -184.2804207938435752 70.7317325871123330 -148.1693942834266977
v -192.3981527053591378 33.8820067173086841 181.8643572596969307
v -187.2270127506819790 50.3798589991008896 182.4489402451415856
v -187.5327244221335263 50.2447177992976819 167.0034648288476831
v -148.1475864929917350 -76.0757627871896176 -137.3191797808554213
v -148.2341370599532127 -75.4761971307779760 -153.0118548893414641
v 31.0940077226027896 70.2596394569443561 -296.3129451369576941
v 37.2094513641798059 82.5528203340068103 -312.2854501436318060
v 23.8959510735584466 40.1513055186346932 -169.9202831605911399
v 23.6160157311089449 39.6605559435726178 -154.1466268593161999
v 27.9924941810985111 11.4161194749774619 -170.1837020973617314
v 53.4806344307750621 114.2780653348221875 -42.5520892207139241
v 17.3070603016380993 30.7622129752068183 50.1770513409765897
v 19.3282039226912161 16.3831984226954432 34.3697679061430179
v 18.3531488548175759 15.0500055155185297 49.3673160998234763
v 169.4732665929628865 -31.8854316091719809 399.1740905789996532
v 161.0534943874623934 -47.0621703428738130 412.6365236995289933
v 163.5963402672323355 -46.0489660205018865 397.9379770879354510
v -57.9306171168329342 -45.5848291391519496 -295.0214638227935211
v 57.7522150123119076 -39.5718629409354250 -155.6254155251724285
v 68.7841291490348254 -49.4410599819405263 -155.8822394026818188
v 17.0999941332277530 13.5770702044026752 63.7501434209702467
v -160.8661582782444839 93.7444825268171655 -340.9231337959003554
v -172.9003776350428154 84.9543613176000463 -340.2691876581095016
v -172.1703390838573569 85.7003315381054875 -324.3703210892909965
v -202.2485063775521326 15.3499333295838305 -21.3241655369431520
v -201.6237011992876376 15.4216785636544156 -5.5670352271890549
v 120.8293364700119525 -58.7545106465453699 -407.4834818144523183
v -177.7571211454622642 75.7364910830730764 -4.8261646746007258
v -186.3892293359847940 61.5449013088176429 -4.8479437075098533
v -185.6861078289933573 62.0010915271914982 10.9673918345612442
v -151.5677957288680773 -72.3677578184652219 324.1524540734641278
v -161.4594260364953300 -60.7137129533816875 325.6524466217124996
v 6.5212494764343676 24.8513024433050127 105.1766247366131068
v -28.8143027901869395 32.9212633114655588 -247.1363489485602827
v 24.1601177060011167 40.6229001850213010 -185.6861557582031139
v 24.9186621546837266 25.6792220266362072 -170.0243470607942413
v 158.7049247664817813 -47.7139788379098917 427.5322319083385878
v 66.5364505145720528 108.4886769177739154 -423.5550660835158965
v 66.4509112539362263 108.6841705784908072 -439.4593198955099638
v -214.5488287068669422 34.5384499669273168 -433.4384525670666335
v -212.4631028721399559 36.5864650994252045 -417.6370740108739028
v -205.3056614354353826 50.5046379037567519 -418.0469262692641905
v 190.9282405291480984 -37.6702284079264658 160.5197547077175670
v -184.9723268657541553 -50.1155677507128772 -198.0537706980029782
v -194.5380385471004558 -38.6028876933182161 -213.0903524401015545
v -36.6269293347542728 60.7325395469703864 -373.6424689502404703
v 215.8769087655940666 28.4606091868574715 -388.5548948674098710
v 216.2432221298499542 15.3179921059780515 -372.7960391061048995
v 36.3204771570121352 139.2775960486518727 209.1214304393553789
v 53.3961975419634243 139.3879099178060414 193.7603871189521385
v 1.9412260448289880 -83.4495470908510981 166.0678099678467277
v -19.9804797275223329 -40.3290054602329278 92.7116559859747298
v -23.4100687097461986 -55.0783019155672804 107.9743869113445101
v -27.9244251174155380 -53.0378308406836041 93.6148723578187827
v 10.5956504873014694 8.3822022953250244 98.3854774924805469
v 9.6898099912237630 25.9859521937948799 98.9215177742932497
v -31.1972208793328996 107.3898806126354515 121.2408087356916724
v -24.9062365070567644 107.9655583509090775 135.3934224765806960
v -21.6973974826260658 95.7907338643963442 118.9384428729073448
v -16.4594957334617682 109.5185414334539757 147.9201240493734701
v -38.5957342587634500 118.3796937315164257 137.3322932126422415
v 7.2156020349449896 6.3629920187700852 104.8280835233314718
v -50.5541008482158674 127.9793776367315559 152.8469400644433165
v 91.1779883749579625 137.4370568793076757 148.2162882222433495
v 76.3641624280804621 136.0393452646598007 133.1377588357740365
v 74.6457037488833635 137.0959638652207389 148.4510263199012456
v -31.4546965940948624 137.1683273860970758 211.6538565089262534
v -15.2403132357407642 139.4194473378196903 226.2797807819108300
v -14.6081676990034719 135.3374986746476623 210.4781721655113245
v -216.3476311203632747 24.0947686249712980 -417.3283715567341687
v -74.0983905169381245 -95.8662798847998943 153.4478573245698101
v 88.0112383860667649 141.5232424846213632 209.2240372915821638
v 70.7119761668545408 141.2045132398024805 193.7968133183600230
v 1.5062282882152835 142.6931561511827340 241.3878345615844410
v -111.8048318392890934 108.0712422584016537 -437.8428018525241896
v -110.7307861780640650 108.3211835013913600 -421.9141233152429322
v -91.1113859450932466 -99.1492582073280460 168.8404188933027967
v -91.4692158392239065 -97.5882038458617131 154.0603542817712253
v 37.0454567801087791 -88.1488239755670833 168.2602837385226735
v 19.9157860784358043 -84.9948231564686409 167.2491691296957299
v 23.1317869250329764 -77.2845278711720596 152.3550713423336447
v -105.7715508455212188 129.1142550509677278 106.5506209782780616
v -76.4990352243090967 128.8365627955344053 90.8913429431438544
v -123.7123455371997238 -94.3405781084430970 170.7690136067945730
v -182.6245432838133809 -54.2538044778120323 -40.6794374808390984
v -182.2109717187467481 -54.6619983855450400 -24.9831197524122501
v -107.6104508358920668 -98.8705402668061168 184.5918743846228267
v -123.0014882557550919 -95.5087375659277171 200.6311351946328614
v -123.3869637180679319 -94.9722755070692557 185.7031418701375287
v 91.8284069229113697 116.9825668532274818 -423.7506939460200783
v -121.6094131161734992 123.8985025878578483 106.4970169500967927
v -180.7230956747224297 -55.8107177555561975 21.9647681827403396
v -188.6053226212241611 -43.8095216242736853 38.5218945182269081
v 105.1004843940087028 138.3176794216768997 224.8427480435863686
v 134.9472878064117936 122.6377055537738414 270.9488073387391296
v 120.8474728829802984 131.9061986196358021 255.7243430944315037
v -13.3508611096192986 22.9756119915322117 65.5692294760315946
v 195.0208198910420663 41.2651420097918376 224.1005738164928971
v -108.6309979131972625 -95.7165586193915772 139.9522188475276323
v -109.2374174466027341 -94.5692483681469866 124.9875692634176403
v -146.1381064451305747 -80.7767459517725968 -11.9999020426193397
v -158.9458073888292517 -74.7879145071242846 4.4720253296206094
v -159.4552373733903039 -74.2571847817515760 -11.1488709943480444
v -138.9416027024820437 -87.9988343065841860 156.9408614442101850
v -169.2044220696488992 -67.3560687587750380 52.1089435840989523
v -168.5743638499960753 -67.7769926646168983 67.5988973070382571
v -156.4411898467536730 -76.9129902230537112 66.5982887809879003
v 196.3678990885129849 41.2031503699048116 193.6531790625896008
v -172.2174055678291040 -64.6687929983528846 -41.5820787021661786
v -18.8312163609805410 54.5813814547502503 53.6086293854049671
v 183.3283933147929758 72.8177651687816905 193.9489598017815126
v 174.2645771462354389 87.0743277797704280 178.5832385905069657
v 173.9811237997905096 87.3588068113039640 194.0019503360780391
v -152.1444991522302814 -80.5370615596687998 173.2105658946847484
v -138.5321051202439264 -88.5219241159231842 171.9374893970635014
v -138.1318291179611606 -88.9467878028062700 186.9206204844520300
v -109.0555069239282204 127.4842689000429772 74.8040762366510279
v -124.3731455519843792 122.2311987542239393 74.7756254577450932
v -101.2587185867218409 132.5816266292353021 168.6101286263094607
v -100.8434886709979423 133.4273662927505200 183.8540713014583332
v 165.3729035274059811 97.7676891505230401 100.9997283089318643
v 153.8692605225091370 108.6094105971271233 85.3416772615671846
v 153.1755523123120497 109.2780710023103126 101.0020289109997265
v -95.3915123047280105 128.8847316513303269 58.7891251218247959
v -110.7001114838258644 126.7148325384453074 58.7716405461090190
v 18.2812083092172699 31.9085454705725660 35.1295033956878484
v -186.2080760948242926 -44.6814498079947597 100.5508808454912781
v -186.8186750553197157 -44.4863012375880587 85.1065557302313067
v -144.3596356024090142 -82.5941161411249993 34.7065760488785457
v -54.4743123930959783 116.4073396495254826 58.5521631088346339
v -41.7804672871517937 107.0068878833875203 74.3280049820740345
v 165.9752778355087912 97.1812848551079895 85.3671372577848899
v 154.6001330419442183 107.9408460503634188 69.6402215218554375
v -92.7998073885417796 -94.5202743016272962 124.3470049609882579
v -93.6641244137550046 -93.0836249969808023 109.3151777964965987
v 53.5680141730651869 146.8271175927724528 255.8083917566441983
v 53.6568413774896698 147.4572333274769562 271.3119190317839298
v -109.9784126151364063 -93.4302011126628145 109.9092699371551021
v 192.7159041942991848 56.0736621931503194 116.4883016706304488
v 185.0869735354694683 71.1854304865793353 116.5543289499781991
v 192.3138356395718631 56.3511195954558843 132.0106171959910739
v -209.3204037606998895 1.1626691665080813 -195.6359146114118062
v -209.2283796779852594 15.2502345821584342 -195.3819664864872152
v 70.6470464664100035 145.6826351649029334 286.4804019591067572
v -157.1105500183991808 94.5327167244776803 275.0398146225533651
v 70.6247833484824241 145.2075991812564837 240.1627639604460001
v 87.9749080450783794 143.3278730900229618 255.7132235177701602
v -13.4832367940200939 130.2644602264810487 194.6557814437654486
v -30.5000785412574302 133.2293898989687193 196.2664329514781798
v -82.4271211885238131 127.3065090469325611 42.5963374671525443
v -80.5199220742631923 127.7623733466801355 58.7289260343823116
v -68.6452494708713488 123.1878370232522144 42.4613688125044249
v -165.9798790396445156 -69.4832629457752944 129.0275031813253008
v -174.7787425367195056 -58.8240655157305028 175.8396172511060058
v -175.3314238401564467 -58.5790130521350179 160.6663797461762044
v -84.7354111016328915 139.0214815234467380 290.0291573355250989
v -84.3369180659527160 137.4642519129182290 304.9776260184244734
v -32.8510422262649300 143.0539576563177206 242.6283958833131749
v -50.6417250294756940 144.5458789256446721 258.7072270488905019
v -117.9352749270564829 126.9166336831649318 168.7325973430554882
v -117.4759022091554215 127.5758424481859805 184.0348986239925466
v -201.4849173795436457 -26.3325546705422475 -180.8410111165424894
v -159.1894411478162112 95.8957563487944213 229.8412661564380244
v -129.2697949224393312 119.2999824878724269 10.7195403051165208
v -173.0804572619049964 -63.2150233799847001 -88.7095669720834792
v -146.5976612940287112 -80.1888750225392783 -27.6173858068539957
v -84.1477894042902648 139.4248537526791836 229.1997816131814716
v 167.9749228095298008 95.4372463566687941 38.2677546764633547
v 156.1297937710261294 106.6250933843832627 38.1308688534253477
v -194.3507311954084003 -30.2928925498227173 55.0291744755763972
v -198.3711866824747858 -15.5315730522232833 55.8673604956354453
v -194.9339913346640571 -30.1440292172688871 39.4432089596715016
v -68.0583419187539533 143.2565544259191483 274.5050013285102182
v -67.8360893802352081 143.1551170464101688 259.2656598574970985
v 32.9243978817830225 91.8507323488116185 5.5449494473375447
v 27.7870671916615208 78.8649648050601542 -10.6368720041445481
v 27.0265911958261000 78.4155709486284564 5.3502418256605164
v -172.7446268750483114 -59.3895630898538229 221.0348681875907459
v -180.2105982207375803 -46.2762559189650631 237.3912286492882515
v -181.2422265313363141 -46.0800145625761246 222.3909197331263670
v -116.6322426733432422 -86.3071249193469896 -13.4829084789333251
v -131.7545505999956674 -84.8683092144199236 -12.7802279206715657
v 194.6944794877153413 54.9064565269396638 54.1748075543066960
v -116.9325000007255539 127.5781334644118914 275.4913461217398094
v -170.3484731346306660 81.7194847499741854 214.1202552991494201
v -159.5388834302410999 95.8656184617053810 214.4946399423267565
v -17.3613772768143555 8.9287911970879534 34.8578789782085110
v -18.0016216517686836 -7.3636832227072579 49.2384056972874120
v -19.5991357630897021 -6.3297734817245441 34.0322695827871300
v -33.3725407858403216 144.9247209853285199 258.1104508724861262
v -200.1129149930041535 -15.3314686015287212 8.9563205369365022
v -201.7657442052944248 -0.1249178993641291 9.6231117029395588
v -200.6793999088482678 -15.2259596356517211 -6.7319834276206159
v -188.1575871154497293 15.0244041281320619 287.0400617554828955
v -16.2494939009544090 146.3723748365329698 273.0563888931108067
v -147.4620837635033581 -78.4653981550816439 -74.5770451559205014
v -184.7750310667507847 -50.7757350999288732 -166.5536971245799691
v -193.9927575136485132 -39.2499655753522489 -165.7837239558331248
v -83.1222672750133000 -84.7991952939644591 47.5756838961053177
v -70.4380415614653828 -77.6677985898365222 31.8746882768071451
v -69.1441398222089845 -78.7214072360253425 47.4317428933925314
v -199.0984453394949298 -28.0804083340773154 -86.1994183992030827
v -67.3816965072268630 142.4813953166776628 243.9306133404607237
v 118.7724736053947368 128.9032898413444457 301.3452821002069868
v 104.0212048630792907 137.4061233673368463 286.2261087438720324
v 103.3598105260937672 135.9351567485113605 301.2965860231038278
v 73.7764883584339799 128.1297315677085180 5.7453318874486410
v 62.3716322477471081 122.2938518172054785 -10.3955005038576456
v 61.0660693317592091 122.4526125315721004 5.7084072242593979
v 200.8909019256207387 -7.6026894164931367 146.2980462180570100
v -117.3165567584298685 128.0903625148221749 199.3296079181056655
v -134.4181589166446429 115.5965691374418327 -69.6110805623291355
v -119.7059908236409740 121.8912943845387389 -53.7669874944097117
v 2.9486559084331416 59.2807350262018318 115.8539489937843001
v -159.6556006418175002 97.7735269282702433 -68.9763061084372140
v -191.4426934948906478 33.7717072269174494 212.4293127792681730
v -186.4000421657037805 14.1901207439766814 302.0165210968746123
v 18.8431327607539387 143.5247662836644622 240.8890640332711541
v 2.0017411654982427 139.2226020733879466 225.2784820752401060
v 53.6657034883719319 147.3310740615803525 286.6830850012857468
v 53.5720498125258970 146.3732183906245155 301.9226565325056981
v -166.8893645521235101 89.5163306022322587 11.0366783001717987
v -154.5521942463550715 102.0459175134518119 26.9319214207334277
v -204.1466756286963857 -0.0024755436834429 -53.3241215963455844
v -204.7445637627668589 0.1124287455342523 -69.0965125664831845
v 48.3991412700090535 -73.3569783642796551 124.1882634183055245
v 35.3170048606793827 -64.9353081620731700 123.3620405289993869
v -195.3148176636314020 17.2013080950216306 181.1861397700901364
v -177.1665757663250531 65.7172061182051124 259.1385132498796793
v -167.4850862859134111 80.2888936974397467 274.7125923217672607
v -168.4909286816681515 81.0550708727745928 259.6533879926680015
v -144.1902250176365499 106.0770132850820744 290.4161186033401236
v -145.0361372263068631 107.3723385218679738 275.3813773428958029
v -136.1208345070720043 114.0515039603471763 -101.8159052358749932
v -206.5316714490848824 0.6715936728197253 -116.5020669396698452
v -204.9975724751803625 -13.3587167070968658 -132.8449305359025345
v -204.4945074896737651 -13.6124587364195211 -117.0521792374643155
v 87.0245101591591919 141.1064021474499555 301.5282566513379265
v 70.3929833113820393 144.4881433995832083 301.6964306624988694
v 70.0188766576212345 142.5098556814255346 316.7938249859247435
v -143.3023268212277230 104.1913535576818646 305.3471793972592536
v -129.1914690078704666 112.8326833281597601 320.3556937941298770
v -130.0945320062433268 115.2757405932360228 305.5137429869727157
v -191.9831624356839939 33.8683397031492675 197.1892811276346720
v -186.4464759841068542 50.3532391160072947 213.1091406903224765
v -186.8959369414322111 50.3992319856807072 197.8275448279962063
v -201.8197891822053691 43.0718287782915965 -195.4085384403710748
v -207.3250724155561500 29.0516722014599509 -211.2004845280855534
v -206.6572459786225409 29.3013737984009168 -195.3079254432697667
v 188.8571235175520542 -38.3910310003936388 206.1076417304514052
v 180.7004347443539700 -52.0016588410008183 205.2699158308059282
v 189.6299916105676289 -38.1475506148778649 191.0242810796395361
v 196.3294982056635263 54.3366213593342238 7.1179861112406710
v 201.9151874812862104 39.3900003474706466 7.0922193680805758
v 202.4854683905423087 39.3061242304130474 -8.6050186011734198
v -152.1113992399788799 102.8803362976247229 -165.5162022787081639
v -151.3158893882787197 103.7134418214505729 -149.5142112221975594
v -178.5006373904286363 75.1831195990157966 -20.7046134000669362
v 28.7247854051420894 -32.8096745253321274 77.6472369588549753
v 36.6463814045301746 -45.2634062727452715 78.0137228682659725
v 26.0344421752961210 -35.3568532056632066 91.8167984683105942
v -197.7855492544156846 0.3913000595273647 118.7474929012744980
v 187.9293290469496469 -38.6501986162596793 221.0916163719314511
v 179.7393390588191835 -52.2712989891966231 220.2386298119024559
v -174.1112611900961156 78.4864678356865113 74.1930363274259292
v 181.5240502846498600 -51.7104122050509787 190.2094078272015452
v 190.3082474435422000 -37.8998860093511496 175.8233596631597493
v -181.3492620425437565 65.1496955172724057 120.8617462016430153
v -172.2533524751395078 80.0497652841690126 121.1919592851173348
v -172.8127055245732606 79.5525189047257015 105.5645062452552594
v -171.0571736016366913 81.2841341519984155 167.8260834415808347
v -93.4887610211319497 129.5456275245344671 74.8208706317464589
v -172.2401048415653975 84.9503736073490785 -100.6378052602888005
v -171.5232755805862439 85.6142123340317198 -84.6591269713992460
v 102.9422704224600551 -94.7748838496463861 170.4237699231435101
v -140.1989967626740281 109.9357076892516574 -182.0138963941082011
v -152.9420507882656466 102.0331779295010080 -181.5049648733285323
v -184.9923037603767852 62.4615186877070059 26.7581492778739793
v -192.0781773010868392 47.2787528558794605 26.5756348471566390
v -191.4363476675201241 47.6410593382005061 42.3017070289945494
v -197.2924535445364995 31.5857374500041956 26.2885197090870086
v -200.3919396804684823 15.6683282681647285 25.8721107348033286
v -199.7880891527054246 15.8290397013680675 41.5520941885483310
v -189.6532276914530826 48.7358775189299607 89.2939582406891503
v -182.4134247007189060 64.2868547117193998 89.6284657813568089
v -195.4669641470529200 45.6269876720455869 -52.4144635387115088
v -194.7734093103270254 45.9296606315991554 -36.5819885112348118
v -188.2275445899967394 49.7450078584733717 136.0094470236195150
v -180.9091760386449721 65.5438365807075343 136.4255492509608132
v -190.8106605917962781 -16.3040936584681759 239.8850812908546004
v -189.5248349243822759 -16.6289458598322675 254.9304053208110759
v -189.2352849824574719 59.8004026899648835 -68.2919920233505735
v -196.1646600675009608 45.3379361939021663 -68.2631961541344623
v -181.4254886577257082 72.9726052737910038 -84.3766513808331382
v -189.9488550571738017 59.3758361641822248 -84.1847428250053582
v -164.8945316707611255 92.4543815738937127 -181.0007495867879754
v -164.1037955683517851 93.2347362094717766 -165.0167032264067188
v -196.8677815744923976 45.0532271021618484 -84.1166450037965348
v -166.2944096856895442 79.1745299849753792 289.7846800224465937
v -154.9570810386155131 91.5665408925365654 305.1849102647391305
v -156.0958886480509591 93.2920403726455305 290.0931140730118045
v 133.0555794127414799 120.1108392725336245 301.3174448151858087
v 136.2130119632578271 123.5225458666008080 224.9218887547209249
v 121.2137191463425552 131.9804697230600823 224.9141433944257926
v 36.5284348087237802 147.8525151061040503 287.0247244083637952
v 36.5245525427342557 147.1396352120081019 302.2572407599089388
v -181.2569887279384488 -55.4409439023565440 6.3437951720360877
v -181.2350563215581474 48.0423322680460174 288.6601457316738788
v -187.3184808545635178 32.2324151231368390 272.8873713278583182
v -185.7646925612948792 31.5656934544879171 287.9176647576380219
v 175.3692112291211345 -61.3874921981658872 112.8709116658541234
v 172.2876506176346254 -63.3971352053401631 174.2376313445155631
v 171.4828616709274058 -63.7957720286495800 189.3660071091219947
v -133.8798659619738487 -79.7756006185730655 -137.8905343044098402
v 152.4967884297141438 -77.8673470616980268 95.9011340061280464
v -52.6960045096875405 -72.9525325207488748 78.5450852592073403
v -63.9936717356957701 -82.5400615783721179 93.7595802278875254
v 100.3605827111109932 127.7550785209566016 346.0485109411108624
v 195.9424410794290452 -34.9963872049964593 36.3495893590125831
v 201.9480477474888858 -21.0189259682076184 21.2878543676386727
v 201.3793772596802967 -21.3600213787550324 36.9639267978683037
v -189.7718045563676412 15.5751670649488503 272.0677434978133533
v -190.0207105284268039 -0.9051203597012548 271.0646809962239558
v -182.6908773101035024 48.8673233766616590 273.6082266424562022
v -188.6340801470724955 32.9245248941888562 257.8763262687130009
v 140.0679678890671198 -82.1616892249438138 79.6548956967457258
v 154.4029522730442352 -76.1408889973941143 64.7531292358240620
v 153.4652556277080464 -77.0000584254804750 80.3492940875631660
v 167.5341849683784403 -68.1401618727133922 49.8605651831738683
v 179.2028386565929168 -58.2833473430464863 34.9427711945127513
v 178.4664542780369345 -58.9489211071219614 50.6026627235317292
v -153.6167598597189397 89.4680179588070814 320.2083018883153045
v -97.4416938375064774 121.2488129137194619 -150.9851778410230452
v -88.8038053842884239 125.5337705376967392 -22.0311788957660575
v 191.5969680352249327 -24.3125925045094000 251.8661567398852412
v 184.0477148946789612 -39.3096805777762910 265.8576516492880728
v -134.0083737591480428 -79.1351801037729246 -153.5647279096173747
v 197.1405371213217563 -34.0092228222801864 4.9520076077129760
v 203.0712783637564769 -20.1843322424191243 -10.1363376809125825
v 202.5116377390642697 -20.6311499038269162 5.5842513993302489
v -133.4429720434442004 118.5065144205075285 168.6314475388049914
v 190.7646677221228515 67.6881319097455929 -40.2427448649904065
v 197.5173757400381476 53.9415073329412209 -24.3510676776339636
v 198.1167976088205478 53.7734100085158389 -40.1153298537984497
v 146.7355248729455468 113.4162406285158227 -25.4522892007856463
v 159.2736815268679038 104.0794292670802008 -25.1724209592297932
v 147.5694643650209912 112.7281976509108574 -41.3386750033859940
v -190.3701336391677899 -30.9140023860157171 163.0274876484266997
v 86.4257880568391101 139.0284120871761786 316.5781051986945158
v 69.5228812305523292 139.7573961957472193 331.7633058343772063
v 154.7807015467458029 93.6049414255591614 331.2514985610126814
v 156.3381708033230382 95.8388452051405864 316.1629232121803739
v 143.3250069232800854 105.2884435829533345 331.3728169767248346
v 74.9897875456585155 -67.9788225668623625 15.4499999336940359
v 88.1049975061742430 -74.3683709625231302 15.4863494463663134
v 73.9745030955835574 -69.2257488876455369 31.1028362830382257
v -215.2973295896470063 23.8305804243842410 -401.4948996016947262
v -206.9082608359105677 39.7744549176158699 -306.5809539428877883
v -56.4083374860520976 -70.5046152338042447 47.4758377663599518
v -134.0605878402466260 -78.5042687441866178 -169.2463601281776846
v -177.8988574045266944 45.5013172840884224 318.7816218592961945
v 191.3804046939031878 67.4074009424142844 -56.0348443261760565
v -90.1512680154373243 125.0691160208815376 -38.1754621901741444
v -76.5326623578677214 121.7927327576145871 -38.5333591851984423
v -175.9658532037381917 -33.8980845707183818 328.3953010937575527
v -180.2550573556990798 -19.0245100709700274 329.6400801859440435
v 135.1938452471933374 119.5734665586899581 -57.5395147652957775
v 181.8238762491444334 80.7282703490342755 -40.4536717312458833
v 172.1886096986129928 92.1899944670862084 -56.5575027726273305
v -181.7556442261483198 -55.0562736507674657 -9.3058203344130899
v -38.7594987826276807 96.2273210359836071 25.0294001973441453
v -40.2763001047344176 96.4928584438250425 8.8408686564974452
v -185.0140827932859224 -49.8506725942820523 -213.8130098929859457
v -173.8437970280228342 -59.5663068437176051 -214.5461350852791327
v -33.0426008988615720 95.6116511650969159 73.4208775867146244
v -133.2829459979402600 -81.7033805354991216 -90.8861665884911503
v -118.5167041704997786 -82.8125487216268965 -91.4469383425334001
v -133.0573911368699100 -82.3391135735859905 -75.2374713228691263
v 132.4895737889948464 -89.1214801864928745 186.8197007404083081
v 106.2985804359014281 128.9868687973016108 -42.0782418814692036
v 120.4717270502461446 125.8053757834921811 -41.8763257066461918
v 107.4320487313710402 128.3675179631063372 -58.0340675231512932
v -43.3389670217385898 -61.6485626036588883 63.2312809679309495
v -54.7215216711300911 -71.6651443610971199 63.0452389473762125
v -149.2354549383078393 106.1335505808998789 121.7431835405779310
v -202.5040649239242043 -26.1651091833694274 -244.0382815172368396
v -207.9247243445453250 -12.9952359591370197 -243.5321107189386112
v -64.2437280087888638 115.7964147704037572 -38.8742700682883324
v 75.8780883474292267 -66.8009526514829588 -0.1806356056952499
v 88.9895406579007755 -73.2428685017135166 -0.1472385323434005
v 121.8513501811354161 130.5700472819872573 178.6648332771806054
v 106.5258319909968066 135.5289471100618641 163.3653694054605694
v 105.8919394345642360 136.3434081712960619 178.6846184549642373
v 191.9796731892143953 67.1436560870173906 -71.8368363762535438
v 198.7102187405425866 53.6285487649759034 -55.8922836847039832
v 199.2931721328558297 53.5007599059479162 -71.6812006463624272
v -174.7048165236054444 64.0052130894029006 289.2942683483132669
v -107.8711378077070862 -97.8923626109174592 169.7200924373190105
v -183.1768794969401313 75.5258038628663257 -323.7511907294605749
v -192.9605348808489111 64.2462586710635151 -323.2086704184900441
v -192.4207561206759181 -41.1226484692134164 -87.0054343336798155
v -117.2162696799548343 -85.5844482947786958 -29.0537667079259023
v -102.2125098606911280 -84.2001185154922496 -29.6463634572402910
v -176.0324748052867960 64.9977311648479343 274.2132849863048705
v -30.2994828161629570 95.5257716070718743 89.2638970403357064
v 186.4583624281241612 56.3300738794558953 269.8894567732226051
v 179.4133245741187466 71.9071293552687791 270.2354673242296030
v 178.0727637491734185 71.0007304838975273 285.3896098319960970
v -133.5087500909012590 -81.0624519710756601 -106.5590565191935752
v -79.3190748957309779 121.1630196282719680 -70.7215811804878740
v -92.8442761093452447 124.0958079727031844 -70.4961605212048426
v -91.6070027314051458 124.6054488457871088 -54.3245384055569502
v 189.8972448841180096 5.0003561980454645 313.1598706462597761
v 100.2719999456562192 -98.1474610368759528 200.0963985873252682
v 117.4020720544608309 -93.7112484127784597 186.0378027842763800
v 53.3766759748333897 144.5559919889013543 317.0193606753111339
v -88.5022060390331831 -79.4323220325216681 -45.6072504234716902
v -140.7971916436868867 99.1668482273052661 335.2281659220540746
v -142.1753193832320505 101.8757784046912036 320.3084547650030345
v 80.7474995479848587 126.5303242526024832 -74.3825675944502507
v 93.3409760957974299 129.0359195505569119 -58.2260527657146838
v 94.4764190747086161 128.5160218265870640 -74.1963722004243209
v -152.0630099098181063 87.0128921187164792 335.1747919540795806
v -23.3609077193084964 -38.6413940204291180 78.4602697296386964
v -31.2053760343713869 -51.4422195189895461 78.7029065610629175
v 199.8561486305464712 53.3964323950911819 -87.4786681790397722
v 104.2094324555985025 -75.6366449533277034 -31.2121915679974364
v 89.7714290281907665 -72.1673562066702345 -15.7653741338306155
v 183.4348153321156474 54.4269918843125637 300.0495830155850854
v 176.5781776157845115 69.8147701179127864 300.4903783717881538
v 174.9321735229622448 68.3649882097955555 315.5601654703995678
v -23.1386935241575493 43.1322052038101447 -41.9576903331130424
v -22.3195258145261946 42.5353810981960549 -26.1187352764785246
v -21.9046074386656500 28.0883190501460902 -42.6295428236654033
v 181.6778647045705668 53.2237626240559152 315.0394625357059795
v 38.5794095699235555 -43.2336138257932703 62.7631851338558917
v 48.1372896183971690 -54.3787750993068855 62.6596580408019364
v 123.2307815951857037 123.7651443546572381 -89.6684195706020830
v -158.9924329240713234 -71.4431746049158818 264.5590384687135384
v -169.1500703457955694 -59.7936734289163709 265.9768228364035281
v 14.0740314050479878 76.2163199876942485 109.8470003078515305
v 14.5752259531442210 60.1502092343838513 94.0266801279667277
v 46.2435873696013715 104.5362329793388199 -90.5149644448410271
v 37.6573498292673960 93.2269429199668878 -90.4738603545618361
v -8.5750796203048303 5.1417018340504468 90.0597519823460146
v -138.4715225991234604 111.6578233671524742 -149.9838407909845159
v -85.8211419041942776 126.4324144629309075 10.2982617231225255
v -84.0498029278830785 126.8464653200950210 26.4176601718298656
v -146.7300513571924228 102.8662067665912474 -309.7215825124667958
v -146.0300356629925886 103.7542295789454414 -293.8069759911672918
v 193.0995487607996779 66.6832960273955280 -103.4767482120349911
v -186.0212672069135920 73.1327080060305548 -387.3174777018405734
v 174.0282094554461594 90.7024059983203870 -104.0907022172127370
v 52.6345976061594314 -48.5803951625100439 0.2221614730202246
v 200.5373952462092859 -29.7900240740760616 -105.4121297016269523
v 200.8859939745426004 -29.1676872501135342 -121.1630100424300167
v -200.5794195773156332 -0.0851977650163802 40.9762534909615610
v -199.9938013209404346 -0.0085493727886569 56.6037832175592328
v 62.4672701928766685 -80.2452493590439389 124.4165598301733979
v 77.1536523710363582 -85.4045603847555128 124.5299028253835729
v 74.8030745161673138 -87.9407153468447262 139.6477725072134035
v -46.7053805125946795 -59.3760182951792643 32.0706995729892981
v -57.8359569275822167 -69.4293617564935914 31.8834305646650336
v -59.0605530295441667 -68.4099074651706331 16.2943208926007230
v 210.9308443798897486 11.0037365543125460 -119.4591458076009332
v 209.3757715837998603 -3.4352542148159873 -104.1826112698239655
v 149.7862861742485165 110.7167333337661859 -88.9856392202273554
v 162.0851131122192044 101.6301507905787389 -88.6080720775228059
v 150.4280582927635237 110.0821505967132481 -104.8584131272594959
v -209.1787633600549725 37.7293994138198698 -354.1554491945913696
v -188.0323385045383304 -16.9855799201797240 269.9499626076074605
v 67.5379601097656632 121.6587035154775123 -74.5148522133525262
v 63.6777799000939240 -58.5132925197296530 -0.0574000215932475
v -104.0507292562835744 -81.2281815925395279 -91.8868901446449087
v -162.1650973774453348 92.0754244841064917 -372.6996438794612914
v -174.2667435465160111 83.5085671197337973 -372.0629139138117125
v 81.7661534215050381 126.1084896917754321 -90.3723271166333575
v -43.7847038794665835 -41.4534175315207918 -76.6459382521842656
v 14.9529141171033810 44.5763746014659716 79.2943913527111732
v 12.7643202159564684 43.8636768383670486 91.3641933548258294
v 85.6759068128183117 136.2420187209968105 331.5435216501604714
v 19.3008351456953200 139.9968025984344706 347.1632293297273577
v 19.2537087502113842 143.2623442744566091 332.4830875346767698
v -162.7701173779261978 91.2628422478943975 -388.5655543236576364
v -174.8980479256222509 82.8355834998314009 -387.9432414643000016
v -163.3419128502102922 90.5015730236376612 -404.4202685044570558
v -175.5065955159405178 82.2265182740478764 -403.8134080223218803
v -148.2604118527366381 -74.8886233626450917 -168.7115851775023145
v -161.5573166544830315 -69.4203606509030777 -152.3473259820384840
v 167.2296235979608241 -64.7411756909131100 249.0338855341358624
v -35.4445325055142462 84.8636888386002965 -24.0455477230214107
v -42.9696245314266676 96.9301645535584981 -23.4990780451677246
v -164.4838550299631947 89.3187088846026001 -436.1546967418599934
v -176.8612858719192786 81.3361852737838689 -435.5995614628840258
v -176.1318608146185909 81.7166377549151974 -419.6824242793098847
v -150.9332896785507216 96.7245961729527579 -420.8155091411014723
v -163.9000389118745034 89.8350502612091901 -420.2755194924056354
v -78.0150073710871936 121.5149254720778629 -54.6136090553842664
v -208.7486466317836005 -13.9631495747583259 -290.9556864749902161
v -202.9248642138207401 -26.7919944893369646 -291.3786521651672956
v -209.8858917489812654 37.3176156082767960 -370.0413365334103446
v 188.3820108471700223 38.3813636787876291 299.4992023142160065
v -135.3078113221302488 -89.8955465097521085 246.7648784013355794
v -121.8366359137430237 -96.3433097235718208 230.4707875689416596
v -120.9279651978297494 -96.7229953373472000 245.3721705961853274
v -161.0476757813990787 -66.6157733567036701 -246.7413355735077687
v 111.0251673843313824 125.9085002711842520 -121.8173012705310043
v 58.3745422504324836 113.7892161529265849 -122.4520757244229259
v 69.4904091909486112 121.0835913418789147 -106.4841335785167473
v 70.4273916910595545 120.8040106755815373 -122.4421831355311099
v -149.2989803129067639 99.2307091063724300 -373.2866041537094475
v -161.5305338120762997 92.9071975759013640 -356.8190479253984222
v -30.1152908631044660 129.2533456176541051 376.5827917664439042
v -45.1798177309461551 122.2430468548734410 391.1263544853989060
v 1.4603398143518505 75.2499712607711899 122.9926405236357567
v -2.2586586173007350 57.3369994753509289 114.1002767241859175
v -4.9594420272598887 73.7571201647751309 120.3691106121773942
v -124.5069543197566162 105.8335520712501960 -437.5456790954593771
v -124.0323305273139880 106.2280094674696613 -421.6443777227856913
v 174.5746216182481305 90.2533572321988657 -119.9382078448661559
v 184.7668831010937538 78.8602965000307847 -119.5919672336523831
v -20.0378174411429057 -23.3262477112798088 63.6969995132025488
v -22.0283295042465888 -22.1317607388810487 48.6999114399356614
v 36.7471190175768427 -21.3680423320062260 -45.6014605749342294
v 175.6852947815619643 47.7849859621503725 359.9157733388489646
v 180.2426916195842921 32.7666364914396269 359.2340282594047949
v 182.4904756983085008 34.5145979956966187 344.4002062462207618
v 148.4833689506386634 -70.7209964441289571 -124.1800579375968141
v 21.5038868929624734 50.3740883222473315 -27.1207625071373997
v 82.7104115756556126 125.6757847861777009 -106.3534593810619810
v 163.7872902388651823 100.0271583705836207 -136.1789247092856101
v -20.7427938085515571 -103.9155113697447632 210.4033259115701071
v -3.1527342897308692 -103.6403785341119317 210.8052410928262361
v -4.0273770640690012 -108.7310932748333130 225.4103832604644140
v 184.5779844996380916 -48.9286200430073492 -169.8045245332097011
v 138.7303499176002788 116.2963643572768149 -136.9976322985033903
v 185.7126222678255090 78.3166642313941281 -151.3077989376733967
v 194.0965146669092576 66.3223123912635089 -135.1614451014042402
v 194.5442118293159126 66.1879284729743205 -151.0247481965903376
v 151.9617067320964168 110.5755338818509301 132.1719660876840408
v 151.4667130255112113 111.1839472703819069 147.6795577598103080
v -46.8728499643723708 117.0821445793982605 106.7809879320070081
v -35.7656270568341554 107.1674603218825865 106.0405008130966564
v -49.9442927196812576 116.8323758815636495 90.8213279535451363
v -148.2252989136758288 -74.3171250514614314 -184.4214764581295753
v -134.0400645526328844 -77.8846207488909101 -184.9538357766336958
v -161.5839269517346679 -68.3818976349943739 -183.7791483607815053
v 184.3006660920407853 71.9419547190710915 147.6007237956181086
v -118.8182172431774717 -82.1357211791027737 -107.0658024680087692
v -70.0861357176594879 114.6081729740350568 -119.2838782733973773
v -83.3590950862161719 119.3912109457052537 -135.2605243637936496
v -82.4549393018610886 119.8491074439461102 -119.1578436234461265
v 208.0567597315568946 39.9885618869380721 -182.5007037916685704
v 211.0453951911855484 26.0431940489959608 -166.6999387293606105
v 211.4274868512902401 26.2865881619341941 -182.5607111622720709
v 111.6469146790140172 -85.4874875034601160 78.5898703127951279
v 173.7083107379094429 -57.3833613999393961 -170.3916381809289931
v 173.6429928108659624 -58.1142339193744633 -154.6208959756066861
v -71.0327759535344967 114.2905077576725574 -135.2968738764659236
v -84.4492066185484589 118.9794127613992600 -151.1992105200701531
v 17.5600258777628504 -91.9074230181006016 182.0059976603418477
v -119.4390442970329644 -80.1402460463297786 -153.9750786317890174
v -80.9549275819287857 107.9965493779316148 -358.6411247631480137
v -80.4604419249669149 108.6258119727026070 -342.7143250508888173
v 30.1447817058619165 -7.8926036204120038 -45.0164174690759964
v 191.9410230744742591 56.6432001996553254 147.5195125426224649
v 184.6709479948637522 71.5688449928730392 132.0881474856781210
v -28.2885049804972226 59.0361235113360223 -88.8637073106304740
v -25.7988461447837558 44.8772693873379254 -105.1322614600711063
v -28.9411234791780316 59.2998204375231666 -104.6863664359509443
v 33.1344835904074415 -27.3034375007073926 32.2902536969992724
v 194.2572692364013562 -37.6160204717023845 -200.7534505379076961
v -31.4221478677555375 72.3670005369512239 -56.6098798130390719
v 24.6305884324191524 65.5824100087120740 -42.7529317812385941
v -55.9029335551098114 96.7340573989568497 -262.8049444220693545
v -65.7783254464747387 105.5500603814374472 -246.9691335215942445
v 177.8271169633770796 49.8587774236503023 345.0620127744101069
v -11.4821982782256828 6.1153561707692239 78.1164064072283821
v -11.0236954754815244 22.3405427730003403 79.0744537950232171
v -8.1855541397683567 21.8929941911439059 90.9039195677815144
v 24.0916124865094439 65.1194809434477691 -26.8122517698366174
v 208.4298407002291071 40.1009894342420807 -198.3816064926738250
v 25.3032293584718531 6.3060413335182179 -44.4105539145035806
v 30.6474512753881214 -7.0402401401097370 -60.7001585728651776
v 83.8539066618043307 -99.9551782833852798 199.3715555624764022
v -21.6800902449863528 -112.8343129212911577 239.8504955731010284
v -4.6936919335501939 -113.2121580534122387 239.8179037104729332
v -13.8492697723989764 7.0786050760518835 64.5572713131131053
v -81.4977067106319453 107.3651874837736813 -374.5628631508578792
v -47.8541334330526595 131.8233386018248439 362.5784134854610556
v -59.6472257285338046 93.1859634456330355 -422.0143528786662728
v -50.1274350230462815 83.6347263856303726 -421.7946070378172863
v -180.1252842273875387 11.1901620085452578 346.7233542143514455
v 186.5584769614441143 77.9077897288827046 -183.0522347940715520
v 186.1462665859342849 78.0963336541862532 -167.1778888089596933
v 194.9642059084886796 66.0790141367447745 -166.8981739408750400
v 34.0426582389998345 -25.8783055851631545 16.7896788611799899
v 42.9633889412385557 -37.2102853324294074 0.6524890898144911
v 211.8572201458836446 -0.4519305098575735 -214.9061409655323018
v -142.1698650391628007 -82.2830268123398270 307.7931795158140176
v 186.8408183502229178 -38.8629467924855518 236.0281219240778796
v 178.6479142661398498 -52.4554142555195213 235.1365619360443304
v 126.6373789354938424 120.7385202033829614 -169.1815981799672670
v 139.3243557856812629 115.7354967448150660 -152.8739337953729205
v -205.9864862740524245 29.5067912019959557 -179.4141393706844383
v 40.9360001441553791 94.0276387121616750 -170.0151829958905978
v 49.4173254372737105 104.6800972953160169 -154.2335129307459169
v 53.4027255003309875 -47.3994002626551136 -15.3736582884086950
v -29.5638700978838962 59.5331110730466904 -120.4975608942998804
v 191.8770663369875820 5.8657060977287356 298.2600980404635607
v 190.2838802333067463 -10.1927551537060133 297.4717583985416240
v 192.1581423946290670 -9.5935705345118709 282.5704520580335384
v 185.5478608163985541 70.7954400927083043 100.9939768037622088
v 193.1494334823045733 55.8124911363168437 100.9438236786827332
v -209.3251199949390298 -15.5975356271378693 -338.3938710541727346
v -203.2134747432344852 -27.7823653361853218 -338.8030714753104462
v 99.1209799735771924 123.8342678609546539 360.8587134397315026
v 97.7913086650864614 119.4566726603779756 375.5678428208371997
v -15.7778860540351236 8.0094694125386035 49.9971442592694970
v -16.8340732917083358 24.4557738292477005 35.8369385315565268
v -147.4369784434377664 -71.0657800073664276 -278.8017591239272406
v 201.1967286271756734 8.4701499987506494 177.5881515094194754
v 203.0750551854845583 39.2043681216592503 -24.3248791574280929
v -81.5064969276995726 120.3106273904438552 -103.0035527100428254
v -94.9236369450177904 122.9830355100024235 -102.7990291862095802
v -93.9323170998164443 123.5510349888745480 -86.6223074026445801
v 176.2232905751323528 84.8561160234602454 101.0055565008371303
v -42.5691184689371056 86.0074810858494487 -151.6347528348848925
v 62.2887243007264004 113.0911367988005622 -201.9623785812032963
v 73.7560561363187475 119.6473829859620963 -186.1164833749973866
v 74.3832961184384089 119.2910293114916556 -201.9966958953822882
v 65.1706837182207011 -56.2744712032281669 -31.2440549066373769
v -108.6935167743915116 107.8817589205870746 378.5382268373941201
v -91.9547674914888944 110.2142339129345885 392.5228199405933083
v -107.6190205785948564 111.4215036055729229 -358.5358722185431475
v -121.4906349485779913 109.6269093766923959 -358.2940022544748899
v -42.3460655126155814 -43.0072537539991941 -45.5411081140205525
v -50.9708932561775256 -55.4880295580121938 -30.2638833956232247
v -51.7827805188482770 -54.6284191811961506 -45.8068276528590346
v -57.5547083247856435 95.6421245566541813 -326.5345741412677967
v -48.2500574630903856 85.9239021298922694 -310.4588679601660033
v -57.1710110361544253 95.9672283863694418 -310.6011985414313017
v 170.8112008972140359 93.2479742572039640 -24.8970388917062770
v 181.1666134100391332 81.1491750831922474 -24.6521781449497794
v 177.3415748969540289 83.8641635126902258 69.7584724681437223
v 186.5921616100544611 69.9884847457205410 69.7991931247449457
v -214.5227743884483402 23.7047758346397863 -385.6599322553111620
v -25.4942512239193206 30.8373899406953029 -137.0370876239672953
v -90.4209081636331291 -103.4994187282454163 213.2964096986467268
v -106.8856557402529432 -100.5807407431637870 214.3810668869097924
v 182.4662426898603371 80.3199134819881237 -56.2650579064338174
v 172.8364975842917488 91.6762220961220606 -72.3971480098822155
v 209.1237406272651924 40.3142025238025070 -230.1480130988201154
v 208.7841334186804261 40.2086528180972209 -214.2635828079774285
v 65.8156095787370816 -55.2513647061224660 -46.8174054545368108
v 54.1017490598890376 -46.2986867891267551 -30.9567863950965538
v 200.8976695300370352 53.2706901133194037 -119.1199220326941486
v 193.6170500242821504 66.4847540689387273 -119.3138627870152249
v -105.3430924679070841 114.7832679630835315 -294.9259888369771261
v -119.0750986357385699 113.2725392718517696 -294.7037123338535025
v -118.4355791900816683 114.1541203984159267 -278.7741135557450889
v 209.4502152323792075 40.4246649735068786 -246.0011935449075793
v 212.4683175701604512 26.8854780164883920 -230.1787644797938981
v 212.7828098728376744 27.0985952476293193 -246.0569064583177408
v -27.5921366991591697 58.7188800720192958 -73.0237936698010088
v -25.2030549136397184 44.5337128118699894 -89.3604072970826593
v -96.2441825319726689 108.7607135264570815 -406.2951058162963704
v -108.9225129527216751 109.7214449499977746 -390.2614814813526323
v -95.2848314696726959 109.4418738695423485 -390.4233288368269541
v 161.6336103705586140 53.9341981284547742 405.8163888693413242
v 176.0941501123894852 -41.2000733146390417 325.0848114048344542
v 168.0624223748442887 -54.4778831192221418 323.8335906268579265
v 170.2509851220048631 -53.8439234618959190 309.1543690726344948
v -44.6756743382202188 86.1998114187230158 -199.2218630545939675
v -37.0717507445760930 73.7534583731504512 -183.5036512631545804
v 203.6944156055217832 53.3400436798236015 -230.2255817318749678
v 203.3506097981631626 53.3192136452674674 -214.3480149038681191
v 201.8103375420432144 53.2557457857202223 -150.8314976228896285
v 78.0180940121949220 -63.6235527921859401 -46.9628801919615100
v -67.4819452423341062 -58.0983118358964390 -201.3476960520374064
v 166.6166281769780255 96.5928004319899003 69.6993469949995728
v 155.3582868675673865 107.2768922935773901 53.9031831368273586
v -212.3631033689233902 -1.1620796372281907 -306.4955440911182905
v -92.0781852065879320 -72.5567139349725920 -201.3296746691724479
v -159.1431415312004276 -64.0842483562760350 -435.6610642248316481
v 103.5133469565979567 -76.6253191061510108 -15.5870774735710302
v 209.7636530924420128 25.2193172945069435 -119.1698067541990298
v 210.4663528223876767 10.6562234225799806 -103.6885186323820278
v -24.5685225022570144 44.1311074499935003 -73.5736759073886901
v -22.6074916960688377 28.6791040753320345 -58.3896639161077289
v -23.2527171141461402 29.2055728939582089 -74.1354062456258873
v 196.1068766122297404 65.8396173198994603 -214.5385814418229700
v 195.7435348589781654 65.9059705178734845 -198.6572953071397194
v 202.9925786013515676 53.3032436325797008 -198.4661919620356798
v 161.4410979066880145 102.2245209206537879 -72.7455741930604631
v 51.9914211617988187 104.5781806237095708 -217.7092712117553788
v 63.3674957820324920 112.5665132547496512 -233.6494527593760040
v 52.4952338429774912 104.4427518486478732 -233.5348827763963016
v -185.6220552330872238 -48.2225940259052379 -403.0289027171797329
v 209.0974562486398156 -11.8108836181393055 -278.5676345201541153
v -27.9225582746958843 -17.2146144418776963 -28.9752011473082902
v -32.9435599798399537 -31.9066354915641419 -13.9337881408671915
v -33.8202714986937991 -31.0097361895647765 -29.5363946783963129
v 143.9831900032125418 111.1793939954559249 -311.7249084497963736
v 130.7663749109537434 116.0673298355788319 -312.1422184932233108
v 162.6877845814224486 101.0598123662709611 -104.4678092395037083
v 166.6086719281599926 97.9861888319185681 -231.3942492389829226
v 166.1791111787216835 98.2418240650262362 -215.5124262971505118
v 143.2085772869621962 116.2019917432845659 38.0063295948182258
v 142.3310413857007006 116.9115261785401856 53.8205148358553913
v -92.2725573237967325 -71.3534319525852254 -232.6457000771662251
v 209.9729695372499805 10.3267412595543124 -87.9400539237502272
v 208.4133913954438810 -4.3311901396994346 -72.6070396052071487
v 208.9088068790748309 -3.8662480476257399 -88.4134027992135714
v 187.7035057823047453 77.4757750039053406 -230.6828263928632623
v 196.4582744064123290 65.7828595497168180 -230.4134258907162121
v 167.4125406340400559 97.4979914872755415 -263.1706251207565970
v 167.7807903383697408 97.2491046869002673 -279.0566658330467931
v 205.1088449285294644 8.3699414043565685 53.5485836714336685
v 204.3562221337111282 24.0018602483368362 38.2268806463909385
v -23.8531742538590699 29.6753079070066264 -89.8734032148489064
v 88.7900784586168328 121.5432708067223615 -249.5307772374270314
v 112.1612717863370676 113.0303817325250151 375.7828724274470460
v 154.6597857363955768 106.4531425514942100 -231.8262256205924814
v 165.2626471733035203 98.8335580885651837 -183.7699076091422228
v 176.0121719920378780 89.1791294399768049 -167.5184929451071980
v 176.4522963393044677 88.9042362503927137 -183.3865889612680178
v 152.1485827209007482 108.4041585493057056 -152.4524634965399343
v 128.3913196086668052 124.5986333121610556 53.7702850240403194
v -24.4200905325909083 30.0968500996542296 -105.6009707880309350
v 155.5265183937800657 105.7846067622563595 -263.6148713800614587
v 31.4102925777245687 -103.9954189482352973 211.8510181061423339
v 32.9378803684849117 -99.0503323184098150 197.3489429111445475
v 154.1939713327044785 106.7863176601308908 -215.9417953297498229
v 165.7283657185751053 98.5219511243147252 -199.6396140467505518
v 91.6677002826290135 -69.2272538648315958 -62.5543288094614880
v -106.2984845774819433 -101.3365747950351903 229.2237078746872783
v 178.0599570643289837 88.0952487049116542 -246.8934053701936762
v 177.6838661412846534 88.2643525427417330 -231.0110456212121051
v 128.8527053533772460 118.7277652385425455 -232.7654847581664228
v 127.2294484635010008 120.2147018700558050 -185.0802922036307052
v 114.8637986213007736 122.5963905749717497 -217.3043652478110346
v 109.4046424594107236 127.1219911752477856 -89.9379351028525349
v 124.7140660209162206 122.4755610371990571 -121.4941050233636872
v 138.1124848889071757 116.8961025588435376 -121.1212541148982638
v 57.4786782193636583 113.9090104197687481 -106.5113957130209599
v -27.8677392410475235 118.7938404471000382 405.1976035998210364
v -26.8311574466214005 113.1399095626393176 419.6036670018532391
v -49.2411616268478696 85.1134191930671165 -358.2252525960134903
v -41.6662376015612921 73.9397016963861233 -342.1126600950902343
v -204.8857056996304209 52.6135183397126056 -434.0796303633807725
v 211.7799390880872465 11.7249369592206243 -151.1162738155235843
v 212.1647147839377681 12.1001783370221894 -166.9612871242701431
v 142.0131844524992175 113.4467619492828447 -232.2930177801624154
v 142.4830153239671233 113.0245727123036517 -248.1862670455985835
v -26.3696446895051189 45.1852001812007629 -120.8896601733997898
v -24.9646238703708043 30.4778106304088787 -121.3179555917007661
v 35.1134519033435097 82.6649842706572144 -217.4483062505238422
v 43.1426345998511351 94.4109861175617340 -233.4054355667110485
v 35.5495214394654866 82.8045445435991070 -233.2723457370850326
v 42.6655400566460372 94.4061356815353179 -217.5788270745074158
v 179.1298712276737888 87.5857036902472146 -294.5079694412459048
v 48.1499860660592063 -27.7449853455034798 -170.9433225568031673
v 144.0931779537404225 115.5012091817287967 22.1638469483463112
v 213.5070969188534775 13.3027917069335881 -230.3905349001409490
v 204.6545335351777055 -18.6362115782030813 -57.3898989441489178
v 205.1341898946437823 -18.1045879730685932 -73.1807714175650403
v -150.4415935015961452 42.2214208097470163 439.3207469642889009
v -214.1380753793334293 10.9768458711838797 -338.0572546282762119
v -214.6637437801568069 10.4569912835028180 -353.8926054083377721
v 111.7640536676361762 125.3213482800971548 -137.7449445368817464
v 172.4705868253977314 -61.9228806427260139 -75.9282654371135806
v 172.8409262432724063 -61.1420467150504692 -91.7022284853308918
v -45.0121709410923927 -40.0676570653233952 -107.7371564947797680
v -54.3986801001148947 -51.5882406494053640 -107.9225466780819289
v 102.5918216266304768 122.0890215464298336 -265.2180075876858041
v 148.7311342075058462 -63.5730162334284898 -265.7072306174174514
v 189.0866277455055524 77.0828034131880457 -294.1417519354095020
v 197.4568507339693895 65.6889949853479038 -277.9967784603810514
v 197.7951350963651294 65.6635925041818922 -293.8441690579310830
v 72.2859810007945498 120.2876309556071419 -154.3111965939041852
v 118.2621617233743478 -77.9487500315326685 -30.9108510404748387
v 132.9216076856561131 -77.0831005742884798 -46.1543719385779312
v 132.3229143408618711 -77.9717943955791242 -30.4817887548178987
v 197.1276345780578367 65.7108123616248321 -262.1419492494782730
v 204.3488602070939635 53.4081510868743763 -261.9400330746552754
v -213.6261147324977117 11.7578834980008509 -322.1977858698699038
v -213.0311982094315795 -2.6022397564886650 -338.1406897966041356
v 128.3381661150571631 119.2207267466344547 -216.8765299499236221
v 86.0191758130277577 123.9548673385205575 -170.1288327380431440
v 98.7903451130571000 125.8567846538670238 -153.9846644737384622
v 168.8161187839609738 -43.7909155050498242 368.8240112925670928
v 158.4750466906922384 -58.4005917759300885 382.0336082458379678
v 166.2162083870660183 -44.9010135178466854 383.3543072062640249
v 11.0554126300317357 -120.7681021116389388 268.5143102305236766
v 11.5279748673401130 -117.1395350151495620 254.2444424709091493
v -24.8552518101881788 15.2255917789669120 -106.0947183351626961
v 95.4743914942228713 127.9803170492426005 -90.1666532917661812
v 178.4248900673441653 87.9313595651020847 -262.7733878303718029
v 207.3772769108127818 -5.2288515161337816 -41.0562760995554896
v 208.9225721481142273 9.6266087379057375 -56.3622583438011375
v 208.3821607223725891 9.3148687700982382 -40.5917845420534178
v 155.1040799249101667 106.1235333760627100 -247.7181712115234973
v 167.0183132980273797 97.7433027686036553 -247.2818236859849890
v -91.8874365376360203 113.8606210896079745 -294.9890253336366186
v -104.7601007322260358 115.5878268495839478 -278.9954698180415562
v 131.2220666655462082 114.9382710274059747 -343.8963935650421035
v 144.6835220301966842 109.6838876212398617 -359.4135902508016898
v 86.4200557233533431 131.4733595122507950 21.8432963935570328
v -68.1346643923553899 -56.1035556412696437 -263.8592720064043533
v -37.2690201825141116 -27.3752642144345479 -107.4394969305657526
v 204.6690464998891628 53.4574990012300901 -277.7925233401223863
v 209.7705357269616968 40.5278565620926017 -261.8437912214828884
v 210.0803117953998083 40.6569490956257127 -277.6934824211007822
v 133.4664956995881369 -76.2142494458331754 -61.8320931336228696
v 118.8770743127470269 -77.0294869602652597 -46.5532963371458308
v -162.7783036869510056 52.5551789056083152 379.2641434765413351
v 27.2305108116165400 55.2695011190908119 -422.0763924477630553
v 87.3037169776205388 123.0418829937300274 -201.9338894589295705
v 189.4418790481518045 76.9722403121431995 -309.9985174863861062
v 198.1440213999569551 65.6368384193010002 -309.6930358751413337
v -26.5716063970773853 -0.0203351654654936 -90.9490880550472838
v -32.5997949123096191 45.5566946930303445 -436.8410046820720822
v 188.7412690317511306 77.1818347463677128 -278.2878429653338799
v 101.2914829945050315 123.7679625921903721 -217.6291335730580840
v -90.7796295410650771 115.2078057313403434 -263.1043294378342807
v -104.1289113832231976 116.3723225688841723 -263.0465076391952266
v 204.9969589812956201 53.5047380303569327 -293.6297146018382023
v 155.4231255025133862 -75.2773100820109988 248.0025256271117087
v 116.2192175012677211 120.9447691787671175 -264.9353019369129356
v 189.8082882708272052 76.8530595391858071 -325.8685690143046259
v 198.5108715713620313 65.6034509317911017 -325.5534248743747980
v 178.7796620778929366 87.7651410656987849 -278.6463151108751504
v 25.6688189916605758 55.4234018115890734 -201.4681325702901518
v 29.1005647883230694 69.3508537109276801 -201.5130709973491321
v 205.7457666110180696 -6.2970546066906179 6.1389265578926535
v 205.1969771594126257 -6.5518366998647872 21.8301829617701983
v 66.4425188493094936 108.4980902145682649 -407.7429513843397899
v 55.5046993371622719 101.2033699353057727 -407.5409585227811817
v 205.3347640515938792 53.5519626807208482 -309.4699349896100671
v 176.3372087208595076 -46.2242143830215539 -422.4128938435561622
v 187.2556935897947028 -39.6789415884316483 -406.2526597081442219
v 175.4851424016576686 -46.9389826879815573 -406.6781560605959953
v -212.0138719750213738 -0.5026360190793808 -290.7028886510995562
v -93.9724050908489943 110.9321847174218050 -358.6400894922174416
v 191.2224491902603063 22.1161214377405351 298.8930703560690176
v 50.1572805419558634 104.7213835165922546 -170.1374599957976557
v -31.3277920289867104 60.1544270048416010 -167.8929542750201449
v -31.8975529063170455 60.3721885764070336 -183.6944862046840399
v 181.3801284536209550 86.2526677512322237 -389.9049648475690333
v 214.3131320250140845 28.0153659999898750 -325.1980585416251870
v 210.3935579386236157 40.7817088285976794 -293.5169851005127839
v -38.3359627348545970 -26.1948109146497679 -138.5838207375611546
v -45.5533108908221891 -39.4267956017935717 -123.2840501188987332
v -46.0480889159635183 -38.8157221421216363 -138.8364651879805933
v 197.7226661312273563 -33.4391048723372393 -10.7754832787334536
v 198.2780122987262246 -32.8411736019779852 -26.5142087719446273
v -49.8212488524182433 84.4153398389410796 -390.0395500685391426
v 198.8976219506541554 65.5668042580183936 -341.4230546252475165
v -79.9873518672361996 109.2399385230354483 -326.7976096443604206
v -92.9009571927922764 112.4233582910767097 -326.8302206786724469
v -92.3919681569608997 113.1499746966862290 -310.9123357994262165
v 194.7094717445242509 -35.8106421706287250 67.6252008573475223
v 200.8044759746045713 -21.6639045508547241 52.6113183889852110
v 166.7124099097368344 -68.8838985920446021 65.4893985842766568
v 165.8701403210073408 -69.6151928885254421 81.0851033156021828
v 25.0283817016370200 42.4106645015128620 -248.6940866087120980
v -79.5361654583599602 109.8374719809537936 -310.8739349165767862
v -79.0868387028218933 110.4148272415685739 -294.9389872386605589
v 162.0011315509001406 -55.5403299116883389 -344.1244407450192853
v 174.2821384086868193 -50.3245486910526196 -327.9627879049987769
v 210.7148178457171639 40.8971798807206355 -309.3463159718301085
v 213.6862754765724048 27.7164794480063321 -293.5054820901734729
v -28.2084847683637818 1.5015873927027303 -137.8629654229632422
v -31.8420916212580742 -13.2097694984259775 -122.6487388578576514
v -32.3636620746480830 -12.6765163001600847 -138.2504251545596219
v -32.5091248297703501 47.5460444727976537 -341.7835973126498743
v -30.4987245410820726 3.4986022513388626 -216.0932516325509880
v -28.2769085081988862 17.9034913877322630 -215.8652619676254858
v -41.2840788405629624 -22.8764943857750005 -263.3931316840869954
v -133.5110506929691212 -73.5225737839562328 -294.9603444945238948
v 176.9617454955494225 -60.1842198016204648 81.8280444100516036
v 187.1469901420880433 -48.4486185932310889 66.9547287280358745
v 186.4509046430875117 -48.9418580907395295 82.5445285807205522
v 29.5148600844568954 69.7072553146078633 -217.3358834961408093
v 34.6326428463829998 82.4435896649929418 -201.6200106501370897
v 173.0630877162926140 -62.9423253482070280 159.0053450531772228
v 104.3086650914591047 117.6384301594081734 -391.9583672232424760
v 215.8793435694492189 15.2118085364738604 -356.9817004915965413
v 214.3031052343349927 2.2744854414743827 -357.2206563597121658
v 214.6317270680456772 2.4211080834725318 -372.9945810645616575
v 62.8625040422940344 112.8503404490306252 -217.8101526124312954
v -166.9095906786368175 -23.8367177596923696 402.8434741905097667
v -159.7068848962470042 -39.1182225565201236 416.5467803475445976
v -68.0756156059468367 103.5764026249413803 -326.6870848866834081
v 48.2649538614798104 -24.9180678324828619 -249.0871444720069405
v 39.9118679619610930 -12.8880087310905829 -248.8476901401099326
v -67.3761079613703373 -52.0359953268637128 -405.0712238595596091
v -57.2656616395631985 -43.4861911753190711 -404.8788935266860562
v 107.5471267639740631 -63.2782899368510030 -265.9745989210712196
v 87.8584113078668452 122.5624950378385307 -217.8091173415007518
v 162.8469095577831638 -51.4697308853844362 -438.5000838633134208
v 205.6924693297791862 53.5906751034336608 -325.3269881158451540
v 51.4373499112792274 104.6700992621627506 -201.8706229020632463
v 213.9937317712587515 27.8644033680491177 -309.3393949939426193
v 206.0725671347584012 53.6250163822175310 -341.1855174617404032
v 211.0557287288070540 40.9952670084682751 -325.2046536008863882
v 206.4779715624841003 53.6580827440221242 -357.0490314454493728
v 48.5977359505965794 -104.0881619690961344 212.4847572891037260
v -68.3134691022383009 -54.1885824091880437 -326.5722656718129997
v 215.4090238200418810 28.3713889629130556 -372.7223814965653901
v 135.1622023829182524 -66.4850799875650154 -250.1672387995020586
v 135.1539298013158827 -65.6587708256813158 -265.9189626943966687
v 162.1529329440114964 -54.0479676936317048 -375.5846755593004218
v 162.0722872556908385 -54.7879180053928891 -359.8529285590284417
v 214.1919094677214730 41.4122079969801504 -420.4870981959136884
v 218.3546188493175464 28.5031056206798254 -436.3230624698599627
v 36.9337361886485454 82.7041711925465250 -296.4958813447208286
v 25.1865385079608330 42.7053380759596237 -264.4495681536508869
v 27.0362800855764966 56.8695410997655060 -280.3619507596181393
v 38.0558069180402612 81.0130848850360508 -407.0246650753843483
v 45.8438913107565398 91.7725118785041900 -423.1000836812276589
v 45.9823204543484039 91.9594837257280204 -407.3196789472203250
v 53.7093142763209102 103.7567218978522874 -280.9914338287539977
v -212.6735696179818547 -2.0074526422888290 -322.2956764878575768
v -79.8279489014589672 -61.2932154425931444 -342.4468992321833412
v -202.6857933156016998 -26.2866336946834558 -259.8528501919519726
v -194.8125195454807397 -38.4259522226154502 -260.4313365819168098
v -196.5354596057892138 -38.6316835625343344 -418.3304754741286047
v 57.4801208885770478 -33.7451424624150604 -311.9847422816778817
v 47.5892191049379321 -23.1249546161835156 -311.6685245274497333
v 47.3984944005908915 -22.7895364205306556 -327.3258853941940743
v 211.4170574552492496 41.0887433462382461 -341.0555334449060183
v -122.3052685549672560 99.4681216539342188 378.8920594354318609
v 50.0933477690740787 -100.0409715688327594 198.0417308805144785
v 177.5747600882161237 14.1961849872399473 387.9734560381246524
v 175.1063482711835775 28.9709402405617631 389.0230673882205110
v 172.2985209624052914 26.8027905438325220 404.1091120747782384
v 162.3797147928513311 -52.6603883139243933 -407.0387754347339069
v 174.9952100196217657 -47.6162511792353484 -390.9357496040762499
v -53.3198798612829563 97.0694947662936158 -199.1577529436360976
v -54.0982598134194390 97.0772688841146021 -215.0042999870945835
v 180.2007631468974580 86.9385635002405195 -342.1551445466101882
v -56.7722639756625895 96.2542093226517750 -294.6665192670896545
v 213.7289516449313282 1.8405008259764046 -325.5452385653499618
v 209.5524003075602479 -11.0895274432995485 -310.1007984199866314
v -40.6622213086979016 74.3371882186616091 -294.4703545974363124
v -47.8668107090307942 86.0887786114226401 -294.5524860912591407
v -163.8040271189088912 17.6379959179493504 422.1982093272565066
v -209.6203447552978787 -15.8864121636657103 -354.2015762660520863
v -203.4262420911442462 -27.9327719892930126 -354.5995804237928724
v -12.0573020642125872 38.4721224303649336 80.7232186103269242
v -9.1703628018255507 38.5043380486965106 92.8999986085973291
v -175.3711667408788060 -20.5710754323297742 359.0347961203275986
v -174.9263645027409098 -6.5527569406919337 374.8692266595620026
v 135.1534025800086454 -60.6923556975183374 -360.3298050243291755
v 38.0106312413930354 81.5632546978822148 -375.4423833214029287
v 45.9789126875353844 92.2212347259994232 -391.5266975885753027
v -65.1241923847659194 105.8033758407933504 -231.0107388742697196
v -75.9810163253613382 112.7451358336355156 -215.0966308167515990
v -64.3543102815176127 105.9919964528324954 -215.0365084160446827
v 45.2076070867575766 93.3912346651383416 -328.2713178139834440
v 19.5451758605260615 131.3870677630219177 376.1503552644207957
v 3.0598876968433482 131.2330232828944361 376.2566430799561772
v 130.5993895441944801 -90.3679176293366169 348.6161362223201081
v -92.1798718179875891 -65.2219823514131321 -389.6153190472247161
v -79.5137250023563098 -59.7217412709277724 -389.5246753257508203
v 10.7918636852796812 -138.9400881394540477 354.7719338620437952
v -5.2802693732354564 -138.8774446623144456 354.9895708176638891
v -5.4132645426722323 -136.2155713830583181 340.5503787458544025
v 215.5498014949113781 15.0672288770411864 -341.1550536560250748
v -54.7782650625497993 97.0112703622927199 -230.9128099129142413
v 110.4002855193312769 108.5701853318700074 390.5323390314759990
v 137.9809000364672045 95.6351364778730328 376.1308768335795207
v -5.5355966611705005 -133.3887449355362094 326.1201590221095898
v -195.1092972122354183 -38.9368248763898919 -355.1150303170981601
v -185.0012377650736823 -48.6675688091982508 -355.7042528500463163
v 96.4382862456068750 -102.6813438045962954 243.7142033726101715
v 67.9502423790901133 -40.3956078900976365 -438.0063746595494649
v 81.9614314007780536 -47.9483047443639592 -438.3726305087536730
v -43.7890510587906547 116.9110277147588164 405.4278171800788186
v 109.6857664462619510 -99.9214648772490932 273.6983335567809377
v -113.9028179658694029 -100.1630376802169309 319.4260971852409625
v 10.6299120837741334 -130.4432074213122519 311.6038200942910521
v -5.6393376383229503 -130.4321261880187137 311.6937736351445665
v -37.2298835862950313 -132.0549613008491576 341.8748353563246383
v -52.7262047047492501 -128.1528142751227790 342.9597226047944787
v -53.2215818450124232 -125.6926558680087140 328.3777398313061440
v -12.6953057486112311 125.4670626635705872 390.7047308130947272
v -13.5245038436124325 130.5345317375645777 376.3967497458891671
v 167.8719708669928252 40.7013794730613654 405.1210702376966992
v 165.0395462877722537 37.9887994863531873 420.5009018083208616
v 26.6531531545412719 54.8909514275864439 -437.8275411921406999
v 10.6418824039084967 -133.4191224686740043 325.9871075358513508
v 67.0882355417867018 -100.4845276475172540 198.6888135554694941
v 104.6703293223695397 -106.3654512693407241 331.2407624180293624
v 28.1596808505386953 15.1261206952878151 -311.3233191871665326
v 28.0665424136974480 15.2161341476535448 -326.9952505336739819
v 120.3455198551398126 -58.5501404961833032 -423.1983193895255226
v 134.3898327536840611 -58.6568405029225204 -407.4576000411888685
v -51.7143328144083014 -134.8010174441052982 386.7610387483594536
v -65.7968932223308087 -129.5005069664784685 388.1401730013092788
v 27.3540627285028748 -122.9750792611843906 283.1522743209967530
v -67.8542018285986757 -123.1886614056598575 344.2551149424740515
v -68.5908114744404713 -120.9696348527839689 329.6268900674215843
v 27.9463191804280591 15.2640274104934353 -342.6609894262821285
v 27.7916324488899420 15.2594933072513506 -358.3253671293334719
v 204.6557605229472472 -21.3481349347377289 -389.5082643643333995
v 68.7951672460396111 -43.5487867232489165 -296.6598759287918483
v 68.6602704852061123 -42.9897883499673128 -312.3297367334382670
v 80.8828947725997267 -50.7060076855886450 -312.6586653140913086
v 68.5338811591027479 -42.4631901224748205 -328.0066527177594367
v 80.7948488142941130 -50.0799371761868102 -328.3478703477916838
v 61.2775857272945785 -114.6252070151792140 270.3306355631036126
v 57.3141755856693180 -33.3168278724301814 -327.6513439000614767
v 47.2007336882529671 -22.4941870442264538 -342.9897454617801031
v 58.6714924623422434 -127.8807872522815643 341.8305871098860393
v 162.3358691517746024 35.1639764797985208 436.0044290834605931
v 56.8232942052804333 -32.2712377830320705 -374.7042351479282161
v 46.7427748820394413 -22.0094022593174188 -374.3332630644849246
v 46.4619959854983904 -21.8473080684128718 -390.0352939547136089
v 68.3123954879399662 -41.5152557979366321 -359.3848710683211607
v 68.2355505859522680 -41.1208655026108190 -375.0916948795245958
v -82.5952951996847844 -117.2450559633289942 345.7074850279175848
v 68.1569514748878333 -40.4880944896863255 -422.2822963328370065
v -69.3414931362640488 -118.7637217316949005 314.9890793504197291
v 74.1091410386844274 -122.4630035842452997 342.8997535775587835
v 89.1163709327338154 -115.9141001520170420 344.1834895314278242
v 74.6289141467089081 -119.9903931684389136 328.5707603448000782
v -94.2217999408475890 -113.6739847468523692 376.6501994070324031
v -109.0492857125030213 -103.9379518257484136 363.6071660434749333
v -95.5724067281558973 -112.0183852262387205 361.9690606844190484
v -131.9849079678826627 85.9721764299496556 393.9929046619594715
v 27.7702656071846405 -119.7343074007596186 268.8671459009987075
v 36.8159046229455384 114.8784937170092633 419.3072727687765564
v 50.9273208115963456 119.3701604367842890 404.8143232953146367
v 35.9834820903585921 120.4577508926838618 404.8393998578543460
v -96.9050496476509693 -110.3749117956911050 347.2716643738594371
v -80.5219063435467319 -121.0985548411619845 375.0202228419495896
v 89.8497165993918401 100.1090981475674369 435.5263639737580661
v 93.9647076597636044 -53.6202186683218400 -391.4808005773214177
v 170.6604731184010575 43.2366285730863709 389.9197653875389733
v -157.0217947077893257 -39.8977959459793112 431.6237759993020404
v -161.1089484831398977 -26.3086955099300930 432.9552877894470271
v 123.2737740963289355 -94.0281371759430442 289.4356786887513522
v 135.7421170633335237 -86.5930705846987934 305.2492504359037753
v -171.0338416623317528 -35.1604201324352772 357.7984525690566215
v 25.4758056675481122 42.3518697399159691 -390.2165047109258467
v -52.2703499908436271 -130.5214470633035830 357.5391747160081763
v -110.6913116809162716 -102.5921475452567648 348.8966563011285302
v -156.6508993110815879 -61.7610524589355663 355.1553675400214161
v -159.1125243520139065 -61.1875411209425124 340.4327412934508743
v -51.8820083617879106 -132.7531748567624845 372.1261421273102314
v 98.4168998823908225 -54.7780062448171634 -438.7352820813848666
v -79.3668507320069949 -123.0528875402879976 389.6731408458637702
v -72.7427367838434265 105.2868427473477766 420.8128634487234194
v -164.7253415603534847 -48.9594097673489514 356.5210049275064534
v -123.7856005413773488 -93.8803043213987820 350.5283966611300457
v -138.1082096033977393 -83.4384371000316918 337.3803791565423467
v 121.7443434274538134 -95.1948012420835568 303.8655916655537794
v -107.3889603718082952 -105.3274100304778074 378.3158353041670807
v -142.1327870025023685 -69.4575249601410576 428.6023953035740988
v 78.1556029149596441 109.3904266557997005 419.5786671260491403
v -169.8494150310589248 -22.5776653488431549 388.1918598611006814
v 54.2717875173091855 137.1302620077158565 178.7665965753158446
v 39.7986136357889464 129.5159881012268102 163.9662866655870630
v 55.9315664650127928 135.1177911771664810 163.8308578905253796
v 42.6998501814435727 127.0864756308251060 149.0575417117262305
v 100.8954151768380569 -114.1254299734612516 388.9197703553733731
v -163.0470906952133134 -13.3363121980005364 434.2838854836394376
v 205.0324841115602226 -21.4502289444202390 -405.3392440004659534
v 211.3349834764781292 -10.0181346638340365 -404.9251356282501888
v 73.0793819672658174 138.3328442236409046 163.6219632227631848
v 71.7060183911695219 139.7146049972849084 178.6679007466044311
v 14.9543016677255629 110.8905246483095368 149.0319283420373324
v 172.3641456363911573 -4.1222834896347988 416.5851237153423767
v 169.2031567385115522 7.8313285222106952 433.4510675350720703
v 50.3008237322277552 113.9524630413255579 419.3647111337376145
v 170.6347447186087436 -18.6305056057826768 415.2032287399110828
v 169.5703136568590139 -6.0372854792422519 431.9885748005299320
v -23.3705055435603732 -72.5261830283636328 136.9242430925384895
v -15.2872107692481567 -42.5319685384620527 105.8905015582718221
v 58.0777789624407390 133.4616260918778039 148.7576198888121439
v -54.7405399815577809 -137.7493348524945986 416.5138817379741454
v -65.1958801037848019 -131.5508131152022600 402.7954682940269322
v 19.3104641239335315 140.4314534299479362 225.0300170519106189
v 21.9782063349232111 109.4551023314325704 433.8272926599037191
v 21.0204597029195277 115.2100200608306579 419.2992206615390387
v 21.1195677228347911 127.2469522109006874 178.5465823308923063
v 3.2603442025613822 129.7043403096913607 193.6521821350268624
v -59.6898204172361417 -86.2702769428933465 123.7514557723534381
v -57.7779865483929740 -88.8011596919103852 138.3312913172451033
v -10.6277055427803973 70.6998788343143474 111.0023626663336529
v -19.8797636826200517 82.9862633494346511 102.1974984321983158
v -14.9782135504684408 83.7009166242912670 115.6918332347353697
v 53.1797827811918893 143.7955950762620034 224.6125344633286147
v 26.6262984183199158 103.6178805630566018 117.6764859519474555
v 21.1593956979044684 105.6911639749332039 133.1770991311345256
v -50.2495203061143556 -74.4331041532077080 93.8821256313691777
v 9.9873635120612114 43.4357265103762415 101.1531017801229098
v 30.5037019895143189 103.0545110458460556 101.8952760072163670
v -62.8631319149417251 -50.0783842697910018 -436.4856383493224712
v -66.1823015837499895 -51.4893722755388410 -420.7722578222255834
v 104.8991241980187681 138.6441540267909147 255.7399105017574072
v -125.1052834025567648 -91.9064356763798145 125.8372582938160207
v -125.8034682009442378 -90.9982730100898607 110.7052782526366030
v -50.9689137798149616 145.1177798421902310 273.9928106214677541
v -4.7756011556627946 21.8802833647189487 100.2617718522961638
v 40.0897500345563671 114.5556329743101713 102.5611469323922762
v -141.3985402667011044 -85.2585200826557923 96.3709936351218062
v 53.3598767868169901 145.5645567637697297 240.2572420186996567
v -94.6849878238445370 -91.7596285069241446 94.1173238494406377
v -78.9560303035798370 -88.4255480609635214 93.8045953416821021
v -126.5397375493968468 -90.1153115222849692 95.4634061193488179
v -53.6228260173320876 126.3895657494169171 137.9730108885428308
v -110.7889626528552185 -92.3408181043187000 94.6901737643391783
v -191.8838339414038785 -16.0308204761735382 224.8237297331586717
v -187.6697636186427189 -31.5307650428846458 223.6606987011169849
v -186.6050449816345065 -31.7760283950030207 238.6915289380459058
v 87.4702230522823072 142.4827181628666892 286.3583933627743363
v -118.4621128005977226 126.2546929531882824 153.2896525890362511
v -100.8757066857900071 134.8033180461731604 214.3605915285057790
v -185.3266770992571537 -32.0481273116588525 253.7079420686828826
v -164.3035645145781132 -70.5655620169187898 174.5206053988630401
v -100.7325708938009683 134.1859610671033636 199.0923391581731323
v -56.8627063944555573 125.3896953331966557 122.6523047910628321
v -73.5858451337435042 -98.1645238355459639 168.1250083369321828
v 135.5804326671723175 123.2420737170021425 255.6682850907111799
v 92.3964830885190906 136.5050254665636089 132.8267941229341886
v -84.7792950860774255 105.0991327902938366 -438.1294952135480685
v -70.9302026517545130 100.5879876396775643 -422.1795744505068342
v -71.2126159343479515 100.0675914519263614 -438.1270795813767904
v 3.0492170820764262 4.0636840395676277 107.5783766087292435
v 8.7093251430008873 -11.4784825662400323 106.7802210646510588
v 3.4381868833373943 -14.0803101315248700 109.9815855288216824
v -17.5192872477079717 -24.6881705850094377 78.0809004486476539
v 16.6338717843640360 45.4868570415076974 65.6819589773570129
v -13.6031233245910101 -9.7091590131987076 77.8520672296306202
v -183.9234248679625239 49.5626180437013701 258.5786233932968230
v -99.0703858997680555 -87.5260989250055985 32.4643325868011061
v 195.3669838155202569 -8.6692030024063840 252.6664595125600954
v -178.8340713167979743 66.3750728653532320 228.8971757545215553
v -169.9244913452069454 81.6850140623240009 229.4119738105742954
v 194.0687924119914669 41.0517803396812013 239.2837039103145287
v 195.9788481071530271 24.1318897979205040 253.9728180534297906
v -179.3644176084926869 66.4424325767319459 213.6633557284712879
v 198.6176195073109909 -7.8346116730783786 207.5212850144192203
v 14.5671187273154814 -61.5048995903626263 133.7636759717046857
v 3.8054895364382380 -47.5888931863116511 124.0121139866426176
v 23.8700740932159334 -54.9713047477276291 121.0365919588007984
v 102.4897995107625945 133.8509167192865164 316.2707447624276824
v -170.6096681560690058 81.6793488297318788 198.7462519204305238
v -147.1346793317202355 108.4641850915930945 199.3618163470557931
v -186.3418177617028846 -17.4007355456285140 284.9338605623519243
v 188.7852680462990520 57.3163324001079388 239.5814785046319457
v 181.5289582357279698 72.9160200487634569 239.8192073849780570
v 180.5678242068254065 72.5451629954235244 255.0473525925942511
v -25.9147102164266414 -37.2606014168220128 63.5625676657035967
v -198.3075558636143967 0.2822239622149291 103.2684286947897618
v -179.7133230837684152 66.4500437352398023 198.3335239094554368
v -16.0426218458435415 -8.4789983299851048 63.9659398949360423
v 187.7153922263220522 56.9444209041535601 254.7492712513344486
v 29.9428056195267267 -50.7753804237767383 107.3790677829164792
v 40.1506728530660340 -61.2700177050754959 108.6335860905236075
v 163.5367738453585105 99.9405982177801775 163.1411373905792743
v 163.2412710955831301 100.3762747343822355 178.6013366601075063
v -192.7645427563506644 33.7921993605448634 166.4568417775228113
v 183.6596800125656159 72.5922869944469653 178.5442050420888336
v -73.3207582604736956 -102.7516559552954476 197.5352916786416699
v -193.1303193134573917 33.6289452827644340 150.9984063029132813
v 36.4518079846404390 145.4988745747321843 317.3248039431881011
v 36.3236788282232510 142.9660938290091394 332.2400672695745811
v 174.5553732476136588 86.7083595058247028 163.1259534169313667
v -199.4149698406654352 0.0625056806615681 72.1951168049558163
v -179.9721216447194081 66.3736158173769155 182.9208704159964327
v -180.2351954911798373 66.1758215545921757 167.4552263882409022
v -193.4409005926192435 -39.9340735648369716 -134.2713805047148128
v -101.5462171584694460 -84.9849401534187621 -14.1034958867400793
v -87.0685187595490788 -81.0736290627887115 -14.5443295863109316
v -86.2199416868168385 -81.9368053728099426 0.9930548825942002
v 175.2762669055793481 85.8291460822220671 132.1248037452927804
v -194.4347606859371922 32.9189698987791530 104.4594503853238052
v 164.8164262305570844 98.3483515266103723 116.5958931606709683
v 32.7450587612114319 116.2934790188500216 134.0455764117538138
v -72.5908587039965028 -75.7307970929551146 0.7562845864430289
v -71.5772661550256259 -76.6759323516440645 16.3121505586266800
v 175.7247501070258693 85.3475821402080328 116.5819361747925740
v 15.8575671670096003 -6.1656351100242812 89.2971790835841546
v 125.4907013498179111 126.8581217039055389 101.1159087133590759
v 124.6037042225523095 127.6203303406733340 116.7675180749337471
v -11.4074994066044280 54.4261195726951712 95.7161655998716583
v -199.1985790444987572 15.9981854772566692 57.1969551173905870
v -189.1287287633475103 49.0887898761405452 104.8969482118962446
v 84.8441528927073421 132.7814914338811434 346.3804111327683017
v -193.7335371756517475 -39.5718245975676268 -150.0300062058130379
v -163.6648790371708344 92.0262299432219635 74.3824525643468633
v -151.7941749723460418 104.1094904674336448 74.5402738662024404
v -164.4627470059905363 91.4016068959545009 58.5950309940325340
v -173.4378557931479463 79.0277036438358067 89.8988632110666117
v -196.0766812100889922 32.1071113936342414 57.6560786034009709
v -201.1709618840155827 -0.1201070049357539 25.3133711792543608
v -73.3323906796793352 -104.9134933751009839 212.3179636391834606
v -118.6110959561759159 122.5931697320767455 -37.6702499760708491
v 176.7650056753791148 84.3591092900656747 85.3948978560704717
v 186.4337459859980015 -25.6013658183228543 296.5624070878499197
v 188.3450478406129776 -25.0991635585916839 281.6931558028207974
v 57.3463552570935846 -65.7668224361354135 78.1700104354096510
v 126.4288293580418241 126.0970921256975430 85.3892997243719947
v 111.5447391896749281 131.4649623147030866 85.4915998296564226
v 110.4562380787901503 132.2286088277632814 101.2645276069432043
v 186.0560829848739672 70.3861533989930592 85.4109253838099391
v -202.3604690115215874 -0.1135526855028242 -6.0844022888842382
v -87.8329992408588680 -80.2418463851518879 -30.0802186638719498
v -149.8063205839228544 105.3311772663639374 -117.4695084525751412
v 31.9527649594853358 91.5053065341635374 21.5909970334477670
v -177.0106908045432590 76.2930354808156181 11.0303133011173689
v -196.6749336061535587 31.8444449454566616 41.9872147263173190
v -192.7360919774447154 46.9229359885581943 10.8199999287466539
v -134.1163678545504183 -90.0780513546275046 261.6848963053290049
v -201.0031713065325789 15.5436823670659141 10.1684310797593085
v -193.4071392572733146 46.5755211117056120 -4.9615167629268200
v 49.9494786601759060 114.2584335305097341 5.6888904500503381
v 40.5641102163453837 103.9340408022330422 5.6547265093425327
v -197.9249273963605447 31.3391560446177735 10.5609137925371854
v -200.7815849840293083 -26.7868948214198603 -149.2899408639484591
v -74.3464816924315812 -73.9626885453808711 -30.3262680550301802
v -113.9438645410969144 119.0832466013955866 335.0126761950306218
v -97.6013843785421926 123.0086872230591268 349.2866850383673523
v -98.8369227190894293 126.5216394797962920 334.7352235856460538
v 60.5887615035707370 -62.4637521888812302 46.8731567113147491
v 72.8045942219431623 -70.5637790503161852 46.7750743764880781
v 59.1476787470226313 -64.0193522062783273 62.5384929985610114
v 58.4973081282789664 122.8407720296307843 37.9705935760307085
v -170.7899970148218927 86.2745618142447483 -68.6797968452571297
v -180.7050359484896944 73.5259959295321863 -68.4427581455313714
v 112.6655254162454156 130.7176980055344870 69.6548686883541706
v 34.7703554482891448 -93.7447892737595367 182.8315303690276323
v 184.3598490802366427 -26.1928554028920821 311.4131001828649801
v 9.6115080412597607 92.5806942132614807 131.1553300338942165
v 204.5753928240431208 8.3108105391763250 69.1491963538373113
v -128.0811696923926490 109.8943543670817746 335.1234885279661739
v -112.6341988847546531 115.6639671921883377 349.5168986186251345
v -150.5537382665626467 104.5295995767097992 -133.5005637818764512
v 33.8233988796298064 92.1626364741624968 -10.4975322055674862
v -173.7783832425598405 -61.2209381942943622 -151.6020842855212152
v 182.2615657925558708 -51.3902259122557794 175.0485935734382110
v -75.0933769466851402 -73.1238219305434143 -45.8476249961958473
v 21.9838991268109325 -38.5344735393250630 104.9728680801358109
v 15.5452448593036738 -42.8360218592563413 116.4837004664947244
v -207.1158326574837645 0.8811689353603349 -132.3238058241631734
v 189.2954840698999703 21.2291291033959162 313.8742842750676232
v 59.7792323580195415 122.6320690787075733 21.8373148281805811
v -55.8469330664411885 -105.1528806061043468 211.5054676755489425
v -55.8783027342207248 -108.1064222983560938 226.2569281347033723
v 85.1705603969277263 131.9933435087981763 37.8868516607603993
v 71.1339113790220665 128.8462828392711117 37.9185232825613525
v 83.8895084788045438 132.5317802510982119 53.9128456655123998
v -39.1862221228489602 107.0971194136575946 90.3124347761332587
v -210.9791570233149116 14.6368952690957013 -242.9879799865205712
v 180.4004937497559808 -40.0581239455046756 295.5354183247547439
v -172.9463896764001447 84.2836111988718812 -116.6174421333733022
v -182.1382343500343950 72.4171249045048455 -100.3138421457655198
v 113.7735145438134055 129.9910624282410652 53.7667574342029297
v -210.3134011282423899 0.9688506316718638 -227.3263246625828913
v 199.0382462520524314 -22.4497902172376236 99.3490463252382767
v -89.0964036239531367 -78.6455640545213726 -61.1352024238985692
v -150.2401086896608717 84.2791729540492867 350.0691198016484691
v 196.9157682992913010 54.1392632523581696 -8.6001489934631046
v -139.0971042305858703 96.1659716475071775 350.0389052278238182
v -19.2425951647012532 40.5989020297008807 21.3211364108871280
v 187.2657778955255026 20.0434922595769756 328.8255136804484096
v 205.6467448636803681 8.4540463833907129 37.9188300295037308
v 62.7941426104316065 -59.7394271493244915 15.5674456692585768
v -81.9045681863339752 128.7091381985004830 348.9101531665933749
v 137.8641348956810759 -84.2122733630841509 110.7045880720162501
v -75.7626220882272463 -72.3111438359118353 -61.3651859439495411
v 34.6741974712338248 92.4483137359397205 -26.5339172629926736
v -206.7385530900376978 15.3540037177216107 -131.9505331386519629
v -206.1014588623939972 15.2634510617462258 -116.1001901017815214
v 129.3889565237128352 123.8653164030288849 37.9059466579236854
v -202.5389957319879670 42.7156524418972268 -211.3167416192483472
v -103.6621575670210689 -81.9462474271301460 -76.3159552289167351
v -128.8116779498336371 113.9942956555929072 -214.4937197014996002
v -115.3336103210847909 117.5450257154528373 -214.8468621189169596
v 98.7638498459088510 132.7423045119918186 53.8337049543778150
v 182.7697496176635070 17.3581732091427554 358.4148605497734366
v 185.1000294522046090 18.7962184520231368 343.6474492496151356
v 23.5077867825787905 64.6111245731850516 -10.8749076314330466
v -89.6285712256182592 -77.8812752900505529 -76.6683691223459505
v -141.0937296643928107 109.0522669093492993 -198.0217539858918485
v 114.8801041384567725 129.2820552142926829 37.8435236551489353
v 141.1144254971616476 -81.1741174439446951 64.0617983144304475
v 72.4339959863358587 128.4743713433167329 21.8311798893329403
v 40.0301524586962074 -41.4762605928863124 47.3335838718302639
v 100.0074786370614248 132.0939277483736589 37.8502720878813363
v -26.7429509254631412 95.6137408786418916 104.5384377229871831
v -76.3640617767400016 -71.5265043289823694 -76.8793343319692326
v -55.7940959056158690 -110.8340256958595376 240.8861499373185495
v -73.1117821130549288 -106.9867480294517463 227.2535489505027613
v -142.0082765014210793 108.1529807327045205 -214.0053785692273323
v 178.3221298416461593 -40.5583107819659716 310.3341178130360163
v 26.7574734760165427 -13.5450199418447212 32.9014469796955780
v 22.9600445842063223 2.4115246379835789 18.2599169560173209
v 153.0710953925890010 90.9974006984724610 346.2698288600395813
v -27.0631060642720058 -18.0952729311542235 -13.3495502457327131
v 35.4826410201842464 92.7011115598303519 -42.5495202150714746
v 184.5617077400079324 36.0811546304419295 329.4898508709123917
v 116.0070540614007513 128.5795663728698912 21.9163788525795624
v 177.7228613463349802 -59.5762281901352750 66.2324163654616598
v -129.7458374194904991 113.0877913399602051 -230.4884255181286221
v 28.4885662949030127 79.2699953849498513 -26.6229505630190744
v 52.3269016654243515 114.2818996716019626 -26.5074986825800174
v 195.3306534745318856 -35.4205798829430805 52.0054931777805933
v 27.6173882033144800 -12.1569109443697077 17.4732644222784650
v 32.0291713092038322 -28.8912363612126555 47.6760668329998580
v 142.1802081626262577 -84.2389124178616413 246.9383437972526565
v 172.3024703292884396 -53.3739296311148692 294.3981540358731195
v 174.1905361030179620 -53.0361341466585543 279.6352672531149892
v 144.9824085821802271 114.8044718454756890 6.3018475276653376
v 157.7069235894416579 105.3414053597239928 6.5095535510258067
v 145.8700000316466969 114.1077920242742891 -9.5703512288498391
v -76.9003081541546010 -70.7694337034994732 -92.3958600087923827
v 170.1011008972834304 93.7850593957891476 -9.0828919940369097
v 168.3479654348342081 -67.3678401726889575 34.2061950991177710
v 22.7255317538342432 21.6906059136048874 -59.6513907768608362
v 22.3033928425252839 21.0015731978186437 -43.8513158951732436
v -137.0569399026445865 92.9300214655829819 364.7476511752515762
v 34.8251864642399411 -24.5905291989124422 1.2282914440334611
v 43.7013981200049741 -36.0195991463635963 -14.9399181118804272
v -64.7260013031071537 -62.3914461830566012 -92.4677154800453849
v -210.7754003668376299 0.7341796349076199 -243.1757091152584280
v 85.3064684640868904 -97.5871110598794758 184.6779935886966086
v 68.6887596074798523 -97.2417906894928450 184.0898063266789393
v 30.6205030772077578 -30.6993130767950788 62.8486908440448957
v 196.5467517276056526 -34.5260914201939997 20.6620906051792197
v 25.1334784763101915 65.9998638397682527 -58.6938418528473633
v 63.7140335543467060 122.1562182984954177 -26.4688485678398742
v 158.4971037130179070 104.7076661767626007 -9.3265640963916780
v 182.1462289422202048 -26.8922719819700582 326.2006034077493268
v 113.7250005977072931 -96.8545993614710596 230.2232427864393003
v -173.8980912368244560 -59.9250953220431981 -198.7996258884050178
v -77.3803048110098928 -70.0425393084734367 -107.9201310459106793
v -77.8098991108950315 -69.3480354733945461 -123.4567486474598468
v 75.1778809363904230 127.8097082342264628 -10.3206159065486194
v 147.1405650386771811 -73.9563810613781385 -61.3552166683221216
v 146.6113690480163996 -74.8035586011857703 -45.6478177066017210
v 177.7767912931425087 30.9196029141746784 374.1023593036067609
v 133.3763504418955961 120.9911550679604630 -25.7130241018104186
v 37.2903606631540541 -20.4556906527843623 -61.2312909035997563
v -1.2210873842508958 40.6880407739887247 109.3213127353442360
v -0.7225484139322180 23.0388761519380303 106.3991646754769107
v -26.0823809708852714 82.8388235144103078 72.0863750138813657
v -20.7383603566499417 68.9592433097672028 70.4178250207940124
v -65.2563475948018805 -61.6697664860510528 -107.9850080242244843
v 66.4059919985611486 -54.2888215584533356 -62.3835857926580601
v 78.5960531808525076 -62.6700586793170800 -62.5360773663897547
v -172.6772384061437720 -21.5277496482653632 373.6127144968293692
v 31.1174978282998929 -6.2640601387006445 -76.3840530501255586
v 134.3125325242037604 120.2798568377861557 -41.6277456532133101
v 55.3292496719616693 -44.3041989980745470 -62.1047528220327436
v -23.4077201784685869 82.7599128634825263 87.4751789325701736
v -18.2029219362464367 68.9305145414447367 85.2131502927090878
v -91.2164851162269059 -75.0502598295965555 -138.8634205755424205
v 105.8631723228739645 -72.8938288246504982 -78.0521429227993337
v 207.9028877965844799 -4.7833662867569631 -56.8170490292503771
v 105.0842076343785578 129.6027495567111885 -26.1074239829781831
v 26.5805451946952402 8.4598739761808499 -91.6359328024085613
v 22.5587105446183784 -18.9921290968648186 77.2069784098010956
v -202.2942883587026586 -26.1110785852214100 -228.2307680221964858
v -213.2284748367510474 24.1012989797993527 -353.9661479877738657
v -212.5580602224910933 24.7909907222196217 -338.1018863083928068
v -27.2557766945347772 70.6339378275441447 7.3520340282782009
v 192.3189161358050683 -42.8717674638858028 -74.5374364569854038
v -185.0257391770964261 -49.6277921831156164 -229.5754699308639317
v -194.6599129416456435 -38.4858733206414030 -228.8697602465461500
v 55.8758631374445969 -43.4083733103735128 -77.6770297556338392
v 133.9286099682867359 -75.3683468230048277 -77.5178664359053329
v -104.9908127762651588 -79.1645511235060155 -138.6438664515324319
v 209.2805458298741144 24.9760310222906377 -103.3770171123930197
v 119.8947839808351858 -75.2779619192635607 -77.8405642192912808
v 180.6113631009597498 0.5046214865931586 372.1983810322411728
v -36.6762532845051226 -28.0108534648921754 -91.8694055689291247
v 112.4264928613941805 -97.7983638447612407 244.7655018308891499
v 92.0765651992984715 129.5339136256722554 -42.2483714043878678
v 76.6997244113625669 127.5271847144506125 -26.3604902104434053
v -91.4935255344076808 -74.3994003329134728 -154.4600455476951026
v -78.5169412272437768 -68.0490196874581130 -154.5778363735698235
v -32.9778413471116423 84.1621202380046753 8.1537555055615769
v 66.8631120436041044 130.1637034417504708 86.1850779796467208
v 68.4571608730604027 129.6925593099354899 70.1265687990022286
v 53.9531685096727145 123.6562971193213514 86.4303988468168001
v 55.6871035306971933 123.3446613975450532 70.3092366031907545
v 57.1733883249578909 123.0819805706045429 54.1416021977938371
v 44.5833914377729599 114.3595354055504743 70.3303254554795245
v 179.8148946650646849 -27.6813593195640699 340.8815120701558499
v 173.7537859721175835 -41.9655794810374303 339.7336650117621275
v 90.7182609809047591 130.0197049239859837 -26.2394785416736731
v 56.8065237747898877 -41.7628964388584691 -108.8399500960111510
v 30.9052960450651391 80.5010763089906050 -90.4669585483582352
v 31.4498365722264950 80.7540370921943804 -106.3861662737934637
v 26.0662096555165661 66.7474348958792376 -90.5295732679719833
v 200.1395828053074979 -30.4284363549878023 -89.6361727982841643
v -66.5468319814033009 -59.7238789136824977 -154.6084727244402188
v -91.7278035116519987 -73.7701281523005292 -170.0712409996109216
v 79.5565209937395963 126.9100673814295561 -58.3883985849703961
v -134.7123292343890739 89.4843905768567254 379.3752625564192158
v -173.6510640897873827 -58.9429299559035584 -246.0483175439310344
v 46.1604877057416729 114.3239431743922125 54.1579364724756829
v -55.8130231505450425 -49.7023796193242120 -154.5480052334231686
v 69.8567608985723041 129.2592121529271481 54.0255751668378110
v -147.8906571712208802 -73.2575444257381037 -215.8715502799443300
v -133.9636270489280321 -77.2763032187794465 -200.6598927204811673
v 201.3673566138756996 53.2577636054505845 -134.9683862445425007
v -14.9306689726294621 69.3580143348639098 98.9669930085013902
v -145.6399589965440384 78.2376481362048963 379.6724236568518904
v 29.0385419944497052 -70.0444948202311224 137.6637332838860743
v 40.0420676602393613 -82.4930717811359528 153.6575955464235506
v 36.9533871646448944 103.3812923979024703 53.9854680041213513
v 38.2922848460119738 103.5803615776664941 37.8741216626515467
v 29.5907008695003810 90.7103143179286775 53.5574026460271568
v -66.8955026035512645 -59.1529078238060464 -170.1749981528716660
v -119.6352089666863066 -78.2066954525501501 -201.0004201698930899
v 81.1580611586793736 133.7056720420686133 85.9054781416654549
v 82.6453141229769699 133.1077263929464323 69.9485788856850235
v 57.1833719793482302 -41.0008411755618809 -124.4299033221670214
v 174.8222239158021694 -29.5470757027884758 370.0401095456408598
v 177.3755662925067611 -28.5526692164794049 355.4817462867159179
v -46.5182121556108825 -38.2621301836995187 -154.3977759183915168
v -61.3378039864209654 116.0169754078184212 -6.4726288878365636
v 57.4981854077307659 -40.2717204687430765 -140.0255313667569510
v -64.7218266689381636 123.8354565053563903 74.8346742441536463
v -66.7525537354802339 123.4865989592904043 58.6789262827740288
v -78.5485265764671823 128.2678443785160596 74.8313000277874494
v 47.0436361174645725 104.5483207260370619 -106.4684127977196653
v 173.5358230978712015 -58.8582102847544135 -138.8775692782597844
v 206.7798488971558868 -15.9349572637581609 -136.2763935502275103
v 27.0792222610495017 -142.2786643452889450 383.7954093094094787
v 210.6467967112439226 25.7453667325478293 -150.8417353020916210
v -184.9716366851338023 -49.3143255655269783 -261.0947535315536356
v 28.0143235396778749 90.2991200416654891 69.3559437930028366
v 22.5380159100797819 76.1695698365068381 68.2796454589197026
v 24.3001836321058491 53.6653727768246753 -138.2416061799661406
v -36.5586565719298733 85.1806255309746376 -40.1017179582302390
v -24.2946909446688188 14.7389772964757757 -90.4130861166023863
v 12.2134913764762789 -113.1670374953562259 240.0376112079540860
v 148.7244241181412292 -76.8545549305299289 306.5766211423266441
v -185.0088680952654272 -49.4506937530997135 -245.3358210835130535
v 93.6943198158957387 135.6386954145410186 117.2521015571618364
v 94.9992692379988739 134.8429459167921323 101.5102319077912512
v 78.0036769059029638 135.1319207081999707 117.5705815700900416
v 173.2909815227986030 45.5708961178784335 374.8808063566369242
v 27.7876806855462846 10.8661557577332069 -154.4906818985654979
v 96.3008732012616520 134.1038870883322431 85.6784087175671090
v 79.6377178679723272 134.3718017849771513 101.7896016855657280
v 207.1064768757410945 -15.3902537772836627 -152.0793058411321397
v 171.3329007594703626 -42.8137156050399952 354.2970895952363435
v -38.8269591453468692 -25.6705947688817098 -154.1643414952387729
v 161.5460820477182722 -65.4615517134135416 -139.4088166390977790
v -62.4582690872861477 124.2380331097070183 90.9493948019896550
v 27.3746291524053973 67.8112716354280991 -138.1858165798203970
v 207.2633012500339476 39.6828118721187337 -150.7322649870290263
v -194.7498473108153121 -38.4276441237195314 -244.6530790765061170
v 62.2025571674428832 -112.0169569357882438 256.0902921966933263
v 24.6851845952421876 25.1558494349596984 -154.2895325910984639
v 80.8731939005468945 -57.7629703269791790 -156.0808963912420211
v 93.7940221580118703 -64.2969677749760535 -156.1940093262454070
v 212.5269445795232173 12.4304788913042916 -182.8130488657491242
v 164.2945538231456624 99.5815509217219414 -152.0380483773817559
v 20.0512747650096763 -21.4749292626634585 90.4191060253466361
v 30.8675589817706779 91.1283049561340164 37.6149971830742800
v -34.3096431089756422 -66.3653624074584485 108.8549040094522837
v 57.9422543289595566 -38.8916995254129034 -171.2293257372066648
v 158.2241276918236963 -66.6435914700409455 322.4992414274958605
v 68.9731859168826702 -48.7303944173348782 -171.4841941029583836
v -32.8616920966707582 -12.1804705474209438 -153.8592049743041912
v -46.9578332461751344 -37.7548809781819728 -169.9646080937653494
v -45.3881228694284644 97.2878602459018538 -55.7107661815493884
v 81.0454802379041723 -57.0216875831870240 -171.6827360614151985
v 212.8699451761580974 12.7345993129922306 -198.6704470822943733
v -166.9297017750467376 19.9645264900579740 407.1002015099459186
v 195.3627277016946948 65.9865395194585318 -182.7767376964446555
v 27.8035236858282211 68.1775466563162098 -154.0380384417129278
v -59.3911159962496384 93.6077788347761981 -406.1641248718992188
v 164.7853105875891799 99.1843232171790987 -167.9021566832915937
v 25.2005937487191964 77.3556356467530151 37.1835576086138744
v 58.0755214966616506 -38.2335452030062868 -186.8397159783987433
v -33.3379478787052790 -11.7269907258582915 -169.4708605466335882
v -46.5130358009581855 97.4271041860594238 -71.7337694036131523
v -99.8149470015069085 119.9566893481446783 -182.8775424103849616
v -100.8810364139139040 119.2810696217061803 -198.9905758600378647
v 44.5733454754099512 -117.6708303051972848 269.4685232815387508
v -55.9660467385049287 107.4644584630020887 -71.4183952034765781
v 69.1001456005820245 -48.0274646271824324 -187.0943159405758820
v -103.1736055462259003 125.9087590889168951 -21.8018472129676546
v -104.4278171068906431 125.3135549905922517 -37.9322118648651525
v -107.7826509006718112 123.4214727490859076 -86.3308594640138125
v -98.6160265772065401 120.6224644149010885 -166.7060353248404567
v -95.8044224467001442 122.4009544293065659 -118.9923919913987902
v -38.1046707473775328 -64.4839779655676892 93.9562817046900420
v -96.5166792610693989 121.8133806611736816 -135.2416594268371455
v 43.0318270598365800 -129.2964531489007243 326.6986070687066217
v 98.0439818730317540 126.3793184843729591 -138.0486240098400117
v 28.2319628917584495 68.5487200424404790 -169.8814413290120058
v 24.6497840809229061 54.1030766989990326 -154.0600475348288683
v -105.6564919846020842 124.7041255028146480 -54.0557130539268513
v -33.0632751634860256 72.9080254565776187 -88.4120607813406565
v -39.4908170437133990 85.8364792513133779 -88.0247927665832748
v -101.8246666954167807 118.5862782113688212 -215.0533794978757101
v 153.1990472109301322 107.5187143284359195 -184.1892306793785394
v 147.9040198348984063 60.0613676511964414 437.3452966553482497
v 155.9793823249974594 48.0736587995367870 436.8647775701066962
v 33.5729040542675250 81.8308626475847376 -169.9352754174000495
v -57.1656813080305355 -47.7119945686263591 -216.8575883262315358
v -28.7104186245203685 1.9540475203280105 -153.5078646951733106
v 69.1781791469714449 -47.3395270938389103 -202.7213855467599615
v 58.9832671788268073 -125.2374434055137016 327.5048914067579062
v 81.2329169984625565 -55.5453912362376485 -202.9364918401053899
v -102.6821106719522589 117.8704267062685318 -231.0889593445771482
v -33.7985883242041680 73.0866384496215460 -104.2878638144288175
v -86.5730361750244697 118.0153742223860149 -182.9173811695268341
v -87.6548559540704844 117.5164694922854522 -199.0543408806855439
v 138.4192893463409462 70.7881740245106386 437.4461397126563611
v -105.6996570309004113 -75.3182320412931574 -232.5772955090150163
v -47.5254972205790267 97.4577405369298333 -87.7035136878058381
v 21.2382536267015389 62.6754650941765590 36.5915360098164584
v 26.1803626543714749 77.9177877620359709 21.3109370750529266
v -85.3755632128584523 118.4797219922588454 -166.9758192606655030
v 85.2909489859707435 124.3961995018727862 -154.2091265488265606
v -29.1918651399705098 2.3830594803147163 -169.1505400520510989
v -26.9108229826027099 16.8880439783441716 -168.8129650419596146
v 187.3342399787284194 77.6026532079481370 -214.8060647755801540
v -88.5958501290372737 116.9900629816319366 -215.1235478609456209
v 149.0324939067123466 112.7782165742030429 255.5413685433005924
v 149.5925179650825214 113.0947314895315969 240.2409844307534286
v 18.7842037973697558 61.1335536590832689 66.9662317383752139
v 24.0218659004853166 76.7547375583104099 52.8852434085324106
v 161.7244458088715078 -61.6425906241243879 -218.0934717570889632
v -130.5543936020838203 112.2068332931227559 -246.4789135642998872
v -117.7582435979342250 115.0204600362804825 -262.8287173101039684
v 212.1376060229047482 -0.0973993435877738 -230.7541450569671042
v 153.7054288977512613 107.1376962826295767 -200.0635766644903981
v -57.0846761506367955 107.3757223240761220 -87.4405165280809911
v -48.4558463180609635 97.4228864156016670 -103.6802364649377068
v -58.0957811736217877 107.2169040946577923 -103.4603755939853471
v -67.8780034741591294 -57.0838901115969435 -232.5753783406251216
v -67.7020984814659244 -57.5882875291345329 -216.9542902998175009
v -30.1657147882190095 59.7475942866654179 -136.3000130647909316
v 113.1092540400850055 124.1982039364070971 -169.5808293254775663
v -33.7856426446514462 -11.3018730141635473 -185.0861203955359713
v -34.4934684035795698 73.2293332928809093 -120.1473325728351398
v 73.0591798053573740 119.9800596308174079 -170.2210868809645490
v -131.3223058148115001 111.3194431463372354 -262.4500765531010984
v -143.7543376125116197 106.3714999356108279 -245.9615465026047048
v -76.8522159850942614 115.4607856862280073 391.9232830417075206
v 34.1096848423708110 82.1445976687479629 -185.7721599321734800
v 39.8211187962257398 109.2432743960338541 433.9361878244493482
v -165.5115723170465856 -36.9128462425802297 387.0100405788381295
v -162.5962110332794452 -38.0180794405877478 401.6993080954245556
v -196.5147925305462024 62.0017050210762619 -402.6328157278288700
v -197.1045902140113810 62.0520306913108257 -418.5306661974007056
v -132.0468708502438346 110.4232723683260247 -278.3932872267777157
v -144.5301964882154095 105.5113048224358607 -261.9371956654382529
v -145.2987797098795681 104.6350534239955863 -277.8820551039301563
v -157.9500109554375058 97.0584422905259032 -277.2907236857531075
v -157.1592077521345345 97.8703918611693382 -261.3507338549715087
v -158.7194856604029667 96.2388815613746260 -293.2064805080865426
v -169.8301283170566478 87.9493042612314326 -276.6719384162328765
v 135.2164007333003894 -68.1297420625143531 -218.6804320313370624
v 140.9980054466857098 114.2895875168454154 -200.5187124402498284
v 161.0986820464120512 100.6911025415276981 255.4104642856390512
v 161.7960232907079785 101.0379183032584365 240.1317058325298035
v 22.8596233039439873 64.0411504108713530 5.0449902746225455
v 121.3915940295563729 -68.0160252194681476 -218.8094191206087373
v -194.8494442086699792 -38.7481563351410117 -307.7644986767012938
v -184.8692790647976665 -49.0283032134395782 -308.4052738676535341
v -40.3205914874618045 85.9102327192723720 -103.9502888043373332
v -41.1012912133500592 85.9517298290714962 -119.8597189709841331
v -187.3049839890987300 72.4408977925394595 -419.0944670774990186
v -188.1331623901625392 72.2977236571826154 -435.0391731425197577
v -152.1456590391061638 63.0803614722789661 394.5436687970064895
v 148.7538143095582086 -65.9885717179518139 -218.4404025489230889
v 161.7410293154440524 -60.8695595717956834 -233.8278644497389678
v -26.8365159322711371 58.3231908951093345 -57.1657052726354138
v -159.4591867402734522 95.4143361944096284 -309.1108685218679284
v -160.1727759866736847 94.5827452336118029 -325.0159275445857929
v -171.4090123445489269 86.4557533987730693 -308.4716845806792662
v 135.9931127489376479 123.5069401159071276 240.3185147204405041
v 149.9697687750027626 113.1452584624471029 224.9086986361984941
v -186.6474910897866266 72.7214658005576240 -403.2069309738647007
v -163.0035901444467470 0.7480311765245609 435.7954577289627878
v -166.0144264140303108 3.4718877080560167 420.6622507000138285
v -33.7013279753246593 -50.1071801390071201 63.4246082283672550
v -132.7361120580924876 109.5165188208026450 -294.3243813962302511
v -202.9780656366401388 -27.1840602179900408 -307.1869133558797103
v -75.0527761131082798 113.0741027576564051 -199.0651920537723072
v -73.9928599829167410 113.3591665255488579 -183.0214450697299640
v -49.3206474282926308 97.3498039565791373 -119.6320360530010305
v -59.0344411960738924 107.0259349513410569 -119.4487930982955390
v -71.9969726589399102 113.9799073068268029 -151.2354066592712343
v -147.4001975678777683 101.9704194222580185 -325.6295556311372366
v -148.0538753020939851 101.0633878853180931 -341.5300517930871820
v -91.3568122565247620 114.5476287962823960 -279.0550170682314501
v -76.7719249729257456 112.3634563647346596 -231.0968580783434732
v -165.7090981762567310 91.6774011546818457 -196.9679632087060099
v -153.7950373482946418 101.1825494865915829 -197.4892029505487585
v 162.3240977378606829 101.1039551684481239 224.8159076861279289
v -21.1290577063647369 27.4131498582792226 -26.8580720943549416
v -21.4143299663195847 41.9134420866744293 -10.2740670580421387
v -170.6288590116517980 87.2060276623137867 -292.5757321078133941
v -23.8843929446279084 43.6667980234884681 -57.7728341583451552
v -166.5424912753410638 90.9066898761049060 -212.9258210488813745
v -154.6669367744898693 100.3300038752922774 -213.4653889205314670
v 109.3763354681340303 133.0220768951281798 116.9573177455326487
v 113.7256236774340010 123.6582813886048768 -185.4963944309720034
v 127.7993267673952289 119.7111480066097613 -200.9804432752704599
v -175.8926748862961631 81.5504959422475082 -180.5127918881936750
v 19.7410433690789731 48.2966829983324573 20.3416167371255376
v 22.1176060450124545 63.3967901150299795 20.8923041854369771
v -27.0131494489524968 31.8511694135841950 -184.2015772438094245
v -26.5182875476941113 31.5256941324933919 -168.4797611757970515
v 204.0304568809013688 53.3604519373339556 -246.0871210321423632
v -185.0150413774808555 70.1618063540083625 -164.1204270041340862
v -174.3828472642076406 82.9230447217780977 -148.5765241627033220
v -175.1267661145358829 82.2362383177846112 -164.5486457356994663
v -165.8418812589403899 36.3996010929233051 393.4033370387011246
v -41.8454880530948472 85.9773815421281995 -135.7526614894779016
v -50.1432037330531131 97.2634738639824832 -135.5679231434282883
v -67.6730198299123060 104.0410283842307422 -310.7551279914554243
v -67.2609628278736693 104.4755066705891124 -294.8095400289753343
v -185.7631588265829805 69.5939602486074307 -180.0719965319906066
v -177.4817774213065604 80.1986621671696582 -212.4118282035524032
v -135.2689503188672120 105.7883644123005382 -357.9169335755516954
v -119.6908547792028088 112.3774900373486361 -310.6203127102784833
v 141.5182961901754481 113.8636502156639949 -216.4038712550806451
v -35.1604105465933259 73.3548598932088254 -135.9951066040631531
v -30.7500197842471330 59.9441615616806374 -152.0967904168479095
v -35.8080923366701782 73.4757757035590657 -151.8364389495011153
v -142.8326684949148841 75.0528096635551094 394.4767979635672077
v 157.1853387572887186 103.8221069257894271 -343.0792005388523194
v 25.9950491578048961 55.8744444328360785 -217.2402934802209700
v -194.2684079847466307 56.8048845958165387 -179.7152498380002612
v -173.3695662551001249 -57.5209757469655614 -324.8190918659959721
v -30.7567202877697916 31.7112352928062649 -420.6016681788933624
v -30.3876869408607320 31.0836981495861693 -436.5158912665148705
v -188.0937837514342448 67.8951477524856983 -227.8744431052518848
v 172.4925959185136435 87.5561217819912514 239.9879948900237991
v 173.1466762580917305 87.6518076563305613 224.6994972214939139
v 171.6504030165197321 87.2048965329637582 255.2461246112578408
v 157.4409164753446930 103.4006749703242320 -358.9837610977887721
v 108.3301270919301800 133.8451172849071042 132.5372250093255104
v 123.7685089851814979 128.3861336681721639 132.3410603396721683
v -66.3449972862368611 105.2451539207096545 -262.9215466035423674
v -184.8693940949010823 -48.9341414879702299 -324.1710506068460518
v -204.6452736118545488 29.7784970991318616 -147.6351561399005163
v -135.8704714870365251 104.8374297192321762 -373.7770541712105796
v -148.6895891684969797 100.1472881418940091 -357.4168210293655079
v 180.9508936228089340 86.4783376424059469 -373.9808491710556950
v 169.7785756590525637 95.3648061490568750 -374.4349496758845817
v -188.8957544606083161 67.3206490727718574 -243.7820711336121917
v -196.5196237948887301 55.4338791368398063 -227.4873668073335011
v 144.4850759301593826 110.1757563433495335 -343.5169092539476310
v -149.8829018752569198 98.3271380583762635 -389.1347232752476089
v -105.9088201022372004 113.9608506530313150 -310.8447172703149022
v -70.4194402351624973 101.0636562888926875 -406.3663477936646018
v -69.8839511392618959 101.5550936481146351 -390.4432290447139735
v -82.1118045034389183 106.7399701143053505 -390.4839880446830307
v 157.9405209719075742 102.5966337192891018 -390.7898147462379370
v -82.8545347093654385 106.1515432062389692 -406.4139319131016350
v -63.5008971515218761 106.1486674536541415 -199.0410357320597257
v -203.9675545860291379 29.8819355231477815 -131.7526813608155294
v 207.4481546261869482 53.7071430831193624 -388.8267493450960046
v 213.3569442905574363 41.3706198216825030 -404.5370240594012330
v 208.0895241393400852 53.7360252249130212 -404.7520920093788845
v 158.5409301824107331 102.0238604911261575 -422.5955616477447165
v -36.4431160224527844 73.6048874087760794 -167.6705627417931339
v -30.8814249021505454 3.8081482595701832 -231.7485803008020184
v -106.4714227520917831 113.1251186085113289 -326.7547034157947223
v 158.9903527963682848 101.9200554086556707 -438.5062188021610723
v -136.4580164976435697 103.9010463342430626 -389.6163159747874829
v -130.8875687107205010 117.1452194194255867 290.5616700275004405
v -101.5067618330055552 135.2642628421539257 260.1800724927380770
v 114.3061039225243007 123.1278584101745679 -201.4048660134238560
v -93.4257245244724288 111.6837051404159666 -342.7387114328082021
v -56.3610840781623281 96.5179350063647803 -278.7335079292472528
v -190.6622909301028415 58.9506657303567607 -100.0876162757587338
v 185.0868393336821782 -44.9881008919573517 -264.3999134923528231
v 107.3500706110194187 134.6893999004460056 147.9971942186469676
v 122.9996190165749539 129.1494734342899733 147.8343115922420736
v -150.4300713195729031 97.4726561070031607 -404.9727580910549705
v 100.7349673542883295 124.2975228448452469 -201.7310530432794167
v -21.6191842017000972 12.2380527000112309 -27.6047708388485304
v -20.2638563872316801 26.7109174381286003 -11.0879817262852018
v -122.0989045494797125 108.6976386864297695 -374.1522056817438511
v 144.8625088710766420 109.2093021721650388 -375.3014331013783362
v 147.2886279534282323 111.0919040159833742 286.0504961193582858
v 159.0590161822521509 99.0488273412237561 285.8699755437664294
v 160.1808280939112308 100.0451893392905163 270.6621523210830560
v -43.9816593810807532 86.1158873724556599 -183.3633912237503694
v -61.6624429028016792 106.4248068026916627 -167.2377044627241958
v -83.7329908514540904 135.2021082429537557 319.7910493599400752
v -99.6881167266738686 129.5322456891730667 320.1070753973291971
v -41.3638857677130218 74.1308817282257593 -326.2236861151635594
v 19.7041067235872909 33.8340607323380667 4.0503249705808386
v 20.4133116455258872 49.0776415419533478 4.6086427490840300
v 20.9914253858849165 49.7675058295287087 -11.2298905305047132
v -52.5238475811965699 97.0789559922977077 -183.2630466302236414
v -122.7253584925595220 107.7851144620528174 -389.9923493827801053
v -41.0280218304095143 74.2603576954368378 -310.3456975101109379
v -36.5594665755746036 59.3191359090512904 -437.1847529743790233
v -114.9248220911509151 122.0851776238081072 320.3220283172034328
v -172.0910641709354820 -7.7904113558495096 389.4814240068749882
v -107.0348977135637796 112.2778835536520035 -342.6504258284538764
v -173.3869166290286046 -57.2246006855727742 -340.5690136226041318
v 117.1906275527400823 119.1504241817772680 -312.4890534266379518
v 131.0125872614250966 115.5000588806948656 -328.0144172497384716
v 117.4301010563209928 118.5447906874116342 -328.3426748214550912
v 182.3010402897036784 73.0440868972079755 224.5547893514251712
v -94.5676762900672827 110.1790730446640367 -374.5387068291453261
v -137.0257667446250025 103.0175480392890108 -405.4428477802555335
v -139.7518843366262900 113.5620604562507054 58.7582203673797991
v 217.2527454889133196 28.5200126494181525 -420.3393228564211199
v -109.7352773199308160 108.9414162330459845 -406.0961420807937543
v -35.6571081365850304 -48.9149314607035492 47.9542863097404108
v -27.9131593566644582 -36.0541992428801024 48.2927815606590372
v 19.0603814897750752 32.9359919576208711 19.6888592437364629
v 20.2562871667823536 34.6358756715804503 -11.7085691340919560
v -123.3773395327506961 106.9329522844314795 -405.8169640198582897
v 176.1223708310886309 -15.9366659400856499 385.7345867924133813
v 172.1716811017302859 -30.6812725222462355 384.5771538920702142
v -108.2333005023988903 110.5631489740522539 -374.4050035056345109
v 28.4220309659319490 13.8309440390521345 -248.5997619239296341
v 145.5758201280603430 108.1000860568275215 -438.8585560088546913
v -23.0164332994739027 -3.5673662885631714 -12.6613251371307101
v -20.7702524528157291 11.4567215067845591 -11.8946111546466895
v -19.8033309718361892 10.6478825418537237 3.7868676904424263
v 205.3534372717113854 39.2009387867018404 -87.4037835817307496
v 26.2967563437820644 56.2553091051712357 -233.0340800495897327
v 48.1372560679503465 -24.4232370852108112 -264.7294363952067329
v 137.7865375051003696 121.1888247147998641 147.7351556431170536
v 138.3826522584101895 120.5109714871871489 132.2281007781399467
v -151.3807471949086505 96.1633163692871875 -436.6786205194486001
v 78.5147029331485840 113.6863600688090941 -407.8554891688262387
v 204.8004683930159899 39.1667436920076995 -71.6245291487573326
v 39.7851239597055937 -12.4282453901300727 -264.4889467923791813
v -35.9019712798020194 61.3096072323266839 -326.0956767817707487
v -205.2105315399291499 -27.7700714938851654 -417.8452018112801625
v 148.7434424285689261 -62.7651981606652711 -281.4628655358274614
v -205.4569643647653550 15.2136238552930347 -100.2689804054421501
v 103.7751171285532621 119.6554638507254680 -328.5782181298367277
v -173.4443933373574396 -56.9212854746085881 -356.3196639032003645
v 150.2261996329922340 112.9984512929914189 209.5080849602279898
v 162.6968048586968791 100.9841800732898776 209.4505699085313495
v 162.9817535964859303 100.7287653145470472 194.0408305110249501
v 212.7363760544346007 41.3055175760828845 -388.6387901561514013
v 216.4633130610091030 28.5025184878604243 -404.4209970284451856
v -137.5419451619184485 102.2602952828090963 -421.2777767832712925
v -137.9192630727323206 101.7447782886101493 -437.1492470157983234
v 204.2304558873344718 39.1591061724344840 -55.8430891438194621
v 155.9712631168662824 -59.6142072959389537 396.5991800579088249
v 25.6498821608894580 28.0706571363542459 -248.6045931882721334
v -202.8957040826105356 -14.4819545127459257 -69.7069389818235408
v -198.6342605289352150 -28.4208830613585022 -70.4272191459044734
v 205.8831700695213556 39.2589523021798499 -103.2009443674657092
v -192.0361146266126866 -41.5209306163706984 -71.2514865234529253
v 122.3576935245887398 129.8823589805344056 163.2687441186102149
v 137.2815074219941209 121.8338751912615834 163.2026401525268682
v -201.9145164723497317 30.2266184350447773 -84.1914912577377521
v 173.6306079030672720 87.5620554181579536 209.3741899198782050
v 55.4594301985560421 101.0974080383966651 -423.3474367468909918
v -31.5434231471788813 4.3456312105962667 -263.0855411876133871
v -23.8639391543682926 -2.7189401928416368 -28.3199129916445642
v 135.1512457655700246 -64.8300172741005269 -281.6645899938114326
v 209.3191576012464736 -11.4504775289847416 -294.3241513360234762
v -38.8404991471004521 74.1980017935557328 -231.0073646579035085
v 218.9204327562252104 15.2750031995255444 -436.3389749674960285
v 121.5109090043010553 131.1737540221210452 194.0566279785576285
v 136.8770424067794238 122.4274305247709265 178.6447413524545880
v -22.0515128630013102 -4.4557270018460740 2.9825005207810058
v -18.6829641258509866 9.8049551247204381 19.4015907321956398
v 208.2387756984928728 24.5245546416954205 -71.8150573433444066
v -201.7874082081001745 -14.9767948458599243 -38.1960142353137471
v -202.3356800242403324 -14.7876925452628303 -53.9476614434727608
v 169.3712924063047467 85.6040992707750519 285.6534122024447129
v 170.6091505206037482 86.5592613201431220 270.4668312055212596
v -67.7763695848901904 141.3544166362078442 304.5797752341549085
v 21.3355139755810477 19.4893754763081262 -12.2982901308215133
v 150.4667084075036882 112.6827895175963619 194.0698947838156698
v 150.7375947151529090 112.2503242580473710 178.6239592471081892
v -23.6402703077015168 -21.0462048779352386 33.3657084769908607
v 204.1548811094050961 -19.1516542821269127 -41.6203453832283472
v 198.7929637282501574 -32.2449725760906034 -42.2716841720089036
v 199.2683448022067978 -31.6548777315250192 -58.0466824911567585
v -32.2552246340555300 47.6336398965316334 -325.9769657150688431
v 121.3173325119740582 -64.7247072144439812 -281.7384009768221631
v 135.1511307354666371 -63.9973814565302064 -297.4048875651023423
v -201.2305474775732819 30.3773318350948500 -68.3675284579121580
v 151.0704534910052530 111.7385073988409090 163.1621495561324480
v 57.9656821266839870 -35.2542655251202959 -265.0231465925376142
v 68.9281276667993268 -44.1353060487673545 -280.9981439181185578
v 190.9381906330916081 -44.8550494056991198 -27.2118663490248771
v 181.7998349575352393 -55.4118125286722005 -27.9301910013481240
v 182.2937358781381931 -54.7054701787857525 -43.6905038106294370
v 21.8408424180179743 20.2931603060711190 -28.0587563135740155
v -92.3896292115252464 -69.5180307945259131 -279.7050521825069040
v -105.7258167935804352 -73.3655672786663473 -279.6772148974857259
v 188.7984773365053854 -38.8945992426026095 -422.0051888137625724
v -67.2734100436450149 139.2612234306022287 319.4069255013420729
v -29.7463749427592887 18.8491538677284325 -278.6707781795300889
v -119.3834655854101072 -69.7565361280699392 -405.1585700514029327
v -203.5498419372403305 -0.0712683384336000 -37.5661860758677335
v -30.9462491583336323 32.2843871617262153 -404.7723756509438999
v -146.6997121674224331 108.7304030942129458 230.0052223971412388
v -29.8805743335909604 16.0588974072434496 -436.2397039882676495
v -35.0497731552733782 -8.9474991658825296 -420.1199604492501294
v -31.1422796261996844 -0.1427379795481383 -436.0271667005646350
v -31.8958202653846854 2.9323006647220313 -420.1219159610078009
v -37.2334662947236410 -47.8026862193100115 32.3935507298464387
v -29.5230487899422052 -34.9483525509878135 32.8268307859611355
v 189.7827132445061125 -46.1694600538063540 4.2652012037194886
v 180.6245340477983063 -56.8435442963986262 3.5460329973046925
v 181.2473453709373246 -56.1213086205600078 -12.1818413228197144
v 121.2999342088358219 -63.8971327214229561 -297.4670805076702891
v -170.9155523726756485 -66.0496335311697464 5.3962155236500315
v 153.5327974700838070 -60.7515770290819788 411.2302423421783146
v 142.0877910603917087 -75.4961260961908636 424.2904535345091404
v 171.0952102224920566 -64.2206932305843594 -28.6414604739965810
v 171.6003074064919645 -63.4607468525166496 -44.3913438872369071
v -26.0989932349836522 -19.0500611326862597 2.2697356567884350
v -20.9276783386908960 -5.3693919414150111 18.5719169397876982
v -35.9441897242078383 -9.1285253946372187 -294.5348864854399835
v -199.8856155086990327 30.7035931552255050 -36.7604768883333861
v -30.6643798722708318 33.4049960502206389 -341.6476125587550996
v -30.4463666723542303 33.4581974730400376 -325.8809922654710931
v 217.9237735970580161 15.3861989661390499 -420.3032034039555924
v 169.8896947389304728 -65.7606203963941169 2.8216500928694002
v 170.5301248395725509 -64.9843109861187145 -12.8997058547293868
v -202.9549062424902672 -0.0909888117840858 -21.8146155544443090
v 203.3928066744246053 -22.9547579923712064 -310.5870881820817431
v -202.8806926541177234 15.2741464649013121 -37.0824844910989810
v 31.5343381654712971 70.0242495220338981 -327.8464349554164983
v 144.7670818144699751 107.7070761227424214 316.3388425836365059
v 157.7695287232134547 97.6512499283631854 301.0384584710893137
v 209.7869466883791461 -10.7580682003718078 -325.9022728345988185
v 80.9809866932683491 -51.3565220919615513 -296.9753651590318100
v -30.4070072053098279 17.1653252408039201 -420.3092233126998281
v 37.4387710646757697 80.6089745459734957 -438.6113179732947174
v 31.1330244957974998 68.1735781177491447 -438.2234748080203417
v -57.9929538470301438 -44.8146067385144349 -326.3663809584229512
v 159.6096748730377328 -70.2241910134153215 -45.0505814097838027
v 148.8187392170817702 -57.9608508623414735 -375.8755483474142238
v 148.8485703572284251 -58.7294820132153816 -360.1524669482645322
v 57.8183956651308435 -34.7204539515608488 -280.6750627010546282
v -45.1900985464369285 -60.4756677402512395 47.6705453880369774
v 166.9285514740128065 59.5704287557558629 375.4742850034106709
v 167.9766099177128922 84.3026966101932089 300.7955915794582893
v -38.5425999368377035 -46.7452911655511727 16.8004916908989586
v -30.8557060882001970 -33.9068747877860162 17.2686258683418181
v -36.1023992526623729 -8.9726092788690881 -310.1959474871767952
v -212.6711539858106050 -15.3815498327935707 -433.3194347534223994
v -215.9376830035535022 -2.3836394237526575 -417.2002280215540395
v -216.9336903254681488 -1.6784305996767330 -433.1304402935472240
v -30.8360335440594575 33.2725508684657143 -357.4186998543876257
v 134.8653480294279916 -59.2234596205539248 -391.7559909280059287
v 135.0753834123821662 -59.9209925816888358 -376.0488220264923029
v -32.2653760406799890 4.8411665172515992 -310.1121480568547781
v 121.0819234053797118 -59.2505587957449933 -391.7893880013577927
v 121.2832069146340501 -63.0683216547904664 -313.1982523574253037
v 55.5633790686557703 -31.6766807290390204 -437.6444899542742064
v 67.0320289575161610 106.4625175049207542 434.5531326123153235
v 48.0032507904181500 108.7322244041833414 434.0658650943414045
v 121.2587726035049229 -61.4325839986960531 -344.6410601110424068
v -170.3863372103309644 -66.4920968238720036 20.9991288081215366
v 27.6738679840805837 56.6536775249060653 -343.3431754544560022
v 16.4339866098040659 -24.4481075521486346 102.0040177982908034
v 169.1652351477595744 -66.5529094051992445 18.5233358927879372
v 157.0902088617824859 -73.5238391150935513 17.8052413006714758
v 157.8340414395331948 -72.6785020569402320 2.1148667942532802
v -66.5477234647046032 136.4257217961159085 334.0744139850194188
v -82.9282019047468850 132.2583920387001797 334.4422802556711645
v 216.0951783867828055 2.2730152129653871 -420.4606412721332163
v 216.9815620201636364 2.1392088416536397 -436.4942656070769544
v 107.3822502824436924 -57.9345281403483057 -375.9799573379275444
v 107.4288374743179730 -57.3669025093122116 -391.6911906364276774
v 68.1781601502009806 -40.5968075232349221 -406.5428806590055046
v 56.4300158676207531 -31.8632451779800014 -406.1516632773649462
v 80.7541665010606948 -48.0512758585848445 -391.1759708033292213
v 93.8175649858396952 -54.0840200452035518 -375.7606332741243591
v 68.1906217447352532 -40.8071113097636911 -390.8114787490436584
v 56.6466319310732302 -32.0314191891409763 -390.4183825423810390
v -199.5366525183716249 -15.4213718167120337 24.6225003782743102
v 144.7530481418559702 -77.4039387043362410 1.4490342124451685
v 145.4388288607608786 -76.5194051384516456 -14.2414936674442192
v -32.9822819883947176 -7.0743082223980469 -436.0038922763113760
v 158.5021937950930635 -71.8448117967554651 -13.5941042455468306
v 146.0500413151410726 -75.6556345062295463 -29.9425659734779899
v 215.4762014004235766 2.4410070931293255 -404.5998688392217559
v 80.7188139159511593 -49.4812150738667285 -344.0417724440472966
v 27.7564739770798816 56.4575895419883196 -359.0807698183171510
v -198.9570158273728850 -15.4814486846696617 40.2629901631876237
v 143.9864204319495116 -78.3073755505451174 17.1278673651562379
v 27.7870264518332348 56.2198031465905075 -374.8196103416316873
v 25.6068321446945220 42.6053194010591696 -374.4933082816727392
v 46.1041660913677376 -21.7501507673343220 -405.7666958646753983
v 56.9885684992517056 -32.5745673727591836 -359.0090677205353131
v 68.4129126266217895 -41.9668927413845054 -343.6910073154333531
v 174.3873717816077829 -49.6438676400648262 -343.7032771931286561
v -28.9930739496230210 124.2006291544203123 390.8794231967813175
v -50.4224249302773799 141.9847911886449765 319.0040133925232340
v 156.2230448415102728 -74.4053147973962723 33.4788980987298501
v 143.1062484241519144 -79.2429920681782818 32.7975364529636479
v -162.1623174832799918 93.2570232920042343 105.8230939176833516
v -161.5137969320325624 93.8278985234611866 121.4740897853732520
v -49.7738708285831351 139.2942466561180481 333.6955048244419686
v 57.1511443787142142 -32.9264348731972802 -343.3253841317978186
v -169.8144458796273568 -66.9262204340782461 36.5715974585616195
v -157.7919212500073343 -75.8349280940518753 35.6153905524210685
v 46.9857088745641036 -22.2324312510340683 -358.6579191582434305
v 25.5095813816569645 28.8284419070623628 -374.2004416384334604
v 130.9711668383615688 -79.8189573817103906 0.8589297820376338
v 131.6779117936098942 -78.8826027542471309 -14.8102791853561992
v -51.0403283023382883 144.9095753550483892 289.1428120455120734
v -68.0462541720556970 142.6778188040636337 289.6140520357465675
v -160.9563227076209273 94.3592321568767005 137.0798404790618008
v -47.9811841822505372 -58.3308164323801108 16.4660608369668928
v 130.1778521444678631 -80.7832834959821184 16.5238826356059150
v 20.2848397952590034 120.8652737914804050 404.8787401532148920
v 19.8237595992606899 126.3013184884303683 390.5141642751398194
v 38.8342156277025978 -10.8108238815405517 -342.7250995372399984
v -169.1136633180715876 5.4923135891931691 405.5899329391277206
v 57.6471973208348132 -34.2108226643188615 -296.3280524238700195
v 151.2898638273860001 -61.5869064682400875 425.9662120807424799
v -50.8454625142691015 143.8693581300629489 304.1471086719249683
v -157.1324536672536567 -76.3704507403993063 51.1308809583136750
v 29.5081308234083899 1.4633147204893469 -436.9587571645790263
v 25.7573562243660916 29.0848152500001369 -327.1401501205817226
v 186.5300645259059706 -40.2689597462616362 -390.4867104237966373
v 173.3864948519828317 -17.2658124237296562 400.3670294379235770
v 47.7816405033100153 -23.5126923371964196 -296.0196183733048656
v 39.2350068689901477 -11.2776975207670578 -311.4154582999845502
v -67.6664055989671880 -79.8635890618269855 62.9617270923126924
v -172.1270110782458858 7.1778041614656649 390.8131658572268066
v 39.6162453891613353 -11.9879317224849764 -280.1300500711772656
v 39.4329928486138854 -11.6085864060988087 -295.7747959699161129
v 47.9685404567192251 -23.9471179014240718 -280.3739905771066105
v -62.7652029535862468 -64.7578167125373341 -45.9172948954843818
v -63.4841267210313305 -63.9353514732753752 -61.4370030718347451
v -73.5108119558842645 -74.8286926787772018 -14.7903789774691621
v 212.2338478760771352 41.2417142120674072 -372.7647892613497334
v -61.9770454426613284 -65.6170628273593053 -30.3865054858404626
v 35.7847891548910866 125.8562766042437033 390.4438425385987443
v 116.0271747436526368 -80.9103246593380447 16.0305185221521320
v 116.8503780927447053 -79.8871414754967617 0.3812481060131330
v 138.9867136746961194 -83.1724299859347269 95.2098797714700282
v 51.3645550275151805 124.6866313412569269 390.3755146571831460
v -65.5876055350486808 132.9192399826945916 348.5831609260140453
v 45.8484541715244731 92.4885455146015119 -375.7202577078332979
v 82.8508920894246614 124.2102725114214508 375.7219831593841946
v 96.2940384959517104 114.7728193953586384 390.2002087796117848
v 36.1907974906596195 144.7342886491609306 240.4685906620009348
v -33.6931392698393495 145.9738913866947314 273.4820002756659392
v 124.7981626123386576 -86.1600493463167396 94.6143305828352084
v 126.0201178148435446 -84.9974976063725336 79.0576593999278003
v 35.9646722719933081 135.5722271864636070 361.5769614053191390
v 35.8204053506542337 130.9389104802017130 376.0480551591363678
v 36.3181310221950113 146.5746456875080810 256.1117644826600781
v 101.8841660163969607 -78.7327568728934750 15.6794466465958351
v 102.7400283290107694 -77.6560367617645682 0.0444016199098067
v 112.9344082829272224 -84.2540197047739525 62.9743037169503594
v 98.6663810049669507 -82.3229230865333932 62.6410998507878176
v 99.8699889059806054 -81.0549558426712053 46.9864230197893349
v 115.1136440058709809 -81.9745544184068393 31.6843517990590620
v 100.9328862330184222 -79.8623045590057501 31.3294455867229900
v 86.0036659207535621 -76.8275995429681018 46.8013012400617470
v 195.6245362170178055 -23.3284572478491548 191.7353971788168110
v 196.2434748600092576 -23.1786497098633042 176.4961323945392735
v 79.4083238772012407 -83.2251904600244501 109.2190893167954044
v 93.9949126477462897 -86.8013038293664749 109.3568953806605606
v 92.1882786013772488 -88.6290075563403832 124.7189356286265394
v 84.7154725503780526 -78.1918182258446279 62.4742295141319630
v 71.4240172997799192 -72.0189865449767979 62.4558246975890370
v 36.2189151615578169 142.2642664106809036 224.7822422092014847
v 194.8934240515340264 -23.5172887484111754 206.8613189678841593
v -185.6072738648011864 -44.8638108652409073 115.9503442204278656
v -177.0727687170078468 -57.7499910969796346 114.8639232372461265
v 19.3836795865131108 135.9959214006288448 361.7146907824487130
v -33.6154723819044960 145.3789269344188426 303.7436597559569122
v -166.6055469436844874 -69.0648121871563916 113.7551864140060758
v -14.2556579471547611 135.1168709363393248 362.0383088066618029
v 2.6121379246400593 135.8211044009969157 361.8580949780123319
v 24.0933547132837553 41.1723414738793139 -437.4609785959941064
v -43.9910774707960783 -78.5230090651977832 123.6690942183238491
v -29.4200105748276748 -68.8883751802349877 123.2256915131105472
v 25.3746462774556711 14.1308610690452436 -436.9901987261732188
v -33.2468224686734146 143.7081913693670003 318.6191993533049072
v -33.7858343614904371 146.1355086819622784 288.6955750035190249
v -32.1915482824458863 140.4565779216974306 227.1829971537548829
v -173.5807231815623766 -34.4742895302992238 343.1407033007999416
v 65.3231848777943469 112.0618953628472241 419.4525941327300984
v -92.2337154922175984 -117.4529920468962558 421.0120955878006157
v 18.9326393617265936 145.8369288769211209 256.6030963976205612
v 83.5903247657205668 -128.2310539171141102 416.2639596666683133
v -64.5474458251149343 -133.8913114572614802 417.4793677391217557
v -77.7949547832958501 -125.2739175341313143 404.2756756644917004
v -32.6942945387076875 141.1712791257637889 333.3231140363901090
v -15.4077599211438283 142.3420075888908514 333.0064745051162163
v -167.2597039699981849 -48.3559330874219526 341.8318907843911347
v 36.4548562823803621 147.6457676669385251 271.6392180193055879
v -176.4660232649760871 -58.0426085083282430 130.1758870468682119
v 182.3157641429380078 -39.6499108660877653 280.7328844996936823
v -145.7834686363690935 57.2890079576310569 424.5680595173649294
v -151.6613535462946061 -80.8546021600859461 188.2386354091322289
v -137.6698011218400950 -89.2779498846335855 201.8952393441894060
v -74.4122693257305912 -128.6755494083096494 418.6548987090654919
v 2.9171114488168022 103.5668647122016779 146.0430628222019038
v -122.5129458208018747 -95.9543641864732990 215.5556776160263723
v -175.8065365105384785 -46.9255337517264906 282.3275084796669603
v -163.7554077285413427 -70.8286358633792190 189.5966041230577162
v -163.1295672793463041 -71.0409814342432213 204.6321889375935541
v -177.4910181729458145 -46.7007553438540697 267.3609417271670736
v -178.9641895354196777 -46.4766383590761620 252.3929946134264810
v -160.3360228750726435 -71.3725173639065531 249.6052784010580865
v -170.5679889152728492 -59.6608232453390812 251.0150106615105585
v -171.7666601076825543 -59.5271582651960927 236.0239041536201228
v -148.4972684214653498 -81.4713168877451324 248.1774480710050739
v -161.4723477514431806 -71.2881715405934386 234.6226074340831644
v -136.3283967428032213 -89.7089197528384545 231.8108882734733811
v -183.8308639780987335 -32.3470665857731206 268.6969780347122310
v 28.5087780426534074 118.9670566111264236 149.0748729139708075
v -147.2313142044125414 -81.5484445720703235 263.1188615742296406
v -114.9277553587874365 -99.0382062283437818 424.3238122644931991
v -100.1088585015186965 -111.6649744052467526 422.1225195192237720
v 11.1767112749448287 -28.3117434578431535 111.0893254244989805
v -92.8800504715005530 -115.3224332293717396 391.3482858982123389
v -15.8227286226746031 144.7641389609914881 318.2699679594028908
v -140.1808124204959256 -82.7946807122331450 322.6079832185703253
v 75.7328388772903338 -132.3691180990581699 415.5317547152022826
v 73.4940559041566530 -131.1743100009541081 400.7258466737750382
v 36.6274277985356491 135.9468706473735722 193.7468135667517402
v -5.1334358427144204 -141.3445911482096449 369.4614314388370531
v -21.2407447473781481 -137.3909489795308616 355.5413318802736740
v -127.5337989453957306 -92.0366689251049053 321.0248622489364152
v -21.4305899507263256 -134.7808200751178163 341.0564345140492719
v -21.6335054495725601 -132.0182954553925754 326.5783622672928459
v -37.5515940279601921 -129.4126143816440617 327.3451529365124770
v -125.6789864573888167 -92.8995384881837651 335.7892060796708620
v -53.7352775292409675 -123.1960616756448275 313.7887785648786121
v -8.0163184966114791 84.6441922296420159 126.3463048446990911
v -22.0751395669461914 -123.1360926484091323 283.1473663699186432
v -38.1936081889844345 -123.9271546694447323 298.2760488814674318
v -86.7282309561858966 -110.0798691663292885 286.9571633943041320
v -103.4565508430475234 -103.6741877986676172 273.6421221795894212
v -87.7767303486156578 -108.6137625693721702 272.2530186510121553
v 37.6056941234623494 132.5403020645912875 178.7438973015795796
v -40.8948217636010725 -22.0441317647002393 -420.2219921509599203
v 18.7744885465540001 90.5913156759683176 114.9254259991937346
v -36.8831636829837848 -142.8339434118941824 415.0932599610670763
v 119.5788921452333398 -58.8980682155801816 -438.9651122279646529
v 12.7830773121910362 -8.6967239546432271 99.5371588876540869
v -14.0543301033814014 95.9236319771833905 131.4229667411225932
v -43.1022254831132727 117.5192781439766350 122.3667233877051217
v -40.4962760057901718 -81.5875068780142954 137.9863543805364543
v 65.0330597853525916 130.6970309302914757 102.1425907295119231
v 88.4021202632390839 140.5221450806315886 193.8733466804843317
v -47.3300754536767627 -76.2248034578195046 108.9598881504825556
v -41.0357815694675878 -62.9574805643290887 78.6990722242831424
v -59.8451014709751234 124.7250130524224829 106.9190240560789533
v 35.3486668966383846 103.1900548510111406 70.0521826654745752
v -5.6930974364358979 98.9576180550748319 140.5200841246124526
v 20.5842979030687836 75.7210866350603311 83.1521942735794539
v 16.9825675693471148 60.4956733923997234 81.1320355977866541
v -61.8578263263361379 -84.2217729324560338 108.8881093659651356
v -52.4171236098524815 116.6166656801754016 74.7069908293871094
v 97.5908974674495084 133.4056447748930907 69.7714325264593640
v -158.3945064466330450 -75.3110810031988791 20.0584126225712787
v 5.5252757049665622 109.1893923784360396 433.8350380201988514
v 20.1568771928456840 61.8924455945365466 52.0155391401436091
v 17.9247539834063652 46.4645026831681704 51.0755898219493076
v 148.2631054743244192 112.1289579131255039 270.8366913312984821
v -77.4527593973847388 -89.9496969309245031 108.9575875484146792
v -208.2478630766609342 1.1032692986381318 -163.9550137154545268
v -205.4856068605102735 -13.1532082380033053 -148.6496066217258658
v 104.5321685823522557 138.2825664826160903 271.0506473236099509
v -101.9621084972878577 131.7098901623532186 153.2852814451073016
v -208.7919362940272663 1.1515016606369834 -179.7935469950432719
v -200.3873768197005347 -27.0828481057668782 -133.5080790819648087
v 194.5646105009843154 23.6069786786111102 269.0106267832979370
v 191.5721982196275803 40.0875980130387148 269.4781858102238061
v 190.0258293680278143 39.3984934034378540 284.5482796557776055
v -208.6185475848457997 15.3471845894048275 -179.5142155606365861
v -151.1028536367943786 -81.0997600679428814 203.2490669743927469
v -150.4335126368327735 -81.2620675438308098 218.2393299281916370
v -162.3911123589292345 -71.1855167591568829 219.6331113476402379
v -182.7651292418438800 -45.7141804904176894 192.2731245688125910
v 18.9331162573635794 47.4270985529680260 35.8753585860898809
v -174.1975337676410618 -59.0424309953387478 190.9571034992578689
v 105.1892013612507810 137.7882246132834609 209.3893738935261126
v -173.5372609741636154 -59.2310707790617812 206.0209857192284630
v -182.0792430786775356 -45.8911638903302048 207.3656109411603268
v -183.9126120382435658 -45.3713428530959675 161.8852387217314117
v -183.3587612620887910 -45.5420091831637990 177.1105465201305833
v -18.1562340930316886 25.2310168146062352 20.3308805941421653
v -207.6899862468874289 1.0144013543853596 -148.1448928714039255
v -140.8064707386939460 112.8420966249541095 42.7989438225959091
v -115.7117909576740971 124.5334112435370741 305.4859823886871482
v -149.5871211360650079 -81.3696686197132664 233.2142555348714268
v 192.9062215003633867 40.6937587287115647 254.4189047943889364
v -208.0001840923713132 15.3999810104018575 -163.6517943629098397
v 121.1024179354676136 132.0799515908113619 240.3421342350038969
v -19.2841138426447642 25.9828703456081342 4.6589875910024894
v 193.8640771713192237 -9.0818016045151602 267.6269680129479411
v -24.9744589442109302 -20.0286413939368053 17.8590753890595337
v -127.3285756551001668 -89.2648747962145421 80.1430067688112189
v 131.8530259543422574 118.0814494309434934 316.4001152853772965
v -55.4307972886530678 -44.2513330797233806 -436.3839517379228141
v -49.3483600973684631 -37.1347345191048888 -436.2775872356518221
v -56.6138195940802973 -43.6092638001079322 -420.6090684488783609
v -203.2605220555223298 42.3318353302416384 -227.2188865460135787
v -207.3732508571940230 15.3959130187245634 -147.7995341576495036
v 146.0878191182638375 109.6466274535823828 301.2263409732983632
v 185.0272153967566453 55.4751030501433746 284.9955933845063214
v 129.2946222530883915 -81.7795304639454770 32.1853462427046040
v -205.3206153488765153 29.6494596841899600 -163.5206983884093006
v -197.7841113781232707 62.4266741522207909 -434.5103797572208464
v 114.0907771548140204 -83.0870584775330201 47.3373415218744427
v -39.6574477343205132 -45.7248591183493716 1.1992271712427587
v -197.2903063159398300 54.9396427117686272 -243.3874411922376453
v -106.7548760985367409 124.0745561611012704 -70.1833936700785017
v 87.1182309358988647 -75.5586928865948551 31.1361183262866810
v -190.2202494144463572 48.3676134358373417 73.6615972497489651
v -195.4979264165496033 32.3846838260432079 73.2898966423174727
v 69.7656043345541121 -73.6352074268621521 78.1157929133436113
v -31.9734224488863781 -32.8845399509572545 1.6705821915806289
v 127.1881238988569720 -83.8842841949420972 63.4537491878935569
v 128.2945888775549861 -82.8134018615603935 47.8345016287402061
v 83.8840733064192108 128.7366112215275677 361.1088655712440527
v 89.1350153953254818 139.4723803570645089 178.6850785753778155
v 105.4356917011386798 137.1117325752275917 193.9972724452067041
v 190.0805836972430143 -24.6525304246414194 266.7982911481027486
v 117.5865036535680588 -78.9004803494828337 -15.2672554427699083
v 142.1356435834032936 -80.2020076260100154 48.4419372613923258
v -100.7880345753204239 -85.7961899575998785 1.4373011418990538
v 159.0818496577757060 -71.0331018721607848 -29.3224770294526067
v 179.9375934420175156 -57.5690199868161585 19.2546589467946241
v 20.7681891003361123 18.5931915177642360 3.3995229889494492
v -115.9042267348091144 -87.0523282724964673 2.0608793323940335
v 186.5146313203673856 37.4543864012114085 314.4350176857420820
v 8.4591825973302477 77.7642513315317956 120.2142034062744358
v 166.4345930383581731 82.6599133602659606 315.9046422866946386
v 190.3892861513827768 -45.5082382619759187 -11.4636700439676584
v -49.1918616417019052 107.2553816642428473 9.3685117407624272
v -58.1299211497247228 116.1816122433000658 26.0048554741191751
v 206.8379582710533953 -5.6399786915033197 -25.3055491322236179
v 172.0572836639056788 -62.6952502719602052 -60.1557977802403769
v 90.0631070270283232 138.4346458651439491 163.4925160130779602
v 203.6224259324814909 -19.6821946871211146 -25.8728009154236887
v 191.4384757244328910 -44.2013524997990004 -42.9733294593401212
v 182.7445771967042845 -53.9884492009676293 -59.4646585756857391
v 191.8976183821271775 -43.5407825452211341 -58.7498231698320907
v -170.8142300232700563 81.5438721254604388 183.3056844552147595
v 199.6631472887364396 -31.7907378694744338 -437.4501274229073147
v 205.0899224765212807 -25.0523510994315934 -437.1982114964760626
v 197.9890566790023172 -31.2493630666168798 -421.6177290821662496
v 68.2496657382228165 132.1744679924328523 361.2995854826701247
v 17.9033056620444917 75.6326764147606383 97.1698393598203580
v -50.6831310737763019 107.3372830978588723 -6.8515763917818306
v 209.4547014064115444 9.9637182355475513 -72.1591507259615099
v 207.6860752233720575 24.3655231272937201 -56.0296679715233594
v -80.4790001149810337 120.7580944926437212 -86.8534412237294902
v 208.7724770348698939 24.7326464951943521 -87.5953470472483531
v -52.5247965795495659 -53.8087338360995275 -61.3412980258115326
v -64.1349191168207682 -63.1451809355410774 -76.9531453149799205
v 200.3905018041760400 53.3225830687126958 -103.2894792037107266
v -161.8735727520789567 95.5477519426619466 -117.0260290606262430
v -171.3690777269875696 80.9354491510875249 152.3205623113156548
v -180.5399102350686462 65.8919368452595080 151.9562236305013414
v -171.7686347911241285 80.5163944844258026 136.7773113071374667
v -137.0868189720009696 -89.5243827094697906 216.8596588680926232
v -177.6592880425262706 9.9637541824548617 361.4982808145981039
v -179.2389197656906106 74.6331990180603100 -36.6013519119726851
v 101.6027065250774939 -96.4851226693718473 185.3246928299736282
v -187.8584896749432858 50.0222687510189772 151.5212564662035390
v 164.7719479239116822 80.6497335459425102 330.9791072761774444
v -162.5991251292320783 94.7857158510492468 -133.0378743626608582
v -188.6502227049153362 49.4314981045959598 120.4698769827499092
v -10.4255173696920735 108.4851780854623797 433.9608042665755079
v -194.5110831595386571 63.0566748568218998 -354.9697089531446181
v -59.6443116325811715 92.7527409045700324 -438.0114359840987390
v -187.0980448330942068 61.0957662701185740 -20.6845981620765080
v -181.8527679767800578 64.7292988327377543 105.2623605070089070
v -173.6547833964637562 83.6103112461851481 -132.5925544890576759
v -163.3412610129577445 94.0120425473099317 -149.0287074991423140
v -185.3722673635687102 73.6422146773271891 -371.4255321109095007
v -216.5510043431625888 10.6016584137432801 -401.3150692067231944
v -68.0567698406742352 115.2269103143455737 -87.1512925047824893
v -50.0789642132289430 -56.3893191756244079 -14.7063686586242675
v -69.1106420975166600 114.9302476776942967 -103.2152464436542658
v -34.2574050632721665 84.5231709750303395 -7.9587794803099641
v -213.8564433428588814 23.7973606891084550 -369.8161075909663396
v -20.4916064061084278 -146.0747823732125994 414.0779275817823759
v 33.3405528312550459 103.1164835140491789 86.0599252271548352
v 42.7048731626250770 114.4883787071929078 86.4570858308040329
v -28.4260114868014533 71.1044684654743548 -8.6642207610531621
v -151.8486033829349537 -66.3550576273627968 -435.8806183488416082
v -40.6435624673433225 -44.7621530113670971 -14.3931800304521591
v -73.0027815042478352 113.6830529533365421 -167.1084106265101639
v -105.2010782194261367 -78.5013738199178874 -154.2586278366534600
v -29.4979698309419831 71.5521464561971214 -24.6723467564114003
v -40.2255382786911611 -22.3414941678138241 -436.1081095499857270
v 20.1130543181435755 17.5620233275790625 18.9952660636427737
v -59.0281193333082399 94.0216667326271676 -390.2797329244243656
v -174.9893626560326254 8.6546421084851843 376.1578705645091532
v -59.9315082503073739 106.8267028122638891 -135.4232152733595456
v -30.4927046323378228 71.9759077712560185 -40.6565081468960372
v -88.6803589116635322 -107.2951916658588800 257.5507143893744342
v -41.5328554037558035 -43.8569907136073098 -29.9747744024281104
v -25.1216375650421462 57.3426790867059779 -25.3700810202272500
v -62.5546882785345915 106.2599590786871460 -183.1298034271264328
v -60.8116946368678910 106.6322635941614436 -151.3449153177016342
v -148.1106905873283210 -73.7705691010301905 -200.1409535807062809
v -50.0246172822965889 83.3071494086921547 -437.7994738469127469
v -26.0142519956901133 57.8554161867395820 -41.2796645603452461
v -161.5073552462425539 -67.9050978564292222 -199.5095149998127511
v -43.0939145581431049 -42.2068742945887365 -61.0977409535601623
v 55.1942618456296543 101.1520281658245750 -439.2458240236120446
v 211.3676328541579323 11.3543626882181936 -135.2778555660382267
v -34.6208666395481188 -30.1788641669131508 -45.1297604642861785
v -22.3770121086969844 12.9749882644793146 -43.3149305230503714
v -147.5672787930565164 -72.1938418879765322 -247.3376132861307326
v -133.6177986289180808 -75.4483598457567979 -247.7979254165428529
v -42.3438943194140336 72.0358288692819713 -437.5146209675431805
v -133.5609833436837732 -74.8161352258234302 -263.5229239840824107
v 192.6145435015258158 -37.2885920753143836 -437.7071430172557029
v 206.5625953752137605 24.1426786630345980 -24.5126849729015248
v 203.6562447828791278 39.1620346471500369 -40.0737656431056735
v -72.3066528689585226 -110.7542714908401962 256.4009501625907888
v 205.4394797890495568 24.0497271501113659 6.9069442148817970
v 207.1271056076163006 24.2313644762903309 -40.2548613692144954
v -26.9243557949748329 45.4729815352858822 -136.6476723806132441
v -28.7020022552887610 -16.4050110060513958 -44.6004302718380927
v -23.0666726971309188 13.6267392444636997 -59.0225212016097629
v -23.7019935440139626 14.2092073535282619 -74.7229800137587716
v -24.6251532600338194 -1.9362609905908243 -43.9835621707077209
v 51.8323968367785781 -95.7838608157185973 183.4985515952374726
v -27.4665693590029640 45.7466189795745990 -152.4065281419182156
v -28.0016798141465628 46.0272349168025059 -168.1672243848775281
v 205.9967814683061249 24.0905532509740290 -8.7919425191875025
v -142.4731706642850497 54.5898745107174506 439.6569416131396224
v -147.4836231503637407 -71.6351310899534184 -263.0717759185739624
v -35.3563068126720879 -29.4040118046140577 -60.7156109500876795
v 205.5941952781135171 -17.5617968620630087 -88.9931545203157128
v -25.3223626990029373 -1.2347786625727446 -59.6451024645419992
v 207.8342148248586909 9.0705004959718920 -24.8420545022842880
v 202.9869421262852995 -7.2836701999552815 84.3107007882209984
v 204.8927225359373949 24.0194550612350319 22.5778019470909328
v 203.5407929024400460 -7.1326332777394157 68.7337843071163661
v -29.4183282595655484 -15.6648905455956093 -60.2217483728525238
v 206.7344695213672310 8.7050840070533813 6.5877356779654406
v -36.0391111276516796 -28.6831421112532361 -76.2939461358008231
v 204.0946245069109182 -6.9633832558196129 53.1302575287601044
v -30.0828955102363338 -14.9840033990059034 -75.8368165049159160
v 210.2088195925740024 -2.5566183381907921 -135.7116724293020980
v 199.7156777026193595 -31.0509601028683413 -73.8374399344694865
v 207.2836807500184477 8.8694985708248133 -9.1151771097226248
v -25.9681416994528185 -0.6025228886530344 -75.3014280603557893
v -133.5386675036254758 -74.1716598998786765 -279.2393336372352906
v -119.5434341158623681 -74.9408182720598006 -279.5274840462354859
v 177.9333472638607816 -0.8862230705281773 386.8771424660510547
v 204.6464814279401878 -6.7741395640537663 37.4943689479825224
v 206.1886708524500023 8.5701686736511089 22.2654568730103755
v 155.3162625364610392 -75.2816716400979971 49.1282068582366449
v -30.7045277748155776 -14.3536504147131563 -91.4455963246604853
v 206.2931373580150023 -5.9968500014390260 -9.5724601140787158
v 45.4854143722943007 91.7212372099166373 -438.9591306625882225
v -37.8221520205226582 -26.7720799026870040 -123.0102784728227334
v -31.2902155285449055 -13.7674306467556313 -107.0496215667981232
v 197.3397309170311473 -22.9583287184973699 145.7643832250477658
v 177.5673406465472510 -45.4973295738374617 -438.1523862041233315
v -55.6117204696067944 -113.3755966586501955 255.4639916270847095
v -173.8211552693382487 -56.2253629349211792 -403.5805870930539072
v 187.8216800418574337 -47.9415275541057042 51.3285026759433336
v 188.4868607864129899 -47.3958055719240789 35.6688412071311447
v 189.1421297703928133 -46.8058065857779866 19.9791185379655118
v -197.2931053817890472 -38.5753523623184549 -434.0654049739277980
v 214.0055031851726710 2.0847301053944842 -341.3861874771100133
v 180.2561501416813030 15.8210487038729646 373.1805080550130356
v -211.7567221788856955 -15.6552328098315492 -417.4423663891968772
v 200.2791910074591613 65.4418623940493944 -389.1147080372571736
v -71.6602555817028986 -112.6210662812839161 271.0269511223109475
v 191.0175230610651909 76.4681304698640929 -373.5588037217057149
v 191.5052123560849111 76.3390475221729332 -389.4823442477020876
v 144.2504816201307278 110.6788405005400477 -327.6158379414807769
v 200.9067952515729019 65.4146577745968756 -405.0520521756607764
v 192.0840821797276874 76.2348014909727709 -405.4223340784837433
v -4.4041024500273638 -147.7373891442912850 413.4165811740066374
v 11.0777787957602669 -143.6974552263836244 383.6975570347895541
v 157.6912699095382209 102.9849082474511732 -374.8866728919099955
v 23.6102666223997701 27.3566868527365337 -437.1656579772157443
v -26.0113858289472297 107.3155999233692341 434.2146373613966830
v -206.0621377387174107 -27.6623218374524811 -433.6408288623032377
v 127.7595551091470014 -91.7017971224431676 245.8513093201861466
v 197.0358022121821762 -31.2540793008560058 -405.8016650161069947
v 97.7047868556508092 -101.2242383132297050 229.2562997373153735
v 27.2449542789738572 -144.3881918255763992 398.3878981656743576
v 11.2812778327351744 -145.8118810719072371 398.3134353454111078
v 27.4388087607173858 -146.4234386165976218 413.1783154865113374
v 11.5640667605099985 -147.8525151061040503 413.1152023031162344
v -7.4978077241487027 55.4880822801429190 106.4847470724015039
v 18.1431841674477710 -3.9625210547844545 76.9786819979332222
v 74.2260068308110164 104.9825114371369494 434.8112601643298376
v -5.6302484628095160 39.2315272083625004 102.7368362436416049
v 123.3489846122642462 -98.2235630361125658 421.2654685622081843
v 23.0917899994989391 89.9667022145428064 100.1105456097018021
v 25.9622607854168379 90.0018630828133581 84.9105444340491573
v -41.6642820898036064 96.7178093968525587 -7.3457840593271664
v -52.0858273262378759 107.3945872610326262 -23.0454760041202178
v -0.3186962934871833 88.0853465301778868 132.8765638143356966
# 4343 vertices, 0 vertices normals


usemtl material_0
vt 0.0000000000000000 0.0000000000000000
f 2252/1 2251/1 1/1
f 2252/1 1/1 3/1
f 3858/1 2/1 1/1
f 3858/1 1/1 3866/1
f 3/1 1/1 2/1
f 3/1 2/1 3823/1
f 3/1 1931/1 619/1
f 3/1 619/1 2252/1
f 5/1 6/1 4/1
f 5/1 4/1 342/1
f 4/1 2315/1 4211/1
f 4/1 4211/1 342/1
f 3186/1 2289/1 5/1
f 3186/1 5/1 343/1
f 2289/1 8/1 6/1
f 2289/1 6/1 5/1
f 6/1 7/1 3197/1
f 6/1 3197/1 4/1
f 8/1 9/1 7/1
f 8/1 7/1 6/1
f 7/1 10/1 3194/1
f 7/1 3194/1 3197/1
f 8/1 2289/1 643/1
f 8/1 643/1 646/1
f 9/1 11/1 10/1
f 9/1 10/1 7/1
f 9/1 8/1 646/1
f 9/1 646/1 570/1
f 10/1 11/1 12/1
f 10/1 12/1 2255/1
f 2028/1 3194/1 10/1
f 2028/1 10/1 2255/1
f 11/1 13/1 14/1
f 11/1 14/1 12/1
f 11/1 9/1 570/1
f 11/1 570/1 13/1
f 12/1 14/1 117/1
f 12/1 117/1 115/1
f 13/1 2375/1 563/1
f 13/1 563/1 14/1
f 13/1 570/1 572/1
f 13/1 572/1 2375/1
f 14/1 563/1 493/1
f 14/1 493/1 117/1
f 16/1 17/1 15/1
f 16/1 15/1 2920/1
f 3091/1 2920/1 15/1
f 3091/1 15/1 3738/1
f 15/1 3956/1 3968/1
f 15/1 3968/1 3738/1
f 3070/1 3071/1 16/1
f 3070/1 16/1 2921/1
f 3071/1 3097/1 17/1
f 3071/1 17/1 16/1
f 17/1 3618/1 3956/1
f 17/1 3956/1 15/1
f 19/1 20/1 18/1
f 19/1 18/1 21/1
f 18/1 20/1 462/1
f 18/1 462/1 4037/1
f 4274/1 23/1 18/1
f 4274/1 18/1 4037/1
f 3060/1 3665/1 20/1
f 3060/1 20/1 19/1
f 22/1 19/1 21/1
f 22/1 21/1 25/1
f 21/1 18/1 23/1
f 21/1 23/1 24/1
f 22/1 27/1 3060/1
f 22/1 3060/1 19/1
f 25/1 21/1 24/1
f 25/1 24/1 180/1
f 26/1 22/1 25/1
f 26/1 25/1 40/1
f 26/1 28/1 27/1
f 26/1 27/1 22/1
f 38/1 2661/1 28/1
f 38/1 28/1 26/1
f 28/1 2660/1 2961/1
f 28/1 2961/1 27/1
f 29/1 30/1 31/1
f 29/1 31/1 483/1
f 2450/1 2359/1 29/1
f 2450/1 29/1 483/1
f 32/1 33/1 30/1
f 32/1 30/1 29/1
f 30/1 2388/1 34/1
f 30/1 34/1 31/1
f 31/1 34/1 35/1
f 31/1 35/1 240/1
f 32/1 29/1 2359/1
f 32/1 2359/1 2327/1
f 2326/1 2424/1 33/1
f 2326/1 33/1 32/1
f 2388/1 30/1 33/1
f 2388/1 33/1 327/1
f 34/1 435/1 355/1
f 34/1 355/1 35/1
f 35/1 355/1 356/1
f 35/1 356/1 357/1
f 37/1 38/1 36/1
f 37/1 36/1 3083/1
f 36/1 40/1 39/1
f 36/1 39/1 41/1
f 44/1 3581/1 37/1
f 44/1 37/1 48/1
f 37/1 3083/1 49/1
f 37/1 49/1 48/1
f 37/1 3581/1 2661/1
f 37/1 2661/1 38/1
f 38/1 26/1 40/1
f 38/1 40/1 36/1
f 40/1 25/1 180/1
f 40/1 180/1 39/1
f 3083/1 36/1 41/1
f 3083/1 41/1 59/1
f 42/1 43/1 44/1
f 42/1 44/1 2541/1
f 249/1 43/1 42/1
f 249/1 42/1 2617/1
f 43/1 249/1 248/1
f 43/1 248/1 246/1
f 44/1 43/1 246/1
f 44/1 246/1 3581/1
f 44/1 48/1 3008/1
f 44/1 3008/1 2541/1
f 46/1 47/1 45/1
f 46/1 45/1 49/1
f 48/1 49/1 45/1
f 48/1 45/1 3008/1
f 2775/1 45/1 47/1
f 2775/1 47/1 4325/1
f 59/1 46/1 49/1
f 59/1 49/1 3083/1
f 50/1 186/1 189/1
f 50/1 189/1 51/1
f 2222/1 188/1 50/1
f 2222/1 50/1 52/1
f 52/1 50/1 51/1
f 52/1 51/1 87/1
f 2333/1 2332/1 51/1
f 2333/1 51/1 189/1
f 84/1 2222/1 52/1
f 84/1 52/1 85/1
f 54/1 55/1 53/1
f 54/1 53/1 1237/1
f 1236/1 1237/1 53/1
f 1236/1 53/1 3116/1
f 2175/1 3117/1 53/1
f 2175/1 53/1 55/1
f 54/1 4041/1 4095/1
f 54/1 4095/1 2087/1
f 55/1 54/1 81/1
f 55/1 81/1 80/1
f 56/1 57/1 58/1
f 56/1 58/1 579/1
f 581/1 580/1 56/1
f 581/1 56/1 578/1
f 580/1 2472/1 57/1
f 580/1 57/1 56/1
f 3378/1 58/1 57/1
f 3378/1 57/1 3135/1
f 1382/1 3160/1 58/1
f 1382/1 58/1 3378/1
f 3162/1 579/1 58/1
f 3162/1 58/1 3160/1
f 61/1 62/1 60/1
f 61/1 60/1 2776/1
f 4237/1 280/1 60/1
f 4237/1 60/1 2885/1
f 61/1 2777/1 194/1
f 61/1 194/1 196/1
f 62/1 61/1 196/1
f 62/1 196/1 2073/1
f 2885/1 60/1 62/1
f 2885/1 62/1 254/1
f 64/1 65/1 63/1
f 64/1 63/1 415/1
f 63/1 65/1 2850/1
f 63/1 2850/1 3736/1
f 4257/1 414/1 63/1
f 4257/1 63/1 3736/1
f 416/1 192/1 64/1
f 416/1 64/1 415/1
f 3670/1 65/1 64/1
f 3670/1 64/1 3838/1
f 65/1 3670/1 3671/1
f 65/1 3671/1 2850/1
f 3749/1 2694/1 66/1
f 3749/1 66/1 2103/1
f 68/1 66/1 67/1
f 68/1 67/1 3157/1
f 67/1 66/1 2694/1
f 67/1 2694/1 3695/1
f 68/1 2102/1 2103/1
f 68/1 2103/1 66/1
f 70/1 71/1 69/1
f 70/1 69/1 229/1
f 96/1 95/1 69/1
f 96/1 69/1 2191/1
f 69/1 71/1 379/1
f 69/1 379/1 2191/1
f 4130/1 229/1 69/1
f 4130/1 69/1 95/1
f 70/1 229/1 230/1
f 70/1 230/1 2152/1
f 2151/1 377/1 70/1
f 2151/1 70/1 2152/1
f 377/1 378/1 71/1
f 377/1 71/1 70/1
f 73/1 74/1 72/1
f 73/1 72/1 76/1
f 72/1 3889/1 3859/1
f 72/1 3859/1 898/1
f 73/1 76/1 75/1
f 73/1 75/1 491/1
f 77/1 78/1 74/1
f 77/1 74/1 73/1
f 74/1 193/1 3889/1
f 74/1 3889/1 72/1
f 670/1 668/1 75/1
f 670/1 75/1 891/1
f 891/1 75/1 76/1
f 891/1 76/1 439/1
f 898/1 439/1 76/1
f 898/1 76/1 72/1
f 77/1 73/1 491/1
f 77/1 491/1 547/1
f 492/1 489/1 77/1
f 492/1 77/1 547/1
f 78/1 191/1 193/1
f 78/1 193/1 74/1
f 489/1 490/1 78/1
f 489/1 78/1 77/1
f 79/1 80/1 81/1
f 79/1 81/1 220/1
f 162/1 82/1 79/1
f 162/1 79/1 220/1
f 83/1 2176/1 80/1
f 83/1 80/1 79/1
f 80/1 2176/1 2175/1
f 80/1 2175/1 55/1
f 81/1 54/1 2087/1
f 81/1 2087/1 221/1
f 83/1 79/1 82/1
f 83/1 82/1 160/1
f 82/1 162/1 161/1
f 82/1 161/1 159/1
f 3987/1 2222/1 84/1
f 3987/1 84/1 2217/1
f 86/1 84/1 85/1
f 86/1 85/1 2101/1
f 85/1 52/1 87/1
f 85/1 87/1 4027/1
f 86/1 2185/1 2217/1
f 86/1 2217/1 84/1
f 86/1 2095/1 4023/1
f 86/1 4023/1 2185/1
f 2332/1 4034/1 87/1
f 2332/1 87/1 51/1
f 89/1 90/1 88/1
f 89/1 88/1 2976/1
f 88/1 90/1 2795/1
f 88/1 2795/1 271/1
f 92/1 93/1 91/1
f 92/1 91/1 3225/1
f 91/1 286/1 285/1
f 91/1 285/1 315/1
f 2250/1 286/1 91/1
f 2250/1 91/1 93/1
f 4130/1 93/1 92/1
f 4130/1 92/1 3747/1
f 95/1 96/1 94/1
f 95/1 94/1 2250/1
f 94/1 448/1 450/1
f 94/1 450/1 2249/1
f 96/1 451/1 448/1
f 96/1 448/1 94/1
f 3638/1 98/1 97/1
f 3638/1 97/1 3658/1
f 99/1 97/1 98/1
f 99/1 98/1 101/1
f 3639/1 100/1 98/1
f 3639/1 98/1 3638/1
f 102/1 103/1 99/1
f 102/1 99/1 101/1
f 3672/1 97/1 99/1
f 3672/1 99/1 3686/1
f 101/1 98/1 100/1
f 101/1 100/1 152/1
f 3327/1 151/1 100/1
f 3327/1 100/1 3639/1
f 101/1 152/1 3592/1
f 101/1 3592/1 102/1
f 102/1 3592/1 3591/1
f 102/1 3591/1 3594/1
f 103/1 102/1 3594/1
f 103/1 3594/1 124/1
f 103/1 125/1 3686/1
f 103/1 3686/1 99/1
f 104/1 105/1 106/1
f 104/1 106/1 3181/1
f 104/1 107/1 108/1
f 104/1 108/1 105/1
f 890/1 889/1 104/1
f 890/1 104/1 3181/1
f 105/1 108/1 424/1
f 105/1 424/1 2244/1
f 2221/1 106/1 105/1
f 2221/1 105/1 2244/1
f 106/1 2350/1 2498/1
f 106/1 2498/1 3181/1
f 107/1 104/1 889/1
f 107/1 889/1 583/1
f 2392/1 2393/1 107/1
f 2392/1 107/1 583/1
f 108/1 107/1 2393/1
f 108/1 2393/1 1928/1
f 110/1 111/1 109/1
f 110/1 109/1 112/1
f 109/1 2300/1 2301/1
f 109/1 2301/1 112/1
f 2239/1 217/1 110/1
f 2239/1 110/1 113/1
f 111/1 110/1 217/1
f 111/1 217/1 2261/1
f 111/1 3241/1 4200/1
f 111/1 4200/1 109/1
f 113/1 110/1 112/1
f 113/1 112/1 2242/1
f 112/1 2301/1 3261/1
f 112/1 3261/1 2242/1
f 336/1 2239/1 113/1
f 336/1 113/1 335/1
f 114/1 115/1 116/1
f 114/1 116/1 119/1
f 2028/1 2255/1 114/1
f 2028/1 114/1 2271/1
f 115/1 117/1 118/1
f 115/1 118/1 116/1
f 2255/1 12/1 115/1
f 2255/1 115/1 114/1
f 116/1 118/1 3144/1
f 116/1 3144/1 120/1
f 117/1 493/1 494/1
f 117/1 494/1 118/1
f 118/1 494/1 3145/1
f 118/1 3145/1 3144/1
f 119/1 116/1 120/1
f 119/1 120/1 321/1
f 119/1 2243/1 2271/1
f 119/1 2271/1 114/1
f 2317/1 479/1 120/1
f 2317/1 120/1 3144/1
f 121/1 122/1 123/1
f 121/1 123/1 124/1
f 121/1 3636/1 3613/1
f 121/1 3613/1 215/1
f 122/1 214/1 128/1
f 122/1 128/1 123/1
f 215/1 216/1 122/1
f 215/1 122/1 121/1
f 123/1 128/1 127/1
f 123/1 127/1 125/1
f 124/1 123/1 125/1
f 124/1 125/1 103/1
f 124/1 3594/1 3636/1
f 124/1 3636/1 121/1
f 126/1 127/1 128/1
f 126/1 128/1 308/1
f 307/1 309/1 126/1
f 307/1 126/1 260/1
f 4153/1 127/1 126/1
f 4153/1 126/1 309/1
f 127/1 4153/1 3686/1
f 127/1 3686/1 125/1
f 129/1 130/1 131/1
f 129/1 131/1 134/1
f 129/1 134/1 2412/1
f 129/1 2412/1 135/1
f 130/1 129/1 136/1
f 130/1 136/1 3148/1
f 275/1 131/1 130/1
f 275/1 130/1 276/1
f 131/1 2118/1 132/1
f 131/1 132/1 134/1
f 2109/1 2118/1 131/1
f 2109/1 131/1 275/1
f 134/1 132/1 133/1
f 134/1 133/1 2412/1
f 133/1 204/1 203/1
f 133/1 203/1 3938/1
f 133/1 132/1 421/1
f 133/1 421/1 204/1
f 136/1 129/1 135/1
f 136/1 135/1 227/1
f 228/1 227/1 135/1
f 228/1 135/1 3950/1
f 3939/1 3950/1 135/1
f 3939/1 135/1 2412/1
f 2187/1 3148/1 136/1
f 2187/1 136/1 2368/1
f 137/1 138/1 139/1
f 137/1 139/1 3660/1
f 3739/1 330/1 137/1
f 3739/1 137/1 3704/1
f 330/1 331/1 138/1
f 330/1 138/1 137/1
f 138/1 3627/1 2476/1
f 138/1 2476/1 139/1
f 139/1 2476/1 2477/1
f 139/1 2477/1 3620/1
f 140/1 142/1 3296/1
f 140/1 3296/1 3354/1
f 142/1 140/1 141/1
f 142/1 141/1 3269/1
f 245/1 247/1 141/1
f 245/1 141/1 2660/1
f 141/1 140/1 2961/1
f 141/1 2961/1 2660/1
f 142/1 3268/1 2445/1
f 142/1 2445/1 3296/1
f 143/1 145/1 3308/1
f 143/1 3308/1 2274/1
f 3657/1 144/1 143/1
f 3657/1 143/1 3668/1
f 145/1 143/1 144/1
f 145/1 144/1 488/1
f 3643/1 487/1 144/1
f 3643/1 144/1 3657/1
f 145/1 488/1 3672/1
f 145/1 3672/1 3687/1
f 145/1 3687/1 4144/1
f 145/1 4144/1 3308/1
f 149/1 147/1 146/1
f 149/1 146/1 409/1
f 3697/1 409/1 146/1
f 3697/1 146/1 3681/1
f 148/1 146/1 147/1
f 148/1 147/1 481/1
f 147/1 149/1 150/1
f 147/1 150/1 2027/1
f 2632/1 4149/1 148/1
f 2632/1 148/1 482/1
f 3681/1 146/1 148/1
f 3681/1 148/1 4149/1
f 149/1 408/1 410/1
f 149/1 410/1 150/1
f 3650/1 2027/1 150/1
f 3650/1 150/1 4217/1
f 152/1 100/1 151/1
f 152/1 151/1 3580/1
f 151/1 3337/1 3565/1
f 151/1 3565/1 3580/1
f 154/1 155/1 153/1
f 154/1 153/1 3201/1
f 153/1 3186/1 343/1
f 153/1 343/1 158/1
f 154/1 2198/1 2197/1
f 154/1 2197/1 576/1
f 2485/1 2198/1 154/1
f 2485/1 154/1 3201/1
f 576/1 577/1 155/1
f 576/1 155/1 154/1
f 155/1 664/1 3186/1
f 155/1 3186/1 153/1
f 157/1 158/1 156/1
f 157/1 156/1 4157/1
f 156/1 3209/1 3220/1
f 156/1 3220/1 2311/1
f 3227/1 3219/1 157/1
f 3227/1 157/1 4157/1
f 3201/1 153/1 158/1
f 3201/1 158/1 157/1
f 158/1 343/1 3209/1
f 158/1 3209/1 156/1
f 160/1 82/1 159/1
f 160/1 159/1 163/1
f 159/1 2147/1 3152/1
f 159/1 3152/1 163/1
f 160/1 163/1 164/1
f 160/1 164/1 166/1
f 165/1 83/1 160/1
f 165/1 160/1 166/1
f 161/1 2146/1 2147/1
f 161/1 2147/1 159/1
f 162/1 273/1 326/1
f 162/1 326/1 161/1
f 163/1 3152/1 3149/1
f 163/1 3149/1 164/1
f 165/1 2094/1 2176/1
f 165/1 2176/1 83/1
f 295/1 165/1 166/1
f 295/1 166/1 293/1
f 166/1 164/1 2194/1
f 166/1 2194/1 293/1
f 167/1 168/1 169/1
f 167/1 169/1 3180/1
f 167/1 225/1 226/1
f 167/1 226/1 168/1
f 420/1 419/1 167/1
f 420/1 167/1 3180/1
f 3179/1 169/1 168/1
f 3179/1 168/1 4186/1
f 170/1 171/1 172/1
f 170/1 172/1 2427/1
f 485/1 4213/1 170/1
f 485/1 170/1 486/1
f 171/1 390/1 2497/1
f 171/1 2497/1 387/1
f 4213/1 390/1 171/1
f 4213/1 171/1 170/1
f 387/1 211/1 172/1
f 387/1 172/1 171/1
f 174/1 175/1 173/1
f 174/1 173/1 176/1
f 2473/1 252/1 173/1
f 2473/1 173/1 250/1
f 174/1 3525/1 3527/1
f 174/1 3527/1 175/1
f 175/1 251/1 250/1
f 175/1 250/1 173/1
f 2360/1 251/1 175/1
f 2360/1 175/1 3527/1
f 177/1 174/1 176/1
f 177/1 176/1 179/1
f 176/1 173/1 252/1
f 176/1 252/1 178/1
f 177/1 2652/1 3525/1
f 177/1 3525/1 174/1
f 179/1 176/1 178/1
f 179/1 178/1 2261/1
f 178/1 252/1 3270/1
f 178/1 3270/1 3241/1
f 3523/1 177/1 179/1
f 3523/1 179/1 219/1
f 182/1 183/1 181/1
f 182/1 181/1 2655/1
f 181/1 183/1 3726/1
f 181/1 3726/1 4245/1
f 4239/1 3654/1 181/1
f 4239/1 181/1 4245/1
f 3725/1 3733/1 183/1
f 3725/1 183/1 182/1
f 183/1 3733/1 4244/1
f 183/1 4244/1 3726/1
f 4032/1 1956/1 184/1
f 4032/1 184/1 4061/1
f 186/1 184/1 185/1
f 186/1 185/1 189/1
f 1956/1 2510/1 185/1
f 1956/1 185/1 184/1
f 3199/1 3198/1 185/1
f 3199/1 185/1 2510/1
f 188/1 187/1 186/1
f 188/1 186/1 50/1
f 186/1 187/1 4061/1
f 186/1 4061/1 184/1
f 187/1 4013/1 4021/1
f 187/1 4021/1 4061/1
f 4022/1 4013/1 187/1
f 4022/1 187/1 188/1
f 3198/1 2333/1 189/1
f 3198/1 189/1 185/1
f 191/1 192/1 190/1
f 191/1 190/1 193/1
f 190/1 2073/1 196/1
f 190/1 196/1 195/1
f 490/1 3838/1 191/1
f 490/1 191/1 78/1
f 2073/1 190/1 192/1
f 2073/1 192/1 416/1
f 3838/1 64/1 192/1
f 3838/1 192/1 191/1
f 195/1 3889/1 193/1
f 195/1 193/1 190/1
f 195/1 196/1 194/1
f 195/1 194/1 2904/1
f 194/1 2777/1 3729/1
f 194/1 3729/1 3772/1
f 197/1 198/1 199/1
f 197/1 199/1 3545/1
f 2853/1 2854/1 197/1
f 2853/1 197/1 395/1
f 2854/1 3566/1 198/1
f 2854/1 198/1 197/1
f 3337/1 199/1 198/1
f 3337/1 198/1 3565/1
f 3310/1 3311/1 199/1
f 3310/1 199/1 3337/1
f 200/1 2361/1 473/1
f 200/1 473/1 201/1
f 2415/1 2391/1 200/1
f 2415/1 200/1 202/1
f 202/1 200/1 201/1
f 202/1 201/1 3456/1
f 2474/1 352/1 201/1
f 2474/1 201/1 473/1
f 202/1 3456/1 4192/1
f 202/1 4192/1 4342/1
f 2292/1 3226/1 203/1
f 2292/1 203/1 3223/1
f 2297/1 3938/1 203/1
f 2297/1 203/1 3226/1
f 204/1 421/1 423/1
f 204/1 423/1 3224/1
f 204/1 3224/1 3223/1
f 204/1 3223/1 203/1
f 206/1 207/1 205/1
f 206/1 205/1 3801/1
f 205/1 236/1 238/1
f 205/1 238/1 3801/1
f 205/1 207/1 281/1
f 205/1 281/1 2999/1
f 205/1 2999/1 2969/1
f 205/1 2969/1 236/1
f 206/1 3801/1 235/1
f 206/1 235/1 411/1
f 206/1 411/1 413/1
f 206/1 413/1 268/1
f 268/1 265/1 207/1
f 268/1 207/1 206/1
f 207/1 265/1 2602/1
f 207/1 2602/1 281/1
f 209/1 210/1 208/1
f 209/1 208/1 2824/1
f 2675/1 2784/1 208/1
f 2675/1 208/1 340/1
f 4298/1 4302/1 209/1
f 4298/1 209/1 2849/1
f 340/1 208/1 210/1
f 340/1 210/1 2901/1
f 4302/1 2902/1 210/1
f 4302/1 210/1 209/1
f 212/1 172/1 211/1
f 212/1 211/1 2385/1
f 301/1 2385/1 211/1
f 301/1 211/1 386/1
f 213/1 214/1 212/1
f 213/1 212/1 2385/1
f 2427/1 172/1 212/1
f 2427/1 212/1 216/1
f 261/1 308/1 213/1
f 261/1 213/1 300/1
f 216/1 212/1 214/1
f 216/1 214/1 122/1
f 308/1 128/1 214/1
f 308/1 214/1 213/1
f 2051/1 2426/1 215/1
f 2051/1 215/1 3613/1
f 2426/1 2427/1 216/1
f 2426/1 216/1 215/1
f 218/1 219/1 217/1
f 218/1 217/1 2239/1
f 3523/1 219/1 218/1
f 3523/1 218/1 4154/1
f 219/1 179/1 2261/1
f 219/1 2261/1 217/1
f 220/1 81/1 221/1
f 220/1 221/1 2090/1
f 220/1 2090/1 273/1
f 220/1 273/1 162/1
f 223/1 224/1 222/1
f 223/1 222/1 3519/1
f 222/1 382/1 381/1
f 222/1 381/1 3504/1
f 223/1 4221/1 4195/1
f 223/1 4195/1 2437/1
f 224/1 2415/1 382/1
f 224/1 382/1 222/1
f 224/1 223/1 2437/1
f 224/1 2437/1 2525/1
f 225/1 227/1 228/1
f 225/1 228/1 226/1
f 419/1 2368/1 225/1
f 419/1 225/1 167/1
f 4186/1 168/1 226/1
f 4186/1 226/1 2298/1
f 227/1 225/1 2368/1
f 227/1 2368/1 136/1
f 2298/1 226/1 228/1
f 2298/1 228/1 4201/1
f 230/1 229/1 4130/1
f 230/1 4130/1 3747/1
f 231/1 232/1 233/1
f 231/1 233/1 445/1
f 1988/1 234/1 231/1
f 1988/1 231/1 1989/1
f 234/1 235/1 232/1
f 234/1 232/1 231/1
f 3801/1 238/1 232/1
f 3801/1 232/1 235/1
f 238/1 237/1 233/1
f 238/1 233/1 232/1
f 233/1 2876/1 446/1
f 233/1 446/1 445/1
f 411/1 235/1 234/1
f 411/1 234/1 412/1
f 237/1 238/1 236/1
f 237/1 236/1 2701/1
f 237/1 2702/1 2876/1
f 237/1 2876/1 233/1
f 239/1 240/1 241/1
f 239/1 241/1 243/1
f 239/1 3294/1 2450/1
f 239/1 2450/1 483/1
f 240/1 35/1 357/1
f 240/1 357/1 241/1
f 483/1 31/1 240/1
f 483/1 240/1 239/1
f 241/1 357/1 437/1
f 241/1 437/1 2844/1
f 242/1 243/1 244/1
f 242/1 244/1 3442/1
f 242/1 3442/1 3433/1
f 242/1 3433/1 3354/1
f 243/1 241/1 2844/1
f 243/1 2844/1 244/1
f 3294/1 239/1 243/1
f 3294/1 243/1 242/1
f 3581/1 246/1 245/1
f 3581/1 245/1 2661/1
f 247/1 245/1 246/1
f 247/1 246/1 248/1
f 3269/1 141/1 247/1
f 3269/1 247/1 3255/1
f 248/1 3301/1 3255/1
f 248/1 3255/1 247/1
f 3301/1 248/1 249/1
f 3301/1 249/1 3982/1
f 250/1 418/1 417/1
f 250/1 417/1 2473/1
f 418/1 250/1 251/1
f 418/1 251/1 466/1
f 251/1 2360/1 3524/1
f 251/1 3524/1 466/1
f 252/1 2473/1 2284/1
f 252/1 2284/1 3270/1
f 254/1 255/1 253/1
f 254/1 253/1 2885/1
f 253/1 2619/1 2618/1
f 253/1 2618/1 3510/1
f 254/1 62/1 2073/1
f 254/1 2073/1 416/1
f 416/1 415/1 255/1
f 416/1 255/1 254/1
f 255/1 414/1 2619/1
f 255/1 2619/1 253/1
f 256/1 257/1 258/1
f 256/1 258/1 725/1
f 256/1 725/1 726/1
f 256/1 726/1 2954/1
f 2413/1 2414/1 256/1
f 2413/1 256/1 2954/1
f 257/1 259/1 302/1
f 257/1 302/1 258/1
f 2414/1 3358/1 257/1
f 2414/1 257/1 256/1
f 258/1 302/1 299/1
f 258/1 299/1 2871/1
f 258/1 2871/1 2526/1
f 258/1 2526/1 725/1
f 259/1 260/1 261/1
f 259/1 261/1 302/1
f 3358/1 3286/1 259/1
f 3358/1 259/1 257/1
f 260/1 126/1 308/1
f 260/1 308/1 261/1
f 3286/1 307/1 260/1
f 3286/1 260/1 259/1
f 263/1 264/1 262/1
f 263/1 262/1 1957/1
f 2242/1 3261/1 262/1
f 2242/1 262/1 264/1
f 262/1 296/1 4206/1
f 262/1 4206/1 1957/1
f 405/1 332/1 263/1
f 405/1 263/1 449/1
f 332/1 335/1 264/1
f 332/1 264/1 263/1
f 266/1 267/1 265/1
f 266/1 265/1 268/1
f 266/1 269/1 399/1
f 266/1 399/1 2974/1
f 267/1 3711/1 2602/1
f 267/1 2602/1 265/1
f 2974/1 2975/1 267/1
f 2974/1 267/1 266/1
f 269/1 266/1 268/1
f 269/1 268/1 413/1
f 269/1 1940/1 1942/1
f 269/1 1942/1 399/1
f 270/1 88/1 271/1
f 270/1 271/1 464/1
f 2976/1 88/1 270/1
f 2976/1 270/1 3507/1
f 271/1 2795/1 4274/1
f 271/1 4274/1 4037/1
f 273/1 274/1 272/1
f 273/1 272/1 326/1
f 272/1 276/1 4110/1
f 272/1 4110/1 326/1
f 274/1 370/1 277/1
f 274/1 277/1 272/1
f 2090/1 3142/1 274/1
f 2090/1 274/1 273/1
f 277/1 275/1 276/1
f 277/1 276/1 272/1
f 276/1 130/1 3148/1
f 276/1 3148/1 4110/1
f 277/1 369/1 2109/1
f 277/1 2109/1 275/1
f 279/1 280/1 278/1
f 279/1 278/1 460/1
f 278/1 2616/1 2590/1
f 278/1 2590/1 460/1
f 279/1 361/1 363/1
f 279/1 363/1 2776/1
f 280/1 279/1 2776/1
f 280/1 2776/1 60/1
f 3692/1 278/1 280/1
f 3692/1 280/1 4237/1
f 281/1 2603/1 2986/1
f 281/1 2986/1 2999/1
f 2157/1 346/1 282/1
f 2157/1 282/1 284/1
f 2398/1 283/1 282/1
f 2398/1 282/1 345/1
f 284/1 282/1 283/1
f 284/1 283/1 4178/1
f 283/1 4177/1 354/1
f 283/1 354/1 4178/1
f 283/1 2398/1 2399/1
f 283/1 2399/1 4177/1
f 353/1 2179/1 284/1
f 353/1 284/1 4178/1
f 3243/1 285/1 286/1
f 3243/1 286/1 2249/1
f 287/1 367/1 350/1
f 287/1 350/1 1947/1
f 368/1 367/1 287/1
f 368/1 287/1 289/1
f 3839/1 288/1 287/1
f 3839/1 287/1 1947/1
f 289/1 287/1 288/1
f 289/1 288/1 397/1
f 288/1 292/1 291/1
f 288/1 291/1 397/1
f 2190/1 292/1 288/1
f 2190/1 288/1 3839/1
f 289/1 398/1 2211/1
f 289/1 2211/1 368/1
f 291/1 292/1 290/1
f 291/1 290/1 2258/1
f 290/1 3170/1 3169/1
f 290/1 3169/1 320/1
f 292/1 2190/1 3170/1
f 292/1 3170/1 290/1
f 294/1 295/1 293/1
f 294/1 293/1 2230/1
f 294/1 2185/1 4023/1
f 294/1 4023/1 295/1
f 295/1 4023/1 2094/1
f 295/1 2094/1 165/1
f 296/1 297/1 298/1
f 296/1 298/1 4206/1
f 3261/1 3262/1 296/1
f 3261/1 296/1 262/1
f 297/1 2313/1 2314/1
f 297/1 2314/1 298/1
f 3262/1 2319/1 297/1
f 3262/1 297/1 296/1
f 298/1 2314/1 452/1
f 298/1 452/1 4215/1
f 299/1 300/1 301/1
f 299/1 301/1 472/1
f 299/1 472/1 2710/1
f 299/1 2710/1 2871/1
f 302/1 261/1 300/1
f 302/1 300/1 299/1
f 300/1 213/1 2385/1
f 300/1 2385/1 301/1
f 303/1 304/1 305/1
f 303/1 305/1 3291/1
f 512/1 2169/1 303/1
f 512/1 303/1 513/1
f 2169/1 2170/1 304/1
f 2169/1 304/1 303/1
f 2276/1 2275/1 304/1
f 2276/1 304/1 2170/1
f 305/1 306/1 307/1
f 305/1 307/1 3286/1
f 305/1 304/1 2275/1
f 305/1 2275/1 306/1
f 3308/1 4144/1 306/1
f 3308/1 306/1 2275/1
f 4144/1 309/1 307/1
f 4144/1 307/1 306/1
f 3687/1 4153/1 309/1
f 3687/1 309/1 4144/1
f 2292/1 314/1 310/1
f 2292/1 310/1 312/1
f 312/1 310/1 311/1
f 312/1 311/1 4156/1
f 313/1 2307/1 311/1
f 313/1 311/1 310/1
f 311/1 3227/1 4157/1
f 311/1 4157/1 4156/1
f 2311/1 2312/1 312/1
f 2311/1 312/1 4156/1
f 3226/1 2292/1 312/1
f 3226/1 312/1 2312/1
f 314/1 315/1 313/1
f 314/1 313/1 310/1
f 314/1 2292/1 3223/1
f 314/1 3223/1 3225/1
f 2305/1 313/1 315/1
f 2305/1 315/1 285/1
f 3225/1 91/1 315/1
f 3225/1 315/1 314/1
f 316/1 317/1 318/1
f 316/1 318/1 319/1
f 316/1 319/1 320/1
f 316/1 320/1 3169/1
f 316/1 2272/1 2243/1
f 316/1 2243/1 317/1
f 317/1 321/1 322/1
f 317/1 322/1 318/1
f 318/1 322/1 478/1
f 318/1 478/1 2352/1
f 319/1 3166/1 2256/1
f 319/1 2256/1 320/1
f 319/1 318/1 2352/1
f 319/1 2352/1 3166/1
f 2258/1 290/1 320/1
f 2258/1 320/1 2256/1
f 321/1 120/1 479/1
f 321/1 479/1 322/1
f 2243/1 119/1 321/1
f 2243/1 321/1 317/1
f 323/1 325/1 429/1
f 323/1 429/1 2137/1
f 2124/1 324/1 323/1
f 2124/1 323/1 434/1
f 325/1 323/1 324/1
f 325/1 324/1 2647/1
f 324/1 2124/1 2615/1
f 324/1 2615/1 2646/1
f 326/1 4110/1 2146/1
f 326/1 2146/1 161/1
f 327/1 328/1 329/1
f 327/1 329/1 2388/1
f 2424/1 2335/1 327/1
f 2424/1 327/1 33/1
f 328/1 327/1 2335/1
f 328/1 2335/1 2337/1
f 329/1 424/1 425/1
f 329/1 425/1 435/1
f 2244/1 424/1 329/1
f 2244/1 329/1 328/1
f 2662/1 2663/1 330/1
f 2662/1 330/1 3739/1
f 2663/1 3659/1 331/1
f 2663/1 331/1 330/1
f 331/1 3628/1 3627/1
f 331/1 3627/1 138/1
f 333/1 334/1 332/1
f 333/1 332/1 405/1
f 337/1 338/1 333/1
f 337/1 333/1 406/1
f 334/1 336/1 335/1
f 334/1 335/1 332/1
f 338/1 3230/1 334/1
f 338/1 334/1 333/1
f 335/1 113/1 2242/1
f 335/1 2242/1 264/1
f 336/1 334/1 3230/1
f 336/1 3230/1 2240/1
f 3521/1 338/1 337/1
f 3521/1 337/1 474/1
f 338/1 3521/1 3522/1
f 338/1 3522/1 3230/1
f 340/1 341/1 339/1
f 340/1 339/1 2675/1
f 4272/1 4271/1 339/1
f 4272/1 339/1 3647/1
f 341/1 340/1 2901/1
f 341/1 2901/1 3541/1
f 3556/1 3557/1 341/1
f 3556/1 341/1 3541/1
f 3647/1 339/1 341/1
f 3647/1 341/1 3557/1
f 343/1 5/1 342/1
f 343/1 342/1 3209/1
f 344/1 374/1 359/1
f 344/1 359/1 345/1
f 344/1 2402/1 3379/1
f 344/1 3379/1 374/1
f 346/1 344/1 345/1
f 346/1 345/1 282/1
f 345/1 359/1 360/1
f 345/1 360/1 2398/1
f 2402/1 344/1 346/1
f 2402/1 346/1 2158/1
f 368/1 3708/1 347/1
f 368/1 347/1 367/1
f 349/1 347/1 348/1
f 349/1 348/1 2194/1
f 348/1 347/1 3708/1
f 348/1 3708/1 385/1
f 351/1 350/1 349/1
f 351/1 349/1 3149/1
f 367/1 347/1 349/1
f 367/1 349/1 350/1
f 351/1 2238/1 420/1
f 351/1 420/1 1945/1
f 1947/1 350/1 351/1
f 1947/1 351/1 1945/1
f 352/1 2474/1 2475/1
f 352/1 2475/1 353/1
f 352/1 354/1 3456/1
f 352/1 3456/1 201/1
f 354/1 352/1 353/1
f 354/1 353/1 4178/1
f 2177/1 2179/1 353/1
f 2177/1 353/1 2475/1
f 2620/1 4205/1 356/1
f 2620/1 356/1 355/1
f 357/1 356/1 358/1
f 357/1 358/1 437/1
f 3968/1 436/1 358/1
f 3968/1 358/1 4238/1
f 358/1 356/1 4205/1
f 358/1 4205/1 4238/1
f 428/1 360/1 359/1
f 428/1 359/1 373/1
f 360/1 428/1 3399/1
f 360/1 3399/1 3415/1
f 362/1 363/1 361/1
f 362/1 361/1 2667/1
f 361/1 279/1 460/1
f 361/1 460/1 461/1
f 363/1 362/1 3729/1
f 363/1 3729/1 2777/1
f 365/1 366/1 364/1
f 365/1 364/1 2617/1
f 3905/1 3982/1 364/1
f 3905/1 364/1 3940/1
f 364/1 366/1 4031/1
f 364/1 4031/1 3940/1
f 365/1 4015/1 1954/1
f 365/1 1954/1 366/1
f 3017/1 4015/1 365/1
f 3017/1 365/1 2540/1
f 4032/1 4031/1 366/1
f 4032/1 366/1 1954/1
f 370/1 371/1 369/1
f 370/1 369/1 277/1
f 369/1 376/1 375/1
f 369/1 375/1 2109/1
f 3142/1 3153/1 370/1
f 3142/1 370/1 274/1
f 371/1 2110/1 376/1
f 371/1 376/1 369/1
f 371/1 370/1 3153/1
f 371/1 3153/1 4093/1
f 372/1 2137/1 429/1
f 372/1 429/1 373/1
f 432/1 2137/1 372/1
f 432/1 372/1 3380/1
f 374/1 372/1 373/1
f 374/1 373/1 359/1
f 373/1 429/1 426/1
f 373/1 426/1 428/1
f 374/1 3379/1 3380/1
f 374/1 3380/1 372/1
f 375/1 422/1 2118/1
f 375/1 2118/1 2109/1
f 376/1 2299/1 2144/1
f 376/1 2144/1 375/1
f 378/1 380/1 379/1
f 378/1 379/1 71/1
f 378/1 377/1 2177/1
f 378/1 2177/1 2475/1
f 378/1 2475/1 2474/1
f 378/1 2474/1 380/1
f 379/1 337/1 406/1
f 379/1 406/1 2191/1
f 379/1 380/1 474/1
f 379/1 474/1 337/1
f 473/1 474/1 380/1
f 473/1 380/1 2474/1
f 381/1 2519/1 2518/1
f 381/1 2518/1 3470/1
f 2519/1 381/1 382/1
f 2519/1 382/1 4342/1
f 383/1 384/1 385/1
f 383/1 385/1 3708/1
f 391/1 2183/1 384/1
f 391/1 384/1 383/1
f 384/1 2200/1 2201/1
f 384/1 2201/1 385/1
f 385/1 2201/1 2230/1
f 385/1 2230/1 348/1
f 386/1 211/1 387/1
f 386/1 387/1 3398/1
f 472/1 301/1 386/1
f 472/1 386/1 2814/1
f 388/1 389/1 390/1
f 388/1 390/1 4213/1
f 2479/1 1985/1 388/1
f 2479/1 388/1 4219/1
f 389/1 1984/1 1983/1
f 389/1 1983/1 2528/1
f 389/1 388/1 1985/1
f 389/1 1985/1 1984/1
f 2497/1 390/1 389/1
f 2497/1 389/1 2528/1
f 2184/1 2183/1 391/1
f 2184/1 391/1 393/1
f 2211/1 392/1 391/1
f 2211/1 391/1 383/1
f 393/1 391/1 392/1
f 393/1 392/1 4131/1
f 392/1 2211/1 398/1
f 392/1 398/1 3707/1
f 392/1 3707/1 2270/1
f 392/1 2270/1 4131/1
f 393/1 3728/1 3727/1
f 393/1 3727/1 2184/1
f 393/1 4131/1 3737/1
f 393/1 3737/1 3728/1
f 394/1 395/1 396/1
f 394/1 396/1 3630/1
f 394/1 2603/1 3679/1
f 394/1 3679/1 2004/1
f 395/1 394/1 2004/1
f 395/1 2004/1 2853/1
f 395/1 197/1 3545/1
f 395/1 3545/1 396/1
f 3535/1 3559/1 396/1
f 3535/1 396/1 3545/1
f 398/1 289/1 397/1
f 398/1 397/1 2260/1
f 397/1 291/1 2172/1
f 397/1 2172/1 2260/1
f 398/1 2260/1 2259/1
f 398/1 2259/1 3707/1
f 400/1 401/1 399/1
f 400/1 399/1 1942/1
f 3860/1 3820/1 400/1
f 3860/1 400/1 403/1
f 401/1 3735/1 2974/1
f 401/1 2974/1 399/1
f 3820/1 3772/1 401/1
f 3820/1 401/1 400/1
f 403/1 404/1 402/1
f 403/1 402/1 430/1
f 402/1 3835/1 931/1
f 402/1 931/1 930/1
f 403/1 430/1 431/1
f 403/1 431/1 3860/1
f 403/1 400/1 1942/1
f 403/1 1942/1 404/1
f 3835/1 402/1 404/1
f 3835/1 404/1 1941/1
f 406/1 333/1 405/1
f 406/1 405/1 451/1
f 407/1 409/1 3697/1
f 407/1 3697/1 1963/1
f 3712/1 408/1 407/1
f 3712/1 407/1 1962/1
f 409/1 407/1 408/1
f 409/1 408/1 149/1
f 410/1 408/1 3712/1
f 410/1 3712/1 3289/1
f 4217/1 150/1 410/1
f 4217/1 410/1 3288/1
f 413/1 411/1 412/1
f 413/1 412/1 1944/1
f 412/1 234/1 1988/1
f 412/1 1988/1 2061/1
f 1940/1 269/1 413/1
f 1940/1 413/1 1944/1
f 415/1 63/1 414/1
f 415/1 414/1 255/1
f 4247/1 2619/1 414/1
f 4247/1 414/1 4257/1
f 417/1 2283/1 2284/1
f 417/1 2284/1 2473/1
f 2303/1 417/1 418/1
f 2303/1 418/1 465/1
f 2187/1 2368/1 419/1
f 2187/1 419/1 2188/1
f 1946/1 1945/1 420/1
f 1946/1 420/1 3180/1
f 420/1 2238/1 2188/1
f 420/1 2188/1 419/1
f 2118/1 422/1 421/1
f 2118/1 421/1 132/1
f 423/1 421/1 422/1
f 423/1 422/1 2145/1
f 2144/1 2145/1 422/1
f 2144/1 422/1 375/1
f 1928/1 425/1 424/1
f 1928/1 424/1 108/1
f 428/1 426/1 427/1
f 428/1 427/1 3399/1
f 427/1 426/1 3297/1
f 427/1 3297/1 470/1
f 4229/1 3399/1 427/1
f 4229/1 427/1 471/1
f 429/1 325/1 3297/1
f 429/1 3297/1 426/1
f 430/1 402/1 930/1
f 430/1 930/1 3892/1
f 431/1 430/1 3892/1
f 431/1 3892/1 440/1
f 3389/1 433/1 432/1
f 3389/1 432/1 3380/1
f 434/1 432/1 433/1
f 434/1 433/1 2979/1
f 434/1 323/1 2137/1
f 434/1 2137/1 432/1
f 2388/1 329/1 435/1
f 2388/1 435/1 34/1
f 435/1 425/1 2620/1
f 435/1 2620/1 355/1
f 437/1 358/1 436/1
f 437/1 436/1 3652/1
f 3956/1 3507/1 436/1
f 3956/1 436/1 3968/1
f 463/1 2844/1 437/1
f 463/1 437/1 3652/1
f 439/1 440/1 438/1
f 439/1 438/1 891/1
f 817/1 816/1 438/1
f 817/1 438/1 3885/1
f 440/1 439/1 898/1
f 440/1 898/1 431/1
f 440/1 3892/1 3885/1
f 440/1 3885/1 438/1
f 442/1 443/1 441/1
f 442/1 441/1 3797/1
f 441/1 3703/1 634/1
f 441/1 634/1 518/1
f 1941/1 1943/1 442/1
f 1941/1 442/1 3835/1
f 1943/1 2061/1 443/1
f 1943/1 443/1 442/1
f 3703/1 441/1 443/1
f 3703/1 443/1 1987/1
f 444/1 445/1 446/1
f 444/1 446/1 3646/1
f 444/1 458/1 2906/1
f 444/1 2906/1 1989/1
f 1989/1 231/1 445/1
f 1989/1 445/1 444/1
f 446/1 4272/1 3647/1
f 446/1 3647/1 3646/1
f 448/1 449/1 447/1
f 448/1 447/1 450/1
f 447/1 2285/1 2055/1
f 447/1 2055/1 450/1
f 451/1 405/1 449/1
f 451/1 449/1 448/1
f 449/1 263/1 1957/1
f 449/1 1957/1 447/1
f 450/1 2055/1 3243/1
f 450/1 3243/1 2249/1
f 2191/1 406/1 451/1
f 2191/1 451/1 96/1
f 452/1 453/1 454/1
f 452/1 454/1 3248/1
f 453/1 2052/1 2053/1
f 453/1 2053/1 454/1
f 2314/1 3858/1 453/1
f 2314/1 453/1 452/1
f 454/1 2053/1 3247/1
f 454/1 3247/1 3251/1
f 455/1 456/1 457/1
f 455/1 457/1 3576/1
f 456/1 458/1 459/1
f 456/1 459/1 457/1
f 635/1 2905/1 456/1
f 635/1 456/1 455/1
f 457/1 459/1 3557/1
f 457/1 3557/1 3556/1
f 2905/1 2906/1 458/1
f 2905/1 458/1 456/1
f 458/1 444/1 3646/1
f 458/1 3646/1 459/1
f 459/1 3646/1 3647/1
f 459/1 3647/1 3557/1
f 460/1 2590/1 2591/1
f 460/1 2591/1 461/1
f 461/1 2922/1 2667/1
f 461/1 2667/1 361/1
f 2887/1 2922/1 461/1
f 2887/1 461/1 2591/1
f 463/1 464/1 462/1
f 463/1 462/1 3607/1
f 3665/1 3607/1 462/1
f 3665/1 462/1 20/1
f 464/1 463/1 3652/1
f 464/1 3652/1 270/1
f 4037/1 462/1 464/1
f 4037/1 464/1 271/1
f 466/1 467/1 465/1
f 466/1 465/1 418/1
f 465/1 468/1 3317/1
f 465/1 3317/1 2303/1
f 467/1 469/1 468/1
f 467/1 468/1 465/1
f 467/1 3516/1 3517/1
f 467/1 3517/1 469/1
f 467/1 466/1 3524/1
f 467/1 3524/1 3516/1
f 468/1 3310/1 3327/1
f 468/1 3327/1 3317/1
f 469/1 3311/1 3310/1
f 469/1 3310/1 468/1
f 469/1 3517/1 3535/1
f 469/1 3535/1 3311/1
f 471/1 427/1 470/1
f 471/1 470/1 3635/1
f 3719/1 3635/1 470/1
f 3719/1 470/1 4136/1
f 4234/1 4229/1 471/1
f 4234/1 471/1 4243/1
f 474/1 473/1 2361/1
f 474/1 2361/1 3521/1
f 476/1 477/1 475/1
f 476/1 475/1 2600/1
f 475/1 3470/1 4240/1
f 475/1 4240/1 2600/1
f 476/1 2692/1 2595/1
f 476/1 2595/1 3533/1
f 477/1 3515/1 3504/1
f 477/1 3504/1 475/1
f 3533/1 3534/1 477/1
f 3533/1 477/1 476/1
f 479/1 480/1 478/1
f 479/1 478/1 322/1
f 478/1 2349/1 2336/1
f 478/1 2336/1 2352/1
f 2317/1 2318/1 480/1
f 2317/1 480/1 479/1
f 2349/1 478/1 480/1
f 2349/1 480/1 2350/1
f 482/1 148/1 481/1
f 482/1 481/1 3668/1
f 481/1 147/1 2027/1
f 481/1 2027/1 3649/1
f 2276/1 2632/1 482/1
f 2276/1 482/1 2274/1
f 484/1 485/1 486/1
f 484/1 486/1 2050/1
f 2502/1 2503/1 484/1
f 2502/1 484/1 2539/1
f 2503/1 4219/1 485/1
f 2503/1 485/1 484/1
f 486/1 170/1 2427/1
f 486/1 2427/1 2426/1
f 488/1 144/1 487/1
f 488/1 487/1 3658/1
f 2323/1 3631/1 487/1
f 2323/1 487/1 3643/1
f 490/1 489/1 3843/1
f 490/1 3843/1 3872/1
f 668/1 546/1 491/1
f 668/1 491/1 75/1
f 549/1 548/1 492/1
f 549/1 492/1 547/1
f 492/1 3841/1 3843/1
f 492/1 3843/1 489/1
f 4081/1 3841/1 492/1
f 4081/1 492/1 548/1
f 493/1 563/1 4127/1
f 493/1 4127/1 4120/1
f 494/1 493/1 4120/1
f 494/1 4120/1 4125/1
f 496/1 497/1 495/1
f 496/1 495/1 653/1
f 4083/1 657/1 495/1
f 4083/1 495/1 4226/1
f 496/1 653/1 807/1
f 496/1 807/1 4066/1
f 496/1 4322/1 4331/1
f 496/1 4331/1 497/1
f 4226/1 495/1 497/1
f 4226/1 497/1 4321/1
f 497/1 4331/1 4333/1
f 497/1 4333/1 4321/1
f 498/1 499/1 500/1
f 498/1 500/1 507/1
f 501/1 499/1 498/1
f 501/1 498/1 3089/1
f 499/1 503/1 504/1
f 499/1 504/1 500/1
f 500/1 504/1 505/1
f 500/1 505/1 506/1
f 501/1 502/1 503/1
f 501/1 503/1 499/1
f 921/1 553/1 501/1
f 921/1 501/1 3089/1
f 553/1 554/1 502/1
f 553/1 502/1 501/1
f 502/1 555/1 556/1
f 502/1 556/1 503/1
f 503/1 556/1 851/1
f 503/1 851/1 504/1
f 504/1 851/1 853/1
f 504/1 853/1 505/1
f 507/1 500/1 506/1
f 507/1 506/1 4057/1
f 506/1 505/1 845/1
f 506/1 845/1 844/1
f 509/1 510/1 508/1
f 509/1 508/1 2505/1
f 508/1 2801/1 2838/1
f 508/1 2838/1 3409/1
f 3357/1 510/1 509/1
f 3357/1 509/1 4198/1
f 510/1 2802/1 2801/1
f 510/1 2801/1 508/1
f 511/1 512/1 513/1
f 511/1 513/1 514/1
f 783/1 2189/1 511/1
f 783/1 511/1 751/1
f 2189/1 639/1 512/1
f 2189/1 512/1 511/1
f 513/1 303/1 3291/1
f 513/1 3291/1 515/1
f 514/1 513/1 515/1
f 514/1 515/1 3396/1
f 751/1 511/1 514/1
f 751/1 514/1 2072/1
f 515/1 3291/1 3358/1
f 515/1 3358/1 2414/1
f 517/1 518/1 516/1
f 517/1 516/1 2907/1
f 516/1 636/1 833/1
f 516/1 833/1 832/1
f 931/1 3797/1 517/1
f 931/1 517/1 929/1
f 518/1 634/1 636/1
f 518/1 636/1 516/1
f 3797/1 441/1 518/1
f 3797/1 518/1 517/1
f 520/1 521/1 519/1
f 520/1 519/1 700/1
f 4293/1 3832/1 519/1
f 4293/1 519/1 861/1
f 521/1 862/1 861/1
f 521/1 861/1 519/1
f 521/1 520/1 2738/1
f 521/1 2738/1 3550/1
f 523/1 524/1 522/1
f 523/1 522/1 525/1
f 3887/1 4313/1 522/1
f 3887/1 522/1 529/1
f 821/1 527/1 523/1
f 821/1 523/1 526/1
f 527/1 528/1 524/1
f 527/1 524/1 523/1
f 524/1 530/1 529/1
f 524/1 529/1 522/1
f 526/1 523/1 525/1
f 526/1 525/1 927/1
f 4313/1 3773/1 525/1
f 4313/1 525/1 522/1
f 949/1 821/1 526/1
f 949/1 526/1 928/1
f 2977/1 528/1 527/1
f 2977/1 527/1 2978/1
f 530/1 524/1 528/1
f 530/1 528/1 532/1
f 617/1 532/1 528/1
f 617/1 528/1 2977/1
f 1950/1 3887/1 529/1
f 1950/1 529/1 4220/1
f 4220/1 529/1 530/1
f 4220/1 530/1 531/1
f 532/1 533/1 531/1
f 532/1 531/1 530/1
f 2384/1 4220/1 531/1
f 2384/1 531/1 2674/1
f 533/1 532/1 617/1
f 533/1 617/1 2797/1
f 2674/1 531/1 533/1
f 2674/1 533/1 4225/1
f 535/1 536/1 534/1
f 535/1 534/1 541/1
f 2994/1 2993/1 535/1
f 2994/1 535/1 545/1
f 536/1 3836/1 538/1
f 536/1 538/1 534/1
f 2993/1 745/1 536/1
f 2993/1 536/1 535/1
f 537/1 534/1 538/1
f 537/1 538/1 539/1
f 541/1 534/1 537/1
f 541/1 537/1 542/1
f 539/1 538/1 540/1
f 539/1 540/1 648/1
f 540/1 538/1 3836/1
f 540/1 3836/1 878/1
f 545/1 535/1 541/1
f 545/1 541/1 543/1
f 543/1 541/1 542/1
f 543/1 542/1 544/1
f 2925/1 545/1 543/1
f 2925/1 543/1 3130/1
f 544/1 3129/1 3130/1
f 544/1 3130/1 543/1
f 1935/1 2994/1 545/1
f 1935/1 545/1 2925/1
f 547/1 491/1 546/1
f 547/1 546/1 549/1
f 546/1 668/1 667/1
f 546/1 667/1 674/1
f 546/1 674/1 673/1
f 546/1 673/1 549/1
f 548/1 904/1 905/1
f 548/1 905/1 4081/1
f 549/1 673/1 904/1
f 549/1 904/1 548/1
f 551/1 552/1 550/1
f 551/1 550/1 3196/1
f 715/1 3196/1 550/1
f 715/1 550/1 718/1
f 551/1 2676/1 2677/1
f 551/1 2677/1 806/1
f 552/1 551/1 806/1
f 552/1 806/1 2114/1
f 552/1 2104/1 3154/1
f 552/1 3154/1 550/1
f 553/1 921/1 3070/1
f 553/1 3070/1 2921/1
f 3585/1 554/1 553/1
f 3585/1 553/1 2921/1
f 554/1 819/1 555/1
f 554/1 555/1 502/1
f 554/1 3585/1 3584/1
f 554/1 3584/1 819/1
f 555/1 1929/1 849/1
f 555/1 849/1 556/1
f 556/1 849/1 850/1
f 556/1 850/1 851/1
f 2823/1 2822/1 557/1
f 2823/1 557/1 559/1
f 4075/1 558/1 557/1
f 4075/1 557/1 562/1
f 559/1 557/1 558/1
f 559/1 558/1 738/1
f 1934/1 735/1 558/1
f 1934/1 558/1 4075/1
f 721/1 720/1 560/1
f 721/1 560/1 562/1
f 804/1 561/1 560/1
f 804/1 560/1 3012/1
f 3011/1 3012/1 560/1
f 3011/1 560/1 720/1
f 562/1 560/1 561/1
f 562/1 561/1 4075/1
f 561/1 804/1 805/1
f 561/1 805/1 4076/1
f 562/1 557/1 2822/1
f 562/1 2822/1 721/1
f 563/1 2375/1 4126/1
f 563/1 4126/1 4127/1
f 564/1 565/1 566/1
f 564/1 566/1 2126/1
f 766/1 2105/1 564/1
f 766/1 564/1 2126/1
f 2111/1 565/1 564/1
f 2111/1 564/1 2425/1
f 566/1 906/1 588/1
f 566/1 588/1 3132/1
f 566/1 565/1 2131/1
f 566/1 2131/1 906/1
f 662/1 661/1 567/1
f 662/1 567/1 2133/1
f 2155/1 568/1 567/1
f 2155/1 567/1 661/1
f 569/1 567/1 568/1
f 569/1 568/1 863/1
f 577/1 576/1 568/1
f 577/1 568/1 2155/1
f 569/1 2132/1 2133/1
f 569/1 2133/1 567/1
f 571/1 572/1 570/1
f 571/1 570/1 646/1
f 574/1 572/1 571/1
f 574/1 571/1 575/1
f 4126/1 2375/1 572/1
f 4126/1 572/1 574/1
f 573/1 574/1 575/1
f 573/1 575/1 4035/1
f 888/1 2182/1 573/1
f 888/1 573/1 887/1
f 574/1 573/1 2182/1
f 574/1 2182/1 4126/1
f 575/1 571/1 645/1
f 575/1 645/1 4010/1
f 576/1 2197/1 863/1
f 576/1 863/1 568/1
f 577/1 644/1 664/1
f 577/1 664/1 155/1
f 2154/1 644/1 577/1
f 2154/1 577/1 2155/1
f 578/1 56/1 579/1
f 578/1 579/1 640/1
f 581/1 578/1 3109/1
f 581/1 3109/1 2079/1
f 581/1 3163/1 3165/1
f 581/1 3165/1 580/1
f 583/1 584/1 582/1
f 583/1 582/1 2392/1
f 800/1 2059/1 582/1
f 800/1 582/1 584/1
f 582/1 2059/1 3079/1
f 582/1 3079/1 4033/1
f 583/1 889/1 796/1
f 583/1 796/1 584/1
f 795/1 800/1 584/1
f 795/1 584/1 796/1
f 585/1 587/1 2180/1
f 585/1 2180/1 4014/1
f 3137/1 586/1 585/1
f 3137/1 585/1 2011/1
f 587/1 585/1 586/1
f 587/1 586/1 588/1
f 3132/1 588/1 586/1
f 3132/1 586/1 3133/1
f 887/1 2180/1 587/1
f 887/1 587/1 589/1
f 589/1 587/1 588/1
f 589/1 588/1 906/1
f 888/1 887/1 589/1
f 888/1 589/1 907/1
f 590/1 591/1 592/1
f 590/1 592/1 1994/1
f 594/1 2193/1 591/1
f 594/1 591/1 590/1
f 591/1 828/1 829/1
f 591/1 829/1 592/1
f 592/1 829/1 830/1
f 592/1 830/1 2223/1
f 594/1 590/1 593/1
f 594/1 593/1 2429/1
f 1992/1 1993/1 593/1
f 1992/1 593/1 1996/1
f 593/1 590/1 1994/1
f 593/1 1994/1 1996/1
f 2128/1 2193/1 594/1
f 2128/1 594/1 2209/1
f 596/1 597/1 595/1
f 596/1 595/1 924/1
f 595/1 4139/1 920/1
f 595/1 920/1 924/1
f 2226/1 764/1 596/1
f 2226/1 596/1 925/1
f 764/1 765/1 597/1
f 764/1 597/1 596/1
f 597/1 3139/1 3143/1
f 597/1 3143/1 595/1
f 599/1 600/1 598/1
f 599/1 598/1 601/1
f 602/1 603/1 598/1
f 602/1 598/1 600/1
f 605/1 601/1 598/1
f 605/1 598/1 3602/1
f 665/1 666/1 599/1
f 665/1 599/1 604/1
f 600/1 599/1 666/1
f 600/1 666/1 3466/1
f 604/1 599/1 601/1
f 604/1 601/1 606/1
f 2527/1 603/1 602/1
f 2527/1 602/1 726/1
f 2954/1 726/1 602/1
f 2954/1 602/1 2955/1
f 3466/1 2955/1 602/1
f 3466/1 602/1 600/1
f 603/1 3601/1 3602/1
f 603/1 3602/1 598/1
f 604/1 2648/1 4275/1
f 604/1 4275/1 665/1
f 606/1 601/1 605/1
f 606/1 605/1 892/1
f 2648/1 604/1 606/1
f 2648/1 606/1 893/1
f 607/1 608/1 609/1
f 607/1 609/1 4222/1
f 607/1 4222/1 4231/1
f 607/1 4231/1 4152/1
f 608/1 607/1 3951/1
f 608/1 3951/1 2491/1
f 609/1 3976/1 2665/1
f 609/1 2665/1 4222/1
f 3212/1 3974/1 609/1
f 3212/1 609/1 608/1
f 611/1 612/1 610/1
f 611/1 610/1 2953/1
f 610/1 615/1 743/1
f 610/1 743/1 854/1
f 649/1 613/1 611/1
f 649/1 611/1 2937/1
f 613/1 614/1 612/1
f 613/1 612/1 611/1
f 612/1 616/1 615/1
f 612/1 615/1 610/1
f 789/1 697/1 613/1
f 789/1 613/1 649/1
f 616/1 612/1 614/1
f 616/1 614/1 699/1
f 697/1 698/1 614/1
f 697/1 614/1 613/1
f 615/1 772/1 744/1
f 615/1 744/1 743/1
f 616/1 773/1 772/1
f 616/1 772/1 615/1
f 2796/1 2797/1 617/1
f 2796/1 617/1 2815/1
f 2252/1 619/1 618/1
f 2252/1 618/1 3788/1
f 3789/1 3788/1 618/1
f 3789/1 618/1 2229/1
f 620/1 618/1 619/1
f 620/1 619/1 1932/1
f 950/1 951/1 620/1
f 950/1 620/1 2264/1
f 620/1 951/1 2229/1
f 620/1 2229/1 618/1
f 622/1 623/1 621/1
f 622/1 621/1 809/1
f 624/1 4172/1 621/1
f 624/1 621/1 623/1
f 621/1 914/1 3167/1
f 621/1 3167/1 809/1
f 622/1 810/1 946/1
f 622/1 946/1 2156/1
f 2156/1 625/1 623/1
f 2156/1 623/1 622/1
f 625/1 626/1 624/1
f 625/1 624/1 623/1
f 624/1 2209/1 2208/1
f 624/1 2208/1 4172/1
f 625/1 2156/1 3943/1
f 625/1 3943/1 4101/1
f 2209/1 624/1 626/1
f 2209/1 626/1 2128/1
f 626/1 625/1 4101/1
f 626/1 4101/1 2129/1
f 627/1 628/1 629/1
f 627/1 629/1 3431/1
f 627/1 3431/1 632/1
f 627/1 632/1 631/1
f 708/1 628/1 627/1
f 708/1 627/1 2711/1
f 628/1 708/1 2707/1
f 628/1 2707/1 880/1
f 628/1 880/1 3448/1
f 628/1 3448/1 629/1
f 629/1 3448/1 3430/1
f 629/1 3430/1 3414/1
f 631/1 632/1 630/1
f 631/1 630/1 899/1
f 2364/1 2387/1 630/1
f 2364/1 630/1 2589/1
f 2573/1 899/1 630/1
f 2573/1 630/1 2387/1
f 2711/1 627/1 631/1
f 2711/1 631/1 900/1
f 632/1 4233/1 2589/1
f 632/1 2589/1 630/1
f 632/1 3431/1 3413/1
f 632/1 3413/1 4233/1
f 634/1 635/1 633/1
f 634/1 633/1 636/1
f 633/1 759/1 758/1
f 633/1 758/1 760/1
f 635/1 455/1 759/1
f 635/1 759/1 633/1
f 3703/1 2905/1 635/1
f 3703/1 635/1 634/1
f 636/1 633/1 760/1
f 636/1 760/1 833/1
f 637/1 638/1 639/1
f 637/1 639/1 2189/1
f 3222/1 3252/1 637/1
f 3222/1 637/1 2225/1
f 637/1 3252/1 4108/1
f 637/1 4108/1 638/1
f 4129/1 4107/1 638/1
f 4129/1 638/1 4108/1
f 2169/1 512/1 639/1
f 2169/1 639/1 4111/1
f 639/1 638/1 4107/1
f 639/1 4107/1 4111/1
f 3109/1 578/1 640/1
f 3109/1 640/1 642/1
f 3162/1 641/1 640/1
f 3162/1 640/1 579/1
f 642/1 640/1 641/1
f 642/1 641/1 3176/1
f 641/1 3162/1 3161/1
f 641/1 3161/1 4059/1
f 778/1 780/1 642/1
f 778/1 642/1 3176/1
f 644/1 645/1 643/1
f 644/1 643/1 664/1
f 644/1 2154/1 4010/1
f 644/1 4010/1 645/1
f 645/1 571/1 646/1
f 645/1 646/1 643/1
f 648/1 540/1 647/1
f 648/1 647/1 4230/1
f 647/1 540/1 878/1
f 647/1 878/1 876/1
f 2712/1 4230/1 647/1
f 2712/1 647/1 731/1
f 651/1 652/1 650/1
f 651/1 650/1 672/1
f 650/1 1969/1 1970/1
f 650/1 1970/1 1936/1
f 814/1 3875/1 651/1
f 814/1 651/1 669/1
f 652/1 2953/1 1969/1
f 652/1 1969/1 650/1
f 3875/1 2937/1 652/1
f 3875/1 652/1 651/1
f 653/1 654/1 655/1
f 653/1 655/1 807/1
f 657/1 654/1 653/1
f 657/1 653/1 495/1
f 654/1 657/1 656/1
f 654/1 656/1 3028/1
f 3080/1 655/1 654/1
f 3080/1 654/1 3028/1
f 3076/1 808/1 655/1
f 3076/1 655/1 3080/1
f 656/1 3112/1 3029/1
f 656/1 3029/1 3028/1
f 3111/1 656/1 657/1
f 3111/1 657/1 4083/1
f 658/1 659/1 660/1
f 658/1 660/1 812/1
f 3414/1 3430/1 658/1
f 3414/1 658/1 811/1
f 659/1 2882/1 2881/1
f 659/1 2881/1 660/1
f 3430/1 3436/1 659/1
f 3430/1 659/1 658/1
f 663/1 661/1 662/1
f 663/1 662/1 791/1
f 2134/1 790/1 662/1
f 2134/1 662/1 2133/1
f 663/1 2154/1 2155/1
f 663/1 2155/1 661/1
f 663/1 791/1 4014/1
f 663/1 4014/1 4011/1
f 2289/1 3186/1 664/1
f 2289/1 664/1 643/1
f 665/1 4275/1 4255/1
f 665/1 4255/1 2533/1
f 666/1 665/1 2533/1
f 666/1 2533/1 3434/1
f 667/1 672/1 671/1
f 667/1 671/1 674/1
f 668/1 670/1 669/1
f 668/1 669/1 667/1
f 669/1 651/1 672/1
f 669/1 672/1 667/1
f 814/1 669/1 670/1
f 814/1 670/1 816/1
f 671/1 1936/1 1935/1
f 671/1 1935/1 910/1
f 1936/1 671/1 672/1
f 1936/1 672/1 650/1
f 673/1 910/1 2926/1
f 673/1 2926/1 904/1
f 674/1 671/1 910/1
f 674/1 910/1 673/1
f 676/1 677/1 675/1
f 676/1 675/1 2532/1
f 675/1 2017/1 2001/1
f 675/1 2001/1 3246/1
f 711/1 710/1 676/1
f 711/1 676/1 2764/1
f 677/1 676/1 710/1
f 677/1 710/1 4241/1
f 677/1 4078/1 2017/1
f 677/1 2017/1 675/1
f 678/1 679/1 680/1
f 678/1 680/1 682/1
f 2192/1 933/1 678/1
f 2192/1 678/1 866/1
f 2428/1 679/1 678/1
f 2428/1 678/1 933/1
f 680/1 679/1 951/1
f 680/1 951/1 950/1
f 681/1 682/1 683/1
f 681/1 683/1 684/1
f 865/1 866/1 681/1
f 865/1 681/1 868/1
f 866/1 678/1 682/1
f 866/1 682/1 681/1
f 682/1 680/1 3204/1
f 682/1 3204/1 683/1
f 683/1 3204/1 3222/1
f 683/1 3222/1 685/1
f 684/1 683/1 685/1
f 684/1 685/1 3272/1
f 868/1 681/1 684/1
f 868/1 684/1 918/1
f 685/1 3222/1 2225/1
f 685/1 2225/1 2224/1
f 686/1 689/1 690/1
f 686/1 690/1 687/1
f 686/1 688/1 935/1
f 686/1 935/1 3053/1
f 688/1 686/1 687/1
f 688/1 687/1 691/1
f 687/1 690/1 781/1
f 687/1 781/1 3010/1
f 688/1 4077/1 1933/1
f 688/1 1933/1 935/1
f 3031/1 3051/1 689/1
f 3031/1 689/1 3032/1
f 3053/1 3032/1 689/1
f 3053/1 689/1 686/1
f 3051/1 3065/1 690/1
f 3051/1 690/1 689/1
f 691/1 687/1 3010/1
f 691/1 3010/1 692/1
f 691/1 693/1 4077/1
f 691/1 4077/1 688/1
f 693/1 691/1 692/1
f 693/1 692/1 955/1
f 4068/1 954/1 692/1
f 4068/1 692/1 3010/1
f 693/1 955/1 2017/1
f 693/1 2017/1 4078/1
f 695/1 696/1 694/1
f 695/1 694/1 699/1
f 694/1 841/1 879/1
f 694/1 879/1 773/1
f 3831/1 3832/1 695/1
f 3831/1 695/1 698/1
f 841/1 694/1 696/1
f 841/1 696/1 2908/1
f 696/1 695/1 3832/1
f 696/1 3832/1 4293/1
f 697/1 789/1 703/1
f 697/1 703/1 702/1
f 698/1 695/1 699/1
f 698/1 699/1 614/1
f 698/1 697/1 702/1
f 698/1 702/1 3831/1
f 699/1 694/1 773/1
f 699/1 773/1 616/1
f 701/1 520/1 700/1
f 701/1 700/1 704/1
f 3832/1 3831/1 700/1
f 3832/1 700/1 519/1
f 701/1 847/1 2738/1
f 701/1 2738/1 520/1
f 2837/1 705/1 701/1
f 2837/1 701/1 704/1
f 704/1 702/1 703/1
f 704/1 703/1 2837/1
f 2045/1 942/1 703/1
f 2045/1 703/1 789/1
f 3831/1 702/1 704/1
f 3831/1 704/1 700/1
f 706/1 707/1 705/1
f 706/1 705/1 2837/1
f 847/1 701/1 705/1
f 847/1 705/1 3572/1
f 939/1 944/1 706/1
f 939/1 706/1 942/1
f 707/1 706/1 944/1
f 707/1 944/1 832/1
f 3572/1 705/1 707/1
f 3572/1 707/1 831/1
f 708/1 848/1 3573/1
f 708/1 3573/1 2707/1
f 709/1 710/1 711/1
f 709/1 711/1 3326/1
f 4241/1 710/1 709/1
f 4241/1 709/1 4262/1
f 711/1 2676/1 3229/1
f 711/1 3229/1 3326/1
f 2559/1 713/1 712/1
f 2559/1 712/1 717/1
f 3325/1 3281/1 712/1
f 3325/1 712/1 714/1
f 714/1 712/1 713/1
f 714/1 713/1 2613/1
f 738/1 737/1 714/1
f 738/1 714/1 2613/1
f 715/1 716/1 717/1
f 715/1 717/1 3280/1
f 3229/1 3196/1 715/1
f 3229/1 715/1 3280/1
f 718/1 719/1 716/1
f 718/1 716/1 715/1
f 716/1 719/1 834/1
f 716/1 834/1 836/1
f 2559/1 717/1 716/1
f 2559/1 716/1 836/1
f 717/1 712/1 3281/1
f 717/1 3281/1 3280/1
f 718/1 550/1 3154/1
f 718/1 3154/1 771/1
f 727/1 834/1 719/1
f 727/1 719/1 728/1
f 771/1 728/1 719/1
f 771/1 719/1 718/1
f 1926/1 3011/1 720/1
f 1926/1 720/1 1927/1
f 1927/1 720/1 721/1
f 1927/1 721/1 3030/1
f 723/1 724/1 722/1
f 723/1 722/1 2130/1
f 2113/1 724/1 723/1
f 2113/1 723/1 2397/1
f 723/1 2130/1 2129/1
f 723/1 2129/1 3850/1
f 724/1 2136/1 828/1
f 724/1 828/1 722/1
f 2112/1 2136/1 724/1
f 2112/1 724/1 2113/1
f 725/1 2526/1 2527/1
f 725/1 2527/1 726/1
f 835/1 834/1 727/1
f 835/1 727/1 2078/1
f 729/1 727/1 728/1
f 729/1 728/1 770/1
f 769/1 770/1 728/1
f 769/1 728/1 771/1
f 778/1 779/1 729/1
f 778/1 729/1 3108/1
f 2078/1 727/1 729/1
f 2078/1 729/1 779/1
f 731/1 732/1 730/1
f 731/1 730/1 2712/1
f 731/1 647/1 876/1
f 731/1 876/1 869/1
f 732/1 734/1 733/1
f 732/1 733/1 730/1
f 732/1 731/1 869/1
f 732/1 869/1 4306/1
f 734/1 732/1 4306/1
f 734/1 4306/1 2726/1
f 4310/1 733/1 734/1
f 4310/1 734/1 2956/1
f 738/1 558/1 735/1
f 738/1 735/1 737/1
f 735/1 1934/1 936/1
f 735/1 936/1 736/1
f 737/1 735/1 736/1
f 737/1 736/1 4305/1
f 736/1 936/1 1933/1
f 736/1 1933/1 4315/1
f 737/1 4305/1 3325/1
f 737/1 3325/1 714/1
f 2614/1 559/1 738/1
f 2614/1 738/1 2613/1
f 739/1 740/1 741/1
f 739/1 741/1 3680/1
f 739/1 3601/1 3621/1
f 739/1 3621/1 1979/1
f 740/1 739/1 1979/1
f 740/1 1979/1 2643/1
f 740/1 3003/1 3004/1
f 740/1 3004/1 741/1
f 741/1 3004/1 3777/1
f 741/1 3777/1 3740/1
f 743/1 744/1 742/1
f 743/1 742/1 747/1
f 877/1 748/1 742/1
f 877/1 742/1 749/1
f 744/1 750/1 749/1
f 744/1 749/1 742/1
f 746/1 747/1 745/1
f 746/1 745/1 2993/1
f 745/1 748/1 3836/1
f 745/1 3836/1 536/1
f 1969/1 854/1 746/1
f 1969/1 746/1 1970/1
f 747/1 742/1 748/1
f 747/1 748/1 745/1
f 854/1 743/1 747/1
f 854/1 747/1 746/1
f 878/1 3836/1 748/1
f 878/1 748/1 877/1
f 749/1 872/1 870/1
f 749/1 870/1 877/1
f 772/1 774/1 750/1
f 772/1 750/1 744/1
f 750/1 937/1 872/1
f 750/1 872/1 749/1
f 782/1 783/1 751/1
f 782/1 751/1 2071/1
f 752/1 753/1 754/1
f 752/1 754/1 3086/1
f 852/1 850/1 752/1
f 852/1 752/1 3085/1
f 850/1 849/1 753/1
f 850/1 753/1 752/1
f 753/1 3078/1 3079/1
f 753/1 3079/1 754/1
f 2059/1 2058/1 754/1
f 2059/1 754/1 3079/1
f 754/1 2058/1 4062/1
f 754/1 4062/1 3086/1
f 755/1 756/1 757/1
f 755/1 757/1 3503/1
f 758/1 759/1 756/1
f 758/1 756/1 755/1
f 3514/1 757/1 756/1
f 3514/1 756/1 3576/1
f 757/1 3514/1 3502/1
f 757/1 3502/1 3484/1
f 758/1 755/1 882/1
f 758/1 882/1 881/1
f 3576/1 756/1 759/1
f 3576/1 759/1 455/1
f 760/1 758/1 881/1
f 760/1 881/1 3540/1
f 761/1 762/1 763/1
f 761/1 763/1 2574/1
f 761/1 2574/1 2572/1
f 761/1 2572/1 2515/1
f 762/1 2224/1 782/1
f 762/1 782/1 763/1
f 2516/1 3272/1 762/1
f 2516/1 762/1 761/1
f 763/1 782/1 2071/1
f 763/1 2071/1 3368/1
f 763/1 3368/1 4249/1
f 763/1 4249/1 2574/1
f 926/1 765/1 764/1
f 926/1 764/1 3967/1
f 2228/1 3967/1 764/1
f 2228/1 764/1 2226/1
f 765/1 926/1 2344/1
f 765/1 2344/1 3140/1
f 765/1 3140/1 3139/1
f 765/1 3139/1 597/1
f 767/1 768/1 766/1
f 767/1 766/1 2161/1
f 766/1 768/1 2098/1
f 766/1 2098/1 2105/1
f 766/1 2126/1 2127/1
f 766/1 2127/1 2161/1
f 767/1 2161/1 2162/1
f 767/1 2162/1 4106/1
f 767/1 3118/1 3119/1
f 767/1 3119/1 768/1
f 767/1 4106/1 4098/1
f 767/1 4098/1 3118/1
f 769/1 2098/1 768/1
f 769/1 768/1 3119/1
f 770/1 4088/1 3108/1
f 770/1 3108/1 729/1
f 3119/1 4088/1 770/1
f 3119/1 770/1 769/1
f 2098/1 769/1 771/1
f 2098/1 771/1 3154/1
f 773/1 879/1 774/1
f 773/1 774/1 772/1
f 937/1 750/1 774/1
f 937/1 774/1 894/1
f 775/1 776/1 777/1
f 775/1 777/1 2401/1
f 775/1 2401/1 2400/1
f 775/1 2400/1 3401/1
f 3434/1 2533/1 776/1
f 3434/1 776/1 775/1
f 776/1 855/1 3438/1
f 776/1 3438/1 777/1
f 777/1 3438/1 4246/1
f 777/1 4246/1 4249/1
f 2107/1 2078/1 779/1
f 2107/1 779/1 2108/1
f 779/1 778/1 3176/1
f 779/1 3176/1 3175/1
f 780/1 778/1 3108/1
f 780/1 3108/1 4019/1
f 3109/1 642/1 780/1
f 3109/1 780/1 2080/1
f 3498/1 2080/1 780/1
f 3498/1 780/1 4019/1
f 3065/1 3077/1 781/1
f 3065/1 781/1 690/1
f 2224/1 2225/1 783/1
f 2224/1 783/1 782/1
f 784/1 785/1 786/1
f 784/1 786/1 787/1
f 784/1 886/1 885/1
f 784/1 885/1 3405/1
f 2576/1 886/1 784/1
f 2576/1 784/1 787/1
f 3405/1 3390/1 785/1
f 3405/1 785/1 784/1
f 3349/1 788/1 786/1
f 3349/1 786/1 3369/1
f 3370/1 3369/1 786/1
f 3370/1 786/1 785/1
f 787/1 786/1 788/1
f 787/1 788/1 2501/1
f 787/1 2501/1 2404/1
f 787/1 2404/1 2576/1
f 788/1 3316/1 3309/1
f 788/1 3309/1 2501/1
f 789/1 649/1 813/1
f 789/1 813/1 2045/1
f 791/1 662/1 790/1
f 791/1 790/1 2011/1
f 945/1 2010/1 790/1
f 945/1 790/1 2134/1
f 793/1 794/1 792/1
f 793/1 792/1 3066/1
f 3028/1 3029/1 792/1
f 3028/1 792/1 3080/1
f 793/1 3059/1 3065/1
f 793/1 3065/1 3051/1
f 3051/1 3031/1 794/1
f 3051/1 794/1 793/1
f 794/1 3076/1 3080/1
f 794/1 3080/1 792/1
f 799/1 798/1 795/1
f 799/1 795/1 797/1
f 797/1 795/1 796/1
f 797/1 796/1 4043/1
f 797/1 4043/1 4046/1
f 797/1 4046/1 2467/1
f 798/1 1999/1 800/1
f 798/1 800/1 795/1
f 1998/1 1997/1 798/1
f 1998/1 798/1 799/1
f 2467/1 2466/1 799/1
f 2467/1 799/1 797/1
f 801/1 922/1 923/1
f 801/1 923/1 802/1
f 803/1 801/1 802/1
f 803/1 802/1 952/1
f 3917/1 2218/1 802/1
f 3917/1 802/1 923/1
f 803/1 2397/1 2334/1
f 803/1 2334/1 801/1
f 4071/1 805/1 804/1
f 4071/1 804/1 4070/1
f 3015/1 4073/1 805/1
f 3015/1 805/1 4071/1
f 807/1 655/1 808/1
f 807/1 808/1 4067/1
f 3014/1 3013/1 808/1
f 3014/1 808/1 3076/1
f 810/1 622/1 809/1
f 810/1 809/1 919/1
f 809/1 3167/1 925/1
f 809/1 925/1 919/1
f 945/1 946/1 810/1
f 945/1 810/1 920/1
f 811/1 658/1 812/1
f 811/1 812/1 3370/1
f 3413/1 3414/1 811/1
f 3413/1 811/1 3390/1
f 812/1 660/1 2802/1
f 812/1 2802/1 3381/1
f 814/1 815/1 813/1
f 814/1 813/1 3875/1
f 813/1 649/1 2937/1
f 813/1 2937/1 3875/1
f 816/1 817/1 815/1
f 816/1 815/1 814/1
f 2045/1 813/1 815/1
f 2045/1 815/1 943/1
f 891/1 438/1 816/1
f 891/1 816/1 670/1
f 817/1 940/1 943/1
f 817/1 943/1 815/1
f 818/1 820/1 3074/1
f 818/1 3074/1 3084/1
f 820/1 818/1 819/1
f 820/1 819/1 3584/1
f 819/1 818/1 1929/1
f 819/1 1929/1 555/1
f 3091/1 3384/1 820/1
f 3091/1 820/1 3584/1
f 821/1 3003/1 2978/1
f 821/1 2978/1 527/1
f 822/1 823/1 824/1
f 822/1 824/1 860/1
f 3808/1 3809/1 822/1
f 3808/1 822/1 860/1
f 823/1 902/1 2112/1
f 823/1 2112/1 824/1
f 823/1 822/1 3789/1
f 823/1 3789/1 3791/1
f 824/1 2112/1 2113/1
f 824/1 2113/1 953/1
f 825/1 1480/1 1481/1
f 825/1 1481/1 3464/1
f 827/1 825/1 826/1
f 827/1 826/1 2995/1
f 826/1 4066/1 2996/1
f 826/1 2996/1 2995/1
f 826/1 825/1 3464/1
f 826/1 3464/1 4322/1
f 827/1 1476/1 1480/1
f 827/1 1480/1 825/1
f 828/1 2136/1 901/1
f 828/1 901/1 829/1
f 828/1 591/1 2193/1
f 828/1 2193/1 722/1
f 829/1 901/1 932/1
f 829/1 932/1 830/1
f 830/1 932/1 2192/1
f 830/1 2192/1 948/1
f 832/1 833/1 831/1
f 832/1 831/1 707/1
f 831/1 3540/1 3573/1
f 831/1 3573/1 3572/1
f 2907/1 516/1 832/1
f 2907/1 832/1 944/1
f 833/1 760/1 3540/1
f 833/1 3540/1 831/1
f 836/1 834/1 835/1
f 836/1 835/1 837/1
f 2107/1 2588/1 835/1
f 2107/1 835/1 2078/1
f 837/1 838/1 839/1
f 837/1 839/1 2560/1
f 2559/1 836/1 837/1
f 2559/1 837/1 2560/1
f 837/1 835/1 2588/1
f 837/1 2588/1 838/1
f 2759/1 839/1 838/1
f 2759/1 838/1 2760/1
f 1745/1 1746/1 839/1
f 1745/1 839/1 2759/1
f 841/1 842/1 840/1
f 841/1 840/1 879/1
f 840/1 909/1 908/1
f 840/1 908/1 894/1
f 909/1 840/1 842/1
f 909/1 842/1 892/1
f 2908/1 893/1 842/1
f 2908/1 842/1 841/1
f 843/1 844/1 845/1
f 843/1 845/1 4060/1
f 4040/1 4026/1 843/1
f 4040/1 843/1 4030/1
f 844/1 843/1 4026/1
f 844/1 4026/1 4058/1
f 844/1 4058/1 4057/1
f 844/1 4057/1 506/1
f 853/1 3088/1 845/1
f 853/1 845/1 505/1
f 847/1 848/1 846/1
f 847/1 846/1 2738/1
f 846/1 2711/1 900/1
f 846/1 900/1 912/1
f 2711/1 846/1 848/1
f 2711/1 848/1 708/1
f 3572/1 3573/1 848/1
f 3572/1 848/1 847/1
f 3078/1 753/1 849/1
f 3078/1 849/1 1929/1
f 851/1 850/1 852/1
f 851/1 852/1 853/1
f 852/1 3058/1 3088/1
f 852/1 3088/1 853/1
f 2953/1 610/1 854/1
f 2953/1 854/1 1969/1
f 855/1 856/1 857/1
f 855/1 857/1 3438/1
f 2533/1 4255/1 855/1
f 2533/1 855/1 776/1
f 856/1 911/1 913/1
f 856/1 913/1 857/1
f 4255/1 4256/1 856/1
f 4255/1 856/1 855/1
f 857/1 913/1 3449/1
f 857/1 3449/1 3439/1
f 2220/1 859/1 858/1
f 2220/1 858/1 952/1
f 860/1 858/1 859/1
f 860/1 859/1 3808/1
f 3239/1 3864/1 859/1
f 3239/1 859/1 2220/1
f 860/1 824/1 953/1
f 860/1 953/1 858/1
f 4292/1 4293/1 861/1
f 4292/1 861/1 4258/1
f 862/1 521/1 3550/1
f 862/1 3550/1 911/1
f 4258/1 861/1 862/1
f 4258/1 862/1 4256/1
f 864/1 569/1 863/1
f 864/1 863/1 2120/1
f 2132/1 569/1 864/1
f 2132/1 864/1 3942/1
f 947/1 948/1 865/1
f 947/1 865/1 867/1
f 948/1 2192/1 866/1
f 948/1 866/1 865/1
f 867/1 865/1 868/1
f 867/1 868/1 917/1
f 867/1 917/1 884/1
f 867/1 884/1 2436/1
f 870/1 871/1 869/1
f 870/1 869/1 876/1
f 872/1 873/1 871/1
f 872/1 871/1 870/1
f 4306/1 869/1 871/1
f 4306/1 871/1 874/1
f 873/1 875/1 874/1
f 873/1 874/1 871/1
f 937/1 938/1 873/1
f 937/1 873/1 872/1
f 2726/1 4306/1 874/1
f 2726/1 874/1 928/1
f 928/1 874/1 875/1
f 928/1 875/1 949/1
f 875/1 873/1 938/1
f 875/1 938/1 3777/1
f 875/1 3777/1 3004/1
f 875/1 3004/1 949/1
f 877/1 870/1 876/1
f 877/1 876/1 878/1
f 879/1 840/1 894/1
f 879/1 894/1 774/1
f 881/1 882/1 880/1
f 881/1 880/1 2707/1
f 880/1 882/1 883/1
f 880/1 883/1 3448/1
f 882/1 755/1 3503/1
f 882/1 3503/1 883/1
f 883/1 3503/1 3455/1
f 883/1 3455/1 3436/1
f 885/1 886/1 884/1
f 885/1 884/1 2341/1
f 886/1 2576/1 2436/1
f 886/1 2436/1 884/1
f 4035/1 2180/1 887/1
f 4035/1 887/1 573/1
f 888/1 907/1 2141/1
f 888/1 2141/1 3151/1
f 2181/1 2182/1 888/1
f 2181/1 888/1 3151/1
f 889/1 890/1 4043/1
f 889/1 4043/1 796/1
f 890/1 3181/1 2498/1
f 890/1 2498/1 4054/1
f 893/1 606/1 892/1
f 893/1 892/1 842/1
f 3669/1 909/1 892/1
f 3669/1 892/1 605/1
f 893/1 2908/1 4292/1
f 893/1 4292/1 2648/1
f 894/1 908/1 938/1
f 894/1 938/1 937/1
f 896/1 897/1 895/1
f 896/1 895/1 2981/1
f 895/1 897/1 1928/1
f 895/1 1928/1 2393/1
f 895/1 4024/1 3074/1
f 895/1 3074/1 2981/1
f 4238/1 4205/1 896/1
f 4238/1 896/1 2982/1
f 4205/1 2620/1 897/1
f 4205/1 897/1 896/1
f 898/1 3859/1 3860/1
f 898/1 3860/1 431/1
f 900/1 631/1 899/1
f 900/1 899/1 3449/1
f 3439/1 3449/1 899/1
f 3439/1 899/1 2573/1
f 913/1 912/1 900/1
f 913/1 900/1 3449/1
f 901/1 902/1 903/1
f 901/1 903/1 932/1
f 902/1 901/1 2136/1
f 902/1 2136/1 2112/1
f 902/1 823/1 3791/1
f 902/1 3791/1 903/1
f 903/1 3791/1 2428/1
f 903/1 2428/1 933/1
f 4143/1 905/1 904/1
f 4143/1 904/1 2926/1
f 4141/1 4142/1 905/1
f 4141/1 905/1 4143/1
f 4235/1 4081/1 905/1
f 4235/1 905/1 4142/1
f 907/1 589/1 906/1
f 907/1 906/1 2131/1
f 907/1 2131/1 2142/1
f 907/1 2142/1 2141/1
f 3669/1 3740/1 908/1
f 3669/1 908/1 909/1
f 910/1 1935/1 2925/1
f 910/1 2925/1 2926/1
f 912/1 913/1 911/1
f 912/1 911/1 3550/1
f 4256/1 862/1 911/1
f 4256/1 911/1 856/1
f 912/1 3550/1 2738/1
f 912/1 2738/1 846/1
f 914/1 915/1 916/1
f 914/1 916/1 3167/1
f 4172/1 4168/1 914/1
f 4172/1 914/1 621/1
f 4168/1 3207/1 915/1
f 4168/1 915/1 914/1
f 916/1 2226/1 925/1
f 916/1 925/1 3167/1
f 3213/1 2227/1 916/1
f 3213/1 916/1 915/1
f 917/1 868/1 918/1
f 917/1 918/1 2031/1
f 2341/1 884/1 917/1
f 2341/1 917/1 2031/1
f 2032/1 2031/1 918/1
f 2032/1 918/1 2516/1
f 918/1 684/1 3272/1
f 918/1 3272/1 2516/1
f 920/1 810/1 919/1
f 920/1 919/1 924/1
f 2199/1 923/1 922/1
f 2199/1 922/1 2120/1
f 2334/1 2119/1 922/1
f 2334/1 922/1 801/1
f 3926/1 3917/1 923/1
f 3926/1 923/1 2199/1
f 925/1 596/1 924/1
f 925/1 924/1 919/1
f 928/1 526/1 927/1
f 928/1 927/1 2726/1
f 927/1 525/1 3773/1
f 927/1 3773/1 2956/1
f 930/1 931/1 929/1
f 930/1 929/1 3857/1
f 929/1 517/1 2907/1
f 929/1 2907/1 941/1
f 932/1 903/1 933/1
f 932/1 933/1 2192/1
f 934/1 936/1 1934/1
f 934/1 1934/1 4076/1
f 3053/1 935/1 934/1
f 3053/1 934/1 4073/1
f 936/1 934/1 935/1
f 936/1 935/1 1933/1
f 938/1 908/1 3740/1
f 938/1 3740/1 3777/1
f 940/1 941/1 939/1
f 940/1 939/1 943/1
f 3885/1 3857/1 940/1
f 3885/1 940/1 817/1
f 941/1 2907/1 944/1
f 941/1 944/1 939/1
f 3857/1 929/1 941/1
f 3857/1 941/1 940/1
f 943/1 939/1 942/1
f 943/1 942/1 2045/1
f 942/1 706/1 2837/1
f 942/1 2837/1 703/1
f 945/1 2134/1 3960/1
f 945/1 3960/1 946/1
f 4139/1 2010/1 945/1
f 4139/1 945/1 920/1
f 947/1 867/1 2436/1
f 947/1 2436/1 2403/1
f 2223/1 830/1 948/1
f 2223/1 948/1 947/1
f 949/1 3004/1 3003/1
f 949/1 3003/1 821/1
f 950/1 4112/1 3204/1
f 950/1 3204/1 680/1
f 951/1 679/1 2428/1
f 951/1 2428/1 2229/1
f 953/1 803/1 952/1
f 953/1 952/1 858/1
f 2218/1 2220/1 952/1
f 2218/1 952/1 802/1
f 953/1 2113/1 2397/1
f 953/1 2397/1 803/1
f 955/1 692/1 954/1
f 955/1 954/1 2000/1
f 4062/1 2627/1 954/1
f 4062/1 954/1 4068/1
f 956/1 957/1 958/1
f 956/1 958/1 959/1
f 2845/1 957/1 956/1
f 2845/1 956/1 1349/1
f 957/1 2845/1 3020/1
f 957/1 3020/1 4017/1
f 958/1 957/1 4017/1
f 958/1 4017/1 4324/1
f 959/1 958/1 960/1
f 959/1 960/1 961/1
f 3075/1 956/1 959/1
f 3075/1 959/1 1149/1
f 960/1 4020/1 3961/1
f 960/1 3961/1 962/1
f 960/1 958/1 4324/1
f 960/1 4324/1 4020/1
f 961/1 960/1 962/1
f 961/1 962/1 1030/1
f 1149/1 959/1 961/1
f 1149/1 961/1 1029/1
f 962/1 3961/1 1890/1
f 962/1 1890/1 1470/1
f 963/1 964/1 965/1
f 963/1 965/1 1115/1
f 3531/1 2036/1 963/1
f 3531/1 963/1 3469/1
f 964/1 966/1 967/1
f 964/1 967/1 965/1
f 2036/1 3491/1 964/1
f 2036/1 964/1 963/1
f 965/1 967/1 1334/1
f 965/1 1334/1 1332/1
f 966/1 1451/1 1449/1
f 966/1 1449/1 967/1
f 3491/1 3479/1 966/1
f 3491/1 966/1 964/1
f 967/1 1449/1 1357/1
f 967/1 1357/1 1334/1
f 968/1 969/1 970/1
f 968/1 970/1 1161/1
f 3428/1 971/1 968/1
f 3428/1 968/1 1160/1
f 971/1 972/1 969/1
f 971/1 969/1 968/1
f 969/1 1300/1 3352/1
f 969/1 3352/1 970/1
f 970/1 1109/1 1108/1
f 970/1 1108/1 1161/1
f 1063/1 1367/1 971/1
f 1063/1 971/1 3428/1
f 1300/1 969/1 972/1
f 1300/1 972/1 1333/1
f 1367/1 1116/1 972/1
f 1367/1 972/1 971/1
f 974/1 975/1 973/1
f 974/1 973/1 1416/1
f 3114/1 3115/1 973/1
f 3114/1 973/1 4102/1
f 974/1 1416/1 1417/1
f 974/1 1417/1 3016/1
f 2774/1 2775/1 975/1
f 2774/1 975/1 974/1
f 4102/1 973/1 975/1
f 4102/1 975/1 4212/1
f 977/1 978/1 976/1
f 977/1 976/1 3067/1
f 977/1 1009/1 1012/1
f 977/1 1012/1 978/1
f 978/1 1012/1 1199/1
f 978/1 1199/1 1398/1
f 978/1 1398/1 1250/1
f 978/1 1250/1 976/1
f 979/1 980/1 981/1
f 979/1 981/1 2750/1
f 979/1 2750/1 3000/1
f 979/1 3000/1 1395/1
f 3001/1 1253/1 980/1
f 3001/1 980/1 979/1
f 981/1 980/1 982/1
f 981/1 982/1 1117/1
f 981/1 1117/1 2345/1
f 981/1 2345/1 2644/1
f 981/1 2644/1 2645/1
f 981/1 2645/1 2750/1
f 982/1 980/1 1253/1
f 982/1 1253/1 1252/1
f 984/1 985/1 983/1
f 984/1 983/1 3408/1
f 3314/1 3313/1 983/1
f 3314/1 983/1 986/1
f 984/1 3755/1 3756/1
f 984/1 3756/1 3453/1
f 985/1 987/1 986/1
f 985/1 986/1 983/1
f 3453/1 3454/1 985/1
f 3453/1 985/1 984/1
f 986/1 987/1 1623/1
f 986/1 1623/1 1622/1
f 986/1 1622/1 3298/1
f 986/1 3298/1 3314/1
f 987/1 985/1 3454/1
f 987/1 3454/1 3422/1
f 989/1 990/1 988/1
f 989/1 988/1 3172/1
f 988/1 1219/1 2125/1
f 988/1 2125/1 3171/1
f 989/1 3168/1 1731/1
f 989/1 1731/1 990/1
f 4113/1 1020/1 989/1
f 4113/1 989/1 3172/1
f 990/1 1224/1 1219/1
f 990/1 1219/1 988/1
f 991/1 992/1 993/1
f 991/1 993/1 994/1
f 996/1 2641/1 991/1
f 996/1 991/1 994/1
f 991/1 2641/1 2166/1
f 991/1 2166/1 1071/1
f 992/1 1067/1 1068/1
f 992/1 1068/1 993/1
f 1071/1 1069/1 992/1
f 1071/1 992/1 991/1
f 3267/1 995/1 993/1
f 3267/1 993/1 1068/1
f 994/1 993/1 995/1
f 994/1 995/1 997/1
f 996/1 994/1 997/1
f 996/1 997/1 1400/1
f 2640/1 2641/1 996/1
f 2640/1 996/1 3238/1
f 997/1 995/1 1399/1
f 997/1 1399/1 1401/1
f 999/1 1000/1 998/1
f 999/1 998/1 1001/1
f 1215/1 4320/1 998/1
f 1215/1 998/1 1976/1
f 1976/1 998/1 1000/1
f 1976/1 1000/1 1974/1
f 1002/1 999/1 1001/1
f 1002/1 1001/1 1098/1
f 4320/1 4319/1 1001/1
f 4320/1 1001/1 998/1
f 1004/1 1005/1 1003/1
f 1004/1 1003/1 1356/1
f 1086/1 1408/1 1003/1
f 1086/1 1003/1 1006/1
f 1005/1 1007/1 1006/1
f 1005/1 1006/1 1003/1
f 1087/1 1086/1 1006/1
f 1087/1 1006/1 2117/1
f 1089/1 2117/1 1006/1
f 1089/1 1006/1 1007/1
f 1009/1 1010/1 1008/1
f 1009/1 1008/1 1012/1
f 1008/1 1014/1 1013/1
f 1008/1 1013/1 1011/1
f 1014/1 1008/1 1010/1
f 1014/1 1010/1 3549/1
f 1012/1 1008/1 1011/1
f 1012/1 1011/1 1199/1
f 1394/1 1393/1 1011/1
f 1394/1 1011/1 1013/1
f 1013/1 1014/1 1016/1
f 1013/1 1016/1 1015/1
f 1014/1 3549/1 3537/1
f 1014/1 3537/1 1016/1
f 1015/1 1016/1 1017/1
f 1015/1 1017/1 2697/1
f 1015/1 1436/1 1394/1
f 1015/1 1394/1 1013/1
f 1016/1 3537/1 3538/1
f 1016/1 3538/1 1017/1
f 3018/1 2697/1 1017/1
f 3018/1 1017/1 3019/1
f 1018/1 1019/1 1020/1
f 1018/1 1020/1 4113/1
f 1018/1 4115/1 2529/1
f 1018/1 2529/1 2873/1
f 2873/1 2637/1 1019/1
f 2873/1 1019/1 1018/1
f 1019/1 2639/1 4137/1
f 1019/1 4137/1 1020/1
f 1020/1 4137/1 3168/1
f 1020/1 3168/1 989/1
f 1022/1 1023/1 1021/1
f 1022/1 1021/1 3721/1
f 1021/1 1024/1 1093/1
f 1021/1 1093/1 1092/1
f 1212/1 1213/1 1022/1
f 1212/1 1022/1 3694/1
f 1023/1 1025/1 1024/1
f 1023/1 1024/1 1021/1
f 1213/1 1354/1 1023/1
f 1213/1 1023/1 1022/1
f 1024/1 1353/1 1095/1
f 1024/1 1095/1 1093/1
f 1353/1 1024/1 1025/1
f 1353/1 1025/1 2915/1
f 1354/1 1408/1 1025/1
f 1354/1 1025/1 1023/1
f 1027/1 1028/1 1026/1
f 1027/1 1026/1 2767/1
f 1026/1 2769/1 2816/1
f 1026/1 2816/1 2767/1
f 1027/1 2782/1 1385/1
f 1027/1 1385/1 1387/1
f 2781/1 2782/1 1027/1
f 2781/1 1027/1 2767/1
f 1028/1 1151/1 1150/1
f 1028/1 1150/1 1026/1
f 1028/1 1027/1 1387/1
f 1028/1 1387/1 2857/1
f 1029/1 961/1 1030/1
f 1029/1 1030/1 1397/1
f 3945/1 1149/1 1029/1
f 3945/1 1029/1 1396/1
f 1030/1 962/1 1470/1
f 1030/1 1470/1 1469/1
f 1032/1 1033/1 1031/1
f 1032/1 1031/1 1200/1
f 1031/1 1034/1 1217/1
f 1031/1 1217/1 2951/1
f 1032/1 1201/1 1981/1
f 1032/1 1981/1 1980/1
f 1033/1 1035/1 1034/1
f 1033/1 1034/1 1031/1
f 1033/1 1032/1 1980/1
f 1033/1 1980/1 1036/1
f 1191/1 1217/1 1034/1
f 1191/1 1034/1 2945/1
f 1036/1 2989/1 1035/1
f 1036/1 1035/1 1033/1
f 1035/1 2034/1 2945/1
f 1035/1 2945/1 1034/1
f 1037/1 1038/1 1036/1
f 1037/1 1036/1 1980/1
f 1113/1 1111/1 1037/1
f 1113/1 1037/1 1290/1
f 1111/1 1112/1 1038/1
f 1111/1 1038/1 1037/1
f 2989/1 1036/1 1038/1
f 2989/1 1038/1 1233/1
f 1039/1 1040/1 1041/1
f 1039/1 1041/1 4190/1
f 2508/1 2377/1 1039/1
f 2508/1 1039/1 3221/1
f 2377/1 1043/1 1040/1
f 2377/1 1040/1 1039/1
f 1041/1 1040/1 1042/1
f 1041/1 1042/1 3990/1
f 1041/1 1244/1 1245/1
f 1041/1 1245/1 4190/1
f 1041/1 3990/1 3991/1
f 1041/1 3991/1 1244/1
f 1042/1 1040/1 1043/1
f 1042/1 1043/1 3199/1
f 4012/1 3990/1 1042/1
f 4012/1 1042/1 2509/1
f 2267/1 2443/1 1043/1
f 2267/1 1043/1 2377/1
f 1044/1 3440/1 2684/1
f 1044/1 2684/1 1045/1
f 1046/1 1044/1 1045/1
f 1046/1 1045/1 2714/1
f 1045/1 2684/1 4199/1
f 1045/1 4199/1 3790/1
f 2492/1 4252/1 1046/1
f 2492/1 1046/1 2714/1
f 1046/1 3465/1 3488/1
f 1046/1 3488/1 1044/1
f 1047/1 1049/1 2791/1
f 1047/1 2791/1 3346/1
f 1049/1 1047/1 1048/1
f 1049/1 1048/1 3335/1
f 1048/1 1047/1 1106/1
f 1048/1 1106/1 1105/1
f 2736/1 2791/1 1049/1
f 2736/1 1049/1 3307/1
f 2149/1 2160/1 1050/1
f 2149/1 1050/1 1052/1
f 1050/1 2737/1 2756/1
f 1050/1 2756/1 1051/1
f 1052/1 1050/1 1051/1
f 1052/1 1051/1 3235/1
f 1051/1 2756/1 3290/1
f 1051/1 3290/1 3263/1
f 2150/1 2149/1 1052/1
f 2150/1 1052/1 2020/1
f 1053/1 1121/1 2138/1
f 1053/1 2138/1 1054/1
f 1055/1 1053/1 1054/1
f 1055/1 1054/1 3744/1
f 1054/1 2138/1 2140/1
f 1054/1 2140/1 3795/1
f 1218/1 1053/1 1055/1
f 1218/1 1055/1 2125/1
f 1055/1 3744/1 3183/1
f 1055/1 3183/1 3182/1
f 1056/1 1057/1 1058/1
f 1056/1 1058/1 3127/1
f 1382/1 1381/1 1056/1
f 1382/1 1056/1 2060/1
f 1056/1 1381/1 2241/1
f 1056/1 2241/1 1057/1
f 2542/1 4174/1 1057/1
f 2542/1 1057/1 2241/1
f 2507/1 3127/1 1058/1
f 2507/1 1058/1 2469/1
f 1058/1 1057/1 4174/1
f 1058/1 4174/1 2468/1
f 1059/1 1060/1 1061/1
f 1059/1 1061/1 1321/1
f 1059/1 1323/1 2634/1
f 1059/1 2634/1 1327/1
f 1060/1 3487/1 1062/1
f 1060/1 1062/1 1061/1
f 1327/1 1328/1 1060/1
f 1327/1 1060/1 1059/1
f 1061/1 1062/1 1063/1
f 1061/1 1063/1 3427/1
f 1367/1 1063/1 1062/1
f 1367/1 1062/1 1114/1
f 1065/1 1066/1 1064/1
f 1065/1 1064/1 3339/1
f 1064/1 3249/1 2236/1
f 1064/1 2236/1 2235/1
f 1065/1 1142/1 3333/1
f 1065/1 3333/1 3304/1
f 3249/1 1064/1 1066/1
f 3249/1 1066/1 3250/1
f 1066/1 1065/1 3304/1
f 1066/1 3304/1 3271/1
f 1069/1 1070/1 1067/1
f 1069/1 1067/1 992/1
f 1068/1 1067/1 1498/1
f 1068/1 1498/1 4280/1
f 1316/1 1278/1 1069/1
f 1316/1 1069/1 1071/1
f 1278/1 1500/1 1070/1
f 1278/1 1070/1 1069/1
f 1070/1 1497/1 1498/1
f 1070/1 1498/1 1067/1
f 1071/1 2166/1 2168/1
f 1071/1 2168/1 1316/1
f 1073/1 1074/1 1072/1
f 1073/1 1072/1 2174/1
f 1072/1 1074/1 2171/1
f 1072/1 2171/1 3147/1
f 1072/1 3147/1 2232/1
f 1072/1 2232/1 4109/1
f 1072/1 4109/1 3131/1
f 1072/1 3131/1 2174/1
f 1073/1 2173/1 3138/1
f 1073/1 3138/1 2163/1
f 2163/1 2164/1 1074/1
f 2163/1 1074/1 1073/1
f 1074/1 2164/1 2247/1
f 1074/1 2247/1 2171/1
f 1076/1 1077/1 1075/1
f 1076/1 1075/1 2935/1
f 1075/1 1097/1 1096/1
f 1075/1 1096/1 2886/1
f 1076/1 2935/1 1405/1
f 1076/1 1405/1 3975/1
f 1076/1 3975/1 3781/1
f 1076/1 3781/1 3698/1
f 1097/1 1075/1 1077/1
f 1097/1 1077/1 4316/1
f 1077/1 1076/1 3698/1
f 1077/1 3698/1 4314/1
f 1079/1 1080/1 1078/1
f 1079/1 1078/1 2787/1
f 1189/1 1081/1 1079/1
f 1189/1 1079/1 1188/1
f 1081/1 1082/1 1080/1
f 1081/1 1080/1 1079/1
f 3764/1 1078/1 1080/1
f 3764/1 1080/1 1083/1
f 1217/1 1191/1 1081/1
f 1217/1 1081/1 1189/1
f 1082/1 1084/1 1083/1
f 1082/1 1083/1 1080/1
f 1191/1 1192/1 1082/1
f 1191/1 1082/1 1081/1
f 1083/1 2894/1 1282/1
f 1083/1 1282/1 3764/1
f 1084/1 1082/1 1192/1
f 1084/1 1192/1 2947/1
f 2894/1 1083/1 1084/1
f 2894/1 1084/1 2946/1
f 1086/1 1087/1 1085/1
f 1086/1 1085/1 2915/1
f 1085/1 1303/1 1285/1
f 1085/1 1285/1 1292/1
f 1087/1 3769/1 1303/1
f 1087/1 1303/1 1085/1
f 1089/1 1090/1 1088/1
f 1089/1 1088/1 2117/1
f 2865/1 3769/1 1088/1
f 2865/1 1088/1 2065/1
f 1090/1 2066/1 2065/1
f 1090/1 2065/1 1088/1
f 1092/1 1093/1 1091/1
f 1092/1 1091/1 2834/1
f 3776/1 3743/1 1091/1
f 3776/1 1091/1 1094/1
f 3721/1 1021/1 1092/1
f 3721/1 1092/1 2835/1
f 1093/1 1095/1 1094/1
f 1093/1 1094/1 1091/1
f 1094/1 1293/1 1368/1
f 1094/1 1368/1 3776/1
f 1095/1 1291/1 1293/1
f 1095/1 1293/1 1094/1
f 1309/1 2858/1 1096/1
f 1309/1 1096/1 2970/1
f 1097/1 1365/1 2970/1
f 1097/1 2970/1 1096/1
f 1099/1 1002/1 1098/1
f 1099/1 1098/1 2943/1
f 4319/1 3700/1 1098/1
f 4319/1 1098/1 1001/1
f 1100/1 1101/1 1102/1
f 1100/1 1102/1 1103/1
f 1362/1 1418/1 1100/1
f 1362/1 1100/1 1363/1
f 1418/1 1231/1 1101/1
f 1418/1 1101/1 1100/1
f 1101/1 2280/1 3295/1
f 1101/1 3295/1 1102/1
f 1102/1 3295/1 2370/1
f 1102/1 2370/1 1104/1
f 1103/1 1102/1 1104/1
f 1103/1 1104/1 2671/1
f 1363/1 1100/1 1103/1
f 1363/1 1103/1 3350/1
f 1103/1 2671/1 2670/1
f 1103/1 2670/1 3350/1
f 1104/1 2369/1 2395/1
f 1104/1 2395/1 2671/1
f 1383/1 1048/1 1105/1
f 1383/1 1105/1 1305/1
f 1107/1 1105/1 1106/1
f 1107/1 1106/1 3375/1
f 3346/1 3348/1 1106/1
f 3346/1 1106/1 1047/1
f 1107/1 3393/1 1305/1
f 1107/1 1305/1 1105/1
f 1107/1 2408/1 2407/1
f 1107/1 2407/1 3393/1
f 1108/1 1109/1 1110/1
f 1108/1 1110/1 2556/1
f 1108/1 2556/1 2608/1
f 1108/1 2608/1 2601/1
f 3352/1 3353/1 1109/1
f 3352/1 1109/1 970/1
f 3830/1 1110/1 1109/1
f 3830/1 1109/1 3353/1
f 3813/1 3753/1 1110/1
f 3813/1 1110/1 3830/1
f 1285/1 1286/1 1111/1
f 1285/1 1111/1 1113/1
f 1112/1 1426/1 1233/1
f 1112/1 1233/1 1038/1
f 1112/1 1111/1 1286/1
f 1112/1 1286/1 1411/1
f 1292/1 1285/1 1113/1
f 1292/1 1113/1 1291/1
f 1114/1 1115/1 1116/1
f 1114/1 1116/1 1367/1
f 1114/1 1062/1 3487/1
f 1114/1 3487/1 3469/1
f 1115/1 965/1 1332/1
f 1115/1 1332/1 1116/1
f 3469/1 963/1 1115/1
f 3469/1 1115/1 1114/1
f 1116/1 1332/1 1333/1
f 1116/1 1333/1 972/1
f 1117/1 982/1 1118/1
f 1117/1 1118/1 1325/1
f 1118/1 982/1 1252/1
f 1118/1 1252/1 2380/1
f 1118/1 4140/1 1326/1
f 1118/1 1326/1 1325/1
f 1119/1 1120/1 1121/1
f 1119/1 1121/1 2135/1
f 1122/1 1120/1 1119/1
f 1122/1 1119/1 1275/1
f 1221/1 2022/1 1119/1
f 1221/1 1119/1 2135/1
f 1120/1 1122/1 1123/1
f 1120/1 1123/1 3195/1
f 1218/1 2135/1 1121/1
f 1218/1 1121/1 1053/1
f 3195/1 2138/1 1121/1
f 3195/1 1121/1 1120/1
f 1122/1 1275/1 1276/1
f 1122/1 1276/1 2593/1
f 2575/1 1123/1 1122/1
f 2575/1 1122/1 2593/1
f 2014/1 3200/1 1123/1
f 2014/1 1123/1 2575/1
f 1125/1 1126/1 1124/1
f 1125/1 1124/1 2817/1
f 2658/1 2657/1 1124/1
f 2658/1 1124/1 2846/1
f 1167/1 3575/1 1125/1
f 1167/1 1125/1 2818/1
f 2846/1 1124/1 1126/1
f 2846/1 1126/1 3717/1
f 3575/1 3641/1 1126/1
f 3575/1 1126/1 1125/1
f 1129/1 1127/1 1128/1
f 1129/1 1128/1 1131/1
f 1130/1 1131/1 1128/1
f 1130/1 1128/1 4089/1
f 1128/1 1127/1 2092/1
f 1128/1 2092/1 3477/1
f 1129/1 1131/1 1235/1
f 1129/1 1235/1 3211/1
f 1129/1 3095/1 3110/1
f 1129/1 3110/1 1127/1
f 4055/1 3095/1 1129/1
f 4055/1 1129/1 3211/1
f 1130/1 3136/1 1235/1
f 1130/1 1235/1 1131/1
f 4228/1 3136/1 1130/1
f 4228/1 1130/1 3418/1
f 1133/1 1134/1 1132/1
f 1133/1 1132/1 2803/1
f 1132/1 1184/1 1183/1
f 1132/1 1183/1 2749/1
f 1133/1 1287/1 1289/1
f 1133/1 1289/1 1208/1
f 1134/1 1205/1 1184/1
f 1134/1 1184/1 1132/1
f 1134/1 1133/1 1208/1
f 1134/1 1208/1 1206/1
f 1135/1 1136/1 1137/1
f 1135/1 1137/1 1139/1
f 2470/1 2471/1 1135/1
f 2470/1 1135/1 1138/1
f 2471/1 3426/1 1136/1
f 2471/1 1136/1 1135/1
f 1136/1 1160/1 3363/1
f 1136/1 3363/1 1137/1
f 1137/1 3363/1 2601/1
f 1137/1 2601/1 1372/1
f 1138/1 1135/1 1139/1
f 1138/1 1139/1 1141/1
f 1210/1 2470/1 1138/1
f 1210/1 1138/1 1211/1
f 1139/1 1137/1 1372/1
f 1139/1 1372/1 3333/1
f 1140/1 1141/1 1142/1
f 1140/1 1142/1 2038/1
f 2499/1 1211/1 1140/1
f 2499/1 1140/1 1370/1
f 1211/1 1138/1 1141/1
f 1211/1 1141/1 1140/1
f 1141/1 1139/1 3333/1
f 1141/1 3333/1 1142/1
f 1142/1 1065/1 3339/1
f 1142/1 3339/1 2038/1
f 3488/1 1144/1 1143/1
f 3488/1 1143/1 2705/1
f 3508/1 2623/1 1143/1
f 3508/1 1143/1 1145/1
f 1145/1 1143/1 1144/1
f 1145/1 1144/1 2580/1
f 3465/1 2581/1 1144/1
f 3465/1 1144/1 3488/1
f 2720/1 3508/1 1145/1
f 2720/1 1145/1 2721/1
f 1147/1 1148/1 1146/1
f 1147/1 1146/1 2948/1
f 1146/1 1349/1 1348/1
f 1146/1 1348/1 1347/1
f 1147/1 2949/1 4300/1
f 1147/1 4300/1 3873/1
f 1349/1 1146/1 1148/1
f 1349/1 1148/1 2845/1
f 3873/1 3874/1 1148/1
f 3873/1 1148/1 1147/1
f 1149/1 3945/1 3929/1
f 1149/1 3929/1 3075/1
f 2769/1 1026/1 1150/1
f 2769/1 1150/1 2852/1
f 1151/1 2749/1 1428/1
f 1151/1 1428/1 1150/1
f 2857/1 2803/1 1151/1
f 2857/1 1151/1 1028/1
f 1152/1 1153/1 1154/1
f 1152/1 1154/1 3506/1
f 1152/1 2626/1 3567/1
f 1152/1 3567/1 2792/1
f 2680/1 2681/1 1153/1
f 2680/1 1153/1 2690/1
f 2792/1 2690/1 1153/1
f 2792/1 1153/1 1152/1
f 1154/1 1153/1 2681/1
f 1154/1 2681/1 2609/1
f 1155/1 1156/1 1157/1
f 1155/1 1157/1 3104/1
f 1158/1 1159/1 1155/1
f 1158/1 1155/1 3103/1
f 1159/1 2965/1 1156/1
f 1159/1 1156/1 1155/1
f 3045/1 1157/1 1156/1
f 3045/1 1156/1 3019/1
f 2963/1 1159/1 1158/1
f 2963/1 1158/1 4294/1
f 1160/1 968/1 1161/1
f 1160/1 1161/1 3363/1
f 3426/1 3428/1 1160/1
f 3426/1 1160/1 1136/1
f 1161/1 1108/1 2601/1
f 1161/1 2601/1 3363/1
f 1162/1 1163/1 1164/1
f 1162/1 1164/1 1165/1
f 4085/1 2082/1 1162/1
f 4085/1 1162/1 3215/1
f 2082/1 2083/1 1163/1
f 2082/1 1163/1 1162/1
f 1164/1 1163/1 2507/1
f 1164/1 2507/1 2506/1
f 1165/1 1164/1 1166/1
f 1165/1 1166/1 2048/1
f 3215/1 1162/1 1165/1
f 3215/1 1165/1 4335/1
f 2041/1 2048/1 1166/1
f 2041/1 1166/1 2039/1
f 1166/1 1164/1 2506/1
f 1166/1 2506/1 3164/1
f 1168/1 1169/1 1167/1
f 1168/1 1167/1 2798/1
f 2772/1 2563/1 1168/1
f 2772/1 1168/1 2771/1
f 2563/1 2631/1 1169/1
f 2563/1 1169/1 1168/1
f 3575/1 1167/1 1169/1
f 3575/1 1169/1 2630/1
f 1270/1 2374/1 1170/1
f 1270/1 1170/1 1172/1
f 1170/1 2373/1 2670/1
f 1170/1 2670/1 1171/1
f 1172/1 1170/1 1171/1
f 1172/1 1171/1 2396/1
f 2671/1 2395/1 1171/1
f 2671/1 1171/1 2670/1
f 1172/1 2722/1 1271/1
f 1172/1 1271/1 1270/1
f 1174/1 1175/1 1173/1
f 1174/1 1173/1 2874/1
f 1225/1 1226/1 1173/1
f 1225/1 1173/1 2931/1
f 2808/1 3578/1 1174/1
f 2808/1 1174/1 1176/1
f 2931/1 1173/1 1175/1
f 2931/1 1175/1 2656/1
f 3578/1 2657/1 1175/1
f 3578/1 1175/1 1174/1
f 1176/1 1177/1 1178/1
f 1176/1 1178/1 2808/1
f 1176/1 1174/1 2874/1
f 1176/1 2874/1 2634/1
f 2537/1 1178/1 1177/1
f 2537/1 1177/1 2535/1
f 1177/1 1176/1 2634/1
f 1177/1 2634/1 1323/1
f 1242/1 1241/1 1178/1
f 1242/1 1178/1 2537/1
f 1180/1 1181/1 1179/1
f 1180/1 1179/1 1182/1
f 3034/1 3033/1 1179/1
f 3034/1 1179/1 1181/1
f 3928/1 3929/1 1180/1
f 3928/1 1180/1 3925/1
f 3945/1 1181/1 1180/1
f 3945/1 1180/1 3929/1
f 1181/1 3945/1 1396/1
f 1181/1 1396/1 3034/1
f 3925/1 1180/1 1182/1
f 3925/1 1182/1 3900/1
f 3962/1 1268/1 1182/1
f 3962/1 1182/1 1179/1
f 1183/1 1190/1 2724/1
f 1183/1 2724/1 1429/1
f 1184/1 1186/1 1190/1
f 1184/1 1190/1 1183/1
f 1186/1 1187/1 1185/1
f 1186/1 1185/1 1190/1
f 2786/1 2725/1 1185/1
f 2786/1 1185/1 1188/1
f 1186/1 1184/1 1205/1
f 1186/1 1205/1 1204/1
f 1187/1 1189/1 1188/1
f 1187/1 1188/1 1185/1
f 1187/1 1186/1 1204/1
f 1187/1 1204/1 2951/1
f 1188/1 1079/1 2787/1
f 1188/1 2787/1 2786/1
f 2951/1 1217/1 1189/1
f 2951/1 1189/1 1187/1
f 2725/1 2724/1 1190/1
f 2725/1 1190/1 1185/1
f 2945/1 2033/1 1192/1
f 2945/1 1192/1 1191/1
f 1194/1 1195/1 1193/1
f 1194/1 1193/1 2121/1
f 1193/1 3131/1 2123/1
f 1193/1 2123/1 4135/1
f 1194/1 2099/1 1423/1
f 1194/1 1423/1 1425/1
f 4123/1 2099/1 1194/1
f 4123/1 1194/1 2121/1
f 1425/1 2173/1 1195/1
f 1425/1 1195/1 1194/1
f 1195/1 2174/1 3131/1
f 1195/1 3131/1 1193/1
f 1196/1 1197/1 1198/1
f 1196/1 1198/1 3117/1
f 1196/1 3117/1 2175/1
f 1196/1 2175/1 2096/1
f 2246/1 3113/1 1197/1
f 2246/1 1197/1 1196/1
f 4008/1 2076/1 1197/1
f 4008/1 1197/1 3113/1
f 1198/1 1197/1 2076/1
f 1198/1 2076/1 4065/1
f 1199/1 1011/1 1393/1
f 1199/1 1393/1 1395/1
f 1201/1 1032/1 1200/1
f 1201/1 1200/1 1202/1
f 2951/1 1204/1 1200/1
f 2951/1 1200/1 1031/1
f 1201/1 1203/1 1368/1
f 1201/1 1368/1 1981/1
f 1203/1 1201/1 1202/1
f 1203/1 1202/1 1206/1
f 1202/1 1200/1 1204/1
f 1202/1 1204/1 1205/1
f 3776/1 1368/1 1203/1
f 3776/1 1203/1 1207/1
f 1206/1 1202/1 1205/1
f 1206/1 1205/1 1134/1
f 1207/1 1203/1 1206/1
f 1207/1 1206/1 1208/1
f 1207/1 3741/1 3743/1
f 1207/1 3743/1 3776/1
f 1208/1 1289/1 3741/1
f 1208/1 3741/1 1207/1
f 1209/1 1210/1 1211/1
f 1209/1 1211/1 2499/1
f 1209/1 2499/1 2447/1
f 1209/1 2447/1 2504/1
f 2536/1 2773/1 1210/1
f 2536/1 1210/1 1209/1
f 1973/1 3701/1 1212/1
f 1973/1 1212/1 1216/1
f 3701/1 1355/1 1213/1
f 3701/1 1213/1 1212/1
f 1215/1 1216/1 1214/1
f 1215/1 1214/1 2877/1
f 4323/1 3685/1 1214/1
f 4323/1 1214/1 3694/1
f 1216/1 1215/1 1976/1
f 1216/1 1976/1 1973/1
f 1216/1 1212/1 3694/1
f 1216/1 3694/1 1214/1
f 1219/1 1220/1 1218/1
f 1219/1 1218/1 2125/1
f 1224/1 1222/1 1220/1
f 1224/1 1220/1 1219/1
f 1220/1 1221/1 2135/1
f 1220/1 2135/1 1218/1
f 1222/1 1223/1 1221/1
f 1222/1 1221/1 1220/1
f 1614/1 1223/1 1222/1
f 1614/1 1222/1 3174/1
f 1732/1 3174/1 1222/1
f 1732/1 1222/1 1224/1
f 1779/1 2649/1 1223/1
f 1779/1 1223/1 1614/1
f 1223/1 2649/1 2022/1
f 1223/1 2022/1 1221/1
f 1731/1 1732/1 1224/1
f 1731/1 1224/1 990/1
f 1225/1 2788/1 2785/1
f 1225/1 2785/1 2913/1
f 2874/1 1173/1 1226/1
f 2874/1 1226/1 2633/1
f 1226/1 1225/1 2913/1
f 1226/1 2913/1 3582/1
f 1227/1 1228/1 1229/1
f 1227/1 1229/1 1230/1
f 2708/1 2672/1 1227/1
f 2708/1 1227/1 1438/1
f 1228/1 2210/1 1413/1
f 1228/1 1413/1 1229/1
f 2672/1 2673/1 1228/1
f 2672/1 1228/1 1227/1
f 1229/1 1413/1 1419/1
f 1229/1 1419/1 1231/1
f 1230/1 1229/1 1231/1
f 1230/1 1231/1 1418/1
f 1438/1 1227/1 1230/1
f 1438/1 1230/1 2195/1
f 1231/1 1419/1 2280/1
f 1231/1 2280/1 1101/1
f 1233/1 1234/1 1232/1
f 1233/1 1232/1 2989/1
f 1232/1 3867/1 1266/1
f 1232/1 1266/1 2034/1
f 1426/1 1351/1 1234/1
f 1426/1 1234/1 1233/1
f 3867/1 1232/1 1234/1
f 3867/1 1234/1 1350/1
f 1235/1 3124/1 3125/1
f 1235/1 3125/1 3211/1
f 3128/1 3124/1 1235/1
f 3128/1 1235/1 3136/1
f 1236/1 3093/1 3095/1
f 1236/1 3095/1 4055/1
f 3102/1 1237/1 1236/1
f 3102/1 1236/1 4055/1
f 1236/1 3116/1 4080/1
f 1236/1 4080/1 3093/1
f 1237/1 3102/1 4041/1
f 1237/1 4041/1 54/1
f 1238/1 3249/1 3250/1
f 1238/1 3250/1 1239/1
f 1238/1 1240/1 3260/1
f 1238/1 3260/1 3279/1
f 1240/1 1238/1 1239/1
f 1240/1 1239/1 3446/1
f 2202/1 3242/1 1239/1
f 2202/1 1239/1 3250/1
f 3497/1 3446/1 1239/1
f 3497/1 1239/1 3242/1
f 3445/1 3435/1 1240/1
f 3445/1 1240/1 3446/1
f 1241/1 1242/1 1243/1
f 1241/1 1243/1 3529/1
f 2808/1 1178/1 1241/1
f 2808/1 1241/1 3555/1
f 1242/1 2557/1 1359/1
f 1242/1 1359/1 1243/1
f 1243/1 1359/1 1360/1
f 1243/1 1360/1 2534/1
f 1246/1 1245/1 1244/1
f 1246/1 1244/1 3981/1
f 1244/1 3991/1 3977/1
f 1244/1 3977/1 3981/1
f 1245/1 1246/1 1249/1
f 1245/1 1249/1 3984/1
f 4162/1 4190/1 1245/1
f 4162/1 1245/1 3984/1
f 1246/1 1247/1 1248/1
f 1246/1 1248/1 1249/1
f 1247/1 3063/1 3105/1
f 1247/1 3105/1 4025/1
f 1247/1 1246/1 3981/1
f 1247/1 3981/1 3063/1
f 4025/1 3090/1 1248/1
f 4025/1 1248/1 1247/1
f 1249/1 1248/1 1250/1
f 1249/1 1250/1 3985/1
f 1250/1 1248/1 3090/1
f 1250/1 3090/1 976/1
f 1252/1 1253/1 1251/1
f 1252/1 1251/1 3331/1
f 1435/1 1254/1 1251/1
f 1435/1 1251/1 1392/1
f 1392/1 1251/1 1253/1
f 1392/1 1253/1 3001/1
f 1254/1 1256/1 3331/1
f 1254/1 3331/1 1251/1
f 3881/1 1255/1 1254/1
f 3881/1 1254/1 1435/1
f 1256/1 1254/1 1255/1
f 1256/1 1255/1 1953/1
f 2604/1 1953/1 1255/1
f 2604/1 1255/1 2552/1
f 1256/1 1953/1 1952/1
f 1256/1 1952/1 4209/1
f 1258/1 1259/1 1257/1
f 1258/1 1257/1 1263/1
f 1257/1 1260/1 1264/1
f 1257/1 1264/1 1262/1
f 1258/1 1266/1 3867/1
f 1258/1 3867/1 1267/1
f 1259/1 1261/1 1260/1
f 1259/1 1260/1 1257/1
f 1267/1 1268/1 1259/1
f 1267/1 1259/1 1258/1
f 1260/1 1434/1 1433/1
f 1260/1 1433/1 1264/1
f 1261/1 1259/1 1268/1
f 1261/1 1268/1 3962/1
f 1434/1 1260/1 1261/1
f 1434/1 1261/1 3024/1
f 1263/1 1257/1 1262/1
f 1263/1 1262/1 2947/1
f 1262/1 1264/1 1265/1
f 1262/1 1265/1 2946/1
f 1266/1 1258/1 1263/1
f 1266/1 1263/1 2033/1
f 1657/1 1265/1 1264/1
f 1657/1 1264/1 1433/1
f 1350/1 3900/1 1267/1
f 1350/1 1267/1 3867/1
f 1268/1 1267/1 3900/1
f 1268/1 3900/1 1182/1
f 1270/1 1271/1 1269/1
f 1270/1 1269/1 2394/1
f 1269/1 1273/1 2465/1
f 1269/1 2465/1 1281/1
f 1273/1 1269/1 1271/1
f 1273/1 1271/1 2494/1
f 1273/1 1274/1 1272/1
f 1273/1 1272/1 2465/1
f 2534/1 1360/1 1272/1
f 2534/1 1272/1 2771/1
f 1274/1 1273/1 2494/1
f 1274/1 2494/1 2496/1
f 1274/1 2772/1 2771/1
f 1274/1 2771/1 1272/1
f 1277/1 1276/1 1275/1
f 1277/1 1275/1 1315/1
f 2022/1 1315/1 1275/1
f 2022/1 1275/1 1119/1
f 1276/1 1277/1 1278/1
f 1276/1 1278/1 1316/1
f 1313/1 1314/1 1277/1
f 1313/1 1277/1 1315/1
f 1277/1 1314/1 1500/1
f 1277/1 1500/1 1278/1
f 1280/1 1281/1 1279/1
f 1280/1 1279/1 2409/1
f 1279/1 2770/1 2825/1
f 1279/1 2825/1 2449/1
f 1280/1 2408/1 3386/1
f 1280/1 3386/1 2394/1
f 2394/1 1269/1 1281/1
f 2394/1 1281/1 1280/1
f 1281/1 2465/1 2770/1
f 1281/1 2770/1 1279/1
f 1282/1 1283/1 1284/1
f 1282/1 1284/1 1990/1
f 1282/1 1990/1 3667/1
f 1282/1 3667/1 3764/1
f 1282/1 2894/1 3787/1
f 1282/1 3787/1 1283/1
f 1283/1 1335/1 1582/1
f 1283/1 1582/1 1284/1
f 3758/1 1335/1 1283/1
f 3758/1 1283/1 3787/1
f 1284/1 1582/1 2006/1
f 1284/1 2006/1 1991/1
f 1303/1 1304/1 1286/1
f 1303/1 1286/1 1285/1
f 1288/1 1289/1 1287/1
f 1288/1 1287/1 1388/1
f 1287/1 1133/1 2803/1
f 1287/1 2803/1 2857/1
f 2731/1 2732/1 1288/1
f 2731/1 1288/1 1331/1
f 2732/1 3741/1 1289/1
f 2732/1 1289/1 1288/1
f 1291/1 1113/1 1290/1
f 1291/1 1290/1 1293/1
f 1290/1 1037/1 1980/1
f 1290/1 1980/1 1981/1
f 1353/1 1292/1 1291/1
f 1353/1 1291/1 1095/1
f 1292/1 1353/1 2915/1
f 1292/1 2915/1 1085/1
f 1981/1 1368/1 1293/1
f 1981/1 1293/1 1290/1
f 1294/1 1295/1 1296/1
f 1294/1 1296/1 2812/1
f 2860/1 2826/1 1294/1
f 2860/1 1294/1 2851/1
f 2743/1 1296/1 1295/1
f 2743/1 1295/1 2742/1
f 2826/1 2765/1 1295/1
f 2826/1 1295/1 1294/1
f 1296/1 2743/1 2703/1
f 1296/1 2703/1 3648/1
f 1297/1 1298/1 1299/1
f 1297/1 1299/1 3558/1
f 2734/1 2735/1 1297/1
f 2734/1 1297/1 2766/1
f 1298/1 2754/1 2621/1
f 1298/1 2621/1 1299/1
f 1298/1 1297/1 2735/1
f 1298/1 2735/1 2762/1
f 1299/1 2621/1 3508/1
f 1299/1 3508/1 2720/1
f 1300/1 1301/1 1302/1
f 1300/1 1302/1 3352/1
f 1333/1 3394/1 1301/1
f 1333/1 1301/1 1300/1
f 1301/1 3385/1 2611/1
f 1301/1 2611/1 1302/1
f 1302/1 2610/1 3353/1
f 1302/1 3353/1 3352/1
f 1304/1 1412/1 1411/1
f 1304/1 1411/1 1286/1
f 3769/1 2865/1 1304/1
f 3769/1 1304/1 1303/1
f 1305/1 1306/1 1307/1
f 1305/1 1307/1 1383/1
f 1306/1 1305/1 3393/1
f 1306/1 3393/1 3424/1
f 1306/1 3424/1 3412/1
f 1306/1 3412/1 3371/1
f 1384/1 1383/1 1307/1
f 1384/1 1307/1 2836/1
f 3371/1 2234/1 1307/1
f 3371/1 1307/1 1306/1
f 1309/1 1310/1 1308/1
f 1309/1 1308/1 1312/1
f 1330/1 1311/1 1308/1
f 1330/1 1308/1 1379/1
f 1310/1 1380/1 1379/1
f 1310/1 1379/1 1308/1
f 1310/1 1309/1 2970/1
f 1310/1 2970/1 1364/1
f 1312/1 1308/1 1311/1
f 1312/1 1311/1 2789/1
f 1386/1 2745/1 1311/1
f 1386/1 1311/1 1330/1
f 1311/1 2745/1 2860/1
f 1311/1 2860/1 2789/1
f 2805/1 2847/1 1312/1
f 2805/1 1312/1 2789/1
f 1312/1 2847/1 2858/1
f 1312/1 2858/1 1309/1
f 1779/1 1778/1 1313/1
f 1779/1 1313/1 2649/1
f 1778/1 2237/1 1314/1
f 1778/1 1314/1 1313/1
f 2649/1 1313/1 1315/1
f 2649/1 1315/1 2022/1
f 1316/1 2168/1 2593/1
f 1316/1 2593/1 1276/1
f 1317/1 3778/1 3814/1
f 1317/1 3814/1 1318/1
f 1319/1 1317/1 1318/1
f 1319/1 1318/1 3803/1
f 1318/1 3814/1 3815/1
f 1318/1 3815/1 3804/1
f 1319/1 2331/1 2330/1
f 1319/1 2330/1 1317/1
f 4164/1 4123/1 1319/1
f 4164/1 1319/1 3803/1
f 1320/1 1321/1 1322/1
f 1320/1 1322/1 3461/1
f 1323/1 1059/1 1321/1
f 1323/1 1321/1 1320/1
f 1321/1 1061/1 3427/1
f 1321/1 3427/1 1322/1
f 1322/1 3427/1 3426/1
f 1322/1 3426/1 2471/1
f 1323/1 1320/1 2535/1
f 1323/1 2535/1 1177/1
f 1324/1 1325/1 1326/1
f 1324/1 1326/1 3178/1
f 1324/1 2508/1 3221/1
f 1324/1 3221/1 2345/1
f 2345/1 1117/1 1325/1
f 2345/1 1325/1 1324/1
f 2633/1 3539/1 1328/1
f 2633/1 1328/1 1327/1
f 1328/1 3509/1 3487/1
f 1328/1 3487/1 1060/1
f 1330/1 1331/1 1329/1
f 1330/1 1329/1 1386/1
f 1329/1 1388/1 1387/1
f 1329/1 1387/1 1385/1
f 1331/1 1330/1 1379/1
f 1331/1 1379/1 2731/1
f 1331/1 1288/1 1388/1
f 1331/1 1388/1 1329/1
f 3394/1 1333/1 1332/1
f 3394/1 1332/1 1334/1
f 1334/1 1357/1 1358/1
f 1334/1 1358/1 3394/1
f 1335/1 1336/1 1337/1
f 1335/1 1337/1 1582/1
f 1338/1 1336/1 1335/1
f 1338/1 1335/1 3758/1
f 1336/1 1453/1 1454/1
f 1336/1 1454/1 1337/1
f 2924/1 1453/1 1336/1
f 2924/1 1336/1 1338/1
f 1885/1 1583/1 1337/1
f 1885/1 1337/1 1454/1
f 3771/1 2924/1 1338/1
f 3771/1 1338/1 1658/1
f 1339/1 2547/1 2548/1
f 1339/1 2548/1 1340/1
f 3495/1 2558/1 1339/1
f 3495/1 1339/1 1341/1
f 1341/1 1339/1 1340/1
f 1341/1 1340/1 2564/1
f 1340/1 2548/1 2685/1
f 1340/1 2685/1 2565/1
f 3511/1 3495/1 1341/1
f 3511/1 1341/1 2753/1
f 1342/1 1344/1 2563/1
f 1342/1 2563/1 2772/1
f 2733/1 1343/1 1342/1
f 2733/1 1342/1 2496/1
f 1344/1 1342/1 1343/1
f 1344/1 1343/1 2558/1
f 2480/1 2547/1 1343/1
f 2480/1 1343/1 2733/1
f 1344/1 2755/1 2631/1
f 1344/1 2631/1 2563/1
f 1346/1 1347/1 1345/1
f 1346/1 1345/1 2984/1
f 3925/1 1352/1 1345/1
f 3925/1 1345/1 3928/1
f 2950/1 2948/1 1346/1
f 2950/1 1346/1 2985/1
f 2948/1 1146/1 1347/1
f 2948/1 1347/1 1346/1
f 3928/1 1345/1 1347/1
f 3928/1 1347/1 1348/1
f 3929/1 3928/1 1348/1
f 3929/1 1348/1 3075/1
f 1349/1 956/1 3075/1
f 1349/1 3075/1 1348/1
f 1351/1 1352/1 1350/1
f 1351/1 1350/1 1234/1
f 1351/1 1426/1 3983/1
f 1351/1 3983/1 2984/1
f 2984/1 1345/1 1352/1
f 2984/1 1352/1 1351/1
f 3900/1 1350/1 1352/1
f 3900/1 1352/1 3925/1
f 1355/1 1356/1 1354/1
f 1355/1 1354/1 1213/1
f 1355/1 3701/1 3705/1
f 1355/1 3705/1 3759/1
f 1356/1 1003/1 1408/1
f 1356/1 1408/1 1354/1
f 3759/1 1004/1 1356/1
f 3759/1 1356/1 1355/1
f 1719/1 1358/1 1357/1
f 1719/1 1357/1 1450/1
f 1721/1 3385/1 1358/1
f 1721/1 1358/1 1719/1
f 2770/1 1360/1 1359/1
f 2770/1 1359/1 2825/1
f 2465/1 1272/1 1360/1
f 2465/1 1360/1 2770/1
f 1361/1 1362/1 1363/1
f 1361/1 1363/1 3347/1
f 2196/1 2195/1 1362/1
f 2196/1 1362/1 1361/1
f 1365/1 1366/1 1364/1
f 1365/1 1364/1 2970/1
f 1364/1 3666/1 1380/1
f 1364/1 1380/1 1310/1
f 1365/1 1097/1 4316/1
f 1365/1 4316/1 3684/1
f 1366/1 3676/1 3666/1
f 1366/1 3666/1 1364/1
f 3684/1 3685/1 1366/1
f 3684/1 1366/1 1365/1
f 1370/1 1371/1 1369/1
f 1370/1 1369/1 3432/1
f 2448/1 3432/1 1369/1
f 2448/1 1369/1 3411/1
f 1369/1 1371/1 3364/1
f 1369/1 3364/1 3412/1
f 1370/1 1140/1 2038/1
f 1370/1 2038/1 1371/1
f 2447/1 2499/1 1370/1
f 2447/1 1370/1 3432/1
f 3304/1 3333/1 1372/1
f 3304/1 1372/1 3338/1
f 1373/1 1374/1 1375/1
f 1373/1 1375/1 1376/1
f 1373/1 2900/1 2879/1
f 1373/1 2879/1 2841/1
f 1410/1 1375/1 1374/1
f 1410/1 1374/1 2691/1
f 1374/1 1373/1 2841/1
f 1374/1 2841/1 2840/1
f 1375/1 1410/1 1409/1
f 1375/1 1409/1 1617/1
f 1377/1 1378/1 1376/1
f 1377/1 1376/1 1616/1
f 1376/1 1375/1 1617/1
f 1376/1 1617/1 1616/1
f 1376/1 1378/1 2900/1
f 1376/1 2900/1 1373/1
f 1377/1 1751/1 1750/1
f 1377/1 1750/1 1378/1
f 1377/1 1616/1 2727/1
f 1377/1 2727/1 3800/1
f 1377/1 3800/1 2973/1
f 1377/1 2973/1 1751/1
f 1378/1 1750/1 2932/1
f 1378/1 2932/1 2900/1
f 2731/1 1379/1 1380/1
f 2731/1 1380/1 4318/1
f 2543/1 2241/1 1381/1
f 2543/1 1381/1 3377/1
f 1382/1 3378/1 3377/1
f 1382/1 3377/1 1381/1
f 3335/1 1048/1 1383/1
f 3335/1 1383/1 1384/1
f 3282/1 3322/1 1384/1
f 3282/1 1384/1 2836/1
f 1384/1 3322/1 3318/1
f 1384/1 3318/1 3335/1
f 1386/1 1329/1 1385/1
f 1386/1 1385/1 2758/1
f 2830/1 2758/1 1385/1
f 2830/1 1385/1 2782/1
f 2744/1 2745/1 1386/1
f 2744/1 1386/1 2758/1
f 2857/1 1387/1 1388/1
f 2857/1 1388/1 1287/1
f 1389/1 1390/1 1391/1
f 1389/1 1391/1 3966/1
f 3024/1 3025/1 1390/1
f 3024/1 1390/1 1389/1
f 1390/1 1625/1 3955/1
f 1390/1 3955/1 1391/1
f 1391/1 2959/1 2958/1
f 1391/1 2958/1 3966/1
f 1393/1 1394/1 1392/1
f 1393/1 1392/1 3001/1
f 1436/1 1435/1 1392/1
f 1436/1 1392/1 1394/1
f 1398/1 1199/1 1395/1
f 1398/1 1395/1 3000/1
f 1395/1 1393/1 3001/1
f 1395/1 3001/1 979/1
f 1396/1 1029/1 1397/1
f 1396/1 1397/1 1706/1
f 1397/1 1030/1 1469/1
f 1397/1 1469/1 1707/1
f 3985/1 1250/1 1398/1
f 3985/1 1398/1 3000/1
f 1414/1 1401/1 1399/1
f 1414/1 1399/1 2747/1
f 1399/1 995/1 3267/1
f 1399/1 3267/1 2746/1
f 1400/1 997/1 1401/1
f 1400/1 1401/1 2210/1
f 3238/1 996/1 1400/1
f 3238/1 1400/1 2673/1
f 1403/1 1404/1 1402/1
f 1403/1 1402/1 2122/1
f 1402/1 2329/1 4146/1
f 1402/1 4146/1 3722/1
f 3131/1 4109/1 1403/1
f 3131/1 1403/1 2123/1
f 1404/1 2231/1 2329/1
f 1404/1 2329/1 1402/1
f 4109/1 2232/1 1404/1
f 4109/1 1404/1 1403/1
f 1406/1 1407/1 1405/1
f 1406/1 1405/1 2960/1
f 1749/1 2998/1 1406/1
f 1749/1 1406/1 2878/1
f 2998/1 2916/1 1407/1
f 2998/1 1407/1 1406/1
f 1407/1 2938/1 3975/1
f 1407/1 3975/1 1405/1
f 2915/1 1025/1 1408/1
f 2915/1 1408/1 1086/1
f 1409/1 3567/1 1824/1
f 1409/1 1824/1 1769/1
f 1409/1 1410/1 2792/1
f 1409/1 2792/1 3567/1
f 1410/1 2691/1 2690/1
f 1410/1 2690/1 2792/1
f 1426/1 1112/1 1411/1
f 1426/1 1411/1 3983/1
f 2865/1 2866/1 1412/1
f 2865/1 1412/1 1304/1
f 3983/1 1411/1 1412/1
f 3983/1 1412/1 2985/1
f 1413/1 1414/1 1415/1
f 1413/1 1415/1 1419/1
f 2210/1 1401/1 1414/1
f 2210/1 1414/1 1413/1
f 1415/1 1414/1 2747/1
f 1415/1 2747/1 4281/1
f 3115/1 3953/1 1416/1
f 3115/1 1416/1 973/1
f 1416/1 3953/1 3954/1
f 1416/1 3954/1 1417/1
f 2990/1 2991/1 1417/1
f 2990/1 1417/1 3954/1
f 2195/1 1230/1 1418/1
f 2195/1 1418/1 1362/1
f 1419/1 1415/1 2281/1
f 1419/1 2281/1 2280/1
f 1421/1 1422/1 1420/1
f 1421/1 1420/1 2679/1
f 1420/1 2480/1 2733/1
f 1420/1 2733/1 2495/1
f 2389/1 2421/1 1421/1
f 2389/1 1421/1 2678/1
f 2421/1 2012/1 1422/1
f 2421/1 1422/1 1421/1
f 1422/1 2013/1 2480/1
f 1422/1 2480/1 1420/1
f 2077/1 1424/1 1423/1
f 2077/1 1423/1 2100/1
f 1425/1 1423/1 1424/1
f 1425/1 1424/1 3123/1
f 4008/1 3123/1 1424/1
f 4008/1 1424/1 2076/1
f 1428/1 1429/1 1427/1
f 1428/1 1427/1 2928/1
f 2846/1 2928/1 1427/1
f 2846/1 1427/1 2658/1
f 2852/1 1150/1 1428/1
f 2852/1 1428/1 2928/1
f 1429/1 1428/1 2749/1
f 1429/1 2749/1 1183/1
f 2919/1 1427/1 1429/1
f 2919/1 1429/1 2724/1
f 1430/1 1431/1 1432/1
f 1430/1 1432/1 3536/1
f 1430/1 3596/1 3642/1
f 1430/1 3642/1 2768/1
f 1431/1 2631/1 2755/1
f 1431/1 2755/1 1432/1
f 1431/1 1430/1 2768/1
f 1431/1 2768/1 2630/1
f 3495/1 3511/1 1432/1
f 3495/1 1432/1 2755/1
f 1434/1 1440/1 1439/1
f 1434/1 1439/1 1433/1
f 1435/1 1436/1 1437/1
f 1435/1 1437/1 3881/1
f 1436/1 1015/1 2697/1
f 1436/1 2697/1 1437/1
f 1438/1 2195/1 2196/1
f 1438/1 2196/1 2709/1
f 1439/1 1658/1 1657/1
f 1439/1 1657/1 1433/1
f 1440/1 1434/1 3024/1
f 1440/1 3024/1 1389/1
f 3966/1 3970/1 1440/1
f 3966/1 1440/1 1389/1
f 1440/1 3970/1 3969/1
f 1440/1 3969/1 1439/1
f 1442/1 1443/1 1441/1
f 1442/1 1441/1 4338/1
f 1441/1 1906/1 1534/1
f 1441/1 1534/1 1919/1
f 1441/1 1443/1 1645/1
f 1441/1 1645/1 1906/1
f 1441/1 1919/1 1972/1
f 1441/1 1972/1 4338/1
f 1444/1 1445/1 1443/1
f 1444/1 1443/1 1442/1
f 1443/1 1445/1 3096/1
f 1443/1 3096/1 1645/1
f 1444/1 4028/1 1851/1
f 1444/1 1851/1 1445/1
f 1445/1 1851/1 1850/1
f 1445/1 1850/1 3096/1
f 1446/1 1447/1 1448/1
f 1446/1 1448/1 1450/1
f 1451/1 1452/1 1446/1
f 1451/1 1446/1 1449/1
f 1452/1 1526/1 1447/1
f 1452/1 1447/1 1446/1
f 1447/1 3452/1 3425/1
f 1447/1 3425/1 1448/1
f 1448/1 3425/1 1495/1
f 1448/1 1495/1 1525/1
f 1449/1 1446/1 1450/1
f 1449/1 1450/1 1357/1
f 1450/1 1448/1 1525/1
f 1450/1 1525/1 1719/1
f 1451/1 966/1 3479/1
f 1451/1 3479/1 1799/1
f 1799/1 1747/1 1452/1
f 1799/1 1452/1 1451/1
f 1453/1 1710/1 1711/1
f 1453/1 1711/1 1454/1
f 2923/1 1710/1 1453/1
f 2923/1 1453/1 2924/1
f 1454/1 1711/1 1714/1
f 1454/1 1714/1 1885/1
f 1455/1 1456/1 1457/1
f 1455/1 1457/1 3482/1
f 1924/1 1839/1 1455/1
f 1924/1 1455/1 1754/1
f 1839/1 1840/1 1456/1
f 1839/1 1456/1 1455/1
f 1456/1 2780/1 2779/1
f 1456/1 2779/1 1457/1
f 3463/1 3482/1 1457/1
f 3463/1 1457/1 4288/1
f 1459/1 1460/1 1458/1
f 1459/1 1458/1 1806/1
f 1893/1 1870/1 1458/1
f 1893/1 1458/1 3933/1
f 3865/1 1664/1 1459/1
f 3865/1 1459/1 1807/1
f 1664/1 1802/1 1460/1
f 1664/1 1460/1 1459/1
f 3933/1 1458/1 1460/1
f 3933/1 1460/1 2898/1
f 1461/1 1462/1 1463/1
f 1461/1 1463/1 3081/1
f 1461/1 4084/1 3026/1
f 1461/1 3026/1 1462/1
f 1462/1 1464/1 1465/1
f 1462/1 1465/1 1463/1
f 2054/1 1464/1 1462/1
f 2054/1 1462/1 3026/1
f 1463/1 1921/1 3007/1
f 1463/1 3007/1 3081/1
f 3893/1 3910/1 1464/1
f 3893/1 1464/1 2054/1
f 1465/1 1920/1 1921/1
f 1465/1 1921/1 1463/1
f 3910/1 3068/1 1465/1
f 3910/1 1465/1 1464/1
f 1467/1 1468/1 1466/1
f 1467/1 1466/1 1894/1
f 1466/1 1491/1 1489/1
f 1466/1 1489/1 3871/1
f 1467/1 1621/1 1877/1
f 1467/1 1877/1 3894/1
f 1468/1 1757/1 1491/1
f 1468/1 1491/1 1466/1
f 1468/1 1467/1 3894/1
f 1468/1 3894/1 3849/1
f 1469/1 1470/1 1471/1
f 1469/1 1471/1 3930/1
f 1470/1 1890/1 1891/1
f 1470/1 1891/1 1471/1
f 1471/1 1895/1 3912/1
f 1471/1 3912/1 3930/1
f 1473/1 1474/1 1472/1
f 1473/1 1472/1 3528/1
f 1472/1 1474/1 1592/1
f 1472/1 1592/1 3021/1
f 3011/1 1926/1 1472/1
f 3011/1 1472/1 3021/1
f 1475/1 1476/1 1473/1
f 1475/1 1473/1 3044/1
f 3543/1 3044/1 1473/1
f 3543/1 1473/1 3528/1
f 1474/1 1473/1 1476/1
f 1474/1 1476/1 827/1
f 2995/1 1592/1 1474/1
f 2995/1 1474/1 827/1
f 1475/1 1653/1 1654/1
f 1475/1 1654/1 1477/1
f 3054/1 1653/1 1475/1
f 3054/1 1475/1 3044/1
f 1476/1 1475/1 1477/1
f 1476/1 1477/1 1480/1
f 1478/1 1479/1 1477/1
f 1478/1 1477/1 1654/1
f 1478/1 1850/1 1851/1
f 1478/1 1851/1 4064/1
f 1479/1 1481/1 1480/1
f 1479/1 1480/1 1477/1
f 1479/1 1478/1 4064/1
f 1479/1 4064/1 1752/1
f 1481/1 1479/1 1752/1
f 1481/1 1752/1 1758/1
f 1482/1 1483/1 1484/1
f 1482/1 1484/1 3329/1
f 3361/1 1861/1 1482/1
f 3361/1 1482/1 3342/1
f 1861/1 1862/1 1483/1
f 1861/1 1483/1 1482/1
f 1484/1 1483/1 2041/1
f 1484/1 2041/1 2040/1
f 1671/1 2629/1 1485/1
f 1671/1 1485/1 2517/1
f 1485/1 2629/1 2628/1
f 1485/1 2628/1 1486/1
f 1487/1 1485/1 1486/1
f 1487/1 1486/1 2363/1
f 1734/1 2362/1 1486/1
f 1734/1 1486/1 2628/1
f 1522/1 1521/1 1487/1
f 1522/1 1487/1 3345/1
f 1487/1 1521/1 2517/1
f 1487/1 2517/1 1485/1
f 1487/1 2363/1 4036/1
f 1487/1 4036/1 3345/1
f 1489/1 1490/1 1488/1
f 1489/1 1488/1 3826/1
f 1488/1 1631/1 1634/1
f 1488/1 1634/1 3825/1
f 1491/1 1628/1 1490/1
f 1491/1 1490/1 1489/1
f 1490/1 1629/1 1631/1
f 1490/1 1631/1 1488/1
f 1492/1 1493/1 1494/1
f 1492/1 1494/1 1496/1
f 3425/1 1910/1 1492/1
f 3425/1 1492/1 1495/1
f 1910/1 1909/1 1493/1
f 1910/1 1493/1 1492/1
f 1493/1 1915/1 1916/1
f 1493/1 1916/1 1494/1
f 1494/1 1916/1 2763/1
f 1494/1 2763/1 3383/1
f 1495/1 1492/1 1496/1
f 1495/1 1496/1 3403/1
f 3383/1 3382/1 1496/1
f 3383/1 1496/1 1494/1
f 1500/1 1501/1 1497/1
f 1500/1 1497/1 1070/1
f 1498/1 1497/1 1499/1
f 1498/1 1499/1 3292/1
f 1499/1 1497/1 1501/1
f 1499/1 1501/1 1764/1
f 1567/1 1570/1 1499/1
f 1567/1 1499/1 1764/1
f 1499/1 1570/1 1705/1
f 1499/1 1705/1 3292/1
f 2237/1 1501/1 1500/1
f 2237/1 1500/1 1314/1
f 1502/1 1503/1 1504/1
f 1502/1 1504/1 1585/1
f 1768/1 3485/1 1502/1
f 1768/1 1502/1 2555/1
f 1503/1 1505/1 1506/1
f 1503/1 1506/1 1504/1
f 3485/1 3462/1 1503/1
f 3485/1 1503/1 1502/1
f 1613/1 2800/1 1504/1
f 1613/1 1504/1 1506/1
f 1505/1 1513/1 1514/1
f 1505/1 1514/1 1506/1
f 3462/1 1515/1 1505/1
f 3462/1 1505/1 1503/1
f 1507/1 1508/1 1509/1
f 1507/1 1509/1 1729/1
f 1672/1 1673/1 1507/1
f 1672/1 1507/1 1677/1
f 1673/1 3009/1 1508/1
f 1673/1 1508/1 1507/1
f 3087/1 1509/1 1508/1
f 3087/1 1508/1 3072/1
f 1509/1 1831/1 1730/1
f 1509/1 1730/1 1729/1
f 1511/1 1512/1 1510/1
f 1511/1 1510/1 1743/1
f 1510/1 2823/1 3472/1
f 1510/1 3472/1 1743/1
f 1510/1 1512/1 3518/1
f 1510/1 3518/1 3061/1
f 1838/1 1846/1 1511/1
f 1838/1 1511/1 1744/1
f 1512/1 1511/1 1846/1
f 1512/1 1846/1 3490/1
f 1515/1 1516/1 1513/1
f 1515/1 1513/1 1505/1
f 1613/1 1506/1 1514/1
f 1613/1 1514/1 1611/1
f 1514/1 1513/1 2483/1
f 1514/1 2483/1 2482/1
f 2585/1 1606/1 1515/1
f 2585/1 1515/1 3462/1
f 1606/1 1607/1 1516/1
f 1606/1 1516/1 1515/1
f 1516/1 1756/1 2483/1
f 1516/1 2483/1 1513/1
f 1517/1 1518/1 1519/1
f 1517/1 1519/1 3473/1
f 1872/1 1524/1 1517/1
f 1872/1 1517/1 1873/1
f 1524/1 1522/1 1518/1
f 1524/1 1518/1 1517/1
f 1519/1 3500/1 1782/1
f 1519/1 1782/1 3473/1
f 1519/1 2700/1 2699/1
f 1519/1 2699/1 3500/1
f 1519/1 1518/1 3344/1
f 1519/1 3344/1 2700/1
f 1520/1 1521/1 1522/1
f 1520/1 1522/1 1524/1
f 2517/1 1521/1 1520/1
f 2517/1 1520/1 2856/1
f 1522/1 3345/1 3344/1
f 1522/1 3344/1 1518/1
f 1523/1 1520/1 1524/1
f 1523/1 1524/1 1872/1
f 2856/1 1520/1 1523/1
f 2856/1 1523/1 3343/1
f 3403/1 1720/1 1525/1
f 3403/1 1525/1 1495/1
f 1747/1 1748/1 1526/1
f 1747/1 1526/1 1452/1
f 3452/1 1447/1 1526/1
f 3452/1 1526/1 3457/1
f 1528/1 1529/1 1527/1
f 1528/1 1527/1 2820/1
f 3483/1 2819/1 1527/1
f 3483/1 1527/1 1530/1
f 1534/1 1532/1 1528/1
f 1534/1 1528/1 1918/1
f 1529/1 1531/1 1530/1
f 1529/1 1530/1 1527/1
f 1532/1 1533/1 1529/1
f 1532/1 1529/1 1528/1
f 1529/1 1533/1 1907/1
f 1529/1 1907/1 1531/1
f 1530/1 1718/1 3423/1
f 1530/1 3423/1 3483/1
f 1718/1 1530/1 1531/1
f 1718/1 1531/1 1917/1
f 1906/1 1644/1 1532/1
f 1906/1 1532/1 1534/1
f 1644/1 1647/1 1533/1
f 1644/1 1533/1 1532/1
f 1533/1 1647/1 2992/1
f 1533/1 2992/1 1907/1
f 1535/1 1536/1 1537/1
f 1535/1 1537/1 3914/1
f 1535/1 3914/1 3909/1
f 1535/1 3909/1 1539/1
f 1538/1 3924/1 1536/1
f 1538/1 1536/1 1535/1
f 1536/1 3049/1 3050/1
f 1536/1 3050/1 1537/1
f 3915/1 3913/1 1537/1
f 3915/1 1537/1 3050/1
f 1539/1 1540/1 1538/1
f 1539/1 1538/1 1535/1
f 3040/1 3924/1 1538/1
f 3040/1 1538/1 1620/1
f 1694/1 1695/1 1539/1
f 1694/1 1539/1 3909/1
f 1540/1 1621/1 1620/1
f 1540/1 1620/1 1538/1
f 1540/1 1539/1 1695/1
f 1540/1 1695/1 3898/1
f 1541/1 1543/1 1703/1
f 1541/1 1703/1 4003/1
f 2253/1 1542/1 1541/1
f 2253/1 1541/1 2486/1
f 2487/1 2486/1 1541/1
f 2487/1 1541/1 4003/1
f 1543/1 1541/1 1542/1
f 1543/1 1542/1 1656/1
f 1655/1 1656/1 1542/1
f 1655/1 1542/1 3191/1
f 1542/1 2253/1 2254/1
f 1542/1 2254/1 3191/1
f 1704/1 1703/1 1543/1
f 1704/1 1543/1 4158/1
f 1543/1 1656/1 3234/1
f 1543/1 3234/1 4158/1
f 1545/1 1546/1 1544/1
f 1545/1 1544/1 2929/1
f 1545/1 2868/1 2870/1
f 1545/1 2870/1 2966/1
f 1546/1 1548/1 1547/1
f 1546/1 1547/1 1544/1
f 1546/1 1545/1 2966/1
f 1546/1 2966/1 1803/1
f 1548/1 1546/1 1803/1
f 1548/1 1803/1 3027/1
f 4084/1 1547/1 1548/1
f 4084/1 1548/1 3026/1
f 1550/1 1551/1 1549/1
f 1550/1 1549/1 2441/1
f 1549/1 4329/1 1845/1
f 1549/1 1845/1 1844/1
f 2406/1 1843/1 1550/1
f 2406/1 1550/1 2442/1
f 1843/1 1726/1 1551/1
f 1843/1 1551/1 1550/1
f 1551/1 3367/1 4329/1
f 1551/1 4329/1 1549/1
f 1553/1 1554/1 1552/1
f 1553/1 1552/1 1559/1
f 1552/1 1642/1 1640/1
f 1552/1 1640/1 1558/1
f 1689/1 1563/1 1553/1
f 1689/1 1553/1 1560/1
f 1563/1 1556/1 1554/1
f 1563/1 1554/1 1553/1
f 1554/1 1555/1 1642/1
f 1554/1 1642/1 1552/1
f 1556/1 1557/1 1555/1
f 1556/1 1555/1 1554/1
f 1555/1 3302/1 1643/1
f 1555/1 1643/1 1642/1
f 1896/1 1856/1 1556/1
f 1896/1 1556/1 1563/1
f 1856/1 1857/1 1557/1
f 1856/1 1557/1 1556/1
f 1875/1 1876/1 1557/1
f 1875/1 1557/1 1857/1
f 1557/1 1876/1 3302/1
f 1557/1 3302/1 1555/1
f 1559/1 1552/1 1558/1
f 1559/1 1558/1 1561/1
f 1558/1 1640/1 1639/1
f 1558/1 1639/1 1619/1
f 1560/1 1553/1 1559/1
f 1560/1 1559/1 1816/1
f 1559/1 1561/1 1562/1
f 1559/1 1562/1 1816/1
f 1560/1 1816/1 1817/1
f 1560/1 1817/1 2406/1
f 2442/1 1689/1 1560/1
f 2442/1 1560/1 2406/1
f 1561/1 1558/1 1619/1
f 1561/1 1619/1 2914/1
f 1561/1 2914/1 2339/1
f 1561/1 2339/1 1562/1
f 1562/1 2339/1 2340/1
f 1562/1 2340/1 1724/1
f 2302/1 1896/1 1563/1
f 2302/1 1563/1 1689/1
f 2481/1 1565/1 1564/1
f 2481/1 1564/1 2625/1
f 1564/1 1566/1 2598/1
f 1564/1 2598/1 2624/1
f 1566/1 1564/1 1565/1
f 1566/1 1565/1 1903/1
f 2500/1 3300/1 1565/1
f 2500/1 1565/1 2481/1
f 1566/1 3321/1 3342/1
f 1566/1 3342/1 2598/1
f 1568/1 1569/1 1567/1
f 1568/1 1567/1 1765/1
f 1568/1 1765/1 2070/1
f 1568/1 2070/1 1618/1
f 1569/1 1571/1 1570/1
f 1569/1 1570/1 1567/1
f 1619/1 1639/1 1569/1
f 1619/1 1569/1 1568/1
f 1570/1 1571/1 1693/1
f 1570/1 1693/1 1705/1
f 1639/1 2338/1 1571/1
f 1639/1 1571/1 1569/1
f 1572/1 1573/1 1574/1
f 1572/1 1574/1 1577/1
f 3544/1 1848/1 1572/1
f 3544/1 1572/1 1581/1
f 1573/1 1575/1 1576/1
f 1573/1 1576/1 1574/1
f 1848/1 1849/1 1573/1
f 1848/1 1573/1 1572/1
f 1574/1 1576/1 1579/1
f 1574/1 1579/1 1578/1
f 1575/1 1774/1 1773/1
f 1575/1 1773/1 1576/1
f 1849/1 1863/1 1575/1
f 1849/1 1575/1 1573/1
f 1576/1 1773/1 1766/1
f 1576/1 1766/1 1579/1
f 1577/1 1574/1 1578/1
f 1577/1 1578/1 3493/1
f 1581/1 1572/1 1577/1
f 1581/1 1577/1 3505/1
f 1578/1 1579/1 1580/1
f 1578/1 1580/1 1604/1
f 1579/1 1766/1 1602/1
f 1579/1 1602/1 1580/1
f 1580/1 1602/1 1603/1
f 1580/1 1603/1 1605/1
f 3542/1 3544/1 1581/1
f 3542/1 1581/1 3520/1
f 1582/1 1337/1 1583/1
f 1582/1 1583/1 2006/1
f 1583/1 1885/1 1883/1
f 1583/1 1883/1 1882/1
f 1584/1 1585/1 1586/1
f 1584/1 1586/1 1588/1
f 1603/1 2555/1 1584/1
f 1603/1 1584/1 1635/1
f 2555/1 1502/1 1585/1
f 2555/1 1585/1 1584/1
f 1585/1 1504/1 2800/1
f 1585/1 2800/1 1586/1
f 1586/1 2800/1 2799/1
f 1586/1 2799/1 1590/1
f 1587/1 1588/1 1589/1
f 1587/1 1589/1 3404/1
f 1636/1 1635/1 1587/1
f 1636/1 1587/1 1638/1
f 1588/1 1586/1 1590/1
f 1588/1 1590/1 1589/1
f 1635/1 1584/1 1588/1
f 1635/1 1588/1 1587/1
f 1589/1 1590/1 1591/1
f 1589/1 1591/1 3372/1
f 1589/1 3372/1 2842/1
f 1589/1 2842/1 3404/1
f 1591/1 1590/1 2799/1
f 1591/1 2799/1 4180/1
f 3854/1 3876/1 1591/1
f 3854/1 1591/1 4180/1
f 1592/1 2997/1 3002/1
f 1592/1 3002/1 3021/1
f 1594/1 1595/1 1593/1
f 1594/1 1593/1 2918/1
f 2025/1 2026/1 1593/1
f 2025/1 1593/1 3923/1
f 3035/1 1595/1 1594/1
f 3035/1 1594/1 1868/1
f 3923/1 1593/1 1595/1
f 3923/1 1595/1 3099/1
f 1597/1 1598/1 1596/1
f 1597/1 1596/1 2804/1
f 1596/1 1709/1 1708/1
f 1596/1 1708/1 2939/1
f 1599/1 1600/1 1597/1
f 1599/1 1597/1 1828/1
f 1600/1 1601/1 1598/1
f 1600/1 1598/1 1597/1
f 1598/1 3609/1 1709/1
f 1598/1 1709/1 1596/1
f 1800/1 1801/1 1599/1
f 1800/1 1599/1 1829/1
f 1801/1 3713/1 1600/1
f 1801/1 1600/1 1599/1
f 1601/1 1791/1 3609/1
f 1601/1 3609/1 1598/1
f 1601/1 1600/1 3713/1
f 1601/1 3713/1 1813/1
f 1602/1 1768/1 2555/1
f 1602/1 2555/1 1603/1
f 1604/1 1580/1 1605/1
f 1604/1 1605/1 1685/1
f 3493/1 1578/1 1604/1
f 3493/1 1604/1 1684/1
f 1605/1 1603/1 1635/1
f 1605/1 1635/1 1636/1
f 2584/1 2562/1 1606/1
f 2584/1 1606/1 2585/1
f 1607/1 1755/1 1756/1
f 1607/1 1756/1 1516/1
f 2562/1 1753/1 1607/1
f 2562/1 1607/1 1606/1
f 1700/1 2551/1 1608/1
f 1700/1 1608/1 1610/1
f 3387/1 1609/1 1608/1
f 3387/1 1608/1 1722/1
f 1610/1 1608/1 1609/1
f 1610/1 1609/1 2683/1
f 3382/1 2682/1 1609/1
f 3382/1 1609/1 3387/1
f 1702/1 1700/1 1610/1
f 1702/1 1610/1 3356/1
f 1612/1 1613/1 1611/1
f 1612/1 1611/1 3400/1
f 1611/1 1514/1 2482/1
f 1611/1 2482/1 3429/1
f 4180/1 2799/1 1612/1
f 4180/1 1612/1 4184/1
f 2799/1 2800/1 1613/1
f 2799/1 1613/1 1612/1
f 1614/1 4001/1 4002/1
f 1614/1 4002/1 1779/1
f 1616/1 1617/1 1615/1
f 1616/1 1615/1 2727/1
f 1827/1 1663/1 1615/1
f 1827/1 1615/1 1769/1
f 1617/1 1409/1 1769/1
f 1617/1 1769/1 1615/1
f 1619/1 1568/1 1618/1
f 1619/1 1618/1 2914/1
f 1618/1 2070/1 2294/1
f 1618/1 2294/1 3273/1
f 1620/1 1894/1 3038/1
f 1620/1 3038/1 3040/1
f 1621/1 1467/1 1894/1
f 1621/1 1894/1 1620/1
f 1621/1 1540/1 3898/1
f 1621/1 3898/1 1877/1
f 1622/1 1623/1 1624/1
f 1622/1 1624/1 2440/1
f 1622/1 2440/1 3278/1
f 1622/1 3278/1 3298/1
f 3265/1 1624/1 1623/1
f 3265/1 1623/1 3366/1
f 1623/1 987/1 3422/1
f 1623/1 3422/1 3366/1
f 1624/1 2638/1 2637/1
f 1624/1 2637/1 2440/1
f 1625/1 1626/1 1627/1
f 1625/1 1627/1 3955/1
f 3025/1 3033/1 1625/1
f 3025/1 1625/1 1390/1
f 1626/1 1706/1 1965/1
f 1626/1 1965/1 1627/1
f 3033/1 3034/1 1626/1
f 3033/1 1626/1 1625/1
f 3043/1 3955/1 1627/1
f 3043/1 1627/1 3944/1
f 3047/1 3944/1 1627/1
f 3047/1 1627/1 1965/1
f 1628/1 1630/1 1629/1
f 1628/1 1629/1 1490/1
f 1757/1 2927/1 1628/1
f 1757/1 1628/1 1491/1
f 1629/1 1632/1 1716/1
f 1629/1 1716/1 1631/1
f 1630/1 1633/1 1632/1
f 1630/1 1632/1 1629/1
f 1630/1 1628/1 2927/1
f 1630/1 2927/1 1679/1
f 1631/1 1716/1 1715/1
f 1631/1 1715/1 1634/1
f 1632/1 1874/1 1717/1
f 1632/1 1717/1 1716/1
f 1633/1 1630/1 1679/1
f 1633/1 1679/1 1682/1
f 1633/1 1880/1 1874/1
f 1633/1 1874/1 1632/1
f 1710/1 2923/1 1634/1
f 1710/1 1634/1 1715/1
f 1685/1 1605/1 1636/1
f 1685/1 1636/1 1637/1
f 1637/1 1636/1 1638/1
f 1637/1 1638/1 1914/1
f 1960/1 1685/1 1637/1
f 1960/1 1637/1 1913/1
f 1638/1 1587/1 3404/1
f 1638/1 3404/1 3407/1
f 1640/1 1641/1 2338/1
f 1640/1 2338/1 1639/1
f 1642/1 1643/1 1641/1
f 1642/1 1641/1 1640/1
f 1641/1 1836/1 1835/1
f 1641/1 1835/1 2338/1
f 1643/1 2342/1 1836/1
f 1643/1 1836/1 1641/1
f 1643/1 3302/1 3980/1
f 1643/1 3980/1 2342/1
f 1645/1 1646/1 1644/1
f 1645/1 1644/1 1906/1
f 1650/1 1646/1 1645/1
f 1650/1 1645/1 3096/1
f 1646/1 1648/1 1647/1
f 1646/1 1647/1 1644/1
f 1646/1 1650/1 1649/1
f 1646/1 1649/1 1648/1
f 1648/1 1959/1 2992/1
f 1648/1 2992/1 1647/1
f 1649/1 1958/1 1959/1
f 1649/1 1959/1 1648/1
f 1649/1 1651/1 3055/1
f 1649/1 3055/1 1958/1
f 1650/1 1652/1 1651/1
f 1650/1 1651/1 1649/1
f 1652/1 1654/1 1653/1
f 1652/1 1653/1 1651/1
f 1652/1 1650/1 3096/1
f 1652/1 3096/1 1850/1
f 1653/1 3054/1 3055/1
f 1653/1 3055/1 1651/1
f 1654/1 1652/1 1850/1
f 1654/1 1850/1 1478/1
f 1655/1 3191/1 3190/1
f 1655/1 3190/1 2023/1
f 3234/1 1656/1 1655/1
f 3234/1 1655/1 2024/1
f 3787/1 1265/1 1657/1
f 3787/1 1657/1 3758/1
f 3758/1 1657/1 1658/1
f 3758/1 1658/1 1338/1
f 1658/1 1439/1 3969/1
f 1658/1 3969/1 3771/1
f 1660/1 1661/1 1659/1
f 1660/1 1659/1 1665/1
f 1659/1 1662/1 3713/1
f 1659/1 3713/1 1801/1
f 1660/1 1665/1 1664/1
f 1660/1 1664/1 3865/1
f 1661/1 1663/1 1662/1
f 1661/1 1662/1 1659/1
f 3800/1 2727/1 1661/1
f 3800/1 1661/1 1660/1
f 1813/1 3713/1 1662/1
f 1813/1 1662/1 1968/1
f 1663/1 1827/1 1968/1
f 1663/1 1968/1 1662/1
f 2727/1 1615/1 1663/1
f 2727/1 1663/1 1661/1
f 1801/1 1800/1 1665/1
f 1801/1 1665/1 1659/1
f 1665/1 1800/1 1802/1
f 1665/1 1802/1 1664/1
f 1667/1 1668/1 1666/1
f 1667/1 1666/1 1726/1
f 1666/1 4327/1 3410/1
f 1666/1 3410/1 3367/1
f 1725/1 1727/1 1667/1
f 1725/1 1667/1 1723/1
f 1727/1 1669/1 1668/1
f 1727/1 1668/1 1667/1
f 1668/1 3343/1 4327/1
f 1668/1 4327/1 1666/1
f 1670/1 1671/1 1669/1
f 1670/1 1669/1 1727/1
f 1669/1 2856/1 3343/1
f 1669/1 3343/1 1668/1
f 1670/1 2291/1 2629/1
f 1670/1 2629/1 1671/1
f 1671/1 2517/1 2856/1
f 1671/1 2856/1 1669/1
f 1674/1 1675/1 1673/1
f 1674/1 1673/1 1672/1
f 3005/1 1675/1 1674/1
f 3005/1 1674/1 1847/1
f 1674/1 1672/1 3041/1
f 1674/1 3041/1 3490/1
f 1675/1 1832/1 3009/1
f 1675/1 3009/1 1673/1
f 3410/1 1832/1 1675/1
f 3410/1 1675/1 3005/1
f 1676/1 1677/1 1678/1
f 1676/1 1678/1 1864/1
f 1677/1 1507/1 1729/1
f 1677/1 1729/1 1678/1
f 3041/1 1672/1 1677/1
f 3041/1 1677/1 1676/1
f 1678/1 1729/1 1730/1
f 1678/1 1730/1 1860/1
f 1680/1 1681/1 1679/1
f 1680/1 1679/1 2927/1
f 3799/1 2940/1 1680/1
f 3799/1 1680/1 3821/1
f 1681/1 1683/1 1682/1
f 1681/1 1682/1 1679/1
f 1681/1 1680/1 2940/1
f 1681/1 2940/1 2939/1
f 1682/1 1881/1 1880/1
f 1682/1 1880/1 1633/1
f 1881/1 1682/1 1683/1
f 1881/1 1683/1 3600/1
f 2939/1 1708/1 1683/1
f 2939/1 1683/1 1681/1
f 1684/1 1604/1 1685/1
f 1684/1 1685/1 1960/1
f 3492/1 3493/1 1684/1
f 3492/1 1684/1 1687/1
f 1686/1 1687/1 1688/1
f 1686/1 1688/1 1908/1
f 2046/1 2047/1 1686/1
f 2046/1 1686/1 3457/1
f 1687/1 1684/1 1960/1
f 1687/1 1960/1 1688/1
f 2047/1 3492/1 1687/1
f 2047/1 1687/1 1686/1
f 1688/1 1960/1 1913/1
f 1688/1 1913/1 1909/1
f 4207/1 2302/1 1689/1
f 4207/1 1689/1 2442/1
f 1691/1 1692/1 1690/1
f 1691/1 1690/1 1897/1
f 1690/1 1858/1 1856/1
f 1690/1 1856/1 1896/1
f 2488/1 1858/1 1690/1
f 2488/1 1690/1 1692/1
f 4270/1 1821/1 1691/1
f 4270/1 1691/1 3360/1
f 1821/1 1822/1 1692/1
f 1821/1 1692/1 1691/1
f 1692/1 1822/1 1912/1
f 1692/1 1912/1 2488/1
f 1853/1 1705/1 1693/1
f 1853/1 1693/1 2911/1
f 2338/1 1835/1 1693/1
f 2338/1 1693/1 1571/1
f 2983/1 1695/1 1694/1
f 2983/1 1694/1 3891/1
f 1694/1 3909/1 3910/1
f 1694/1 3910/1 3893/1
f 1696/1 1697/1 1698/1
f 1696/1 1698/1 4188/1
f 1696/1 3908/1 3907/1
f 1696/1 3907/1 1697/1
f 3098/1 1698/1 1697/1
f 3098/1 1697/1 3099/1
f 4187/1 4188/1 1698/1
f 4187/1 1698/1 4189/1
f 1796/1 1795/1 1699/1
f 1796/1 1699/1 1701/1
f 2551/1 1700/1 1699/1
f 2551/1 1699/1 2592/1
f 1701/1 1699/1 1700/1
f 1701/1 1700/1 1702/1
f 1701/1 1797/1 1798/1
f 1701/1 1798/1 1796/1
f 1797/1 1701/1 1702/1
f 1797/1 1702/1 3355/1
f 1902/1 1901/1 1703/1
f 1902/1 1703/1 1704/1
f 4004/1 4003/1 1703/1
f 4004/1 1703/1 1901/1
f 1704/1 4158/1 4007/1
f 1704/1 4007/1 4006/1
f 1855/1 3292/1 1705/1
f 1855/1 1705/1 1853/1
f 1706/1 1397/1 1707/1
f 1706/1 1707/1 1965/1
f 1706/1 1626/1 3034/1
f 1706/1 3034/1 1396/1
f 1707/1 1469/1 3930/1
f 1707/1 3930/1 3048/1
f 3600/1 1683/1 1708/1
f 3600/1 1708/1 3595/1
f 3595/1 1708/1 1709/1
f 3595/1 1709/1 3608/1
f 1712/1 1711/1 1710/1
f 1712/1 1710/1 1715/1
f 1711/1 1712/1 1713/1
f 1711/1 1713/1 1714/1
f 3542/1 1713/1 1712/1
f 3542/1 1712/1 1717/1
f 1713/1 3542/1 3520/1
f 1713/1 3520/1 3513/1
f 1714/1 1713/1 3513/1
f 1714/1 3513/1 1886/1
f 1715/1 1716/1 1717/1
f 1715/1 1717/1 1712/1
f 1717/1 1874/1 3544/1
f 1717/1 3544/1 3542/1
f 1718/1 1917/1 3500/1
f 1718/1 3500/1 2699/1
f 1719/1 1525/1 1720/1
f 1719/1 1720/1 1721/1
f 3387/1 1722/1 1720/1
f 3387/1 1720/1 3403/1
f 1721/1 1720/1 1722/1
f 1721/1 1722/1 3376/1
f 2551/1 3376/1 1722/1
f 2551/1 1722/1 1608/1
f 1724/1 1725/1 1723/1
f 1724/1 1723/1 1817/1
f 1723/1 1667/1 1726/1
f 1723/1 1726/1 1843/1
f 1816/1 1562/1 1724/1
f 1816/1 1724/1 1817/1
f 2340/1 1728/1 1725/1
f 2340/1 1725/1 1724/1
f 1726/1 1666/1 3367/1
f 1726/1 3367/1 1551/1
f 1728/1 1670/1 1727/1
f 1728/1 1727/1 1725/1
f 2291/1 1670/1 1728/1
f 2291/1 1728/1 2278/1
f 1731/1 3168/1 2362/1
f 1731/1 2362/1 1734/1
f 1734/1 1733/1 1732/1
f 1734/1 1732/1 1731/1
f 1732/1 1733/1 4009/1
f 1732/1 4009/1 3174/1
f 1733/1 2290/1 2277/1
f 1733/1 2277/1 4009/1
f 1733/1 1734/1 2628/1
f 1733/1 2628/1 2290/1
f 1736/1 1737/1 1735/1
f 1736/1 1735/1 1867/1
f 1735/1 1866/1 1865/1
f 1735/1 1865/1 1868/1
f 1736/1 1867/1 2917/1
f 1736/1 2917/1 4311/1
f 1737/1 1806/1 1866/1
f 1737/1 1866/1 1735/1
f 3870/1 1807/1 1737/1
f 3870/1 1737/1 1736/1
f 1739/1 1740/1 1738/1
f 1739/1 1738/1 2659/1
f 1738/1 2500/1 2481/1
f 1738/1 2481/1 2635/1
f 1741/1 1742/1 1739/1
f 1741/1 1739/1 2706/1
f 1740/1 1739/1 1742/1
f 1740/1 1742/1 2455/1
f 2500/1 1738/1 1740/1
f 2500/1 1740/1 2416/1
f 1741/1 2763/1 1761/1
f 1741/1 1761/1 1763/1
f 1763/1 2454/1 1742/1
f 1763/1 1742/1 1741/1
f 1744/1 1511/1 1743/1
f 1744/1 1743/1 1745/1
f 1746/1 1745/1 1743/1
f 1746/1 1743/1 3472/1
f 1837/1 1838/1 1744/1
f 1837/1 1744/1 2936/1
f 1744/1 1745/1 2759/1
f 1744/1 2759/1 2936/1
f 2560/1 839/1 1746/1
f 2560/1 1746/1 2561/1
f 2018/1 1884/1 1747/1
f 2018/1 1747/1 1799/1
f 1884/1 2790/1 1748/1
f 1884/1 1748/1 1747/1
f 3457/1 1526/1 1748/1
f 3457/1 1748/1 2046/1
f 1749/1 1750/1 1751/1
f 1749/1 1751/1 2972/1
f 4311/1 2998/1 1749/1
f 4311/1 1749/1 2972/1
f 1750/1 1749/1 2878/1
f 1750/1 2878/1 2932/1
f 1752/1 4064/1 4063/1
f 1752/1 4063/1 1759/1
f 1753/1 1754/1 1755/1
f 1753/1 1755/1 1607/1
f 1794/1 1923/1 1753/1
f 1794/1 1753/1 2562/1
f 1923/1 1924/1 1754/1
f 1923/1 1754/1 1753/1
f 3482/1 1755/1 1754/1
f 3482/1 1754/1 1455/1
f 3463/1 1756/1 1755/1
f 3463/1 1755/1 3482/1
f 3849/1 3821/1 1757/1
f 3849/1 1757/1 1468/1
f 1759/1 1760/1 1758/1
f 1759/1 1758/1 1752/1
f 3464/1 1481/1 1758/1
f 3464/1 1758/1 4330/1
f 4330/1 1758/1 1760/1
f 4330/1 1760/1 4332/1
f 1916/1 3391/1 1761/1
f 1916/1 1761/1 2763/1
f 1763/1 1761/1 1762/1
f 1763/1 1762/1 2843/1
f 1762/1 1761/1 3391/1
f 1762/1 3391/1 3407/1
f 1765/1 1567/1 1764/1
f 1765/1 1764/1 4303/1
f 1764/1 1501/1 2237/1
f 1764/1 2237/1 4303/1
f 1765/1 4303/1 1777/1
f 1765/1 1777/1 2070/1
f 1766/1 1767/1 1768/1
f 1766/1 1768/1 1602/1
f 1773/1 1770/1 1767/1
f 1773/1 1767/1 1766/1
f 1767/1 1772/1 3485/1
f 1767/1 3485/1 1768/1
f 1769/1 1824/1 1826/1
f 1769/1 1826/1 1827/1
f 1770/1 1771/1 1772/1
f 1770/1 1772/1 1767/1
f 1774/1 1775/1 1770/1
f 1774/1 1770/1 1773/1
f 1775/1 1776/1 1771/1
f 1775/1 1771/1 1770/1
f 1771/1 2584/1 2585/1
f 1771/1 2585/1 1772/1
f 1772/1 2585/1 3462/1
f 1772/1 3462/1 3485/1
f 1774/1 1575/1 1863/1
f 1774/1 1863/1 1841/1
f 1841/1 1842/1 1775/1
f 1841/1 1775/1 1774/1
f 1776/1 1775/1 1842/1
f 1776/1 1842/1 1786/1
f 2584/1 1771/1 1776/1
f 2584/1 1776/1 1792/1
f 1777/1 1778/1 1779/1
f 1777/1 1779/1 4002/1
f 4303/1 2237/1 1778/1
f 4303/1 1778/1 1777/1
f 1780/1 1907/1 2992/1
f 1780/1 2992/1 1781/1
f 1782/1 1780/1 1781/1
f 1782/1 1781/1 1785/1
f 1781/1 2992/1 1959/1
f 1781/1 1959/1 1783/1
f 1917/1 1780/1 1782/1
f 1917/1 1782/1 3500/1
f 1783/1 1784/1 1785/1
f 1783/1 1785/1 1781/1
f 1783/1 1959/1 1958/1
f 1783/1 1958/1 3023/1
f 1784/1 1783/1 3023/1
f 1784/1 3023/1 1831/1
f 1784/1 3087/1 3073/1
f 1784/1 3073/1 1785/1
f 3473/1 1782/1 1785/1
f 3473/1 1785/1 3073/1
f 1787/1 1788/1 1786/1
f 1787/1 1786/1 3564/1
f 1786/1 1788/1 1792/1
f 1786/1 1792/1 1776/1
f 1789/1 1790/1 1787/1
f 1789/1 1787/1 1791/1
f 1788/1 1787/1 1790/1
f 1788/1 1790/1 1793/1
f 1788/1 1793/1 1794/1
f 1788/1 1794/1 1792/1
f 1968/1 1814/1 1789/1
f 1968/1 1789/1 1813/1
f 1814/1 1815/1 1790/1
f 1814/1 1790/1 1789/1
f 1790/1 1815/1 2599/1
f 1790/1 2599/1 1793/1
f 1813/1 1789/1 1791/1
f 1813/1 1791/1 1601/1
f 3564/1 3609/1 1791/1
f 3564/1 1791/1 1787/1
f 1792/1 1794/1 2562/1
f 1792/1 2562/1 2584/1
f 1923/1 1794/1 1793/1
f 1923/1 1793/1 2599/1
f 2592/1 1699/1 1795/1
f 2592/1 1795/1 2610/1
f 3353/1 2610/1 1795/1
f 3353/1 1795/1 3830/1
f 1796/1 3813/1 3830/1
f 1796/1 3830/1 1795/1
f 3341/1 3330/1 1798/1
f 3341/1 1798/1 1797/1
f 1798/1 4171/1 3813/1
f 1798/1 3813/1 1796/1
f 1798/1 3330/1 4236/1
f 1798/1 4236/1 4171/1
f 2037/1 2018/1 1799/1
f 2037/1 1799/1 3479/1
f 1829/1 1830/1 1802/1
f 1829/1 1802/1 1800/1
f 1802/1 1830/1 2898/1
f 1802/1 2898/1 1460/1
f 1804/1 1805/1 1803/1
f 1804/1 1803/1 2966/1
f 1892/1 2941/1 1804/1
f 1892/1 1804/1 2967/1
f 2941/1 3877/1 1805/1
f 2941/1 1805/1 1804/1
f 3027/1 1803/1 1805/1
f 3027/1 1805/1 3890/1
f 1807/1 1459/1 1806/1
f 1807/1 1806/1 1737/1
f 1806/1 1458/1 1870/1
f 1806/1 1870/1 1866/1
f 2973/1 3865/1 1807/1
f 2973/1 1807/1 3870/1
f 1809/1 1810/1 1808/1
f 1809/1 1808/1 2897/1
f 1879/1 1878/1 1808/1
f 1879/1 1808/1 1810/1
f 2983/1 3878/1 1808/1
f 2983/1 1808/1 1878/1
f 1809/1 1812/1 1811/1
f 1809/1 1811/1 1810/1
f 1809/1 2898/1 1830/1
f 1809/1 1830/1 1812/1
f 1810/1 1811/1 1820/1
f 1810/1 1820/1 1879/1
f 1811/1 1818/1 3822/1
f 1811/1 3822/1 1820/1
f 1812/1 1819/1 1818/1
f 1812/1 1818/1 1811/1
f 1827/1 1826/1 1814/1
f 1827/1 1814/1 1968/1
f 1815/1 1814/1 1826/1
f 1815/1 1826/1 1823/1
f 1815/1 1823/1 1852/1
f 1815/1 1852/1 2599/1
f 1817/1 1723/1 1843/1
f 1817/1 1843/1 2406/1
f 3799/1 3822/1 1818/1
f 3799/1 1818/1 3774/1
f 1830/1 1829/1 1819/1
f 1830/1 1819/1 1812/1
f 3774/1 1818/1 1819/1
f 3774/1 1819/1 1828/1
f 1820/1 3822/1 3849/1
f 1820/1 3849/1 3894/1
f 3264/1 2106/1 1821/1
f 3264/1 1821/1 4270/1
f 1911/1 1912/1 1822/1
f 1911/1 1822/1 3444/1
f 2106/1 3444/1 1822/1
f 2106/1 1822/1 1821/1
f 1824/1 1825/1 1823/1
f 1824/1 1823/1 1826/1
f 1823/1 1825/1 1922/1
f 1823/1 1922/1 1852/1
f 2626/1 1825/1 1824/1
f 2626/1 1824/1 3567/1
f 1825/1 2626/1 1930/1
f 1825/1 1930/1 1922/1
f 1829/1 1599/1 1828/1
f 1829/1 1828/1 1819/1
f 1828/1 1597/1 2804/1
f 1828/1 2804/1 3774/1
f 1859/1 1730/1 1831/1
f 1859/1 1831/1 3023/1
f 3087/1 1784/1 1831/1
f 3087/1 1831/1 1509/1
f 1832/1 1833/1 1834/1
f 1832/1 1834/1 3009/1
f 4327/1 1833/1 1832/1
f 4327/1 1832/1 3410/1
f 1833/1 1523/1 1872/1
f 1833/1 1872/1 1834/1
f 3343/1 1523/1 1833/1
f 3343/1 1833/1 4327/1
f 1834/1 1872/1 1873/1
f 1834/1 1873/1 3072/1
f 2911/1 1693/1 1835/1
f 2911/1 1835/1 2909/1
f 1836/1 2342/1 2355/1
f 1836/1 2355/1 2893/1
f 2909/1 1835/1 1836/1
f 2909/1 1836/1 2893/1
f 2612/1 1844/1 1837/1
f 2612/1 1837/1 3022/1
f 2962/1 3022/1 1837/1
f 2962/1 1837/1 2936/1
f 1844/1 1845/1 1838/1
f 1844/1 1838/1 1837/1
f 1839/1 1924/1 1852/1
f 1839/1 1852/1 1922/1
f 1922/1 1930/1 1840/1
f 1922/1 1840/1 1839/1
f 1840/1 3494/1 2780/1
f 1840/1 2780/1 1456/1
f 3600/1 3595/1 1841/1
f 3600/1 1841/1 1863/1
f 3564/1 1786/1 1842/1
f 3564/1 1842/1 3608/1
f 1842/1 1841/1 3595/1
f 1842/1 3595/1 3608/1
f 2441/1 1549/1 1844/1
f 2441/1 1844/1 2612/1
f 1845/1 1847/1 1846/1
f 1845/1 1846/1 1838/1
f 1847/1 1674/1 3490/1
f 1847/1 3490/1 1846/1
f 4329/1 3005/1 1847/1
f 4329/1 1847/1 1845/1
f 1874/1 1880/1 1848/1
f 1874/1 1848/1 3544/1
f 1880/1 1881/1 1849/1
f 1880/1 1849/1 1848/1
f 4063/1 4064/1 1851/1
f 4063/1 1851/1 4028/1
f 1854/1 1855/1 1853/1
f 1854/1 1853/1 2890/1
f 4286/1 4282/1 1854/1
f 4286/1 1854/1 2891/1
f 4282/1 4280/1 1855/1
f 4282/1 1855/1 1854/1
f 4005/1 1857/1 1856/1
f 4005/1 1856/1 1858/1
f 1857/1 4005/1 4004/1
f 1857/1 4004/1 1875/1
f 2487/1 4005/1 1858/1
f 2487/1 1858/1 2488/1
f 1860/1 1730/1 1859/1
f 1860/1 1859/1 3056/1
f 1958/1 3055/1 1859/1
f 1958/1 1859/1 3023/1
f 1859/1 3055/1 3054/1
f 1859/1 3054/1 3056/1
f 1864/1 1678/1 1860/1
f 1864/1 1860/1 1967/1
f 1860/1 3056/1 3543/1
f 1860/1 3543/1 1967/1
f 1862/1 2048/1 2041/1
f 1862/1 2041/1 1483/1
f 1862/1 1861/1 3395/1
f 1862/1 3395/1 4335/1
f 1863/1 1849/1 1881/1
f 1863/1 1881/1 3600/1
f 1864/1 1966/1 2005/1
f 1864/1 2005/1 1676/1
f 3963/1 1871/1 1865/1
f 3963/1 1865/1 1869/1
f 1866/1 1870/1 1869/1
f 1866/1 1869/1 1865/1
f 1867/1 1735/1 1868/1
f 1867/1 1868/1 1594/1
f 1867/1 1594/1 2918/1
f 1867/1 2918/1 2917/1
f 1868/1 1865/1 1871/1
f 1868/1 1871/1 3035/1
f 1869/1 1892/1 2967/1
f 1869/1 2967/1 3963/1
f 1870/1 1893/1 1892/1
f 1870/1 1892/1 1869/1
f 2869/1 4328/1 1871/1
f 2869/1 1871/1 3963/1
f 1873/1 1517/1 3473/1
f 1873/1 3473/1 3073/1
f 1901/1 1964/1 1875/1
f 1901/1 1875/1 4004/1
f 1876/1 1875/1 1964/1
f 1876/1 1964/1 3988/1
f 1878/1 1879/1 1877/1
f 1878/1 1877/1 3898/1
f 3894/1 1877/1 1879/1
f 3894/1 1879/1 1820/1
f 1882/1 1883/1 1884/1
f 1882/1 1884/1 2018/1
f 2006/1 1583/1 1882/1
f 2006/1 1882/1 2007/1
f 2790/1 1884/1 1883/1
f 2790/1 1883/1 1886/1
f 1885/1 1714/1 1886/1
f 1885/1 1886/1 1883/1
f 3499/1 2790/1 1886/1
f 3499/1 1886/1 3513/1
f 1888/1 1889/1 1887/1
f 1888/1 1887/1 3106/1
f 2064/1 2043/1 1887/1
f 2064/1 1887/1 1889/1
f 1887/1 2042/1 3964/1
f 1887/1 3964/1 3106/1
f 1895/1 1471/1 1891/1
f 1895/1 1891/1 3895/1
f 1893/1 2942/1 2941/1
f 1893/1 2941/1 1892/1
f 3871/1 3038/1 1894/1
f 3871/1 1894/1 1466/1
f 3911/1 3912/1 1895/1
f 3911/1 1895/1 3052/1
f 1897/1 1690/1 1896/1
f 1897/1 1896/1 2302/1
f 3360/1 1691/1 1897/1
f 3360/1 1897/1 3359/1
f 1899/1 1900/1 1898/1
f 1899/1 1898/1 2493/1
f 1898/1 4288/1 4252/1
f 1898/1 4252/1 2492/1
f 3429/1 2482/1 1899/1
f 3429/1 1899/1 4277/1
f 2482/1 2483/1 1900/1
f 2482/1 1900/1 1899/1
f 1900/1 3463/1 4288/1
f 1900/1 4288/1 1898/1
f 1902/1 2583/1 1964/1
f 1902/1 1964/1 1901/1
f 1902/1 1704/1 4006/1
f 1902/1 4006/1 3996/1
f 1903/1 1565/1 3300/1
f 1903/1 3300/1 1904/1
f 3321/1 1566/1 1903/1
f 3321/1 1903/1 1905/1
f 1905/1 1903/1 1904/1
f 1905/1 1904/1 3257/1
f 1904/1 3300/1 2381/1
f 1904/1 2381/1 2383/1
f 1905/1 2464/1 2463/1
f 1905/1 2463/1 3321/1
f 1917/1 1531/1 1907/1
f 1917/1 1907/1 1780/1
f 1908/1 1688/1 1909/1
f 1908/1 1909/1 1910/1
f 3457/1 1686/1 1908/1
f 3457/1 1908/1 3452/1
f 1909/1 1913/1 1915/1
f 1909/1 1915/1 1493/1
f 3452/1 1908/1 1910/1
f 3452/1 1910/1 3425/1
f 2253/1 2486/1 1912/1
f 2253/1 1912/1 1911/1
f 1913/1 1637/1 1914/1
f 1913/1 1914/1 1915/1
f 1914/1 1638/1 3407/1
f 1914/1 3407/1 3391/1
f 1915/1 1914/1 3391/1
f 1915/1 3391/1 1916/1
f 1919/1 1534/1 1918/1
f 1919/1 1918/1 1971/1
f 1918/1 1528/1 2820/1
f 1918/1 2820/1 3786/1
f 3052/1 1921/1 1920/1
f 3052/1 1920/1 3911/1
f 1920/1 1465/1 3068/1
f 1920/1 3068/1 3913/1
f 3006/1 3007/1 1921/1
f 3006/1 1921/1 3052/1
f 2599/1 1852/1 1924/1
f 2599/1 1924/1 1923/1
f 1925/1 1926/1 1927/1
f 1925/1 1927/1 1966/1
f 3543/1 3528/1 1925/1
f 3543/1 1925/1 1967/1
f 1926/1 1925/1 3528/1
f 1926/1 3528/1 1472/1
f 2620/1 425/1 1928/1
f 2620/1 1928/1 897/1
f 1929/1 818/1 3084/1
f 1929/1 3084/1 3078/1
f 1930/1 3506/1 3494/1
f 1930/1 3494/1 1840/1
f 1932/1 619/1 1931/1
f 1932/1 1931/1 3775/1
f 3823/1 3794/1 1931/1
f 3823/1 1931/1 3/1
f 2264/1 620/1 1932/1
f 2264/1 1932/1 2262/1
f 1932/1 3775/1 3306/1
f 1932/1 3306/1 2262/1
f 1933/1 4077/1 4079/1
f 1933/1 4079/1 4315/1
f 2994/1 1935/1 1936/1
f 2994/1 1936/1 1970/1
f 1937/1 1938/1 1939/1
f 1937/1 1939/1 3530/1
f 2035/1 1939/1 1938/1
f 2035/1 1938/1 2062/1
f 2862/1 2861/1 1938/1
f 2862/1 1938/1 1937/1
f 1939/1 2035/1 2036/1
f 1939/1 2036/1 3531/1
f 1940/1 1944/1 1943/1
f 1940/1 1943/1 1941/1
f 1942/1 1940/1 1941/1
f 1942/1 1941/1 404/1
f 1944/1 412/1 2061/1
f 1944/1 2061/1 1943/1
f 1947/1 1945/1 1946/1
f 1947/1 1946/1 3839/1
f 1946/1 2213/1 2190/1
f 1946/1 2190/1 3839/1
f 1948/1 1949/1 1950/1
f 1948/1 1950/1 2097/1
f 1950/1 1949/1 3888/1
f 1950/1 3888/1 3887/1
f 1951/1 1952/1 1953/1
f 1951/1 1953/1 2604/1
f 4173/1 2462/1 1951/1
f 4173/1 1951/1 3334/1
f 2462/1 2458/1 1952/1
f 2462/1 1952/1 1951/1
f 1954/1 1955/1 1956/1
f 1954/1 1956/1 4032/1
f 1955/1 2509/1 2510/1
f 1955/1 2510/1 1956/1
f 1955/1 1954/1 4015/1
f 1955/1 4015/1 4016/1
f 1957/1 4206/1 2285/1
f 1957/1 2285/1 447/1
f 2325/1 1962/1 1961/1
f 2325/1 1961/1 3794/1
f 1961/1 1963/1 3306/1
f 1961/1 3306/1 3775/1
f 1963/1 1961/1 1962/1
f 1963/1 1962/1 407/1
f 2322/1 3712/1 1962/1
f 2322/1 1962/1 2325/1
f 1965/1 1707/1 3048/1
f 1965/1 3048/1 3047/1
f 1966/1 1864/1 1967/1
f 1966/1 1967/1 1925/1
f 1966/1 1927/1 3030/1
f 1966/1 3030/1 2005/1
f 1970/1 746/1 2993/1
f 1970/1 2993/1 2994/1
f 1972/1 1919/1 1971/1
f 1972/1 1971/1 3852/1
f 3786/1 3851/1 1971/1
f 3786/1 1971/1 1918/1
f 1974/1 1975/1 1973/1
f 1974/1 1973/1 1976/1
f 1975/1 3705/1 3701/1
f 1975/1 3701/1 1973/1
f 1977/1 1978/1 1979/1
f 1977/1 1979/1 3621/1
f 2527/1 2526/1 1977/1
f 2527/1 1977/1 3621/1
f 2871/1 2710/1 1977/1
f 2871/1 1977/1 2526/1
f 2952/1 1978/1 1977/1
f 2952/1 1977/1 2710/1
f 1978/1 2642/1 2643/1
f 1978/1 2643/1 1979/1
f 1982/1 1983/1 1984/1
f 1982/1 1984/1 1986/1
f 1983/1 1982/1 2384/1
f 1983/1 2384/1 2674/1
f 1983/1 2674/1 4225/1
f 1983/1 4225/1 2528/1
f 1986/1 1984/1 1985/1
f 1986/1 1985/1 3586/1
f 3616/1 3586/1 1985/1
f 3616/1 1985/1 2479/1
f 2068/1 1982/1 1986/1
f 2068/1 1986/1 2069/1
f 1987/1 1988/1 1989/1
f 1987/1 1989/1 2906/1
f 2061/1 1988/1 1987/1
f 2061/1 1987/1 443/1
f 2905/1 3703/1 1987/1
f 2905/1 1987/1 2906/1
f 1990/1 1284/1 1991/1
f 1990/1 1991/1 2008/1
f 1991/1 2006/1 2007/1
f 1991/1 2007/1 2009/1
f 1992/1 3309/1 3316/1
f 1992/1 3316/1 3293/1
f 1993/1 2430/1 2429/1
f 1993/1 2429/1 593/1
f 3293/1 2444/1 1993/1
f 3293/1 1993/1 1992/1
f 1995/1 1996/1 1994/1
f 1995/1 1994/1 2405/1
f 1994/1 592/1 2223/1
f 1994/1 2223/1 2405/1
f 2501/1 3309/1 1995/1
f 2501/1 1995/1 2404/1
f 1996/1 1995/1 3309/1
f 1996/1 3309/1 1992/1
f 1997/1 2627/1 1999/1
f 1997/1 1999/1 798/1
f 2001/1 2000/1 1997/1
f 2001/1 1997/1 1998/1
f 1998/1 799/1 2466/1
f 1998/1 2466/1 4056/1
f 1999/1 2058/1 2059/1
f 1999/1 2059/1 800/1
f 2017/1 955/1 2000/1
f 2017/1 2000/1 2001/1
f 2627/1 1997/1 2000/1
f 2627/1 2000/1 954/1
f 2001/1 1998/1 4056/1
f 2001/1 4056/1 3246/1
f 2002/1 2003/1 2004/1
f 2002/1 2004/1 3679/1
f 2853/1 2004/1 2003/1
f 2853/1 2003/1 3629/1
f 2003/1 2002/1 3656/1
f 2003/1 3656/1 2896/1
f 3041/1 1676/1 2005/1
f 3041/1 2005/1 3518/1
f 2007/1 1882/1 2018/1
f 2007/1 2018/1 2037/1
f 2008/1 1991/1 2009/1
f 2008/1 2009/1 2062/1
f 3667/1 1990/1 2008/1
f 3667/1 2008/1 2861/1
f 2009/1 2007/1 2037/1
f 2009/1 2037/1 2063/1
f 2011/1 790/1 2010/1
f 2011/1 2010/1 3137/1
f 3141/1 3137/1 2010/1
f 3141/1 2010/1 4139/1
f 2011/1 585/1 4014/1
f 2011/1 4014/1 791/1
f 2013/1 1422/1 2012/1
f 2013/1 2012/1 2478/1
f 2423/1 2453/1 2012/1
f 2423/1 2012/1 2421/1
f 2013/1 2548/1 2547/1
f 2013/1 2547/1 2480/1
f 2015/1 2016/1 2014/1
f 2015/1 2014/1 3208/1
f 2015/1 3210/1 2019/1
f 2015/1 2019/1 2567/1
f 2567/1 2568/1 2016/1
f 2567/1 2016/1 2015/1
f 3200/1 2014/1 2016/1
f 3200/1 2016/1 3192/1
f 3824/1 3192/1 2016/1
f 3824/1 2016/1 2568/1
f 2020/1 2021/1 2019/1
f 2020/1 2019/1 2150/1
f 2020/1 3216/1 3217/1
f 2020/1 3217/1 2021/1
f 2020/1 1052/1 3235/1
f 2020/1 3235/1 3216/1
f 2567/1 2019/1 2021/1
f 2567/1 2021/1 3767/1
f 3678/1 3767/1 2021/1
f 3678/1 2021/1 3217/1
f 2024/1 1655/1 2023/1
f 2024/1 2023/1 2287/1
f 2023/1 3190/1 3275/1
f 2023/1 3275/1 2288/1
f 2024/1 2464/1 3259/1
f 2024/1 3259/1 3234/1
f 3907/1 3861/1 2025/1
f 3907/1 2025/1 3923/1
f 2026/1 2075/1 2918/1
f 2026/1 2918/1 1593/1
f 2026/1 2025/1 3782/1
f 2026/1 3782/1 2074/1
f 2028/1 2029/1 2030/1
f 2028/1 2030/1 3194/1
f 2028/1 2271/1 2273/1
f 2028/1 2273/1 2029/1
f 2029/1 2273/1 3187/1
f 2029/1 3187/1 3202/1
f 2029/1 3202/1 3203/1
f 2029/1 3203/1 2030/1
f 2030/1 3203/1 4202/1
f 2030/1 4202/1 4208/1
f 2364/1 2341/1 2031/1
f 2364/1 2031/1 2032/1
f 2387/1 2364/1 2032/1
f 2387/1 2032/1 2515/1
f 2034/1 1266/1 2033/1
f 2034/1 2033/1 2945/1
f 2947/1 1192/1 2033/1
f 2947/1 2033/1 1263/1
f 2989/1 1232/1 2034/1
f 2989/1 2034/1 1035/1
f 2035/1 2063/1 3491/1
f 2035/1 3491/1 2036/1
f 2038/1 3339/1 3364/1
f 2038/1 3364/1 1371/1
f 2040/1 2041/1 2039/1
f 2040/1 2039/1 2153/1
f 2039/1 1166/1 3164/1
f 2039/1 3164/1 4104/1
f 3330/1 1484/1 2040/1
f 3330/1 2040/1 4236/1
f 2043/1 2044/1 2042/1
f 2043/1 2042/1 1887/1
f 2042/1 3756/1 3755/1
f 2042/1 3755/1 3964/1
f 3958/1 3851/1 2043/1
f 3958/1 2043/1 2064/1
f 3756/1 2042/1 2044/1
f 3756/1 2044/1 2821/1
f 3851/1 3786/1 2044/1
f 3851/1 2044/1 2043/1
f 2790/1 3499/1 2046/1
f 2790/1 2046/1 1748/1
f 3499/1 3501/1 2047/1
f 3499/1 2047/1 2046/1
f 4335/1 1165/1 2048/1
f 4335/1 2048/1 1862/1
f 2049/1 2050/1 2051/1
f 2049/1 2051/1 3612/1
f 3683/1 2539/1 2049/1
f 3683/1 2049/1 3628/1
f 2050/1 486/1 2426/1
f 2050/1 2426/1 2051/1
f 2539/1 484/1 2050/1
f 2539/1 2050/1 2049/1
f 2052/1 3866/1 3837/1
f 2052/1 3837/1 3864/1
f 3858/1 3866/1 2052/1
f 3858/1 2052/1 453/1
f 2053/1 3239/1 2219/1
f 2053/1 2219/1 3247/1
f 2053/1 2052/1 3864/1
f 2053/1 3864/1 3239/1
f 3890/1 3893/1 2054/1
f 3890/1 2054/1 3027/1
f 2055/1 2056/1 2057/1
f 2055/1 2057/1 3243/1
f 2285/1 4215/1 2056/1
f 2285/1 2056/1 2055/1
f 2056/1 3248/1 3245/1
f 2056/1 3245/1 2057/1
f 2057/1 3245/1 2306/1
f 2057/1 2306/1 2305/1
f 2058/1 1999/1 2627/1
f 2058/1 2627/1 4062/1
f 3127/1 2083/1 2060/1
f 3127/1 2060/1 1056/1
f 3160/1 1382/1 2060/1
f 3160/1 2060/1 2089/1
f 2062/1 2009/1 2063/1
f 2062/1 2063/1 2035/1
f 2062/1 1938/1 2861/1
f 2062/1 2861/1 2008/1
f 3479/1 3491/1 2063/1
f 3479/1 2063/1 2037/1
f 2065/1 3796/1 2866/1
f 2065/1 2866/1 2865/1
f 3796/1 2065/1 2066/1
f 3796/1 2066/1 4251/1
f 2067/1 2068/1 2069/1
f 2067/1 2069/1 2778/1
f 2067/1 1948/1 2097/1
f 2067/1 2097/1 2068/1
f 2068/1 2097/1 2384/1
f 2068/1 2384/1 1982/1
f 3586/1 3587/1 2069/1
f 3586/1 2069/1 1986/1
f 2070/1 1777/1 4002/1
f 2070/1 4002/1 2294/1
f 2071/1 751/1 2072/1
f 2071/1 2072/1 2400/1
f 2072/1 514/1 3396/1
f 2072/1 3396/1 3402/1
f 2075/1 2026/1 2074/1
f 2075/1 2074/1 2938/1
f 2076/1 1424/1 2077/1
f 2076/1 2077/1 4065/1
f 2080/1 2081/1 2079/1
f 2080/1 2079/1 3109/1
f 2079/1 2451/1 3163/1
f 2079/1 3163/1 581/1
f 3526/1 2081/1 2080/1
f 3526/1 2080/1 3498/1
f 2081/1 2452/1 2451/1
f 2081/1 2451/1 2079/1
f 4092/1 2452/1 2081/1
f 4092/1 2081/1 3526/1
f 2089/1 2060/1 2083/1
f 2089/1 2083/1 2082/1
f 2083/1 3127/1 2507/1
f 2083/1 2507/1 1163/1
f 2084/1 2570/1 2569/1
f 2084/1 2569/1 4087/1
f 2086/1 2084/1 2085/1
f 2086/1 2085/1 4086/1
f 4087/1 2088/1 2085/1
f 4087/1 2085/1 2084/1
f 2086/1 3323/1 2570/1
f 2086/1 2570/1 2084/1
f 2088/1 221/1 2087/1
f 2088/1 2087/1 2085/1
f 2087/1 4095/1 4086/1
f 2087/1 4086/1 2085/1
f 2090/1 221/1 2088/1
f 2090/1 2088/1 3142/1
f 3153/1 3142/1 2088/1
f 3153/1 2088/1 4087/1
f 4085/1 3161/1 2089/1
f 4085/1 2089/1 2082/1
f 2092/1 2093/1 2091/1
f 2092/1 2091/1 3156/1
f 2091/1 4181/1 2419/1
f 2091/1 2419/1 3714/1
f 2091/1 3714/1 3677/1
f 2091/1 3677/1 3156/1
f 2092/1 1127/1 3110/1
f 2092/1 3110/1 2093/1
f 2092/1 3156/1 3475/1
f 2092/1 3475/1 3477/1
f 2093/1 3100/1 4181/1
f 2093/1 4181/1 2091/1
f 2095/1 2096/1 2094/1
f 2095/1 2094/1 4023/1
f 2094/1 2096/1 2175/1
f 2094/1 2175/1 2176/1
f 2095/1 86/1 2101/1
f 2095/1 2101/1 2246/1
f 2096/1 2095/1 2246/1
f 2096/1 2246/1 1196/1
f 2097/1 1950/1 4220/1
f 2097/1 4220/1 2384/1
f 2104/1 2105/1 2098/1
f 2104/1 2098/1 3154/1
f 2100/1 1423/1 2099/1
f 2100/1 2099/1 4090/1
f 3092/1 2077/1 2100/1
f 3092/1 2100/1 3101/1
f 4027/1 2245/1 2101/1
f 4027/1 2101/1 85/1
f 2102/1 2545/1 2546/1
f 2102/1 2546/1 2103/1
f 3754/1 3749/1 2103/1
f 3754/1 2103/1 2546/1
f 2104/1 552/1 2114/1
f 2104/1 2114/1 2425/1
f 2105/1 2104/1 2425/1
f 2105/1 2425/1 564/1
f 2106/1 2107/1 2108/1
f 2106/1 2108/1 3444/1
f 2588/1 2107/1 2106/1
f 2588/1 2106/1 3264/1
f 3175/1 3443/1 2108/1
f 3175/1 2108/1 779/1
f 2299/1 376/1 2110/1
f 2299/1 2110/1 3460/1
f 2110/1 3486/1 3458/1
f 2110/1 3458/1 3460/1
f 2110/1 371/1 4093/1
f 2110/1 4093/1 3486/1
f 2131/1 565/1 2111/1
f 2131/1 2111/1 2142/1
f 2115/1 2116/1 2114/1
f 2115/1 2114/1 806/1
f 2143/1 2116/1 2115/1
f 2143/1 2115/1 4039/1
f 2115/1 806/1 2677/1
f 2115/1 2677/1 4042/1
f 2142/1 2111/1 2116/1
f 2142/1 2116/1 2143/1
f 2425/1 2114/1 2116/1
f 2425/1 2116/1 2111/1
f 3769/1 1087/1 2117/1
f 3769/1 2117/1 1088/1
f 2120/1 922/1 2119/1
f 2120/1 2119/1 864/1
f 3942/1 864/1 2119/1
f 3942/1 2119/1 3899/1
f 2197/1 2199/1 2120/1
f 2197/1 2120/1 863/1
f 2121/1 1193/1 4135/1
f 2121/1 4135/1 2331/1
f 2123/1 1403/1 2122/1
f 2123/1 2122/1 3155/1
f 2122/1 1402/1 3722/1
f 2122/1 3722/1 4105/1
f 2605/1 2615/1 2124/1
f 2605/1 2124/1 2606/1
f 2979/1 2606/1 2124/1
f 2979/1 2124/1 434/1
f 2125/1 1055/1 3182/1
f 2125/1 3182/1 3171/1
f 2126/1 566/1 3132/1
f 2126/1 3132/1 2127/1
f 2127/1 3132/1 3133/1
f 2127/1 3133/1 2165/1
f 2129/1 2130/1 2128/1
f 2129/1 2128/1 626/1
f 2193/1 2128/1 2130/1
f 2193/1 2130/1 722/1
f 2134/1 2133/1 2132/1
f 2134/1 2132/1 3960/1
f 2139/1 2140/1 2138/1
f 2139/1 2138/1 3195/1
f 3192/1 3193/1 2139/1
f 3192/1 2139/1 3200/1
f 3780/1 2140/1 2139/1
f 3780/1 2139/1 3193/1
f 3779/1 3795/1 2140/1
f 3779/1 2140/1 3780/1
f 2141/1 2142/1 2143/1
f 2141/1 2143/1 4038/1
f 2151/1 2152/1 2144/1
f 2151/1 2144/1 2299/1
f 2152/1 230/1 2145/1
f 2152/1 2145/1 2144/1
f 2145/1 230/1 3747/1
f 2145/1 3747/1 423/1
f 2146/1 2187/1 2188/1
f 2146/1 2188/1 2147/1
f 2149/1 2150/1 2148/1
f 2149/1 2148/1 2159/1
f 2148/1 3210/1 3214/1
f 2148/1 3214/1 2654/1
f 2150/1 2019/1 3210/1
f 2150/1 3210/1 2148/1
f 2177/1 377/1 2151/1
f 2177/1 2151/1 2178/1
f 2151/1 2299/1 3460/1
f 2151/1 3460/1 2178/1
f 2153/1 4121/1 3644/1
f 2153/1 3644/1 3752/1
f 2153/1 2039/1 4104/1
f 2153/1 4104/1 4121/1
f 4236/1 2040/1 2153/1
f 4236/1 2153/1 3752/1
f 2154/1 663/1 4011/1
f 2154/1 4011/1 4010/1
f 2156/1 946/1 3960/1
f 2156/1 3960/1 3943/1
f 2158/1 346/1 2157/1
f 2158/1 2157/1 4099/1
f 2157/1 284/1 2179/1
f 2157/1 2179/1 3459/1
f 2432/1 2402/1 2158/1
f 2432/1 2158/1 3285/1
f 2571/1 3285/1 2158/1
f 2571/1 2158/1 4099/1
f 2160/1 2149/1 2159/1
f 2160/1 2159/1 2708/1
f 2159/1 2148/1 2654/1
f 2159/1 2654/1 3231/1
f 2160/1 2709/1 2737/1
f 2160/1 2737/1 1050/1
f 2161/1 2127/1 2165/1
f 2161/1 2165/1 2162/1
f 3140/1 4106/1 2162/1
f 3140/1 2162/1 3139/1
f 2162/1 2165/1 3143/1
f 2162/1 3143/1 3139/1
f 2163/1 3992/1 4034/1
f 2163/1 4034/1 2164/1
f 2164/1 4034/1 2332/1
f 2164/1 2332/1 2247/1
f 2165/1 3133/1 3141/1
f 2165/1 3141/1 3143/1
f 2168/1 2166/1 2167/1
f 2168/1 2167/1 2594/1
f 2167/1 2166/1 2641/1
f 2167/1 2641/1 2640/1
f 2167/1 2640/1 2654/1
f 2167/1 2654/1 3214/1
f 4116/1 2170/1 2169/1
f 4116/1 2169/1 4111/1
f 2632/1 2276/1 2170/1
f 2632/1 2170/1 4116/1
f 2171/1 2247/1 2248/1
f 2171/1 2248/1 2266/1
f 2258/1 2257/1 2172/1
f 2258/1 2172/1 291/1
f 2259/1 2260/1 2172/1
f 2259/1 2172/1 2328/1
f 2174/1 1195/1 2173/1
f 2174/1 2173/1 1073/1
f 2173/1 1425/1 3123/1
f 2173/1 3123/1 3138/1
f 2179/1 2177/1 2178/1
f 2179/1 2178/1 3459/1
f 4011/1 4014/1 2180/1
f 4011/1 2180/1 4035/1
f 4120/1 4127/1 2181/1
f 4120/1 2181/1 4122/1
f 4127/1 4126/1 2182/1
f 4127/1 2182/1 2181/1
f 2183/1 3949/1 2200/1
f 2183/1 2200/1 384/1
f 2183/1 2184/1 3812/1
f 2183/1 3812/1 3949/1
f 2184/1 3727/1 3834/1
f 2184/1 3834/1 3812/1
f 2185/1 294/1 2186/1
f 2185/1 2186/1 2217/1
f 2186/1 294/1 2230/1
f 2186/1 2230/1 2201/1
f 4110/1 3148/1 2187/1
f 4110/1 2187/1 2146/1
f 2188/1 2238/1 3152/1
f 2188/1 3152/1 2147/1
f 2225/1 637/1 2189/1
f 2225/1 2189/1 783/1
f 2190/1 2213/1 2212/1
f 2190/1 2212/1 3170/1
f 2230/1 293/1 2194/1
f 2230/1 2194/1 348/1
f 3149/1 349/1 2194/1
f 3149/1 2194/1 164/1
f 2791/1 2736/1 2196/1
f 2791/1 2196/1 1361/1
f 2199/1 2197/1 2198/1
f 2199/1 2198/1 3926/1
f 2484/1 3926/1 2198/1
f 2484/1 2198/1 2485/1
f 2200/1 3949/1 3948/1
f 2200/1 3948/1 3134/1
f 3134/1 2186/1 2201/1
f 3134/1 2201/1 2200/1
f 2203/1 2204/1 2202/1
f 2203/1 2202/1 3271/1
f 3553/1 3242/1 2202/1
f 3553/1 2202/1 2204/1
f 2608/1 3315/1 2203/1
f 2608/1 2203/1 3338/1
f 3599/1 2204/1 2203/1
f 3599/1 2203/1 3315/1
f 3645/1 3553/1 2204/1
f 3645/1 2204/1 3599/1
f 2206/1 2207/1 2205/1
f 2206/1 2205/1 4050/1
f 2205/1 4124/1 4045/1
f 2205/1 4045/1 4119/1
f 4049/1 4047/1 2206/1
f 4049/1 2206/1 4050/1
f 2207/1 2206/1 3146/1
f 2207/1 3146/1 3145/1
f 2207/1 4125/1 4124/1
f 2207/1 4124/1 2205/1
f 2208/1 2429/1 2430/1
f 2208/1 2430/1 3205/1
f 2208/1 3205/1 4168/1
f 2208/1 4168/1 4172/1
f 2209/1 594/1 2429/1
f 2209/1 2429/1 2208/1
f 2673/1 1400/1 2210/1
f 2673/1 2210/1 1228/1
f 3708/1 368/1 2211/1
f 3708/1 2211/1 383/1
f 3169/1 3170/1 2212/1
f 3169/1 2212/1 3173/1
f 3187/1 3173/1 2212/1
f 3187/1 2212/1 3179/1
f 2213/1 169/1 3179/1
f 2213/1 3179/1 2212/1
f 2213/1 1946/1 3180/1
f 2213/1 3180/1 169/1
f 2215/1 2216/1 2214/1
f 2215/1 2214/1 2646/1
f 3856/1 3806/1 2214/1
f 3856/1 2214/1 2216/1
f 2549/1 2550/1 2215/1
f 2549/1 2215/1 3188/1
f 3816/1 2216/1 2215/1
f 3816/1 2215/1 2550/1
f 4138/1 3856/1 2216/1
f 4138/1 2216/1 3816/1
f 3134/1 3987/1 2217/1
f 3134/1 2217/1 2186/1
f 2220/1 2218/1 2219/1
f 2220/1 2219/1 3239/1
f 2219/1 2218/1 3917/1
f 2219/1 3917/1 3228/1
f 2221/1 2349/1 2350/1
f 2221/1 2350/1 106/1
f 4022/1 188/1 2222/1
f 4022/1 2222/1 3987/1
f 2223/1 947/1 2403/1
f 2223/1 2403/1 2405/1
f 3272/1 685/1 2224/1
f 3272/1 2224/1 762/1
f 2227/1 2228/1 2226/1
f 2227/1 2226/1 916/1
f 2386/1 2228/1 2227/1
f 2386/1 2227/1 2490/1
f 2228/1 2386/1 2411/1
f 2228/1 2411/1 3967/1
f 2229/1 2428/1 3791/1
f 2229/1 3791/1 3789/1
f 2232/1 2233/1 2231/1
f 2232/1 2231/1 1404/1
f 2231/1 2233/1 3178/1
f 2231/1 3178/1 1326/1
f 2231/1 1326/1 4140/1
f 2231/1 4140/1 2329/1
f 2233/1 2265/1 2376/1
f 2233/1 2376/1 3178/1
f 2233/1 2232/1 3147/1
f 2233/1 3147/1 2265/1
f 2235/1 2236/1 2234/1
f 2235/1 2234/1 3371/1
f 2234/1 3320/1 2836/1
f 2234/1 2836/1 1307/1
f 3339/1 1064/1 2235/1
f 3339/1 2235/1 3364/1
f 3320/1 2234/1 2236/1
f 3320/1 2236/1 3279/1
f 2238/1 351/1 3149/1
f 2238/1 3149/1 3152/1
f 2240/1 218/1 2239/1
f 2240/1 2239/1 336/1
f 4154/1 218/1 2240/1
f 4154/1 2240/1 3532/1
f 2337/1 2221/1 2244/1
f 2337/1 2244/1 328/1
f 2246/1 2101/1 2245/1
f 2246/1 2245/1 3113/1
f 2247/1 2332/1 2333/1
f 2247/1 2333/1 2248/1
f 2248/1 2333/1 3198/1
f 2248/1 3198/1 2443/1
f 2250/1 94/1 2249/1
f 2250/1 2249/1 286/1
f 2250/1 93/1 4130/1
f 2250/1 4130/1 95/1
f 2251/1 2252/1 3788/1
f 2251/1 3788/1 3809/1
f 3866/1 1/1 2251/1
f 3866/1 2251/1 3837/1
f 3443/1 2254/1 2253/1
f 3443/1 2253/1 1911/1
f 2257/1 2258/1 2256/1
f 2257/1 2256/1 2431/1
f 2256/1 3166/1 2351/1
f 2256/1 2351/1 2431/1
f 2257/1 2326/1 2328/1
f 2257/1 2328/1 2172/1
f 2261/1 178/1 3241/1
f 2261/1 3241/1 111/1
f 2263/1 2264/1 2262/1
f 2263/1 2262/1 3277/1
f 3252/1 4112/1 2263/1
f 3252/1 2263/1 4108/1
f 2264/1 2263/1 4112/1
f 2264/1 4112/1 950/1
f 2265/1 2266/1 2267/1
f 2265/1 2267/1 2376/1
f 2266/1 2248/1 2443/1
f 2266/1 2443/1 2267/1
f 3147/1 2171/1 2266/1
f 3147/1 2266/1 2265/1
f 2269/1 2270/1 2268/1
f 2269/1 2268/1 2446/1
f 2268/1 2259/1 2328/1
f 2268/1 2328/1 2327/1
f 3707/1 2259/1 2268/1
f 3707/1 2268/1 2270/1
f 3254/1 3737/1 2269/1
f 3254/1 2269/1 3268/1
f 4131/1 2270/1 2269/1
f 4131/1 2269/1 3737/1
f 2272/1 2273/1 2271/1
f 2272/1 2271/1 2243/1
f 3169/1 3173/1 2272/1
f 3169/1 2272/1 316/1
f 2273/1 2272/1 3173/1
f 2273/1 3173/1 3187/1
f 2275/1 2276/1 2274/1
f 2275/1 2274/1 3308/1
f 3668/1 143/1 2274/1
f 3668/1 2274/1 482/1
f 2279/1 2277/1 2278/1
f 2279/1 2278/1 2293/1
f 2290/1 2291/1 2278/1
f 2290/1 2278/1 2277/1
f 2340/1 2293/1 2278/1
f 2340/1 2278/1 1728/1
f 4009/1 2277/1 2279/1
f 4009/1 2279/1 4001/1
f 2280/1 2281/1 2282/1
f 2280/1 2282/1 3295/1
f 2281/1 1415/1 4281/1
f 2281/1 4281/1 4263/1
f 2370/1 3295/1 2282/1
f 2370/1 2282/1 2650/1
f 2282/1 2281/1 4263/1
f 2282/1 4263/1 4273/1
f 2303/1 2304/1 2283/1
f 2303/1 2283/1 417/1
f 2283/1 2324/1 4218/1
f 2283/1 4218/1 2284/1
f 2284/1 4218/1 4210/1
f 2284/1 4210/1 3270/1
f 2286/1 3361/1 2463/1
f 2286/1 2463/1 2287/1
f 2286/1 2288/1 3496/1
f 2286/1 3496/1 3395/1
f 2288/1 2286/1 2287/1
f 2288/1 2287/1 2023/1
f 2287/1 2463/1 2464/1
f 2287/1 2464/1 2024/1
f 2288/1 3275/1 3901/1
f 2288/1 3901/1 3496/1
f 2291/1 2290/1 2628/1
f 2291/1 2628/1 2629/1
f 2294/1 2279/1 2293/1
f 2294/1 2293/1 3273/1
f 2339/1 3273/1 2293/1
f 2339/1 2293/1 2340/1
f 2294/1 4002/1 4001/1
f 2294/1 4001/1 2279/1
f 2295/1 2296/1 2297/1
f 2295/1 2297/1 4216/1
f 2315/1 2316/1 2295/1
f 2315/1 2295/1 4211/1
f 2316/1 4203/1 2296/1
f 2316/1 2296/1 2295/1
f 2296/1 3939/1 3938/1
f 2296/1 3938/1 2297/1
f 3202/1 4186/1 2298/1
f 3202/1 2298/1 3203/1
f 2300/1 3289/1 2321/1
f 2300/1 2321/1 2301/1
f 4200/1 3288/1 2300/1
f 4200/1 2300/1 109/1
f 2301/1 2321/1 3262/1
f 2301/1 3262/1 3261/1
f 3359/1 1897/1 2302/1
f 3359/1 2302/1 4207/1
f 2304/1 2323/1 2324/1
f 2304/1 2324/1 2283/1
f 3317/1 3632/1 2304/1
f 3317/1 2304/1 2303/1
f 2304/1 3632/1 3631/1
f 2304/1 3631/1 2323/1
f 2305/1 2306/1 2307/1
f 2305/1 2307/1 313/1
f 3243/1 2057/1 2305/1
f 3243/1 2305/1 285/1
f 2306/1 2308/1 3244/1
f 2306/1 3244/1 2307/1
f 2307/1 3244/1 3227/1
f 2307/1 3227/1 311/1
f 2308/1 2309/1 2310/1
f 2308/1 2310/1 3244/1
f 3245/1 3251/1 2308/1
f 3245/1 2308/1 2306/1
f 2309/1 3228/1 2484/1
f 2309/1 2484/1 2310/1
f 3251/1 3247/1 2309/1
f 3251/1 2309/1 2308/1
f 2310/1 2484/1 2485/1
f 2310/1 2485/1 3219/1
f 2311/1 4156/1 4157/1
f 2311/1 4157/1 156/1
f 3220/1 4216/1 2312/1
f 3220/1 2312/1 2311/1
f 2319/1 2320/1 2313/1
f 2319/1 2313/1 297/1
f 2313/1 2320/1 3823/1
f 2313/1 3823/1 2/1
f 2313/1 2/1 3858/1
f 2313/1 3858/1 2314/1
f 3197/1 4208/1 2315/1
f 3197/1 2315/1 4/1
f 4208/1 4202/1 2316/1
f 4208/1 2316/1 2315/1
f 2350/1 480/1 2318/1
f 2350/1 2318/1 2498/1
f 3146/1 3150/1 2318/1
f 3146/1 2318/1 2317/1
f 4054/1 2498/1 2318/1
f 4054/1 2318/1 3150/1
f 2321/1 2322/1 2319/1
f 2321/1 2319/1 3262/1
f 2322/1 2325/1 2320/1
f 2322/1 2320/1 2319/1
f 2320/1 2325/1 3794/1
f 2320/1 3794/1 3823/1
f 3289/1 3712/1 2322/1
f 3289/1 2322/1 2321/1
f 2324/1 2323/1 3643/1
f 2324/1 3643/1 3651/1
f 2324/1 3651/1 3650/1
f 2324/1 3650/1 4218/1
f 2327/1 2328/1 2326/1
f 2327/1 2326/1 32/1
f 2326/1 2257/1 2431/1
f 2326/1 2431/1 2424/1
f 2327/1 2359/1 2446/1
f 2327/1 2446/1 2268/1
f 2329/1 4140/1 3868/1
f 2329/1 3868/1 4146/1
f 2330/1 3615/1 3778/1
f 2330/1 3778/1 1317/1
f 2331/1 4135/1 3614/1
f 2331/1 3614/1 2330/1
f 4123/1 2121/1 2331/1
f 4123/1 2331/1 1319/1
f 3899/1 2119/1 2334/1
f 3899/1 2334/1 3850/1
f 2336/1 2337/1 2335/1
f 2336/1 2335/1 2351/1
f 2431/1 2351/1 2335/1
f 2431/1 2335/1 2424/1
f 2337/1 2336/1 2349/1
f 2337/1 2349/1 2221/1
f 2341/1 2364/1 2589/1
f 2341/1 2589/1 885/1
f 2342/1 3980/1 2353/1
f 2342/1 2353/1 2355/1
f 2344/1 926/1 2343/1
f 2344/1 2343/1 3126/1
f 2343/1 2411/1 2410/1
f 2343/1 2410/1 4092/1
f 2343/1 4092/1 3526/1
f 2343/1 3526/1 3126/1
f 3967/1 2411/1 2343/1
f 3967/1 2343/1 926/1
f 4106/1 3140/1 2344/1
f 4106/1 2344/1 4098/1
f 2345/1 3221/1 4162/1
f 2345/1 4162/1 2644/1
f 2347/1 2348/1 2346/1
f 2347/1 2346/1 3362/1
f 2346/1 3340/1 4307/1
f 2346/1 4307/1 4308/1
f 2863/1 2864/1 2347/1
f 2863/1 2347/1 2367/1
f 2864/1 4295/1 2348/1
f 2864/1 2348/1 2347/1
f 2348/1 2891/1 3340/1
f 2348/1 3340/1 2346/1
f 2352/1 2336/1 2351/1
f 2352/1 2351/1 3166/1
f 2354/1 2355/1 2353/1
f 2354/1 2353/1 3319/1
f 2356/1 2892/1 2354/1
f 2356/1 2354/1 4297/1
f 2892/1 2893/1 2355/1
f 2892/1 2355/1 2354/1
f 2357/1 2358/1 2356/1
f 2357/1 2356/1 3351/1
f 4309/1 4308/1 2357/1
f 4309/1 2357/1 4170/1
f 2358/1 3336/1 2892/1
f 2358/1 2892/1 2356/1
f 4308/1 4307/1 2358/1
f 4308/1 2358/1 2357/1
f 2445/1 2446/1 2359/1
f 2445/1 2359/1 2450/1
f 2578/1 2587/1 2360/1
f 2578/1 2360/1 3527/1
f 3554/1 3524/1 2360/1
f 3554/1 2360/1 2587/1
f 2391/1 2390/1 2361/1
f 2391/1 2361/1 200/1
f 2363/1 1486/1 2362/1
f 2363/1 2362/1 4165/1
f 4137/1 4165/1 2362/1
f 4137/1 2362/1 3168/1
f 2363/1 4165/1 3233/1
f 2363/1 3233/1 4036/1
f 2366/1 2367/1 2365/1
f 2366/1 2365/1 2883/1
f 2365/1 3846/1 4176/1
f 2365/1 4176/1 2883/1
f 2365/1 3362/1 4309/1
f 2365/1 4309/1 3846/1
f 2366/1 2883/1 2884/1
f 2366/1 2884/1 4182/1
f 4179/1 4299/1 2366/1
f 4179/1 2366/1 4182/1
f 2367/1 2347/1 3362/1
f 2367/1 3362/1 2365/1
f 4299/1 2863/1 2367/1
f 4299/1 2367/1 2366/1
f 2370/1 2371/1 2369/1
f 2370/1 2369/1 1104/1
f 2678/1 2395/1 2369/1
f 2678/1 2369/1 2389/1
f 2389/1 2369/1 2371/1
f 2389/1 2371/1 2422/1
f 2371/1 2370/1 2650/1
f 2371/1 2650/1 4261/1
f 3785/1 2422/1 2371/1
f 3785/1 2371/1 4261/1
f 3365/1 2373/1 2372/1
f 3365/1 2372/1 3348/1
f 2372/1 2374/1 3386/1
f 2372/1 3386/1 3375/1
f 2374/1 2372/1 2373/1
f 2374/1 2373/1 1170/1
f 3350/1 2670/1 2373/1
f 3350/1 2373/1 3365/1
f 2374/1 1270/1 2394/1
f 2374/1 2394/1 3386/1
f 2376/1 2267/1 2377/1
f 2376/1 2377/1 2508/1
f 2378/1 4209/1 4175/1
f 2378/1 4175/1 2379/1
f 2380/1 2378/1 2379/1
f 2380/1 2379/1 3868/1
f 2379/1 4175/1 3882/1
f 2379/1 3882/1 3869/1
f 2380/1 1252/1 3331/1
f 2380/1 3331/1 2378/1
f 2380/1 3868/1 4140/1
f 2380/1 4140/1 1118/1
f 2381/1 2416/1 2417/1
f 2381/1 2417/1 2382/1
f 2383/1 2381/1 2382/1
f 2383/1 2382/1 4155/1
f 3999/1 4155/1 2382/1
f 3999/1 2382/1 3993/1
f 3257/1 1904/1 2383/1
f 3257/1 2383/1 3258/1
f 4000/1 3258/1 2383/1
f 4000/1 2383/1 4155/1
f 2386/1 3880/1 2410/1
f 2386/1 2410/1 2411/1
f 2525/1 2439/1 2390/1
f 2525/1 2390/1 2391/1
f 2390/1 3522/1 3521/1
f 2390/1 3521/1 2361/1
f 2392/1 582/1 4033/1
f 2392/1 4033/1 4024/1
f 2393/1 2392/1 4024/1
f 2393/1 4024/1 895/1
f 2396/1 1171/1 2395/1
f 2396/1 2395/1 2678/1
f 2396/1 2679/1 2722/1
f 2396/1 2722/1 1172/1
f 3850/1 2334/1 2397/1
f 3850/1 2397/1 723/1
f 3415/1 2399/1 2398/1
f 3415/1 2398/1 360/1
f 4192/1 4177/1 2399/1
f 4192/1 2399/1 4341/1
f 3368/1 2071/1 2400/1
f 3368/1 2400/1 2401/1
f 3402/1 3401/1 2400/1
f 3402/1 2400/1 2072/1
f 2401/1 777/1 4249/1
f 2401/1 4249/1 3368/1
f 2402/1 2432/1 3388/1
f 2402/1 3388/1 3379/1
f 2576/1 2404/1 2403/1
f 2576/1 2403/1 2436/1
f 2405/1 2403/1 2404/1
f 2405/1 2404/1 1995/1
f 2448/1 3411/1 2407/1
f 2448/1 2407/1 2409/1
f 3424/1 3393/1 2407/1
f 3424/1 2407/1 3411/1
f 2409/1 2407/1 2408/1
f 2409/1 2408/1 1280/1
f 3375/1 3386/1 2408/1
f 3375/1 2408/1 1107/1
f 2449/1 2448/1 2409/1
f 2449/1 2409/1 1279/1
f 2410/1 3619/1 2452/1
f 2410/1 2452/1 4092/1
f 3938/1 3939/1 2412/1
f 3938/1 2412/1 133/1
f 2413/1 2954/1 2955/1
f 2413/1 2955/1 3489/1
f 3402/1 3396/1 2413/1
f 3402/1 2413/1 3489/1
f 3396/1 515/1 2414/1
f 3396/1 2414/1 2413/1
f 2525/1 2391/1 2415/1
f 2525/1 2415/1 224/1
f 4342/1 382/1 2415/1
f 4342/1 2415/1 202/1
f 2416/1 1740/1 2455/1
f 2416/1 2455/1 2417/1
f 3300/1 2500/1 2416/1
f 3300/1 2416/1 2381/1
f 2417/1 2455/1 2713/1
f 2417/1 2713/1 3994/1
f 3993/1 2382/1 2417/1
f 3993/1 2417/1 3994/1
f 2419/1 2420/1 2418/1
f 2419/1 2418/1 3792/1
f 2418/1 3804/1 3793/1
f 2418/1 3793/1 3792/1
f 2419/1 3792/1 3715/1
f 2419/1 3715/1 3714/1
f 2420/1 4164/1 3803/1
f 2420/1 3803/1 2418/1
f 4181/1 4163/1 2420/1
f 4181/1 2420/1 2419/1
f 2422/1 2423/1 2421/1
f 2422/1 2421/1 2389/1
f 3770/1 2423/1 2422/1
f 3770/1 2422/1 3785/1
f 3763/1 2453/1 2423/1
f 3763/1 2423/1 3770/1
f 2430/1 1993/1 2444/1
f 2430/1 2444/1 3240/1
f 2432/1 3285/1 2570/1
f 2432/1 2570/1 3323/1
f 2432/1 3323/1 3121/1
f 2432/1 3121/1 3388/1
f 2433/1 2434/1 2435/1
f 2433/1 2435/1 4147/1
f 3189/1 3184/1 2434/1
f 3189/1 2434/1 2433/1
f 3810/1 2435/1 2434/1
f 3810/1 2434/1 3811/1
f 3882/1 2457/1 2435/1
f 3882/1 2435/1 3810/1
f 2437/1 2438/1 2439/1
f 2437/1 2439/1 2525/1
f 2438/1 4154/1 3532/1
f 2438/1 3532/1 2439/1
f 4195/1 2653/1 2438/1
f 4195/1 2438/1 2437/1
f 2439/1 3532/1 3522/1
f 2439/1 3522/1 2390/1
f 2442/1 1550/1 2441/1
f 2442/1 2441/1 4207/1
f 3359/1 4207/1 2441/1
f 3359/1 2441/1 2612/1
f 2443/1 3198/1 3199/1
f 2443/1 3199/1 1043/1
f 2444/1 3293/1 3303/1
f 2444/1 3303/1 3274/1
f 3268/1 2269/1 2446/1
f 3268/1 2446/1 2445/1
f 2448/1 2449/1 2447/1
f 2448/1 2447/1 3432/1
f 2504/1 2447/1 2449/1
f 2504/1 2449/1 2825/1
f 3296/1 2445/1 2450/1
f 3296/1 2450/1 3294/1
f 2451/1 3185/1 2549/1
f 2451/1 2549/1 3163/1
f 3619/1 3185/1 2451/1
f 3619/1 2451/1 2452/1
f 2478/1 2012/1 2453/1
f 2478/1 2453/1 4199/1
f 3790/1 4199/1 2453/1
f 3790/1 2453/1 3763/1
f 2455/1 1742/1 2454/1
f 2455/1 2454/1 2713/1
f 2843/1 2809/1 2454/1
f 2843/1 2454/1 1763/1
f 2456/1 2457/1 2458/1
f 2456/1 2458/1 2462/1
f 4147/1 2435/1 2457/1
f 4147/1 2457/1 2456/1
f 4175/1 2458/1 2457/1
f 4175/1 2457/1 3882/1
f 4209/1 1952/1 2458/1
f 4209/1 2458/1 4175/1
f 2461/1 2459/1 2460/1
f 2461/1 2460/1 3634/1
f 4248/1 4243/1 2460/1
f 4248/1 2460/1 2459/1
f 2461/1 2717/1 3637/1
f 2461/1 3637/1 2459/1
f 2529/1 2456/1 2462/1
f 2529/1 2462/1 4173/1
f 3257/1 3259/1 2464/1
f 3257/1 2464/1 1905/1
f 2466/1 2467/1 4049/1
f 2466/1 4049/1 4048/1
f 2467/1 4046/1 4047/1
f 2467/1 4047/1 4049/1
f 2469/1 1058/1 2468/1
f 2469/1 2468/1 4191/1
f 2468/1 4174/1 3266/1
f 2468/1 3266/1 4082/1
f 4339/1 4191/1 2468/1
f 4339/1 2468/1 4082/1
f 2506/1 2507/1 2469/1
f 2506/1 2469/1 4097/1
f 2469/1 4191/1 4096/1
f 2469/1 4096/1 4097/1
f 2470/1 1210/1 2773/1
f 2470/1 2773/1 3461/1
f 3461/1 1322/1 2471/1
f 3461/1 2471/1 2470/1
f 2472/1 2607/1 3135/1
f 2472/1 3135/1 57/1
f 3165/1 2605/1 2472/1
f 3165/1 2472/1 580/1
f 2476/1 3611/1 3593/1
f 2476/1 3593/1 2477/1
f 3591/1 3590/1 2477/1
f 3591/1 2477/1 3593/1
f 2478/1 2685/1 2548/1
f 2478/1 2548/1 2013/1
f 2684/1 2685/1 2478/1
f 2684/1 2478/1 4199/1
f 2514/1 3616/1 2479/1
f 2514/1 2479/1 2512/1
f 2483/1 1756/1 3463/1
f 2483/1 3463/1 1900/1
f 2486/1 2487/1 2488/1
f 2486/1 2488/1 1912/1
f 2489/1 2490/1 2491/1
f 2489/1 2491/1 3951/1
f 2489/1 3951/1 3883/1
f 2489/1 3883/1 3844/1
f 2490/1 2227/1 3213/1
f 2490/1 3213/1 2491/1
f 2490/1 2489/1 3880/1
f 2490/1 3880/1 2386/1
f 3212/1 608/1 2491/1
f 3212/1 2491/1 3213/1
f 2493/1 1898/1 2492/1
f 2493/1 2492/1 2715/1
f 4277/1 1899/1 2493/1
f 4277/1 2493/1 2741/1
f 2722/1 2495/1 2494/1
f 2722/1 2494/1 1271/1
f 2496/1 2494/1 2495/1
f 2496/1 2495/1 2733/1
f 2679/1 1420/1 2495/1
f 2679/1 2495/1 2722/1
f 2496/1 1342/1 2772/1
f 2496/1 2772/1 1274/1
f 2497/1 3397/1 3398/1
f 2497/1 3398/1 387/1
f 2502/1 2538/1 3689/1
f 2502/1 3689/1 2511/1
f 2511/1 2512/1 2503/1
f 2511/1 2503/1 2502/1
f 2504/1 2557/1 2536/1
f 2504/1 2536/1 1209/1
f 2505/1 508/1 3409/1
f 2505/1 3409/1 4285/1
f 4197/1 509/1 2505/1
f 4197/1 2505/1 4250/1
f 3178/1 2376/1 2508/1
f 3178/1 2508/1 1324/1
f 2509/1 1042/1 3199/1
f 2509/1 3199/1 2510/1
f 2509/1 1955/1 4016/1
f 2509/1 4016/1 4012/1
f 2511/1 3689/1 3716/1
f 2511/1 3716/1 2513/1
f 2513/1 2514/1 2512/1
f 2513/1 2512/1 2511/1
f 2512/1 2479/1 4219/1
f 2512/1 4219/1 2503/1
f 2523/1 2524/1 2513/1
f 2523/1 2513/1 3716/1
f 2514/1 2513/1 2524/1
f 2514/1 2524/1 2522/1
f 2516/1 761/1 2515/1
f 2516/1 2515/1 2032/1
f 2515/1 2572/1 2573/1
f 2515/1 2573/1 2387/1
f 2518/1 4224/1 4229/1
f 2518/1 4229/1 4234/1
f 4224/1 2518/1 2519/1
f 4224/1 2519/1 4341/1
f 2520/1 2521/1 2522/1
f 2520/1 2522/1 2524/1
f 2521/1 3606/1 3605/1
f 2521/1 3605/1 2522/1
f 2522/1 3605/1 3616/1
f 2522/1 3616/1 2514/1
f 2523/1 3783/1 3784/1
f 2523/1 3784/1 3768/1
f 2524/1 2523/1 3768/1
f 2524/1 3768/1 2520/1
f 2527/1 3621/1 3601/1
f 2527/1 3601/1 603/1
f 2528/1 4225/1 3397/1
f 2528/1 3397/1 2497/1
f 2529/1 4115/1 4147/1
f 2529/1 4147/1 2456/1
f 2531/1 2532/1 2530/1
f 2531/1 2530/1 4053/1
f 4204/1 4042/1 2531/1
f 4204/1 2531/1 4053/1
f 2764/1 676/1 2532/1
f 2764/1 2532/1 2531/1
f 2532/1 675/1 3246/1
f 2532/1 3246/1 2530/1
f 2534/1 2798/1 3529/1
f 2534/1 3529/1 1243/1
f 2536/1 2537/1 2535/1
f 2536/1 2535/1 2773/1
f 3461/1 2773/1 2535/1
f 3461/1 2535/1 1320/1
f 2537/1 2536/1 2557/1
f 2537/1 2557/1 1242/1
f 2538/1 2502/1 2539/1
f 2538/1 2539/1 3683/1
f 2538/1 3682/1 3706/1
f 2538/1 3706/1 3689/1
f 2540/1 42/1 2541/1
f 2540/1 2541/1 3934/1
f 2540/1 365/1 2617/1
f 2540/1 2617/1 42/1
f 2540/1 3934/1 3016/1
f 2540/1 3016/1 3017/1
f 2541/1 3008/1 2774/1
f 2541/1 2774/1 3934/1
f 2543/1 2544/1 2542/1
f 2543/1 2542/1 2241/1
f 2542/1 4343/1 3266/1
f 2542/1 3266/1 4174/1
f 4074/1 4343/1 2542/1
f 4074/1 2542/1 2544/1
f 2543/1 4334/1 3120/1
f 2543/1 3120/1 2544/1
f 3122/1 4074/1 2544/1
f 3122/1 2544/1 3120/1
f 3783/1 2546/1 2545/1
f 3783/1 2545/1 3784/1
f 3746/1 3754/1 2546/1
f 3746/1 2546/1 3783/1
f 2558/1 1343/1 2547/1
f 2558/1 2547/1 1339/1
f 3751/1 2550/1 2549/1
f 3751/1 2549/1 3185/1
f 3845/1 3816/1 2550/1
f 3845/1 2550/1 3751/1
f 2552/1 2553/1 2554/1
f 2552/1 2554/1 2604/1
f 3374/1 2553/1 2552/1
f 3374/1 2552/1 3478/1
f 2552/1 1255/1 3881/1
f 2552/1 3881/1 3478/1
f 4312/1 3313/1 2553/1
f 4312/1 2553/1 3374/1
f 3313/1 3314/1 2554/1
f 3313/1 2554/1 2553/1
f 3753/1 3732/1 2556/1
f 3753/1 2556/1 1110/1
f 2825/1 1359/1 2557/1
f 2825/1 2557/1 2504/1
f 2558/1 3495/1 2755/1
f 2558/1 2755/1 1344/1
f 2559/1 2560/1 2561/1
f 2559/1 2561/1 713/1
f 2561/1 2614/1 2613/1
f 2561/1 2613/1 713/1
f 2561/1 1746/1 3472/1
f 2561/1 3472/1 2614/1
f 2565/1 2566/1 2564/1
f 2565/1 2564/1 1340/1
f 2753/1 1341/1 2564/1
f 2753/1 2564/1 2622/1
f 2684/1 3440/1 2565/1
f 2684/1 2565/1 2685/1
f 2622/1 2564/1 2566/1
f 2622/1 2566/1 2623/1
f 2566/1 2565/1 3440/1
f 2566/1 3440/1 2705/1
f 3766/1 2568/1 2567/1
f 3766/1 2567/1 3767/1
f 3793/1 3824/1 2568/1
f 3793/1 2568/1 3766/1
f 2569/1 2571/1 3486/1
f 2569/1 3486/1 4093/1
f 2571/1 2569/1 2570/1
f 2571/1 2570/1 3285/1
f 2571/1 4099/1 3458/1
f 2571/1 3458/1 3486/1
f 4249/1 4246/1 2572/1
f 4249/1 2572/1 2574/1
f 4246/1 3439/1 2573/1
f 4246/1 2573/1 2572/1
f 3208/1 2014/1 2575/1
f 3208/1 2575/1 2594/1
f 2578/1 2579/1 2577/1
f 2578/1 2577/1 2586/1
f 2577/1 3625/1 4239/1
f 2577/1 4239/1 2586/1
f 2652/1 2651/1 2579/1
f 2652/1 2579/1 3525/1
f 3527/1 3525/1 2579/1
f 3527/1 2579/1 2578/1
f 4223/1 2577/1 2579/1
f 4223/1 2579/1 2651/1
f 2581/1 2582/1 2580/1
f 2581/1 2580/1 1144/1
f 2721/1 1145/1 2580/1
f 2721/1 2580/1 2609/1
f 2779/1 2780/1 2581/1
f 2779/1 2581/1 3465/1
f 2581/1 2780/1 3494/1
f 2581/1 3494/1 2582/1
f 2582/1 1154/1 2609/1
f 2582/1 2609/1 2580/1
f 3506/1 1154/1 2582/1
f 3506/1 2582/1 3494/1
f 2583/1 3989/1 3988/1
f 2583/1 3988/1 1964/1
f 2583/1 1902/1 3996/1
f 2583/1 3996/1 3995/1
f 4160/1 3989/1 2583/1
f 4160/1 2583/1 3995/1
f 2587/1 2578/1 2586/1
f 2587/1 2586/1 3626/1
f 2586/1 4239/1 4245/1
f 2586/1 4245/1 3626/1
f 2588/1 3264/1 2760/1
f 2588/1 2760/1 838/1
f 3405/1 885/1 2589/1
f 3405/1 2589/1 4233/1
f 3710/1 2591/1 2590/1
f 3710/1 2590/1 2872/1
f 2888/1 2887/1 2591/1
f 2888/1 2591/1 3710/1
f 3376/1 2551/1 2592/1
f 3376/1 2592/1 2611/1
f 2594/1 2575/1 2593/1
f 2594/1 2593/1 2168/1
f 2594/1 2167/1 3214/1
f 2594/1 3214/1 3208/1
f 2596/1 2597/1 2595/1
f 2596/1 2595/1 2693/1
f 2636/1 2597/1 2596/1
f 2636/1 2596/1 2783/1
f 2748/1 2757/1 2596/1
f 2748/1 2596/1 2693/1
f 2597/1 3546/1 3533/1
f 2597/1 3533/1 2595/1
f 3341/1 2624/1 2598/1
f 3341/1 2598/1 3329/1
f 2600/1 3610/1 2692/1
f 2600/1 2692/1 476/1
f 2600/1 4240/1 4248/1
f 2600/1 4248/1 3610/1
f 3338/1 1372/1 2601/1
f 3338/1 2601/1 2608/1
f 2603/1 281/1 2602/1
f 2603/1 2602/1 3679/1
f 3630/1 2986/1 2603/1
f 3630/1 2603/1 394/1
f 3334/1 1951/1 2604/1
f 3334/1 2604/1 2554/1
f 2605/1 2606/1 2607/1
f 2605/1 2607/1 2472/1
f 2606/1 2979/1 2980/1
f 2606/1 2980/1 2607/1
f 3732/1 3315/1 2608/1
f 3732/1 2608/1 2556/1
f 2609/1 2681/1 2704/1
f 2609/1 2704/1 2721/1
f 2611/1 2592/1 2610/1
f 2611/1 2610/1 1302/1
f 2614/1 3472/1 2823/1
f 2614/1 2823/1 559/1
f 3165/1 3188/1 2615/1
f 3165/1 2615/1 2605/1
f 2872/1 2590/1 2616/1
f 2872/1 2616/1 3745/1
f 3692/1 3693/1 2616/1
f 3692/1 2616/1 278/1
f 2617/1 364/1 3982/1
f 2617/1 3982/1 249/1
f 3159/1 3158/1 2618/1
f 3159/1 2618/1 4214/1
f 4214/1 2618/1 2619/1
f 4214/1 2619/1 4247/1
f 2621/1 2622/1 2623/1
f 2621/1 2623/1 3508/1
f 2622/1 2621/1 2754/1
f 2622/1 2754/1 2753/1
f 2705/1 1143/1 2623/1
f 2705/1 2623/1 2566/1
f 2625/1 1564/1 2624/1
f 2625/1 2624/1 3355/1
f 2635/1 2481/1 2625/1
f 2635/1 2625/1 3356/1
f 2626/1 1152/1 3506/1
f 2626/1 3506/1 1930/1
f 2630/1 1169/1 2631/1
f 2630/1 2631/1 1431/1
f 3641/1 3575/1 2630/1
f 3641/1 2630/1 2768/1
f 2633/1 1327/1 2634/1
f 2633/1 2634/1 2874/1
f 2633/1 1226/1 3582/1
f 2633/1 3582/1 3539/1
f 2659/1 1738/1 2635/1
f 2659/1 2635/1 2683/1
f 2636/1 3577/1 3546/1
f 2636/1 3546/1 2597/1
f 2637/1 2638/1 2639/1
f 2637/1 2639/1 1019/1
f 3278/1 2440/1 2637/1
f 3278/1 2637/1 2873/1
f 2638/1 1624/1 3265/1
f 2638/1 3265/1 3232/1
f 3232/1 3233/1 2639/1
f 3232/1 2639/1 2638/1
f 2639/1 3233/1 4165/1
f 2639/1 4165/1 4137/1
f 3231/1 2654/1 2640/1
f 3231/1 2640/1 3238/1
f 2952/1 2815/1 2642/1
f 2952/1 2642/1 1978/1
f 2642/1 2977/1 2978/1
f 2642/1 2978/1 2643/1
f 2643/1 2978/1 3003/1
f 2643/1 3003/1 740/1
f 2644/1 4162/1 3984/1
f 2644/1 3984/1 2645/1
f 2647/1 324/1 2646/1
f 2647/1 2646/1 2214/1
f 3188/1 2215/1 2646/1
f 3188/1 2646/1 2615/1
f 3297/1 325/1 2647/1
f 3297/1 2647/1 4128/1
f 3806/1 4128/1 2647/1
f 3806/1 2647/1 2214/1
f 2648/1 4292/1 4258/1
f 2648/1 4258/1 4275/1
f 2650/1 2282/1 4273/1
f 2650/1 4273/1 4260/1
f 2651/1 2652/1 2653/1
f 2651/1 2653/1 4195/1
f 3523/1 2653/1 2652/1
f 3523/1 2652/1 177/1
f 2653/1 3523/1 4154/1
f 2653/1 4154/1 2438/1
f 3654/1 3653/1 2655/1
f 3654/1 2655/1 181/1
f 2655/1 3664/1 3702/1
f 2655/1 3702/1 182/1
f 2657/1 2658/1 2656/1
f 2657/1 2656/1 1175/1
f 2723/1 2931/1 2656/1
f 2723/1 2656/1 2919/1
f 2817/1 1124/1 2657/1
f 2817/1 2657/1 3578/1
f 2919/1 2656/1 2658/1
f 2919/1 2658/1 1427/1
f 2706/1 1739/1 2659/1
f 2706/1 2659/1 2682/1
f 2661/1 245/1 2660/1
f 2661/1 2660/1 28/1
f 3745/1 3757/1 2662/1
f 3745/1 2662/1 2872/1
f 3757/1 3720/1 2663/1
f 3757/1 2663/1 2662/1
f 2665/1 2666/1 2664/1
f 2665/1 2664/1 4242/1
f 2664/1 4250/1 4276/1
f 2664/1 4276/1 4253/1
f 2665/1 3976/1 3972/1
f 2665/1 3972/1 2666/1
f 2666/1 3972/1 3973/1
f 2666/1 3973/1 4197/1
f 2666/1 4197/1 4250/1
f 2666/1 4250/1 2664/1
f 2668/1 362/1 2667/1
f 2668/1 2667/1 2669/1
f 2668/1 2669/1 2971/1
f 2668/1 2971/1 2975/1
f 3729/1 362/1 2668/1
f 3729/1 2668/1 3735/1
f 2922/1 3655/1 2669/1
f 2922/1 2669/1 2667/1
f 2673/1 2672/1 3231/1
f 2673/1 3231/1 3238/1
f 4271/1 4265/1 2675/1
f 4271/1 2675/1 339/1
f 2764/1 2677/1 2676/1
f 2764/1 2676/1 711/1
f 2676/1 551/1 3196/1
f 2676/1 3196/1 3229/1
f 2679/1 2396/1 2678/1
f 2679/1 2678/1 1421/1
f 2680/1 2689/1 3648/1
f 2680/1 3648/1 2703/1
f 2703/1 2704/1 2681/1
f 2703/1 2681/1 2680/1
f 2683/1 1609/1 2682/1
f 2683/1 2682/1 2659/1
f 2682/1 3382/1 3383/1
f 2682/1 3383/1 2706/1
f 2683/1 2635/1 3356/1
f 2683/1 3356/1 1610/1
f 2686/1 2687/1 2688/1
f 2686/1 2688/1 2833/1
f 2686/1 2832/1 2889/1
f 2686/1 2889/1 3690/1
f 2687/1 3620/1 3588/1
f 2687/1 3588/1 2688/1
f 2687/1 2686/1 3690/1
f 2687/1 3690/1 3660/1
f 3579/1 3566/1 2688/1
f 3579/1 2688/1 3588/1
f 2690/1 2691/1 2689/1
f 2690/1 2689/1 2680/1
f 2689/1 2840/1 2813/1
f 2689/1 2813/1 3648/1
f 2691/1 1374/1 2840/1
f 2691/1 2840/1 2689/1
f 2693/1 2595/1 2692/1
f 2693/1 2692/1 2716/1
f 2718/1 2748/1 2693/1
f 2718/1 2693/1 2716/1
f 2695/1 2696/1 2694/1
f 2695/1 2694/1 3749/1
f 3720/1 3757/1 2695/1
f 3720/1 2695/1 3734/1
f 2696/1 3693/1 3695/1
f 2696/1 3695/1 2694/1
f 3757/1 3745/1 2696/1
f 3757/1 2696/1 2695/1
f 3069/1 1437/1 2697/1
f 3069/1 2697/1 3018/1
f 2698/1 2699/1 2700/1
f 2698/1 2700/1 3328/1
f 2698/1 3366/1 3422/1
f 2698/1 3422/1 3423/1
f 3423/1 1718/1 2699/1
f 3423/1 2699/1 2698/1
f 2700/1 3344/1 3287/1
f 2700/1 3287/1 3328/1
f 2702/1 237/1 2701/1
f 2702/1 2701/1 3725/1
f 2969/1 2968/1 2701/1
f 2969/1 2701/1 236/1
f 3733/1 3725/1 2701/1
f 3733/1 2701/1 2968/1
f 2875/1 2876/1 2702/1
f 2875/1 2702/1 3702/1
f 2704/1 2703/1 2743/1
f 2704/1 2743/1 2719/1
f 2763/1 1741/1 2706/1
f 2763/1 2706/1 3383/1
f 3540/1 881/1 2707/1
f 3540/1 2707/1 3573/1
f 2709/1 2160/1 2708/1
f 2709/1 2708/1 1438/1
f 2708/1 2159/1 3231/1
f 2708/1 3231/1 2672/1
f 2736/1 2737/1 2709/1
f 2736/1 2709/1 2196/1
f 2814/1 2952/1 2710/1
f 2814/1 2710/1 472/1
f 2713/1 2454/1 2809/1
f 2713/1 2809/1 4166/1
f 3979/1 3994/1 2713/1
f 3979/1 2713/1 4166/1
f 2715/1 2492/1 2714/1
f 2715/1 2714/1 3406/1
f 2714/1 1045/1 3790/1
f 2714/1 3790/1 3406/1
f 2741/1 2493/1 2715/1
f 2741/1 2715/1 2739/1
f 2717/1 2718/1 2716/1
f 2717/1 2716/1 3637/1
f 3610/1 3637/1 2716/1
f 3610/1 2716/1 2692/1
f 4254/1 4267/1 2717/1
f 4254/1 2717/1 2461/1
f 4267/1 4268/1 2718/1
f 4267/1 2718/1 2717/1
f 2719/1 2720/1 2721/1
f 2719/1 2721/1 2704/1
f 2719/1 2743/1 2742/1
f 2719/1 2742/1 3558/1
f 3558/1 1299/1 2720/1
f 3558/1 2720/1 2719/1
f 2724/1 2725/1 2723/1
f 2724/1 2723/1 2919/1
f 2788/1 2723/1 2725/1
f 2788/1 2725/1 2786/1
f 2726/1 927/1 2956/1
f 2726/1 2956/1 734/1
f 2729/1 2730/1 2728/1
f 2729/1 2728/1 3332/1
f 2728/1 4266/1 4269/1
f 2728/1 4269/1 3798/1
f 2729/1 3332/1 3855/1
f 2729/1 3855/1 4159/1
f 4152/1 4231/1 2729/1
f 4152/1 2729/1 4159/1
f 4231/1 4242/1 2730/1
f 4231/1 2730/1 2729/1
f 2730/1 4253/1 4266/1
f 2730/1 4266/1 2728/1
f 2732/1 2731/1 4318/1
f 2732/1 4318/1 3742/1
f 2734/1 2831/1 2830/1
f 2734/1 2830/1 2751/1
f 2735/1 2734/1 2751/1
f 2735/1 2751/1 2761/1
f 3307/1 2756/1 2737/1
f 3307/1 2737/1 2736/1
f 2740/1 2741/1 2739/1
f 2740/1 2739/1 4193/1
f 2739/1 2715/1 3406/1
f 2739/1 3406/1 4196/1
f 2739/1 4196/1 3807/1
f 2739/1 3807/1 4193/1
f 2793/1 2794/1 2740/1
f 2793/1 2740/1 3392/1
f 2794/1 4277/1 2741/1
f 2794/1 2741/1 2740/1
f 2765/1 2766/1 2742/1
f 2765/1 2742/1 1295/1
f 2765/1 2826/1 2744/1
f 2765/1 2744/1 2831/1
f 2745/1 2744/1 2826/1
f 2745/1 2826/1 2860/1
f 2747/1 1399/1 2746/1
f 2747/1 2746/1 3299/1
f 2746/1 3267/1 4282/1
f 2746/1 4282/1 4286/1
f 4268/1 3471/1 2748/1
f 4268/1 2748/1 2718/1
f 2803/1 1132/1 2749/1
f 2803/1 2749/1 1151/1
f 2750/1 2645/1 3985/1
f 2750/1 3985/1 3000/1
f 2751/1 2830/1 2782/1
f 2751/1 2782/1 2781/1
f 2753/1 2754/1 2752/1
f 2753/1 2752/1 3511/1
f 3568/1 3536/1 2752/1
f 3568/1 2752/1 2762/1
f 2762/1 2752/1 2754/1
f 2762/1 2754/1 1298/1
f 2756/1 3307/1 3318/1
f 2756/1 3318/1 3290/1
f 2757/1 2784/1 2783/1
f 2757/1 2783/1 2596/1
f 3471/1 2824/1 2757/1
f 3471/1 2757/1 2748/1
f 2758/1 2830/1 2831/1
f 2758/1 2831/1 2744/1
f 2760/1 2962/1 2936/1
f 2760/1 2936/1 2759/1
f 2760/1 3264/1 4270/1
f 2760/1 4270/1 2962/1
f 2762/1 2735/1 2761/1
f 2762/1 2761/1 3568/1
f 2761/1 2751/1 2781/1
f 2761/1 2781/1 3661/1
f 4042/1 2677/1 2764/1
f 4042/1 2764/1 2531/1
f 2766/1 2765/1 2831/1
f 2766/1 2831/1 2734/1
f 3558/1 2742/1 2766/1
f 3558/1 2766/1 1297/1
f 3661/1 2781/1 2767/1
f 3661/1 2767/1 2816/1
f 2768/1 3642/1 3709/1
f 2768/1 3709/1 3641/1
f 3642/1 2816/1 2769/1
f 3642/1 2769/1 3709/1
f 2771/1 1168/1 2798/1
f 2771/1 2798/1 2534/1
f 3016/1 3934/1 2774/1
f 3016/1 2774/1 974/1
f 3008/1 45/1 2775/1
f 3008/1 2775/1 2774/1
f 4212/1 975/1 2775/1
f 4212/1 2775/1 4325/1
f 2777/1 61/1 2776/1
f 2777/1 2776/1 363/1
f 3587/1 4150/1 2778/1
f 3587/1 2778/1 2069/1
f 4288/1 1457/1 2779/1
f 4288/1 2779/1 4252/1
f 3574/1 2636/1 2783/1
f 3574/1 2783/1 4265/1
f 2824/1 208/1 2784/1
f 2824/1 2784/1 2757/1
f 4265/1 2783/1 2784/1
f 4265/1 2784/1 2675/1
f 2786/1 2787/1 2785/1
f 2786/1 2785/1 2788/1
f 2912/1 2785/1 2787/1
f 2912/1 2787/1 1078/1
f 2931/1 2723/1 2788/1
f 2931/1 2788/1 1225/1
f 2851/1 2805/1 2789/1
f 2851/1 2789/1 2860/1
f 2791/1 1361/1 3347/1
f 2791/1 3347/1 3346/1
f 2827/1 3817/1 2793/1
f 2827/1 2793/1 3392/1
f 3819/1 4289/1 2794/1
f 3819/1 2794/1 2793/1
f 3398/1 3397/1 2797/1
f 3398/1 2797/1 2796/1
f 4225/1 533/1 2797/1
f 4225/1 2797/1 3397/1
f 2798/1 1167/1 2818/1
f 2798/1 2818/1 3529/1
f 2801/1 2881/1 4301/1
f 2801/1 4301/1 2838/1
f 2802/1 660/1 2881/1
f 2802/1 2881/1 2801/1
f 3357/1 3381/1 2802/1
f 3357/1 2802/1 510/1
f 2804/1 1596/1 2939/1
f 2804/1 2939/1 2940/1
f 2806/1 2807/1 2805/1
f 2806/1 2805/1 2851/1
f 2806/1 2812/1 2813/1
f 2806/1 2813/1 2839/1
f 2807/1 2806/1 2839/1
f 2807/1 2839/1 2855/1
f 2807/1 2848/1 2847/1
f 2807/1 2847/1 2805/1
f 2810/1 2811/1 2809/1
f 2810/1 2809/1 2843/1
f 3947/1 4166/1 2809/1
f 3947/1 2809/1 2811/1
f 3372/1 3373/1 2810/1
f 3372/1 2810/1 2842/1
f 3922/1 2811/1 2810/1
f 3922/1 2810/1 3373/1
f 3919/1 3947/1 2811/1
f 3919/1 2811/1 3922/1
f 2851/1 1294/1 2812/1
f 2851/1 2812/1 2806/1
f 2812/1 1296/1 3648/1
f 2812/1 3648/1 2813/1
f 2814/1 2796/1 2815/1
f 2814/1 2815/1 2952/1
f 3398/1 2796/1 2814/1
f 3398/1 2814/1 386/1
f 2815/1 617/1 2977/1
f 2815/1 2977/1 2642/1
f 3596/1 3661/1 2816/1
f 3596/1 2816/1 3642/1
f 2818/1 1125/1 2817/1
f 2818/1 2817/1 3555/1
f 2820/1 1527/1 2819/1
f 2820/1 2819/1 2821/1
f 2819/1 3483/1 3454/1
f 2819/1 3454/1 3453/1
f 3453/1 3756/1 2821/1
f 3453/1 2821/1 2819/1
f 3786/1 2820/1 2821/1
f 3786/1 2821/1 2044/1
f 2822/1 3061/1 3030/1
f 2822/1 3030/1 721/1
f 2823/1 1510/1 3061/1
f 2823/1 3061/1 2822/1
f 2849/1 209/1 2824/1
f 2849/1 2824/1 3471/1
f 2828/1 2829/1 2827/1
f 2828/1 2827/1 3392/1
f 2829/1 4279/1 4179/1
f 2829/1 4179/1 2827/1
f 4194/1 4264/1 2829/1
f 4194/1 2829/1 2828/1
f 2832/1 2686/1 2833/1
f 2832/1 2833/1 3629/1
f 2832/1 2896/1 2895/1
f 2832/1 2895/1 2889/1
f 2833/1 2688/1 3566/1
f 2833/1 3566/1 2854/1
f 2835/1 1092/1 2834/1
f 2835/1 2834/1 3688/1
f 2834/1 1091/1 3743/1
f 2834/1 3743/1 3742/1
f 2835/1 3676/1 4323/1
f 2835/1 4323/1 3721/1
f 2838/1 4301/1 2902/1
f 2838/1 2902/1 4302/1
f 2840/1 2841/1 2839/1
f 2840/1 2839/1 2813/1
f 2855/1 2839/1 2841/1
f 2855/1 2841/1 2879/1
f 2843/1 1762/1 2842/1
f 2843/1 2842/1 2810/1
f 3407/1 3404/1 2842/1
f 3407/1 2842/1 1762/1
f 2844/1 463/1 3607/1
f 2844/1 3607/1 244/1
f 2845/1 1148/1 3874/1
f 2845/1 3874/1 3020/1
f 2855/1 2867/1 2848/1
f 2855/1 2848/1 2807/1
f 2848/1 2859/1 2858/1
f 2848/1 2858/1 2847/1
f 4287/1 4298/1 2849/1
f 4287/1 2849/1 4291/1
f 3709/1 2769/1 2852/1
f 3709/1 2852/1 3717/1
f 2854/1 2853/1 3629/1
f 2854/1 3629/1 2833/1
f 2858/1 2859/1 2886/1
f 2858/1 2886/1 1096/1
f 2859/1 2848/1 2867/1
f 2859/1 2867/1 2930/1
f 3582/1 2913/1 2862/1
f 3582/1 2862/1 1937/1
f 3667/1 2861/1 2862/1
f 3667/1 2862/1 2912/1
f 4290/1 4284/1 2863/1
f 4290/1 2863/1 4299/1
f 4284/1 4296/1 2864/1
f 4284/1 2864/1 2863/1
f 2985/1 1412/1 2866/1
f 2985/1 2866/1 2950/1
f 2867/1 2855/1 2879/1
f 2867/1 2879/1 2899/1
f 2869/1 2870/1 2868/1
f 2869/1 2868/1 3833/1
f 2929/1 4304/1 2868/1
f 2929/1 2868/1 1545/1
f 2870/1 2869/1 3963/1
f 2870/1 3963/1 2967/1
f 3739/1 3710/1 2872/1
f 3739/1 2872/1 2662/1
f 2873/1 2529/1 4173/1
f 2873/1 4173/1 3278/1
f 2875/1 3663/1 4271/1
f 2875/1 4271/1 4272/1
f 2876/1 2875/1 4272/1
f 2876/1 4272/1 446/1
f 3685/1 3684/1 2877/1
f 3685/1 2877/1 1214/1
f 2877/1 4317/1 4320/1
f 2877/1 4320/1 1215/1
f 2878/1 1406/1 2960/1
f 2878/1 2960/1 2934/1
f 2881/1 2882/1 2880/1
f 2881/1 2880/1 4301/1
f 3455/1 3484/1 2880/1
f 3455/1 2880/1 2882/1
f 3436/1 3455/1 2882/1
f 3436/1 2882/1 659/1
f 2883/1 4176/1 3827/1
f 2883/1 3827/1 2884/1
f 2884/1 3827/1 4183/1
f 2884/1 4183/1 3818/1
f 3510/1 4237/1 2885/1
f 3510/1 2885/1 253/1
f 2886/1 2859/1 2930/1
f 2886/1 2930/1 2933/1
f 2935/1 1075/1 2886/1
f 2935/1 2886/1 2933/1
f 2887/1 2888/1 2889/1
f 2887/1 2889/1 2895/1
f 3690/1 2889/1 2888/1
f 3690/1 2888/1 3704/1
f 2891/1 1854/1 2890/1
f 2891/1 2890/1 3340/1
f 2890/1 1853/1 2911/1
f 2890/1 2911/1 2910/1
f 4295/1 4286/1 2891/1
f 4295/1 2891/1 2348/1
f 3336/1 2909/1 2893/1
f 3336/1 2893/1 2892/1
f 2895/1 3655/1 2922/1
f 2895/1 2922/1 2887/1
f 3629/1 2003/1 2896/1
f 3629/1 2896/1 2832/1
f 2896/1 3656/1 3655/1
f 2896/1 3655/1 2895/1
f 2898/1 1809/1 2897/1
f 2898/1 2897/1 3933/1
f 3878/1 2942/1 2897/1
f 3878/1 2897/1 1808/1
f 2899/1 2879/1 2900/1
f 2899/1 2900/1 2932/1
f 2930/1 2867/1 2899/1
f 2930/1 2899/1 2934/1
f 2902/1 2903/1 2901/1
f 2902/1 2901/1 210/1
f 2901/1 2903/1 3502/1
f 2901/1 3502/1 3541/1
f 3484/1 3502/1 2903/1
f 3484/1 2903/1 2880/1
f 4301/1 2880/1 2903/1
f 4301/1 2903/1 2902/1
f 3772/1 3820/1 2904/1
f 3772/1 2904/1 194/1
f 2904/1 3859/1 3889/1
f 2904/1 3889/1 195/1
f 2908/1 696/1 4293/1
f 2908/1 4293/1 4292/1
f 2910/1 2911/1 2909/1
f 2910/1 2909/1 3336/1
f 3340/1 2890/1 2910/1
f 3340/1 2910/1 4307/1
f 2913/1 2785/1 2912/1
f 2913/1 2912/1 2862/1
f 3764/1 3667/1 2912/1
f 3764/1 2912/1 1078/1
f 2914/1 1618/1 3273/1
f 2914/1 3273/1 2339/1
f 2916/1 2917/1 2918/1
f 2916/1 2918/1 2075/1
f 2938/1 1407/1 2916/1
f 2938/1 2916/1 2075/1
f 2917/1 2916/1 2998/1
f 2917/1 2998/1 4311/1
f 2921/1 16/1 2920/1
f 2921/1 2920/1 3585/1
f 2920/1 3091/1 3584/1
f 2920/1 3584/1 3585/1
f 2923/1 3765/1 3825/1
f 2923/1 3825/1 1634/1
f 3765/1 2923/1 2924/1
f 3765/1 2924/1 3771/1
f 3130/1 4143/1 2926/1
f 3130/1 2926/1 2925/1
f 2927/1 1757/1 3821/1
f 2927/1 3821/1 1680/1
f 3717/1 2852/1 2928/1
f 3717/1 2928/1 2846/1
f 2932/1 2878/1 2934/1
f 2932/1 2934/1 2899/1
f 2933/1 2930/1 2934/1
f 2933/1 2934/1 2960/1
f 2960/1 1405/1 2935/1
f 2960/1 2935/1 2933/1
f 2937/1 611/1 2953/1
f 2937/1 2953/1 652/1
f 2938/1 2074/1 3781/1
f 2938/1 3781/1 3975/1
f 3774/1 2804/1 2940/1
f 3774/1 2940/1 3799/1
f 2942/1 3878/1 3877/1
f 2942/1 3877/1 2941/1
f 2942/1 1893/1 3933/1
f 2942/1 3933/1 2897/1
f 2944/1 1099/1 2943/1
f 2944/1 2943/1 3748/1
f 3700/1 3699/1 2943/1
f 3700/1 2943/1 1098/1
f 2947/1 1262/1 2946/1
f 2947/1 2946/1 1084/1
f 3787/1 2894/1 2946/1
f 3787/1 2946/1 1265/1
f 2949/1 1147/1 2948/1
f 2949/1 2948/1 2950/1
f 2949/1 3796/1 4251/1
f 2949/1 4251/1 4300/1
f 2950/1 2866/1 3796/1
f 2950/1 3796/1 2949/1
f 4326/1 4310/1 2956/1
f 4326/1 2956/1 3773/1
f 2957/1 2958/1 2959/1
f 2957/1 2959/1 3042/1
f 2957/1 3037/1 3036/1
f 2957/1 3036/1 3957/1
f 2958/1 2957/1 3957/1
f 2958/1 3957/1 3965/1
f 2959/1 1391/1 3955/1
f 2959/1 3955/1 3043/1
f 2961/1 3433/1 3060/1
f 2961/1 3060/1 27/1
f 3354/1 3433/1 2961/1
f 3354/1 2961/1 140/1
f 2962/1 4270/1 3360/1
f 2962/1 3360/1 3022/1
f 2963/1 2964/1 2965/1
f 2963/1 2965/1 1159/1
f 3374/1 2964/1 2963/1
f 3374/1 2963/1 4312/1
f 2964/1 3069/1 3018/1
f 2964/1 3018/1 2965/1
f 2964/1 3374/1 3478/1
f 2964/1 3478/1 3069/1
f 2965/1 3018/1 3019/1
f 2965/1 3019/1 1156/1
f 2967/1 1804/1 2966/1
f 2967/1 2966/1 2870/1
f 3696/1 2968/1 2969/1
f 3696/1 2969/1 2988/1
f 3655/1 3656/1 2971/1
f 3655/1 2971/1 2669/1
f 2972/1 1751/1 2973/1
f 2972/1 2973/1 3870/1
f 3711/1 267/1 2975/1
f 3711/1 2975/1 2971/1
f 3735/1 2668/1 2975/1
f 3735/1 2975/1 2974/1
f 3617/1 89/1 2976/1
f 3617/1 2976/1 3618/1
f 3218/1 2980/1 2979/1
f 3218/1 2979/1 433/1
f 3135/1 2607/1 2980/1
f 3135/1 2980/1 4337/1
f 2982/1 896/1 2981/1
f 2982/1 2981/1 3384/1
f 3091/1 3738/1 2982/1
f 3091/1 2982/1 3384/1
f 3898/1 1695/1 2983/1
f 3898/1 2983/1 1878/1
f 2985/1 1346/1 2984/1
f 2985/1 2984/1 3983/1
f 2987/1 2988/1 2986/1
f 2987/1 2986/1 3630/1
f 3548/1 3622/1 2987/1
f 3548/1 2987/1 3559/1
f 2988/1 2969/1 2999/1
f 2988/1 2999/1 2986/1
f 3622/1 3696/1 2988/1
f 3622/1 2988/1 2987/1
f 3990/1 4012/1 2990/1
f 3990/1 2990/1 3991/1
f 2991/1 3017/1 3016/1
f 2991/1 3016/1 1417/1
f 4012/1 4016/1 2991/1
f 4012/1 2991/1 2990/1
f 2995/1 2996/1 2997/1
f 2995/1 2997/1 1592/1
f 4069/1 2997/1 2996/1
f 4069/1 2996/1 4067/1
f 4070/1 3002/1 2997/1
f 4070/1 2997/1 4069/1
f 3367/1 3410/1 3005/1
f 3367/1 3005/1 4329/1
f 3072/1 1508/1 3009/1
f 3072/1 3009/1 1834/1
f 4072/1 4068/1 3010/1
f 4072/1 3010/1 781/1
f 3021/1 3002/1 3012/1
f 3021/1 3012/1 3011/1
f 3012/1 3002/1 4070/1
f 3012/1 4070/1 804/1
f 3013/1 3014/1 3015/1
f 3013/1 3015/1 4071/1
f 3013/1 4069/1 4067/1
f 3013/1 4067/1 808/1
f 3014/1 3031/1 3032/1
f 3014/1 3032/1 3015/1
f 4016/1 4015/1 3017/1
f 4016/1 3017/1 2991/1
f 3019/1 1017/1 3538/1
f 3019/1 3538/1 3045/1
f 3022/1 3360/1 3359/1
f 3022/1 3359/1 2612/1
f 3024/1 1261/1 3962/1
f 3024/1 3962/1 3025/1
f 3027/1 2054/1 3026/1
f 3027/1 3026/1 1548/1
f 3029/1 3082/1 3066/1
f 3029/1 3066/1 792/1
f 3030/1 3061/1 3518/1
f 3030/1 3518/1 2005/1
f 3031/1 3014/1 3076/1
f 3031/1 3076/1 794/1
f 3032/1 3053/1 4073/1
f 3032/1 4073/1 3015/1
f 3033/1 3025/1 3962/1
f 3033/1 3962/1 1179/1
f 3099/1 1595/1 3035/1
f 3099/1 3035/1 3098/1
f 4328/1 3098/1 3035/1
f 4328/1 3035/1 1871/1
f 3036/1 3037/1 3038/1
f 3036/1 3038/1 3871/1
f 3036/1 3826/1 3879/1
f 3036/1 3879/1 3957/1
f 3042/1 3039/1 3037/1
f 3042/1 3037/1 2957/1
f 3039/1 3040/1 3038/1
f 3039/1 3038/1 3037/1
f 3039/1 3042/1 3941/1
f 3039/1 3941/1 3932/1
f 3932/1 3924/1 3040/1
f 3932/1 3040/1 3039/1
f 3042/1 2959/1 3043/1
f 3042/1 3043/1 3941/1
f 3056/1 3054/1 3044/1
f 3056/1 3044/1 3543/1
f 3046/1 3047/1 3048/1
f 3046/1 3048/1 3916/1
f 3049/1 3931/1 3046/1
f 3049/1 3046/1 3050/1
f 3931/1 3944/1 3047/1
f 3931/1 3047/1 3046/1
f 3924/1 3932/1 3049/1
f 3924/1 3049/1 1536/1
f 3050/1 3046/1 3916/1
f 3050/1 3916/1 3915/1
f 3895/1 3006/1 3052/1
f 3895/1 3052/1 1895/1
f 3058/1 3059/1 3057/1
f 3058/1 3057/1 3088/1
f 3057/1 3066/1 3082/1
f 3057/1 3082/1 4060/1
f 3085/1 3077/1 3058/1
f 3085/1 3058/1 852/1
f 3059/1 793/1 3066/1
f 3059/1 3066/1 3057/1
f 3059/1 3058/1 3077/1
f 3059/1 3077/1 3065/1
f 3060/1 3433/1 3442/1
f 3060/1 3442/1 3665/1
f 3063/1 3064/1 3062/1
f 3063/1 3062/1 3105/1
f 3062/1 3115/1 3114/1
f 3062/1 3114/1 3583/1
f 3115/1 3062/1 3064/1
f 3115/1 3064/1 3953/1
f 3981/1 3977/1 3064/1
f 3981/1 3064/1 3063/1
f 3090/1 4336/1 3067/1
f 3090/1 3067/1 976/1
f 3881/1 1437/1 3069/1
f 3881/1 3069/1 3478/1
f 3072/1 1873/1 3073/1
f 3072/1 3073/1 3087/1
f 3384/1 2981/1 3074/1
f 3384/1 3074/1 820/1
f 4072/1 781/1 3077/1
f 4072/1 3077/1 3085/1
f 4033/1 3079/1 3078/1
f 4033/1 3078/1 3084/1
f 3082/1 3029/1 3112/1
f 3082/1 3112/1 4030/1
f 4024/1 4033/1 3084/1
f 4024/1 3084/1 3074/1
f 3085/1 752/1 3086/1
f 3085/1 3086/1 4072/1
f 3086/1 4062/1 4068/1
f 3086/1 4068/1 4072/1
f 3088/1 3057/1 4060/1
f 3088/1 4060/1 845/1
f 3090/1 4025/1 3896/1
f 3090/1 3896/1 4336/1
f 3092/1 3094/1 3093/1
f 3092/1 3093/1 4080/1
f 4065/1 2077/1 3092/1
f 4065/1 3092/1 4080/1
f 3095/1 3093/1 3094/1
f 3095/1 3094/1 3110/1
f 3101/1 3100/1 3094/1
f 3101/1 3094/1 3092/1
f 3097/1 3617/1 3618/1
f 3097/1 3618/1 17/1
f 4189/1 1698/1 3098/1
f 4189/1 3098/1 4328/1
f 3907/1 3923/1 3099/1
f 3907/1 3099/1 1697/1
f 3110/1 3094/1 3100/1
f 3110/1 3100/1 2093/1
f 3100/1 3101/1 4163/1
f 3100/1 4163/1 4181/1
f 3101/1 2100/1 4090/1
f 3101/1 4090/1 4163/1
f 3102/1 4055/1 3211/1
f 3102/1 3211/1 3125/1
f 3102/1 3125/1 3266/1
f 3102/1 3266/1 4041/1
f 3103/1 1155/1 3104/1
f 3103/1 3104/1 3107/1
f 3103/1 3106/1 3964/1
f 3103/1 3964/1 1158/1
f 3105/1 3062/1 3583/1
f 3105/1 3583/1 3897/1
f 3105/1 3897/1 3896/1
f 3105/1 3896/1 4025/1
f 3107/1 1888/1 3106/1
f 3107/1 3106/1 3103/1
f 4018/1 4019/1 3108/1
f 4018/1 3108/1 4088/1
f 3112/1 656/1 3111/1
f 3112/1 3111/1 4029/1
f 3113/1 2245/1 3986/1
f 3113/1 3986/1 4008/1
f 3117/1 1198/1 3116/1
f 3117/1 3116/1 53/1
f 3116/1 1198/1 4065/1
f 3116/1 4065/1 4080/1
f 3118/1 4098/1 4091/1
f 3118/1 4091/1 4018/1
f 4018/1 4088/1 3119/1
f 4018/1 3119/1 3118/1
f 3121/1 3122/1 3120/1
f 3121/1 3120/1 3441/1
f 3323/1 2086/1 3122/1
f 3323/1 3122/1 3121/1
f 3122/1 2086/1 4086/1
f 3122/1 4086/1 4074/1
f 3986/1 3138/1 3123/1
f 3986/1 3123/1 4008/1
f 3266/1 3125/1 3124/1
f 3266/1 3124/1 4082/1
f 3126/1 3526/1 3498/1
f 3126/1 3498/1 4091/1
f 4098/1 2344/1 3126/1
f 4098/1 3126/1 4091/1
f 4082/1 3124/1 3128/1
f 4082/1 3128/1 4339/1
f 3129/1 4141/1 4143/1
f 3129/1 4143/1 3130/1
f 3133/1 586/1 3137/1
f 3133/1 3137/1 3141/1
f 4022/1 3987/1 3134/1
f 4022/1 3134/1 3948/1
f 3136/1 4228/1 4227/1
f 3136/1 4227/1 3128/1
f 3992/1 2163/1 3138/1
f 3992/1 3138/1 3986/1
f 3143/1 3141/1 4139/1
f 3143/1 4139/1 595/1
f 3144/1 3145/1 3146/1
f 3144/1 3146/1 2317/1
f 4125/1 2207/1 3145/1
f 4125/1 3145/1 494/1
f 4047/1 3150/1 3146/1
f 4047/1 3146/1 2206/1
f 4046/1 4054/1 3150/1
f 4046/1 3150/1 4047/1
f 3151/1 2141/1 4038/1
f 3151/1 4038/1 4044/1
f 3151/1 4044/1 4122/1
f 3151/1 4122/1 2181/1
f 3155/1 3560/1 3561/1
f 3155/1 3561/1 3614/1
f 3155/1 2122/1 4105/1
f 3155/1 4105/1 3560/1
f 4135/1 2123/1 3155/1
f 4135/1 3155/1 3614/1
f 3156/1 3677/1 3640/1
f 3156/1 3640/1 3475/1
f 3158/1 3159/1 3157/1
f 3158/1 3157/1 67/1
f 3510/1 2618/1 3158/1
f 3510/1 3158/1 3691/1
f 3695/1 3691/1 3158/1
f 3695/1 3158/1 67/1
f 3161/1 3162/1 3160/1
f 3161/1 3160/1 2089/1
f 3163/1 2549/1 3188/1
f 3163/1 3188/1 3165/1
f 3164/1 2506/1 4097/1
f 3164/1 4097/1 3562/1
f 3172/1 988/1 3171/1
f 3172/1 3171/1 4133/1
f 3171/1 3182/1 3189/1
f 3171/1 3189/1 4133/1
f 3172/1 4133/1 4114/1
f 3172/1 4114/1 4113/1
f 3174/1 4009/1 4001/1
f 3174/1 4001/1 1614/1
f 3177/1 3175/1 3176/1
f 3177/1 3176/1 3276/1
f 4059/1 3276/1 3176/1
f 4059/1 3176/1 641/1
f 3177/1 3190/1 3191/1
f 3177/1 3191/1 2254/1
f 3443/1 3175/1 3177/1
f 3443/1 3177/1 2254/1
f 3182/1 3183/1 3184/1
f 3182/1 3184/1 3189/1
f 3675/1 3184/1 3183/1
f 3675/1 3183/1 3673/1
f 3811/1 2434/1 3184/1
f 3811/1 3184/1 3675/1
f 3750/1 3751/1 3185/1
f 3750/1 3185/1 3619/1
f 3187/1 3179/1 4186/1
f 3187/1 4186/1 3202/1
f 4114/1 4133/1 3189/1
f 4114/1 3189/1 2433/1
f 3276/1 3275/1 3190/1
f 3276/1 3190/1 3177/1
f 3815/1 3193/1 3192/1
f 3815/1 3192/1 3824/1
f 3814/1 3780/1 3193/1
f 3814/1 3193/1 3815/1
f 3194/1 2030/1 4208/1
f 3194/1 4208/1 3197/1
f 3200/1 2139/1 3195/1
f 3200/1 3195/1 1123/1
f 3219/1 2485/1 3201/1
f 3219/1 3201/1 157/1
f 3203/1 2298/1 4201/1
f 3203/1 4201/1 4202/1
f 3205/1 3206/1 3207/1
f 3205/1 3207/1 4168/1
f 3205/1 2430/1 3240/1
f 3205/1 3240/1 3206/1
f 3206/1 3974/1 3212/1
f 3206/1 3212/1 3207/1
f 3206/1 3240/1 3253/1
f 3206/1 3253/1 3974/1
f 3207/1 3212/1 3213/1
f 3207/1 3213/1 915/1
f 3210/1 2015/1 3208/1
f 3210/1 3208/1 3214/1
f 3209/1 342/1 4211/1
f 3209/1 4211/1 3220/1
f 3640/1 3217/1 3216/1
f 3640/1 3216/1 3237/1
f 3677/1 3678/1 3217/1
f 3677/1 3217/1 3640/1
f 3218/1 433/1 3389/1
f 3218/1 3389/1 3441/1
f 4337/1 2980/1 3218/1
f 4337/1 3218/1 4334/1
f 3244/1 2310/1 3219/1
f 3244/1 3219/1 3227/1
f 3221/1 1039/1 4190/1
f 3221/1 4190/1 4162/1
f 3222/1 3204/1 4112/1
f 3222/1 4112/1 3252/1
f 3224/1 92/1 3225/1
f 3224/1 3225/1 3223/1
f 3224/1 423/1 3747/1
f 3224/1 3747/1 92/1
f 4216/1 2297/1 3226/1
f 4216/1 3226/1 2312/1
f 3247/1 2219/1 3228/1
f 3247/1 3228/1 2309/1
f 3228/1 3917/1 3926/1
f 3228/1 3926/1 2484/1
f 3229/1 3280/1 3281/1
f 3229/1 3281/1 3326/1
f 3230/1 3522/1 3532/1
f 3230/1 3532/1 2240/1
f 3328/1 3287/1 3232/1
f 3328/1 3232/1 3265/1
f 3233/1 3232/1 3287/1
f 3233/1 3287/1 4036/1
f 3235/1 3236/1 3237/1
f 3235/1 3237/1 3216/1
f 3263/1 3236/1 3235/1
f 3263/1 3235/1 1051/1
f 3476/1 3237/1 3236/1
f 3476/1 3236/1 3480/1
f 3475/1 3640/1 3237/1
f 3475/1 3237/1 3476/1
f 3240/1 2444/1 3274/1
f 3240/1 3274/1 3253/1
f 3512/1 3497/1 3242/1
f 3512/1 3242/1 3553/1
f 3246/1 4056/1 4051/1
f 3246/1 4051/1 2530/1
f 3248/1 454/1 3251/1
f 3248/1 3251/1 3245/1
f 4215/1 452/1 3248/1
f 4215/1 3248/1 2056/1
f 3249/1 1238/1 3279/1
f 3249/1 3279/1 2236/1
f 3250/1 1066/1 3271/1
f 3250/1 3271/1 2202/1
f 3255/1 3256/1 3254/1
f 3255/1 3254/1 3269/1
f 3256/1 3255/1 3301/1
f 3256/1 3301/1 3906/1
f 3727/1 3728/1 3256/1
f 3727/1 3256/1 3906/1
f 3256/1 3728/1 3737/1
f 3256/1 3737/1 3254/1
f 3259/1 3257/1 3258/1
f 3259/1 3258/1 4007/1
f 4006/1 4007/1 3258/1
f 4006/1 3258/1 4000/1
f 4158/1 3234/1 3259/1
f 4158/1 3259/1 4007/1
f 3435/1 3420/1 3260/1
f 3435/1 3260/1 1240/1
f 3312/1 4100/1 3263/1
f 3312/1 3263/1 3290/1
f 3480/1 3236/1 3263/1
f 3480/1 3263/1 4100/1
f 3267/1 1068/1 4280/1
f 3267/1 4280/1 4282/1
f 3269/1 3254/1 3268/1
f 3269/1 3268/1 142/1
f 3270/1 4210/1 4200/1
f 3270/1 4200/1 3241/1
f 3338/1 2203/1 3271/1
f 3338/1 3271/1 3304/1
f 3976/1 3253/1 3274/1
f 3976/1 3274/1 3972/1
f 3275/1 3276/1 4059/1
f 3275/1 4059/1 3901/1
f 3306/1 3305/1 3277/1
f 3306/1 3277/1 2262/1
f 4108/1 2263/1 3277/1
f 4108/1 3277/1 4129/1
f 3278/1 4173/1 3334/1
f 3278/1 3334/1 3298/1
f 3283/1 3320/1 3279/1
f 3283/1 3279/1 3260/1
f 3282/1 3284/1 3312/1
f 3282/1 3312/1 3322/1
f 3320/1 3283/1 3282/1
f 3320/1 3282/1 2836/1
f 3284/1 3282/1 3283/1
f 3284/1 3283/1 3437/1
f 3420/1 3437/1 3283/1
f 3420/1 3283/1 3260/1
f 3417/1 3451/1 3284/1
f 3417/1 3284/1 3437/1
f 3291/1 305/1 3286/1
f 3291/1 3286/1 3358/1
f 3287/1 3344/1 3345/1
f 3287/1 3345/1 4036/1
f 3288/1 410/1 3289/1
f 3288/1 3289/1 2300/1
f 3290/1 3318/1 3322/1
f 3290/1 3322/1 3312/1
f 4280/1 1498/1 3292/1
f 4280/1 3292/1 1855/1
f 3324/1 3303/1 3293/1
f 3324/1 3293/1 3316/1
f 3354/1 3296/1 3294/1
f 3354/1 3294/1 242/1
f 4136/1 470/1 3297/1
f 4136/1 3297/1 4128/1
f 4281/1 2747/1 3299/1
f 4281/1 3299/1 4296/1
f 3299/1 2746/1 4286/1
f 3299/1 4286/1 4295/1
f 3905/1 3906/1 3301/1
f 3905/1 3301/1 3982/1
f 3302/1 1876/1 3988/1
f 3302/1 3988/1 3980/1
f 3972/1 3274/1 3303/1
f 3972/1 3303/1 3973/1
f 3305/1 3697/1 3681/1
f 3305/1 3681/1 4145/1
f 3305/1 4145/1 4129/1
f 3305/1 4129/1 3277/1
f 3306/1 1963/1 3697/1
f 3306/1 3697/1 3305/1
f 3307/1 1049/1 3335/1
f 3307/1 3335/1 3318/1
f 3311/1 3535/1 3545/1
f 3311/1 3545/1 199/1
f 3451/1 4100/1 3312/1
f 3451/1 3312/1 3284/1
f 3408/1 983/1 3313/1
f 3408/1 3313/1 4312/1
f 3314/1 3298/1 3334/1
f 3314/1 3334/1 2554/1
f 3731/1 3599/1 3315/1
f 3731/1 3315/1 3732/1
f 3349/1 3324/1 3316/1
f 3349/1 3316/1 788/1
f 3319/1 2353/1 3989/1
f 3319/1 3989/1 4160/1
f 4297/1 2354/1 3319/1
f 4297/1 3319/1 4167/1
f 3361/1 3342/1 3321/1
f 3361/1 3321/1 2463/1
f 3973/1 3303/1 3324/1
f 3973/1 3324/1 4198/1
f 3325/1 709/1 3326/1
f 3325/1 3326/1 3281/1
f 4262/1 709/1 3325/1
f 4262/1 3325/1 4305/1
f 3327/1 3310/1 3337/1
f 3327/1 3337/1 151/1
f 3327/1 3639/1 3632/1
f 3327/1 3632/1 3317/1
f 3328/1 3265/1 3366/1
f 3328/1 3366/1 2698/1
f 3329/1 1484/1 3330/1
f 3329/1 3330/1 3341/1
f 3329/1 2598/1 3342/1
f 3329/1 3342/1 1482/1
f 3331/1 1256/1 4209/1
f 3331/1 4209/1 2378/1
f 3332/1 2728/1 3798/1
f 3332/1 3798/1 3760/1
f 3332/1 3760/1 3805/1
f 3332/1 3805/1 3855/1
f 4307/1 2910/1 3336/1
f 4307/1 3336/1 2358/1
f 3341/1 1797/1 3355/1
f 3341/1 3355/1 2624/1
f 3348/1 3346/1 3347/1
f 3348/1 3347/1 3365/1
f 3347/1 1363/1 3350/1
f 3347/1 3350/1 3365/1
f 3375/1 1106/1 3348/1
f 3375/1 3348/1 2372/1
f 4198/1 3324/1 3349/1
f 4198/1 3349/1 3357/1
f 3351/1 3936/1 3903/1
f 3351/1 3903/1 3902/1
f 4170/1 2357/1 3351/1
f 4170/1 3351/1 3902/1
f 3351/1 2356/1 4297/1
f 3351/1 4297/1 3936/1
f 3356/1 2625/1 3355/1
f 3356/1 3355/1 1702/1
f 3369/1 3381/1 3357/1
f 3369/1 3357/1 3349/1
f 3361/1 2286/1 3395/1
f 3361/1 3395/1 1861/1
f 3362/1 2346/1 4308/1
f 3362/1 4308/1 4309/1
f 3364/1 2235/1 3371/1
f 3364/1 3371/1 3412/1
f 3370/1 812/1 3381/1
f 3370/1 3381/1 3369/1
f 3390/1 811/1 3370/1
f 3390/1 3370/1 785/1
f 3876/1 3373/1 3372/1
f 3876/1 3372/1 1591/1
f 4169/1 3922/1 3373/1
f 4169/1 3373/1 3876/1
f 3376/1 2611/1 3385/1
f 3376/1 3385/1 1721/1
f 4334/1 2543/1 3377/1
f 4334/1 3377/1 4337/1
f 4337/1 3377/1 3378/1
f 4337/1 3378/1 3135/1
f 3379/1 3388/1 3389/1
f 3379/1 3389/1 3380/1
f 3403/1 1496/1 3382/1
f 3403/1 3382/1 3387/1
f 3394/1 1358/1 3385/1
f 3394/1 3385/1 1301/1
f 3388/1 3121/1 3441/1
f 3388/1 3441/1 3389/1
f 3392/1 2740/1 4193/1
f 3392/1 4193/1 2828/1
f 4224/1 3415/1 3399/1
f 4224/1 3399/1 4229/1
f 3400/1 1611/1 3429/1
f 3400/1 3429/1 4289/1
f 4184/1 1612/1 3400/1
f 4184/1 3400/1 4185/1
f 3434/1 775/1 3401/1
f 3434/1 3401/1 3474/1
f 3474/1 3401/1 3402/1
f 3474/1 3402/1 3489/1
f 3413/1 3390/1 3405/1
f 3413/1 3405/1 4233/1
f 3406/1 3790/1 3763/1
f 3406/1 3763/1 4196/1
f 3408/1 4294/1 3755/1
f 3408/1 3755/1 984/1
f 3409/1 2838/1 4302/1
f 3409/1 4302/1 4298/1
f 3411/1 1369/1 3412/1
f 3411/1 3412/1 3424/1
f 3431/1 629/1 3414/1
f 3431/1 3414/1 3413/1
f 3415/1 4224/1 4341/1
f 3415/1 4341/1 2399/1
f 3416/1 3450/1 3451/1
f 3416/1 3451/1 3417/1
f 3418/1 3416/1 3417/1
f 3418/1 3417/1 3419/1
f 3421/1 4228/1 3418/1
f 3421/1 3418/1 3419/1
f 3418/1 1130/1 4089/1
f 3418/1 4089/1 3416/1
f 3419/1 3417/1 3437/1
f 3419/1 3437/1 3420/1
f 3421/1 3419/1 3420/1
f 3421/1 3420/1 3435/1
f 4227/1 4228/1 3421/1
f 4227/1 3421/1 4094/1
f 3454/1 3483/1 3423/1
f 3454/1 3423/1 3422/1
f 3428/1 3426/1 3427/1
f 3428/1 3427/1 1063/1
f 3466/1 666/1 3434/1
f 3466/1 3434/1 3474/1
f 3435/1 3445/1 4094/1
f 3435/1 4094/1 3421/1
f 3448/1 883/1 3436/1
f 3448/1 3436/1 3430/1
f 3438/1 857/1 3439/1
f 3438/1 3439/1 4246/1
f 3488/1 2705/1 3440/1
f 3488/1 3440/1 1044/1
f 4334/1 3218/1 3441/1
f 4334/1 3441/1 3120/1
f 3607/1 3665/1 3442/1
f 3607/1 3442/1 244/1
f 3444/1 2108/1 3443/1
f 3444/1 3443/1 1911/1
f 3467/1 4094/1 3445/1
f 3467/1 3445/1 3447/1
f 3447/1 3445/1 3446/1
f 3447/1 3446/1 3497/1
f 3468/1 3467/1 3447/1
f 3468/1 3447/1 3563/1
f 4089/1 3481/1 3450/1
f 4089/1 3450/1 3416/1
f 3451/1 3450/1 3480/1
f 3451/1 3480/1 4100/1
f 4177/1 4192/1 3456/1
f 4177/1 3456/1 354/1
f 3460/1 3458/1 3459/1
f 3460/1 3459/1 2178/1
f 3459/1 3458/1 4099/1
f 3459/1 4099/1 2157/1
f 4252/1 2779/1 3465/1
f 4252/1 3465/1 1046/1
f 3489/1 2955/1 3466/1
f 3489/1 3466/1 3474/1
f 3467/1 3468/1 4096/1
f 3467/1 4096/1 4340/1
f 4097/1 4096/1 3468/1
f 4097/1 3468/1 3562/1
f 3469/1 3487/1 3509/1
f 3469/1 3509/1 3531/1
f 3504/1 381/1 3470/1
f 3504/1 3470/1 475/1
f 3470/1 2518/1 4234/1
f 3470/1 4234/1 4240/1
f 4291/1 2849/1 3471/1
f 4291/1 3471/1 4268/1
f 3477/1 3475/1 3476/1
f 3477/1 3476/1 3481/1
f 4089/1 1128/1 3477/1
f 4089/1 3477/1 3481/1
f 3481/1 3476/1 3480/1
f 3481/1 3480/1 3450/1
f 3484/1 3455/1 3503/1
f 3484/1 3503/1 757/1
f 3490/1 3041/1 3518/1
f 3490/1 3518/1 1512/1
f 3501/1 3505/1 3492/1
f 3501/1 3492/1 2047/1
f 3505/1 1577/1 3493/1
f 3505/1 3493/1 3492/1
f 4085/1 3215/1 3496/1
f 4085/1 3496/1 3901/1
f 3496/1 3215/1 4335/1
f 3496/1 4335/1 3395/1
f 3497/1 3512/1 3563/1
f 3497/1 3563/1 3447/1
f 3501/1 3499/1 3513/1
f 3501/1 3513/1 3520/1
f 3504/1 3515/1 3519/1
f 3504/1 3519/1 222/1
f 3505/1 3501/1 3520/1
f 3505/1 3520/1 1581/1
f 3507/1 3956/1 3618/1
f 3507/1 3618/1 2976/1
f 3507/1 270/1 3652/1
f 3507/1 3652/1 436/1
f 3539/1 3530/1 3509/1
f 3539/1 3509/1 1328/1
f 3536/1 1432/1 3511/1
f 3536/1 3511/1 2752/1
f 4103/1 3563/1 3512/1
f 4103/1 3512/1 3552/1
f 3541/1 3502/1 3514/1
f 3541/1 3514/1 3556/1
f 3534/1 3551/1 3515/1
f 3534/1 3515/1 477/1
f 3516/1 3547/1 3548/1
f 3516/1 3548/1 3517/1
f 3517/1 3548/1 3559/1
f 3517/1 3559/1 3535/1
f 3519/1 3515/1 3551/1
f 3519/1 3551/1 3569/1
f 3519/1 3569/1 4221/1
f 3519/1 4221/1 223/1
f 3524/1 3554/1 3547/1
f 3524/1 3547/1 3516/1
f 3529/1 2818/1 3555/1
f 3529/1 3555/1 1241/1
f 3531/1 3509/1 3530/1
f 3531/1 3530/1 1939/1
f 3582/1 1937/1 3530/1
f 3582/1 3530/1 3539/1
f 3534/1 3533/1 3546/1
f 3534/1 3546/1 3603/1
f 3596/1 1430/1 3536/1
f 3596/1 3536/1 3568/1
f 3547/1 3623/1 3622/1
f 3547/1 3622/1 3548/1
f 3551/1 3534/1 3603/1
f 3551/1 3603/1 3570/1
f 3552/1 3512/1 3553/1
f 3552/1 3553/1 3645/1
f 4104/1 4103/1 3552/1
f 4104/1 3552/1 4121/1
f 3623/1 3547/1 3554/1
f 3623/1 3554/1 4232/1
f 3626/1 4232/1 3554/1
f 3626/1 3554/1 2587/1
f 3578/1 2808/1 3555/1
f 3578/1 3555/1 2817/1
f 3576/1 457/1 3556/1
f 3576/1 3556/1 3514/1
f 3559/1 2987/1 3630/1
f 3559/1 3630/1 396/1
f 3560/1 3597/1 3598/1
f 3560/1 3598/1 3561/1
f 3561/1 3598/1 3633/1
f 3561/1 3633/1 3615/1
f 3562/1 3468/1 3563/1
f 3562/1 3563/1 4103/1
f 4104/1 3164/1 3562/1
f 4104/1 3562/1 4103/1
f 3565/1 198/1 3566/1
f 3565/1 3566/1 3579/1
f 3568/1 2761/1 3661/1
f 3568/1 3661/1 3596/1
f 3570/1 3571/1 3569/1
f 3570/1 3569/1 3551/1
f 3569/1 3571/1 4223/1
f 3569/1 4223/1 4221/1
f 3570/1 3603/1 3604/1
f 3570/1 3604/1 3624/1
f 3624/1 3625/1 3571/1
f 3624/1 3571/1 3570/1
f 3577/1 2636/1 3574/1
f 3577/1 3574/1 3662/1
f 3577/1 3604/1 3603/1
f 3577/1 3603/1 3546/1
f 3580/1 3565/1 3579/1
f 3580/1 3579/1 3589/1
f 3580/1 3589/1 3592/1
f 3580/1 3592/1 152/1
f 3586/1 3616/1 3605/1
f 3586/1 3605/1 3587/1
f 3587/1 3605/1 3606/1
f 3587/1 3606/1 4150/1
f 3589/1 3579/1 3588/1
f 3589/1 3588/1 3590/1
f 3592/1 3589/1 3590/1
f 3592/1 3590/1 3591/1
f 3590/1 3588/1 3620/1
f 3590/1 3620/1 2477/1
f 3594/1 3591/1 3593/1
f 3594/1 3593/1 3636/1
f 3597/1 3675/1 3673/1
f 3597/1 3673/1 3598/1
f 4105/1 3724/1 3597/1
f 4105/1 3597/1 3560/1
f 3598/1 3673/1 3674/1
f 3598/1 3674/1 3633/1
f 3644/1 3645/1 3599/1
f 3644/1 3599/1 3731/1
f 3680/1 3602/1 3601/1
f 3680/1 3601/1 739/1
f 3669/1 605/1 3602/1
f 3669/1 3602/1 3680/1
f 3604/1 3577/1 3662/1
f 3604/1 3662/1 3653/1
f 3609/1 3564/1 3608/1
f 3609/1 3608/1 1709/1
f 3627/1 3612/1 3611/1
f 3627/1 3611/1 2476/1
f 3611/1 3613/1 3636/1
f 3611/1 3636/1 3593/1
f 3613/1 3611/1 3612/1
f 3613/1 3612/1 2051/1
f 3612/1 3627/1 3628/1
f 3612/1 3628/1 2049/1
f 3614/1 3561/1 3615/1
f 3614/1 3615/1 2330/1
f 3615/1 3633/1 3779/1
f 3615/1 3779/1 3778/1
f 3880/1 3750/1 3619/1
f 3880/1 3619/1 2410/1
f 3620/1 2687/1 3660/1
f 3620/1 3660/1 139/1
f 3696/1 3622/1 3623/1
f 3696/1 3623/1 4244/1
f 3653/1 3654/1 3624/1
f 3653/1 3624/1 3604/1
f 3625/1 3624/1 3654/1
f 3625/1 3654/1 4239/1
f 4223/1 3571/1 3625/1
f 4223/1 3625/1 2577/1
f 3626/1 4245/1 3726/1
f 3626/1 3726/1 4232/1
f 3628/1 331/1 3659/1
f 3628/1 3659/1 3683/1
f 3631/1 3638/1 3658/1
f 3631/1 3658/1 487/1
f 3632/1 3639/1 3638/1
f 3632/1 3638/1 3631/1
f 3633/1 3674/1 3795/1
f 3633/1 3795/1 3779/1
f 3634/1 2460/1 3635/1
f 3634/1 3635/1 3719/1
f 4254/1 2461/1 3634/1
f 4254/1 3634/1 3718/1
f 4243/1 471/1 3635/1
f 4243/1 3635/1 2460/1
f 4248/1 2459/1 3637/1
f 4248/1 3637/1 3610/1
f 3641/1 3709/1 3717/1
f 3641/1 3717/1 1126/1
f 4121/1 3552/1 3645/1
f 4121/1 3645/1 3644/1
f 3650/1 3651/1 3649/1
f 3650/1 3649/1 2027/1
f 3649/1 3657/1 3668/1
f 3649/1 3668/1 481/1
f 3651/1 3643/1 3657/1
f 3651/1 3657/1 3649/1
f 3653/1 3662/1 3664/1
f 3653/1 3664/1 2655/1
f 3656/1 2002/1 3711/1
f 3656/1 3711/1 2971/1
f 3658/1 97/1 3672/1
f 3658/1 3672/1 488/1
f 3659/1 2663/1 3720/1
f 3659/1 3720/1 3682/1
f 3660/1 3690/1 3704/1
f 3660/1 3704/1 137/1
f 3663/1 3664/1 3662/1
f 3663/1 3662/1 3574/1
f 3702/1 3664/1 3663/1
f 3702/1 3663/1 2875/1
f 3663/1 3574/1 4265/1
f 3663/1 4265/1 4271/1
f 4318/1 1380/1 3666/1
f 4318/1 3666/1 3688/1
f 3840/1 3671/1 3670/1
f 3840/1 3670/1 3872/1
f 3673/1 3183/1 3744/1
f 3673/1 3744/1 3674/1
f 3724/1 3811/1 3675/1
f 3724/1 3675/1 3597/1
f 3676/1 1366/1 3685/1
f 3676/1 3685/1 4323/1
f 3676/1 2835/1 3688/1
f 3676/1 3688/1 3666/1
f 3714/1 3715/1 3678/1
f 3714/1 3678/1 3677/1
f 3679/1 2602/1 3711/1
f 3679/1 3711/1 2002/1
f 3680/1 741/1 3740/1
f 3680/1 3740/1 3669/1
f 4134/1 4145/1 3681/1
f 4134/1 3681/1 4149/1
f 3683/1 3659/1 3682/1
f 3683/1 3682/1 2538/1
f 3682/1 3720/1 3734/1
f 3682/1 3734/1 3706/1
f 3684/1 4316/1 4317/1
f 3684/1 4317/1 2877/1
f 3687/1 3672/1 3686/1
f 3687/1 3686/1 4153/1
f 3742/1 4318/1 3688/1
f 3742/1 3688/1 2834/1
f 3689/1 3706/1 3746/1
f 3689/1 3746/1 3716/1
f 3693/1 3692/1 3691/1
f 3693/1 3691/1 3695/1
f 3691/1 3692/1 4237/1
f 3691/1 4237/1 3510/1
f 3745/1 2616/1 3693/1
f 3745/1 3693/1 2696/1
f 3721/1 4323/1 3694/1
f 3721/1 3694/1 1022/1
f 3733/1 2968/1 3696/1
f 3733/1 3696/1 4244/1
f 3699/1 3700/1 3698/1
f 3699/1 3698/1 3781/1
f 3748/1 2943/1 3699/1
f 3748/1 3699/1 3782/1
f 4314/1 3698/1 3700/1
f 4314/1 3700/1 4319/1
f 3725/1 182/1 3702/1
f 3725/1 3702/1 2702/1
f 3704/1 2888/1 3710/1
f 3704/1 3710/1 3739/1
f 3706/1 3734/1 3754/1
f 3706/1 3754/1 3746/1
f 3715/1 3766/1 3767/1
f 3715/1 3767/1 3678/1
f 3783/1 2523/1 3716/1
f 3783/1 3716/1 3746/1
f 3718/1 3634/1 3719/1
f 3718/1 3719/1 3761/1
f 3722/1 3723/1 3724/1
f 3722/1 3724/1 4105/1
f 3723/1 3810/1 3811/1
f 3723/1 3811/1 3724/1
f 4146/1 3869/1 3723/1
f 4146/1 3723/1 3722/1
f 3727/1 3906/1 3905/1
f 3727/1 3905/1 3834/1
f 3730/1 3731/1 3732/1
f 3730/1 3732/1 3753/1
f 4236/1 3752/1 3730/1
f 4236/1 3730/1 4171/1
f 3752/1 3644/1 3731/1
f 3752/1 3731/1 3730/1
f 3734/1 2695/1 3749/1
f 3734/1 3749/1 3754/1
f 3772/1 3729/1 3735/1
f 3772/1 3735/1 401/1
f 3738/1 3968/1 4238/1
f 3738/1 4238/1 2982/1
f 3742/1 3743/1 3741/1
f 3742/1 3741/1 2732/1
f 3795/1 3674/1 3744/1
f 3795/1 3744/1 1054/1
f 3802/1 2944/1 3748/1
f 3802/1 3748/1 3861/1
f 3844/1 3845/1 3751/1
f 3844/1 3751/1 3750/1
f 4171/1 3730/1 3753/1
f 4171/1 3753/1 3813/1
f 3760/1 3761/1 3762/1
f 3760/1 3762/1 3805/1
f 3798/1 3718/1 3761/1
f 3798/1 3761/1 3760/1
f 3761/1 3719/1 4136/1
f 3761/1 4136/1 3762/1
f 3762/1 4136/1 4128/1
f 3762/1 4128/1 3806/1
f 3765/1 3971/1 3879/1
f 3765/1 3879/1 3825/1
f 3792/1 3793/1 3766/1
f 3792/1 3766/1 3715/1
f 4196/1 3763/1 3770/1
f 4196/1 3770/1 3807/1
f 3771/1 3969/1 3971/1
f 3771/1 3971/1 3765/1
f 3886/1 4326/1 3773/1
f 3886/1 3773/1 4313/1
f 3794/1 1961/1 3775/1
f 3794/1 3775/1 1931/1
f 3778/1 3779/1 3780/1
f 3778/1 3780/1 3814/1
f 3782/1 3699/1 3781/1
f 3782/1 3781/1 2074/1
f 3861/1 3748/1 3782/1
f 3861/1 3782/1 2025/1
f 3807/1 3770/1 3785/1
f 3807/1 3785/1 4194/1
f 3785/1 4261/1 4264/1
f 3785/1 4264/1 4194/1
f 3809/1 3788/1 3789/1
f 3809/1 3789/1 822/1
f 3835/1 442/1 3797/1
f 3835/1 3797/1 931/1
f 3798/1 4269/1 4254/1
f 3798/1 4254/1 3718/1
f 3800/1 1660/1 3865/1
f 3800/1 3865/1 2973/1
f 3803/1 1318/1 3804/1
f 3803/1 3804/1 2418/1
f 3804/1 3815/1 3824/1
f 3804/1 3824/1 3793/1
f 3805/1 3762/1 3806/1
f 3805/1 3806/1 3856/1
f 3864/1 3837/1 3808/1
f 3864/1 3808/1 859/1
f 3837/1 2251/1 3809/1
f 3837/1 3809/1 3808/1
f 3869/1 3882/1 3810/1
f 3869/1 3810/1 3723/1
f 3812/1 3834/1 3935/1
f 3812/1 3935/1 3959/1
f 3884/1 4138/1 3816/1
f 3884/1 3816/1 3845/1
f 3817/1 3818/1 3819/1
f 3817/1 3819/1 2793/1
f 3817/1 2827/1 4179/1
f 3817/1 4179/1 4182/1
f 4182/1 2884/1 3818/1
f 4182/1 3818/1 3817/1
f 3818/1 4183/1 4185/1
f 3818/1 4185/1 3819/1
f 3859/1 2904/1 3820/1
f 3859/1 3820/1 3860/1
f 3822/1 3799/1 3821/1
f 3822/1 3821/1 3849/1
f 3826/1 1488/1 3825/1
f 3826/1 3825/1 3879/1
f 3871/1 1489/1 3826/1
f 3871/1 3826/1 3036/1
f 3827/1 3828/1 3829/1
f 3827/1 3829/1 4183/1
f 3828/1 3853/1 3854/1
f 3828/1 3854/1 3829/1
f 4176/1 3848/1 3828/1
f 4176/1 3828/1 3827/1
f 3829/1 3854/1 4180/1
f 3829/1 4180/1 4184/1
f 4304/1 4259/1 3833/1
f 4304/1 3833/1 2868/1
f 3833/1 4189/1 4328/1
f 3833/1 4328/1 2869/1
f 3834/1 3905/1 3940/1
f 3834/1 3940/1 3935/1
f 3872/1 3670/1 3838/1
f 3872/1 3838/1 490/1
f 3840/1 3872/1 3843/1
f 3840/1 3843/1 3842/1
f 3842/1 3843/1 3841/1
f 3842/1 3841/1 3920/1
f 3841/1 4081/1 4235/1
f 3841/1 4235/1 3920/1
f 3844/1 3750/1 3880/1
f 3844/1 3880/1 2489/1
f 3883/1 3884/1 3845/1
f 3883/1 3845/1 3844/1
f 3846/1 3847/1 3848/1
f 3846/1 3848/1 4176/1
f 3846/1 4309/1 4170/1
f 3846/1 4170/1 3847/1
f 3847/1 3862/1 3863/1
f 3847/1 3863/1 3848/1
f 3848/1 3863/1 3853/1
f 3848/1 3853/1 3828/1
f 3850/1 2129/1 4101/1
f 3850/1 4101/1 3899/1
f 3852/1 1971/1 3851/1
f 3852/1 3851/1 3958/1
f 3853/1 4169/1 3876/1
f 3853/1 3876/1 3854/1
f 3855/1 3805/1 3856/1
f 3855/1 3856/1 4138/1
f 3892/1 930/1 3857/1
f 3892/1 3857/1 3885/1
f 3861/1 3907/1 3908/1
f 3861/1 3908/1 3802/1
f 3862/1 3904/1 3921/1
f 3862/1 3921/1 3863/1
f 4170/1 3902/1 3862/1
f 4170/1 3862/1 3847/1
f 3863/1 3921/1 4169/1
f 3863/1 4169/1 3853/1
f 3868/1 2379/1 3869/1
f 3868/1 3869/1 4146/1
f 3870/1 1736/1 4311/1
f 3870/1 4311/1 2972/1
f 3877/1 3891/1 3890/1
f 3877/1 3890/1 1805/1
f 3891/1 3877/1 3878/1
f 3891/1 3878/1 2983/1
f 3965/1 3957/1 3879/1
f 3965/1 3879/1 3971/1
f 3884/1 3883/1 4152/1
f 3884/1 4152/1 4159/1
f 3887/1 3888/1 3886/1
f 3887/1 3886/1 4313/1
f 3891/1 1694/1 3893/1
f 3891/1 3893/1 3890/1
f 3943/1 3942/1 3899/1
f 3943/1 3899/1 4101/1
f 3902/1 3903/1 3904/1
f 3902/1 3904/1 3862/1
f 3903/1 3927/1 3918/1
f 3903/1 3918/1 3904/1
f 3904/1 3918/1 3919/1
f 3904/1 3919/1 3921/1
f 3914/1 3068/1 3910/1
f 3914/1 3910/1 3909/1
f 3911/1 1920/1 3913/1
f 3911/1 3913/1 3915/1
f 3915/1 3916/1 3912/1
f 3915/1 3912/1 3911/1
f 3914/1 1537/1 3913/1
f 3914/1 3913/1 3068/1
f 3930/1 3912/1 3916/1
f 3930/1 3916/1 3048/1
f 3918/1 3946/1 3947/1
f 3918/1 3947/1 3919/1
f 3921/1 3919/1 3922/1
f 3921/1 3922/1 4169/1
f 3936/1 3937/1 3927/1
f 3936/1 3927/1 3903/1
f 3927/1 3952/1 3946/1
f 3927/1 3946/1 3918/1
f 3932/1 3941/1 3931/1
f 3932/1 3931/1 3049/1
f 3936/1 4297/1 4167/1
f 3936/1 4167/1 3937/1
f 3937/1 4148/1 3952/1
f 3937/1 3952/1 3927/1
f 4203/1 3950/1 3939/1
f 4203/1 3939/1 2296/1
f 4021/1 3935/1 3940/1
f 4021/1 3940/1 4031/1
f 3941/1 3043/1 3944/1
f 3941/1 3944/1 3931/1
f 3960/1 2132/1 3942/1
f 3960/1 3942/1 3943/1
f 3946/1 3979/1 4166/1
f 3946/1 4166/1 3947/1
f 3948/1 3959/1 4013/1
f 3948/1 4013/1 4022/1
f 3949/1 3812/1 3959/1
f 3949/1 3959/1 3948/1
f 4201/1 228/1 3950/1
f 4201/1 3950/1 4203/1
f 3951/1 607/1 4152/1
f 3951/1 4152/1 3883/1
f 3952/1 3978/1 3979/1
f 3952/1 3979/1 3946/1
f 3977/1 3954/1 3953/1
f 3977/1 3953/1 3064/1
f 3991/1 2990/1 3954/1
f 3991/1 3954/1 3977/1
f 3959/1 3935/1 4021/1
f 3959/1 4021/1 4013/1
f 4294/1 1158/1 3964/1
f 4294/1 3964/1 3755/1
f 3966/1 2958/1 3965/1
f 3966/1 3965/1 3970/1
f 3970/1 3965/1 3971/1
f 3970/1 3971/1 3969/1
f 3976/1 609/1 3974/1
f 3976/1 3974/1 3253/1
f 3978/1 3993/1 3994/1
f 3978/1 3994/1 3979/1
f 4148/1 3998/1 3978/1
f 4148/1 3978/1 3952/1
f 3980/1 3988/1 3989/1
f 3980/1 3989/1 2353/1
f 3985/1 2645/1 3984/1
f 3985/1 3984/1 1249/1
f 4027/1 3992/1 3986/1
f 4027/1 3986/1 2245/1
f 3998/1 3999/1 3993/1
f 3998/1 3993/1 3978/1
f 3995/1 3996/1 3997/1
f 3995/1 3997/1 4151/1
f 3996/1 4006/1 4000/1
f 3996/1 4000/1 3997/1
f 3997/1 4000/1 4155/1
f 3997/1 4155/1 3999/1
f 4161/1 4151/1 3998/1
f 4161/1 3998/1 4148/1
f 4151/1 3997/1 3999/1
f 4151/1 3999/1 3998/1
f 4005/1 2487/1 4003/1
f 4005/1 4003/1 4004/1
f 4035/1 575/1 4010/1
f 4035/1 4010/1 4011/1
f 4091/1 3498/1 4019/1
f 4091/1 4019/1 4018/1
f 4034/1 3992/1 4027/1
f 4034/1 4027/1 87/1
f 4030/1 3112/1 4029/1
f 4030/1 4029/1 4040/1
f 4060/1 3082/1 4030/1
f 4060/1 4030/1 843/1
f 4031/1 4032/1 4061/1
f 4031/1 4061/1 4021/1
f 4038/1 2143/1 4039/1
f 4038/1 4039/1 4117/1
f 4045/1 4044/1 4038/1
f 4045/1 4038/1 4117/1
f 4039/1 2115/1 4042/1
f 4039/1 4042/1 4204/1
f 4043/1 890/1 4054/1
f 4043/1 4054/1 4046/1
f 4044/1 4045/1 4124/1
f 4044/1 4124/1 4122/1
f 4048/1 4049/1 4050/1
f 4048/1 4050/1 4052/1
f 4056/1 2466/1 4048/1
f 4056/1 4048/1 4051/1
f 4119/1 4052/1 4050/1
f 4119/1 4050/1 2205/1
f 4051/1 4048/1 4052/1
f 4051/1 4052/1 4132/1
f 4053/1 2530/1 4051/1
f 4053/1 4051/1 4132/1
f 4118/1 4132/1 4052/1
f 4118/1 4052/1 4119/1
f 4118/1 4204/1 4053/1
f 4118/1 4053/1 4132/1
f 4059/1 3161/1 4085/1
f 4059/1 4085/1 3901/1
f 4067/1 2996/1 4066/1
f 4067/1 4066/1 807/1
f 4322/1 496/1 4066/1
f 4322/1 4066/1 826/1
f 4071/1 4070/1 4069/1
f 4071/1 4069/1 3013/1
f 4073/1 934/1 4076/1
f 4073/1 4076/1 805/1
f 4074/1 4086/1 4095/1
f 4074/1 4095/1 4343/1
f 4076/1 1934/1 4075/1
f 4076/1 4075/1 561/1
f 4077/1 693/1 4078/1
f 4077/1 4078/1 4079/1
f 4241/1 4079/1 4078/1
f 4241/1 4078/1 677/1
f 4079/1 4241/1 4262/1
f 4079/1 4262/1 4315/1
f 4087/1 2569/1 4093/1
f 4087/1 4093/1 3153/1
f 4090/1 2099/1 4123/1
f 4090/1 4123/1 4164/1
f 4094/1 3467/1 4340/1
f 4094/1 4340/1 4227/1
f 4145/1 4134/1 4107/1
f 4145/1 4107/1 4129/1
f 4134/1 4116/1 4111/1
f 4134/1 4111/1 4107/1
f 4113/1 4114/1 4115/1
f 4113/1 4115/1 1018/1
f 4114/1 2433/1 4147/1
f 4114/1 4147/1 4115/1
f 4116/1 4134/1 4149/1
f 4116/1 4149/1 2632/1
f 4117/1 4118/1 4119/1
f 4117/1 4119/1 4045/1
f 4117/1 4039/1 4204/1
f 4117/1 4204/1 4118/1
f 4122/1 4124/1 4125/1
f 4122/1 4125/1 4120/1
f 4159/1 3855/1 4138/1
f 4159/1 4138/1 3884/1
f 4167/1 4161/1 4148/1
f 4167/1 4148/1 3937/1
f 4160/1 3995/1 4151/1
f 4160/1 4151/1 4161/1
f 4167/1 3319/1 4160/1
f 4167/1 4160/1 4161/1
f 4163/1 4090/1 4164/1
f 4163/1 4164/1 2420/1
f 4183/1 3829/1 4184/1
f 4183/1 4184/1 4185/1
f 4185/1 3400/1 4289/1
f 4185/1 4289/1 3819/1
f 4259/1 4187/1 4189/1
f 4259/1 4189/1 3833/1
f 4340/1 4096/1 4191/1
f 4340/1 4191/1 4339/1
f 4193/1 3807/1 4194/1
f 4193/1 4194/1 2828/1
f 4195/1 4221/1 4223/1
f 4195/1 4223/1 2651/1
f 4197/1 3973/1 4198/1
f 4197/1 4198/1 509/1
f 4200/1 4210/1 4217/1
f 4200/1 4217/1 3288/1
f 4202/1 4201/1 4203/1
f 4202/1 4203/1 2316/1
f 4206/1 298/1 4215/1
f 4206/1 4215/1 2285/1
f 4211/1 2295/1 4216/1
f 4211/1 4216/1 3220/1
f 4219/1 388/1 4213/1
f 4219/1 4213/1 485/1
f 4217/1 4210/1 4218/1
f 4217/1 4218/1 3650/1
f 4222/1 2665/1 4242/1
f 4222/1 4242/1 4231/1
f 4227/1 4340/1 4339/1
f 4227/1 4339/1 3128/1
f 4232/1 3726/1 4244/1
f 4232/1 4244/1 3623/1
f 4240/1 4234/1 4243/1
f 4240/1 4243/1 4248/1
f 4242/1 2664/1 4253/1
f 4242/1 4253/1 2730/1
f 4250/1 2505/1 4285/1
f 4250/1 4285/1 4276/1
f 4253/1 4276/1 4283/1
f 4253/1 4283/1 4266/1
f 4275/1 4258/1 4256/1
f 4275/1 4256/1 4255/1
f 4261/1 2650/1 4260/1
f 4261/1 4260/1 4264/1
f 4260/1 4273/1 4290/1
f 4260/1 4290/1 4279/1
f 4263/1 4281/1 4296/1
f 4263/1 4296/1 4284/1
f 4264/1 4260/1 4279/1
f 4264/1 4279/1 2829/1
f 4266/1 4283/1 4278/1
f 4266/1 4278/1 4269/1
f 4269/1 4278/1 4267/1
f 4269/1 4267/1 4254/1
f 4278/1 4291/1 4268/1
f 4278/1 4268/1 4267/1
f 4273/1 4263/1 4284/1
f 4273/1 4284/1 4290/1
f 4276/1 4285/1 4287/1
f 4276/1 4287/1 4283/1
f 4289/1 3429/1 4277/1
f 4289/1 4277/1 2794/1
f 4279/1 4290/1 4299/1
f 4279/1 4299/1 4179/1
f 4283/1 4287/1 4291/1
f 4283/1 4291/1 4278/1
f 4285/1 3409/1 4298/1
f 4285/1 4298/1 4287/1
f 4312/1 2963/1 4294/1
f 4312/1 4294/1 3408/1
f 4296/1 3299/1 4295/1
f 4296/1 4295/1 2864/1
f 4315/1 4262/1 4305/1
f 4315/1 4305/1 736/1
f 4316/1 1077/1 4314/1
f 4316/1 4314/1 4317/1
f 4317/1 4314/1 4319/1
f 4317/1 4319/1 4320/1
f 4322/1 3464/1 4330/1
f 4322/1 4330/1 4331/1
f 4331/1 4330/1 4332/1
f 4331/1 4332/1 4333/1
f 4341/1 2519/1 4342/1
f 4341/1 4342/1 4192/1
f 4343/1 4095/1 4041/1
f 4343/1 4041/1 3266/1
# 8542 faces, 1 coords texture

# End of File
