# Blender 4.3.0
# www.blender.org
mtllib lskirt_fab_garmentA.mtl
o lskirt_fab_garmentA
v -73.930954 -225.593674 -262.460571
v -52.735733 -228.910156 -262.159821
v -77.931747 -228.819839 -251.345520
v -101.388527 -222.742905 -254.515778
v -107.789268 -217.607651 -263.157959
v -135.972275 -214.098709 -253.447906
v -139.138199 -208.083878 -263.971924
v -169.319000 -196.564880 -264.940460
v -172.456573 -204.117859 -247.549149
v -148.787628 -216.295868 -235.385590
v -109.492638 -224.964920 -242.348862
v -110.262039 -228.099411 -222.614868
v -78.401283 -231.978317 -237.287582
v -48.745747 -233.403671 -249.115311
v -47.139233 -236.119598 -234.596146
v -18.618132 -236.198105 -246.554855
v -14.996335 -232.075836 -261.847443
v 0.000000 -233.461868 -257.726837
v 0.000000 -232.309753 -261.807068
v -0.000000 -236.288589 -247.537323
v -0.000000 -237.002014 -242.592041
v -17.804760 -238.148499 -231.918747
v -0.000000 -238.283112 -233.478577
v 0.000000 -238.471268 -228.555969
v -13.580856 -238.651428 -219.318100
v -43.192425 -237.174133 -218.512604
v -72.220261 -234.097641 -224.544571
v -77.916443 -233.633987 -210.950455
v -104.790115 -229.391403 -205.734497
v -133.561157 -223.325729 -206.875854
v -116.642700 -226.872299 -196.191330
v -144.455078 -220.458527 -192.721710
v -171.845810 -211.870728 -205.995132
v -149.776962 -218.475998 -219.009369
v -181.156296 -206.379349 -225.162628
v -206.309540 -196.533508 -214.721786
v -206.684464 -194.790298 -225.838837
v -204.750549 -192.768951 -238.844543
v -233.530518 -180.044678 -224.836792
v -233.335388 -176.712143 -239.469269
v -232.485626 -171.711823 -253.855698
v -196.006287 -190.442719 -254.623428
v -199.349854 -182.542847 -266.104980
v -230.822311 -165.016724 -267.546021
v -177.099487 -205.861984 -236.729462
v -233.276505 -182.069244 -210.266068
v -208.097656 -196.648804 -196.314758
v -232.698395 -183.200027 -195.863708
v -231.893829 -183.734131 -181.618073
v -200.628281 -199.957123 -177.482834
v -230.874908 -183.935440 -167.486191
v -203.052475 -198.300995 -161.556290
v -229.652710 -183.957611 -153.430923
v -203.084534 -197.244339 -146.721497
v -228.245880 -183.888046 -139.422394
v -206.483826 -194.536926 -133.993896
v -172.808853 -207.709961 -136.333725
v -200.167313 -196.548340 -121.118340
v -226.688614 -183.781448 -125.441795
v -225.029175 -183.675217 -111.476357
v -196.721497 -196.419586 -101.623062
v -223.327087 -183.596344 -97.515800
v -170.240204 -206.520355 -116.622139
v -168.836746 -205.817368 -105.143555
v -140.184311 -212.420105 -107.620392
v -141.515289 -214.314514 -125.870537
v -138.065109 -216.474899 -138.657990
v -144.626266 -216.645309 -150.574997
v -113.683983 -221.717041 -145.365021
v -118.155975 -219.214188 -133.164474
v -88.868675 -222.914795 -133.371063
v -109.595657 -218.621216 -120.413490
v -86.101944 -221.338852 -121.885559
v -82.493851 -219.846954 -109.757767
v -111.256111 -216.892242 -109.059601
v -65.099899 -223.161163 -122.810837
v -54.329071 -221.818314 -110.044518
v -27.377993 -225.437775 -123.927559
v -26.909973 -223.145447 -110.162628
v 0.000000 -224.766022 -114.672211
v 0.000000 -226.267822 -123.840103
v 0.000000 -227.816055 -132.893707
v -20.451939 -228.596634 -139.926453
v -0.000000 -228.620087 -137.429474
v 0.000000 -230.165421 -146.457321
v -18.408516 -230.932693 -152.877548
v 0.000000 -230.980057 -151.027084
v -0.000000 -231.759399 -155.580597
v -14.717005 -232.876404 -163.885971
v 0.000000 -233.244568 -164.642532
v -0.000000 -233.957825 -169.236237
v -20.166018 -234.795242 -176.783737
v 0.000000 -235.303940 -178.288315
v 0.000000 -236.427597 -187.306229
v -24.452513 -236.647156 -192.596649
v 0.000000 -237.033279 -191.977768
v -0.000000 -237.836929 -200.994034
v -19.033648 -238.130020 -207.090057
v -0.000000 -238.272308 -205.726303
v -0.000000 -238.456268 -210.546814
v 0.000000 -238.796921 -219.552643
v -50.333431 -236.096375 -202.341476
v -52.566742 -235.122894 -192.537689
v -52.115120 -233.909439 -182.332016
v -82.080597 -232.231644 -193.338898
v -82.768379 -230.054688 -174.985886
v -115.661819 -226.077835 -182.925842
v -115.049324 -224.027863 -163.642517
v -151.013855 -217.577316 -176.871872
v -175.747192 -210.589005 -187.967789
v -176.079605 -210.026535 -177.957993
v -176.574234 -209.198517 -168.817551
v -152.509918 -215.895218 -163.153702
v -175.573608 -208.437805 -154.754333
v -81.322624 -228.577072 -163.580582
v -49.095432 -231.422745 -164.299622
v -77.927612 -226.885284 -151.019135
v -43.959064 -229.083801 -149.058792
v -53.730877 -226.393036 -136.810822
v 0.000000 -224.019516 -110.249771
v -251.026947 -151.278732 -268.665192
v -254.903275 -158.540848 -250.079895
v -272.070587 -140.940598 -258.409210
v -281.864929 -140.412415 -241.745667
v -297.825378 -115.829613 -259.110382
v -271.150726 -134.127228 -270.051117
v -287.959015 -115.916412 -271.510437
v -309.894531 -85.820793 -273.894958
v -317.302887 -90.556458 -260.519440
v -322.556274 -94.124176 -245.912659
v -307.311951 -114.887718 -241.992508
v -325.274170 -95.936020 -230.656067
v -302.511749 -122.924454 -232.065689
v -288.238403 -138.163788 -226.289108
v -266.319611 -156.670670 -226.131317
v -281.262573 -146.012421 -212.746292
v -306.029053 -121.299576 -220.166779
v -306.196411 -121.731232 -204.928970
v -326.042511 -96.599648 -215.500488
v -325.489777 -96.733444 -200.666611
v -307.786804 -118.488602 -186.581375
v -283.321350 -144.726273 -195.410828
v -282.548279 -144.780045 -179.319244
v -302.539032 -122.666092 -169.391113
v -321.947296 -96.698952 -171.706833
v -319.455719 -96.839371 -157.391571
v -296.602600 -127.382515 -157.678635
v -299.247437 -122.827484 -146.475693
v -316.688354 -97.161263 -143.117691
v -297.274414 -122.631981 -132.326553
v -280.618011 -142.189026 -138.256012
v -278.417603 -146.174347 -150.609299
v -252.955322 -167.145767 -138.718109
v -271.010132 -149.886978 -123.014503
v -245.246674 -171.042404 -121.596886
v -247.880905 -168.327805 -108.939148
v -247.840012 -167.096451 -93.671570
v -269.941772 -148.987289 -106.210831
v -294.841339 -122.054848 -114.853912
v -313.731537 -97.664101 -128.871674
v -310.669495 -98.336372 -114.643852
v -307.540436 -99.126434 -100.431915
v -283.855042 -132.387589 -99.470299
v -288.607452 -124.781044 -87.931564
v -304.427612 -100.008858 -86.220741
v -269.667664 -147.325912 -90.418137
v -268.373474 -149.395966 -97.391029
v -255.618210 -166.513794 -157.972549
v -257.251526 -166.051300 -173.074844
v -279.680206 -146.283875 -164.624954
v -258.313599 -165.596115 -187.855118
v -257.898895 -165.586258 -202.693069
v -254.868225 -166.753250 -215.166092
v -254.484314 -163.366089 -236.488876
v -324.026733 -96.698067 -186.103149
v -200.017838 -123.595192 276.852203
v -211.437607 -101.300697 275.366577
v -206.728333 -125.050453 266.148376
v -186.333267 -145.486374 278.296692
v -188.753098 -155.296555 264.420013
v -210.204803 -134.884094 248.837189
v -192.902313 -159.323853 249.566376
v -175.995529 -176.892532 255.756119
v -172.039520 -173.334793 269.245361
v -169.729782 -168.097488 279.768311
v -160.757614 -177.958817 280.394836
v -162.189850 -187.199844 264.706543
v -145.641998 -199.850067 269.771118
v -139.926453 -196.423218 281.536682
v -127.443001 -212.336166 273.240417
v -119.329315 -211.964920 282.481171
v -102.086098 -231.301682 270.963318
v -97.949631 -225.253708 283.275726
v -128.686859 -218.800812 260.096130
v -105.751060 -235.437347 257.695801
v -122.487419 -228.833878 245.246964
v -109.617905 -237.514297 244.010300
v -114.428596 -237.605179 230.243454
v -133.819992 -223.585846 234.199051
v -142.210632 -213.874832 245.341644
v -152.253647 -209.426773 231.691345
v -138.444931 -223.021332 219.459763
v -162.785690 -203.116684 217.704651
v -157.347488 -210.340286 203.477753
v -128.582153 -232.059769 202.814758
v -120.696815 -235.784500 216.507050
v -155.595642 -213.116928 186.545090
v -137.747421 -226.196075 189.143341
v -147.740677 -218.640030 175.506561
v -159.479507 -209.954483 174.008209
v -158.149994 -210.527786 161.905899
v -176.611908 -195.827301 171.835281
v -181.053848 -192.295792 157.881042
v -200.136002 -174.974014 159.722534
v -199.634216 -176.203781 146.960281
v -167.651535 -202.282990 148.387756
v -199.349396 -176.962341 133.911148
v -175.788757 -195.361084 134.889648
v -199.959717 -176.882095 118.890869
v -182.151627 -190.219498 121.422539
v -186.874191 -186.783020 107.949158
v -204.721771 -174.017227 107.307281
v -220.856644 -160.955093 106.255196
v -207.693298 -172.921875 95.495964
v -236.016525 -150.884811 90.331169
v -216.143387 -169.060638 79.994324
v -193.544296 -183.641861 81.022934
v -196.431839 -183.271805 67.562256
v -221.224609 -167.278214 68.761452
v -217.910461 -171.771408 55.859173
v -234.762711 -157.433167 63.943760
v -237.145309 -153.235657 74.863564
v -252.743637 -139.940002 65.170296
v -241.539215 -154.232590 53.467758
v -264.710052 -130.072296 51.613697
v -275.762177 -109.221703 66.459190
v -256.471832 -132.444046 78.227371
v -272.548889 -109.152534 79.916725
v -257.064789 -127.724274 89.564728
v -269.168213 -109.081779 93.295746
v -246.597504 -135.808945 104.097939
v -265.658661 -109.071541 106.596474
v -245.021606 -133.440094 119.938980
v -262.076813 -109.181267 119.828667
v -242.444717 -132.798492 133.668365
v -222.941147 -155.139069 133.782074
v -221.413910 -154.648148 147.091446
v -239.583710 -132.709747 146.901337
v -258.442322 -109.418633 132.996246
v -254.784500 -109.766510 146.108994
v -236.590805 -132.781647 159.896622
v -251.148254 -110.188019 159.184113
v -233.578140 -132.964310 172.712357
v -247.535233 -110.594650 172.231308
v -230.516708 -133.156494 185.573135
v -243.988785 -110.912704 185.276978
v -227.790359 -132.584473 198.518463
v -240.500946 -111.042900 198.343063
v -226.054565 -130.119568 210.913956
v -236.974945 -110.854599 211.441483
v -225.768784 -125.719833 220.791458
v -213.240173 -144.180695 223.176071
v -219.481506 -130.190842 232.419373
v -233.277283 -110.222519 224.583847
v -229.229614 -109.037849 237.760590
v -224.508118 -107.184616 250.854370
v -202.821472 -152.886566 236.917404
v -194.198563 -168.726074 224.219360
v -211.468613 -151.435699 211.031372
v -195.332062 -172.004364 208.788391
v -180.123337 -186.314438 217.205338
v -172.762177 -190.711212 229.418610
v -184.184799 -174.827881 240.407730
v -163.575836 -194.798492 244.959198
v -163.700409 -190.486420 255.509842
v -151.383057 -201.496902 256.701874
v -178.410248 -190.598099 205.306686
v -197.202988 -173.007446 195.125366
v -212.886490 -153.778870 197.748932
v -215.623230 -153.661652 184.888153
v -201.979034 -169.897919 183.222916
v -180.834686 -190.757141 188.630737
v -199.644104 -174.014023 173.033325
v -217.929703 -153.646561 172.662125
v -219.604599 -154.310898 160.164627
v -223.703247 -156.489182 119.761749
v -278.762604 -109.219612 52.926868
v -281.514923 -109.083252 39.331356
v -266.031982 -131.596542 40.550797
v -247.346970 -151.809723 41.149460
v -225.849777 -169.168549 41.171806
v -202.116028 -183.543625 40.691086
v -199.281219 -183.319763 54.123283
v -190.483597 -184.714340 94.487732
v -218.662888 -104.570915 263.540131
v -72.002777 -258.706818 218.950027
v -49.135498 -264.812592 218.766495
v -65.612259 -259.545624 230.901840
v -93.671791 -249.007553 228.331863
v -82.056419 -251.124405 245.367218
v -91.153069 -252.032898 211.200790
v -111.790077 -242.421326 200.733154
v -86.530731 -254.420105 196.695801
v -62.439114 -262.630249 205.103592
v -65.778130 -261.257263 189.337570
v -37.446133 -267.489685 192.782913
v -36.423969 -267.765442 207.618881
v -19.545523 -268.925385 218.637024
v -40.701359 -265.292786 231.415848
v -16.042892 -267.721069 233.464417
v 0.000000 -268.666138 225.575912
v -0.000000 -268.176544 230.760086
v 0.000000 -267.418579 235.996201
v -14.742634 -265.748413 246.807190
v -37.381481 -263.902924 244.659256
v -35.218941 -261.150208 258.275299
v -60.285065 -256.275177 255.191086
v -57.094158 -260.137756 241.604095
v -81.119049 -248.295181 257.073517
v -75.434044 -245.580292 268.798981
v -75.113724 -236.565918 283.944702
v -49.183762 -246.529251 284.532166
v -50.919361 -254.237564 268.143311
v -32.908695 -256.781616 272.218262
v -13.833900 -262.639252 260.418945
v -13.618142 -258.105896 273.594696
v 0.000000 -261.767303 262.764038
v 0.000000 -263.282318 257.964935
v 0.000000 -265.111725 249.478210
v -0.000000 -266.183350 244.375305
v -0.000000 -258.926147 271.490082
v 0.000000 -256.948486 275.547699
v -15.092630 -252.607803 284.920959
v -33.334782 -250.567764 284.777344
v 0.000000 -252.271896 284.934631
v 0.000000 -269.463074 217.144440
v -0.000000 -269.666473 211.878616
v -14.957533 -270.047638 203.242203
v 0.000000 -269.976471 203.542740
v 0.000000 -269.820343 198.200592
v -11.961343 -269.671509 190.834915
v 0.000000 -269.559509 189.943100
v -0.000000 -268.996185 184.536575
v -20.136408 -267.769012 176.791779
v -0.000000 -268.123077 176.303009
v 0.000000 -267.174164 170.845642
v -16.422686 -265.189331 160.331619
v 0.000000 -265.742737 162.626755
v 0.000000 -264.472809 157.138733
v -13.263111 -261.899048 146.051910
v 0.000000 -262.584595 148.926910
v 0.000000 -260.377228 140.768478
v -9.560931 -258.629333 134.253220
v 0.000000 -258.860779 135.223755
v 0.000000 -256.452301 127.078171
v -14.459249 -255.112427 122.442726
v 0.000000 -254.788086 121.530251
v 0.000000 -252.288895 113.379570
v -21.345985 -249.714417 107.185410
v 0.000000 -250.560257 107.844025
v -0.000000 -248.852509 102.383873
v -16.876564 -245.404099 91.716789
v 0.000000 -246.339279 94.173378
v 0.000000 -244.677429 88.759880
v -12.643995 -241.765289 79.313652
v 0.000000 -242.208405 80.521904
v 0.000000 -239.775391 72.266663
v -19.621513 -237.135361 65.221306
v 0.000000 -238.151917 66.901299
v 0.000000 -236.570923 61.711288
v -13.633441 -233.488373 52.014755
v 0.000000 -234.098328 53.340759
v 0.000000 -231.542679 44.792160
v -20.254938 -228.783279 37.677494
v -0.000000 -229.987289 39.752804
v 0.000000 -227.408295 30.933432
v -15.714243 -224.791061 23.247143
v 0.000000 -225.953659 26.111946
v -0.000000 -223.592773 17.063009
v -12.106448 -221.999542 12.442434
v 0.000000 -222.352341 12.436853
v 0.000000 -221.429901 7.975784
v -21.437555 -219.248871 0.947153
v -0.000000 -219.567276 -1.215647
v 0.000000 -218.993759 -5.590694
v -24.933083 -217.172531 -12.614274
v 0.000000 -217.794846 -14.844933
v -50.218071 -216.144592 -9.445058
v -48.888222 -218.168106 4.115257
v -34.410526 -221.027969 13.393963
v -64.208694 -218.896744 15.223494
v -41.526814 -223.599075 25.540205
v -63.726379 -221.807770 28.062767
v -92.116814 -216.839127 24.988546
v -92.184296 -214.512711 10.483212
v -72.510979 -215.828110 2.442682
v -102.064865 -212.400482 1.754655
v -128.125458 -208.870544 9.939900
v -75.984360 -214.640396 -4.726155
v -122.458885 -211.823944 31.043169
v -100.270294 -218.375870 42.790623
v -70.009827 -223.579819 39.067062
v -71.721733 -226.696716 53.561329
v -41.859699 -230.365158 49.471428
v -49.025627 -233.138992 62.945976
v -39.776371 -238.720718 77.682686
v -72.024925 -230.201569 68.928528
v -64.121307 -235.642380 82.800789
v -90.633499 -227.634689 79.055656
v -92.597359 -224.909668 68.336006
v -95.658249 -222.351944 58.660301
v -111.256317 -219.050629 67.127464
v -123.800430 -213.549850 52.087261
v -143.409927 -207.600189 65.006340
v -119.999367 -218.175812 80.194427
v -148.613785 -206.679337 82.527107
v -175.446182 -193.857468 70.055916
v -173.117126 -195.844604 53.422058
v -165.890045 -199.061630 40.409492
v -178.559631 -195.060074 29.935614
v -148.592743 -204.790833 28.327530
v -139.497650 -207.823593 40.406143
v -149.806625 -205.013214 50.208405
v -122.198578 -212.857315 41.391750
v -153.771362 -203.361847 19.479324
v -172.861084 -194.926910 87.181915
v -174.281677 -194.177109 98.965012
v -154.982315 -204.663254 97.038437
v -166.535721 -199.592438 109.030083
v -155.923615 -206.990829 120.789955
v -163.492996 -204.062500 133.734741
v -153.927414 -211.369400 144.781891
v -141.544739 -217.455200 132.298309
v -136.946213 -222.821136 147.611176
v -117.499130 -230.912018 135.841522
v -123.552681 -225.155121 124.520081
v -102.472809 -234.182571 122.515945
v -87.439560 -244.311981 137.798279
v -112.711716 -236.834564 151.779907
v -87.411530 -248.248260 153.590485
v -64.055771 -255.080994 149.996552
v -73.045921 -255.637268 165.882645
v -43.813545 -262.463440 162.708542
v -51.944595 -263.199432 177.500198
v -72.956024 -257.718536 178.846451
v -92.042229 -250.548859 176.323441
v -84.090858 -254.642883 185.747818
v -104.887146 -245.529068 187.479218
v -117.750885 -237.888153 176.286621
v -122.803864 -233.538315 165.459702
v -100.664520 -244.722549 164.578568
v -135.881561 -225.396408 160.231247
v -37.112743 -260.049255 147.734711
v -55.294815 -252.842728 134.667297
v -28.724459 -257.195526 134.209473
v -41.172966 -251.692001 120.532372
v -72.488869 -243.896606 119.147804
v -54.164558 -244.731033 107.000374
v -44.851944 -242.604294 93.494316
v -74.270470 -236.375641 95.198540
v -73.378510 -239.968506 106.856522
v -95.237068 -232.897095 106.199371
v -120.814560 -223.987076 112.944794
v -125.794106 -218.407288 96.872871
v -143.380875 -212.360107 109.158768
v -136.903564 -217.511353 119.772369
v -100.799416 -227.235809 91.390854
v -47.862415 -225.883575 35.974766
v -274.175995 -129.281311 -0.840829
v -276.221436 -123.242249 13.421956
v -288.682648 -107.077187 -2.096223
v -290.851257 -106.030197 -16.031561
v -273.771820 -132.277298 -15.658730
v -293.116272 -104.848282 -30.023167
v -268.781189 -139.727982 -29.945887
v -280.908295 -127.165802 -46.002060
v -257.088837 -154.015839 -43.238552
v -263.128601 -149.853226 -57.296772
v -240.732605 -169.300064 -55.711140
v -247.049469 -164.952164 -67.113556
v -219.076675 -184.009064 -69.631950
v -242.756714 -169.639816 -81.843727
v -221.182922 -183.772598 -83.572586
v -266.155060 -148.495438 -71.938431
v -287.896484 -122.793999 -75.210663
v -280.020264 -130.725906 -61.467007
v -298.349731 -102.367188 -58.103832
v -295.607513 -103.609520 -44.052299
v -301.308990 -101.153786 -72.163788
v -217.017181 -184.275497 -55.701927
v -234.731369 -172.320786 -42.346485
v -215.010345 -184.553070 -41.792797
v -226.492142 -176.576569 -28.981220
v -246.919266 -161.626831 -29.748432
v -235.200562 -170.511536 -18.916220
v -253.029602 -155.236328 -16.793230
v -232.593262 -171.111099 -6.558679
v -210.972916 -184.814346 -14.095942
v -208.852112 -184.698715 -0.329983
v -227.698715 -172.265930 11.002134
v -254.123352 -152.743195 -1.831547
v -254.269852 -149.578156 16.035248
v -227.266937 -170.375443 28.014957
v -244.733734 -155.813553 31.272264
v -266.035034 -133.981689 29.771191
v -284.109436 -108.598961 25.582209
v -286.470978 -107.936783 11.774168
v -204.414444 -184.023621 27.050501
v -206.664413 -184.420410 13.382319
v -213.012054 -184.755661 -27.919767
v -163.267029 -203.553955 -55.562809
v -163.859573 -203.855606 -63.327202
v -144.845032 -206.932327 -55.566872
v -162.149368 -203.408386 -47.879440
v -181.116852 -198.493484 -55.613659
v -187.416992 -196.187683 -43.995956
v -190.787674 -196.258545 -67.549057
v -163.922775 -204.651627 -76.877182
v -137.045731 -209.256943 -68.306213
v -131.911636 -211.175812 -83.888306
v -160.665070 -206.496735 -93.311447
v -196.341492 -195.189194 -83.695610
v -189.638428 -198.349457 -96.483315
v -130.904343 -212.659805 -97.514160
v -109.557228 -215.040527 -92.396187
v -82.696648 -217.944244 -96.404282
v -90.128906 -215.685287 -83.180565
v -50.820107 -218.235184 -82.912094
v -78.634338 -215.244736 -69.492241
v -109.206734 -213.177383 -74.036423
v -106.545166 -211.990738 -55.533508
v -134.763290 -208.052078 -42.728786
v -104.077850 -211.300919 -35.535965
v -74.926880 -213.673309 -42.068867
v -75.867256 -213.518997 -24.327560
v -48.030804 -215.087723 -32.264000
v -20.374237 -216.409210 -26.806128
v -19.708590 -216.357971 -42.056725
v 0.000000 -216.992996 -37.789455
v -0.000000 -216.997192 -42.123844
v -0.000000 -217.412048 -51.444881
v -22.571321 -216.891815 -56.109760
v 0.000000 -217.610718 -55.764061
v 0.000000 -217.954605 -60.027866
v -19.480011 -218.231934 -70.751091
v -0.000000 -218.696960 -69.401436
v -0.000000 -219.692841 -78.679520
v -15.140507 -219.688583 -82.883987
v -0.000000 -220.167831 -83.032562
v 0.000000 -220.744263 -87.351654
v -20.717194 -221.062210 -94.527069
v -0.000000 -221.962112 -96.649361
v 0.000000 -222.633530 -101.016930
v -52.802670 -220.501404 -100.666901
v -47.601288 -216.597794 -65.232323
v -46.209324 -215.925613 -56.190109
v -46.629120 -215.474182 -47.495705
v -67.005112 -214.819214 -56.024086
v 0.000000 -216.995697 -28.483465
v 0.000000 -217.250793 -24.114870
v -101.197624 -211.429230 -19.540792
v -100.049416 -211.844894 -9.387734
v -120.153069 -209.224533 -13.000514
v -132.476318 -207.605774 -3.915138
v -156.873871 -202.743317 0.300283
v -153.751846 -203.699585 -17.179466
v -188.162933 -194.115601 -11.725893
v -186.680511 -195.768799 -29.399353
v -159.448181 -203.323761 -34.621269
v -182.980713 -194.955536 6.300262
v -180.738785 -195.052444 17.150112
v -129.318497 -208.159897 -27.298512
v -110.254868 -213.948700 -83.470276
v -54.363499 263.030426 -269.538025
v -25.498901 258.986633 -268.218536
v -54.258991 259.909332 -281.105743
v -84.932755 265.143311 -269.432556
v -52.816498 264.558624 -259.019867
v -80.300125 268.508942 -251.287827
v -111.710426 267.019989 -256.177124
v -103.025139 269.008423 -243.022400
v -78.062012 269.318573 -236.591599
v -50.562271 265.358276 -243.546585
v -50.304451 265.475159 -226.101151
v -19.901752 258.753418 -236.611481
v -21.364094 259.065765 -252.078125
v -0.000000 255.832932 -262.334198
v 0.000000 255.733246 -266.487793
v 0.000000 256.547699 -275.267578
v -20.863874 257.861145 -280.654083
v 0.000000 256.211639 -280.461823
v 0.000000 255.337814 -252.569672
v -0.000000 255.055908 -242.716415
v 0.000000 255.055603 -238.812012
v 0.000000 254.894638 -229.186630
v -15.776495 257.805664 -224.121353
v 0.000000 254.839508 -225.181870
v 0.000000 254.730316 -215.733459
v -23.521835 259.082642 -212.118042
v -0.000000 254.643845 -211.664612
v -0.000000 254.532959 -207.477600
v -19.501322 257.893433 -198.311157
v 0.000000 254.467331 -198.090683
v -0.000000 254.337906 -193.570816
v -19.176733 257.446716 -184.164307
v 0.000000 254.263763 -184.564774
v -0.000000 254.184631 -175.727371
v -18.368490 256.889221 -170.127777
v 0.000000 254.041595 -171.053696
v -0.000000 253.889786 -166.284027
v -14.772614 255.981644 -158.055618
v 0.000000 253.824493 -157.510406
v 0.000000 253.667206 -152.473694
v -24.101002 256.872803 -142.420258
v -0.000000 253.608017 -143.976883
v -0.000000 253.561066 -135.735855
v -25.367603 256.454742 -123.738792
v 0.000000 253.391708 -130.449249
v 0.000000 253.221130 -124.930397
v -51.284676 259.470917 -121.835594
v -55.901398 261.520660 -143.114548
v -46.070892 261.393616 -159.252731
v -79.982391 264.570953 -153.265228
v -79.090164 262.899261 -137.450363
v -107.828110 262.928864 -146.688278
v -102.975967 261.151642 -130.278244
v -139.768677 255.982788 -140.058350
v -135.451340 259.313599 -156.237457
v -163.273743 250.489960 -152.199829
v -169.604813 246.324188 -140.638748
v -163.231277 247.260818 -128.844299
v -190.953857 236.099716 -133.410538
v -187.617935 235.217377 -116.643486
v -214.717987 221.496460 -124.875313
v -218.388657 221.996902 -141.781555
v -238.286057 205.448486 -128.867065
v -236.457230 203.988495 -114.845741
v -213.043610 220.769913 -114.552406
v -211.637939 219.508163 -102.392082
v -186.746307 233.735367 -104.705315
v -160.495300 245.187012 -107.787560
v -155.753265 248.069427 -117.788788
v -133.320908 253.741455 -111.444588
v -133.567612 255.470718 -124.066139
v -105.677597 259.075928 -115.313446
v -78.120789 260.868683 -118.937149
v -77.650955 261.852997 -127.480080
v -234.657883 202.540070 -100.833336
v -240.116653 206.881805 -142.914429
v -241.921478 208.269714 -156.995789
v -208.394333 230.455643 -158.558594
v -189.449112 238.980133 -147.749802
v -182.923981 243.342392 -159.675659
v -191.557144 241.187485 -171.485092
v -159.682083 253.466431 -167.672195
v -171.580627 251.115387 -185.084610
v -200.762238 237.912659 -183.901703
v -222.644196 224.497681 -173.912567
v -222.607712 226.865662 -190.908447
v -245.240692 210.811859 -185.274979
v -243.649765 209.591599 -171.115311
v -246.596237 211.902939 -199.479874
v -223.297073 227.958862 -205.503052
v -194.378632 242.640625 -198.100235
v -201.881622 239.676636 -211.931580
v -169.180634 254.046265 -211.572678
v -197.876862 242.050583 -225.325256
v -224.234421 228.266357 -219.658447
v -224.223923 228.370361 -234.302399
v -196.841064 241.657196 -244.060074
v -227.513000 225.491058 -247.132751
v -247.439011 213.654343 -242.522598
v -247.950073 213.471481 -228.094360
v -245.743912 213.062469 -256.943054
v -220.895493 227.609467 -258.488281
v -242.624023 211.210541 -271.072876
v -214.755219 227.697754 -270.184723
v -220.990387 218.524948 -284.138885
v -238.055054 207.637238 -284.430084
v -192.434387 236.367996 -275.171051
v -191.833099 233.148697 -283.590851
v -163.600983 244.841721 -283.048248
v -167.313965 249.438080 -267.931335
v -140.882278 255.791931 -274.339569
v -134.023148 254.601822 -282.482300
v -117.509857 257.996826 -282.175385
v -119.671516 262.691559 -268.846710
v -141.595688 259.824402 -260.460419
v -138.640625 263.415863 -242.348618
v -168.323013 252.438721 -252.956757
v -193.885574 240.061615 -261.359406
v -168.519394 253.729050 -242.542709
v -168.664688 254.317444 -231.372635
v -137.931580 264.161469 -222.766739
v -135.293777 264.256683 -209.068329
v -144.107300 261.186279 -195.972504
v -115.147560 267.485413 -201.201782
v -106.683571 267.250977 -186.598892
v -78.914062 268.578918 -200.914886
v -108.803894 269.105408 -213.403625
v -79.570129 269.484772 -217.876923
v -55.712009 265.939789 -211.696442
v -45.147083 263.536194 -202.574982
v -78.353737 269.537109 -227.272339
v -103.983505 269.520264 -228.955750
v -47.346256 263.477264 -190.997208
v -72.755455 266.658966 -184.955246
v -47.749714 262.759033 -176.538895
v -82.425644 266.270172 -170.673828
v -113.834938 265.100769 -173.382797
v -138.411240 261.379852 -179.578766
v -131.483765 261.373077 -167.936493
v -108.795280 264.607147 -161.489044
v -169.865738 252.960938 -197.863800
v -88.324524 260.205841 -281.659180
v -247.572617 212.822845 -213.745529
v -299.481659 72.900108 22.779848
v -299.826202 78.889107 6.369135
v -306.170349 48.093662 17.814405
v -305.619781 38.334759 33.510204
v -299.268494 68.719330 31.918488
v -289.909882 98.084114 29.638889
v -289.162445 104.228851 16.597145
v -277.809296 126.033272 26.420864
v -274.414520 134.988312 11.322708
v -263.065094 152.182358 22.054625
v -257.369751 161.369537 10.307771
v -265.125153 151.721863 1.838763
v -275.257874 135.506073 -1.119422
v -286.431946 113.596619 2.226600
v -281.120422 126.929512 -9.186001
v -293.062744 102.461578 -10.493105
v -305.245789 68.388344 -10.088695
v -298.567505 93.369766 -27.715734
v -309.778931 57.221821 -24.176535
v -312.829346 33.516071 -10.586611
v -309.603760 41.537880 5.360805
v -313.079773 9.686737 6.870761
v -310.974976 8.544425 20.712416
v -315.017273 10.833496 -7.053749
v -316.941467 12.011216 -21.055210
v -314.957672 32.268845 -24.887615
v -319.028229 13.242318 -35.111217
v -314.831482 42.764328 -34.019142
v -317.411316 39.440029 -48.194504
v -309.013306 67.783524 -38.681133
v -310.187958 71.540161 -53.761101
v -299.782562 96.184868 -45.643188
v -301.355804 97.273468 -59.645161
v -310.842590 76.183792 -67.453613
v -318.851013 46.952984 -64.615738
v -318.016907 58.394424 -78.891853
v -326.373199 17.168642 -77.467476
v -323.801392 15.848490 -63.324482
v -321.333740 14.529154 -49.203129
v -323.417267 48.479984 -92.459503
v -328.991150 18.484928 -91.621056
v -314.736542 77.501999 -93.678764
v -310.132538 82.551109 -78.349472
v -302.676544 102.412827 -81.299690
v -303.695770 105.514893 -94.965958
v -290.126099 128.414581 -82.762459
v -290.467102 132.505493 -96.197060
v -274.723114 154.427490 -85.580208
v -274.771606 158.054291 -97.446205
v -259.340485 175.126160 -89.133820
v -256.209991 181.582123 -98.915695
v -232.986282 201.090286 -86.977493
v -255.663361 176.719482 -77.506714
v -231.384735 199.748932 -73.118866
v -256.007782 172.287140 -60.461018
v -274.859039 150.070908 -71.457748
v -278.341949 140.465149 -56.105881
v -291.823181 120.041946 -67.805992
v -291.354980 116.685501 -53.951462
v -286.484955 122.982574 -41.595348
v -268.674927 152.626450 -42.672626
v -279.970367 131.353241 -24.595886
v -258.441864 163.663376 -29.279518
v -265.701599 152.374146 -11.539830
v -242.615768 181.141190 -18.233746
v -247.783112 174.638016 -0.206003
v -225.920609 197.232361 -3.802427
v -226.580078 196.966309 -17.661692
v -227.453812 197.091385 -31.531506
v -241.372375 183.755539 -33.839977
v -228.567963 197.652039 -45.400215
v -247.874237 178.860168 -44.996449
v -229.893463 198.575867 -59.260948
v -225.316391 197.637527 10.044529
v -244.651337 177.856262 9.308991
v -245.629227 176.181793 16.477440
v -303.393738 96.426308 -70.765045
v -308.644318 7.419003 34.488377
v -310.521729 -9.379596 21.714516
v -307.676971 -22.715738 36.640160
v -307.648987 -39.448860 22.637960
v -312.478485 -18.846262 8.338071
v -307.154938 -55.181004 7.403073
v -312.943390 -28.707712 -3.086532
v -315.208069 -25.931681 -16.738050
v -309.527435 -53.940437 -8.363428
v -311.257111 -52.151722 -17.997784
v -304.321442 -76.165581 -18.695797
v -299.088470 -84.436501 -2.084641
v -299.022064 -81.355812 10.087196
v -298.866180 -75.827080 22.360952
v -286.470978 -107.936783 11.774168
v -284.109436 -108.598961 25.582209
v -294.365173 -81.566978 39.109016
v -303.025940 -52.585411 38.186237
v -281.514923 -109.083252 39.331356
v -288.682648 -107.077187 -2.096223
v -290.851257 -106.030197 -16.031561
v -293.116272 -104.848282 -30.023167
v -305.302917 -77.618347 -28.843735
v -312.568756 -52.522598 -28.356142
v -307.226929 -75.986420 -38.273609
v -317.655182 -41.365486 -45.644108
v -310.499725 -73.292000 -53.004223
v -295.607513 -103.609520 -44.052299
v -298.349731 -102.367188 -58.103832
v -315.019379 -68.975243 -70.240746
v -301.308990 -101.153786 -72.163788
v -317.453400 -72.024033 -86.406380
v -326.002594 -42.833881 -87.375381
v -322.771149 -44.042664 -73.161171
v -325.833221 -18.720242 -72.859138
v -320.464905 -44.486130 -62.145214
v -322.962708 -19.098986 -58.224133
v -321.252686 -5.637464 -47.289310
v -318.658997 -16.695621 -32.237411
v -329.891968 -12.408578 -89.087402
v -304.427612 -100.008858 -86.220741
v -319.975311 113.294571 -271.195709
v -317.536224 125.004936 -260.808289
v -304.387451 142.629547 -274.367981
v -311.429565 117.003731 -284.569672
v -326.919434 87.720871 -274.958801
v -331.057892 92.548492 -257.874268
v -338.691254 57.042740 -265.096710
v -342.696533 56.291653 -248.769211
v -336.060425 82.150902 -237.783447
v -320.772766 122.153198 -243.751999
v -326.045074 107.076942 -223.810471
v -312.055786 138.757721 -229.296585
v -305.644897 151.232620 -240.385803
v -303.832031 152.791977 -256.191833
v -293.197388 169.992584 -245.369843
v -292.482941 170.369080 -228.277054
v -272.648163 193.028351 -245.189560
v -283.191254 180.070175 -257.150330
v -268.185211 195.629486 -256.681000
v -266.651428 193.981186 -266.729919
v -265.780914 185.127701 -284.820770
v -286.043671 172.064453 -271.688873
v -280.170013 169.734802 -284.936371
v -297.769379 143.850037 -284.880096
v -264.725159 199.643600 -228.983612
v -274.644135 189.187637 -216.558563
v -273.626801 187.633728 -201.450714
v -289.789581 170.775223 -211.312622
v -294.015411 161.681091 -200.630661
v -288.803772 165.897827 -187.551758
v -265.058502 192.729538 -182.669876
v -263.496246 190.279343 -164.665176
v -285.866547 164.983185 -170.675858
v -277.509186 171.583618 -157.067963
v -295.169067 145.218445 -156.865219
v -278.279388 166.613266 -142.842133
v -260.690704 189.612488 -150.361496
v -257.703308 189.612885 -138.424835
v -267.761627 175.304520 -127.826012
v -260.390472 180.389374 -113.475189
v -282.700073 150.815445 -114.255348
v -298.806885 120.870682 -110.048111
v -297.649597 128.955124 -125.112289
v -310.029602 100.619011 -119.950348
v -307.223389 102.614616 -108.692162
v -315.800842 81.332428 -108.627968
v -324.758026 49.790413 -101.965767
v -327.486633 51.459202 -119.639618
v -331.689880 19.348631 -105.973579
v -334.388519 20.192867 -120.354660
v -337.078918 21.001143 -134.789566
v -328.261475 58.024826 -135.287460
v -319.988281 80.212326 -129.338745
v -321.415039 83.085350 -143.258957
v -331.826324 54.106148 -147.544998
v -323.288147 85.675323 -158.591644
v -334.480865 54.692699 -162.735382
v -339.747620 21.761877 -149.295822
v -342.368500 22.468004 -163.882782
v -337.868469 53.485374 -179.058334
v -325.125763 90.044937 -177.327057
v -331.654877 81.212769 -194.756287
v -319.040955 113.466759 -194.298843
v -324.964294 104.134834 -207.376541
v -309.343994 139.468658 -210.775009
v -336.127869 75.527847 -212.758606
v -335.839111 81.018936 -225.357742
v -343.422089 56.219379 -227.115158
v -344.634338 45.970631 -213.685593
v -342.291565 47.179028 -197.151779
v -349.103333 24.099710 -208.277893
v -350.260437 24.323467 -223.433273
v -347.201202 23.670427 -193.339890
v -344.890533 23.111332 -178.557175
v -350.066162 24.243801 -238.808472
v -343.906708 55.139629 -238.110764
v -347.579559 23.785128 -254.130783
v -305.179138 141.237411 -192.366104
v -312.841339 121.404701 -182.296219
v -301.305267 142.798172 -178.303558
v -299.058350 143.023788 -168.527512
v -310.582123 119.973289 -167.754974
v -310.511322 112.997368 -150.629364
v -297.030060 136.240738 -140.185699
v -310.059052 107.439659 -135.144501
v -284.974823 152.423859 -130.052658
v -318.809418 78.773651 -119.828903
v -341.949951 23.001076 -268.594391
v -329.400696 55.980980 -282.789062
v -333.330536 22.137144 -281.212677
v -321.858765 88.164223 -283.909546
v -207.546768 215.163727 -59.468063
v -205.886307 217.831390 -71.157806
v -206.923645 213.926636 -46.221542
v -186.253128 227.414169 -61.180386
v -179.778656 229.411606 -48.438141
v -159.517197 238.432510 -55.798477
v -158.969833 240.831146 -74.034279
v -184.359940 230.034012 -72.634727
v -186.054672 230.777390 -83.873680
v -213.252090 215.848297 -88.859276
v -165.683380 240.655273 -92.187103
v -136.247696 249.828964 -90.684616
v -134.697479 251.994995 -102.388718
v -108.714546 256.401398 -99.738167
v -72.613785 259.199249 -104.953255
v -48.518482 258.525421 -111.627113
v -20.963787 255.538788 -116.046844
v 0.000000 253.185822 -116.843315
v -0.000000 253.175751 -109.175209
v -22.602589 255.277008 -103.218346
v -0.000000 253.001038 -103.244408
v 0.000000 252.848465 -97.000435
v -18.698544 254.449722 -89.111534
v 0.000000 252.871796 -89.613678
v 0.000000 252.753677 -82.969666
v -16.714520 253.991943 -74.931854
v 0.000000 252.820053 -75.946320
v -0.000000 252.945633 -69.241989
v -12.390333 253.645279 -62.587303
v 0.000000 252.886948 -62.267982
v 0.000000 252.934021 -54.897129
v -17.330359 253.970078 -50.375263
v 0.000000 253.119873 -48.581909
v 0.000000 253.317139 -40.907688
v -22.916245 254.303345 -34.428574
v 0.000000 253.583405 -34.864185
v -0.000000 253.980423 -26.952465
v -19.096682 254.999512 -18.530199
v -0.000000 254.350113 -21.118113
v -0.000000 254.965607 -13.068925
v -19.062851 256.042755 -5.078753
v 0.000000 255.448425 -7.384020
v 0.000000 256.011353 -1.790338
v -23.080322 257.117615 6.266911
v 0.000000 256.788177 6.317143
v -47.066074 256.861694 6.262968
v -46.649586 255.694519 -7.155848
v -72.398048 255.706467 6.322503
v -77.768631 253.919907 -9.974945
v -98.902328 253.093338 6.486971
v -109.676865 250.105637 -6.677439
v -125.927216 248.291916 6.817075
v -135.141235 244.714630 -5.552904
v -152.895081 240.561447 7.382850
v -152.037521 239.878601 -6.058424
v -147.317795 240.782959 -17.652897
v -171.544113 231.821091 -8.013062
v -170.570587 231.968933 -22.640491
v -194.155563 219.888397 -19.706717
v -182.970612 226.791138 -34.798393
v -154.581146 238.727203 -32.735676
v -163.029770 235.913132 -43.682014
v -138.917435 243.859909 -45.608337
v -130.656723 247.545303 -60.762676
v -104.134453 251.219223 -48.195850
v -122.413300 247.318665 -30.998138
v -90.367920 252.175446 -34.018364
v -99.046669 251.345688 -20.819241
v -73.270653 253.755981 -25.981924
v -48.397926 254.768860 -21.784544
v -55.468502 254.300964 -34.508827
v -72.495338 253.760452 -34.423592
v -73.310394 253.961319 -42.705704
v -46.753067 254.651260 -47.230164
v -73.584663 254.725098 -56.891834
v -101.135872 253.283646 -64.958435
v -77.059746 255.878021 -73.609695
v -100.601753 254.356766 -74.497223
v -121.658577 250.910141 -74.943344
v -103.236992 255.206451 -83.891266
v -75.489929 257.687500 -89.700912
v -45.718483 256.277374 -81.025055
v -41.046268 255.103348 -63.835300
v -46.786663 257.272675 -95.276772
v -47.306492 257.895447 -103.840401
v -122.687820 247.380646 -16.508389
v -208.199127 211.567062 -29.962021
v -200.909286 216.107162 -5.307251
v -203.341888 215.003998 9.113339
v -179.060562 229.424194 8.184265
v -346.857513 -8.233924 -172.388245
v -343.499664 -12.556795 -156.101868
v -340.909515 -7.357286 -141.614212
v -339.080750 -7.403767 -132.779327
v -337.162964 -8.998112 -123.239952
v -333.996429 -10.100961 -108.185303
v -331.155609 -43.881874 -113.031593
v -336.842712 -34.399204 -131.638733
v -325.669525 -70.566994 -123.305870
v -330.740936 -68.121292 -142.567154
v -313.731537 -97.664101 -128.871674
v -310.669495 -98.336372 -114.643852
v -320.214996 -76.297234 -109.734970
v -307.540436 -99.126434 -100.431915
v -321.067596 -67.522827 -97.262451
v -329.509064 -35.470551 -98.920502
v -316.688354 -97.161263 -143.117691
v -319.455719 -96.839371 -157.391571
v -335.232910 -63.414455 -158.072266
v -339.735168 -43.526917 -153.883530
v -343.142090 -39.323883 -165.491241
v -336.031494 -68.113327 -169.869064
v -346.289001 -37.938995 -180.944275
v -349.540283 -4.638366 -189.037521
v -349.915466 -34.309189 -203.161575
v -338.017853 -69.386520 -185.381088
v -336.491394 -76.262131 -201.481216
v -324.026733 -96.698067 -186.103149
v -321.947296 -96.698952 -171.706833
v -325.489777 -96.733444 -200.666611
v -326.042511 -96.599648 -215.500488
v -344.607330 -58.483929 -219.432968
v -337.190643 -72.718735 -236.454132
v -325.274170 -95.936020 -230.656067
v -322.556274 -94.124176 -245.912659
v -332.132080 -70.344032 -255.125092
v -342.768524 -47.373444 -250.871887
v -335.345459 -40.532063 -267.591919
v -347.024017 -12.798004 -256.178619
v -349.190063 -38.284317 -237.575653
v -352.240295 -5.408467 -238.857101
v -339.475098 -3.384825 -271.228607
v -332.969330 -9.020776 -279.407623
v -328.365021 -38.497074 -277.426727
v -319.275024 -67.699066 -275.289368
v -323.807556 -71.306938 -266.821411
v -309.894531 -85.820793 -273.894958
v -317.302887 -90.556458 -260.519440
v -352.771423 -2.280270 -222.274139
v -351.446686 -27.983038 -223.926239
v -350.891144 5.146872 -206.449753
v -339.857788 -33.256855 -145.329437
v 264.599579 -7.354854 205.416977
v 260.013214 -8.173488 218.429932
v 257.505951 -29.741127 221.889359
v 262.452515 -32.151318 207.201477
v 268.963837 -6.255986 192.530884
v 265.094391 -36.130726 197.667587
v 270.151978 -28.389627 184.203903
v 273.232880 -4.966005 179.721252
v 277.400452 -3.594752 166.922562
v 274.617157 -30.248184 169.774460
v 281.414917 -2.224486 154.085663
v 278.749573 -29.961096 156.588547
v 285.198090 -0.917543 141.168777
v 282.599182 -29.775143 143.686371
v 288.708466 0.298975 128.148758
v 285.773010 -31.033346 131.148712
v 291.942200 1.429604 115.015793
v 287.120911 -38.817974 120.166328
v 292.372559 -23.386950 108.049278
v 286.610748 -55.241024 110.420036
v 280.101959 -64.989983 123.627655
v 273.687836 -85.200768 121.562057
v 277.358459 -84.759789 108.632576
v 287.483826 -62.306572 98.349113
v 280.479828 -85.415688 95.305901
v 291.807251 -58.279640 85.730461
v 295.576782 -27.702019 93.234032
v 298.295410 -31.778915 77.854881
v 300.680847 4.488028 75.044907
v 302.053650 -22.564211 64.990562
v 296.157532 -53.901733 71.119652
v 300.977875 -46.103237 54.144444
v 291.028717 -75.702087 64.833702
v 292.291656 -79.748833 52.853210
v 303.025940 -52.585411 38.186237
v 294.365173 -81.566978 39.109016
v 278.762604 -109.219612 52.926868
v 281.514923 -109.083252 39.331356
v 275.762177 -109.221703 66.459190
v 307.676971 -22.715738 36.640160
v 305.354340 -12.182809 49.991856
v 308.644318 7.419003 34.488377
v 306.127075 6.452349 48.058800
v 303.453979 5.469850 61.580032
v 283.812439 -86.499458 79.592850
v 272.548889 -109.152534 79.916725
v 269.168213 -109.081779 93.295746
v 265.658661 -109.071541 106.596474
v 297.849518 3.500377 88.446976
v 294.962769 2.489418 101.777184
v 262.076813 -109.181267 119.828667
v 258.442322 -109.418633 132.996246
v 269.865021 -86.058655 133.999268
v 254.784500 -109.766510 146.108994
v 266.828552 -85.277565 146.293274
v 251.148254 -110.188019 159.184113
v 263.428192 -84.842651 159.042618
v 247.535233 -110.594650 172.231308
v 259.685181 -84.966675 171.971802
v 243.988785 -110.912704 185.276978
v 255.932632 -85.067612 185.039825
v 240.500946 -111.042900 198.343063
v 252.369034 -84.431572 198.264343
v 236.974945 -110.854599 211.441483
v 249.496689 -80.392326 212.203110
v 233.277283 -110.222519 224.583847
v 243.175095 -83.908386 228.071060
v 229.229614 -109.037849 237.760590
v 237.774551 -83.895416 242.146942
v 224.508118 -107.184616 250.854370
v 231.842148 -82.482216 255.324417
v 218.662888 -104.570915 263.540131
v 227.030914 -80.879768 264.080536
v 220.585709 -78.384544 273.840637
v 211.437607 -101.300697 275.366577
v 234.089859 -56.951878 262.642731
v 227.321121 -54.946033 272.310974
v 231.437469 -31.617321 270.868256
v 238.545547 -32.867817 261.067871
v 241.646301 -8.866723 257.550598
v 243.921387 -33.500397 252.247299
v 248.951981 -8.865959 244.724640
v 250.668121 -33.348312 238.601212
v 254.929153 -8.669337 231.571869
v 248.953247 -58.476238 232.813507
v 242.611252 -58.649254 247.517776
v 254.409073 -57.114735 218.213120
v 232.896118 -8.824385 269.600983
v 258.944946 -53.352871 206.502213
v 260.988770 -57.442261 197.301392
v 264.824554 -57.827236 184.419556
v 268.798584 -58.049450 171.140808
v 272.750275 -57.880371 158.151550
v 276.323547 -58.432777 145.413406
v 278.901733 -60.741856 133.398300
v 313.079773 9.686737 6.870761
v 310.974976 8.544425 20.712416
v 310.521729 -9.379596 21.714516
v 312.478485 -18.846262 8.338071
v 315.017273 10.833496 -7.053749
v 312.943390 -28.707712 -3.086532
v 315.208069 -25.931681 -16.738050
v 316.941467 12.011216 -21.055210
v 318.658997 -16.695621 -32.237411
v 319.028229 13.242318 -35.111217
v 321.252686 -5.637464 -47.289310
v 321.333740 14.529154 -49.203129
v 323.801392 15.848490 -63.324482
v 322.962708 -19.098986 -58.224133
v 325.833221 -18.720242 -72.859138
v 320.464905 -44.486130 -62.145214
v 322.771149 -44.042664 -73.161171
v 326.002594 -42.833881 -87.375381
v 315.019379 -68.975243 -70.240746
v 317.453400 -72.024033 -86.406380
v 301.308990 -101.153786 -72.163788
v 298.349731 -102.367188 -58.103832
v 310.499725 -73.292000 -53.004223
v 295.607513 -103.609520 -44.052299
v 307.226929 -75.986420 -38.273609
v 293.116272 -104.848282 -30.023167
v 305.302917 -77.618347 -28.843735
v 304.321442 -76.165581 -18.695797
v 290.851257 -106.030197 -16.031561
v 299.088470 -84.436501 -2.084641
v 288.682648 -107.077187 -2.096223
v 286.470978 -107.936783 11.774168
v 299.022064 -81.355812 10.087196
v 298.866180 -75.827080 22.360952
v 307.154938 -55.181004 7.403073
v 307.648987 -39.448860 22.637960
v 284.109436 -108.598961 25.582209
v 309.527435 -53.940437 -8.363428
v 311.257111 -52.151722 -17.997784
v 312.568756 -52.522598 -28.356142
v 317.655182 -41.365486 -45.644108
v 304.427612 -100.008858 -86.220741
v 329.891968 -12.408578 -89.087402
v 326.373199 17.168642 -77.467476
v 328.991150 18.484928 -91.621056
v 200.017838 -123.595192 276.852203
v 206.728333 -125.050453 266.148376
v 210.204803 -134.884094 248.837189
v 219.481506 -130.190842 232.419373
v 225.768784 -125.719833 220.791458
v 226.054565 -130.119568 210.913956
v 227.790359 -132.584473 198.518463
v 230.516708 -133.156494 185.573135
v 233.578140 -132.964310 172.712357
v 236.590805 -132.781647 159.896622
v 239.583710 -132.709747 146.901337
v 242.444717 -132.798492 133.668365
v 245.021606 -133.440094 119.938980
v 246.597504 -135.808945 104.097939
v 257.064789 -127.724274 89.564728
v 256.471832 -132.444046 78.227371
v 252.743637 -139.940002 65.170296
v 264.710052 -130.072296 51.613697
v 241.539215 -154.232590 53.467758
v 234.762711 -157.433167 63.943760
v 217.910461 -171.771408 55.859173
v 221.224609 -167.278214 68.761452
v 196.431839 -183.271805 67.562256
v 216.143387 -169.060638 79.994324
v 237.145309 -153.235657 74.863564
v 236.016525 -150.884811 90.331169
v 207.693298 -172.921875 95.495964
v 193.544296 -183.641861 81.022934
v 190.483597 -184.714340 94.487732
v 186.874191 -186.783020 107.949158
v 204.721771 -174.017227 107.307281
v 199.959717 -176.882095 118.890869
v 182.151627 -190.219498 121.422539
v 175.788757 -195.361084 134.889648
v 199.349396 -176.962341 133.911148
v 167.651535 -202.282990 148.387756
v 199.634216 -176.203781 146.960281
v 181.053848 -192.295792 157.881042
v 158.149994 -210.527786 161.905899
v 176.611908 -195.827301 171.835281
v 159.479507 -209.954483 174.008209
v 147.740677 -218.640030 175.506561
v 155.595642 -213.116928 186.545090
v 137.747421 -226.196075 189.143341
v 128.582153 -232.059769 202.814758
v 157.347488 -210.340286 203.477753
v 138.444931 -223.021332 219.459763
v 120.696815 -235.784500 216.507050
v 114.428596 -237.605179 230.243454
v 133.819992 -223.585846 234.199051
v 122.487419 -228.833878 245.246964
v 109.617905 -237.514297 244.010300
v 105.751060 -235.437347 257.695801
v 128.686859 -218.800812 260.096130
v 102.086098 -231.301682 270.963318
v 127.443001 -212.336166 273.240417
v 119.329315 -211.964920 282.481171
v 97.949631 -225.253708 283.275726
v 139.926453 -196.423218 281.536682
v 145.641998 -199.850067 269.771118
v 160.757614 -177.958817 280.394836
v 162.189850 -187.199844 264.706543
v 172.039520 -173.334793 269.245361
v 175.995529 -176.892532 255.756119
v 163.700409 -190.486420 255.509842
v 163.575836 -194.798492 244.959198
v 184.184799 -174.827881 240.407730
v 192.902313 -159.323853 249.566376
v 202.821472 -152.886566 236.917404
v 188.753098 -155.296555 264.420013
v 194.198563 -168.726074 224.219360
v 213.240173 -144.180695 223.176071
v 211.468613 -151.435699 211.031372
v 195.332062 -172.004364 208.788391
v 212.886490 -153.778870 197.748932
v 197.202988 -173.007446 195.125366
v 215.623230 -153.661652 184.888153
v 201.979034 -169.897919 183.222916
v 217.929703 -153.646561 172.662125
v 199.644104 -174.014023 173.033325
v 219.604599 -154.310898 160.164627
v 200.136002 -174.974014 159.722534
v 221.413910 -154.648148 147.091446
v 222.941147 -155.139069 133.782074
v 180.834686 -190.757141 188.630737
v 178.410248 -190.598099 205.306686
v 162.785690 -203.116684 217.704651
v 180.123337 -186.314438 217.205338
v 172.762177 -190.711212 229.418610
v 152.253647 -209.426773 231.691345
v 142.210632 -213.874832 245.341644
v 151.383057 -201.496902 256.701874
v 169.729782 -168.097488 279.768311
v 186.333267 -145.486374 278.296692
v 223.703247 -156.489182 119.761749
v 220.856644 -160.955093 106.255196
v 199.281219 -183.319763 54.123283
v 202.116028 -183.543625 40.691086
v 225.849777 -169.168549 41.171806
v 247.346970 -151.809723 41.149460
v 266.031982 -131.596542 40.550797
v 49.135498 -264.812592 218.766495
v 72.002777 -258.706818 218.950027
v 65.612259 -259.545624 230.901840
v 40.701359 -265.292786 231.415848
v 19.545523 -268.925385 218.637024
v 36.423969 -267.765442 207.618881
v 14.957533 -270.047638 203.242203
v 37.446133 -267.489685 192.782913
v 62.439114 -262.630249 205.103592
v 65.778130 -261.257263 189.337570
v 86.530731 -254.420105 196.695801
v 91.153069 -252.032898 211.200790
v 111.790077 -242.421326 200.733154
v 104.887146 -245.529068 187.479218
v 84.090858 -254.642883 185.747818
v 92.042229 -250.548859 176.323441
v 72.956024 -257.718536 178.846451
v 51.944595 -263.199432 177.500198
v 73.045921 -255.637268 165.882645
v 43.813545 -262.463440 162.708542
v 64.055771 -255.080994 149.996552
v 87.411530 -248.248260 153.590485
v 87.439560 -244.311981 137.798279
v 112.711716 -236.834564 151.779907
v 117.499130 -230.912018 135.841522
v 136.946213 -222.821136 147.611176
v 141.544739 -217.455200 132.298309
v 153.927414 -211.369400 144.781891
v 163.492996 -204.062500 133.734741
v 155.923615 -206.990829 120.789955
v 166.535721 -199.592438 109.030083
v 143.380875 -212.360107 109.158768
v 136.903564 -217.511353 119.772369
v 120.814560 -223.987076 112.944794
v 123.552681 -225.155121 124.520081
v 102.472809 -234.182571 122.515945
v 95.237068 -232.897095 106.199371
v 125.794106 -218.407288 96.872871
v 100.799416 -227.235809 91.390854
v 119.999367 -218.175812 80.194427
v 148.613785 -206.679337 82.527107
v 154.982315 -204.663254 97.038437
v 172.861084 -194.926910 87.181915
v 174.281677 -194.177109 98.965012
v 175.446182 -193.857468 70.055916
v 173.117126 -195.844604 53.422058
v 165.890045 -199.061630 40.409492
v 178.559631 -195.060074 29.935614
v 148.592743 -204.790833 28.327530
v 139.497650 -207.823593 40.406143
v 122.458885 -211.823944 31.043169
v 128.125458 -208.870544 9.939900
v 153.771362 -203.361847 19.479324
v 92.116814 -216.839127 24.988546
v 92.184296 -214.512711 10.483212
v 102.064865 -212.400482 1.754655
v 72.510979 -215.828110 2.442682
v 64.208694 -218.896744 15.223494
v 48.888222 -218.168106 4.115257
v 34.410526 -221.027969 13.393963
v 21.437555 -219.248871 0.947153
v 12.106448 -221.999542 12.442434
v 0.000000 -221.429901 7.975784
v -0.000000 -219.567276 -1.215647
v 0.000000 -218.993759 -5.590694
v 24.933083 -217.172531 -12.614274
v 50.218071 -216.144592 -9.445058
v 0.000000 -217.794846 -14.844933
v 0.000000 -222.352341 12.436853
v -0.000000 -223.592773 17.063009
v 15.714243 -224.791061 23.247143
v 0.000000 -225.953659 26.111946
v 0.000000 -227.408295 30.933432
v 20.254938 -228.783279 37.677494
v 41.526814 -223.599075 25.540205
v 47.862415 -225.883575 35.974766
v 41.859699 -230.365158 49.471428
v 13.633441 -233.488373 52.014755
v 0.000000 -231.542679 44.792160
v -0.000000 -229.987289 39.752804
v 0.000000 -234.098328 53.340759
v 0.000000 -236.570923 61.711288
v 19.621513 -237.135361 65.221306
v 0.000000 -238.151917 66.901299
v 0.000000 -239.775391 72.266663
v 12.643995 -241.765289 79.313652
v 39.776371 -238.720718 77.682686
v 16.876564 -245.404099 91.716789
v 44.851944 -242.604294 93.494316
v 21.345985 -249.714417 107.185410
v -0.000000 -248.852509 102.383873
v 0.000000 -246.339279 94.173378
v 0.000000 -244.677429 88.759880
v 0.000000 -250.560257 107.844025
v 0.000000 -252.288895 113.379570
v 14.459249 -255.112427 122.442726
v 41.172966 -251.692001 120.532372
v 28.724459 -257.195526 134.209473
v 9.560931 -258.629333 134.253220
v 0.000000 -256.452301 127.078171
v 0.000000 -254.788086 121.530251
v 0.000000 -258.860779 135.223755
v 0.000000 -260.377228 140.768478
v 13.263111 -261.899048 146.051910
v 0.000000 -262.584595 148.926910
v 0.000000 -264.472809 157.138733
v 16.422686 -265.189331 160.331619
v 37.112743 -260.049255 147.734711
v 55.294815 -252.842728 134.667297
v 20.136408 -267.769012 176.791779
v 0.000000 -267.174164 170.845642
v 0.000000 -265.742737 162.626755
v -0.000000 -268.123077 176.303009
v -0.000000 -268.996185 184.536575
v 11.961343 -269.671509 190.834915
v 0.000000 -269.559509 189.943100
v 0.000000 -269.820343 198.200592
v 0.000000 -269.976471 203.542740
v -0.000000 -269.666473 211.878616
v 72.488869 -243.896606 119.147804
v 54.164558 -244.731033 107.000374
v 73.378510 -239.968506 106.856522
v 74.270470 -236.375641 95.198540
v 64.121307 -235.642380 82.800789
v 90.633499 -227.634689 79.055656
v 72.024925 -230.201569 68.928528
v 92.597359 -224.909668 68.336006
v 111.256317 -219.050629 67.127464
v 95.658249 -222.351944 58.660301
v 123.800430 -213.549850 52.087261
v 143.409927 -207.600189 65.006340
v 149.806625 -205.013214 50.208405
v 122.198578 -212.857315 41.391750
v 100.270294 -218.375870 42.790623
v 71.721733 -226.696716 53.561329
v 70.009827 -223.579819 39.067062
v 63.726379 -221.807770 28.062767
v 49.025627 -233.138992 62.945976
v 0.000000 -242.208405 80.521904
v 75.984360 -214.640396 -4.726155
v 135.881561 -225.396408 160.231247
v 122.803864 -233.538315 165.459702
v 117.750885 -237.888153 176.286621
v 100.664520 -244.722549 164.578568
v 93.671791 -249.007553 228.331863
v 82.056419 -251.124405 245.367218
v 57.094158 -260.137756 241.604095
v 60.285065 -256.275177 255.191086
v 81.119049 -248.295181 257.073517
v 75.434044 -245.580292 268.798981
v 50.919361 -254.237564 268.143311
v 35.218941 -261.150208 258.275299
v 37.381481 -263.902924 244.659256
v 14.742634 -265.748413 246.807190
v 16.042892 -267.721069 233.464417
v 0.000000 -267.418579 235.996201
v -0.000000 -268.176544 230.760086
v 0.000000 -268.666138 225.575912
v 0.000000 -269.463074 217.144440
v -0.000000 -266.183350 244.375305
v 0.000000 -265.111725 249.478210
v 13.833900 -262.639252 260.418945
v 0.000000 -263.282318 257.964935
v 0.000000 -261.767303 262.764038
v 13.618142 -258.105896 273.594696
v 32.908695 -256.781616 272.218262
v 33.334782 -250.567764 284.777344
v 49.183762 -246.529251 284.532166
v 15.092630 -252.607803 284.920959
v 0.000000 -256.948486 275.547699
v -0.000000 -258.926147 271.490082
v 0.000000 -252.271896 284.934631
v 75.113724 -236.565918 283.944702
v 276.221436 -123.242249 13.421956
v 274.175995 -129.281311 -0.840829
v 266.035034 -133.981689 29.771191
v 254.269852 -149.578156 16.035248
v 244.733734 -155.813553 31.272264
v 227.266937 -170.375443 28.014957
v 204.414444 -184.023621 27.050501
v 227.698715 -172.265930 11.002134
v 206.664413 -184.420410 13.382319
v 208.852112 -184.698715 -0.329983
v 232.593262 -171.111099 -6.558679
v 254.123352 -152.743195 -1.831547
v 273.771820 -132.277298 -15.658730
v 253.029602 -155.236328 -16.793230
v 268.781189 -139.727982 -29.945887
v 280.908295 -127.165802 -46.002060
v 280.020264 -130.725906 -61.467007
v 287.896484 -122.793999 -75.210663
v 266.155060 -148.495438 -71.938431
v 263.128601 -149.853226 -57.296772
v 247.049469 -164.952164 -67.113556
v 240.732605 -169.300064 -55.711140
v 219.076675 -184.009064 -69.631950
v 242.756714 -169.639816 -81.843727
v 221.182922 -183.772598 -83.572586
v 223.327087 -183.596344 -97.515800
v 247.840012 -167.096451 -93.671570
v 269.667664 -147.325912 -90.418137
v 217.017181 -184.275497 -55.701927
v 234.731369 -172.320786 -42.346485
v 257.088837 -154.015839 -43.238552
v 246.919266 -161.626831 -29.748432
v 226.492142 -176.576569 -28.981220
v 215.010345 -184.553070 -41.792797
v 213.012054 -184.755661 -27.919767
v 210.972916 -184.814346 -14.095942
v 235.200562 -170.511536 -18.916220
v 288.607452 -124.781044 -87.931564
v 163.859573 -203.855606 -63.327202
v 163.267029 -203.553955 -55.562809
v 144.845032 -206.932327 -55.566872
v 137.045731 -209.256943 -68.306213
v 163.922775 -204.651627 -76.877182
v 190.787674 -196.258545 -67.549057
v 181.116852 -198.493484 -55.613659
v 187.416992 -196.187683 -43.995956
v 186.680511 -195.768799 -29.399353
v 188.162933 -194.115601 -11.725893
v 153.751846 -203.699585 -17.179466
v 156.873871 -202.743317 0.300283
v 182.980713 -194.955536 6.300262
v 132.476318 -207.605774 -3.915138
v 120.153069 -209.224533 -13.000514
v 100.049416 -211.844894 -9.387734
v 101.197624 -211.429230 -19.540792
v 129.318497 -208.159897 -27.298512
v 159.448181 -203.323761 -34.621269
v 134.763290 -208.052078 -42.728786
v 162.149368 -203.408386 -47.879440
v 106.545166 -211.990738 -55.533508
v 104.077850 -211.300919 -35.535965
v 74.926880 -213.673309 -42.068867
v 67.005112 -214.819214 -56.024086
v 78.634338 -215.244736 -69.492241
v 47.601288 -216.597794 -65.232323
v 46.209324 -215.925613 -56.190109
v 22.571321 -216.891815 -56.109760
v 19.480011 -218.231934 -70.751091
v 50.820107 -218.235184 -82.912094
v 15.140507 -219.688583 -82.883987
v 20.717194 -221.062210 -94.527069
v 52.802670 -220.501404 -100.666901
v 82.696648 -217.944244 -96.404282
v 90.128906 -215.685287 -83.180565
v 109.206734 -213.177383 -74.036423
v 110.254868 -213.948700 -83.470276
v 131.911636 -211.175812 -83.888306
v 109.557228 -215.040527 -92.396187
v 130.904343 -212.659805 -97.514160
v 160.665070 -206.496735 -93.311447
v 196.341492 -195.189194 -83.695610
v 189.638428 -198.349457 -96.483315
v 196.721497 -196.419586 -101.623062
v 168.836746 -205.817368 -105.143555
v 140.184311 -212.420105 -107.620392
v 111.256111 -216.892242 -109.059601
v 82.493851 -219.846954 -109.757767
v 54.329071 -221.818314 -110.044518
v 26.909973 -223.145447 -110.162628
v 0.000000 -222.633530 -101.016930
v 0.000000 -224.019516 -110.249771
v -0.000000 -221.962112 -96.649361
v 0.000000 -220.744263 -87.351654
v -0.000000 -220.167831 -83.032562
v -0.000000 -219.692841 -78.679520
v -0.000000 -218.696960 -69.401436
v 0.000000 -217.954605 -60.027866
v 0.000000 -217.610718 -55.764061
v -0.000000 -217.412048 -51.444881
v 19.708590 -216.357971 -42.056725
v 46.629120 -215.474182 -47.495705
v 48.030804 -215.087723 -32.264000
v 20.374237 -216.409210 -26.806128
v 0.000000 -216.992996 -37.789455
v -0.000000 -216.997192 -42.123844
v 0.000000 -216.995697 -28.483465
v 0.000000 -217.250793 -24.114870
v 75.867256 -213.518997 -24.327560
v 180.738785 -195.052444 17.150112
v 259.498444 19.443678 214.315277
v 254.788605 45.577366 212.576065
v 250.489044 42.615715 225.307281
v 252.838913 13.416636 232.753433
v 260.013214 -8.173488 218.429932
v 254.929153 -8.669337 231.571869
v 248.951981 -8.865959 244.724640
v 244.227600 14.512726 249.975479
v 241.646301 -8.866723 257.550598
v 236.362946 13.033748 262.183533
v 232.896118 -8.824385 269.600983
v 231.769424 12.651901 268.611420
v 228.162186 33.090569 267.909912
v 235.073120 35.300236 257.740570
v 222.017136 53.005554 267.424255
v 231.315735 54.463917 254.390793
v 219.969269 74.566429 257.305420
v 232.119263 65.658241 245.604492
v 242.173477 42.603470 242.709229
v 238.203278 69.503204 230.880646
v 223.629791 86.032448 242.560013
v 225.285416 95.975395 227.653122
v 209.998734 109.733284 237.281509
v 207.876724 98.340935 254.130417
v 202.313904 90.311523 266.867126
v 189.003555 107.096642 266.699799
v 194.693436 118.394119 248.652145
v 178.501236 129.400253 254.001526
v 182.197678 135.397202 240.457596
v 195.153595 126.428711 235.867584
v 185.067627 140.457214 226.521454
v 201.073776 127.168076 225.344742
v 187.687378 145.135696 212.612656
v 209.287964 125.191376 213.703461
v 202.906952 138.811966 200.173462
v 190.409012 150.008896 198.931152
v 193.351547 155.284683 185.524231
v 211.800751 138.593338 187.357559
v 196.498489 160.914719 172.334152
v 221.077393 136.644363 174.894730
v 214.720001 150.567886 163.785309
v 232.098282 131.978104 163.174500
v 238.030243 115.433403 174.963577
v 251.102554 103.796036 163.773575
v 248.631577 97.310898 176.651886
v 256.086884 84.479561 173.957413
v 262.294220 77.633774 166.574188
v 266.533386 80.744141 152.282166
v 254.257904 109.832886 149.005722
v 241.677750 126.796852 152.448929
v 245.554703 130.934052 137.999680
v 222.254349 153.207733 148.664429
v 226.867432 159.433289 130.325531
v 206.217331 177.681931 132.942780
v 209.271820 182.540924 119.639839
v 228.880814 162.890610 120.431282
v 232.936172 163.186127 110.473312
v 243.786438 143.932266 120.910622
v 247.144302 144.951813 110.376831
v 250.897507 144.848099 99.447227
v 258.116577 126.408348 111.422859
v 266.431030 117.241478 100.631500
v 264.934631 127.667961 85.189560
v 277.947479 94.784103 94.688416
v 274.808990 91.206787 113.135193
v 285.516510 65.042320 103.665794
v 289.926941 64.297745 84.794098
v 292.561676 33.436382 101.351967
v 296.331909 24.363335 87.191780
v 298.477081 37.003445 70.679214
v 300.680847 4.488028 75.044907
v 297.849518 3.500377 88.446976
v 294.962769 2.489418 101.777184
v 303.453979 5.469850 61.580032
v 302.131744 29.535801 56.727161
v 296.079529 62.405785 56.519329
v 303.852783 34.158985 45.534325
v 299.776306 57.998180 42.263496
v 292.600433 83.197617 42.808567
v 299.268494 68.719330 31.918488
v 305.619781 38.334759 33.510204
v 289.909882 98.084114 29.638889
v 281.822327 111.781471 41.747662
v 286.857788 94.654785 53.145794
v 276.125031 118.797203 55.351067
v 285.302673 90.664978 67.446472
v 271.500793 122.644707 69.326561
v 278.725281 100.598488 80.435989
v 255.786133 150.572189 68.925354
v 245.639496 159.188629 82.689270
v 236.970490 176.472092 66.828377
v 228.136261 181.359940 80.348831
v 231.734802 171.678452 95.453514
v 214.830063 190.376907 92.676140
v 212.144745 186.791046 106.216797
v 217.308868 193.264343 79.038132
v 219.555176 195.445526 65.324844
v 221.515518 196.918915 51.556370
v 245.600128 169.998337 51.129166
v 223.142563 197.717468 37.745518
v 245.612396 174.074005 32.381664
v 224.396301 197.904892 23.903614
v 245.629227 176.181793 16.477440
v 225.316391 197.637527 10.044529
v 263.065094 152.182358 22.054625
v 265.542419 143.389557 41.299538
v 277.809296 126.033272 26.420864
v 263.216553 142.075150 57.373310
v 292.915680 64.293495 70.180779
v 308.644318 7.419003 34.488377
v 306.127075 6.452349 48.058800
v 291.942200 1.429604 115.015793
v 288.138489 41.185703 113.997269
v 287.900970 25.381376 124.722939
v 288.708466 0.298975 128.148758
v 283.619568 26.111383 140.737015
v 285.198090 -0.917543 141.168777
v 281.414917 -2.224486 154.085663
v 279.418030 18.083805 156.534851
v 277.400452 -3.594752 166.922562
v 275.682617 24.081690 167.172958
v 273.232880 -4.966005 179.721252
v 269.681519 34.622723 178.685150
v 267.849640 20.303463 191.123108
v 268.963837 -6.255986 192.530884
v 264.816498 12.432380 201.260208
v 260.845032 35.774006 202.240570
v 262.215637 50.191029 190.039276
v 251.864548 65.767357 202.929657
v 252.930969 80.007111 186.117615
v 240.550552 95.736252 196.429947
v 236.797379 88.231865 213.705185
v 247.184921 62.561428 217.134323
v 222.915268 116.804214 202.390930
v 230.151825 118.075249 186.912598
v 242.546600 101.680183 184.337753
v 222.567017 108.082726 216.434296
v 214.354248 113.263435 224.181519
v 262.961121 63.512226 176.938431
v 270.120087 54.598652 166.016815
v 264.599579 -7.354854 205.416977
v 276.283203 45.013721 153.821869
v 276.078857 63.796768 140.278610
v 282.257629 57.169037 125.297150
v 271.922577 85.922562 130.254974
v 283.460358 63.816509 113.882561
v 260.701965 114.173325 125.361511
v 262.012207 101.624268 138.830383
v 269.677460 83.670074 140.037292
v 203.025543 172.339798 146.134644
v 199.756439 166.681519 159.240723
v 173.654327 122.183838 266.562744
v 213.370834 72.165970 267.094543
v 299.826202 78.889107 6.369135
v 299.481659 72.900108 22.779848
v 306.170349 48.093662 17.814405
v 309.603760 41.537880 5.360805
v 305.245789 68.388344 -10.088695
v 293.062744 102.461578 -10.493105
v 286.431946 113.596619 2.226600
v 289.162445 104.228851 16.597145
v 274.414520 134.988312 11.322708
v 257.369751 161.369537 10.307771
v 244.651337 177.856262 9.308991
v 247.783112 174.638016 -0.206003
v 225.920609 197.232361 -3.802427
v 242.615768 181.141190 -18.233746
v 226.580078 196.966309 -17.661692
v 227.453812 197.091385 -31.531506
v 241.372375 183.755539 -33.839977
v 228.567963 197.652039 -45.400215
v 247.874237 178.860168 -44.996449
v 229.893463 198.575867 -59.260948
v 256.007782 172.287140 -60.461018
v 231.384735 199.748932 -73.118866
v 255.663361 176.719482 -77.506714
v 232.986282 201.090286 -86.977493
v 259.340485 175.126160 -89.133820
v 256.209991 181.582123 -98.915695
v 234.657883 202.540070 -100.833336
v 274.771606 158.054291 -97.446205
v 274.723114 154.427490 -85.580208
v 290.467102 132.505493 -96.197060
v 290.126099 128.414581 -82.762459
v 303.695770 105.514893 -94.965958
v 302.676544 102.412827 -81.299690
v 314.736542 77.501999 -93.678764
v 310.132538 82.551109 -78.349472
v 318.016907 58.394424 -78.891853
v 323.417267 48.479984 -92.459503
v 326.373199 17.168642 -77.467476
v 328.991150 18.484928 -91.621056
v 318.851013 46.952984 -64.615738
v 323.801392 15.848490 -63.324482
v 317.411316 39.440029 -48.194504
v 310.187958 71.540161 -53.761101
v 309.013306 67.783524 -38.681133
v 314.831482 42.764328 -34.019142
v 319.028229 13.242318 -35.111217
v 314.957672 32.268845 -24.887615
v 309.778931 57.221821 -24.176535
v 312.829346 33.516071 -10.586611
v 316.941467 12.011216 -21.055210
v 315.017273 10.833496 -7.053749
v 313.079773 9.686737 6.870761
v 310.974976 8.544425 20.712416
v 298.567505 93.369766 -27.715734
v 299.782562 96.184868 -45.643188
v 286.484955 122.982574 -41.595348
v 279.970367 131.353241 -24.595886
v 281.120422 126.929512 -9.186001
v 265.701599 152.374146 -11.539830
v 258.441864 163.663376 -29.279518
v 268.674927 152.626450 -42.672626
v 275.257874 135.506073 -1.119422
v 265.125153 151.721863 1.838763
v 278.341949 140.465149 -56.105881
v 274.859039 150.070908 -71.457748
v 291.823181 120.041946 -67.805992
v 291.354980 116.685501 -53.951462
v 301.355804 97.273468 -59.645161
v 303.393738 96.426308 -70.765045
v 310.842590 76.183792 -67.453613
v 321.333740 14.529154 -49.203129
v 156.493378 135.326065 266.440369
v 161.377884 140.301163 255.690186
v 137.572830 152.885269 256.470032
v 137.695801 146.415970 266.327271
v 117.633781 155.353302 266.227325
v 111.421318 163.689728 254.500183
v 96.571014 162.228836 266.146576
v 89.167969 169.397995 254.234695
v 74.670441 167.257751 266.089142
v 68.041862 173.216171 253.689117
v 52.044598 170.709167 266.054199
v 53.382015 175.260422 253.070023
v 36.452335 177.090210 251.051315
v 56.831760 178.327301 241.365341
v 37.574394 181.061829 236.332642
v 15.513951 180.978531 238.794266
v 29.812462 185.120575 222.873779
v 9.492298 184.589554 225.266571
v -0.000000 182.247787 233.397751
v 0.000000 180.958603 238.545944
v -0.000000 178.764008 247.615128
v 11.821753 176.784988 255.109039
v 0.000000 177.668915 252.297501
v 0.000000 174.686646 263.601379
v 2.789529 174.094147 266.040894
v 28.519588 172.888367 266.038940
v 0.000000 174.059723 266.044037
v 0.000000 184.472687 224.774002
v 0.000000 186.062668 219.500397
v 12.235878 188.554596 212.237762
v -0.000000 188.677216 210.989517
v 0.000000 191.875793 202.568909
v 16.441017 194.494476 196.522232
v 30.713957 189.900482 208.248062
v 54.189461 187.577530 211.783340
v 49.859638 182.789383 227.754974
v 70.875908 181.103531 227.043411
v 81.149933 175.356430 241.228378
v 98.889641 176.490295 228.449844
v 83.218468 184.263412 212.805344
v 108.199089 179.917114 212.438065
v 94.762543 187.836044 198.957260
v 119.353996 182.434631 199.421402
v 106.102898 192.178680 185.461426
v 80.128738 196.204971 185.706253
v 71.045555 190.840103 199.397415
v 57.230019 196.641190 189.409775
v 56.049896 192.218887 199.437729
v 41.591896 193.393356 198.072540
v 35.552662 200.011826 184.244370
v 12.467780 201.533417 181.642838
v 0.000000 197.823700 188.737259
v 0.000000 193.894287 197.218857
v 0.000000 200.260986 183.486343
v 0.000000 202.988892 178.449951
v 8.608614 207.553833 170.481888
v 27.250154 207.812256 169.860535
v 12.120282 214.710983 158.226379
v 35.854805 216.939285 154.164185
v 12.946380 223.177582 144.060074
v 0.000000 220.801651 147.593933
v 0.000000 215.646774 156.192902
v 0.000000 210.536179 164.904892
v -0.000000 223.782913 142.634827
v 0.000000 228.783524 134.039658
v 12.996477 230.881821 130.877411
v 29.145290 225.373520 140.203934
v 34.011032 231.538712 129.627884
v 14.594383 238.010147 117.838654
v 39.293045 238.611328 116.409416
v 16.529369 244.763718 104.015518
v -0.000000 243.070511 107.009209
v 0.000000 238.994797 115.548225
v 0.000000 236.298737 120.524918
v -0.000000 245.483994 101.970032
v 0.000000 248.841949 93.470055
v 19.895901 251.037613 88.578934
v 43.845478 245.516068 101.715942
v 51.540764 250.743210 87.586655
v 37.506718 255.417908 73.479996
v 12.350043 255.072571 75.282280
v 0.000000 252.414200 83.229027
v -0.000000 250.876999 88.342468
v -0.000000 254.973831 74.666969
v 0.000000 256.001617 69.446564
v 17.596849 257.783722 61.738247
v 0.000000 257.661133 60.959160
v 0.000000 258.433990 52.639446
v 15.079565 259.235382 46.625797
v 38.585304 258.641632 52.864273
v 37.688263 257.565430 62.550705
v 57.134750 256.824860 62.543037
v 67.926804 253.508530 75.961060
v 95.051590 253.627533 62.605675
v 65.816727 258.025055 48.102600
v 95.448990 255.380051 42.081886
v 69.772186 257.907379 32.083916
v 94.835358 255.167542 27.161541
v 75.293564 256.669525 20.131149
v 91.144981 254.745514 15.881637
v 72.398048 255.706467 6.322503
v 98.902328 253.093338 6.486971
v 114.238724 251.381943 18.612392
v 125.927216 248.291916 6.817075
v 151.263794 241.992661 21.800192
v 152.895081 240.561447 7.382850
v 179.060562 229.424194 8.184265
v 187.715607 224.623962 22.847952
v 203.341888 215.003998 9.113339
v 211.379684 208.434219 23.497179
v 202.422577 214.751282 37.393841
v 189.722427 221.468460 50.840523
v 197.665070 213.702347 65.009338
v 172.711517 229.704330 62.623928
v 164.413498 235.365601 50.589413
v 153.526917 238.876556 59.868187
v 144.669556 243.204727 52.397934
v 132.239212 245.688324 62.218063
v 151.574539 237.056763 71.627449
v 123.008949 244.847565 77.379745
v 150.051163 231.953033 89.711510
v 176.034485 223.939392 77.203209
v 180.751511 215.910706 91.563286
v 200.812958 206.321701 80.575981
v 197.432343 204.821945 91.770935
v 193.468658 203.472275 101.656815
v 187.569748 199.207199 119.070717
v 178.750015 195.656982 134.329483
v 181.307434 187.267532 146.381653
v 154.681381 202.211807 143.542664
v 162.759583 208.159195 127.815720
v 138.275818 215.963821 131.195831
v 149.110992 218.964035 118.354271
v 166.463272 211.628342 118.214691
v 166.488846 217.437881 106.918213
v 136.162247 229.652145 106.338120
v 124.706314 226.523911 119.032692
v 113.093346 234.847504 108.450233
v 99.437935 232.432663 118.095535
v 112.000450 222.735214 131.532349
v 124.698471 211.485428 144.696503
v 98.022102 217.463531 144.208832
v 108.799721 207.185074 158.115402
v 82.196724 212.077560 156.897903
v 92.534012 201.967163 171.368378
v 119.355492 196.356720 171.873444
v 135.275452 200.114807 158.446686
v 144.409958 188.586624 172.165024
v 160.685760 190.113388 158.788193
v 167.474808 178.946518 171.557541
v 182.718231 178.366119 158.846985
v 184.841141 170.434036 169.167786
v 179.616592 165.319489 183.439072
v 170.603714 162.186264 200.026352
v 163.734589 158.445114 216.326157
v 166.005447 150.106720 232.912292
v 167.939865 142.367706 245.110809
v 150.453857 153.728729 242.651062
v 143.456070 164.264908 225.877548
v 124.020790 166.230591 239.450241
v 121.260918 172.742935 223.613358
v 101.327728 170.858383 243.450882
v 130.664551 173.745758 212.665207
v 145.892441 167.887650 214.019424
v 145.329025 173.076080 202.015823
v 131.378784 185.455704 186.085342
v 156.021469 176.323807 185.924057
v 58.972137 206.186203 170.629349
v 60.152725 216.283676 153.419647
v 48.810192 223.834229 141.772247
v 72.687363 221.541580 142.847916
v 58.495918 230.662323 129.485687
v 85.315224 227.775558 130.357742
v 69.501839 238.063629 114.323090
v 92.032875 240.549408 104.545998
v 69.333313 245.623520 98.130554
v 88.146744 245.764435 93.154091
v 113.662926 240.857025 94.573555
v 93.479843 249.132950 81.826424
v 73.702354 249.458984 87.236092
v 123.337097 250.062286 48.950180
v 147.425217 243.238235 40.657433
v 121.690956 250.791443 33.209496
v 174.765076 231.765930 37.334244
v 48.733742 257.913849 18.438192
v 47.066074 256.861694 6.262968
v 23.080322 257.117615 6.266911
v 17.185375 258.521423 21.735064
v 38.013443 259.211853 36.248413
v 11.626937 259.275452 34.219994
v 0.000000 258.949554 41.914452
v 0.000000 258.937897 47.273785
v -0.000000 258.967255 33.622425
v 0.000000 258.449677 25.430485
v 0.000000 258.100403 19.978971
v 0.000000 257.324799 11.826269
v 0.000000 256.788177 6.317143
v 0.000000 231.667816 129.094086
v -0.000000 207.649780 169.805328
v 205.886307 217.831390 -71.157806
v 207.546768 215.163727 -59.468063
v 213.252090 215.848297 -88.859276
v 211.637939 219.508163 -102.392082
v 186.746307 233.735367 -104.705315
v 186.054672 230.777390 -83.873680
v 165.683380 240.655273 -92.187103
v 158.969833 240.831146 -74.034279
v 184.359940 230.034012 -72.634727
v 186.253128 227.414169 -61.180386
v 159.517197 238.432510 -55.798477
v 179.778656 229.411606 -48.438141
v 206.923645 213.926636 -46.221542
v 182.970612 226.791138 -34.798393
v 163.029770 235.913132 -43.682014
v 154.581146 238.727203 -32.735676
v 170.570587 231.968933 -22.640491
v 194.155563 219.888397 -19.706717
v 171.544113 231.821091 -8.013062
v 147.317795 240.782959 -17.652897
v 152.037521 239.878601 -6.058424
v 135.141235 244.714630 -5.552904
v 109.676865 250.105637 -6.677439
v 122.687820 247.380646 -16.508389
v 122.413300 247.318665 -30.998138
v 138.917435 243.859909 -45.608337
v 104.134453 251.219223 -48.195850
v 130.656723 247.545303 -60.762676
v 101.135872 253.283646 -64.958435
v 73.584663 254.725098 -56.891834
v 77.059746 255.878021 -73.609695
v 100.601753 254.356766 -74.497223
v 103.236992 255.206451 -83.891266
v 121.658577 250.910141 -74.943344
v 136.247696 249.828964 -90.684616
v 108.714546 256.401398 -99.738167
v 134.697479 251.994995 -102.388718
v 133.320908 253.741455 -111.444588
v 105.677597 259.075928 -115.313446
v 72.613785 259.199249 -104.953255
v 78.120789 260.868683 -118.937149
v 48.518482 258.525421 -111.627113
v 51.284676 259.470917 -121.835594
v 20.963787 255.538788 -116.046844
v 25.367603 256.454742 -123.738792
v 0.000000 253.221130 -124.930397
v 0.000000 253.185822 -116.843315
v -0.000000 253.175751 -109.175209
v 22.602589 255.277008 -103.218346
v -0.000000 253.001038 -103.244408
v 0.000000 252.848465 -97.000435
v 18.698544 254.449722 -89.111534
v 0.000000 252.871796 -89.613678
v 0.000000 252.753677 -82.969666
v 16.714520 253.991943 -74.931854
v 0.000000 252.820053 -75.946320
v -0.000000 252.945633 -69.241989
v 12.390333 253.645279 -62.587303
v 41.046268 255.103348 -63.835300
v 17.330359 253.970078 -50.375263
v 0.000000 252.934021 -54.897129
v 0.000000 253.119873 -48.581909
v 0.000000 253.317139 -40.907688
v 22.916245 254.303345 -34.428574
v 0.000000 253.583405 -34.864185
v -0.000000 253.980423 -26.952465
v 19.096682 254.999512 -18.530199
v 48.397926 254.768860 -21.784544
v 46.649586 255.694519 -7.155848
v 19.062851 256.042755 -5.078753
v 77.768631 253.919907 -9.974945
v 99.046669 251.345688 -20.819241
v 73.270653 253.755981 -25.981924
v 55.468502 254.300964 -34.508827
v 72.495338 253.760452 -34.423592
v 73.310394 253.961319 -42.705704
v 46.753067 254.651260 -47.230164
v 90.367920 252.175446 -34.018364
v 0.000000 256.011353 -1.790338
v 0.000000 255.448425 -7.384020
v -0.000000 254.965607 -13.068925
v -0.000000 254.350113 -21.118113
v 0.000000 252.886948 -62.267982
v 45.718483 256.277374 -81.025055
v 75.489929 257.687500 -89.700912
v 46.786663 257.272675 -95.276772
v 47.306492 257.895447 -103.840401
v 160.495300 245.187012 -107.787560
v 200.909286 216.107162 -5.307251
v 208.199127 211.567062 -29.962021
v 346.857513 -8.233924 -172.388245
v 344.890533 23.111332 -178.557175
v 342.368500 22.468004 -163.882782
v 343.499664 -12.556795 -156.101868
v 343.142090 -39.323883 -165.491241
v 339.735168 -43.526917 -153.883530
v 335.232910 -63.414455 -158.072266
v 336.031494 -68.113327 -169.869064
v 346.289001 -37.938995 -180.944275
v 338.017853 -69.386520 -185.381088
v 349.915466 -34.309189 -203.161575
v 336.491394 -76.262131 -201.481216
v 344.607330 -58.483929 -219.432968
v 326.042511 -96.599648 -215.500488
v 337.190643 -72.718735 -236.454132
v 325.274170 -95.936020 -230.656067
v 322.556274 -94.124176 -245.912659
v 332.132080 -70.344032 -255.125092
v 342.768524 -47.373444 -250.871887
v 335.345459 -40.532063 -267.591919
v 347.024017 -12.798004 -256.178619
v 349.190063 -38.284317 -237.575653
v 352.240295 -5.408467 -238.857101
v 351.446686 -27.983038 -223.926239
v 352.771423 -2.280270 -222.274139
v 350.891144 5.146872 -206.449753
v 349.540283 -4.638366 -189.037521
v 347.201202 23.670427 -193.339890
v 349.103333 24.099710 -208.277893
v 350.260437 24.323467 -223.433273
v 350.066162 24.243801 -238.808472
v 347.579559 23.785128 -254.130783
v 341.949951 23.001076 -268.594391
v 339.475098 -3.384825 -271.228607
v 333.330536 22.137144 -281.212677
v 332.969330 -9.020776 -279.407623
v 328.365021 -38.497074 -277.426727
v 319.275024 -67.699066 -275.289368
v 323.807556 -71.306938 -266.821411
v 309.894531 -85.820793 -273.894958
v 317.302887 -90.556458 -260.519440
v 325.489777 -96.733444 -200.666611
v 324.026733 -96.698067 -186.103149
v 321.947296 -96.698952 -171.706833
v 319.455719 -96.839371 -157.391571
v 330.740936 -68.121292 -142.567154
v 316.688354 -97.161263 -143.117691
v 313.731537 -97.664101 -128.871674
v 325.669525 -70.566994 -123.305870
v 310.669495 -98.336372 -114.643852
v 320.214996 -76.297234 -109.734970
v 307.540436 -99.126434 -100.431915
v 321.067596 -67.522827 -97.262451
v 304.427612 -100.008858 -86.220741
v 317.453400 -72.024033 -86.406380
v 326.002594 -42.833881 -87.375381
v 329.509064 -35.470551 -98.920502
v 329.891968 -12.408578 -89.087402
v 333.996429 -10.100961 -108.185303
v 331.689880 19.348631 -105.973579
v 334.388519 20.192867 -120.354660
v 337.162964 -8.998112 -123.239952
v 337.078918 21.001143 -134.789566
v 339.080750 -7.403767 -132.779327
v 340.909515 -7.357286 -141.614212
v 336.842712 -34.399204 -131.638733
v 339.857788 -33.256855 -145.329437
v 339.747620 21.761877 -149.295822
v 331.155609 -43.881874 -113.031593
v 328.991150 18.484928 -91.621056
v 52.735733 -228.910156 -262.159821
v 73.930954 -225.593674 -262.460571
v 77.931747 -228.819839 -251.345520
v 48.745747 -233.403671 -249.115311
v 14.996335 -232.075836 -261.847443
v 18.618132 -236.198105 -246.554855
v 0.000000 -233.461868 -257.726837
v 0.000000 -232.309753 -261.807068
v -0.000000 -236.288589 -247.537323
v -0.000000 -237.002014 -242.592041
v 17.804760 -238.148499 -231.918747
v 47.139233 -236.119598 -234.596146
v 43.192425 -237.174133 -218.512604
v 72.220261 -234.097641 -224.544571
v 78.401283 -231.978317 -237.287582
v 110.262039 -228.099411 -222.614868
v 109.492638 -224.964920 -242.348862
v 148.787628 -216.295868 -235.385590
v 135.972275 -214.098709 -253.447906
v 172.456573 -204.117859 -247.549149
v 169.319000 -196.564880 -264.940460
v 139.138199 -208.083878 -263.971924
v 107.789268 -217.607651 -263.157959
v 101.388527 -222.742905 -254.515778
v 196.006287 -190.442719 -254.623428
v 199.349854 -182.542847 -266.104980
v 232.485626 -171.711823 -253.855698
v 230.822311 -165.016724 -267.546021
v 204.750549 -192.768951 -238.844543
v 233.335388 -176.712143 -239.469269
v 233.530518 -180.044678 -224.836792
v 206.684464 -194.790298 -225.838837
v 181.156296 -206.379349 -225.162628
v 206.309540 -196.533508 -214.721786
v 171.845810 -211.870728 -205.995132
v 149.776962 -218.475998 -219.009369
v 133.561157 -223.325729 -206.875854
v 104.790115 -229.391403 -205.734497
v 77.916443 -233.633987 -210.950455
v 82.080597 -232.231644 -193.338898
v 116.642700 -226.872299 -196.191330
v 115.661819 -226.077835 -182.925842
v 144.455078 -220.458527 -192.721710
v 151.013855 -217.577316 -176.871872
v 115.049324 -224.027863 -163.642517
v 82.768379 -230.054688 -174.985886
v 81.322624 -228.577072 -163.580582
v 49.095432 -231.422745 -164.299622
v 52.115120 -233.909439 -182.332016
v 52.566742 -235.122894 -192.537689
v 50.333431 -236.096375 -202.341476
v 24.452513 -236.647156 -192.596649
v 19.033648 -238.130020 -207.090057
v 13.580856 -238.651428 -219.318100
v -0.000000 -238.456268 -210.546814
v 0.000000 -238.796921 -219.552643
v 0.000000 -238.471268 -228.555969
v -0.000000 -238.283112 -233.478577
v -0.000000 -238.272308 -205.726303
v -0.000000 -237.836929 -200.994034
v 0.000000 -237.033279 -191.977768
v 0.000000 -236.427597 -187.306229
v 20.166018 -234.795242 -176.783737
v 0.000000 -235.303940 -178.288315
v -0.000000 -233.957825 -169.236237
v 14.717005 -232.876404 -163.885971
v 0.000000 -233.244568 -164.642532
v -0.000000 -231.759399 -155.580597
v 18.408516 -230.932693 -152.877548
v 43.959064 -229.083801 -149.058792
v 20.451939 -228.596634 -139.926453
v 0.000000 -230.165421 -146.457321
v 0.000000 -230.980057 -151.027084
v -0.000000 -228.620087 -137.429474
v 0.000000 -227.816055 -132.893707
v 27.377993 -225.437775 -123.927559
v 53.730877 -226.393036 -136.810822
v 65.099899 -223.161163 -122.810837
v 54.329071 -221.818314 -110.044518
v 26.909973 -223.145447 -110.162628
v 0.000000 -224.766022 -114.672211
v 0.000000 -226.267822 -123.840103
v 0.000000 -224.019516 -110.249771
v 82.493851 -219.846954 -109.757767
v 86.101944 -221.338852 -121.885559
v 109.595657 -218.621216 -120.413490
v 111.256111 -216.892242 -109.059601
v 140.184311 -212.420105 -107.620392
v 141.515289 -214.314514 -125.870537
v 170.240204 -206.520355 -116.622139
v 168.836746 -205.817368 -105.143555
v 196.721497 -196.419586 -101.623062
v 200.167313 -196.548340 -121.118340
v 225.029175 -183.675217 -111.476357
v 223.327087 -183.596344 -97.515800
v 226.688614 -183.781448 -125.441795
v 206.483826 -194.536926 -133.993896
v 228.245880 -183.888046 -139.422394
v 203.084534 -197.244339 -146.721497
v 229.652710 -183.957611 -153.430923
v 203.052475 -198.300995 -161.556290
v 175.573608 -208.437805 -154.754333
v 172.808853 -207.709961 -136.333725
v 144.626266 -216.645309 -150.574997
v 138.065109 -216.474899 -138.657990
v 113.683983 -221.717041 -145.365021
v 118.155975 -219.214188 -133.164474
v 88.868675 -222.914795 -133.371063
v 77.927612 -226.885284 -151.019135
v 152.509918 -215.895218 -163.153702
v 176.574234 -209.198517 -168.817551
v 176.079605 -210.026535 -177.957993
v 200.628281 -199.957123 -177.482834
v 175.747192 -210.589005 -187.967789
v 208.097656 -196.648804 -196.314758
v 231.893829 -183.734131 -181.618073
v 230.874908 -183.935440 -167.486191
v 232.698395 -183.200027 -195.863708
v 233.276505 -182.069244 -210.266068
v 177.099487 -205.861984 -236.729462
v 251.026947 -151.278732 -268.665192
v 254.903275 -158.540848 -250.079895
v 254.484314 -163.366089 -236.488876
v 266.319611 -156.670670 -226.131317
v 254.868225 -166.753250 -215.166092
v 281.262573 -146.012421 -212.746292
v 288.238403 -138.163788 -226.289108
v 306.029053 -121.299576 -220.166779
v 302.511749 -122.924454 -232.065689
v 307.311951 -114.887718 -241.992508
v 297.825378 -115.829613 -259.110382
v 281.864929 -140.412415 -241.745667
v 272.070587 -140.940598 -258.409210
v 271.150726 -134.127228 -270.051117
v 287.959015 -115.916412 -271.510437
v 306.196411 -121.731232 -204.928970
v 307.786804 -118.488602 -186.581375
v 283.321350 -144.726273 -195.410828
v 282.548279 -144.780045 -179.319244
v 258.313599 -165.596115 -187.855118
v 257.251526 -166.051300 -173.074844
v 279.680206 -146.283875 -164.624954
v 255.618210 -166.513794 -157.972549
v 252.955322 -167.145767 -138.718109
v 245.246674 -171.042404 -121.596886
v 247.880905 -168.327805 -108.939148
v 247.840012 -167.096451 -93.671570
v 269.941772 -148.987289 -106.210831
v 271.010132 -149.886978 -123.014503
v 294.841339 -122.054848 -114.853912
v 297.274414 -122.631981 -132.326553
v 283.855042 -132.387589 -99.470299
v 288.607452 -124.781044 -87.931564
v 269.667664 -147.325912 -90.418137
v 268.373474 -149.395966 -97.391029
v 299.247437 -122.827484 -146.475693
v 296.602600 -127.382515 -157.678635
v 302.539032 -122.666092 -169.391113
v 278.417603 -146.174347 -150.609299
v 280.618011 -142.189026 -138.256012
v 257.898895 -165.586258 -202.693069
v -254.788605 45.577366 212.576065
v -259.498444 19.443678 214.315277
v -250.489044 42.615715 225.307281
v -247.184921 62.561428 217.134323
v -251.864548 65.767357 202.929657
v -236.797379 88.231865 213.705185
v -238.203278 69.503204 230.880646
v -225.285416 95.975395 227.653122
v -222.567017 108.082726 216.434296
v -222.915268 116.804214 202.390930
v -240.550552 95.736252 196.429947
v -230.151825 118.075249 186.912598
v -211.800751 138.593338 187.357559
v -221.077393 136.644363 174.894730
v -238.030243 115.433403 174.963577
v -242.546600 101.680183 184.337753
v -248.631577 97.310898 176.651886
v -252.930969 80.007111 186.117615
v -262.215637 50.191029 190.039276
v -262.961121 63.512226 176.938431
v -269.681519 34.622723 178.685150
v -270.120087 54.598652 166.016815
v -262.294220 77.633774 166.574188
v -266.533386 80.744141 152.282166
v -276.283203 45.013721 153.821869
v -275.682617 24.081690 167.172958
v -279.418030 18.083805 156.534851
v -283.619568 26.111383 140.737015
v -281.414917 -2.224486 154.085663
v -277.400452 -3.594752 166.922562
v -285.198090 -0.917543 141.168777
v -288.708466 0.298975 128.148758
v -287.900970 25.381376 124.722939
v -282.257629 57.169037 125.297150
v -288.138489 41.185703 113.997269
v -291.942200 1.429604 115.015793
v -292.561676 33.436382 101.351967
v -285.516510 65.042320 103.665794
v -289.926941 64.297745 84.794098
v -296.331909 24.363335 87.191780
v -294.962769 2.489418 101.777184
v -297.849518 3.500377 88.446976
v -300.680847 4.488028 75.044907
v -298.477081 37.003445 70.679214
v -303.453979 5.469850 61.580032
v -302.131744 29.535801 56.727161
v -296.079529 62.405785 56.519329
v -303.852783 34.158985 45.534325
v -306.127075 6.452349 48.058800
v -308.644318 7.419003 34.488377
v -305.619781 38.334759 33.510204
v -299.776306 57.998180 42.263496
v -299.268494 68.719330 31.918488
v -292.600433 83.197617 42.808567
v -286.857788 94.654785 53.145794
v -285.302673 90.664978 67.446472
v -276.125031 118.797203 55.351067
v -281.822327 111.781471 41.747662
v -265.542419 143.389557 41.299538
v -277.809296 126.033272 26.420864
v -289.909882 98.084114 29.638889
v -263.065094 152.182358 22.054625
v -245.612396 174.074005 32.381664
v -245.600128 169.998337 51.129166
v -223.142563 197.717468 37.745518
v -224.396301 197.904892 23.903614
v -245.629227 176.181793 16.477440
v -225.316391 197.637527 10.044529
v -221.515518 196.918915 51.556370
v -236.970490 176.472092 66.828377
v -255.786133 150.572189 68.925354
v -245.639496 159.188629 82.689270
v -228.136261 181.359940 80.348831
v -219.555176 195.445526 65.324844
v -217.308868 193.264343 79.038132
v -214.830063 190.376907 92.676140
v -231.734802 171.678452 95.453514
v -212.144745 186.791046 106.216797
v -232.936172 163.186127 110.473312
v -209.271820 182.540924 119.639839
v -228.880814 162.890610 120.431282
v -226.867432 159.433289 130.325531
v -206.217331 177.681931 132.942780
v -222.254349 153.207733 148.664429
v -245.554703 130.934052 137.999680
v -243.786438 143.932266 120.910622
v -260.701965 114.173325 125.361511
v -258.116577 126.408348 111.422859
v -274.808990 91.206787 113.135193
v -266.431030 117.241478 100.631500
v -250.897507 144.848099 99.447227
v -264.934631 127.667961 85.189560
v -277.947479 94.784103 94.688416
v -278.725281 100.598488 80.435989
v -271.500793 122.644707 69.326561
v -263.216553 142.075150 57.373310
v -292.915680 64.293495 70.180779
v -247.144302 144.951813 110.376831
v -283.460358 63.816509 113.882561
v -271.922577 85.922562 130.254974
v -276.078857 63.796768 140.278610
v -269.677460 83.670074 140.037292
v -262.012207 101.624268 138.830383
v -254.257904 109.832886 149.005722
v -251.102554 103.796036 163.773575
v -241.677750 126.796852 152.448929
v -232.098282 131.978104 163.174500
v -214.720001 150.567886 163.785309
v -196.498489 160.914719 172.334152
v -199.756439 166.681519 159.240723
v -203.025543 172.339798 146.134644
v -273.232880 -4.966005 179.721252
v -267.849640 20.303463 191.123108
v -268.963837 -6.255986 192.530884
v -264.816498 12.432380 201.260208
v -260.845032 35.774006 202.240570
v -264.599579 -7.354854 205.416977
v -260.013214 -8.173488 218.429932
v -252.838913 13.416636 232.753433
v -254.929153 -8.669337 231.571869
v -248.951981 -8.865959 244.724640
v -244.227600 14.512726 249.975479
v -242.173477 42.603470 242.709229
v -235.073120 35.300236 257.740570
v -231.315735 54.463917 254.390793
v -222.017136 53.005554 267.424255
v -219.969269 74.566429 257.305420
v -232.119263 65.658241 245.604492
v -223.629791 86.032448 242.560013
v -207.876724 98.340935 254.130417
v -202.313904 90.311523 266.867126
v -189.003555 107.096642 266.699799
v -194.693436 118.394119 248.652145
v -178.501236 129.400253 254.001526
v -182.197678 135.397202 240.457596
v -195.153595 126.428711 235.867584
v -209.998734 109.733284 237.281509
v -201.073776 127.168076 225.344742
v -214.354248 113.263435 224.181519
v -209.287964 125.191376 213.703461
v -187.687378 145.135696 212.612656
v -202.906952 138.811966 200.173462
v -190.409012 150.008896 198.931152
v -193.351547 155.284683 185.524231
v -185.067627 140.457214 226.521454
v -173.654327 122.183838 266.562744
v -213.370834 72.165970 267.094543
v -228.162186 33.090569 267.909912
v -236.362946 13.033748 262.183533
v -231.769424 12.651901 268.611420
v -232.896118 -8.824385 269.600983
v -241.646301 -8.866723 257.550598
v -256.086884 84.479561 173.957413
v -257.505951 -29.741127 221.889359
v -250.668121 -33.348312 238.601212
v -243.921387 -33.500397 252.247299
v -242.611252 -58.649254 247.517776
v -234.089859 -56.951878 262.642731
v -238.545547 -32.867817 261.067871
v -231.437469 -31.617321 270.868256
v -227.321121 -54.946033 272.310974
v -220.585709 -78.384544 273.840637
v -227.030914 -80.879768 264.080536
v -218.662888 -104.570915 263.540131
v -211.437607 -101.300697 275.366577
v -231.842148 -82.482216 255.324417
v -224.508118 -107.184616 250.854370
v -237.774551 -83.895416 242.146942
v -248.953247 -58.476238 232.813507
v -243.175095 -83.908386 228.071060
v -229.229614 -109.037849 237.760590
v -233.277283 -110.222519 224.583847
v -249.496689 -80.392326 212.203110
v -236.974945 -110.854599 211.441483
v -252.369034 -84.431572 198.264343
v -260.988770 -57.442261 197.301392
v -264.824554 -57.827236 184.419556
v -255.932632 -85.067612 185.039825
v -240.500946 -111.042900 198.343063
v -243.988785 -110.912704 185.276978
v -259.685181 -84.966675 171.971802
v -268.798584 -58.049450 171.140808
v -272.750275 -57.880371 158.151550
v -278.749573 -29.961096 156.588547
v -282.599182 -29.775143 143.686371
v -285.773010 -31.033346 131.148712
v -287.120911 -38.817974 120.166328
v -292.372559 -23.386950 108.049278
v -286.610748 -55.241024 110.420036
v -280.101959 -64.989983 123.627655
v -278.901733 -60.741856 133.398300
v -269.865021 -86.058655 133.999268
v -266.828552 -85.277565 146.293274
v -254.784500 -109.766510 146.108994
v -251.148254 -110.188019 159.184113
v -263.428192 -84.842651 159.042618
v -276.323547 -58.432777 145.413406
v -247.535233 -110.594650 172.231308
v -258.442322 -109.418633 132.996246
v -273.687836 -85.200768 121.562057
v -262.076813 -109.181267 119.828667
v -277.358459 -84.759789 108.632576
v -265.658661 -109.071541 106.596474
v -280.479828 -85.415688 95.305901
v -287.483826 -62.306572 98.349113
v -291.807251 -58.279640 85.730461
v -295.576782 -27.702019 93.234032
v -298.295410 -31.778915 77.854881
v -296.157532 -53.901733 71.119652
v -283.812439 -86.499458 79.592850
v -291.028717 -75.702087 64.833702
v -300.977875 -46.103237 54.144444
v -292.291656 -79.748833 52.853210
v -275.762177 -109.221703 66.459190
v -278.762604 -109.219612 52.926868
v -294.365173 -81.566978 39.109016
v -281.514923 -109.083252 39.331356
v -303.025940 -52.585411 38.186237
v -307.676971 -22.715738 36.640160
v -305.354340 -12.182809 49.991856
v -302.053650 -22.564211 64.990562
v -272.548889 -109.152534 79.916725
v -269.168213 -109.081779 93.295746
v -274.617157 -30.248184 169.774460
v -270.151978 -28.389627 184.203903
v -265.094391 -36.130726 197.667587
v -258.944946 -53.352871 206.502213
v -262.452515 -32.151318 207.201477
v -254.409073 -57.114735 218.213120
v -161.377884 140.301163 255.690186
v -156.493378 135.326065 266.440369
v -137.572830 152.885269 256.470032
v -150.453857 153.728729 242.651062
v -167.939865 142.367706 245.110809
v -166.005447 150.106720 232.912292
v -163.734589 158.445114 216.326157
v -143.456070 164.264908 225.877548
v -124.020790 166.230591 239.450241
v -121.260918 172.742935 223.613358
v -130.664551 173.745758 212.665207
v -108.199089 179.917114 212.438065
v -119.353996 182.434631 199.421402
v -145.329025 173.076080 202.015823
v -131.378784 185.455704 186.085342
v -106.102898 192.178680 185.461426
v -119.355492 196.356720 171.873444
v -92.534012 201.967163 171.368378
v -108.799721 207.185074 158.115402
v -135.275452 200.114807 158.446686
v -144.409958 188.586624 172.165024
v -160.685760 190.113388 158.788193
v -167.474808 178.946518 171.557541
v -156.021469 176.323807 185.924057
v -179.616592 165.319489 183.439072
v -170.603714 162.186264 200.026352
v -145.892441 167.887650 214.019424
v -184.841141 170.434036 169.167786
v -182.718231 178.366119 158.846985
v -181.307434 187.267532 146.381653
v -178.750015 195.656982 134.329483
v -187.569748 199.207199 119.070717
v -162.759583 208.159195 127.815720
v -166.463272 211.628342 118.214691
v -166.488846 217.437881 106.918213
v -149.110992 218.964035 118.354271
v -136.162247 229.652145 106.338120
v -124.706314 226.523911 119.032692
v -138.275818 215.963821 131.195831
v -154.681381 202.211807 143.542664
v -124.698471 211.485428 144.696503
v -112.000450 222.735214 131.532349
v -98.022102 217.463531 144.208832
v -82.196724 212.077560 156.897903
v -72.687363 221.541580 142.847916
v -60.152725 216.283676 153.419647
v -58.972137 206.186203 170.629349
v -35.854805 216.939285 154.164185
v -48.810192 223.834229 141.772247
v -29.145290 225.373520 140.203934
v -12.946380 223.177582 144.060074
v -12.996477 230.881821 130.877411
v -34.011032 231.538712 129.627884
v -14.594383 238.010147 117.838654
v -39.293045 238.611328 116.409416
v -58.495918 230.662323 129.485687
v -85.315224 227.775558 130.357742
v -69.501839 238.063629 114.323090
v -99.437935 232.432663 118.095535
v -113.093346 234.847504 108.450233
v -92.032875 240.549408 104.545998
v -113.662926 240.857025 94.573555
v -150.051163 231.953033 89.711510
v -123.008949 244.847565 77.379745
v -151.574539 237.056763 71.627449
v -176.034485 223.939392 77.203209
v -172.711517 229.704330 62.623928
v -197.665070 213.702347 65.009338
v -189.722427 221.468460 50.840523
v -202.422577 214.751282 37.393841
v -174.765076 231.765930 37.334244
v -187.715607 224.623962 22.847952
v -211.379684 208.434219 23.497179
v -203.341888 215.003998 9.113339
v -179.060562 229.424194 8.184265
v -151.263794 241.992661 21.800192
v -152.895081 240.561447 7.382850
v -125.927216 248.291916 6.817075
v -114.238724 251.381943 18.612392
v -121.690956 250.791443 33.209496
v -94.835358 255.167542 27.161541
v -91.144981 254.745514 15.881637
v -98.902328 253.093338 6.486971
v -72.398048 255.706467 6.322503
v -75.293564 256.669525 20.131149
v -48.733742 257.913849 18.438192
v -47.066074 256.861694 6.262968
v -23.080322 257.117615 6.266911
v -17.185375 258.521423 21.735064
v -38.013443 259.211853 36.248413
v -69.772186 257.907379 32.083916
v -65.816727 258.025055 48.102600
v -95.448990 255.380051 42.081886
v -95.051590 253.627533 62.605675
v -123.337097 250.062286 48.950180
v -132.239212 245.688324 62.218063
v -93.479843 249.132950 81.826424
v -67.926804 253.508530 75.961060
v -57.134750 256.824860 62.543037
v -37.506718 255.417908 73.479996
v -37.688263 257.565430 62.550705
v -38.585304 258.641632 52.864273
v -17.596849 257.783722 61.738247
v -15.079565 259.235382 46.625797
v 0.000000 258.433990 52.639446
v 0.000000 257.661133 60.959160
v 0.000000 256.001617 69.446564
v -12.350043 255.072571 75.282280
v -0.000000 254.973831 74.666969
v 0.000000 252.414200 83.229027
v -19.895901 251.037613 88.578934
v -0.000000 250.876999 88.342468
v 0.000000 248.841949 93.470055
v -16.529369 244.763718 104.015518
v -0.000000 245.483994 101.970032
v -0.000000 243.070511 107.009209
v 0.000000 238.994797 115.548225
v 0.000000 236.298737 120.524918
v -43.845478 245.516068 101.715942
v -69.333313 245.623520 98.130554
v -88.146744 245.764435 93.154091
v -73.702354 249.458984 87.236092
v -51.540764 250.743210 87.586655
v 0.000000 258.937897 47.273785
v 0.000000 258.949554 41.914452
v -11.626937 259.275452 34.219994
v -0.000000 258.967255 33.622425
v 0.000000 258.449677 25.430485
v 0.000000 258.100403 19.978971
v 0.000000 257.324799 11.826269
v -144.669556 243.204727 52.397934
v -153.526917 238.876556 59.868187
v -164.413498 235.365601 50.589413
v -147.425217 243.238235 40.657433
v 0.000000 256.788177 6.317143
v -200.812958 206.321701 80.575981
v -197.432343 204.821945 91.770935
v -180.751511 215.910706 91.563286
v -193.468658 203.472275 101.656815
v 0.000000 231.667816 129.094086
v 0.000000 228.783524 134.039658
v -0.000000 223.782913 142.634827
v 0.000000 220.801651 147.593933
v -12.120282 214.710983 158.226379
v 0.000000 215.646774 156.192902
v 0.000000 210.536179 164.904892
v -8.608614 207.553833 170.481888
v -0.000000 207.649780 169.805328
v 0.000000 202.988892 178.449951
v -12.467780 201.533417 181.642838
v 0.000000 200.260986 183.486343
v 0.000000 197.823700 188.737259
v -16.441017 194.494476 196.522232
v 0.000000 193.894287 197.218857
v 0.000000 191.875793 202.568909
v -12.235878 188.554596 212.237762
v -0.000000 188.677216 210.989517
v 0.000000 186.062668 219.500397
v -9.492298 184.589554 225.266571
v 0.000000 184.472687 224.774002
v -0.000000 182.247787 233.397751
v -15.513951 180.978531 238.794266
v 0.000000 180.958603 238.545944
v -0.000000 178.764008 247.615128
v -11.821753 176.784988 255.109039
v 0.000000 177.668915 252.297501
v 0.000000 174.686646 263.601379
v -2.789529 174.094147 266.040894
v 0.000000 174.059723 266.044037
v -28.519588 172.888367 266.038940
v -36.452335 177.090210 251.051315
v -52.044598 170.709167 266.054199
v -53.382015 175.260422 253.070023
v -68.041862 173.216171 253.689117
v -74.670441 167.257751 266.089142
v -89.167969 169.397995 254.234695
v -96.571014 162.228836 266.146576
v -111.421318 163.689728 254.500183
v -117.633781 155.353302 266.227325
v -137.695801 146.415970 266.327271
v -101.327728 170.858383 243.450882
v -98.889641 176.490295 228.449844
v -81.149933 175.356430 241.228378
v -70.875908 181.103531 227.043411
v -83.218468 184.263412 212.805344
v -94.762543 187.836044 198.957260
v -71.045555 190.840103 199.397415
v -54.189461 187.577530 211.783340
v -56.049896 192.218887 199.437729
v -41.591896 193.393356 198.072540
v -57.230019 196.641190 189.409775
v -35.552662 200.011826 184.244370
v -80.128738 196.204971 185.706253
v -27.250154 207.812256 169.860535
v -30.713957 189.900482 208.248062
v -29.812462 185.120575 222.873779
v -49.859638 182.789383 227.754974
v -37.574394 181.061829 236.332642
v -56.831760 178.327301 241.365341
v 25.498901 258.986633 -268.218536
v 54.363499 263.030426 -269.538025
v 54.258991 259.909332 -281.105743
v 20.863874 257.861145 -280.654083
v 0.000000 256.547699 -275.267578
v 0.000000 255.733246 -266.487793
v -0.000000 255.832932 -262.334198
v 21.364094 259.065765 -252.078125
v 0.000000 255.337814 -252.569672
v -0.000000 255.055908 -242.716415
v 19.901752 258.753418 -236.611481
v 50.562271 265.358276 -243.546585
v 52.816498 264.558624 -259.019867
v 80.300125 268.508942 -251.287827
v 78.062012 269.318573 -236.591599
v 103.025139 269.008423 -243.022400
v 103.983505 269.520264 -228.955750
v 78.353737 269.537109 -227.272339
v 79.570129 269.484772 -217.876923
v 108.803894 269.105408 -213.403625
v 137.931580 264.161469 -222.766739
v 138.640625 263.415863 -242.348618
v 168.664688 254.317444 -231.372635
v 168.519394 253.729050 -242.542709
v 168.323013 252.438721 -252.956757
v 141.595688 259.824402 -260.460419
v 111.710426 267.019989 -256.177124
v 119.671516 262.691559 -268.846710
v 140.882278 255.791931 -274.339569
v 117.509857 257.996826 -282.175385
v 134.023148 254.601822 -282.482300
v 163.600983 244.841721 -283.048248
v 167.313965 249.438080 -267.931335
v 192.434387 236.367996 -275.171051
v 193.885574 240.061615 -261.359406
v 214.755219 227.697754 -270.184723
v 220.990387 218.524948 -284.138885
v 191.833099 233.148697 -283.590851
v 242.624023 211.210541 -271.072876
v 238.055054 207.637238 -284.430084
v 220.895493 227.609467 -258.488281
v 245.743912 213.062469 -256.943054
v 227.513000 225.491058 -247.132751
v 196.841064 241.657196 -244.060074
v 224.223923 228.370361 -234.302399
v 247.439011 213.654343 -242.522598
v 247.950073 213.471481 -228.094360
v 224.234421 228.266357 -219.658447
v 247.572617 212.822845 -213.745529
v 223.297073 227.958862 -205.503052
v 246.596237 211.902939 -199.479874
v 222.607712 226.865662 -190.908447
v 245.240692 210.811859 -185.274979
v 222.644196 224.497681 -173.912567
v 243.649765 209.591599 -171.115311
v 241.921478 208.269714 -156.995789
v 208.394333 230.455643 -158.558594
v 218.388657 221.996902 -141.781555
v 240.116653 206.881805 -142.914429
v 238.286057 205.448486 -128.867065
v 214.717987 221.496460 -124.875313
v 236.457230 203.988495 -114.845741
v 213.043610 220.769913 -114.552406
v 211.637939 219.508163 -102.392082
v 234.657883 202.540070 -100.833336
v 187.617935 235.217377 -116.643486
v 186.746307 233.735367 -104.705315
v 160.495300 245.187012 -107.787560
v 155.753265 248.069427 -117.788788
v 133.320908 253.741455 -111.444588
v 133.567612 255.470718 -124.066139
v 163.231277 247.260818 -128.844299
v 139.768677 255.982788 -140.058350
v 169.604813 246.324188 -140.638748
v 163.273743 250.489960 -152.199829
v 189.449112 238.980133 -147.749802
v 182.923981 243.342392 -159.675659
v 159.682083 253.466431 -167.672195
v 191.557144 241.187485 -171.485092
v 171.580627 251.115387 -185.084610
v 200.762238 237.912659 -183.901703
v 194.378632 242.640625 -198.100235
v 169.865738 252.960938 -197.863800
v 144.107300 261.186279 -195.972504
v 169.180634 254.046265 -211.572678
v 135.293777 264.256683 -209.068329
v 115.147560 267.485413 -201.201782
v 106.683571 267.250977 -186.598892
v 138.411240 261.379852 -179.578766
v 113.834938 265.100769 -173.382797
v 131.483765 261.373077 -167.936493
v 135.451340 259.313599 -156.237457
v 108.795280 264.607147 -161.489044
v 107.828110 262.928864 -146.688278
v 102.975967 261.151642 -130.278244
v 79.090164 262.899261 -137.450363
v 79.982391 264.570953 -153.265228
v 55.901398 261.520660 -143.114548
v 51.284676 259.470917 -121.835594
v 77.650955 261.852997 -127.480080
v 78.120789 260.868683 -118.937149
v 105.677597 259.075928 -115.313446
v 24.101002 256.872803 -142.420258
v 25.367603 256.454742 -123.738792
v -0.000000 253.561066 -135.735855
v 0.000000 253.391708 -130.449249
v 0.000000 253.221130 -124.930397
v -0.000000 253.608017 -143.976883
v 0.000000 253.667206 -152.473694
v 14.772614 255.981644 -158.055618
v 0.000000 253.824493 -157.510406
v -0.000000 253.889786 -166.284027
v 18.368490 256.889221 -170.127777
v 46.070892 261.393616 -159.252731
v 47.749714 262.759033 -176.538895
v 19.176733 257.446716 -184.164307
v -0.000000 254.184631 -175.727371
v 0.000000 254.041595 -171.053696
v 0.000000 254.263763 -184.564774
v -0.000000 254.337906 -193.570816
v 19.501322 257.893433 -198.311157
v 0.000000 254.467331 -198.090683
v -0.000000 254.532959 -207.477600
v 23.521835 259.082642 -212.118042
v 45.147083 263.536194 -202.574982
v 47.346256 263.477264 -190.997208
v 78.914062 268.578918 -200.914886
v 55.712009 265.939789 -211.696442
v 50.304451 265.475159 -226.101151
v 15.776495 257.805664 -224.121353
v 0.000000 254.730316 -215.733459
v -0.000000 254.643845 -211.664612
v 0.000000 254.839508 -225.181870
v 0.000000 254.894638 -229.186630
v 0.000000 255.055603 -238.812012
v 72.755455 266.658966 -184.955246
v 82.425644 266.270172 -170.673828
v 201.881622 239.676636 -211.931580
v 197.876862 242.050583 -225.325256
v 190.953857 236.099716 -133.410538
v 84.932755 265.143311 -269.432556
v 88.324524 260.205841 -281.659180
v 0.000000 256.211639 -280.461823
v 317.536224 125.004936 -260.808289
v 319.975311 113.294571 -271.195709
v 304.387451 142.629547 -274.367981
v 303.832031 152.791977 -256.191833
v 320.772766 122.153198 -243.751999
v 305.644897 151.232620 -240.385803
v 312.055786 138.757721 -229.296585
v 292.482941 170.369080 -228.277054
v 309.343994 139.468658 -210.775009
v 326.045074 107.076942 -223.810471
v 324.964294 104.134834 -207.376541
v 336.127869 75.527847 -212.758606
v 331.654877 81.212769 -194.756287
v 319.040955 113.466759 -194.298843
v 325.125763 90.044937 -177.327057
v 312.841339 121.404701 -182.296219
v 310.582123 119.973289 -167.754974
v 323.288147 85.675323 -158.591644
v 334.480865 54.692699 -162.735382
v 337.868469 53.485374 -179.058334
v 342.368500 22.468004 -163.882782
v 339.747620 21.761877 -149.295822
v 331.826324 54.106148 -147.544998
v 337.078918 21.001143 -134.789566
v 328.261475 58.024826 -135.287460
v 327.486633 51.459202 -119.639618
v 334.388519 20.192867 -120.354660
v 331.689880 19.348631 -105.973579
v 324.758026 49.790413 -101.965767
v 328.991150 18.484928 -91.621056
v 323.417267 48.479984 -92.459503
v 314.736542 77.501999 -93.678764
v 315.800842 81.332428 -108.627968
v 303.695770 105.514893 -94.965958
v 307.223389 102.614616 -108.692162
v 298.806885 120.870682 -110.048111
v 310.029602 100.619011 -119.950348
v 297.649597 128.955124 -125.112289
v 282.700073 150.815445 -114.255348
v 284.974823 152.423859 -130.052658
v 267.761627 175.304520 -127.826012
v 260.390472 180.389374 -113.475189
v 274.771606 158.054291 -97.446205
v 290.467102 132.505493 -96.197060
v 256.209991 181.582123 -98.915695
v 257.703308 189.612885 -138.424835
v 260.690704 189.612488 -150.361496
v 263.496246 190.279343 -164.665176
v 265.058502 192.729538 -182.669876
v 273.626801 187.633728 -201.450714
v 274.644135 189.187637 -216.558563
v 264.725159 199.643600 -228.983612
v 289.789581 170.775223 -211.312622
v 272.648163 193.028351 -245.189560
v 268.185211 195.629486 -256.681000
v 266.651428 193.981186 -266.729919
v 265.780914 185.127701 -284.820770
v 286.043671 172.064453 -271.688873
v 283.191254 180.070175 -257.150330
v 293.197388 169.992584 -245.369843
v 280.170013 169.734802 -284.936371
v 297.769379 143.850037 -284.880096
v 311.429565 117.003731 -284.569672
v 294.015411 161.681091 -200.630661
v 305.179138 141.237411 -192.366104
v 288.803772 165.897827 -187.551758
v 301.305267 142.798172 -178.303558
v 285.866547 164.983185 -170.675858
v 299.058350 143.023788 -168.527512
v 295.169067 145.218445 -156.865219
v 310.511322 112.997368 -150.629364
v 297.030060 136.240738 -140.185699
v 310.059052 107.439659 -135.144501
v 321.415039 83.085350 -143.258957
v 319.988281 80.212326 -129.338745
v 318.809418 78.773651 -119.828903
v 278.279388 166.613266 -142.842133
v 277.509186 171.583618 -157.067963
v 344.890533 23.111332 -178.557175
v 342.291565 47.179028 -197.151779
v 347.201202 23.670427 -193.339890
v 349.103333 24.099710 -208.277893
v 344.634338 45.970631 -213.685593
v 343.422089 56.219379 -227.115158
v 350.260437 24.323467 -223.433273
v 350.066162 24.243801 -238.808472
v 343.906708 55.139629 -238.110764
v 336.060425 82.150902 -237.783447
v 342.696533 56.291653 -248.769211
v 331.057892 92.548492 -257.874268
v 335.839111 81.018936 -225.357742
v 338.691254 57.042740 -265.096710
v 347.579559 23.785128 -254.130783
v 341.949951 23.001076 -268.594391
v 329.400696 55.980980 -282.789062
v 333.330536 22.137144 -281.212677
v 326.919434 87.720871 -274.958801
v 321.858765 88.164223 -283.909546
vn -0.1419 -0.9358 -0.3227
vn -0.1932 -0.9215 -0.3370
vn -0.2045 -0.9006 -0.3836
vn -0.2366 -0.9021 -0.3608
vn -0.2536 -0.8707 -0.4214
vn -0.3161 -0.8615 -0.3973
vn -0.3021 -0.8532 -0.4251
vn -0.2978 -0.8991 -0.3207
vn -0.2552 -0.9214 -0.2932
vn -0.2398 -0.9573 -0.1614
vn -0.1921 -0.9680 -0.1612
vn -0.1802 -0.9584 -0.2214
vn -0.1348 -0.9658 -0.2215
vn -0.1150 -0.9787 -0.1703
vn -0.0762 -0.9816 -0.1752
vn -0.0657 -0.9594 -0.2742
vn -0.0166 -0.9644 -0.2639
vn -0.0143 -0.9623 -0.2717
vn -0.0188 -0.9634 -0.2673
vn -0.0123 -0.9897 -0.1428
vn -0.0149 -0.9912 -0.1313
vn -0.0197 -0.9901 -0.1392
vn -0.0109 -0.9992 -0.0382
vn -0.0113 -0.9993 -0.0361
vn -0.0504 -0.9985 -0.0229
vn -0.0644 -0.9967 -0.0495
vn -0.0968 -0.9944 -0.0415
vn -0.1035 -0.9946 -0.0094
vn -0.1573 -0.9870 -0.0322
vn -0.1604 -0.9868 -0.0235
vn -0.2060 -0.9785 -0.0081
vn -0.2064 -0.9785 0.0020
vn -0.2214 -0.9748 0.0270
vn -0.2871 -0.9575 -0.0270
vn -0.2866 -0.9580 0.0002
vn -0.3402 -0.9347 -0.1025
vn -0.3899 -0.9179 -0.0736
vn -0.4071 -0.9043 -0.1281
vn -0.4008 -0.8944 -0.1986
vn -0.4772 -0.8549 -0.2038
vn -0.4764 -0.8559 -0.2013
vn -0.4594 -0.8302 -0.3157
vn -0.4319 -0.8264 -0.3612
vn -0.4199 -0.8002 -0.4283
vn -0.3623 -0.8138 -0.4544
vn -0.4217 -0.7933 -0.4392
vn -0.3924 -0.8533 -0.3433
vn -0.3881 -0.8691 -0.3066
vn -0.4092 -0.8938 -0.1835
vn -0.3347 -0.9288 -0.1589
vn -0.4814 -0.8683 -0.1199
vn -0.4840 -0.8678 -0.1121
vn -0.4787 -0.8764 -0.0520
vn -0.4798 -0.8760 -0.0495
vn -0.4798 -0.8774 -0.0058
vn -0.4633 -0.8857 0.0282
vn -0.4626 -0.8863 0.0207
vn -0.4623 -0.8864 0.0218
vn -0.4650 -0.8845 0.0390
vn -0.4589 -0.8863 0.0621
vn -0.4568 -0.8881 0.0503
vn -0.4522 -0.8893 0.0684
vn -0.3562 -0.9288 0.1024
vn -0.3622 -0.9316 0.0321
vn -0.4427 -0.8933 0.0776
vn -0.4408 -0.8957 0.0592
vn -0.4328 -0.8977 0.0824
vn -0.4263 -0.9028 0.0571
vn -0.3241 -0.9439 0.0635
vn -0.3071 -0.9469 0.0955
vn -0.2167 -0.9724 0.0860
vn -0.2249 -0.9674 0.1168
vn -0.2341 -0.9681 0.0889
vn -0.2372 -0.9664 0.0993
vn -0.2332 -0.9620 0.1421
vn -0.1792 -0.9774 0.1126
vn -0.1720 -0.9755 0.1371
vn -0.1227 -0.9801 0.1561
vn -0.1234 -0.9840 0.1286
vn -0.1575 -0.9759 0.1511
vn -0.1036 -0.9817 0.1596
vn -0.1042 -0.9829 0.1519
vn -0.0980 -0.9859 0.1358
vn -0.1453 -0.9811 0.1281
vn -0.0792 -0.9863 0.1449
vn -0.0673 -0.9848 0.1604
vn -0.0551 -0.9871 0.1503
vn -0.0470 -0.9851 0.1656
vn -0.0317 -0.9857 0.1652
vn -0.0304 -0.9864 0.1616
vn -0.0304 -0.9852 0.1685
vn -0.0254 -0.9828 0.1830
vn -0.0224 -0.9844 0.1745
vn -0.0217 -0.9854 0.1687
vn -0.0198 -0.9845 0.1744
vn -0.0202 -0.9843 0.1755
vn -0.0195 -0.9855 0.1687
vn -0.0197 -0.9857 0.1674
vn -0.0164 -0.9867 0.1617
vn -0.0168 -0.9880 0.1534
vn -0.0166 -0.9879 0.1540
vn -0.0140 -0.9890 0.1471
vn -0.0158 -0.9922 0.1236
vn -0.0172 -0.9925 0.1209
vn -0.0189 -0.9915 0.1286
vn -0.0180 -0.9959 0.0888
vn -0.0154 -0.9953 0.0961
vn -0.0140 -0.9957 0.0916
vn -0.0102 -0.9992 0.0381
vn -0.0101 -0.9992 0.0378
vn -0.0522 -0.9952 0.0823
vn -0.0587 -0.9975 0.0406
vn -0.0538 -0.9948 0.0865
vn -0.0535 -0.9913 0.1202
vn -0.1000 -0.9875 0.1218
vn -0.0971 -0.9888 0.1136
vn -0.1457 -0.9831 0.1111
vn -0.1585 -0.9848 0.0707
vn -0.1452 -0.9834 0.1092
vn -0.2145 -0.9705 0.1100
vn -0.2190 -0.9719 0.0861
vn -0.2932 -0.9546 0.0522
vn -0.2899 -0.9560 0.0441
vn -0.2905 -0.9543 0.0707
vn -0.3777 -0.9238 0.0633
vn -0.2858 -0.9544 0.0859
vn -0.2831 -0.9564 0.0719
vn -0.3616 -0.9292 0.0760
vn -0.2688 -0.9567 0.1114
vn -0.2107 -0.9748 0.0739
vn -0.3785 -0.9247 0.0394
vn -0.2100 -0.9729 0.0964
vn -0.1325 -0.9807 0.1439
vn -0.0840 -0.9868 0.1385
vn -0.0835 -0.9844 0.1551
vn -0.0737 -0.9817 0.1755
vn -0.0463 -0.9849 0.1668
vn -0.0729 -0.9847 0.1582
vn -0.0485 -0.9830 0.1773
vn -0.0805 -0.9820 0.1710
vn -0.0816 -0.9836 0.1608
vn -0.1321 -0.9770 0.1673
vn -0.1211 -0.9836 0.1334
vn -0.0878 -0.9847 0.1505
vn -0.0526 -0.9880 0.1451
vn -0.0993 -0.9922 0.0759
vn -0.1055 -0.9929 0.0541
vn -0.0499 -0.9903 0.1295
vn -0.0436 -0.9853 0.1650
vn -0.0436 -0.9862 0.1595
vn -0.0458 -0.9843 0.1703
vn -0.0489 -0.9837 0.1730
vn -0.0315 -0.9856 0.1664
vn -0.0538 -0.9817 0.1829
vn -0.0787 -0.9849 0.1541
vn -0.1186 -0.9819 0.1474
vn -0.1826 -0.9736 0.1367
vn -0.2654 -0.9610 0.0778
vn -0.1678 -0.9785 0.1200
vn -0.1518 -0.9819 0.1130
vn -0.3280 -0.9394 0.0994
vn -0.3528 -0.9314 0.0897
vn -0.4502 -0.8911 0.0569
vn -0.3596 -0.9308 0.0655
vn -0.3709 -0.9278 0.0400
vn -0.3947 -0.9188 -0.0049
vn -0.3915 -0.9200 -0.0193
vn -0.3968 -0.9168 -0.0443
vn -0.3312 -0.9325 -0.1442
vn -0.3004 -0.9538 0.0028
vn -0.2153 -0.9737 0.0742
vn -0.1581 -0.9854 0.0638
vn -0.2416 -0.9682 -0.0641
vn -0.1475 -0.9881 0.0438
vn -0.0963 -0.9951 0.0238
vn -0.0493 -0.9986 0.0206
vn -0.0771 -0.9497 -0.3035
vn -0.0567 -0.9900 -0.1288
vn -0.1217 -0.9870 -0.1051
vn -0.1594 -0.9834 -0.0862
vn -0.2465 -0.9586 -0.1425
vn -0.3198 -0.9042 -0.2830
vn -0.3554 -0.8322 -0.4256
vn -0.2387 -0.9147 -0.3260
vn -0.2003 -0.9315 -0.3035
vn -0.1271 -0.9491 -0.2881
vn -0.4912 -0.7575 -0.4301
vn -0.5131 -0.7578 -0.4031
vn -0.5538 -0.7299 -0.4007
vn -0.5948 -0.7346 -0.3263
vn -0.6466 -0.6732 -0.3587
vn -0.6239 -0.6520 -0.4309
vn -0.6208 -0.6122 -0.4897
vn -0.6666 -0.5276 -0.5267
vn -0.6482 -0.5300 -0.5467
vn -0.7159 -0.5739 -0.3977
vn -0.7165 -0.5948 -0.3644
vn -0.7691 -0.6041 -0.2088
vn -0.7600 -0.6334 -0.1453
vn -0.6890 -0.6891 -0.2247
vn -0.6834 -0.7078 -0.1788
vn -0.6369 -0.7557 -0.1527
vn -0.6407 -0.7598 -0.1103
vn -0.6969 -0.7150 -0.0554
vn -0.7019 -0.7118 -0.0279
vn -0.7791 -0.6263 -0.0263
vn -0.7814 -0.6205 -0.0668
vn -0.7894 -0.6134 0.0239
vn -0.7877 -0.6148 0.0404
vn -0.7200 -0.6914 0.0598
vn -0.7255 -0.6875 0.0326
vn -0.7280 -0.6833 0.0562
vn -0.8012 -0.5898 0.1013
vn -0.7995 -0.5857 0.1334
vn -0.7894 -0.5922 0.1617
vn -0.7992 -0.5985 0.0547
vn -0.8096 -0.5690 0.1441
vn -0.8136 -0.5687 0.1213
vn -0.7394 -0.6638 0.1123
vn -0.7359 -0.6717 0.0856
vn -0.6639 -0.7381 0.1199
vn -0.6687 -0.7421 0.0467
vn -0.6343 -0.7650 0.1115
vn -0.5561 -0.8288 0.0618
vn -0.5543 -0.8292 0.0722
vn -0.5515 -0.8317 0.0636
vn -0.5506 -0.8317 0.0718
vn -0.5497 -0.8326 0.0686
vn -0.6535 -0.7543 0.0626
vn -0.6513 -0.7544 0.0818
vn -0.7449 -0.6621 0.0828
vn -0.7354 -0.6661 0.1244
vn -0.8191 -0.5582 0.1325
vn -0.8217 -0.5497 0.1509
vn -0.8217 -0.5497 0.1504
vn -0.8019 -0.5655 0.1929
vn -0.8143 -0.5786 0.0460
vn -0.8288 -0.5395 0.1480
vn -0.7542 -0.6464 0.1155
vn -0.7418 -0.6678 0.0606
vn -0.7419 -0.6629 0.1012
vn -0.6599 -0.7448 0.0986
vn -0.7454 -0.6607 0.0885
vn -0.6592 -0.7474 0.0826
vn -0.5583 -0.8268 0.0685
vn -0.5587 -0.8272 0.0602
vn -0.5630 -0.8249 0.0508
vn -0.5627 -0.8253 0.0476
vn -0.5660 -0.8236 0.0360
vn -0.6504 -0.7581 0.0471
vn -0.6499 -0.7584 0.0492
vn -0.6467 -0.7624 0.0230
vn -0.5684 -0.8226 0.0155
vn -0.5662 -0.8243 0.0011
vn -0.5698 -0.8216 -0.0165
vn -0.6374 -0.7704 -0.0183
vn -0.6374 -0.7703 -0.0185
vn -0.6204 -0.7804 -0.0777
vn -0.5682 -0.8206 -0.0613
vn -0.5595 -0.8222 -0.1045
vn -0.5702 -0.8081 -0.1475
vn -0.5721 -0.8098 -0.1303
vn -0.5429 -0.8172 -0.1934
vn -0.5410 -0.7977 -0.2665
vn -0.5647 -0.8242 -0.0420
vn -0.6526 -0.7549 0.0647
vn -0.7300 -0.6797 0.0711
vn -0.5652 -0.8245 0.0290
vn -0.6353 -0.7715 0.0332
vn -0.6524 -0.7550 0.0654
vn -0.7356 -0.6652 0.1277
vn -0.8159 -0.5585 0.1496
vn -0.7336 -0.6722 0.1001
vn -0.7247 -0.6828 0.0924
vn -0.7953 -0.5952 0.1148
vn -0.7239 -0.6863 0.0711
vn -0.6455 -0.7632 0.0285
vn -0.7983 -0.5967 0.0816
vn -0.7023 -0.7113 -0.0306
vn -0.6203 -0.7812 -0.0705
vn -0.6075 -0.7696 -0.1966
vn -0.7037 -0.7016 -0.1122
vn -0.7606 -0.6343 -0.1382
vn -0.6663 -0.6675 -0.3325
vn -0.5925 -0.7647 -0.2532
vn -0.5608 -0.6945 -0.4507
vn -0.5200 -0.7968 -0.3077
vn -0.7683 -0.3582 0.5304
vn -0.7387 -0.4274 0.5212
vn -0.7495 -0.4719 0.4643
vn -0.7666 -0.4800 0.4266
vn -0.7669 -0.5323 0.3585
vn -0.7322 -0.5774 0.3611
vn -0.7294 -0.5778 0.3663
vn -0.7166 -0.5488 0.4304
vn -0.6775 -0.5883 0.4415
vn -0.6682 -0.6128 0.4220
vn -0.6268 -0.6450 0.4371
vn -0.5972 -0.6442 0.4778
vn -0.5585 -0.6833 0.4703
vn -0.5366 -0.6809 0.4985
vn -0.5014 -0.7268 0.4695
vn -0.4673 -0.7213 0.5113
vn -0.5204 -0.7457 0.4160
vn -0.5162 -0.7667 0.3816
vn -0.5377 -0.7855 0.3063
vn -0.5205 -0.8101 0.2700
vn -0.5359 -0.8220 0.1927
vn -0.5521 -0.8143 0.1795
vn -0.5869 -0.7752 0.2337
vn -0.6137 -0.7630 0.2029
vn -0.6149 -0.7715 0.1634
vn -0.6332 -0.7626 0.1327
vn -0.6326 -0.7609 0.1445
vn -0.5996 -0.7965 0.0772
vn -0.5689 -0.8156 0.1058
vn -0.5610 -0.8144 0.1481
vn -0.6002 -0.7969 0.0686
vn -0.5954 -0.8015 0.0554
vn -0.5895 -0.8076 -0.0155
vn -0.5931 -0.8049 -0.0193
vn -0.5924 -0.8052 -0.0269
vn -0.6334 -0.7732 -0.0330
vn -0.6228 -0.7824 0.0003
vn -0.6705 -0.7414 0.0258
vn -0.6690 -0.7418 0.0452
vn -0.6284 -0.7746 -0.0722
vn -0.6325 -0.7739 0.0312
vn -0.6142 -0.7884 -0.0340
vn -0.6159 -0.7876 0.0208
vn -0.5971 -0.8018 -0.0240
vn -0.6000 -0.8000 0.0063
vn -0.5823 -0.8121 0.0385
vn -0.6304 -0.7733 0.0679
vn -0.6303 -0.7715 0.0870
vn -0.6224 -0.7761 0.1017
vn -0.6240 -0.7671 0.1491
vn -0.5429 -0.8352 0.0879
vn -0.5428 -0.8347 0.0935
vn -0.5351 -0.8377 0.1091
vn -0.5303 -0.8337 0.1541
vn -0.6108 -0.7832 0.1159
vn -0.6173 -0.7700 0.1613
vn -0.6875 -0.7154 0.1250
vn -0.6726 -0.7068 0.2192
vn -0.7199 -0.6796 0.1408
vn -0.7694 -0.5871 0.2518
vn -0.7923 -0.5987 0.1175
vn -0.8007 -0.5668 0.1941
vn -0.8015 -0.5615 0.2055
vn -0.7871 -0.5619 0.2543
vn -0.7331 -0.6609 0.1603
vn -0.7871 -0.5806 0.2081
vn -0.7955 -0.5827 0.1663
vn -0.7999 -0.5614 0.2119
vn -0.8054 -0.5655 0.1776
vn -0.7428 -0.6476 0.1697
vn -0.7490 -0.6533 0.1100
vn -0.7599 -0.6279 0.1685
vn -0.8143 -0.5520 0.1797
vn -0.8177 -0.5344 0.2139
vn -0.8220 -0.5382 0.1863
vn -0.8245 -0.5245 0.2124
vn -0.8284 -0.5279 0.1872
vn -0.8308 -0.5138 0.2141
vn -0.8346 -0.5166 0.1910
vn -0.8366 -0.5038 0.2151
vn -0.8394 -0.5057 0.1991
vn -0.8410 -0.4945 0.2196
vn -0.8416 -0.4948 0.2163
vn -0.8431 -0.4843 0.2339
vn -0.8417 -0.4837 0.2398
vn -0.8150 -0.5202 0.2553
vn -0.8173 -0.5236 0.2406
vn -0.8384 -0.4726 0.2716
vn -0.8360 -0.4606 0.2982
vn -0.8220 -0.4627 0.3322
vn -0.8185 -0.4488 0.3587
vn -0.7964 -0.5252 0.2999
vn -0.8011 -0.5349 0.2686
vn -0.7764 -0.5933 0.2128
vn -0.7721 -0.5888 0.2391
vn -0.7628 -0.6189 0.1875
vn -0.7270 -0.6589 0.1934
vn -0.7248 -0.6595 0.1994
vn -0.7247 -0.6594 0.1998
vn -0.7024 -0.6705 0.2389
vn -0.6716 -0.7105 0.2102
vn -0.6988 -0.6563 0.2846
vn -0.7143 -0.6507 0.2575
vn -0.6548 -0.7023 0.2793
vn -0.6431 -0.6816 0.3492
vn -0.6456 -0.7178 0.2609
vn -0.6053 -0.7331 0.3101
vn -0.6000 -0.7175 0.3540
vn -0.6942 -0.6341 0.3406
vn -0.6892 -0.7064 0.1611
vn -0.6898 -0.7072 0.1553
vn -0.7188 -0.6807 0.1416
vn -0.7174 -0.6807 0.1482
vn -0.7560 -0.6371 0.1503
vn -0.7551 -0.6370 0.1549
vn -0.7520 -0.6456 0.1331
vn -0.7118 -0.6946 0.1042
vn -0.7124 -0.6920 0.1163
vn -0.7414 -0.6638 0.0983
vn -0.7386 -0.6607 0.1341
vn -0.7249 -0.6846 0.0762
vn -0.7215 -0.6823 0.1175
vn -0.7785 -0.6125 0.1369
vn -0.6856 -0.7265 0.0469
vn -0.6591 -0.7496 0.0606
vn -0.7508 -0.6454 0.1408
vn -0.7885 -0.5970 0.1480
vn -0.7955 -0.5833 0.1640
vn -0.7103 -0.6952 0.1099
vn -0.6752 -0.7301 0.1051
vn -0.7622 -0.6187 0.1905
vn -0.8005 -0.5697 0.1860
vn -0.7583 -0.6058 0.2407
vn -0.7520 -0.5929 0.2880
vn -0.8072 -0.5511 0.2115
vn -0.8426 -0.4718 0.2598
vn -0.8052 -0.5498 0.2221
vn -0.7992 -0.5690 0.1935
vn -0.7930 -0.5820 0.1801
vn -0.7848 -0.5942 0.1760
vn -0.7740 -0.6085 0.1749
vn -0.7649 -0.6325 0.1222
vn -0.6991 -0.7070 0.1063
vn -0.7297 -0.6757 0.1047
vn -0.6755 -0.7296 0.1070
vn -0.8091 -0.5475 0.2135
vn -0.7225 -0.6696 0.1720
vn -0.6999 -0.7090 0.0869
vn -0.7236 -0.6499 0.2327
vn -0.7107 -0.6859 0.1561
vn -0.8105 -0.5575 0.1796
vn -0.8140 -0.5586 0.1592
vn -0.8158 -0.5517 0.1735
vn -0.7252 -0.6651 0.1783
vn -0.7142 -0.6692 0.2051
vn -0.6220 -0.7701 0.1418
vn -0.5977 -0.7801 0.1849
vn -0.5120 -0.8496 0.1262
vn -0.5146 -0.8486 0.1227
vn -0.7031 -0.6846 0.1923
vn -0.5991 -0.7871 0.1471
vn -0.5160 -0.8492 0.1124
vn -0.6185 -0.7698 0.1577
vn -0.5617 -0.8250 0.0620
vn -0.5641 -0.8253 0.0244
vn -0.6188 -0.7687 0.1620
vn -0.6908 -0.6880 0.2225
vn -0.6449 -0.7557 0.1140
vn -0.5820 -0.8101 0.0713
vn -0.6509 -0.7588 0.0224
vn -0.6789 -0.7337 0.0278
vn -0.7027 -0.7103 0.0408
vn -0.6834 -0.7259 0.0776
vn -0.6173 -0.7854 -0.0452
vn -0.6364 -0.7714 0.0026
vn -0.6596 -0.7496 0.0547
vn -0.6743 -0.7298 0.1128
vn -0.6736 -0.7157 0.1843
vn -0.6486 -0.7216 0.2421
vn -0.5602 -0.8156 0.1445
vn -0.5800 -0.7665 0.2757
vn -0.5684 -0.7157 0.4058
vn -0.6334 -0.6827 0.3643
vn -0.6975 -0.6156 0.3669
vn -0.7371 -0.5991 0.3127
vn -0.7742 -0.5381 0.3332
vn -0.7974 -0.4417 0.4111
vn -0.7953 -0.4061 0.4501
vn -0.7222 -0.4992 0.4788
vn -0.7466 -0.3642 0.5568
vn -0.2568 -0.9639 0.0697
vn -0.3589 -0.9247 0.1270
vn -0.3590 -0.9242 0.1299
vn -0.4421 -0.8761 0.1926
vn -0.4628 -0.8705 0.1675
vn -0.4720 -0.8760 0.0993
vn -0.4681 -0.8794 0.0865
vn -0.4642 -0.8792 0.1078
vn -0.4274 -0.9040 0.0126
vn -0.3370 -0.9403 0.0474
vn -0.3178 -0.9480 -0.0153
vn -0.2100 -0.9769 -0.0406
vn -0.1932 -0.9811 -0.0049
vn -0.1968 -0.9798 0.0351
vn -0.1365 -0.9850 0.1053
vn -0.1372 -0.9891 0.0540
vn -0.1061 -0.9888 0.1054
vn -0.0169 -0.9962 0.0849
vn -0.0124 -0.9955 0.0940
vn -0.0039 -0.9897 0.1433
vn -0.0045 -0.9892 0.1467
vn -0.0948 -0.9834 0.1546
vn -0.0994 -0.9721 0.2123
vn -0.2127 -0.9506 0.2260
vn -0.2158 -0.9514 0.2198
vn -0.2083 -0.9659 0.1536
vn -0.2255 -0.9661 0.1260
vn -0.3074 -0.9319 0.1927
vn -0.3271 -0.9122 0.2467
vn -0.4439 -0.8622 0.2439
vn -0.4178 -0.8194 0.3923
vn -0.4144 -0.8301 0.3732
vn -0.3843 -0.7897 0.4782
vn -0.3225 -0.8104 0.4891
vn -0.2900 -0.8538 0.4323
vn -0.3024 -0.8835 0.3577
vn -0.2216 -0.8732 0.4342
vn -0.2037 -0.9241 0.3233
vn -0.0971 -0.9450 0.3122
vn -0.0878 -0.9415 0.3254
vn 0.0045 -0.9456 0.3253
vn 0.0091 -0.9536 0.3010
vn -0.0081 -0.9775 0.2107
vn 0.0018 -0.9749 0.2226
vn 0.0050 -0.9786 0.2055
vn -0.0094 -0.9508 0.3096
vn 0.0136 -0.8988 0.4381
vn -0.1040 -0.9000 0.4233
vn 0.0195 -0.8949 0.4458
vn -0.0927 -0.8937 0.4390
vn -0.2296 -0.8754 0.4253
vn -0.3941 -0.7656 0.5085
vn -0.3066 -0.8838 0.3533
vn -0.2177 -0.9277 0.3034
vn -0.0903 -0.9696 0.2275
vn -0.0051 -0.9893 0.1458
vn -0.0202 -0.9954 0.0941
vn -0.0245 -0.9990 0.0386
vn -0.0141 -0.9976 0.0685
vn 0.0040 -0.9993 0.0372
vn 0.0053 -0.9996 -0.0292
vn 0.0054 -0.9996 -0.0290
vn 0.0070 -0.9995 -0.0316
vn 0.0016 -0.9946 -0.1036
vn -0.0113 -0.9917 -0.1278
vn -0.0200 -0.9942 -0.1054
vn -0.0215 -0.9850 -0.1713
vn -0.0177 -0.9872 -0.1587
vn -0.0092 -0.9851 -0.1716
vn -0.0013 -0.9743 -0.2254
vn -0.0012 -0.9744 -0.2248
vn -0.0018 -0.9746 -0.2241
vn 0.0067 -0.9653 -0.2612
vn 0.0048 -0.9641 -0.2657
vn 0.0034 -0.9646 -0.2638
vn 0.0056 -0.9589 -0.2835
vn 0.0031 -0.9581 -0.2866
vn 0.0034 -0.9578 -0.2873
vn 0.0029 -0.9561 -0.2931
vn -0.0195 -0.9453 -0.3256
vn -0.0286 -0.9541 -0.2980
vn -0.0286 -0.9540 -0.2984
vn -0.0229 -0.9613 -0.2745
vn -0.0104 -0.9562 -0.2927
vn -0.0103 -0.9559 -0.2934
vn -0.0085 -0.9587 -0.2842
vn -0.0061 -0.9579 -0.2871
vn -0.0066 -0.9592 -0.2827
vn -0.0192 -0.9526 -0.3035
vn -0.0248 -0.9569 -0.2895
vn -0.0246 -0.9563 -0.2913
vn -0.0216 -0.9611 -0.2752
vn -0.0154 -0.9589 -0.2833
vn -0.0150 -0.9580 -0.2864
vn -0.0238 -0.9531 -0.3018
vn -0.0266 -0.9552 -0.2948
vn -0.0283 -0.9594 -0.2806
vn -0.0260 -0.9613 -0.2741
vn -0.0182 -0.9572 -0.2888
vn -0.0256 -0.9673 -0.2524
vn -0.0283 -0.9655 -0.2589
vn -0.0286 -0.9789 -0.2024
vn -0.0310 -0.9775 -0.2087
vn -0.0346 -0.9795 -0.1985
vn -0.0278 -0.9911 -0.1299
vn -0.0319 -0.9892 -0.1432
vn -0.0362 -0.9911 -0.1284
vn -0.0573 -0.9890 -0.1366
vn -0.0553 -0.9883 -0.1421
vn -0.0620 -0.9769 -0.2043
vn -0.0810 -0.9810 -0.1760
vn -0.0845 -0.9636 -0.2535
vn -0.1029 -0.9709 -0.2163
vn -0.1459 -0.9660 -0.2135
vn -0.1270 -0.9795 -0.1565
vn -0.1278 -0.9800 -0.1523
vn -0.1119 -0.9874 -0.1123
vn -0.1538 -0.9860 -0.0645
vn -0.1120 -0.9877 -0.1094
vn -0.0806 -0.9889 -0.1248
vn -0.1509 -0.9762 -0.1559
vn -0.1797 -0.9797 -0.0889
vn -0.1940 -0.9658 -0.1722
vn -0.1872 -0.9676 -0.1693
vn -0.1922 -0.9545 -0.2280
vn -0.1491 -0.9630 -0.2247
vn -0.1545 -0.9483 -0.2774
vn -0.1107 -0.9602 -0.2565
vn -0.1065 -0.9501 -0.2931
vn -0.1851 -0.9519 -0.2443
vn -0.1766 -0.9464 -0.2706
vn -0.2524 -0.9410 -0.2253
vn -0.2388 -0.9507 -0.1979
vn -0.2405 -0.9545 -0.1763
vn -0.2196 -0.9502 -0.2211
vn -0.2864 -0.9448 -0.1592
vn -0.2696 -0.9549 -0.1244
vn -0.3307 -0.9413 -0.0685
vn -0.3225 -0.9341 -0.1533
vn -0.3765 -0.9243 -0.0632
vn -0.4027 -0.9125 -0.0717
vn -0.3862 -0.9207 0.0559
vn -0.4303 -0.9015 0.0474
vn -0.4271 -0.8981 0.1051
vn -0.3937 -0.9192 0.0086
vn -0.3900 -0.9126 0.1231
vn -0.3084 -0.9512 0.0096
vn -0.3151 -0.9491 -0.0010
vn -0.3145 -0.9474 -0.0592
vn -0.3081 -0.9500 -0.0517
vn -0.2725 -0.9566 -0.1028
vn -0.2736 -0.9577 -0.0888
vn -0.2370 -0.9665 -0.0981
vn -0.2546 -0.9657 -0.0508
vn -0.3075 -0.9512 0.0263
vn -0.2201 -0.9751 -0.0287
vn -0.3624 -0.9316 0.0290
vn -0.4576 -0.8835 0.1002
vn -0.4561 -0.8869 0.0735
vn -0.4831 -0.8754 0.0183
vn -0.4880 -0.8718 0.0415
vn -0.5032 -0.8642 -0.0057
vn -0.4775 -0.8786 -0.0017
vn -0.4826 -0.8704 -0.0969
vn -0.5305 -0.8464 -0.0471
vn -0.5316 -0.8465 -0.0296
vn -0.5390 -0.8412 -0.0429
vn -0.5366 -0.8345 -0.1250
vn -0.5796 -0.8141 -0.0370
vn -0.5805 -0.8115 -0.0662
vn -0.5619 -0.8251 -0.0592
vn -0.5230 -0.8457 -0.1065
vn -0.5395 -0.8320 -0.1295
vn -0.4628 -0.8707 -0.1661
vn -0.4565 -0.8676 -0.1971
vn -0.4014 -0.8851 -0.2354
vn -0.3859 -0.8971 -0.2150
vn -0.3856 -0.8967 -0.2174
vn -0.3877 -0.8946 -0.2223
vn -0.3057 -0.9240 -0.2298
vn -0.3037 -0.9306 -0.2045
vn -0.2416 -0.9554 -0.1702
vn -0.2422 -0.9533 -0.1806
vn -0.2586 -0.9541 -0.1514
vn -0.3307 -0.9322 -0.1474
vn -0.3346 -0.9342 -0.1235
vn -0.4046 -0.9128 -0.0552
vn -0.4054 -0.9113 -0.0718
vn -0.4393 -0.8923 -0.1043
vn -0.5073 -0.8618 -0.0053
vn -0.5374 -0.8403 -0.0717
vn -0.5365 -0.8394 -0.0869
vn -0.4508 -0.8810 -0.1436
vn -0.4514 -0.8842 -0.1200
vn -0.4802 -0.8650 -0.1458
vn -0.4782 -0.8676 -0.1367
vn -0.5575 -0.8214 -0.1206
vn -0.5575 -0.8275 -0.0668
vn -0.5206 -0.8534 -0.0267
vn -0.5084 -0.8588 -0.0635
vn -0.5262 -0.8503 -0.0120
vn -0.4385 -0.8907 -0.1200
vn -0.3210 -0.9420 -0.0981
vn -0.3525 -0.9152 -0.1953
vn -0.2584 -0.9550 -0.1453
vn -0.1438 -0.9813 -0.1279
vn -0.1439 -0.9798 -0.1386
vn -0.1955 -0.9507 -0.2408
vn -0.1959 -0.9481 -0.2504
vn -0.1593 -0.9414 -0.2974
vn -0.0929 -0.9610 -0.2604
vn -0.1610 -0.9576 -0.2388
vn -0.1010 -0.9514 -0.2909
vn -0.2186 -0.9304 -0.2942
vn -0.2707 -0.9328 -0.2378
vn -0.2214 -0.9372 -0.2696
vn -0.1391 -0.9286 -0.3442
vn -0.1440 -0.9575 -0.2500
vn -0.2142 -0.9314 -0.2944
vn -0.2143 -0.9489 -0.2316
vn -0.2297 -0.9349 -0.2706
vn -0.2900 -0.9206 -0.2615
vn -0.2887 -0.9178 -0.2724
vn -0.3228 -0.9216 -0.2157
vn -0.3747 -0.8964 -0.2368
vn -0.3691 -0.9075 -0.2007
vn -0.4275 -0.8868 -0.1754
vn -0.4289 -0.8874 -0.1690
vn -0.4854 -0.8655 -0.1239
vn -0.4837 -0.8575 -0.1754
vn -0.4354 -0.8796 -0.1917
vn -0.4210 -0.8922 -0.1636
vn -0.4255 -0.9029 -0.0613
vn -0.3661 -0.9068 -0.2091
vn -0.3564 -0.9243 -0.1367
vn -0.3067 -0.9254 -0.2228
vn -0.2914 -0.9333 -0.2100
vn -0.2836 -0.9264 -0.2476
vn -0.2289 -0.9319 -0.2813
vn -0.1147 -0.9714 -0.2080
vn -0.3585 -0.9235 -0.1361
vn -0.2718 -0.9178 -0.2893
vn -0.3931 -0.9007 -0.1851
vn -0.3242 -0.9036 -0.2800
vn -0.4017 -0.8968 -0.1855
vn -0.4465 -0.8801 -0.1615
vn -0.4689 -0.8646 -0.1804
vn -0.5459 -0.8326 -0.0937
vn -0.5674 -0.8174 -0.0997
vn -0.5229 -0.8446 -0.1147
vn -0.4792 -0.8702 -0.1150
vn -0.4803 -0.8720 -0.0940
vn -0.4462 -0.8921 -0.0719
vn -0.5049 -0.8632 0.0027
vn -0.3665 -0.9304 -0.0042
vn -0.4347 -0.9005 0.0094
vn -0.3790 -0.9141 -0.1444
vn -0.3085 -0.9404 -0.1434
vn -0.3096 -0.9503 -0.0323
vn -0.2596 -0.9518 -0.1630
vn -0.2832 -0.9406 -0.1872
vn -0.2460 -0.9347 -0.2567
vn -0.1796 -0.9404 -0.2886
vn -0.1129 -0.9559 -0.2710
vn -0.1802 -0.9582 -0.2221
vn -0.1355 -0.9568 -0.2574
vn -0.0831 -0.9562 -0.2805
vn -0.0848 -0.9613 -0.2620
vn -0.1325 -0.9639 -0.2309
vn -0.2125 -0.9606 -0.1789
vn -0.2376 -0.9671 -0.0906
vn -0.2528 -0.9652 -0.0672
vn -0.1426 -0.9612 -0.2362
vn -0.1083 -0.9553 -0.2749
vn -0.0663 -0.9676 -0.2437
vn -0.0843 -0.9800 -0.1805
vn -0.0879 -0.9864 -0.1386
vn -0.0509 -0.9799 -0.1931
vn -0.0533 -0.9624 -0.2664
vn -0.0696 -0.9556 -0.2863
vn -0.0810 -0.9575 -0.2768
vn -0.0784 -0.9513 -0.2982
vn -0.0914 -0.9586 -0.2697
vn -0.0878 -0.9474 -0.3079
vn -0.1138 -0.9481 -0.2970
vn -0.1010 -0.9514 -0.2910
vn -0.0715 -0.9637 -0.2573
vn -0.0708 -0.9553 -0.2870
vn -0.0920 -0.9657 -0.2429
vn -0.1128 -0.9774 -0.1786
vn -0.0912 -0.9925 -0.0814
vn -0.0891 -0.9947 -0.0517
vn -0.1079 -0.9856 0.1305
vn -0.0968 -0.9943 0.0436
vn -0.1079 -0.9941 -0.0110
vn -0.2049 -0.9755 -0.0794
vn -0.3298 -0.9425 -0.0543
vn -0.3402 -0.9398 0.0313
vn -0.4307 -0.9024 -0.0127
vn -0.5180 -0.8528 0.0663
vn -0.4382 -0.8620 0.2546
vn -0.3074 -0.9318 0.1931
vn -0.3663 -0.9241 0.1093
vn -0.2256 -0.9676 0.1137
vn -0.2561 -0.9619 0.0957
vn -0.8350 -0.5394 0.1086
vn -0.8361 -0.5412 0.0895
vn -0.8356 -0.5425 0.0869
vn -0.8354 -0.5423 0.0894
vn -0.8201 -0.5721 0.0119
vn -0.8084 -0.5636 0.1696
vn -0.7497 -0.6599 0.0499
vn -0.7484 -0.6506 0.1289
vn -0.6569 -0.7516 0.0597
vn -0.6568 -0.7500 0.0779
vn -0.5632 -0.8263 -0.0031
vn -0.5539 -0.8264 0.1016
vn -0.5429 -0.8370 0.0678
vn -0.5424 -0.8369 0.0728
vn -0.5512 -0.8324 0.0579
vn -0.6563 -0.7446 0.1219
vn -0.6507 -0.7556 0.0759
vn -0.7658 -0.6344 0.1054
vn -0.7660 -0.6390 0.0702
vn -0.8214 -0.5492 0.1538
vn -0.8330 -0.5477 0.0782
vn -0.8382 -0.5327 0.1165
vn -0.8346 -0.5355 0.1294
vn -0.8325 -0.5358 0.1410
vn -0.8314 -0.5400 0.1308
vn -0.7564 -0.6470 0.0964
vn -0.7500 -0.6458 0.1428
vn -0.6587 -0.7509 0.0470
vn -0.5329 -0.8439 0.0626
vn -0.5333 -0.8445 0.0486
vn -0.5274 -0.8476 0.0592
vn -0.5274 -0.8478 0.0552
vn -0.5897 -0.8002 0.1087
vn -0.6339 -0.7722 0.0422
vn -0.5898 -0.8072 -0.0239
vn -0.6440 -0.7616 0.0720
vn -0.7077 -0.7064 0.0146
vn -0.6407 -0.7615 0.0982
vn -0.5172 -0.8532 0.0677
vn -0.5118 -0.8548 0.0860
vn -0.5119 -0.8547 0.0865
vn -0.6280 -0.7682 0.1245
vn -0.6294 -0.7661 0.1305
vn -0.7534 -0.6485 0.1087
vn -0.6349 -0.7660 0.1012
vn -0.6298 -0.7728 0.0779
vn -0.7115 -0.6828 0.1659
vn -0.7697 -0.6354 0.0622
vn -0.8172 -0.5584 0.1424
vn -0.8310 -0.5440 0.1160
vn -0.8175 -0.5599 0.1345
vn -0.8207 -0.5578 0.1236
vn -0.7284 -0.6689 0.1482
vn -0.7159 -0.6922 0.0912
vn -0.6215 -0.7694 0.1475
vn -0.6190 -0.7733 0.1376
vn -0.5115 -0.8489 0.1330
vn -0.5057 -0.8549 0.1153
vn -0.5064 -0.8555 0.1079
vn -0.5065 -0.8554 0.1082
vn -0.5062 -0.8568 0.0982
vn -0.6365 -0.7670 0.0813
vn -0.7394 -0.6708 0.0577
vn -0.5171 -0.8533 0.0668
vn -0.5216 -0.8501 0.0733
vn -0.5213 -0.8511 0.0627
vn -0.6609 -0.7475 0.0673
vn -0.6322 -0.7668 0.1106
vn -0.7567 -0.6453 0.1051
vn -0.7019 -0.6995 0.1345
vn -0.8401 -0.5327 0.1021
vn -0.7366 -0.6700 0.0921
vn -0.7532 -0.6484 0.1106
vn -0.8317 -0.5463 0.0988
vn -0.7664 -0.6236 0.1541
vn -0.1801 -0.9823 0.0519
vn -0.1802 -0.9826 0.0448
vn -0.2724 -0.9604 0.0578
vn -0.2680 -0.9623 0.0457
vn -0.3681 -0.9296 -0.0151
vn -0.3657 -0.9225 0.1235
vn -0.2778 -0.9596 0.0454
vn -0.2794 -0.9584 0.0576
vn -0.1867 -0.9807 0.0585
vn -0.1869 -0.9806 0.0592
vn -0.1837 -0.9802 0.0736
vn -0.2895 -0.9559 0.0499
vn -0.2787 -0.9561 0.0902
vn -0.4015 -0.9157 0.0158
vn -0.3974 -0.8927 0.2125
vn -0.3104 -0.9479 0.0718
vn -0.4168 -0.9075 0.0526
vn -0.4169 -0.9077 0.0476
vn -0.4010 -0.9128 0.0775
vn -0.2822 -0.9490 0.1404
vn -0.2159 -0.9719 0.0933
vn -0.1812 -0.9729 0.1433
vn -0.1464 -0.9830 0.1111
vn -0.1392 -0.9826 0.1234
vn -0.0891 -0.9889 0.1190
vn -0.0892 -0.9889 0.1188
vn -0.0651 -0.9891 0.1324
vn -0.0651 -0.9941 0.0866
vn -0.0820 -0.9915 0.1008
vn -0.0784 -0.9941 0.0750
vn -0.1226 -0.9891 0.0811
vn -0.1304 -0.9864 0.1002
vn -0.1309 -0.9913 0.0164
vn -0.1164 -0.9920 0.0486
vn -0.0714 -0.9965 0.0432
vn -0.0801 -0.9968 0.0044
vn -0.0546 -0.9985 0.0058
vn -0.0712 -0.9961 -0.0530
vn -0.0379 -0.9980 -0.0499
vn -0.0467 -0.9989 -0.0054
vn -0.0312 -0.9995 -0.0047
vn -0.0324 -0.9995 0.0010
vn -0.0322 -0.9985 0.0444
vn -0.0322 -0.9985 0.0445
vn -0.0325 -0.9984 0.0459
vn -0.0330 -0.9962 0.0804
vn -0.0323 -0.9959 0.0843
vn -0.0293 -0.9965 0.0789
vn -0.0311 -0.9938 0.1067
vn -0.0304 -0.9936 0.1084
vn -0.0301 -0.9908 0.1322
vn -0.0303 -0.9909 0.1314
vn -0.0298 -0.9911 0.1298
vn -0.0274 -0.9880 0.1519
vn -0.0300 -0.9892 0.1437
vn -0.0316 -0.9884 0.1484
vn -0.0459 -0.9877 0.1498
vn -0.0472 -0.9881 0.1464
vn -0.0675 -0.9865 0.1495
vn -0.0646 -0.9881 0.1398
vn -0.0424 -0.9905 0.1312
vn -0.0404 -0.9899 0.1361
vn -0.0406 -0.9937 0.1048
vn -0.0383 -0.9943 0.0991
vn -0.0417 -0.9957 0.0823
vn -0.0410 -0.9959 0.0803
vn -0.0410 -0.9979 0.0498
vn -0.0527 -0.9974 0.0492
vn -0.0536 -0.9972 0.0515
vn -0.0523 -0.9953 0.0820
vn -0.0541 -0.9955 0.0782
vn -0.0422 -0.9980 0.0465
vn -0.0288 -0.9996 -0.0003
vn -0.0335 -0.9977 -0.0583
vn -0.0327 -0.9974 -0.0642
vn -0.0301 -0.9978 -0.0586
vn -0.0372 -0.9991 0.0219
vn -0.0492 -0.9964 -0.0694
vn -0.0687 -0.9960 -0.0574
vn -0.0929 -0.9940 -0.0574
vn -0.1099 -0.9935 -0.0282
vn -0.1021 -0.9924 -0.0680
vn -0.1165 -0.9907 -0.0705
vn -0.1506 -0.9882 -0.0281
vn -0.1476 -0.9881 -0.0438
vn -0.1998 -0.9795 -0.0267
vn -0.1922 -0.9812 0.0193
vn -0.2676 -0.9635 0.0049
vn -0.2576 -0.9638 0.0686
vn -0.3827 -0.9223 0.0542
vn -0.3835 -0.9226 0.0418
vn -0.3850 -0.9218 0.0459
vn -0.2598 -0.9648 0.0408
vn -0.3817 -0.9228 0.0524
vn -0.3827 -0.9215 0.0667
vn -0.3825 -0.9215 0.0670
vn -0.3850 -0.9194 0.0801
vn -0.3874 -0.9191 0.0718
vn -0.3867 -0.9199 0.0654
vn -0.2981 -0.9532 0.0502
vn -0.3996 -0.9120 0.0923
vn -0.4000 -0.9111 0.0995
vn -0.2982 -0.9530 0.0531
vn -0.2827 -0.9591 0.0148
vn -0.2556 -0.9647 0.0627
vn -0.1662 -0.9855 0.0330
vn -0.1709 -0.9838 0.0534
vn -0.1747 -0.9837 0.0419
vn -0.1662 -0.9855 0.0331
vn -0.1155 -0.9933 0.0001
vn -0.1191 -0.9928 0.0135
vn -0.2782 -0.9599 0.0353
vn -0.2092 -0.9779 0.0023
vn -0.1576 -0.9868 -0.0379
vn -0.1245 -0.9919 -0.0265
vn -0.0597 -0.9980 0.0198
vn -0.0810 -0.9967 0.0066
vn -0.0708 -0.9966 0.0417
vn -0.1128 -0.9931 0.0329
vn -0.0699 -0.9933 0.0918
vn -0.0869 -0.9921 0.0908
vn -0.1282 -0.9872 0.0950
vn -0.1283 -0.9856 0.1105
vn -0.0574 -0.9931 0.1024
vn -0.0655 -0.9889 0.1335
vn -0.0870 -0.9896 0.1143
vn -0.0979 -0.9855 0.1389
vn -0.1334 -0.9863 0.0976
vn -0.1894 -0.9775 0.0925
vn -0.1225 -0.9891 0.0814
vn -0.2868 -0.9573 0.0353
vn -0.3996 -0.9158 0.0416
vn -0.3857 -0.9219 0.0373
vn -0.2657 -0.9622 0.0603
vn -0.1766 -0.9829 0.0530
vn -0.1854 -0.9805 0.0654
vn -0.2724 -0.9604 0.0581
vn 0.1456 0.9555 -0.2565
vn 0.0657 0.9635 -0.2594
vn 0.0676 0.9859 -0.1532
vn 0.0833 0.9758 -0.2023
vn -0.0190 0.9839 -0.1777
vn -0.0264 0.9909 -0.1324
vn 0.0018 0.9985 -0.0553
vn 0.1239 0.9896 -0.0734
vn 0.1404 0.9901 -0.0087
vn 0.2127 0.9771 -0.0097
vn 0.2106 0.9776 -0.0002
vn 0.1882 0.9790 -0.0780
vn 0.1829 0.9818 -0.0517
vn 0.1314 0.9906 -0.0385
vn 0.1281 0.9915 -0.0238
vn 0.1199 0.9885 0.0917
vn 0.0784 0.9951 -0.0609
vn 0.0792 0.9948 -0.0644
vn 0.1728 0.9837 0.0499
vn 0.1725 0.9846 0.0282
vn 0.1834 0.9830 0.0025
vn 0.1827 0.9832 0.0001
vn 0.1844 0.9827 0.0164
vn 0.1856 0.9825 0.0133
vn 0.1856 0.9825 0.0135
vn 0.1855 0.9826 0.0114
vn 0.1840 0.9828 0.0142
vn 0.1850 0.9825 0.0209
vn 0.1849 0.9824 0.0260
vn 0.1839 0.9825 0.0311
vn 0.1730 0.9849 0.0069
vn 0.1727 0.9846 0.0282
vn 0.1729 0.9846 0.0271
vn 0.1639 0.9864 0.0081
vn 0.1639 0.9864 0.0088
vn 0.1546 0.9875 0.0303
vn 0.1546 0.9875 0.0302
vn 0.1547 0.9875 0.0314
vn 0.1554 0.9875 0.0279
vn 0.1442 0.9895 0.0074
vn 0.1433 0.9892 0.0309
vn 0.1438 0.9892 0.0294
vn 0.1347 0.9909 0.0069
vn 0.1346 0.9909 0.0056
vn 0.1277 0.9913 0.0308
vn 0.1281 0.9913 0.0318
vn 0.1278 0.9913 0.0306
vn 0.1177 0.9926 0.0302
vn 0.1430 0.9877 0.0641
vn 0.1425 0.9866 0.0790
vn 0.1027 0.9932 0.0548
vn 0.0834 0.9915 0.1001
vn -0.0333 0.9937 0.1069
vn -0.0370 0.9923 0.1184
vn -0.1784 0.9712 0.1579
vn -0.1798 0.9719 0.1521
vn -0.2843 0.9512 0.1200
vn -0.3065 0.9366 0.1696
vn -0.3083 0.9469 0.0914
vn -0.3894 0.9107 0.1381
vn -0.3882 0.9130 0.1253
vn -0.4810 0.8653 0.1412
vn -0.4845 0.8649 0.1308
vn -0.5736 0.8055 0.1484
vn -0.5739 0.8034 0.1585
vn -0.5772 0.8027 0.1501
vn -0.5772 0.8027 0.1500
vn -0.4797 0.8653 0.1452
vn -0.4811 0.8650 0.1425
vn -0.3819 0.9134 0.1413
vn -0.3697 0.9247 0.0912
vn -0.2800 0.9496 0.1409
vn -0.2788 0.9507 0.1357
vn -0.2829 0.9514 0.1218
vn -0.1692 0.9760 0.1370
vn -0.1605 0.9812 0.1071
vn -0.0475 0.9905 0.1288
vn -0.0399 0.9929 0.1122
vn 0.0643 0.9910 0.1177
vn 0.0696 0.9931 0.0942
vn -0.5791 0.8000 0.1571
vn -0.5695 0.8069 0.1566
vn -0.5697 0.8075 0.1526
vn -0.5463 0.8323 0.0941
vn -0.4766 0.8658 0.1526
vn -0.4471 0.8908 0.0812
vn -0.4400 0.8836 0.1604
vn -0.3681 0.9244 0.1004
vn -0.3698 0.9202 0.1285
vn -0.4092 0.9102 0.0633
vn -0.4769 0.8702 0.1240
vn -0.4784 0.8699 0.1202
vn -0.5559 0.8235 0.1135
vn -0.5617 0.8165 0.1335
vn -0.5597 0.8159 0.1449
vn -0.5552 0.8235 0.1162
vn -0.5497 0.8307 0.0882
vn -0.4688 0.8789 0.0880
vn -0.4645 0.8833 0.0627
vn -0.4024 0.9152 0.0222
vn -0.4023 0.9145 0.0418
vn -0.4600 0.8877 0.0198
vn -0.4624 0.8866 0.0060
vn -0.4487 0.8926 -0.0435
vn -0.4584 0.8851 -0.0811
vn -0.5198 0.8523 -0.0580
vn -0.5333 0.8459 -0.0082
vn -0.5247 0.8458 -0.0964
vn -0.5068 0.8512 -0.1365
vn -0.5030 0.8357 -0.2206
vn -0.4872 0.8369 -0.2494
vn -0.4736 0.8181 -0.3262
vn -0.4933 0.7833 -0.3783
vn -0.4069 0.8361 -0.3678
vn -0.4146 0.8397 -0.3507
vn -0.3517 0.8657 -0.3561
vn -0.3509 0.8684 -0.3502
vn -0.2975 0.8907 -0.3439
vn -0.2848 0.8846 -0.3692
vn -0.1872 0.9371 -0.2946
vn -0.2049 0.9123 -0.3546
vn -0.2298 0.9314 -0.2824
vn -0.2021 0.9586 -0.2005
vn -0.2098 0.9650 -0.1571
vn -0.2997 0.9440 -0.1383
vn -0.3141 0.9266 -0.2068
vn -0.3706 0.9056 -0.2064
vn -0.3903 0.9083 -0.1505
vn -0.4272 0.8908 -0.1551
vn -0.3838 0.9155 -0.1207
vn -0.3891 0.9196 -0.0535
vn -0.3076 0.9500 -0.0540
vn -0.2985 0.9541 -0.0255
vn -0.3063 0.9519 0.0051
vn -0.2915 0.9553 0.0495
vn -0.2903 0.9565 0.0289
vn -0.1946 0.9760 0.0978
vn -0.1892 0.9739 0.1253
vn -0.0304 0.9990 0.0337
vn -0.0309 0.9928 0.1158
vn -0.0048 0.9986 0.0535
vn 0.1347 0.9897 0.0476
vn 0.1416 0.9897 0.0212
vn 0.2087 0.9769 0.0468
vn 0.2085 0.9779 0.0162
vn 0.1423 0.9895 0.0239
vn -0.0010 1.0000 0.0054
vn 0.0009 0.9997 -0.0234
vn 0.1512 0.9849 0.0844
vn 0.1492 0.9882 0.0334
vn 0.2076 0.9772 0.0444
vn 0.1392 0.9881 0.0651
vn 0.1365 0.9892 0.0530
vn 0.1965 0.9790 0.0541
vn 0.1180 0.9873 0.1068
vn 0.0156 0.9992 0.0378
vn -0.0485 0.9897 0.1348
vn -0.1665 0.9836 0.0699
vn -0.1746 0.9791 0.1044
vn -0.1717 0.9786 0.1134
vn -0.1719 0.9785 0.1140
vn -0.2685 0.9601 0.0780
vn -0.2652 0.9511 0.1584
vn -0.0422 0.9973 0.0593
vn -0.0276 0.9945 0.1009
vn 0.1118 0.9914 0.0674
vn 0.1830 0.9813 0.0597
vn -0.0093 0.9997 0.0238
vn -0.1600 0.9868 -0.0233
vn 0.0118 0.9933 0.1150
vn -0.1715 0.9840 0.0480
vn -0.3088 0.9463 0.0961
vn -0.3091 0.9462 0.0952
vn -0.3874 0.9184 0.0806
vn -0.1735 0.9840 0.0404
vn -0.3076 0.9496 0.0598
vn -0.1757 0.9841 0.0270
vn -0.1615 0.9864 -0.0317
vn -0.1558 0.9867 -0.0465
vn -0.3053 0.9443 -0.1228
vn -0.0719 0.9370 -0.3417
vn -0.0642 0.9314 -0.3583
vn -0.2882 0.9155 -0.2808
vn -0.3798 0.8829 -0.2760
vn -0.4009 0.8736 -0.2758
vn -0.4276 0.8773 -0.2179
vn -0.4560 0.8843 -0.1008
vn -0.3941 0.9182 -0.0411
vn -0.5307 0.8475 0.0056
vn -0.5419 0.8388 0.0522
vn -0.5415 0.8390 0.0541
vn -0.3867 0.9222 0.0026
vn -0.3879 0.9201 0.0535
vn -0.4678 0.8824 0.0501
vn -0.5490 0.8308 0.0912
vn -0.4704 0.8787 0.0811
vn -0.4052 0.9064 0.1196
vn -0.3070 0.9482 0.0818
vn -0.3710 0.9241 0.0916
vn -0.4767 0.8729 0.1037
vn -0.3812 0.9158 0.1264
vn -0.5372 0.8243 0.1787
vn -0.4832 0.8668 0.1234
vn -0.4806 0.8659 0.1389
vn -0.3625 0.9148 0.1783
vn -0.3880 0.9106 0.1422
vn -0.2851 0.9481 0.1409
vn -0.3823 0.9161 0.1207
vn -0.2848 0.9514 0.1169
vn -0.1702 0.9778 0.1220
vn -0.1631 0.9820 0.0947
vn -0.0397 0.9931 0.1099
vn -0.0315 0.9929 0.1146
vn 0.1073 0.9909 0.0817
vn 0.0783 0.9938 0.0787
vn 0.1686 0.9847 0.0444
vn 0.1695 0.9853 0.0236
vn 0.1899 0.9814 0.0280
vn 0.2032 0.9788 0.0262
vn 0.2112 0.9772 0.0227
vn 0.2148 0.9760 0.0348
vn 0.2167 0.9762 0.0025
vn 0.1441 0.9894 -0.0187
vn -0.0030 0.9993 -0.0366
vn -0.1558 0.9867 -0.0463
vn -0.0723 0.9568 -0.2815
vn 0.1229 0.9900 -0.0691
vn 0.0142 0.9258 -0.3778
vn 0.0620 0.9958 -0.0670
vn 0.1442 0.9760 -0.1630
vn -0.9651 0.2387 0.1074
vn -0.9591 0.2240 0.1729
vn -0.9707 0.2091 0.1183
vn -0.9361 0.3111 0.1641
vn -0.9388 0.3292 0.1013
vn -0.9027 0.4069 0.1400
vn -0.8961 0.4398 0.0594
vn -0.8587 0.5016 0.1044
vn -0.8395 0.5431 0.0177
vn -0.8288 0.5410 0.1427
vn -0.8518 0.5178 0.0793
vn -0.8831 0.4625 0.0791
vn -0.8735 0.4667 0.1387
vn -0.8970 0.4331 0.0885
vn -0.9158 0.3716 0.1521
vn -0.9286 0.3658 0.0620
vn -0.9371 0.3362 0.0941
vn -0.9342 0.3355 0.1215
vn -0.9511 0.3015 0.0670
vn -0.9671 0.2082 0.1461
vn -0.9734 0.2104 0.0911
vn -0.9833 0.1140 0.1415
vn -0.9807 0.1145 0.1586
vn -0.9712 0.1325 0.1980
vn -0.9822 0.1175 0.1463
vn -0.9825 0.1173 0.1449
vn -0.9832 0.1220 0.1357
vn -0.9797 0.1255 0.1564
vn -0.9809 0.1342 0.1407
vn -0.9800 0.1339 0.1470
vn -0.9622 0.2457 0.1175
vn -0.9602 0.2474 0.1295
vn -0.9615 0.2397 0.1346
vn -0.9273 0.3398 0.1569
vn -0.9280 0.3486 0.1314
vn -0.9209 0.3536 0.1639
vn -0.9517 0.2742 0.1385
vn -0.9470 0.2755 0.1655
vn -0.9740 0.2010 0.1042
vn -0.9681 0.1620 0.1912
vn -0.9739 0.1616 0.1593
vn -0.9722 0.1456 0.1835
vn -0.9517 0.2009 0.2320
vn -0.9632 0.1845 0.1953
vn -0.9431 0.2890 0.1642
vn -0.9360 0.3014 0.1818
vn -0.9172 0.3673 0.1545
vn -0.9171 0.3685 0.1520
vn -0.8846 0.4362 0.1650
vn -0.8840 0.4404 0.1566
vn -0.8381 0.5156 0.1783
vn -0.8371 0.5222 0.1630
vn -0.7725 0.6064 0.1885
vn -0.7699 0.6175 0.1611
vn -0.6925 0.6838 0.2297
vn -0.6813 0.7150 0.1570
vn -0.7014 0.7015 0.1257
vn -0.6946 0.7040 0.1484
vn -0.6942 0.6999 0.1680
vn -0.7881 0.5994 0.1400
vn -0.7788 0.6014 0.1780
vn -0.7925 0.5814 0.1840
vn -0.8584 0.4993 0.1176
vn -0.8621 0.4851 0.1466
vn -0.8695 0.4845 0.0958
vn -0.8459 0.5135 0.1439
vn -0.8537 0.5156 0.0733
vn -0.8945 0.4271 0.1325
vn -0.8960 0.4254 0.1275
vn -0.8115 0.5633 0.1558
vn -0.8312 0.5558 0.0135
vn -0.7662 0.6361 0.0913
vn -0.7796 0.6262 0.0024
vn -0.7141 0.6985 0.0473
vn -0.7026 0.7113 0.0198
vn -0.7024 0.7099 0.0507
vn -0.6959 0.7152 0.0644
vn -0.6966 0.7124 0.0848
vn -0.6936 0.7146 0.0907
vn -0.7385 0.6594 0.1410
vn -0.6918 0.7131 0.1137
vn -0.7092 0.7010 0.0750
vn -0.7698 0.6228 0.1402
vn -0.7177 0.6962 0.0109
vn -0.7151 0.6990 -0.0011
vn -0.7891 0.6120 0.0528
vn -0.7903 0.6118 0.0351
vn -0.7148 0.6963 0.0651
vn -0.7930 0.6058 0.0637
vn -0.7556 0.6531 0.0492
vn -0.8484 0.5221 0.0866
vn -0.7776 0.6236 0.0802
vn -0.8954 0.4236 0.1370
vn -0.8964 0.4229 0.1327
vn -0.8966 0.4227 0.1321
vn -0.8926 0.4154 0.1753
vn -0.8460 0.5003 0.1841
vn -0.8131 0.5790 0.0609
vn -0.7060 0.6952 0.1348
vn -0.7783 0.6064 0.1630
vn -0.8433 0.5157 0.1510
vn -0.8880 0.4367 0.1437
vn -0.9189 0.3666 0.1458
vn -0.9192 0.3632 0.1523
vn -0.9449 0.3058 0.1171
vn -0.9214 0.3621 0.1413
vn -0.8964 0.4226 0.1336
vn -0.9360 0.3325 0.1157
vn -0.9487 0.2476 0.1964
vn -0.9740 0.1464 0.1727
vn -0.9588 0.1930 0.2086
vn -0.9719 0.1981 0.1274
vn -0.9355 0.3072 0.1743
vn -0.8985 0.4352 0.0574
vn -0.9563 0.2461 0.1579
vn -0.8984 0.4354 0.0579
vn -0.8509 0.5215 0.0639
vn -0.8515 0.5207 0.0621
vn -0.7951 0.6052 0.0387
vn -0.7973 0.5981 0.0812
vn -0.8866 0.4461 0.1223
vn -0.9852 0.1280 0.1142
vn -0.9795 0.1013 0.1740
vn -0.9595 0.2476 0.1342
vn -0.9316 0.3348 0.1417
vn -0.9887 -0.0167 0.1490
vn -0.9861 -0.0157 0.1655
vn -0.9852 -0.0195 0.1704
vn -0.9900 -0.0913 0.1071
vn -0.9751 -0.0869 0.2041
vn -0.9819 -0.1469 0.1199
vn -0.9750 -0.1471 0.1667
vn -0.9959 -0.0443 0.0788
vn -0.9870 -0.0361 0.1564
vn -0.9786 -0.1596 0.1299
vn -0.9771 -0.1543 0.1468
vn -0.9529 -0.2787 0.1193
vn -0.9443 -0.2919 0.1521
vn -0.9466 -0.2996 0.1189
vn -0.9543 -0.2885 0.0782
vn -0.9497 -0.2809 0.1386
vn -0.8916 -0.4086 0.1954
vn -0.9083 -0.3956 0.1364
vn -0.9104 -0.3994 0.1078
vn -0.9473 -0.2780 0.1593
vn -0.9680 -0.2344 0.0898
vn -0.8957 -0.4170 0.1543
vn -0.9014 -0.4186 0.1109
vn -0.9022 -0.4147 0.1182
vn -0.9032 -0.4152 0.1094
vn -0.9110 -0.4032 0.0862
vn -0.9094 -0.4001 0.1134
vn -0.9006 -0.4094 0.1457
vn -0.9515 -0.2780 0.1318
vn -0.9495 -0.2777 0.1457
vn -0.9579 -0.2649 0.1108
vn -0.9535 -0.2519 0.1658
vn -0.9046 -0.4070 0.1265
vn -0.9050 -0.4068 0.1248
vn -0.9044 -0.4027 0.1409
vn -0.9053 -0.4023 0.1366
vn -0.9052 -0.3950 0.1564
vn -0.8951 -0.3939 0.2091
vn -0.9434 -0.2699 0.1929
vn -0.9434 -0.2709 0.1914
vn -0.9702 -0.1198 0.2104
vn -0.9727 -0.1200 0.1988
vn -0.9742 -0.1249 0.1879
vn -0.9739 -0.1251 0.1895
vn -0.9630 -0.0852 0.2555
vn -0.9878 -0.0010 0.1557
vn -0.9848 0.0125 0.1733
vn -0.9866 0.0115 0.1625
vn -0.9849 0.0045 0.1730
vn -0.9891 0.0019 0.1470
vn -0.9785 -0.0214 0.2051
vn -0.9800 -0.1528 0.1271
vn -0.9904 -0.0951 0.1008
vn -0.9813 0.0046 0.1926
vn -0.9837 0.0083 0.1797
vn -0.9684 0.0174 0.2490
vn -0.9816 0.0438 0.1856
vn -0.9734 -0.1132 0.1994
vn -0.9441 -0.2717 0.1867
vn -0.8946 -0.4153 0.1647
vn -0.9458 -0.2700 0.1804
vn -0.9427 -0.2596 0.2096
vn -0.9706 -0.1441 0.1926
vn -0.9050 -0.4099 0.1137
vn -0.9515 -0.2786 0.1305
vn -0.9796 -0.1538 0.1295
vn -0.9906 -0.0301 0.1336
vn -0.9905 -0.0138 0.1367
vn -0.9778 -0.1605 0.1345
vn -0.9505 -0.2311 0.2078
vn -0.9752 -0.1431 0.1691
vn -0.9880 -0.0129 0.1537
vn -0.8601 0.4269 -0.2792
vn -0.8209 0.3912 -0.4160
vn -0.8402 0.2951 -0.4550
vn -0.9078 0.2909 -0.3021
vn -0.9198 0.2579 -0.2957
vn -0.9435 0.2476 -0.2201
vn -0.9546 0.2836 -0.0909
vn -0.9354 0.3497 -0.0519
vn -0.9325 0.3602 0.0258
vn -0.9077 0.4134 0.0725
vn -0.8874 0.4610 0.0056
vn -0.8831 0.4658 -0.0553
vn -0.8377 0.5445 -0.0424
vn -0.8303 0.5569 0.0224
vn -0.7462 0.6655 0.0165
vn -0.7445 0.6646 -0.0638
vn -0.7127 0.6910 -0.1204
vn -0.6128 0.7880 -0.0596
vn -0.6003 0.7695 -0.2178
vn -0.5942 0.7701 -0.2321
vn -0.5835 0.7180 -0.3795
vn -0.6583 0.6631 -0.3562
vn -0.7015 0.6734 -0.2332
vn -0.7886 0.5907 -0.1706
vn -0.8060 0.5268 -0.2699
vn -0.7515 0.5068 -0.4223
vn -0.7529 0.5110 -0.4147
vn -0.6663 0.6259 -0.4055
vn -0.5772 0.7177 -0.3895
vn -0.6231 0.7751 -0.1051
vn -0.6328 0.7743 -0.0067
vn -0.6356 0.7719 -0.0127
vn -0.6368 0.7693 0.0515
vn -0.6603 0.7444 0.0994
vn -0.6600 0.7415 0.1207
vn -0.7503 0.6506 0.1174
vn -0.7647 0.6075 0.2147
vn -0.7797 0.6161 0.1121
vn -0.7531 0.6353 0.1712
vn -0.6686 0.7361 0.1053
vn -0.6605 0.7412 0.1200
vn -0.6577 0.7406 0.1377
vn -0.6620 0.7328 0.1572
vn -0.7580 0.6342 0.1521
vn -0.7580 0.6326 0.1587
vn -0.8072 0.5425 0.2326
vn -0.8211 0.5512 0.1481
vn -0.7518 0.6341 0.1808
vn -0.7497 0.6347 0.1876
vn -0.7509 0.6421 0.1543
vn -0.6845 0.6786 0.2664
vn -0.6702 0.7245 0.1613
vn -0.7081 0.6964 0.1169
vn -0.6879 0.7072 0.1634
vn -0.6911 0.7090 0.1403
vn -0.6806 0.7147 0.1613
vn -0.7685 0.6169 0.1701
vn -0.7942 0.5960 0.1179
vn -0.8360 0.5219 0.1696
vn -0.8677 0.4831 0.1166
vn -0.8520 0.4857 0.1952
vn -0.8943 0.4192 0.1563
vn -0.8939 0.4231 0.1478
vn -0.8951 0.4231 0.1406
vn -0.9158 0.3696 0.1573
vn -0.9159 0.3683 0.1596
vn -0.9436 0.2983 0.1436
vn -0.9372 0.3027 0.1733
vn -0.9658 0.1978 0.1678
vn -0.9620 0.1937 0.1925
vn -0.9693 0.1847 0.1622
vn -0.9592 0.2073 0.1922
vn -0.9595 0.2075 0.1905
vn -0.9621 0.2311 0.1446
vn -0.9371 0.3029 0.1735
vn -0.9382 0.3071 0.1595
vn -0.9348 0.3103 0.1727
vn -0.9355 0.3114 0.1669
vn -0.9332 0.3137 0.1752
vn -0.9583 0.2252 0.1762
vn -0.9563 0.2241 0.1877
vn -0.9564 0.2276 0.1829
vn -0.9566 0.2277 0.1817
vn -0.9330 0.3171 0.1702
vn -0.9301 0.3152 0.1887
vn -0.9196 0.3573 0.1634
vn -0.9199 0.3574 0.1616
vn -0.9042 0.4109 0.1163
vn -0.9017 0.4114 0.1330
vn -0.9322 0.3408 0.1223
vn -0.9309 0.3423 0.1278
vn -0.9533 0.2843 0.1020
vn -0.9550 0.2711 0.1207
vn -0.9555 0.2714 0.1156
vn -0.9472 0.2858 0.1451
vn -0.9664 0.2272 0.1203
vn -0.9729 0.2180 0.0775
vn -0.9662 0.2228 0.1294
vn -0.9610 0.2264 0.1588
vn -0.9617 0.2249 0.1567
vn -0.9729 0.2176 0.0783
vn -0.9780 0.2081 -0.0134
vn -0.9805 0.1949 0.0241
vn -0.9764 0.1967 -0.0896
vn -0.9714 0.1728 -0.1628
vn -0.9602 0.2788 0.0149
vn -0.9562 0.2893 0.0434
vn -0.8877 0.4320 0.1593
vn -0.8860 0.4302 0.1731
vn -0.8782 0.4375 0.1934
vn -0.8358 0.5213 0.1724
vn -0.8353 0.5216 0.1737
vn -0.8353 0.5194 0.1800
vn -0.8754 0.4441 0.1910
vn -0.8722 0.4430 0.2075
vn -0.8723 0.4516 0.1876
vn -0.8827 0.4479 0.1426
vn -0.8839 0.4315 0.1807
vn -0.8859 0.4308 0.1718
vn -0.8422 0.4982 0.2062
vn -0.8355 0.5288 0.1494
vn -0.9140 0.3727 0.1605
vn -0.9113 0.3800 0.1585
vn -0.9062 0.3834 0.1783
vn -0.9062 0.3833 0.1785
vn -0.8795 0.4406 0.1800
vn -0.8438 0.5178 0.1411
vn -0.9321 0.3404 0.1241
vn -0.8987 0.3852 0.2094
vn -0.9487 0.2872 0.1318
vn -0.9587 0.2245 0.1746
vn -0.9344 0.3155 0.1652
vn -0.9105 0.3749 0.1746
vn -0.9136 0.3694 0.1699
vn -0.9142 0.3691 0.1675
vn -0.9142 0.3684 0.1691
vn -0.9154 0.3688 0.1616
vn -0.9402 0.2998 0.1619
vn -0.9518 0.2294 0.2035
vn -0.9365 0.2988 0.1833
vn -0.9417 0.2889 0.1726
vn -0.9150 0.3693 0.1626
vn -0.8862 0.4220 0.1912
vn -0.8509 0.4960 0.1730
vn -0.7950 0.5812 0.1737
vn -0.8832 0.4402 0.1620
vn -0.7854 0.5873 0.1953
vn -0.7895 0.5723 0.2217
vn -0.6687 0.7245 0.1673
vn -0.6677 0.7276 0.1573
vn -0.6655 0.7280 0.1645
vn -0.8276 0.5277 0.1917
vn -0.8352 0.5194 0.1808
vn -0.7517 0.6353 0.1771
vn -0.6641 0.7325 0.1499
vn -0.7533 0.6365 0.1656
vn -0.8362 0.5231 0.1645
vn -0.8415 0.5276 0.1163
vn -0.8410 0.5274 0.1209
vn -0.8471 0.5211 0.1040
vn -0.7534 0.6493 0.1041
vn -0.6689 0.7374 0.0933
vn -0.7257 0.6881 -0.0003
vn -0.6991 0.6808 -0.2184
vn -0.7228 0.6872 0.0729
vn -0.7894 0.5915 -0.1645
vn -0.8868 0.4527 -0.0926
vn -0.8476 0.5217 0.0969
vn -0.9011 0.4179 0.1159
vn -0.9359 0.3489 0.0485
vn -0.9208 0.3735 -0.1123
vn -0.9571 0.2790 -0.0785
vn -0.9570 0.1811 -0.2264
vn -0.9222 0.1259 -0.3658
vn -0.8744 0.1317 -0.4671
vn -0.8216 0.0690 -0.5659
vn -0.8659 0.1826 -0.4657
vn -0.8594 0.1848 -0.4767
vn -0.8385 0.2927 -0.4596
vn -0.7959 0.3997 -0.4547
vn -0.8567 0.4610 -0.2316
vn -0.9116 0.3622 -0.1943
vn -0.5926 0.7995 0.0983
vn -0.5923 0.7992 0.1025
vn -0.4897 0.8657 0.1039
vn -0.4856 0.8671 0.1108
vn -0.3897 0.9193 0.0539
vn -0.3973 0.9113 0.1079
vn -0.3803 0.9133 0.1460
vn -0.4835 0.8673 0.1185
vn -0.4822 0.8664 0.1300
vn -0.4936 0.8629 0.1087
vn -0.4959 0.8573 0.1382
vn -0.4761 0.8616 0.1762
vn -0.5804 0.8009 0.1474
vn -0.5823 0.7983 0.1538
vn -0.5837 0.7990 0.1448
vn -0.3843 0.9122 0.1423
vn -0.3874 0.9121 0.1344
vn -0.3007 0.9482 0.1020
vn -0.3011 0.9379 0.1723
vn -0.2797 0.9500 0.1388
vn -0.1806 0.9711 0.1558
vn -0.1809 0.9705 0.1597
vn -0.1696 0.9763 0.1346
vn -0.0535 0.9859 0.1589
vn -0.0464 0.9896 0.1364
vn 0.0547 0.9938 0.0971
vn 0.0600 0.9953 0.0759
vn 0.1171 0.9913 0.0601
vn 0.1191 0.9916 0.0499
vn 0.1284 0.9907 0.0445
vn 0.1117 0.9937 0.0043
vn 0.1116 0.9938 0.0013
vn 0.1012 0.9943 0.0332
vn 0.1002 0.9945 0.0293
vn 0.1002 0.9947 0.0243
vn 0.0983 0.9947 0.0311
vn 0.0840 0.9965 -0.0031
vn 0.0845 0.9963 0.0177
vn 0.0836 0.9963 0.0205
vn 0.0694 0.9975 -0.0094
vn 0.0688 0.9975 -0.0187
vn 0.0601 0.9982 0.0070
vn 0.0609 0.9981 0.0084
vn 0.0613 0.9981 -0.0064
vn 0.0590 0.9983 -0.0027
vn 0.0520 0.9982 -0.0294
vn 0.0516 0.9983 -0.0257
vn 0.0412 0.9991 -0.0065
vn 0.0305 0.9986 -0.0440
vn 0.0304 0.9983 -0.0501
vn 0.0307 0.9982 -0.0511
vn 0.0254 0.9977 -0.0632
vn 0.0236 0.9968 -0.0762
vn 0.0239 0.9967 -0.0774
vn 0.0208 0.9962 -0.0846
vn 0.0189 0.9948 -0.1001
vn 0.0169 0.9959 -0.0884
vn 0.0144 0.9953 -0.0954
vn -0.0106 0.9951 -0.0980
vn -0.0060 0.9962 -0.0868
vn -0.0456 0.9951 -0.0880
vn -0.0483 0.9945 -0.0931
vn -0.0983 0.9922 -0.0764
vn -0.1298 0.9846 -0.1172
vn -0.1753 0.9813 -0.0792
vn -0.2107 0.9697 -0.1235
vn -0.2762 0.9584 -0.0714
vn -0.2727 0.9598 -0.0662
vn -0.2740 0.9610 -0.0366
vn -0.3737 0.9241 -0.0800
vn -0.3518 0.9360 -0.0140
vn -0.4579 0.8887 -0.0215
vn -0.4470 0.8913 0.0764
vn -0.3878 0.9218 0.0029
vn -0.3908 0.9181 0.0656
vn -0.3132 0.9497 -0.0024
vn -0.3033 0.9467 0.1089
vn -0.2885 0.9545 0.0749
vn -0.1960 0.9720 0.1295
vn -0.2068 0.9784 0.0020
vn -0.1428 0.9871 0.0721
vn -0.1533 0.9874 -0.0387
vn -0.0928 0.9957 0.0016
vn -0.1007 0.9942 -0.0385
vn -0.0372 0.9991 -0.0207
vn -0.0381 0.9992 -0.0156
vn -0.0317 0.9995 -0.0024
vn -0.0316 0.9991 0.0273
vn -0.0876 0.9956 0.0328
vn -0.0241 0.9996 0.0110
vn -0.0167 0.9984 0.0541
vn -0.0983 0.9936 0.0554
vn -0.0832 0.9908 0.1071
vn -0.0767 0.9935 0.0845
vn -0.0682 0.9918 0.1078
vn -0.1628 0.9814 0.1013
vn -0.1628 0.9775 0.1341
vn -0.1799 0.9786 0.0995
vn -0.1726 0.9774 0.1224
vn -0.2588 0.9638 0.0645
vn -0.0682 0.9917 0.1088
vn -0.0667 0.9922 0.1051
vn 0.0141 0.9935 0.1131
vn 0.0032 0.9977 0.0673
vn 0.0681 0.9964 0.0495
vn 0.0275 0.9973 0.0676
vn 0.0861 0.9943 0.0630
vn 0.0348 0.9939 0.1051
vn 0.0483 0.9964 0.0695
vn 0.1035 0.9924 0.0659
vn 0.1036 0.9925 0.0642
vn -0.0682 0.9928 0.0984
vn 0.0030 0.9977 0.0682
vn -0.0063 0.9997 0.0251
vn 0.0270 0.9990 0.0365
vn -0.0001 0.9996 0.0274
vn -0.0000 0.9993 -0.0368
vn -0.0885 0.9960 -0.0076
vn -0.1667 0.9860 -0.0074
vn -0.1730 0.9839 -0.0438
vn -0.2583 0.9660 -0.0090
vn -0.2576 0.9662 -0.0076
vn -0.0926 0.9954 0.0228
vn -0.1779 0.9800 0.0889
vn -0.2608 0.9631 0.0666
vn -0.3820 0.9200 0.0874
vn -0.5152 0.8570 0.0101
vn -0.5027 0.8602 0.0854
vn -0.6031 0.7948 0.0680
vn -0.6027 0.7967 0.0451
vn -0.5971 0.7981 0.0802
vn -0.5683 0.8144 0.1174
vn -0.5787 0.8135 -0.0578
vn -0.6018 0.7985 0.0133
vn -0.6034 0.7964 -0.0409
vn -0.5111 0.8593 -0.0205
vn -0.4764 0.8744 -0.0917
vn -0.3924 0.9186 -0.0462
vn -0.6199 0.7846 0.0041
vn -0.4710 0.8821 0.0107
vn -0.3630 0.9305 0.0480
vn -0.2559 0.9651 -0.0561
vn -0.3747 0.9244 -0.0709
vn -0.2070 0.9783 0.0028
vn -0.1189 0.9929 -0.0023
vn -0.0517 0.9970 -0.0569
vn -0.0009 0.9980 -0.0630
vn -0.0068 0.9970 -0.0773
vn -0.0031 0.9991 -0.0430
vn 0.0217 0.9997 -0.0133
vn 0.0511 0.9987 -0.0059
vn 0.0504 0.9987 0.0104
vn 0.0740 0.9970 0.0218
vn 0.0928 0.9951 0.0327
vn 0.1132 0.9930 0.0347
vn 0.0481 0.9962 0.0731
vn -0.0646 0.9942 0.0864
vn -0.1868 0.9727 0.1379
vn -0.2800 0.9496 0.1406
vn -0.2532 0.9525 0.1692
vn -0.3823 0.9136 0.1383
vn -0.5795 0.8008 0.1514
vn -0.3831 0.9161 0.1184
vn -0.2807 0.9527 0.1169
vn -0.3806 0.9212 0.0812
vn -0.4916 0.8693 0.0520
vn -0.5947 0.7964 0.1099
vn -0.5802 0.8040 0.1305
vn -0.4868 0.8641 0.1280
vn -0.9803 0.0955 0.1727
vn -0.9718 0.0806 0.2218
vn -0.9811 0.0716 0.1797
vn -0.9859 0.0784 0.1481
vn -0.9789 0.0878 0.1847
vn -0.9758 0.0831 0.2024
vn -0.9742 0.0835 0.2098
vn -0.9796 0.0746 0.1868
vn -0.9750 0.0719 0.2103
vn -0.9742 -0.1102 0.1968
vn -0.9645 -0.0938 0.2470
vn -0.9529 -0.2575 0.1600
vn -0.9455 -0.2418 0.2182
vn -0.8862 -0.4272 0.1791
vn -0.8882 -0.4264 0.1710
vn -0.8880 -0.4242 0.1778
vn -0.8893 -0.4236 0.1723
vn -0.8880 -0.4024 0.2224
vn -0.8993 -0.4022 0.1720
vn -0.8997 -0.4179 0.1262
vn -0.9417 -0.2691 0.2019
vn -0.9599 -0.2458 0.1347
vn -0.9684 -0.1112 0.2232
vn -0.9752 -0.1004 0.1974
vn -0.9744 0.0600 0.2167
vn -0.9813 0.0440 0.1872
vn -0.9396 -0.2345 0.2494
vn -0.9415 -0.3026 0.1486
vn -0.8860 -0.4319 0.1686
vn -0.8870 -0.4323 0.1622
vn -0.8974 -0.4209 0.1322
vn -0.9466 -0.2557 0.1966
vn -0.9490 -0.2541 0.1865
vn -0.9508 -0.2604 0.1681
vn -0.9503 -0.2606 0.1702
vn -0.9785 -0.0742 0.1926
vn -0.9874 -0.0609 0.1459
vn -0.9867 -0.0596 0.1513
vn -0.9570 -0.2676 0.1125
vn -0.9522 -0.3031 0.0392
vn -0.8833 -0.4554 0.1108
vn -0.8814 -0.4549 0.1273
vn -0.8831 -0.4447 0.1496
vn -0.8831 -0.4447 0.1493
vn -0.8788 -0.4687 0.0894
vn -0.8810 -0.4723 0.0286
vn -0.8974 -0.4402 -0.0302
vn -0.8978 -0.4397 -0.0235
vn -0.8811 -0.4685 -0.0652
vn -0.8479 -0.4873 -0.2089
vn -0.8452 -0.4513 -0.2864
vn -0.8886 -0.3584 -0.2863
vn -0.8242 -0.2918 -0.4853
vn -0.8704 -0.1776 -0.4591
vn -0.9276 -0.1656 -0.3348
vn -0.9637 -0.0991 -0.2479
vn -0.9573 0.0016 -0.2890
vn -0.9318 0.0062 -0.3630
vn -0.8840 -0.0364 -0.4661
vn -0.8262 -0.0213 -0.5629
vn -0.7965 -0.0442 -0.6031
vn -0.8207 -0.1453 -0.5526
vn -0.7883 -0.1630 -0.5933
vn -0.7551 -0.2785 -0.5936
vn -0.7791 -0.3058 -0.5473
vn -0.7171 -0.4143 -0.5604
vn -0.7207 -0.4233 -0.5490
vn -0.7554 -0.4199 -0.5030
vn -0.9841 0.0724 -0.1619
vn -0.9963 0.0731 -0.0457
vn -0.9985 -0.0500 -0.0225
vn -0.9969 -0.0550 0.0567
vn -0.9759 -0.2180 0.0055
vn -0.9759 -0.2183 0.0034
vn -0.9921 -0.0142 0.1245
vn -0.9927 0.0969 0.0725
vn -0.9919 0.1010 0.0772
vn -0.9861 0.1054 0.1286
vn -0.9858 0.1018 0.1337
vn -0.9819 0.1051 0.1575
vn -0.9955 0.0934 -0.0131
vn -0.9912 -0.0955 -0.0918
vn -0.8454 -0.1443 -0.5143
vn -0.7868 -0.3084 -0.5346
vn -0.9189 -0.3274 -0.2200
vn -0.7871 -0.4712 -0.3982
vn -0.9348 -0.3300 -0.1313
vn -0.9455 -0.2972 0.1331
vn -0.9976 -0.0191 0.0667
vn -0.9518 -0.2707 0.1441
vn -0.9639 -0.0995 0.2469
vn -0.9866 -0.1114 0.1196
vn -0.9397 -0.2254 0.2571
vn -0.8831 -0.4123 0.2240
vn -0.9534 -0.2342 0.1904
vn -0.9754 -0.0696 0.2090
vn -0.9247 -0.2866 0.2506
vn -0.9780 -0.1078 0.1784
vn -0.9802 0.0627 0.1876
vn -0.9800 -0.0734 0.1848
vn -0.9767 -0.0725 0.2018
vn -0.9776 -0.0683 0.1993
vn -0.9803 -0.0768 0.1817
vn -0.9792 0.0966 0.1786
vn 0.9427 -0.0569 0.3287
vn 0.9432 -0.0581 0.3272
vn 0.9470 -0.0593 0.3157
vn 0.9529 -0.0728 0.2944
vn 0.9462 -0.0682 0.3162
vn 0.9486 -0.0655 0.3095
vn 0.9508 -0.0672 0.3024
vn 0.9507 -0.0669 0.3028
vn 0.9542 -0.0685 0.2911
vn 0.9526 -0.0647 0.2971
vn 0.9593 -0.0674 0.2741
vn 0.9567 -0.0613 0.2846
vn 0.9650 -0.0647 0.2541
vn 0.9657 -0.0664 0.2511
vn 0.9701 -0.0686 0.2330
vn 0.9781 -0.0933 0.1862
vn 0.9455 -0.0727 0.3173
vn 0.9635 -0.1582 0.2161
vn 0.9295 -0.2091 0.3037
vn 0.9226 -0.3155 0.2218
vn 0.9193 -0.3033 0.2506
vn 0.9210 -0.3035 0.2442
vn 0.9222 -0.3100 0.2313
vn 0.9255 -0.3093 0.2184
vn 0.9466 -0.1820 0.2662
vn 0.9614 -0.1714 0.2154
vn 0.9811 -0.0501 0.1867
vn 0.9670 -0.0442 0.2509
vn 0.9728 -0.1482 0.1780
vn 0.9675 -0.1410 0.2100
vn 0.9524 -0.2667 0.1479
vn 0.9497 -0.2523 0.1853
vn 0.9417 -0.2517 0.2231
vn 0.9442 -0.2765 0.1790
vn 0.8926 -0.4093 0.1888
vn 0.8924 -0.4153 0.1765
vn 0.8911 -0.4086 0.1975
vn 0.9729 -0.1420 0.1826
vn 0.9654 -0.0948 0.2428
vn 0.9825 -0.0183 0.1854
vn 0.9833 -0.0220 0.1808
vn 0.9811 -0.0207 0.1925
vn 0.9798 -0.0248 0.1985
vn 0.8904 -0.3945 0.2271
vn 0.9030 -0.4042 0.1458
vn 0.8764 -0.4327 0.2115
vn 0.8741 -0.4314 0.2232
vn 0.8738 -0.4359 0.2154
vn 0.8703 -0.4355 0.2300
vn 0.9265 -0.2879 0.2424
vn 0.9338 -0.3052 0.1866
vn 0.9840 -0.1097 0.1406
vn 0.9795 -0.0246 0.1999
vn 0.9782 -0.0400 0.2037
vn 0.9772 -0.0392 0.2087
vn 0.9738 -0.0434 0.2232
vn 0.9578 -0.1644 0.2359
vn 0.9256 -0.3096 0.2177
vn 0.8704 -0.4377 0.2254
vn 0.8689 -0.4375 0.2316
vn 0.9626 -0.1977 0.1854
vn 0.8689 -0.4374 0.2317
vn 0.8688 -0.4374 0.2319
vn 0.8687 -0.4350 0.2370
vn 0.8701 -0.4354 0.2312
vn 0.8699 -0.4297 0.2422
vn 0.8728 -0.4310 0.2288
vn 0.8726 -0.4214 0.2471
vn 0.8764 -0.4233 0.2295
vn 0.8760 -0.4128 0.2496
vn 0.8804 -0.4151 0.2292
vn 0.8799 -0.4043 0.2495
vn 0.8838 -0.4063 0.2319
vn 0.8829 -0.3930 0.2568
vn 0.8859 -0.3944 0.2442
vn 0.8828 -0.3701 0.2892
vn 0.8887 -0.3720 0.2679
vn 0.8883 -0.3702 0.2719
vn 0.8780 -0.3704 0.3030
vn 0.8727 -0.3551 0.3352
vn 0.8619 -0.3559 0.3612
vn 0.8480 -0.3272 0.4169
vn 0.8305 -0.3280 0.4502
vn 0.8124 -0.2984 0.5010
vn 0.7653 -0.2835 0.5779
vn 0.7843 -0.2761 0.5555
vn 0.7935 -0.1995 0.5750
vn 0.7860 -0.1874 0.5892
vn 0.8042 -0.1057 0.5849
vn 0.7980 -0.1089 0.5927
vn 0.8083 -0.0182 0.5885
vn 0.8523 -0.0336 0.5219
vn 0.8686 -0.0263 0.4948
vn 0.8956 -0.0478 0.4423
vn 0.9099 -0.0395 0.4129
vn 0.9282 -0.0555 0.3678
vn 0.9264 -0.1434 0.3481
vn 0.9082 -0.1518 0.3899
vn 0.8898 -0.2515 0.3808
vn 0.9306 -0.1501 0.3338
vn 0.9109 -0.2658 0.3156
vn 0.8895 -0.1288 0.4384
vn 0.8562 -0.1382 0.4979
vn 0.8400 -0.2166 0.4975
vn 0.8090 -0.0191 0.5875
vn 0.8436 -0.1219 0.5229
vn 0.8382 -0.2172 0.5003
vn 0.8709 -0.2561 0.4195
vn 0.8992 -0.2687 0.3453
vn 0.9133 -0.2712 0.3038
vn 0.9247 -0.2656 0.2728
vn 0.9364 -0.1651 0.3096
vn 0.9145 -0.2530 0.3156
vn 0.9385 -0.1858 0.2911
vn 0.9195 -0.2840 0.2718
vn 0.9169 -0.2828 0.2815
vn 0.9433 -0.1686 0.2859
vn 0.9192 -0.2941 0.2618
vn 0.9148 -0.2923 0.2787
vn 0.9410 -0.1830 0.2847
vn 0.9168 -0.3023 0.2609
vn 0.9135 -0.3008 0.2740
vn 0.9406 -0.1862 0.2837
vn 0.9148 -0.3076 0.2619
vn 0.9129 -0.3067 0.2694
vn 0.9431 -0.1901 0.2728
vn 0.9143 -0.3150 0.2546
vn 0.9138 -0.3148 0.2566
vn 0.9491 -0.2012 0.2423
vn 0.9146 -0.3206 0.2463
vn 0.9134 -0.3201 0.2514
vn 0.9128 -0.3161 0.2587
vn 0.9500 -0.2263 0.2151
vn 0.9555 -0.1541 0.2515
vn 0.9747 -0.0445 0.2188
vn 0.9456 -0.1992 0.2573
vn 0.9467 -0.1917 0.2589
vn 0.9421 -0.1869 0.2784
vn 0.9394 -0.1823 0.2904
vn 0.9356 -0.1670 0.3110
vn 0.9502 -0.1873 0.2492
vn 0.9307 -0.1647 0.3267
vn 0.9292 -0.1505 0.3376
vn 0.9321 -0.0508 0.3587
vn 0.9887 -0.0167 0.1490
vn 0.9880 -0.0129 0.1537
vn 0.9905 -0.0138 0.1367
vn 0.9959 -0.0443 0.0788
vn 0.9870 -0.0361 0.1564
vn 0.9906 -0.0301 0.1336
vn 0.9785 -0.0214 0.2051
vn 0.9891 0.0019 0.1470
vn 0.9849 0.0045 0.1730
vn 0.9866 0.0115 0.1625
vn 0.9848 0.0125 0.1733
vn 0.9878 -0.0010 0.1557
vn 0.9813 0.0046 0.1926
vn 0.9742 -0.1249 0.1879
vn 0.9727 -0.1200 0.1988
vn 0.9702 -0.1198 0.2104
vn 0.9434 -0.2709 0.1914
vn 0.9434 -0.2699 0.1929
vn 0.8951 -0.3939 0.2091
vn 0.9052 -0.3950 0.1564
vn 0.9053 -0.4023 0.1366
vn 0.9044 -0.4027 0.1409
vn 0.9046 -0.4070 0.1265
vn 0.9050 -0.4068 0.1248
vn 0.9050 -0.4099 0.1137
vn 0.9006 -0.4094 0.1457
vn 0.9094 -0.4001 0.1134
vn 0.9110 -0.4032 0.0862
vn 0.9032 -0.4152 0.1094
vn 0.9022 -0.4147 0.1182
vn 0.9014 -0.4186 0.1109
vn 0.8916 -0.4086 0.1954
vn 0.9497 -0.2809 0.1386
vn 0.9505 -0.2311 0.2078
vn 0.9680 -0.2344 0.0898
vn 0.9752 -0.1431 0.1691
vn 0.9900 -0.0913 0.1071
vn 0.9852 -0.0195 0.1704
vn 0.9473 -0.2780 0.1593
vn 0.9104 -0.3994 0.1078
vn 0.8957 -0.4170 0.1543
vn 0.9819 -0.1469 0.1199
vn 0.9083 -0.3956 0.1364
vn 0.9543 -0.2885 0.0782
vn 0.9466 -0.2996 0.1189
vn 0.9778 -0.1605 0.1345
vn 0.9443 -0.2919 0.1521
vn 0.9529 -0.2787 0.1193
vn 0.9771 -0.1543 0.1468
vn 0.9796 -0.1538 0.1295
vn 0.9515 -0.2786 0.1305
vn 0.9515 -0.2780 0.1318
vn 0.9495 -0.2777 0.1457
vn 0.9579 -0.2649 0.1108
vn 0.9706 -0.1441 0.1926
vn 0.9535 -0.2519 0.1658
vn 0.9427 -0.2596 0.2096
vn 0.9458 -0.2700 0.1804
vn 0.8946 -0.4153 0.1647
vn 0.9734 -0.1132 0.1994
vn 0.9684 0.0174 0.2490
vn 0.9816 0.0438 0.1856
vn 0.9441 -0.2717 0.1867
vn 0.9739 -0.1251 0.1895
vn 0.9837 0.0083 0.1797
vn 0.9630 -0.0852 0.2555
vn 0.9904 -0.0951 0.1008
vn 0.9800 -0.1528 0.1271
vn 0.9786 -0.1596 0.1299
vn 0.9750 -0.1471 0.1667
vn 0.9751 -0.0869 0.2041
vn 0.9861 -0.0157 0.1655
vn 0.7683 -0.3582 0.5304
vn 0.7466 -0.3642 0.5568
vn 0.7953 -0.4061 0.4501
vn 0.7974 -0.4417 0.4111
vn 0.8185 -0.4488 0.3587
vn 0.8220 -0.4627 0.3322
vn 0.8360 -0.4606 0.2982
vn 0.8384 -0.4726 0.2716
vn 0.8426 -0.4718 0.2598
vn 0.8417 -0.4837 0.2398
vn 0.8431 -0.4843 0.2339
vn 0.8416 -0.4948 0.2163
vn 0.8410 -0.4945 0.2196
vn 0.8394 -0.5057 0.1991
vn 0.8366 -0.5038 0.2151
vn 0.8346 -0.5166 0.1910
vn 0.8308 -0.5138 0.2141
vn 0.8284 -0.5279 0.1872
vn 0.8245 -0.5245 0.2124
vn 0.8220 -0.5382 0.1863
vn 0.8177 -0.5344 0.2139
vn 0.8143 -0.5520 0.1797
vn 0.8091 -0.5475 0.2135
vn 0.8054 -0.5655 0.1776
vn 0.7999 -0.5614 0.2119
vn 0.7955 -0.5827 0.1663
vn 0.7871 -0.5806 0.2081
vn 0.7871 -0.5619 0.2543
vn 0.8015 -0.5615 0.2055
vn 0.8007 -0.5668 0.1941
vn 0.7923 -0.5987 0.1175
vn 0.7694 -0.5871 0.2518
vn 0.7199 -0.6796 0.1408
vn 0.6726 -0.7068 0.2192
vn 0.5991 -0.7871 0.1471
vn 0.6108 -0.7832 0.1159
vn 0.5303 -0.8337 0.1541
vn 0.5351 -0.8377 0.1091
vn 0.6185 -0.7698 0.1577
vn 0.6188 -0.7687 0.1620
vn 0.7107 -0.6859 0.1561
vn 0.6240 -0.7671 0.1491
vn 0.5429 -0.8352 0.0879
vn 0.5617 -0.8250 0.0620
vn 0.5641 -0.8253 0.0244
vn 0.5820 -0.8101 0.0713
vn 0.5823 -0.8121 0.0385
vn 0.6000 -0.8000 0.0063
vn 0.5971 -0.8018 -0.0240
vn 0.6159 -0.7876 0.0208
vn 0.6142 -0.7884 -0.0340
vn 0.6325 -0.7739 0.0312
vn 0.6284 -0.7746 -0.0722
vn 0.6173 -0.7854 -0.0452
vn 0.6228 -0.7824 0.0003
vn 0.6334 -0.7732 -0.0330
vn 0.5924 -0.8052 -0.0269
vn 0.5931 -0.8049 -0.0193
vn 0.5895 -0.8076 -0.0155
vn 0.5954 -0.8015 0.0554
vn 0.6002 -0.7969 0.0686
vn 0.5996 -0.7965 0.0772
vn 0.5689 -0.8156 0.1058
vn 0.5610 -0.8144 0.1481
vn 0.5602 -0.8156 0.1445
vn 0.5521 -0.8143 0.1795
vn 0.5359 -0.8220 0.1927
vn 0.5205 -0.8101 0.2700
vn 0.5377 -0.7855 0.3063
vn 0.5162 -0.7667 0.3816
vn 0.5204 -0.7457 0.4160
vn 0.5014 -0.7268 0.4695
vn 0.4673 -0.7213 0.5113
vn 0.5366 -0.6809 0.4985
vn 0.5585 -0.6833 0.4703
vn 0.5972 -0.6442 0.4778
vn 0.6268 -0.6450 0.4371
vn 0.6682 -0.6128 0.4220
vn 0.6975 -0.6156 0.3669
vn 0.6942 -0.6341 0.3406
vn 0.7143 -0.6507 0.2575
vn 0.6988 -0.6563 0.2846
vn 0.7371 -0.5991 0.3127
vn 0.7520 -0.5929 0.2880
vn 0.7742 -0.5381 0.3332
vn 0.7669 -0.5323 0.3585
vn 0.7583 -0.6058 0.2407
vn 0.7764 -0.5933 0.2128
vn 0.8011 -0.5349 0.2686
vn 0.7721 -0.5888 0.2391
vn 0.7628 -0.6189 0.1875
vn 0.7622 -0.6187 0.1905
vn 0.8005 -0.5697 0.1860
vn 0.7560 -0.6371 0.1503
vn 0.7551 -0.6370 0.1549
vn 0.7520 -0.6456 0.1331
vn 0.7508 -0.6454 0.1408
vn 0.7414 -0.6638 0.0983
vn 0.7386 -0.6607 0.1341
vn 0.7249 -0.6846 0.0762
vn 0.7215 -0.6823 0.1175
vn 0.7649 -0.6325 0.1222
vn 0.7027 -0.7103 0.0408
vn 0.6991 -0.7070 0.1063
vn 0.7490 -0.6533 0.1100
vn 0.6834 -0.7259 0.0776
vn 0.6856 -0.7265 0.0469
vn 0.6591 -0.7496 0.0606
vn 0.7785 -0.6125 0.1369
vn 0.7124 -0.6920 0.1163
vn 0.7885 -0.5970 0.1480
vn 0.7118 -0.6946 0.1042
vn 0.7103 -0.6952 0.1099
vn 0.6752 -0.7301 0.1051
vn 0.6743 -0.7298 0.1128
vn 0.6898 -0.7072 0.1553
vn 0.6892 -0.7064 0.1611
vn 0.6736 -0.7157 0.1843
vn 0.6332 -0.7626 0.1327
vn 0.6716 -0.7105 0.2102
vn 0.6486 -0.7216 0.2421
vn 0.6137 -0.7630 0.2029
vn 0.6456 -0.7178 0.2609
vn 0.6053 -0.7331 0.3101
vn 0.5999 -0.7175 0.3540
vn 0.7248 -0.6595 0.1994
vn 0.7188 -0.6807 0.1416
vn 0.7955 -0.5833 0.1640
vn 0.7174 -0.6807 0.1482
vn 0.7270 -0.6589 0.1934
vn 0.8072 -0.5511 0.2115
vn 0.7247 -0.6594 0.1998
vn 0.7322 -0.5774 0.3611
vn 0.7024 -0.6705 0.2389
vn 0.6548 -0.7023 0.2793
vn 0.6431 -0.6816 0.3492
vn 0.7294 -0.5778 0.3663
vn 0.7166 -0.5488 0.4304
vn 0.7222 -0.4992 0.4788
vn 0.7495 -0.4719 0.4643
vn 0.6775 -0.5883 0.4415
vn 0.6334 -0.6827 0.3643
vn 0.5684 -0.7157 0.4058
vn 0.5800 -0.7665 0.2757
vn 0.5869 -0.7752 0.2337
vn 0.6149 -0.7715 0.1634
vn 0.6326 -0.7609 0.1445
vn 0.6596 -0.7496 0.0547
vn 0.6364 -0.7714 0.0026
vn 0.6705 -0.7414 0.0258
vn 0.6690 -0.7418 0.0452
vn 0.6789 -0.7337 0.0278
vn 0.6755 -0.7296 0.1070
vn 0.7297 -0.6757 0.1047
vn 0.6509 -0.7588 0.0224
vn 0.6449 -0.7557 0.1140
vn 0.6999 -0.7090 0.0869
vn 0.6908 -0.6880 0.2225
vn 0.6304 -0.7733 0.0679
vn 0.6303 -0.7715 0.0870
vn 0.6224 -0.7761 0.1017
vn 0.5428 -0.8347 0.0935
vn 0.5160 -0.8492 0.1124
vn 0.5146 -0.8486 0.1227
vn 0.5120 -0.8496 0.1262
vn 0.6173 -0.7700 0.1613
vn 0.5977 -0.7801 0.1849
vn 0.6220 -0.7701 0.1418
vn 0.6875 -0.7154 0.1250
vn 0.7142 -0.6692 0.2051
vn 0.7252 -0.6651 0.1783
vn 0.8158 -0.5517 0.1735
vn 0.8140 -0.5586 0.1592
vn 0.8105 -0.5575 0.1796
vn 0.7031 -0.6846 0.1923
vn 0.7236 -0.6499 0.2327
vn 0.7331 -0.6609 0.1603
vn 0.7225 -0.6696 0.1720
vn 0.7428 -0.6476 0.1697
vn 0.7599 -0.6279 0.1685
vn 0.7740 -0.6085 0.1749
vn 0.7848 -0.5942 0.1760
vn 0.7930 -0.5820 0.1801
vn 0.7992 -0.5690 0.1935
vn 0.8052 -0.5498 0.2221
vn 0.8150 -0.5202 0.2553
vn 0.8173 -0.5236 0.2406
vn 0.7964 -0.5252 0.2999
vn 0.7666 -0.4800 0.4266
vn 0.7387 -0.4274 0.5212
vn 0.2568 -0.9639 0.0697
vn 0.2256 -0.9676 0.1137
vn 0.1372 -0.9891 0.0540
vn 0.1365 -0.9850 0.1053
vn 0.0968 -0.9943 0.0436
vn 0.1079 -0.9941 -0.0110
vn 0.1932 -0.9811 -0.0049
vn 0.2100 -0.9769 -0.0406
vn 0.3178 -0.9480 -0.0153
vn 0.3370 -0.9403 0.0474
vn 0.4274 -0.9040 0.0126
vn 0.4307 -0.9024 -0.0127
vn 0.4054 -0.9113 -0.0718
vn 0.4046 -0.9128 -0.0552
vn 0.3346 -0.9342 -0.1235
vn 0.3210 -0.9420 -0.0981
vn 0.2584 -0.9550 -0.1453
vn 0.2586 -0.9541 -0.1514
vn 0.2422 -0.9533 -0.1806
vn 0.2416 -0.9554 -0.1702
vn 0.3037 -0.9306 -0.2045
vn 0.3057 -0.9240 -0.2298
vn 0.3877 -0.8946 -0.2223
vn 0.3856 -0.8967 -0.2174
vn 0.4689 -0.8646 -0.1804
vn 0.4628 -0.8707 -0.1661
vn 0.5395 -0.8320 -0.1295
vn 0.5230 -0.8457 -0.1065
vn 0.5619 -0.8251 -0.0592
vn 0.5805 -0.8115 -0.0662
vn 0.5796 -0.8141 -0.0370
vn 0.5366 -0.8345 -0.1250
vn 0.5390 -0.8412 -0.0429
vn 0.4792 -0.8702 -0.1150
vn 0.4854 -0.8655 -0.1239
vn 0.4289 -0.8874 -0.1690
vn 0.4354 -0.8796 -0.1917
vn 0.4017 -0.8968 -0.1855
vn 0.3747 -0.8964 -0.2368
vn 0.3691 -0.9075 -0.2007
vn 0.3661 -0.9068 -0.2091
vn 0.3564 -0.9243 -0.1367
vn 0.3790 -0.9141 -0.1444
vn 0.4255 -0.9029 -0.0613
vn 0.4210 -0.8922 -0.1636
vn 0.4462 -0.8921 -0.0719
vn 0.4775 -0.8786 -0.0017
vn 0.4826 -0.8704 -0.0969
vn 0.5305 -0.8464 -0.0471
vn 0.5049 -0.8632 0.0027
vn 0.5032 -0.8642 -0.0057
vn 0.4880 -0.8718 0.0415
vn 0.4831 -0.8754 0.0183
vn 0.4561 -0.8869 0.0735
vn 0.4576 -0.8835 0.1002
vn 0.4303 -0.9015 0.0474
vn 0.4271 -0.8981 0.1051
vn 0.3937 -0.9192 0.0086
vn 0.3900 -0.9126 0.1231
vn 0.3084 -0.9512 0.0096
vn 0.3151 -0.9491 -0.0010
vn 0.2546 -0.9657 -0.0508
vn 0.2528 -0.9652 -0.0672
vn 0.2201 -0.9751 -0.0287
vn 0.1797 -0.9797 -0.0889
vn 0.1509 -0.9762 -0.1559
vn 0.1538 -0.9860 -0.0645
vn 0.1119 -0.9874 -0.1123
vn 0.1278 -0.9800 -0.1523
vn 0.0843 -0.9800 -0.1805
vn 0.0810 -0.9810 -0.1760
vn 0.0620 -0.9769 -0.2043
vn 0.0509 -0.9799 -0.1931
vn 0.0310 -0.9775 -0.2087
vn 0.0346 -0.9795 -0.1985
vn 0.0278 -0.9911 -0.1299
vn 0.0319 -0.9892 -0.1432
vn 0.0573 -0.9890 -0.1366
vn 0.0362 -0.9911 -0.1284
vn 0.0286 -0.9789 -0.2024
vn 0.0283 -0.9655 -0.2589
vn 0.0256 -0.9673 -0.2524
vn 0.0182 -0.9572 -0.2888
vn 0.0260 -0.9613 -0.2741
vn 0.0696 -0.9556 -0.2863
vn 0.0663 -0.9676 -0.2437
vn 0.0848 -0.9613 -0.2620
vn 0.0831 -0.9562 -0.2805
vn 0.0810 -0.9575 -0.2768
vn 0.0238 -0.9531 -0.3018
vn 0.0266 -0.9552 -0.2948
vn 0.0150 -0.9580 -0.2864
vn 0.0154 -0.9589 -0.2833
vn 0.0216 -0.9611 -0.2752
vn 0.0246 -0.9563 -0.2913
vn 0.0248 -0.9569 -0.2895
vn 0.0192 -0.9526 -0.3035
vn 0.0914 -0.9586 -0.2697
vn 0.0878 -0.9474 -0.3079
vn 0.1129 -0.9559 -0.2710
vn 0.1138 -0.9481 -0.2970
vn 0.0229 -0.9613 -0.2745
vn 0.0104 -0.9562 -0.2927
vn 0.0103 -0.9559 -0.2934
vn 0.0286 -0.9540 -0.2984
vn 0.0286 -0.9541 -0.2980
vn 0.0195 -0.9453 -0.3256
vn 0.1010 -0.9514 -0.2910
vn 0.1010 -0.9514 -0.2909
vn 0.0715 -0.9637 -0.2573
vn -0.0031 -0.9581 -0.2866
vn -0.0034 -0.9578 -0.2873
vn -0.0056 -0.9589 -0.2835
vn -0.0034 -0.9646 -0.2638
vn -0.0048 -0.9641 -0.2657
vn -0.0067 -0.9653 -0.2612
vn 0.0018 -0.9746 -0.2241
vn 0.0012 -0.9744 -0.2248
vn 0.0920 -0.9657 -0.2429
vn 0.0929 -0.9610 -0.2604
vn 0.1593 -0.9414 -0.2974
vn 0.1959 -0.9481 -0.2504
vn 0.1147 -0.9714 -0.2080
vn 0.1128 -0.9774 -0.1786
vn 0.0177 -0.9872 -0.1587
vn 0.0092 -0.9851 -0.1716
vn 0.0215 -0.9850 -0.1713
vn 0.0200 -0.9942 -0.1054
vn 0.0113 -0.9917 -0.1278
vn -0.0016 -0.9946 -0.1036
vn -0.0070 -0.9995 -0.0316
vn -0.0054 -0.9996 -0.0290
vn -0.0053 -0.9996 -0.0292
vn -0.0040 -0.9993 0.0372
vn 0.0912 -0.9925 -0.0814
vn 0.1439 -0.9798 -0.1386
vn 0.0013 -0.9743 -0.2254
vn 0.0708 -0.9553 -0.2870
vn 0.1610 -0.9576 -0.2388
vn 0.2186 -0.9304 -0.2942
vn 0.2707 -0.9328 -0.2378
vn 0.3242 -0.9036 -0.2800
vn 0.2214 -0.9372 -0.2696
vn 0.2289 -0.9319 -0.2813
vn 0.2887 -0.9178 -0.2724
vn 0.2900 -0.9206 -0.2615
vn 0.2297 -0.9349 -0.2706
vn 0.2142 -0.9314 -0.2944
vn 0.2143 -0.9489 -0.2316
vn 0.2460 -0.9347 -0.2567
vn 0.2524 -0.9410 -0.2253
vn 0.2388 -0.9507 -0.1979
vn 0.2832 -0.9406 -0.1872
vn 0.2864 -0.9448 -0.1592
vn 0.2696 -0.9549 -0.1244
vn 0.3307 -0.9413 -0.0685
vn 0.3225 -0.9341 -0.1533
vn 0.3096 -0.9503 -0.0323
vn 0.3665 -0.9304 -0.0042
vn 0.3081 -0.9500 -0.0517
vn 0.2725 -0.9566 -0.1028
vn 0.2370 -0.9665 -0.0981
vn 0.2376 -0.9671 -0.0906
vn 0.2596 -0.9518 -0.1630
vn 0.2125 -0.9606 -0.1789
vn 0.1922 -0.9545 -0.2280
vn 0.1872 -0.9676 -0.1693
vn 0.1426 -0.9612 -0.2362
vn 0.1459 -0.9660 -0.2135
vn 0.1029 -0.9709 -0.2163
vn 0.1325 -0.9639 -0.2309
vn 0.1491 -0.9630 -0.2247
vn 0.1545 -0.9483 -0.2774
vn 0.1107 -0.9602 -0.2565
vn 0.1802 -0.9582 -0.2221
vn 0.1851 -0.9519 -0.2443
vn 0.2196 -0.9502 -0.2211
vn 0.3085 -0.9404 -0.1434
vn 0.2405 -0.9545 -0.1763
vn 0.1766 -0.9464 -0.2706
vn 0.2914 -0.9333 -0.2100
vn 0.1391 -0.9286 -0.3442
vn -0.0029 -0.9561 -0.2931
vn 0.1440 -0.9575 -0.2500
vn 0.1796 -0.9404 -0.2886
vn 0.0085 -0.9587 -0.2842
vn 0.0061 -0.9579 -0.2871
vn 0.1065 -0.9501 -0.2931
vn 0.0066 -0.9592 -0.2827
vn 0.0784 -0.9513 -0.2982
vn 0.1355 -0.9568 -0.2574
vn 0.1083 -0.9553 -0.2749
vn 0.0283 -0.9594 -0.2806
vn 0.0533 -0.9624 -0.2664
vn 0.0553 -0.9883 -0.1421
vn 0.0845 -0.9636 -0.2535
vn 0.0879 -0.9864 -0.1386
vn 0.0806 -0.9889 -0.1248
vn 0.1120 -0.9877 -0.1094
vn 0.1270 -0.9795 -0.1565
vn 0.1940 -0.9658 -0.1722
vn 0.2736 -0.9577 -0.0888
vn 0.3145 -0.9474 -0.0592
vn 0.3075 -0.9512 0.0263
vn 0.3624 -0.9316 0.0290
vn 0.3862 -0.9207 0.0559
vn 0.4027 -0.9125 -0.0717
vn 0.4347 -0.9005 0.0094
vn 0.3765 -0.9243 -0.0632
vn 0.3067 -0.9254 -0.2228
vn 0.2836 -0.9264 -0.2476
vn 0.3228 -0.9216 -0.2158
vn 0.4014 -0.8851 -0.2354
vn 0.4465 -0.8801 -0.1615
vn 0.4275 -0.8868 -0.1754
vn 0.4837 -0.8575 -0.1754
vn 0.4803 -0.8720 -0.0940
vn 0.5316 -0.8465 -0.0296
vn 0.5674 -0.8174 -0.0997
vn 0.5229 -0.8446 -0.1147
vn 0.5459 -0.8326 -0.0937
vn 0.5575 -0.8214 -0.1206
vn 0.5575 -0.8275 -0.0668
vn 0.5206 -0.8534 -0.0267
vn 0.5365 -0.8394 -0.0869
vn 0.4508 -0.8810 -0.1436
vn 0.4514 -0.8842 -0.1200
vn 0.4385 -0.8907 -0.1200
vn 0.3525 -0.9152 -0.1953
vn 0.5374 -0.8403 -0.0717
vn 0.5073 -0.8618 -0.0053
vn 0.4802 -0.8650 -0.1458
vn 0.4565 -0.8676 -0.1971
vn 0.4782 -0.8676 -0.1367
vn 0.3859 -0.8971 -0.2150
vn 0.3931 -0.9007 -0.1851
vn 0.2718 -0.9178 -0.2893
vn 0.3585 -0.9235 -0.1361
vn 0.1955 -0.9507 -0.2408
vn 0.1438 -0.9813 -0.1279
vn 0.3307 -0.9322 -0.1474
vn 0.4393 -0.8923 -0.1043
vn 0.5084 -0.8588 -0.0635
vn 0.5262 -0.8503 -0.0120
vn 0.5180 -0.8528 0.0663
vn 0.4642 -0.8792 0.1078
vn 0.4681 -0.8794 0.0865
vn 0.4720 -0.8760 0.0993
vn 0.4628 -0.8705 0.1675
vn 0.4421 -0.8761 0.1926
vn 0.3590 -0.9242 0.1299
vn 0.3073 -0.9318 0.1931
vn 0.3074 -0.9319 0.1927
vn 0.3271 -0.9122 0.2467
vn 0.3066 -0.8838 0.3533
vn 0.3024 -0.8835 0.3577
vn 0.2177 -0.9277 0.3034
vn 0.2127 -0.9506 0.2260
vn 0.0994 -0.9721 0.2123
vn 0.0948 -0.9834 0.1546
vn 0.1079 -0.9856 0.1305
vn 0.2083 -0.9659 0.1536
vn 0.0045 -0.9892 0.1467
vn 0.0039 -0.9897 0.1433
vn 0.0124 -0.9955 0.0940
vn 0.0169 -0.9962 0.0849
vn 0.0202 -0.9954 0.0941
vn 0.0245 -0.9990 0.0386
vn 0.0051 -0.9893 0.1458
vn -0.0050 -0.9786 0.2055
vn -0.0018 -0.9749 0.2226
vn 0.0081 -0.9775 0.2107
vn -0.0091 -0.9536 0.3010
vn -0.0045 -0.9456 0.3253
vn 0.0878 -0.9415 0.3254
vn 0.0971 -0.9450 0.3122
vn 0.0927 -0.8937 0.4390
vn 0.2296 -0.8754 0.4253
vn 0.2216 -0.8732 0.4342
vn 0.1040 -0.9000 0.4233
vn -0.0136 -0.8988 0.4381
vn -0.0195 -0.8949 0.4458
vn 0.0094 -0.9508 0.3096
vn 0.0903 -0.9696 0.2275
vn 0.2037 -0.9241 0.3233
vn 0.2900 -0.8538 0.4323
vn 0.3225 -0.8104 0.4891
vn 0.3843 -0.7897 0.4782
vn 0.4144 -0.8301 0.3732
vn 0.3941 -0.7656 0.5085
vn 0.4178 -0.8194 0.3923
vn 0.4439 -0.8622 0.2439
vn 0.2158 -0.9514 0.2198
vn 0.4382 -0.8620 0.2546
vn 0.3663 -0.9241 0.1093
vn 0.3402 -0.9398 0.0313
vn 0.3298 -0.9425 -0.0543
vn 0.2049 -0.9755 -0.0794
vn 0.0891 -0.9947 -0.0517
vn 0.0141 -0.9976 0.0685
vn 0.1968 -0.9798 0.0351
vn 0.1061 -0.9888 0.1054
vn 0.2255 -0.9661 0.1260
vn 0.3589 -0.9247 0.1270
vn 0.2561 -0.9619 0.0957
vn 0.8350 -0.5394 0.1086
vn 0.8317 -0.5463 0.0988
vn 0.8310 -0.5440 0.1160
vn 0.8172 -0.5584 0.1424
vn 0.7697 -0.6354 0.0622
vn 0.7115 -0.6828 0.1659
vn 0.6298 -0.7728 0.0779
vn 0.6190 -0.7733 0.1376
vn 0.6215 -0.7694 0.1475
vn 0.5115 -0.8489 0.1330
vn 0.5057 -0.8549 0.1153
vn 0.5064 -0.8555 0.1079
vn 0.5065 -0.8554 0.1082
vn 0.5062 -0.8568 0.0982
vn 0.5119 -0.8547 0.0865
vn 0.6280 -0.7682 0.1245
vn 0.6294 -0.7661 0.1305
vn 0.7534 -0.6485 0.1087
vn 0.7532 -0.6484 0.1106
vn 0.7394 -0.6708 0.0577
vn 0.7366 -0.6700 0.0921
vn 0.8201 -0.5721 0.0119
vn 0.8354 -0.5423 0.0894
vn 0.8084 -0.5636 0.1696
vn 0.8401 -0.5327 0.1021
vn 0.8382 -0.5327 0.1165
vn 0.8330 -0.5477 0.0782
vn 0.8214 -0.5492 0.1538
vn 0.7660 -0.6390 0.0702
vn 0.7564 -0.6470 0.0964
vn 0.6608 -0.7475 0.0673
vn 0.6568 -0.7500 0.0779
vn 0.5632 -0.8263 -0.0031
vn 0.5538 -0.8264 0.1016
vn 0.5429 -0.8370 0.0678
vn 0.5424 -0.8369 0.0728
vn 0.5512 -0.8324 0.0579
vn 0.6563 -0.7446 0.1219
vn 0.6507 -0.7556 0.0759
vn 0.5329 -0.8439 0.0626
vn 0.5333 -0.8445 0.0486
vn 0.6322 -0.7668 0.1106
vn 0.6339 -0.7722 0.0422
vn 0.7019 -0.6995 0.1345
vn 0.5897 -0.8002 0.1087
vn 0.5274 -0.8478 0.0552
vn 0.5213 -0.8511 0.0627
vn 0.5216 -0.8501 0.0733
vn 0.5171 -0.8533 0.0668
vn 0.5172 -0.8532 0.0677
vn 0.6407 -0.7615 0.0982
vn 0.6440 -0.7616 0.0720
vn 0.5898 -0.8072 -0.0239
vn 0.5274 -0.8476 0.0592
vn 0.6569 -0.7516 0.0597
vn 0.7484 -0.6506 0.1289
vn 0.6587 -0.7509 0.0470
vn 0.7658 -0.6344 0.1054
vn 0.7500 -0.6458 0.1428
vn 0.8314 -0.5400 0.1308
vn 0.8325 -0.5358 0.1410
vn 0.8346 -0.5355 0.1294
vn 0.7567 -0.6453 0.1051
vn 0.7497 -0.6599 0.0499
vn 0.7077 -0.7064 0.0146
vn 0.8356 -0.5425 0.0869
vn 0.6365 -0.7670 0.0813
vn 0.5118 -0.8548 0.0860
vn 0.6349 -0.7660 0.1012
vn 0.7159 -0.6922 0.0912
vn 0.7284 -0.6689 0.1482
vn 0.8207 -0.5578 0.1236
vn 0.8175 -0.5599 0.1345
vn 0.8361 -0.5412 0.0895
vn 0.7664 -0.6236 0.1541
vn 0.1801 -0.9823 0.0519
vn 0.1854 -0.9805 0.0654
vn 0.1867 -0.9807 0.0585
vn 0.2794 -0.9584 0.0576
vn 0.2778 -0.9596 0.0454
vn 0.3657 -0.9225 0.1235
vn 0.3681 -0.9296 -0.0151
vn 0.3857 -0.9219 0.0373
vn 0.3850 -0.9218 0.0459
vn 0.3835 -0.9226 0.0418
vn 0.3827 -0.9223 0.0542
vn 0.2576 -0.9638 0.0686
vn 0.2676 -0.9635 0.0049
vn 0.2782 -0.9599 0.0353
vn 0.2827 -0.9591 0.0148
vn 0.2092 -0.9779 0.0023
vn 0.1998 -0.9795 -0.0267
vn 0.1476 -0.9881 -0.0438
vn 0.1506 -0.9882 -0.0281
vn 0.1165 -0.9907 -0.0705
vn 0.1245 -0.9919 -0.0265
vn 0.1155 -0.9933 0.0001
vn 0.1662 -0.9855 0.0331
vn 0.1662 -0.9855 0.0330
vn 0.1709 -0.9838 0.0534
vn 0.1747 -0.9837 0.0419
vn 0.2657 -0.9622 0.0603
vn 0.1766 -0.9829 0.0530
vn 0.1309 -0.9913 0.0164
vn 0.1164 -0.9920 0.0486
vn 0.0714 -0.9965 0.0432
vn 0.0708 -0.9966 0.0417
vn 0.0699 -0.9933 0.0918
vn 0.0541 -0.9955 0.0782
vn 0.0523 -0.9953 0.0820
vn 0.0410 -0.9959 0.0803
vn 0.0417 -0.9957 0.0823
vn 0.0383 -0.9943 0.0991
vn 0.0406 -0.9937 0.1048
vn 0.0404 -0.9899 0.1361
vn 0.0424 -0.9905 0.1312
vn 0.0655 -0.9889 0.1335
vn 0.0651 -0.9891 0.1324
vn 0.0651 -0.9941 0.0866
vn 0.0820 -0.9915 0.1008
vn 0.0869 -0.9921 0.0908
vn 0.1282 -0.9872 0.0950
vn 0.1283 -0.9856 0.1105
vn 0.1334 -0.9863 0.0976
vn 0.1894 -0.9775 0.0925
vn 0.1837 -0.9802 0.0736
vn 0.2895 -0.9559 0.0499
vn 0.2787 -0.9561 0.0902
vn 0.4015 -0.9157 0.0158
vn 0.4168 -0.9075 0.0526
vn 0.4169 -0.9077 0.0476
vn 0.4010 -0.9128 0.0775
vn 0.3974 -0.8927 0.2125
vn 0.3104 -0.9479 0.0718
vn 0.2822 -0.9490 0.1404
vn 0.2159 -0.9719 0.0933
vn 0.1812 -0.9729 0.1433
vn 0.1464 -0.9830 0.1111
vn 0.1392 -0.9826 0.1234
vn 0.0891 -0.9889 0.1190
vn 0.0979 -0.9855 0.1389
vn 0.1225 -0.9891 0.0814
vn 0.1226 -0.9891 0.0811
vn 0.0870 -0.9896 0.1143
vn 0.0892 -0.9889 0.1188
vn 0.0646 -0.9881 0.1398
vn 0.0675 -0.9865 0.1495
vn 0.0472 -0.9881 0.1464
vn 0.0459 -0.9877 0.1498
vn 0.0300 -0.9892 0.1437
vn 0.0316 -0.9884 0.1484
vn 0.0274 -0.9880 0.1519
vn 0.0298 -0.9911 0.1298
vn 0.0303 -0.9909 0.1314
vn 0.0301 -0.9908 0.1322
vn 0.0304 -0.9936 0.1084
vn 0.0311 -0.9938 0.1067
vn 0.0293 -0.9965 0.0789
vn 0.0323 -0.9959 0.0843
vn 0.0330 -0.9962 0.0804
vn 0.0325 -0.9984 0.0459
vn 0.0322 -0.9985 0.0445
vn 0.0422 -0.9980 0.0465
vn 0.0372 -0.9991 0.0219
vn 0.0467 -0.9989 -0.0054
vn 0.0312 -0.9995 -0.0047
vn 0.0324 -0.9995 0.0010
vn 0.0288 -0.9996 -0.0003
vn 0.0335 -0.9977 -0.0583
vn 0.0327 -0.9974 -0.0642
vn 0.0492 -0.9964 -0.0694
vn 0.0301 -0.9978 -0.0586
vn 0.0379 -0.9980 -0.0499
vn 0.0712 -0.9961 -0.0530
vn 0.0546 -0.9985 0.0058
vn 0.0687 -0.9960 -0.0574
vn 0.0929 -0.9940 -0.0574
vn 0.0810 -0.9967 0.0066
vn 0.0597 -0.9980 0.0198
vn 0.0322 -0.9985 0.0444
vn 0.0410 -0.9979 0.0498
vn 0.0527 -0.9974 0.0492
vn 0.0574 -0.9931 0.1024
vn 0.0784 -0.9941 0.0750
vn 0.0536 -0.9972 0.0515
vn 0.0801 -0.9968 0.0044
vn 0.1128 -0.9931 0.0329
vn 0.1191 -0.9928 0.0135
vn 0.1099 -0.9935 -0.0282
vn 0.1021 -0.9924 -0.0680
vn 0.1576 -0.9868 -0.0379
vn 0.2982 -0.9530 0.0531
vn 0.2981 -0.9532 0.0502
vn 0.3867 -0.9199 0.0654
vn 0.3996 -0.9120 0.0923
vn 0.4000 -0.9111 0.0995
vn 0.3874 -0.9191 0.0718
vn 0.3850 -0.9194 0.0801
vn 0.3825 -0.9215 0.0670
vn 0.3827 -0.9215 0.0667
vn 0.1922 -0.9812 0.0193
vn 0.2556 -0.9647 0.0627
vn 0.3817 -0.9228 0.0524
vn 0.2598 -0.9648 0.0408
vn 0.2680 -0.9623 0.0457
vn 0.2724 -0.9604 0.0578
vn 0.3996 -0.9158 0.0416
vn 0.2868 -0.9573 0.0353
vn 0.1869 -0.9806 0.0592
vn 0.1304 -0.9864 0.1002
vn 0.1802 -0.9826 0.0448
vn 0.2724 -0.9604 0.0581
vn 0.9163 0.1886 0.3533
vn 0.9075 0.1709 0.3836
vn 0.9305 0.0709 0.3593
vn 0.9296 0.0686 0.3622
vn 0.9082 0.0638 0.4137
vn 0.8935 0.0814 0.4416
vn 0.8671 0.0643 0.4939
vn 0.8329 0.0852 0.5469
vn 0.8073 0.0708 0.5859
vn 0.8097 0.0693 0.5827
vn 0.7985 0.1608 0.5802
vn 0.7995 0.1617 0.5785
vn 0.7738 0.2529 0.5808
vn 0.7739 0.2532 0.5805
vn 0.7475 0.3391 0.5712
vn 0.7705 0.3584 0.5271
vn 0.8318 0.3045 0.4640
vn 0.8455 0.3145 0.4315
vn 0.8051 0.4008 0.4373
vn 0.8101 0.4422 0.3849
vn 0.7384 0.5202 0.4290
vn 0.7310 0.5191 0.4430
vn 0.7290 0.4407 0.5237
vn 0.6955 0.4306 0.5752
vn 0.6284 0.5042 0.5923
vn 0.6234 0.5591 0.5466
vn 0.5853 0.5914 0.5547
vn 0.5985 0.6592 0.4552
vn 0.6115 0.6598 0.4367
vn 0.6137 0.6931 0.3781
vn 0.6052 0.6944 0.3893
vn 0.6128 0.7069 0.3532
vn 0.6322 0.7025 0.3268
vn 0.6108 0.6834 0.3999
vn 0.5987 0.7095 0.3718
vn 0.5875 0.7007 0.4047
vn 0.5929 0.6992 0.3995
vn 0.5808 0.6895 0.4328
vn 0.6344 0.6810 0.3657
vn 0.5924 0.6501 0.4758
vn 0.6788 0.6217 0.3908
vn 0.7022 0.5626 0.4363
vn 0.7723 0.5283 0.3528
vn 0.7760 0.4908 0.3961
vn 0.8359 0.4088 0.3662
vn 0.8497 0.4002 0.3433
vn 0.8511 0.4004 0.3396
vn 0.8505 0.3977 0.3443
vn 0.7801 0.5029 0.3723
vn 0.7837 0.5089 0.3560
vn 0.7254 0.5854 0.3622
vn 0.7243 0.5767 0.3780
vn 0.6377 0.6662 0.3866
vn 0.6372 0.6652 0.3893
vn 0.6516 0.6650 0.3650
vn 0.6708 0.6812 0.2934
vn 0.7410 0.5907 0.3193
vn 0.7540 0.5859 0.2971
vn 0.7631 0.5932 0.2564
vn 0.8201 0.5009 0.2769
vn 0.8421 0.4840 0.2377
vn 0.8404 0.4834 0.2450
vn 0.8932 0.4080 0.1890
vn 0.8896 0.3958 0.2281
vn 0.9285 0.3016 0.2165
vn 0.9317 0.2993 0.2059
vn 0.9563 0.1974 0.2157
vn 0.9742 0.1655 0.1534
vn 0.9529 0.1680 0.2524
vn 0.9759 0.0927 0.1977
vn 0.9737 0.0836 0.2119
vn 0.9726 0.0838 0.2170
vn 0.9737 0.0938 0.2074
vn 0.9743 0.0948 0.2045
vn 0.9709 0.1798 0.1581
vn 0.9589 0.1780 0.2209
vn 0.9629 0.1908 0.1907
vn 0.9497 0.2669 0.1638
vn 0.9382 0.2623 0.2258
vn 0.9627 0.2102 0.1705
vn 0.9368 0.3110 0.1601
vn 0.9120 0.3517 0.2113
vn 0.9271 0.3541 0.1225
vn 0.9048 0.3858 0.1800
vn 0.9012 0.3820 0.2046
vn 0.9046 0.3790 0.1950
vn 0.9087 0.3823 0.1678
vn 0.8820 0.4079 0.2359
vn 0.8526 0.4827 0.2001
vn 0.8106 0.5179 0.2734
vn 0.7828 0.5857 0.2104
vn 0.7434 0.6147 0.2635
vn 0.7550 0.6189 0.2168
vn 0.7667 0.5865 0.2613
vn 0.6961 0.6683 0.2625
vn 0.6817 0.6624 0.3106
vn 0.6824 0.6583 0.3177
vn 0.6980 0.6643 0.2675
vn 0.7089 0.6693 0.2226
vn 0.7095 0.6688 0.2218
vn 0.7185 0.6733 0.1744
vn 0.7396 0.6595 0.1346
vn 0.7404 0.6604 0.1254
vn 0.7334 0.6642 0.1449
vn 0.7313 0.6779 0.0754
vn 0.7275 0.6800 0.0909
vn 0.7206 0.6925 0.0345
vn 0.7975 0.5980 0.0801
vn 0.8069 0.5696 0.1564
vn 0.8562 0.5027 0.1195
vn 0.8714 0.4515 0.1917
vn 0.8154 0.5655 0.1235
vn 0.8175 0.5523 0.1635
vn 0.8687 0.4675 0.1639
vn 0.8258 0.5494 0.1271
vn 0.7868 0.5870 0.1904
vn 0.8538 0.4832 0.1938
vn 0.9222 0.3120 0.2284
vn 0.9375 0.2905 0.1917
vn 0.9404 0.2899 0.1777
vn 0.8692 0.4682 0.1587
vn 0.9401 0.2879 0.1826
vn 0.8802 0.4553 0.1339
vn 0.9023 0.4070 0.1422
vn 0.9363 0.2887 0.2002
vn 0.9590 0.1925 0.2078
vn 0.9786 0.1014 0.1790
vn 0.9773 0.0974 0.1882
vn 0.9768 0.0975 0.1905
vn 0.9604 0.1993 0.1949
vn 0.9754 0.0938 0.1996
vn 0.9601 0.1992 0.1963
vn 0.9747 0.0785 0.2092
vn 0.9706 0.0784 0.2277
vn 0.9566 0.0985 0.2742
vn 0.9812 0.0981 0.1663
vn 0.9677 0.0645 0.2438
vn 0.9647 0.0659 0.2549
vn 0.9623 0.0604 0.2651
vn 0.9563 0.0604 0.2862
vn 0.9567 0.0597 0.2848
vn 0.9511 0.0569 0.3035
vn 0.9515 0.0563 0.3024
vn 0.9476 0.0560 0.3146
vn 0.9151 0.0924 0.3925
vn 0.9640 0.0930 0.2490
vn 0.9455 0.0567 0.3208
vn 0.9435 0.0569 0.3265
vn 0.9137 0.1394 0.3817
vn 0.9273 0.1866 0.3246
vn 0.8806 0.2545 0.3996
vn 0.8891 0.3199 0.3274
vn 0.8304 0.3980 0.3898
vn 0.8461 0.3967 0.3561
vn 0.8445 0.3907 0.3664
vn 0.8841 0.2995 0.3588
vn 0.8484 0.3910 0.3569
vn 0.8601 0.3088 0.4060
vn 0.7571 0.5229 0.3916
vn 0.7561 0.5208 0.3963
vn 0.6949 0.6134 0.3753
vn 0.7653 0.5187 0.3813
vn 0.7632 0.5159 0.3891
vn 0.7858 0.5165 0.3403
vn 0.7807 0.5100 0.3612
vn 0.7311 0.5448 0.4108
vn 0.7127 0.6088 0.3484
vn 0.6957 0.6024 0.3914
vn 0.8340 0.4282 0.3481
vn 0.8121 0.4222 0.4029
vn 0.8699 0.3202 0.3751
vn 0.8740 0.3364 0.3506
vn 0.9281 0.2334 0.2902
vn 0.8894 0.2308 0.3947
vn 0.8916 0.2946 0.3440
vn 0.9203 0.2690 0.2841
vn 0.9411 0.1473 0.3042
vn 0.9356 0.0627 0.3474
vn 0.9441 0.0579 0.3247
vn 0.9185 0.1858 0.3492
vn 0.9303 0.1816 0.3186
vn 0.9277 0.1815 0.3262
vn 0.9283 0.2646 0.2612
vn 0.9005 0.2607 0.3480
vn 0.9480 0.1928 0.2531
vn 0.9344 0.1906 0.3010
vn 0.9234 0.2882 0.2533
vn 0.9250 0.2901 0.2455
vn 0.9162 0.2967 0.2693
vn 0.9559 0.1987 0.2164
vn 0.9559 0.1987 0.2162
vn 0.8779 0.3955 0.2701
vn 0.8790 0.4271 0.2119
vn 0.8118 0.5052 0.2929
vn 0.8092 0.5049 0.3003
vn 0.8109 0.4654 0.3547
vn 0.8732 0.3960 0.2840
vn 0.8728 0.3922 0.2906
vn 0.8649 0.3905 0.3154
vn 0.9133 0.2976 0.2781
vn 0.9059 0.2955 0.3032
vn 0.9562 0.1373 0.2583
vn 0.9365 0.1413 0.3209
vn 0.9547 0.1650 0.2477
vn 0.9508 0.1641 0.2628
vn 0.9567 0.1976 0.2135
vn 0.9342 0.3096 0.1773
vn 0.9279 0.2991 0.2226
vn 0.8847 0.4127 0.2166
vn 0.8311 0.5236 0.1873
vn 0.8556 0.4204 0.3021
vn 0.7640 0.5859 0.2702
vn 0.8114 0.4974 0.3068
vn 0.6705 0.6538 0.3505
vn 0.7312 0.5838 0.3528
vn 0.6119 0.6705 0.4196
vn 0.6044 0.6654 0.4380
vn 0.6033 0.6785 0.4191
vn 0.7312 0.5773 0.3635
vn 0.7245 0.5850 0.3645
vn 0.8403 0.4790 0.2539
vn 0.8556 0.3983 0.3307
vn 0.8961 0.2964 0.3303
vn 0.8509 0.3363 0.4035
vn 0.8357 0.4085 0.3671
vn 0.7952 0.4975 0.3467
vn 0.7482 0.5135 0.4202
vn 0.7305 0.5850 0.3523
vn 0.6642 0.6066 0.4369
vn 0.5908 0.6738 0.4438
vn 0.6829 0.6018 0.4142
vn 0.6436 0.6291 0.4359
vn 0.6799 0.6520 0.3357
vn 0.6852 0.6228 0.3777
vn 0.6812 0.6177 0.3929
vn 0.6617 0.6236 0.4161
vn 0.6619 0.6237 0.4158
vn 0.5769 0.5920 0.5627
vn 0.6957 0.4311 0.5746
vn 0.6727 0.5709 0.4707
vn 0.7395 0.5465 0.3931
vn 0.7972 0.4395 0.4140
vn 0.8586 0.3072 0.4105
vn 0.7709 0.3958 0.4991
vn 0.7378 0.3429 0.5814
vn 0.8227 0.2505 0.5103
vn 0.8490 0.1897 0.4932
vn 0.8215 0.1570 0.5482
vn 0.8849 0.1763 0.4312
vn 0.9396 0.0675 0.3354
vn 0.8876 0.1796 0.4242
vn 0.8818 0.2964 0.3668
vn 0.9148 0.1886 0.3571
vn 0.9651 0.2387 0.1074
vn 0.9595 0.2476 0.1342
vn 0.9563 0.2461 0.1579
vn 0.9371 0.3362 0.0941
vn 0.9158 0.3716 0.1521
vn 0.9286 0.3658 0.0620
vn 0.8866 0.4461 0.1223
vn 0.8961 0.4398 0.0594
vn 0.9027 0.4069 0.1400
vn 0.9388 0.3292 0.1013
vn 0.9361 0.3111 0.1641
vn 0.9707 0.2091 0.1183
vn 0.8587 0.5016 0.1044
vn 0.8395 0.5431 0.0177
vn 0.7973 0.5981 0.0812
vn 0.7903 0.6118 0.0351
vn 0.7148 0.6963 0.0651
vn 0.7151 0.6990 -0.0011
vn 0.7177 0.6962 0.0109
vn 0.7141 0.6985 0.0473
vn 0.7026 0.7113 0.0198
vn 0.7024 0.7099 0.0507
vn 0.6959 0.7152 0.0644
vn 0.6966 0.7124 0.0848
vn 0.6936 0.7146 0.0907
vn 0.6918 0.7131 0.1137
vn 0.7092 0.7010 0.0750
vn 0.7060 0.6952 0.1348
vn 0.6942 0.6999 0.1680
vn 0.6946 0.7040 0.1484
vn 0.7014 0.7015 0.1257
vn 0.6925 0.6838 0.2297
vn 0.6813 0.7150 0.1570
vn 0.7699 0.6175 0.1611
vn 0.7725 0.6064 0.1885
vn 0.8371 0.5222 0.1630
vn 0.8381 0.5156 0.1783
vn 0.8840 0.4404 0.1566
vn 0.8846 0.4362 0.1650
vn 0.9171 0.3685 0.1520
vn 0.9172 0.3673 0.1545
vn 0.9360 0.3014 0.1818
vn 0.9431 0.2890 0.1642
vn 0.9517 0.2009 0.2320
vn 0.9632 0.1845 0.1953
vn 0.9740 0.2010 0.1042
vn 0.9681 0.1620 0.1912
vn 0.9739 0.1616 0.1593
vn 0.9487 0.2476 0.1964
vn 0.9615 0.2397 0.1346
vn 0.9622 0.2457 0.1175
vn 0.9800 0.1339 0.1470
vn 0.9809 0.1342 0.1407
vn 0.9588 0.1930 0.2086
vn 0.9719 0.1981 0.1274
vn 0.9832 0.1220 0.1357
vn 0.9825 0.1173 0.1449
vn 0.9822 0.1175 0.1463
vn 0.9833 0.1140 0.1415
vn 0.9807 0.1145 0.1586
vn 0.9671 0.2082 0.1461
vn 0.9511 0.3015 0.0670
vn 0.9355 0.3072 0.1743
vn 0.9360 0.3325 0.1157
vn 0.8960 0.4254 0.1275
vn 0.8945 0.4271 0.1325
vn 0.8985 0.4352 0.0574
vn 0.8984 0.4354 0.0579
vn 0.8484 0.5221 0.0866
vn 0.8312 0.5558 0.0135
vn 0.7662 0.6361 0.0913
vn 0.8115 0.5633 0.1558
vn 0.7776 0.6236 0.0802
vn 0.8509 0.5215 0.0639
vn 0.8515 0.5207 0.0621
vn 0.8518 0.5178 0.0793
vn 0.7930 0.6058 0.0637
vn 0.7951 0.6052 0.0387
vn 0.8735 0.4667 0.1387
vn 0.8537 0.5156 0.0733
vn 0.8459 0.5135 0.1439
vn 0.8131 0.5790 0.0609
vn 0.7925 0.5814 0.1840
vn 0.8584 0.4993 0.1176
vn 0.8621 0.4851 0.1466
vn 0.8964 0.4229 0.1327
vn 0.8966 0.4227 0.1321
vn 0.8926 0.4154 0.1753
vn 0.9214 0.3621 0.1413
vn 0.9192 0.3632 0.1523
vn 0.9209 0.3536 0.1639
vn 0.9280 0.3486 0.1314
vn 0.8964 0.4226 0.1336
vn 0.8460 0.5003 0.1841
vn 0.8695 0.4845 0.0958
vn 0.8954 0.4236 0.1370
vn 0.9797 0.1255 0.1564
vn 0.9740 0.1464 0.1727
vn 0.9602 0.2474 0.1295
vn 0.9273 0.3398 0.1569
vn 0.9517 0.2742 0.1385
vn 0.9722 0.1456 0.1835
vn 0.9470 0.2755 0.1655
vn 0.9449 0.3058 0.1171
vn 0.9189 0.3666 0.1458
vn 0.8880 0.4367 0.1437
vn 0.8433 0.5157 0.1510
vn 0.7788 0.6014 0.1780
vn 0.7783 0.6064 0.1630
vn 0.7881 0.5994 0.1399
vn 0.7698 0.6228 0.1402
vn 0.7385 0.6594 0.1410
vn 0.7556 0.6531 0.0492
vn 0.7796 0.6262 0.0024
vn 0.7891 0.6120 0.0528
vn 0.8288 0.5410 0.1427
vn 0.8831 0.4625 0.0791
vn 0.8970 0.4331 0.0885
vn 0.9342 0.3355 0.1215
vn 0.9734 0.2104 0.0911
vn 0.9712 0.1325 0.1980
vn 0.9852 0.1280 0.1142
vn 0.9795 0.1013 0.1740
vn 0.9591 0.2240 0.1729
vn 0.9316 0.3348 0.1417
vn 0.4099 0.7425 0.5298
vn 0.4412 0.7528 0.4885
vn 0.3476 0.7859 0.5114
vn 0.3162 0.8443 0.4327
vn 0.2746 0.8464 0.4563
vn 0.2236 0.8902 0.3968
vn 0.2032 0.8896 0.4091
vn 0.1571 0.9203 0.3583
vn 0.1397 0.9196 0.3672
vn 0.1159 0.9336 0.3392
vn 0.0615 0.9399 0.3358
vn 0.0712 0.9595 0.2724
vn 0.0674 0.9620 0.2647
vn 0.0256 0.9647 0.2623
vn 0.0270 0.9613 0.2743
vn 0.0049 0.9667 0.2559
vn -0.0126 0.9647 0.2631
vn -0.0051 0.9700 0.2429
vn -0.0050 0.9719 0.2352
vn 0.0038 0.9683 0.2497
vn 0.0186 0.9736 0.2277
vn 0.0116 0.9669 0.2551
vn -0.0016 0.9713 0.2378
vn 0.0450 0.9608 0.2737
vn 0.0354 0.9572 0.2871
vn -0.0117 0.9685 0.2486
vn -0.0249 0.9680 0.2497
vn -0.0268 0.9571 0.2886
vn -0.0252 0.9578 0.2862
vn -0.0204 0.9557 0.2936
vn -0.0268 0.9345 0.3550
vn -0.0211 0.9371 0.3485
vn 0.0087 0.9346 0.3556
vn -0.0022 0.9506 0.3105
vn 0.0467 0.9486 0.3129
vn 0.0388 0.9542 0.2966
vn 0.0864 0.9476 0.3075
vn 0.0861 0.9589 0.2703
vn 0.1174 0.9471 0.2987
vn 0.1421 0.9490 0.2815
vn 0.1376 0.9350 0.3268
vn 0.1678 0.9395 0.2987
vn 0.1644 0.9133 0.3726
vn 0.1952 0.9182 0.3448
vn 0.1849 0.8796 0.4384
vn 0.1435 0.9006 0.4103
vn 0.1213 0.8942 0.4309
vn 0.0838 0.9077 0.4113
vn 0.0846 0.9080 0.4104
vn 0.0863 0.9282 0.3620
vn 0.0926 0.9246 0.3695
vn 0.0421 0.9331 0.3571
vn 0.0357 0.9128 0.4068
vn 0.0420 0.9082 0.4164
vn 0.0133 0.9042 0.4270
vn 0.0118 0.9051 0.4250
vn -0.0222 0.9014 0.4324
vn -0.0153 0.9072 0.4203
vn -0.0303 0.9066 0.4208
vn -0.0193 0.8791 0.4762
vn -0.0206 0.8769 0.4802
vn 0.0036 0.8806 0.4738
vn 0.0049 0.8629 0.5053
vn 0.0054 0.8632 0.5049
vn 0.0073 0.8582 0.5133
vn -0.0178 0.8587 0.5122
vn -0.0200 0.8575 0.5141
vn -0.0183 0.8624 0.5059
vn -0.0166 0.8569 0.5152
vn -0.0149 0.8643 0.5028
vn -0.0166 0.8633 0.5045
vn 0.0031 0.8634 0.5046
vn 0.0030 0.8633 0.5047
vn 0.0011 0.8774 0.4798
vn 0.0060 0.8807 0.4736
vn 0.0036 0.8983 0.4394
vn -0.0129 0.8991 0.4375
vn -0.0067 0.9024 0.4307
vn -0.0154 0.8792 0.4763
vn -0.0142 0.9018 0.4319
vn -0.0049 0.9300 0.3674
vn -0.0102 0.9271 0.3746
vn 0.0063 0.9259 0.3777
vn 0.0199 0.9341 0.3564
vn 0.0182 0.9544 0.2981
vn 0.0074 0.9580 0.2865
vn -0.0140 0.9546 0.2976
vn -0.0112 0.9576 0.2879
vn -0.0219 0.9579 0.2864
vn -0.0175 0.9810 0.1932
vn -0.0161 0.9816 0.1903
vn -0.0153 0.9813 0.1919
vn -0.0110 0.9957 0.0925
vn -0.0138 0.9951 0.0979
vn -0.0002 0.9954 0.0957
vn 0.0063 0.9938 0.1110
vn 0.0379 0.9928 0.1138
vn 0.0374 0.9804 0.1933
vn 0.0446 0.9776 0.2058
vn 0.0824 0.9809 0.1761
vn 0.0831 0.9878 0.1320
vn 0.1060 0.9906 0.0866
vn 0.0920 0.9956 0.0154
vn 0.1051 0.9943 -0.0185
vn 0.0972 0.9936 -0.0580
vn 0.1016 0.9923 -0.0704
vn 0.0964 0.9913 -0.0893
vn 0.0983 0.9908 -0.0931
vn 0.1497 0.9875 -0.0500
vn 0.1753 0.9810 -0.0833
vn 0.2466 0.9691 -0.0095
vn 0.2762 0.9590 -0.0639
vn 0.3924 0.9186 -0.0468
vn 0.4288 0.9024 0.0423
vn 0.5111 0.8593 -0.0204
vn 0.5624 0.8245 0.0623
vn 0.6197 0.7848 0.0122
vn 0.6282 0.7776 0.0267
vn 0.6262 0.7767 0.0672
vn 0.6334 0.7717 0.0575
vn 0.6294 0.7680 0.1186
vn 0.5992 0.7811 0.1757
vn 0.6073 0.7891 0.0921
vn 0.5209 0.8372 0.1669
vn 0.4791 0.8740 0.0808
vn 0.4105 0.9009 0.1408
vn 0.3746 0.9227 0.0904
vn 0.3171 0.9339 0.1652
vn 0.3184 0.9274 0.1964
vn 0.2993 0.9251 0.2335
vn 0.3049 0.9095 0.2824
vn 0.4034 0.8712 0.2798
vn 0.4120 0.8755 0.2523
vn 0.4207 0.8437 0.3335
vn 0.5325 0.8012 0.2730
vn 0.5327 0.8013 0.2722
vn 0.6214 0.7491 0.2295
vn 0.6179 0.7545 0.2212
vn 0.6131 0.7429 0.2687
vn 0.6041 0.7453 0.2823
vn 0.5910 0.7329 0.3370
vn 0.5887 0.7449 0.3140
vn 0.5662 0.7356 0.3720
vn 0.5631 0.7455 0.3566
vn 0.5530 0.7336 0.3949
vn 0.5022 0.7319 0.4606
vn 0.5129 0.7518 0.4145
vn 0.3943 0.7914 0.4672
vn 0.3999 0.7703 0.4967
vn 0.3261 0.8166 0.4763
vn 0.3264 0.8216 0.4674
vn 0.3535 0.8279 0.4355
vn 0.3548 0.8311 0.4282
vn 0.4504 0.7936 0.4091
vn 0.3363 0.8539 0.3971
vn 0.2748 0.8462 0.4565
vn 0.2357 0.8726 0.4277
vn 0.1836 0.8604 0.4753
vn 0.1869 0.8712 0.4540
vn 0.2242 0.8458 0.4842
vn 0.2220 0.8366 0.5008
vn 0.1752 0.8255 0.5365
vn 0.1822 0.8529 0.4892
vn 0.1312 0.8431 0.5215
vn 0.1343 0.8548 0.5013
vn 0.1642 0.8324 0.5292
vn 0.2185 0.8413 0.4945
vn 0.2472 0.8166 0.5216
vn 0.3161 0.8194 0.4781
vn 0.3435 0.7898 0.5081
vn 0.4160 0.7826 0.4632
vn 0.4371 0.7543 0.4898
vn 0.4937 0.7356 0.4638
vn 0.4994 0.7432 0.4454
vn 0.5057 0.7281 0.4627
vn 0.4880 0.7475 0.4507
vn 0.4896 0.7484 0.4474
vn 0.4858 0.7561 0.4386
vn 0.4967 0.7650 0.4100
vn 0.4935 0.7655 0.4128
vn 0.5001 0.7795 0.3771
vn 0.4930 0.7794 0.3867
vn 0.4952 0.7910 0.3593
vn 0.5120 0.7936 0.3289
vn 0.5163 0.7654 0.3842
vn 0.5048 0.7629 0.4039
vn 0.5066 0.7286 0.4609
vn 0.5091 0.7287 0.4581
vn 0.4809 0.6672 0.5689
vn 0.4482 0.7832 0.4310
vn 0.4498 0.7847 0.4265
vn 0.4161 0.8381 0.3528
vn 0.3558 0.8511 0.3862
vn 0.3105 0.8970 0.3147
vn 0.2259 0.9142 0.3366
vn 0.2418 0.9207 0.3064
vn 0.2468 0.9003 0.3586
vn 0.3045 0.8887 0.3429
vn 0.2500 0.9209 0.2990
vn 0.3121 0.8888 0.3357
vn 0.3057 0.8791 0.3656
vn 0.2884 0.8948 0.3408
vn 0.2664 0.8601 0.4351
vn 0.3224 0.8632 0.3885
vn 0.3086 0.8245 0.4744
vn 0.3865 0.8199 0.4223
vn 0.4032 0.8467 0.3471
vn 0.4046 0.8481 0.3422
vn 0.3563 0.8517 0.3841
vn 0.4112 0.8358 0.3639
vn 0.3929 0.8462 0.3598
vn 0.4231 0.8203 0.3848
vn 0.4130 0.7791 0.4715
vn 0.4431 0.7800 0.4418
vn 0.4064 0.7647 0.5001
vn 0.3569 0.8265 0.4354
vn 0.3082 0.8006 0.5139
vn 0.2764 0.8342 0.4772
vn 0.2616 0.8599 0.4383
vn 0.2156 0.8543 0.4729
vn 0.1757 0.8797 0.4419
vn 0.0949 0.8466 0.5237
vn 0.1020 0.8894 0.4457
vn 0.0833 0.8570 0.5085
vn 0.0388 0.8607 0.5077
vn 0.0389 0.8553 0.5166
vn 0.0603 0.8634 0.5009
vn 0.0584 0.8523 0.5197
vn 0.0760 0.8593 0.5058
vn 0.0782 0.8724 0.4826
vn 0.1080 0.8817 0.4592
vn 0.1061 0.8775 0.4677
vn 0.0830 0.9033 0.4209
vn 0.0555 0.9049 0.4219
vn 0.0464 0.8985 0.4366
vn 0.0956 0.9170 0.3872
vn 0.1560 0.9172 0.3667
vn 0.1582 0.9236 0.3491
vn 0.1826 0.9312 0.3154
vn 0.1745 0.9555 0.2377
vn 0.1054 0.9385 0.3287
vn 0.0957 0.9514 0.2927
vn 0.0599 0.9488 0.3101
vn 0.0597 0.9338 0.3527
vn 0.1704 0.9016 0.3975
vn 0.0889 0.9278 0.3623
vn 0.0482 0.8834 0.4662
vn 0.1071 0.8421 0.5286
vn 0.0338 0.8620 0.5057
vn 0.0270 0.8613 0.5074
vn 0.0805 0.8511 0.5188
vn 0.1110 0.8575 0.5024
vn 0.2144 0.8273 0.5192
vn 0.1384 0.8510 0.5066
vn 0.1410 0.8606 0.4893
vn 0.1568 0.8827 0.4430
vn 0.2361 0.8881 0.3943
vn 0.2664 0.8992 0.3470
vn 0.3360 0.8533 0.3988
vn 0.4392 0.7774 0.4503
vn 0.2775 0.8569 0.4344
vn 0.2683 0.8008 0.5355
vn 0.3928 0.7894 0.4718
vn 0.5158 0.7434 0.4258
vn 0.4374 0.7866 0.4359
vn 0.4833 0.7983 0.3593
vn 0.4830 0.7938 0.3697
vn 0.5222 0.7915 0.3174
vn 0.5310 0.8038 0.2680
vn 0.4254 0.8500 0.3106
vn 0.2666 0.8968 0.3531
vn 0.2072 0.9617 0.1795
vn 0.2072 0.9619 0.1781
vn 0.2859 0.9505 0.1215
vn 0.2947 0.9529 0.0719
vn 0.2775 0.9606 0.0155
vn 0.1809 0.9831 0.0266
vn 0.2831 0.9591 -0.0057
vn 0.3888 0.9212 0.0183
vn 0.3922 0.9181 0.0569
vn 0.3747 0.9227 0.0906
vn 0.3982 0.8942 0.2045
vn 0.4758 0.8690 0.1356
vn 0.5131 0.8317 0.2119
vn 0.6296 0.7579 0.1708
vn 0.5226 0.8498 0.0691
vn 0.5233 0.8508 0.0484
vn 0.5648 0.8251 -0.0110
vn 0.4308 0.9005 -0.0589
vn 0.2521 0.9635 -0.0897
vn 0.1711 0.9841 -0.0475
vn 0.0518 0.9954 -0.0803
vn 0.0456 0.9947 -0.0922
vn 0.0106 0.9961 -0.0875
vn 0.0101 0.9962 -0.0865
vn 0.0124 0.9978 -0.0653
vn 0.0342 0.9981 -0.0522
vn 0.0068 0.9983 -0.0573
vn 0.0022 1.0000 0.0026
vn -0.0219 0.9997 0.0093
vn -0.0196 0.9998 0.0022
vn -0.0266 0.9996 0.0021
vn -0.0232 0.9977 -0.0630
vn -0.0189 0.9975 -0.0687
vn -0.0179 0.9978 -0.0639
vn -0.0147 0.9954 -0.0947
vn -0.0141 0.9953 -0.0957
vn -0.0144 0.9952 -0.0969
vn 0.1537 0.9843 -0.0871
vn 0.0517 0.9955 -0.0792
vn 0.1654 0.9860 -0.0208
vn 0.0414 0.9991 0.0029
vn 0.0284 0.9990 0.0333
vn 0.1659 0.9823 0.0871
vn 0.1114 0.9656 0.2349
vn 0.0413 0.9934 0.1074
vn 0.0029 0.9812 0.1928
vn 0.0163 0.9993 0.0337
vn -0.0156 0.9955 0.0935
vn 0.0006 0.9805 0.1965
vn 0.0373 0.9591 0.2807
vn 0.0481 0.9280 0.3695
vn -0.0119 0.9294 0.3689
vn 0.0112 0.9037 0.4281
vn 0.0341 0.8755 0.4821
vn -0.0149 0.8781 0.4782
vn -0.0120 0.8797 0.4754
vn 0.0263 0.8583 0.5125
vn -0.0169 0.8637 0.5037
vn 0.0064 0.8572 0.5149
vn 0.0314 0.8565 0.5152
vn 0.0343 0.8867 0.4611
vn -0.0233 0.8662 0.4992
vn -0.0303 0.8613 0.5073
vn -0.0275 0.8799 0.4744
vn 0.0045 0.8801 0.4747
vn 0.0299 0.8899 0.4551
vn 0.0909 0.8843 0.4579
vn 0.1395 0.8712 0.4708
vn 0.2258 0.8863 0.4043
vn 0.2415 0.8930 0.3797
vn 0.1243 0.9308 0.3437
vn 0.2245 0.9180 0.3270
vn 0.1721 0.9311 0.3216
vn 0.1723 0.9314 0.3205
vn 0.1178 0.9506 0.2871
vn 0.0981 0.9502 0.2959
vn 0.0379 0.9320 0.3605
vn 0.0199 0.9389 0.3436
vn -0.0192 0.9355 0.3529
vn 0.0095 0.9561 0.2930
vn 0.0480 0.9636 0.2629
vn 0.0301 0.9664 0.2552
vn 0.0623 0.9574 0.2820
vn 0.0874 0.9462 0.3116
vn 0.1206 0.9510 0.2847
vn 0.1598 0.9311 0.3280
vn 0.2260 0.8984 0.3765
vn 0.3211 0.8524 0.4127
vn 0.4293 0.7843 0.4480
vn 0.5089 0.6695 0.5411
vn 0.5926 0.7995 0.0983
vn 0.5802 0.8040 0.1305
vn 0.5795 0.8008 0.1514
vn 0.5837 0.7990 0.1448
vn 0.5823 0.7983 0.1538
vn 0.5804 0.8009 0.1474
vn 0.4761 0.8616 0.1762
vn 0.4959 0.8573 0.1382
vn 0.3843 0.9122 0.1423
vn 0.3874 0.9121 0.1344
vn 0.3831 0.9161 0.1184
vn 0.4822 0.8664 0.1300
vn 0.4835 0.8673 0.1185
vn 0.3803 0.9133 0.1460
vn 0.3973 0.9113 0.1079
vn 0.3897 0.9193 0.0539
vn 0.4856 0.8671 0.1108
vn 0.4916 0.8693 0.0520
vn 0.3820 0.9200 0.0874
vn 0.3908 0.9181 0.0656
vn 0.3878 0.9218 0.0029
vn 0.4470 0.8913 0.0764
vn 0.4579 0.8887 -0.0215
vn 0.3518 0.9360 -0.0140
vn 0.3737 0.9241 -0.0800
vn 0.3747 0.9244 -0.0709
vn 0.2727 0.9598 -0.0662
vn 0.2762 0.9584 -0.0714
vn 0.2107 0.9697 -0.1235
vn 0.2070 0.9783 0.0028
vn 0.2559 0.9651 -0.0561
vn 0.2583 0.9660 -0.0090
vn 0.2576 0.9662 -0.0076
vn 0.2608 0.9631 0.0666
vn 0.2068 0.9784 0.0020
vn 0.1960 0.9720 0.1295
vn 0.2885 0.9545 0.0749
vn 0.3033 0.9467 0.1089
vn 0.1779 0.9800 0.0889
vn 0.0832 0.9908 0.1071
vn 0.0767 0.9935 0.0845
vn 0.0682 0.9918 0.1078
vn 0.0682 0.9917 0.1088
vn 0.1628 0.9775 0.1341
vn 0.1799 0.9786 0.0995
vn 0.1868 0.9727 0.1379
vn 0.1806 0.9711 0.1558
vn 0.1809 0.9705 0.1597
vn 0.1696 0.9763 0.1346
vn 0.0535 0.9859 0.1589
vn 0.0464 0.9896 0.1364
vn -0.0547 0.9938 0.0971
vn -0.0600 0.9953 0.0759
vn -0.1171 0.9913 0.0601
vn -0.1191 0.9916 0.0499
vn -0.1284 0.9907 0.0445
vn -0.1117 0.9937 0.0043
vn -0.1116 0.9938 0.0013
vn -0.1012 0.9943 0.0332
vn -0.1002 0.9945 0.0293
vn -0.1002 0.9947 0.0243
vn -0.0983 0.9947 0.0311
vn -0.0840 0.9965 -0.0031
vn -0.0845 0.9963 0.0177
vn -0.0836 0.9963 0.0205
vn -0.0694 0.9975 -0.0094
vn -0.0688 0.9975 -0.0187
vn -0.0601 0.9982 0.0070
vn -0.0504 0.9987 0.0104
vn -0.0511 0.9987 -0.0059
vn -0.0590 0.9983 -0.0027
vn -0.0520 0.9982 -0.0294
vn -0.0516 0.9983 -0.0257
vn -0.0412 0.9991 -0.0065
vn -0.0305 0.9986 -0.0440
vn -0.0304 0.9983 -0.0501
vn -0.0307 0.9982 -0.0511
vn 0.0031 0.9991 -0.0430
vn 0.0009 0.9980 -0.0630
vn 0.0068 0.9970 -0.0773
vn 0.0060 0.9962 -0.0868
vn 0.0456 0.9951 -0.0880
vn 0.0483 0.9945 -0.0931
vn 0.0983 0.9922 -0.0764
vn 0.1298 0.9846 -0.1172
vn 0.1189 0.9929 -0.0023
vn 0.1007 0.9942 -0.0385
vn 0.0372 0.9991 -0.0207
vn 0.0381 0.9992 -0.0156
vn 0.0317 0.9995 -0.0024
vn 0.0316 0.9991 0.0273
vn 0.0241 0.9996 0.0110
vn 0.0001 0.9996 0.0274
vn 0.0167 0.9984 0.0541
vn 0.0063 0.9997 0.0251
vn 0.0876 0.9956 0.0328
vn 0.0926 0.9954 0.0228
vn 0.0885 0.9960 -0.0076
vn 0.0928 0.9957 0.0016
vn 0.1533 0.9874 -0.0387
vn 0.0106 0.9951 -0.0980
vn -0.0169 0.9959 -0.0884
vn -0.0144 0.9953 -0.0954
vn -0.0189 0.9948 -0.1001
vn -0.0208 0.9962 -0.0846
vn -0.0239 0.9967 -0.0774
vn -0.0236 0.9968 -0.0762
vn 0.0517 0.9970 -0.0569
vn -0.0254 0.9977 -0.0632
vn -0.0217 0.9997 -0.0133
vn -0.0613 0.9981 -0.0064
vn -0.0270 0.9990 0.0365
vn -0.0681 0.9964 0.0495
vn -0.0032 0.9977 0.0673
vn -0.0141 0.9935 0.1131
vn -0.0275 0.9973 0.0676
vn -0.0861 0.9943 0.0630
vn -0.0348 0.9939 0.1051
vn -0.0483 0.9964 0.0695
vn -0.1035 0.9924 0.0659
vn -0.1036 0.9925 0.0642
vn -0.0609 0.9981 0.0084
vn -0.0740 0.9970 0.0218
vn -0.0928 0.9951 0.0327
vn -0.1132 0.9930 0.0347
vn -0.0481 0.9962 0.0731
vn 0.0646 0.9942 0.0864
vn 0.2800 0.9496 0.1406
vn 0.2797 0.9500 0.1388
vn 0.3011 0.9379 0.1723
vn 0.0682 0.9928 0.0984
vn 0.2532 0.9525 0.1692
vn 0.2588 0.9638 0.0645
vn 0.0667 0.9922 0.1051
vn 0.1628 0.9814 0.1013
vn -0.0030 0.9977 0.0682
vn 0.0983 0.9936 0.0554
vn 0.1726 0.9774 0.1224
vn 0.1428 0.9871 0.0721
vn 0.1667 0.9860 -0.0074
vn 0.1730 0.9839 -0.0438
vn 0.1753 0.9813 -0.0792
vn 0.3924 0.9186 -0.0462
vn 0.4764 0.8744 -0.0917
vn 0.5111 0.8593 -0.0205
vn 0.6034 0.7964 -0.0409
vn 0.6018 0.7985 0.0133
vn 0.5787 0.8135 -0.0578
vn 0.5683 0.8144 0.1174
vn 0.6027 0.7967 0.0451
vn 0.6031 0.7948 0.0680
vn 0.5971 0.7981 0.0802
vn 0.5947 0.7964 0.1099
vn 0.6199 0.7846 0.0041
vn 0.2740 0.9610 -0.0366
vn 0.4710 0.8821 0.0107
vn 0.5152 0.8570 0.0101
vn 0.3630 0.9305 0.0480
vn 0.3132 0.9497 -0.0024
vn 0.5027 0.8602 0.0854
vn 0.4897 0.8657 0.1039
vn 0.3806 0.9212 0.0812
vn 0.2807 0.9527 0.1169
vn 0.3007 0.9482 0.1020
vn 0.3823 0.9136 0.1383
vn 0.4936 0.8629 0.1087
vn 0.5923 0.7992 0.1025
vn 0.4868 0.8641 0.1280
vn 0.9803 0.0955 0.1727
vn 0.9718 0.0806 0.2218
vn 0.9803 -0.0768 0.1817
vn 0.9639 -0.0995 0.2469
vn 0.9490 -0.2541 0.1865
vn 0.9508 -0.2604 0.1681
vn 0.9503 -0.2606 0.1702
vn 0.9518 -0.2707 0.1441
vn 0.9570 -0.2676 0.1125
vn 0.9522 -0.3031 0.0392
vn 0.9455 -0.2972 0.1331
vn 0.8974 -0.4402 -0.0302
vn 0.8978 -0.4397 -0.0235
vn 0.8811 -0.4685 -0.0652
vn 0.8479 -0.4873 -0.2089
vn 0.8452 -0.4513 -0.2864
vn 0.8886 -0.3584 -0.2863
vn 0.8242 -0.2918 -0.4853
vn 0.8704 -0.1776 -0.4591
vn 0.9276 -0.1656 -0.3348
vn 0.9637 -0.0991 -0.2479
vn 0.9912 -0.0955 -0.0918
vn 0.9985 -0.0500 -0.0225
vn 0.9969 -0.0550 0.0567
vn 0.9921 -0.0142 0.1245
vn 0.9976 -0.0191 0.0667
vn 0.9858 0.1018 0.1337
vn 0.9819 0.1051 0.1575
vn 0.9861 0.1054 0.1286
vn 0.9919 0.1010 0.0772
vn 0.9927 0.0969 0.0725
vn 0.9955 0.0934 -0.0131
vn 0.9963 0.0731 -0.0457
vn 0.9841 0.0724 -0.1619
vn 0.9759 -0.2183 0.0034
vn 0.9573 0.0016 -0.2890
vn 0.9318 0.0062 -0.3630
vn 0.8840 -0.0364 -0.4661
vn 0.8262 -0.0213 -0.5629
vn 0.7965 -0.0442 -0.6031
vn 0.8207 -0.1453 -0.5526
vn 0.7883 -0.1630 -0.5933
vn 0.7551 -0.2785 -0.5936
vn 0.7791 -0.3058 -0.5473
vn 0.7171 -0.4143 -0.5604
vn 0.7207 -0.4233 -0.5490
vn 0.7554 -0.4199 -0.5030
vn 0.8454 -0.1443 -0.5143
vn 0.7868 -0.3084 -0.5346
vn 0.9189 -0.3274 -0.2200
vn 0.7871 -0.4712 -0.3982
vn 0.9348 -0.3300 -0.1313
vn 0.8810 -0.4723 0.0286
vn 0.8788 -0.4687 0.0894
vn 0.9759 -0.2180 0.0055
vn 0.8833 -0.4554 0.1108
vn 0.8814 -0.4549 0.1273
vn 0.9867 -0.0596 0.1513
vn 0.9874 -0.0609 0.1459
vn 0.8831 -0.4447 0.1496
vn 0.8831 -0.4447 0.1493
vn 0.8831 -0.4123 0.2240
vn 0.8974 -0.4209 0.1322
vn 0.8870 -0.4323 0.1622
vn 0.8860 -0.4319 0.1686
vn 0.8862 -0.4272 0.1791
vn 0.8882 -0.4264 0.1710
vn 0.8880 -0.4242 0.1778
vn 0.8893 -0.4236 0.1723
vn 0.8880 -0.4024 0.2224
vn 0.8993 -0.4022 0.1720
vn 0.8997 -0.4179 0.1262
vn 0.9417 -0.2691 0.2019
vn 0.9599 -0.2458 0.1347
vn 0.9684 -0.1112 0.2232
vn 0.9752 -0.1004 0.1974
vn 0.9744 0.0600 0.2167
vn 0.9802 0.0627 0.1876
vn 0.9750 0.0719 0.2103
vn 0.9796 0.0746 0.1868
vn 0.9742 0.0835 0.2098
vn 0.9758 0.0831 0.2024
vn 0.9767 -0.0725 0.2018
vn 0.9754 -0.0696 0.2090
vn 0.9776 -0.0683 0.1993
vn 0.9859 0.0784 0.1481
vn 0.9534 -0.2342 0.1904
vn 0.9397 -0.2254 0.2571
vn 0.9789 0.0878 0.1847
vn 0.9800 -0.0734 0.1848
vn 0.9645 -0.0938 0.2470
vn 0.9529 -0.2575 0.1600
vn 0.9742 -0.1102 0.1968
vn 0.9813 0.0440 0.1872
vn 0.9780 -0.1078 0.1784
vn 0.9396 -0.2345 0.2494
vn 0.9415 -0.3026 0.1486
vn 0.9247 -0.2866 0.2506
vn 0.9455 -0.2418 0.2182
vn 0.9466 -0.2557 0.1966
vn 0.9866 -0.1114 0.1196
vn 0.9785 -0.0742 0.1926
vn 0.9811 0.0716 0.1797
vn 0.9792 0.0966 0.1786
vn 0.1419 -0.9358 -0.3227
vn 0.1271 -0.9491 -0.2881
vn 0.0771 -0.9497 -0.3035
vn 0.0657 -0.9594 -0.2742
vn 0.0166 -0.9644 -0.2639
vn 0.0143 -0.9623 -0.2717
vn 0.0188 -0.9634 -0.2673
vn 0.0123 -0.9897 -0.1428
vn 0.0149 -0.9912 -0.1313
vn 0.0567 -0.9900 -0.1288
vn 0.0644 -0.9967 -0.0495
vn 0.0968 -0.9944 -0.0414
vn 0.1217 -0.9870 -0.1051
vn 0.1594 -0.9834 -0.0862
vn 0.1921 -0.9680 -0.1612
vn 0.2398 -0.9573 -0.1614
vn 0.2552 -0.9214 -0.2932
vn 0.2978 -0.8991 -0.3207
vn 0.3021 -0.8532 -0.4251
vn 0.3161 -0.8615 -0.3973
vn 0.2536 -0.8707 -0.4214
vn 0.2366 -0.9021 -0.3608
vn 0.2045 -0.9006 -0.3836
vn 0.3554 -0.8322 -0.4256
vn 0.3623 -0.8138 -0.4544
vn 0.4199 -0.8002 -0.4283
vn 0.4217 -0.7933 -0.4392
vn 0.4319 -0.8264 -0.3612
vn 0.4594 -0.8302 -0.3157
vn 0.4764 -0.8559 -0.2013
vn 0.4772 -0.8549 -0.2038
vn 0.4008 -0.8944 -0.1986
vn 0.4071 -0.9043 -0.1281
vn 0.3899 -0.9179 -0.0736
vn 0.3402 -0.9347 -0.1025
vn 0.2866 -0.9580 0.0002
vn 0.2416 -0.9682 -0.0641
vn 0.2060 -0.9785 -0.0081
vn 0.1604 -0.9868 -0.0235
vn 0.1475 -0.9881 0.0438
vn 0.1581 -0.9854 0.0638
vn 0.1585 -0.9848 0.0707
vn 0.2153 -0.9737 0.0742
vn 0.2214 -0.9748 0.0270
vn 0.2190 -0.9719 0.0861
vn 0.2145 -0.9705 0.1100
vn 0.1452 -0.9834 0.1092
vn 0.1325 -0.9807 0.1439
vn 0.0840 -0.9868 0.1385
vn 0.0878 -0.9847 0.1505
vn 0.0971 -0.9888 0.1136
vn 0.1000 -0.9875 0.1218
vn 0.0993 -0.9922 0.0759
vn 0.0538 -0.9948 0.0865
vn 0.0522 -0.9952 0.0823
vn 0.0587 -0.9975 0.0406
vn 0.0493 -0.9986 0.0206
vn 0.0102 -0.9992 0.0381
vn 0.0101 -0.9992 0.0378
vn 0.0113 -0.9993 -0.0361
vn 0.0109 -0.9992 -0.0382
vn 0.0140 -0.9957 0.0916
vn 0.0963 -0.9951 0.0238
vn 0.0154 -0.9953 0.0961
vn 0.0180 -0.9959 0.0888
vn 0.0189 -0.9915 0.1286
vn 0.0172 -0.9925 0.1209
vn 0.0499 -0.9903 0.1295
vn 0.0158 -0.9922 0.1236
vn 0.0140 -0.9890 0.1471
vn 0.0166 -0.9879 0.1540
vn 0.0168 -0.9880 0.1534
vn 0.0164 -0.9867 0.1617
vn 0.0197 -0.9857 0.1674
vn 0.0436 -0.9862 0.1595
vn 0.0463 -0.9849 0.1668
vn 0.0458 -0.9843 0.1703
vn 0.0198 -0.9845 0.1744
vn 0.0202 -0.9843 0.1755
vn 0.0217 -0.9854 0.1687
vn 0.0224 -0.9844 0.1745
vn 0.0254 -0.9828 0.1830
vn 0.0489 -0.9837 0.1730
vn 0.0538 -0.9817 0.1829
vn 0.0551 -0.9871 0.1503
vn 0.0470 -0.9851 0.1656
vn 0.0317 -0.9857 0.1652
vn 0.0304 -0.9864 0.1616
vn 0.0315 -0.9856 0.1664
vn 0.0673 -0.9848 0.1604
vn 0.0792 -0.9863 0.1449
vn 0.1042 -0.9829 0.1519
vn 0.0980 -0.9859 0.1358
vn 0.1453 -0.9811 0.1281
vn 0.1518 -0.9819 0.1130
vn 0.2249 -0.9674 0.1168
vn 0.2167 -0.9724 0.0860
vn 0.3071 -0.9469 0.0955
vn 0.3241 -0.9439 0.0635
vn 0.4328 -0.8977 0.0824
vn 0.4263 -0.9028 0.0571
vn 0.4408 -0.8957 0.0592
vn 0.4427 -0.8933 0.0776
vn 0.4502 -0.8911 0.0569
vn 0.4522 -0.8893 0.0684
vn 0.4568 -0.8881 0.0503
vn 0.4589 -0.8863 0.0621
vn 0.3596 -0.9308 0.0655
vn 0.3528 -0.9314 0.0897
vn 0.2654 -0.9610 0.0778
vn 0.2332 -0.9620 0.1421
vn 0.1792 -0.9774 0.1126
vn 0.1720 -0.9755 0.1371
vn 0.1227 -0.9801 0.1561
vn 0.1234 -0.9840 0.1286
vn 0.1186 -0.9819 0.1474
vn 0.1211 -0.9836 0.1334
vn 0.0805 -0.9820 0.1710
vn 0.0729 -0.9847 0.1582
vn 0.1678 -0.9785 0.1200
vn 0.1826 -0.9736 0.1367
vn 0.2107 -0.9748 0.0739
vn 0.2372 -0.9664 0.0993
vn 0.2688 -0.9567 0.1114
vn 0.2831 -0.9564 0.0719
vn 0.2858 -0.9544 0.0859
vn 0.2905 -0.9543 0.0707
vn 0.3777 -0.9238 0.0632
vn 0.3785 -0.9247 0.0394
vn 0.3947 -0.9188 -0.0049
vn 0.4633 -0.8857 0.0282
vn 0.4626 -0.8863 0.0207
vn 0.4623 -0.8864 0.0218
vn 0.4798 -0.8774 -0.0058
vn 0.4798 -0.8760 -0.0495
vn 0.4787 -0.8764 -0.0520
vn 0.4840 -0.8678 -0.1121
vn 0.3915 -0.9200 -0.0193
vn 0.3004 -0.9538 0.0028
vn 0.3709 -0.9278 0.0400
vn 0.2899 -0.9560 0.0441
vn 0.3616 -0.9292 0.0760
vn 0.4650 -0.8845 0.0390
vn 0.3562 -0.9288 0.1024
vn 0.3622 -0.9316 0.0321
vn 0.3280 -0.9394 0.0994
vn 0.2341 -0.9681 0.0889
vn 0.1575 -0.9759 0.1511
vn 0.1036 -0.9817 0.1596
vn 0.0787 -0.9849 0.1541
vn 0.0816 -0.9836 0.1608
vn 0.0304 -0.9852 0.1685
vn 0.0485 -0.9830 0.1773
vn 0.0737 -0.9817 0.1755
vn 0.0195 -0.9855 0.1687
vn 0.0436 -0.9853 0.1650
vn 0.0535 -0.9913 0.1202
vn 0.0526 -0.9880 0.1451
vn 0.0835 -0.9844 0.1551
vn 0.1321 -0.9770 0.1673
vn 0.2100 -0.9729 0.0964
vn 0.2932 -0.9546 0.0522
vn 0.1457 -0.9831 0.1111
vn 0.1055 -0.9929 0.0541
vn 0.2064 -0.9785 0.0020
vn 0.2871 -0.9575 -0.0270
vn 0.3312 -0.9325 -0.1442
vn 0.3348 -0.9288 -0.1589
vn 0.3968 -0.9168 -0.0443
vn 0.4092 -0.8938 -0.1835
vn 0.3881 -0.8691 -0.3066
vn 0.4814 -0.8683 -0.1199
vn 0.3924 -0.8533 -0.3433
vn 0.3198 -0.9042 -0.2830
vn 0.2387 -0.9147 -0.3260
vn 0.2003 -0.9315 -0.3035
vn 0.2465 -0.9586 -0.1425
vn 0.1802 -0.9584 -0.2213
vn 0.1573 -0.9870 -0.0322
vn 0.1150 -0.9787 -0.1703
vn 0.1035 -0.9946 -0.0094
vn 0.0504 -0.9985 -0.0229
vn 0.0197 -0.9901 -0.1392
vn 0.0762 -0.9816 -0.1752
vn 0.1348 -0.9658 -0.2215
vn 0.1932 -0.9215 -0.3370
vn 0.4912 -0.7575 -0.4301
vn 0.5131 -0.7578 -0.4031
vn 0.5200 -0.7968 -0.3077
vn 0.5410 -0.7977 -0.2665
vn 0.5429 -0.8172 -0.1934
vn 0.5721 -0.8098 -0.1303
vn 0.5702 -0.8081 -0.1475
vn 0.6203 -0.7812 -0.0705
vn 0.6407 -0.7598 -0.1103
vn 0.6969 -0.7150 -0.0554
vn 0.7037 -0.7016 -0.1122
vn 0.7606 -0.6343 -0.1382
vn 0.7600 -0.6334 -0.1453
vn 0.7691 -0.6041 -0.2087
vn 0.7165 -0.5948 -0.3644
vn 0.6663 -0.6675 -0.3325
vn 0.6466 -0.6732 -0.3587
vn 0.6239 -0.6520 -0.4309
vn 0.5608 -0.6945 -0.4507
vn 0.6208 -0.6122 -0.4897
vn 0.6666 -0.5276 -0.5267
vn 0.6482 -0.5300 -0.5467
vn 0.5948 -0.7346 -0.3263
vn 0.7159 -0.5739 -0.3977
vn 0.6890 -0.6891 -0.2247
vn 0.7814 -0.6205 -0.0668
vn 0.7791 -0.6263 -0.0263
vn 0.7894 -0.6134 0.0239
vn 0.7877 -0.6148 0.0404
vn 0.7200 -0.6914 0.0598
vn 0.7255 -0.6875 0.0326
vn 0.6455 -0.7632 0.0285
vn 0.6467 -0.7624 0.0230
vn 0.6499 -0.7584 0.0492
vn 0.6504 -0.7581 0.0471
vn 0.5660 -0.8236 0.0360
vn 0.5627 -0.8253 0.0476
vn 0.5630 -0.8249 0.0508
vn 0.5587 -0.8272 0.0602
vn 0.5583 -0.8268 0.0685
vn 0.5561 -0.8288 0.0618
vn 0.5543 -0.8292 0.0722
vn 0.5515 -0.8317 0.0636
vn 0.5506 -0.8317 0.0718
vn 0.5497 -0.8326 0.0686
vn 0.6535 -0.7543 0.0626
vn 0.6513 -0.7544 0.0818
vn 0.7449 -0.6621 0.0828
vn 0.7354 -0.6661 0.1244
vn 0.8191 -0.5582 0.1325
vn 0.8217 -0.5497 0.1509
vn 0.8217 -0.5497 0.1504
vn 0.8019 -0.5655 0.1929
vn 0.8143 -0.5786 0.0460
vn 0.8288 -0.5395 0.1480
vn 0.7542 -0.6464 0.1155
vn 0.7418 -0.6678 0.0606
vn 0.7419 -0.6629 0.1012
vn 0.6599 -0.7448 0.0986
vn 0.8159 -0.5585 0.1496
vn 0.8135 -0.5687 0.1213
vn 0.8096 -0.5690 0.1441
vn 0.7992 -0.5985 0.0547
vn 0.7894 -0.5922 0.1617
vn 0.7247 -0.6828 0.0924
vn 0.7300 -0.6797 0.0711
vn 0.7995 -0.5857 0.1334
vn 0.8012 -0.5898 0.1013
vn 0.7953 -0.5952 0.1148
vn 0.7336 -0.6722 0.1001
vn 0.7359 -0.6717 0.0856
vn 0.6639 -0.7381 0.1199
vn 0.6687 -0.7421 0.0467
vn 0.7394 -0.6638 0.1123
vn 0.7356 -0.6652 0.1277
vn 0.7454 -0.6607 0.0885
vn 0.6592 -0.7474 0.0826
vn 0.6353 -0.7715 0.0332
vn 0.6343 -0.7650 0.1115
vn 0.6524 -0.7550 0.0654
vn 0.5652 -0.8245 0.0290
vn 0.6526 -0.7549 0.0647
vn 0.7239 -0.6863 0.0711
vn 0.5684 -0.8226 0.0155
vn 0.5662 -0.8243 0.0011
vn 0.5698 -0.8216 -0.0165
vn 0.5647 -0.8242 -0.0420
vn 0.5682 -0.8206 -0.0613
vn 0.6374 -0.7704 -0.0183
vn 0.6374 -0.7703 -0.0185
vn 0.7280 -0.6833 0.0562
vn 0.7023 -0.7113 -0.0306
vn 0.7983 -0.5967 0.0816
vn 0.6834 -0.7078 -0.1788
vn 0.7019 -0.7118 -0.0279
vn 0.6369 -0.7557 -0.1527
vn 0.6204 -0.7804 -0.0777
vn 0.5595 -0.8222 -0.1045
vn 0.6075 -0.7696 -0.1966
vn 0.5925 -0.7647 -0.2532
vn 0.5538 -0.7299 -0.4007
vn -0.9163 0.1886 0.3533
vn -0.8818 0.2964 0.3668
vn -0.8841 0.2995 0.3588
vn -0.8445 0.3907 0.3664
vn -0.8484 0.3910 0.3569
vn -0.7972 0.4395 0.4140
vn -0.7807 0.5100 0.3612
vn -0.7858 0.5165 0.3403
vn -0.7571 0.5229 0.3916
vn -0.7561 0.5208 0.3963
vn -0.6949 0.6134 0.3753
vn -0.6829 0.6018 0.4142
vn -0.7305 0.5850 0.3523
vn -0.7632 0.5159 0.3891
vn -0.7952 0.4975 0.3467
vn -0.8121 0.4222 0.4029
vn -0.8340 0.4282 0.3481
vn -0.8304 0.3980 0.3898
vn -0.8891 0.3199 0.3274
vn -0.8699 0.3202 0.3751
vn -0.9281 0.2334 0.2902
vn -0.8894 0.2308 0.3947
vn -0.8916 0.2946 0.3440
vn -0.8961 0.2964 0.3303
vn -0.9283 0.2646 0.2612
vn -0.9277 0.1815 0.3262
vn -0.9562 0.1373 0.2583
vn -0.9365 0.1413 0.3209
vn -0.9567 0.0597 0.2848
vn -0.9511 0.0569 0.3035
vn -0.9563 0.0604 0.2862
vn -0.9623 0.0604 0.2651
vn -0.9647 0.0659 0.2549
vn -0.9547 0.1650 0.2477
vn -0.9508 0.1641 0.2628
vn -0.9812 0.0981 0.1663
vn -0.9566 0.0985 0.2742
vn -0.9567 0.1976 0.2135
vn -0.9563 0.1974 0.2157
vn -0.9742 0.1655 0.1534
vn -0.9747 0.0785 0.2092
vn -0.9726 0.0838 0.2170
vn -0.9737 0.0836 0.2119
vn -0.9759 0.0927 0.1977
vn -0.9737 0.0938 0.2074
vn -0.9743 0.0948 0.2045
vn -0.9709 0.1798 0.1581
vn -0.9589 0.1780 0.2209
vn -0.9768 0.0975 0.1905
vn -0.9773 0.0974 0.1882
vn -0.9786 0.1014 0.1790
vn -0.9590 0.1925 0.2078
vn -0.9627 0.2102 0.1705
vn -0.9382 0.2623 0.2258
vn -0.9497 0.2669 0.1638
vn -0.9363 0.2887 0.2002
vn -0.9401 0.2879 0.1826
vn -0.9012 0.3820 0.2046
vn -0.9048 0.3858 0.1800
vn -0.8802 0.4553 0.1339
vn -0.8714 0.4515 0.1917
vn -0.9023 0.4070 0.1422
vn -0.9120 0.3517 0.2113
vn -0.8562 0.5027 0.1195
vn -0.8069 0.5696 0.1564
vn -0.8154 0.5655 0.1235
vn -0.7334 0.6642 0.1449
vn -0.7313 0.6779 0.0754
vn -0.7275 0.6800 0.0909
vn -0.7206 0.6925 0.0345
vn -0.7404 0.6604 0.1254
vn -0.7396 0.6595 0.1346
vn -0.7868 0.5870 0.1904
vn -0.7828 0.5857 0.2104
vn -0.7434 0.6147 0.2635
vn -0.7095 0.6688 0.2218
vn -0.7089 0.6693 0.2226
vn -0.6980 0.6643 0.2675
vn -0.6961 0.6683 0.2625
vn -0.6817 0.6624 0.3106
vn -0.6824 0.6583 0.3177
vn -0.6705 0.6538 0.3505
vn -0.6708 0.6812 0.2934
vn -0.6516 0.6650 0.3650
vn -0.6372 0.6652 0.3893
vn -0.6377 0.6662 0.3866
vn -0.7243 0.5767 0.3780
vn -0.7312 0.5773 0.3635
vn -0.8092 0.5049 0.3003
vn -0.8118 0.5052 0.2929
vn -0.8790 0.4271 0.2119
vn -0.8556 0.4204 0.3021
vn -0.8421 0.4840 0.2377
vn -0.8404 0.4834 0.2450
vn -0.8932 0.4080 0.1890
vn -0.8847 0.4127 0.2166
vn -0.8820 0.4079 0.2359
vn -0.8526 0.4827 0.2001
vn -0.8538 0.4832 0.1938
vn -0.8692 0.4682 0.1587
vn -0.9087 0.3823 0.1678
vn -0.9222 0.3120 0.2284
vn -0.9375 0.2905 0.1917
vn -0.9601 0.1992 0.1963
vn -0.9342 0.3096 0.1773
vn -0.8311 0.5236 0.1873
vn -0.7667 0.5865 0.2613
vn -0.8201 0.5009 0.2769
vn -0.7631 0.5932 0.2564
vn -0.7540 0.5859 0.2971
vn -0.8896 0.3958 0.2281
vn -0.9285 0.3016 0.2165
vn -0.9279 0.2991 0.2226
vn -0.9162 0.2967 0.2693
vn -0.9250 0.2901 0.2455
vn -0.9234 0.2882 0.2533
vn -0.9133 0.2976 0.2781
vn -0.9059 0.2955 0.3032
vn -0.8649 0.3905 0.3154
vn -0.8556 0.3983 0.3307
vn -0.8505 0.3977 0.3443
vn -0.7801 0.5029 0.3723
vn -0.7837 0.5089 0.3560
vn -0.7482 0.5135 0.4202
vn -0.7723 0.5283 0.3528
vn -0.7245 0.5850 0.3645
vn -0.6642 0.6066 0.4369
vn -0.6788 0.6217 0.3908
vn -0.5924 0.6501 0.4758
vn -0.5908 0.6738 0.4438
vn -0.6033 0.6785 0.4191
vn -0.6044 0.6654 0.4380
vn -0.8403 0.4790 0.2539
vn -0.8728 0.3922 0.2906
vn -0.8732 0.3960 0.2840
vn -0.8779 0.3955 0.2701
vn -0.8114 0.4974 0.3068
vn -0.8109 0.4654 0.3547
vn -0.7254 0.5854 0.3622
vn -0.6119 0.6705 0.4196
vn -0.7312 0.5838 0.3528
vn -0.7410 0.5907 0.3193
vn -0.7640 0.5859 0.2702
vn -0.7550 0.6189 0.2168
vn -0.8106 0.5179 0.2734
vn -0.8258 0.5494 0.1271
vn -0.7185 0.6733 0.1744
vn -0.8175 0.5523 0.1634
vn -0.7975 0.5980 0.0801
vn -0.8687 0.4675 0.1639
vn -0.9046 0.3790 0.1950
vn -0.9404 0.2899 0.1777
vn -0.9271 0.3541 0.1225
vn -0.9368 0.3110 0.1601
vn -0.9629 0.1908 0.1907
vn -0.9604 0.1993 0.1949
vn -0.9754 0.0938 0.1996
vn -0.9529 0.1680 0.2524
vn -0.9317 0.2993 0.2059
vn -0.9559 0.1987 0.2162
vn -0.9706 0.0784 0.2277
vn -0.9559 0.1987 0.2164
vn -0.9344 0.1906 0.3010
vn -0.9677 0.0645 0.2438
vn -0.9480 0.1928 0.2531
vn -0.9515 0.0563 0.3024
vn -0.9476 0.0560 0.3146
vn -0.9151 0.0924 0.3925
vn -0.9640 0.0930 0.2490
vn -0.9455 0.0567 0.3208
vn -0.9435 0.0569 0.3265
vn -0.9137 0.1394 0.3817
vn -0.9273 0.1866 0.3246
vn -0.9411 0.1473 0.3042
vn -0.9356 0.0627 0.3474
vn -0.9396 0.0675 0.3354
vn -0.9305 0.0709 0.3593
vn -0.9296 0.0686 0.3622
vn -0.9082 0.0638 0.4137
vn -0.8935 0.0814 0.4416
vn -0.8849 0.1763 0.4312
vn -0.8490 0.1897 0.4932
vn -0.8227 0.2505 0.5103
vn -0.7739 0.2532 0.5805
vn -0.7475 0.3391 0.5712
vn -0.7705 0.3584 0.5271
vn -0.7709 0.3958 0.4991
vn -0.7290 0.4407 0.5237
vn -0.6955 0.4306 0.5752
vn -0.6284 0.5042 0.5923
vn -0.6234 0.5591 0.5466
vn -0.5853 0.5914 0.5547
vn -0.5985 0.6592 0.4552
vn -0.6115 0.6598 0.4367
vn -0.6619 0.6237 0.4158
vn -0.6617 0.6236 0.4161
vn -0.6812 0.6177 0.3929
vn -0.7395 0.5465 0.3931
vn -0.7384 0.5202 0.4290
vn -0.6852 0.6228 0.3777
vn -0.7127 0.6088 0.3484
vn -0.6322 0.7025 0.3268
vn -0.6108 0.6834 0.3999
vn -0.6799 0.6520 0.3357
vn -0.5987 0.7095 0.3718
vn -0.5875 0.7007 0.4047
vn -0.5929 0.6992 0.3995
vn -0.5808 0.6895 0.4328
vn -0.6128 0.7069 0.3532
vn -0.6052 0.6944 0.3893
vn -0.6137 0.6931 0.3780
vn -0.5769 0.5920 0.5627
vn -0.6727 0.5709 0.4707
vn -0.6957 0.4311 0.5746
vn -0.7310 0.5191 0.4430
vn -0.8051 0.4008 0.4373
vn -0.8455 0.3145 0.4315
vn -0.8586 0.3072 0.4105
vn -0.7378 0.3429 0.5814
vn -0.7738 0.2529 0.5808
vn -0.7995 0.1617 0.5785
vn -0.7985 0.1608 0.5802
vn -0.8097 0.0693 0.5827
vn -0.8073 0.0708 0.5859
vn -0.8329 0.0852 0.5469
vn -0.8318 0.3045 0.4640
vn -0.8215 0.1570 0.5482
vn -0.8876 0.1796 0.4242
vn -0.8671 0.0643 0.4939
vn -0.9441 0.0579 0.3247
vn -0.9005 0.2607 0.3480
vn -0.8511 0.4004 0.3396
vn -0.8497 0.4002 0.3433
vn -0.8359 0.4088 0.3662
vn -0.8509 0.3363 0.4035
vn -0.9303 0.1816 0.3186
vn -0.9185 0.1858 0.3492
vn -0.8740 0.3364 0.3506
vn -0.8806 0.2545 0.3996
vn -0.8357 0.4085 0.3671
vn -0.7760 0.4908 0.3961
vn -0.7022 0.5626 0.4363
vn -0.6344 0.6810 0.3657
vn -0.6436 0.6291 0.4359
vn -0.7653 0.5187 0.3813
vn -0.6957 0.6024 0.3914
vn -0.7311 0.5448 0.4108
vn -0.8101 0.4422 0.3849
vn -0.8461 0.3967 0.3561
vn -0.9203 0.2690 0.2841
vn -0.8601 0.3088 0.4060
vn -0.9075 0.1709 0.3836
vn -0.9148 0.1886 0.3571
vn -0.9427 -0.0569 0.3287
vn -0.9321 -0.0508 0.3587
vn -0.9282 -0.0555 0.3678
vn -0.9099 -0.0395 0.4129
vn -0.8956 -0.0478 0.4423
vn -0.8895 -0.1288 0.4384
vn -0.8562 -0.1382 0.4979
vn -0.8436 -0.1219 0.5229
vn -0.8523 -0.0336 0.5219
vn -0.8083 -0.0182 0.5885
vn -0.8090 -0.0191 0.5875
vn -0.7980 -0.1089 0.5927
vn -0.8042 -0.1057 0.5849
vn -0.7860 -0.1874 0.5892
vn -0.7935 -0.1995 0.5750
vn -0.7653 -0.2835 0.5779
vn -0.7843 -0.2761 0.5555
vn -0.8124 -0.2984 0.5010
vn -0.8305 -0.3280 0.4502
vn -0.8480 -0.3272 0.4169
vn -0.8709 -0.2561 0.4195
vn -0.8898 -0.2515 0.3808
vn -0.8992 -0.2687 0.3453
vn -0.8727 -0.3551 0.3352
vn -0.8780 -0.3704 0.3030
vn -0.8883 -0.3702 0.2719
vn -0.8887 -0.3720 0.2679
vn -0.8828 -0.3701 0.2892
vn -0.9195 -0.2840 0.2718
vn -0.9169 -0.2828 0.2815
vn -0.9192 -0.2941 0.2618
vn -0.8829 -0.3930 0.2568
vn -0.8838 -0.4063 0.2319
vn -0.8799 -0.4043 0.2495
vn -0.9168 -0.3023 0.2609
vn -0.9135 -0.3008 0.2740
vn -0.9406 -0.1862 0.2837
vn -0.9421 -0.1869 0.2784
vn -0.9567 -0.0613 0.2846
vn -0.9650 -0.0647 0.2541
vn -0.9657 -0.0664 0.2511
vn -0.9701 -0.0686 0.2330
vn -0.9781 -0.0933 0.1862
vn -0.9455 -0.0727 0.3173
vn -0.9635 -0.1582 0.2161
vn -0.9295 -0.2091 0.3037
vn -0.9500 -0.2263 0.2151
vn -0.9134 -0.3201 0.2514
vn -0.9146 -0.3206 0.2463
vn -0.8699 -0.4297 0.2422
vn -0.8728 -0.4310 0.2288
vn -0.8726 -0.4214 0.2471
vn -0.9143 -0.3150 0.2546
vn -0.9129 -0.3067 0.2694
vn -0.8764 -0.4233 0.2295
vn -0.8760 -0.4128 0.2496
vn -0.8701 -0.4354 0.2312
vn -0.8687 -0.4350 0.2370
vn -0.8688 -0.4374 0.2319
vn -0.8689 -0.4374 0.2317
vn -0.8689 -0.4375 0.2316
vn -0.8704 -0.4377 0.2254
vn -0.9222 -0.3100 0.2313
vn -0.9255 -0.3093 0.2184
vn -0.9466 -0.1820 0.2662
vn -0.9614 -0.1714 0.2154
vn -0.9578 -0.1644 0.2359
vn -0.9338 -0.3051 0.1866
vn -0.9265 -0.2879 0.2424
vn -0.9524 -0.2667 0.1479
vn -0.9497 -0.2523 0.1853
vn -0.8904 -0.3945 0.2271
vn -0.8911 -0.4086 0.1975
vn -0.8926 -0.4093 0.1888
vn -0.8924 -0.4153 0.1765
vn -0.9442 -0.2765 0.1790
vn -0.9417 -0.2517 0.2231
vn -0.9729 -0.1420 0.1826
vn -0.9654 -0.0948 0.2428
vn -0.9840 -0.1097 0.1406
vn -0.9798 -0.0248 0.1985
vn -0.9795 -0.0246 0.1999
vn -0.9670 -0.0442 0.2509
vn -0.9811 -0.0207 0.1925
vn -0.9833 -0.0220 0.1808
vn -0.9825 -0.0183 0.1854
vn -0.9675 -0.1410 0.2100
vn -0.9030 -0.4042 0.1458
vn -0.8764 -0.4327 0.2115
vn -0.8741 -0.4314 0.2232
vn -0.8738 -0.4359 0.2154
vn -0.9728 -0.1482 0.1780
vn -0.9811 -0.0501 0.1867
vn -0.9782 -0.0400 0.2037
vn -0.9772 -0.0392 0.2087
vn -0.9738 -0.0434 0.2232
vn -0.9626 -0.1977 0.1854
vn -0.9256 -0.3096 0.2177
vn -0.9210 -0.3035 0.2442
vn -0.8703 -0.4355 0.2300
vn -0.9193 -0.3033 0.2506
vn -0.9138 -0.3148 0.2566
vn -0.9491 -0.2012 0.2423
vn -0.9128 -0.3161 0.2587
vn -0.9226 -0.3155 0.2218
vn -0.9555 -0.1541 0.2515
vn -0.9747 -0.0445 0.2188
vn -0.9456 -0.1992 0.2573
vn -0.9467 -0.1917 0.2589
vn -0.9593 -0.0674 0.2741
vn -0.9526 -0.0647 0.2971
vn -0.9542 -0.0685 0.2911
vn -0.9507 -0.0669 0.3028
vn -0.9356 -0.1670 0.3110
vn -0.9410 -0.1830 0.2847
vn -0.9508 -0.0672 0.3024
vn -0.9486 -0.0655 0.3095
vn -0.9462 -0.0682 0.3162
vn -0.9502 -0.1873 0.2492
vn -0.9385 -0.1858 0.2911
vn -0.9307 -0.1647 0.3267
vn -0.9364 -0.1651 0.3096
vn -0.9247 -0.2656 0.2728
vn -0.9292 -0.1505 0.3376
vn -0.9306 -0.1501 0.3338
vn -0.9529 -0.0728 0.2944
vn -0.9470 -0.0593 0.3157
vn -0.9431 -0.1901 0.2728
vn -0.9394 -0.1823 0.2904
vn -0.9148 -0.3076 0.2619
vn -0.8804 -0.4151 0.2292
vn -0.9148 -0.2923 0.2787
vn -0.9433 -0.1686 0.2859
vn -0.9145 -0.2530 0.3156
vn -0.8859 -0.3944 0.2442
vn -0.9133 -0.2712 0.3038
vn -0.9109 -0.2658 0.3156
vn -0.8619 -0.3559 0.3612
vn -0.8382 -0.2172 0.5003
vn -0.8400 -0.2166 0.4975
vn -0.9082 -0.1518 0.3899
vn -0.8686 -0.0263 0.4948
vn -0.9264 -0.1434 0.3481
vn -0.9432 -0.0581 0.3272
vn -0.4099 0.7425 0.5298
vn -0.4293 0.7843 0.4480
vn -0.4482 0.7832 0.4310
vn -0.5091 0.7287 0.4581
vn -0.4809 0.6672 0.5689
vn -0.5066 0.7286 0.4609
vn -0.5048 0.7629 0.4039
vn -0.5163 0.7654 0.3842
vn -0.5120 0.7936 0.3289
vn -0.4112 0.8358 0.3639
vn -0.4161 0.8381 0.3528
vn -0.3558 0.8511 0.3862
vn -0.3105 0.8970 0.3147
vn -0.3045 0.8887 0.3429
vn -0.2500 0.9209 0.2990
vn -0.2415 0.8930 0.3797
vn -0.2884 0.8948 0.3408
vn -0.2664 0.8601 0.4351
vn -0.2258 0.8863 0.4043
vn -0.2156 0.8543 0.4729
vn -0.1757 0.8797 0.4419
vn -0.1642 0.8324 0.5292
vn -0.2185 0.8413 0.4945
vn -0.2472 0.8166 0.5216
vn -0.3161 0.8194 0.4781
vn -0.3435 0.7898 0.5081
vn -0.3569 0.8265 0.4354
vn -0.3086 0.8245 0.4744
vn -0.4130 0.7791 0.4715
vn -0.4231 0.8203 0.3848
vn -0.3865 0.8199 0.4223
vn -0.3929 0.8462 0.3598
vn -0.4032 0.8467 0.3471
vn -0.4930 0.7794 0.3867
vn -0.5001 0.7795 0.3771
vn -0.4935 0.7655 0.4128
vn -0.4967 0.7650 0.4100
vn -0.4858 0.7561 0.4386
vn -0.4896 0.7484 0.4474
vn -0.4880 0.7475 0.4507
vn -0.4937 0.7356 0.4638
vn -0.4994 0.7432 0.4454
vn -0.5057 0.7281 0.4627
vn -0.5158 0.7434 0.4258
vn -0.5129 0.7518 0.4145
vn -0.5022 0.7319 0.4606
vn -0.4374 0.7866 0.4359
vn -0.4392 0.7774 0.4503
vn -0.4504 0.7936 0.4091
vn -0.3548 0.8311 0.4282
vn -0.3363 0.8539 0.3971
vn -0.2748 0.8462 0.4565
vn -0.2775 0.8569 0.4344
vn -0.3264 0.8216 0.4674
vn -0.3261 0.8166 0.4763
vn -0.2683 0.8008 0.5355
vn -0.2764 0.8342 0.4772
vn -0.2220 0.8366 0.5008
vn -0.1752 0.8255 0.5365
vn -0.1822 0.8529 0.4892
vn -0.1312 0.8431 0.5215
vn -0.1110 0.8575 0.5024
vn -0.0805 0.8511 0.5188
vn -0.0833 0.8570 0.5085
vn -0.0388 0.8607 0.5077
vn -0.0389 0.8553 0.5166
vn -0.0270 0.8613 0.5074
vn -0.0064 0.8572 0.5149
vn -0.0031 0.8634 0.5046
vn -0.0030 0.8633 0.5047
vn -0.0011 0.8774 0.4798
vn -0.0060 0.8807 0.4736
vn -0.0341 0.8755 0.4821
vn -0.0338 0.8620 0.5057
vn -0.0584 0.8523 0.5197
vn -0.0760 0.8593 0.5058
vn -0.0782 0.8724 0.4826
vn -0.1080 0.8817 0.4592
vn -0.1410 0.8606 0.4893
vn -0.1869 0.8712 0.4540
vn -0.1836 0.8604 0.4753
vn -0.1568 0.8827 0.4430
vn -0.1704 0.9016 0.3975
vn -0.2361 0.8881 0.3943
vn -0.2664 0.8992 0.3470
vn -0.2666 0.8968 0.3531
vn -0.3049 0.9095 0.2824
vn -0.4034 0.8712 0.2798
vn -0.4120 0.8755 0.2523
vn -0.5131 0.8317 0.2119
vn -0.5209 0.8372 0.1669
vn -0.6073 0.7891 0.0921
vn -0.5992 0.7811 0.1757
vn -0.5226 0.8498 0.0691
vn -0.5233 0.8508 0.0484
vn -0.5648 0.8251 -0.0110
vn -0.6334 0.7717 0.0575
vn -0.6262 0.7767 0.0672
vn -0.6282 0.7776 0.0267
vn -0.6197 0.7848 0.0122
vn -0.5624 0.8245 0.0623
vn -0.5111 0.8593 -0.0204
vn -0.4288 0.9024 0.0423
vn -0.3924 0.9186 -0.0468
vn -0.2762 0.9590 -0.0639
vn -0.2466 0.9691 -0.0095
vn -0.2521 0.9635 -0.0897
vn -0.1711 0.9841 -0.0475
vn -0.1537 0.9843 -0.0871
vn -0.1497 0.9875 -0.0500
vn -0.0983 0.9908 -0.0931
vn -0.0964 0.9913 -0.0893
vn -0.0518 0.9954 -0.0803
vn -0.0456 0.9947 -0.0922
vn -0.0106 0.9961 -0.0875
vn -0.0101 0.9962 -0.0865
vn -0.0124 0.9978 -0.0653
vn -0.0342 0.9981 -0.0522
vn -0.0414 0.9991 0.0029
vn -0.0920 0.9956 0.0154
vn -0.1060 0.9906 0.0866
vn -0.1659 0.9823 0.0871
vn -0.2072 0.9619 0.1781
vn -0.2072 0.9617 0.1795
vn -0.1745 0.9555 0.2377
vn -0.1114 0.9656 0.2349
vn -0.0824 0.9809 0.1761
vn -0.0446 0.9776 0.2058
vn -0.0374 0.9804 0.1933
vn -0.0379 0.9928 0.1138
vn -0.0063 0.9938 0.1110
vn 0.0002 0.9954 0.0957
vn 0.0138 0.9951 0.0979
vn 0.0110 0.9957 0.0925
vn 0.0153 0.9813 0.1919
vn 0.0161 0.9816 0.1903
vn 0.0175 0.9810 0.1932
vn 0.0219 0.9579 0.2864
vn 0.0140 0.9546 0.2976
vn 0.0112 0.9576 0.2879
vn 0.0119 0.9294 0.3689
vn 0.0102 0.9271 0.3746
vn 0.0049 0.9300 0.3674
vn 0.0142 0.9018 0.4319
vn 0.0129 0.8991 0.4375
vn 0.0067 0.9024 0.4307
vn 0.0154 0.8792 0.4763
vn -0.0063 0.9259 0.3777
vn -0.0112 0.9037 0.4281
vn -0.0464 0.8985 0.4366
vn -0.0555 0.9049 0.4219
vn -0.0830 0.9033 0.4209
vn -0.0956 0.9170 0.3872
vn -0.0889 0.9278 0.3623
vn -0.0597 0.9338 0.3527
vn -0.0599 0.9488 0.3101
vn -0.1054 0.9385 0.3287
vn -0.1582 0.9236 0.3491
vn -0.0481 0.9280 0.3695
vn -0.0199 0.9341 0.3564
vn -0.0182 0.9544 0.2981
vn -0.0074 0.9580 0.2865
vn -0.0006 0.9805 0.1965
vn 0.0156 0.9955 0.0935
vn 0.0196 0.9998 0.0022
vn 0.0219 0.9997 0.0093
vn 0.0266 0.9996 0.0021
vn 0.0232 0.9977 -0.0630
vn 0.0189 0.9975 -0.0687
vn 0.0179 0.9978 -0.0639
vn 0.0147 0.9954 -0.0947
vn -0.0022 1.0000 0.0026
vn -0.0163 0.9993 0.0337
vn -0.0413 0.9934 0.1074
vn -0.0029 0.9812 0.1928
vn -0.0373 0.9591 0.2807
vn -0.0957 0.9514 0.2927
vn -0.2859 0.9505 0.1215
vn -0.3171 0.9339 0.1652
vn -0.3184 0.9274 0.1964
vn -0.3746 0.9227 0.0904
vn -0.3747 0.9227 0.0906
vn -0.3922 0.9181 0.0569
vn -0.3888 0.9212 0.0183
vn -0.4105 0.9009 0.1408
vn -0.2947 0.9529 0.0719
vn -0.2775 0.9606 0.0155
vn -0.1809 0.9831 0.0266
vn -0.0831 0.9878 0.1320
vn -0.1051 0.9943 -0.0185
vn -0.0972 0.9936 -0.0580
vn -0.0284 0.9990 0.0333
vn -0.0068 0.9983 -0.0573
vn 0.0141 0.9953 -0.0957
vn 0.0144 0.9952 -0.0969
vn -0.0517 0.9955 -0.0792
vn -0.1016 0.9923 -0.0704
vn -0.1654 0.9860 -0.0208
vn -0.2831 0.9591 -0.0057
vn -0.1753 0.9810 -0.0833
vn -0.4308 0.9005 -0.0589
vn -0.4758 0.8690 0.1356
vn -0.6294 0.7680 0.1186
vn -0.6296 0.7579 0.1707
vn -0.6214 0.7491 0.2295
vn -0.6179 0.7545 0.2212
vn -0.6131 0.7429 0.2687
vn -0.6041 0.7453 0.2823
vn -0.5310 0.8038 0.2680
vn -0.5325 0.8012 0.2730
vn -0.5222 0.7915 0.3174
vn -0.4830 0.7938 0.3697
vn -0.4254 0.8500 0.3106
vn -0.5910 0.7329 0.3370
vn -0.5887 0.7449 0.3140
vn -0.5662 0.7356 0.3720
vn -0.5631 0.7455 0.3566
vn -0.4791 0.8740 0.0808
vn -0.5327 0.8013 0.2722
vn -0.3982 0.8942 0.2045
vn -0.4207 0.8437 0.3335
vn -0.2993 0.9251 0.2335
vn -0.1826 0.9312 0.3154
vn -0.1560 0.9172 0.3667
vn -0.1061 0.8775 0.4677
vn -0.0482 0.8834 0.4662
vn -0.0036 0.8983 0.4394
vn 0.0149 0.8781 0.4782
vn 0.0120 0.8797 0.4754
vn 0.0169 0.8637 0.5037
vn 0.0166 0.8633 0.5045
vn 0.0149 0.8643 0.5028
vn 0.0166 0.8569 0.5152
vn 0.0178 0.8587 0.5122
vn 0.0200 0.8575 0.5141
vn 0.0183 0.8624 0.5059
vn 0.0233 0.8662 0.4992
vn 0.0303 0.8613 0.5073
vn 0.0275 0.8799 0.4744
vn 0.0206 0.8769 0.4802
vn 0.0193 0.8791 0.4762
vn 0.0303 0.9066 0.4208
vn 0.0222 0.9014 0.4324
vn 0.0153 0.9072 0.4203
vn 0.0192 0.9355 0.3529
vn 0.0211 0.9371 0.3485
vn 0.0268 0.9345 0.3550
vn 0.0204 0.9557 0.2936
vn 0.0252 0.9578 0.2862
vn 0.0268 0.9571 0.2886
vn 0.0249 0.9680 0.2497
vn 0.0126 0.9647 0.2631
vn 0.0051 0.9700 0.2429
vn 0.0050 0.9719 0.2352
vn -0.0038 0.9683 0.2497
vn -0.0186 0.9736 0.2277
vn -0.0116 0.9669 0.2551
vn 0.0016 0.9713 0.2378
vn 0.0117 0.9685 0.2486
vn -0.0450 0.9608 0.2737
vn -0.0354 0.9572 0.2871
vn -0.0874 0.9462 0.3116
vn -0.0615 0.9399 0.3358
vn -0.1159 0.9336 0.3392
vn -0.1397 0.9196 0.3672
vn -0.1571 0.9203 0.3583
vn -0.2032 0.8896 0.4091
vn -0.2236 0.8902 0.3968
vn -0.2746 0.8464 0.4563
vn -0.3162 0.8443 0.4327
vn -0.3476 0.7859 0.5114
vn -0.3211 0.8524 0.4127
vn -0.2468 0.9003 0.3586
vn -0.2418 0.9207 0.3064
vn -0.1721 0.9311 0.3216
vn -0.1421 0.9490 0.2815
vn -0.1376 0.9350 0.3268
vn -0.1678 0.9395 0.2987
vn -0.1644 0.9133 0.3726
vn -0.1243 0.9308 0.3437
vn -0.0926 0.9246 0.3695
vn -0.0863 0.9282 0.3620
vn -0.0421 0.9331 0.3571
vn -0.0357 0.9128 0.4068
vn -0.0420 0.9082 0.4164
vn -0.0299 0.8899 0.4551
vn -0.0909 0.8843 0.4579
vn -0.0838 0.9077 0.4113
vn -0.1020 0.8894 0.4457
vn -0.0343 0.8867 0.4611
vn -0.0045 0.8801 0.4747
vn -0.0133 0.9042 0.4270
vn -0.0199 0.9389 0.3436
vn -0.0379 0.9320 0.3605
vn -0.0467 0.9486 0.3129
vn 0.0022 0.9506 0.3105
vn -0.0388 0.9542 0.2966
vn -0.0480 0.9636 0.2629
vn -0.0270 0.9613 0.2743
vn -0.0256 0.9647 0.2623
vn -0.0674 0.9620 0.2647
vn -0.0623 0.9574 0.2820
vn -0.0861 0.9589 0.2703
vn -0.0864 0.9476 0.3075
vn -0.0846 0.9080 0.4104
vn -0.1213 0.8942 0.4309
vn -0.1435 0.9006 0.4103
vn -0.0981 0.9502 0.2959
vn -0.1174 0.9471 0.2987
vn -0.1178 0.9506 0.2871
vn -0.1723 0.9314 0.3205
vn -0.2260 0.8984 0.3765
vn -0.1598 0.9311 0.3280
vn -0.1206 0.9510 0.2847
vn -0.0712 0.9595 0.2724
vn -0.0301 0.9664 0.2552
vn -0.0049 0.9667 0.2559
vn -0.0095 0.9561 0.2930
vn -0.0087 0.9346 0.3556
vn -0.0118 0.9051 0.4250
vn -0.0036 0.8806 0.4738
vn -0.0049 0.8629 0.5053
vn -0.0054 0.8632 0.5049
vn -0.0073 0.8582 0.5133
vn -0.0263 0.8583 0.5125
vn -0.0314 0.8565 0.5152
vn -0.0949 0.8466 0.5237
vn -0.0603 0.8634 0.5009
vn -0.1071 0.8421 0.5286
vn -0.1384 0.8510 0.5066
vn -0.2242 0.8458 0.4842
vn -0.2357 0.8726 0.4277
vn -0.3360 0.8533 0.3988
vn -0.4833 0.7983 0.3593
vn -0.3535 0.8279 0.4355
vn -0.3999 0.7703 0.4967
vn -0.5530 0.7336 0.3949
vn -0.3943 0.7914 0.4672
vn -0.3928 0.7894 0.4718
vn -0.4064 0.7647 0.5001
vn -0.4371 0.7543 0.4898
vn -0.4431 0.7800 0.4418
vn -0.4160 0.7826 0.4632
vn -0.3082 0.8006 0.5139
vn -0.2144 0.8273 0.5192
vn -0.1343 0.8548 0.5013
vn -0.1395 0.8712 0.4708
vn -0.2616 0.8599 0.4383
vn -0.1849 0.8796 0.4384
vn -0.3224 0.8632 0.3885
vn -0.3057 0.8791 0.3656
vn -0.1952 0.9182 0.3448
vn -0.2245 0.9180 0.3270
vn -0.3121 0.8888 0.3357
vn -0.2259 0.9142 0.3366
vn -0.4046 0.8481 0.3422
vn -0.4952 0.7910 0.3593
vn -0.4498 0.7847 0.4265
vn -0.3563 0.8517 0.3841
vn -0.4412 0.7528 0.4885
vn -0.5089 0.6695 0.5411
vn -0.1456 0.9555 -0.2565
vn -0.0620 0.9958 -0.0670
vn -0.0784 0.9951 -0.0609
vn -0.1199 0.9885 0.0917
vn -0.1281 0.9915 -0.0238
vn -0.1314 0.9906 -0.0385
vn -0.1728 0.9837 0.0499
vn -0.1725 0.9846 0.0282
vn -0.1834 0.9830 0.0025
vn -0.2106 0.9776 -0.0002
vn -0.1882 0.9790 -0.0780
vn -0.1229 0.9900 -0.0691
vn -0.1239 0.9896 -0.0734
vn -0.0018 0.9985 -0.0553
vn 0.0030 0.9993 -0.0366
vn -0.0009 0.9997 -0.0234
vn 0.0010 1.0000 0.0054
vn 0.0093 0.9997 0.0238
vn 0.1600 0.9868 -0.0233
vn 0.1615 0.9864 -0.0317
vn 0.2985 0.9541 -0.0255
vn 0.3076 0.9500 -0.0540
vn 0.3053 0.9443 -0.1228
vn 0.2997 0.9440 -0.1383
vn 0.2098 0.9650 -0.1571
vn 0.2021 0.9586 -0.2005
vn 0.2298 0.9314 -0.2824
vn 0.2049 0.9123 -0.3546
vn 0.1872 0.9371 -0.2946
vn 0.2848 0.8846 -0.3692
vn 0.2975 0.8907 -0.3439
vn 0.3509 0.8684 -0.3502
vn 0.3798 0.8829 -0.2760
vn 0.4009 0.8736 -0.2758
vn 0.4069 0.8361 -0.3678
vn 0.4146 0.8397 -0.3507
vn 0.4736 0.8181 -0.3262
vn 0.4933 0.7833 -0.3783
vn 0.4872 0.8369 -0.2494
vn 0.5030 0.8357 -0.2206
vn 0.5068 0.8512 -0.1365
vn 0.4560 0.8843 -0.1008
vn 0.4272 0.8908 -0.1551
vn 0.3903 0.9083 -0.1505
vn 0.4584 0.8851 -0.0811
vn 0.5198 0.8523 -0.0580
vn 0.5333 0.8459 -0.0082
vn 0.5307 0.8475 0.0056
vn 0.5419 0.8388 0.0522
vn 0.5415 0.8390 0.0541
vn 0.5490 0.8308 0.0912
vn 0.5497 0.8307 0.0882
vn 0.5552 0.8235 0.1162
vn 0.5559 0.8235 0.1135
vn 0.5617 0.8165 0.1335
vn 0.5597 0.8159 0.1449
vn 0.5372 0.8243 0.1787
vn 0.5463 0.8323 0.0941
vn 0.5697 0.8075 0.1526
vn 0.5695 0.8069 0.1566
vn 0.5736 0.8055 0.1484
vn 0.5739 0.8034 0.1585
vn 0.5772 0.8027 0.1501
vn 0.5772 0.8027 0.1500
vn 0.5791 0.8000 0.1571
vn 0.4797 0.8653 0.1452
vn 0.4811 0.8650 0.1425
vn 0.3819 0.9134 0.1413
vn 0.3697 0.9247 0.0912
vn 0.2800 0.9496 0.1409
vn 0.2788 0.9507 0.1357
vn 0.2829 0.9514 0.1218
vn 0.2851 0.9481 0.1409
vn 0.3083 0.9469 0.0914
vn 0.3065 0.9366 0.1696
vn 0.3823 0.9161 0.1207
vn 0.3812 0.9158 0.1264
vn 0.3710 0.9241 0.0916
vn 0.3681 0.9244 0.1004
vn 0.3698 0.9202 0.1285
vn 0.4092 0.9102 0.0633
vn 0.4052 0.9064 0.1196
vn 0.4704 0.8787 0.0811
vn 0.3874 0.9184 0.0806
vn 0.3091 0.9462 0.0952
vn 0.3076 0.9496 0.0598
vn 0.2903 0.9565 0.0289
vn 0.1946 0.9760 0.0978
vn 0.1892 0.9739 0.1253
vn 0.1715 0.9840 0.0480
vn 0.1665 0.9836 0.0699
vn 0.1746 0.9791 0.1044
vn 0.2652 0.9511 0.1584
vn 0.2685 0.9601 0.0780
vn 0.1719 0.9785 0.1140
vn 0.1702 0.9778 0.1220
vn 0.1798 0.9719 0.1521
vn 0.1784 0.9712 0.1579
vn 0.0370 0.9923 0.1184
vn 0.0333 0.9937 0.1069
vn -0.0834 0.9915 0.1001
vn -0.0783 0.9938 0.0787
vn -0.0696 0.9931 0.0942
vn -0.0643 0.9910 0.1177
vn 0.0399 0.9929 0.1122
vn 0.0475 0.9905 0.1288
vn 0.1605 0.9812 0.1071
vn -0.1430 0.9877 0.0641
vn -0.1177 0.9926 0.0302
vn -0.1277 0.9913 0.0308
vn -0.1281 0.9913 0.0318
vn -0.1278 0.9913 0.0306
vn -0.1346 0.9909 0.0056
vn -0.1347 0.9909 0.0069
vn -0.1438 0.9892 0.0294
vn -0.1433 0.9892 0.0309
vn -0.1442 0.9895 0.0074
vn -0.1554 0.9875 0.0279
vn -0.1695 0.9853 0.0236
vn -0.1830 0.9813 0.0597
vn -0.1899 0.9814 0.0280
vn -0.1546 0.9875 0.0303
vn -0.1546 0.9875 0.0302
vn -0.1639 0.9864 0.0088
vn -0.1639 0.9864 0.0081
vn -0.1729 0.9846 0.0271
vn -0.1727 0.9846 0.0282
vn -0.1730 0.9849 0.0069
vn -0.1839 0.9825 0.0311
vn -0.2112 0.9772 0.0227
vn -0.2076 0.9772 0.0444
vn -0.1492 0.9882 0.0334
vn -0.1512 0.9849 0.0844
vn -0.1347 0.9897 0.0476
vn -0.1416 0.9897 0.0212
vn -0.2087 0.9769 0.0468
vn -0.2148 0.9760 0.0348
vn -0.1840 0.9828 0.0142
vn -0.1850 0.9825 0.0209
vn -0.1855 0.9826 0.0114
vn -0.1856 0.9825 0.0135
vn -0.1856 0.9825 0.0133
vn -0.1844 0.9827 0.0164
vn -0.2167 0.9762 0.0025
vn -0.1392 0.9881 0.0651
vn -0.0118 0.9933 0.1150
vn -0.0156 0.9992 0.0378
vn -0.1180 0.9873 0.1068
vn -0.1365 0.9892 0.0530
vn -0.2085 0.9779 0.0162
vn -0.1849 0.9824 0.0260
vn -0.2032 0.9788 0.0262
vn -0.1965 0.9790 0.0541
vn -0.1118 0.9914 0.0674
vn -0.1073 0.9909 0.0817
vn 0.0276 0.9945 0.1009
vn 0.0422 0.9973 0.0593
vn -0.1547 0.9875 0.0314
vn -0.1686 0.9847 0.0444
vn -0.1425 0.9866 0.0790
vn -0.1027 0.9932 0.0548
vn 0.0397 0.9931 0.1099
vn 0.0315 0.9929 0.1146
vn 0.1717 0.9786 0.1134
vn 0.0485 0.9897 0.1348
vn 0.0304 0.9990 0.0337
vn 0.0309 0.9928 0.1158
vn 0.1735 0.9840 0.0404
vn 0.2915 0.9553 0.0495
vn 0.3088 0.9463 0.0961
vn 0.3879 0.9201 0.0535
vn 0.4024 0.9152 0.0222
vn 0.4023 0.9145 0.0418
vn 0.4600 0.8877 0.0198
vn 0.3867 0.9222 0.0026
vn 0.3941 0.9182 -0.0411
vn 0.4645 0.8833 0.0627
vn 0.4769 0.8702 0.1240
vn 0.3070 0.9482 0.0818
vn 0.4400 0.8836 0.1604
vn 0.2848 0.9514 0.1169
vn 0.4471 0.8908 0.0812
vn 0.3880 0.9106 0.1422
vn 0.4832 0.8668 0.1234
vn 0.2843 0.9512 0.1200
vn 0.3894 0.9107 0.1381
vn 0.3882 0.9130 0.1253
vn 0.4810 0.8653 0.1412
vn 0.1631 0.9820 0.0947
vn 0.1692 0.9760 0.1370
vn 0.3625 0.9148 0.1783
vn 0.4806 0.8659 0.1389
vn 0.4845 0.8649 0.1308
vn 0.4766 0.8658 0.1526
vn 0.4767 0.8729 0.1037
vn 0.4784 0.8699 0.1202
vn 0.4688 0.8789 0.0880
vn 0.4678 0.8824 0.0501
vn 0.4624 0.8866 0.0060
vn 0.4487 0.8926 -0.0435
vn 0.5247 0.8458 -0.0964
vn 0.4276 0.8773 -0.2179
vn 0.3706 0.9056 -0.2064
vn 0.3517 0.8657 -0.3561
vn 0.0719 0.9370 -0.3417
vn 0.0642 0.9314 -0.3583
vn -0.0142 0.9258 -0.3778
vn 0.2882 0.9155 -0.2808
vn 0.0723 0.9568 -0.2815
vn 0.0190 0.9839 -0.1777
vn 0.1558 0.9867 -0.0463
vn 0.3141 0.9266 -0.2068
vn 0.3838 0.9155 -0.1207
vn 0.3891 0.9196 -0.0535
vn 0.3063 0.9519 0.0051
vn 0.1757 0.9841 0.0270
vn 0.0048 0.9986 0.0535
vn -0.1423 0.9895 0.0239
vn -0.1441 0.9894 -0.0187
vn 0.1558 0.9867 -0.0465
vn 0.0264 0.9909 -0.1324
vn -0.1404 0.9901 -0.0087
vn -0.0833 0.9758 -0.2023
vn -0.0676 0.9859 -0.1532
vn -0.2127 0.9771 -0.0097
vn -0.1827 0.9832 0.0001
vn -0.1829 0.9818 -0.0517
vn -0.0792 0.9948 -0.0644
vn -0.0657 0.9635 -0.2594
vn -0.1442 0.9760 -0.1630
vn 0.8601 0.4269 -0.2792
vn 0.8567 0.4610 -0.2316
vn 0.8868 0.4527 -0.0926
vn 0.8831 0.4658 -0.0553
vn 0.8874 0.4610 0.0056
vn 0.8476 0.5217 0.0969
vn 0.8471 0.5211 0.1040
vn 0.9011 0.4179 0.1159
vn 0.9017 0.4114 0.1330
vn 0.9322 0.3408 0.1223
vn 0.9321 0.3404 0.1241
vn 0.9199 0.3574 0.1616
vn 0.9196 0.3573 0.1634
vn 0.8987 0.3852 0.2094
vn 0.9062 0.3833 0.1785
vn 0.9062 0.3834 0.1783
vn 0.9344 0.3155 0.1652
vn 0.9330 0.3171 0.1702
vn 0.9566 0.2277 0.1817
vn 0.9564 0.2276 0.1829
vn 0.9583 0.2252 0.1762
vn 0.9563 0.2241 0.1877
vn 0.9518 0.2294 0.2035
vn 0.9621 0.2311 0.1446
vn 0.9595 0.2075 0.1905
vn 0.9592 0.2073 0.1922
vn 0.9658 0.1978 0.1678
vn 0.9620 0.1937 0.1925
vn 0.9693 0.1847 0.1622
vn 0.9417 0.2889 0.1726
vn 0.9436 0.2983 0.1436
vn 0.9159 0.3683 0.1596
vn 0.9158 0.3696 0.1573
vn 0.8951 0.4231 0.1406
vn 0.8939 0.4231 0.1478
vn 0.8943 0.4192 0.1563
vn 0.8520 0.4857 0.1952
vn 0.8509 0.4960 0.1730
vn 0.7950 0.5812 0.1737
vn 0.7854 0.5873 0.1953
vn 0.7942 0.5960 0.1179
vn 0.8360 0.5219 0.1696
vn 0.7685 0.6169 0.1701
vn 0.6911 0.7090 0.1403
vn 0.6806 0.7147 0.1613
vn 0.6879 0.7072 0.1634
vn 0.7081 0.6964 0.1169
vn 0.6845 0.6786 0.2664
vn 0.6702 0.7245 0.1613
vn 0.6687 0.7245 0.1673
vn 0.6677 0.7276 0.1573
vn 0.6655 0.7280 0.1645
vn 0.6641 0.7325 0.1499
vn 0.6620 0.7328 0.1572
vn 0.6577 0.7406 0.1377
vn 0.6605 0.7412 0.1200
vn 0.6686 0.7361 0.1053
vn 0.6689 0.7374 0.0933
vn 0.6600 0.7415 0.1207
vn 0.6603 0.7444 0.0994
vn 0.7257 0.6881 -0.0003
vn 0.7534 0.6493 0.1041
vn 0.7228 0.6872 0.0729
vn 0.6328 0.7743 -0.0067
vn 0.6356 0.7719 -0.0127
vn 0.6231 0.7751 -0.1051
vn 0.6128 0.7880 -0.0596
vn 0.6003 0.7695 -0.2178
vn 0.5942 0.7701 -0.2321
vn 0.5835 0.7180 -0.3795
vn 0.5772 0.7177 -0.3895
vn 0.6583 0.6631 -0.3562
vn 0.7015 0.6734 -0.2332
vn 0.7886 0.5907 -0.1706
vn 0.7894 0.5915 -0.1645
vn 0.7445 0.6646 -0.0638
vn 0.6663 0.6259 -0.4055
vn 0.7515 0.5068 -0.4223
vn 0.7529 0.5110 -0.4147
vn 0.7959 0.3997 -0.4547
vn 0.6991 0.6808 -0.2184
vn 0.7127 0.6910 -0.1204
vn 0.7462 0.6655 0.0165
vn 0.6368 0.7693 0.0515
vn 0.7503 0.6506 0.1174
vn 0.7647 0.6075 0.2147
vn 0.8415 0.5276 0.1163
vn 0.8438 0.5178 0.1411
vn 0.8877 0.4320 0.1593
vn 0.8362 0.5231 0.1645
vn 0.8358 0.5213 0.1724
vn 0.8782 0.4375 0.1934
vn 0.8353 0.5216 0.1737
vn 0.7533 0.6365 0.1656
vn 0.8353 0.5194 0.1800
vn 0.8754 0.4440 0.1910
vn 0.8722 0.4430 0.2075
vn 0.8723 0.4516 0.1876
vn 0.8827 0.4479 0.1426
vn 0.8839 0.4315 0.1807
vn 0.9140 0.3727 0.1605
vn 0.9136 0.3694 0.1699
vn 0.9382 0.3071 0.1595
vn 0.9142 0.3691 0.1675
vn 0.9142 0.3684 0.1691
vn 0.9402 0.2998 0.1619
vn 0.9365 0.2988 0.1833
vn 0.9154 0.3688 0.1616
vn 0.9105 0.3749 0.1746
vn 0.9355 0.3114 0.1669
vn 0.8859 0.4308 0.1718
vn 0.8276 0.5277 0.1917
vn 0.8355 0.5288 0.1494
vn 0.8211 0.5512 0.1481
vn 0.7518 0.6341 0.1808
vn 0.8072 0.5425 0.2326
vn 0.7580 0.6326 0.1587
vn 0.8352 0.5194 0.1808
vn 0.7797 0.6161 0.1121
vn 0.7531 0.6353 0.1712
vn 0.7580 0.6342 0.1521
vn 0.7517 0.6353 0.1771
vn 0.7497 0.6347 0.1876
vn 0.7509 0.6421 0.1543
vn 0.7895 0.5723 0.2217
vn 0.8422 0.4982 0.2062
vn 0.8677 0.4831 0.1166
vn 0.8862 0.4220 0.1912
vn 0.8832 0.4402 0.1620
vn 0.9150 0.3693 0.1626
vn 0.9372 0.3027 0.1733
vn 0.9371 0.3029 0.1735
vn 0.9348 0.3103 0.1727
vn 0.9587 0.2245 0.1746
vn 0.9617 0.2249 0.1567
vn 0.9487 0.2872 0.1318
vn 0.9610 0.2264 0.1588
vn 0.9662 0.2228 0.1294
vn 0.9664 0.2272 0.1203
vn 0.9555 0.2714 0.1156
vn 0.9550 0.2711 0.1207
vn 0.9729 0.2176 0.0783
vn 0.9780 0.2081 -0.0134
vn 0.9805 0.1949 0.0241
vn 0.9602 0.2788 0.0149
vn 0.9571 0.2790 -0.0785
vn 0.9546 0.2836 -0.0909
vn 0.9354 0.3497 -0.0519
vn 0.9325 0.3602 0.0258
vn 0.9359 0.3489 0.0485
vn 0.9435 0.2476 -0.2201
vn 0.9570 0.1811 -0.2264
vn 0.9714 0.1728 -0.1628
vn 0.9222 0.1259 -0.3658
vn 0.8744 0.1317 -0.4671
vn 0.8216 0.0690 -0.5659
vn 0.8659 0.1826 -0.4657
vn 0.8594 0.1848 -0.4767
vn 0.8385 0.2927 -0.4596
vn 0.8402 0.2951 -0.4550
vn 0.9078 0.2909 -0.3021
vn 0.9198 0.2579 -0.2957
vn 0.9562 0.2893 0.0434
vn 0.9764 0.1967 -0.0896
vn 0.9533 0.2843 0.1020
vn 0.9729 0.2180 0.0775
vn 0.9332 0.3137 0.1752
vn 0.9113 0.3800 0.1585
vn 0.8795 0.4406 0.1800
vn 0.8860 0.4302 0.1731
vn 0.9301 0.3152 0.1887
vn 0.9472 0.2858 0.1451
vn 0.9309 0.3423 0.1278
vn 0.9042 0.4109 0.1163
vn 0.8410 0.5274 0.1209
vn 0.8303 0.5569 0.0224
vn 0.9077 0.4134 0.0725
vn 0.8377 0.5445 -0.0424
vn 0.9208 0.3735 -0.1123
vn 0.8060 0.5268 -0.2699
vn 0.8209 0.3912 -0.4160
vn 0.9116 0.3622 -0.1943
vt 326.241333 647.497070
vt 325.069580 620.982056
vt 340.921112 650.721558
vt 338.449432 680.665344
vt 327.488342 690.438477
vt 342.082855 724.360229
vt 328.182770 730.923340
vt 328.439148 770.836487
vt 351.987122 770.314880
vt 366.043396 737.488342
vt 354.634949 688.848816
vt 379.134125 687.542786
vt 358.593384 649.545166
vt 341.447296 614.338501
vt 359.361023 610.803345
vt 342.034790 577.057678
vt 322.225372 574.421692
vt 325.844513 555.572693
vt 320.640442 556.047729
vt 338.891998 554.381165
vt 345.075806 553.875793
vt 360.091187 574.616699
vt 356.489471 552.968445
vt 362.606750 552.539673
vt 375.245087 568.387146
vt 378.759033 604.600830
vt 373.782654 640.715210
vt 390.924316 646.676147
vt 399.398773 679.514832
vt 400.069702 715.467773
vt 412.017639 693.630798
vt 418.092194 728.241577
vt 403.472870 764.256958
vt 386.273987 736.907288
vt 380.480103 778.329895
vt 394.294403 811.037354
vt 380.621521 812.761047
vt 364.367981 811.933350
vt 382.273010 850.511780
vt 363.625549 852.229004
vt 344.746490 853.783142
vt 343.548035 803.570129
vt 328.003448 811.513733
vt 326.027344 855.227173
vt 365.987640 774.418579
vt 400.581024 848.586121
vt 416.910675 811.918823
vt 418.466949 846.495850
vt 436.159119 844.112000
vt 439.694611 800.358643
vt 453.602020 841.467285
vt 459.410095 802.425781
vt 470.849457 838.648376
vt 477.681122 801.579041
vt 487.896423 835.792419
vt 493.488068 805.589294
vt 489.548492 761.451965
vt 509.154785 796.440918
vt 504.760925 832.884216
vt 521.374390 829.978088
vt 533.108826 791.425476
vt 537.473999 827.085632
vt 514.246277 757.407654
vt 528.864075 755.184448
vt 524.931946 719.330017
vt 501.644196 721.625732
vt 485.248108 717.798157
vt 470.459381 726.425598
vt 475.224304 687.797302
vt 490.996399 692.916992
vt 488.575165 656.863037
vt 506.695343 681.926697
vt 502.874817 653.050842
vt 517.936157 648.132812
vt 521.474915 683.638977
vt 499.798859 627.301880
vt 514.605896 613.485535
vt 494.563049 581.133057
vt 511.311340 580.086060
vt 503.216614 547.117554
vt 492.465332 547.481750
vt 481.716461 547.731323
vt 474.299561 573.013855
vt 476.165710 547.734192
vt 465.083221 548.021545
vt 458.118958 570.831543
vt 459.389496 548.103027
vt 453.714661 548.255859
vt 444.177734 566.685547
vt 442.375061 548.628357
vt 436.638489 548.814758
vt 428.503845 573.943481
vt 425.299225 549.267456
vt 414.040924 549.742065
vt 409.170929 579.972473
vt 408.174133 549.943787
vt 396.900299 550.505737
vt 390.799408 574.197632
vt 390.981964 550.776062
vt 384.986847 551.103699
vt 373.787140 551.769653
vt 399.214020 612.255798
vt 411.482697 614.431335
vt 424.095673 613.385742
vt 412.894348 650.736511
vt 435.685364 650.758118
vt 428.334015 691.725769
vt 452.295074 690.153992
vt 438.024750 735.726868
vt 425.703400 768.025513
vt 438.024017 767.852539
vt 449.323486 767.996033
vt 455.145935 736.962830
vt 466.705719 765.929871
vt 449.829926 648.534302
vt 446.299988 608.970520
vt 465.361115 643.966064
vt 464.915771 602.171875
vt 481.075531 613.835510
vt 508.371948 547.156250
vt 1703.710205 1533.053711
vt 1722.109253 1529.327637
vt 1704.278931 1563.971924
vt 1729.070190 1560.969727
vt 1719.481079 1591.928955
vt 1741.619873 1600.077271
vt 1720.245483 1636.873413
vt 1703.739380 1597.741943
vt 1702.324585 1629.376343
vt 1699.722168 1676.625977
vt 1719.342773 1676.808228
vt 1739.055298 1676.504395
vt 1743.145996 1644.403564
vt 1758.611694 1675.514404
vt 1755.193848 1632.345581
vt 1761.271240 1606.324463
vt 1759.811157 1571.327393
vt 1777.403687 1592.379517
vt 1770.108887 1635.674438
vt 1788.861450 1634.010498
vt 1777.520752 1673.897949
vt 1795.985474 1671.818115
vt 1811.658569 1636.578247
vt 1798.845947 1593.756836
vt 1818.625732 1591.748901
vt 1832.526733 1627.250732
vt 1831.955811 1666.589966
vt 1849.720581 1663.677124
vt 1846.692871 1617.482056
vt 1861.004028 1623.235718
vt 1867.425293 1660.813232
vt 1878.588135 1621.429321
vt 1869.334717 1590.188843
vt 1853.779663 1585.295288
vt 1866.667480 1544.517578
vt 1887.334351 1574.847412
vt 1887.250854 1533.741333
vt 1881.754028 1505.929688
vt 1898.548462 1504.203247
vt 1902.862305 1538.201416
vt 1915.070679 1502.433472
vt 1921.499878 1538.812500
vt 1907.973511 1574.357544
vt 1900.347534 1619.716553
vt 1885.238403 1657.817627
vt 1903.087646 1654.643677
vt 1920.825684 1651.489014
vt 1918.144531 1600.974854
vt 1933.258301 1611.642212
vt 1938.777588 1648.599731
vt 1927.334229 1575.329224
vt 1918.658813 1572.463135
vt 1864.726440 1507.712402
vt 1847.541626 1509.594604
vt 1843.126587 1548.233276
vt 1830.164673 1511.545898
vt 1824.629639 1550.987793
vt 1836.571655 1586.998535
vt 1806.491577 1553.441528
vt 1812.648926 1513.712891
vt 1794.979126 1516.184204
vt 1788.195679 1554.353027
vt 1772.608521 1551.727051
vt 1777.180664 1518.989746
vt 1759.061401 1522.102661
vt 1746.155640 1555.838013
vt 1740.677734 1525.596924
vt 1814.035645 1669.229248
vt 352.304810 1475.416504
vt 348.411621 1504.196899
vt 336.737823 1476.250854
vt 359.554016 1445.602783
vt 341.915405 1434.745850
vt 314.869629 1466.468506
vt 322.547180 1431.226074
vt 336.970917 1403.811401
vt 354.791168 1406.675415
vt 368.087036 1412.355347
vt 372.942078 1395.688599
vt 353.357086 1385.358765
vt 366.554169 1360.792603
vt 383.724884 1359.701660
vt 377.256714 1332.863892
vt 391.539276 1324.087524
vt 377.463379 1291.563965
vt 393.785797 1285.969116
vt 360.571960 1328.977417
vt 362.159698 1294.676758
vt 344.609833 1315.683960
vt 346.564362 1298.181885
vt 330.034912 1300.994385
vt 327.523071 1327.867554
vt 337.931915 1343.761353
vt 317.415894 1353.377197
vt 308.365112 1329.622070
vt 295.678101 1363.255249
vt 280.325043 1348.938843
vt 293.479156 1310.161499
vt 312.807373 1306.460083
vt 259.822083 1339.006226
vt 272.171814 1317.019897
vt 249.863892 1323.636353
vt 242.139969 1338.734741
vt 227.100235 1330.679932
vt 232.839508 1363.398560
vt 213.716034 1363.806274
vt 210.576874 1396.725586
vt 195.201782 1390.000366
vt 205.166183 1338.097900
vt 179.161850 1383.627686
vt 184.889526 1343.798096
vt 160.887451 1379.034180
vt 165.889038 1348.546753
vt 149.389771 1354.801758
vt 146.735580 1384.122681
vt 142.148849 1411.250977
vt 132.830322 1386.882812
vt 119.867531 1432.184570
vt 113.324562 1397.837036
vt 118.467384 1363.064331
vt 103.262886 1367.505005
vt 99.215195 1403.961182
vt 85.546364 1397.499390
vt 89.162865 1424.017944
vt 101.362144 1430.119995
vt 84.801041 1453.965332
vt 74.331459 1431.288696
vt 64.244408 1470.511108
vt 78.665611 1500.038330
vt 99.311722 1464.783203
vt 95.937630 1499.118042
vt 112.458366 1470.759277
vt 112.979774 1498.402222
vt 132.808014 1456.794067
vt 129.597061 1498.029541
vt 151.562210 1460.979858
vt 146.037735 1498.224609
vt 168.205124 1463.250244
vt 173.636047 1425.384033
vt 189.765091 1429.096436
vt 184.498444 1465.136230
vt 162.439941 1498.822510
vt 178.905884 1499.624756
vt 200.699326 1466.864014
vt 195.463776 1500.470947
vt 216.809387 1468.361694
vt 212.092697 1501.263550
vt 233.062958 1469.611694
vt 228.764023 1501.965332
vt 249.362030 1471.585449
vt 245.464539 1502.572510
vt 264.706299 1475.675293
vt 262.202789 1503.090942
vt 276.588379 1481.881592
vt 283.429077 1455.216064
vt 292.355682 1475.033081
vt 279.026001 1503.538818
vt 296.062958 1503.881348
vt 313.335999 1504.012817
vt 303.481476 1442.001099
vt 291.512756 1418.449707
vt 269.521027 1444.279541
vt 272.455353 1412.539795
vt 288.265167 1390.520264
vt 306.217224 1384.117554
vt 315.061279 1408.906250
vt 329.002075 1376.628296
vt 341.691589 1382.068115
vt 348.191467 1362.752808
vt 274.183990 1382.122681
vt 255.100433 1409.039185
vt 253.105026 1439.688477
vt 236.742538 1438.153442
vt 238.949097 1411.779053
vt 252.458954 1378.204468
vt 227.073120 1402.388672
vt 221.354050 1436.065186
vt 205.843033 1432.500122
vt 157.047836 1420.655884
vt 60.962875 1500.458740
vt 43.312397 1500.704712
vt 50.462059 1468.554443
vt 57.487343 1436.028564
vt 65.096848 1404.194458
vt 72.972122 1374.977173
vt 88.371513 1371.766479
vt 133.871155 1358.671753
vt 330.807617 1503.804443
vt 1803.175903 143.904282
vt 1792.790161 115.570679
vt 1813.175537 131.716553
vt 1824.769287 168.796921
vt 1836.839355 146.865631
vt 1852.082886 184.089523
vt 1841.157837 197.111801
vt 1827.973755 209.476959
vt 1803.922485 170.942307
vt 1803.134033 201.250656
vt 1784.860718 169.211899
vt 1783.226807 136.420151
vt 1766.840576 145.569077
vt 1758.696045 110.325012
vt 1775.059204 104.059784
vt 1780.977783 80.095650
vt 1803.509399 100.892303
vt 1796.826294 70.582024
vt 1781.881470 54.468906
vt 1788.020752 52.549461
vt 1794.258301 50.609921
vt 1812.068970 64.271034
vt 1817.374146 92.057838
vt 1832.649292 84.783325
vt 1837.989746 116.068970
vt 1821.437744 117.203682
vt 1849.425659 141.015259
vt 1863.050537 172.461716
vt 1860.427002 129.701813
vt 1873.890381 161.170822
vt 1880.275757 124.615837
vt 1871.553833 93.655403
vt 1850.453613 100.338005
vt 1849.126343 77.586205
vt 1828.232788 58.609085
vt 1844.784180 54.251827
vt 1827.204712 41.301418
vt 1821.115479 42.901215
vt 1810.612549 45.769302
vt 1804.374878 47.590347
vt 1838.355347 38.589870
vt 1843.821533 37.312786
vt 1860.262329 52.680561
vt 1866.001831 74.511772
vt 1856.470459 34.522423
vt 1886.782959 149.959213
vt 1772.011841 57.547314
vt 1765.868042 59.383121
vt 1761.448486 80.067345
vt 1756.057007 62.380329
vt 1749.791016 64.302307
vt 1745.950317 81.030861
vt 1740.065430 67.391228
vt 1733.681885 69.404617
vt 1733.024658 95.763969
vt 1723.957886 72.646233
vt 1717.493896 74.771469
vt 1712.081787 97.951653
vt 1707.640991 78.115601
vt 1701.035767 80.462883
vt 1693.660156 100.467758
vt 1691.145020 84.061058
vt 1681.271973 87.833061
vt 1677.807251 101.703377
vt 1674.598511 90.417221
vt 1664.750732 94.262291
vt 1665.872681 112.812218
vt 1658.026855 96.958496
vt 1648.164307 100.922081
vt 1650.547363 128.137146
vt 1641.447998 103.679665
vt 1634.850586 106.420464
vt 1630.062012 130.801834
vt 1625.025146 110.548439
vt 1618.554932 113.280006
vt 1613.313965 132.276398
vt 1608.772583 117.409782
vt 1598.983398 121.514069
vt 1599.720337 147.277481
vt 1592.598022 124.192947
vt 1586.416138 126.780106
vt 1581.243286 147.046249
vt 1576.486328 130.910995
vt 1566.314453 135.122910
vt 1567.114014 161.710327
vt 1560.276245 137.623337
vt 1549.700195 142.016373
vt 1547.618286 163.738693
vt 1543.879883 144.419693
vt 1532.935059 148.980865
vt 1532.826416 165.155350
vt 1527.272705 151.357895
vt 1521.711182 153.735168
vt 1523.535400 181.650146
vt 1509.821777 159.031769
vt 1503.792480 162.030472
vt 1509.607422 193.378922
vt 1490.924561 169.219711
vt 1527.870361 218.695374
vt 1542.176636 210.642868
vt 1544.990234 189.879410
vt 1562.478882 222.744156
vt 1562.795166 191.976044
vt 1576.585083 216.299316
vt 1586.173340 250.991455
vt 1570.845581 257.240540
vt 1552.671631 238.011185
vt 1566.315063 272.093475
vt 1585.533936 300.123199
vt 1546.959717 244.905594
vt 1605.602295 285.001892
vt 1609.141113 252.854141
vt 1591.921997 218.446732
vt 1609.050781 213.593140
vt 1591.086792 180.642456
vt 1610.074951 182.309998
vt 1623.447021 164.162567
vt 1626.751465 206.451584
vt 1639.685913 190.040604
vt 1645.870972 223.697983
vt 1634.474365 231.459229
vt 1624.775146 239.839615
vt 1640.193970 254.960953
vt 1628.542480 277.619385
vt 1649.422852 296.471344
vt 1657.693237 259.177490
vt 1669.597778 294.008362
vt 1665.958740 335.335449
vt 1648.587036 340.758270
vt 1663.012085 374.592407
vt 1650.847534 385.612030
vt 1632.322876 337.032562
vt 1626.583008 357.249817
vt 1613.138794 319.049286
vt 1622.342529 302.673309
vt 1636.486206 311.628967
vt 1616.513550 280.437775
vt 1605.945801 328.751160
vt 1674.273315 363.908386
vt 1685.760010 353.012115
vt 1682.258545 322.849487
vt 1697.134277 341.905853
vt 1695.100952 318.643463
vt 1687.340454 294.638824
vt 1704.037109 303.428375
vt 1708.397217 330.580811
vt 1721.531494 319.347870
vt 1714.996948 284.461365
vt 1731.563599 289.114655
vt 1734.832886 304.819214
vt 1749.457886 289.939697
vt 1743.630127 272.794983
vt 1725.570068 260.763184
vt 1743.422363 249.260681
vt 1722.949707 228.685898
vt 1710.745117 241.336426
vt 1701.432739 216.141510
vt 1714.669678 190.918915
vt 1741.262695 216.551498
vt 1733.911011 184.497040
vt 1720.184937 157.705170
vt 1742.755615 162.532349
vt 1726.643188 128.801666
vt 1747.310669 132.917358
vt 1757.894531 157.913330
vt 1763.450562 182.334808
vt 1770.961914 169.451477
vt 1782.859985 195.668793
vt 1774.160889 215.645279
vt 1799.262207 240.543335
vt 1782.891968 257.274048
vt 1761.901367 225.447296
vt 1752.779175 197.112274
vt 1759.527832 244.011841
vt 1766.120850 274.221558
vt 1815.300903 225.044739
vt 1706.067627 127.154037
vt 1698.073486 154.135330
vt 1686.240723 123.582588
vt 1675.274414 144.224030
vt 1686.333862 181.571777
vt 1664.339600 166.072769
vt 1644.366333 161.996277
vt 1658.273560 195.765121
vt 1671.861084 188.707748
vt 1679.280762 215.218262
vt 1695.906250 243.350891
vt 1678.509155 257.780060
vt 1698.078491 273.583130
vt 1709.041260 260.354462
vt 1663.790161 229.659836
vt 1578.090454 194.168137
vt 148.233078 1671.919922
vt 165.434082 1679.915894
vt 144.887329 1704.037354
vt 127.406471 1705.743286
vt 130.209320 1667.540527
vt 109.862473 1707.190918
vt 113.544502 1655.074341
vt 92.053848 1674.290527
vt 99.363907 1630.760254
vt 81.127457 1637.424194
vt 87.442772 1601.461548
vt 72.130219 1608.787842
vt 75.191849 1566.958496
vt 54.811188 1598.486328
vt 57.290451 1566.491577
vt 39.339344 1566.244385
vt 39.167011 1603.285156
vt 39.411972 1640.328125
vt 62.689941 1638.980957
vt 55.212128 1680.123047
vt 73.255127 1668.182495
vt 74.860161 1710.166016
vt 92.426208 1708.690308
vt 57.463360 1711.997314
vt 39.941563 1714.098999
vt 39.455498 1677.109375
vt 92.921646 1567.463257
vt 105.008598 1595.810547
vt 110.334229 1567.946777
vt 123.029381 1587.038208
vt 117.686806 1617.462158
vt 133.171295 1601.328735
vt 132.240280 1629.916138
vt 148.418152 1600.164795
vt 144.395096 1568.346313
vt 161.132584 1568.500977
vt 170.190674 1597.056641
vt 150.111771 1634.674927
vt 171.716614 1638.935913
vt 190.413010 1599.518677
vt 191.844498 1626.294678
vt 186.867874 1662.561035
vt 179.539795 1700.195435
vt 162.215454 1702.136353
vt 196.786713 1697.752808
vt 200.133560 1664.742310
vt 203.659882 1631.771851
vt 206.520401 1599.135498
vt 208.275940 1567.534546
vt 193.091080 1568.137207
vt 177.482986 1568.858032
vt 127.535179 1568.375244
vt 1844.385010 679.854248
vt 1835.039062 677.932312
vt 1851.281616 657.761963
vt 1853.868652 681.108276
vt 1837.149048 701.655640
vt 1848.331299 713.244812
vt 1822.255859 746.978210
vt 1819.068481 709.354614
vt 1819.109375 673.410828
vt 1838.956543 644.046936
vt 1822.466919 632.589600
vt 1801.323364 663.887512
vt 1797.626831 710.707764
vt 1785.677246 698.011780
vt 1768.829102 739.991882
vt 1776.531372 705.000122
vt 1784.533081 669.464417
vt 1786.840942 742.472168
vt 1804.637695 744.846497
vt 1792.227173 634.303467
vt 1806.957520 626.718628
vt 1799.548096 599.336914
vt 1819.674927 602.933044
vt 1822.724121 569.388000
vt 1836.347290 582.892639
vt 1847.572754 535.865845
vt 1855.907593 573.860779
vt 1841.517578 608.844788
vt 1864.436035 612.023132
vt 1870.253540 649.982788
vt 1889.419922 615.752869
vt 1890.107422 578.819763
vt 1911.582886 585.567871
vt 1908.972168 549.793762
vt 1936.256714 558.848816
vt 1921.341553 518.433411
vt 1904.067017 512.841431
vt 1914.565186 490.753845
vt 1909.835449 489.394318
vt 1899.583618 486.311462
vt 1887.066040 511.484833
vt 1894.686768 484.845795
vt 1889.775757 483.353424
vt 1870.860718 502.700348
vt 1878.770264 480.128845
vt 1867.704102 476.915222
vt 1857.711060 493.256409
vt 1862.454956 475.341675
vt 1857.195312 473.693054
vt 1841.992798 495.697662
vt 1845.538330 470.384674
vt 1840.002197 468.577667
vt 1821.111572 497.654602
vt 1827.724731 465.114502
vt 1825.763672 531.945801
vt 1814.096558 530.430725
vt 1806.948120 564.525574
vt 1869.541870 538.281799
vt 1880.750488 539.728943
vt 1891.035400 543.186218
vt 1875.368652 564.648010
vt 1924.245117 493.555969
vt 1928.840332 494.773499
vt 1936.652832 527.714600
vt 1937.973022 497.242310
vt 1935.967285 591.506714
vt 1909.985352 617.444153
vt 1922.893188 619.222412
vt 1936.162231 625.051453
vt 1911.625977 642.292053
vt 1918.176392 660.049683
vt 1936.996582 659.193787
vt 1913.334839 691.081604
vt 1893.763672 681.352661
vt 1885.812378 725.430847
vt 1865.790649 717.265564
vt 1856.611816 751.427124
vt 1839.550659 749.163513
vt 1870.675415 682.320984
vt 1873.239746 754.036804
vt 1889.849854 756.435242
vt 1908.942383 725.531860
vt 1906.051636 758.628357
vt 1922.234619 726.962097
vt 1937.609375 729.611389
vt 1937.356445 694.391174
vt 1921.242676 761.745972
vt 1935.624756 765.636963
vt 1890.846191 648.607910
vt 1830.004272 606.850220
vt 63.359989 799.429199
vt 66.507759 835.185364
vt 48.691887 800.506104
vt 61.470547 761.730530
vt 76.498932 800.723755
vt 84.473824 766.583740
vt 76.502838 728.451599
vt 93.252396 738.555359
vt 102.678482 768.649902
vt 95.727455 802.788574
vt 117.260048 802.290833
vt 105.957649 840.840698
vt 86.692451 839.635620
vt 74.934624 866.498718
vt 69.809120 866.652039
vt 58.937210 866.927429
vt 51.433868 841.535339
vt 52.532627 867.163208
vt 87.070778 866.239075
vt 99.334320 865.880554
vt 104.193512 865.728394
vt 116.234367 865.277283
vt 121.736488 845.370300
vt 121.217651 865.075195
vt 133.029327 864.564392
vt 136.254929 835.033203
vt 138.125122 864.311096
vt 143.382431 864.015015
vt 153.660095 839.133240
vt 155.135773 863.375366
vt 160.795868 862.996033
vt 171.271866 838.453796
vt 172.040359 862.314941
vt 183.093735 861.534668
vt 188.773911 838.202881
vt 188.892624 861.094604
vt 194.824997 860.606628
vt 203.964767 841.505432
vt 205.612167 859.804626
vt 211.780273 859.207397
vt 222.728592 828.411133
vt 221.969376 858.402588
vt 231.732574 857.604187
vt 245.565414 825.356506
vt 237.844681 857.014282
vt 244.141800 856.428711
vt 247.127136 793.128357
vt 220.113419 789.199402
vt 200.505783 802.744812
vt 205.694702 760.527222
vt 225.627380 760.186218
vt 211.617859 725.864319
vt 232.599197 730.177856
vt 217.113510 685.360779
vt 197.466263 692.520020
vt 200.412689 656.558655
vt 214.175751 646.854858
vt 229.001144 653.937378
vt 221.759537 617.373230
vt 242.365433 619.858643
vt 231.452057 582.656189
vt 210.553116 579.764038
vt 226.281418 547.587585
vt 243.601059 547.933228
vt 244.124298 583.618042
vt 259.059937 583.963928
vt 256.840057 619.660461
vt 254.804382 655.095947
vt 243.073883 662.303833
vt 252.975983 690.309692
vt 237.364700 691.474792
vt 251.105667 725.212036
vt 249.285248 759.562805
vt 238.404083 761.001038
vt 260.853180 548.087830
vt 208.779938 547.229736
vt 191.112244 547.023743
vt 190.191788 596.331177
vt 204.279144 621.252014
vt 190.040588 631.353577
vt 175.044174 621.289001
vt 181.674576 662.780212
vt 159.517288 649.135864
vt 159.289719 610.119934
vt 170.623871 578.380737
vt 149.555984 580.797302
vt 155.614319 546.846375
vt 173.428314 546.917786
vt 137.851746 547.068970
vt 131.374893 581.484558
vt 142.120087 620.335876
vt 124.576416 611.267639
vt 127.098045 654.456116
vt 108.243568 617.438416
vt 113.746788 581.263123
vt 95.556931 581.827332
vt 85.095459 619.104919
vt 79.322464 576.993103
vt 83.894287 548.811279
vt 101.974251 547.781311
vt 65.794052 550.314819
vt 65.547234 585.618225
vt 47.862343 552.499023
vt 51.110184 592.831726
vt 32.261803 581.309265
vt 30.140455 554.426086
vt 45.821289 622.864502
vt 34.706013 622.420593
vt 37.798073 660.865845
vt 57.365948 657.480103
vt 50.953461 691.587891
vt 40.855881 699.966797
vt 42.712193 721.440308
vt 59.973206 718.729980
vt 68.768532 691.103577
vt 91.490051 694.685791
vt 76.127403 656.721680
vt 63.608223 622.354126
vt 89.063011 656.494385
vt 102.820824 656.045410
vt 115.509781 694.775391
vt 132.498123 697.223633
vt 147.951508 685.269104
vt 143.600800 721.558044
vt 162.202271 730.802490
vt 146.500946 765.624268
vt 129.056778 730.100159
vt 125.589073 765.843018
vt 134.724030 794.820007
vt 146.734543 807.378601
vt 114.114876 767.825989
vt 110.374496 736.761597
vt 160.972229 803.810364
vt 166.703842 772.012390
vt 178.877579 802.169495
vt 183.760635 759.044495
vt 178.005920 720.928467
vt 168.478317 691.080383
vt 183.362167 698.557800
vt 193.114761 726.071838
vt 143.895798 652.565125
vt 45.108822 758.168823
vt 119.971886 547.370056
vt 460.823944 1024.290283
vt 440.924835 1032.456177
vt 454.192261 993.018921
vt 473.622803 980.481445
vt 471.955139 1018.657166
vt 470.064606 1056.905151
vt 454.589111 1065.551147
vt 467.944244 1094.926514
vt 450.657990 1108.365112
vt 465.396484 1132.726318
vt 452.672546 1147.543457
vt 441.180267 1133.071655
vt 435.723267 1109.603882
vt 437.900513 1078.809937
vt 425.123627 1097.517822
vt 421.653259 1063.924805
vt 420.282166 1019.237793
vt 400.085266 1052.217041
vt 402.527985 1005.317322
vt 418.640411 975.363159
vt 438.553925 984.999023
vt 439.899536 945.630127
vt 457.271088 943.861511
vt 422.587128 947.273682
vt 405.186890 948.861145
vt 400.861145 973.987732
vt 387.724976 950.439270
vt 389.726379 987.044434
vt 372.057922 982.922729
vt 385.091095 1018.859863
vt 366.657898 1023.641357
vt 378.300140 1056.077393
vt 361.169464 1057.492310
vt 350.020905 1029.543579
vt 351.860474 992.143127
vt 334.775299 1006.595337
vt 334.627167 954.860901
vt 352.494537 953.428345
vt 370.173218 951.961426
vt 317.135742 993.757080
vt 316.496948 956.272705
vt 317.708130 1030.956177
vt 337.038910 1037.827881
vt 334.934082 1064.083130
vt 318.414520 1067.973633
vt 335.314850 1099.698730
vt 319.125061 1105.010498
vt 334.347412 1137.054565
vt 319.975006 1141.873901
vt 332.421753 1168.972778
vt 320.927551 1178.505493
vt 339.478607 1213.777832
vt 322.034485 1214.945068
vt 347.157867 1172.055420
vt 356.716309 1212.389404
vt 367.779663 1165.839966
vt 351.397095 1131.192017
vt 369.336823 1117.584961
vt 353.023010 1088.454712
vt 369.759430 1083.979004
vt 385.433929 1092.685059
vt 387.152435 1135.474976
vt 406.914886 1104.271362
vt 405.060699 1152.744141
vt 425.092529 1134.599976
vt 421.144562 1180.899536
vt 441.999237 1168.977295
vt 441.198608 1208.282715
vt 424.467804 1208.840698
vt 407.657745 1209.435547
vt 402.497803 1185.773071
vt 390.735229 1210.180786
vt 387.886993 1176.953857
vt 373.794647 1211.170532
vt 458.159180 1208.065430
vt 453.965698 1173.594360
vt 462.356934 1170.423096
vt 347.450226 1056.282471
vt 474.967529 941.926941
vt 178.211380 1096.691040
vt 160.809296 1098.001953
vt 179.658844 1074.732300
vt 195.792252 1095.444336
vt 198.402237 1058.455444
vt 181.334381 1037.535400
vt 162.967346 1063.024292
vt 162.832001 1017.859497
vt 148.933472 1050.825195
vt 143.462387 1099.421387
vt 131.822601 1054.260864
vt 143.169006 1019.404297
vt 131.081818 1021.669556
vt 131.515274 990.966248
vt 152.714722 980.090149
vt 167.574860 984.289856
vt 182.573990 991.331970
vt 171.843216 948.253479
vt 189.231766 947.095276
vt 203.737625 983.812561
vt 201.122543 1021.229492
vt 206.582428 946.172363
vt 154.461456 949.460510
vt 136.982681 950.917175
vt 119.488632 952.590942
vt 118.942017 989.168396
vt 118.190392 1021.209351
vt 107.096779 991.301086
vt 96.093552 1035.218140
vt 88.559853 994.778503
vt 102.058464 954.255493
vt 84.553047 955.911987
vt 66.762466 1000.243408
vt 67.080124 957.284180
vt 46.666615 996.340332
vt 43.730217 1033.363281
vt 61.610146 1031.974976
vt 61.251980 1063.283569
vt 75.446358 1031.439575
vt 79.646057 1062.807129
vt 93.343086 1079.280762
vt 73.364098 1105.729004
vt 91.026283 1104.053711
vt 108.573662 1102.454590
vt 112.214790 1065.688232
vt 126.048683 1100.922974
vt 55.516266 1107.450439
vt 40.670288 1070.905273
vt 37.496540 1109.286987
vt 49.405220 958.658142
vt 1079.464844 1354.190186
vt 1092.887695 1367.956421
vt 1076.417969 1394.846436
vt 1061.539429 1363.113525
vt 1073.124512 1322.190430
vt 1095.187988 1325.090332
vt 1084.334839 1281.536987
vt 1104.710327 1278.104736
vt 1119.279785 1310.132446
vt 1113.592041 1362.551514
vt 1137.253418 1342.540649
vt 1131.723633 1385.057739
vt 1118.821167 1402.360718
vt 1099.712036 1405.352417
vt 1113.567749 1429.805786
vt 1134.218384 1430.579102
vt 1114.591309 1467.572998
vt 1099.672241 1446.900146
vt 1100.486206 1473.215942
vt 1099.842529 1507.947632
vt 1087.940674 1472.592651
vt 1081.808838 1507.357056
vt 1064.091797 1465.084717
vt 1081.396606 1437.043823
vt 1063.586182 1439.402344
vt 1062.296021 1400.603882
vt 1064.042603 1506.801025
vt 1118.054565 1507.958740
vt 1134.543945 1480.433472
vt 1136.184937 1507.614258
vt 1154.195068 1506.618774
vt 1149.181030 1462.167480
vt 1167.649902 1460.772095
vt 1154.769165 1432.448120
vt 1167.469971 1419.848022
vt 1183.650879 1427.108154
vt 1191.235962 1471.052368
vt 1172.080200 1505.633423
vt 1189.802612 1504.628418
vt 1207.575562 1503.293579
vt 1213.513306 1468.291260
vt 1204.499146 1427.182495
vt 1221.886841 1438.761230
vt 1221.024658 1399.581177
vt 1239.420654 1432.118164
vt 1231.414429 1468.446167
vt 1246.436157 1469.561890
vt 1258.859131 1447.150757
vt 1260.251099 1498.819214
vt 1242.810059 1500.430176
vt 1277.145386 1456.391968
vt 1277.470215 1497.253662
vt 1295.411255 1459.675903
vt 1294.539673 1495.971802
vt 1296.249878 1423.055176
vt 1274.836548 1411.118774
vt 1297.009277 1386.156128
vt 1279.171875 1369.158569
vt 1260.362305 1379.168701
vt 1266.049072 1341.021729
vt 1280.282104 1344.397827
vt 1297.666626 1349.063965
vt 1279.673096 1316.188110
vt 1298.362427 1312.006592
vt 1287.063843 1275.919067
vt 1264.975708 1276.808228
vt 1281.968262 1237.452515
vt 1299.684448 1237.416626
vt 1298.937378 1274.822021
vt 1264.029907 1237.358887
vt 1246.025024 1237.221802
vt 1245.585327 1284.121582
vt 1253.607788 1313.300171
vt 1236.255615 1316.072144
vt 1230.143921 1278.081421
vt 1217.161377 1318.333984
vt 1211.143066 1277.606445
vt 1227.811401 1236.871460
vt 1209.477661 1236.495361
vt 1190.689453 1274.774658
vt 1193.950928 1322.674805
vt 1172.013794 1309.781128
vt 1173.564819 1352.507935
vt 1157.217407 1339.329590
vt 1154.253296 1386.936523
vt 1149.633179 1301.617065
vt 1134.368774 1308.464722
vt 1131.260620 1276.660156
vt 1147.450317 1263.710815
vt 1168.012695 1265.671265
vt 1153.489502 1236.064087
vt 1134.475708 1236.374512
vt 1172.292603 1235.875977
vt 1190.975220 1236.105225
vt 1115.135986 1237.079712
vt 1117.728027 1275.724731
vt 1095.615601 1238.469116
vt 1176.872925 1390.761108
vt 1188.712158 1364.340942
vt 1194.294312 1394.235352
vt 1206.419189 1395.420410
vt 1206.712524 1363.559082
vt 1227.860840 1355.374023
vt 1241.592163 1388.042725
vt 1247.099487 1349.003662
vt 1254.952148 1412.191162
vt 1265.506592 1312.066040
vt 1225.214722 1501.894287
vt 1076.298828 1240.733276
vt 1059.942261 1284.468506
vt 1057.590942 1243.632568
vt 1060.830811 1325.156616
vt 1060.285156 508.632690
vt 1046.432373 514.213074
vt 1054.991943 474.869324
vt 1076.551514 505.977844
vt 1063.809326 538.684021
vt 1081.247314 544.059326
vt 1077.644409 572.392822
vt 1055.345215 578.100220
vt 1050.242065 544.480835
vt 1036.019043 545.346252
vt 1022.895264 508.422821
vt 1010.352234 550.555603
vt 1006.682312 514.931458
vt 1003.382324 479.308258
vt 1020.676392 477.786743
vt 1037.917114 476.390015
vt 1031.324097 574.515747
vt 1041.050659 611.354736
vt 1013.701172 585.922791
vt 1027.326660 616.681274
vt 1037.646484 647.690918
vt 1016.793091 621.017639
vt 1019.895386 655.787598
vt 1040.877808 692.768677
vt 1022.966125 689.985901
vt 1038.945557 723.780640
vt 1026.368530 723.314270
vt 1039.562988 758.707214
vt 1029.365479 755.469421
vt 1032.233276 786.507568
vt 1042.828369 784.390320
vt 1052.735474 782.146606
vt 1054.712524 753.018127
vt 1060.118530 780.326782
vt 1067.828735 778.485840
vt 1072.617188 753.692383
vt 1076.728271 776.342468
vt 1084.717041 774.486694
vt 1090.065430 752.136353
vt 1093.068848 772.535645
vt 1101.053589 770.749939
vt 1105.834717 754.055298
vt 1109.349609 768.899780
vt 1118.126099 766.978333
vt 1119.155273 744.891846
vt 1125.615967 765.334106
vt 1134.707275 763.352966
vt 1136.697021 734.044495
vt 1141.807739 761.800842
vt 1151.061035 759.865845
vt 1156.346313 734.752136
vt 1157.876343 758.416565
vt 1167.184448 756.529602
vt 1172.195801 731.664856
vt 1173.734741 755.197571
vt 1180.134155 753.981018
vt 1184.740479 724.365784
vt 1189.269531 752.208984
vt 1180.188232 695.342773
vt 1164.094116 698.787842
vt 1175.267700 664.618652
vt 1154.137939 661.732239
vt 1169.828003 632.330322
vt 1150.977173 622.101074
vt 1163.948242 599.096436
vt 1146.151367 590.439331
vt 1157.690063 565.248779
vt 1141.212280 569.480103
vt 1128.029419 578.133911
vt 1133.374390 544.773682
vt 1115.539917 549.505127
vt 1112.405273 517.100708
vt 1097.105713 536.248108
vt 1107.445923 572.753662
vt 1091.618164 564.629395
vt 1095.612793 595.637207
vt 1079.091064 609.995300
vt 1101.231445 639.140930
vt 1117.834839 612.390076
vt 1121.866211 652.253967
vt 1136.012695 638.468384
vt 1135.617065 671.018799
vt 1146.119995 700.106689
vt 1129.266968 694.674927
vt 1125.549194 674.045898
vt 1115.320923 675.149841
vt 1115.974854 708.457642
vt 1098.096680 678.517822
vt 1081.548584 647.297546
vt 1077.137329 678.786804
vt 1070.144653 650.537842
vt 1064.116821 624.909912
vt 1058.118408 649.921448
vt 1058.246582 685.096497
vt 1075.856812 718.726501
vt 1097.478271 719.729431
vt 1058.674072 721.373535
vt 1048.421753 723.088501
vt 1135.679443 608.514954
vt 1095.907227 499.823059
vt 1088.688110 471.163239
vt 1105.356934 469.071960
vt 1071.858276 473.142242
vt 1128.008911 504.479919
vt 1121.936157 466.964874
vt 1144.744263 497.743164
vt 1151.283203 531.134155
vt 1138.443848 464.912781
vt 1198.678589 1893.087769
vt 1205.113892 1854.191528
vt 1217.126587 1891.794922
vt 1225.218262 1848.352295
vt 1235.403931 1890.536499
vt 1243.361816 1854.451416
vt 1253.561035 1889.345215
vt 1254.374756 1854.255981
vt 1266.203857 1852.250977
vt 1271.548706 1888.324341
vt 1285.036377 1850.841431
vt 1278.260132 1808.967896
vt 1255.000488 1820.840454
vt 1265.750854 1774.643555
vt 1241.505981 1777.864502
vt 1260.254517 1737.198975
vt 1278.365723 1736.891968
vt 1283.147583 1767.143311
vt 1296.388062 1736.521851
vt 1298.539429 1778.859009
vt 1314.460449 1735.668091
vt 1312.376343 1773.097046
vt 1310.618530 1810.169922
vt 1296.153687 1819.406982
vt 1308.948242 1847.814819
vt 1289.457642 1887.335815
vt 1307.247192 1886.420898
vt 1242.156250 1737.627075
vt 1224.233887 1738.261597
vt 1222.268311 1784.257690
vt 1227.401489 1809.756592
vt 1213.091919 1815.442139
vt 1207.742676 1778.548706
vt 1194.224121 1817.824219
vt 1184.685059 1859.241211
vt 1167.417480 1823.419678
vt 1188.746582 1777.553711
vt 1169.184937 1769.079834
vt 1188.063354 1739.349731
vt 1206.175781 1738.642822
vt 1169.828979 1740.151733
vt 1151.270386 1741.535645
vt 1147.848633 1793.793091
vt 1126.998047 1775.727539
vt 1132.392334 1743.385254
vt 1112.957886 1745.945435
vt 1103.493408 1778.270020
vt 1109.691895 1808.192017
vt 1086.629639 1814.870972
vt 1102.395752 1850.536011
vt 1126.265991 1819.885010
vt 1123.993530 1859.774170
vt 1103.349243 1895.225464
vt 1083.938721 1893.778320
vt 1081.154175 1860.886353
vt 1065.102661 1891.727905
vt 1068.972534 1852.714111
vt 1071.659180 1815.359985
vt 1074.303223 1777.382812
vt 1086.732178 1774.770020
vt 1074.256348 1752.990723
vt 1093.529663 1749.329468
vt 1122.913940 1895.734131
vt 1144.096924 1863.200806
vt 1142.482544 1832.053955
vt 1163.385132 1871.769165
vt 1142.255249 1895.527954
vt 1161.236572 1894.936279
vt 1180.041260 1894.215942
vt 1238.072266 1822.448486
vt 394.834564 1870.037231
vt 377.815704 1868.341797
vt 373.674408 1841.162476
vt 392.722626 1839.108276
vt 411.714966 1871.697510
vt 404.930725 1834.517700
vt 422.445374 1844.365112
vt 428.521484 1873.480835
vt 445.383728 1874.905762
vt 441.130920 1841.985352
vt 462.235657 1876.188110
vt 458.233154 1842.101440
vt 479.114624 1877.321167
vt 474.902039 1841.991577
vt 495.971039 1878.299316
vt 490.880890 1840.003906
vt 512.849304 1879.093384
vt 504.304138 1829.893311
vt 520.728882 1848.336426
vt 515.402771 1809.075684
vt 497.524933 1797.248291
vt 497.616180 1771.179565
vt 514.062012 1771.208008
vt 529.864807 1799.413086
vt 530.784607 1769.498901
vt 546.221924 1803.717041
vt 539.216919 1842.228882
vt 558.141785 1836.230347
vt 563.479309 1880.701172
vt 574.739685 1846.797607
vt 564.899780 1808.230469
vt 586.611816 1816.862183
vt 570.376526 1779.777710
vt 584.899475 1773.749512
vt 605.987122 1807.968140
vt 601.900940 1770.653564
vt 580.377563 1733.645874
vt 597.979309 1732.916138
vt 562.743958 1734.741455
vt 609.925537 1845.090942
vt 593.797363 1858.663208
vt 613.805908 1881.935303
vt 597.104797 1881.484985
vt 580.310547 1881.081055
vt 550.410095 1766.800537
vt 545.491455 1736.111938
vt 528.477112 1737.360718
vt 511.844299 1738.291138
vt 546.544617 1880.201904
vt 529.706909 1879.627930
vt 495.374939 1738.706299
vt 478.934296 1738.739624
vt 481.717499 1770.402832
vt 462.433960 1738.566772
vt 466.248718 1771.728149
vt 445.851807 1738.340820
vt 450.104675 1772.546509
vt 429.212280 1738.163696
vt 433.617523 1772.574707
vt 412.544281 1738.074585
vt 416.954681 1772.553955
vt 395.860962 1738.082031
vt 400.173462 1773.296753
vt 379.149261 1738.183716
vt 382.778229 1778.033936
vt 362.359711 1738.369141
vt 361.876587 1772.540649
vt 345.358124 1738.707031
vt 343.313873 1771.109375
vt 328.110657 1739.324097
vt 325.426910 1771.025513
vt 310.654144 1740.349487
vt 313.032684 1771.576294
vt 298.383759 1772.961670
vt 293.024475 1740.763184
vt 317.163147 1802.316162
vt 302.511597 1803.450317
vt 305.617798 1832.669312
vt 320.453278 1832.316406
vt 324.794220 1861.873047
vt 333.100250 1832.818848
vt 342.701843 1864.167480
vt 351.709442 1834.940552
vt 360.410431 1866.330688
vt 358.292419 1804.408447
vt 338.645081 1802.468018
vt 377.322601 1807.317261
vt 306.857452 1859.500122
vt 392.614075 1812.628540
vt 404.160858 1807.812378
vt 420.636292 1807.515259
vt 437.650116 1807.198975
vt 454.327240 1807.249146
vt 470.579803 1806.298096
vt 485.626221 1803.021484
vt 521.274475 1447.001099
vt 503.871735 1445.691650
vt 502.423859 1423.732178
vt 519.115601 1412.023193
vt 538.621216 1448.420166
vt 533.149597 1399.823608
vt 550.260742 1403.259277
vt 556.035095 1449.921997
vt 569.868896 1414.687134
vt 573.510620 1451.453857
vt 588.741211 1428.279907
vt 591.059143 1453.052979
vt 608.722900 1454.727539
vt 602.437744 1411.806030
vt 620.831848 1412.281860
vt 606.636902 1380.438721
vt 620.473328 1380.973999
vt 638.353271 1382.362305
vt 615.321594 1349.243286
vt 635.417847 1345.341553
vt 615.006409 1306.285156
vt 597.533569 1304.911621
vt 593.524414 1343.777588
vt 580.028137 1303.253906
vt 574.987549 1340.299438
vt 562.597961 1301.588379
vt 563.142273 1338.166260
vt 550.568726 1339.963745
vt 545.103455 1299.913574
vt 529.369385 1329.087036
vt 527.623718 1298.456299
vt 510.240601 1297.250122
vt 514.508789 1333.287231
vt 499.509003 1340.329712
vt 519.250977 1366.857422
vt 500.748108 1386.534302
vt 480.959778 1370.228394
vt 483.679871 1407.455444
vt 486.290680 1444.445190
vt 478.345062 1332.810669
vt 492.850586 1296.092529
vt 475.498260 1295.170532
vt 538.914185 1368.402222
vt 551.001526 1370.667603
vt 563.893066 1370.207642
vt 585.989685 1384.217041
vt 632.681335 1307.661255
vt 641.414001 1419.901245
vt 626.573181 1456.447388
vt 644.595337 1458.280151
vt 1423.691895 1444.177368
vt 1419.806152 1415.408325
vt 1435.372070 1416.237427
vt 1441.297119 1443.790405
vt 1458.769775 1443.999146
vt 1457.239868 1406.454102
vt 1476.042603 1443.866455
vt 1479.752319 1415.017090
vt 1493.078613 1443.522827
vt 1495.517822 1421.864746
vt 1509.900757 1443.074463
vt 1507.399170 1415.657593
vt 1526.638184 1442.555420
vt 1522.742798 1411.566772
vt 1543.337891 1441.947632
vt 1539.041138 1409.592163
vt 1560.008545 1441.245239
vt 1555.293823 1408.341431
vt 1576.636719 1440.452271
vt 1571.403076 1406.843262
vt 1593.193848 1439.606079
vt 1587.603271 1405.115234
vt 1609.659058 1438.804199
vt 1603.895996 1403.229858
vt 1626.060669 1438.207275
vt 1620.538452 1400.960815
vt 1642.501099 1438.014038
vt 1639.292725 1396.777832
vt 1659.118408 1438.389038
vt 1659.641113 1410.746704
vt 1676.160522 1439.107544
vt 1672.787476 1404.773438
vt 1693.432739 1440.030762
vt 1687.298340 1393.958862
vt 1707.854004 1410.506470
vt 1697.769287 1371.285522
vt 1682.939941 1364.011841
vt 1686.561890 1337.495850
vt 1672.892090 1343.953247
vt 1668.858276 1307.496704
vt 1658.785034 1337.824951
vt 1670.740967 1370.110718
vt 1652.235840 1372.170654
vt 1639.281128 1326.864990
vt 1653.654053 1303.051514
vt 1638.249512 1298.653320
vt 1622.728271 1294.779053
vt 1625.375854 1324.101562
vt 1611.224365 1319.009521
vt 1606.224609 1288.520142
vt 1587.221191 1283.769287
vt 1592.947021 1323.601074
vt 1566.937866 1278.068848
vt 1576.904663 1329.973633
vt 1558.387939 1303.778198
vt 1544.995361 1270.651489
vt 1539.262573 1303.371826
vt 1529.955933 1278.707642
vt 1522.225952 1263.609253
vt 1512.273560 1278.981323
vt 1499.913574 1256.996582
vt 1478.605103 1250.143433
vt 1491.773071 1288.917969
vt 1463.728149 1269.606812
vt 1459.277222 1246.444946
vt 1442.051880 1240.983521
vt 1444.572266 1267.855957
vt 1427.484863 1255.676025
vt 1425.526855 1238.173950
vt 1409.936401 1234.670044
vt 1411.527344 1268.970581
vt 1394.635498 1231.559326
vt 1394.844849 1272.858643
vt 1380.562622 1264.084229
vt 1378.313110 1225.967407
vt 1388.381104 1299.696899
vt 1405.550903 1300.785645
vt 1399.167603 1335.681152
vt 1418.750854 1325.349243
vt 1417.318359 1346.665161
vt 1435.137329 1343.799683
vt 1430.414917 1322.057251
vt 1443.102783 1316.615967
vt 1457.046509 1348.891724
vt 1449.562134 1371.212280
vt 1468.627197 1381.985474
vt 1430.194702 1374.733887
vt 1480.594849 1358.432251
vt 1488.678467 1395.198730
vt 1502.586060 1384.260742
vt 1499.651367 1352.520020
vt 1519.001343 1379.668091
vt 1517.005737 1349.017212
vt 1535.363037 1378.131958
vt 1533.156616 1351.755737
vt 1550.750732 1376.042603
vt 1545.032227 1342.363892
vt 1566.261353 1372.476807
vt 1561.528809 1336.699341
vt 1582.339111 1369.072754
vt 1598.468384 1365.360840
vt 1519.644287 1318.180664
vt 1497.919678 1322.102173
vt 1476.423462 1303.237427
vt 1483.840088 1330.501953
vt 1465.888062 1324.101807
vt 1454.684570 1293.363525
vt 1434.168335 1283.751221
vt 1423.912720 1302.743286
vt 1404.023438 1352.345703
vt 1412.556519 1385.591919
vt 1615.057251 1360.634277
vt 1629.957764 1351.231689
vt 1683.747192 1311.764404
vt 1699.143311 1314.979126
vt 1707.008545 1344.195679
vt 1714.612061 1376.026978
vt 1721.635010 1408.550415
vt 1728.786743 1440.698608
vt 1711.136353 1440.452393
vt 1110.902222 115.563622
vt 1100.514771 143.893875
vt 1090.517700 131.706558
vt 1100.180664 100.885910
vt 1122.707153 80.090759
vt 1128.629639 104.053978
vt 1142.235229 80.062157
vt 1144.991943 110.319702
vt 1120.463867 136.413086
vt 1136.849487 145.563431
vt 1118.829590 169.204117
vt 1099.768311 170.930969
vt 1100.550415 201.237747
vt 1120.825928 195.661407
vt 1132.727173 169.445877
vt 1140.236328 182.330902
vt 1145.793945 157.908997
vt 1156.377808 132.912933
vt 1160.931641 162.529724
vt 1177.044067 128.797546
vt 1183.501953 157.703384
vt 1169.774536 184.496826
vt 1189.015503 190.920547
vt 1162.419922 216.553650
vt 1180.732666 228.691544
vt 1160.256104 249.266052
vt 1178.108643 260.772980
vt 1160.044922 272.803680
vt 1172.110840 289.128448
vt 1154.214478 289.950134
vt 1168.841797 304.836456
vt 1182.145508 319.367065
vt 1188.680420 284.475372
vt 1199.641846 303.445557
vt 1205.600708 273.595398
vt 1194.638428 260.365021
vt 1207.774902 243.359070
vt 1192.936157 241.344360
vt 1202.251099 216.146332
vt 1224.404053 215.222504
vt 1225.172852 257.788910
vt 1239.894775 229.663986
vt 1245.991211 259.183746
vt 1234.085205 294.020050
vt 1216.339722 294.653137
vt 1221.423828 322.866852
vt 1208.579834 318.662506
vt 1195.284302 330.603851
vt 1206.551392 341.930084
vt 1217.929932 353.035461
vt 1237.728271 335.350433
vt 1229.419556 363.930389
vt 1240.683716 374.609924
vt 1255.104248 340.769440
vt 1252.848145 385.626007
vt 1271.370483 337.041199
vt 1277.112427 357.260223
vt 1290.555542 319.054199
vt 1281.348755 302.677643
vt 1298.087280 285.001434
vt 1318.160400 300.119720
vt 1297.750000 328.756866
vt 1317.516113 250.984863
vt 1332.846069 257.231201
vt 1337.378296 272.083557
vt 1351.017456 237.996643
vt 1341.208130 222.730942
vt 1361.509033 210.624908
vt 1358.694824 189.861526
vt 1380.149170 181.628677
vt 1370.858521 165.134918
vt 1381.972778 153.713104
vt 1393.862915 159.008835
vt 1399.892090 162.007019
vt 1394.077515 193.354706
vt 1375.815674 218.674271
vt 1412.760620 169.194489
vt 1376.411255 151.336197
vt 1370.749023 148.959610
vt 1356.067261 163.720047
vt 1359.803467 144.399246
vt 1353.983398 141.996445
vt 1336.571167 161.693985
vt 1340.890137 191.961014
vt 1325.595581 194.155701
vt 1312.598877 180.631058
vt 1322.441162 147.030487
vt 1337.368530 135.104202
vt 1343.406616 137.604141
vt 1327.196167 130.892944
vt 1317.266113 126.762894
vt 1303.964355 147.264130
vt 1311.084106 124.176094
vt 1304.698608 121.497734
vt 1290.369995 132.263168
vt 1280.238159 164.154144
vt 1273.622314 130.790588
vt 1259.318726 161.990311
vt 1253.136841 128.128098
vt 1268.830200 106.406792
vt 1278.656128 110.533913
vt 1285.126343 113.265099
vt 1262.232666 103.666321
vt 1255.516357 100.909271
vt 1237.810425 112.802986
vt 1228.411011 144.219330
vt 1217.444092 123.576439
vt 1225.875244 101.693993
vt 1238.929321 94.250557
vt 1245.653198 96.946251
vt 1229.081055 90.406128
vt 1222.407837 87.822456
vt 1210.023315 100.459808
vt 1212.534302 84.051155
vt 1202.643311 80.453743
vt 1191.602295 97.944939
vt 1197.618530 127.149384
vt 1205.612793 154.133133
vt 1170.660156 95.758270
vt 1186.184937 74.763428
vt 1196.038086 78.106812
vt 1179.720703 72.638489
vt 1169.996460 69.397629
vt 1157.732300 81.025146
vt 1163.612793 67.384575
vt 1153.887085 64.296379
vt 1147.620972 62.374752
vt 1137.809692 59.378235
vt 1217.352661 181.572311
vt 1239.345825 166.069458
vt 1231.824585 188.708054
vt 1245.411377 195.764679
vt 1263.999146 190.037003
vt 1257.814941 223.698959
vt 1276.933838 206.447540
vt 1269.211426 231.458923
vt 1263.492188 254.963989
vt 1278.910400 239.838364
vt 1275.146362 277.622314
vt 1254.264282 296.479523
vt 1267.204590 311.636017
vt 1287.175659 280.438751
vt 1294.546509 252.851379
vt 1294.635254 213.587173
vt 1311.765015 218.438461
vt 1327.101562 216.288254
vt 1293.610474 182.301407
vt 1294.909058 117.394058
vt 1356.729736 244.889587
vt 1137.550049 274.222809
vt 1144.149414 244.012619
vt 1120.778687 257.267792
vt 1141.779541 225.446045
vt 1129.521240 215.640457
vt 1150.905762 197.110870
vt 1104.410767 240.530441
vt 1088.377441 225.026672
vt 1075.708984 209.457199
vt 1078.923706 168.782318
vt 1062.530762 197.090118
vt 1051.611328 184.069687
vt 1066.856567 146.852829
vt 1082.255249 117.194984
vt 1065.704346 116.060059
vt 1054.271729 141.003036
vt 1043.271484 129.690308
vt 1053.237793 100.331345
vt 1071.038574 84.778587
vt 1086.314819 92.052032
vt 1091.613647 64.268097
vt 1106.857056 70.578224
vt 1109.419067 50.606838
vt 1115.656494 52.546024
vt 1121.795898 54.465054
vt 1131.665894 57.542732
vt 1099.302002 47.588093
vt 1093.064331 45.767391
vt 1075.449097 58.607357
vt 1082.561035 42.900162
vt 1076.471924 41.300701
vt 1058.897217 54.251705
vt 1054.560669 77.583481
vt 1037.684692 74.511688
vt 1032.136597 93.650131
vt 1043.419067 52.682903
vt 1059.854736 37.313309
vt 1065.320923 38.590103
vt 1047.205566 34.524193
vt 1023.424255 124.603455
vt 1029.812744 161.154388
vt 1040.648193 172.445236
vt 1016.923096 149.939911
vt 520.012451 1642.919800
vt 537.214417 1634.926270
vt 540.558044 1667.042603
vt 523.228882 1665.139648
vt 505.903320 1663.197144
vt 498.580200 1625.563599
vt 513.732483 1601.941528
vt 493.605133 1589.299194
vt 495.035278 1562.525635
vt 478.928345 1562.141968
vt 481.789886 1594.774170
vt 477.167053 1530.544434
vt 492.353668 1531.146729
vt 515.256714 1560.064941
vt 507.962341 1531.869019
vt 524.312744 1531.511475
vt 537.029053 1563.173340
vt 535.336670 1597.681885
vt 555.238464 1630.546875
vt 553.207825 1592.923462
vt 571.903564 1618.080688
vt 575.584534 1670.196655
vt 558.039978 1668.749146
vt 593.394043 1637.296021
vt 593.020874 1671.695679
vt 610.587158 1673.171021
vt 612.192932 1631.187134
vt 630.235840 1643.126831
vt 622.758606 1601.984741
vt 604.320801 1600.429321
vt 613.317322 1571.792236
vt 598.004333 1564.467285
vt 610.252930 1529.963013
vt 630.636047 1561.489014
vt 628.154358 1529.493896
vt 646.105469 1529.244263
vt 646.280579 1566.286499
vt 646.036987 1603.330811
vt 592.523132 1530.469849
vt 580.438171 1558.817627
vt 586.084167 1593.766479
vt 567.760925 1580.469360
vt 562.416748 1550.046631
vt 575.110596 1530.954956
vt 557.909668 1531.384766
vt 541.049866 1531.356201
vt 552.275879 1564.336914
vt 645.992859 1640.112305
vt 645.505981 1677.102417
vt 627.983948 1675.001831
vt 485.314056 1627.742065
vt 488.654907 1660.751709
vt 1871.764038 1066.930908
vt 1862.415161 1068.853027
vt 1855.519775 1046.760864
vt 1867.845825 1033.045166
vt 1887.694092 1062.408569
vt 1887.733154 1098.353027
vt 1869.651978 1090.654541
vt 1884.546143 1135.977295
vt 1858.469360 1102.244873
vt 1867.251465 1138.164185
vt 1841.009644 1106.267456
vt 1850.190552 1140.429565
vt 1820.987793 1114.435547
vt 1813.034790 1070.355103
vt 1793.463257 1080.086914
vt 1797.857666 1114.539917
vt 1769.440674 1083.401123
vt 1769.802246 1048.197266
vt 1788.622314 1049.051880
vt 1770.637329 1014.050293
vt 1795.173584 1031.292114
vt 1783.907104 1008.220886
vt 1796.815552 1006.442566
vt 1815.953735 1037.607910
vt 1836.123657 1071.321777
vt 1836.546997 1038.982056
vt 1852.930908 1070.107910
vt 1842.365967 1001.021057
vt 1817.381470 1004.751038
vt 1816.695312 967.816223
vt 1831.434814 953.644409
vt 1850.896118 962.858032
vt 1837.262573 927.277954
vt 1826.053223 928.724609
vt 1819.737427 900.479675
vt 1835.943359 891.696411
vt 1859.232300 924.863037
vt 1849.093628 882.253418
vt 1864.812866 884.695557
vt 1881.042480 920.943542
vt 1884.081665 958.385559
vt 1870.457153 971.890198
vt 1865.285278 997.842529
vt 1876.799683 995.847778
vt 1884.336548 1021.587219
vt 1887.130371 991.930481
vt 1899.847168 1015.716064
vt 1905.480835 1052.884766
vt 1909.175049 1099.705322
vt 1921.125610 1087.008911
vt 1937.972778 1128.988281
vt 1919.960938 1131.469238
vt 1902.164185 1133.844604
vt 1930.272217 1093.997070
vt 1922.272217 1058.461548
vt 1914.578247 1023.300720
vt 1907.258423 988.334351
vt 1899.859131 953.523132
vt 1892.710938 919.428589
vt 1885.695557 886.652893
vt 1866.802124 857.576782
vt 1879.079834 854.114807
vt 1861.265747 859.383240
vt 1849.608521 862.690674
vt 1844.348633 864.338745
vt 1839.099365 865.911804
vt 1828.032959 869.124390
vt 1817.027344 872.348022
vt 1812.115967 873.839844
vt 1807.218994 875.305054
vt 1802.735962 901.835022
vt 1815.767700 932.181458
vt 1797.831055 938.788330
vt 1785.461304 907.425842
vt 1792.236938 879.746033
vt 1796.966919 878.386963
vt 1782.556885 882.547302
vt 1777.961426 883.764404
vt 1770.150269 916.706360
vt 1770.547241 947.842468
vt 1768.828003 886.232605
vt 1795.219482 974.564270
vt 1770.835083 980.502625
vt 1784.564697 1115.972778
vt 1769.189575 1118.625854
vt 1800.752197 1147.638062
vt 1785.561401 1150.760254
vt 1771.177856 1154.654175
vt 1816.953735 1145.442505
vt 1833.563110 1143.041870
vt 1396.869385 901.869995
vt 1396.637817 934.185730
vt 1380.014648 930.550903
vt 1372.628418 894.343262
vt 1392.752319 868.312927
vt 1375.291992 867.440430
vt 1357.483521 866.703613
vt 1348.800659 895.514465
vt 1339.429688 866.145325
vt 1330.800293 893.675049
vt 1321.315430 865.593384
vt 1321.059204 893.238831
vt 1320.179321 919.770325
vt 1335.389404 922.088013
vt 1318.030762 946.712097
vt 1337.703979 946.975281
vt 1328.777466 974.813965
vt 1348.199341 961.173279
vt 1356.137085 930.844910
vt 1367.968872 965.434082
vt 1347.832520 988.790100
vt 1365.805298 1001.825256
vt 1347.566528 1023.321716
vt 1327.078979 1008.589355
vt 1309.206543 1000.147034
vt 1302.992065 1027.263428
vt 1327.088867 1039.544312
vt 1312.451904 1060.718628
vt 1330.161255 1067.567871
vt 1341.980225 1050.617676
vt 1347.763550 1074.131470
vt 1357.002563 1049.920044
vt 1365.183105 1080.440430
vt 1374.362427 1045.331665
vt 1386.919312 1066.640503
vt 1382.312622 1086.816895
vt 1399.425537 1093.191772
vt 1406.178833 1063.368408
vt 1416.477539 1099.492065
vt 1425.107178 1058.201782
vt 1435.256958 1078.759521
vt 1443.841431 1049.092041
vt 1432.724243 1026.005127
vt 1451.622803 1008.591858
vt 1435.565674 1000.565552
vt 1441.952393 983.259033
vt 1453.323364 973.985413
vt 1471.780518 977.789917
vt 1470.211304 1016.155151
vt 1460.769165 1040.325195
vt 1479.355713 1045.415894
vt 1456.485352 1079.837158
vt 1480.073120 1087.429565
vt 1467.573120 1118.274902
vt 1484.586304 1124.581543
vt 1492.580688 1092.047241
vt 1506.026367 1092.241211
vt 1498.565552 1063.600708
vt 1512.318481 1065.097656
vt 1526.701050 1065.381958
vt 1515.806152 1039.292114
vt 1531.961548 1027.398682
vt 1549.463379 1042.804688
vt 1543.674072 998.356628
vt 1520.857178 992.315491
vt 1536.606689 959.770630
vt 1560.493164 960.483154
vt 1542.752808 920.692078
vt 1561.146240 910.732361
vt 1580.947021 927.783936
vt 1577.851074 887.241089
vt 1561.069092 884.922241
vt 1544.371582 882.693481
vt 1594.530762 889.658447
vt 1598.853394 919.867920
vt 1596.206421 960.937500
vt 1612.473511 926.641296
vt 1614.495605 956.827759
vt 1610.964966 988.857666
vt 1626.493042 971.249878
vt 1627.135376 932.967468
vt 1625.647583 1009.518127
vt 1607.949585 1026.430298
vt 1596.360107 1002.488403
vt 1589.341064 1034.109375
vt 1578.803223 995.815308
vt 1570.858521 1037.555420
vt 1560.785156 1007.312378
vt 1564.447021 1076.051758
vt 1543.956787 1087.434692
vt 1558.431396 1114.647583
vt 1538.871826 1121.378540
vt 1522.995728 1105.284180
vt 1518.605835 1135.388916
vt 1501.611572 1130.084473
vt 1535.488281 1140.479858
vt 1552.290039 1145.366943
vt 1569.097656 1149.862427
vt 1580.625854 1107.047974
vt 1585.865723 1153.852295
vt 1602.582153 1116.526245
vt 1602.475342 1157.684082
vt 1621.297485 1123.444824
vt 1618.695923 1161.674316
vt 1623.136230 1085.568726
vt 1601.435791 1069.797974
vt 1624.589233 1047.623413
vt 1581.366699 1065.750000
vt 1578.836548 961.920410
vt 1627.557129 894.445496
vt 1611.150269 892.075500
vt 1527.635132 880.417297
vt 1525.985229 929.376953
vt 1513.682617 909.293030
vt 1510.853516 878.372620
vt 1493.157471 909.619995
vt 1494.069214 876.506470
vt 1477.227173 874.775879
vt 1473.081421 899.654358
vt 1460.412598 873.185242
vt 1458.920166 906.984009
vt 1443.542480 871.733093
vt 1442.689209 920.130005
vt 1427.501221 902.725220
vt 1426.704224 870.643494
vt 1414.467163 893.343872
vt 1411.393311 921.937683
vt 1426.094116 939.628784
vt 1406.474121 959.780518
vt 1426.459717 977.840332
vt 1408.943115 999.464294
vt 1387.195801 990.033813
vt 1387.948486 955.967834
vt 1393.887695 1030.664307
vt 1415.251709 1030.923462
vt 1423.885132 1007.060608
vt 1377.481689 1018.683716
vt 1364.703369 1027.347168
vt 1441.602173 956.244080
vt 1457.465454 944.696045
vt 1409.827271 869.448547
vt 1474.473511 932.798645
vt 1489.930908 956.383057
vt 1510.050171 948.550171
vt 1499.697876 984.734558
vt 1523.802246 957.482727
vt 1500.576416 1022.003052
vt 1485.469604 1005.222656
vt 1487.358398 981.606262
vt 1450.504517 1111.890381
vt 1433.481689 1105.689575
vt 1294.870361 1054.007935
vt 1314.006714 973.407532
vt 560.539490 1032.457153
vt 540.640442 1024.290405
vt 547.273438 993.019043
vt 562.911926 984.999695
vt 581.182129 1019.238892
vt 579.808838 1063.926392
vt 563.561646 1078.811890
vt 546.874023 1065.552490
vt 550.804749 1108.368042
vt 533.518982 1094.928589
vt 531.399048 1056.905396
vt 529.509888 1018.656433
vt 527.843445 980.480652
vt 536.067810 1132.730591
vt 548.792114 1147.547974
vt 539.109619 1170.429077
vt 547.500793 1173.600098
vt 543.309753 1208.072876
vt 559.466553 1168.982056
vt 560.271484 1208.288452
vt 580.322144 1180.902588
vt 577.002808 1208.844238
vt 593.812988 1209.437256
vt 598.969421 1185.774536
vt 610.735840 1210.180908
vt 613.578796 1176.954224
vt 627.677368 1211.168945
vt 633.683899 1165.838989
vt 644.757385 1212.385742
vt 654.306335 1172.051636
vt 661.997070 1213.770874
vt 669.041504 1168.965820
vt 680.538208 1178.493286
vt 679.442627 1214.930176
vt 681.481873 1141.865967
vt 667.109741 1137.050659
vt 682.328186 1105.008423
vt 666.139893 1099.698242
vt 683.041504 1067.977295
vt 666.523254 1064.085693
vt 683.753418 1030.963379
vt 664.421997 1037.831543
vt 666.690063 1006.600342
vt 684.332214 993.765808
vt 666.845276 954.866516
vt 684.977234 956.282593
vt 649.606262 992.146301
vt 648.975769 953.431763
vt 629.409058 982.924683
vt 634.805176 1023.643127
vt 616.372620 1018.861267
vt 611.739929 987.045959
vt 613.742798 950.440979
vt 600.605469 973.989197
vt 598.936951 1005.318604
vt 582.825928 975.364441
vt 596.280334 948.862732
vt 578.879944 947.275269
vt 561.567688 945.631165
vt 544.195923 943.861084
vt 601.376282 1052.218262
vt 623.160156 1056.078613
vt 616.025085 1092.686035
vt 594.545654 1104.272949
vt 576.337952 1097.520020
vt 576.370300 1134.602905
vt 596.402771 1152.745850
vt 614.308716 1135.475830
vt 565.739014 1109.606445
vt 560.283081 1133.075195
vt 632.121643 1117.585205
vt 650.060791 1131.190674
vt 648.433594 1088.455322
vt 631.698669 1083.979980
vt 640.289917 1057.493774
vt 654.008606 1056.284546
vt 651.441345 1029.546265
vt 631.295593 951.963562
vt 526.499084 941.926208
vt 193.006821 57.191608
vt 205.621002 66.729378
vt 181.814758 88.831947
vt 174.744781 76.188560
vt 155.094467 94.133736
vt 157.545456 113.134254
vt 134.428391 111.272675
vt 135.631134 130.489624
vt 112.670509 127.832268
vt 114.812195 146.417450
vt 89.911308 144.028534
vt 100.391396 157.405380
vt 84.448929 171.147598
vt 112.108467 167.555847
vt 95.852303 186.112701
vt 71.228333 198.230591
vt 97.264786 205.734604
vt 74.414230 216.688660
vt 58.817577 214.217453
vt 55.207867 208.687958
vt 48.918625 198.998169
vt 56.062027 183.183456
vt 45.672829 193.980392
vt 37.884624 181.807007
vt 39.197765 177.377594
vt 65.904961 160.231339
vt 36.250309 179.162903
vt 64.841103 223.440079
vt 68.579659 229.148376
vt 86.484245 228.950455
vt 74.584251 238.356918
vt 80.692741 247.667587
vt 102.212990 243.524307
vt 108.605316 220.984116
vt 130.366364 201.079239
vt 114.544495 186.890930
vt 136.574631 172.959229
vt 136.892456 150.480453
vt 163.964981 151.140396
vt 159.404480 179.374008
vt 185.033783 161.049942
vt 181.250656 185.910217
vt 205.899521 166.437607
vt 202.770660 192.541611
vt 176.030304 211.657059
vt 156.642136 202.735229
vt 149.742065 223.800858
vt 141.200516 213.335236
vt 127.215286 224.821350
vt 131.140396 244.676376
vt 109.110237 263.254944
vt 90.818207 263.273407
vt 84.535408 253.580719
vt 94.683510 269.287354
vt 98.522110 275.233368
vt 113.571968 279.013458
vt 133.364044 267.167694
vt 126.667542 291.406921
vt 154.266205 280.182556
vt 138.542435 308.005585
vt 122.356422 312.286499
vt 115.632904 301.858398
vt 108.868149 291.346558
vt 126.267891 318.329956
vt 132.972000 328.688904
vt 148.838821 323.849213
vt 158.132172 301.623627
vt 171.226807 310.972412
vt 160.492340 338.194824
vt 186.547501 322.816345
vt 172.905655 352.810455
vt 153.844833 360.593048
vt 147.379074 350.739502
vt 143.480072 344.819305
vt 157.743439 366.441589
vt 164.071152 375.970764
vt 187.762787 367.642975
vt 201.968552 336.310760
vt 219.868057 346.267212
vt 216.270432 371.229462
vt 190.113235 387.206024
vt 171.842117 387.314636
vt 168.017471 381.748505
vt 178.255997 396.483704
vt 182.099060 401.962006
vt 205.268387 397.574310
vt 188.444351 410.843536
vt 194.647171 419.404877
vt 214.003204 414.727692
vt 232.368210 391.403625
vt 224.420517 382.287872
vt 243.370056 368.139648
vt 244.301804 346.658264
vt 279.993927 339.885193
vt 262.152985 375.956787
vt 294.999237 359.346985
vt 277.693756 388.430847
vt 305.362396 373.831757
vt 291.947083 395.534821
vt 310.331146 387.236725
vt 299.730255 410.851288
vt 324.839752 389.844421
vt 330.413666 366.529541
vt 350.512543 367.958344
vt 364.000031 333.777618
vt 376.517792 345.410095
vt 402.650116 322.496246
vt 400.640747 301.112335
vt 428.026306 299.851410
vt 426.233429 278.072296
vt 452.536224 277.693207
vt 441.061523 264.991364
vt 430.034973 251.960098
vt 405.852966 273.361450
vt 418.840942 238.858109
vt 382.674255 272.140350
vt 381.587891 250.047882
vt 356.435944 276.446777
vt 356.406677 295.524780
vt 338.888519 295.928009
vt 335.342072 310.577789
vt 316.262146 311.184814
vt 328.924103 285.830780
vt 296.905334 303.514832
vt 315.257629 268.300140
vt 350.134064 258.248383
vt 345.632080 238.140808
vt 374.881866 229.682022
vt 407.156647 225.944763
vt 395.155487 213.178299
vt 382.899323 200.464294
vt 363.566498 220.994370
vt 352.612000 213.949402
vt 370.427612 187.706390
vt 334.313202 200.085938
vt 357.823181 175.006378
vt 344.443970 162.659760
vt 314.256805 190.609589
vt 308.282593 173.775909
vt 282.961670 202.347733
vt 302.390106 214.007538
vt 275.114166 231.477798
vt 294.994293 237.139633
vt 312.752777 221.795502
vt 320.415527 234.790680
vt 290.219391 261.767273
vt 269.993011 256.628021
vt 265.875000 277.915161
vt 245.473297 277.346497
vt 248.444839 252.142502
vt 251.705109 226.179306
vt 225.086761 247.502548
vt 225.784424 222.686981
vt 199.606094 244.032700
vt 199.319427 219.060989
vt 226.313248 197.848740
vt 252.427841 201.085434
vt 251.603882 176.774475
vt 278.046143 178.403580
vt 275.563599 156.526596
vt 300.595276 156.852814
vt 295.146118 141.847107
vt 317.907013 137.873611
vt 331.103516 150.282318
vt 304.696869 125.471054
vt 279.049316 130.277267
vt 291.458221 113.087486
vt 278.061493 100.682030
vt 257.136688 120.580093
vt 264.662109 88.257065
vt 237.752472 109.250900
vt 251.192856 75.569748
vt 227.286835 88.939354
vt 237.439545 62.784271
vt 219.953186 72.690125
vt 223.400864 50.041824
vt 209.417358 37.421490
vt 204.661316 92.982941
vt 210.343140 117.867264
vt 181.014069 119.790131
vt 189.945129 138.907547
vt 155.522888 133.199081
vt 207.491425 142.862854
vt 221.647018 128.408707
vt 230.176270 141.947189
vt 228.019180 171.674652
vt 253.137115 150.371643
vt 165.507416 244.324615
vt 179.746887 264.128082
vt 176.988388 286.082642
vt 200.443451 267.813385
vt 196.116394 293.983368
vt 222.512024 273.633026
vt 218.338547 303.753235
vt 247.781174 298.383881
vt 229.869995 322.038666
vt 251.974838 313.626923
vt 276.036163 292.699707
vt 265.104248 321.622009
vt 241.965942 330.614960
vt 316.869171 331.169952
vt 346.387390 319.440491
vt 326.681427 347.211456
vt 376.295135 299.240662
vt 267.837708 417.601135
vt 275.672211 430.614960
vt 252.858215 449.176666
vt 234.983856 438.309692
vt 244.062561 408.312286
vt 219.995636 429.774567
vt 202.804138 430.360229
vt 198.729172 424.879730
vt 209.063568 438.740967
vt 215.331909 447.116211
vt 219.701935 452.761688
vt 226.332245 461.319000
vt 231.150284 467.156860
vt 136.874084 334.674377
vt 105.068016 285.441650
vt 1383.221680 514.215698
vt 1369.368164 508.634583
vt 1374.661377 474.870758
vt 1391.737793 476.392029
vt 1406.759033 508.427124
vt 1408.979980 477.790619
vt 1426.274414 479.317383
vt 1422.973022 514.937744
vt 1419.302612 550.560120
vt 1393.635254 545.349854
vt 1398.330078 574.519470
vt 1374.307983 578.103271
vt 1379.411621 544.483765
vt 1365.843628 538.686401
vt 1352.008301 572.395569
vt 1348.405273 544.061646
vt 1353.101196 505.979584
vt 1332.546387 536.250183
vt 1338.033813 564.631897
vt 1322.205566 572.756165
vt 1314.111572 549.507202
vt 1317.246704 517.102356
vt 1296.276978 544.775391
vt 1301.621704 578.136353
vt 1288.438599 569.482178
vt 1271.960693 565.250183
vt 1283.498901 590.441772
vt 1265.701538 599.098633
vt 1278.672363 622.104248
vt 1293.970947 608.517944
vt 1311.816040 612.393250
vt 1334.038940 595.640076
vt 1328.419800 639.144409
vt 1350.561279 609.998413
vt 1348.103394 647.300903
vt 1331.555420 678.521667
vt 1352.515503 678.790283
vt 1359.508179 650.541260
vt 1371.535400 649.924866
vt 1365.536011 624.913269
vt 1388.603027 611.358093
vt 1392.008057 647.694275
vt 1402.327881 616.684753
vt 1412.862549 621.021240
vt 1409.760132 655.790771
vt 1388.777344 692.771912
vt 1406.690552 689.988953
vt 1390.709717 723.783508
vt 1403.287476 723.317017
vt 1390.092163 758.709717
vt 1400.290894 755.472168
vt 1397.420776 786.509399
vt 1386.825562 784.392578
vt 1376.918457 782.149231
vt 1374.941895 753.021057
vt 1369.535156 780.329773
vt 1361.824951 778.489136
vt 1357.036743 753.695923
vt 1352.925293 776.346130
vt 1344.936523 774.490723
vt 1339.588013 752.140564
vt 1336.584595 772.540100
vt 1328.599731 770.754700
vt 1323.818359 754.060120
vt 1332.174194 719.733582
vt 1310.497314 744.897095
vt 1311.526978 766.983826
vt 1304.037109 765.339966
vt 1294.945679 763.359192
vt 1292.954834 734.050171
vt 1287.845093 761.807434
vt 1278.591797 759.872803
vt 1273.305298 734.758728
vt 1283.530151 700.111938
vt 1265.555420 698.793823
vt 1257.455322 731.672302
vt 1249.460449 695.349915
vt 1254.380981 664.623901
vt 1275.511230 661.736694
vt 1259.821045 632.333862
vt 1293.637329 638.472046
vt 1294.032593 671.023071
vt 1300.383667 694.679504
vt 1304.101318 674.050049
vt 1314.330444 675.153870
vt 1313.676758 708.462158
vt 1307.784424 652.257812
vt 1244.909668 724.374329
vt 1249.518311 753.989319
vt 1240.382690 752.217896
vt 1255.917847 755.205627
vt 1262.468262 756.537292
vt 1271.776367 758.423828
vt 1320.303589 768.904907
vt 1353.796265 718.730042
vt 1371.407349 685.099915
vt 1370.979492 721.376709
vt 1381.232666 723.091492
vt 1415.954102 585.926758
vt 1278.368530 531.135010
vt 1301.643066 504.480988
vt 1284.907593 497.743683
vt 1307.715698 466.965332
vt 1324.295166 469.073029
vt 1333.745117 499.824646
vt 1340.964111 471.164490
vt 1357.794189 473.143341
vt 1291.206909 464.912659
vt 838.453003 1693.199097
vt 844.889587 1732.094604
vt 826.435425 1730.802124
vt 818.344421 1687.358521
vt 830.474609 1654.448364
vt 816.162720 1648.762207
vt 821.297424 1623.263062
vt 835.824768 1617.554321
vt 849.344910 1656.830688
vt 854.822144 1616.558960
vt 876.154297 1662.425049
vt 874.384399 1608.083984
vt 895.722900 1632.796143
vt 892.298096 1580.538452
vt 916.572937 1614.728516
vt 911.176819 1582.386963
vt 930.611572 1584.945679
vt 940.078186 1617.268555
vt 933.882507 1647.190918
vt 956.945312 1653.866577
vt 941.184753 1689.533325
vt 917.309143 1658.885986
vt 919.587280 1698.774536
vt 901.092590 1671.056763
vt 899.481812 1702.204102
vt 880.191467 1710.775391
vt 858.886414 1698.248291
vt 863.534180 1733.223633
vt 882.344543 1733.942383
vt 901.329956 1734.530396
vt 920.674805 1734.733521
vt 940.241638 1734.221924
vt 959.652893 1732.771484
vt 962.428833 1699.879639
vt 978.488586 1730.716064
vt 974.608337 1691.705566
vt 971.914978 1654.353394
vt 969.267456 1616.377930
vt 956.838806 1613.766724
vt 969.313049 1591.987183
vt 950.039856 1588.327759
vt 873.739075 1579.155273
vt 855.504089 1578.354248
vt 837.391296 1577.647705
vt 819.332764 1577.266235
vt 802.058411 1616.868774
vt 801.410034 1576.630615
vt 783.311462 1576.201416
vt 777.812866 1613.645508
vt 765.199829 1575.892944
vt 760.415466 1606.143311
vt 747.176697 1575.521362
vt 745.021423 1617.856689
vt 729.103516 1574.666016
vt 731.183472 1612.093140
vt 732.936035 1649.164062
vt 747.401306 1658.403320
vt 734.599060 1686.806274
vt 758.512756 1689.839478
vt 754.078674 1726.332153
vt 771.992371 1727.325562
vt 777.348083 1691.252930
vt 789.986572 1728.348999
vt 789.180054 1693.259521
vt 800.196289 1693.456299
vt 788.558716 1659.843872
vt 805.489258 1661.453491
vt 808.150757 1729.542480
vt 765.298584 1647.967896
vt 736.285522 1725.410889
vt 810.058044 620.968323
vt 808.890442 647.484985
vt 794.208618 650.709839
vt 793.678101 614.325867
vt 812.894226 574.405640
vt 793.084106 577.044128
vt 809.269470 555.557068
vt 814.473999 556.031677
vt 796.222168 554.366760
vt 790.038025 553.861938
vt 775.026550 574.604675
vt 775.762390 610.791992
vt 756.362244 604.590759
vt 761.342468 640.705078
vt 776.534302 649.534302
vt 755.993530 687.533081
vt 780.494568 688.838135
vt 769.086121 737.478577
vt 793.048157 724.349915
vt 783.143127 770.305176
vt 806.691956 770.827148
vt 806.949524 730.913208
vt 807.644043 690.427673
vt 796.681580 680.654236
vt 791.581055 803.560852
vt 807.125977 811.505432
vt 790.377258 853.773621
vt 809.098389 855.218506
vt 770.759460 811.923401
vt 771.498291 852.218994
vt 752.850891 850.501892
vt 754.504517 812.751404
vt 754.646729 778.320435
vt 740.830017 811.028137
vt 731.652893 764.248169
vt 748.853699 736.897949
vt 735.056335 715.458984
vt 735.726440 679.506165
vt 744.199341 646.667114
vt 722.227478 650.728760
vt 723.106018 693.622742
vt 706.787292 691.718628
vt 717.031921 728.233582
vt 697.097473 735.720032
vt 682.824158 690.148254
vt 699.434570 650.751831
vt 685.287781 648.528870
vt 688.815979 608.965271
vt 711.021667 613.378906
vt 723.636597 614.423584
vt 735.906921 612.247192
vt 725.945251 579.964600
vt 744.316833 574.188049
vt 759.871033 568.376221
vt 750.126953 551.093384
vt 761.326599 551.758301
vt 772.506958 552.527344
vt 778.624512 552.955566
vt 744.131653 550.766235
vt 738.213074 550.496460
vt 726.939575 549.935425
vt 721.072449 549.734253
vt 706.611450 573.937073
vt 709.814270 549.260620
vt 698.475159 548.808899
vt 690.936523 566.680359
vt 692.738159 548.622986
vt 681.398926 548.251465
vt 676.994446 570.827393
vt 670.198425 602.167908
vt 660.812744 573.010986
vt 670.029846 548.018188
vt 675.723877 548.099121
vt 658.947754 547.731750
vt 653.396545 547.729370
vt 640.548218 581.131348
vt 654.037292 613.832458
vt 635.312439 627.299500
vt 620.503418 613.483398
vt 623.798218 580.084534
vt 631.896729 547.117310
vt 642.647949 547.480713
vt 626.740723 547.156494
vt 617.173401 648.130371
vt 632.237061 653.047974
vt 628.417175 681.923340
vt 613.635315 683.636353
vt 610.179565 719.327026
vt 633.469238 721.621643
vt 620.867859 757.403748
vt 606.247559 755.181396
vt 602.004578 791.421997
vt 625.960571 796.436218
vt 613.742188 829.973572
vt 597.640991 827.081421
vt 630.357056 832.879150
vt 641.629272 805.583984
vt 647.222656 835.786804
vt 657.437805 801.573181
vt 664.270508 838.642029
vt 675.710449 802.419189
vt 668.412354 765.923767
vt 645.567688 761.446899
vt 664.658508 726.420288
vt 649.867615 717.793457
vt 659.892822 687.792786
vt 644.118347 692.913025
vt 646.539185 656.859619
vt 669.754333 643.961548
vt 679.973999 736.956665
vt 685.796570 767.989197
vt 697.098267 767.845276
vt 695.427551 800.351074
vt 709.420959 768.017700
vt 718.212524 811.910522
vt 698.962402 844.104248
vt 681.518738 841.460205
vt 716.655273 846.487671
vt 734.542175 848.577271
vt 769.141052 774.408813
vt 1593.397095 1529.325195
vt 1611.799194 1533.050415
vt 1611.231812 1563.969482
vt 1586.439819 1560.968628
vt 1574.828735 1525.595947
vt 1569.353394 1555.837280
vt 1556.445068 1522.102295
vt 1555.697998 1571.327026
vt 1542.899048 1551.726562
vt 1538.104614 1592.378540
vt 1554.238281 1606.323730
vt 1545.399170 1635.673340
vt 1560.315430 1632.344849
vt 1556.894409 1675.513672
vt 1572.363525 1644.403564
vt 1576.450928 1676.504761
vt 1595.265015 1636.874268
vt 1573.891235 1600.076782
vt 1596.030640 1591.928467
vt 1611.773193 1597.742065
vt 1613.187134 1629.378418
vt 1615.783325 1676.629761
vt 1596.163086 1676.810303
vt 1537.984863 1673.896240
vt 1526.645630 1634.008911
vt 1519.519653 1671.816040
vt 1503.847656 1636.576172
vt 1516.661255 1593.755615
vt 1496.880371 1591.747437
vt 1509.013916 1553.440674
vt 1490.874756 1550.986938
vt 1478.933105 1586.997192
vt 1472.376343 1548.232422
vt 1485.338867 1511.545532
vt 1467.961304 1509.594238
vt 1448.834229 1544.516968
vt 1450.775757 1507.712036
vt 1433.747192 1505.929321
vt 1428.249390 1533.740967
vt 1416.951416 1504.202881
vt 1412.636108 1538.201538
vt 1400.427612 1502.433228
vt 1393.996582 1538.813477
vt 1407.526367 1574.358032
vt 1428.166382 1574.847046
vt 1415.152954 1619.716919
vt 1436.913208 1621.428589
vt 1430.264404 1657.817017
vt 1412.414429 1654.644531
vt 1394.675415 1651.491089
vt 1397.354248 1600.976318
vt 1382.239502 1611.645020
vt 1376.722290 1648.603516
vt 1388.161499 1575.331421
vt 1396.838867 1572.464355
vt 1448.078125 1660.811523
vt 1454.498779 1623.234131
vt 1465.783447 1663.674316
vt 1468.811401 1617.480225
vt 1482.978882 1627.248535
vt 1461.723511 1585.294067
vt 1483.548584 1666.586670
vt 1501.468994 1669.226318
vt 1446.167114 1590.187866
vt 1502.855347 1513.712524
vt 1520.525879 1516.183594
vt 1527.310913 1554.352173
vt 1538.325195 1518.989258
vt 1114.807251 934.181885
vt 1114.576904 901.865906
vt 1131.430908 930.547852
vt 1123.496948 955.964355
vt 1104.970825 959.775757
vt 1124.249512 990.030457
vt 1143.476807 965.431274
vt 1145.640503 1001.822876
vt 1133.963623 1018.681030
vt 1117.557007 1030.661011
vt 1102.501709 999.459595
vt 1096.192261 1030.918701
vt 1105.264038 1063.364868
vt 1086.335205 1058.196411
vt 1078.719238 1025.998657
vt 1087.559326 1007.054810
vt 1075.878418 1000.558716
vt 1084.984863 977.834045
vt 1085.350708 939.622253
vt 1069.842163 956.236389
vt 1068.755493 920.121948
vt 1053.978394 944.686829
vt 1058.120483 973.976807
vt 1039.662964 977.779663
vt 1036.969727 932.787964
vt 1052.524292 906.974426
vt 1038.362305 899.643555
vt 1018.285095 909.607910
vt 1034.216797 874.764587
vt 1051.032593 873.175171
vt 1017.373413 876.494385
vt 1000.587769 878.360107
vt 997.758667 909.280029
vt 1001.391785 948.536987
vt 985.455200 929.363159
vt 983.804443 880.404053
vt 968.686035 920.677551
vt 974.833313 959.755859
vt 950.945801 960.467346
vt 950.290588 910.717224
vt 967.066040 882.679260
vt 950.366882 884.907410
vt 933.583496 887.226257
vt 930.489197 927.768372
vt 916.902161 889.643250
vt 912.580688 919.852478
vt 915.230286 960.921448
vt 898.959473 926.626221
vt 900.281128 892.060364
vt 883.872498 894.431030
vt 884.296570 932.953430
vt 896.939453 956.812622
vt 884.942383 971.235718
vt 900.472778 988.841797
vt 915.079407 1002.471680
vt 932.636414 995.798401
vt 922.100037 1034.091797
vt 903.490967 1026.413208
vt 910.006226 1069.779297
vt 886.852600 1047.606323
vt 885.791565 1009.502991
vt 888.306885 1085.549438
vt 908.860413 1116.505981
vt 930.815247 1107.028076
vt 925.577393 1153.831055
vt 908.968811 1157.662354
vt 890.145813 1123.423706
vt 892.748047 1161.651611
vt 942.343140 1149.841553
vt 953.008118 1114.627930
vt 946.994141 1076.033203
vt 967.483337 1087.416626
vt 972.566040 1121.359619
vt 959.148010 1145.346558
vt 975.947937 1140.460449
vt 992.829163 1135.372070
vt 988.442688 1105.267334
vt 1009.822205 1130.070068
vt 1005.412476 1092.226562
vt 1026.846802 1124.569824
vt 1018.858154 1092.034302
vt 1031.366211 1087.418213
vt 1043.860840 1118.265381
vt 1054.954590 1079.828613
vt 1032.086426 1045.404663
vt 1012.875671 1063.587280
vt 1010.865906 1021.989990
vt 995.635742 1039.277466
vt 990.584534 992.301147
vt 979.480164 1027.383057
vt 984.739746 1065.365723
vt 961.978027 1042.787476
vt 967.766907 998.340759
vt 950.655457 1007.295654
vt 940.582886 1037.537720
vt 930.074768 1065.731445
vt 932.601318 961.904297
vt 999.122437 1065.082764
vt 987.638794 957.468750
vt 1011.744385 984.721924
vt 1021.512024 956.371338
vt 1024.084473 981.594666
vt 1025.973145 1005.211121
vt 1041.231812 1016.145020
vt 1059.820679 1008.583496
vt 1050.673462 1040.316162
vt 1067.601074 1049.084717
vt 1076.183472 1078.753418
vt 1094.961304 1099.488159
vt 1077.955200 1105.684326
vt 1060.930664 1111.883057
vt 1067.903687 871.724548
vt 1083.944214 902.718323
vt 1084.742554 870.636475
vt 1096.979004 893.338074
vt 1100.051758 921.932312
vt 1101.619995 869.442871
vt 1118.691528 868.310242
vt 1138.816406 894.340698
vt 1136.151001 867.438416
vt 1153.958740 866.701477
vt 1162.643677 895.512085
vt 1155.308472 930.842285
vt 1176.055908 922.085266
vt 1173.741699 946.972534
vt 1193.414795 946.709106
vt 1182.668579 974.811218
vt 1163.246460 961.170654
vt 1163.613525 988.787659
vt 1184.367432 1008.586853
vt 1202.239502 1000.143921
vt 1208.455078 1027.259766
vt 1184.358887 1039.542358
vt 1198.998535 1060.716064
vt 1181.287231 1067.566528
vt 1169.466919 1050.616211
vt 1163.880005 1023.319824
vt 1154.443604 1049.918457
vt 1146.742554 1027.345093
vt 1137.082642 1045.329468
vt 1146.261108 1080.439087
vt 1124.524170 1066.638428
vt 1129.129883 1086.815552
vt 1112.015137 1093.189453
vt 1163.682861 1074.130249
vt 1216.581055 1054.002686
vt 1197.438965 973.404541
vt 1191.265625 919.767151
vt 1180.643555 893.672363
vt 1190.384399 893.235718
vt 1190.125366 865.590698
vt 1172.011719 866.143127
vt 1069.491821 983.251465
vt 1639.027222 1864.338135
vt 1622.012939 1866.035034
vt 1643.169800 1837.159668
vt 1656.432129 1862.327881
vt 1665.134888 1830.939209
vt 1674.140137 1860.166138
vt 1683.744263 1828.818726
vt 1678.200439 1798.468262
vt 1699.682861 1798.317505
vt 1696.391357 1828.317261
vt 1692.047241 1857.873169
vt 1711.226807 1828.671265
vt 1709.983643 1855.501953
vt 1714.334473 1799.452271
vt 1718.463013 1768.963379
vt 1703.813721 1767.578491
vt 1706.190674 1736.352783
vt 1723.819458 1736.762695
vt 1691.418945 1767.027466
vt 1688.735107 1735.327148
vt 1673.531494 1767.110229
vt 1658.552612 1800.407471
vt 1654.968018 1768.539917
vt 1671.487549 1734.708130
vt 1654.484985 1734.368530
vt 1634.065552 1774.032104
vt 1637.694458 1734.181885
vt 1616.669678 1769.294067
vt 1612.682251 1803.809814
vt 1596.206421 1803.512329
vt 1599.887817 1768.550415
vt 1620.981934 1734.078979
vt 1604.297852 1734.070312
vt 1583.224365 1768.570435
vt 1579.192261 1803.195679
vt 1562.514648 1803.245483
vt 1558.609741 1838.098999
vt 1541.940063 1837.988770
vt 1537.728516 1873.319702
vt 1520.870728 1874.297241
vt 1525.960449 1836.000732
vt 1503.990967 1875.090820
vt 1512.536377 1825.889648
vt 1496.110718 1844.333374
vt 1501.437012 1805.071655
vt 1519.315430 1793.243530
vt 1531.214844 1799.017090
vt 1535.122925 1766.396973
vt 1550.592163 1767.722656
vt 1554.406128 1734.559448
vt 1570.989014 1734.334351
vt 1566.736694 1768.541504
vt 1546.261719 1802.293945
vt 1587.629272 1734.158203
vt 1537.905029 1734.732056
vt 1519.223755 1767.173828
vt 1521.463745 1734.698975
vt 1502.777588 1767.202881
vt 1504.994019 1734.284912
vt 1486.054565 1765.494629
vt 1486.974487 1795.409180
vt 1470.616455 1799.713745
vt 1477.621582 1838.225830
vt 1458.695557 1832.227173
vt 1451.937378 1804.227417
vt 1466.428589 1762.797607
vt 1446.461060 1775.775269
vt 1430.223755 1812.859009
vt 1431.937378 1769.747314
vt 1454.094604 1730.740234
vt 1436.461792 1729.645264
vt 1414.935059 1766.651001
vt 1418.860229 1728.914673
vt 1410.847534 1803.964722
vt 1406.907715 1841.086426
vt 1423.036377 1854.659058
vt 1442.095947 1842.794067
vt 1436.523315 1877.077148
vt 1453.356201 1876.697754
vt 1419.727417 1877.480103
vt 1403.024658 1877.929199
vt 1471.346924 1732.108887
vt 1488.361206 1733.355957
vt 1470.292236 1876.199341
vt 1487.131470 1875.625610
vt 1554.608765 1872.186768
vt 1575.712646 1837.983032
vt 1571.461792 1870.904297
vt 1594.398682 1840.362915
vt 1588.324829 1869.479004
vt 1605.131836 1867.695312
vt 1611.913330 1830.515259
vt 1624.229858 1808.626221
vt 1624.121948 1835.105835
vt 1639.521851 1803.315308
vt 772.165710 66.729431
vt 784.783630 57.195095
vt 795.972351 88.834908
vt 773.124695 92.983757
vt 757.832520 72.689598
vt 754.386902 50.040108
vt 768.374207 37.421154
vt 740.345337 62.782780
vt 750.497864 88.939079
vt 726.590088 75.569145
vt 740.031250 109.251038
vt 767.442444 117.868073
vt 796.773010 119.792564
vt 787.841675 138.909348
vt 770.294495 142.863968
vt 792.753479 161.051788
vt 771.886780 166.438690
vt 747.608276 141.947723
vt 749.766174 171.675339
vt 775.016113 192.542770
vt 751.472839 197.849426
vt 778.467651 219.062225
vt 752.002197 222.687637
vt 725.357727 201.086105
vt 726.180664 176.775208
vt 699.737427 178.404968
vt 702.218750 156.528015
vt 724.646240 150.372360
vt 698.731384 130.278748
vt 720.645508 120.580719
vt 756.138000 128.409302
vt 713.119202 88.257492
vt 699.718140 100.683060
vt 686.320435 113.089523
vt 673.081604 125.474594
vt 682.634033 141.849747
vt 659.871033 137.878647
vt 677.185669 156.855759
vt 646.674744 150.288895
vt 669.499390 173.779175
vt 633.334839 162.667282
vt 663.526611 190.612793
vt 643.470520 200.090332
vt 675.395264 214.009445
vt 665.032837 221.797745
vt 657.370667 234.792847
vt 682.792114 237.140869
vt 687.567383 261.767883
vt 707.793762 256.628418
vt 702.672180 231.478577
vt 694.823303 202.349030
vt 726.081238 226.179825
vt 729.341980 252.142853
vt 752.700073 247.503159
vt 778.180969 244.033905
vt 777.343323 267.814545
vt 798.040039 264.130066
vt 812.280151 244.327179
vt 823.520386 280.185822
vt 800.797913 286.084717
vt 819.653442 301.626709
vt 839.242737 308.009949
vt 828.945435 323.852936
vt 806.558411 310.974792
vt 817.291077 338.197815
vt 791.237244 322.817932
vt 781.669739 293.984619
vt 755.274658 273.633575
vt 759.447327 303.753693
vt 732.313354 277.346680
vt 711.911743 277.915253
vt 730.005066 298.383820
vt 701.750366 292.699524
vt 662.529236 268.300995
vt 680.881042 303.514374
vt 648.862610 285.831116
vt 627.652588 258.250458
vt 621.350525 276.447876
vt 596.198364 250.050797
vt 595.111877 272.141449
vt 558.945740 238.859573
vt 571.933472 273.361511
vt 601.490234 299.240570
vt 577.144409 301.111694
vt 551.553040 278.070923
vt 547.752319 251.959061
vt 536.725525 264.988892
vt 525.250671 277.690308
vt 549.758789 299.849731
vt 575.134216 322.494904
vt 613.784302 333.776123
vt 601.265991 345.408142
vt 627.270630 367.955872
vt 647.369507 366.526886
vt 651.102661 347.209442
vt 672.420532 373.828857
vt 667.450867 387.233429
vt 652.942139 389.841125
vt 678.049927 410.847412
vt 685.834290 395.531586
vt 709.941650 417.597809
vt 702.105896 430.610626
vt 724.917542 449.173462
vt 742.792664 438.308136
vt 733.716980 408.310638
vt 700.088074 388.428101
vt 715.629395 375.954987
vt 682.784485 359.344696
vt 697.790771 339.883820
vt 660.915833 331.168549
vt 661.523865 311.184143
vt 712.681213 321.621399
vt 733.482239 346.657623
vt 734.412598 368.138702
vt 761.511597 371.229523
vt 753.360779 382.287506
vt 745.412415 391.402802
vt 772.511169 397.574738
vt 763.775024 414.727478
vt 783.130249 419.405701
vt 789.333618 410.844788
vt 795.679504 401.963654
vt 787.666870 387.207275
vt 799.522949 396.485626
vt 805.937439 387.316986
vt 790.018860 367.644379
vt 809.762451 381.751129
vt 813.709167 375.973633
vt 804.876892 352.812714
vt 820.037537 366.444885
vt 823.936523 360.596588
vt 830.402893 350.743500
vt 834.302307 344.823547
vt 775.815552 336.311615
vt 747.915222 322.038696
vt 725.810913 313.626617
vt 735.818970 330.614624
vt 757.915649 346.267334
vt 779.047852 424.880249
vt 774.972473 430.360504
vt 757.781372 429.773926
vt 768.712524 438.740784
vt 762.443604 447.115601
vt 758.073181 452.760803
vt 751.442261 461.317688
vt 642.443604 310.577271
vt 638.897766 295.928070
vt 621.379028 295.524994
vt 631.397583 319.439697
vt 746.623657 467.155243
vt 570.629211 225.949341
vt 602.903931 229.686722
vt 582.629333 213.184998
vt 594.883728 200.471634
vt 614.218689 220.999130
vt 632.154175 238.143860
vt 625.172852 213.954102
vt 607.353699 187.714691
vt 619.956238 175.014832
vt 840.908997 334.679077
vt 844.811462 328.693848
vt 851.516296 318.335358
vt 855.428162 312.292175
vt 851.118652 291.412048
vt 862.152344 301.864532
vt 868.917847 291.353149
vt 864.215027 279.019501
vt 872.718323 285.448486
vt 879.264954 275.240662
vt 868.677612 263.261169
vt 883.103943 269.294922
vt 886.969666 263.281219
vt 875.575806 243.530899
vt 893.253113 253.588943
vt 897.096191 247.676056
vt 891.305603 228.958145
vt 903.205322 238.365814
vt 909.210510 229.157684
vt 903.376465 216.697266
vt 912.949463 223.449661
vt 918.973633 214.227402
vt 906.563171 198.239212
vt 922.583679 208.698181
vt 928.873596 199.008789
vt 921.730591 183.193085
vt 932.119690 193.991257
vt 939.908813 181.818390
vt 938.595703 177.388718
vt 941.543213 179.174454
vt 911.887695 160.239929
vt 893.342651 171.154953
vt 887.879822 144.035202
vt 877.399475 157.411484
vt 862.978027 146.422394
vt 865.119568 127.836983
vt 842.158203 130.493500
vt 843.360474 111.276390
vt 820.242737 113.137596
vt 822.693420 94.137222
vt 803.043701 76.192093
vt 822.265625 133.202316
vt 813.823303 151.143173
vt 840.896973 150.484436
vt 841.214783 172.963226
vt 818.383911 179.376923
vt 796.536865 185.912140
vt 821.146240 202.738190
vt 847.422913 201.083649
vt 836.588196 213.339066
vt 850.573547 224.826111
vt 828.046326 223.804199
vt 846.647827 244.680969
vt 801.757385 211.659149
vt 844.423340 267.172211
vt 869.184082 220.990097
vt 880.525452 205.741302
vt 863.245605 186.896286
vt 881.938477 186.119324
vt 865.682007 167.561188
vt 1676.495605 751.194092
vt 1679.650146 715.439270
vt 1694.319702 716.517700
vt 1691.570190 757.546570
vt 1684.057373 782.936279
vt 1673.185669 782.660095
vt 1668.059937 782.506592
vt 1656.308350 755.642700
vt 1655.923950 782.246155
vt 1643.660645 781.886902
vt 1637.041992 756.846558
vt 1647.278198 718.795166
vt 1666.508789 716.732117
vt 1658.537354 682.591431
vt 1640.330811 684.656006
vt 1649.759277 654.562256
vt 1632.635376 652.767151
vt 1628.892456 683.831238
vt 1617.416382 681.847290
vt 1613.951782 646.104065
vt 1627.502441 610.779907
vt 1651.523926 610.692444
vt 1640.193115 572.050354
vt 1653.952881 572.500854
vt 1666.890259 572.729675
vt 1674.247437 607.112549
vt 1666.511108 644.459900
vt 1683.042603 634.739807
vt 1692.064209 607.598572
vt 1700.304688 637.451477
vt 1702.163086 615.978149
vt 1705.222046 576.877869
vt 1685.653076 573.490417
vt 1697.200195 538.876709
vt 1679.411743 538.363708
vt 1691.914917 508.843842
vt 1710.766968 497.325409
vt 1708.317017 538.434326
vt 1695.171509 468.512756
vt 1712.895142 470.446198
vt 1677.477051 501.627533
vt 1677.236328 466.324280
vt 1663.700562 492.999695
vt 1657.922729 535.111267
vt 1647.462524 497.831268
vt 1659.131592 464.816681
vt 1641.046387 463.783234
vt 1629.269287 497.264832
vt 1623.042847 463.370483
vt 1611.637451 497.484955
vt 1605.157104 463.068054
vt 1593.452881 496.796936
vt 1587.389771 462.844788
vt 1572.381470 494.380341
vt 1569.572388 462.916870
vt 1551.886597 463.024139
vt 1552.812744 512.331787
vt 1532.448364 495.765106
vt 1534.217529 463.230591
vt 1516.715942 463.588928
vt 1511.548340 498.657715
vt 1499.396240 463.935730
vt 1498.874268 499.619934
vt 1483.937012 499.966400
vt 1482.143433 464.092926
vt 1500.634033 535.859741
vt 1486.157104 535.661255
vt 1488.191772 571.096130
vt 1499.923950 578.304260
vt 1490.019409 606.309509
vt 1505.633423 607.474915
vt 1513.998901 569.938049
vt 1525.886963 601.361267
vt 1528.826294 562.855652
vt 1542.591187 572.559509
vt 1538.724121 537.252869
vt 1552.964722 547.354370
vt 1561.331299 578.781250
vt 1567.963013 537.289490
vt 1583.490845 565.136963
vt 1583.719116 526.120178
vt 1600.891113 536.336975
vt 1599.114502 568.566833
vt 1595.057129 601.271118
vt 1615.914307 570.458862
vt 1610.511841 613.226868
vt 1599.406372 637.560852
vt 1580.802490 646.804382
vt 1574.528320 607.081848
vt 1564.997803 636.929688
vt 1559.641724 614.558838
vt 1545.535767 608.520691
vt 1549.886353 642.072510
vt 1531.381348 641.864624
vt 1510.397705 646.177856
vt 1517.370117 676.186157
vt 1537.304443 676.527588
vt 1522.882446 705.199158
vt 1495.866577 709.127258
vt 1504.591187 677.000549
vt 1493.707886 675.561951
vt 1491.889404 641.211365
vt 1520.265747 744.410400
vt 1497.427246 741.355591
vt 1511.262695 773.602966
vt 1505.150391 773.012756
vt 1498.852905 772.426880
vt 1521.025635 774.401917
vt 1531.214478 775.207275
vt 1539.030273 757.505676
vt 1537.382935 775.804932
vt 1548.169800 776.607483
vt 1554.222168 754.203918
vt 1542.490845 718.745178
vt 1564.120361 718.170776
vt 1571.724854 754.455688
vt 1559.901367 777.536194
vt 1554.102295 777.095825
vt 1570.954468 778.317078
vt 1582.198730 778.998840
vt 1589.337402 755.136108
vt 1587.859253 779.378540
vt 1599.612183 780.018799
vt 1606.743896 751.037109
vt 1596.265991 723.381714
vt 1582.027100 719.812561
vt 1596.502808 681.627258
vt 1608.279175 710.823792
vt 1625.744141 718.295776
vt 1621.261597 761.375183
vt 1609.965698 780.568787
vt 1604.869629 780.315247
vt 1621.776855 781.080383
vt 1626.760620 781.282654
vt 1638.801025 781.734558
vt 1576.297607 688.014221
vt 1559.240234 675.045471
vt 1618.437256 527.269409
vt 1634.772461 533.441833
vt 1521.241699 533.374390
vt 1681.542725 677.740479
vt 1697.906250 674.180115
vt 1690.462402 783.172485
vt 952.436157 1367.966431
vt 965.860901 1354.201660
vt 968.906555 1394.856201
vt 945.612244 1405.361328
vt 931.730652 1362.559692
vt 926.501953 1402.368530
vt 913.598145 1385.063965
vt 911.103699 1430.586060
vt 891.067688 1386.939941
vt 908.068726 1342.545166
vt 888.102966 1339.331299
vt 895.687561 1301.619263
vt 873.304688 1309.779785
vt 871.754578 1352.507568
vt 851.365784 1322.671143
vt 856.606262 1364.338989
vt 838.604431 1363.554932
vt 828.152832 1318.327759
vt 834.168762 1277.600342
vt 854.626526 1274.770264
vt 835.832214 1236.489258
vt 817.491028 1236.864624
vt 815.163513 1278.074219
vt 799.270142 1237.215210
vt 799.718872 1284.114502
vt 780.322449 1276.802368
vt 781.258606 1237.352905
vt 763.315186 1237.450073
vt 758.229797 1275.916992
vt 745.594910 1237.418701
vt 746.351990 1274.822754
vt 746.937256 1312.005737
vt 765.630432 1316.183105
vt 747.642029 1349.059692
vt 765.027466 1344.391235
vt 766.141602 1369.149780
vt 779.262146 1341.014038
vt 784.952698 1379.159668
vt 770.478577 1411.107056
vt 790.363037 1412.181519
vt 786.452637 1447.139160
vt 768.164978 1456.376343
vt 749.065002 1423.038696
vt 748.305786 1386.145752
vt 749.898376 1459.654907
vt 767.831604 1497.235474
vt 750.762207 1495.947632
vt 785.050415 1498.805298
vt 798.872375 1469.551636
vt 802.491211 1500.419678
vt 813.895996 1468.438843
vt 820.087524 1501.887451
vt 831.799072 1468.287476
vt 837.728271 1503.291138
vt 854.077881 1471.053101
vt 855.504333 1504.630127
vt 873.231323 1505.637939
vt 877.667480 1460.776001
vt 891.122253 1506.625488
vt 896.139343 1462.173828
vt 910.778748 1480.442139
vt 890.551636 1432.453003
vt 930.733276 1467.581787
vt 927.273865 1507.967773
vt 909.138245 1507.623413
vt 945.490845 1507.956055
vt 944.841492 1473.224609
vt 957.388855 1472.600830
vt 963.528503 1507.364746
vt 981.237549 1465.090210
vt 981.297058 1506.805542
vt 963.929321 1437.052246
vt 945.653381 1446.909058
vt 931.756042 1429.814087
vt 981.740662 1439.410400
vt 983.029053 1400.613892
vt 983.786804 1363.125977
vt 877.849609 1419.850708
vt 868.447083 1390.761353
vt 861.667114 1427.108643
vt 851.024597 1394.233398
vt 840.817810 1427.179688
vt 838.898315 1395.416870
vt 824.291626 1399.575806
vt 817.454712 1355.367432
vt 803.724060 1388.034790
vt 798.214172 1348.995850
vt 809.055908 1316.064819
vt 791.700867 1313.292847
vt 779.798950 1312.059448
vt 805.893799 1432.110107
vt 823.428040 1438.755981
vt 854.341125 1236.100952
vt 877.307739 1265.669189
vt 873.030701 1235.872803
vt 891.839294 1236.064697
vt 897.874268 1263.713135
vt 914.065125 1276.666138
vt 910.857178 1236.380249
vt 930.200195 1237.090088
vt 927.600586 1275.733643
vt 926.045532 1310.140137
vt 940.620117 1278.116211
vt 950.137451 1325.101685
vt 910.954285 1308.469849
vt 960.996521 1281.552124
vt 949.722351 1238.484131
vt 969.039612 1240.753052
vt 985.389038 1284.488281
vt 987.746460 1243.658936
vt 972.201660 1322.204834
vt 984.495422 1325.172363
s 0
usemtl material_0
f 1/1/1 2/2/1 3/3/1
f 3/3/2 4/4/2 1/1/2
f 1/1/3 4/4/3 5/5/3
f 4/4/4 6/6/4 5/5/4
f 5/5/5 6/6/5 7/7/5
f 6/6/6 8/8/6 7/7/6
f 9/9/7 8/8/7 6/6/7
f 10/10/8 9/9/8 6/6/8
f 6/6/9 11/11/9 10/10/9
f 12/12/10 10/10/10 11/11/10
f 13/13/11 12/12/11 11/11/11
f 13/13/12 11/11/12 3/3/12
f 14/14/13 13/13/13 3/3/13
f 15/15/14 13/13/14 14/14/14
f 16/16/15 15/15/15 14/14/15
f 14/14/16 17/17/16 16/16/16
f 18/18/17 16/16/17 17/17/17
f 17/17/18 19/19/18 18/18/18
f 16/16/19 18/18/19 20/20/19
f 16/16/20 20/20/20 21/21/20
f 21/21/21 22/22/21 16/16/21
f 23/23/22 22/22/22 21/21/22
f 22/22/23 23/23/23 24/24/23
f 24/24/24 25/25/24 22/22/24
f 25/25/25 26/26/25 22/22/25
f 22/22/26 26/26/26 15/15/26
f 26/26/27 27/27/27 15/15/27
f 27/27/28 26/26/28 28/28/28
f 27/27/29 28/28/29 12/12/29
f 12/12/30 28/28/30 29/29/30
f 30/30/31 12/12/31 29/29/31
f 29/29/32 31/31/32 30/30/32
f 30/30/33 31/31/33 32/32/33
f 32/32/34 33/33/34 30/30/34
f 33/33/35 34/34/35 30/30/35
f 35/35/36 34/34/36 33/33/36
f 33/33/37 36/36/37 35/35/37
f 35/35/38 36/36/38 37/37/38
f 38/38/39 35/35/39 37/37/39
f 39/39/40 38/38/40 37/37/40
f 40/40/41 38/38/41 39/39/41
f 41/41/42 38/38/42 40/40/42
f 42/42/43 38/38/43 41/41/43
f 42/42/44 41/41/44 43/43/44
f 8/8/45 42/42/45 43/43/45
f 43/43/46 41/41/46 44/44/46
f 9/9/47 38/38/47 42/42/47
f 45/45/48 38/38/48 9/9/48
f 45/45/49 35/35/49 38/38/49
f 45/45/50 10/10/50 35/35/50
f 36/36/51 39/39/51 37/37/51
f 46/46/52 39/39/52 36/36/52
f 36/36/53 47/47/53 46/46/53
f 46/46/54 47/47/54 48/48/54
f 48/48/55 47/47/55 49/49/55
f 49/49/56 47/47/56 50/50/56
f 49/49/57 50/50/57 51/51/57
f 51/51/58 50/50/58 52/52/58
f 51/51/59 52/52/59 53/53/59
f 53/53/60 52/52/60 54/54/60
f 54/54/61 55/55/61 53/53/61
f 56/56/62 55/55/62 54/54/62
f 54/54/63 57/57/63 56/56/63
f 57/57/64 58/58/64 56/56/64
f 58/58/65 59/59/65 56/56/65
f 59/59/66 58/58/66 60/60/66
f 60/60/67 58/58/67 61/61/67
f 61/61/68 62/62/68 60/60/68
f 63/63/69 61/61/69 58/58/69
f 64/64/70 61/61/70 63/63/70
f 63/63/71 65/65/71 64/64/71
f 66/66/72 65/65/72 63/63/72
f 57/57/73 66/66/73 63/63/73
f 67/67/74 66/66/74 57/57/74
f 57/57/75 68/68/75 67/67/75
f 68/68/76 69/69/76 67/67/76
f 67/67/77 69/69/77 70/70/77
f 69/69/78 71/71/78 70/70/78
f 70/70/79 71/71/79 72/72/79
f 66/66/80 70/70/80 72/72/80
f 72/72/81 71/71/81 73/73/81
f 73/73/82 74/74/82 72/72/82
f 72/72/83 74/74/83 75/75/83
f 75/75/84 65/65/84 72/72/84
f 73/73/85 76/76/85 74/74/85
f 74/74/86 76/76/86 77/77/86
f 76/76/87 78/78/87 77/77/87
f 77/77/88 78/78/88 79/79/88
f 80/80/89 79/79/89 78/78/89
f 80/80/90 78/78/90 81/81/90
f 78/78/91 82/82/91 81/81/91
f 82/82/92 78/78/92 83/83/92
f 83/83/93 84/84/93 82/82/93
f 83/83/94 85/85/94 84/84/94
f 85/85/95 83/83/95 86/86/95
f 86/86/96 87/87/96 85/85/96
f 86/86/97 88/88/97 87/87/97
f 88/88/98 86/86/98 89/89/98
f 88/88/99 89/89/99 90/90/99
f 91/91/100 90/90/100 89/89/100
f 89/89/101 92/92/101 91/91/101
f 91/91/102 92/92/102 93/93/102
f 93/93/103 92/92/103 94/94/103
f 94/94/104 92/92/104 95/95/104
f 95/95/105 96/96/105 94/94/105
f 95/95/106 97/97/106 96/96/106
f 97/97/107 95/95/107 98/98/107
f 98/98/108 99/99/108 97/97/108
f 98/98/109 100/100/109 99/99/109
f 100/100/109 98/98/109 25/25/109
f 100/100/110 25/25/110 101/101/110
f 95/95/111 102/102/111 98/98/111
f 102/102/112 26/26/112 98/98/112
f 103/103/113 102/102/113 95/95/113
f 95/95/114 104/104/114 103/103/114
f 103/103/115 104/104/115 105/105/115
f 105/105/116 104/104/116 106/106/116
f 106/106/117 107/107/117 105/105/117
f 105/105/118 107/107/118 31/31/118
f 106/106/119 108/108/119 107/107/119
f 108/108/120 109/109/120 107/107/120
f 109/109/121 32/32/121 107/107/121
f 109/109/122 110/110/122 32/32/122
f 111/111/123 110/110/123 109/109/123
f 111/111/124 109/109/124 112/112/124
f 112/112/125 50/50/125 111/111/125
f 112/112/126 109/109/126 113/113/126
f 112/112/127 113/113/127 114/114/127
f 112/112/128 114/114/128 52/52/128
f 114/114/129 113/113/129 68/68/129
f 113/113/130 108/108/130 68/68/130
f 111/111/131 50/50/131 110/110/131
f 113/113/132 109/109/132 108/108/132
f 115/115/133 108/108/133 106/106/133
f 115/115/134 106/106/134 116/116/134
f 116/116/135 117/117/135 115/115/135
f 118/118/136 117/117/136 116/116/136
f 118/118/137 116/116/137 86/86/137
f 119/119/138 117/117/138 118/118/138
f 119/119/139 118/118/139 83/83/139
f 71/71/140 117/117/140 119/119/140
f 119/119/141 76/76/141 71/71/141
f 115/115/142 117/117/142 108/108/142
f 108/108/143 117/117/143 69/69/143
f 116/116/144 106/106/144 104/104/144
f 92/92/145 116/116/145 104/104/145
f 105/105/146 102/102/146 103/103/146
f 28/28/147 102/102/147 105/105/147
f 92/92/148 104/104/148 95/95/148
f 89/89/149 116/116/149 92/92/149
f 86/86/150 116/116/150 89/89/150
f 83/83/151 118/118/151 86/86/151
f 83/83/152 78/78/152 119/119/152
f 79/79/153 80/80/153 120/120/153
f 119/119/154 78/78/154 76/76/154
f 71/71/155 76/76/155 73/73/155
f 117/117/156 71/71/156 69/69/156
f 68/68/157 108/108/157 69/69/157
f 114/114/158 68/68/158 57/57/158
f 67/67/159 70/70/159 66/66/159
f 72/72/160 65/65/160 66/66/160
f 63/63/161 58/58/161 57/57/161
f 114/114/162 57/57/162 54/54/162
f 56/56/163 59/59/163 55/55/163
f 52/52/164 114/114/164 54/54/164
f 52/52/165 50/50/165 112/112/165
f 110/110/166 50/50/166 47/47/166
f 110/110/167 47/47/167 33/33/167
f 33/33/168 47/47/168 36/36/168
f 35/35/169 10/10/169 34/34/169
f 110/110/170 33/33/170 32/32/170
f 107/107/171 32/32/171 31/31/171
f 29/29/172 105/105/172 31/31/172
f 34/34/173 12/12/173 30/30/173
f 28/28/174 105/105/174 29/29/174
f 28/28/175 26/26/175 102/102/175
f 98/98/176 26/26/176 25/25/176
f 25/25/24 24/24/24 101/101/24
f 2/2/177 17/17/177 14/14/177
f 22/22/178 15/15/178 16/16/178
f 15/15/179 27/27/179 13/13/179
f 27/27/180 12/12/180 13/13/180
f 34/34/181 10/10/181 12/12/181
f 45/45/182 9/9/182 10/10/182
f 9/9/183 42/42/183 8/8/183
f 4/4/184 11/11/184 6/6/184
f 3/3/185 11/11/185 4/4/185
f 3/3/186 2/2/186 14/14/186
f 44/121/187 41/122/187 121/123/187
f 121/123/188 41/122/188 122/124/188
f 123/125/189 121/123/189 122/124/189
f 123/125/190 122/124/190 124/126/190
f 124/126/191 125/127/191 123/125/191
f 125/127/192 126/128/192 123/125/192
f 127/129/193 126/128/193 125/127/193
f 127/129/194 125/127/194 128/130/194
f 128/130/195 125/127/195 129/131/195
f 129/131/196 125/127/196 130/132/196
f 130/132/197 125/127/197 131/133/197
f 131/133/198 132/134/198 130/132/198
f 133/135/199 132/134/199 131/133/199
f 124/126/200 133/135/200 131/133/200
f 134/136/201 133/135/201 124/126/201
f 124/126/202 135/137/202 134/136/202
f 135/137/203 136/138/203 134/136/203
f 136/138/204 137/139/204 134/136/204
f 137/139/205 136/138/205 138/140/205
f 138/140/206 139/141/206 137/139/206
f 139/141/207 132/134/207 137/139/207
f 140/142/208 139/141/208 138/140/208
f 141/143/209 140/142/209 138/140/209
f 138/140/210 142/144/210 141/143/210
f 141/143/211 142/144/211 143/145/211
f 141/143/212 143/145/212 144/146/212
f 145/147/213 141/143/213 144/146/213
f 145/147/214 144/146/214 146/148/214
f 146/148/215 144/146/215 147/149/215
f 147/149/216 148/150/216 146/148/216
f 146/148/217 148/150/217 149/151/217
f 150/152/218 149/151/218 148/150/218
f 151/153/219 150/152/219 148/150/219
f 151/153/220 148/150/220 152/154/220
f 152/154/221 153/155/221 151/153/221
f 153/155/222 154/156/222 151/153/222
f 155/157/223 154/156/223 153/155/223
f 153/155/224 59/158/224 155/157/224
f 59/158/225 60/159/225 155/157/225
f 155/157/226 60/159/226 156/160/226
f 60/159/227 62/161/227 156/160/227
f 156/160/228 62/161/228 157/162/228
f 157/162/229 158/163/229 156/160/229
f 154/156/230 156/160/230 158/163/230
f 158/163/231 159/164/231 154/156/231
f 154/156/232 159/164/232 150/152/232
f 150/152/233 159/164/233 160/165/233
f 160/165/234 159/164/234 161/166/234
f 159/164/235 162/167/235 161/166/235
f 163/168/236 162/167/236 159/164/236
f 163/168/237 164/169/237 162/167/237
f 162/167/238 164/169/238 165/170/238
f 163/168/239 166/171/239 164/169/239
f 167/172/240 166/171/240 163/168/240
f 163/168/241 158/163/241 167/172/241
f 167/172/242 157/162/242 166/171/242
f 159/164/243 158/163/243 163/168/243
f 167/172/244 158/163/244 157/162/244
f 55/173/245 59/158/245 153/155/245
f 153/155/246 53/174/246 55/173/246
f 168/175/247 53/174/247 153/155/247
f 168/175/248 51/176/248 53/174/248
f 169/177/249 51/176/249 168/175/249
f 168/175/250 170/178/250 169/177/250
f 143/145/251 169/177/251 170/178/251
f 171/179/252 169/177/252 143/145/252
f 171/179/253 49/180/253 169/177/253
f 171/179/254 48/181/254 49/180/254
f 172/182/255 48/181/255 171/179/255
f 172/182/256 171/179/256 142/144/256
f 136/138/257 172/182/257 142/144/257
f 173/183/258 172/182/258 136/138/258
f 46/184/259 172/182/259 173/183/259
f 46/184/260 173/183/260 39/185/260
f 39/185/261 173/183/261 135/137/261
f 174/186/262 39/185/262 135/137/262
f 40/187/263 39/185/263 174/186/263
f 174/186/264 122/124/264 40/187/264
f 48/181/265 172/182/265 46/184/265
f 152/154/266 170/178/266 168/175/266
f 147/149/267 170/178/267 152/154/267
f 169/177/268 49/180/268 51/176/268
f 155/157/269 156/160/269 154/156/269
f 168/175/270 153/155/270 152/154/270
f 154/156/271 150/152/271 151/153/271
f 160/165/272 149/151/272 150/152/272
f 152/154/273 148/150/273 147/149/273
f 144/146/274 170/178/274 147/149/274
f 175/188/275 141/143/275 145/147/275
f 144/146/276 143/145/276 170/178/276
f 142/144/277 171/179/277 143/145/277
f 175/188/278 140/142/278 141/143/278
f 138/140/279 136/138/279 142/144/279
f 173/183/280 136/138/280 135/137/280
f 174/186/281 135/137/281 124/126/281
f 134/136/282 137/139/282 133/135/282
f 137/139/283 132/134/283 133/135/283
f 131/133/284 125/127/284 124/126/284
f 124/126/285 122/124/285 174/186/285
f 126/128/286 121/123/286 123/125/286
f 40/187/287 122/124/287 41/122/287
f 176/189/288 177/190/288 178/191/288
f 178/191/289 179/192/289 176/189/289
f 180/193/290 179/192/290 178/191/290
f 178/191/291 181/194/291 180/193/291
f 180/193/292 181/194/292 182/195/292
f 182/195/293 183/196/293 180/193/293
f 180/193/294 183/196/294 184/197/294
f 184/197/295 185/198/295 180/193/295
f 185/198/296 184/197/296 186/199/296
f 186/199/297 184/197/297 187/200/297
f 187/200/298 188/201/298 186/199/298
f 186/199/299 188/201/299 189/202/299
f 188/201/300 190/203/300 189/202/300
f 189/202/301 190/203/301 191/204/301
f 190/203/302 192/205/302 191/204/302
f 191/204/303 192/205/303 193/206/303
f 194/207/304 192/205/304 190/203/304
f 195/208/305 192/205/305 194/207/305
f 194/207/306 196/209/306 195/208/306
f 195/208/307 196/209/307 197/210/307
f 196/209/308 198/211/308 197/210/308
f 199/212/309 198/211/309 196/209/309
f 196/209/310 200/213/310 199/212/310
f 199/212/311 200/213/311 201/214/311
f 199/212/312 201/214/312 202/215/312
f 202/215/313 201/214/313 203/216/313
f 203/216/314 204/217/314 202/215/314
f 202/215/315 204/217/315 205/218/315
f 205/218/316 206/219/316 202/215/316
f 206/219/317 198/211/317 202/215/317
f 204/217/318 207/220/318 205/218/318
f 205/218/319 207/220/319 208/221/319
f 208/221/320 207/220/320 209/222/320
f 209/222/321 207/220/321 210/223/321
f 210/223/322 211/224/322 209/222/322
f 212/225/323 211/224/323 210/223/323
f 213/226/324 211/224/324 212/225/324
f 213/226/325 212/225/325 214/227/325
f 214/227/326 215/228/326 213/226/326
f 213/226/327 215/228/327 216/229/327
f 215/228/328 217/230/328 216/229/328
f 216/229/329 217/230/329 218/231/329
f 217/230/330 219/232/330 218/231/330
f 218/231/331 219/232/331 220/233/331
f 219/232/332 221/234/332 220/233/332
f 222/235/333 221/234/333 219/232/333
f 219/232/334 223/236/334 222/235/334
f 222/235/335 223/236/335 224/237/335
f 224/237/336 223/236/336 225/238/336
f 224/237/337 225/238/337 226/239/337
f 227/240/338 224/237/338 226/239/338
f 227/240/339 226/239/339 228/241/339
f 228/241/340 226/239/340 229/242/340
f 230/243/341 228/241/341 229/242/341
f 231/244/342 230/243/342 229/242/342
f 229/242/343 232/245/343 231/244/343
f 232/245/344 233/246/344 231/244/344
f 233/246/345 234/247/345 231/244/345
f 235/248/346 234/247/346 233/246/346
f 236/249/347 235/248/347 233/246/347
f 233/246/348 237/250/348 236/249/348
f 236/249/349 237/250/349 238/251/349
f 237/250/349 239/252/349 238/251/349
f 238/251/350 239/252/350 240/253/350
f 241/254/351 240/253/351 239/252/351
f 225/238/352 241/254/352 239/252/352
f 242/255/353 240/253/353 241/254/353
f 241/254/354 243/256/354 242/255/354
f 242/255/355 243/256/355 244/257/355
f 245/258/356 244/257/356 243/256/356
f 243/256/357 246/259/357 245/258/357
f 246/259/358 247/260/358 245/258/358
f 245/258/359 247/260/359 248/261/359
f 248/261/360 249/262/360 245/258/360
f 250/263/361 249/262/361 248/261/361
f 248/261/362 251/264/362 250/263/362
f 250/263/363 251/264/363 252/265/363
f 251/264/364 253/266/364 252/265/364
f 252/265/365 253/266/365 254/267/365
f 253/266/366 255/268/366 254/267/366
f 254/267/367 255/268/367 256/269/367
f 255/268/368 257/270/368 256/269/368
f 256/269/369 257/270/369 258/271/369
f 257/270/370 259/272/370 258/271/370
f 258/271/371 259/272/371 260/273/371
f 261/274/372 260/273/372 259/272/372
f 261/274/373 259/272/373 262/275/373
f 262/275/374 263/276/374 261/274/374
f 261/274/375 263/276/375 264/277/375
f 264/277/376 263/276/376 265/278/376
f 263/276/377 181/194/377 265/278/377
f 265/278/378 181/194/378 266/279/378
f 267/280/379 181/194/379 263/276/379
f 267/280/380 263/276/380 262/275/380
f 268/281/381 267/280/381 262/275/381
f 262/275/382 269/282/382 268/281/382
f 268/281/383 269/282/383 270/283/383
f 270/283/384 271/284/384 268/281/384
f 268/281/385 271/284/385 272/285/385
f 272/285/386 273/286/386 268/281/386
f 274/287/387 273/286/387 272/285/387
f 201/214/388 274/287/388 272/285/388
f 274/287/389 183/196/389 273/286/389
f 275/288/390 183/196/390 274/287/390
f 274/287/391 276/289/391 275/288/391
f 275/288/392 276/289/392 187/200/392
f 200/213/393 276/289/393 274/287/393
f 200/213/394 194/207/394 276/289/394
f 194/207/395 188/201/395 276/289/395
f 187/200/396 183/196/396 275/288/396
f 271/284/397 203/216/397 272/285/397
f 277/290/398 203/216/398 271/284/398
f 270/283/399 277/290/399 271/284/399
f 278/291/400 277/290/400 270/283/400
f 278/291/401 270/283/401 279/292/401
f 279/292/402 280/293/402 278/291/402
f 278/291/403 280/293/403 281/294/403
f 281/294/404 282/295/404 278/291/404
f 283/296/405 282/295/405 281/294/405
f 281/294/406 284/297/406 283/296/406
f 284/297/407 285/298/407 283/296/407
f 283/296/408 285/298/408 214/227/408
f 247/260/409 214/227/409 285/298/409
f 284/297/410 251/264/410 285/298/410
f 212/225/411 282/295/411 283/296/411
f 282/295/412 212/225/412 207/220/412
f 280/293/413 284/297/413 281/294/413
f 284/297/414 280/293/414 253/266/414
f 280/293/415 279/292/415 255/268/415
f 278/291/416 282/295/416 277/290/416
f 282/295/417 204/217/417 277/290/417
f 279/292/418 270/283/418 269/282/418
f 269/282/419 257/270/419 279/292/419
f 273/286/420 267/280/420 268/281/420
f 273/286/421 182/195/421 267/280/421
f 262/275/422 259/272/422 269/282/422
f 264/277/423 260/273/423 261/274/423
f 259/272/424 257/270/424 269/282/424
f 255/268/425 279/292/425 257/270/425
f 253/266/426 280/293/426 255/268/426
f 253/266/427 251/264/427 284/297/427
f 251/264/428 248/261/428 285/298/428
f 285/298/429 248/261/429 247/260/429
f 246/259/430 215/228/430 247/260/430
f 286/299/431 246/259/431 243/256/431
f 286/299/432 217/230/432 246/259/432
f 249/262/433 244/257/433 245/258/433
f 243/256/434 241/254/434 286/299/434
f 286/299/435 241/254/435 223/236/435
f 239/252/436 237/250/436 225/238/436
f 225/238/437 237/250/437 232/245/437
f 287/300/438 235/248/438 236/249/438
f 288/301/439 235/248/439 287/300/439
f 289/302/440 235/248/440 288/301/440
f 289/302/441 290/303/441 235/248/441
f 235/248/442 290/303/442 234/247/442
f 290/303/443 291/304/443 234/247/443
f 234/247/444 291/304/444 230/243/444
f 291/304/445 292/305/445 230/243/445
f 230/243/446 292/305/446 293/306/446
f 237/250/447 233/246/447 232/245/447
f 234/247/448 230/243/448 231/244/448
f 293/306/449 228/241/449 230/243/449
f 226/239/450 232/245/450 229/242/450
f 294/307/451 224/237/451 227/240/451
f 294/307/452 221/234/452 224/237/452
f 226/239/453 225/238/453 232/245/453
f 223/236/454 241/254/454 225/238/454
f 286/299/455 223/236/455 219/232/455
f 224/237/456 221/234/456 222/235/456
f 219/232/457 217/230/457 286/299/457
f 217/230/458 215/228/458 246/259/458
f 215/228/459 214/227/459 247/260/459
f 214/227/460 212/225/460 283/296/460
f 213/226/461 216/229/461 211/224/461
f 207/220/462 212/225/462 210/223/462
f 207/220/463 204/217/463 282/295/463
f 204/217/464 203/216/464 277/290/464
f 272/285/465 203/216/465 201/214/465
f 200/213/466 274/287/466 201/214/466
f 202/215/467 198/211/467 199/212/467
f 196/209/468 194/207/468 200/213/468
f 190/203/469 188/201/469 194/207/469
f 187/200/470 276/289/470 188/201/470
f 184/197/471 183/196/471 187/200/471
f 183/196/472 182/195/472 273/286/472
f 182/195/473 181/194/473 267/280/473
f 181/194/474 178/191/474 266/279/474
f 266/279/475 178/191/475 295/308/475
f 180/193/476 185/198/476 179/192/476
f 178/191/477 177/190/477 295/308/477
f 296/309/478 297/310/478 298/311/478
f 299/312/479 296/309/479 298/311/479
f 299/312/480 298/311/480 300/313/480
f 300/313/481 197/314/481 299/312/481
f 299/312/482 197/314/482 198/315/482
f 206/316/483 299/312/483 198/315/483
f 301/317/484 299/312/484 206/316/484
f 206/316/485 302/318/485 301/317/485
f 301/317/486 302/318/486 303/319/486
f 304/320/487 301/317/487 303/319/487
f 303/319/488 305/321/488 304/320/488
f 305/321/489 306/322/489 304/320/489
f 304/320/490 306/322/490 307/323/490
f 307/323/491 297/310/491 304/320/491
f 297/310/492 307/323/492 308/324/492
f 308/324/493 309/325/493 297/310/493
f 310/326/494 309/325/494 308/324/494
f 310/326/495 308/324/495 311/327/495
f 311/327/496 312/328/496 310/326/496
f 310/326/497 312/328/497 313/329/497
f 313/329/498 314/330/498 310/326/498
f 314/330/499 315/331/499 310/326/499
f 314/330/500 316/332/500 315/331/500
f 316/332/501 317/333/501 315/331/501
f 315/331/502 317/333/502 318/334/502
f 315/331/503 318/334/503 309/325/503
f 309/325/504 318/334/504 298/311/504
f 318/334/505 317/333/505 300/313/505
f 300/313/506 317/333/506 319/335/506
f 195/336/507 300/313/507 319/335/507
f 319/335/508 320/337/508 195/336/508
f 195/336/509 320/337/509 192/338/509
f 321/339/510 192/338/510 320/337/510
f 320/337/511 322/340/511 321/339/511
f 323/341/512 322/340/512 320/337/512
f 320/337/513 317/333/513 323/341/513
f 324/342/514 322/340/514 323/341/514
f 324/342/515 323/341/515 316/332/515
f 325/343/516 324/342/516 316/332/516
f 326/344/517 324/342/517 325/343/517
f 327/345/518 326/344/518 325/343/518
f 325/343/519 328/346/519 327/345/519
f 328/346/520 325/343/520 329/347/520
f 329/347/521 325/343/521 314/330/521
f 314/330/522 330/348/522 329/347/522
f 326/344/523 327/345/523 331/349/523
f 326/344/524 331/349/524 332/350/524
f 332/350/524 333/351/524 326/344/524
f 333/351/525 334/352/525 326/344/525
f 335/353/526 333/351/526 332/350/526
f 326/344/527 334/352/527 324/342/527
f 334/352/528 322/340/528 324/342/528
f 193/354/529 192/338/529 321/339/529
f 319/335/530 317/333/530 320/337/530
f 316/332/531 323/341/531 317/333/531
f 325/343/532 316/332/532 314/330/532
f 330/348/533 314/330/533 313/329/533
f 311/327/534 308/324/534 336/355/534
f 308/324/535 337/356/535 336/355/535
f 337/356/536 308/324/536 338/357/536
f 337/356/537 338/357/537 339/358/537
f 340/359/538 339/358/538 338/357/538
f 338/357/539 341/360/539 340/359/539
f 340/359/540 341/360/540 342/361/540
f 343/362/541 342/361/541 341/360/541
f 341/360/542 344/363/542 343/362/542
f 343/362/543 344/363/543 345/364/543
f 346/365/544 345/364/544 344/363/544
f 344/363/545 347/366/545 346/365/545
f 346/365/546 347/366/546 348/367/546
f 347/366/547 349/368/547 348/367/547
f 349/368/548 347/366/548 350/369/548
f 349/368/549 350/369/549 351/370/549
f 350/369/550 352/371/550 351/370/550
f 352/371/551 350/369/551 353/372/551
f 353/372/552 354/373/552 352/371/552
f 353/372/553 355/374/553 354/373/553
f 355/374/554 353/372/554 356/375/554
f 356/375/555 357/376/555 355/374/555
f 356/375/556 358/377/556 357/376/556
f 358/377/557 356/375/557 359/378/557
f 359/378/558 360/379/558 358/377/558
f 359/378/559 361/380/559 360/379/559
f 361/380/560 359/378/560 362/381/560
f 361/380/561 362/381/561 363/382/561
f 364/383/562 363/382/562 362/381/562
f 362/381/563 365/384/563 364/383/563
f 364/383/564 365/384/564 366/385/564
f 365/384/565 367/386/565 366/385/565
f 367/386/566 365/384/566 368/387/566
f 368/387/567 369/388/567 367/386/567
f 370/389/568 369/388/568 368/387/568
f 368/387/569 371/390/569 370/389/569
f 370/389/570 371/390/570 372/391/570
f 372/391/571 371/390/571 373/392/571
f 373/392/572 371/390/572 374/393/572
f 374/393/573 375/394/573 373/392/573
f 375/394/574 374/393/574 376/395/574
f 376/395/575 374/393/575 377/396/575
f 377/396/576 378/397/576 376/395/576
f 378/397/577 377/396/577 379/398/577
f 379/398/578 377/396/578 380/399/578
f 380/399/578 381/400/578 379/398/578
f 380/399/579 382/401/579 381/400/579
f 382/401/580 380/399/580 383/402/580
f 382/401/581 383/402/581 384/403/581
f 383/402/582 385/404/582 384/403/582
f 385/404/583 383/402/583 386/405/583
f 385/404/584 386/405/584 387/406/584
f 383/402/585 388/407/585 386/405/585
f 389/408/586 388/407/586 383/402/586
f 389/408/587 383/402/587 390/409/587
f 391/410/588 389/408/588 390/409/588
f 390/409/589 392/411/589 391/410/589
f 391/410/590 392/411/590 393/412/590
f 393/412/591 394/413/591 391/410/591
f 391/410/592 394/413/592 395/414/592
f 395/414/593 396/415/593 391/410/593
f 397/416/594 396/415/594 395/414/594
f 398/417/595 397/416/595 395/414/595
f 397/416/596 399/418/596 396/415/596
f 399/418/597 388/407/597 396/415/597
f 394/413/598 398/417/598 395/414/598
f 400/419/599 398/417/599 394/413/599
f 401/420/600 400/419/600 394/413/600
f 394/413/601 402/421/601 401/420/601
f 403/422/602 401/420/602 402/421/602
f 403/422/603 402/421/603 404/423/603
f 405/424/604 403/422/604 404/423/604
f 405/424/605 404/423/605 368/387/605
f 405/424/606 368/387/606 406/425/606
f 405/424/607 406/425/607 407/426/607
f 407/426/608 406/425/608 408/427/608
f 408/427/609 409/428/609 407/426/609
f 407/426/610 409/428/610 410/429/610
f 410/429/611 411/430/611 407/426/611
f 407/426/612 411/430/612 403/422/612
f 412/431/613 411/430/613 410/429/613
f 413/432/614 411/430/614 412/431/614
f 414/433/615 413/432/615 412/431/615
f 412/431/616 415/434/616 414/433/616
f 414/433/617 415/434/617 416/435/617
f 416/435/618 417/436/618 414/433/618
f 418/437/619 414/433/619 417/436/619
f 418/437/620 417/436/620 293/438/620
f 292/439/621 418/437/621 293/438/621
f 419/440/622 418/437/622 292/439/622
f 419/440/623 292/439/623 420/441/623
f 420/441/624 421/442/624 419/440/624
f 419/440/625 421/442/625 422/443/625
f 423/444/626 419/440/626 422/443/626
f 422/443/627 413/432/627 423/444/627
f 424/445/628 413/432/628 422/443/628
f 424/445/629 422/443/629 400/419/629
f 424/445/630 401/420/630 413/432/630
f 400/419/631 422/443/631 421/442/631
f 421/442/632 420/441/632 425/446/632
f 398/417/633 421/442/633 425/446/633
f 418/437/634 419/440/634 423/444/634
f 293/438/635 417/436/635 228/447/635
f 417/436/636 227/448/636 228/447/636
f 426/449/637 227/448/637 417/436/637
f 426/449/638 294/450/638 227/448/638
f 427/451/639 294/450/639 426/449/639
f 426/449/640 428/452/640 427/451/640
f 427/451/641 428/452/641 429/453/641
f 221/454/642 427/451/642 429/453/642
f 221/454/643 429/453/643 220/455/643
f 220/455/644 429/453/644 430/456/644
f 430/456/645 431/457/645 220/455/645
f 220/455/646 431/457/646 218/458/646
f 431/457/647 216/459/647 218/458/647
f 432/460/648 216/459/648 431/457/648
f 433/461/649 432/460/649 431/457/649
f 434/462/650 432/460/650 433/461/650
f 435/463/651 434/462/651 433/461/651
f 435/463/652 433/461/652 436/464/652
f 436/464/653 437/465/653 435/463/653
f 435/463/654 437/465/654 438/466/654
f 438/466/655 439/467/655 435/463/655
f 440/468/656 439/467/656 438/466/656
f 438/466/657 441/469/657 440/468/657
f 442/470/658 440/468/658 441/469/658
f 441/469/659 443/471/659 442/470/659
f 443/471/660 444/472/660 442/470/660
f 442/470/661 444/472/661 445/473/661
f 446/474/662 442/470/662 445/473/662
f 446/474/663 445/473/663 447/475/663
f 448/476/664 446/474/664 447/475/664
f 303/319/665 448/476/665 447/475/665
f 449/477/666 446/474/666 448/476/666
f 448/476/667 208/478/667 449/477/667
f 449/477/668 208/478/668 209/479/668
f 209/479/669 450/480/669 449/477/669
f 451/481/670 449/477/670 450/480/670
f 439/467/671 451/481/671 450/480/671
f 452/482/672 439/467/672 450/480/672
f 434/462/673 439/467/673 452/482/673
f 452/482/674 211/483/674 434/462/674
f 209/479/675 211/483/675 452/482/675
f 452/482/676 450/480/676 209/479/676
f 448/476/677 302/318/677 208/478/677
f 208/478/678 302/318/678 205/484/678
f 446/474/679 449/477/679 451/481/679
f 447/475/680 445/473/680 305/321/680
f 451/481/681 442/470/681 446/474/681
f 445/473/682 444/472/682 305/321/682
f 443/471/683 344/363/683 444/472/683
f 444/472/684 344/363/684 306/322/684
f 453/485/685 443/471/685 441/469/685
f 441/469/686 454/486/686 453/485/686
f 453/485/687 454/486/687 455/487/687
f 453/485/688 455/487/688 350/369/688
f 454/486/689 456/488/689 455/487/689
f 456/488/690 356/375/690 455/487/690
f 457/489/691 456/488/691 454/486/691
f 438/466/692 457/489/692 454/486/692
f 457/489/693 458/490/693 456/488/693
f 458/490/694 359/378/694 456/488/694
f 458/490/695 459/491/695 359/378/695
f 458/490/696 460/492/696 459/491/696
f 408/427/697 459/491/697 460/492/697
f 461/493/698 460/492/698 458/490/698
f 462/494/699 460/492/699 461/493/699
f 461/493/700 457/489/700 462/494/700
f 462/494/701 457/489/701 437/465/701
f 437/465/702 463/495/702 462/494/702
f 464/496/703 462/494/703 463/495/703
f 465/497/704 464/496/704 463/495/704
f 465/497/705 463/495/705 466/498/705
f 430/456/706 465/497/706 466/498/706
f 433/461/707 430/456/707 466/498/707
f 466/498/708 463/495/708 436/464/708
f 428/452/709 464/496/709 465/497/709
f 416/435/710 464/496/710 428/452/710
f 467/499/711 462/494/711 464/496/711
f 415/434/712 467/499/712 464/496/712
f 409/428/713 467/499/713 415/434/713
f 467/499/714 409/428/714 460/492/714
f 467/499/715 460/492/715 462/494/715
f 461/493/716 458/490/716 457/489/716
f 443/471/717 453/485/717 347/366/717
f 451/481/718 440/468/718 442/470/718
f 454/486/719 441/469/719 438/466/719
f 440/468/720 451/481/720 439/467/720
f 437/465/721 457/489/721 438/466/721
f 436/464/722 463/495/722 437/465/722
f 436/464/723 433/461/723 466/498/723
f 439/467/724 434/462/724 435/463/724
f 434/462/725 211/483/725 432/460/725
f 211/483/726 216/459/726 432/460/726
f 431/457/727 430/456/727 433/461/727
f 429/453/728 465/497/728 430/456/728
f 429/453/729 428/452/729 465/497/729
f 416/435/730 428/452/730 426/449/730
f 294/450/731 427/451/731 221/454/731
f 423/444/732 414/433/732 418/437/732
f 426/449/733 417/436/733 416/435/733
f 415/434/734 464/496/734 416/435/734
f 415/434/735 412/431/735 409/428/735
f 423/444/736 413/432/736 414/433/736
f 413/432/737 401/420/737 411/430/737
f 409/428/738 412/431/738 410/429/738
f 460/492/739 409/428/739 408/427/739
f 406/425/740 459/491/740 408/427/740
f 406/425/741 362/381/741 459/491/741
f 407/426/742 403/422/742 405/424/742
f 404/423/743 402/421/743 468/500/743
f 468/500/744 374/393/744 404/423/744
f 468/500/745 392/411/745 374/393/745
f 393/412/746 468/500/746 402/421/746
f 411/430/747 401/420/747 403/422/747
f 424/445/748 400/419/748 401/420/748
f 400/419/749 421/442/749 398/417/749
f 393/412/750 402/421/750 394/413/750
f 392/411/751 468/500/751 393/412/751
f 390/409/752 377/396/752 392/411/752
f 396/415/753 389/408/753 391/410/753
f 396/415/754 388/407/754 389/408/754
f 390/409/755 383/402/755 380/399/755
f 380/399/756 377/396/756 390/409/756
f 374/393/757 392/411/757 377/396/757
f 404/423/758 374/393/758 371/390/758
f 368/387/759 404/423/759 371/390/759
f 406/425/760 368/387/760 365/384/760
f 365/384/761 362/381/761 406/425/761
f 359/378/762 459/491/762 362/381/762
f 456/488/763 359/378/763 356/375/763
f 455/487/764 356/375/764 353/372/764
f 350/369/765 455/487/765 353/372/765
f 347/366/766 453/485/766 350/369/766
f 347/366/767 344/363/767 443/471/767
f 306/322/768 344/363/768 341/360/768
f 341/360/769 338/357/769 306/322/769
f 310/326/770 315/331/770 309/325/770
f 308/324/771 307/323/771 338/357/771
f 306/322/772 338/357/772 307/323/772
f 305/321/773 444/472/773 306/322/773
f 447/475/774 305/321/774 303/319/774
f 296/309/775 301/317/775 304/320/775
f 302/318/776 448/476/776 303/319/776
f 302/318/777 206/316/777 205/484/777
f 197/314/778 300/313/778 195/336/778
f 300/313/779 298/311/779 318/334/779
f 301/317/780 296/309/780 299/312/780
f 298/311/781 297/310/781 309/325/781
f 304/320/782 297/310/782 296/309/782
f 469/501/783 470/502/783 471/503/783
f 472/504/784 469/501/784 471/503/784
f 473/505/785 469/501/785 472/504/785
f 474/506/786 473/505/786 472/504/786
f 475/507/787 473/505/787 474/506/787
f 475/507/788 474/506/788 476/508/788
f 477/509/789 475/507/789 476/508/789
f 477/509/790 476/508/790 478/510/790
f 479/511/791 477/509/791 478/510/791
f 478/510/792 480/512/792 479/511/792
f 481/513/793 479/511/793 480/512/793
f 480/512/794 482/514/794 481/513/794
f 481/513/795 482/514/795 483/515/795
f 482/514/796 62/516/796 483/515/796
f 157/517/797 62/516/797 482/514/797
f 166/518/798 157/517/798 482/514/798
f 166/518/799 482/514/799 484/519/799
f 485/520/800 166/518/800 484/519/800
f 485/520/801 484/519/801 486/521/801
f 487/522/802 485/520/802 486/521/802
f 476/508/803 487/522/803 486/521/803
f 488/523/804 487/522/804 476/508/804
f 489/524/805 485/520/805 487/522/805
f 489/524/806 165/525/806 485/520/806
f 485/520/807 165/525/807 164/526/807
f 486/521/808 484/519/808 478/510/808
f 164/526/809 166/518/809 485/520/809
f 484/519/810 482/514/810 480/512/810
f 490/527/811 479/511/811 481/513/811
f 490/527/812 491/528/812 479/511/812
f 492/529/813 491/528/813 490/527/813
f 492/529/814 493/530/814 491/528/814
f 493/530/815 494/531/815 491/528/815
f 491/528/816 494/531/816 477/509/816
f 493/530/817 495/532/817 494/531/817
f 494/531/818 495/532/818 496/533/818
f 494/531/819 496/533/819 475/507/819
f 497/534/820 496/533/820 495/532/820
f 495/532/821 498/535/821 497/534/821
f 497/534/822 498/535/822 499/536/822
f 497/534/823 499/536/823 500/537/823
f 497/534/824 500/537/824 501/538/824
f 501/538/825 500/537/825 502/539/825
f 501/538/826 502/539/826 469/501/826
f 500/537/827 503/540/827 502/539/827
f 502/539/828 503/540/828 504/541/828
f 504/541/829 505/542/829 502/539/829
f 502/539/830 505/542/830 470/502/830
f 505/542/831 506/543/831 470/502/831
f 470/502/832 506/543/832 507/544/832
f 505/542/833 288/545/833 506/543/833
f 289/546/834 288/545/834 505/542/834
f 289/546/835 505/542/835 290/547/835
f 290/547/836 505/542/836 504/541/836
f 504/541/837 291/548/837 290/547/837
f 503/540/838 291/548/838 504/541/838
f 291/548/839 503/540/839 292/549/839
f 292/549/840 503/540/840 508/550/840
f 503/540/841 500/537/841 508/550/841
f 508/550/842 500/537/842 509/551/842
f 500/537/843 499/536/843 509/551/843
f 501/538/844 496/533/844 497/534/844
f 501/538/845 473/505/845 496/533/845
f 495/532/846 493/530/846 498/535/846
f 498/535/847 493/530/847 510/552/847
f 510/552/848 493/530/848 492/529/848
f 484/519/849 480/512/849 478/510/849
f 491/528/850 477/509/850 479/511/850
f 478/510/851 476/508/851 486/521/851
f 494/531/852 475/507/852 477/509/852
f 476/508/853 474/506/853 488/523/853
f 475/507/854 496/533/854 473/505/854
f 469/501/855 473/505/855 501/538/855
f 471/503/856 470/502/856 507/544/856
f 469/501/857 502/539/857 470/502/857
f 511/553/858 512/554/858 513/555/858
f 511/553/859 513/555/859 514/556/859
f 511/553/860 514/556/860 515/557/860
f 515/557/861 514/556/861 516/558/861
f 515/557/862 516/558/862 490/559/862
f 490/559/863 517/560/863 515/557/863
f 517/560/864 512/554/864 515/557/864
f 517/560/865 518/561/865 512/554/865
f 518/561/866 519/562/866 512/554/866
f 520/563/867 519/562/867 518/561/867
f 521/564/868 520/563/868 518/561/868
f 522/565/869 521/564/869 518/561/869
f 523/566/870 521/564/870 522/565/870
f 523/566/871 522/565/871 62/567/871
f 523/566/872 62/567/872 61/568/872
f 64/569/873 523/566/873 61/568/873
f 62/567/874 522/565/874 483/570/874
f 483/570/875 522/565/875 481/571/875
f 481/571/876 522/565/876 517/560/876
f 521/564/877 523/566/877 64/569/877
f 65/572/878 521/564/878 64/569/878
f 524/573/879 521/564/879 65/572/879
f 75/574/880 524/573/880 65/572/880
f 525/575/881 524/573/881 75/574/881
f 525/575/882 75/574/882 526/576/882
f 527/577/883 525/575/883 526/576/883
f 526/576/884 528/578/884 527/577/884
f 527/577/885 528/578/885 529/579/885
f 530/580/886 527/577/886 529/579/886
f 530/580/887 529/579/887 531/581/887
f 530/580/888 531/581/888 519/562/888
f 519/562/889 531/581/889 513/555/889
f 531/581/890 532/582/890 513/555/890
f 533/583/891 532/582/891 531/581/891
f 533/583/892 531/581/892 534/584/892
f 535/585/893 533/583/893 534/584/893
f 534/584/894 536/586/894 535/585/894
f 388/587/895 535/585/895 536/586/895
f 537/588/896 388/587/896 536/586/896
f 536/586/897 538/589/897 537/588/897
f 539/590/898 537/588/898 538/589/898
f 538/589/899 540/591/899 539/590/899
f 540/591/900 538/589/900 541/592/900
f 541/592/901 538/589/901 542/593/901
f 542/593/902 543/594/902 541/592/902
f 542/593/903 544/595/903 543/594/903
f 544/595/904 542/593/904 545/596/904
f 544/595/905 545/596/905 546/597/905
f 545/596/906 547/598/906 546/597/906
f 547/598/907 545/596/907 548/599/907
f 548/599/907 549/600/907 547/598/907
f 550/601/908 549/600/908 548/599/908
f 548/599/909 551/602/909 550/601/909
f 550/601/910 551/602/910 552/603/910
f 553/604/911 552/603/911 551/602/911
f 551/602/912 79/605/912 553/604/912
f 553/604/913 79/605/913 120/606/913
f 551/602/914 554/607/914 79/605/914
f 79/605/915 554/607/915 77/608/915
f 554/607/916 74/609/916 77/608/916
f 526/576/917 74/609/917 554/607/917
f 551/602/918 528/578/918 554/607/918
f 548/599/919 528/578/919 551/602/919
f 545/596/920 528/578/920 548/599/920
f 555/610/921 528/578/921 545/596/921
f 542/593/922 555/610/922 545/596/922
f 556/611/923 555/610/923 542/593/923
f 542/593/924 557/612/924 556/611/924
f 556/611/925 557/612/925 558/613/925
f 558/613/926 557/612/926 534/584/926
f 558/613/927 555/610/927 556/611/927
f 529/579/928 555/610/928 558/613/928
f 538/589/929 557/612/929 542/593/929
f 559/614/930 537/588/930 539/590/930
f 537/588/931 559/614/931 560/615/931
f 560/615/932 386/616/932 537/588/932
f 387/617/933 386/616/933 560/615/933
f 557/612/934 538/589/934 536/586/934
f 386/616/935 388/587/935 537/588/935
f 399/618/936 535/585/936 388/587/936
f 399/618/937 561/619/937 535/585/937
f 562/620/938 561/619/938 399/618/938
f 562/620/939 399/618/939 397/621/939
f 397/621/940 563/622/940 562/620/940
f 564/623/941 563/622/941 397/621/941
f 564/623/942 397/621/942 398/624/942
f 564/623/943 398/624/943 565/625/943
f 566/626/944 564/623/944 565/625/944
f 566/626/945 565/625/945 567/627/945
f 568/628/946 566/626/946 567/627/946
f 567/627/947 510/629/947 568/628/947
f 492/630/948 568/628/948 510/629/948
f 516/558/949 568/628/949 492/630/949
f 516/558/950 569/631/950 568/628/950
f 498/632/951 510/629/951 567/627/951
f 498/632/952 567/627/952 499/633/952
f 499/633/953 567/627/953 570/634/953
f 499/633/954 570/634/954 509/635/954
f 509/635/955 570/634/955 571/636/955
f 420/637/956 509/635/956 571/636/956
f 425/638/957 420/637/957 571/636/957
f 508/639/958 509/635/958 420/637/958
f 420/637/959 292/640/959 508/639/959
f 571/636/960 570/634/960 425/638/960
f 425/638/961 570/634/961 565/625/961
f 569/631/962 566/626/962 568/628/962
f 572/641/963 566/626/963 569/631/963
f 572/641/964 569/631/964 532/582/964
f 532/582/965 569/631/965 514/556/965
f 563/622/966 566/626/966 572/641/966
f 561/619/967 563/622/967 572/641/967
f 561/619/968 572/641/968 533/583/968
f 567/627/969 565/625/969 570/634/969
f 565/625/970 398/624/970 425/638/970
f 563/622/971 564/623/971 566/626/971
f 562/620/972 563/622/972 561/619/972
f 557/612/973 536/586/973 534/584/973
f 561/619/974 533/583/974 535/585/974
f 534/584/975 531/581/975 558/613/975
f 533/583/976 572/641/976 532/582/976
f 531/581/977 529/579/977 558/613/977
f 573/642/978 527/577/978 530/580/978
f 530/580/979 520/563/979 573/642/979
f 573/642/980 520/563/980 525/575/980
f 529/579/981 528/578/981 555/610/981
f 554/607/982 528/578/982 526/576/982
f 573/642/983 525/575/983 527/577/983
f 526/576/984 75/574/984 74/609/984
f 525/575/985 520/563/985 524/573/985
f 524/573/986 520/563/986 521/564/986
f 519/562/987 520/563/987 530/580/987
f 522/565/988 518/561/988 517/560/988
f 481/571/989 517/560/989 490/559/989
f 490/559/990 516/558/990 492/630/990
f 514/556/991 569/631/991 516/558/991
f 514/556/992 513/555/992 532/582/992
f 513/555/993 512/554/993 519/562/993
f 515/557/994 512/554/994 511/553/994
usemtl material_0.001
f 574/643/995 575/644/995 576/645/995
f 574/643/996 576/645/996 577/646/996
f 577/646/997 578/647/997 574/643/997
f 579/648/998 578/647/998 577/646/998
f 577/646/999 580/649/999 579/648/999
f 580/649/1000 581/650/1000 579/648/1000
f 579/648/1001 581/650/1001 582/651/1001
f 583/652/1002 579/648/1002 582/651/1002
f 582/651/1003 584/653/1003 583/652/1003
f 583/652/1004 584/653/1004 585/654/1004
f 585/654/1005 586/655/1005 583/652/1005
f 583/652/1006 586/655/1006 578/647/1006
f 586/655/1007 575/644/1007 578/647/1007
f 575/644/1008 586/655/1008 587/656/1008
f 587/656/1009 588/657/1009 575/644/1009
f 589/658/1010 575/644/1010 588/657/1010
f 590/659/1011 575/644/1011 589/658/1011
f 589/658/1012 591/660/1012 590/659/1012
f 587/656/1013 586/655/1013 592/661/1013
f 592/661/1014 586/655/1014 593/662/1014
f 593/662/1015 586/655/1015 585/654/1015
f 585/654/1016 594/663/1016 593/662/1016
f 594/663/1017 585/654/1017 595/664/1017
f 595/664/1018 585/654/1018 596/665/1018
f 596/665/1019 597/666/1019 595/664/1019
f 596/665/1020 598/667/1020 597/666/1020
f 598/667/1021 596/665/1021 599/668/1021
f 599/668/1022 600/669/1022 598/667/1022
f 599/668/1023 601/670/1023 600/669/1023
f 601/670/1024 599/668/1024 602/671/1024
f 601/670/1025 602/671/1025 603/672/1025
f 604/673/1026 603/672/1026 602/671/1026
f 602/671/1027 605/674/1027 604/673/1027
f 604/673/1028 605/674/1028 606/675/1028
f 605/674/1029 607/676/1029 606/675/1029
f 607/676/1030 605/674/1030 608/677/1030
f 608/677/1031 609/678/1031 607/676/1031
f 608/677/1032 610/679/1032 609/678/1032
f 610/679/1033 608/677/1033 611/680/1033
f 610/679/1034 611/680/1034 612/681/1034
f 613/682/1035 612/681/1035 611/680/1035
f 611/680/1036 614/683/1036 613/682/1036
f 613/682/1037 614/683/1037 615/684/1037
f 615/684/1038 614/683/1038 616/685/1038
f 616/685/1039 614/683/1039 617/686/1039
f 617/686/1040 618/687/1040 616/685/1040
f 619/688/1041 618/687/1041 617/686/1041
f 614/683/1042 620/689/1042 617/686/1042
f 621/690/1043 620/689/1043 614/683/1043
f 614/683/1044 622/691/1044 621/690/1044
f 622/691/1045 623/692/1045 621/690/1045
f 621/690/1046 623/692/1046 624/693/1046
f 623/692/1047 625/694/1047 624/693/1047
f 626/695/1048 624/693/1048 625/694/1048
f 627/696/1049 626/695/1049 625/694/1049
f 625/694/1050 628/697/1050 627/696/1050
f 628/697/1051 629/698/1051 627/696/1051
f 627/696/1052 629/698/1052 630/699/1052
f 631/700/1053 627/696/1053 630/699/1053
f 631/700/1054 630/699/1054 632/701/1054
f 633/702/1055 631/700/1055 632/701/1055
f 634/703/1056 633/702/1056 632/701/1056
f 634/703/1057 632/701/1057 635/704/1057
f 634/703/1058 635/704/1058 636/705/1058
f 637/706/1059 634/703/1059 636/705/1059
f 638/707/1060 634/703/1060 637/706/1060
f 638/707/1061 637/706/1061 639/708/1061
f 638/707/1062 639/708/1062 633/702/1062
f 633/702/1063 639/708/1063 640/709/1063
f 641/710/1064 633/702/1064 640/709/1064
f 642/711/1065 633/702/1065 641/710/1065
f 641/710/1066 643/712/1066 642/711/1066
f 643/712/1067 644/713/1067 642/711/1067
f 642/711/1068 644/713/1068 631/700/1068
f 643/712/1069 645/714/1069 644/713/1069
f 644/713/1070 645/714/1070 626/695/1070
f 645/714/1071 646/715/1071 626/695/1071
f 626/695/1072 646/715/1072 647/716/1072
f 647/716/1073 646/715/1073 620/689/1073
f 620/689/1074 624/693/1074 647/716/1074
f 639/708/1075 637/706/1075 648/717/1075
f 636/705/1076 635/704/1076 649/718/1076
f 635/704/1077 650/719/1077 649/718/1077
f 651/720/1078 650/719/1078 635/704/1078
f 635/704/1079 652/721/1079 651/720/1079
f 651/720/1080 652/721/1080 653/722/1080
f 654/723/1081 651/720/1081 653/722/1081
f 653/722/1082 655/724/1082 654/723/1082
f 655/724/1083 656/725/1083 654/723/1083
f 654/723/1084 656/725/1084 657/726/1084
f 654/723/1085 657/726/1085 658/727/1085
f 658/727/1086 657/726/1086 659/728/1086
f 659/728/1087 660/729/1087 658/727/1087
f 658/727/1088 660/729/1088 661/730/1088
f 650/719/1089 658/727/1089 661/730/1089
f 659/728/1090 662/731/1090 660/729/1090
f 663/732/1091 662/731/1091 659/728/1091
f 663/732/1092 659/728/1092 664/733/1092
f 665/734/1093 663/732/1093 664/733/1093
f 664/733/1094 666/735/1094 665/734/1094
f 666/735/1095 667/736/1095 665/734/1095
f 667/736/1096 668/737/1096 665/734/1096
f 669/738/1097 668/737/1097 667/736/1097
f 667/736/1098 670/739/1098 669/738/1098
f 669/738/1099 670/739/1099 671/740/1099
f 671/740/1100 672/741/1100 669/738/1100
f 669/738/1101 672/741/1101 673/742/1101
f 672/741/1102 671/740/1102 674/743/1102
f 674/743/1103 671/740/1103 675/744/1103
f 674/743/1104 675/744/1104 676/745/1104
f 676/745/1105 675/744/1105 677/746/1105
f 677/746/1106 678/747/1106 676/745/1106
f 676/745/1107 678/747/1107 679/748/1107
f 677/746/1108 680/749/1108 678/747/1108
f 678/747/1109 680/749/1109 681/750/1109
f 681/750/1110 680/749/1110 682/751/1110
f 682/751/1111 680/749/1111 683/752/1111
f 683/752/1112 684/753/1112 682/751/1112
f 682/751/1113 684/753/1113 685/754/1113
f 684/753/1114 686/755/1114 685/754/1114
f 687/756/1115 686/755/1115 684/753/1115
f 688/757/1116 687/756/1116 684/753/1116
f 580/649/1117 687/756/1117 688/757/1117
f 689/758/1118 580/649/1118 688/757/1118
f 690/759/1119 689/758/1119 688/757/1119
f 690/759/1120 688/757/1120 683/752/1120
f 690/759/1121 683/752/1121 691/760/1121
f 670/739/1122 690/759/1122 691/760/1122
f 675/744/1123 670/739/1123 691/760/1123
f 692/761/1124 690/759/1124 670/739/1124
f 670/739/1125 693/762/1125 692/761/1125
f 693/762/1126 689/758/1126 692/761/1126
f 694/763/1127 689/758/1127 693/762/1127
f 666/735/1128 694/763/1128 693/762/1128
f 695/764/1129 694/763/1129 666/735/1129
f 666/735/1130 696/765/1130 695/764/1130
f 697/766/1131 695/764/1131 696/765/1131
f 697/766/1132 696/765/1132 698/767/1132
f 697/766/1133 698/767/1133 699/768/1133
f 699/768/1134 700/769/1134 697/766/1134
f 701/770/1135 700/769/1135 699/768/1135
f 701/770/1136 699/768/1136 702/771/1136
f 584/653/1137 701/770/1137 702/771/1137
f 599/668/1138 584/653/1138 702/771/1138
f 702/771/1139 703/772/1139 599/668/1139
f 704/773/1140 701/770/1140 584/653/1140
f 704/773/1141 705/774/1141 701/770/1141
f 582/651/1142 705/774/1142 704/773/1142
f 702/771/1143 699/768/1143 703/772/1143
f 699/768/1144 706/775/1144 703/772/1144
f 703/772/1145 706/775/1145 602/671/1145
f 707/776/1146 706/775/1146 699/768/1146
f 707/776/1147 708/777/1147 706/775/1147
f 706/775/1148 708/777/1148 605/674/1148
f 709/778/1149 708/777/1149 707/776/1149
f 698/767/1150 709/778/1150 707/776/1150
f 710/779/1151 709/778/1151 698/767/1151
f 698/767/1152 711/780/1152 710/779/1152
f 710/779/1153 711/780/1153 712/781/1153
f 710/779/1154 712/781/1154 713/782/1154
f 713/782/1155 712/781/1155 628/697/1155
f 712/781/1156 655/724/1156 628/697/1156
f 712/781/1157 711/780/1157 655/724/1157
f 710/779/1158 713/782/1158 709/778/1158
f 709/778/1159 713/782/1159 623/692/1159
f 708/777/1160 709/778/1160 622/691/1160
f 622/691/1161 608/677/1161 708/777/1161
f 701/770/1162 705/774/1162 700/769/1162
f 694/763/1163 700/769/1163 705/774/1163
f 699/768/1164 698/767/1164 707/776/1164
f 698/767/1165 696/765/1165 711/780/1165
f 711/780/1166 696/765/1166 656/725/1166
f 656/725/1167 696/765/1167 714/783/1167
f 714/783/1168 664/733/1168 656/725/1168
f 700/769/1169 695/764/1169 697/766/1169
f 714/783/1170 696/765/1170 666/735/1170
f 695/764/1171 700/769/1171 694/763/1171
f 694/763/1172 705/774/1172 689/758/1172
f 689/758/1173 705/774/1173 581/650/1173
f 692/761/1174 689/758/1174 690/759/1174
f 577/646/1175 686/755/1175 687/756/1175
f 715/784/1176 686/755/1176 577/646/1176
f 683/752/1177 688/757/1177 684/753/1177
f 691/760/1178 683/752/1178 680/749/1178
f 677/746/1179 691/760/1179 680/749/1179
f 675/744/1180 691/760/1180 677/746/1180
f 671/740/1181 670/739/1181 675/744/1181
f 667/736/1182 693/762/1182 670/739/1182
f 669/738/1183 673/742/1183 668/737/1183
f 668/737/1184 673/742/1184 716/785/1184
f 668/737/1185 716/785/1185 663/732/1185
f 693/762/1186 667/736/1186 666/735/1186
f 714/783/1187 666/735/1187 664/733/1187
f 668/737/1188 663/732/1188 665/734/1188
f 663/732/1189 716/785/1189 662/731/1189
f 664/733/1190 659/728/1190 657/726/1190
f 656/725/1191 664/733/1191 657/726/1191
f 655/724/1192 711/780/1192 656/725/1192
f 629/698/1193 655/724/1193 653/722/1193
f 658/727/1194 651/720/1194 654/723/1194
f 652/721/1195 629/698/1195 653/722/1195
f 651/720/1196 658/727/1196 650/719/1196
f 635/704/1197 632/701/1197 652/721/1197
f 638/707/1198 633/702/1198 634/703/1198
f 642/711/1199 631/700/1199 633/702/1199
f 632/701/1200 630/699/1200 652/721/1200
f 644/713/1201 627/696/1201 631/700/1201
f 630/699/1202 629/698/1202 652/721/1202
f 628/697/1203 655/724/1203 629/698/1203
f 713/782/1204 628/697/1204 625/694/1204
f 644/713/1205 626/695/1205 627/696/1205
f 647/716/1206 624/693/1206 626/695/1206
f 713/782/1207 625/694/1207 623/692/1207
f 622/691/1208 709/778/1208 623/692/1208
f 621/690/1209 624/693/1209 620/689/1209
f 611/680/1210 622/691/1210 614/683/1210
f 611/680/1211 608/677/1211 622/691/1211
f 605/674/1212 708/777/1212 608/677/1212
f 602/671/1213 706/775/1213 605/674/1213
f 599/668/1214 703/772/1214 602/671/1214
f 596/665/1215 584/653/1215 599/668/1215
f 585/654/1216 584/653/1216 596/665/1216
f 704/773/1217 584/653/1217 582/651/1217
f 581/650/1218 705/774/1218 582/651/1218
f 581/650/1219 580/649/1219 689/758/1219
f 687/756/1220 580/649/1220 577/646/1220
f 578/647/1221 579/648/1221 583/652/1221
f 577/646/1222 576/645/1222 715/784/1222
f 576/645/1223 575/644/1223 590/659/1223
f 578/647/1224 575/644/1224 574/643/1224
f 717/786/1225 718/787/1225 719/788/1225
f 719/788/1226 720/789/1226 717/786/1226
f 717/786/1227 720/789/1227 721/790/1227
f 722/791/1228 717/786/1228 721/790/1228
f 723/792/1229 717/786/1229 722/791/1229
f 724/793/1230 723/792/1230 722/791/1230
f 725/794/1231 723/792/1231 724/793/1231
f 724/793/1232 726/795/1232 725/794/1232
f 725/794/1233 726/795/1233 727/796/1233
f 727/796/1234 728/797/1234 725/794/1234
f 725/794/1235 728/797/1235 729/798/1235
f 729/798/1236 730/799/1236 725/794/1236
f 729/798/1237 731/800/1237 730/799/1237
f 730/799/1238 731/800/1238 732/801/1238
f 732/801/1239 718/787/1239 730/799/1239
f 730/799/1240 718/787/1240 723/792/1240
f 733/802/1241 718/787/1241 732/801/1241
f 732/801/1242 734/803/1242 733/802/1242
f 733/802/1243 734/803/1243 735/804/1243
f 733/802/1244 735/804/1244 736/805/1244
f 736/805/1245 737/806/1245 733/802/1245
f 737/806/1246 736/805/1246 738/807/1246
f 739/808/1247 737/806/1247 738/807/1247
f 719/788/1248 737/806/1248 739/808/1248
f 738/807/1249 736/805/1249 740/809/1249
f 740/809/1250 736/805/1250 741/810/1250
f 741/810/1251 736/805/1251 742/811/1251
f 741/810/1252 742/811/1252 743/812/1252
f 743/812/1253 742/811/1253 744/813/1253
f 745/814/1254 743/812/1254 744/813/1254
f 746/815/1255 745/814/1255 744/813/1255
f 744/813/1256 735/804/1256 746/815/1256
f 747/816/1257 745/814/1257 746/815/1257
f 746/815/1258 748/817/1258 747/816/1258
f 747/816/1259 748/817/1259 749/818/1259
f 747/816/1260 749/818/1260 750/819/1260
f 750/819/1261 751/820/1261 747/816/1261
f 750/819/1262 752/821/1262 751/820/1262
f 752/821/1263 753/822/1263 751/820/1263
f 751/820/1264 753/822/1264 754/823/1264
f 754/823/1265 745/814/1265 751/820/1265
f 755/824/1266 745/814/1266 754/823/1266
f 752/821/1267 756/825/1267 753/822/1267
f 753/822/1268 756/825/1268 757/826/1268
f 752/821/1269 758/827/1269 756/825/1269
f 759/828/1270 758/827/1270 752/821/1270
f 759/828/1271 760/829/1271 758/827/1271
f 758/827/1272 760/829/1272 761/830/1272
f 760/829/1273 762/831/1273 761/830/1273
f 761/830/1274 762/831/1274 763/832/1274
f 762/831/1275 764/833/1275 763/832/1275
f 763/832/1276 764/833/1276 765/834/1276
f 764/833/1277 766/835/1277 765/834/1277
f 765/834/1278 766/835/1278 767/836/1278
f 766/835/1279 768/837/1279 767/836/1279
f 767/836/1280 768/837/1280 648/838/1280
f 769/839/1281 768/837/1281 766/835/1281
f 770/840/1282 768/837/1282 769/839/1282
f 771/841/1283 770/840/1283 769/839/1283
f 772/842/1284 771/841/1284 769/839/1284
f 772/842/1285 769/839/1285 764/833/1285
f 773/843/1286 771/841/1286 772/842/1286
f 772/842/1287 774/844/1287 773/843/1287
f 773/843/1288 774/844/1288 775/845/1288
f 775/845/1289 776/846/1289 773/843/1289
f 773/843/1290 776/846/1290 777/847/1290
f 778/848/1291 777/847/1291 776/846/1291
f 776/846/1292 734/803/1292 778/848/1292
f 748/817/1293 734/803/1293 776/846/1293
f 779/849/1294 777/847/1294 778/848/1294
f 778/848/1295 780/850/1295 779/849/1295
f 781/851/1296 779/849/1296 780/850/1296
f 780/850/1297 782/852/1297 781/851/1297
f 782/852/1298 783/853/1298 781/851/1298
f 781/851/1299 783/853/1299 784/854/1299
f 785/855/1300 781/851/1300 784/854/1300
f 786/856/1301 781/851/1301 785/855/1301
f 785/855/1302 787/857/1302 786/856/1302
f 786/856/1303 787/857/1303 788/858/1303
f 788/858/1304 779/849/1304 786/856/1304
f 787/857/1305 789/859/1305 788/858/1305
f 788/858/1306 789/859/1306 771/841/1306
f 771/841/1307 777/847/1307 788/858/1307
f 782/852/1308 790/860/1308 783/853/1308
f 791/861/1309 790/860/1309 782/852/1309
f 791/861/1310 782/852/1310 727/796/1310
f 791/861/1311 727/796/1311 792/862/1311
f 791/861/1312 792/862/1312 790/860/1312
f 728/797/1313 782/852/1313 780/850/1313
f 786/856/1314 779/849/1314 781/851/1314
f 731/800/1315 780/850/1315 778/848/1315
f 777/847/1316 779/849/1316 788/858/1316
f 776/846/1317 775/845/1317 748/817/1317
f 775/845/1318 774/844/1318 749/818/1318
f 749/818/1319 774/844/1319 793/863/1319
f 774/844/1320 760/829/1320 793/863/1320
f 774/844/1321 772/842/1321 762/831/1321
f 773/843/1322 777/847/1322 771/841/1322
f 789/859/1323 770/840/1323 771/841/1323
f 764/833/1324 769/839/1324 766/835/1324
f 762/831/1325 772/842/1325 764/833/1325
f 762/831/1326 760/829/1326 774/844/1326
f 759/828/1327 793/863/1327 760/829/1327
f 750/819/1328 793/863/1328 759/828/1328
f 759/828/1329 752/821/1329 750/819/1329
f 750/819/1330 749/818/1330 793/863/1330
f 748/817/1331 775/845/1331 749/818/1331
f 748/817/1332 746/815/1332 734/803/1332
f 747/816/1333 751/820/1333 745/814/1333
f 755/824/1334 743/812/1334 745/814/1334
f 742/811/1335 735/804/1335 744/813/1335
f 736/805/1336 735/804/1336 742/811/1336
f 734/803/1337 746/815/1337 735/804/1337
f 734/803/1338 732/801/1338 778/848/1338
f 733/802/1339 737/806/1339 718/787/1339
f 778/848/1340 732/801/1340 731/800/1340
f 731/800/1341 729/798/1341 780/850/1341
f 780/850/1342 729/798/1342 728/797/1342
f 727/796/1343 782/852/1343 728/797/1343
f 792/862/1344 727/796/1344 726/795/1344
f 725/794/1345 730/799/1345 723/792/1345
f 739/808/1346 720/789/1346 719/788/1346
f 794/864/1347 720/789/1347 739/808/1347
f 719/788/1348 718/787/1348 737/806/1348
f 723/792/1349 718/787/1349 717/786/1349
f 739/865/1350 738/866/1350 795/867/1350
f 795/867/1351 794/868/1351 739/865/1351
f 796/869/1352 794/868/1352 795/867/1352
f 797/870/1353 796/869/1353 795/867/1353
f 798/871/1354 797/870/1354 795/867/1354
f 799/872/1355 797/870/1355 798/871/1355
f 800/873/1356 799/872/1356 798/871/1356
f 800/873/1357 798/871/1357 740/874/1357
f 800/873/1358 740/874/1358 801/875/1358
f 800/873/1359 801/875/1359 802/876/1359
f 802/876/1360 801/875/1360 803/877/1360
f 803/877/1361 804/878/1361 802/876/1361
f 802/876/1362 804/878/1362 805/879/1362
f 802/876/1363 805/879/1363 799/872/1363
f 799/872/1364 805/879/1364 806/880/1364
f 806/880/1365 807/881/1365 799/872/1365
f 808/882/1366 807/881/1366 806/880/1366
f 809/883/1367 807/881/1367 808/882/1367
f 809/883/1368 810/884/1368 807/881/1368
f 810/884/1369 811/885/1369 807/881/1369
f 807/881/1370 811/885/1370 797/870/1370
f 812/886/1371 810/884/1371 809/883/1371
f 805/879/1372 808/882/1372 806/880/1372
f 813/887/1373 808/882/1373 805/879/1373
f 805/879/1374 814/888/1374 813/887/1374
f 804/878/1375 814/888/1375 805/879/1375
f 804/878/1376 815/889/1376 814/888/1376
f 816/890/1377 815/889/1377 804/878/1377
f 804/878/1378 817/891/1378 816/890/1378
f 816/890/1379 817/891/1379 818/892/1379
f 818/892/1380 817/891/1380 819/893/1380
f 818/892/1381 819/893/1381 820/894/1381
f 820/894/1382 821/895/1382 818/892/1382
f 815/889/1383 818/892/1383 821/895/1383
f 822/896/1384 821/895/1384 820/894/1384
f 820/894/1385 823/897/1385 822/896/1385
f 822/896/1386 823/897/1386 824/898/1386
f 825/899/1387 824/898/1387 823/897/1387
f 825/899/1388 823/897/1388 826/900/1388
f 826/900/1389 823/897/1389 827/901/1389
f 828/902/1390 826/900/1390 827/901/1390
f 829/903/1391 828/902/1391 827/901/1391
f 830/904/1392 828/902/1392 829/903/1392
f 829/903/1393 819/893/1393 830/904/1393
f 830/904/1394 819/893/1394 831/905/1394
f 830/904/1395 831/905/1395 754/906/1395
f 754/906/1396 831/905/1396 755/907/1396
f 831/905/1397 743/908/1397 755/907/1397
f 832/909/1398 743/908/1398 831/905/1398
f 832/909/1399 741/910/1399 743/908/1399
f 801/875/1400 741/910/1400 832/909/1400
f 832/909/1401 817/891/1401 801/875/1401
f 819/893/1402 832/909/1402 831/905/1402
f 754/906/1403 828/902/1403 830/904/1403
f 753/911/1404 828/902/1404 754/906/1404
f 753/911/1405 833/912/1405 828/902/1405
f 757/913/1406 833/912/1406 753/911/1406
f 833/912/1407 826/900/1407 828/902/1407
f 823/897/1408 829/903/1408 827/901/1408
f 834/914/1409 824/898/1409 825/899/1409
f 820/894/1410 829/903/1410 823/897/1410
f 820/894/1411 819/893/1411 829/903/1411
f 817/891/1412 832/909/1412 819/893/1412
f 816/890/1413 818/892/1413 815/889/1413
f 803/877/1414 817/891/1414 804/878/1414
f 801/875/1415 817/891/1415 803/877/1415
f 801/875/1416 740/874/1416 741/910/1416
f 740/874/1417 798/871/1417 738/866/1417
f 802/876/1418 799/872/1418 800/873/1418
f 799/872/1419 807/881/1419 797/870/1419
f 811/885/1420 796/869/1420 797/870/1420
f 795/867/1421 738/866/1421 798/871/1421
f 835/915/1422 836/916/1422 837/917/1422
f 837/917/1423 838/918/1423 835/915/1423
f 835/915/1424 838/918/1424 839/919/1424
f 840/920/1425 835/915/1425 839/919/1425
f 839/919/1426 841/921/1426 840/920/1426
f 840/920/1427 841/921/1427 842/922/1427
f 842/922/1428 843/923/1428 840/920/1428
f 844/924/1429 840/920/1429 843/923/1429
f 844/924/1430 843/923/1430 845/925/1430
f 845/925/1431 846/926/1431 844/924/1431
f 844/924/1432 846/926/1432 847/927/1432
f 848/928/1433 844/924/1433 847/927/1433
f 849/929/1434 848/928/1434 847/927/1434
f 849/929/1435 847/927/1435 850/930/1435
f 849/929/1436 850/930/1436 851/931/1436
f 851/931/1437 852/932/1437 849/929/1437
f 853/933/1438 852/932/1438 851/931/1438
f 853/933/1439 851/931/1439 674/934/1439
f 853/933/1440 674/934/1440 854/935/1440
f 854/935/1441 674/934/1441 676/936/1441
f 854/935/1442 676/936/1442 855/937/1442
f 855/937/1443 856/938/1443 854/935/1443
f 852/932/1444 854/935/1444 856/938/1444
f 852/932/1445 856/938/1445 848/928/1445
f 848/928/1446 856/938/1446 837/917/1446
f 856/938/1447 857/939/1447 837/917/1447
f 837/917/1448 857/939/1448 858/940/1448
f 857/939/1449 856/938/1449 855/937/1449
f 855/937/1450 676/936/1450 679/941/1450
f 674/934/1451 851/931/1451 672/942/1451
f 851/931/1452 859/943/1452 672/942/1452
f 672/942/1453 859/943/1453 673/944/1453
f 673/944/1454 859/943/1454 716/945/1454
f 716/945/1455 859/943/1455 860/946/1455
f 861/947/1456 716/945/1456 860/946/1456
f 860/946/1457 862/948/1457 861/947/1457
f 861/947/1458 862/948/1458 863/949/1458
f 863/949/1459 864/950/1459 861/947/1459
f 861/947/1460 864/950/1460 865/951/1460
f 865/951/1461 662/952/1461 861/947/1461
f 660/953/1462 662/952/1462 865/951/1462
f 865/951/1463 661/954/1463 660/953/1463
f 866/955/1464 661/954/1464 865/951/1464
f 866/955/1465 865/951/1465 867/956/1465
f 868/957/1466 866/955/1466 867/956/1466
f 867/956/1467 869/958/1467 868/957/1467
f 868/957/1468 869/958/1468 870/959/1468
f 870/959/1469 871/960/1469 868/957/1469
f 872/961/1470 871/960/1470 870/959/1470
f 872/961/1471 870/959/1471 873/962/1471
f 873/962/1472 636/963/1472 872/961/1472
f 872/961/1473 636/963/1473 649/964/1473
f 873/962/1474 874/965/1474 636/963/1474
f 636/963/1475 874/965/1475 637/966/1475
f 874/965/1476 767/967/1476 637/966/1476
f 637/966/1477 767/967/1477 648/968/1477
f 767/967/1478 874/965/1478 765/969/1478
f 765/969/1479 874/965/1479 875/970/1479
f 875/970/1480 763/971/1480 765/969/1480
f 876/972/1481 763/971/1481 875/970/1481
f 876/972/1482 875/970/1482 877/973/1482
f 877/973/1483 878/974/1483 876/972/1483
f 876/972/1484 878/974/1484 879/975/1484
f 761/976/1485 876/972/1485 879/975/1485
f 880/977/1486 761/976/1486 879/975/1486
f 758/978/1487 761/976/1487 880/977/1487
f 881/979/1488 758/978/1488 880/977/1488
f 881/979/1489 880/977/1489 882/980/1489
f 881/979/1490 882/980/1490 883/981/1490
f 757/982/1491 881/979/1491 883/981/1491
f 756/983/1492 881/979/1492 757/982/1492
f 883/981/1493 882/980/1493 884/984/1493
f 882/980/1494 885/985/1494 884/984/1494
f 886/986/1495 885/985/1495 882/980/1495
f 882/980/1496 887/987/1496 886/986/1496
f 887/987/1497 888/988/1497 886/986/1497
f 886/986/1498 888/988/1498 889/989/1498
f 888/988/1499 890/990/1499 889/989/1499
f 889/989/1500 890/990/1500 891/991/1500
f 889/989/1501 891/991/1501 892/992/1501
f 892/992/1502 885/985/1502 889/989/1502
f 892/992/1503 891/991/1503 893/993/1503
f 894/994/1504 893/993/1504 891/991/1504
f 891/991/1505 895/995/1505 894/994/1505
f 896/996/1506 894/994/1506 895/995/1506
f 896/996/1507 895/995/1507 897/997/1507
f 898/998/1508 896/996/1508 897/997/1508
f 897/997/1509 899/999/1509 898/998/1509
f 899/999/1510 845/925/1510 898/998/1510
f 845/925/1511 900/1000/1511 898/998/1511
f 901/1001/1512 900/1000/1512 845/925/1512
f 901/1001/1513 902/1002/1513 900/1000/1513
f 900/1000/1514 902/1002/1514 903/1003/1514
f 903/1003/1515 904/1004/1515 900/1000/1515
f 900/1000/1516 904/1004/1516 896/996/1516
f 905/1005/1517 904/1004/1517 903/1003/1517
f 903/1003/1518 906/1006/1518 905/1005/1518
f 907/1007/1519 904/1004/1519 905/1005/1519
f 907/1007/1520 908/1008/1520 904/1004/1520
f 904/1004/1521 908/1008/1521 894/994/1521
f 902/1002/1522 906/1006/1522 903/1003/1522
f 906/1006/1523 902/1002/1523 909/1009/1523
f 909/1009/1524 902/1002/1524 910/1010/1524
f 910/1010/1525 842/922/1525 909/1009/1525
f 909/1009/1526 842/922/1526 911/1011/1526
f 902/1002/1527 843/923/1527 910/1010/1527
f 901/1001/1528 843/923/1528 902/1002/1528
f 912/1012/1529 899/999/1529 897/997/1529
f 897/997/1530 913/1013/1530 912/1012/1530
f 912/1012/1531 913/1013/1531 914/1014/1531
f 864/950/1532 912/1012/1532 914/1014/1532
f 914/1014/1533 867/956/1533 864/950/1533
f 915/1015/1534 867/956/1534 914/1014/1534
f 914/1014/1535 916/1016/1535 915/1015/1535
f 915/1015/1536 916/1016/1536 869/958/1536
f 869/958/1537 916/1016/1537 917/1017/1537
f 869/958/1538 917/1017/1538 918/1018/1538
f 918/1018/1539 917/1017/1539 919/1019/1539
f 918/1018/1540 919/1019/1540 877/973/1540
f 920/1020/1541 918/1018/1541 877/973/1541
f 870/959/1542 918/1018/1542 920/1020/1542
f 917/1017/1543 888/988/1543 919/1019/1543
f 916/1016/1544 890/990/1544 917/1017/1544
f 916/1016/1545 895/995/1545 890/990/1545
f 913/1013/1546 895/995/1546 916/1016/1546
f 913/1013/1547 916/1016/1547 914/1014/1547
f 912/1012/1548 863/949/1548 899/999/1548
f 900/1000/1549 896/996/1549 898/998/1549
f 897/997/1550 895/995/1550 913/1013/1550
f 904/1004/1551 894/994/1551 896/996/1551
f 908/1008/1552 893/993/1552 894/994/1552
f 890/990/1553 895/995/1553 891/991/1553
f 917/1017/1554 890/990/1554 888/988/1554
f 919/1019/1555 888/988/1555 887/987/1555
f 919/1019/1556 887/987/1556 878/974/1556
f 878/974/1557 887/987/1557 921/1021/1557
f 880/977/1558 878/974/1558 921/1021/1558
f 921/1021/1559 887/987/1559 882/980/1559
f 889/989/1560 885/985/1560 886/986/1560
f 882/980/1561 880/977/1561 921/1021/1561
f 756/983/1562 758/978/1562 881/979/1562
f 879/975/1563 878/974/1563 880/977/1563
f 877/973/1564 919/1019/1564 878/974/1564
f 877/973/1565 875/970/1565 920/1020/1565
f 920/1020/1566 875/970/1566 873/962/1566
f 763/971/1567 876/972/1567 761/976/1567
f 873/962/1568 875/970/1568 874/965/1568
f 873/962/1569 870/959/1569 920/1020/1569
f 872/961/1570 649/964/1570 871/960/1570
f 871/960/1571 649/964/1571 650/1022/1571
f 871/960/1572 650/1022/1572 866/955/1572
f 870/959/1573 869/958/1573 918/1018/1573
f 915/1015/1574 869/958/1574 867/956/1574
f 871/960/1575 866/955/1575 868/957/1575
f 866/955/1576 650/1022/1576 661/954/1576
f 867/956/1577 865/951/1577 864/950/1577
f 863/949/1578 912/1012/1578 864/950/1578
f 899/999/1579 863/949/1579 862/948/1579
f 862/948/1580 850/930/1580 899/999/1580
f 899/999/1581 850/930/1581 846/926/1581
f 860/946/1582 850/930/1582 862/948/1582
f 662/952/1583 716/945/1583 861/947/1583
f 859/943/1584 850/930/1584 860/946/1584
f 853/933/1585 854/935/1585 852/932/1585
f 851/931/1586 850/930/1586 859/943/1586
f 852/932/1587 848/928/1587 849/929/1587
f 836/916/1588 844/924/1588 848/928/1588
f 850/930/1589 847/927/1589 846/926/1589
f 846/926/1590 845/925/1590 899/999/1590
f 845/925/1591 843/923/1591 901/1001/1591
f 836/916/1592 840/920/1592 844/924/1592
f 910/1010/1593 843/923/1593 842/922/1593
f 841/921/1594 911/1011/1594 842/922/1594
f 922/1023/1595 911/1011/1595 841/921/1595
f 841/921/1596 923/1024/1596 922/1023/1596
f 922/1023/1597 923/1024/1597 924/1025/1597
f 841/921/1598 839/919/1598 923/1024/1598
f 923/1024/1599 839/919/1599 925/1026/1599
f 839/919/1600 838/918/1600 925/1026/1600
f 858/940/1601 838/918/1601 837/917/1601
f 837/917/1602 836/916/1602 848/928/1602
f 836/916/1603 835/915/1603 840/920/1603
f 926/1027/1604 927/1028/1604 789/1029/1604
f 789/1029/1605 928/1030/1605 926/1027/1605
f 926/1027/1606 928/1030/1606 929/1031/1606
f 929/1031/1607 928/1030/1607 930/1032/1607
f 930/1032/1608 931/1033/1608 929/1031/1608
f 931/1033/1609 932/1034/1609 929/1031/1609
f 929/1031/1610 932/1034/1610 933/1035/1610
f 927/1028/1611 929/1031/1611 933/1035/1611
f 934/1036/1612 927/1028/1612 933/1035/1612
f 935/1037/1613 927/1028/1613 934/1036/1613
f 934/1036/1614 640/1038/1614 935/1037/1614
f 935/1037/1615 640/1038/1615 639/1039/1615
f 639/1039/1616 648/1040/1616 935/1037/1616
f 935/1037/1617 648/1040/1617 768/1041/1617
f 770/1042/1618 935/1037/1618 768/1041/1618
f 936/1043/1619 640/1038/1619 934/1036/1619
f 936/1043/1620 934/1036/1620 932/1034/1620
f 936/1043/1621 932/1034/1621 937/1044/1621
f 937/1044/1622 641/1045/1622 936/1043/1622
f 938/1046/1623 641/1045/1623 937/1044/1623
f 937/1044/1624 939/1047/1624 938/1046/1624
f 938/1046/1625 939/1047/1625 643/1048/1625
f 643/1048/1626 939/1047/1626 645/1049/1626
f 939/1047/1627 940/1050/1627 645/1049/1627
f 645/1049/1628 940/1050/1628 646/1051/1628
f 940/1050/1629 941/1052/1629 646/1051/1629
f 620/1053/1630 646/1051/1630 941/1052/1630
f 941/1052/1631 942/1054/1631 620/1053/1631
f 620/1053/1632 942/1054/1632 617/1055/1632
f 617/1055/1633 942/1054/1633 619/1056/1633
f 619/1056/1634 942/1054/1634 943/1057/1634
f 942/1054/1635 944/1058/1635 943/1057/1635
f 944/1058/1636 942/1054/1636 945/1059/1636
f 945/1059/1637 946/1060/1637 944/1058/1637
f 947/1061/1638 946/1060/1638 945/1059/1638
f 945/1059/1639 948/1062/1639 947/1061/1639
f 947/1061/1640 948/1062/1640 949/1063/1640
f 950/1064/1641 949/1063/1641 948/1062/1641
f 948/1062/1642 951/1065/1642 950/1064/1642
f 950/1064/1643 951/1065/1643 952/1066/1643
f 952/1066/1644 951/1065/1644 953/1067/1644
f 953/1067/1645 951/1065/1645 954/1068/1645
f 954/1068/1646 955/1069/1646 953/1067/1646
f 954/1068/1647 956/1070/1647 955/1069/1647
f 956/1070/1648 954/1068/1648 957/1071/1648
f 956/1070/1649 957/1071/1649 958/1072/1649
f 959/1073/1650 958/1072/1650 957/1071/1650
f 957/1071/1651 960/1074/1651 959/1073/1651
f 959/1073/1652 960/1074/1652 961/1075/1652
f 960/1074/1653 962/1076/1653 961/1075/1653
f 962/1076/1654 960/1074/1654 963/1077/1654
f 962/1076/1655 963/1077/1655 964/1078/1655
f 965/1079/1656 964/1078/1656 963/1077/1656
f 963/1077/1657 966/1080/1657 965/1079/1657
f 965/1079/1658 966/1080/1658 967/1081/1658
f 966/1080/1659 968/1082/1659 967/1081/1659
f 968/1082/1660 966/1080/1660 969/1083/1660
f 969/1083/1661 970/1084/1661 968/1082/1661
f 969/1083/1662 966/1080/1662 971/1085/1662
f 971/1085/1663 966/1080/1663 972/1086/1663
f 971/1085/1664 972/1086/1664 973/1087/1664
f 973/1087/1665 972/1086/1665 974/1088/1665
f 973/1087/1666 974/1088/1666 975/1089/1666
f 975/1089/1667 974/1088/1667 976/1090/1667
f 975/1089/1668 976/1090/1668 977/1091/1668
f 977/1091/1669 976/1090/1669 978/1092/1669
f 978/1092/1670 979/1093/1670 977/1091/1670
f 980/1094/1671 979/1093/1671 978/1092/1671
f 978/1092/1672 981/1095/1672 980/1094/1672
f 980/1094/1673 981/1095/1673 982/1096/1673
f 982/1096/1674 981/1095/1674 983/1097/1674
f 984/1098/1675 982/1096/1675 983/1097/1675
f 985/1099/1676 984/1098/1676 983/1097/1676
f 983/1097/1677 986/1100/1677 985/1099/1677
f 987/1101/1678 985/1099/1678 986/1100/1678
f 987/1101/1679 986/1100/1679 988/1102/1679
f 987/1101/1680 988/1102/1680 931/1033/1680
f 931/1033/1681 988/1102/1681 989/1103/1681
f 990/1104/1682 989/1103/1682 988/1102/1682
f 991/1105/1683 990/1104/1683 988/1102/1683
f 992/1106/1684 990/1104/1684 991/1105/1684
f 992/1106/1685 991/1105/1685 993/1107/1685
f 994/1108/1686 992/1106/1686 993/1107/1686
f 994/1108/1687 993/1107/1687 974/1088/1687
f 974/1088/1688 995/1109/1688 994/1108/1688
f 995/1109/1689 996/1110/1689 994/1108/1689
f 994/1108/1690 996/1110/1690 997/1111/1690
f 997/1111/1691 996/1110/1691 998/1112/1691
f 997/1111/1692 998/1112/1692 992/1106/1692
f 998/1112/1693 996/1110/1693 999/1113/1693
f 998/1112/1694 999/1113/1694 1000/1114/1694
f 998/1112/1695 1000/1114/1695 990/1104/1695
f 990/1104/1696 1000/1114/1696 1001/1115/1696
f 1000/1114/1697 1002/1116/1697 1001/1115/1697
f 1001/1115/1698 1002/1116/1698 1003/1117/1698
f 1004/1118/1699 1001/1115/1699 1003/1117/1699
f 1003/1117/1700 1005/1119/1700 1004/1118/1700
f 1004/1118/1701 1005/1119/1701 937/1044/1701
f 989/1103/1702 1001/1115/1702 1004/1118/1702
f 932/1034/1703 989/1103/1703 1004/1118/1703
f 1002/1116/1704 1005/1119/1704 1003/1117/1704
f 1006/1120/1705 1005/1119/1705 1002/1116/1705
f 1007/1121/1706 1006/1120/1706 1002/1116/1706
f 1007/1121/1707 1002/1116/1707 1008/1122/1707
f 1007/1121/1708 1008/1122/1708 951/1065/1708
f 1009/1123/1709 1006/1120/1709 1007/1121/1709
f 1007/1121/1710 948/1062/1710 1009/1123/1710
f 1009/1123/1711 940/1050/1711 1006/1120/1711
f 1010/1124/1712 940/1050/1712 1009/1123/1712
f 1010/1124/1713 1009/1123/1713 945/1059/1713
f 1010/1124/1714 945/1059/1714 941/1052/1714
f 1006/1120/1715 939/1047/1715 1005/1119/1715
f 1008/1122/1716 1002/1116/1716 1000/1114/1716
f 1000/1114/1717 999/1113/1717 1008/1122/1717
f 999/1113/1718 957/1071/1718 1008/1122/1718
f 996/1110/1719 960/1074/1719 999/1113/1719
f 996/1110/1720 995/1109/1720 960/1074/1720
f 997/1111/1721 992/1106/1721 994/1108/1721
f 993/1107/1722 991/1105/1722 1011/1125/1722
f 993/1107/1723 1011/1125/1723 976/1090/1723
f 1011/1125/1724 991/1105/1724 981/1095/1724
f 981/1095/1725 991/1105/1725 986/1100/1725
f 992/1106/1726 998/1112/1726 990/1104/1726
f 1001/1115/1727 989/1103/1727 990/1104/1727
f 988/1102/1728 986/1100/1728 991/1105/1728
f 930/1032/1729 985/1099/1729 987/1101/1729
f 1012/1126/1730 984/1098/1730 985/1099/1730
f 1012/1126/1731 985/1099/1731 928/1030/1731
f 928/1030/1732 785/1127/1732 1012/1126/1732
f 784/1128/1733 1012/1126/1733 785/1127/1733
f 787/1129/1734 785/1127/1734 928/1030/1734
f 984/1098/1735 1012/1126/1735 784/1128/1735
f 784/1128/1736 1013/1130/1736 984/1098/1736
f 783/1131/1737 1013/1130/1737 784/1128/1737
f 783/1131/1738 1014/1132/1738 1013/1130/1738
f 1014/1132/1739 1015/1133/1739 1013/1130/1739
f 1013/1130/1740 1015/1133/1740 982/1096/1740
f 1015/1133/1741 979/1093/1741 982/1096/1741
f 790/1134/1742 1014/1132/1742 783/1131/1742
f 1013/1130/1743 982/1096/1743 984/1098/1743
f 981/1095/1744 986/1100/1744 983/1097/1744
f 1011/1125/1745 981/1095/1745 978/1092/1745
f 982/1096/1746 979/1093/1746 980/1094/1746
f 976/1090/1747 1011/1125/1747 978/1092/1747
f 974/1088/1748 993/1107/1748 976/1090/1748
f 972/1086/1749 995/1109/1749 974/1088/1749
f 995/1109/1750 972/1086/1750 963/1077/1750
f 963/1077/1751 972/1086/1751 966/1080/1751
f 960/1074/1752 995/1109/1752 963/1077/1752
f 999/1113/1753 960/1074/1753 957/1071/1753
f 1008/1122/1754 957/1071/1754 954/1068/1754
f 951/1065/1755 1008/1122/1755 954/1068/1755
f 951/1065/1756 948/1062/1756 1007/1121/1756
f 945/1059/1757 1009/1123/1757 948/1062/1757
f 941/1052/1758 945/1059/1758 942/1054/1758
f 1010/1124/1759 941/1052/1759 940/1050/1759
f 940/1050/1760 939/1047/1760 1006/1120/1760
f 1005/1119/1761 939/1047/1761 937/1044/1761
f 938/1046/1762 643/1048/1762 641/1045/1762
f 937/1044/1763 932/1034/1763 1004/1118/1763
f 641/1045/1764 640/1038/1764 936/1043/1764
f 927/1028/1765 935/1037/1765 770/1042/1765
f 932/1034/1766 934/1036/1766 933/1035/1766
f 931/1033/1767 989/1103/1767 932/1034/1767
f 987/1101/1768 931/1033/1768 930/1032/1768
f 928/1030/1769 985/1099/1769 930/1032/1769
f 787/1129/1770 928/1030/1770 789/1029/1770
f 789/1029/1771 927/1028/1771 770/1042/1771
f 926/1027/1772 929/1031/1772 927/1028/1772
f 908/1135/1773 1016/1136/1773 893/1137/1773
f 893/1137/1774 1016/1136/1774 1017/1138/1774
f 893/1137/1775 1017/1138/1775 892/1139/1775
f 892/1139/1776 1017/1138/1776 1018/1140/1776
f 892/1139/1777 1018/1140/1777 885/1141/1777
f 885/1141/1778 1018/1140/1778 1019/1142/1778
f 1019/1142/1779 1020/1143/1779 885/1141/1779
f 885/1141/1780 1020/1143/1780 884/1144/1780
f 1021/1145/1781 884/1144/1781 1020/1143/1781
f 1022/1146/1782 1021/1145/1782 1020/1143/1782
f 1022/1146/1783 1020/1143/1783 1023/1147/1783
f 1024/1148/1784 1022/1146/1784 1023/1147/1784
f 1024/1148/1785 1023/1147/1785 1025/1149/1785
f 1025/1149/1786 1026/1150/1786 1024/1148/1786
f 1027/1151/1787 1024/1148/1787 1026/1150/1787
f 1028/1152/1788 1024/1148/1788 1027/1151/1788
f 1029/1153/1789 1028/1152/1789 1027/1151/1789
f 1030/1154/1790 1028/1152/1790 1029/1153/1790
f 834/1155/1791 1030/1154/1791 1029/1153/1791
f 825/1156/1792 1030/1154/1792 834/1155/1792
f 826/1157/1793 1030/1154/1793 825/1156/1793
f 1031/1158/1794 1030/1154/1794 826/1157/1794
f 826/1157/1795 833/1159/1795 1031/1158/1795
f 1031/1158/1796 833/1159/1796 1021/1145/1796
f 833/1159/1797 883/1160/1797 1021/1145/1797
f 757/1161/1798 883/1160/1798 833/1159/1798
f 1031/1158/1799 1022/1146/1799 1030/1154/1799
f 1030/1154/1800 1022/1146/1800 1028/1152/1800
f 1032/1162/1801 1026/1150/1801 1025/1149/1801
f 1025/1149/1802 1033/1163/1802 1032/1162/1802
f 1034/1164/1803 1033/1163/1803 1025/1149/1803
f 1034/1164/1804 1025/1149/1804 1035/1165/1804
f 1035/1165/1805 1036/1166/1805 1034/1164/1805
f 1034/1164/1806 1036/1166/1806 1037/1167/1806
f 1038/1168/1807 1037/1167/1807 1036/1166/1807
f 1016/1136/1808 1038/1168/1808 1036/1166/1808
f 1039/1169/1809 1038/1168/1809 1016/1136/1809
f 1039/1169/1810 1040/1170/1810 1038/1168/1810
f 1038/1168/1811 1040/1170/1811 1041/1171/1811
f 1041/1171/1812 1040/1170/1812 1042/1172/1812
f 1041/1171/1813 1042/1172/1813 1043/1173/1813
f 1044/1174/1814 1041/1171/1814 1043/1173/1814
f 1037/1167/1815 1041/1171/1815 1044/1174/1815
f 1044/1174/1816 1033/1163/1816 1037/1167/1816
f 1043/1173/1817 1042/1172/1817 1045/1175/1817
f 1045/1175/1818 1042/1172/1818 1046/1176/1818
f 1046/1176/1819 1042/1172/1819 1047/1177/1819
f 1047/1177/1820 1048/1178/1820 1046/1176/1820
f 1046/1176/1821 1048/1178/1821 1049/1179/1821
f 1048/1178/1822 1050/1180/1822 1049/1179/1822
f 1051/1181/1823 1050/1180/1823 1048/1178/1823
f 1048/1178/1824 1052/1182/1824 1051/1181/1824
f 1053/1183/1825 1051/1181/1825 1052/1182/1825
f 1054/1184/1826 1053/1183/1826 1052/1182/1826
f 1052/1182/1827 1055/1185/1827 1054/1184/1827
f 1054/1184/1828 1055/1185/1828 1056/1186/1828
f 1056/1186/1829 911/1187/1829 1054/1184/1829
f 911/1187/1830 922/1188/1830 1054/1184/1830
f 1054/1184/1831 922/1188/1831 1057/1189/1831
f 922/1188/1832 924/1190/1832 1057/1189/1832
f 1057/1189/1833 924/1190/1833 1058/1191/1833
f 1057/1189/1834 1058/1191/1834 1053/1183/1834
f 1053/1183/1835 1058/1191/1835 1059/1192/1835
f 1059/1192/1836 1060/1193/1836 1053/1183/1836
f 1053/1183/1837 1060/1193/1837 1061/1194/1837
f 1060/1193/1838 1062/1195/1838 1061/1194/1838
f 1061/1194/1839 1062/1195/1839 1063/1196/1839
f 1061/1194/1840 1063/1196/1840 1051/1181/1840
f 909/1197/1841 911/1187/1841 1056/1186/1841
f 1064/1198/1842 909/1197/1842 1056/1186/1842
f 1056/1186/1843 1065/1199/1843 1064/1198/1843
f 1040/1170/1844 1064/1198/1844 1065/1199/1844
f 1065/1199/1845 1047/1177/1845 1040/1170/1845
f 1055/1185/1846 1047/1177/1846 1065/1199/1846
f 1066/1200/1847 1064/1198/1847 1040/1170/1847
f 1066/1200/1848 906/1201/1848 1064/1198/1848
f 905/1202/1849 906/1201/1849 1066/1200/1849
f 905/1202/1850 1066/1200/1850 907/1203/1850
f 907/1203/1851 1066/1200/1851 1039/1169/1851
f 1039/1169/1852 908/1135/1852 907/1203/1852
f 906/1201/1853 909/1197/1853 1064/1198/1853
f 1055/1185/1854 1065/1199/1854 1056/1186/1854
f 1057/1189/1855 1053/1183/1855 1054/1184/1855
f 1061/1194/1856 1051/1181/1856 1053/1183/1856
f 1055/1185/1857 1052/1182/1857 1048/1178/1857
f 1051/1181/1858 1063/1196/1858 1050/1180/1858
f 1048/1178/1859 1047/1177/1859 1055/1185/1859
f 1040/1170/1860 1047/1177/1860 1042/1172/1860
f 1066/1200/1861 1040/1170/1861 1039/1169/1861
f 1041/1171/1862 1037/1167/1862 1038/1168/1862
f 1017/1138/1863 1036/1166/1863 1035/1165/1863
f 1035/1165/1864 1067/1204/1864 1017/1138/1864
f 1035/1165/1865 1025/1149/1865 1067/1204/1865
f 1037/1167/1866 1033/1163/1866 1034/1164/1866
f 1025/1149/1867 1023/1147/1867 1067/1204/1867
f 1067/1204/1868 1023/1147/1868 1018/1140/1868
f 1028/1152/1869 1022/1146/1869 1024/1148/1869
f 1031/1158/1870 1021/1145/1870 1022/1146/1870
f 883/1160/1871 884/1144/1871 1021/1145/1871
f 1023/1147/1872 1020/1143/1872 1019/1142/1872
f 1018/1140/1873 1023/1147/1873 1019/1142/1873
f 1017/1138/1874 1067/1204/1874 1018/1140/1874
f 1016/1136/1875 1036/1166/1875 1017/1138/1875
f 1016/1136/1876 908/1135/1876 1039/1169/1876
usemtl material_0.002
f 1068/1205/1877 1069/1206/1877 1070/1207/1877
f 1068/1205/1878 1070/1207/1878 1071/1208/1878
f 1071/1208/1879 1072/1209/1879 1068/1205/1879
f 1071/1208/1880 1073/1210/1880 1072/1209/1880
f 1072/1209/1881 1073/1210/1881 1074/1211/1881
f 1072/1209/1882 1074/1211/1882 1075/1212/1882
f 1076/1213/1883 1075/1212/1883 1074/1211/1883
f 1076/1213/1884 1074/1211/1884 1077/1214/1884
f 1078/1215/1885 1076/1213/1885 1077/1214/1885
f 1078/1215/1886 1077/1214/1886 1079/1216/1886
f 1080/1217/1887 1078/1215/1887 1079/1216/1887
f 1080/1217/1888 1079/1216/1888 1081/1218/1888
f 1081/1218/1889 1082/1219/1889 1080/1217/1889
f 1081/1218/1890 1083/1220/1890 1082/1219/1890
f 1083/1220/1891 1084/1221/1891 1082/1219/1891
f 1083/1220/1892 1085/1222/1892 1084/1221/1892
f 1086/1223/1893 1084/1221/1893 1085/1222/1893
f 1087/1224/1894 1086/1223/1894 1085/1222/1894
f 1087/1224/1895 1085/1222/1895 1088/1225/1895
f 1087/1224/1896 1088/1225/1896 1089/1226/1896
f 1087/1224/1897 1089/1226/1897 1090/1227/1897
f 1091/1228/1898 1087/1224/1898 1090/1227/1898
f 1091/1228/1899 1090/1227/1899 1092/1229/1899
f 1092/1229/1900 1093/1230/1900 1091/1228/1900
f 1094/1231/1901 1091/1228/1901 1093/1230/1901
f 1094/1231/1902 1093/1230/1902 1095/1232/1902
f 1096/1233/1903 1094/1231/1903 1095/1232/1903
f 1097/1234/1904 1096/1233/1904 1095/1232/1904
f 1095/1232/1905 1098/1235/1905 1097/1234/1905
f 1099/1236/1906 1097/1234/1906 1098/1235/1906
f 1099/1236/1907 1098/1235/1907 1100/1237/1907
f 1099/1236/1908 1100/1237/1908 1101/1238/1908
f 1102/1239/1909 1099/1236/1909 1101/1238/1909
f 1102/1239/1910 1101/1238/1910 1103/1240/1910
f 1103/1240/1911 1101/1238/1911 1104/1241/1911
f 1103/1240/1912 1104/1241/1912 1105/1242/1912
f 1101/1238/1913 1106/1243/1913 1104/1241/1913
f 1107/1244/1914 1099/1236/1914 1102/1239/1914
f 1107/1244/1915 1108/1245/1915 1099/1236/1915
f 1109/1246/1916 1108/1245/1916 1107/1244/1916
f 1109/1246/1917 1110/1247/1917 1108/1245/1917
f 1108/1245/1918 1110/1247/1918 1111/1248/1918
f 1108/1245/1919 1111/1248/1919 1097/1234/1919
f 1101/1238/1920 1100/1237/1920 1106/1243/1920
f 1112/1249/1921 1106/1243/1921 1100/1237/1921
f 1112/1249/1922 1113/1250/1922 1106/1243/1922
f 1112/1249/1923 1114/1251/1923 1113/1250/1923
f 1112/1249/1924 1092/1229/1924 1114/1251/1924
f 1115/1252/1925 1114/1251/1925 1092/1229/1925
f 1112/1249/1926 1100/1237/1926 1098/1235/1926
f 1112/1249/1927 1098/1235/1927 1093/1230/1927
f 1099/1236/1928 1108/1245/1928 1097/1234/1928
f 1097/1234/1929 1111/1248/1929 1096/1233/1929
f 1096/1233/1930 1116/1253/1930 1094/1231/1930
f 1117/1254/1931 1094/1231/1931 1116/1253/1931
f 1117/1254/1932 1086/1223/1932 1094/1231/1932
f 1095/1232/1933 1093/1230/1933 1098/1235/1933
f 1092/1229/1934 1112/1249/1934 1093/1230/1934
f 1115/1252/1935 1092/1229/1935 1090/1227/1935
f 1090/1227/1936 1118/1255/1936 1115/1252/1936
f 1094/1231/1937 1087/1224/1937 1091/1228/1937
f 1090/1227/1938 1089/1226/1938 1118/1255/1938
f 1089/1226/1939 1119/1256/1939 1118/1255/1939
f 1089/1226/1940 1120/1257/1940 1119/1256/1940
f 1121/1258/1941 1119/1256/1941 1120/1257/1941
f 1121/1258/1942 1120/1257/1942 1122/1259/1942
f 1123/1260/1943 1121/1258/1943 1122/1259/1943
f 1123/1260/1944 1122/1259/1944 1124/1261/1944
f 1125/1262/1945 1123/1260/1945 1124/1261/1945
f 1125/1262/1946 1124/1261/1946 1126/1263/1946
f 1127/1264/1947 1125/1262/1947 1126/1263/1947
f 1127/1264/1948 1126/1263/1948 1128/1265/1948
f 1128/1265/1949 1129/1266/1949 1127/1264/1949
f 1128/1265/1950 1130/1267/1950 1129/1266/1950
f 1131/1268/1951 1129/1266/1951 1130/1267/1951
f 1131/1268/1952 1130/1267/1952 1132/1269/1952
f 1132/1269/1953 1133/1270/1953 1131/1268/1953
f 1132/1269/1954 1134/1271/1954 1133/1270/1954
f 1135/1272/1955 1133/1270/1955 1134/1271/1955
f 1135/1272/1956 1134/1271/1956 1136/1273/1956
f 1137/1274/1957 1135/1272/1957 1136/1273/1957
f 1137/1274/1958 1136/1273/1958 1138/1275/1958
f 1139/1276/1959 1137/1274/1959 1138/1275/1959
f 1139/1276/1960 1138/1275/1960 1140/1277/1960
f 1139/1276/1961 1140/1277/1961 1141/1278/1961
f 1139/1276/1962 1141/1278/1962 1142/1279/1962
f 1143/1280/1963 1141/1278/1963 1140/1277/1963
f 1143/1280/1964 1144/1281/1964 1141/1278/1964
f 1145/1282/1965 1144/1281/1965 1143/1280/1965
f 1145/1282/1966 1143/1280/1966 1146/1283/1966
f 1147/1284/1967 1145/1282/1967 1146/1283/1967
f 1148/1285/1968 1147/1284/1968 1146/1283/1968
f 1148/1285/1969 1149/1286/1969 1147/1284/1969
f 1149/1286/1970 1148/1285/1970 1150/1287/1970
f 1149/1286/1971 1150/1287/1971 1151/1288/1971
f 1070/1207/1972 1151/1288/1972 1150/1287/1972
f 1152/1289/1973 1070/1207/1973 1150/1287/1973
f 1150/1287/1974 1153/1290/1974 1152/1289/1974
f 1153/1290/1975 1136/1273/1975 1152/1289/1975
f 1152/1289/1976 1154/1291/1976 1070/1207/1976
f 1152/1289/1977 1134/1271/1977 1154/1291/1977
f 1150/1287/1978 1148/1285/1978 1153/1290/1978
f 1143/1280/1979 1153/1290/1979 1148/1285/1979
f 1143/1280/1980 1138/1275/1980 1153/1290/1980
f 1147/1284/1981 1155/1292/1981 1145/1282/1981
f 1143/1280/1982 1148/1285/1982 1146/1283/1982
f 1143/1280/1983 1140/1277/1983 1138/1275/1983
f 1153/1290/1984 1138/1275/1984 1136/1273/1984
f 1152/1289/1985 1136/1273/1985 1134/1271/1985
f 1132/1269/1986 1154/1291/1986 1134/1271/1986
f 1132/1269/1987 1156/1293/1987 1154/1291/1987
f 1071/1208/1988 1154/1291/1988 1156/1293/1988
f 1132/1269/1989 1157/1294/1989 1156/1293/1989
f 1156/1293/1990 1157/1294/1990 1073/1210/1990
f 1132/1269/1991 1130/1267/1991 1157/1294/1991
f 1158/1295/1992 1157/1294/1992 1130/1267/1992
f 1157/1294/1993 1158/1295/1993 1074/1211/1993
f 1158/1295/1994 1130/1267/1994 1128/1265/1994
f 1159/1296/1995 1158/1295/1995 1128/1265/1995
f 1077/1214/1996 1158/1295/1996 1159/1296/1996
f 1159/1296/1997 1128/1265/1997 1126/1263/1997
f 1126/1263/1998 1160/1297/1998 1159/1296/1998
f 1159/1296/1999 1160/1297/1999 1079/1216/1999
f 1126/1263/2000 1124/1261/2000 1160/1297/2000
f 1124/1261/2001 1161/1298/2001 1160/1297/2001
f 1160/1297/2002 1161/1298/2002 1081/1218/2002
f 1124/1261/2003 1122/1259/2003 1161/1298/2003
f 1162/1299/2004 1161/1298/2004 1122/1259/2004
f 1083/1220/2005 1161/1298/2005 1162/1299/2005
f 1162/1299/2006 1122/1259/2006 1120/1257/2006
f 1088/1225/2007 1162/1299/2007 1120/1257/2007
f 1088/1225/2008 1120/1257/2008 1089/1226/2008
f 1162/1299/2009 1088/1225/2009 1085/1222/2009
f 1094/1231/2010 1086/1223/2010 1087/1224/2010
f 1086/1223/2011 1117/1254/2011 1084/1221/2011
f 1162/1299/2012 1085/1222/2012 1083/1220/2012
f 1083/1220/2013 1081/1218/2013 1161/1298/2013
f 1160/1297/2014 1081/1218/2014 1079/1216/2014
f 1159/1296/2015 1079/1216/2015 1077/1214/2015
f 1077/1214/2016 1074/1211/2016 1158/1295/2016
f 1157/1294/2017 1074/1211/2017 1073/1210/2017
f 1156/1293/2018 1073/1210/2018 1071/1208/2018
f 1071/1208/2019 1070/1207/2019 1154/1291/2019
f 1070/1207/2020 1069/1206/2020 1151/1288/2020
f 1163/1300/2021 1164/1301/2021 1165/1302/2021
f 1163/1300/2022 1165/1302/2022 1166/1303/2022
f 1166/1303/2023 1167/1304/2023 1163/1300/2023
f 1166/1303/2024 1168/1305/2024 1167/1304/2024
f 1167/1304/2025 1168/1305/2025 1169/1306/2025
f 1167/1304/2026 1169/1306/2026 1170/1307/2026
f 1170/1307/2027 1169/1306/2027 1171/1308/2027
f 1170/1307/2028 1171/1308/2028 1172/1309/2028
f 1172/1309/2029 1171/1308/2029 1173/1310/2029
f 1172/1309/2030 1173/1310/2030 1174/1311/2030
f 1173/1310/2031 1175/1312/2031 1174/1311/2031
f 1173/1310/2032 1176/1313/2032 1175/1312/2032
f 1177/1314/2033 1175/1312/2033 1176/1313/2033
f 1177/1314/2034 1176/1313/2034 1178/1315/2034
f 1177/1314/2035 1178/1315/2035 1179/1316/2035
f 1180/1317/2036 1177/1314/2036 1179/1316/2036
f 1181/1318/2037 1180/1317/2037 1179/1316/2037
f 1181/1318/2038 1182/1319/2038 1180/1317/2038
f 1183/1320/2039 1182/1319/2039 1181/1318/2039
f 1181/1318/2040 1184/1321/2040 1183/1320/2040
f 1181/1318/2041 1185/1322/2041 1184/1321/2041
f 1186/1323/2042 1184/1321/2042 1185/1322/2042
f 1186/1323/2043 1185/1322/2043 1187/1324/2043
f 1187/1324/2044 1188/1325/2044 1186/1323/2044
f 1187/1324/2045 1189/1326/2045 1188/1325/2045
f 1188/1325/2046 1189/1326/2046 1190/1327/2046
f 1188/1325/2047 1190/1327/2047 1191/1328/2047
f 1191/1328/2048 1190/1327/2048 1192/1329/2048
f 1191/1328/2049 1192/1329/2049 1193/1330/2049
f 1194/1331/2050 1193/1330/2050 1192/1329/2050
f 1194/1331/2051 1192/1329/2051 1195/1332/2051
f 1196/1333/2052 1194/1331/2052 1195/1332/2052
f 1196/1333/2053 1195/1332/2053 1197/1334/2053
f 1196/1333/2054 1197/1334/2054 1198/1335/2054
f 1102/1336/2055 1196/1333/2055 1198/1335/2055
f 1107/1337/2056 1102/1336/2056 1198/1335/2056
f 1107/1337/2057 1198/1335/2057 1165/1302/2057
f 1109/1338/2058 1107/1337/2058 1165/1302/2058
f 1102/1336/2059 1103/1339/2059 1196/1333/2059
f 1103/1339/2060 1199/1340/2060 1196/1333/2060
f 1103/1339/2061 1105/1341/2061 1199/1340/2061
f 1198/1335/2062 1197/1334/2062 1166/1303/2062
f 1196/1333/2063 1199/1340/2063 1194/1331/2063
f 1192/1329/2064 1197/1334/2064 1195/1332/2064
f 1192/1329/2065 1200/1342/2065 1197/1334/2065
f 1197/1334/2066 1200/1342/2066 1168/1305/2066
f 1190/1327/2067 1200/1342/2067 1192/1329/2067
f 1190/1327/2068 1201/1343/2068 1200/1342/2068
f 1169/1306/2069 1200/1342/2069 1201/1343/2069
f 1202/1344/2070 1169/1306/2070 1201/1343/2070
f 1202/1344/2071 1201/1343/2071 1190/1327/2071
f 1202/1344/2072 1190/1327/2072 1189/1326/2072
f 1202/1344/2073 1189/1326/2073 1187/1324/2073
f 1202/1344/2074 1187/1324/2074 1203/1345/2074
f 1171/1308/2075 1202/1344/2075 1203/1345/2075
f 1203/1345/2076 1187/1324/2076 1185/1322/2076
f 1203/1345/2077 1185/1322/2077 1178/1315/2077
f 1178/1315/2078 1185/1322/2078 1181/1318/2078
f 1183/1320/2079 1204/1346/2079 1182/1319/2079
f 1180/1317/2080 1205/1347/2080 1177/1314/2080
f 1205/1347/2081 1206/1348/2081 1177/1314/2081
f 1205/1347/2082 1207/1349/2082 1206/1348/2082
f 1178/1315/2083 1181/1318/2083 1179/1316/2083
f 1203/1345/2084 1178/1315/2084 1176/1313/2084
f 1177/1314/2085 1206/1348/2085 1175/1312/2085
f 1203/1345/2086 1176/1313/2086 1173/1310/2086
f 1171/1308/2087 1203/1345/2087 1173/1310/2087
f 1202/1344/2088 1171/1308/2088 1169/1306/2088
f 1169/1306/2089 1168/1305/2089 1200/1342/2089
f 1197/1334/2090 1168/1305/2090 1166/1303/2090
f 1198/1335/2091 1166/1303/2091 1165/1302/2091
f 1109/1338/2092 1165/1302/2092 1164/1301/2092
f 1142/1350/2093 1208/1351/2093 1209/1352/2093
f 1142/1350/2094 1209/1352/2094 1139/1353/2094
f 1209/1352/2095 1137/1354/2095 1139/1353/2095
f 1209/1352/2096 1210/1355/2096 1137/1354/2096
f 1210/1355/2097 1135/1356/2097 1137/1354/2097
f 1210/1355/2098 1211/1357/2098 1135/1356/2098
f 1211/1357/2099 1133/1358/2099 1135/1356/2099
f 1211/1357/2100 1212/1359/2100 1133/1358/2100
f 1131/1360/2101 1133/1358/2101 1212/1359/2101
f 1131/1360/2102 1212/1359/2102 1213/1361/2102
f 1213/1361/2103 1129/1362/2103 1131/1360/2103
f 1213/1361/2104 1214/1363/2104 1129/1362/2104
f 1214/1363/2105 1127/1364/2105 1129/1362/2105
f 1214/1363/2106 1215/1365/2106 1127/1364/2106
f 1215/1365/2107 1125/1366/2107 1127/1364/2107
f 1215/1365/2108 1216/1367/2108 1125/1366/2108
f 1216/1367/2109 1123/1368/2109 1125/1366/2109
f 1216/1367/2110 1217/1369/2110 1123/1368/2110
f 1217/1369/2111 1121/1370/2111 1123/1368/2111
f 1217/1369/2112 1218/1371/2112 1121/1370/2112
f 1119/1372/2113 1121/1370/2113 1218/1371/2113
f 1119/1372/2114 1218/1371/2114 1219/1373/2114
f 1118/1374/2115 1119/1372/2115 1219/1373/2115
f 1118/1374/2116 1219/1373/2116 1220/1375/2116
f 1220/1375/2117 1115/1376/2117 1118/1374/2117
f 1220/1375/2118 1221/1377/2118 1115/1376/2118
f 1114/1378/2119 1115/1376/2119 1221/1377/2119
f 1114/1378/2120 1221/1377/2120 1222/1379/2120
f 1222/1379/2121 1113/1380/2121 1114/1378/2121
f 1222/1379/2122 1223/1381/2122 1113/1380/2122
f 1223/1381/2122 1106/1382/2122 1113/1380/2122
f 1223/1381/2123 1224/1383/2123 1106/1382/2123
f 1225/1384/2124 1106/1382/2124 1224/1383/2124
f 1226/1385/2125 1225/1384/2125 1224/1383/2125
f 1226/1385/2126 1224/1383/2126 1227/1386/2126
f 1228/1387/2127 1226/1385/2127 1227/1386/2127
f 1228/1387/2128 1227/1386/2128 1229/1388/2128
f 1230/1389/2129 1228/1387/2129 1229/1388/2129
f 1231/1390/2130 1230/1389/2130 1229/1388/2130
f 1232/1391/2131 1231/1390/2131 1229/1388/2131
f 1233/1392/2132 1231/1390/2132 1232/1391/2132
f 1223/1381/2133 1233/1392/2133 1232/1391/2133
f 1233/1392/2134 1234/1393/2134 1231/1390/2134
f 1234/1393/2135 1235/1394/2135 1231/1390/2135
f 1234/1393/2136 1236/1395/2136 1235/1394/2136
f 1237/1396/2137 1236/1395/2137 1234/1393/2137
f 1237/1396/2138 1234/1393/2138 1238/1397/2138
f 1237/1396/2139 1238/1397/2139 1239/1398/2139
f 1237/1396/2140 1239/1398/2140 1240/1399/2140
f 1239/1398/2141 1241/1400/2141 1240/1399/2141
f 1239/1398/2142 1242/1401/2142 1241/1400/2142
f 1242/1401/2143 1243/1402/2143 1241/1400/2143
f 1242/1401/2144 1244/1403/2144 1243/1402/2144
f 1244/1403/2145 1245/1404/2145 1243/1402/2145
f 1243/1402/2146 1245/1404/2146 1246/1405/2146
f 1246/1405/2147 1245/1404/2147 1247/1406/2147
f 1246/1405/2148 1247/1406/2148 1248/1407/2148
f 1246/1405/2149 1248/1407/2149 1249/1408/2149
f 1250/1409/2150 1249/1408/2150 1248/1407/2150
f 1250/1409/2151 1251/1410/2151 1249/1408/2151
f 1250/1409/2152 1252/1411/2152 1251/1410/2152
f 1250/1409/2153 1253/1412/2153 1252/1411/2153
f 1253/1412/2154 1254/1413/2154 1252/1411/2154
f 1255/1414/2155 1252/1411/2155 1254/1413/2155
f 1256/1415/2156 1255/1414/2156 1254/1413/2156
f 1256/1415/2157 1254/1413/2157 1257/1416/2157
f 1256/1415/2158 1257/1416/2158 1258/1417/2158
f 1256/1415/2159 1258/1417/2159 1259/1418/2159
f 1258/1417/2160 1260/1419/2160 1259/1418/2160
f 1258/1417/2161 1261/1420/2161 1260/1419/2161
f 1262/1421/2162 1260/1419/2162 1261/1420/2162
f 1262/1421/2163 1261/1420/2163 1263/1422/2163
f 1262/1421/2164 1263/1422/2164 1264/1423/2164
f 1262/1421/2165 1264/1423/2165 1265/1424/2165
f 1263/1422/2166 1266/1425/2166 1264/1423/2166
f 1263/1422/2167 1267/1426/2167 1266/1425/2167
f 1267/1426/2168 1268/1427/2168 1266/1425/2168
f 1267/1426/2169 1269/1428/2169 1268/1427/2169
f 1270/1429/2170 1268/1427/2170 1269/1428/2170
f 1271/1430/2171 1270/1429/2171 1269/1428/2171
f 1271/1430/2172 1269/1428/2172 1272/1431/2172
f 1271/1430/2173 1272/1431/2173 1273/1432/2173
f 1271/1430/2174 1273/1432/2174 1274/1433/2174
f 1275/1434/2175 1271/1430/2175 1274/1433/2175
f 1275/1434/2176 1274/1433/2176 1276/1435/2176
f 1210/1355/2177 1275/1434/2177 1276/1435/2177
f 1210/1355/2178 1277/1436/2178 1275/1434/2178
f 1276/1435/2179 1274/1433/2179 1278/1437/2179
f 1276/1435/2180 1278/1437/2180 1279/1438/2180
f 1211/1357/2181 1276/1435/2181 1279/1438/2181
f 1280/1439/2182 1279/1438/2182 1278/1437/2182
f 1280/1439/2183 1278/1437/2183 1281/1440/2183
f 1281/1440/2184 1282/1441/2184 1280/1439/2184
f 1214/1363/2185 1280/1439/2185 1282/1441/2185
f 1281/1440/2186 1283/1442/2186 1282/1441/2186
f 1284/1443/2187 1282/1441/2187 1283/1442/2187
f 1284/1443/2188 1283/1442/2188 1285/1444/2188
f 1286/1445/2189 1284/1443/2189 1285/1444/2189
f 1286/1445/2190 1285/1444/2190 1287/1446/2190
f 1288/1447/2191 1286/1445/2191 1287/1446/2191
f 1288/1447/2192 1287/1446/2192 1289/1448/2192
f 1289/1448/2193 1290/1449/2193 1288/1447/2193
f 1218/1371/2194 1288/1447/2194 1290/1449/2194
f 1289/1448/2195 1244/1403/2195 1290/1449/2195
f 1244/1403/2196 1291/1450/2196 1290/1449/2196
f 1290/1449/2197 1291/1450/2197 1219/1373/2197
f 1247/1406/2198 1289/1448/2198 1287/1446/2198
f 1292/1451/2199 1247/1406/2199 1287/1446/2199
f 1247/1406/2200 1292/1451/2200 1250/1409/2200
f 1217/1369/2201 1286/1445/2201 1288/1447/2201
f 1292/1451/2202 1287/1446/2202 1285/1444/2202
f 1284/1443/2203 1286/1445/2203 1216/1367/2203
f 1292/1451/2204 1285/1444/2204 1283/1442/2204
f 1292/1451/2205 1283/1442/2205 1293/1452/2205
f 1253/1412/2206 1292/1451/2206 1293/1452/2206
f 1294/1453/2207 1253/1412/2207 1293/1452/2207
f 1294/1453/2208 1293/1452/2208 1295/1454/2208
f 1294/1453/2209 1295/1454/2209 1296/1455/2209
f 1294/1453/2210 1296/1455/2210 1297/1456/2210
f 1297/1456/2211 1254/1413/2211 1294/1453/2211
f 1273/1432/2212 1297/1456/2212 1296/1455/2212
f 1273/1432/2213 1298/1457/2213 1297/1456/2213
f 1298/1457/2214 1257/1416/2214 1297/1456/2214
f 1299/1458/2215 1298/1457/2215 1273/1432/2215
f 1261/1420/2216 1298/1457/2216 1299/1458/2216
f 1267/1426/2217 1261/1420/2217 1299/1458/2217
f 1295/1454/2218 1278/1437/2218 1296/1455/2218
f 1293/1452/2219 1281/1440/2219 1295/1454/2219
f 1282/1441/2220 1284/1443/2220 1215/1365/2220
f 1293/1452/2221 1283/1442/2221 1281/1440/2221
f 1295/1454/2222 1281/1440/2222 1278/1437/2222
f 1213/1361/2223 1279/1438/2223 1280/1439/2223
f 1274/1433/2224 1296/1455/2224 1278/1437/2224
f 1271/1430/2225 1275/1434/2225 1277/1436/2225
f 1274/1433/2226 1273/1432/2226 1296/1455/2226
f 1299/1458/2227 1273/1432/2227 1272/1431/2227
f 1299/1458/2228 1272/1431/2228 1269/1428/2228
f 1271/1430/2229 1277/1436/2229 1270/1429/2229
f 1300/1459/2230 1270/1429/2230 1277/1436/2230
f 1300/1459/2231 1277/1436/2231 1301/1460/2231
f 1301/1460/2232 1277/1436/2232 1209/1352/2232
f 1270/1429/2233 1300/1459/2233 1268/1427/2233
f 1299/1458/2234 1269/1428/2234 1267/1426/2234
f 1267/1426/2235 1263/1422/2235 1261/1420/2235
f 1261/1420/2236 1258/1417/2236 1298/1457/2236
f 1298/1457/2237 1258/1417/2237 1257/1416/2237
f 1297/1456/2238 1257/1416/2238 1254/1413/2238
f 1253/1412/2239 1294/1453/2239 1254/1413/2239
f 1253/1412/2240 1250/1409/2240 1292/1451/2240
f 1247/1406/2241 1250/1409/2241 1248/1407/2241
f 1247/1406/2242 1245/1404/2242 1289/1448/2242
f 1244/1403/2243 1289/1448/2243 1245/1404/2243
f 1244/1403/2244 1242/1401/2244 1291/1450/2244
f 1242/1401/2245 1302/1461/2245 1291/1450/2245
f 1291/1450/2246 1302/1461/2246 1220/1375/2246
f 1242/1401/2247 1239/1398/2247 1302/1461/2247
f 1303/1462/2248 1302/1461/2248 1239/1398/2248
f 1221/1377/2249 1302/1461/2249 1303/1462/2249
f 1221/1377/2250 1303/1462/2250 1233/1392/2250
f 1303/1462/2251 1239/1398/2251 1238/1397/2251
f 1303/1462/2252 1238/1397/2252 1234/1393/2252
f 1303/1462/2253 1234/1393/2253 1233/1392/2253
f 1231/1390/2254 1235/1394/2254 1230/1389/2254
f 1230/1389/2255 1304/1463/2255 1228/1387/2255
f 1305/1464/2256 1228/1387/2256 1304/1463/2256
f 1305/1464/2257 1306/1465/2257 1228/1387/2257
f 1232/1391/2258 1229/1388/2258 1227/1386/2258
f 1306/1465/2259 1226/1385/2259 1228/1387/2259
f 1306/1465/2260 1307/1466/2260 1226/1385/2260
f 1224/1383/2261 1232/1391/2261 1227/1386/2261
f 1307/1466/2262 1225/1384/2262 1226/1385/2262
f 1307/1466/2263 1308/1467/2263 1225/1384/2263
f 1225/1384/2264 1308/1467/2264 1105/1468/2264
f 1225/1384/2265 1105/1468/2265 1104/1469/2265
f 1225/1384/2266 1104/1469/2266 1106/1382/2266
f 1224/1383/2267 1223/1381/2267 1232/1391/2267
f 1223/1381/2268 1222/1379/2268 1233/1392/2268
f 1221/1377/2269 1233/1392/2269 1222/1379/2269
f 1221/1377/2270 1220/1375/2270 1302/1461/2270
f 1291/1450/2271 1220/1375/2271 1219/1373/2271
f 1290/1449/2272 1219/1373/2272 1218/1371/2272
f 1218/1371/2273 1217/1369/2273 1288/1447/2273
f 1217/1369/2274 1216/1367/2274 1286/1445/2274
f 1284/1443/2275 1216/1367/2275 1215/1365/2275
f 1282/1441/2276 1215/1365/2276 1214/1363/2276
f 1214/1363/2277 1213/1361/2277 1280/1439/2277
f 1213/1361/2278 1212/1359/2278 1279/1438/2278
f 1211/1357/2279 1279/1438/2279 1212/1359/2279
f 1210/1355/2280 1276/1435/2280 1211/1357/2280
f 1210/1355/2281 1209/1352/2281 1277/1436/2281
f 1301/1460/2282 1209/1352/2282 1208/1351/2282
f 1309/1470/2283 1310/1471/2283 1311/1472/2283
f 1309/1470/2284 1311/1472/2284 1312/1473/2284
f 1312/1473/2285 1313/1474/2285 1309/1470/2285
f 1314/1475/2286 1309/1470/2286 1313/1474/2286
f 1314/1475/2287 1313/1474/2287 1315/1476/2287
f 1315/1476/2288 1316/1477/2288 1314/1475/2288
f 1316/1477/2289 1317/1478/2289 1314/1475/2289
f 1316/1477/2290 1318/1479/2290 1317/1478/2290
f 1318/1479/2291 1319/1480/2291 1317/1478/2291
f 1320/1481/2292 1317/1478/2292 1319/1480/2292
f 1321/1482/2293 1320/1481/2293 1319/1480/2293
f 1322/1483/2294 1321/1482/2294 1319/1480/2294
f 1322/1483/2295 1319/1480/2295 1323/1484/2295
f 1324/1485/2296 1322/1483/2296 1323/1484/2296
f 1325/1486/2297 1324/1485/2297 1323/1484/2297
f 1325/1486/2298 1323/1484/2298 1318/1479/2298
f 1326/1487/2299 1325/1486/2299 1318/1479/2299
f 1326/1487/2300 1327/1488/2300 1325/1486/2300
f 1326/1487/2301 1328/1489/2301 1327/1488/2301
f 1328/1489/2302 1329/1490/2302 1327/1488/2302
f 1330/1491/2303 1327/1488/2303 1329/1490/2303
f 1329/1490/2304 1331/1492/2304 1330/1491/2304
f 1332/1493/2305 1330/1491/2305 1331/1492/2305
f 1332/1493/2306 1331/1492/2306 1333/1494/2306
f 1334/1495/2307 1332/1493/2307 1333/1494/2307
f 1334/1495/2308 1333/1494/2308 1335/1496/2308
f 1336/1497/2309 1334/1495/2309 1335/1496/2309
f 1336/1497/2310 1335/1496/2310 1337/1498/2310
f 1243/1499/2311 1336/1497/2311 1337/1498/2311
f 1243/1499/2312 1337/1498/2312 1241/1500/2312
f 1337/1498/2313 1240/1501/2313 1241/1500/2313
f 1337/1498/2314 1338/1502/2314 1240/1501/2314
f 1339/1503/2315 1240/1501/2315 1338/1502/2315
f 1340/1504/2316 1339/1503/2316 1338/1502/2316
f 1340/1504/2317 1338/1502/2317 1341/1505/2317
f 1342/1506/2318 1340/1504/2318 1341/1505/2318
f 1342/1506/2319 1341/1505/2319 1343/1507/2319
f 1342/1506/2320 1343/1507/2320 1344/1508/2320
f 1342/1506/2321 1344/1508/2321 1345/1509/2321
f 1345/1509/2322 1346/1510/2322 1342/1506/2322
f 1345/1509/2323 1347/1511/2323 1346/1510/2323
f 1347/1511/2324 1348/1512/2324 1346/1510/2324
f 1346/1510/2325 1348/1512/2325 1349/1513/2325
f 1346/1510/2326 1349/1513/2326 1350/1514/2326
f 1346/1510/2327 1350/1514/2327 1340/1504/2327
f 1350/1514/2328 1349/1513/2328 1351/1515/2328
f 1350/1514/2329 1351/1515/2329 1352/1516/2329
f 1350/1514/2330 1352/1516/2330 1339/1503/2330
f 1352/1516/2331 1237/1517/2331 1339/1503/2331
f 1352/1516/2332 1236/1518/2332 1237/1517/2332
f 1236/1518/2333 1352/1516/2333 1351/1515/2333
f 1236/1518/2334 1351/1515/2334 1235/1519/2334
f 1235/1519/2335 1351/1515/2335 1353/1520/2335
f 1235/1519/2336 1353/1520/2336 1230/1521/2336
f 1353/1520/2337 1304/1522/2337 1230/1521/2337
f 1353/1520/2338 1354/1523/2338 1304/1522/2338
f 1354/1523/2339 1305/1524/2339 1304/1522/2339
f 1354/1523/2340 1355/1525/2340 1305/1524/2340
f 1305/1524/2341 1355/1525/2341 1356/1526/2341
f 1357/1527/2342 1356/1526/2342 1355/1525/2342
f 1357/1527/2343 1355/1525/2343 1358/1528/2343
f 1358/1528/2344 1359/1529/2344 1357/1527/2344
f 1357/1527/2345 1359/1529/2345 1360/1530/2345
f 1357/1527/2346 1360/1530/2346 1361/1531/2346
f 1360/1530/2347 1359/1529/2347 1362/1532/2347
f 1360/1530/2348 1362/1532/2348 1363/1533/2348
f 1364/1534/2349 1360/1530/2349 1363/1533/2349
f 1365/1535/2350 1364/1534/2350 1363/1533/2350
f 1365/1535/2351 1363/1533/2351 1366/1536/2351
f 1367/1537/2352 1365/1535/2352 1366/1536/2352
f 1367/1537/2353 1366/1536/2353 1368/1538/2353
f 1369/1539/2354 1367/1537/2354 1368/1538/2354
f 1369/1539/2355 1368/1538/2355 1370/1540/2355
f 1370/1540/2356 1371/1541/2356 1369/1539/2356
f 1369/1539/2357 1371/1541/2357 1372/1542/2357
f 1373/1543/2358 1369/1539/2358 1372/1542/2358
f 1369/1539/2359 1373/1543/2359 1374/1544/2359
f 1375/1545/2360 1369/1539/2360 1374/1544/2360
f 1374/1544/2361 1373/1543/2361 1376/1546/2361
f 1371/1541/2362 1370/1540/2362 1377/1547/2362
f 1377/1547/2363 1370/1540/2363 1378/1548/2363
f 1379/1549/2363 1378/1548/2363 1370/1540/2363
f 1379/1549/2364 1380/1550/2364 1378/1548/2364
f 1380/1550/2365 1379/1549/2365 1381/1551/2365
f 1382/1552/2366 1381/1551/2366 1379/1549/2366
f 1383/1553/2367 1382/1552/2367 1379/1549/2367
f 1379/1549/2368 1368/1538/2368 1383/1553/2368
f 1383/1553/2369 1384/1554/2369 1382/1552/2369
f 1382/1552/2370 1384/1554/2370 1385/1555/2370
f 1382/1552/2371 1385/1555/2371 1386/1556/2371
f 1386/1556/2372 1387/1557/2372 1382/1552/2372
f 1388/1558/2373 1382/1552/2373 1387/1557/2373
f 1386/1556/2374 1389/1559/2374 1387/1557/2374
f 1386/1556/2375 1390/1560/2375 1389/1559/2375
f 1386/1556/2376 1391/1561/2376 1390/1560/2376
f 1392/1562/2377 1390/1560/2377 1391/1561/2377
f 1392/1562/2378 1391/1561/2378 1393/1563/2378
f 1394/1564/2379 1393/1563/2379 1391/1561/2379
f 1391/1561/2380 1395/1565/2380 1394/1564/2380
f 1396/1566/2381 1394/1564/2381 1395/1565/2381
f 1396/1566/2382 1395/1565/2382 1397/1567/2382
f 1397/1567/2383 1398/1568/2383 1396/1566/2383
f 1398/1568/2384 1399/1569/2384 1396/1566/2384
f 1396/1566/2385 1399/1569/2385 1400/1570/2385
f 1400/1570/2386 1401/1571/2386 1396/1566/2386
f 1399/1569/2387 1398/1568/2387 1402/1572/2387
f 1402/1572/2388 1398/1568/2388 1403/1573/2388
f 1404/1574/2389 1403/1573/2389 1398/1568/2389
f 1398/1568/2390 1405/1575/2390 1404/1574/2390
f 1404/1574/2391 1405/1575/2391 1406/1576/2391
f 1404/1574/2392 1406/1576/2392 1407/1577/2392
f 1407/1577/2393 1408/1578/2393 1404/1574/2393
f 1409/1579/2394 1404/1574/2394 1408/1578/2394
f 1408/1578/2395 1407/1577/2395 1410/1580/2395
f 1410/1580/2396 1407/1577/2396 1411/1581/2396
f 1412/1582/2397 1411/1581/2397 1407/1577/2397
f 1411/1581/2398 1412/1582/2398 1413/1583/2398
f 1412/1582/2399 1414/1584/2399 1413/1583/2399
f 1415/1585/2400 1414/1584/2400 1412/1582/2400
f 1416/1586/2401 1415/1585/2401 1412/1582/2401
f 1406/1576/2402 1416/1586/2402 1412/1582/2402
f 1417/1587/2403 1416/1586/2403 1406/1576/2403
f 1417/1587/2404 1329/1490/2404 1416/1586/2404
f 1416/1586/2405 1328/1489/2405 1415/1585/2405
f 1418/1588/2406 1415/1585/2406 1328/1489/2406
f 1415/1585/2407 1418/1588/2407 1419/1589/2407
f 1415/1585/2408 1419/1589/2408 1420/1590/2408
f 1421/1591/2409 1419/1589/2409 1418/1588/2409
f 1418/1588/2410 1422/1592/2410 1421/1591/2410
f 1418/1588/2411 1423/1593/2411 1422/1592/2411
f 1424/1594/2412 1422/1592/2412 1423/1593/2412
f 1423/1593/2413 1425/1595/2413 1424/1594/2413
f 1423/1593/2414 1315/1476/2414 1425/1595/2414
f 1426/1596/2415 1425/1595/2415 1315/1476/2415
f 1315/1476/2416 1427/1597/2416 1426/1596/2416
f 1418/1588/2417 1316/1477/2417 1423/1593/2417
f 1418/1588/2418 1326/1487/2418 1316/1477/2418
f 1414/1584/2419 1415/1585/2419 1420/1590/2419
f 1406/1576/2420 1412/1582/2420 1407/1577/2420
f 1405/1575/2421 1417/1587/2421 1406/1576/2421
f 1405/1575/2422 1428/1598/2422 1417/1587/2422
f 1428/1598/2423 1331/1492/2423 1417/1587/2423
f 1428/1598/2424 1344/1508/2424 1331/1492/2424
f 1429/1599/2425 1428/1598/2425 1405/1575/2425
f 1429/1599/2426 1430/1600/2426 1428/1598/2426
f 1428/1598/2427 1430/1600/2427 1345/1509/2427
f 1431/1601/2428 1345/1509/2428 1430/1600/2428
f 1431/1601/2429 1430/1600/2429 1429/1599/2429
f 1431/1601/2430 1429/1599/2430 1397/1567/2430
f 1397/1567/2431 1432/1602/2431 1431/1601/2431
f 1433/1603/2432 1431/1601/2432 1432/1602/2432
f 1433/1603/2433 1432/1602/2433 1434/1604/2433
f 1433/1603/2434 1434/1604/2434 1435/1605/2434
f 1436/1606/2435 1433/1603/2435 1435/1605/2435
f 1437/1607/2436 1436/1606/2436 1435/1605/2436
f 1437/1607/2437 1438/1608/2437 1436/1606/2437
f 1438/1608/2438 1439/1609/2438 1436/1606/2438
f 1348/1512/2439 1436/1606/2439 1439/1609/2439
f 1438/1608/2440 1440/1610/2440 1439/1609/2440
f 1439/1609/2441 1440/1610/2441 1354/1523/2441
f 1438/1608/2442 1358/1528/2442 1440/1610/2442
f 1438/1608/2443 1441/1611/2443 1358/1528/2443
f 1442/1612/2444 1441/1611/2444 1438/1608/2444
f 1359/1529/2445 1441/1611/2445 1442/1612/2445
f 1442/1612/2446 1438/1608/2446 1437/1607/2446
f 1442/1612/2447 1437/1607/2447 1443/1613/2447
f 1442/1612/2448 1443/1613/2448 1444/1614/2448
f 1444/1614/2449 1362/1532/2449 1442/1612/2449
f 1444/1614/2450 1445/1615/2450 1362/1532/2450
f 1362/1532/2451 1445/1615/2451 1366/1536/2451
f 1383/1553/2452 1366/1536/2452 1445/1615/2452
f 1384/1554/2453 1445/1615/2453 1444/1614/2453
f 1444/1614/2454 1443/1613/2454 1385/1555/2454
f 1443/1613/2455 1446/1616/2455 1385/1555/2455
f 1385/1555/2456 1446/1616/2456 1391/1561/2456
f 1443/1613/2457 1434/1604/2457 1446/1616/2457
f 1395/1565/2458 1446/1616/2458 1434/1604/2458
f 1437/1607/2459 1434/1604/2459 1443/1613/2459
f 1436/1606/2460 1348/1512/2460 1433/1603/2460
f 1437/1607/2461 1435/1605/2461 1434/1604/2461
f 1395/1565/2462 1434/1604/2462 1432/1602/2462
f 1433/1603/2463 1347/1511/2463 1431/1601/2463
f 1398/1568/2464 1429/1599/2464 1405/1575/2464
f 1403/1573/2465 1404/1574/2465 1409/1579/2465
f 1397/1567/2466 1429/1599/2466 1398/1568/2466
f 1397/1567/2467 1395/1565/2467 1432/1602/2467
f 1394/1564/2468 1396/1566/2468 1401/1571/2468
f 1394/1564/2469 1401/1571/2469 1447/1617/2469
f 1391/1561/2470 1446/1616/2470 1395/1565/2470
f 1393/1563/2471 1394/1564/2471 1447/1617/2471
f 1385/1555/2472 1391/1561/2472 1386/1556/2472
f 1444/1614/2473 1385/1555/2473 1384/1554/2473
f 1384/1554/2474 1383/1553/2474 1445/1615/2474
f 1382/1552/2475 1388/1558/2475 1381/1551/2475
f 1379/1549/2476 1370/1540/2476 1368/1538/2476
f 1375/1545/2477 1367/1537/2477 1369/1539/2477
f 1383/1553/2478 1368/1538/2478 1366/1536/2478
f 1375/1545/2479 1365/1535/2479 1367/1537/2479
f 1375/1545/2480 1448/1618/2480 1365/1535/2480
f 1448/1618/2481 1364/1534/2481 1365/1535/2481
f 1362/1532/2482 1366/1536/2482 1363/1533/2482
f 1359/1529/2483 1442/1612/2483 1362/1532/2483
f 1358/1528/2484 1441/1611/2484 1359/1529/2484
f 1355/1525/2485 1440/1610/2485 1358/1528/2485
f 1356/1526/2486 1357/1527/2486 1361/1531/2486
f 1355/1525/2487 1354/1523/2487 1440/1610/2487
f 1439/1609/2488 1354/1523/2488 1353/1520/2488
f 1353/1520/2489 1349/1513/2489 1439/1609/2489
f 1353/1520/2490 1351/1515/2490 1349/1513/2490
f 1348/1512/2491 1439/1609/2491 1349/1513/2491
f 1347/1511/2492 1433/1603/2492 1348/1512/2492
f 1431/1601/2493 1347/1511/2493 1345/1509/2493
f 1428/1598/2494 1345/1509/2494 1344/1508/2494
f 1344/1508/2495 1343/1507/2495 1333/1494/2495
f 1335/1496/2496 1343/1507/2496 1341/1505/2496
f 1346/1510/2497 1340/1504/2497 1342/1506/2497
f 1338/1502/2498 1335/1496/2498 1341/1505/2498
f 1350/1514/2499 1339/1503/2499 1340/1504/2499
f 1339/1503/2500 1237/1517/2500 1240/1501/2500
f 1243/1499/2501 1246/1619/2501 1336/1497/2501
f 1338/1502/2502 1337/1498/2502 1335/1496/2502
f 1246/1619/2503 1334/1495/2503 1336/1497/2503
f 1246/1619/2504 1449/1620/2504 1334/1495/2504
f 1246/1619/2505 1249/1621/2505 1449/1620/2505
f 1450/1622/2506 1449/1620/2506 1249/1621/2506
f 1450/1622/2507 1249/1621/2507 1451/1623/2507
f 1451/1623/2508 1452/1624/2508 1450/1622/2508
f 1452/1624/2509 1332/1493/2509 1450/1622/2509
f 1451/1623/2510 1324/1485/2510 1452/1624/2510
f 1327/1488/2511 1452/1624/2511 1324/1485/2511
f 1251/1625/2512 1451/1623/2512 1249/1621/2512
f 1251/1625/2513 1322/1483/2513 1451/1623/2513
f 1332/1493/2514 1449/1620/2514 1450/1622/2514
f 1335/1496/2515 1333/1494/2515 1343/1507/2515
f 1332/1493/2516 1334/1495/2516 1449/1620/2516
f 1344/1508/2517 1333/1494/2517 1331/1492/2517
f 1452/1624/2518 1330/1491/2518 1332/1493/2518
f 1329/1490/2519 1417/1587/2519 1331/1492/2519
f 1330/1491/2520 1452/1624/2520 1327/1488/2520
f 1328/1489/2521 1416/1586/2521 1329/1490/2521
f 1418/1588/2522 1328/1489/2522 1326/1487/2522
f 1327/1488/2523 1324/1485/2523 1325/1486/2523
f 1324/1485/2524 1451/1623/2524 1322/1483/2524
f 1321/1482/2525 1322/1483/2525 1251/1625/2525
f 1321/1482/2526 1251/1625/2526 1252/1626/2526
f 1255/1627/2527 1321/1482/2527 1252/1626/2527
f 1321/1482/2528 1255/1627/2528 1320/1481/2528
f 1453/1628/2529 1320/1481/2529 1255/1627/2529
f 1453/1628/2530 1255/1627/2530 1256/1629/2530
f 1259/1630/2531 1453/1628/2531 1256/1629/2531
f 1259/1630/2532 1454/1631/2532 1453/1628/2532
f 1311/1472/2533 1453/1628/2533 1454/1631/2533
f 1311/1472/2534 1454/1631/2534 1455/1632/2534
f 1456/1633/2535 1455/1632/2535 1454/1631/2535
f 1456/1633/2536 1454/1631/2536 1457/1634/2536
f 1456/1633/2537 1457/1634/2537 1458/1635/2537
f 1456/1633/2538 1458/1635/2538 1459/1636/2538
f 1459/1636/2539 1460/1637/2539 1456/1633/2539
f 1456/1633/2540 1460/1637/2540 1461/1638/2540
f 1460/1637/2541 1462/1639/2541 1461/1638/2541
f 1461/1638/2542 1462/1639/2542 1463/1640/2542
f 1461/1638/2543 1463/1640/2543 1312/1473/2543
f 1455/1632/2544 1461/1638/2544 1312/1473/2544
f 1462/1639/2545 1464/1641/2545 1463/1640/2545
f 1465/1642/2546 1463/1640/2546 1464/1641/2546
f 1465/1642/2547 1466/1643/2547 1463/1640/2547
f 1313/1474/2548 1463/1640/2548 1466/1643/2548
f 1313/1474/2549 1466/1643/2549 1467/1644/2549
f 1427/1597/2550 1313/1474/2550 1467/1644/2550
f 1462/1639/2551 1468/1645/2551 1464/1641/2551
f 1468/1645/2552 1462/1639/2552 1469/1646/2552
f 1470/1647/2553 1469/1646/2553 1462/1639/2553
f 1470/1647/2554 1471/1648/2554 1469/1646/2554
f 1471/1648/2555 1470/1647/2555 1472/1649/2555
f 1473/1650/2556 1472/1649/2556 1470/1647/2556
f 1474/1651/2557 1473/1650/2557 1470/1647/2557
f 1474/1651/2558 1470/1647/2558 1460/1637/2558
f 1475/1652/2559 1473/1650/2559 1474/1651/2559
f 1476/1653/2560 1475/1652/2560 1474/1651/2560
f 1476/1653/2561 1474/1651/2561 1459/1636/2561
f 1475/1652/2562 1477/1654/2562 1473/1650/2562
f 1477/1654/2563 1478/1655/2563 1473/1650/2563
f 1479/1656/2563 1473/1650/2563 1478/1655/2563
f 1477/1654/2564 1480/1657/2564 1478/1655/2564
f 1472/1649/2565 1473/1650/2565 1479/1656/2565
f 1460/1637/2566 1470/1647/2566 1462/1639/2566
f 1459/1636/2567 1474/1651/2567 1460/1637/2567
f 1476/1653/2568 1459/1636/2568 1458/1635/2568
f 1476/1653/2569 1458/1635/2569 1481/1658/2569
f 1262/1659/2570 1481/1658/2570 1458/1635/2570
f 1458/1635/2571 1260/1660/2571 1262/1659/2571
f 1262/1659/2572 1265/1661/2572 1481/1658/2572
f 1458/1635/2573 1457/1634/2573 1260/1660/2573
f 1454/1631/2574 1260/1660/2574 1457/1634/2574
f 1456/1633/2575 1461/1638/2575 1455/1632/2575
f 1454/1631/2576 1259/1630/2576 1260/1660/2576
f 1310/1471/2577 1320/1481/2577 1453/1628/2577
f 1320/1481/2578 1310/1471/2578 1317/1478/2578
f 1318/1479/2579 1323/1484/2579 1319/1480/2579
f 1326/1487/2580 1318/1479/2580 1316/1477/2580
f 1315/1476/2581 1423/1593/2581 1316/1477/2581
f 1313/1474/2582 1427/1597/2582 1315/1476/2582
f 1309/1470/2583 1314/1475/2583 1317/1478/2583
f 1312/1473/2584 1463/1640/2584 1313/1474/2584
f 1455/1632/2585 1312/1473/2585 1311/1472/2585
f 1310/1471/2586 1453/1628/2586 1311/1472/2586
f 1309/1470/2587 1317/1478/2587 1310/1471/2587
f 1482/1662/2588 1483/1663/2588 1193/1664/2588
f 1482/1662/2589 1193/1664/2589 1194/1665/2589
f 1199/1666/2590 1482/1662/2590 1194/1665/2590
f 1199/1666/2591 1484/1667/2591 1482/1662/2591
f 1484/1667/2592 1485/1668/2592 1482/1662/2592
f 1484/1667/2593 1486/1669/2593 1485/1668/2593
f 1487/1670/2594 1485/1668/2594 1486/1669/2594
f 1306/1671/2595 1487/1670/2595 1486/1669/2595
f 1306/1671/2596 1486/1669/2596 1307/1672/2596
f 1487/1670/2597 1306/1671/2597 1305/1673/2597
f 1487/1670/2598 1305/1673/2598 1488/1674/2598
f 1489/1675/2599 1487/1670/2599 1488/1674/2599
f 1489/1675/2600 1488/1674/2600 1490/1676/2600
f 1491/1677/2601 1489/1675/2601 1490/1676/2601
f 1491/1677/2602 1492/1678/2602 1489/1675/2602
f 1489/1675/2603 1492/1678/2603 1493/1679/2603
f 1489/1675/2604 1493/1679/2604 1485/1668/2604
f 1485/1668/2605 1493/1679/2605 1483/1663/2605
f 1494/1680/2606 1483/1663/2606 1493/1679/2606
f 1494/1680/2607 1493/1679/2607 1495/1681/2607
f 1495/1681/2608 1496/1682/2608 1494/1680/2608
f 1494/1680/2609 1496/1682/2609 1188/1683/2609
f 1494/1680/2610 1188/1683/2610 1191/1684/2610
f 1188/1683/2611 1496/1682/2611 1497/1685/2611
f 1188/1683/2612 1497/1685/2612 1186/1686/2612
f 1184/1687/2613 1186/1686/2613 1497/1685/2613
f 1184/1687/2614 1497/1685/2614 1498/1688/2614
f 1499/1689/2615 1184/1687/2615 1498/1688/2615
f 1500/1690/2616 1499/1689/2616 1498/1688/2616
f 1500/1690/2617 1498/1688/2617 1501/1691/2617
f 1502/1692/2618 1500/1690/2618 1501/1691/2618
f 1502/1692/2619 1501/1691/2619 1503/1693/2619
f 1503/1693/2620 1504/1694/2620 1502/1692/2620
f 1505/1695/2621 1502/1692/2621 1504/1694/2621
f 1505/1695/2622 1504/1694/2622 1506/1696/2622
f 1507/1697/2623 1505/1695/2623 1506/1696/2623
f 1507/1697/2624 1508/1698/2624 1505/1695/2624
f 1508/1698/2625 1509/1699/2625 1505/1695/2625
f 1505/1695/2626 1509/1699/2626 1500/1690/2626
f 1503/1693/2627 1510/1700/2627 1504/1694/2627
f 1511/1701/2628 1510/1700/2628 1503/1693/2628
f 1512/1702/2629 1511/1701/2629 1503/1693/2629
f 1513/1703/2630 1511/1701/2630 1512/1702/2630
f 1496/1682/2631 1513/1703/2631 1512/1702/2631
f 1513/1703/2632 1514/1704/2632 1511/1701/2632
f 1514/1704/2633 1515/1705/2633 1511/1701/2633
f 1514/1704/2634 1516/1706/2634 1515/1705/2634
f 1514/1704/2635 1517/1707/2635 1516/1706/2635
f 1514/1704/2636 1518/1708/2636 1517/1707/2636
f 1517/1707/2637 1518/1708/2637 1492/1678/2637
f 1495/1681/2638 1492/1678/2638 1518/1708/2638
f 1518/1708/2639 1513/1703/2639 1495/1681/2639
f 1518/1708/2640 1514/1704/2640 1513/1703/2640
f 1511/1701/2641 1515/1705/2641 1510/1700/2641
f 1512/1702/2642 1503/1693/2642 1501/1691/2642
f 1497/1685/2643 1512/1702/2643 1501/1691/2643
f 1505/1695/2644 1500/1690/2644 1502/1692/2644
f 1509/1699/2645 1499/1689/2645 1500/1690/2645
f 1509/1699/2646 1519/1709/2646 1499/1689/2646
f 1204/1710/2647 1499/1689/2647 1519/1709/2647
f 1204/1710/2648 1183/1711/2648 1499/1689/2648
f 1499/1689/2649 1183/1711/2649 1184/1687/2649
f 1497/1685/2650 1501/1691/2650 1498/1688/2650
f 1496/1682/2651 1512/1702/2651 1497/1685/2651
f 1495/1681/2652 1513/1703/2652 1496/1682/2652
f 1483/1663/2653 1494/1680/2653 1191/1684/2653
f 1495/1681/2654 1493/1679/2654 1492/1678/2654
f 1517/1707/2655 1492/1678/2655 1491/1677/2655
f 1487/1670/2656 1489/1675/2656 1485/1668/2656
f 1484/1667/2657 1307/1672/2657 1486/1669/2657
f 1484/1667/2658 1308/1712/2658 1307/1672/2658
f 1105/1713/2659 1308/1712/2659 1484/1667/2659
f 1105/1713/2660 1484/1667/2660 1199/1666/2660
f 1483/1663/2661 1191/1684/2661 1193/1664/2661
f 1485/1668/2662 1483/1663/2662 1482/1662/2662
f 1520/1714/2663 1521/1715/2663 1522/1716/2663
f 1520/1714/2664 1522/1716/2664 1523/1717/2664
f 1523/1717/2665 1524/1718/2665 1520/1714/2665
f 1524/1718/2666 1525/1719/2666 1520/1714/2666
f 1520/1714/2667 1525/1719/2667 1526/1720/2667
f 1525/1719/2668 1510/1721/2668 1526/1720/2668
f 1527/1722/2669 1526/1720/2669 1510/1721/2669
f 1527/1722/2670 1510/1721/2670 1515/1723/2670
f 1528/1724/2671 1527/1722/2671 1515/1723/2671
f 1528/1724/2672 1515/1723/2672 1516/1725/2672
f 1516/1725/2673 1529/1726/2673 1528/1724/2673
f 1530/1727/2674 1528/1724/2674 1529/1726/2674
f 1531/1728/2675 1530/1727/2675 1529/1726/2675
f 1531/1728/2676 1529/1726/2676 1532/1729/2676
f 1532/1729/2677 1361/1730/2677 1531/1728/2677
f 1360/1731/2678 1531/1728/2678 1361/1730/2678
f 1360/1731/2679 1533/1732/2679 1531/1728/2679
f 1364/1733/2680 1533/1732/2680 1360/1731/2680
f 1534/1734/2681 1533/1732/2681 1364/1733/2681
f 1534/1734/2682 1364/1733/2682 1535/1735/2682
f 1534/1734/2683 1535/1735/2683 1536/1736/2683
f 1534/1734/2684 1536/1736/2684 1537/1737/2684
f 1530/1727/2685 1534/1734/2685 1537/1737/2685
f 1530/1727/2686 1537/1737/2686 1538/1738/2686
f 1538/1738/2687 1537/1737/2687 1539/1739/2687
f 1538/1738/2688 1539/1739/2688 1540/1740/2688
f 1538/1738/2689 1540/1740/2689 1527/1722/2689
f 1522/1716/2690 1540/1740/2690 1539/1739/2690
f 1539/1739/2691 1541/1741/2691 1522/1716/2691
f 1539/1739/2692 1542/1742/2692 1541/1741/2692
f 1541/1741/2693 1542/1742/2693 1543/1743/2693
f 1541/1741/2694 1543/1743/2694 1544/1744/2694
f 1545/1745/2695 1541/1741/2695 1544/1744/2695
f 1546/1746/2696 1545/1745/2696 1544/1744/2696
f 1546/1746/2697 1544/1744/2697 1547/1747/2697
f 1546/1746/2698 1547/1747/2698 1548/1748/2698
f 1546/1746/2699 1548/1748/2699 1549/1749/2699
f 1550/1750/2700 1546/1746/2700 1549/1749/2700
f 1550/1750/2701 1549/1749/2701 1551/1751/2701
f 1550/1750/2702 1551/1751/2702 1552/1752/2702
f 1550/1750/2703 1552/1752/2703 1553/1753/2703
f 1550/1750/2704 1553/1753/2704 1554/1754/2704
f 1550/1750/2705 1554/1754/2705 1555/1755/2705
f 1550/1750/2706 1555/1755/2706 1545/1745/2706
f 1555/1755/2707 1556/1756/2707 1545/1745/2707
f 1555/1755/2708 1557/1757/2708 1556/1756/2708
f 1558/1758/2709 1556/1756/2709 1557/1757/2709
f 1558/1758/2710 1557/1757/2710 1559/1759/2710
f 1558/1758/2711 1559/1759/2711 1560/1760/2711
f 1558/1758/2712 1560/1760/2712 1561/1761/2712
f 1558/1758/2713 1561/1761/2713 1524/1718/2713
f 1561/1761/2714 1562/1762/2714 1524/1718/2714
f 1561/1761/2715 1563/1763/2715 1562/1762/2715
f 1562/1762/2716 1563/1763/2716 1507/1764/2716
f 1562/1762/2717 1507/1764/2717 1506/1765/2717
f 1562/1762/2718 1506/1765/2718 1504/1766/2718
f 1562/1762/2719 1504/1766/2719 1525/1719/2719
f 1507/1764/2720 1563/1763/2720 1564/1767/2720
f 1563/1763/2721 1565/1768/2721 1564/1767/2721
f 1563/1763/2722 1561/1761/2722 1565/1768/2722
f 1561/1761/2723 1566/1769/2723 1565/1768/2723
f 1561/1761/2724 1560/1760/2724 1566/1769/2724
f 1560/1760/2725 1567/1770/2725 1566/1769/2725
f 1560/1760/2726 1559/1759/2726 1567/1770/2726
f 1567/1770/2727 1559/1759/2727 1554/1754/2727
f 1567/1770/2728 1554/1754/2728 1568/1771/2728
f 1558/1758/2729 1523/1717/2729 1556/1756/2729
f 1541/1741/2730 1556/1756/2730 1523/1717/2730
f 1559/1759/2731 1557/1757/2731 1555/1755/2731
f 1559/1759/2732 1555/1755/2732 1554/1754/2732
f 1568/1771/2733 1554/1754/2733 1553/1753/2733
f 1568/1771/2734 1553/1753/2734 1569/1772/2734
f 1553/1753/2735 1570/1773/2735 1569/1772/2735
f 1553/1753/2736 1552/1752/2736 1570/1773/2736
f 1570/1773/2737 1552/1752/2737 1571/1774/2737
f 1570/1773/2738 1571/1774/2738 1572/1775/2738
f 1573/1776/2739 1571/1774/2739 1552/1752/2739
f 1552/1752/2740 1574/1777/2740 1573/1776/2740
f 1552/1752/2741 1551/1751/2741 1574/1777/2741
f 1575/1778/2742 1574/1777/2742 1551/1751/2742
f 1575/1778/2743 1551/1751/2743 1576/1779/2743
f 1549/1749/2743 1576/1779/2743 1551/1751/2743
f 1576/1779/2744 1549/1749/2744 1577/1780/2744
f 1549/1749/2745 1578/1781/2745 1577/1780/2745
f 1548/1748/2746 1578/1781/2746 1549/1749/2746
f 1578/1781/2747 1548/1748/2747 1579/1782/2747
f 1579/1782/2748 1548/1748/2748 1580/1783/2748
f 1581/1784/2749 1580/1783/2749 1548/1748/2749
f 1582/1785/2750 1581/1784/2750 1548/1748/2750
f 1581/1784/2751 1582/1785/2751 1583/1786/2751
f 1581/1784/2752 1583/1786/2752 1584/1787/2752
f 1584/1787/2753 1585/1788/2753 1581/1784/2753
f 1586/1789/2754 1581/1784/2754 1585/1788/2754
f 1584/1787/2755 1587/1790/2755 1585/1788/2755
f 1587/1790/2756 1584/1787/2756 1588/1791/2756
f 1374/1792/2757 1588/1791/2757 1584/1787/2757
f 1375/1793/2758 1374/1792/2758 1584/1787/2758
f 1374/1792/2759 1376/1794/2759 1588/1791/2759
f 1375/1793/2760 1584/1787/2760 1583/1786/2760
f 1589/1795/2761 1375/1793/2761 1583/1786/2761
f 1583/1786/2762 1543/1743/2762 1589/1795/2762
f 1589/1795/2763 1448/1796/2763 1375/1793/2763
f 1536/1736/2764 1448/1796/2764 1589/1795/2764
f 1542/1742/2765 1536/1736/2765 1589/1795/2765
f 1583/1786/2766 1582/1785/2766 1543/1743/2766
f 1581/1784/2767 1586/1789/2767 1580/1783/2767
f 1582/1785/2768 1548/1748/2768 1547/1747/2768
f 1582/1785/2769 1547/1747/2769 1544/1744/2769
f 1550/1750/2770 1545/1745/2770 1546/1746/2770
f 1545/1745/2771 1556/1756/2771 1541/1741/2771
f 1582/1785/2772 1544/1744/2772 1543/1743/2772
f 1542/1742/2773 1589/1795/2773 1543/1743/2773
f 1537/1737/2774 1542/1742/2774 1539/1739/2774
f 1537/1737/2775 1536/1736/2775 1542/1742/2775
f 1536/1736/2776 1535/1735/2776 1448/1796/2776
f 1448/1796/2777 1535/1735/2777 1364/1733/2777
f 1533/1732/2778 1534/1734/2778 1530/1727/2778
f 1532/1729/2779 1590/1797/2779 1361/1730/2779
f 1356/1798/2780 1361/1730/2780 1590/1797/2780
f 1490/1799/2781 1356/1798/2781 1590/1797/2781
f 1490/1799/2782 1488/1800/2782 1356/1798/2782
f 1305/1801/2783 1356/1798/2783 1488/1800/2783
f 1532/1729/2784 1490/1799/2784 1590/1797/2784
f 1532/1729/2785 1491/1802/2785 1490/1799/2785
f 1529/1726/2786 1491/1802/2786 1532/1729/2786
f 1529/1726/2787 1517/1803/2787 1491/1802/2787
f 1533/1732/2788 1530/1727/2788 1531/1728/2788
f 1530/1727/2789 1538/1738/2789 1528/1724/2789
f 1516/1725/2790 1517/1803/2790 1529/1726/2790
f 1538/1738/2791 1527/1722/2791 1528/1724/2791
f 1540/1740/2792 1526/1720/2792 1527/1722/2792
f 1540/1740/2793 1521/1715/2793 1526/1720/2793
f 1525/1719/2794 1504/1766/2794 1510/1721/2794
f 1524/1718/2795 1562/1762/2795 1525/1719/2795
f 1523/1717/2796 1558/1758/2796 1524/1718/2796
f 1541/1741/2797 1523/1717/2797 1522/1716/2797
f 1522/1716/2798 1521/1715/2798 1540/1740/2798
f 1520/1714/2799 1526/1720/2799 1521/1715/2799
usemtl material_0.003
f 1591/1804/2800 1592/1805/2800 1593/1806/2800
f 1591/1804/2801 1593/1806/2801 1594/1807/2801
f 1595/1808/2802 1591/1804/2802 1594/1807/2802
f 1595/1808/2803 1594/1807/2803 1596/1809/2803
f 1597/1810/2804 1596/1809/2804 1594/1807/2804
f 1597/1810/2805 1594/1807/2805 1598/1811/2805
f 1599/1812/2806 1597/1810/2806 1598/1811/2806
f 1599/1812/2807 1598/1811/2807 1600/1813/2807
f 1600/1813/2808 1601/1814/2808 1599/1812/2808
f 1600/1813/2809 1602/1815/2809 1601/1814/2809
f 1600/1813/2810 1603/1816/2810 1602/1815/2810
f 1600/1813/2811 1604/1817/2811 1603/1816/2811
f 1605/1818/2812 1603/1816/2812 1604/1817/2812
f 1605/1818/2813 1604/1817/2813 1606/1819/2813
f 1607/1820/2814 1605/1818/2814 1606/1819/2814
f 1608/1821/2815 1607/1820/2815 1606/1819/2815
f 1609/1822/2816 1608/1821/2816 1606/1819/2816
f 1609/1822/2817 1610/1823/2817 1608/1821/2817
f 1610/1823/2818 1611/1824/2818 1608/1821/2818
f 1610/1823/2819 1612/1825/2819 1611/1824/2819
f 1612/1825/2820 1613/1826/2820 1611/1824/2820
f 1611/1824/2821 1613/1826/2821 1614/1827/2821
f 1611/1824/2822 1614/1827/2822 1607/1820/2822
f 1615/1828/2823 1607/1820/2823 1614/1827/2823
f 1614/1827/2824 1616/1829/2824 1615/1828/2824
f 1614/1827/2825 1617/1830/2825 1616/1829/2825
f 1618/1831/2826 1616/1829/2826 1617/1830/2826
f 1619/1832/2827 1618/1831/2827 1617/1830/2827
f 1619/1832/2828 1617/1830/2828 1620/1833/2828
f 1620/1833/2829 1621/1834/2829 1619/1832/2829
f 1620/1833/2830 1622/1835/2830 1621/1834/2830
f 1623/1836/2831 1621/1834/2831 1622/1835/2831
f 1623/1836/2832 1622/1835/2832 1624/1837/2832
f 1623/1836/2833 1624/1837/2833 1625/1838/2833
f 1623/1836/2834 1625/1838/2834 1626/1839/2834
f 1625/1838/2835 1627/1840/2835 1626/1839/2835
f 1625/1838/2836 1628/1841/2836 1627/1840/2836
f 1628/1841/2837 1629/1842/2837 1627/1840/2837
f 1628/1841/2838 1630/1843/2838 1629/1842/2838
f 1631/1844/2839 1629/1842/2839 1630/1843/2839
f 1632/1845/2840 1631/1844/2840 1630/1843/2840
f 1632/1845/2841 1630/1843/2841 1633/1846/2841
f 1634/1847/2842 1632/1845/2842 1633/1846/2842
f 1634/1847/2843 1633/1846/2843 1635/1848/2843
f 1634/1847/2844 1635/1848/2844 1636/1849/2844
f 1634/1847/2845 1636/1849/2845 1637/1850/2845
f 1634/1847/2846 1637/1850/2846 1638/1851/2846
f 1634/1847/2847 1638/1851/2847 1639/1852/2847
f 1640/1853/2848 1634/1847/2848 1639/1852/2848
f 1639/1852/2849 1641/1854/2849 1640/1853/2849
f 1642/1855/2850 1640/1853/2850 1641/1854/2850
f 1642/1855/2851 1641/1854/2851 1643/1856/2851
f 1644/1857/2852 1642/1855/2852 1643/1856/2852
f 1643/1856/2853 1645/1858/2853 1644/1857/2853
f 1643/1856/2854 1646/1859/2854 1645/1858/2854
f 1647/1860/2855 1645/1858/2855 1646/1859/2855
f 1647/1860/2856 1646/1859/2856 1648/1861/2856
f 1647/1860/2857 1648/1861/2857 1649/1862/2857
f 1650/1863/2858 1647/1860/2858 1649/1862/2858
f 1650/1863/2859 1649/1862/2859 1651/1864/2859
f 1650/1863/2860 1651/1864/2860 1652/1865/2860
f 1653/1866/2861 1650/1863/2861 1652/1865/2861
f 1654/1867/2862 1653/1866/2862 1652/1865/2862
f 1655/1868/2863 1654/1867/2863 1652/1865/2863
f 1655/1868/2864 1656/1869/2864 1654/1867/2864
f 1657/1870/2865 1654/1867/2865 1656/1869/2865
f 1657/1870/2866 1656/1869/2866 1658/1871/2866
f 1657/1870/2867 1658/1871/2867 1659/1872/2867
f 1660/1873/2868 1657/1870/2868 1659/1872/2868
f 1661/1874/2869 1660/1873/2869 1659/1872/2869
f 1661/1874/2870 1659/1872/2870 1662/1875/2870
f 1663/1876/2871 1662/1875/2871 1659/1872/2871
f 1664/1877/2872 1660/1873/2872 1661/1874/2872
f 1664/1877/2873 1665/1878/2873 1660/1873/2873
f 1666/1879/2874 1660/1873/2874 1665/1878/2874
f 1666/1879/2875 1665/1878/2875 1667/1880/2875
f 1666/1879/2876 1667/1880/2876 1668/1881/2876
f 1669/1882/2877 1666/1879/2877 1668/1881/2877
f 1670/1883/2878 1669/1882/2878 1668/1881/2878
f 1668/1881/2879 1671/1884/2879 1670/1883/2879
f 1670/1883/2880 1672/1885/2880 1669/1882/2880
f 1672/1885/2881 1673/1886/2881 1669/1882/2881
f 1674/1887/2882 1669/1882/2882 1673/1886/2882
f 1674/1887/2883 1673/1886/2883 1675/1888/2883
f 1676/1889/2884 1674/1887/2884 1675/1888/2884
f 1676/1889/2885 1675/1888/2885 1677/1890/2885
f 1678/1891/2886 1676/1889/2886 1677/1890/2886
f 1678/1891/2887 1677/1890/2887 1653/1866/2887
f 1653/1866/2888 1677/1890/2888 1679/1892/2888
f 1653/1866/2889 1679/1892/2889 1680/1893/2889
f 1680/1893/2890 1679/1892/2890 1681/1894/2890
f 1680/1893/2891 1681/1894/2891 1682/1895/2891
f 1680/1893/2892 1682/1895/2892 1683/1896/2892
f 1680/1893/2893 1683/1896/2893 1650/1863/2893
f 1682/1895/2894 1684/1897/2894 1683/1896/2894
f 1683/1896/2895 1684/1897/2895 1685/1898/2895
f 1683/1896/2896 1685/1898/2896 1647/1860/2896
f 1682/1895/2897 1686/1899/2897 1684/1897/2897
f 1687/1900/2898 1686/1899/2898 1682/1895/2898
f 1687/1900/2899 1682/1895/2899 1681/1894/2899
f 1688/1901/2900 1687/1900/2900 1681/1894/2900
f 1688/1901/2901 1681/1894/2901 1689/1902/2901
f 1689/1902/2902 1690/1903/2902 1688/1901/2902
f 1689/1902/2903 1691/1904/2903 1690/1903/2903
f 1692/1905/2904 1690/1903/2904 1691/1904/2904
f 1692/1905/2905 1691/1904/2905 1693/1906/2905
f 1693/1906/2906 1694/1907/2906 1692/1905/2906
f 1695/1908/2907 1693/1906/2907 1691/1904/2907
f 1695/1908/2908 1691/1904/2908 1696/1909/2908
f 1697/1910/2909 1695/1908/2909 1696/1909/2909
f 1697/1910/2910 1696/1909/2910 1673/1886/2910
f 1696/1909/2911 1691/1904/2911 1689/1902/2911
f 1696/1909/2912 1689/1902/2912 1698/1911/2912
f 1696/1909/2913 1698/1911/2913 1675/1888/2913
f 1679/1892/2914 1698/1911/2914 1689/1902/2914
f 1679/1892/2915 1689/1902/2915 1681/1894/2915
f 1698/1911/2916 1679/1892/2916 1677/1890/2916
f 1676/1889/2917 1678/1891/2917 1657/1870/2917
f 1676/1889/2918 1657/1870/2918 1699/1912/2918
f 1676/1889/2919 1699/1912/2919 1666/1879/2919
f 1698/1911/2920 1677/1890/2920 1675/1888/2920
f 1676/1889/2921 1666/1879/2921 1674/1887/2921
f 1696/1909/2922 1675/1888/2922 1673/1886/2922
f 1672/1885/2923 1697/1910/2923 1673/1886/2923
f 1669/1882/2924 1674/1887/2924 1666/1879/2924
f 1668/1881/2925 1667/1880/2925 1671/1884/2925
f 1667/1880/2926 1700/1913/2926 1671/1884/2926
f 1667/1880/2927 1701/1914/2927 1700/1913/2927
f 1701/1914/2928 1667/1880/2928 1665/1878/2928
f 1666/1879/2929 1699/1912/2929 1660/1873/2929
f 1701/1914/2930 1665/1878/2930 1664/1877/2930
f 1660/1873/2931 1699/1912/2931 1657/1870/2931
f 1663/1876/2932 1659/1872/2932 1658/1871/2932
f 1702/1915/2933 1663/1876/2933 1658/1871/2933
f 1702/1915/2934 1658/1871/2934 1703/1916/2934
f 1702/1915/2935 1703/1916/2935 1704/1917/2935
f 1702/1915/2936 1704/1917/2936 1705/1918/2936
f 1705/1918/2937 1704/1917/2937 1706/1919/2937
f 1705/1918/2938 1706/1919/2938 1707/1920/2938
f 1708/1921/2939 1707/1920/2939 1706/1919/2939
f 1708/1921/2940 1706/1919/2940 1709/1922/2940
f 1709/1922/2941 1710/1923/2941 1708/1921/2941
f 1709/1922/2942 1711/1924/2942 1710/1923/2942
f 1711/1924/2943 1712/1925/2943 1710/1923/2943
f 1711/1924/2944 1713/1926/2944 1712/1925/2944
f 1712/1925/2945 1713/1926/2945 1714/1927/2945
f 1712/1925/2946 1714/1927/2946 1715/1928/2946
f 1716/1929/2947 1715/1928/2947 1714/1927/2947
f 1717/1930/2948 1716/1929/2948 1714/1927/2948
f 1717/1930/2949 1714/1927/2949 1718/1931/2949
f 1719/1932/2950 1717/1930/2950 1718/1931/2950
f 1719/1932/2951 1718/1931/2951 1720/1933/2951
f 1720/1933/2952 1721/1934/2952 1719/1932/2952
f 1719/1932/2953 1721/1934/2953 1722/1935/2953
f 1719/1932/2954 1722/1935/2954 1723/1936/2954
f 1592/1805/2955 1719/1932/2955 1723/1936/2955
f 1610/1823/2956 1723/1936/2956 1722/1935/2956
f 1723/1936/2957 1610/1823/2957 1593/1806/2957
f 1724/1937/2958 1722/1935/2958 1721/1934/2958
f 1721/1934/2959 1725/1938/2959 1724/1937/2959
f 1724/1937/2960 1725/1938/2960 1628/1841/2960
f 1721/1934/2961 1726/1939/2961 1725/1938/2961
f 1633/1846/2962 1725/1938/2962 1726/1939/2962
f 1724/1937/2963 1727/1940/2963 1722/1935/2963
f 1727/1940/2964 1612/1825/2964 1722/1935/2964
f 1727/1940/2965 1728/1941/2965 1612/1825/2965
f 1624/1837/2966 1728/1941/2966 1727/1940/2966
f 1624/1837/2967 1727/1940/2967 1724/1937/2967
f 1720/1933/2968 1726/1939/2968 1721/1934/2968
f 1720/1933/2969 1635/1848/2969 1726/1939/2969
f 1720/1933/2970 1718/1931/2970 1729/1942/2970
f 1720/1933/2971 1729/1942/2971 1636/1849/2971
f 1718/1931/2972 1713/1926/2972 1729/1942/2972
f 1713/1926/2973 1730/1943/2973 1729/1942/2973
f 1729/1942/2974 1730/1943/2974 1637/1850/2974
f 1592/1805/2975 1717/1930/2975 1719/1932/2975
f 1717/1930/2976 1591/1804/2976 1716/1929/2976
f 1591/1804/2977 1731/1944/2977 1716/1929/2977
f 1716/1929/2978 1731/1944/2978 1715/1928/2978
f 1718/1931/2979 1714/1927/2979 1713/1926/2979
f 1713/1926/2980 1711/1924/2980 1730/1943/2980
f 1711/1924/2981 1732/1945/2981 1730/1943/2981
f 1638/1851/2982 1730/1943/2982 1732/1945/2982
f 1733/1946/2983 1638/1851/2983 1732/1945/2983
f 1706/1919/2984 1733/1946/2984 1732/1945/2984
f 1706/1919/2985 1734/1947/2985 1733/1946/2985
f 1735/1948/2986 1733/1946/2986 1734/1947/2986
f 1655/1868/2987 1735/1948/2987 1734/1947/2987
f 1655/1868/2988 1734/1947/2988 1736/1949/2988
f 1703/1916/2989 1736/1949/2989 1734/1947/2989
f 1656/1869/2990 1736/1949/2990 1703/1916/2990
f 1737/1950/2991 1735/1948/2991 1655/1868/2991
f 1737/1950/2992 1655/1868/2992 1651/1864/2992
f 1648/1861/2993 1737/1950/2993 1651/1864/2993
f 1641/1854/2994 1737/1950/2994 1648/1861/2994
f 1641/1854/2995 1738/1951/2995 1737/1950/2995
f 1738/1951/2996 1735/1948/2996 1737/1950/2996
f 1738/1951/2997 1739/1952/2997 1735/1948/2997
f 1738/1951/2998 1638/1851/2998 1739/1952/2998
f 1735/1948/2999 1739/1952/2999 1733/1946/2999
f 1733/1946/3000 1739/1952/3000 1638/1851/3000
f 1711/1924/3001 1709/1922/3001 1732/1945/3001
f 1706/1919/3002 1732/1945/3002 1709/1922/3002
f 1706/1919/3003 1704/1917/3003 1734/1947/3003
f 1703/1916/3004 1734/1947/3004 1704/1917/3004
f 1656/1869/3005 1703/1916/3005 1658/1871/3005
f 1657/1870/3006 1678/1891/3006 1654/1867/3006
f 1655/1868/3007 1736/1949/3007 1656/1869/3007
f 1654/1867/3008 1678/1891/3008 1653/1866/3008
f 1653/1866/3009 1680/1893/3009 1650/1863/3009
f 1655/1868/3010 1652/1865/3010 1651/1864/3010
f 1650/1863/3011 1683/1896/3011 1647/1860/3011
f 1648/1861/3012 1651/1864/3012 1649/1862/3012
f 1647/1860/3013 1685/1898/3013 1645/1858/3013
f 1643/1856/3014 1648/1861/3014 1646/1859/3014
f 1644/1857/3015 1740/1953/3015 1642/1855/3015
f 1642/1855/3016 1740/1953/3016 1741/1954/3016
f 1642/1855/3017 1741/1954/3017 1631/1844/3017
f 1643/1856/3018 1641/1854/3018 1648/1861/3018
f 1642/1855/3019 1632/1845/3019 1640/1853/3019
f 1639/1852/3020 1738/1951/3020 1641/1854/3020
f 1738/1951/3021 1639/1852/3021 1638/1851/3021
f 1638/1851/3022 1637/1850/3022 1730/1943/3022
f 1729/1942/3023 1637/1850/3023 1636/1849/3023
f 1720/1933/3024 1636/1849/3024 1635/1848/3024
f 1633/1846/3025 1726/1939/3025 1635/1848/3025
f 1640/1853/3026 1632/1845/3026 1634/1847/3026
f 1630/1843/3027 1725/1938/3027 1633/1846/3027
f 1642/1855/3028 1631/1844/3028 1632/1845/3028
f 1631/1844/3029 1741/1954/3029 1629/1842/3029
f 1630/1843/3030 1628/1841/3030 1725/1938/3030
f 1724/1937/3031 1628/1841/3031 1625/1838/3031
f 1624/1837/3032 1724/1937/3032 1625/1838/3032
f 1624/1837/3033 1622/1835/3033 1728/1941/3033
f 1622/1835/3034 1613/1826/3034 1728/1941/3034
f 1622/1835/3035 1620/1833/3035 1613/1826/3035
f 1613/1826/3036 1620/1833/3036 1617/1830/3036
f 1618/1831/3037 1742/1955/3037 1616/1829/3037
f 1615/1828/3038 1743/1956/3038 1607/1820/3038
f 1613/1826/3039 1617/1830/3039 1614/1827/3039
f 1612/1825/3040 1728/1941/3040 1613/1826/3040
f 1610/1823/3041 1722/1935/3041 1612/1825/3041
f 1609/1822/3042 1593/1806/3042 1610/1823/3042
f 1608/1821/3043 1611/1824/3043 1607/1820/3043
f 1607/1820/3044 1743/1956/3044 1605/1818/3044
f 1609/1822/3045 1606/1819/3045 1604/1817/3045
f 1604/1817/3046 1598/1811/3046 1609/1822/3046
f 1604/1817/3047 1600/1813/3047 1598/1811/3047
f 1594/1807/3048 1609/1822/3048 1598/1811/3048
f 1591/1804/3049 1595/1808/3049 1731/1944/3049
f 1594/1807/3050 1593/1806/3050 1609/1822/3050
f 1723/1936/3051 1593/1806/3051 1592/1805/3051
f 1717/1930/3052 1592/1805/3052 1591/1804/3052
f 1744/1957/3053 1745/1958/3053 1746/1959/3053
f 1744/1957/3054 1746/1959/3054 1747/1960/3054
f 1747/1960/3055 1748/1961/3055 1744/1957/3055
f 1744/1957/3056 1748/1961/3056 1749/1962/3056
f 1744/1957/3057 1749/1962/3057 1750/1963/3057
f 1744/1957/3058 1750/1963/3058 1751/1964/3058
f 1750/1963/3059 1752/1965/3059 1751/1964/3059
f 1751/1964/3060 1752/1965/3060 1697/1966/3060
f 1751/1964/3061 1697/1966/3061 1672/1967/3061
f 1745/1958/3062 1751/1964/3062 1672/1967/3062
f 1745/1958/3063 1672/1967/3063 1670/1968/3063
f 1671/1969/3064 1745/1958/3064 1670/1968/3064
f 1695/1970/3065 1697/1966/3065 1752/1965/3065
f 1695/1970/3066 1752/1965/3066 1753/1971/3066
f 1753/1971/3067 1693/1972/3067 1695/1970/3067
f 1753/1971/3068 1754/1973/3068 1693/1972/3068
f 1693/1972/3069 1754/1973/3069 1694/1974/3069
f 1694/1974/3070 1754/1973/3070 1755/1975/3070
f 1694/1974/3071 1755/1975/3071 1756/1976/3071
f 1756/1976/3072 1755/1975/3072 1757/1977/3072
f 1756/1976/3073 1757/1977/3073 1758/1978/3073
f 1757/1977/3074 1759/1979/3074 1758/1978/3074
f 1757/1977/3075 1760/1980/3075 1759/1979/3075
f 1761/1981/3076 1759/1979/3076 1760/1980/3076
f 1761/1981/3077 1760/1980/3077 1762/1982/3077
f 1763/1983/3078 1761/1981/3078 1762/1982/3078
f 1763/1983/3079 1762/1982/3079 1764/1984/3079
f 1765/1985/3080 1763/1983/3080 1764/1984/3080
f 1765/1985/3081 1764/1984/3081 1766/1986/3081
f 1767/1987/3082 1765/1985/3082 1766/1986/3082
f 1767/1987/3083 1766/1986/3083 1768/1988/3083
f 1767/1987/3084 1768/1988/3084 1769/1989/3084
f 1767/1987/3085 1769/1989/3085 1770/1990/3085
f 1768/1988/3086 1771/1991/3086 1769/1989/3086
f 1768/1988/3087 1772/1992/3087 1771/1991/3087
f 1772/1992/3088 1773/1993/3088 1771/1991/3088
f 1772/1992/3089 1774/1994/3089 1773/1993/3089
f 1774/1994/3090 1775/1995/3090 1773/1993/3090
f 1774/1994/3091 1776/1996/3091 1775/1995/3091
f 1776/1996/3092 1777/1997/3092 1775/1995/3092
f 1776/1996/3093 1778/1998/3093 1777/1997/3093
f 1777/1997/3094 1778/1998/3094 1779/1999/3094
f 1777/1997/3095 1779/1999/3095 1780/2000/3095
f 1780/2000/3096 1779/1999/3096 1781/2001/3096
f 1780/2000/3097 1781/2001/3097 1782/2002/3097
f 1781/2001/3098 1779/1999/3098 1783/2003/3098
f 1781/2001/3099 1783/2003/3099 1784/2004/3099
f 1785/2005/3100 1784/2004/3100 1783/2003/3100
f 1783/2003/3101 1786/2006/3101 1785/2005/3101
f 1785/2005/3102 1786/2006/3102 1787/2007/3102
f 1785/2005/3103 1787/2007/3103 1788/2008/3103
f 1789/2009/3104 1785/2005/3104 1788/2008/3104
f 1790/2010/3105 1789/2009/3105 1788/2008/3105
f 1791/2011/3106 1790/2010/3106 1788/2008/3106
f 1791/2011/3107 1792/2012/3107 1790/2010/3107
f 1792/2012/3108 1793/2013/3108 1790/2010/3108
f 1792/2012/3109 1794/2014/3109 1793/2013/3109
f 1792/2012/3110 1795/2015/3110 1794/2014/3110
f 1792/2012/3111 1747/1960/3111 1795/2015/3111
f 1747/1960/3112 1796/2016/3112 1795/2015/3112
f 1791/2011/3113 1748/1961/3113 1792/2012/3113
f 1797/2017/3114 1748/1961/3114 1791/2011/3114
f 1787/2007/3115 1797/2017/3115 1791/2011/3115
f 1787/2007/3116 1798/2018/3116 1797/2017/3116
f 1797/2017/3117 1798/2018/3117 1799/2019/3117
f 1797/2017/3118 1799/2019/3118 1800/2020/3118
f 1749/1962/3119 1797/2017/3119 1800/2020/3119
f 1749/1962/3120 1800/2020/3120 1801/2021/3120
f 1802/2022/3121 1801/2021/3121 1800/2020/3121
f 1802/2022/3122 1800/2020/3122 1803/2023/3122
f 1803/2023/3123 1757/1977/3123 1802/2022/3123
f 1804/2024/3124 1803/2023/3124 1800/2020/3124
f 1803/2023/3125 1804/2024/3125 1762/1982/3125
f 1805/2025/3126 1801/2021/3126 1802/2022/3126
f 1805/2025/3127 1802/2022/3127 1806/2026/3127
f 1806/2026/3128 1752/1965/3128 1805/2025/3128
f 1755/1975/3129 1806/2026/3129 1802/2022/3129
f 1755/1975/3130 1753/1971/3130 1806/2026/3130
f 1801/2021/3131 1805/2025/3131 1750/1963/3131
f 1804/2024/3132 1800/2020/3132 1799/2019/3132
f 1799/2019/3133 1807/2027/3133 1804/2024/3133
f 1804/2024/3134 1807/2027/3134 1764/1984/3134
f 1764/1984/3135 1807/2027/3135 1808/2028/3135
f 1809/2029/3136 1808/2028/3136 1807/2027/3136
f 1809/2029/3137 1807/2027/3137 1810/2030/3137
f 1809/2029/3138 1810/2030/3138 1811/2031/3138
f 1809/2029/3139 1811/2031/3139 1812/2032/3139
f 1776/1996/3140 1809/2029/3140 1812/2032/3140
f 1811/2031/3141 1813/2033/3141 1812/2032/3141
f 1812/2032/3142 1813/2033/3142 1778/1998/3142
f 1811/2031/3143 1786/2006/3143 1813/2033/3143
f 1798/2018/3144 1786/2006/3144 1811/2031/3144
f 1810/2030/3145 1798/2018/3145 1811/2031/3145
f 1808/2028/3146 1809/2029/3146 1774/1994/3146
f 1799/2019/3147 1810/2030/3147 1807/2027/3147
f 1810/2030/3148 1799/2019/3148 1798/2018/3148
f 1790/2010/3149 1793/2013/3149 1789/2009/3149
f 1789/2009/3150 1814/2034/3150 1785/2005/3150
f 1791/2011/3151 1788/2008/3151 1787/2007/3151
f 1798/2018/3152 1787/2007/3152 1786/2006/3152
f 1783/2003/3153 1813/2033/3153 1786/2006/3153
f 1785/2005/3154 1814/2034/3154 1784/2004/3154
f 1779/1999/3155 1813/2033/3155 1783/2003/3155
f 1779/1999/3156 1778/1998/3156 1813/2033/3156
f 1812/2032/3157 1778/1998/3157 1776/1996/3157
f 1776/1996/3158 1774/1994/3158 1809/2029/3158
f 1808/2028/3159 1774/1994/3159 1772/1992/3159
f 1766/1986/3160 1808/2028/3160 1772/1992/3160
f 1766/1986/3161 1772/1992/3161 1768/1988/3161
f 1764/1984/3162 1808/2028/3162 1766/1986/3162
f 1804/2024/3163 1764/1984/3163 1762/1982/3163
f 1803/2023/3164 1762/1982/3164 1760/1980/3164
f 1803/2023/3165 1760/1980/3165 1757/1977/3165
f 1755/1975/3166 1802/2022/3166 1757/1977/3166
f 1755/1975/3167 1754/1973/3167 1753/1971/3167
f 1806/2026/3168 1753/1971/3168 1752/1965/3168
f 1750/1963/3169 1805/2025/3169 1752/1965/3169
f 1801/2021/3170 1750/1963/3170 1749/1962/3170
f 1797/2017/3171 1749/1962/3171 1748/1961/3171
f 1747/1960/3172 1792/2012/3172 1748/1961/3172
f 1747/1960/3173 1746/1959/3173 1796/2016/3173
f 1671/1969/3174 1796/2016/3174 1746/1959/3174
f 1671/1969/3175 1700/2035/3175 1796/2016/3175
f 1671/1969/3176 1746/1959/3176 1745/1958/3176
f 1744/1957/3177 1751/1964/3177 1745/1958/3177
f 1815/2036/3178 1816/2037/3178 1817/2038/3178
f 1815/2036/3179 1817/2038/3179 1818/2039/3179
f 1817/2038/3180 1819/2040/3180 1818/2039/3180
f 1817/2038/3181 1820/2041/3181 1819/2040/3181
f 1820/2041/3182 1821/2042/3182 1819/2040/3182
f 1820/2041/3183 1822/2043/3183 1821/2042/3183
f 1822/2043/3184 1823/2044/3184 1821/2042/3184
f 1822/2043/3185 1824/2045/3185 1823/2044/3185
f 1824/2045/3186 1825/2046/3186 1823/2044/3186
f 1824/2045/3187 1826/2047/3187 1825/2046/3187
f 1827/2048/3188 1825/2046/3188 1826/2047/3188
f 1827/2048/3189 1826/2047/3189 1828/2049/3189
f 1827/2048/3190 1828/2049/3190 1829/2050/3190
f 1830/2051/3191 1827/2048/3191 1829/2050/3191
f 1830/2051/3192 1829/2050/3192 1831/2052/3192
f 1830/2051/3193 1831/2052/3193 1832/2053/3193
f 1832/2053/3194 1833/2054/3194 1830/2051/3194
f 1830/2051/3195 1833/2054/3195 1834/2055/3195
f 1834/2055/3196 1835/2056/3196 1830/2051/3196
f 1836/2057/3197 1830/2051/3197 1835/2056/3197
f 1836/2057/3198 1835/2056/3198 1837/2058/3198
f 1838/2059/3199 1836/2057/3199 1837/2058/3199
f 1836/2057/3200 1838/2059/3200 1839/2060/3200
f 1836/2057/3201 1839/2060/3201 1840/2061/3201
f 1836/2057/3202 1840/2061/3202 1827/2048/3202
f 1839/2060/3203 1838/2059/3203 1841/2062/3203
f 1833/2054/3204 1832/2053/3204 1842/2063/3204
f 1832/2053/3205 1843/2064/3205 1842/2063/3205
f 1832/2053/3206 1844/2065/3206 1843/2064/3206
f 1845/2066/3207 1843/2064/3207 1844/2065/3207
f 1845/2066/3208 1844/2065/3208 1846/2067/3208
f 1847/2068/3209 1846/2067/3209 1844/2065/3209
f 1848/2069/3210 1847/2068/3210 1844/2065/3210
f 1844/2065/3211 1831/2052/3211 1848/2069/3211
f 1849/2070/3212 1848/2069/3212 1831/2052/3212
f 1849/2070/3213 1831/2052/3213 1850/2071/3213
f 1851/2072/3214 1849/2070/3214 1850/2071/3214
f 1828/2049/3215 1851/2072/3215 1850/2071/3215
f 1828/2049/3216 1852/2073/3216 1851/2072/3216
f 1852/2073/3217 1853/2074/3217 1851/2072/3217
f 1854/2075/3218 1851/2072/3218 1853/2074/3218
f 1854/2075/3219 1853/2074/3219 1855/2076/3219
f 1856/2077/3220 1854/2075/3220 1855/2076/3220
f 1855/2076/3221 1857/2078/3221 1856/2077/3221
f 1857/2078/3222 1858/2079/3222 1856/2077/3222
f 1856/2077/3223 1858/2079/3223 1859/2080/3223
f 1856/2077/3224 1859/2080/3224 1860/2081/3224
f 1860/2081/3225 1859/2080/3225 1861/2082/3225
f 1860/2081/3226 1861/2082/3226 1862/2083/3226
f 1860/2081/3227 1862/2083/3227 1849/2070/3227
f 1860/2081/3228 1849/2070/3228 1854/2075/3228
f 1863/2084/3229 1849/2070/3229 1862/2083/3229
f 1863/2084/3230 1862/2083/3230 1861/2082/3230
f 1863/2084/3231 1861/2082/3231 1864/2085/3231
f 1864/2085/3232 1847/2068/3232 1863/2084/3232
f 1864/2085/3233 1865/2086/3233 1847/2068/3233
f 1865/2086/3234 1866/2087/3234 1847/2068/3234
f 1867/2088/3235 1847/2068/3235 1866/2087/3235
f 1866/2087/3236 1865/2086/3236 1868/2089/3236
f 1865/2086/3237 1869/2090/3237 1868/2089/3237
f 1870/2091/3238 1869/2090/3238 1865/2086/3238
f 1865/2086/3239 1871/2092/3239 1870/2091/3239
f 1872/2093/3240 1870/2091/3240 1871/2092/3240
f 1872/2093/3241 1871/2092/3241 1873/2094/3241
f 1873/2094/3242 1874/2095/3242 1872/2093/3242
f 1874/2095/3243 1875/2096/3243 1872/2093/3243
f 1876/2097/3244 1872/2093/3244 1875/2096/3244
f 1877/2098/3245 1872/2093/3245 1876/2097/3245
f 1875/2096/3246 1874/2095/3246 1878/2099/3246
f 1878/2099/3247 1874/2095/3247 1879/2100/3247
f 1880/2101/3248 1879/2100/3248 1874/2095/3248
f 1880/2101/3249 1874/2095/3249 1881/2102/3249
f 1880/2101/3250 1881/2102/3250 1882/2103/3250
f 1883/2104/3251 1880/2101/3251 1882/2103/3251
f 1883/2104/3252 1882/2103/3252 1884/2105/3252
f 1884/2105/3253 1885/2106/3253 1883/2104/3253
f 1885/2106/3254 1886/2107/3254 1883/2104/3254
f 1887/2108/3255 1883/2104/3255 1886/2107/3255
f 1883/2104/3256 1887/2108/3256 1888/2109/3256
f 1885/2106/3257 1889/2110/3257 1886/2107/3257
f 1889/2110/3258 1885/2106/3258 1890/2111/3258
f 1891/2112/3259 1890/2111/3259 1885/2106/3259
f 1891/2112/3260 1885/2106/3260 1892/2113/3260
f 1891/2112/3261 1892/2113/3261 1893/2114/3261
f 1891/2112/3262 1893/2114/3262 1894/2115/3262
f 1891/2112/3263 1894/2115/3263 1895/2116/3263
f 1895/2116/3264 1896/2117/3264 1891/2112/3264
f 1891/2112/3265 1896/2117/3265 1897/2118/3265
f 1896/2117/3266 1895/2116/3266 1898/2119/3266
f 1895/2116/3267 1899/2120/3267 1898/2119/3267
f 1895/2116/3268 1900/2121/3268 1899/2120/3268
f 1901/2122/3269 1899/2120/3269 1900/2121/3269
f 1901/2122/3270 1900/2121/3270 1902/2123/3270
f 1903/2124/3271 1902/2123/3271 1900/2121/3271
f 1904/2125/3272 1903/2124/3272 1900/2121/3272
f 1904/2125/3273 1900/2121/3273 1905/2126/3273
f 1906/2127/3274 1904/2125/3274 1905/2126/3274
f 1894/2115/3275 1906/2127/3275 1905/2126/3275
f 1894/2115/3276 1907/2128/3276 1906/2127/3276
f 1907/2128/3277 1908/2129/3277 1906/2127/3277
f 1909/2130/3278 1906/2127/3278 1908/2129/3278
f 1909/2130/3279 1908/2129/3279 1910/2131/3279
f 1911/2132/3280 1909/2130/3280 1910/2131/3280
f 1911/2132/3281 1910/2131/3281 1912/2133/3281
f 1913/2134/3282 1911/2132/3282 1912/2133/3282
f 1913/2134/3283 1912/2133/3283 1914/2135/3283
f 1915/2136/3284 1913/2134/3284 1914/2135/3284
f 1915/2136/3285 1914/2135/3285 1916/2137/3285
f 1916/2137/3286 1914/2135/3286 1917/2138/3286
f 1916/2137/3287 1917/2138/3287 1918/2139/3287
f 1918/2139/3288 1917/2138/3288 1919/2140/3288
f 1918/2139/3289 1919/2140/3289 1920/2141/3289
f 1919/2140/3290 1921/2142/3290 1920/2141/3290
f 1919/2140/3291 1922/2143/3291 1921/2142/3291
f 1922/2143/3292 1923/2144/3292 1921/2142/3292
f 1922/2143/3293 1924/2145/3293 1923/2144/3293
f 1924/2145/3294 1694/2146/3294 1923/2144/3294
f 1924/2145/3295 1692/2147/3295 1694/2146/3295
f 1690/2148/3296 1692/2147/3296 1924/2145/3296
f 1690/2148/3297 1924/2145/3297 1925/2149/3297
f 1688/2150/3298 1690/2148/3298 1925/2149/3298
f 1688/2150/3299 1925/2149/3299 1926/2151/3299
f 1927/2152/3300 1688/2150/3300 1926/2151/3300
f 1928/2153/3301 1927/2152/3301 1926/2151/3301
f 1928/2153/3302 1926/2151/3302 1929/2154/3302
f 1930/2155/3303 1928/2153/3303 1929/2154/3303
f 1930/2155/3304 1929/2154/3304 1931/2156/3304
f 1931/2156/3305 1932/2157/3305 1930/2155/3305
f 1932/2157/3306 1933/2158/3306 1930/2155/3306
f 1932/2157/3307 1934/2159/3307 1933/2158/3307
f 1934/2159/3308 1935/2160/3308 1933/2158/3308
f 1935/2160/3309 1936/2161/3309 1933/2158/3309
f 1933/2158/3310 1936/2161/3310 1928/2153/3310
f 1935/2160/3311 1937/2162/3311 1936/2161/3311
f 1937/2162/3312 1938/2163/3312 1936/2161/3312
f 1936/2161/3313 1938/2163/3313 1927/2152/3313
f 1938/2163/3314 1687/2164/3314 1927/2152/3314
f 1938/2163/3315 1686/2165/3315 1687/2164/3315
f 1684/2166/3316 1686/2165/3316 1938/2163/3316
f 1684/2166/3317 1938/2163/3317 1939/2167/3317
f 1684/2166/3318 1939/2167/3318 1940/2168/3318
f 1684/2166/3319 1940/2168/3319 1685/2169/3319
f 1685/2169/3320 1940/2168/3320 1941/2170/3320
f 1685/2169/3321 1941/2170/3321 1645/2171/3321
f 1644/2172/3322 1645/2171/3322 1941/2170/3322
f 1644/2172/3323 1941/2170/3323 1942/2173/3323
f 1943/2174/3324 1644/2172/3324 1942/2173/3324
f 1944/2175/3325 1943/2174/3325 1942/2173/3325
f 1944/2175/3326 1942/2173/3326 1945/2176/3326
f 1946/2177/3327 1944/2175/3327 1945/2176/3327
f 1947/2178/3328 1946/2177/3328 1945/2176/3328
f 1947/2178/3329 1945/2176/3329 1948/2179/3329
f 1949/2180/3330 1947/2178/3330 1948/2179/3330
f 1941/2170/3331 1949/2180/3331 1948/2179/3331
f 1949/2180/3332 1950/2181/3332 1947/2178/3332
f 1950/2181/3333 1951/2182/3333 1947/2178/3333
f 1950/2181/3334 1952/2183/3334 1951/2182/3334
f 1952/2183/3335 1953/2184/3335 1951/2182/3335
f 1953/2184/3336 1954/2185/3336 1951/2182/3336
f 1951/2182/3337 1954/2185/3337 1946/2177/3337
f 1954/2185/3338 1955/2186/3338 1946/2177/3338
f 1954/2185/3339 1956/2187/3339 1955/2186/3339
f 1957/2188/3340 1955/2186/3340 1956/2187/3340
f 1956/2187/3341 1958/2189/3341 1957/2188/3341
f 1957/2188/3342 1958/2189/3342 1959/2190/3342
f 1957/2188/3343 1959/2190/3343 1960/2191/3343
f 1961/2192/3344 1957/2188/3344 1960/2191/3344
f 1961/2192/3345 1960/2191/3345 1962/2193/3345
f 1963/2194/3346 1961/2192/3346 1962/2193/3346
f 1963/2194/3347 1962/2193/3347 1964/2195/3347
f 1965/2196/3348 1963/2194/3348 1964/2195/3348
f 1965/2196/3349 1964/2195/3349 1966/2197/3349
f 1966/2197/3350 1741/2198/3350 1965/2196/3350
f 1965/2196/3351 1741/2198/3351 1740/2199/3351
f 1965/2196/3352 1740/2199/3352 1943/2174/3352
f 1966/2197/3353 1629/2200/3353 1741/2198/3353
f 1629/2200/3354 1966/2197/3354 1967/2201/3354
f 1629/2200/3355 1967/2201/3355 1627/2202/3355
f 1626/2203/3356 1627/2202/3356 1967/2201/3356
f 1626/2203/3357 1967/2201/3357 1968/2204/3357
f 1623/2205/3358 1626/2203/3358 1968/2204/3358
f 1623/2205/3359 1968/2204/3359 1969/2206/3359
f 1621/2207/3360 1623/2205/3360 1969/2206/3360
f 1621/2207/3361 1969/2206/3361 1970/2208/3361
f 1970/2208/3362 1619/2209/3362 1621/2207/3362
f 1970/2208/3363 1971/2210/3363 1619/2209/3363
f 1618/2211/3364 1619/2209/3364 1971/2210/3364
f 1618/2211/3365 1971/2210/3365 1816/2037/3365
f 1816/2037/3366 1742/2212/3366 1618/2211/3366
f 1972/2213/3367 1816/2037/3367 1971/2210/3367
f 1972/2213/3368 1971/2210/3368 1970/2208/3368
f 1972/2213/3369 1970/2208/3369 1973/2214/3369
f 1974/2215/3370 1972/2213/3370 1973/2214/3370
f 1974/2215/3371 1973/2214/3371 1975/2216/3371
f 1974/2215/3372 1975/2216/3372 1853/2074/3372
f 1974/2215/3373 1853/2074/3373 1976/2217/3373
f 1976/2217/3374 1820/2041/3374 1974/2215/3374
f 1973/2214/3375 1977/2218/3375 1975/2216/3375
f 1975/2216/3376 1977/2218/3376 1855/2076/3376
f 1973/2214/3377 1978/2219/3377 1977/2218/3377
f 1977/2218/3378 1978/2219/3378 1979/2220/3378
f 1977/2218/3379 1979/2220/3379 1857/2078/3379
f 1979/2220/3380 1980/2221/3380 1857/2078/3380
f 1979/2220/3381 1981/2222/3381 1980/2221/3381
f 1981/2222/3382 1962/2193/3382 1980/2221/3382
f 1968/2204/3383 1981/2222/3383 1979/2220/3383
f 1969/2206/3384 1979/2220/3384 1978/2219/3384
f 1969/2206/3385 1978/2219/3385 1973/2214/3385
f 1974/2215/3386 1817/2038/3386 1972/2213/3386
f 1969/2206/3387 1973/2214/3387 1970/2208/3387
f 1969/2206/3388 1968/2204/3388 1979/2220/3388
f 1968/2204/3389 1967/2201/3389 1981/2222/3389
f 1967/2201/3390 1964/2195/3390 1981/2222/3390
f 1967/2201/3391 1966/2197/3391 1964/2195/3391
f 1963/2194/3392 1965/2196/3392 1943/2174/3392
f 1981/2222/3393 1964/2195/3393 1962/2193/3393
f 1944/2175/3394 1961/2192/3394 1963/2194/3394
f 1944/2175/3395 1955/2186/3395 1961/2192/3395
f 1980/2221/3396 1962/2193/3396 1960/2191/3396
f 1980/2221/3397 1960/2191/3397 1858/2079/3397
f 1858/2079/3398 1960/2191/3398 1959/2190/3398
f 1958/2189/3399 1982/2223/3399 1959/2190/3399
f 1859/2080/3400 1959/2190/3400 1982/2223/3400
f 1958/2189/3401 1983/2224/3401 1982/2223/3401
f 1982/2223/3402 1983/2224/3402 1873/2094/3402
f 1984/2225/3403 1873/2094/3403 1983/2224/3403
f 1985/2226/3404 1984/2225/3404 1983/2224/3404
f 1986/2227/3405 1984/2225/3405 1985/2226/3405
f 1986/2227/3406 1985/2226/3406 1987/2228/3406
f 1988/2229/3407 1986/2227/3407 1987/2228/3407
f 1988/2229/3408 1987/2228/3408 1953/2184/3408
f 1989/2230/3409 1988/2229/3409 1953/2184/3409
f 1989/2230/3410 1990/2231/3410 1988/2229/3410
f 1892/2113/3411 1988/2229/3411 1990/2231/3411
f 1892/2113/3412 1884/2105/3412 1988/2229/3412
f 1991/2232/3413 1990/2231/3413 1989/2230/3413
f 1989/2230/3414 1992/2233/3414 1991/2232/3414
f 1993/2234/3415 1991/2232/3415 1992/2233/3415
f 1993/2234/3416 1992/2233/3416 1934/2159/3416
f 1908/2129/3417 1993/2234/3417 1934/2159/3417
f 1994/2235/3418 1991/2232/3418 1993/2234/3418
f 1994/2235/3419 1993/2234/3419 1907/2128/3419
f 1893/2114/3420 1994/2235/3420 1907/2128/3420
f 1893/2114/3421 1990/2231/3421 1994/2235/3421
f 1989/2230/3422 1952/2183/3422 1992/2233/3422
f 1991/2232/3423 1994/2235/3423 1990/2231/3423
f 1986/2227/3424 1988/2229/3424 1884/2105/3424
f 1956/2187/3425 1987/2228/3425 1985/2226/3425
f 1882/2103/3426 1984/2225/3426 1986/2227/3426
f 1984/2225/3427 1881/2102/3427 1873/2094/3427
f 1985/2226/3428 1983/2224/3428 1958/2189/3428
f 1956/2187/3429 1985/2226/3429 1958/2189/3429
f 1957/2188/3430 1961/2192/3430 1955/2186/3430
f 1956/2187/3431 1954/2185/3431 1987/2228/3431
f 1953/2184/3432 1987/2228/3432 1954/2185/3432
f 1952/2183/3433 1989/2230/3433 1953/2184/3433
f 1992/2233/3434 1952/2183/3434 1950/2181/3434
f 1992/2233/3435 1950/2181/3435 1935/2160/3435
f 1949/2180/3436 1935/2160/3436 1950/2181/3436
f 1945/2176/3437 1941/2170/3437 1948/2179/3437
f 1951/2182/3438 1946/2177/3438 1947/2178/3438
f 1946/2177/3439 1955/2186/3439 1944/2175/3439
f 1963/2194/3440 1943/2174/3440 1944/2175/3440
f 1943/2174/3441 1740/2199/3441 1644/2172/3441
f 1945/2176/3442 1942/2173/3442 1941/2170/3442
f 1941/2170/3443 1940/2168/3443 1949/2180/3443
f 1937/2162/3444 1949/2180/3444 1940/2168/3444
f 1937/2162/3445 1940/2168/3445 1939/2167/3445
f 1937/2162/3446 1939/2167/3446 1938/2163/3446
f 1949/2180/3447 1937/2162/3447 1935/2160/3447
f 1934/2159/3448 1992/2233/3448 1935/2160/3448
f 1908/2129/3449 1934/2159/3449 1932/2157/3449
f 1995/2236/3450 1908/2129/3450 1932/2157/3450
f 1931/2156/3451 1995/2236/3451 1932/2157/3451
f 1996/2237/3452 1995/2236/3452 1931/2156/3452
f 1996/2237/3453 1997/2238/3453 1995/2236/3453
f 1997/2238/3454 1910/2131/3454 1995/2236/3454
f 1919/2140/3455 1997/2238/3455 1996/2237/3455
f 1998/2239/3456 1919/2140/3456 1996/2237/3456
f 1929/2154/3457 1998/2239/3457 1996/2237/3457
f 1929/2154/3458 1996/2237/3458 1931/2156/3458
f 1933/2158/3459 1928/2153/3459 1930/2155/3459
f 1926/2151/3460 1998/2239/3460 1929/2154/3460
f 1936/2161/3461 1927/2152/3461 1928/2153/3461
f 1927/2152/3462 1687/2164/3462 1688/2150/3462
f 1926/2151/3463 1925/2149/3463 1998/2239/3463
f 1922/2143/3464 1998/2239/3464 1925/2149/3464
f 1922/2143/3465 1925/2149/3465 1924/2145/3465
f 1998/2239/3466 1922/2143/3466 1919/2140/3466
f 1919/2140/3467 1917/2138/3467 1997/2238/3467
f 1912/2133/3468 1997/2238/3468 1917/2138/3468
f 1999/2240/3469 1913/2134/3469 1915/2136/3469
f 1999/2240/3470 1915/2136/3470 2000/2241/3470
f 2001/2242/3471 1999/2240/3471 2000/2241/3471
f 2001/2242/3472 2002/2243/3472 1999/2240/3472
f 2002/2243/3473 2003/2244/3473 1999/2240/3473
f 1999/2240/3474 2003/2244/3474 1911/2132/3474
f 2002/2243/3475 2004/2245/3475 2003/2244/3475
f 2003/2244/3476 2004/2245/3476 1903/2124/3476
f 1903/2124/3477 2004/2245/3477 2005/2246/3477
f 1903/2124/3478 2005/2246/3478 2006/2247/3478
f 2007/2248/3479 2005/2246/3479 2004/2245/3479
f 2007/2248/3480 2004/2245/3480 2008/2249/3480
f 2002/2243/3481 2008/2249/3481 2004/2245/3481
f 2008/2249/3482 2002/2243/3482 2009/2250/3482
f 2009/2250/3483 2002/2243/3483 2010/2251/3483
f 2001/2242/3484 2010/2251/3484 2002/2243/3484
f 2010/2251/3485 2001/2242/3485 2011/2252/3485
f 1912/2133/3486 1917/2138/3486 1914/2135/3486
f 1999/2240/3487 1911/2132/3487 1913/2134/3487
f 1997/2238/3488 1912/2133/3488 1910/2131/3488
f 2003/2244/3489 1909/2130/3489 1911/2132/3489
f 2003/2244/3490 1904/2125/3490 1909/2130/3490
f 1995/2236/3491 1910/2131/3491 1908/2129/3491
f 1907/2128/3492 1993/2234/3492 1908/2129/3492
f 1906/2127/3493 1909/2130/3493 1904/2125/3493
f 1900/2121/3494 1894/2115/3494 1905/2126/3494
f 2003/2244/3495 1903/2124/3495 1904/2125/3495
f 1903/2124/3496 2006/2247/3496 1902/2123/3496
f 1900/2121/3497 1895/2116/3497 1894/2115/3497
f 1893/2114/3498 1907/2128/3498 1894/2115/3498
f 1893/2114/3499 1892/2113/3499 1990/2231/3499
f 1891/2112/3500 1897/2118/3500 1890/2111/3500
f 1884/2105/3501 1892/2113/3501 1885/2106/3501
f 1986/2227/3502 1884/2105/3502 1882/2103/3502
f 1883/2104/3503 1888/2109/3503 1880/2101/3503
f 2012/2253/3504 1880/2101/3504 1888/2109/3504
f 1882/2103/3505 1881/2102/3505 1984/2225/3505
f 1879/2100/3506 1880/2101/3506 2012/2253/3506
f 1873/2094/3507 1881/2102/3507 1874/2095/3507
f 1982/2223/3508 1873/2094/3508 1871/2092/3508
f 1982/2223/3509 1871/2092/3509 1864/2085/3509
f 1872/2093/3510 1877/2098/3510 1870/2091/3510
f 1870/2091/3511 1877/2098/3511 2013/2254/3511
f 1869/2090/3512 1870/2091/3512 2013/2254/3512
f 1865/2086/3513 1864/2085/3513 1871/2092/3513
f 1982/2223/3514 1864/2085/3514 1861/2082/3514
f 1859/2080/3515 1982/2223/3515 1861/2082/3515
f 1858/2079/3516 1959/2190/3516 1859/2080/3516
f 1857/2078/3517 1980/2221/3517 1858/2079/3517
f 1855/2076/3518 1977/2218/3518 1857/2078/3518
f 1856/2077/3519 1860/2081/3519 1854/2075/3519
f 1975/2216/3520 1855/2076/3520 1853/2074/3520
f 1852/2073/3521 1976/2217/3521 1853/2074/3521
f 1852/2073/3522 1822/2043/3522 1976/2217/3522
f 1824/2045/3523 1852/2073/3523 1828/2049/3523
f 1851/2072/3524 1854/2075/3524 1849/2070/3524
f 1863/2084/3525 1848/2069/3525 1849/2070/3525
f 1848/2069/3526 1863/2084/3526 1847/2068/3526
f 1846/2067/3527 1847/2068/3527 1867/2088/3527
f 1844/2065/3528 1832/2053/3528 1831/2052/3528
f 1850/2071/3529 1831/2052/3529 1829/2050/3529
f 1830/2051/3530 1836/2057/3530 1827/2048/3530
f 1850/2071/3531 1829/2050/3531 1828/2049/3531
f 1827/2048/3532 1840/2061/3532 1825/2046/3532
f 1824/2045/3533 1828/2049/3533 1826/2047/3533
f 1852/2073/3534 1824/2045/3534 1822/2043/3534
f 1976/2217/3535 1822/2043/3535 1820/2041/3535
f 1974/2215/3536 1820/2041/3536 1817/2038/3536
f 1972/2213/3537 1817/2038/3537 1816/2037/3537
f 1816/2037/3538 1815/2036/3538 1742/2212/3538
f 2014/2255/3539 2015/2256/3539 1763/2257/3539
f 2014/2255/3540 1763/2257/3540 1765/2258/3540
f 2016/2259/3541 2014/2255/3541 1765/2258/3541
f 2016/2259/3542 1765/2258/3542 1767/2260/3542
f 1770/2261/3543 2016/2259/3543 1767/2260/3543
f 1770/2261/3544 2017/2262/3544 2016/2259/3544
f 2018/2263/3545 2016/2259/3545 2017/2262/3545
f 2018/2263/3546 2019/2264/3546 2016/2259/3546
f 2018/2263/3547 2020/2265/3547 2019/2264/3547
f 2019/2264/3548 2020/2265/3548 2021/2266/3548
f 2019/2264/3549 2021/2266/3549 2022/2267/3549
f 2014/2255/3550 2019/2264/3550 2022/2267/3550
f 2023/2268/3551 2014/2255/3551 2022/2267/3551
f 2021/2266/3552 2023/2268/3552 2022/2267/3552
f 2021/2266/3553 2024/2269/3553 2023/2268/3553
f 2024/2269/3554 2025/2270/3554 2023/2268/3554
f 2026/2271/3555 2023/2268/3555 2025/2270/3555
f 2027/2272/3556 2026/2271/3556 2025/2270/3556
f 2027/2272/3557 2025/2270/3557 2028/2273/3557
f 2027/2272/3558 2028/2273/3558 2029/2274/3558
f 2029/2274/3559 2030/2275/3559 2027/2272/3559
f 2031/2276/3560 2027/2272/3560 2030/2275/3560
f 2032/2277/3561 2031/2276/3561 2030/2275/3561
f 2033/2278/3562 2032/2277/3562 2030/2275/3562
f 2033/2278/3563 2034/2279/3563 2032/2277/3563
f 1920/2280/3564 2032/2277/3564 2034/2279/3564
f 1920/2280/3565 2034/2279/3565 2035/2281/3565
f 1920/2280/3566 2035/2281/3566 1918/2282/3566
f 2036/2283/3567 1918/2282/3567 2035/2281/3567
f 2037/2284/3568 2036/2283/3568 2035/2281/3568
f 2033/2278/3569 2037/2284/3569 2035/2281/3569
f 2038/2285/3570 2037/2284/3570 2033/2278/3570
f 2038/2285/3571 2033/2278/3571 2029/2274/3571
f 2029/2274/3572 2039/2286/3572 2038/2285/3572
f 2040/2287/3573 2038/2285/3573 2039/2286/3573
f 2041/2288/3574 2040/2287/3574 2039/2286/3574
f 2039/2286/3575 2024/2269/3575 2041/2288/3575
f 2039/2286/3576 2028/2273/3576 2024/2269/3576
f 2041/2288/3577 2042/2289/3577 2040/2287/3577
f 2043/2290/3578 2040/2287/3578 2042/2289/3578
f 2044/2291/3579 2043/2290/3579 2042/2289/3579
f 2044/2291/3580 2042/2289/3580 2045/2292/3580
f 2046/2293/3581 2044/2291/3581 2045/2292/3581
f 2046/2293/3582 2045/2292/3582 2047/2294/3582
f 2046/2293/3583 2047/2294/3583 2048/2295/3583
f 2049/2296/3584 2046/2293/3584 2048/2295/3584
f 2049/2296/3585 2048/2295/3585 2050/2297/3585
f 2049/2296/3586 2050/2297/3586 2051/2298/3586
f 2049/2296/3587 2051/2298/3587 2052/2299/3587
f 2053/2300/3588 2049/2296/3588 2052/2299/3588
f 2053/2300/3589 2052/2299/3589 2054/2301/3589
f 2055/2302/3590 2053/2300/3590 2054/2301/3590
f 2054/2301/3591 2056/2303/3591 2055/2302/3591
f 2057/2304/3592 2055/2302/3592 2056/2303/3592
f 2057/2304/3593 2056/2303/3593 2058/2305/3593
f 2057/2304/3594 2058/2305/3594 2059/2306/3594
f 2057/2304/3595 2059/2306/3595 2060/2307/3595
f 2061/2308/3596 2057/2304/3596 2060/2307/3596
f 2057/2304/3597 2061/2308/3597 2062/2309/3597
f 2063/2310/3598 2062/2309/3598 2061/2308/3598
f 2063/2310/3599 2064/2311/3599 2062/2309/3599
f 2065/2312/3600 2062/2309/3600 2064/2311/3600
f 2065/2312/3601 2064/2311/3601 2066/2313/3601
f 2066/2313/3602 2067/2314/3602 2065/2312/3602
f 2068/2315/3603 2065/2312/3603 2067/2314/3603
f 2068/2315/3604 2067/2314/3604 2069/2316/3604
f 2068/2315/3605 2069/2316/3605 2070/2317/3605
f 2068/2315/3606 2070/2317/3606 2071/2318/3606
f 2072/2319/3607 2068/2315/3607 2071/2318/3607
f 2073/2320/3608 2072/2319/3608 2071/2318/3608
f 2071/2318/3609 2074/2321/3609 2073/2320/3609
f 2073/2320/3610 2074/2321/3610 2075/2322/3610
f 2075/2322/3611 2076/2323/3611 2073/2320/3611
f 2077/2324/3612 2073/2320/3612 2076/2323/3612
f 2077/2324/3613 2076/2323/3613 2078/2325/3613
f 2079/2326/3614 2077/2324/3614 2078/2325/3614
f 2077/2324/3615 2079/2326/3615 2080/2327/3615
f 2081/2328/3616 2077/2324/3616 2080/2327/3616
f 2082/2329/3617 2081/2328/3617 2080/2327/3617
f 2082/2329/3618 2080/2327/3618 2083/2330/3618
f 2083/2330/3619 2000/2331/3619 2082/2329/3619
f 2082/2329/3620 2000/2331/3620 1915/2332/3620
f 2082/2329/3621 1915/2332/3621 2084/2333/3621
f 2084/2333/3622 1915/2332/3622 1916/2334/3622
f 2084/2333/3623 1916/2334/3623 2036/2283/3623
f 2085/2335/3624 2084/2333/3624 2036/2283/3624
f 2085/2335/3625 2086/2336/3625 2084/2333/3625
f 2081/2328/3626 2084/2333/3626 2086/2336/3626
f 2087/2337/3627 2081/2328/3627 2086/2336/3627
f 2087/2337/3628 2086/2336/3628 2088/2338/3628
f 2087/2337/3629 2088/2338/3629 2089/2339/3629
f 2087/2337/3630 2089/2339/3630 2090/2340/3630
f 2077/2324/3631 2087/2337/3631 2090/2340/3631
f 2090/2340/3632 2089/2339/3632 2043/2290/3632
f 2090/2340/3633 2043/2290/3633 2072/2319/3633
f 2089/2339/3634 2088/2338/3634 2091/2341/3634
f 2089/2339/3635 2091/2341/3635 2040/2287/3635
f 2091/2341/3636 2088/2338/3636 2086/2336/3636
f 2091/2341/3637 2086/2336/3637 2085/2335/3637
f 2038/2285/3638 2091/2341/3638 2085/2335/3638
f 2083/2330/3639 2001/2342/3639 2000/2331/3639
f 2083/2330/3640 2092/2343/3640 2001/2342/3640
f 2011/2344/3641 2001/2342/3641 2092/2343/3641
f 2092/2343/3642 2083/2330/3642 2093/2345/3642
f 2083/2330/3643 2094/2346/3643 2093/2345/3643
f 2083/2330/3644 2080/2327/3644 2094/2346/3644
f 2095/2347/3645 2094/2346/3645 2080/2327/3645
f 2081/2328/3646 2082/2329/3646 2084/2333/3646
f 2081/2328/1720 2087/2337/1720 2077/2324/1720
f 2080/2327/3647 2079/2326/3647 2095/2347/3647
f 2077/2324/3648 2090/2340/3648 2073/2320/3648
f 2074/2321/3649 2071/2318/3649 2096/2348/3649
f 2073/2320/3650 2090/2340/3650 2072/2319/3650
f 2072/2319/3651 2097/2349/3651 2068/2315/3651
f 2044/2291/3652 2097/2349/3652 2072/2319/3652
f 2098/2350/3653 2097/2349/3653 2044/2291/3653
f 2098/2350/3654 2099/2351/3654 2097/2349/3654
f 2065/2312/3655 2097/2349/3655 2099/2351/3655
f 2053/2300/3656 2099/2351/3656 2098/2350/3656
f 2053/2300/3657 2100/2352/3657 2099/2351/3657
f 2099/2351/3658 2100/2352/3658 2062/2309/3658
f 2062/2309/3659 2100/2352/3659 2055/2302/3659
f 2096/2348/3660 2071/2318/3660 2070/2317/3660
f 2065/2312/3661 2068/2315/3661 2097/2349/3661
f 2099/2351/3662 2062/2309/3662 2065/2312/3662
f 2062/2309/3663 2055/2302/3663 2057/2304/3663
f 2055/2302/3664 2100/2352/3664 2053/2300/3664
f 2049/2296/3665 2053/2300/3665 2098/2350/3665
f 2051/2298/3666 2050/2297/3666 2101/2353/3666
f 2101/2353/3667 2050/2297/3667 2048/2295/3667
f 2101/2353/3668 2048/2295/3668 2020/2265/3668
f 2049/2296/3669 2098/2350/3669 2046/2293/3669
f 2021/2266/3670 2048/2295/3670 2047/2294/3670
f 2041/2288/3671 2021/2266/3671 2047/2294/3671
f 2046/2293/3672 2098/2350/3672 2044/2291/3672
f 2042/2289/3673 2047/2294/3673 2045/2292/3673
f 2044/2291/3674 2072/2319/3674 2043/2290/3674
f 2043/2290/3675 2089/2339/3675 2040/2287/3675
f 2042/2289/3676 2041/2288/3676 2047/2294/3676
f 2040/2287/3677 2091/2341/3677 2038/2285/3677
f 2038/2285/3678 2085/2335/3678 2037/2284/3678
f 2037/2284/3679 2085/2335/3679 2036/2283/3679
f 2036/2283/3680 1916/2334/3680 1918/2282/3680
f 1920/2280/3681 1921/2354/3681 2032/2277/3681
f 1921/2354/3682 2102/2355/3682 2032/2277/3682
f 1921/2354/3683 1923/2356/3683 2102/2355/3683
f 1923/2356/3684 1756/2357/3684 2102/2355/3684
f 2102/2355/3685 1756/2357/3685 1758/2358/3685
f 2102/2355/3686 1758/2358/3686 2031/2276/3686
f 2103/2359/3687 2031/2276/3687 1758/2358/3687
f 2103/2359/3688 1758/2358/3688 1759/2360/3688
f 1759/2360/3689 2026/2271/3689 2103/2359/3689
f 1759/2360/3690 1761/2361/3690 2026/2271/3690
f 2026/2271/3691 1761/2361/3691 1763/2257/3691
f 1923/2356/3692 1694/2362/3692 1756/2357/3692
f 2033/2278/3693 2035/2281/3693 2034/2279/3693
f 2032/2277/3694 2102/2355/3694 2031/2276/3694
f 2031/2276/3695 2103/2359/3695 2027/2272/3695
f 2029/2274/3696 2033/2278/3696 2030/2275/3696
f 2029/2274/3697 2028/2273/3697 2039/2286/3697
f 2027/2272/3698 2103/2359/3698 2026/2271/3698
f 2026/2271/3699 2015/2256/3699 2023/2268/3699
f 2024/2269/3700 2028/2273/3700 2025/2270/3700
f 2041/2288/3701 2024/2269/3701 2021/2266/3701
f 2021/2266/3702 2020/2265/3702 2048/2295/3702
f 2018/2263/3703 2101/2353/3703 2020/2265/3703
f 2014/2255/3704 2016/2259/3704 2019/2264/3704
f 2026/2271/3705 1763/2257/3705 2015/2256/3705
f 2023/2268/3706 2015/2256/3706 2014/2255/3706
usemtl material_0.004
f 2104/2363/3707 2105/2364/3707 2106/2365/3707
f 2104/2363/3708 2106/2365/3708 2107/2366/3708
f 2108/2367/3709 2104/2363/3709 2107/2366/3709
f 2108/2367/3710 2107/2366/3710 2109/2368/3710
f 2108/2367/3711 2109/2368/3711 2110/2369/3711
f 2108/2367/3712 2110/2369/3712 2111/2370/3712
f 2111/2370/3713 2112/2371/3713 2108/2367/3713
f 2111/2370/3714 2113/2372/3714 2112/2371/3714
f 2114/2373/3715 2112/2371/3715 2113/2372/3715
f 2114/2373/3716 2113/2372/3716 2115/2374/3716
f 2116/2375/3717 2114/2373/3717 2115/2374/3717
f 2115/2374/3718 2117/2376/3718 2116/2375/3718
f 2118/2377/3719 2116/2375/3719 2117/2376/3719
f 2118/2377/3720 2117/2376/3720 2119/2378/3720
f 2120/2379/3721 2118/2377/3721 2119/2378/3721
f 2120/2379/3722 2121/2380/3722 2118/2377/3722
f 2122/2381/3723 2118/2377/3723 2121/2380/3723
f 2121/2380/3724 2123/2382/3724 2122/2381/3724
f 2123/2382/3725 2124/2383/3725 2122/2381/3725
f 2125/2384/3726 2122/2381/3726 2124/2383/3726
f 2125/2384/3727 2124/2383/3727 2126/2385/3727
f 2127/2386/3728 2125/2384/3728 2126/2385/3728
f 2127/2386/3729 2126/2385/3729 2128/2387/3729
f 2128/2387/3730 2114/2373/3730 2127/2386/3730
f 2128/2387/3731 2129/2388/3731 2114/2373/3731
f 2114/2373/3732 2129/2388/3732 2130/2389/3732
f 2129/2388/3733 2131/2390/3733 2130/2389/3733
f 2105/2364/3734 2130/2389/3734 2131/2390/3734
f 2129/2388/3735 2132/2391/3735 2131/2390/3735
f 2133/2392/3736 2132/2391/3736 2129/2388/3736
f 2133/2392/3737 2129/2388/3737 2128/2387/3737
f 2134/2393/3738 2133/2392/3738 2128/2387/3738
f 2134/2393/3739 2128/2387/3739 2126/2385/3739
f 2135/2394/3740 2134/2393/3740 2126/2385/3740
f 2116/2375/3741 2125/2384/3741 2127/2386/3741
f 2135/2394/3742 2126/2385/3742 2124/2383/3742
f 2136/2395/3743 2135/2394/3743 2124/2383/3743
f 2136/2395/3744 2124/2383/3744 2137/2396/3744
f 2138/2397/3745 2136/2395/3745 2137/2396/3745
f 2138/2397/3746 2137/2396/3746 2139/2398/3746
f 2139/2398/3747 2137/2396/3747 2123/2382/3747
f 2139/2398/3748 2123/2382/3748 2140/2399/3748
f 2141/2400/3749 2140/2399/3749 2123/2382/3749
f 2141/2400/3750 2123/2382/3750 2142/2401/3750
f 2143/2402/3751 2141/2400/3751 2142/2401/3751
f 2143/2402/3752 2142/2401/3752 2144/2403/3752
f 2144/2403/3753 2142/2401/3753 2121/2380/3753
f 2123/2382/3754 2137/2396/3754 2124/2383/3754
f 2121/2380/3755 2142/2401/3755 2123/2382/3755
f 2122/2381/3756 2125/2384/3756 2118/2377/3756
f 2144/2403/3757 2121/2380/3757 2120/2379/3757
f 2116/2375/3758 2118/2377/3758 2125/2384/3758
f 2115/2374/3759 2145/2404/3759 2117/2376/3759
f 2115/2374/3760 2146/2405/3760 2145/2404/3760
f 2116/2375/3761 2127/2386/3761 2114/2373/3761
f 2115/2374/3762 2113/2372/3762 2146/2405/3762
f 2113/2372/3763 2147/2406/3763 2146/2405/3763
f 2114/2373/3764 2130/2389/3764 2112/2371/3764
f 2112/2371/3765 2130/2389/3765 2104/2363/3765
f 2113/2372/3766 2111/2370/3766 2147/2406/3766
f 2148/2407/3767 2147/2406/3767 2111/2370/3767
f 2148/2407/3768 2111/2370/3768 2110/2369/3768
f 2148/2407/3769 2110/2369/3769 2149/2408/3769
f 2148/2407/3770 2149/2408/3770 2150/2409/3770
f 2151/2410/3771 2150/2409/3771 2149/2408/3771
f 2151/2410/3772 2149/2408/3772 2152/2411/3772
f 2152/2411/3773 2153/2412/3773 2151/2410/3773
f 2152/2411/3774 2154/2413/3774 2153/2412/3774
f 2154/2413/3775 2155/2414/3775 2153/2412/3775
f 2154/2413/3776 2156/2415/3776 2155/2414/3776
f 2156/2415/3777 2157/2416/3777 2155/2414/3777
f 2156/2415/3778 2158/2417/3778 2157/2416/3778
f 2156/2415/3779 2159/2418/3779 2158/2417/3779
f 2156/2415/3780 2160/2419/3780 2159/2418/3780
f 2161/2420/3781 2159/2418/3781 2160/2419/3781
f 2161/2420/3782 2160/2419/3782 2162/2421/3782
f 2163/2422/3783 2161/2420/3783 2162/2421/3783
f 2164/2423/3784 2163/2422/3784 2162/2421/3784
f 2164/2423/3785 2162/2421/3785 2165/2424/3785
f 2165/2424/3786 2166/2425/3786 2164/2423/3786
f 2165/2424/3787 2167/2426/3787 2166/2425/3787
f 2168/2427/3788 2166/2425/3788 2167/2426/3788
f 2169/2428/3789 2168/2427/3789 2167/2426/3789
f 2169/2428/3790 2170/2429/3790 2168/2427/3790
f 2170/2429/3791 2107/2366/3791 2168/2427/3791
f 2107/2366/3792 2171/2430/3792 2168/2427/3792
f 2169/2428/3793 2149/2408/3793 2170/2429/3793
f 2149/2408/3794 2109/2368/3794 2170/2429/3794
f 2168/2427/3795 2171/2430/3795 2166/2425/3795
f 2165/2424/3796 2169/2428/3796 2167/2426/3796
f 2165/2424/3797 2172/2431/3797 2169/2428/3797
f 2172/2431/3798 2152/2411/3798 2169/2428/3798
f 2162/2421/3799 2172/2431/3799 2165/2424/3799
f 2163/2422/3800 2173/2432/3800 2161/2420/3800
f 2162/2421/3801 2160/2419/3801 2172/2431/3801
f 2172/2431/3802 2160/2419/3802 2156/2415/3802
f 2172/2431/3803 2156/2415/3803 2154/2413/3803
f 2172/2431/3804 2154/2413/3804 2152/2411/3804
f 2169/2428/3805 2152/2411/3805 2149/2408/3805
f 2149/2408/3806 2110/2369/3806 2109/2368/3806
f 2170/2429/3807 2109/2368/3807 2107/2366/3807
f 2112/2371/3808 2104/2363/3808 2108/2367/3808
f 2107/2366/3809 2106/2365/3809 2171/2430/3809
f 2105/2364/3810 2104/2363/3810 2130/2389/3810
f 2174/2433/3811 2175/2434/3811 2176/2435/3811
f 2174/2433/3812 2176/2435/3812 2177/2436/3812
f 2178/2437/3813 2174/2433/3813 2177/2436/3813
f 2178/2437/3814 2177/2436/3814 2179/2438/3814
f 2179/2438/3815 2180/2439/3815 2178/2437/3815
f 2181/2440/3816 2178/2437/3816 2180/2439/3816
f 2180/2439/3817 2179/2438/3817 2182/2441/3817
f 2182/2441/3818 2179/2438/3818 2183/2442/3818
f 2184/2443/3819 2183/2442/3819 2179/2438/3819
f 2185/2444/3820 2184/2443/3820 2179/2438/3820
f 2186/2445/3821 2184/2443/3821 2185/2444/3821
f 2187/2446/3822 2186/2445/3822 2185/2444/3822
f 2187/2446/3823 2185/2444/3823 2188/2447/3823
f 2189/2448/3824 2187/2446/3824 2188/2447/3824
f 2189/2448/3825 2188/2447/3825 2190/2449/3825
f 2191/2450/3826 2189/2448/3826 2190/2449/3826
f 2190/2449/3827 2192/2451/3827 2191/2450/3827
f 2193/2452/3828 2191/2450/3828 2192/2451/3828
f 2194/2453/3829 2193/2452/3829 2192/2451/3829
f 2194/2453/3830 2192/2451/3830 2195/2454/3830
f 2192/2451/3831 2196/2455/3831 2195/2454/3831
f 2192/2451/3832 2197/2456/3832 2196/2455/3832
f 2197/2456/3833 2175/2434/3833 2196/2455/3833
f 2198/2457/3834 2193/2452/3834 2194/2453/3834
f 2198/2457/3835 2194/2453/3835 2199/2458/3835
f 2200/2459/3836 2198/2457/3836 2199/2458/3836
f 2200/2459/3837 2199/2458/3837 2201/2460/3837
f 2202/2461/3838 2198/2457/3838 2200/2459/3838
f 2202/2461/3839 2200/2459/3839 2203/2462/3839
f 2202/2461/3840 2203/2462/3840 2204/2463/3840
f 2202/2461/3841 2204/2463/3841 2205/2464/3841
f 2206/2465/3842 2202/2461/3842 2205/2464/3842
f 2207/2466/3843 2206/2465/3843 2205/2464/3843
f 2207/2466/3844 2208/2467/3844 2206/2465/3844
f 2209/2468/3845 2206/2465/3845 2208/2467/3845
f 2209/2468/3846 2208/2467/3846 2210/2469/3846
f 2189/2448/3847 2209/2468/3847 2210/2469/3847
f 2189/2448/3848 2210/2469/3848 2211/2470/3848
f 2212/2471/3849 2189/2448/3849 2211/2470/3849
f 2213/2472/3850 2212/2471/3850 2211/2470/3850
f 2213/2472/3851 2211/2470/3851 2214/2473/3851
f 2215/2474/3852 2213/2472/3852 2214/2473/3852
f 2216/2475/3853 2215/2474/3853 2214/2473/3853
f 2214/2473/3854 2210/2469/3854 2216/2475/3854
f 2216/2475/3855 2217/2476/3855 2215/2474/3855
f 2217/2476/3856 2218/2477/3856 2215/2474/3856
f 2218/2477/3857 2219/2478/3857 2215/2474/3857
f 2218/2477/3858 2220/2479/3858 2219/2478/3858
f 2219/2478/3859 2220/2479/3859 2221/2480/3859
f 2219/2478/3860 2221/2480/3860 2222/2481/3860
f 2222/2481/3861 2213/2472/3861 2219/2478/3861
f 2222/2481/3862 2223/2482/3862 2213/2472/3862
f 2224/2483/3863 2213/2472/3863 2223/2482/3863
f 2224/2483/3864 2223/2482/3864 2225/2484/3864
f 2224/2483/3865 2225/2484/3865 2226/2485/3865
f 2186/2445/3866 2224/2483/3866 2226/2485/3866
f 2186/2445/3867 2226/2485/3867 2227/2486/3867
f 2226/2485/3868 2228/2487/3868 2227/2486/3868
f 2227/2486/3869 2228/2487/3869 2229/2488/3869
f 2230/2489/3870 2227/2486/3870 2229/2488/3870
f 2227/2486/3870 2230/2489/3870 2184/2443/3870
f 2231/2490/3871 2184/2443/3871 2230/2489/3871
f 2228/2487/3868 2226/2485/3868 2232/2491/3868
f 2232/2491/3872 2226/2485/3872 2233/2492/3872
f 2186/2445/3873 2212/2471/3873 2224/2483/3873
f 2225/2484/3874 2233/2492/3874 2226/2485/3874
f 2233/2492/3875 2225/2484/3875 2234/2493/3875
f 2234/2493/3876 2225/2484/3876 2235/2494/3876
f 2236/2495/3877 2235/2494/3877 2225/2484/3877
f 2222/2481/3878 2236/2495/3878 2225/2484/3878
f 2236/2495/3879 2237/2496/3879 2235/2494/3879
f 2236/2495/3880 2238/2497/3880 2237/2496/3880
f 2236/2495/3881 2239/2498/3881 2238/2497/3881
f 2240/2499/3882 2238/2497/3882 2239/2498/3882
f 2239/2498/3883 2241/2500/3883 2240/2499/3883
f 2242/2501/3884 2241/2500/3884 2239/2498/3884
f 2221/2480/3885 2242/2501/3885 2239/2498/3885
f 2221/2480/3886 2243/2502/3886 2242/2501/3886
f 2243/2502/3887 2244/2503/3887 2242/2501/3887
f 2244/2503/3888 2245/2504/3888 2242/2501/3888
f 2246/2505/3889 2242/2501/3889 2245/2504/3889
f 2245/2504/3890 2244/2503/3890 2247/2506/3890
f 2247/2506/3891 2244/2503/3891 2248/2507/3891
f 2249/2508/3892 2248/2507/3892 2244/2503/3892
f 2249/2508/3893 2244/2503/3893 2250/2509/3893
f 2249/2508/3894 2250/2509/3894 2251/2510/3894
f 2249/2508/3895 2251/2510/3895 2252/2511/3895
f 2249/2508/3896 2252/2511/3896 2253/2512/3896
f 2253/2512/3897 2254/2513/3897 2249/2508/3897
f 2249/2508/3898 2254/2513/3898 2255/2514/3898
f 2254/2513/3899 2253/2512/3899 2256/2515/3899
f 2251/2510/3900 2257/2516/3900 2252/2511/3900
f 2251/2510/3901 2258/2517/3901 2257/2516/3901
f 2257/2516/3902 2258/2517/3902 2259/2518/3902
f 2257/2516/3903 2259/2518/3903 2260/2519/3903
f 2261/2520/3904 2260/2519/3904 2259/2518/3904
f 2261/2520/3905 2259/2518/3905 2262/2521/3905
f 2261/2520/3906 2262/2521/3906 2263/2522/3906
f 2261/2520/3907 2263/2522/3907 2264/2523/3907
f 2265/2524/3908 2264/2523/3908 2263/2522/3908
f 2265/2524/3909 2263/2522/3909 2266/2525/3909
f 2266/2525/3910 2267/2526/3910 2265/2524/3910
f 2268/2527/3911 2265/2524/3911 2267/2526/3911
f 2266/2525/3912 2269/2528/3912 2267/2526/3912
f 2269/2528/3913 2266/2525/3913 2270/2529/3913
f 2269/2528/3914 2270/2529/3914 2271/2530/3914
f 2271/2530/3915 2270/2529/3915 2272/2531/3915
f 2271/2530/3916 2272/2531/3916 2273/2532/3916
f 2274/2533/3917 2273/2532/3917 2272/2531/3917
f 2275/2534/3918 2274/2533/3918 2272/2531/3918
f 2276/2535/3919 2275/2534/3919 2272/2531/3919
f 2277/2536/3920 2275/2534/3920 2276/2535/3920
f 2277/2536/3921 2276/2535/3921 2278/2537/3921
f 2279/2538/3922 2277/2536/3922 2278/2537/3922
f 2279/2538/3923 2278/2537/3923 2280/2539/3923
f 2281/2540/3924 2279/2538/3924 2280/2539/3924
f 2281/2540/3925 2280/2539/3925 2259/2518/3925
f 2281/2540/3926 2282/2541/3926 2279/2538/3926
f 2282/2541/3927 2218/2477/3927 2279/2538/3927
f 2282/2541/3928 2281/2540/3928 2250/2509/3928
f 2282/2541/3929 2250/2509/3929 2243/2502/3929
f 2280/2539/3930 2278/2537/3930 2262/2521/3930
f 2218/2477/3931 2277/2536/3931 2279/2538/3931
f 2218/2477/3932 2283/2542/3932 2277/2536/3932
f 2262/2521/3933 2278/2537/3933 2276/2535/3933
f 2283/2542/3934 2275/2534/3934 2277/2536/3934
f 2283/2542/3935 2284/2543/3935 2275/2534/3935
f 2217/2476/3936 2284/2543/3936 2283/2542/3936
f 2217/2476/3937 2285/2544/3937 2284/2543/3937
f 2286/2545/3938 2284/2543/3938 2285/2544/3938
f 2286/2545/3939 2285/2544/3939 2287/2546/3939
f 2286/2545/3940 2287/2546/3940 2288/2547/3940
f 2288/2547/3941 2289/2548/3941 2286/2545/3941
f 2286/2545/3942 2289/2548/3942 2290/2549/3942
f 2286/2545/3943 2290/2549/3943 2274/2533/3943
f 2288/2547/3944 2291/2550/3944 2289/2548/3944
f 2288/2547/3945 2292/2551/3945 2291/2550/3945
f 2288/2547/3946 2207/2466/3946 2292/2551/3946
f 2204/2463/3947 2292/2551/3947 2207/2466/3947
f 2288/2547/3948 2287/2546/3948 2208/2467/3948
f 2208/2467/3949 2287/2546/3949 2216/2475/3949
f 2286/2545/3950 2274/2533/3950 2284/2543/3950
f 2287/2546/3951 2285/2544/3951 2217/2476/3951
f 2275/2534/3952 2284/2543/3952 2274/2533/3952
f 2274/2533/3953 2290/2549/3953 2273/2532/3953
f 2276/2535/3954 2272/2531/3954 2270/2529/3954
f 2266/2525/3955 2276/2535/3955 2270/2529/3955
f 2266/2525/3956 2263/2522/3956 2276/2535/3956
f 2262/2521/3957 2276/2535/3957 2263/2522/3957
f 2280/2539/3958 2262/2521/3958 2259/2518/3958
f 2281/2540/3959 2259/2518/3959 2258/2517/3959
f 2251/2510/3960 2281/2540/3960 2258/2517/3960
f 2251/2510/3961 2250/2509/3961 2281/2540/3961
f 2248/2507/3962 2249/2508/3962 2255/2514/3962
f 2243/2502/3963 2250/2509/3963 2244/2503/3963
f 2282/2541/3964 2243/2502/3964 2221/2480/3964
f 2241/2500/3965 2242/2501/3965 2246/2505/3965
f 2221/2480/3966 2239/2498/3966 2236/2495/3966
f 2222/2481/3967 2225/2484/3967 2223/2482/3967
f 2221/2480/3968 2236/2495/3968 2222/2481/3968
f 2282/2541/3969 2221/2480/3969 2220/2479/3969
f 2282/2541/3970 2220/2479/3970 2218/2477/3970
f 2217/2476/3971 2283/2542/3971 2218/2477/3971
f 2287/2546/3972 2217/2476/3972 2216/2475/3972
f 2215/2474/3973 2219/2478/3973 2213/2472/3973
f 2224/2483/3974 2212/2471/3974 2213/2472/3974
f 2214/2473/3975 2211/2470/3975 2210/2469/3975
f 2208/2467/3976 2216/2475/3976 2210/2469/3976
f 2191/2450/3977 2206/2465/3977 2209/2468/3977
f 2191/2450/3978 2293/2552/3978 2206/2465/3978
f 2288/2547/3979 2208/2467/3979 2207/2466/3979
f 2206/2465/3980 2293/2552/3980 2202/2461/3980
f 2202/2461/3981 2293/2552/3981 2193/2452/3981
f 2204/2463/3982 2207/2466/3982 2205/2464/3982
f 2202/2461/3983 2193/2452/3983 2198/2457/3983
f 2193/2452/3984 2293/2552/3984 2191/2450/3984
f 2190/2449/3985 2197/2456/3985 2192/2451/3985
f 2190/2449/3986 2176/2435/3986 2197/2456/3986
f 2191/2450/3987 2209/2468/3987 2189/2448/3987
f 2190/2449/3988 2188/2447/3988 2176/2435/3988
f 2212/2471/3989 2187/2446/3989 2189/2448/3989
f 2188/2447/3990 2185/2444/3990 2177/2436/3990
f 2186/2445/3991 2187/2446/3991 2212/2471/3991
f 2186/2445/3992 2227/2486/3992 2184/2443/3992
f 2184/2443/3993 2231/2490/3993 2183/2442/3993
f 2185/2444/3994 2179/2438/3994 2177/2436/3994
f 2188/2447/3995 2177/2436/3995 2176/2435/3995
f 2197/2456/3996 2176/2435/3996 2175/2434/3996
f 2200/2553/3997 2201/2554/3997 2294/2555/3997
f 2200/2553/3998 2294/2555/3998 2295/2556/3998
f 2295/2556/3999 2203/2557/3999 2200/2553/3999
f 2295/2556/4000 2296/2558/4000 2203/2557/4000
f 2204/2559/4001 2203/2557/4001 2296/2558/4001
f 2204/2559/4002 2296/2558/4002 2297/2560/4002
f 2298/2561/4003 2204/2559/4003 2297/2560/4003
f 2299/2562/4004 2298/2561/4004 2297/2560/4004
f 2299/2562/4005 2297/2560/4005 2300/2563/4005
f 2301/2564/4006 2299/2562/4006 2300/2563/4006
f 2301/2564/4007 2300/2563/4007 2302/2565/4007
f 2119/2566/4008 2301/2564/4008 2302/2565/4008
f 2119/2566/4009 2302/2565/4009 2303/2567/4009
f 2119/2566/4010 2303/2567/4010 2120/2568/4010
f 2304/2569/4011 2120/2568/4011 2303/2567/4011
f 2304/2569/4012 2303/2567/4012 2305/2570/4012
f 2304/2569/4013 2305/2570/4013 2306/2571/4013
f 2307/2572/4014 2304/2569/4014 2306/2571/4014
f 2294/2555/4015 2307/2572/4015 2306/2571/4015
f 2307/2572/4016 2308/2573/4016 2304/2569/4016
f 2304/2569/4017 2308/2573/4017 2143/2574/4017
f 2304/2569/4018 2143/2574/4018 2144/2575/4018
f 2295/2556/4019 2306/2571/4019 2305/2570/4019
f 2304/2569/4020 2144/2575/4020 2120/2568/4020
f 2302/2565/4021 2305/2570/4021 2303/2567/4021
f 2119/2566/4022 2117/2576/4022 2301/2564/4022
f 2117/2576/4023 2309/2577/4023 2301/2564/4023
f 2117/2576/4024 2145/2578/4024 2309/2577/4024
f 2145/2578/4025 2310/2579/4025 2309/2577/4025
f 2311/2580/4026 2309/2577/4026 2310/2579/4026
f 2311/2580/4027 2310/2579/4027 2312/2581/4027
f 2313/2582/4028 2311/2580/4028 2312/2581/4028
f 2314/2583/4029 2313/2582/4029 2312/2581/4029
f 2314/2583/4030 2312/2581/4030 2315/2584/4030
f 2315/2584/4031 2316/2585/4031 2314/2583/4031
f 2290/2586/4032 2314/2583/4032 2316/2585/4032
f 2290/2586/4033 2316/2585/4033 2273/2587/4033
f 2273/2587/4034 2316/2585/4034 2317/2588/4034
f 2273/2587/4035 2317/2588/4035 2271/2589/4035
f 2269/2590/4036 2271/2589/4036 2317/2588/4036
f 2269/2590/4037 2317/2588/4037 2318/2591/4037
f 2267/2592/4038 2269/2590/4038 2318/2591/4038
f 2267/2592/4039 2318/2591/4039 2319/2593/4039
f 2268/2594/4040 2267/2592/4040 2319/2593/4040
f 2268/2594/4041 2319/2593/4041 2320/2595/4041
f 2321/2596/4042 2320/2595/4042 2319/2593/4042
f 2319/2593/4043 2322/2597/4043 2321/2596/4043
f 2323/2598/4044 2321/2596/4044 2322/2597/4044
f 2323/2598/4045 2322/2597/4045 2324/2599/4045
f 2323/2598/4046 2324/2599/4046 2151/2600/4046
f 2323/2598/4047 2151/2600/4047 2153/2601/4047
f 2155/2602/4048 2323/2598/4048 2153/2601/4048
f 2155/2602/4049 2325/2603/4049 2323/2598/4049
f 2326/2604/4050 2325/2603/4050 2155/2602/4050
f 2326/2604/4051 2155/2602/4051 2157/2605/4051
f 2327/2606/4052 2325/2603/4052 2326/2604/4052
f 2327/2606/4053 2328/2607/4053 2325/2603/4053
f 2321/2596/4054 2325/2603/4054 2328/2607/4054
f 2320/2595/4055 2328/2607/4055 2327/2606/4055
f 2150/2608/4056 2151/2600/4056 2324/2599/4056
f 2150/2608/4057 2324/2599/4057 2329/2609/4057
f 2329/2609/4058 2148/2610/4058 2150/2608/4058
f 2329/2609/4059 2330/2611/4059 2148/2610/4059
f 2331/2612/4060 2148/2610/4060 2330/2611/4060
f 2315/2584/4061 2331/2612/4061 2330/2611/4061
f 2315/2584/4062 2330/2611/4062 2332/2613/4062
f 2331/2612/4063 2147/2614/4063 2148/2610/4063
f 2310/2579/4064 2147/2614/4064 2331/2612/4064
f 2310/2579/4065 2146/2615/4065 2147/2614/4065
f 2329/2609/4066 2332/2613/4066 2330/2611/4066
f 2329/2609/4067 2333/2616/4067 2332/2613/4067
f 2317/2588/4068 2332/2613/4068 2333/2616/4068
f 2322/2597/4069 2317/2588/4069 2333/2616/4069
f 2324/2599/4070 2333/2616/4070 2329/2609/4070
f 2324/2599/4071 2322/2597/4071 2333/2616/4071
f 2321/2596/4072 2323/2598/4072 2325/2603/4072
f 2321/2596/4073 2328/2607/4073 2320/2595/4073
f 2319/2593/4074 2318/2591/4074 2322/2597/4074
f 2322/2597/4075 2318/2591/4075 2317/2588/4075
f 2317/2588/4076 2316/2585/4076 2332/2613/4076
f 2289/2617/4077 2314/2583/4077 2290/2586/4077
f 2315/2584/4078 2332/2613/4078 2316/2585/4078
f 2312/2581/4079 2331/2612/4079 2315/2584/4079
f 2289/2617/4080 2313/2582/4080 2314/2583/4080
f 2291/2618/4081 2313/2582/4081 2289/2617/4081
f 2291/2618/4082 2334/2619/4082 2313/2582/4082
f 2334/2619/4083 2291/2618/4083 2292/2620/4083
f 2334/2619/4084 2292/2620/4084 2298/2561/4084
f 2313/2582/4085 2334/2619/4085 2311/2580/4085
f 2334/2619/4086 2299/2562/4086 2311/2580/4086
f 2312/2581/4087 2310/2579/4087 2331/2612/4087
f 2299/2562/4088 2309/2577/4088 2311/2580/4088
f 2145/2578/4089 2146/2615/4089 2310/2579/4089
f 2302/2565/4090 2300/2563/4090 2305/2570/4090
f 2299/2562/4091 2301/2564/4091 2309/2577/4091
f 2297/2560/4092 2305/2570/4092 2300/2563/4092
f 2334/2619/4093 2298/2561/4093 2299/2562/4093
f 2298/2561/4094 2292/2620/4094 2204/2559/4094
f 2297/2560/4095 2296/2558/4095 2305/2570/4095
f 2295/2556/4096 2305/2570/4096 2296/2558/4096
f 2294/2555/4097 2306/2571/4097 2295/2556/4097
usemtl material_0.005
f 2335/2621/4098 2336/2622/4098 2337/2623/4098
f 2337/2623/4099 2338/2624/4099 2335/2621/4099
f 2339/2625/4100 2335/2621/4100 2338/2624/4100
f 2340/2626/4101 2339/2625/4101 2338/2624/4101
f 2338/2624/4102 2341/2627/4102 2340/2626/4102
f 2340/2626/4103 2341/2627/4103 2342/2628/4103
f 2342/2628/4104 2343/2629/4104 2340/2626/4104
f 2343/2629/4105 2344/2630/4105 2340/2626/4105
f 2340/2626/4106 2344/2630/4106 2345/2631/4106
f 2346/2632/4107 2345/2631/4107 2344/2630/4107
f 2346/2632/4108 2344/2630/4108 2347/2633/4108
f 2347/2633/4109 2348/2634/4109 2346/2632/4109
f 2346/2632/4110 2348/2634/4110 2349/2635/4110
f 2346/2632/4111 2349/2635/4111 2350/2636/4111
f 2350/2636/4112 2349/2635/4112 2351/2637/4112
f 2351/2637/4113 2352/2638/4113 2350/2636/4113
f 2350/2636/4114 2352/2638/4114 2345/2631/4114
f 2345/2631/4115 2352/2638/4115 2339/2625/4115
f 2353/2639/4116 2339/2625/4116 2352/2638/4116
f 2353/2639/4117 2352/2638/4117 2354/2640/4117
f 2355/2641/4118 2353/2639/4118 2354/2640/4118
f 2356/2642/4119 2355/2641/4119 2354/2640/4119
f 2356/2642/4120 2354/2640/4120 2357/2643/4120
f 2357/2643/4121 2358/2644/4121 2356/2642/4121
f 2356/2642/4122 2358/2644/4122 2359/2645/4122
f 2359/2645/4123 2360/2646/4123 2356/2642/4123
f 2361/2647/4124 2360/2646/4124 2359/2645/4124
f 2359/2645/4125 2362/2648/4125 2361/2647/4125
f 2362/2648/4126 2363/2649/4126 2361/2647/4126
f 2364/2650/4127 2361/2647/4127 2363/2649/4127
f 2365/2651/4128 2363/2649/4128 2362/2648/4128
f 2362/2648/4129 2366/2652/4129 2365/2651/4129
f 2367/2653/4130 2366/2652/4130 2362/2648/4130
f 2367/2653/4131 2362/2648/4131 2368/2654/4131
f 2368/2654/4132 2369/2655/4132 2367/2653/4132
f 2369/2655/4133 2370/2656/4133 2367/2653/4133
f 2371/2657/4134 2370/2656/4134 2369/2655/4134
f 2369/2655/4135 2372/2658/4135 2371/2657/4135
f 2372/2658/4136 2373/2659/4136 2371/2657/4136
f 2371/2657/4137 2373/2659/4137 2374/2660/4137
f 2374/2660/4138 2375/2661/4138 2371/2657/4138
f 2376/2662/4139 2375/2661/4139 2374/2660/4139
f 2374/2660/4140 2377/2663/4140 2376/2662/4140
f 2378/2664/4141 2377/2663/4141 2374/2660/4141
f 2378/2664/4142 2379/2665/4142 2377/2663/4142
f 2380/2666/4143 2379/2665/4143 2378/2664/4143
f 2378/2664/4144 2381/2667/4144 2380/2666/4144
f 2380/2666/4145 2381/2667/4145 2382/2668/4145
f 2382/2668/4146 2383/2669/4146 2380/2666/4146
f 2383/2669/4147 2382/2668/4147 2384/2670/4147
f 2384/2670/4148 2382/2668/4148 2385/2671/4148
f 2382/2668/4149 2386/2672/4149 2385/2671/4149
f 2385/2671/4150 2386/2672/4150 2387/2673/4150
f 2388/2674/4151 2387/2673/4151 2386/2672/4151
f 2381/2667/4152 2388/2674/4152 2386/2672/4152
f 2389/2675/4153 2388/2674/4153 2381/2667/4153
f 2381/2667/4154 2390/2676/4154 2389/2675/4154
f 2389/2675/4155 2390/2676/4155 2391/2677/4155
f 2392/2678/4156 2389/2675/4156 2391/2677/4156
f 2391/2677/4157 2393/2679/4157 2392/2678/4157
f 2393/2679/4158 2394/2680/4158 2392/2678/4158
f 2394/2680/4159 2395/2681/4159 2392/2678/4159
f 2392/2678/4160 2395/2681/4160 2388/2674/4160
f 2396/2682/4161 2394/2680/4161 2393/2679/4161
f 2397/2683/4162 2396/2682/4162 2393/2679/4162
f 2397/2683/4163 2393/2679/4163 2398/2684/4163
f 2397/2683/4164 2398/2684/4164 2399/2685/4164
f 2399/2685/4165 2400/2686/4165 2397/2683/4165
f 2397/2683/4166 2400/2686/4166 2401/2687/4166
f 2402/2688/4167 2401/2687/4167 2400/2686/4167
f 2399/2685/4168 2398/2684/4168 2403/2689/4168
f 2404/2690/4169 2403/2689/4169 2398/2684/4169
f 2398/2684/4170 2405/2691/4170 2404/2690/4170
f 2405/2691/4171 2406/2692/4171 2404/2690/4171
f 2404/2690/4172 2406/2692/4172 2407/2693/4172
f 2407/2693/4173 2408/2694/4173 2404/2690/4173
f 2409/2695/4174 2408/2694/4174 2407/2693/4174
f 2409/2695/4175 2407/2693/4175 2410/2696/4175
f 2410/2696/4176 2407/2693/4176 2411/2697/4176
f 2410/2696/4177 2411/2697/4177 2412/2698/4177
f 2412/2698/4178 2411/2697/4178 2413/2699/4178
f 2412/2698/4179 2413/2699/4179 2414/2700/4179
f 2414/2700/4180 2413/2699/4180 2415/2701/4180
f 2415/2701/4181 2416/2702/4181 2414/2700/4181
f 2414/2700/4182 2416/2702/4182 2417/2703/4182
f 2418/2704/4183 2417/2703/4183 2416/2702/4183
f 2419/2705/4184 2418/2704/4184 2416/2702/4184
f 2419/2705/4185 2416/2702/4185 2420/2706/4185
f 2421/2707/4186 2419/2705/4186 2420/2706/4186
f 2421/2707/4187 2420/2706/4187 2422/2708/4187
f 2423/2709/4188 2421/2707/4188 2422/2708/4188
f 2424/2710/4189 2423/2709/4189 2422/2708/4189
f 2422/2708/4190 2425/2711/4190 2424/2710/4190
f 2425/2711/4191 2426/2712/4191 2424/2710/4191
f 2426/2712/4192 2427/2713/4192 2424/2710/4192
f 2428/2714/4193 2427/2713/4193 2426/2712/4193
f 2429/2715/4194 2428/2714/4194 2426/2712/4194
f 2429/2715/4195 2426/2712/4195 2405/2691/4195
f 2405/2691/4196 2430/2716/4196 2429/2715/4196
f 2429/2715/4197 2430/2716/4197 2391/2677/4197
f 2390/2676/4198 2428/2714/4198 2429/2715/4198
f 2428/2714/4199 2390/2676/4199 2373/2659/4199
f 2373/2659/4200 2390/2676/4200 2431/2717/4200
f 2431/2717/4201 2378/2664/4201 2373/2659/4201
f 2428/2714/4202 2373/2659/4202 2427/2713/4202
f 2406/2692/4203 2426/2712/4203 2425/2711/4203
f 2411/2697/4204 2406/2692/4204 2425/2711/4204
f 2432/2718/4205 2425/2711/4205 2422/2708/4205
f 2413/2699/4206 2425/2711/4206 2432/2718/4206
f 2420/2706/4207 2413/2699/4207 2432/2718/4207
f 2427/2713/4208 2423/2709/4208 2424/2710/4208
f 2372/2658/4209 2423/2709/4209 2427/2713/4209
f 2433/2719/4210 2423/2709/4210 2372/2658/4210
f 2368/2654/4211 2423/2709/4211 2433/2719/4211
f 2434/2720/4212 2423/2709/4212 2368/2654/4212
f 2435/2721/4213 2434/2720/4213 2368/2654/4213
f 2436/2722/4214 2434/2720/4214 2435/2721/4214
f 2436/2722/4215 2435/2721/4215 2358/2644/4215
f 2358/2644/4216 2437/2723/4216 2436/2722/4216
f 2438/2724/4217 2437/2723/4217 2358/2644/4217
f 2358/2644/4218 2439/2725/4218 2438/2724/4218
f 2439/2725/4219 2440/2726/4219 2438/2724/4219
f 2419/2705/4220 2438/2724/4220 2440/2726/4220
f 2441/2727/4221 2440/2726/4221 2439/2725/4221
f 2441/2727/4222 2439/2725/4222 2349/2635/4222
f 2441/2727/4223 2418/2704/4223 2440/2726/4223
f 2442/2728/4224 2418/2704/4224 2441/2727/4224
f 2442/2728/4225 2441/2727/4225 2348/2634/4225
f 2443/2729/4226 2442/2728/4226 2348/2634/4226
f 2444/2730/4227 2442/2728/4227 2443/2729/4227
f 2444/2730/4228 2418/2704/4228 2442/2728/4228
f 2445/2731/4229 2418/2704/4229 2444/2730/4229
f 2437/2723/4230 2438/2724/4230 2419/2705/4230
f 2436/2722/4231 2437/2723/4231 2434/2720/4231
f 2434/2720/4232 2437/2723/4232 2421/2707/4232
f 2434/2720/4233 2421/2707/4233 2423/2709/4233
f 2422/2708/4234 2420/2706/4234 2432/2718/4234
f 2437/2723/4235 2419/2705/4235 2421/2707/4235
f 2440/2726/4236 2418/2704/4236 2419/2705/4236
f 2445/2731/4237 2417/2703/4237 2418/2704/4237
f 2420/2706/4238 2416/2702/4238 2415/2701/4238
f 2415/2701/4239 2413/2699/4239 2420/2706/4239
f 2411/2697/4240 2425/2711/4240 2413/2699/4240
f 2407/2693/4241 2406/2692/4241 2411/2697/4241
f 2405/2691/4242 2426/2712/4242 2406/2692/4242
f 2430/2716/4243 2405/2691/4243 2398/2684/4243
f 2408/2694/4244 2403/2689/4244 2404/2690/4244
f 2398/2684/4245 2393/2679/4245 2430/2716/4245
f 2401/2687/4246 2396/2682/4246 2397/2683/4246
f 2430/2716/4247 2393/2679/4247 2391/2677/4247
f 2391/2677/4248 2390/2676/4248 2429/2715/4248
f 2431/2717/4249 2390/2676/4249 2381/2667/4249
f 2388/2674/4250 2389/2675/4250 2392/2678/4250
f 2395/2681/4251 2387/2673/4251 2388/2674/4251
f 2382/2668/4252 2381/2667/4252 2386/2672/4252
f 2431/2717/4253 2381/2667/4253 2378/2664/4253
f 2380/2666/4254 2383/2669/4254 2379/2665/4254
f 2373/2659/4255 2378/2664/4255 2374/2660/4255
f 2427/2713/4256 2373/2659/4256 2372/2658/4256
f 2433/2719/4257 2372/2658/4257 2369/2655/4257
f 2375/2661/4258 2370/2656/4258 2371/2657/4258
f 2433/2719/4259 2369/2655/4259 2368/2654/4259
f 2368/2654/4260 2362/2648/4260 2435/2721/4260
f 2367/2653/4261 2370/2656/4261 2366/2652/4261
f 2435/2721/4262 2362/2648/4262 2359/2645/4262
f 2360/2646/4263 2361/2647/4263 2364/2650/4263
f 2446/2732/4264 2360/2646/4264 2364/2650/4264
f 2355/2641/4265 2360/2646/4265 2446/2732/4265
f 2355/2641/4266 2446/2732/4266 2447/2733/4266
f 2447/2733/4267 2446/2732/4267 2448/2734/4267
f 2448/2734/4268 2449/2735/4268 2447/2733/4268
f 2449/2735/4269 2450/2736/4269 2447/2733/4269
f 2447/2733/4270 2450/2736/4270 2353/2639/4270
f 2336/2622/4271 2450/2736/4271 2449/2735/4271
f 2451/2737/4272 2336/2622/4272 2449/2735/4272
f 2452/2738/4273 2336/2622/4273 2451/2737/4273
f 2336/2622/4274 2452/2738/4274 2453/2739/4274
f 2453/2739/4275 2452/2738/4275 2454/2740/4275
f 2454/2740/4276 2455/2741/4276 2453/2739/4276
f 2453/2739/4277 2455/2741/4277 2456/2742/4277
f 2457/2743/4278 2453/2739/4278 2456/2742/4278
f 2456/2742/4279 2458/2744/4279 2457/2743/4279
f 2459/2745/4280 2457/2743/4280 2458/2744/4280
f 2458/2744/4281 2460/2746/4281 2459/2745/4281
f 2460/2746/4282 2461/2747/4282 2459/2745/4282
f 2461/2747/4283 2462/2748/4283 2459/2745/4283
f 2463/2749/4284 2462/2748/4284 2461/2747/4284
f 2464/2750/4285 2463/2749/4285 2461/2747/4285
f 2461/2747/4286 2465/2751/4286 2464/2750/4286
f 2466/2752/4287 2464/2750/4287 2465/2751/4287
f 2467/2753/4288 2464/2750/4288 2466/2752/4288
f 2466/2752/4289 2468/2754/4289 2467/2753/4289
f 2468/2754/4290 2469/2755/4290 2467/2753/4290
f 2467/2753/4291 2469/2755/4291 2470/2756/4291
f 2470/2756/4292 2471/2757/4292 2467/2753/4292
f 2470/2756/4293 2472/2758/4293 2471/2757/4293
f 2471/2757/4294 2472/2758/4294 2473/2759/4294
f 2473/2759/4295 2342/2628/4295 2471/2757/4295
f 2471/2757/4296 2342/2628/4296 2463/2749/4296
f 2472/2758/4297 2474/2760/4297 2473/2759/4297
f 2473/2759/4298 2474/2760/4298 2343/2629/4298
f 2472/2758/4299 2475/2761/4299 2474/2760/4299
f 2474/2760/4300 2475/2761/4300 2476/2762/4300
f 2344/2630/4301 2474/2760/4301 2476/2762/4301
f 2476/2762/4302 2475/2761/4302 2477/2763/4302
f 2478/2764/4303 2476/2762/4303 2477/2763/4303
f 2347/2633/4304 2476/2762/4304 2478/2764/4304
f 2443/2729/4305 2347/2633/4305 2478/2764/4305
f 2479/2765/4306 2475/2761/4306 2472/2758/4306
f 2472/2758/4307 2470/2756/4307 2479/2765/4307
f 2479/2765/4308 2470/2756/4308 2469/2755/4308
f 2480/2766/4309 2468/2754/4309 2466/2752/4309
f 2467/2753/4310 2471/2757/4310 2464/2750/4310
f 2481/2767/4311 2465/2751/4311 2461/2747/4311
f 2471/2757/4312 2463/2749/4312 2464/2750/4312
f 2463/2749/4313 2341/2627/4313 2462/2748/4313
f 2341/2627/4314 2457/2743/4314 2462/2748/4314
f 2337/2623/4315 2457/2743/4315 2341/2627/4315
f 2481/2767/4316 2461/2747/4316 2460/2746/4316
f 2482/2768/4317 2460/2746/4317 2458/2744/4317
f 2458/2744/4318 2483/2769/4318 2482/2768/4318
f 2482/2768/4319 2483/2769/4319 2484/2770/4319
f 2484/2770/4320 2483/2769/4320 2485/2771/4320
f 2485/2771/4321 2483/2769/4321 2486/2772/4321
f 2456/2742/4322 2486/2772/4322 2483/2769/4322
f 2462/2748/4323 2457/2743/4323 2459/2745/4323
f 2483/2769/4324 2458/2744/4324 2456/2742/4324
f 2337/2623/4325 2453/2739/4325 2457/2743/4325
f 2455/2741/4326 2486/2772/4326 2456/2742/4326
f 2451/2737/4327 2449/2735/4327 2448/2734/4327
f 2358/2644/4328 2435/2721/4328 2359/2645/4328
f 2357/2643/4329 2439/2725/4329 2358/2644/4329
f 2487/2773/4330 2439/2725/4330 2357/2643/4330
f 2351/2637/4331 2439/2725/4331 2487/2773/4331
f 2357/2643/4332 2354/2640/4332 2487/2773/4332
f 2360/2646/4333 2355/2641/4333 2356/2642/4333
f 2447/2733/4334 2353/2639/4334 2355/2641/4334
f 2354/2640/4335 2352/2638/4335 2487/2773/4335
f 2450/2736/4336 2339/2625/4336 2353/2639/4336
f 2487/2773/4337 2352/2638/4337 2351/2637/4337
f 2349/2635/4338 2439/2725/4338 2351/2637/4338
f 2348/2634/4339 2441/2727/4339 2349/2635/4339
f 2348/2634/4340 2347/2633/4340 2443/2729/4340
f 2347/2633/4341 2344/2630/4341 2476/2762/4341
f 2350/2636/4342 2345/2631/4342 2346/2632/4342
f 2343/2629/4343 2474/2760/4343 2344/2630/4343
f 2473/2759/4344 2343/2629/4344 2342/2628/4344
f 2342/2628/4345 2341/2627/4345 2463/2749/4345
f 2345/2631/4346 2339/2625/4346 2340/2626/4346
f 2450/2736/4347 2335/2621/4347 2339/2625/4347
f 2341/2627/4348 2338/2624/4348 2337/2623/4348
f 2337/2623/4349 2336/2622/4349 2453/2739/4349
f 2335/2621/4350 2450/2736/4350 2336/2622/4350
f 2452/2774/4351 2451/2775/4351 2488/2776/4351
f 2452/2774/4352 2488/2776/4352 2454/2777/4352
f 2454/2777/4353 2488/2776/4353 2489/2778/4353
f 2489/2778/4354 2455/2779/4354 2454/2777/4354
f 2490/2780/4355 2455/2779/4355 2489/2778/4355
f 2490/2780/4356 2489/2778/4356 2491/2781/4356
f 2491/2781/4357 2492/2782/4357 2490/2780/4357
f 2490/2780/4358 2492/2782/4358 2493/2783/4358
f 2486/2784/4359 2490/2780/4359 2493/2783/4359
f 2494/2785/4360 2486/2784/4360 2493/2783/4360
f 2485/2786/4361 2486/2784/4361 2494/2785/4361
f 2492/2782/4362 2494/2785/4362 2493/2783/4362
f 2495/2787/4363 2494/2785/4363 2492/2782/4363
f 2495/2787/4364 2492/2782/4364 2496/2788/4364
f 2496/2788/4365 2492/2782/4365 2497/2789/4365
f 2497/2789/4366 2498/2790/4366 2496/2788/4366
f 2496/2788/4367 2498/2790/4367 2499/2791/4367
f 2500/2792/4368 2498/2790/4368 2497/2789/4368
f 2501/2793/4369 2498/2790/4369 2500/2792/4369
f 2502/2794/4370 2501/2793/4370 2500/2792/4370
f 2500/2792/4371 2491/2781/4371 2502/2794/4371
f 2502/2794/4372 2491/2781/4372 2503/2795/4372
f 2502/2794/4373 2503/2795/4373 2504/2796/4373
f 2504/2796/4374 2505/2797/4374 2502/2794/4374
f 2506/2798/4375 2505/2797/4375 2504/2796/4375
f 2504/2796/4376 2507/2799/4376 2506/2798/4376
f 2506/2798/4377 2507/2799/4377 2508/2800/4377
f 2509/2801/4378 2508/2800/4378 2507/2799/4378
f 2509/2801/4379 2507/2799/4379 2510/2802/4379
f 2510/2802/4380 2511/2803/4380 2509/2801/4380
f 2509/2801/4381 2511/2803/4381 2512/2804/4381
f 2509/2801/4382 2512/2804/4382 2513/2805/4382
f 2513/2805/4383 2512/2804/4383 2514/2806/4383
f 2515/2807/4384 2514/2806/4384 2512/2804/4384
f 2512/2804/4385 2516/2808/4385 2515/2807/4385
f 2517/2809/4386 2515/2807/4386 2516/2808/4386
f 2517/2809/4387 2516/2808/4387 2518/2810/4387
f 2519/2811/4388 2517/2809/4388 2518/2810/4388
f 2518/2810/4389 2365/2812/4389 2519/2811/4389
f 2366/2813/4390 2519/2811/4390 2365/2812/4390
f 2520/2814/4391 2519/2811/4391 2366/2813/4391
f 2370/2815/4392 2520/2814/4392 2366/2813/4392
f 2521/2816/4393 2520/2814/4393 2370/2815/4393
f 2370/2815/4394 2522/2817/4394 2521/2816/4394
f 2522/2817/4395 2523/2818/4395 2521/2816/4395
f 2521/2816/4396 2523/2818/4396 2524/2819/4396
f 2524/2819/4397 2525/2820/4397 2521/2816/4397
f 2525/2820/4398 2524/2819/4398 2526/2821/4398
f 2527/2822/4399 2525/2820/4399 2526/2821/4399
f 2526/2821/4400 2528/2823/4400 2527/2822/4400
f 2528/2823/4401 2529/2824/4401 2527/2822/4401
f 2527/2822/4402 2529/2824/4402 2530/2825/4402
f 2527/2822/4403 2530/2825/4403 2531/2826/4403
f 2531/2826/4404 2530/2825/4404 2517/2809/4404
f 2529/2824/4405 2532/2827/4405 2530/2825/4405
f 2530/2825/4406 2532/2827/4406 2515/2807/4406
f 2533/2828/4407 2528/2823/4407 2526/2821/4407
f 2526/2821/4408 2534/2829/4408 2533/2828/4408
f 2533/2828/4409 2534/2829/4409 2535/2830/4409
f 2534/2829/4410 2536/2831/4410 2535/2830/4410
f 2535/2830/4411 2536/2831/4411 2537/2832/4411
f 2538/2833/4412 2537/2832/4412 2536/2831/4412
f 2536/2831/4413 2539/2834/4413 2538/2833/4413
f 2540/2835/4414 2538/2833/4414 2539/2834/4414
f 2539/2834/4415 2541/2836/4415 2540/2835/4415
f 2540/2835/4416 2541/2836/4416 2542/2837/4416
f 2540/2835/4417 2542/2837/4417 2543/2838/4417
f 2543/2838/4418 2544/2839/4418 2540/2835/4418
f 2545/2840/4419 2544/2839/4419 2543/2838/4419
f 2543/2838/4420 2546/2841/4420 2545/2840/4420
f 2545/2840/4421 2546/2841/4421 2547/2842/4421
f 2545/2840/4422 2547/2842/4422 2548/2843/4422
f 2548/2843/4423 2547/2842/4423 2549/2844/4423
f 2547/2842/4424 2550/2845/4424 2549/2844/4424
f 2549/2844/4425 2550/2845/4425 2551/2846/4425
f 2547/2842/4426 2552/2847/4426 2550/2845/4426
f 2546/2841/4427 2552/2847/4427 2547/2842/4427
f 2546/2841/4428 2553/2848/4428 2552/2847/4428
f 2554/2849/4429 2553/2848/4429 2546/2841/4429
f 2554/2849/4430 2546/2841/4430 2555/2850/4430
f 2379/2851/4431 2554/2849/4431 2555/2850/4431
f 2379/2851/4432 2555/2850/4432 2377/2852/4432
f 2377/2852/4433 2555/2850/4433 2542/2837/4433
f 2383/2853/4434 2554/2849/4434 2379/2851/4434
f 2383/2853/4435 2384/2854/4435 2554/2849/4435
f 2554/2849/4436 2384/2854/4436 2553/2848/4436
f 2555/2850/4437 2546/2841/4437 2543/2838/4437
f 2548/2843/4438 2544/2839/4438 2545/2840/4438
f 2556/2855/4439 2544/2839/4439 2548/2843/4439
f 2557/2856/4440 2544/2839/4440 2556/2855/4440
f 2538/2833/4441 2544/2839/4441 2557/2856/4441
f 2543/2838/4442 2542/2837/4442 2555/2850/4442
f 2541/2836/4443 2377/2852/4443 2542/2837/4443
f 2376/2857/4444 2377/2852/4444 2541/2836/4444
f 2541/2836/4445 2375/2858/4445 2376/2857/4445
f 2522/2817/4446 2375/2858/4446 2541/2836/4446
f 2523/2818/4447 2541/2836/4447 2539/2834/4447
f 2544/2839/4448 2538/2833/4448 2540/2835/4448
f 2523/2818/4449 2539/2834/4449 2536/2831/4449
f 2557/2856/4450 2537/2832/4450 2538/2833/4450
f 2534/2829/4451 2523/2818/4451 2536/2831/4451
f 2531/2826/4452 2525/2820/4452 2527/2822/4452
f 2531/2826/4453 2520/2814/4453 2525/2820/4453
f 2526/2821/4454 2524/2819/4454 2534/2829/4454
f 2524/2819/4455 2523/2818/4455 2534/2829/4455
f 2522/2817/4456 2541/2836/4456 2523/2818/4456
f 2375/2858/4457 2522/2817/4457 2370/2815/4457
f 2521/2816/4458 2525/2820/4458 2520/2814/4458
f 2519/2811/4459 2520/2814/4459 2531/2826/4459
f 2363/2859/4460 2365/2812/4460 2518/2810/4460
f 2558/2860/4461 2363/2859/4461 2518/2810/4461
f 2364/2861/4462 2363/2859/4462 2558/2860/4462
f 2559/2862/4463 2364/2861/4463 2558/2860/4463
f 2559/2862/4464 2558/2860/4464 2511/2803/4464
f 2511/2803/4465 2558/2860/4465 2516/2808/4465
f 2446/2863/4466 2364/2861/4466 2559/2862/4466
f 2559/2862/4467 2448/2864/4467 2446/2863/4467
f 2560/2865/4468 2448/2864/4468 2559/2862/4468
f 2559/2862/4469 2510/2802/4469 2560/2865/4469
f 2510/2802/4470 2561/2866/4470 2560/2865/4470
f 2560/2865/4471 2561/2866/4471 2562/2867/4471
f 2563/2868/4472 2562/2867/4472 2561/2866/4472
f 2561/2866/4473 2507/2799/4473 2563/2868/4473
f 2488/2776/4474 2562/2867/4474 2563/2868/4474
f 2563/2868/4475 2503/2795/4475 2488/2776/4475
f 2560/2865/4476 2562/2867/4476 2448/2864/4476
f 2448/2864/4477 2562/2867/4477 2451/2775/4477
f 2531/2826/4478 2517/2809/4478 2519/2811/4478
f 2518/2810/4479 2516/2808/4479 2558/2860/4479
f 2530/2825/4480 2515/2807/4480 2517/2809/4480
f 2532/2827/4481 2514/2806/4481 2515/2807/4481
f 2511/2803/4482 2516/2808/4482 2512/2804/4482
f 2511/2803/4483 2510/2802/4483 2559/2862/4483
f 2510/2802/4484 2507/2799/4484 2561/2866/4484
f 2513/2805/4485 2508/2800/4485 2509/2801/4485
f 2563/2868/4486 2507/2799/4486 2504/2796/4486
f 2504/2796/4487 2503/2795/4487 2563/2868/4487
f 2505/2797/4488 2501/2793/4488 2502/2794/4488
f 2497/2789/4489 2492/2782/4489 2500/2792/4489
f 2500/2792/4490 2492/2782/4490 2491/2781/4490
f 2491/2781/4491 2489/2778/4491 2503/2795/4491
f 2455/2779/4492 2490/2780/4492 2486/2784/4492
f 2488/2776/4493 2503/2795/4493 2489/2778/4493
f 2488/2776/4494 2451/2775/4494 2562/2867/4494
f 2564/2869/4495 2565/2870/4495 2566/2871/4495
f 2566/2871/4496 2567/2872/4496 2564/2869/4496
f 2564/2869/4497 2567/2872/4497 2568/2873/4497
f 2568/2873/4498 2468/2874/4498 2564/2869/4498
f 2480/2875/4499 2564/2869/4499 2468/2874/4499
f 2469/2876/4500 2468/2874/4500 2568/2873/4500
f 2568/2873/4501 2569/2877/4501 2469/2876/4501
f 2469/2876/4502 2569/2877/4502 2479/2878/4502
f 2570/2879/4503 2479/2878/4503 2569/2877/4503
f 2571/2880/4504 2570/2879/4504 2569/2877/4504
f 2569/2877/4505 2567/2872/4505 2571/2880/4505
f 2567/2872/4506 2572/2881/4506 2571/2880/4506
f 2571/2880/4507 2572/2881/4507 2573/2882/4507
f 2574/2883/4508 2571/2880/4508 2573/2882/4508
f 2574/2883/4509 2573/2882/4509 2575/2884/4509
f 2574/2883/4510 2575/2884/4510 2576/2885/4510
f 2577/2886/4511 2574/2883/4511 2576/2885/4511
f 2578/2887/4512 2577/2886/4512 2576/2885/4512
f 2578/2887/4513 2576/2885/4513 2579/2888/4513
f 2580/2889/4514 2578/2887/4514 2579/2888/4514
f 2580/2889/4515 2579/2888/4515 2581/2890/4515
f 2581/2890/4516 2582/2891/4516 2580/2889/4516
f 2582/2891/4517 2583/2892/4517 2580/2889/4517
f 2580/2889/4518 2583/2892/4518 2584/2893/4518
f 2583/2892/4519 2585/2894/4519 2584/2893/4519
f 2584/2893/4520 2585/2894/4520 2586/2895/4520
f 2586/2895/4521 2587/2896/4521 2584/2893/4521
f 2584/2893/4522 2587/2896/4522 2578/2887/4522
f 2586/2895/4523 2588/2897/4523 2587/2896/4523
f 2588/2897/4524 2589/2898/4524 2587/2896/4524
f 2587/2896/4525 2589/2898/4525 2577/2886/4525
f 2589/2898/4526 2570/2879/4526 2577/2886/4526
f 2577/2886/4527 2570/2879/4527 2590/2899/4527
f 2589/2898/4528 2475/2900/4528 2570/2879/4528
f 2477/2901/4529 2475/2900/4529 2589/2898/4529
f 2588/2897/4530 2477/2901/4530 2589/2898/4530
f 2478/2902/4531 2477/2901/4531 2588/2897/4531
f 2588/2897/4532 2443/2903/4532 2478/2902/4532
f 2591/2904/4533 2443/2903/4533 2588/2897/4533
f 2443/2903/4534 2591/2904/4534 2444/2905/4534
f 2444/2905/4535 2591/2904/4535 2592/2906/4535
f 2444/2905/4536 2592/2906/4536 2445/2907/4536
f 2445/2907/4537 2592/2906/4537 2593/2908/4537
f 2445/2907/4538 2593/2908/4538 2417/2909/4538
f 2417/2909/4539 2593/2908/4539 2594/2910/4539
f 2595/2911/4540 2417/2909/4540 2594/2910/4540
f 2594/2910/4541 2596/2912/4541 2595/2911/4541
f 2595/2911/4542 2596/2912/4542 2597/2913/4542
f 2598/2914/4543 2595/2911/4543 2597/2913/4543
f 2599/2915/4544 2598/2914/4544 2597/2913/4544
f 2600/2916/4545 2598/2914/4545 2599/2915/4545
f 2601/2917/4546 2600/2916/4546 2599/2915/4546
f 2602/2918/4547 2601/2917/4547 2599/2915/4547
f 2602/2918/4548 2599/2915/4548 2596/2912/4548
f 2603/2919/4549 2602/2918/4549 2596/2912/4549
f 2604/2920/4550 2602/2918/4550 2603/2919/4550
f 2604/2920/4551 2603/2919/4551 2583/2892/4551
f 2604/2920/4552 2605/2921/4552 2602/2918/4552
f 2606/2922/4553 2605/2921/4553 2604/2920/4553
f 2604/2920/4554 2582/2891/4554 2606/2922/4554
f 2607/2923/4555 2606/2922/4555 2582/2891/4555
f 2608/2924/4556 2606/2922/4556 2607/2923/4556
f 2609/2925/4557 2608/2924/4557 2607/2923/4557
f 2609/2925/4558 2607/2923/4558 2610/2926/4558
f 2609/2925/4559 2610/2926/4559 2611/2927/4559
f 2611/2927/4560 2612/2928/4560 2609/2925/4560
f 2613/2929/4561 2612/2928/4561 2611/2927/4561
f 2613/2929/4562 2611/2927/4562 2614/2930/4562
f 2614/2930/4563 2615/2931/4563 2613/2929/4563
f 2613/2929/4564 2615/2931/4564 2616/2932/4564
f 2615/2931/4565 2617/2933/4565 2616/2932/4565
f 2616/2932/4566 2617/2933/4566 2618/2934/4566
f 2618/2934/4567 2619/2935/4567 2616/2932/4567
f 2612/2928/4568 2616/2932/4568 2619/2935/4568
f 2612/2928/4569 2619/2935/4569 2608/2924/4569
f 2608/2924/4570 2619/2935/4570 2620/2936/4570
f 2619/2935/4571 2621/2937/4571 2620/2936/4571
f 2620/2936/4572 2621/2937/4572 2622/2938/4572
f 2620/2936/4573 2622/2938/4573 2605/2921/4573
f 2605/2921/4574 2622/2938/4574 2601/2917/4574
f 2622/2938/4575 2623/2939/4575 2601/2917/4575
f 2624/2940/4576 2623/2939/4576 2622/2938/4576
f 2623/2939/4577 2624/2940/4577 2625/2941/4577
f 2623/2939/4578 2625/2941/4578 2600/2916/4578
f 2600/2916/4579 2625/2941/4579 2626/2942/4579
f 2625/2941/4580 2627/2943/4580 2626/2942/4580
f 2626/2942/4581 2627/2943/4581 2628/2944/4581
f 2629/2945/4582 2626/2942/4582 2628/2944/4582
f 2629/2945/4583 2628/2944/4583 2630/2946/4583
f 2631/2947/4584 2629/2945/4584 2630/2946/4584
f 2631/2947/4585 2630/2946/4585 2632/2948/4585
f 2403/2949/4586 2631/2947/4586 2632/2948/4586
f 2633/2950/4587 2403/2949/4587 2632/2948/4587
f 2633/2950/4588 2632/2948/4588 2634/2951/4588
f 2634/2951/4589 2635/2952/4589 2633/2950/4589
f 2633/2950/4590 2635/2952/4590 2636/2953/4590
f 2636/2953/4591 2399/2954/4591 2633/2950/4591
f 2400/2955/4592 2399/2954/4592 2636/2953/4592
f 2400/2955/4593 2636/2953/4593 2402/2956/4593
f 2402/2956/4594 2636/2953/4594 2637/2957/4594
f 2636/2953/4595 2635/2952/4595 2637/2957/4595
f 2637/2957/4596 2635/2952/4596 2638/2958/4596
f 2635/2952/4597 2639/2959/4597 2638/2958/4597
f 2638/2958/4598 2639/2959/4598 2640/2960/4598
f 2639/2959/4599 2641/2961/4599 2640/2960/4599
f 2642/2962/4600 2641/2961/4600 2639/2959/4600
f 2642/2962/4601 2639/2959/4601 2643/2963/4601
f 2643/2963/4602 2644/2964/4602 2642/2962/4602
f 2642/2962/4603 2644/2964/4603 2645/2965/4603
f 2645/2965/4604 2646/2966/4604 2642/2962/4604
f 2645/2965/4605 2647/2967/4605 2646/2966/4605
f 2648/2968/4606 2647/2967/4606 2645/2965/4606
f 2648/2968/4607 2649/2969/4607 2647/2967/4607
f 2647/2967/4608 2649/2969/4608 2650/2970/4608
f 2649/2969/4609 2651/2971/4609 2650/2970/4609
f 2652/2972/4610 2651/2971/4610 2649/2969/4610
f 2653/2973/4611 2652/2972/4611 2649/2969/4611
f 2653/2973/4612 2649/2969/4612 2654/2974/4612
f 2655/2975/4613 2653/2973/4613 2654/2974/4613
f 2655/2975/4614 2654/2974/4614 2656/2976/4614
f 2657/2977/4615 2655/2975/4615 2656/2976/4615
f 2656/2976/4616 2658/2978/4616 2657/2977/4616
f 2657/2977/4617 2658/2978/4617 2659/2979/4617
f 2627/2943/4618 2657/2977/4618 2659/2979/4618
f 2660/2980/4619 2657/2977/4619 2627/2943/4619
f 2660/2980/4620 2661/2981/4620 2657/2977/4620
f 2657/2977/4621 2661/2981/4621 2662/2982/4621
f 2661/2981/4622 2663/2983/4622 2662/2982/4622
f 2662/2982/4623 2663/2983/4623 2664/2984/4623
f 2665/2985/4624 2662/2982/4624 2664/2984/4624
f 2666/2986/4625 2665/2985/4625 2664/2984/4625
f 2667/2987/4626 2665/2985/4626 2666/2986/4626
f 2668/2988/4627 2667/2987/4627 2666/2986/4627
f 2666/2986/4628 2669/2989/4628 2668/2988/4628
f 2670/2990/4629 2669/2989/4629 2666/2986/4629
f 2666/2986/4630 2671/2991/4630 2670/2990/4630
f 2670/2990/4631 2671/2991/4631 2672/2992/4631
f 2671/2991/4632 2673/2993/4632 2672/2992/4632
f 2673/2993/4633 2671/2991/4633 2674/2994/4633
f 2673/2993/4634 2674/2994/4634 2675/2995/4634
f 2675/2995/4635 2674/2994/4635 2676/2996/4635
f 2676/2996/4636 2674/2994/4636 2677/2997/4636
f 2677/2997/4637 2678/2998/4637 2676/2996/4637
f 2678/2998/4638 2677/2997/4638 2679/2999/4638
f 2679/2999/4639 2677/2997/4639 2617/2933/4639
f 2617/2933/4640 2680/3000/4640 2679/2999/4640
f 2680/3000/4641 2617/2933/4641 2681/3001/4641
f 2677/2997/4642 2674/2994/4642 2682/3002/4642
f 2682/3002/4643 2618/2934/4643 2677/2997/4643
f 2618/2934/4644 2682/3002/4644 2621/2937/4644
f 2621/2937/4645 2682/3002/4645 2683/3003/4645
f 2683/3003/4646 2624/2940/4646 2621/2937/4646
f 2683/3003/4647 2684/3004/4647 2624/2940/4647
f 2685/3005/4648 2684/3004/4648 2683/3003/4648
f 2683/3003/4649 2686/3006/4649 2685/3005/4649
f 2685/3005/4650 2686/3006/4650 2661/2981/4650
f 2684/3004/4651 2685/3005/4651 2660/2980/4651
f 2684/3004/4652 2660/2980/4652 2625/2941/4652
f 2682/3002/4653 2686/3006/4653 2683/3003/4653
f 2682/3002/4654 2674/2994/4654 2686/3006/4654
f 2686/3006/4655 2674/2994/4655 2663/2983/4655
f 2663/2983/4656 2674/2994/4656 2671/2991/4656
f 2671/2991/4657 2666/2986/4657 2663/2983/4657
f 2687/3007/4658 2667/2987/4658 2668/2988/4658
f 2688/3008/4659 2667/2987/4659 2687/3007/4659
f 2689/3009/4660 2667/2987/4660 2688/3008/4660
f 2688/3008/4661 2690/3010/4661 2689/3009/4661
f 2689/3009/4662 2690/3010/4662 2691/3011/4662
f 2691/3011/4663 2652/2972/4663 2689/3009/4663
f 2652/2972/4664 2691/3011/4664 2692/3012/4664
f 2652/2972/4665 2692/3012/4665 2693/3013/4665
f 2689/3009/4666 2653/2973/4666 2667/2987/4666
f 2667/2987/4667 2653/2973/4667 2665/2985/4667
f 2655/2975/4668 2662/2982/4668 2665/2985/4668
f 2663/2983/4669 2666/2986/4669 2664/2984/4669
f 2661/2981/4670 2686/3006/4670 2663/2983/4670
f 2660/2980/4671 2685/3005/4671 2661/2981/4671
f 2658/2978/4672 2694/3014/4672 2659/2979/4672
f 2659/2979/4673 2694/3014/4673 2695/3015/4673
f 2628/2944/4674 2659/2979/4674 2695/3015/4674
f 2696/3016/4675 2695/3015/4675 2694/3014/4675
f 2697/3017/4676 2696/3016/4676 2694/3014/4676
f 2634/2951/4677 2696/3016/4677 2697/3017/4677
f 2639/2959/4678 2634/2951/4678 2697/3017/4678
f 2630/2946/4679 2695/3015/4679 2696/3016/4679
f 2658/2978/4680 2697/3017/4680 2694/3014/4680
f 2643/2963/4681 2697/3017/4681 2658/2978/4681
f 2656/2976/4682 2643/2963/4682 2658/2978/4682
f 2662/2982/4683 2655/2975/4683 2657/2977/4683
f 2656/2976/4684 2654/2974/4684 2644/2964/4684
f 2654/2974/4685 2648/2968/4685 2644/2964/4685
f 2665/2985/4686 2653/2973/4686 2655/2975/4686
f 2689/3009/4687 2652/2972/4687 2653/2973/4687
f 2693/3013/4688 2651/2971/4688 2652/2972/4688
f 2651/2971/4689 2693/3013/4689 2698/3018/4689
f 2654/2974/4690 2649/2969/4690 2648/2968/4690
f 2644/2964/4691 2648/2968/4691 2645/2965/4691
f 2644/2964/4692 2643/2963/4692 2656/2976/4692
f 2643/2963/4693 2639/2959/4693 2697/3017/4693
f 2642/2962/4694 2646/2966/4694 2641/2961/4694
f 2635/2952/4695 2634/2951/4695 2639/2959/4695
f 2634/2951/4696 2632/2948/4696 2696/3016/4696
f 2399/2954/4697 2403/2949/4697 2633/2950/4697
f 2408/3019/4698 2631/2947/4698 2403/2949/4698
f 2408/3019/4699 2699/3020/4699 2631/2947/4699
f 2409/3021/4700 2699/3020/4700 2408/3019/4700
f 2409/3021/4701 2410/3022/4701 2699/3020/4701
f 2699/3020/4702 2410/3022/4702 2700/3023/4702
f 2700/3023/4703 2701/3024/4703 2699/3020/4703
f 2699/3020/4704 2701/3024/4704 2629/2945/4704
f 2702/3025/4705 2701/3024/4705 2700/3023/4705
f 2598/2914/4706 2701/3024/4706 2702/3025/4706
f 2701/3024/4707 2598/2914/4707 2626/2942/4707
f 2700/3023/4708 2410/3022/4708 2702/3025/4708
f 2702/3025/4709 2410/3022/4709 2412/3026/4709
f 2702/3025/4710 2412/3026/4710 2595/2911/4710
f 2595/2911/4711 2412/3026/4711 2414/3027/4711
f 2632/2948/4712 2630/2946/4712 2696/3016/4712
f 2699/3020/4713 2629/2945/4713 2631/2947/4713
f 2630/2946/4714 2628/2944/4714 2695/3015/4714
f 2701/3024/4715 2626/2942/4715 2629/2945/4715
f 2627/2943/4716 2659/2979/4716 2628/2944/4716
f 2625/2941/4717 2660/2980/4717 2627/2943/4717
f 2625/2941/4718 2624/2940/4718 2684/3004/4718
f 2621/2937/4719 2624/2940/4719 2622/2938/4719
f 2621/2937/4720 2619/2935/4720 2618/2934/4720
f 2677/2997/4721 2618/2934/4721 2617/2933/4721
f 2681/3001/4722 2617/2933/4722 2615/2931/4722
f 2615/2931/4723 2703/3028/4723 2681/3001/4723
f 2615/2931/4724 2704/3029/4724 2703/3028/4724
f 2704/3029/4725 2615/2931/4725 2614/2930/4725
f 2614/2930/4726 2705/3030/4726 2704/3029/4726
f 2614/2930/4727 2706/3031/4727 2705/3030/4727
f 2706/3031/4728 2614/2930/4728 2707/3032/4728
f 2707/3032/4729 2708/3033/4729 2706/3031/4729
f 2707/3032/4730 2709/3034/4730 2708/3033/4730
f 2709/3034/4731 2707/3032/4731 2710/3035/4731
f 2709/3034/4732 2710/3035/4732 2711/3036/4732
f 2710/3035/4733 2712/3037/4733 2711/3036/4733
f 2712/3037/4734 2710/3035/4734 2713/3038/4734
f 2712/3037/4735 2713/3038/4735 2714/3039/4735
f 2713/3038/4736 2715/3040/4736 2714/3039/4736
f 2715/3040/4737 2713/3038/4737 2716/3041/4737
f 2716/3041/4738 2717/3042/4738 2715/3040/4738
f 2716/3041/4739 2718/3043/4739 2717/3042/4739
f 2718/3043/4740 2716/3041/4740 2719/3044/4740
f 2719/3044/4741 2720/3045/4741 2718/3043/4741
f 2721/3046/4742 2720/3045/4742 2719/3044/4742
f 2719/3044/4743 2722/3047/4743 2721/3046/4743
f 2721/3046/4744 2722/3047/4744 2723/3048/4744
f 2722/3047/4745 2724/3049/4745 2723/3048/4745
f 2724/3049/4746 2722/3047/4746 2725/3050/4746
f 2724/3049/4747 2725/3050/4747 2726/3051/4747
f 2727/3052/4748 2726/3051/4748 2725/3050/4748
f 2725/3050/4749 2728/3053/4749 2727/3052/4749
f 2727/3052/4750 2728/3053/4750 2729/3054/4750
f 2728/3053/4751 2730/3055/4751 2729/3054/4751
f 2730/3055/4752 2728/3053/4752 2731/3056/4752
f 2730/3055/4753 2731/3056/4753 2732/3057/4753
f 2731/3056/4754 2728/3053/4754 2733/3058/4754
f 2733/3058/4755 2728/3053/4755 2734/3059/4755
f 2733/3058/4756 2734/3059/4756 2735/3060/4756
f 2735/3060/4757 2734/3059/4757 2736/3061/4757
f 2736/3061/4758 2737/3062/4758 2735/3060/4758
f 2735/3060/4759 2737/3062/4759 2738/3063/4759
f 2737/3062/4760 2739/3064/4760 2738/3063/4760
f 2738/3063/4761 2739/3064/4761 2740/3065/4761
f 2739/3064/4762 2741/3066/4762 2740/3065/4762
f 2740/3065/4763 2741/3066/4763 2742/3067/4763
f 2741/3066/4764 2566/2871/4764 2742/3067/4764
f 2742/3067/4765 2566/2871/4765 2743/3068/4765
f 2741/3066/4766 2572/2881/4766 2566/2871/4766
f 2741/3066/4767 2744/3069/4767 2572/2881/4767
f 2745/3070/4768 2572/2881/4768 2744/3069/4768
f 2744/3069/4769 2746/3071/4769 2745/3070/4769
f 2745/3070/4770 2746/3071/4770 2747/3072/4770
f 2747/3072/4771 2748/3073/4771 2745/3070/4771
f 2745/3070/4772 2748/3073/4772 2575/2884/4772
f 2748/3073/4773 2749/3074/4773 2575/2884/4773
f 2750/3075/4774 2749/3074/4774 2748/3073/4774
f 2751/3076/4775 2750/3075/4775 2748/3073/4775
f 2752/3077/4776 2750/3075/4776 2751/3076/4776
f 2751/3076/4777 2753/3078/4777 2752/3077/4777
f 2752/3077/4778 2753/3078/4778 2754/3079/4778
f 2754/3079/4779 2753/3078/4779 2755/3080/4779
f 2755/3080/4780 2610/2926/4780 2754/3079/4780
f 2610/2926/4781 2756/3081/4781 2754/3079/4781
f 2756/3081/4782 2750/3075/4782 2754/3079/4782
f 2581/2890/4783 2756/3081/4783 2610/2926/4783
f 2757/3082/4784 2610/2926/4784 2755/3080/4784
f 2755/3080/4785 2713/3038/4785 2757/3082/4785
f 2716/3041/4786 2755/3080/4786 2753/3078/4786
f 2753/3078/4787 2758/3083/4787 2716/3041/4787
f 2758/3083/4788 2753/3078/4788 2751/3076/4788
f 2758/3083/4789 2751/3076/4789 2759/3084/4789
f 2759/3084/4790 2719/3044/4790 2758/3083/4790
f 2759/3084/4791 2751/3076/4791 2760/3085/4791
f 2759/3084/4792 2760/3085/4792 2761/3086/4792
f 2761/3086/4793 2725/3050/4793 2759/3084/4793
f 2734/3059/4794 2725/3050/4794 2761/3086/4794
f 2762/3087/4795 2734/3059/4795 2761/3086/4795
f 2761/3086/4796 2760/3085/4796 2762/3087/4796
f 2747/3072/4797 2762/3087/4797 2760/3085/4797
f 2751/3076/4798 2747/3072/4798 2760/3085/4798
f 2754/3079/4799 2750/3075/4799 2752/3077/4799
f 2756/3081/4800 2749/3074/4800 2750/3075/4800
f 2579/2888/4801 2749/3074/4801 2756/3081/4801
f 2748/3073/4802 2747/3072/4802 2751/3076/4802
f 2746/3071/4803 2762/3087/4803 2747/3072/4803
f 2746/3071/4804 2737/3062/4804 2762/3087/4804
f 2739/3064/4805 2746/3071/4805 2744/3069/4805
f 2739/3064/4806 2744/3069/4806 2741/3066/4806
f 2737/3062/4807 2746/3071/4807 2739/3064/4807
f 2762/3087/4808 2737/3062/4808 2736/3061/4808
f 2736/3061/4809 2734/3059/4809 2762/3087/4809
f 2728/3053/4810 2725/3050/4810 2734/3059/4810
f 2759/3084/4811 2725/3050/4811 2722/3047/4811
f 2722/3047/4812 2719/3044/4812 2759/3084/4812
f 2716/3041/4813 2758/3083/4813 2719/3044/4813
f 2713/3038/4814 2755/3080/4814 2716/3041/4814
f 2757/3082/4815 2713/3038/4815 2710/3035/4815
f 2710/3035/4816 2707/3032/4816 2757/3082/4816
f 2757/3082/4817 2707/3032/4817 2611/2927/4817
f 2614/2930/4818 2611/2927/4818 2707/3032/4818
f 2613/2929/4819 2616/2932/4819 2612/2928/4819
f 2611/2927/4820 2610/2926/4820 2757/3082/4820
f 2610/2926/4821 2607/2923/4821 2581/2890/4821
f 2612/2928/4822 2608/2924/4822 2609/2925/4822
f 2620/2936/4823 2606/2922/4823 2608/2924/4823
f 2605/2921/4824 2606/2922/4824 2620/2936/4824
f 2605/2921/4825 2601/2917/4825 2602/2918/4825
f 2623/2939/4826 2600/2916/4826 2601/2917/4826
f 2626/2942/4827 2598/2914/4827 2600/2916/4827
f 2702/3025/4828 2595/2911/4828 2598/2914/4828
f 2596/2912/4829 2599/2915/4829 2597/2913/4829
f 2594/2910/4830 2603/2919/4830 2596/2912/4830
f 2414/3027/4831 2417/2909/4831 2595/2911/4831
f 2593/2908/4832 2603/2919/4832 2594/2910/4832
f 2593/2908/4833 2585/2894/4833 2603/2919/4833
f 2592/2906/4834 2585/2894/4834 2593/2908/4834
f 2586/2895/4835 2592/2906/4835 2591/2904/4835
f 2591/2904/4836 2588/2897/4836 2586/2895/4836
f 2585/2894/4837 2592/2906/4837 2586/2895/4837
f 2583/2892/4838 2603/2919/4838 2585/2894/4838
f 2583/2892/4839 2582/2891/4839 2604/2920/4839
f 2607/2923/4840 2582/2891/4840 2581/2890/4840
f 2581/2890/4841 2579/2888/4841 2756/3081/4841
f 2584/2893/4842 2578/2887/4842 2580/2889/4842
f 2579/2888/4843 2576/2885/4843 2749/3074/4843
f 2587/2896/4844 2577/2886/4844 2578/2887/4844
f 2590/2899/4845 2574/2883/4845 2577/2886/4845
f 2576/2885/4846 2575/2884/4846 2749/3074/4846
f 2575/2884/4847 2573/2882/4847 2745/3070/4847
f 2590/2899/4848 2571/2880/4848 2574/2883/4848
f 2573/2882/4849 2572/2881/4849 2745/3070/4849
f 2590/2899/4850 2570/2879/4850 2571/2880/4850
f 2475/2900/4851 2479/2878/4851 2570/2879/4851
f 2568/2873/4852 2567/2872/4852 2569/2877/4852
f 2566/2871/4853 2572/2881/4853 2567/2872/4853
f 2566/2871/4854 2565/2870/4854 2743/3068/4854
f 2565/2870/4855 2564/2869/4855 2480/2875/4855
usemtl material_0.006
f 2763/3088/4856 2764/3089/4856 2765/3090/4856
f 2763/3088/4857 2765/3090/4857 2766/3091/4857
f 2763/3088/4858 2766/3091/4858 2767/3092/4858
f 2763/3088/4859 2767/3092/4859 2768/3093/4859
f 2768/3093/4860 2769/3094/4860 2763/3088/4860
f 2770/3095/4861 2763/3088/4861 2769/3094/4861
f 2770/3095/4862 2769/3094/4862 2771/3096/4862
f 2770/3095/4863 2771/3096/4863 2772/3097/4863
f 2770/3095/4864 2772/3097/4864 2773/3098/4864
f 2770/3095/4865 2773/3098/4865 2774/3099/4865
f 2770/3095/4866 2774/3099/4866 2775/3100/4866
f 2776/3101/4867 2775/3100/4867 2774/3099/4867
f 2776/3101/4868 2774/3099/4868 2777/3102/4868
f 2778/3103/4869 2776/3101/4869 2777/3102/4869
f 2779/3104/4870 2778/3103/4870 2777/3102/4870
f 2779/3104/4871 2777/3102/4871 2780/3105/4871
f 2779/3104/4872 2780/3105/4872 2781/3106/4872
f 2779/3104/4873 2781/3106/4873 2782/3107/4873
f 2782/3107/4874 2783/3108/4874 2779/3104/4874
f 2779/3104/4875 2783/3108/4875 2784/3109/4875
f 2784/3109/4876 2783/3108/4876 2785/3110/4876
f 2784/3109/4877 2785/3110/4877 2786/3111/4877
f 2784/3109/4878 2786/3111/4878 2787/3112/4878
f 2784/3109/4879 2787/3112/4879 2788/3113/4879
f 2789/3114/4880 2784/3109/4880 2788/3113/4880
f 2790/3115/4881 2789/3114/4881 2788/3113/4881
f 2790/3115/4882 2788/3113/4882 2791/3116/4882
f 2792/3117/4883 2790/3115/4883 2791/3116/4883
f 2792/3117/4884 2791/3116/4884 2793/3118/4884
f 2791/3116/4885 2794/3119/4885 2793/3118/4885
f 2791/3116/4886 2795/3120/4886 2794/3119/4886
f 2796/3121/4887 2794/3119/4887 2795/3120/4887
f 2795/3120/4888 2797/3122/4888 2796/3121/4888
f 2797/3122/4889 2798/3123/4889 2796/3121/4889
f 2796/3121/4890 2798/3123/4890 2799/3124/4890
f 2796/3121/4891 2799/3124/4891 2800/3125/4891
f 2799/3124/4892 2798/3123/4892 2801/3126/4892
f 2799/3124/4893 2801/3126/4893 2802/3127/4893
f 2803/3128/4894 2801/3126/4894 2798/3123/4894
f 2803/3128/4895 2804/3129/4895 2801/3126/4895
f 2805/3130/4896 2804/3129/4896 2803/3128/4896
f 2806/3131/4897 2805/3130/4897 2803/3128/4897
f 2806/3131/4898 2803/3128/4898 2797/3122/4898
f 2787/3112/4899 2806/3131/4899 2797/3122/4899
f 2806/3131/4900 2807/3132/4900 2805/3130/4900
f 2808/3133/4901 2805/3130/4901 2807/3132/4901
f 2808/3133/4902 2807/3132/4902 2809/3134/4902
f 2809/3134/4903 2807/3132/4903 2810/3135/4903
f 2809/3134/4904 2810/3135/4904 2811/3136/4904
f 2811/3136/4905 2810/3135/4905 2812/3137/4905
f 2811/3136/4906 2812/3137/4906 2813/3138/4906
f 2813/3138/4907 2812/3137/4907 2814/3139/4907
f 2813/3138/4908 2814/3139/4908 2815/3140/4908
f 2815/3140/4909 2814/3139/4909 2816/3141/4909
f 2815/3140/4910 2816/3141/4910 2817/3142/4910
f 2816/3141/4911 2818/3143/4911 2817/3142/4911
f 2816/3141/4912 2819/3144/4912 2818/3143/4912
f 2818/3143/4913 2819/3144/4913 2820/3145/4913
f 2818/3143/4914 2820/3145/4914 2821/3146/4914
f 2820/3145/4915 2822/3147/4915 2821/3146/4915
f 2820/3145/4916 2823/3148/4916 2822/3147/4916
f 2823/3148/4917 2824/3149/4917 2822/3147/4917
f 2823/3148/4918 2825/3150/4918 2824/3149/4918
f 2824/3149/4919 2825/3150/4919 2826/3151/4919
f 2824/3149/4920 2826/3151/4920 2827/3152/4920
f 2826/3151/4921 2825/3150/4921 2828/3153/4921
f 2826/3151/4922 2828/3153/4922 2829/3154/4922
f 2828/3153/4923 2830/3155/4923 2829/3154/4923
f 2828/3153/4924 2831/3156/4924 2830/3155/4924
f 2832/3157/4925 2830/3155/4925 2831/3156/4925
f 2833/3158/4926 2832/3157/4926 2831/3156/4926
f 2833/3158/4927 2831/3156/4927 2834/3159/4927
f 2835/3160/4928 2833/3158/4928 2834/3159/4928
f 2835/3160/4929 2834/3159/4929 2836/3161/4929
f 2837/3162/4930 2835/3160/4930 2836/3161/4930
f 2837/3162/4931 2836/3161/4931 2838/3163/4931
f 2837/3162/4932 2838/3163/4932 2839/3164/4932
f 2840/3165/4933 2837/3162/4933 2839/3164/4933
f 2840/3165/4934 2839/3164/4934 2841/3166/4934
f 2842/3167/4935 2840/3165/4935 2841/3166/4935
f 2842/3167/4936 2841/3166/4936 2843/3168/4936
f 2844/3169/4937 2842/3167/4937 2843/3168/4937
f 2814/3139/4938 2844/3169/4938 2843/3168/4938
f 2844/3169/4939 2845/3170/4939 2842/3167/4939
f 2846/3171/4940 2842/3167/4940 2845/3170/4940
f 2846/3171/4941 2845/3170/4941 2847/3172/4941
f 2846/3171/4942 2847/3172/4942 2848/3173/4942
f 2848/3173/4943 2849/3174/4943 2846/3171/4943
f 2846/3171/4944 2849/3174/4944 2850/3175/4944
f 2846/3171/4945 2850/3175/4945 2851/3176/4945
f 2851/3176/4946 2850/3175/4946 2852/3177/4946
f 2851/3176/4947 2852/3177/4947 2853/3178/4947
f 2851/3176/4948 2853/3178/4948 2840/3165/4948
f 2840/3165/4949 2853/3178/4949 2854/3179/4949
f 2853/3178/4950 2855/3180/4950 2854/3179/4950
f 2854/3179/4951 2855/3180/4951 2856/3181/4951
f 2854/3179/4952 2856/3181/4952 2835/3160/4952
f 2857/3182/4953 2835/3160/4953 2856/3181/4953
f 2858/3183/4954 2857/3182/4954 2856/3181/4954
f 2856/3181/4955 2859/3184/4955 2858/3183/4955
f 2859/3184/4956 2860/3185/4956 2858/3183/4956
f 2858/3183/4957 2860/3185/4957 2861/3186/4957
f 2858/3183/4958 2861/3186/4958 2862/3187/4958
f 2863/3188/4959 2862/3187/4959 2861/3186/4959
f 2863/3188/4960 2857/3182/4960 2862/3187/4960
f 2863/3188/4961 2864/3189/4961 2857/3182/4961
f 2864/3189/4962 2833/3158/4962 2857/3182/4962
f 2861/3186/4963 2860/3185/4963 2865/3190/4963
f 2861/3186/4964 2865/3190/4964 2866/3191/4964
f 2865/3190/4965 2867/3192/4965 2866/3191/4965
f 2868/3193/4966 2866/3191/4966 2867/3192/4966
f 2868/3193/4967 2869/3194/4967 2866/3191/4967
f 2865/3190/4968 2870/3195/4968 2867/3192/4968
f 2865/3190/4969 2871/3196/4969 2870/3195/4969
f 2865/3190/4970 2872/3197/4970 2871/3196/4970
f 2873/3198/4971 2871/3196/4971 2872/3197/4971
f 2872/3197/4972 2874/3199/4972 2873/3198/4972
f 2875/3200/4973 2874/3199/4973 2872/3197/4973
f 2875/3200/4974 2872/3197/4974 2876/3201/4974
f 2875/3200/4975 2876/3201/4975 2877/3202/4975
f 2877/3202/4976 2878/3203/4976 2875/3200/4976
f 2878/3203/4977 2879/3204/4977 2875/3200/4977
f 2880/3205/4978 2875/3200/4978 2879/3204/4978
f 2879/3204/4979 2878/3203/4979 2881/3206/4979
f 2878/3203/4980 2882/3207/4980 2881/3206/4980
f 2878/3203/4981 2883/3208/4981 2882/3207/4981
f 2884/3209/4982 2882/3207/4982 2883/3208/4982
f 2883/3208/4983 2885/3210/4983 2884/3209/4983
f 2886/3211/4984 2885/3210/4984 2883/3208/4984
f 2887/3212/4985 2886/3211/4985 2883/3208/4985
f 2888/3213/4986 2887/3212/4986 2883/3208/4986
f 2888/3213/4987 2889/3214/4987 2887/3212/4987
f 2889/3214/4988 2890/3215/4988 2887/3212/4988
f 2889/3214/4989 2781/3106/4989 2890/3215/4989
f 2781/3106/4990 2891/3216/4990 2890/3215/4990
f 2891/3216/4991 2886/3211/4991 2890/3215/4991
f 2891/3216/4992 2892/3217/4992 2886/3211/4992
f 2892/3217/4993 2893/3218/4993 2886/3211/4993
f 2894/3219/4994 2886/3211/4994 2893/3218/4994
f 2893/3218/4995 2892/3217/4995 2895/3220/4995
f 2895/3220/4996 2892/3217/4996 2896/3221/4996
f 2773/3098/4997 2896/3221/4997 2892/3217/4997
f 2773/3098/4998 2897/3222/4998 2896/3221/4998
f 2891/3216/4999 2773/3098/4999 2892/3217/4999
f 2888/3213/5000 2898/3223/5000 2889/3214/5000
f 2850/3175/5001 2889/3214/5001 2898/3223/5001
f 2899/3224/5002 2850/3175/5002 2898/3223/5002
f 2877/3202/5003 2899/3224/5003 2898/3223/5003
f 2877/3202/5004 2898/3223/5004 2888/3213/5004
f 2887/3212/5005 2890/3215/5005 2886/3211/5005
f 2885/3210/5006 2886/3211/5006 2894/3219/5006
f 2888/3213/5007 2883/3208/5007 2878/3203/5007
f 2877/3202/5008 2888/3213/5008 2878/3203/5008
f 2899/3224/5009 2877/3202/5009 2876/3201/5009
f 2899/3224/5010 2876/3201/5010 2859/3184/5010
f 2855/3180/5011 2899/3224/5011 2859/3184/5011
f 2855/3180/5012 2852/3177/5012 2899/3224/5012
f 2874/3199/5013 2875/3200/5013 2880/3205/5013
f 2876/3201/5014 2872/3197/5014 2865/3190/5014
f 2876/3201/5015 2865/3190/5015 2860/3185/5015
f 2859/3184/5016 2876/3201/5016 2860/3185/5016
f 2858/3183/5017 2862/3187/5017 2857/3182/5017
f 2856/3181/5018 2855/3180/5018 2859/3184/5018
f 2853/3178/5019 2852/3177/5019 2855/3180/5019
f 2899/3224/5020 2852/3177/5020 2850/3175/5020
f 2850/3175/5021 2849/3174/5021 2889/3214/5021
f 2782/3107/5022 2889/3214/5022 2849/3174/5022
f 2848/3173/5023 2782/3107/5023 2849/3174/5023
f 2783/3108/5024 2848/3173/5024 2847/3172/5024
f 2846/3171/5025 2851/3176/5025 2842/3167/5025
f 2847/3172/5026 2845/3170/5026 2844/3169/5026
f 2847/3172/5027 2844/3169/5027 2900/3225/5027
f 2901/3226/5028 2847/3172/5028 2900/3225/5028
f 2810/3135/5029 2901/3226/5029 2900/3225/5029
f 2901/3226/5030 2785/3110/5030 2847/3172/5030
f 2785/3110/5031 2901/3226/5031 2806/3131/5031
f 2812/3137/5032 2900/3225/5032 2844/3169/5032
f 2843/3168/5033 2841/3166/5033 2816/3141/5033
f 2851/3176/5034 2840/3165/5034 2842/3167/5034
f 2819/3144/5035 2841/3166/5035 2839/3164/5035
f 2840/3165/5036 2854/3179/5036 2837/3162/5036
f 2838/3163/5037 2819/3144/5037 2839/3164/5037
f 2836/3161/5038 2902/3227/5038 2838/3163/5038
f 2902/3227/5039 2820/3145/5039 2838/3163/5039
f 2837/3162/5040 2854/3179/5040 2835/3160/5040
f 2836/3161/5041 2834/3159/5041 2902/3227/5041
f 2834/3159/5042 2828/3153/5042 2902/3227/5042
f 2828/3153/5043 2823/3148/5043 2902/3227/5043
f 2857/3182/5044 2833/3158/5044 2835/3160/5044
f 2864/3189/5045 2832/3157/5045 2833/3158/5045
f 2834/3159/5046 2831/3156/5046 2828/3153/5046
f 2828/3153/5047 2825/3150/5047 2823/3148/5047
f 2902/3227/5048 2823/3148/5048 2820/3145/5048
f 2838/3163/5049 2820/3145/5049 2819/3144/5049
f 2819/3144/5050 2816/3141/5050 2841/3166/5050
f 2843/3168/5051 2816/3141/5051 2814/3139/5051
f 2814/3139/5052 2812/3137/5052 2844/3169/5052
f 2812/3137/5053 2810/3135/5053 2900/3225/5053
f 2810/3135/5054 2807/3132/5054 2901/3226/5054
f 2806/3131/5055 2901/3226/5055 2807/3132/5055
f 2805/3130/5056 2808/3133/5056 2804/3129/5056
f 2797/3122/5057 2803/3128/5057 2798/3123/5057
f 2795/3120/5058 2787/3112/5058 2797/3122/5058
f 2796/3121/5059 2800/3125/5059 2794/3119/5059
f 2792/3117/5060 2903/3228/5060 2790/3115/5060
f 2792/3117/5061 2904/3229/5061 2903/3228/5061
f 2765/3090/5062 2903/3228/5062 2904/3229/5062
f 2788/3113/5063 2795/3120/5063 2791/3116/5063
f 2789/3114/5064 2790/3115/5064 2903/3228/5064
f 2789/3114/5065 2903/3228/5065 2776/3101/5065
f 2789/3114/5066 2778/3103/5066 2784/3109/5066
f 2788/3113/5067 2787/3112/5067 2795/3120/5067
f 2787/3112/5068 2786/3111/5068 2806/3131/5068
f 2785/3110/5069 2806/3131/5069 2786/3111/5069
f 2783/3108/5070 2847/3172/5070 2785/3110/5070
f 2782/3107/5071 2848/3173/5071 2783/3108/5071
f 2782/3107/5072 2781/3106/5072 2889/3214/5072
f 2781/3106/5073 2780/3105/5073 2891/3216/5073
f 2891/3216/5074 2780/3105/5074 2777/3102/5074
f 2779/3104/5075 2784/3109/5075 2778/3103/5075
f 2778/3103/5076 2789/3114/5076 2776/3101/5076
f 2891/3216/5077 2777/3102/5077 2774/3099/5077
f 2775/3100/5078 2776/3101/5078 2903/3228/5078
f 2775/3100/5079 2903/3228/5079 2764/3089/5079
f 2891/3216/5080 2774/3099/5080 2773/3098/5080
f 2897/3222/5081 2773/3098/5081 2772/3097/5081
f 2763/3088/5082 2770/3095/5082 2775/3100/5082
f 2905/3230/5083 2767/3092/5083 2766/3091/5083
f 2765/3090/5084 2764/3089/5084 2903/3228/5084
f 2763/3088/5085 2775/3100/5085 2764/3089/5085
f 2906/3231/5086 2907/3232/5086 2908/3233/5086
f 2906/3231/5087 2908/3233/5087 2909/3234/5087
f 2910/3235/5088 2906/3231/5088 2909/3234/5088
f 2910/3235/5089 2909/3234/5089 2911/3236/5089
f 2912/3237/5090 2910/3235/5090 2911/3236/5090
f 2911/3236/5091 2913/3238/5091 2912/3237/5091
f 2913/3238/5092 2914/3239/5092 2912/3237/5092
f 2915/3240/5093 2912/3237/5093 2914/3239/5093
f 2915/3240/5094 2914/3239/5094 2916/3241/5094
f 2917/3242/5095 2915/3240/5095 2916/3241/5095
f 2918/3243/5096 2917/3242/5096 2916/3241/5096
f 2918/3243/5097 2916/3241/5097 2919/3244/5097
f 2920/3245/5098 2918/3243/5098 2919/3244/5098
f 2920/3245/5099 2919/3244/5099 2921/3246/5099
f 2920/3245/5100 2921/3246/5100 2922/3247/5100
f 2920/3245/5101 2922/3247/5101 2923/3248/5101
f 2920/3245/5102 2923/3248/5102 2924/3249/5102
f 2920/3245/5103 2924/3249/5103 2925/3250/5103
f 2926/3251/5104 2925/3250/5104 2924/3249/5104
f 2924/3249/5105 2927/3252/5105 2926/3251/5105
f 2924/3249/5106 2928/3253/5106 2927/3252/5106
f 2929/3254/5107 2927/3252/5107 2928/3253/5107
f 2929/3254/5108 2928/3253/5108 2930/3255/5108
f 2929/3254/5109 2930/3255/5109 2931/3256/5109
f 2929/3254/5110 2931/3256/5110 2932/3257/5110
f 2931/3256/5111 2933/3258/5111 2932/3257/5111
f 2931/3256/5112 2934/3259/5112 2933/3258/5112
f 2934/3259/5113 2935/3260/5113 2933/3258/5113
f 2934/3259/5114 2936/3261/5114 2935/3260/5114
f 2937/3262/5115 2936/3261/5115 2934/3259/5115
f 2937/3262/5116 2934/3259/5116 2938/3263/5116
f 2939/3264/5117 2937/3262/5117 2938/3263/5117
f 2939/3264/5118 2938/3263/5118 2940/3265/5118
f 2941/3266/5119 2939/3264/5119 2940/3265/5119
f 2942/3267/5120 2941/3266/5120 2940/3265/5120
f 2942/3267/5121 2943/3268/5121 2941/3266/5121
f 2944/3269/5122 2941/3266/5122 2943/3268/5122
f 2944/3269/5123 2943/3268/5123 2945/3270/5123
f 2944/3269/5124 2945/3270/5124 2946/3271/5124
f 2944/3269/5125 2946/3271/5125 2947/3272/5125
f 2947/3272/5126 2948/3273/5126 2944/3269/5126
f 2949/3274/5127 2944/3269/5127 2948/3273/5127
f 2947/3272/5128 2950/3275/5128 2948/3273/5128
f 2950/3275/5129 2947/3272/5129 2824/3276/5129
f 2950/3275/5130 2824/3276/5130 2827/3277/5130
f 2947/3272/5131 2822/3278/5131 2824/3276/5131
f 2947/3272/5132 2946/3271/5132 2822/3278/5132
f 2822/3278/5133 2946/3271/5133 2951/3279/5133
f 2822/3278/5134 2951/3279/5134 2821/3280/5134
f 2821/3280/5135 2951/3279/5135 2952/3281/5135
f 2821/3280/5136 2952/3281/5136 2818/3282/5136
f 2818/3282/5137 2952/3281/5137 2953/3283/5137
f 2818/3282/5138 2953/3283/5138 2817/3284/5138
f 2817/3284/5139 2953/3283/5139 2954/3285/5139
f 2817/3284/5140 2954/3285/5140 2815/3286/5140
f 2813/3287/5141 2815/3286/5141 2954/3285/5141
f 2813/3287/5142 2954/3285/5142 2955/3288/5142
f 2811/3289/5143 2813/3287/5143 2955/3288/5143
f 2811/3289/5144 2955/3288/5144 2956/3290/5144
f 2957/3291/5145 2811/3289/5145 2956/3290/5145
f 2913/3238/5146 2957/3291/5146 2956/3290/5146
f 2913/3238/5147 2956/3290/5147 2958/3292/5147
f 2913/3238/5148 2959/3293/5148 2957/3291/5148
f 2957/3291/5149 2959/3293/5149 2808/3294/5149
f 2957/3291/5150 2808/3294/5150 2809/3295/5150
f 2959/3293/5151 2804/3296/5151 2808/3294/5151
f 2959/3293/5152 2960/3297/5152 2804/3296/5152
f 2804/3296/5153 2960/3297/5153 2961/3298/5153
f 2804/3296/5154 2961/3298/5154 2801/3299/5154
f 2801/3299/5155 2961/3298/5155 2962/3300/5155
f 2801/3299/5156 2962/3300/5156 2802/3301/5156
f 2963/3302/5157 2962/3300/5157 2961/3298/5157
f 2961/3298/5158 2964/3303/5158 2963/3302/5158
f 2963/3302/5159 2964/3303/5159 2909/3234/5159
f 2909/3234/5160 2964/3303/5160 2965/3304/5160
f 2964/3303/5161 2959/3293/5161 2965/3304/5161
f 2963/3302/5162 2966/3305/5162 2962/3300/5162
f 2966/3305/5163 2963/3302/5163 2908/3233/5163
f 2966/3305/5164 2908/3233/5164 2967/3306/5164
f 2968/3307/5165 2967/3306/5165 2908/3233/5165
f 2961/3298/5166 2960/3297/5166 2964/3303/5166
f 2964/3303/5167 2960/3297/5167 2959/3293/5167
f 2913/3238/5168 2965/3304/5168 2959/3293/5168
f 2957/3291/5169 2809/3295/5169 2811/3289/5169
f 2958/3292/5170 2956/3290/5170 2955/3288/5170
f 2958/3292/5171 2955/3288/5171 2969/3308/5171
f 2969/3308/5172 2914/3239/5172 2958/3292/5172
f 2969/3308/5173 2970/3309/5173 2914/3239/5173
f 2914/3239/5174 2970/3309/5174 2919/3244/5174
f 2970/3309/5175 2969/3308/5175 2971/3310/5175
f 2970/3309/5176 2971/3310/5176 2972/3311/5176
f 2921/3246/5177 2970/3309/5177 2972/3311/5177
f 2973/3312/5178 2972/3311/5178 2971/3310/5178
f 2954/3285/5179 2973/3312/5179 2971/3310/5179
f 2973/3312/5180 2974/3313/5180 2972/3311/5180
f 2922/3247/5181 2972/3311/5181 2974/3313/5181
f 2922/3247/5182 2974/3313/5182 2975/3314/5182
f 2922/3247/5183 2975/3314/5183 2976/3315/5183
f 2976/3315/5184 2975/3314/5184 2977/3316/5184
f 2976/3315/5185 2977/3316/5185 2978/3317/5185
f 2979/3318/5186 2976/3315/5186 2978/3317/5186
f 2979/3318/5187 2978/3317/5187 2980/3319/5187
f 2979/3318/5188 2980/3319/5188 2930/3255/5188
f 2980/3319/5189 2978/3317/5189 2942/3267/5189
f 2980/3319/5190 2942/3267/5190 2981/3320/5190
f 2980/3319/5191 2981/3320/5191 2931/3256/5191
f 2938/3263/5192 2931/3256/5192 2981/3320/5192
f 2942/3267/5193 2938/3263/5193 2981/3320/5193
f 2923/3248/5194 2976/3315/5194 2979/3318/5194
f 2923/3248/5195 2979/3318/5195 2928/3253/5195
f 2978/3317/5196 2977/3316/5196 2943/3268/5196
f 2975/3314/5197 2982/3321/5197 2977/3316/5197
f 2977/3316/5198 2982/3321/5198 2945/3270/5198
f 2975/3314/5199 2983/3322/5199 2982/3321/5199
f 2952/3281/5200 2982/3321/5200 2983/3322/5200
f 2975/3314/5201 2973/3312/5201 2983/3322/5201
f 2953/3283/5202 2983/3322/5202 2973/3312/5202
f 2975/3314/5203 2974/3313/5203 2973/3312/5203
f 2971/3310/5204 2969/3308/5204 2955/3288/5204
f 2971/3310/5205 2955/3288/5205 2954/3285/5205
f 2954/3285/5206 2953/3283/5206 2973/3312/5206
f 2953/3283/5207 2952/3281/5207 2983/3322/5207
f 2952/3281/5208 2951/3279/5208 2982/3321/5208
f 2982/3321/5209 2951/3279/5209 2946/3271/5209
f 2982/3321/5210 2946/3271/5210 2945/3270/5210
f 2977/3316/5211 2945/3270/5211 2943/3268/5211
f 2949/3274/5212 2941/3266/5212 2944/3269/5212
f 2978/3317/5213 2943/3268/5213 2942/3267/5213
f 2941/3266/5214 2949/3274/5214 2939/3264/5214
f 2942/3267/5215 2940/3265/5215 2938/3263/5215
f 2938/3263/5216 2934/3259/5216 2931/3256/5216
f 2980/3319/5217 2931/3256/5217 2930/3255/5217
f 2979/3318/5218 2930/3255/5218 2928/3253/5218
f 2926/3251/5219 2984/3323/5219 2925/3250/5219
f 2984/3323/5220 2985/3324/5220 2925/3250/5220
f 2925/3250/5221 2985/3324/5221 2918/3243/5221
f 2984/3323/5222 2986/3325/5222 2985/3324/5222
f 2985/3324/5223 2986/3325/5223 2987/3326/5223
f 2985/3324/5224 2987/3326/5224 2988/3327/5224
f 2985/3324/5225 2988/3327/5225 2917/3242/5225
f 2989/3328/5226 2917/3242/5226 2988/3327/5226
f 2990/3329/5227 2989/3328/5227 2988/3327/5227
f 2989/3328/5228 2990/3329/5228 2991/3330/5228
f 2989/3328/5229 2991/3330/5229 2992/3331/5229
f 2993/3332/5230 2989/3328/5230 2992/3331/5230
f 2993/3332/5231 2992/3331/5231 2994/3333/5231
f 2993/3332/5232 2994/3333/5232 2995/3334/5232
f 2995/3334/5233 2910/3235/5233 2993/3332/5233
f 2993/3332/5234 2910/3235/5234 2915/3240/5234
f 2993/3332/5235 2915/3240/5235 2996/3335/5235
f 2997/3336/5236 2995/3334/5236 2994/3333/5236
f 2998/3337/5237 2997/3336/5237 2994/3333/5237
f 2994/3333/5238 2991/3330/5238 2998/3337/5238
f 2998/3337/5239 2999/3338/5239 2997/3336/5239
f 3000/3339/5240 2997/3336/5240 2999/3338/5240
f 3000/3339/5241 2999/3338/5241 3001/3340/5241
f 3002/3341/5242 2997/3336/5242 3000/3339/5242
f 3002/3341/5243 3000/3339/5243 3003/3342/5243
f 2968/3307/5244 3002/3341/5244 3003/3342/5244
f 2968/3307/5245 2907/3232/5245 3002/3341/5245
f 2907/3232/5246 2995/3334/5246 3002/3341/5246
f 2997/3336/5247 3002/3341/5247 2995/3334/5247
f 2993/3332/5248 2996/3335/5248 2989/3328/5248
f 2994/3333/5249 2992/3331/5249 2991/3330/5249
f 2989/3328/5250 2996/3335/5250 2917/3242/5250
f 2990/3329/5251 2988/3327/5251 2987/3326/5251
f 2923/3248/5252 2928/3253/5252 2924/3249/5252
f 2923/3248/5253 2922/3247/5253 2976/3315/5253
f 2922/3247/5254 2921/3246/5254 2972/3311/5254
f 2921/3246/5255 2919/3244/5255 2970/3309/5255
f 2925/3250/5256 2918/3243/5256 2920/3245/5256
f 2985/3324/5257 2917/3242/5257 2918/3243/5257
f 2917/3242/5258 2996/3335/5258 2915/3240/5258
f 2914/3239/5259 2919/3244/5259 2916/3241/5259
f 2913/3238/5260 2958/3292/5260 2914/3239/5260
f 2911/3236/5261 2965/3304/5261 2913/3238/5261
f 2912/3237/5262 2915/3240/5262 2910/3235/5262
f 2909/3234/5263 2965/3304/5263 2911/3236/5263
f 2995/3334/5264 2906/3231/5264 2910/3235/5264
f 2963/3302/5265 2909/3234/5265 2908/3233/5265
f 2968/3307/5266 2908/3233/5266 2907/3232/5266
f 2907/3232/5267 2906/3231/5267 2995/3334/5267
