# Blender 4.3.0
# www.blender.org
mtllib lulu_fab_garmentB.mtl
o lulu_fab_garmentB
v -0.000000 -245.889877 83.218216
v 11.598126 -242.549683 94.024956
v 0.000000 -243.021301 94.032814
v 12.630879 -246.447784 79.138062
v 30.244537 -241.619766 94.191231
v 32.021420 -245.926514 77.639481
v 50.434437 -240.416779 94.564102
v 47.441338 -245.649582 75.353622
v 63.281559 -243.322372 80.412834
v 59.436974 -239.712738 94.880241
v 78.947639 -237.759766 95.929321
v 82.366493 -243.213623 74.809059
v 97.504852 -238.927612 85.226151
v 101.483833 -243.727966 65.323601
v 112.365845 -238.822449 79.186546
v 119.464226 -241.231110 66.261681
v 129.652771 -235.974533 80.244804
v 133.988968 -240.491653 59.285748
v 149.041794 -235.355087 68.299469
v 148.717239 -229.771469 89.326035
v 129.244217 -230.164413 100.633049
v 113.255875 -233.135880 98.701569
v 144.419083 -226.689194 103.021843
v 158.739777 -222.710175 105.943848
v 162.141815 -225.943832 91.460510
v 173.978012 -221.441315 95.176582
v 166.058258 -228.788940 76.821205
v 180.930283 -223.461166 78.843971
v 189.936066 -216.783081 91.938278
v 185.912262 -212.995117 114.085556
v 190.807571 -212.649948 107.380226
v 187.525482 -212.152069 115.002922
v 189.138718 -211.309006 115.920288
v 193.659637 -211.063629 108.508926
v 196.248947 -208.823975 111.661507
v 193.299561 -208.282669 119.800316
v 197.460403 -205.256348 123.680351
v 205.542328 -206.331955 103.244415
v 200.572769 -202.248001 128.073792
v 219.287201 -199.625641 99.163460
v 233.999374 -189.268799 101.020355
v 227.239349 -189.392410 117.205788
v 227.443024 -185.002335 129.341095
v 204.901306 -196.159912 138.099197
v 224.841949 -181.269562 145.507278
v 241.593109 -171.987518 142.737656
v 248.054077 -173.008820 123.888138
v 260.819702 -162.472046 129.583939
v 257.860687 -161.757401 142.151062
v 272.961121 -151.092651 143.685577
v 277.401917 -150.980316 119.918953
v 290.729187 -137.891357 132.473129
v 290.618195 -139.649216 109.973351
v 302.801727 -124.775764 122.848511
v 305.202362 -124.204704 137.419464
v 301.654694 -128.048141 148.607803
v 287.288330 -139.938232 146.466949
v 316.328308 -115.606911 149.217133
v 282.772095 -148.887527 97.787140
v 264.786285 -164.798798 108.097786
v 275.211304 -157.990768 85.702400
v 257.206665 -174.420090 93.038445
v 244.081299 -179.739502 111.630295
v 250.972610 -182.207687 78.217209
v 267.929443 -166.537048 73.479500
v 260.791077 -174.265640 60.983654
v 246.375580 -187.922119 60.029686
v 233.730331 -194.879395 80.113213
v 227.762817 -203.106140 58.230762
v 247.169113 -187.823654 34.543213
v 253.578781 -181.069824 48.079384
v 232.114227 -201.657608 35.446655
v 240.638245 -193.304855 20.084902
v 224.367645 -208.002304 24.401651
v 221.760742 -209.085968 6.493396
v 207.352936 -219.827484 20.285276
v 203.400085 -221.064850 0.968888
v 208.798096 -215.199799 -13.230730
v 228.592819 -199.209152 -11.680444
v 234.538727 -197.434113 4.573834
v 212.560852 -208.493942 -26.461851
v 223.213013 -198.780762 -28.364016
v 207.882309 -205.021210 -44.731853
v 194.094086 -218.821823 -33.483521
v 192.373993 -212.398026 -52.532864
v 200.633194 -201.233734 -64.153175
v 185.704330 -209.945038 -67.172920
v 195.394592 -196.824173 -79.947113
v 180.747833 -205.937042 -81.829666
v 191.356552 -192.838837 -93.097206
v 177.544922 -203.617584 -90.854172
v 163.109360 -213.182587 -87.452560
v 171.006912 -216.137390 -71.263519
v 151.568222 -226.524200 -66.713303
v 174.369064 -222.442459 -52.388607
v 153.959473 -233.449020 -43.971043
v 135.698456 -236.706787 -50.674294
v 131.184097 -233.433868 -64.228104
v 133.757416 -228.388336 -77.353409
v 119.522049 -234.059418 -70.965561
v 115.776802 -239.851379 -54.550220
v 105.696754 -238.905472 -64.118492
v 91.861786 -242.885590 -57.204414
v 103.021370 -246.699112 -34.728821
v 80.938736 -248.491653 -38.364597
v 84.497078 -251.379349 -19.308908
v 101.646080 -249.912674 -15.104930
v 88.566986 -252.480896 0.503419
v 110.045853 -250.003571 -2.200307
v 102.329384 -251.211472 11.924975
v 86.567520 -252.356262 19.975985
v 68.567795 -254.253250 13.787317
v 71.706055 -252.921707 29.293692
v 84.842087 -250.884659 36.310043
v 68.236458 -250.595535 46.921417
v 51.557777 -254.169144 30.156214
v 47.957199 -251.556580 48.733105
v 28.843264 -253.707214 42.354000
v 30.367338 -256.065643 21.467773
v 46.734875 -255.729355 7.655352
v 67.343384 -254.108871 -5.077785
v 50.640938 -254.778610 -10.586628
v 65.201668 -252.331329 -23.917685
v 44.586445 -253.260620 -27.106726
v 62.492451 -248.688431 -45.439411
v 46.849926 -250.668137 -41.474781
v 31.033316 -252.118118 -38.912796
v 26.302217 -254.524979 -25.491587
v 15.401874 -253.159668 -37.453396
v 11.415685 -256.143738 -18.760851
v -0.000000 -255.372452 -27.229319
v 0.000000 -253.917984 -36.577183
v 0.000000 -256.417725 -20.374910
v 0.000000 -257.311615 -10.335252
v 9.073408 -257.460480 -4.627678
v 29.101078 -256.324524 -7.124569
v 13.798905 -257.456268 9.962701
v 0.000000 -257.906128 1.665496
v -0.000000 -257.846283 -4.160749
v -0.000000 -258.033447 12.070230
v 0.000000 -257.664124 17.512871
v 11.720713 -256.464722 28.390102
v 29.991528 -256.673706 8.431909
v 0.000000 -256.947235 28.290880
v 0.000000 -256.216522 33.510132
v 9.198936 -254.333160 44.350315
v 14.907529 -250.763855 61.041954
v 37.454487 -249.586075 61.364578
v 0.000000 -252.456741 55.719048
v 0.000000 -254.679016 44.557735
v 0.000000 -251.420288 60.913315
v 0.000000 -250.127289 66.256203
v 0.000000 -247.432480 77.397598
v 77.546608 -246.125595 -50.795784
v 55.406116 -248.189194 62.838909
v 70.256981 -246.764938 64.441002
v 83.404747 -247.262451 57.460487
v 82.965752 -249.493439 46.753925
v 96.008461 -248.217056 46.939190
v 118.931290 -245.530807 46.947926
v 104.611023 -249.866913 29.209270
v 121.130135 -247.655533 30.166372
v 137.977341 -244.601013 31.691212
v 122.697701 -248.498627 13.057168
v 143.304306 -244.587708 12.885858
v 156.738846 -240.951859 22.384472
v 159.633606 -240.234818 3.418038
v 173.258286 -236.168167 16.126019
v 173.719772 -235.626175 3.777792
v 187.551117 -229.820786 6.152044
v 173.317230 -234.624969 -7.872928
v 190.049347 -226.494888 -13.166122
v 170.895508 -231.642899 -28.425636
v 156.290802 -239.448395 -15.033312
v 138.595352 -245.094757 -4.527956
v 141.706009 -242.327667 -20.754452
v 152.307724 -237.824234 -28.864210
v 138.310532 -240.541763 -34.079285
v 122.528915 -246.469696 -19.461971
v 123.112976 -242.454788 -38.839417
v 123.374565 -248.029373 -3.435714
v 188.794296 -229.253738 26.951275
v 169.982101 -235.414688 38.227825
v 188.463440 -227.587875 44.099983
v 180.359161 -227.833191 60.285763
v 197.269669 -221.279465 57.813507
v 202.432175 -221.426331 40.113518
v 210.877548 -214.589432 54.408852
v 218.052628 -212.164490 38.855865
v 205.706558 -212.800568 77.621819
v 219.127441 -203.682693 83.636505
v 197.419189 -211.489288 99.820145
v 191.498566 -220.735535 72.801735
v 163.577255 -233.890640 57.740227
v 149.601990 -239.654373 47.774773
v 153.953094 -240.604385 34.643642
v 135.407013 -242.896851 46.367359
v 148.368576 -221.423950 -82.903130
v 204.313980 -180.976364 -94.367508
v 208.788849 -186.643921 -77.979500
v 213.428482 -191.938675 -61.591652
v 218.207840 -196.199142 -45.062897
v 208.344223 -189.493622 149.862503
v 172.337311 -218.214493 109.521507
v 96.539124 -235.635376 97.161209
v 9.448396 -239.817184 -102.169579
v -0.000000 -241.178574 -96.477821
v -0.000000 -239.886475 -102.973602
v -0.000000 -238.927902 -109.141426
v 9.331261 -237.338120 -118.395096
v 23.299896 -237.946976 -110.400513
v 24.262362 -240.863800 -93.499962
v 9.389824 -243.039612 -85.652237
v 24.747961 -245.100372 -73.284714
v 42.014347 -240.781525 -87.902779
v 46.875076 -244.691467 -68.759209
v 32.612133 -249.285980 -52.551361
v 11.383228 -249.564377 -55.934944
v 7.529266 -246.436569 -70.612091
v 0.000000 -248.718506 -61.409309
v 0.000000 -246.925812 -69.274841
v 0.000000 -244.824158 -78.817131
v 0.000000 -243.210724 -85.972221
v 0.000000 -250.629318 -52.852028
v 0.000000 -252.386978 -44.231182
v 52.981281 -247.662476 -53.730713
v 64.541992 -246.935440 -52.959007
v 65.089546 -244.494293 -63.013397
v 84.373901 -240.680832 -69.466011
v 101.495277 -235.093735 -80.304642
v 116.973625 -229.100693 -88.674194
v 133.670593 -221.487411 -97.308083
v 116.694931 -224.462250 -104.615669
v 126.698219 -217.962555 -116.782150
v 145.935776 -211.614532 -112.245041
v 149.793182 -215.617111 -96.297356
v 159.389160 -209.739670 -99.901810
v 161.767639 -204.065170 -110.889702
v 171.925018 -195.064697 -117.735672
v 184.722580 -189.736053 -108.828323
v 183.233200 -181.536499 -130.155167
v 199.905182 -175.473633 -111.481140
v 196.026978 -170.599945 -128.900375
v 192.846619 -166.514511 -146.642441
v 181.451935 -176.893600 -146.923782
v 180.591919 -172.937241 -163.145737
v 190.367798 -163.227570 -164.641495
v 188.511475 -160.571869 -182.809372
v 175.944183 -172.319031 -184.484512
v 165.675064 -183.938080 -168.728745
v 169.706024 -186.215805 -147.322083
v 152.579834 -195.613022 -156.974670
v 155.502548 -200.221588 -132.052200
v 136.989777 -206.458084 -147.339706
v 135.130402 -203.415115 -171.589157
v 152.936630 -192.084839 -174.143250
v 148.674774 -193.214584 -187.341537
v 162.651321 -183.238159 -186.004715
v 134.053406 -202.147217 -188.474075
v 118.841148 -209.966232 -189.402206
v 113.367653 -213.511642 -172.358536
v 103.142715 -216.610840 -190.133774
v 95.831505 -219.856262 -173.901627
v 87.103210 -222.077408 -190.686081
v 82.428558 -223.748062 -177.584457
v 70.948647 -226.393234 -191.082443
v 73.741531 -226.052399 -172.834579
v 61.924240 -228.402725 -174.552597
v 55.004730 -229.615295 -191.348465
v 46.615074 -230.910492 -173.392136
v 56.731998 -229.920578 -157.928711
v 69.341904 -227.494293 -162.066040
v 70.104843 -228.349152 -146.694061
v 52.378323 -231.793182 -138.019852
v 40.537796 -232.209946 -154.738876
v 36.393993 -233.511230 -139.613403
v 25.124485 -233.891800 -149.307663
v 27.894264 -233.033844 -170.792831
v 39.703510 -231.863434 -191.510849
v 25.450670 -233.289810 -191.596741
v 10.602513 -234.042221 -176.195602
v 12.344153 -234.087906 -191.632629
v 0.000000 -234.303864 -177.287582
v 0.000000 -234.432175 -191.644424
v 0.000000 -234.288681 -173.606049
v 0.000000 -234.362640 -169.686249
v 10.412691 -234.260895 -158.631500
v 0.000000 -234.559311 -155.667358
v 0.000000 -234.817963 -151.078461
v 11.413610 -235.241425 -137.464508
v 26.392090 -234.768173 -134.496796
v 21.658770 -236.114288 -124.399269
v -0.000000 -236.679504 -125.861244
v 0.000000 -235.494568 -137.860962
v -0.000000 -237.265030 -120.264366
v 38.298172 -235.128159 -122.146858
v 36.643639 -238.034073 -103.677643
v 54.860317 -235.887466 -106.565987
v 64.929916 -239.538666 -83.651726
v 77.390770 -233.344238 -103.670425
v 85.138618 -235.862457 -87.478439
v 99.312004 -229.956772 -100.547928
v 90.918266 -227.506790 -119.997246
v 69.812828 -230.856354 -124.907425
v 87.118271 -225.341293 -139.461990
v 83.555771 -224.328506 -160.443512
v 103.795403 -219.018768 -153.101486
v 102.343338 -222.126572 -133.512741
v 119.728661 -215.852081 -136.580841
v 122.035248 -211.742157 -156.244888
v 136.794220 -210.531876 -129.336578
v 109.152527 -223.129639 -118.790321
v 54.096153 -233.380463 -122.507881
v 169.899918 -190.900711 -132.068527
v 0.000000 -231.430054 -317.876343
v 17.218292 -232.107941 -300.748444
v 0.000000 -232.860565 -301.061615
v 6.037771 -233.756195 -282.637695
v -0.000000 -233.614929 -288.959778
v 0.000000 -233.964569 -283.067047
v 0.000000 -233.979965 -282.796112
v 0.000000 -234.635025 -265.450134
v 9.832130 -234.372040 -262.932983
v 22.149935 -233.119186 -275.558868
v 24.591434 -233.487030 -258.782898
v 20.187704 -234.192978 -245.918579
v 7.461454 -234.781464 -246.412552
v 0.000000 -234.690231 -263.520782
v 0.000000 -234.670944 -264.518829
v -0.000000 -234.984985 -246.240128
v 0.000000 -234.988327 -244.640396
v 6.903975 -234.815994 -229.032318
v 0.000000 -234.971359 -227.983459
v 0.000000 -234.950165 -225.823029
v 6.275188 -234.655960 -212.739182
v 19.188528 -234.152954 -213.412048
v 16.398031 -234.442703 -232.666199
v 29.307974 -233.353149 -228.950333
v 39.164955 -232.109680 -207.875015
v 59.519436 -228.695480 -210.099335
v 77.192345 -224.456131 -210.130066
v 90.451607 -220.370987 -210.849731
v 101.622200 -216.517181 -206.070282
v 114.081497 -211.229965 -202.210876
v 115.179138 -209.757812 -220.736206
v 131.399017 -202.244095 -203.806473
v 151.496902 -188.477478 -209.117264
v 166.077942 -177.257751 -206.297195
v 176.351212 -169.849426 -196.276291
v 177.084869 -165.761795 -217.009216
v 163.549423 -177.251038 -223.052505
v 174.015747 -165.897949 -237.092468
v 161.301605 -177.137070 -240.014587
v 170.440033 -167.348892 -250.846420
v 159.409393 -176.776672 -256.198517
v 171.670532 -164.151138 -265.682007
v 157.419708 -175.956085 -274.511810
v 170.303528 -162.602753 -284.601349
v 184.900635 -149.635971 -272.292450
v 185.420441 -151.727173 -254.501144
v 184.217773 -147.577255 -289.904022
v 167.109100 -161.849991 -307.226715
v 183.261032 -145.585022 -307.193054
v 169.087601 -157.744751 -326.055573
v 182.573853 -144.237732 -324.034973
v 169.677994 -156.760071 -342.523376
v 182.519989 -143.842377 -340.177155
v 169.732849 -156.424469 -357.656555
v 182.437347 -143.640945 -355.296265
v 169.753769 -156.405029 -371.521973
v 182.431686 -143.630798 -369.304840
v 170.227295 -156.957123 -384.361694
v 182.952057 -144.156754 -382.311066
v 170.308899 -157.151337 -396.648712
v 183.067322 -144.311661 -394.638824
v 170.241562 -157.352890 -408.701660
v 183.101013 -144.407700 -406.603516
v 157.010864 -169.484329 -410.589294
v 157.071030 -169.286026 -398.579620
v 143.237595 -180.824615 -412.277466
v 143.310867 -180.613312 -400.303894
v 128.929382 -191.213074 -413.752167
v 129.037262 -190.977173 -401.795532
v 114.164474 -200.462921 -414.997711
v 114.160110 -200.287445 -403.051788
v 98.829971 -208.555542 -416.021210
v 98.688622 -208.429626 -404.085602
v 82.774315 -215.516586 -416.835571
v 82.650040 -215.363663 -404.904907
v 66.261536 -221.225082 -417.436951
v 66.145134 -221.051880 -405.511536
v 49.438766 -225.666733 -417.837555
v 49.210812 -225.497681 -405.892548
v 32.346729 -228.880692 -418.055786
v 31.710459 -228.733368 -405.974945
v 14.994283 -230.905182 -418.107239
v 12.987292 -230.764893 -405.459473
v -0.000000 -231.603638 -415.993866
v 0.000000 -231.641876 -418.017029
v 0.000000 -231.412994 -405.910492
v 0.000000 -231.380127 -404.171631
v 12.585731 -230.564285 -393.681702
v 31.117535 -228.571930 -393.799316
v 30.838709 -228.322891 -381.206451
v 48.619408 -225.032349 -381.070892
v 48.907272 -225.324905 -393.774933
v 65.732475 -220.496277 -380.733032
v 65.973694 -220.867538 -393.427917
v 82.259590 -214.758774 -380.135834
v 82.508484 -215.181778 -392.823273
v 98.267464 -207.796738 -379.312836
v 98.545166 -208.259018 -391.997986
v 113.711929 -199.613037 -378.281097
v 114.034645 -200.118759 -390.957336
v 128.558075 -190.270645 -377.022034
v 128.933487 -190.805252 -389.691620
v 142.830215 -179.870636 -375.501801
v 143.244995 -180.419266 -388.179749
v 156.558136 -168.534363 -373.680664
v 157.001968 -169.091110 -386.399902
v 156.482147 -168.582535 -359.864471
v 142.703827 -179.937027 -361.712250
v 156.206116 -169.079269 -344.759674
v 142.318771 -180.469406 -346.733276
v 128.409988 -190.327103 -363.230927
v 128.015411 -190.815140 -348.142181
v 113.532913 -199.662323 -364.452179
v 112.998817 -200.160492 -349.219971
v 98.008560 -207.843613 -365.481689
v 97.322853 -208.337402 -350.386414
v 81.968025 -214.785324 -366.337677
v 81.284325 -215.203186 -351.346130
v 65.436005 -220.487335 -366.944458
v 64.833611 -220.815536 -351.922211
v 48.342014 -224.968414 -367.293396
v 47.803772 -225.227417 -352.231842
v 30.616114 -228.225357 -367.519287
v 12.462428 -230.355225 -381.568573
v 12.338908 -230.217911 -368.156708
v -0.000000 -230.968918 -381.566010
v -0.000000 -231.017456 -384.133789
v -0.000000 -231.177551 -393.313171
v 0.000000 -231.209579 -395.149139
v 0.000000 -230.788467 -372.021301
v -0.000000 -230.821167 -368.410187
v 11.975882 -230.378601 -352.377167
v 30.117008 -228.431885 -352.299774
v 28.757305 -228.764160 -335.642975
v 46.488613 -225.651321 -336.194580
v 63.316818 -221.401199 -336.076385
v 59.903141 -222.771927 -322.706818
v 76.941833 -217.814575 -317.112152
v 79.625290 -215.979645 -335.467865
v 91.736763 -211.742462 -320.673248
v 95.300026 -209.429993 -334.760773
v 106.434250 -204.987366 -316.721558
v 111.205612 -201.401001 -332.772644
v 124.423447 -195.061096 -312.547028
v 126.857697 -191.856339 -331.637146
v 139.909271 -183.922134 -314.663513
v 141.109985 -181.605637 -331.196228
v 151.803375 -174.348343 -315.879303
v 154.920746 -170.471115 -328.897278
v 153.088593 -176.243210 -296.919678
v 138.164841 -187.638748 -299.519684
v 140.864792 -188.274673 -281.356384
v 127.951408 -195.855637 -292.057617
v 129.034103 -196.847610 -279.518463
v 115.255432 -205.226837 -279.388458
v 129.665421 -198.028061 -265.541870
v 117.503120 -205.680206 -262.463379
v 103.685448 -212.938126 -258.978546
v 120.308342 -205.368561 -246.015060
v 102.133926 -215.060257 -236.465698
v 86.095703 -220.906281 -245.617798
v 84.989677 -220.210495 -265.534607
v 97.131622 -214.289688 -277.297028
v 82.824821 -219.502029 -283.911835
v 96.417458 -212.339828 -299.252258
v 78.293793 -219.516876 -299.253326
v 63.964775 -223.187866 -307.106018
v 67.533966 -223.909134 -290.195709
v 51.739765 -227.309006 -297.264954
v 56.427723 -227.361069 -282.214600
v 39.235062 -230.546127 -284.253906
v 35.923187 -229.620132 -303.723053
v 45.059811 -226.554581 -317.332855
v 24.819721 -229.552444 -319.089111
v 10.904114 -230.583801 -335.782654
v 8.970147 -230.841095 -321.147461
v 0.000000 -231.139709 -333.898987
v 0.000000 -231.106689 -336.875275
v -0.000000 -230.978714 -351.010345
v 0.000000 -230.947601 -354.448303
v 0.000000 -231.301636 -319.309174
v 37.527905 -231.906525 -263.335571
v 53.853394 -228.837448 -267.535461
v 51.725307 -229.987213 -248.490097
v 34.891403 -232.733047 -245.650696
v 47.068207 -230.989182 -228.688309
v 68.301949 -226.614273 -231.886780
v 69.113953 -225.744705 -255.128220
v 87.281166 -221.155243 -226.008102
v 69.334442 -224.666992 -273.661072
v 115.078423 -202.797760 -300.058899
v 99.318275 -216.820007 -220.324341
v 136.505295 -196.944595 -228.729813
v 136.177414 -195.270493 -249.011032
v 148.529022 -186.998245 -243.955399
v 145.719681 -187.244232 -261.684509
v 152.060928 -185.844467 -228.848404
v 185.926529 -153.834183 -236.612289
v 186.539917 -155.956085 -218.673157
v 187.364883 -158.155914 -200.723480
v 0.000000 -234.697250 -207.054657
v 0.000000 -234.732819 -209.777588
v 200.813721 -136.995209 -234.786377
v 195.831665 -144.989319 -222.370514
v 197.204025 -146.906784 -202.896149
v 200.788696 -147.529739 -181.104431
v 212.479080 -129.437469 -195.636719
v 207.960403 -130.709961 -219.426514
v 221.134338 -113.810608 -213.358261
v 224.080292 -112.838875 -196.316956
v 223.066025 -119.279266 -177.384415
v 212.297104 -133.761139 -179.281967
v 230.790955 -104.309120 -188.696671
v 233.089310 -104.092102 -175.442200
v 240.550781 -87.249260 -186.552673
v 233.148819 -96.376358 -206.287399
v 244.099915 -76.553558 -204.965912
v 250.380844 -67.935814 -187.976151
v 250.159409 -64.901421 -204.222275
v 249.362610 -63.694881 -220.794968
v 240.574905 -79.882439 -223.530563
v 247.794632 -64.365211 -238.155136
v 238.134369 -81.328537 -242.884567
v 246.192001 -65.069611 -256.170227
v 235.334518 -83.122009 -263.782318
v 245.307938 -64.107094 -274.558411
v 235.765305 -80.282379 -278.680054
v 234.545715 -79.769348 -294.052734
v 227.047775 -94.336838 -282.665314
v 224.764175 -94.480835 -302.132050
v 226.503342 -89.657791 -315.353241
v 236.104172 -74.811340 -312.015594
v 245.154251 -61.640980 -292.690002
v 245.355759 -58.970966 -309.715820
v 236.719330 -72.633492 -328.094421
v 245.667480 -57.018166 -325.346924
v 237.027298 -71.645645 -342.880280
v 246.011871 -55.933743 -339.849213
v 237.362640 -71.360931 -356.554871
v 246.367203 -55.511169 -353.465393
v 237.729019 -71.435822 -369.359009
v 246.697266 -55.465157 -366.317596
v 237.939301 -71.554787 -381.611023
v 246.931641 -55.534843 -378.599518
v 238.353760 -71.793381 -393.639099
v 247.061218 -55.592556 -390.589813
v 228.655457 -87.491890 -396.568970
v 228.683380 -87.366280 -384.699493
v 218.179581 -102.579742 -399.335419
v 218.250641 -102.387894 -387.443237
v 207.126450 -116.977226 -401.912231
v 207.149490 -116.839264 -390.022919
v 195.504532 -130.819458 -404.318573
v 195.401901 -130.811478 -392.420563
v 195.272751 -130.698532 -380.232056
v 207.038986 -116.727737 -377.919403
v 206.412262 -116.240059 -365.204407
v 217.516464 -101.758789 -362.693695
v 218.173721 -102.246758 -375.354797
v 227.927856 -86.753250 -359.982086
v 228.611496 -87.228943 -372.615448
v 227.840927 -86.924057 -346.215454
v 217.410660 -101.933670 -348.890320
v 227.574341 -87.660492 -331.166412
v 217.090302 -102.680412 -333.907257
v 206.293976 -116.397820 -351.364899
v 194.694092 -130.200943 -367.385925
v 194.601089 -130.307968 -353.467377
v 194.445175 -130.774124 -338.555817
v 206.012726 -117.043831 -336.434937
v 205.149292 -118.403519 -321.034698
v 216.051575 -104.414330 -318.341309
v 215.288284 -108.089943 -301.082031
v 203.887268 -121.722122 -308.351715
v 193.992752 -131.588867 -323.249695
v 194.782898 -132.815170 -306.904419
v 195.158188 -135.473053 -288.740265
v 192.269562 -141.544113 -270.789581
v 205.682098 -125.948875 -267.906891
v 196.744095 -139.358963 -251.690613
v 208.356232 -125.915932 -246.091019
v 208.966507 -127.095741 -233.496765
v 217.841385 -114.841454 -234.617050
v 217.842987 -111.714333 -255.466934
v 228.229248 -97.571724 -247.892654
v 225.985474 -98.609413 -264.315033
v 217.718658 -109.147911 -274.096100
v 217.695190 -107.273018 -286.587311
v 207.874176 -119.764709 -290.228333
v 230.255737 -97.412422 -228.111984
v 250.592133 -71.607109 -171.462677
v 241.863480 -89.762840 -169.970108
v 262.236450 -134.741501 -43.016880
v 254.074554 -152.735809 -40.366913
v 253.124252 -141.646088 -57.015804
v 262.104034 -122.298805 -57.591930
v 272.159058 -112.522964 -37.901581
v 267.775574 -104.434700 -59.673748
v 275.032898 -90.756836 -51.358044
v 279.814178 -93.760620 -34.715508
v 283.817688 -97.825592 -16.644394
v 277.695740 -116.214523 -15.565000
v 267.409088 -139.207077 -22.112005
v 277.011292 -127.816803 -2.269798
v 287.600006 -101.800323 2.118164
v 284.848816 -120.863602 19.047522
v 292.037384 -104.843063 23.575291
v 297.933533 -106.444351 49.035103
v 281.232666 -138.188751 35.537224
v 273.507568 -144.386612 10.094691
v 270.088226 -156.818634 24.727503
v 261.850372 -164.933136 9.173264
v 257.804718 -174.897720 26.701967
v 249.355988 -181.697891 7.295557
v 252.592163 -172.503006 -7.618999
v 263.808228 -154.955688 -6.546016
v 254.856964 -162.145950 -23.051294
v 243.429718 -178.565521 -23.318817
v 245.027084 -169.073273 -37.178051
v 232.578461 -183.897461 -39.612209
v 233.791077 -190.467880 -22.499397
v 240.539780 -187.551010 -8.920403
v 246.059814 -187.569504 18.934662
v 271.716675 -159.352325 42.501682
v 269.303650 -165.020340 58.624760
v 277.468536 -155.672058 69.615700
v 283.582886 -147.478760 76.553886
v 285.123871 -144.784027 66.905159
v 280.077087 -150.875656 57.054031
v 288.977051 -132.632568 58.278244
v 281.387390 -145.393539 47.856899
v 291.120392 -134.344971 75.590553
v 306.041656 -105.080971 77.870239
v 295.680115 -129.042908 87.991959
v 287.386169 -143.327927 86.372772
v 292.074921 -137.336273 96.804787
v 302.412811 -121.271835 103.356247
v 316.122711 -107.176506 119.968758
v 316.212219 -112.381371 134.168030
v 316.056213 -100.381020 108.103172
v 222.443100 -183.439041 -60.279373
v 238.995819 -164.136078 -58.486122
v 221.116653 -174.066818 -77.578033
v 217.470261 -168.139236 -92.771034
v 232.609268 -157.643433 -80.051498
v 229.641037 -154.275787 -90.357040
v 240.927460 -139.415680 -87.062225
v 245.516403 -142.967773 -72.691887
v 254.706070 -128.005997 -69.822250
v 251.274582 -123.498940 -83.078606
v 260.864685 -108.151390 -75.305038
v 270.753967 -142.399841 -5.378860
v 268.770844 -88.327652 -75.010445
v 199.696899 -152.186172 -168.560898
v 203.828842 -152.964172 -152.166336
v 207.258408 -157.221573 -132.563080
v 217.458679 -141.949722 -138.317215
v 214.506088 -136.043991 -162.238754
v 228.519226 -124.406105 -141.353745
v 229.533386 -114.881065 -159.975067
v 240.176163 -104.081100 -142.874908
v 239.774872 -115.676582 -123.007454
v 229.658188 -133.060822 -121.981506
v 240.465698 -126.932098 -104.228569
v 230.782837 -142.087769 -105.037453
v 220.327698 -148.114548 -119.199669
v 223.406311 -151.835358 -106.308426
v 212.433640 -163.365723 -109.662117
v 249.763214 -108.324738 -105.301552
v 257.290253 -102.452026 -91.976982
v 264.325531 -87.019547 -90.243927
v 260.401703 -84.023895 -107.009209
v 249.428513 -96.761589 -123.389816
v 257.203156 -79.861336 -124.623810
v 249.560028 -88.483589 -137.582214
v 254.677689 -76.117744 -141.321136
v 246.837143 -86.119980 -154.392502
v 252.798904 -72.930771 -155.234467
v 238.270294 -99.788628 -161.188736
v -11.598126 -242.549683 94.024956
v -0.000000 -245.889877 83.218216
v 0.000000 -243.021301 94.032814
v -12.630879 -246.447784 79.138062
v 0.000000 -247.432480 77.397598
v 0.000000 -250.127289 66.256203
v -14.907529 -250.763855 61.041954
v 0.000000 -251.420288 60.913315
v 0.000000 -252.456741 55.719048
v -9.198936 -254.333160 44.350315
v 0.000000 -254.679016 44.557735
v 0.000000 -256.216522 33.510132
v -11.720713 -256.464722 28.390102
v 0.000000 -256.947235 28.290880
v 0.000000 -257.664124 17.512871
v -13.798905 -257.456268 9.962701
v -0.000000 -258.033447 12.070230
v 0.000000 -257.906128 1.665496
v -9.073408 -257.460480 -4.627678
v -0.000000 -257.846283 -4.160749
v 0.000000 -257.311615 -10.335252
v -11.415685 -256.143738 -18.760851
v 0.000000 -256.417725 -20.374910
v -0.000000 -255.372452 -27.229319
v -15.401874 -253.159668 -37.453396
v 0.000000 -253.917984 -36.577183
v -26.302217 -254.524979 -25.491587
v -29.101078 -256.324524 -7.124569
v -44.586445 -253.260620 -27.106726
v -31.033316 -252.118118 -38.912796
v -46.849926 -250.668137 -41.474781
v -62.492451 -248.688431 -45.439411
v -65.201668 -252.331329 -23.917685
v -50.640938 -254.778610 -10.586628
v -67.343384 -254.108871 -5.077785
v -46.734875 -255.729355 7.655352
v -29.991528 -256.673706 8.431909
v -30.367338 -256.065643 21.467773
v -51.557777 -254.169144 30.156214
v -68.567795 -254.253250 13.787317
v -71.706055 -252.921707 29.293692
v -68.236458 -250.595535 46.921417
v -84.842087 -250.884659 36.310043
v -86.567520 -252.356262 19.975985
v -104.611023 -249.866913 29.209270
v -102.329384 -251.211472 11.924975
v -88.566986 -252.480896 0.503419
v -84.497078 -251.379349 -19.308908
v -101.646080 -249.912674 -15.104930
v -103.021370 -246.699112 -34.728821
v -122.528915 -246.469696 -19.461971
v -110.045853 -250.003571 -2.200307
v -123.374565 -248.029373 -3.435714
v -138.595352 -245.094757 -4.527956
v -141.706009 -242.327667 -20.754452
v -138.310532 -240.541763 -34.079285
v -152.307724 -237.824234 -28.864210
v -153.959473 -233.449020 -43.971043
v -170.895508 -231.642899 -28.425636
v -156.290802 -239.448395 -15.033312
v -173.317230 -234.624969 -7.872928
v -190.049347 -226.494888 -13.166122
v -187.551117 -229.820786 6.152044
v -203.400085 -221.064850 0.968888
v -207.352936 -219.827484 20.285276
v -221.760742 -209.085968 6.493396
v -208.798096 -215.199799 -13.230730
v -228.592819 -199.209152 -11.680444
v -212.560852 -208.493942 -26.461851
v -194.094086 -218.821823 -33.483521
v -207.882309 -205.021210 -44.731853
v -192.373993 -212.398026 -52.532864
v -174.369064 -222.442459 -52.388607
v -185.704330 -209.945038 -67.172920
v -171.006912 -216.137390 -71.263519
v -151.568222 -226.524200 -66.713303
v -163.109360 -213.182587 -87.452560
v -180.747833 -205.937042 -81.829666
v -177.544922 -203.617584 -90.854172
v -191.356552 -192.838837 -93.097206
v -195.394592 -196.824173 -79.947113
v -200.633194 -201.233734 -64.153175
v -208.788849 -186.643921 -77.979500
v -204.313980 -180.976364 -94.367508
v -213.428482 -191.938675 -61.591652
v -218.207840 -196.199142 -45.062897
v -223.213013 -198.780762 -28.364016
v -148.368576 -221.423950 -82.903130
v -133.757416 -228.388336 -77.353409
v -131.184097 -233.433868 -64.228104
v -135.698456 -236.706787 -50.674294
v -115.776802 -239.851379 -54.550220
v -123.112976 -242.454788 -38.839417
v -91.861786 -242.885590 -57.204414
v -80.938736 -248.491653 -38.364597
v -77.546608 -246.125595 -50.795784
v -105.696754 -238.905472 -64.118492
v -119.522049 -234.059418 -70.965561
v -234.538727 -197.434113 4.573834
v -240.638245 -193.304855 20.084902
v -224.367645 -208.002304 24.401651
v -232.114227 -201.657608 35.446655
v -247.169113 -187.823654 34.543213
v -227.762817 -203.106140 58.230762
v -246.375580 -187.922119 60.029686
v -253.578781 -181.069824 48.079384
v -260.791077 -174.265640 60.983654
v -250.972610 -182.207687 78.217209
v -267.929443 -166.537048 73.479500
v -257.206665 -174.420090 93.038445
v -275.211304 -157.990768 85.702400
v -264.786285 -164.798798 108.097786
v -282.772095 -148.887527 97.787140
v -277.401917 -150.980316 119.918953
v -290.618195 -139.649216 109.973351
v -290.729187 -137.891357 132.473129
v -302.801727 -124.775764 122.848511
v -305.202362 -124.204704 137.419464
v -301.654694 -128.048141 148.607803
v -316.328308 -115.606911 149.217133
v -287.288330 -139.938232 146.466949
v -272.961121 -151.092651 143.685577
v -260.819702 -162.472046 129.583939
v -257.860687 -161.757401 142.151062
v -241.593109 -171.987518 142.737656
v -248.054077 -173.008820 123.888138
v -244.081299 -179.739502 111.630295
v -227.443024 -185.002335 129.341095
v -227.239349 -189.392410 117.205788
v -200.572769 -202.248001 128.073792
v -204.901306 -196.159912 138.099197
v -224.841949 -181.269562 145.507278
v -208.344223 -189.493622 149.862503
v -233.999374 -189.268799 101.020355
v -219.287201 -199.625641 99.163460
v -233.730331 -194.879395 80.113213
v -219.127441 -203.682693 83.636505
v -205.542328 -206.331955 103.244415
v -205.706558 -212.800568 77.621819
v -197.419189 -211.489288 99.820145
v -196.248947 -208.823975 111.661507
v -193.659637 -211.063629 108.508926
v -189.138718 -211.309006 115.920288
v -193.299561 -208.282669 119.800316
v -197.460403 -205.256348 123.680351
v -190.807571 -212.649948 107.380226
v -187.525482 -212.152069 115.002922
v -185.912262 -212.995117 114.085556
v -189.936066 -216.783081 91.938278
v -173.978012 -221.441315 95.176582
v -180.930283 -223.461166 78.843971
v -166.058258 -228.788940 76.821205
v -180.359161 -227.833191 60.285763
v -191.498566 -220.735535 72.801735
v -197.269669 -221.279465 57.813507
v -188.463440 -227.587875 44.099983
v -169.982101 -235.414688 38.227825
v -188.794296 -229.253738 26.951275
v -202.432175 -221.426331 40.113518
v -218.052628 -212.164490 38.855865
v -210.877548 -214.589432 54.408852
v -173.258286 -236.168167 16.126019
v -173.719772 -235.626175 3.777792
v -159.633606 -240.234818 3.418038
v -156.738846 -240.951859 22.384472
v -143.304306 -244.587708 12.885858
v -137.977341 -244.601013 31.691212
v -122.697701 -248.498627 13.057168
v -121.130135 -247.655533 30.166372
v -118.931290 -245.530807 46.947926
v -96.008461 -248.217056 46.939190
v -101.483833 -243.727966 65.323601
v -119.464226 -241.231110 66.261681
v -133.988968 -240.491653 59.285748
v -129.652771 -235.974533 80.244804
v -149.041794 -235.355087 68.299469
v -149.601990 -239.654373 47.774773
v -163.577255 -233.890640 57.740227
v -153.953094 -240.604385 34.643642
v -135.407013 -242.896851 46.367359
v -148.717239 -229.771469 89.326035
v -162.141815 -225.943832 91.460510
v -158.739777 -222.710175 105.943848
v -172.337311 -218.214493 109.521507
v -144.419083 -226.689194 103.021843
v -129.244217 -230.164413 100.633049
v -113.255875 -233.135880 98.701569
v -112.365845 -238.822449 79.186546
v -97.504852 -238.927612 85.226151
v -82.366493 -243.213623 74.809059
v -78.947639 -237.759766 95.929321
v -63.281559 -243.322372 80.412834
v -70.256981 -246.764938 64.441002
v -55.406116 -248.189194 62.838909
v -47.957199 -251.556580 48.733105
v -37.454487 -249.586075 61.364578
v -47.441338 -245.649582 75.353622
v -32.021420 -245.926514 77.639481
v -28.843264 -253.707214 42.354000
v -50.434437 -240.416779 94.564102
v -59.436974 -239.712738 94.880241
v -30.244537 -241.619766 94.191231
v -83.404747 -247.262451 57.460487
v -82.965752 -249.493439 46.753925
v -96.539124 -235.635376 97.161209
v -0.000000 -241.178574 -96.477821
v -9.448396 -239.817184 -102.169579
v -0.000000 -239.886475 -102.973602
v -0.000000 -238.927902 -109.141426
v -9.331261 -237.338120 -118.395096
v -0.000000 -237.265030 -120.264366
v -0.000000 -236.679504 -125.861244
v -11.413610 -235.241425 -137.464508
v 0.000000 -235.494568 -137.860962
v 0.000000 -234.817963 -151.078461
v -10.412691 -234.260895 -158.631500
v 0.000000 -234.559311 -155.667358
v 0.000000 -234.362640 -169.686249
v -10.602513 -234.042221 -176.195602
v 0.000000 -234.288681 -173.606049
v 0.000000 -234.303864 -177.287582
v -12.344153 -234.087906 -191.632629
v 0.000000 -234.432175 -191.644424
v -25.450670 -233.289810 -191.596741
v -27.894264 -233.033844 -170.792831
v -39.703510 -231.863434 -191.510849
v -46.615074 -230.910492 -173.392136
v -55.004730 -229.615295 -191.348465
v -61.924240 -228.402725 -174.552597
v -70.948647 -226.393234 -191.082443
v -73.741531 -226.052399 -172.834579
v -69.341904 -227.494293 -162.066040
v -83.555771 -224.328506 -160.443512
v -70.104843 -228.349152 -146.694061
v -87.118271 -225.341293 -139.461990
v -103.795403 -219.018768 -153.101486
v -95.831505 -219.856262 -173.901627
v -113.367653 -213.511642 -172.358536
v -103.142715 -216.610840 -190.133774
v -87.103210 -222.077408 -190.686081
v -82.428558 -223.748062 -177.584457
v -118.841148 -209.966232 -189.402206
v -135.130402 -203.415115 -171.589157
v -122.035248 -211.742157 -156.244888
v -136.989777 -206.458084 -147.339706
v -119.728661 -215.852081 -136.580841
v -136.794220 -210.531876 -129.336578
v -155.502548 -200.221588 -132.052200
v -152.579834 -195.613022 -156.974670
v -169.706024 -186.215805 -147.322083
v -165.675064 -183.938080 -168.728745
v -180.591919 -172.937241 -163.145737
v -175.944183 -172.319031 -184.484512
v -188.511475 -160.571869 -182.809372
v -190.367798 -163.227570 -164.641495
v -192.846619 -166.514511 -146.642441
v -181.451935 -176.893600 -146.923782
v -183.233200 -181.536499 -130.155167
v -169.899918 -190.900711 -132.068527
v -171.925018 -195.064697 -117.735672
v -184.722580 -189.736053 -108.828323
v -199.905182 -175.473633 -111.481140
v -196.026978 -170.599945 -128.900375
v -161.767639 -204.065170 -110.889702
v -145.935776 -211.614532 -112.245041
v -159.389160 -209.739670 -99.901810
v -149.793182 -215.617111 -96.297356
v -133.670593 -221.487411 -97.308083
v -116.973625 -229.100693 -88.674194
v -101.495277 -235.093735 -80.304642
v -99.312004 -229.956772 -100.547928
v -85.138618 -235.862457 -87.478439
v -84.373901 -240.680832 -69.466011
v -65.089546 -244.494293 -63.013397
v -64.929916 -239.538666 -83.651726
v -46.875076 -244.691467 -68.759209
v -52.981281 -247.662476 -53.730713
v -64.541992 -246.935440 -52.959007
v -32.612133 -249.285980 -52.551361
v -11.383228 -249.564377 -55.934944
v 0.000000 -252.386978 -44.231182
v 0.000000 -250.629318 -52.852028
v 0.000000 -248.718506 -61.409309
v -7.529266 -246.436569 -70.612091
v 0.000000 -246.925812 -69.274841
v 0.000000 -244.824158 -78.817131
v -9.389824 -243.039612 -85.652237
v 0.000000 -243.210724 -85.972221
v -24.747961 -245.100372 -73.284714
v -24.262362 -240.863800 -93.499962
v -23.299896 -237.946976 -110.400513
v -36.643639 -238.034073 -103.677643
v -38.298172 -235.128159 -122.146858
v -54.860317 -235.887466 -106.565987
v -42.014347 -240.781525 -87.902779
v -77.390770 -233.344238 -103.670425
v -69.812828 -230.856354 -124.907425
v -90.918266 -227.506790 -119.997246
v -102.343338 -222.126572 -133.512741
v -109.152527 -223.129639 -118.790321
v -116.694931 -224.462250 -104.615669
v -126.698219 -217.962555 -116.782150
v -54.096153 -233.380463 -122.507881
v -52.378323 -231.793182 -138.019852
v -36.393993 -233.511230 -139.613403
v -40.537796 -232.209946 -154.738876
v -25.124485 -233.891800 -149.307663
v -26.392090 -234.768173 -134.496796
v -21.658770 -236.114288 -124.399269
v -56.731998 -229.920578 -157.928711
v -162.651321 -183.238159 -186.004715
v -152.936630 -192.084839 -174.143250
v -148.674774 -193.214584 -187.341537
v -134.053406 -202.147217 -188.474075
v -17.218292 -232.107941 -300.748444
v 0.000000 -231.430054 -317.876343
v 0.000000 -232.860565 -301.061615
v -6.037771 -233.756195 -282.637695
v -0.000000 -233.614929 -288.959778
v 0.000000 -233.964569 -283.067047
v 0.000000 -233.979965 -282.796112
v 0.000000 -234.635025 -265.450134
v -9.832130 -234.372040 -262.932983
v -22.149935 -233.119186 -275.558868
v -24.591434 -233.487030 -258.782898
v -20.187704 -234.192978 -245.918579
v -34.891403 -232.733047 -245.650696
v -29.307974 -233.353149 -228.950333
v -47.068207 -230.989182 -228.688309
v -51.725307 -229.987213 -248.490097
v -37.527905 -231.906525 -263.335571
v -53.853394 -228.837448 -267.535461
v -69.113953 -225.744705 -255.128220
v -68.301949 -226.614273 -231.886780
v -86.095703 -220.906281 -245.617798
v -84.989677 -220.210495 -265.534607
v -103.685448 -212.938126 -258.978546
v -97.131622 -214.289688 -277.297028
v -115.255432 -205.226837 -279.388458
v -96.417458 -212.339828 -299.252258
v -82.824821 -219.502029 -283.911835
v -78.293793 -219.516876 -299.253326
v -67.533966 -223.909134 -290.195709
v -69.334442 -224.666992 -273.661072
v -56.427723 -227.361069 -282.214600
v -39.235062 -230.546127 -284.253906
v -51.739765 -227.309006 -297.264954
v -35.923187 -229.620132 -303.723053
v -24.819721 -229.552444 -319.089111
v -8.970147 -230.841095 -321.147461
v -10.904114 -230.583801 -335.782654
v 0.000000 -231.139709 -333.898987
v 0.000000 -231.106689 -336.875275
v -0.000000 -230.978714 -351.010345
v -11.975882 -230.378601 -352.377167
v 0.000000 -230.947601 -354.448303
v -0.000000 -230.821167 -368.410187
v -12.338908 -230.217911 -368.156708
v 0.000000 -230.788467 -372.021301
v -0.000000 -230.968918 -381.566010
v -12.462428 -230.355225 -381.568573
v -0.000000 -231.017456 -384.133789
v -0.000000 -231.177551 -393.313171
v -12.585731 -230.564285 -393.681702
v 0.000000 -231.209579 -395.149139
v 0.000000 -231.380127 -404.171631
v -12.987292 -230.764893 -405.459473
v 0.000000 -231.412994 -405.910492
v -0.000000 -231.603638 -415.993866
v -14.994283 -230.905182 -418.107239
v 0.000000 -231.641876 -418.017029
v -31.710459 -228.733368 -405.974945
v -32.346729 -228.880692 -418.055786
v -49.210812 -225.497681 -405.892548
v -49.438766 -225.666733 -417.837555
v -66.145134 -221.051880 -405.511536
v -66.261536 -221.225082 -417.436951
v -82.650040 -215.363663 -404.904907
v -82.774315 -215.516586 -416.835571
v -98.688622 -208.429626 -404.085602
v -98.829971 -208.555542 -416.021210
v -114.160110 -200.287445 -403.051788
v -114.164474 -200.462921 -414.997711
v -129.037262 -190.977173 -401.795532
v -128.929382 -191.213074 -413.752167
v -143.310867 -180.613312 -400.303894
v -143.237595 -180.824615 -412.277466
v -157.071030 -169.286026 -398.579620
v -157.010864 -169.484329 -410.589294
v -170.308899 -157.151337 -396.648712
v -170.241562 -157.352890 -408.701660
v -183.067322 -144.311661 -394.638824
v -183.101013 -144.407700 -406.603516
v -182.952057 -144.156754 -382.311066
v -170.227295 -156.957123 -384.361694
v -182.431686 -143.630798 -369.304840
v -169.753769 -156.405029 -371.521973
v -157.001968 -169.091110 -386.399902
v -156.558136 -168.534363 -373.680664
v -143.244995 -180.419266 -388.179749
v -142.830215 -179.870636 -375.501801
v -128.933487 -190.805252 -389.691620
v -128.558075 -190.270645 -377.022034
v -114.034645 -200.118759 -390.957336
v -113.711929 -199.613037 -378.281097
v -98.545166 -208.259018 -391.997986
v -98.267464 -207.796738 -379.312836
v -82.508484 -215.181778 -392.823273
v -82.259590 -214.758774 -380.135834
v -65.973694 -220.867538 -393.427917
v -65.732475 -220.496277 -380.733032
v -48.907272 -225.324905 -393.774933
v -48.619408 -225.032349 -381.070892
v -31.117535 -228.571930 -393.799316
v -30.838709 -228.322891 -381.206451
v -48.342014 -224.968414 -367.293396
v -65.436005 -220.487335 -366.944458
v -64.833611 -220.815536 -351.922211
v -81.284325 -215.203186 -351.346130
v -81.968025 -214.785324 -366.337677
v -97.322853 -208.337402 -350.386414
v -98.008560 -207.843613 -365.481689
v -112.998817 -200.160492 -349.219971
v -113.532913 -199.662323 -364.452179
v -128.015411 -190.815140 -348.142181
v -128.409988 -190.327103 -363.230927
v -142.318771 -180.469406 -346.733276
v -142.703827 -179.937027 -361.712250
v -156.206116 -169.079269 -344.759674
v -156.482147 -168.582535 -359.864471
v -169.677994 -156.760071 -342.523376
v -169.732849 -156.424469 -357.656555
v -182.519989 -143.842377 -340.177155
v -182.437347 -143.640945 -355.296265
v -182.573853 -144.237732 -324.034973
v -169.087601 -157.744751 -326.055573
v -183.261032 -145.585022 -307.193054
v -167.109100 -161.849991 -307.226715
v -154.920746 -170.471115 -328.897278
v -151.803375 -174.348343 -315.879303
v -141.109985 -181.605637 -331.196228
v -139.909271 -183.922134 -314.663513
v -126.857697 -191.856339 -331.637146
v -124.423447 -195.061096 -312.547028
v -111.205612 -201.401001 -332.772644
v -106.434250 -204.987366 -316.721558
v -95.300026 -209.429993 -334.760773
v -91.736763 -211.742462 -320.673248
v -79.625290 -215.979645 -335.467865
v -76.941833 -217.814575 -317.112152
v -63.316818 -221.401199 -336.076385
v -47.803772 -225.227417 -352.231842
v -46.488613 -225.651321 -336.194580
v -30.117008 -228.431885 -352.299774
v -30.616114 -228.225357 -367.519287
v -28.757305 -228.764160 -335.642975
v -45.059811 -226.554581 -317.332855
v -59.903141 -222.771927 -322.706818
v -63.964775 -223.187866 -307.106018
v -115.078423 -202.797760 -300.058899
v -127.951408 -195.855637 -292.057617
v -129.034103 -196.847610 -279.518463
v -140.864792 -188.274673 -281.356384
v -129.665421 -198.028061 -265.541870
v -145.719681 -187.244232 -261.684509
v -136.177414 -195.270493 -249.011032
v -120.308342 -205.368561 -246.015060
v -136.505295 -196.944595 -228.729813
v -148.529022 -186.998245 -243.955399
v -152.060928 -185.844467 -228.848404
v -151.496902 -188.477478 -209.117264
v -163.549423 -177.251038 -223.052505
v -161.301605 -177.137070 -240.014587
v -174.015747 -165.897949 -237.092468
v -170.440033 -167.348892 -250.846420
v -159.409393 -176.776672 -256.198517
v -157.419708 -175.956085 -274.511810
v -171.670532 -164.151138 -265.682007
v -170.303528 -162.602753 -284.601349
v -184.900635 -149.635971 -272.292450
v -185.420441 -151.727173 -254.501144
v -184.217773 -147.577255 -289.904022
v -153.088593 -176.243210 -296.919678
v -138.164841 -187.638748 -299.519684
v -185.926529 -153.834183 -236.612289
v -177.084869 -165.761795 -217.009216
v -186.539917 -155.956085 -218.673157
v -187.364883 -158.155914 -200.723480
v -176.351212 -169.849426 -196.276291
v -166.077942 -177.257751 -206.297195
v -131.399017 -202.244095 -203.806473
v -114.081497 -211.229965 -202.210876
v -101.622200 -216.517181 -206.070282
v -90.451607 -220.370987 -210.849731
v -99.318275 -216.820007 -220.324341
v -87.281166 -221.155243 -226.008102
v -77.192345 -224.456131 -210.130066
v -59.519436 -228.695480 -210.099335
v -39.164955 -232.109680 -207.875015
v -19.188528 -234.152954 -213.412048
v -16.398031 -234.442703 -232.666199
v -6.903975 -234.815994 -229.032318
v -7.461454 -234.781464 -246.412552
v 0.000000 -234.988327 -244.640396
v 0.000000 -234.971359 -227.983459
v 0.000000 -234.950165 -225.823029
v -6.275188 -234.655960 -212.739182
v 0.000000 -234.732819 -209.777588
v 0.000000 -234.697250 -207.054657
v -0.000000 -234.984985 -246.240128
v 0.000000 -234.690231 -263.520782
v 0.000000 -234.670944 -264.518829
v -102.133926 -215.060257 -236.465698
v -115.179138 -209.757812 -220.736206
v -117.503120 -205.680206 -262.463379
v 0.000000 -231.301636 -319.309174
v -200.813721 -136.995209 -234.786377
v -195.831665 -144.989319 -222.370514
v -207.960403 -130.709961 -219.426514
v -197.204025 -146.906784 -202.896149
v -200.788696 -147.529739 -181.104431
v -212.479080 -129.437469 -195.636719
v -212.297104 -133.761139 -179.281967
v -223.066025 -119.279266 -177.384415
v -224.080292 -112.838875 -196.316956
v -230.790955 -104.309120 -188.696671
v -233.148819 -96.376358 -206.287399
v -240.574295 -87.258987 -186.556229
v -233.089310 -104.092102 -175.442200
v -241.888824 -89.773331 -169.973938
v -250.712540 -71.656929 -171.480865
v -250.435410 -67.958389 -187.984390
v -244.110687 -76.558014 -204.967545
v -250.174454 -64.907646 -204.224548
v -249.364487 -63.695660 -220.795242
v -240.575714 -79.882774 -223.530685
v -230.255737 -97.412422 -228.111984
v -221.134338 -113.810608 -213.358261
v -217.841385 -114.841454 -234.617050
v -208.966507 -127.095741 -233.496765
v -208.356232 -125.915932 -246.091019
v -196.744095 -139.358963 -251.690613
v -205.682098 -125.948875 -267.906891
v -217.842987 -111.714333 -255.466934
v -217.718658 -109.147911 -274.096100
v -207.874176 -119.764709 -290.228333
v -195.158188 -135.473053 -288.740265
v -192.269562 -141.544113 -270.789581
v -194.782898 -132.815170 -306.904419
v -193.992752 -131.588867 -323.249695
v -194.445175 -130.774124 -338.555817
v -194.601089 -130.307968 -353.467377
v -194.694092 -130.200943 -367.385925
v -195.272751 -130.698532 -380.232056
v -195.401901 -130.811478 -392.420563
v -195.504532 -130.819458 -404.318573
v -207.149490 -116.839264 -390.022919
v -207.126450 -116.977226 -401.912231
v -218.250641 -102.387894 -387.443237
v -218.179581 -102.579742 -399.335419
v -228.683380 -87.366280 -384.699493
v -228.655457 -87.491890 -396.568970
v -237.939301 -71.554787 -381.611023
v -238.353760 -71.793381 -393.639099
v -246.931641 -55.534843 -378.599518
v -247.061218 -55.592556 -390.589813
v -246.697266 -55.465157 -366.317596
v -237.729019 -71.435822 -369.359009
v -246.367203 -55.511169 -353.465393
v -237.362640 -71.360931 -356.554871
v -228.611496 -87.228943 -372.615448
v -227.927856 -86.753250 -359.982086
v -218.173721 -102.246758 -375.354797
v -217.516464 -101.758789 -362.693695
v -207.038986 -116.727737 -377.919403
v -206.412262 -116.240059 -365.204407
v -217.410660 -101.933670 -348.890320
v -227.840927 -86.924057 -346.215454
v -227.574341 -87.660492 -331.166412
v -236.719330 -72.633492 -328.094421
v -237.027298 -71.645645 -342.880280
v -245.667480 -57.018166 -325.346924
v -246.011871 -55.933743 -339.849213
v -245.355759 -58.970966 -309.715820
v -236.104172 -74.811340 -312.015594
v -245.154251 -61.640980 -292.690002
v -234.545715 -79.769348 -294.052734
v -226.503342 -89.657791 -315.353241
v -217.090302 -102.680412 -333.907257
v -216.051575 -104.414330 -318.341309
v -206.012726 -117.043831 -336.434937
v -206.293976 -116.397820 -351.364899
v -205.149292 -118.403519 -321.034698
v -215.288284 -108.089943 -301.082031
v -224.764175 -94.480835 -302.132050
v -227.047775 -94.336838 -282.665314
v -235.765305 -80.282379 -278.680054
v -245.307938 -64.107094 -274.558411
v -235.334518 -83.122009 -263.782318
v -246.192001 -65.069611 -256.170227
v -238.134399 -81.328545 -242.884567
v -247.794632 -64.365211 -238.155136
v -228.229248 -97.571724 -247.892654
v -225.985474 -98.609413 -264.315033
v -217.695190 -107.273018 -286.587311
v -203.887268 -121.722122 -308.351715
v -254.074554 -152.735809 -40.366913
v -262.236450 -134.741501 -43.016880
v -253.124252 -141.646088 -57.015804
v -238.995819 -164.136078 -58.486122
v -245.516403 -142.967773 -72.691887
v -254.706070 -128.005997 -69.822250
v -251.274582 -123.498940 -83.078606
v -240.927460 -139.415680 -87.062225
v -232.609268 -157.643433 -80.051498
v -229.641037 -154.275787 -90.357040
v -217.470261 -168.139236 -92.771034
v -221.116653 -174.066818 -77.578033
v -222.443100 -183.439041 -60.279373
v -232.578461 -183.897461 -39.612209
v -233.791077 -190.467880 -22.499397
v -243.429718 -178.565521 -23.318817
v -240.539780 -187.551010 -8.920403
v -249.355988 -181.697891 7.295557
v -252.592163 -172.503006 -7.618999
v -261.850372 -164.933136 9.173264
v -263.808228 -154.955688 -6.546016
v -254.856964 -162.145950 -23.051294
v -245.027084 -169.073273 -37.178051
v -267.409088 -139.207077 -22.112005
v -270.753967 -142.399841 -5.378860
v -277.011292 -127.816803 -2.269798
v -277.695740 -116.214523 -15.565000
v -272.159058 -112.522964 -37.901581
v -283.817688 -97.825592 -16.644394
v -287.600006 -101.800323 2.118164
v -279.814178 -93.760620 -34.715508
v -275.032898 -90.756836 -51.358044
v -267.775574 -104.434700 -59.673748
v -268.770844 -88.327652 -75.010445
v -260.864685 -108.151390 -75.305038
v -262.104034 -122.298805 -57.591930
v -284.848816 -120.863602 19.047522
v -292.037384 -104.843063 23.575291
v -297.933533 -106.444351 49.035103
v -281.232666 -138.188751 35.537224
v -273.507568 -144.386612 10.094691
v -270.088226 -156.818634 24.727503
v -271.716675 -159.352325 42.501682
v -281.387390 -145.393539 47.856899
v -288.977051 -132.632568 58.278244
v -280.077087 -150.875656 57.054031
v -285.123871 -144.784027 66.905159
v -277.468536 -155.672058 69.615700
v -269.303650 -165.020340 58.624760
v -283.582886 -147.478760 76.553886
v -287.386169 -143.327927 86.372772
v -292.074921 -137.336273 96.804787
v -302.412811 -121.271835 103.356247
v -295.680115 -129.042908 87.991959
v -306.041656 -105.080971 77.870239
v -316.056213 -100.381020 108.103172
v -316.122711 -107.176506 119.968758
v -316.212219 -112.381371 134.168030
v -291.120392 -134.344971 75.590553
v -257.804718 -174.897720 26.701967
v -246.059814 -187.569504 18.934662
v -199.696899 -152.186172 -168.560898
v -203.828842 -152.964172 -152.166336
v -214.506088 -136.043991 -162.238754
v -229.533386 -114.881065 -159.975067
v -228.519226 -124.406105 -141.353745
v -240.176163 -104.081100 -142.874908
v -239.774872 -115.676582 -123.007454
v -249.428513 -96.761589 -123.389816
v -249.763214 -108.324738 -105.301552
v -260.401703 -84.023895 -107.009209
v -257.203156 -79.861336 -124.623810
v -249.560028 -88.483589 -137.582214
v -254.677689 -76.117744 -141.321136
v -246.856354 -86.127922 -154.395401
v -238.270294 -99.788628 -161.188736
v -252.829742 -72.943535 -155.239120
v -257.290253 -102.452026 -91.976982
v -264.325531 -87.019547 -90.243927
v -240.465698 -126.932098 -104.228569
v -230.782837 -142.087769 -105.037453
v -223.406311 -151.835358 -106.308426
v -220.327698 -148.114548 -119.199669
v -212.433640 -163.365723 -109.662117
v -207.258408 -157.221573 -132.563080
v -217.458679 -141.949722 -138.317215
v -229.658188 -133.060822 -121.981506
v 0.000000 243.714981 -252.108429
v 11.272169 244.517151 -257.955688
v 0.000000 243.904877 -256.158966
v 0.000000 244.738861 -270.598541
v 10.034848 245.487854 -279.768707
v 28.219994 246.073822 -273.700958
v 24.499693 246.184662 -293.862152
v 9.131835 245.635696 -298.545715
v 0.000000 245.138519 -290.112823
v -0.000000 244.956223 -274.553192
v 0.000000 245.161896 -292.107819
v 0.000000 245.307220 -308.063110
v 8.793537 245.775269 -315.694275
v 23.246092 246.301666 -311.123596
v 22.897429 246.427994 -326.527588
v 8.715971 245.805725 -330.913940
v 0.000000 245.469025 -325.815063
v -0.000000 245.321945 -309.679749
v 0.000000 245.482117 -327.251770
v 0.000000 245.270966 -338.447906
v 8.705793 245.577377 -343.376251
v 22.867170 246.189148 -340.067108
v 22.796059 245.993576 -352.118683
v 8.522271 245.370895 -354.611084
v 0.000000 245.080673 -349.007965
v 0.000000 245.253693 -339.363617
v 0.000000 245.055969 -350.384918
v 0.000000 244.878922 -359.773041
v 7.432740 245.122742 -365.219543
v 22.177889 245.763763 -363.247833
v 19.865803 245.508972 -373.184601
v 2.143307 244.741959 -373.251862
v 0.000000 244.652573 -371.776581
v 0.000000 244.853027 -361.145752
v 0.000000 244.624756 -373.251678
v 37.425442 246.006851 -373.047089
v 38.305744 246.224823 -362.071808
v 54.916557 246.143051 -372.841919
v 55.311913 246.358749 -361.360687
v 72.641472 245.787369 -372.569519
v 72.932076 246.001923 -360.901855
v 90.929924 244.759140 -372.229492
v 90.735352 245.001877 -360.525330
v 110.741310 242.771027 -371.806549
v 106.770935 243.405716 -360.180267
v 119.707970 241.102280 -371.581696
v 122.400101 240.591537 -359.797333
v 138.451523 235.776215 -371.045624
v 139.054352 235.818878 -359.332397
v 155.385956 229.619186 -370.529236
v 155.413361 229.870728 -358.846802
v 171.431534 222.201202 -370.015533
v 171.162231 221.982864 -358.198151
v 186.738632 213.331696 -369.510345
v 186.679611 213.556091 -357.604950
v 171.086319 222.063873 -346.012421
v 155.369797 230.120407 -346.853699
v 155.260635 229.942184 -334.177704
v 139.103226 235.882965 -334.656097
v 139.186539 236.004044 -347.333130
v 122.935501 240.592285 -335.098022
v 122.904144 240.679550 -347.781281
v 106.512291 243.748550 -335.496185
v 106.496155 243.661316 -348.190216
v 89.752159 245.413345 -335.859192
v 89.934692 245.274170 -348.552551
v 72.595123 246.376709 -336.239563
v 72.773628 246.238602 -348.930389
v 55.289490 246.745346 -336.797974
v 55.352982 246.585587 -349.460022
v 38.486053 246.629547 -337.906311
v 38.503704 246.450745 -350.417084
v 38.595287 246.814407 -324.071625
v 55.463028 246.903610 -322.918976
v 39.275475 246.687057 -308.700684
v 41.284767 246.560760 -292.234161
v 56.313488 246.759598 -307.703125
v 58.323460 246.584946 -291.494934
v 73.668114 246.353683 -307.193634
v 72.791466 246.523956 -322.373383
v 89.984108 245.556900 -321.994507
v 90.883888 245.364639 -306.806824
v 106.778229 243.883804 -321.632965
v 107.645157 243.682968 -306.495819
v 123.194542 240.704010 -321.254974
v 123.937126 240.407944 -306.193970
v 139.346695 235.990234 -320.809174
v 140.031631 235.667664 -305.614166
v 155.540771 230.020905 -320.290497
v 171.142303 222.028809 -333.101013
v 171.575958 221.820663 -319.129181
v 186.759949 213.582932 -332.420502
v 186.647324 213.663803 -345.351776
v 187.227051 213.259140 -318.554749
v 172.770157 221.194565 -304.047607
v 156.354675 229.585693 -304.933777
v 158.608902 228.534348 -288.158417
v 141.542313 235.075485 -288.824921
v 125.520897 239.869095 -290.458069
v 127.156433 239.828995 -273.670898
v 113.665787 242.882080 -276.926483
v 109.624214 243.366577 -290.487518
v 96.259598 244.617630 -271.315460
v 92.955101 245.041046 -290.522003
v 79.793076 245.891159 -275.979218
v 75.680351 246.114746 -290.883911
v 61.110359 246.345871 -272.228088
v 45.497921 246.500778 -278.142578
v 42.349396 245.658142 -261.520142
v 27.884142 244.874329 -253.903046
v 40.479538 244.339066 -238.967590
v 20.517330 243.863541 -238.609299
v 29.044107 243.417877 -221.720978
v 10.899109 242.860413 -220.708328
v 24.617483 242.941833 -202.435135
v 40.457676 243.296173 -209.253433
v 40.485954 243.637939 -222.634384
v 53.743824 243.617035 -222.345978
v 57.720501 242.931686 -199.944366
v 68.626213 242.977982 -215.636932
v 75.172440 242.300690 -203.667007
v 85.252007 242.146317 -221.187653
v 90.557030 240.931122 -200.749985
v 105.025490 239.793259 -219.039032
v 109.355049 238.113541 -197.402832
v 123.748093 236.109207 -217.515915
v 120.531319 238.411163 -239.370972
v 100.197357 241.625137 -238.290421
v 111.185486 241.886124 -258.501617
v 127.860352 238.326767 -258.106995
v 144.387024 234.332169 -268.714844
v 137.091980 235.148926 -250.153915
v 154.656326 229.096268 -250.241272
v 164.572449 226.512939 -271.481964
v 175.307205 220.021942 -288.581543
v 178.891174 218.082230 -275.491150
v 189.125580 212.137695 -287.890228
v 188.157516 212.697479 -303.645782
v 189.187393 211.910782 -271.743530
v 175.700378 218.877716 -257.465179
v 187.956924 211.896255 -255.171509
v 186.255264 211.670685 -237.311707
v 168.067383 221.458191 -239.781952
v 169.567123 219.286835 -223.452515
v 154.480606 227.266403 -229.296585
v 138.543610 233.333832 -233.840637
v 140.526489 231.249481 -215.503296
v 128.284897 233.892410 -199.239563
v 142.748932 229.519547 -200.449707
v 155.139145 225.563202 -211.225586
v 153.663925 225.207794 -192.919601
v 169.025940 218.215805 -204.219635
v 184.763702 210.729568 -217.878174
v 184.096863 209.779526 -198.021698
v 167.221893 218.234467 -181.970749
v 184.130157 209.115784 -179.178497
v 171.921951 215.951019 -158.938507
v 157.064117 223.317123 -164.549866
v 154.683838 225.232468 -144.103790
v 171.051132 217.550415 -136.114182
v 184.927307 209.305954 -144.761108
v 184.517014 208.978058 -161.620743
v 140.241608 230.045624 -159.757172
v 138.733261 231.195435 -143.937622
v 122.364311 235.880722 -143.852753
v 120.856331 235.576019 -162.840851
v 105.763489 239.351654 -143.825409
v 102.866890 239.106491 -165.938110
v 89.045181 241.757675 -143.830933
v 86.522728 241.287521 -166.132553
v 72.720108 242.740723 -157.438293
v 72.390076 243.260574 -143.845444
v 56.064026 244.048309 -143.854980
v 59.429924 243.134918 -165.551285
v 41.942192 243.505722 -165.183136
v 54.151016 243.042007 -180.065094
v 39.663208 243.143173 -188.954041
v 21.751959 243.046936 -178.523956
v 24.916288 243.756119 -156.184891
v 40.472313 244.328293 -143.845917
v 25.966984 244.289764 -143.820496
v 12.607925 244.073044 -143.783478
v 9.132769 243.194962 -161.945541
v -0.000000 243.566010 -147.643265
v 0.000000 243.748886 -143.738754
v 0.000000 242.900864 -162.499329
v -0.000000 242.777512 -166.422516
v 6.403297 242.648743 -178.429901
v -0.000000 242.346970 -181.281784
v 0.000000 242.298264 -185.242203
v 8.826528 242.490967 -197.106506
v 0.000000 242.157394 -200.066772
v -0.000000 242.337936 -214.788269
v 0.000000 242.375214 -218.830505
v 0.000000 242.864395 -233.470154
v 6.839391 243.408157 -239.958344
v -0.000000 242.987793 -237.543625
v 73.717392 242.172470 -181.792877
v 94.757683 240.103027 -182.166672
v 106.016891 238.514465 -181.685471
v 117.260834 236.199585 -181.539917
v 136.325760 231.173584 -182.037949
v 150.954254 225.864609 -176.426620
v 93.497307 243.464355 -252.408890
v 74.904999 244.862686 -254.583755
v 85.099884 243.213226 -239.647903
v 71.110519 243.645966 -232.112183
v 58.834435 244.393829 -240.093475
v 55.080681 245.240753 -253.334946
v 41.800896 257.999237 42.882603
v 43.302361 256.457550 22.011217
v 24.917355 256.860931 30.367989
v 23.615997 258.122162 48.677410
v 40.131485 259.136810 59.307934
v 22.464619 258.820618 59.224190
v 4.669967 258.350952 59.232151
v 8.769472 257.282257 41.738220
v 0.000000 257.879852 54.495693
v 0.000000 258.194946 59.253693
v 0.000000 256.974243 40.973896
v 0.000000 256.653168 36.319927
v 9.232608 255.967087 22.789473
v 25.103516 254.987930 4.911533
v 7.468796 254.701416 6.002518
v 0.000000 255.372101 18.097193
v -0.000000 255.700241 22.661537
v 0.000000 254.373779 4.345534
v 0.000000 254.040909 -0.121869
v 11.857205 253.307877 -13.787816
v 0.000000 253.000107 -13.985105
v 0.000000 251.918823 -28.061398
v 13.062889 251.892288 -32.403275
v 26.878101 252.097305 -32.448074
v 24.578655 253.521469 -14.088737
v 36.472847 253.546265 -15.097445
v 41.844536 252.147964 -32.472263
v 56.300156 253.170502 -18.137098
v 47.031197 254.811768 1.193865
v 62.963581 254.302063 -2.134729
v 75.567398 252.853302 -14.250924
v 76.692253 254.517700 5.092414
v 91.902275 252.623154 -5.554952
v 91.842110 254.507980 14.104856
v 106.656715 252.540619 7.590299
v 108.221405 250.262070 -12.371453
v 91.902931 250.042862 -32.353588
v 109.176544 248.048126 -32.266747
v 124.637024 247.449921 -15.253143
v 126.378822 245.151825 -32.192856
v 138.426285 244.192596 -18.360605
v 140.094391 246.104355 -0.899739
v 123.196106 249.942810 4.083083
v 137.732010 249.609482 22.429701
v 118.232803 252.831009 23.169750
v 125.956024 253.724380 39.193020
v 108.471031 256.086365 43.091324
v 122.346291 256.919739 62.219257
v 113.467102 257.703461 61.473915
v 93.970947 258.643616 60.504250
v 94.685570 257.158112 44.319649
v 82.924309 257.526947 42.919010
v 75.782059 259.120575 59.893345
v 62.681759 257.584015 37.968689
v 57.892677 259.258240 59.516037
v 77.902435 256.132019 24.223391
v 93.348450 256.088440 31.703785
v 104.039627 254.435791 23.603157
v 61.307949 255.758865 14.771276
v 140.720886 252.065399 45.620747
v 141.308334 254.443115 64.605431
v 160.371078 249.033005 52.863796
v 158.202850 251.775925 67.438057
v 174.295990 248.822067 71.125153
v 178.539352 244.695663 56.831165
v 173.423096 241.620789 33.488205
v 154.346786 247.289566 33.210373
v 156.997528 243.688202 13.091991
v 176.557907 235.139282 3.764070
v 155.849075 240.324326 -12.067948
v 172.391006 233.098312 -18.411060
v 160.166260 236.056091 -32.264496
v 143.424255 241.198837 -32.173229
v 178.094879 227.431396 -37.004913
v 188.814041 225.663834 -17.212187
v 192.337769 221.645294 -33.078873
v 192.311508 228.687729 3.096535
v 193.030792 233.065430 25.510397
v 194.328613 238.383316 51.312199
v 190.601181 245.511780 76.187843
v 196.343002 244.233734 79.097855
v 74.724747 251.282303 -32.425758
v 57.908138 251.928055 -32.466408
v -0.000000 251.591431 -32.346241
v 144.576920 238.514114 -49.850784
v 162.544373 231.820206 -54.134987
v 147.468643 235.348145 -67.368393
v 160.118607 229.838516 -75.618385
v 144.196411 233.884583 -88.942612
v 127.534531 240.698471 -68.716270
v 128.140259 238.548676 -87.799232
v 113.809891 241.552750 -88.715858
v 104.294579 244.938553 -69.650604
v 112.800468 245.202713 -53.184238
v 96.533226 247.720871 -50.697201
v 87.073105 247.257370 -66.831757
v 74.168076 249.783722 -49.892479
v 71.418289 247.921509 -73.793777
v 56.113377 249.567337 -61.848175
v 53.890301 248.037369 -81.929909
v 36.685001 249.240402 -69.432587
v 42.866692 250.984329 -46.819275
v 57.637066 250.644714 -47.945831
v 24.461988 250.700912 -49.987175
v 9.141977 250.302383 -51.844883
v 0.000000 251.262100 -36.609303
v 0.000000 250.166397 -50.755329
v 0.000000 249.845963 -54.924324
v 7.902978 248.758728 -71.664879
v -0.000000 248.747665 -69.223236
v -0.000000 247.661713 -83.754601
v 6.123617 247.538559 -87.528999
v 21.111870 247.804199 -87.781349
v 19.668802 249.391373 -66.267143
v 39.173267 247.700485 -89.986450
v 32.388081 246.563522 -105.977921
v 51.238476 246.487305 -104.036530
v 38.328365 245.431549 -124.105377
v 25.266441 245.562439 -121.098869
v 19.462280 246.346344 -108.129684
v 11.259720 245.225052 -122.963989
v 8.166398 246.535309 -102.185349
v 0.000000 245.775345 -110.308624
v -0.000000 246.037674 -106.356018
v 0.000000 247.073700 -91.762978
v -0.000000 247.361160 -87.756432
v 0.000000 244.816315 -125.019142
v 0.000000 244.588028 -128.934494
v 55.361229 245.039215 -125.614517
v 75.281990 243.743942 -129.498596
v 95.830452 241.586090 -128.509552
v 110.987633 238.977570 -130.643234
v 124.698441 236.214951 -126.665161
v 141.294174 231.425308 -125.714081
v 156.603180 225.782623 -124.670723
v 171.310226 219.434280 -117.053612
v 187.631363 208.694458 -126.712036
v 186.800964 212.819366 -105.422592
v 170.311539 221.806534 -100.892639
v 175.210114 221.501801 -84.854118
v 161.088074 227.380249 -91.223816
v 157.819473 227.132416 -105.694458
v 145.377670 231.299118 -110.034760
v 128.849274 236.711792 -105.449600
v 172.823547 225.169449 -67.439400
v 188.942444 217.168289 -67.892090
v 178.486206 224.352371 -55.156303
v 190.630203 219.295151 -50.335789
v 187.647537 215.043777 -86.153404
v 107.045547 241.055588 -111.626709
v 88.754539 245.176254 -90.355209
v 87.540962 243.618149 -113.393967
v 71.047462 245.325394 -108.870529
v 67.512192 246.718231 -91.715096
v 127.217613 243.502106 -44.722820
v -11.272169 244.517151 -257.955688
v -10.034848 245.487854 -279.768707
v -28.219994 246.073822 -273.700958
v -24.499693 246.184662 -293.862152
v -41.284767 246.560760 -292.234161
v -39.275475 246.687057 -308.700684
v -56.313488 246.759598 -307.703125
v -55.463028 246.903610 -322.918976
v -72.791466 246.523956 -322.373383
v -72.595123 246.376709 -336.239563
v -89.752159 245.413345 -335.859192
v -89.934692 245.274170 -348.552551
v -106.496155 243.661316 -348.190216
v -106.770935 243.405716 -360.180267
v -122.400101 240.591537 -359.797333
v -119.707970 241.102280 -371.581696
v -138.451523 235.776215 -371.045624
v -139.054352 235.818878 -359.332397
v -155.385956 229.619186 -370.529236
v -155.413361 229.870728 -358.846802
v -171.431534 222.201202 -370.015533
v -171.162231 221.982864 -358.198151
v -186.738632 213.331696 -369.510345
v -186.679611 213.556091 -357.604950
v -171.086319 222.063873 -346.012421
v -155.369797 230.120407 -346.853699
v -155.260635 229.942184 -334.177704
v -139.103226 235.882965 -334.656097
v -139.186539 236.004044 -347.333130
v -122.935501 240.592285 -335.098022
v -122.904144 240.679550 -347.781281
v -106.512291 243.748550 -335.496185
v -106.778229 243.883804 -321.632965
v -89.984108 245.556900 -321.994507
v -90.883888 245.364639 -306.806824
v -73.668114 246.353683 -307.193634
v -75.680351 246.114746 -290.883911
v -58.323460 246.584946 -291.494934
v -61.110359 246.345871 -272.228088
v -45.497921 246.500778 -278.142578
v -42.349396 245.658142 -261.520142
v -27.884142 244.874329 -253.903046
v -40.479538 244.339066 -238.967590
v -20.517330 243.863541 -238.609299
v -6.839391 243.408157 -239.958344
v -10.899109 242.860413 -220.708328
v -8.826528 242.490967 -197.106506
v -6.403297 242.648743 -178.429901
v -9.132769 243.194962 -161.945541
v -12.607925 244.073044 -143.783478
v -24.916288 243.756119 -156.184891
v -25.966984 244.289764 -143.820496
v -40.472313 244.328293 -143.845917
v -41.942192 243.505722 -165.183136
v -21.751959 243.046936 -178.523956
v -39.663208 243.143173 -188.954041
v -24.617483 242.941833 -202.435135
v -40.457676 243.296173 -209.253433
v -57.720501 242.931686 -199.944366
v -54.151016 243.042007 -180.065094
v -73.717392 242.172470 -181.792877
v -59.429924 243.134918 -165.551285
v -56.064026 244.048309 -143.854980
v -72.720108 242.740723 -157.438293
v -72.390076 243.260574 -143.845444
v -89.045181 241.757675 -143.830933
v -86.522728 241.287521 -166.132553
v -94.757683 240.103027 -182.166672
v -90.557030 240.931122 -200.749985
v -109.355049 238.113541 -197.402832
v -105.025490 239.793259 -219.039032
v -123.748093 236.109207 -217.515915
v -120.531319 238.411163 -239.370972
v -138.543610 233.333832 -233.840637
v -137.091980 235.148926 -250.153915
v -154.656326 229.096268 -250.241272
v -154.480606 227.266403 -229.296585
v -140.526489 231.249481 -215.503296
v -155.139145 225.563202 -211.225586
v -169.565750 219.284866 -223.452713
v -169.025467 218.215164 -204.219711
v -184.758163 210.721725 -217.878983
v -184.096863 209.779526 -198.021698
v -167.221893 218.234467 -181.970749
v -153.663925 225.207794 -192.919601
v -150.954254 225.864609 -176.426620
v -157.064117 223.317123 -164.549866
v -140.241608 230.045624 -159.757172
v -136.325760 231.173584 -182.037949
v -120.856331 235.576019 -162.840851
v -117.260834 236.199585 -181.539917
v -128.284897 233.892410 -199.239563
v -142.748932 229.519547 -200.449707
v -106.016891 238.514465 -181.685471
v -102.866890 239.106491 -165.938110
v -105.763489 239.351654 -143.825409
v -122.364311 235.880722 -143.852753
v -138.733261 231.195435 -143.937622
v -154.683838 225.232468 -144.103790
v -171.921951 215.951019 -158.938507
v -171.051132 217.550415 -136.114182
v -184.927307 209.305954 -144.761108
v -184.517014 208.978058 -161.620743
v -184.130157 209.115784 -179.178497
v -186.165558 211.543518 -237.324738
v -168.066269 221.456619 -239.782120
v -175.699188 218.876038 -257.465363
v -187.951385 211.888412 -255.172318
v -189.187393 211.910782 -271.743530
v -178.891174 218.082230 -275.491150
v -164.572449 226.512939 -271.481964
v -175.307205 220.021942 -288.581543
v -189.125580 212.137695 -287.890228
v -188.157516 212.697479 -303.645782
v -172.770157 221.194565 -304.047607
v -187.227051 213.259140 -318.554749
v -171.575958 221.820663 -319.129181
v -186.759949 213.582932 -332.420502
v -171.142303 222.028809 -333.101013
v -186.647324 213.663803 -345.351776
v -155.540771 230.020905 -320.290497
v -139.346695 235.990234 -320.809174
v -140.031631 235.667664 -305.614166
v -123.937126 240.407944 -306.193970
v -123.194542 240.704010 -321.254974
v -107.645157 243.682968 -306.495819
v -109.624214 243.366577 -290.487518
v -92.955101 245.041046 -290.522003
v -96.259598 244.617630 -271.315460
v -79.793076 245.891159 -275.979218
v -74.904999 244.862686 -254.583755
v -55.080681 245.240753 -253.334946
v -58.834435 244.393829 -240.093475
v -53.743824 243.617035 -222.345978
v -40.485954 243.637939 -222.634384
v -29.044107 243.417877 -221.720978
v -71.110519 243.645966 -232.112183
v -68.626213 242.977982 -215.636932
v -85.252007 242.146317 -221.187653
v -75.172440 242.300690 -203.667007
v -85.099884 243.213226 -239.647903
v -100.197357 241.625137 -238.290421
v -93.497307 243.464355 -252.408890
v -111.185486 241.886124 -258.501617
v -127.860352 238.326767 -258.106995
v -127.156433 239.828995 -273.670898
v -144.387024 234.332169 -268.714844
v -141.542313 235.075485 -288.824921
v -158.608902 228.534348 -288.158417
v -156.354675 229.585693 -304.933777
v -125.520897 239.869095 -290.458069
v -113.665787 242.882080 -276.926483
v -110.741310 242.771027 -371.806549
v -90.735352 245.001877 -360.525330
v -90.929924 244.759140 -372.229492
v -72.932076 246.001923 -360.901855
v -72.641472 245.787369 -372.569519
v -55.311913 246.358749 -361.360687
v -54.916557 246.143051 -372.841919
v -38.305744 246.224823 -362.071808
v -37.425442 246.006851 -373.047089
v -22.177889 245.763763 -363.247833
v -19.865803 245.508972 -373.184601
v -7.432740 245.122742 -365.219543
v -2.143307 244.741959 -373.251862
v -8.522271 245.370895 -354.611084
v -8.705793 245.577377 -343.376251
v -8.715971 245.805725 -330.913940
v -8.793537 245.775269 -315.694275
v -9.131835 245.635696 -298.545715
v -23.246092 246.301666 -311.123596
v -22.897429 246.427994 -326.527588
v -38.595287 246.814407 -324.071625
v -38.486053 246.629547 -337.906311
v -55.289490 246.745346 -336.797974
v -55.352982 246.585587 -349.460022
v -72.773628 246.238602 -348.930389
v -38.503704 246.450745 -350.417084
v -22.867170 246.189148 -340.067108
v -22.796059 245.993576 -352.118683
v -43.302361 256.457550 22.011217
v -41.800896 257.999237 42.882603
v -24.917355 256.860931 30.367989
v -25.103516 254.987930 4.911533
v -47.031197 254.811768 1.193865
v -61.307949 255.758865 14.771276
v -62.681759 257.584015 37.968689
v -77.902435 256.132019 24.223391
v -82.924309 257.526947 42.919010
v -75.782059 259.120575 59.893345
v -57.892677 259.258240 59.516037
v -40.131485 259.136810 59.307934
v -23.615997 258.122162 48.677410
v -22.464619 258.820618 59.224190
v -4.669967 258.350952 59.232151
v -8.769472 257.282257 41.738220
v -9.232608 255.967087 22.789473
v -7.468796 254.701416 6.002518
v -11.857205 253.307877 -13.787816
v -24.578655 253.521469 -14.088737
v -36.472847 253.546265 -15.097445
v -26.878101 252.097305 -32.448074
v -41.844536 252.147964 -32.472263
v -56.300156 253.170502 -18.137098
v -62.963581 254.302063 -2.134729
v -75.567398 252.853302 -14.250924
v -76.692253 254.517700 5.092414
v -91.902275 252.623154 -5.554952
v -91.842110 254.507980 14.104856
v -93.348450 256.088440 31.703785
v -104.039627 254.435791 23.603157
v -108.471031 256.086365 43.091324
v -94.685570 257.158112 44.319649
v -93.970947 258.643616 60.504250
v -113.467102 257.703461 61.473915
v -122.346291 256.919739 62.219257
v -125.956024 253.724380 39.193020
v -118.232803 252.831009 23.169750
v -137.732010 249.609482 22.429701
v -123.196106 249.942810 4.083083
v -106.656715 252.540619 7.590299
v -108.221405 250.262070 -12.371453
v -124.637024 247.449921 -15.253143
v -140.094391 246.104355 -0.899739
v -138.426285 244.192596 -18.360605
v -126.378822 245.151825 -32.192856
v -109.176544 248.048126 -32.266747
v -143.424255 241.198837 -32.173229
v -155.849075 240.324326 -12.067948
v -160.166260 236.056091 -32.264496
v -172.391006 233.098312 -18.411060
v -176.557907 235.139282 3.764070
v -188.814041 225.663834 -17.212187
v -192.311508 228.687729 3.096535
v -193.030792 233.065430 25.510397
v -173.423096 241.620789 33.488205
v -194.328613 238.383316 51.312199
v -178.539352 244.695663 56.831165
v -190.601181 245.511780 76.187843
v -196.343002 244.233734 79.097855
v -174.295990 248.822067 71.125153
v -160.371078 249.033005 52.863796
v -158.202850 251.775925 67.438057
v -141.308334 254.443115 64.605431
v -140.720886 252.065399 45.620747
v -154.346786 247.289566 33.210373
v -156.997528 243.688202 13.091991
v -178.094879 227.431396 -37.004913
v -192.337769 221.645294 -33.078873
v -91.902931 250.042862 -32.353588
v -74.724747 251.282303 -32.425758
v -57.908138 251.928055 -32.466408
v -13.062889 251.892288 -32.403275
v -144.576920 238.514114 -49.850784
v -162.544373 231.820206 -54.134987
v -178.486206 224.352371 -55.156303
v -190.630203 219.295151 -50.335789
v -188.942444 217.168289 -67.892090
v -172.823547 225.169449 -67.439400
v -175.210114 221.501801 -84.854118
v -160.118607 229.838516 -75.618385
v -161.088074 227.380249 -91.223816
v -170.311539 221.806534 -100.892639
v -186.800964 212.819366 -105.422592
v -171.310226 219.434280 -117.053612
v -187.631363 208.694458 -126.712036
v -156.603180 225.782623 -124.670723
v -141.294174 231.425308 -125.714081
v -145.377670 231.299118 -110.034760
v -128.849274 236.711792 -105.449600
v -144.196411 233.884583 -88.942612
v -157.819473 227.132416 -105.694458
v -128.140259 238.548676 -87.799232
v -127.534531 240.698471 -68.716270
v -113.809891 241.552750 -88.715858
v -104.294579 244.938553 -69.650604
v -88.754539 245.176254 -90.355209
v -107.045547 241.055588 -111.626709
v -124.698441 236.214951 -126.665161
v -110.987633 238.977570 -130.643234
v -95.830452 241.586090 -128.509552
v -75.281990 243.743942 -129.498596
v -55.361229 245.039215 -125.614517
v -71.047462 245.325394 -108.870529
v -87.540962 243.618149 -113.393967
v -67.512192 246.718231 -91.715096
v -71.418289 247.921509 -73.793777
v -53.890301 248.037369 -81.929909
v -51.238476 246.487305 -104.036530
v -39.173267 247.700485 -89.986450
v -32.388081 246.563522 -105.977921
v -38.328365 245.431549 -124.105377
v -25.266441 245.562439 -121.098869
v -11.259720 245.225052 -122.963989
v -19.462280 246.346344 -108.129684
v -8.166398 246.535309 -102.185349
v -6.123617 247.538559 -87.528999
v -7.902978 248.758728 -71.664879
v -9.141977 250.302383 -51.844883
v -24.461988 250.700912 -49.987175
v -19.668802 249.391373 -66.267143
v -36.685001 249.240402 -69.432587
v -42.866692 250.984329 -46.819275
v -57.637066 250.644714 -47.945831
v -74.168076 249.783722 -49.892479
v -56.113377 249.567337 -61.848175
v -87.073105 247.257370 -66.831757
v -96.533226 247.720871 -50.697201
v -112.800468 245.202713 -53.184238
v -127.217613 243.502106 -44.722820
v -147.468643 235.348145 -67.368393
v -21.111870 247.804199 -87.781349
v -187.647537 215.043777 -86.153404
v 318.935974 88.928452 86.700623
v 313.541656 91.595604 68.965256
v 312.285828 105.676849 75.095367
v 319.083923 106.974243 95.640068
v 308.137390 127.348030 83.700081
v 319.188324 123.392944 105.898476
v 306.757568 146.551346 103.413605
v 293.863525 153.908234 78.711853
v 299.450317 134.460739 63.995842
v 289.740479 147.025482 51.343983
v 276.664490 174.016907 61.902985
v 281.285919 177.835953 86.512672
v 294.474609 166.989349 102.276665
v 281.890015 184.329315 103.328682
v 272.600586 191.729874 94.245178
v 267.808380 199.668655 104.976738
v 262.623352 201.873306 95.388298
v 251.259674 213.833618 104.193382
v 251.823929 209.721786 90.690353
v 232.329254 227.279373 99.891846
v 240.306656 216.555923 82.982483
v 255.036835 204.593384 79.344727
v 256.020966 198.879517 65.733498
v 266.464722 193.854767 81.192917
v 262.924286 182.458160 43.082157
v 248.124466 200.135696 49.828304
v 232.589050 218.229233 68.981369
v 234.516464 210.871307 44.502651
v 219.673660 226.958328 66.228218
v 215.895264 233.719620 81.103600
v 206.063065 241.894714 86.824867
v 210.649429 233.257507 67.116608
v 203.938065 239.339340 74.919884
v 205.387863 234.054825 58.826763
v 196.343002 244.233734 79.097855
v 201.203033 243.064224 82.961365
v 194.328613 238.383316 51.312199
v 209.248550 224.968674 32.289337
v 193.030792 233.065430 25.510397
v 205.864716 221.392609 7.233251
v 192.311508 228.687729 3.096535
v 202.439346 219.793716 -10.393391
v 188.814041 225.663834 -17.212187
v 203.635803 214.652328 -29.936790
v 215.933014 210.650986 -12.797990
v 221.931168 200.948090 -35.310394
v 233.360657 196.644424 -11.864350
v 235.393173 188.072113 -37.137909
v 251.352707 174.456131 -22.089176
v 247.734863 173.535599 -39.464077
v 258.778564 157.381439 -42.229954
v 265.634247 152.735229 -25.403423
v 268.366821 139.748199 -45.331844
v 272.549683 139.604630 -27.702192
v 279.385132 124.515671 -29.153713
v 276.358826 139.782257 -11.512138
v 285.382477 119.552711 -11.552278
v 289.405853 101.079720 -21.723564
v 293.303680 104.190460 -1.228527
v 296.359863 85.177246 -9.308664
v 301.118896 82.162491 8.833391
v 300.799835 61.632736 -7.810084
v 294.787506 75.775085 -24.438738
v 297.513184 51.301643 -27.531574
v 292.766266 65.397591 -41.658520
v 288.813904 88.649254 -38.761723
v 283.635895 107.440010 -37.939713
v 282.721069 100.858284 -52.000721
v 276.375580 120.830101 -48.636200
v 287.349548 80.077652 -55.289467
v 290.249298 58.736736 -58.391850
v 294.829956 36.553268 -45.461838
v 291.439026 37.073376 -61.211761
v 290.995605 15.313475 -63.713032
v 294.473938 14.996972 -47.948395
v 297.976440 14.665675 -32.121540
v 298.170807 34.068810 -30.184063
v 301.344391 33.045025 -15.390770
v 301.431915 14.289651 -16.133255
v 304.795685 13.833698 0.125898
v 305.689209 40.687008 6.982337
v 308.081085 13.254682 16.746761
v 309.822845 37.339695 26.884655
v 311.299530 12.533228 33.773029
v 312.638519 37.720604 41.760773
v 315.035034 32.164299 54.074669
v 314.537048 49.947525 54.394470
v 318.366394 50.331837 73.976631
v 314.403503 72.752136 62.151146
v 311.578278 56.260998 41.248417
v 309.438904 75.940262 41.513477
v 307.956665 97.700859 52.608006
v 304.461334 88.923256 30.352451
v 307.024200 63.363270 22.943596
v 303.996185 61.975525 7.478385
v 297.134460 109.264038 21.493021
v 302.400269 104.515739 36.933083
v 298.973785 121.293274 44.950489
v 305.671875 118.119354 63.729233
v 288.355927 135.748138 27.875889
v 277.137360 159.985062 35.273941
v 277.088043 149.733765 11.722488
v 264.487732 172.172974 19.784964
v 264.814514 162.893219 -3.873360
v 286.972565 126.634750 5.794629
v 249.113342 186.000565 6.161947
v 250.617065 191.941055 30.431219
v 239.698975 200.559387 23.375721
v 234.463348 201.511398 10.487328
v 226.618591 212.332535 27.689846
v 221.499863 211.648834 8.494885
v 218.039764 223.941666 49.087791
v 318.703003 69.943939 79.441513
v 317.940308 30.472336 70.404015
v 314.433990 11.686517 51.165432
v 317.468292 10.767421 68.784134
v 192.337769 221.645294 -33.078873
v 209.020844 241.165497 90.142822
v 211.978622 240.436279 93.460777
v 199.880615 200.814331 -235.770874
v 213.881210 188.821960 -233.218872
v 212.260376 192.598236 -249.206680
v 200.026520 202.693863 -256.116028
v 186.255264 211.670685 -237.311707
v 184.763702 210.729568 -217.878174
v 201.845718 197.439880 -220.023285
v 196.891800 199.900986 -200.548141
v 213.474533 186.610962 -212.544205
v 226.160309 174.786804 -228.244186
v 227.899460 176.460983 -252.335815
v 237.563721 161.474518 -239.823898
v 240.322083 159.930634 -255.872864
v 239.968750 162.489014 -270.638611
v 230.850998 174.620026 -273.356842
v 218.249039 189.213776 -268.424316
v 227.644516 176.924362 -287.337921
v 215.933228 189.907425 -287.569672
v 205.489914 199.190399 -274.385712
v 202.888428 201.158737 -288.142517
v 189.187393 211.910782 -271.743530
v 189.125580 212.137695 -287.890228
v 201.765656 202.022034 -303.534241
v 188.157516 212.697479 -303.645782
v 201.017624 202.533401 -318.389435
v 187.227051 213.259140 -318.554749
v 200.684479 202.832230 -332.195923
v 186.759949 213.582932 -332.420502
v 200.667526 202.945663 -345.033630
v 186.647324 213.663803 -345.351776
v 200.766449 202.808762 -357.198273
v 186.679611 213.556091 -357.604950
v 201.267319 202.924789 -369.030396
v 186.738632 213.331696 -369.510345
v 214.538330 191.269272 -368.617340
v 214.375046 191.722656 -357.024750
v 226.386795 178.530563 -368.308563
v 226.368591 178.878342 -356.744019
v 236.949738 164.608887 -368.136932
v 237.065384 164.801804 -356.600220
v 246.214691 149.576523 -368.138855
v 246.363815 149.693573 -356.630859
v 254.135712 133.588486 -368.349182
v 254.274780 133.701675 -356.873108
v 260.681732 116.818573 -368.803772
v 260.771271 117.056984 -357.365082
v 265.822510 99.480133 -369.541260
v 265.847839 99.938461 -358.139282
v 269.485138 82.016434 -370.592163
v 269.486328 82.685570 -359.218964
v 271.629639 64.949135 -371.966339
v 271.690033 65.447266 -360.609680
v 272.343140 48.019196 -373.708649
v 272.434296 48.104164 -362.252258
v 271.645355 30.655462 -375.884521
v 271.735565 30.798096 -363.904297
v 272.455750 48.200836 -350.117645
v 271.753845 65.638527 -348.663452
v 270.829071 65.606949 -336.036743
v 268.633148 82.897491 -334.756683
v 269.532104 82.994186 -347.317627
v 265.023285 100.110909 -333.674988
v 265.878662 100.255852 -346.231750
v 259.985687 117.103592 -332.875793
v 260.811401 117.312386 -345.441101
v 253.551422 133.671265 -332.364716
v 254.338257 133.882156 -344.931061
v 245.726883 149.581131 -332.103455
v 246.439087 149.851349 -344.673798
v 236.513962 164.653046 -332.049805
v 237.132050 164.981125 -344.631256
v 225.924728 178.720093 -332.171082
v 226.397797 179.110107 -344.769745
v 213.989899 191.633774 -332.432343
v 214.347275 191.999985 -345.044708
v 214.287842 191.601700 -318.646454
v 226.193466 178.685226 -318.389221
v 214.826981 191.058426 -303.600739
v 226.652878 178.153427 -303.334412
v 236.754410 164.620697 -318.280548
v 237.145950 164.105667 -303.261200
v 245.946182 149.546158 -318.327118
v 246.295731 149.023041 -303.191772
v 253.769897 133.588196 -318.554230
v 254.147491 132.888992 -303.292572
v 260.207581 116.932579 -319.068939
v 260.602356 115.992439 -303.983215
v 265.229248 99.880867 -319.926239
v 265.549652 98.948753 -305.124908
v 268.821869 82.706726 -321.037506
v 269.036682 82.071648 -306.299866
v 270.966431 65.497665 -322.244141
v 271.536957 48.302155 -337.325958
v 271.654236 48.248390 -323.392548
v 270.834045 31.088701 -338.578308
v 271.679047 30.926931 -351.560638
v 270.935760 31.001148 -324.634399
v 271.803284 47.967987 -308.219482
v 271.127533 65.174759 -307.282928
v 271.302460 64.780495 -291.199799
v 269.288574 81.173126 -291.145386
v 266.089783 96.971146 -290.292664
v 267.820984 94.479309 -277.777557
v 264.261871 109.142906 -274.154419
v 261.462097 113.496956 -288.461700
v 258.603546 126.296059 -271.011780
v 255.105972 130.852676 -286.799713
v 249.767044 145.672882 -267.186859
v 247.051300 147.793686 -286.561005
v 237.951736 162.923981 -287.504822
v 254.062729 134.439941 -250.966400
v 245.902267 150.017761 -249.423874
v 247.006638 145.087875 -233.716232
v 253.790863 132.426895 -236.663086
v 259.937012 118.518723 -241.824814
v 253.688065 129.977524 -221.702179
v 261.421844 111.557312 -227.266983
v 266.307251 98.529388 -240.829300
v 265.991455 96.384430 -223.408707
v 270.315369 79.935936 -238.700592
v 270.733734 81.764610 -256.984100
v 273.093597 63.347946 -255.463455
v 273.214508 64.139687 -273.847748
v 270.834839 81.652130 -274.981171
v 266.642761 100.944328 -260.233521
v 272.054932 47.160473 -291.651733
v 273.792572 44.254215 -272.394470
v 271.282104 30.065031 -293.778046
v 271.066895 30.690893 -309.650269
v 272.968109 28.926123 -277.450836
v 273.230255 27.621902 -260.754791
v 273.802460 47.540390 -253.147842
v 273.634552 40.516266 -238.711319
v 273.163361 26.138554 -243.972046
v 273.051361 24.595198 -227.246613
v 273.556946 41.020664 -224.712753
v 273.543365 43.466339 -209.917725
v 272.884094 54.994858 -222.651276
v 271.686401 65.919693 -205.009415
v 273.053528 57.782742 -189.256912
v 274.078522 35.704605 -189.500305
v 273.132751 23.113642 -210.596008
v 273.532410 21.757492 -194.004440
v 274.317535 20.522560 -177.454514
v 274.982330 32.861229 -172.009354
v 275.508301 19.355549 -160.937836
v 276.081360 38.617580 -159.090607
v 274.387482 49.451878 -172.881134
v 274.984619 57.836571 -157.190216
v 271.798340 72.607132 -169.965958
v 270.103210 78.077240 -187.859009
v 267.424530 91.396431 -173.758163
v 265.663239 96.266571 -188.336258
v 260.430023 113.689392 -169.754822
v 259.832611 113.515533 -193.280426
v 251.045624 133.104874 -184.102203
v 254.084900 126.963348 -202.529816
v 260.331360 112.825737 -211.748718
v 245.289078 144.238190 -204.069305
v 245.842133 144.902679 -219.478592
v 237.233719 158.616882 -219.090240
v 232.372711 163.533936 -196.478500
v 241.359283 150.114105 -186.143066
v 243.586945 147.420303 -170.029755
v 251.219818 134.297791 -164.487915
v 245.774765 146.377808 -148.908569
v 254.534576 130.251862 -150.267426
v 261.920868 113.179863 -151.803360
v 267.845886 95.307449 -153.492889
v 236.953812 158.070206 -160.694046
v 235.741562 161.437363 -147.735336
v 225.310501 172.960297 -160.579391
v 224.532166 175.328537 -146.746643
v 212.251190 187.971481 -145.933517
v 209.711624 188.799866 -165.933060
v 198.667328 199.033401 -145.478851
v 193.851425 201.804337 -162.954224
v 184.927307 209.305954 -144.761108
v 184.517014 208.978058 -161.620743
v 184.130157 209.115784 -179.178497
v 200.991608 195.857452 -181.328201
v 208.759933 189.776596 -195.460281
v 212.311020 185.978531 -184.318970
v 219.217484 179.271820 -197.087097
v 222.315445 175.596436 -180.323898
v 225.818756 172.982803 -211.051926
v 233.890411 161.530228 -175.885544
v 184.096863 209.779526 -198.021698
v 265.463318 96.727806 -205.776382
v 270.175232 77.057884 -219.099304
v 268.766083 82.963982 -201.083435
v 272.223419 76.799057 -155.304977
v 272.828400 60.811958 -237.988785
v 261.145172 118.484108 -259.136414
v 187.956924 211.896255 -255.171509
v 235.641861 164.253067 -131.598785
v 245.011688 150.692093 -132.053223
v 251.823837 139.074203 -132.065826
v 245.705750 153.182556 -116.669426
v 256.343262 135.884521 -113.850304
v 261.951141 118.459114 -131.471756
v 268.864319 95.945457 -141.965149
v 271.538849 95.684601 -120.654297
v 274.072449 75.540306 -138.743423
v 276.939880 71.289368 -121.280945
v 277.389954 55.319675 -135.735565
v 279.389282 54.189808 -120.866974
v 279.438385 35.206036 -128.347427
v 281.684937 45.746170 -109.360619
v 279.924286 63.817551 -109.204201
v 282.547607 65.305878 -92.166176
v 277.459167 83.660606 -101.767807
v 280.231384 84.859856 -84.527756
v 283.691101 81.039856 -71.811729
v 286.778992 59.884361 -74.465538
v 284.867462 39.774059 -93.249550
v 288.532806 34.701511 -75.296028
v 284.442596 16.578247 -95.722122
v 287.602631 15.937986 -79.678589
v 281.608978 17.243258 -111.875618
v 279.959778 95.454857 -72.008591
v 275.987518 110.737137 -67.147194
v 276.388275 99.732697 -84.443092
v 270.800262 117.229111 -81.511162
v 269.062561 129.132187 -64.359741
v 263.528015 133.925919 -80.317024
v 258.220612 149.915573 -63.687752
v 255.390106 147.672180 -83.057617
v 243.491684 166.861221 -78.569389
v 246.549347 170.610184 -53.326351
v 233.248978 184.085678 -60.008453
v 224.377579 195.203110 -49.649235
v 210.672134 205.503159 -50.425037
v 219.638168 195.783554 -65.617874
v 202.199814 207.453491 -71.426781
v 190.630203 219.295151 -50.335789
v 188.942444 217.168289 -67.892090
v 187.647537 215.043777 -86.153404
v 200.838043 204.380692 -94.691116
v 186.800964 212.819366 -105.422592
v 198.337128 203.478653 -112.185829
v 187.631363 208.694458 -126.712036
v 204.188644 196.802292 -127.282990
v 215.902893 186.997925 -126.254990
v 223.049255 178.802933 -133.350388
v 225.980835 178.489792 -117.612633
v 213.414459 192.392410 -108.340775
v 229.717468 178.732330 -96.572716
v 216.161392 194.528305 -85.409157
v 228.666458 184.515060 -76.986610
v 241.466507 163.640747 -99.822731
v 235.967804 167.755676 -111.954254
v 250.845932 150.642990 -97.753464
v 259.951965 135.068954 -96.260223
v 265.088501 118.886497 -109.246384
v 266.343536 122.277153 -93.361496
v 271.531982 106.141464 -98.724335
v 279.159515 17.933067 -128.143372
v 277.124542 18.641319 -144.507721
v 277.197449 37.528091 -147.661865
v 313.732697 -9.832817 51.423374
v 316.997040 -8.971504 69.121941
v 316.586273 -28.378019 71.471840
v 312.250641 -28.736166 50.103035
v 309.844879 -17.719410 33.976830
v 308.889404 -37.842621 37.942528
v 304.899780 -36.750351 18.481106
v 306.762695 -6.787431 14.334260
v 303.754547 -7.477761 -0.226161
v 300.533875 -11.350150 -13.897553
v 302.073822 -25.773785 -0.139782
v 297.469696 -36.197899 -15.343833
v 293.380737 -32.910728 -34.437462
v 297.594482 -5.255156 -28.978430
v 292.869720 -11.166975 -47.355640
v 289.107330 -6.377039 -65.605545
v 285.864594 -27.827051 -67.391991
v 287.921967 -35.264793 -54.061626
v 281.384918 -48.801460 -69.355026
v 284.768158 -55.395115 -51.927799
v 276.461182 -64.865189 -71.387589
v 277.806732 -74.216232 -58.138107
v 268.770844 -88.327652 -75.010445
v 275.032898 -90.756836 -51.358044
v 284.053497 -71.253403 -40.044025
v 279.814178 -93.760620 -34.715508
v 288.252472 -76.095695 -20.380068
v 292.212738 -54.542744 -25.000633
v 297.530304 -56.425423 -1.911872
v 290.945557 -82.694008 -3.705493
v 283.817688 -97.825592 -16.644394
v 287.600006 -101.800323 2.118164
v 297.203796 -80.281677 20.239725
v 292.037384 -104.843063 23.575291
v 297.933533 -106.444351 49.035103
v 305.265564 -74.856819 48.842602
v 309.538940 -85.092522 72.996994
v 310.658142 -69.092117 64.380211
v 316.100128 -64.369217 82.278275
v 316.022339 -80.364761 90.668190
v 316.022736 -93.054543 99.990593
v 306.041656 -105.080971 77.870239
v 316.056213 -100.381020 108.103172
v 311.626312 -50.753235 57.307438
v 316.285156 -46.777172 75.813072
v 305.151031 -56.276508 32.165646
v 301.488220 -57.407047 16.380630
v 289.099823 -53.676350 -37.637478
v 260.582397 -29.319925 -272.332275
v 257.506104 -34.084099 -290.989624
v 263.676117 -17.008951 -285.975616
v 266.584076 -10.450008 -266.953461
v 262.866669 -24.912033 -255.784225
v 253.977280 -47.084934 -256.260925
v 252.388641 -47.380363 -280.576416
v 245.307938 -64.107094 -274.558411
v 245.154251 -61.640980 -292.690002
v 250.652863 -48.861618 -296.577972
v 251.870499 -44.062618 -308.406769
v 258.579987 -26.757925 -304.602966
v 252.635422 -40.807491 -322.586914
v 259.659241 -23.279594 -319.585205
v 264.131195 -9.077653 -300.842896
v 264.905273 -5.594868 -316.324066
v 268.564728 10.407537 -297.272217
v 268.758209 12.566882 -313.010590
v 268.709503 13.207645 -327.921661
v 268.639557 13.338397 -341.690704
v 269.505890 13.130061 -354.436249
v 269.562469 13.095078 -366.649689
v 269.511719 13.106956 -378.439148
v 265.948273 -4.405370 -381.283844
v 265.955994 -4.496795 -369.608612
v 260.962280 -21.808657 -384.330872
v 260.945190 -21.895176 -372.662018
v 254.599686 -38.997795 -387.480530
v 254.158524 -38.799068 -375.609406
v 247.061218 -55.592556 -390.589813
v 246.931641 -55.534843 -378.599518
v 253.850479 -38.684715 -363.406677
v 260.882538 -21.859224 -360.617859
v 260.029144 -21.556021 -348.031860
v 265.028107 -4.218117 -344.909393
v 265.898712 -4.482659 -357.526031
v 265.040619 -4.458345 -331.197601
v 259.969269 -21.900772 -334.340668
v 253.458130 -38.685093 -350.586731
v 253.143936 -39.225800 -336.916992
v 246.367203 -55.511169 -353.465393
v 246.697266 -55.465157 -366.317596
v 246.011871 -55.933743 -339.849213
v 245.667480 -57.018166 -325.346924
v 268.905792 2.764024 -281.463226
v 271.233490 10.942740 -260.419250
v 267.753571 -8.138973 -246.885284
v 271.066071 8.417087 -245.756668
v 270.596558 4.562422 -231.878159
v 271.318695 6.765034 -211.016617
v 271.011047 0.223935 -194.159332
v 267.517181 -15.715157 -201.201614
v 268.036041 -9.859921 -218.207169
v 263.107422 -28.628471 -216.908951
v 262.248566 -34.758446 -199.400330
v 256.696747 -47.593948 -208.500824
v 257.240448 -50.688435 -186.581314
v 265.129181 -28.445761 -184.119583
v 264.469513 -36.652317 -167.420822
v 269.570343 -18.329329 -165.329498
v 269.138123 -12.313185 -184.882095
v 272.155151 1.900538 -179.828201
v 273.290680 0.395159 -163.177536
v 257.898193 -54.128479 -169.563339
v 250.592133 -71.607109 -171.462677
v 250.380844 -67.935814 -187.976151
v 250.159409 -64.901421 -204.222275
v 249.362610 -63.694881 -220.794968
v 257.143738 -44.035622 -223.740967
v 254.147903 -49.947830 -235.254364
v 261.498260 -31.190165 -237.751526
v 247.794632 -64.365211 -238.155136
v 246.192001 -65.069611 -256.170227
v 266.528931 -14.869352 -230.276184
v 245.355759 -58.970966 -309.715820
v 274.758148 -3.537423 -144.052628
v 270.740936 -19.427608 -153.054245
v 267.031860 -36.562027 -147.474594
v 259.209625 -57.548077 -152.660599
v 266.038849 -47.511208 -133.504486
v 260.192017 -64.647560 -134.580780
v 254.677689 -76.117744 -141.321136
v 252.798904 -72.930771 -155.234467
v 257.203156 -79.861336 -124.623810
v 264.072479 -62.786892 -119.735474
v 260.401703 -84.023895 -107.009209
v 269.514099 -58.465427 -102.760704
v 269.332703 -72.263840 -88.453003
v 276.819794 -49.048035 -85.671867
v 283.742981 -27.168791 -76.458778
v 280.691101 -24.727781 -90.955215
v 275.222473 -39.595974 -100.712189
v 277.475037 -22.371008 -107.701118
v 271.242432 -42.185051 -115.868141
v 273.521240 -21.243160 -130.445007
v 279.929535 -1.624656 -111.702972
v 277.795013 4.492927 -128.562256
v 283.035248 -3.704918 -94.404930
v 286.235413 -5.229190 -78.726158
v 264.325531 -87.019547 -90.243927
v 263.595459 213.833328 141.923492
v 258.567993 218.840652 158.369659
v 273.185608 208.794815 152.394775
v 275.295013 203.415115 133.843475
v 260.594788 211.789398 125.321808
v 271.951263 201.889496 121.331970
v 267.808380 199.668655 104.976738
v 251.259674 213.833618 104.193382
v 242.803619 224.952591 126.358391
v 249.193253 223.643372 142.922623
v 231.215576 235.066544 142.461365
v 238.908356 230.385529 151.901535
v 245.775452 226.720062 157.372040
v 247.257645 225.817200 171.830978
v 260.391724 218.376266 177.719818
v 270.096497 212.586716 168.412552
v 273.985046 210.959427 187.916977
v 283.875793 203.645813 168.171646
v 288.827576 202.455093 186.443237
v 298.068695 194.966064 175.977554
v 301.279022 195.292923 195.869888
v 286.523468 203.859833 204.749527
v 298.402527 197.213837 212.647888
v 312.461304 189.630661 213.536713
v 301.230743 193.960495 228.135803
v 313.685028 186.107819 234.950638
v 323.764374 182.626450 223.468567
v 325.152649 177.867813 242.795624
v 316.399323 180.625488 251.133881
v 326.543793 171.763336 261.632019
v 313.982574 177.007034 266.021057
v 327.162537 168.136047 269.782776
v 317.852356 168.352142 280.344666
v 328.515350 158.178360 287.272003
v 315.200256 161.000320 296.838165
v 329.866180 146.966583 304.698303
v 318.419830 148.940292 312.401367
v 330.389404 141.710388 311.539703
v 321.360474 139.072678 322.416168
v 331.454407 128.691223 325.823090
v 318.234467 129.809586 335.627747
v 332.408539 115.167709 339.117889
v 320.985962 116.123482 346.647949
v 332.723785 108.850960 344.195099
v 324.094757 104.789017 353.018768
v 333.188965 93.119057 354.311920
v 321.324585 94.626114 361.729889
v 333.389709 78.437828 362.241791
v 316.759521 81.076920 371.734161
v 333.313934 63.901119 368.449402
v 315.832916 67.243034 377.621918
v 319.501801 54.939075 378.827972
v 306.929596 61.099327 383.915039
v 305.874359 45.575493 386.839355
v 291.724457 62.998840 391.159576
v 285.976746 45.073811 395.916779
v 296.305725 25.646980 390.736603
v 318.906036 27.141808 381.516388
v 321.847443 42.455956 379.519592
v 332.378326 35.477554 375.460815
v 332.963623 49.554070 372.869934
v 331.629761 21.851965 376.199982
v 330.819519 9.141975 375.119781
v 312.872162 10.169562 381.890076
v 330.000793 -2.799244 372.286346
v 306.001404 -3.517514 379.823120
v 311.321106 -14.917132 372.865509
v 293.711700 -14.760731 378.150940
v 293.437134 -3.938903 383.569885
v 279.935028 -3.451583 387.818176
v 276.539307 -14.133145 383.326599
v 259.960022 -12.938034 388.333374
v 264.934692 2.205673 394.528320
v 248.515015 0.575466 398.360260
v 259.932556 12.656604 399.942505
v 276.699768 14.765464 395.494598
v 262.123260 28.819490 403.409607
v 278.424744 31.614328 398.163239
v 270.609222 43.371712 401.899689
v 272.215271 60.561413 400.464966
v 253.992935 50.199661 408.318054
v 258.861115 66.105766 405.274689
v 244.686783 72.627518 409.578400
v 239.931519 56.119839 413.018555
v 234.520828 41.484558 414.099609
v 225.660400 59.610680 417.098297
v 221.532196 40.420429 418.107269
v 219.426788 29.721930 416.533936
v 233.228210 22.078712 410.766388
v 246.457077 31.939268 409.084290
v 247.570099 17.102383 405.162872
v 234.694717 7.335970 404.736389
v 228.706360 -9.086407 397.821777
v 244.057968 -11.248956 393.226562
v 215.476364 6.723300 408.687622
v 213.632965 -6.541665 401.997375
v 229.481018 77.124367 413.705963
v 233.022293 93.784828 408.122955
v 249.284271 95.161316 401.301514
v 236.270920 109.995987 400.476776
v 251.181778 112.059227 392.855713
v 239.308304 126.481049 390.606445
v 252.420395 121.552452 386.789062
v 254.810471 129.977921 379.532806
v 240.372101 133.409912 385.100952
v 252.833023 145.536758 366.297516
v 242.009506 147.321960 370.986145
v 243.121674 159.289383 357.009796
v 253.651535 158.550568 351.087891
v 243.837997 170.127258 342.480682
v 260.540070 165.554367 337.363678
v 254.381149 178.748825 321.815552
v 244.215302 180.057739 327.255737
v 244.289062 188.990234 311.606506
v 253.023376 188.802078 304.772003
v 244.095169 197.083450 295.371674
v 257.366974 194.894562 288.376373
v 243.661026 204.350266 278.619110
v 255.216736 203.334274 269.550629
v 243.011230 210.753082 261.536957
v 254.205490 207.602097 258.519348
v 253.636215 211.220139 246.897720
v 242.144547 216.433838 243.844711
v 251.972397 216.975067 225.961365
v 265.321106 209.395020 235.359436
v 265.262543 212.934784 216.250931
v 255.918777 218.768539 205.513550
v 239.765030 225.492798 207.621216
v 250.636627 222.886490 190.388199
v 238.144943 229.082199 188.783737
v 236.051620 232.292526 168.803146
v 239.977737 230.303146 163.335449
v 235.426819 232.823135 164.570053
v 234.802002 233.353745 160.336945
v 239.935898 230.221359 158.044540
v 233.008789 234.210144 151.399155
v 261.378540 217.326508 192.247894
v 266.051697 214.328522 201.440582
v 273.986816 210.035141 206.562119
v 278.453491 205.926544 223.391937
v 290.765228 200.351593 220.974716
v 289.681335 198.245453 236.449203
v 277.361969 202.033249 244.059036
v 287.828430 195.056366 252.394272
v 278.019012 196.398376 261.867554
v 291.522003 187.226624 269.864288
v 302.313019 188.394333 250.662872
v 302.955078 182.574203 266.980957
v 303.809814 175.621613 282.036743
v 293.126587 180.798691 283.031708
v 292.578369 175.454239 294.116638
v 284.677521 183.538666 286.251617
v 279.702515 176.745026 304.308777
v 292.248749 166.682297 309.738007
v 301.846313 167.715729 298.966125
v 304.888702 157.871826 312.009308
v 292.467621 155.267380 326.493896
v 308.284393 144.443726 327.105347
v 295.367981 140.616791 342.146027
v 281.951172 151.050568 340.158417
v 280.210724 139.240021 354.634308
v 267.359833 151.406555 350.615631
v 273.877625 160.713104 334.066956
v 269.237488 172.057373 321.225616
v 281.650543 165.107437 321.458679
v 264.465790 183.521423 305.368042
v 272.229797 188.066269 289.277771
v 267.837402 196.726685 273.646271
v 278.819763 190.682388 276.169617
v 264.640228 204.276108 255.755096
v 282.409729 158.129837 330.867737
v 266.755005 136.554108 366.370972
v 277.835236 124.941605 369.317047
v 266.041107 127.378105 374.883514
v 264.011017 117.910980 382.736328
v 279.648102 107.998192 380.229340
v 295.506897 113.960106 366.228394
v 291.091980 129.338242 356.673096
v 305.928833 125.737740 349.410980
v 306.898041 135.667175 338.523773
v 312.526093 109.513550 357.928864
v 307.128204 98.071068 369.144012
v 293.233612 97.776840 377.784027
v 302.694824 88.045921 377.223145
v 302.458130 75.141327 382.491974
v 293.616760 86.035553 383.227203
v 289.489563 77.966331 388.502777
v 279.578674 74.554390 394.370087
v 280.730286 89.733566 388.643188
v 264.449066 80.246918 399.820984
v 265.064056 100.854706 391.818115
v 241.073502 221.316238 225.912399
v 294.214722 6.514220 387.069366
v 329.153076 -14.794479 367.502502
v 323.090790 183.869324 213.476517
v 322.505890 183.428024 203.818329
v 313.719299 187.422943 196.167099
v 321.539246 180.110474 185.974899
v 310.773315 186.799591 181.291382
v 320.794708 175.435623 170.486710
v 308.028229 184.004959 162.927231
v 295.363800 193.986053 160.768127
v 299.527649 187.296036 149.935791
v 309.329987 175.653427 146.426010
v 297.556305 182.774918 132.952377
v 287.220245 196.934280 146.949875
v 285.670929 194.273865 133.064987
v 282.468872 191.710526 120.443520
v 295.035217 173.464462 113.907410
v 281.890015 184.329315 103.328682
v 294.474609 166.989349 102.276665
v 306.757568 146.551346 103.413605
v 305.969177 164.712906 122.858002
v 319.495087 150.760376 129.842575
v 310.533875 167.570328 134.760452
v 319.780487 160.868286 142.466003
v 320.202545 168.964890 155.826202
v 319.305634 137.865417 117.215340
v 319.188324 123.392944 105.898476
v 227.365524 236.414368 127.267349
v 235.626602 228.108276 114.668411
v 223.011597 237.648026 114.240616
v 232.329254 227.279373 99.891846
v 217.955048 238.945923 103.071198
v 211.978622 240.436279 93.460777
v 273.635315 -135.948761 198.841599
v 288.613098 -129.142029 196.269501
v 284.130096 -127.142159 210.174240
v 271.891113 -130.738876 215.540558
v 259.037933 -141.059326 203.917557
v 260.612030 -146.787354 186.828110
v 277.785553 -139.432800 180.201767
v 264.044067 -151.197159 167.539185
v 276.178406 -144.150604 166.852509
v 288.156891 -136.298599 164.442703
v 294.783875 -129.405319 181.517639
v 303.849823 -121.250992 195.755066
v 298.041931 -120.278084 210.835770
v 317.661377 -110.987122 210.134811
v 305.531311 -113.162865 223.106857
v 288.331268 -118.947937 228.275467
v 305.343384 -108.780983 238.031113
v 293.879395 -110.159492 246.684372
v 279.014618 -115.232323 247.101273
v 268.619843 -125.511475 232.010681
v 257.350098 -135.482330 219.292801
v 254.870605 -130.844543 232.266983
v 244.363403 -139.060883 223.376083
v 244.978043 -145.204041 209.151718
v 245.859772 -150.931839 194.790329
v 236.183899 -152.269241 201.750259
v 231.113754 -158.909058 192.409714
v 243.569290 -159.279770 176.712677
v 225.621536 -166.977722 180.018707
v 227.211319 -173.692307 161.411835
v 212.582870 -174.705597 177.838776
v 213.532593 -166.846863 193.195343
v 210.902725 -182.259277 163.311691
v 208.344223 -189.493622 149.862503
v 224.841949 -181.269562 145.507278
v 241.593109 -171.987518 142.737656
v 249.940262 -162.289673 156.935379
v 257.860687 -161.757401 142.151062
v 264.268860 -154.758713 153.008850
v 275.531158 -146.470734 156.797714
v 272.961121 -151.092651 143.685577
v 287.288330 -139.938232 146.466949
v 301.654694 -128.048141 148.607803
v 304.133820 -125.134674 169.891800
v 316.507294 -117.343201 166.478683
v 316.646759 -117.089218 174.548630
v 307.247864 -121.876129 182.890717
v 317.110718 -114.434196 192.947739
v 316.328308 -115.606911 149.217133
v 223.359131 -158.253265 201.803314
v 213.911102 -158.752853 209.002991
v 222.346939 -155.353531 208.448486
v 229.457397 -152.447510 208.163483
v 222.944733 -151.438721 215.550858
v 229.289322 -148.583603 216.289474
v 229.353073 -143.115112 227.389786
v 213.878052 -150.282440 225.305649
v 213.557175 -141.153488 242.431961
v 231.228256 -133.997543 243.931534
v 226.585831 -128.340012 257.427673
v 242.452072 -124.355011 254.832825
v 236.815491 -117.154030 271.414093
v 221.581726 -121.419701 272.120575
v 213.041611 -131.152939 260.574585
v 212.754593 -126.400078 268.653992
v 212.045135 -115.251534 286.349091
v 227.423950 -109.502174 288.836304
v 211.399353 -104.551170 302.471161
v 225.215302 -101.506790 302.162872
v 223.825455 -92.458389 315.842285
v 237.700851 -98.596504 301.934021
v 243.984344 -85.556427 319.470367
v 226.808197 -78.863388 333.343750
v 210.363785 -81.939926 333.272278
v 210.105789 -69.728226 347.930176
v 231.401184 -66.268921 347.719757
v 221.604874 -54.824406 362.061981
v 241.268204 -51.935196 361.286407
v 248.165131 -64.760483 345.724396
v 257.240875 -56.000992 353.577881
v 261.116364 -43.100021 365.608093
v 244.311722 -34.775284 376.348907
v 226.604538 -39.226963 376.002502
v 230.813416 -21.751139 388.933533
v 211.696442 -25.962290 388.878754
v 247.598892 -21.950512 385.368378
v 260.230286 -26.993198 379.068695
v 273.048157 -31.719833 372.368927
v 290.074554 -30.888634 368.699646
v 306.879669 -25.657948 367.737823
v 310.679657 -39.333538 356.351562
v 328.267059 -27.045990 360.595703
v 327.348785 -39.198990 351.688202
v 326.379700 -51.031925 340.925812
v 303.352936 -53.054699 345.330658
v 310.605530 -61.097607 334.048737
v 290.070923 -64.582222 335.431732
v 290.063843 -54.664589 347.053375
v 275.125336 -54.833611 350.643616
v 271.607941 -66.565475 337.747162
v 273.939484 -74.931908 325.898346
v 287.502777 -76.008904 320.089233
v 307.268829 -72.411591 319.351257
v 290.735321 -83.178047 307.187439
v 304.812225 -82.732704 302.154449
v 323.370941 -77.315964 304.424988
v 324.715302 -67.996338 321.034821
v 325.254242 -63.292404 327.594757
v 310.652069 -88.022217 288.418945
v 291.755402 -92.016724 289.999725
v 300.996002 -97.134361 273.968567
v 285.633728 -101.114708 274.813507
v 289.985809 -105.831955 261.001190
v 273.658417 -109.476845 264.363098
v 259.782166 -121.414368 248.476639
v 255.628098 -111.953041 270.336853
v 243.747269 -132.244293 238.245773
v 271.694214 -100.627563 283.328522
v 258.195312 -103.542168 284.834320
v 245.986359 -106.202187 286.090210
v 259.084869 -94.457764 300.357513
v 277.701447 -91.059273 298.587097
v 275.142639 -83.991959 311.664276
v 261.861572 -82.891693 317.787750
v 257.388489 -73.608154 332.207214
v 241.370071 -74.265541 335.527466
v 261.727844 -63.457634 344.012024
v 307.112610 -101.766273 256.991852
v 320.741089 -93.045303 270.486298
v 320.232361 -95.913094 262.860565
v 319.186310 -101.848160 244.340347
v 318.347046 -106.772537 227.162155
v 322.085449 -85.274658 288.211029
v 291.292664 -45.886337 355.578827
v 278.070465 -41.575199 363.067841
v 210.621368 -42.175262 375.737823
v 210.146515 -56.628326 362.050507
v 210.820908 -93.509430 318.088318
v 235.642273 -146.564896 215.118408
v 236.505707 -149.376373 208.135574
v 229.922180 -155.687241 200.646744
v -313.541656 91.595604 68.965256
v -318.935974 88.928452 86.700623
v -312.285828 105.676849 75.095367
v -307.956665 97.700859 52.608006
v -314.403503 72.752136 62.151146
v -309.438904 75.940262 41.513477
v -304.461334 88.923256 30.352451
v -307.024200 63.363270 22.943596
v -301.118896 82.162491 8.833391
v -303.996185 61.975525 7.478385
v -305.689209 40.687008 6.982337
v -300.799835 61.632736 -7.810084
v -301.344391 33.045025 -15.390770
v -297.513184 51.301643 -27.531574
v -298.170807 34.068810 -30.184063
v -297.976440 14.665675 -32.121540
v -301.431915 14.289651 -16.133255
v -304.795685 13.833698 0.125898
v -294.829956 36.553268 -45.461838
v -294.473938 14.996972 -47.948395
v -290.995605 15.313475 -63.713032
v -291.439026 37.073376 -61.211761
v -290.249298 58.736736 -58.391850
v -292.766266 65.397591 -41.658520
v -287.349548 80.077652 -55.289467
v -288.813904 88.649254 -38.761723
v -282.721069 100.858284 -52.000721
v -283.635895 107.440010 -37.939713
v -276.375580 120.830101 -48.636200
v -279.385132 124.515671 -29.153713
v -268.366821 139.748199 -45.331844
v -272.549683 139.604630 -27.702192
v -265.634247 152.735229 -25.403423
v -276.358826 139.782257 -11.512138
v -264.814514 162.893219 -3.873360
v -251.352707 174.456131 -22.089176
v -258.778564 157.381439 -42.229954
v -247.734863 173.535599 -39.464077
v -235.393173 188.072113 -37.137909
v -233.360657 196.644424 -11.864350
v -249.113342 186.000565 6.161947
v -234.463348 201.511398 10.487328
v -221.499863 211.648834 8.494885
v -226.618591 212.332535 27.689846
v -209.248550 224.968674 32.289337
v -205.864716 221.392609 7.233251
v -215.933014 210.650986 -12.797990
v -202.439346 219.793716 -10.393391
v -192.311508 228.687729 3.096535
v -188.814041 225.663834 -17.212187
v -203.635803 214.652328 -29.936790
v -192.337769 221.645294 -33.078873
v -193.030792 233.065430 25.510397
v -221.931168 200.948090 -35.310394
v -194.328613 238.383316 51.312199
v -205.387863 234.054825 58.826763
v -218.039764 223.941666 49.087791
v -210.649429 233.257507 67.116608
v -219.673660 226.958328 66.228218
v -206.063065 241.894714 86.824867
v -203.938065 239.339340 74.919884
v -201.203033 243.064224 82.961365
v -196.343002 244.233734 79.097855
v -215.895264 233.719620 81.103600
v -232.589050 218.229233 68.981369
v -234.516464 210.871307 44.502651
v -248.124466 200.135696 49.828304
v -256.020966 198.879517 65.733498
v -240.306656 216.555923 82.982483
v -211.978622 240.436279 93.460777
v -232.329254 227.279373 99.891846
v -251.823929 209.721786 90.690353
v -251.259674 213.833618 104.193382
v -262.623352 201.873306 95.388298
v -266.464722 193.854767 81.192917
v -272.600586 191.729874 94.245178
v -267.808380 199.668655 104.976738
v -281.890015 184.329315 103.328682
v -281.285919 177.835953 86.512672
v -294.474609 166.989349 102.276665
v -293.863525 153.908234 78.711853
v -276.664490 174.016907 61.902985
v -289.740479 147.025482 51.343983
v -277.137360 159.985062 35.273941
v -288.355927 135.748138 27.875889
v -298.973785 121.293274 44.950489
v -299.450317 134.460739 63.995842
v -305.671875 118.119354 63.729233
v -308.108582 127.334244 83.709129
v -306.757568 146.551346 103.413605
v -319.188324 123.392944 105.898476
v -319.083923 106.974243 95.640068
v -302.400269 104.515739 36.933083
v -297.134460 109.264038 21.493021
v -286.972565 126.634750 5.794629
v -293.303680 104.190460 -1.228527
v -296.359863 85.177246 -9.308664
v -294.787506 75.775085 -24.438738
v -289.405853 101.079720 -21.723564
v -285.382477 119.552711 -11.552278
v -277.088043 149.733765 11.722488
v -264.487732 172.172974 19.784964
v -250.617065 191.941055 30.431219
v -262.924286 182.458160 43.082157
v -239.698975 200.559387 23.375721
v -255.036835 204.593384 79.344727
v -209.020844 241.165497 90.142822
v -308.081085 13.254682 16.746761
v -309.822845 37.339695 26.884655
v -311.299530 12.533228 33.773029
v -312.638519 37.720604 41.760773
v -311.578278 56.260998 41.248417
v -314.537048 49.947525 54.394470
v -318.366394 50.331837 73.976631
v -315.035034 32.164299 54.074669
v -317.940308 30.472336 70.404015
v -314.433990 11.686517 51.165432
v -317.468292 10.767421 68.784134
v -318.703003 69.943939 79.441513
v -213.881210 188.821960 -233.218872
v -199.879242 200.812363 -235.771088
v -212.260376 192.598236 -249.206680
v -227.899460 176.460983 -252.335815
v -218.249039 189.213776 -268.424316
v -230.850998 174.620026 -273.356842
v -239.968750 162.489014 -270.638611
v -237.951736 162.923981 -287.504822
v -247.051300 147.793686 -286.561005
v -246.295731 149.023041 -303.191772
v -254.147491 132.888992 -303.292572
v -253.769897 133.588196 -318.554230
v -260.207581 116.932579 -319.068939
v -259.985687 117.103592 -332.875793
v -265.023285 100.110909 -333.674988
v -265.878662 100.255852 -346.231750
v -269.532104 82.994186 -347.317627
v -269.486328 82.685570 -359.218964
v -271.690033 65.447266 -360.609680
v -271.629639 64.949135 -371.966339
v -272.343140 48.019196 -373.708649
v -272.434296 48.104164 -362.252258
v -271.645355 30.655462 -375.884521
v -271.735565 30.798096 -363.904297
v -272.455750 48.200836 -350.117645
v -271.753845 65.638527 -348.663452
v -270.829071 65.606949 -336.036743
v -268.633148 82.897491 -334.756683
v -268.821869 82.706726 -321.037506
v -265.229248 99.880867 -319.926239
v -265.549652 98.948753 -305.124908
v -260.602356 115.992439 -303.983215
v -261.462097 113.496956 -288.461700
v -255.105972 130.852676 -286.799713
v -258.603546 126.296059 -271.011780
v -249.767044 145.672882 -267.186859
v -254.062729 134.439941 -250.966400
v -245.902267 150.017761 -249.423874
v -240.322083 159.930634 -255.872864
v -237.563721 161.474518 -239.823898
v -226.160309 174.786804 -228.244186
v -237.233719 158.616882 -219.090240
v -225.818756 172.982803 -211.051926
v -213.474533 186.610962 -212.544205
v -201.845169 197.439102 -220.023361
v -196.891403 199.900421 -200.548187
v -184.758163 210.721725 -217.878983
v -186.165558 211.543518 -237.324738
v -200.025330 202.692184 -256.116211
v -187.951385 211.888412 -255.172318
v -189.187393 211.910782 -271.743530
v -205.489914 199.190399 -274.385712
v -215.933228 189.907425 -287.569672
v -227.644516 176.924362 -287.337921
v -226.652878 178.153427 -303.334412
v -237.145950 164.105667 -303.261200
v -236.754410 164.620697 -318.280548
v -245.946182 149.546158 -318.327118
v -245.726883 149.581131 -332.103455
v -253.551422 133.671265 -332.364716
v -254.338257 133.882156 -344.931061
v -260.811401 117.312386 -345.441101
v -260.771271 117.056984 -357.365082
v -265.847839 99.938461 -358.139282
v -265.822510 99.480133 -369.541260
v -269.485138 82.016434 -370.592163
v -260.681732 116.818573 -368.803772
v -254.274780 133.701675 -356.873108
v -254.135712 133.588486 -368.349182
v -246.363815 149.693573 -356.630859
v -246.214691 149.576523 -368.138855
v -237.065384 164.801804 -356.600220
v -236.949738 164.608887 -368.136932
v -226.368591 178.878342 -356.744019
v -226.386795 178.530563 -368.308563
v -214.375046 191.722656 -357.024750
v -214.538330 191.269272 -368.617340
v -200.766449 202.808762 -357.198273
v -201.267319 202.924789 -369.030396
v -186.679611 213.556091 -357.604950
v -186.738632 213.331696 -369.510345
v -186.647324 213.663803 -345.351776
v -200.667526 202.945663 -345.033630
v -186.759949 213.582932 -332.420502
v -200.684479 202.832230 -332.195923
v -214.347275 191.999985 -345.044708
v -213.989899 191.633774 -332.432343
v -226.397797 179.110107 -344.769745
v -225.924728 178.720093 -332.171082
v -237.132050 164.981125 -344.631256
v -236.513962 164.653046 -332.049805
v -246.439087 149.851349 -344.673798
v -226.193466 178.685226 -318.389221
v -214.287842 191.601700 -318.646454
v -214.826981 191.058426 -303.600739
v -201.765656 202.022034 -303.534241
v -201.017624 202.533401 -318.389435
v -188.157516 212.697479 -303.645782
v -187.227051 213.259140 -318.554749
v -189.125580 212.137695 -287.890228
v -202.888428 201.158737 -288.142517
v -184.096863 209.779526 -198.021698
v -184.130157 209.115784 -179.178497
v -200.991608 195.857452 -181.328201
v -193.851425 201.804337 -162.954224
v -209.711624 188.799866 -165.933060
v -198.667328 199.033401 -145.478851
v -184.927307 209.305954 -144.761108
v -184.517014 208.978058 -161.620743
v -212.251190 187.971481 -145.933517
v -225.310501 172.960297 -160.579391
v -222.315445 175.596436 -180.323898
v -233.890411 161.530228 -175.885544
v -236.953812 158.070206 -160.694046
v -235.741562 161.437363 -147.735336
v -224.532166 175.328537 -146.746643
v -245.774765 146.377808 -148.908569
v -243.586945 147.420303 -170.029755
v -251.219818 134.297791 -164.487915
v -254.534576 130.251862 -150.267426
v -260.430023 113.689392 -169.754822
v -251.045624 133.104874 -184.102203
v -259.832611 113.515533 -193.280426
v -265.663239 96.266571 -188.336258
v -265.463318 96.727806 -205.776382
v -268.766083 82.963982 -201.083435
v -270.103210 78.077240 -187.859009
v -267.424530 91.396431 -173.758163
v -271.798340 72.607132 -169.965958
v -273.053528 57.782742 -189.256912
v -274.387482 49.451878 -172.881134
v -274.984619 57.836571 -157.190216
v -276.081360 38.617580 -159.090607
v -274.982330 32.861229 -172.009354
v -274.078522 35.704605 -189.500305
v -274.317535 20.522560 -177.454514
v -275.508301 19.355549 -160.937836
v -273.532410 21.757492 -194.004440
v -273.132751 23.113642 -210.596008
v -273.543365 43.466339 -209.917725
v -273.051361 24.595198 -227.246613
v -273.556946 41.020664 -224.712753
v -273.634552 40.516266 -238.711319
v -273.163361 26.138554 -243.972046
v -273.230255 27.621902 -260.754791
v -273.802460 47.540390 -253.147842
v -272.828400 60.811958 -237.988785
v -273.093597 63.347946 -255.463455
v -273.792572 44.254215 -272.394470
v -273.214508 64.139687 -273.847748
v -270.733734 81.764610 -256.984100
v -270.834839 81.652130 -274.981171
v -271.302460 64.780495 -291.199799
v -272.054932 47.160473 -291.651733
v -271.803284 47.967987 -308.219482
v -271.066895 30.690893 -309.650269
v -270.935760 31.001148 -324.634399
v -271.654236 48.248390 -323.392548
v -270.834045 31.088701 -338.578308
v -271.536957 48.302155 -337.325958
v -271.679047 30.926931 -351.560638
v -270.966431 65.497665 -322.244141
v -271.127533 65.174759 -307.282928
v -269.036682 82.071648 -306.299866
v -269.288574 81.173126 -291.145386
v -266.089783 96.971146 -290.292664
v -267.820984 94.479309 -277.777557
v -264.261871 109.142906 -274.154419
v -266.642761 100.944328 -260.233521
v -261.145172 118.484108 -259.136414
v -259.937012 118.518723 -241.824814
v -253.790863 132.426895 -236.663086
v -247.006638 145.087875 -233.716232
v -253.688065 129.977524 -221.702179
v -245.842133 144.902679 -219.478592
v -245.289078 144.238190 -204.069305
v -232.372711 163.533936 -196.478500
v -241.359283 150.114105 -186.143066
v -254.084900 126.963348 -202.529816
v -260.331360 112.825737 -211.748718
v -261.421844 111.557312 -227.266983
v -266.307251 98.529388 -240.829300
v -265.991455 96.384430 -223.408707
v -270.315369 79.935936 -238.700592
v -270.175232 77.057884 -219.099304
v -272.884094 54.994858 -222.651276
v -271.686401 65.919693 -205.009415
v -271.282104 30.065031 -293.778046
v -272.968109 28.926123 -277.450836
v -272.223419 76.799057 -155.304977
v -267.845886 95.307449 -153.492889
v -261.920868 113.179863 -151.803360
v -219.217484 179.271820 -197.087097
v -212.311020 185.978531 -184.318970
v -208.759933 189.776596 -195.460281
v -235.641861 164.253067 -131.598785
v -223.049255 178.802933 -133.350388
v -225.980835 178.489792 -117.612633
v -215.902893 186.997925 -126.254990
v -204.188644 196.802292 -127.282990
v -213.414459 192.392410 -108.340775
v -198.337128 203.478653 -112.185829
v -200.838043 204.380692 -94.691116
v -186.800964 212.819366 -105.422592
v -187.631363 208.694458 -126.712036
v -187.647537 215.043777 -86.153404
v -202.199814 207.453491 -71.426781
v -188.942444 217.168289 -67.892090
v -190.630203 219.295151 -50.335789
v -210.672134 205.503159 -50.425037
v -224.377579 195.203110 -49.649235
v -233.248978 184.085678 -60.008453
v -219.638168 195.783554 -65.617874
v -228.666458 184.515060 -76.986610
v -243.491684 166.861221 -78.569389
v -229.717468 178.732330 -96.572716
v -216.161392 194.528305 -85.409157
v -235.967804 167.755676 -111.954254
v -241.466507 163.640747 -99.822731
v -245.705750 153.182556 -116.669426
v -245.011688 150.692093 -132.053223
v -251.823837 139.074203 -132.065826
v -261.951141 118.459114 -131.471756
v -256.343262 135.884521 -113.850304
v -265.088501 118.886497 -109.246384
v -271.538849 95.684601 -120.654297
v -271.531982 106.141464 -98.724335
v -266.343536 122.277153 -93.361496
v -259.951965 135.068954 -96.260223
v -263.528015 133.925919 -80.317024
v -255.390106 147.672180 -83.057617
v -258.220612 149.915573 -63.687752
v -250.845932 150.642990 -97.753464
v -246.549347 170.610184 -53.326351
v -269.062561 129.132187 -64.359741
v -275.987518 110.737137 -67.147194
v -279.959778 95.454857 -72.008591
v -283.691101 81.039856 -71.811729
v -280.231384 84.859856 -84.527756
v -282.547607 65.305878 -92.166176
v -286.778992 59.884361 -74.465538
v -288.532806 34.701511 -75.296028
v -287.602631 15.937986 -79.678589
v -284.442596 16.578247 -95.722122
v -284.867462 39.774059 -93.249550
v -281.608978 17.243258 -111.875618
v -281.684937 45.746170 -109.360619
v -279.924286 63.817551 -109.204201
v -279.389282 54.189808 -120.866974
v -276.939880 71.289368 -121.280945
v -277.389954 55.319675 -135.735565
v -279.438385 35.206036 -128.347427
v -277.197449 37.528091 -147.661865
v -277.124542 18.641319 -144.507721
v -274.072449 75.540306 -138.743423
v -268.864319 95.945457 -141.965149
v -277.459167 83.660606 -101.767807
v -279.159515 17.933067 -128.143372
v -276.388275 99.732697 -84.443092
v -270.800262 117.229111 -81.511162
v -316.997040 -8.971504 69.121941
v -313.732697 -9.832817 51.423374
v -316.586273 -28.378019 71.471840
v -312.250641 -28.736166 50.103035
v -311.626312 -50.753235 57.307438
v -316.285156 -46.777172 75.813072
v -316.100128 -64.369217 82.278275
v -310.658142 -69.092117 64.380211
v -305.265564 -74.856819 48.842602
v -309.538940 -85.092522 72.996994
v -297.933533 -106.444351 49.035103
v -297.203796 -80.281677 20.239725
v -292.037384 -104.843063 23.575291
v -287.600006 -101.800323 2.118164
v -290.945557 -82.694008 -3.705493
v -283.817688 -97.825592 -16.644394
v -288.252472 -76.095695 -20.380068
v -279.814178 -93.760620 -34.715508
v -284.053497 -71.253403 -40.044025
v -275.032898 -90.756836 -51.358044
v -277.806732 -74.216232 -58.138107
v -284.768158 -55.395115 -51.927799
v -276.461182 -64.865189 -71.387589
v -268.770844 -88.327652 -75.010445
v -281.384918 -48.801460 -69.355026
v -287.921967 -35.264793 -54.061626
v -293.380737 -32.910728 -34.437462
v -292.869720 -11.166975 -47.355640
v -285.864594 -27.827051 -67.391991
v -289.107330 -6.377039 -65.605545
v -297.594482 -5.255156 -28.978430
v -300.533875 -11.350150 -13.897553
v -303.754547 -7.477761 -0.226161
v -306.762695 -6.787431 14.334260
v -309.844879 -17.719410 33.976830
v -304.899780 -36.750351 18.481106
v -302.073822 -25.773785 -0.139782
v -297.530304 -56.425423 -1.911872
v -297.469696 -36.197899 -15.343833
v -292.212738 -54.542744 -25.000633
v -289.099823 -53.676350 -37.637478
v -301.488220 -57.407047 16.380630
v -305.151031 -56.276508 32.165646
v -308.889404 -37.842621 37.942528
v -306.041656 -105.080971 77.870239
v -316.022736 -93.054543 99.990593
v -316.022339 -80.364761 90.668190
v -316.056213 -100.381020 108.103172
v -257.506104 -34.084099 -290.989624
v -260.582397 -29.319925 -272.332275
v -263.676117 -17.008951 -285.975616
v -258.579987 -26.757925 -304.602966
v -251.870499 -44.062618 -308.406769
v -252.635422 -40.807491 -322.586914
v -245.667480 -57.018166 -325.346924
v -246.011871 -55.933743 -339.849213
v -253.143936 -39.225800 -336.916992
v -246.367203 -55.511169 -353.465393
v -253.458130 -38.685093 -350.586731
v -246.697266 -55.465157 -366.317596
v -253.850479 -38.684715 -363.406677
v -246.931641 -55.534843 -378.599518
v -254.158524 -38.799068 -375.609406
v -247.061218 -55.592556 -390.589813
v -254.599686 -38.997795 -387.480530
v -260.945190 -21.895176 -372.662018
v -260.962280 -21.808657 -384.330872
v -265.955994 -4.496795 -369.608612
v -265.948273 -4.405370 -381.283844
v -269.562469 13.095078 -366.649689
v -269.511719 13.106956 -378.439148
v -269.505890 13.130061 -354.436249
v -268.639557 13.338397 -341.690704
v -265.898712 -4.482659 -357.526031
v -265.028107 -4.218117 -344.909393
v -260.882538 -21.859224 -360.617859
v -260.029144 -21.556021 -348.031860
v -265.040619 -4.458345 -331.197601
v -268.709503 13.207645 -327.921661
v -268.758209 12.566882 -313.010590
v -268.564728 10.407537 -297.272217
v -264.905273 -5.594868 -316.324066
v -264.131195 -9.077653 -300.842896
v -259.659241 -23.279594 -319.585205
v -259.969269 -21.900772 -334.340668
v -268.905792 2.764024 -281.463226
v -271.233490 10.942740 -260.419250
v -266.584076 -10.450008 -266.953461
v -267.753571 -8.138973 -246.885284
v -271.066071 8.417087 -245.756668
v -270.596558 4.562422 -231.878159
v -271.318695 6.765034 -211.016617
v -271.011047 0.223935 -194.159332
v -272.155151 1.900538 -179.828201
v -273.290680 0.395159 -163.177536
v -269.570343 -18.329329 -165.329498
v -269.138123 -12.313185 -184.882095
v -265.129181 -28.445761 -184.119583
v -264.469513 -36.652317 -167.420822
v -257.262177 -50.697430 -186.584595
v -262.248566 -34.758446 -199.400330
v -267.517181 -15.715157 -201.201614
v -263.107422 -28.628471 -216.908951
v -256.700256 -47.595394 -208.501358
v -257.144043 -44.035759 -223.741013
v -261.498260 -31.190165 -237.751526
v -254.148087 -49.947906 -235.254395
v -249.364487 -63.695660 -220.795242
v -247.794632 -64.365211 -238.155136
v -253.977280 -47.084934 -256.260925
v -246.192001 -65.069611 -256.170227
v -245.307938 -64.107094 -274.558411
v -252.388641 -47.380363 -280.576416
v -245.154251 -61.640980 -292.690002
v -250.652863 -48.861618 -296.577972
v -245.355759 -58.970966 -309.715820
v -262.866669 -24.912033 -255.784225
v -266.528931 -14.869352 -230.276184
v -268.036041 -9.859921 -218.207169
v -250.174454 -64.907646 -204.224548
v -250.435410 -67.958389 -187.984390
v -250.712540 -71.656929 -171.480865
v -257.929291 -54.141350 -169.568039
v -274.758148 -3.537423 -144.052628
v -277.795013 4.492927 -128.562256
v -279.929535 -1.624656 -111.702972
v -283.035248 -3.704918 -94.404930
v -277.475037 -22.371008 -107.701118
v -273.521240 -21.243160 -130.445007
v -271.242432 -42.185051 -115.868141
v -275.222473 -39.595974 -100.712189
v -269.514099 -58.465427 -102.760704
v -276.819794 -49.048035 -85.671867
v -280.691101 -24.727781 -90.955215
v -283.742981 -27.168791 -76.458778
v -269.332703 -72.263840 -88.453003
v -264.325531 -87.019547 -90.243927
v -260.401703 -84.023895 -107.009209
v -264.072479 -62.786892 -119.735474
v -257.203156 -79.861336 -124.623810
v -260.192017 -64.647560 -134.580780
v -254.677689 -76.117744 -141.321136
v -259.226837 -57.555191 -152.663193
v -252.829742 -72.943535 -155.239120
v -267.031860 -36.562027 -147.474594
v -270.740936 -19.427608 -153.054245
v -266.038849 -47.511208 -133.504486
v -286.235413 -5.229190 -78.726158
v -258.567993 218.840652 158.369659
v -263.595459 213.833328 141.923492
v -273.185608 208.794815 152.394775
v -270.096497 212.586716 168.412552
v -283.875793 203.645813 168.171646
v -273.985046 210.959427 187.916977
v -260.391724 218.376266 177.719818
v -261.378540 217.326508 192.247894
v -266.051697 214.328522 201.440582
v -255.918777 218.768539 205.513550
v -265.262543 212.934784 216.250931
v -251.972397 216.975067 225.961365
v -239.765030 225.492798 207.621216
v -250.636627 222.886490 190.388199
v -238.144943 229.082199 188.783737
v -247.257645 225.817200 171.830978
v -245.775452 226.720062 157.372040
v -239.977737 230.303146 163.335449
v -236.051620 232.292526 168.803146
v -235.426819 232.823135 164.570053
v -234.802002 233.353745 160.336945
v -239.935898 230.221359 158.044540
v -238.908356 230.385529 151.901535
v -249.193253 223.643372 142.922623
v -231.215576 235.066544 142.461365
v -233.008789 234.210144 151.399155
v -242.803619 224.952591 126.358391
v -260.594788 211.789398 125.321808
v -251.259674 213.833618 104.193382
v -267.808380 199.668655 104.976738
v -271.951263 201.889496 121.331970
v -282.468872 191.710526 120.443520
v -275.295013 203.415115 133.843475
v -285.670929 194.273865 133.064987
v -287.220245 196.934280 146.949875
v -297.556305 182.774918 132.952377
v -299.527649 187.296036 149.935791
v -295.363800 193.986053 160.768127
v -298.068695 194.966064 175.977554
v -288.827576 202.455093 186.443237
v -301.279022 195.292923 195.869888
v -286.523468 203.859833 204.749527
v -273.986816 210.035141 206.562119
v -278.453491 205.926544 223.391937
v -265.321106 209.395020 235.359436
v -277.361969 202.033249 244.059036
v -289.681335 198.245453 236.449203
v -287.828430 195.056366 252.394272
v -278.019012 196.398376 261.867554
v -264.640228 204.276108 255.755096
v -267.837402 196.726685 273.646271
v -255.216736 203.334274 269.550629
v -257.366974 194.894562 288.376373
v -243.661026 204.350266 278.619110
v -243.011230 210.753082 261.536957
v -254.205490 207.602097 258.519348
v -253.636215 211.220139 246.897720
v -242.144547 216.433838 243.844711
v -241.073502 221.316238 225.912399
v -244.095169 197.083450 295.371674
v -253.023376 188.802078 304.772003
v -244.289062 188.990234 311.606506
v -254.381149 178.748825 321.815552
v -244.215302 180.057739 327.255737
v -243.837997 170.127258 342.480682
v -260.540070 165.554367 337.363678
v -269.237488 172.057373 321.225616
v -273.877625 160.713104 334.066956
v -267.359833 151.406555 350.615631
v -281.951172 151.050568 340.158417
v -280.210724 139.240021 354.634308
v -295.367981 140.616791 342.146027
v -292.467621 155.267380 326.493896
v -308.284393 144.443726 327.105347
v -304.888702 157.871826 312.009308
v -318.419830 148.940292 312.401367
v -315.200256 161.000320 296.838165
v -329.866180 146.966583 304.698303
v -330.389404 141.710388 311.539703
v -321.360474 139.072678 322.416168
v -331.454407 128.691223 325.823090
v -318.234467 129.809586 335.627747
v -332.408539 115.167709 339.117889
v -320.985962 116.123482 346.647949
v -332.723785 108.850960 344.195099
v -324.094757 104.789017 353.018768
v -333.188965 93.119057 354.311920
v -321.324585 94.626114 361.729889
v -333.389709 78.437828 362.241791
v -316.759521 81.076920 371.734161
v -307.128204 98.071068 369.144012
v -312.526093 109.513550 357.928864
v -295.506897 113.960106 366.228394
v -305.928833 125.737740 349.410980
v -291.091980 129.338242 356.673096
v -306.898041 135.667175 338.523773
v -277.835236 124.941605 369.317047
v -266.755005 136.554108 366.370972
v -266.041107 127.378105 374.883514
v -254.810471 129.977921 379.532806
v -252.833023 145.536758 366.297516
v -253.651535 158.550568 351.087891
v -243.121674 159.289383 357.009796
v -242.009506 147.321960 370.986145
v -240.372101 133.409912 385.100952
v -239.308304 126.481049 390.606445
v -252.420395 121.552452 386.789062
v -264.011017 117.910980 382.736328
v -251.181778 112.059227 392.855713
v -265.064056 100.854706 391.818115
v -279.648102 107.998192 380.229340
v -280.730286 89.733566 388.643188
v -293.233612 97.776840 377.784027
v -293.616760 86.035553 383.227203
v -302.694824 88.045921 377.223145
v -302.458130 75.141327 382.491974
v -315.832916 67.243034 377.621918
v -306.929596 61.099327 383.915039
v -291.724457 62.998840 391.159576
v -305.874359 45.575493 386.839355
v -285.976746 45.073811 395.916779
v -272.215271 60.561413 400.464966
v -279.578674 74.554390 394.370087
v -289.489563 77.966331 388.502777
v -264.449066 80.246918 399.820984
v -258.861115 66.105766 405.274689
v -244.686783 72.627518 409.578400
v -253.992935 50.199661 408.318054
v -239.931519 56.119839 413.018555
v -225.660400 59.610680 417.098297
v -234.520828 41.484558 414.099609
v -221.532196 40.420429 418.107269
v -219.426788 29.721930 416.533936
v -233.228210 22.078712 410.766388
v -246.457077 31.939268 409.084290
v -247.570099 17.102383 405.162872
v -234.694717 7.335970 404.736389
v -215.476364 6.723300 408.687622
v -228.706360 -9.086407 397.821777
v -248.515015 0.575466 398.360260
v -244.057968 -11.248956 393.226562
v -259.960022 -12.938034 388.333374
v -264.934692 2.205673 394.528320
v -279.935028 -3.451583 387.818176
v -276.699768 14.765464 395.494598
v -294.214722 6.514220 387.069366
v -293.437134 -3.938903 383.569885
v -293.711700 -14.760731 378.150940
v -276.539307 -14.133145 383.326599
v -306.001404 -3.517514 379.823120
v -311.321106 -14.917132 372.865509
v -330.000793 -2.799244 372.286346
v -312.872162 10.169562 381.890076
v -330.819519 9.141975 375.119781
v -318.906036 27.141808 381.516388
v -296.305725 25.646980 390.736603
v -321.847443 42.455956 379.519592
v -332.378326 35.477554 375.460815
v -332.963623 49.554070 372.869934
v -319.501801 54.939075 378.827972
v -333.313934 63.901119 368.449402
v -331.629761 21.851965 376.199982
v -329.153076 -14.794479 367.502502
v -278.424744 31.614328 398.163239
v -262.123260 28.819490 403.409607
v -270.609222 43.371712 401.899689
v -259.932556 12.656604 399.942505
v -213.632965 -6.541665 401.997375
v -229.481018 77.124367 413.705963
v -233.022293 93.784828 408.122955
v -249.284271 95.161316 401.301514
v -236.270920 109.995987 400.476776
v -328.515350 158.178360 287.272003
v -317.852356 168.352142 280.344666
v -327.162537 168.136047 269.782776
v -313.982574 177.007034 266.021057
v -303.809814 175.621613 282.036743
v -302.955078 182.574203 266.980957
v -291.522003 187.226624 269.864288
v -302.313019 188.394333 250.662872
v -293.126587 180.798691 283.031708
v -284.677521 183.538666 286.251617
v -278.819763 190.682388 276.169617
v -272.229797 188.066269 289.277771
v -279.702515 176.745026 304.308777
v -264.465790 183.521423 305.368042
v -281.650543 165.107437 321.458679
v -292.248749 166.682297 309.738007
v -282.409729 158.129837 330.867737
v -292.578369 175.454239 294.116638
v -301.846313 167.715729 298.966125
v -316.399323 180.625488 251.133881
v -313.685028 186.107819 234.950638
v -325.152649 177.867813 242.795624
v -326.543793 171.763336 261.632019
v -323.764374 182.626450 223.468567
v -312.461304 189.630661 213.536713
v -301.230743 193.960495 228.135803
v -298.402527 197.213837 212.647888
v -290.765228 200.351593 220.974716
v -313.719299 187.422943 196.167099
v -310.773315 186.799591 181.291382
v -321.539246 180.110474 185.974899
v -320.794708 175.435623 170.486710
v -308.028229 184.004959 162.927231
v -320.202545 168.964890 155.826202
v -309.329987 175.653427 146.426010
v -319.780487 160.868286 142.466003
v -310.533875 167.570328 134.760452
v -319.495087 150.760376 129.842575
v -305.969177 164.712906 122.858002
v -306.757568 146.551346 103.413605
v -295.035217 173.464462 113.907410
v -281.890015 184.329315 103.328682
v -294.474609 166.989349 102.276665
v -319.305634 137.865417 117.215340
v -319.188324 123.392944 105.898476
v -322.505890 183.428024 203.818329
v -323.090790 183.869324 213.476517
v -235.626602 228.108276 114.668411
v -227.365524 236.414368 127.267349
v -223.011597 237.648026 114.240616
v -232.329254 227.279373 99.891846
v -217.955048 238.945923 103.071198
v -211.978622 240.436279 93.460777
v -288.613098 -129.142029 196.269501
v -273.635315 -135.948761 198.841599
v -284.130096 -127.142159 210.174240
v -298.041931 -120.278084 210.835770
v -303.849823 -121.250992 195.755066
v -294.783875 -129.405319 181.517639
v -277.785553 -139.432800 180.201767
v -288.156891 -136.298584 164.442703
v -304.133820 -125.134674 169.891800
v -301.654694 -128.048141 148.607803
v -316.507294 -117.343201 166.478683
v -316.646759 -117.089218 174.548630
v -307.247864 -121.876129 182.890717
v -317.110718 -114.434196 192.947739
v -317.661377 -110.987122 210.134811
v -316.328308 -115.606911 149.217133
v -287.288330 -139.938232 146.466949
v -275.531006 -146.470490 156.797638
v -276.178406 -144.150604 166.852509
v -264.044067 -151.197159 167.539185
v -260.612030 -146.787354 186.828110
v -243.569290 -159.279770 176.712677
v -249.940109 -162.289429 156.935303
v -227.211319 -173.692291 161.411835
v -225.621536 -166.977722 180.018707
v -231.113754 -158.909058 192.409714
v -245.859772 -150.931839 194.790329
v -236.183899 -152.269241 201.750259
v -229.922180 -155.687241 200.646744
v -229.457397 -152.447510 208.163483
v -223.359131 -158.253265 201.803314
v -222.346939 -155.353531 208.448486
v -222.944733 -151.438721 215.550858
v -213.911102 -158.752853 209.002991
v -213.878052 -150.282440 225.305649
v -229.353073 -143.115112 227.389786
v -229.289322 -148.583603 216.289474
v -235.642273 -146.564896 215.118408
v -244.363403 -139.060883 223.376083
v -244.978043 -145.204041 209.151718
v -236.505707 -149.376373 208.135574
v -257.350098 -135.482330 219.292801
v -259.037933 -141.059326 203.917557
v -271.891113 -130.738876 215.540558
v -268.619843 -125.511475 232.010681
v -288.331268 -118.947937 228.275467
v -279.014618 -115.232323 247.101273
v -259.782166 -121.414368 248.476639
v -273.658417 -109.476845 264.363098
v -289.985809 -105.831955 261.001190
v -285.633728 -101.114708 274.813507
v -300.996002 -97.134361 273.968567
v -291.755402 -92.016724 289.999725
v -271.694214 -100.627563 283.328522
v -277.701447 -91.059273 298.587097
v -290.735321 -83.178047 307.187439
v -304.812225 -82.732704 302.154449
v -307.268829 -72.411591 319.351257
v -323.370941 -77.315964 304.424988
v -310.652069 -88.022217 288.418945
v -322.085449 -85.274658 288.211029
v -320.741089 -93.045303 270.486298
v -307.112610 -101.766273 256.991852
v -320.232361 -95.913094 262.860565
v -319.186310 -101.848160 244.340347
v -305.343384 -108.780983 238.031113
v -293.879395 -110.159492 246.684372
v -305.531311 -113.162865 223.106857
v -318.347046 -106.772537 227.162155
v -324.715302 -67.996338 321.034821
v -325.254242 -63.292404 327.594757
v -310.605530 -61.097607 334.048737
v -290.070923 -64.582222 335.431732
v -303.352936 -53.054699 345.330658
v -326.379700 -51.031925 340.925812
v -310.679657 -39.333538 356.351562
v -327.348785 -39.198990 351.688202
v -328.267059 -27.045990 360.595703
v -306.879669 -25.657948 367.737823
v -290.074554 -30.888634 368.699646
v -273.048157 -31.719833 372.368927
v -278.070465 -41.575199 363.067841
v -261.116364 -43.100021 365.608093
v -275.125336 -54.833611 350.643616
v -291.292664 -45.886337 355.578827
v -290.063843 -54.664589 347.053375
v -271.607941 -66.565475 337.747162
v -261.727844 -63.457634 344.012024
v -257.388489 -73.608154 332.207214
v -248.165131 -64.760483 345.724396
v -257.240875 -56.000992 353.577881
v -241.268204 -51.935196 361.286407
v -244.311722 -34.775284 376.348907
v -260.230286 -26.993198 379.068695
v -247.598892 -21.950512 385.368378
v -230.813416 -21.751139 388.933533
v -211.696442 -25.962290 388.878754
v -226.604538 -39.226963 376.002502
v -210.621368 -42.175262 375.737823
v -221.604874 -54.824406 362.061981
v -210.146515 -56.628326 362.050507
v -210.105789 -69.728226 347.930176
v -231.401184 -66.268921 347.719757
v -226.808197 -78.863388 333.343750
v -210.363785 -81.939926 333.272278
v -223.825455 -92.458389 315.842285
v -243.984344 -85.556427 319.470367
v -237.700851 -98.596504 301.934021
v -259.084869 -94.457764 300.357513
v -245.986359 -106.202187 286.090210
v -227.423950 -109.502174 288.836304
v -236.815491 -117.154030 271.414093
v -221.581726 -121.419701 272.120575
v -212.045135 -115.251534 286.349091
v -211.399353 -104.551170 302.471161
v -225.215302 -101.506790 302.162872
v -210.820908 -93.509430 318.088318
v -212.754593 -126.400078 268.653992
v -213.041611 -131.152939 260.574585
v -226.585831 -128.340012 257.427673
v -213.557175 -141.153488 242.431961
v -231.228256 -133.997543 243.931534
v -243.747269 -132.244293 238.245773
v -242.452072 -124.355011 254.832825
v -254.870605 -130.844543 232.266983
v -255.628098 -111.953041 270.336853
v -258.195312 -103.542168 284.834320
v -261.861572 -82.891693 317.787750
v -273.939484 -74.931908 325.898346
v -275.142639 -83.991959 311.664276
v -287.502777 -76.008904 320.089233
v -241.370071 -74.265541 335.527466
v -213.532593 -166.846863 193.195343
v -212.582870 -174.705597 177.838776
v -210.902725 -182.259277 163.311691
v -208.344223 -189.493622 149.862503
v -224.841949 -181.269562 145.507278
v -241.593109 -171.987518 142.737656
v -257.860687 -161.757401 142.151062
v -264.268372 -154.757935 153.008636
v -272.961121 -151.092651 143.685577
vn 0.0394 -0.9658 0.2562
vn 0.0399 -0.9659 0.2557
vn 0.0459 -0.9656 0.2560
vn 0.0458 -0.9656 0.2561
vn 0.0528 -0.9650 0.2568
vn 0.0551 -0.9655 0.2544
vn 0.0609 -0.9654 0.2535
vn 0.0663 -0.9638 0.2581
vn 0.0822 -0.9616 0.2618
vn 0.0823 -0.9616 0.2616
vn 0.0911 -0.9605 0.2628
vn 0.0991 -0.9626 0.2520
vn 0.1099 -0.9610 0.2538
vn 0.1208 -0.9618 0.2456
vn 0.1418 -0.9562 0.2561
vn 0.1640 -0.9568 0.2401
vn 0.1800 -0.9533 0.2427
vn 0.1873 -0.9487 0.2548
vn 0.1776 -0.9455 0.2730
vn 0.1437 -0.9510 0.2739
vn 0.1748 -0.9474 0.2681
vn 0.2047 -0.9392 0.2756
vn 0.2258 -0.9382 0.2625
vn 0.2674 -0.9252 0.2694
vn 0.2734 -0.9279 0.2535
vn 0.2981 -0.9236 0.2411
vn 0.3175 -0.9152 0.2483
vn 0.3136 -0.9248 0.2152
vn 0.3667 -0.9037 0.2212
vn 0.3550 -0.9104 0.2123
vn 0.4068 -0.8870 0.2188
vn 0.4470 -0.8605 0.2442
vn 0.4348 -0.8743 0.2157
vn 0.4310 -0.8760 0.2166
vn 0.4830 -0.8434 0.2354
vn 0.4817 -0.8442 0.2353
vn 0.5310 -0.8029 0.2709
vn 0.4900 -0.8489 0.1982
vn 0.5081 -0.8126 0.2854
vn 0.5102 -0.8150 0.2747
vn 0.5094 -0.8169 0.2706
vn 0.5004 -0.8225 0.2704
vn 0.5340 -0.8144 0.2272
vn 0.5549 -0.7985 0.2335
vn 0.5289 -0.8311 0.1718
vn 0.5557 -0.8123 0.1770
vn 0.6087 -0.7858 0.1100
vn 0.6384 -0.7610 0.1157
vn 0.6732 -0.7375 0.0543
vn 0.7521 -0.6573 0.0476
vn 0.7001 -0.7087 -0.0876
vn 0.6919 -0.7214 -0.0284
vn 0.6332 -0.7728 0.0427
vn 0.6470 -0.7604 -0.0560
vn 0.6898 -0.7172 0.0996
vn 0.6908 -0.7161 0.0999
vn 0.6920 -0.7142 0.1050
vn 0.6935 -0.7126 0.1062
vn 0.5956 -0.7786 0.1977
vn 0.5727 -0.8009 0.1751
vn 0.5732 -0.7996 0.1790
vn 0.6892 -0.7192 0.0880
vn 0.6861 -0.7253 0.0566
vn 0.6848 -0.7267 0.0552
vn 0.5963 -0.7965 0.0995
vn 0.6203 -0.7748 0.1221
vn 0.6311 -0.7755 0.0167
vn 0.7057 -0.7083 0.0192
vn 0.6770 -0.7313 0.0828
vn 0.6756 -0.7369 -0.0258
vn 0.6644 -0.7464 -0.0372
vn 0.6619 -0.7478 -0.0511
vn 0.5760 -0.8167 -0.0344
vn 0.5582 -0.8274 -0.0612
vn 0.5676 -0.8144 -0.1206
vn 0.6268 -0.7588 -0.1767
vn 0.6523 -0.7414 -0.1577
vn 0.6248 -0.7536 -0.2043
vn 0.6346 -0.7398 -0.2236
vn 0.6141 -0.7315 -0.2963
vn 0.5487 -0.7843 -0.2896
vn 0.5318 -0.7867 -0.3133
vn 0.5403 -0.7649 -0.3508
vn 0.5231 -0.7691 -0.3672
vn 0.5220 -0.7609 -0.3856
vn 0.5227 -0.7607 -0.3848
vn 0.5220 -0.7585 -0.3902
vn 0.5291 -0.7575 -0.3825
vn 0.4514 -0.8125 -0.3690
vn 0.4513 -0.8127 -0.3685
vn 0.3793 -0.8597 -0.3420
vn 0.3753 -0.8570 -0.3531
vn 0.4451 -0.8225 -0.3540
vn 0.3509 -0.8849 -0.3063
vn 0.2750 -0.9113 -0.3064
vn 0.2710 -0.9112 -0.3103
vn 0.2737 -0.9145 -0.2979
vn 0.2286 -0.9229 -0.3099
vn 0.2129 -0.9356 -0.2816
vn 0.1861 -0.9391 -0.2889
vn 0.1493 -0.9562 -0.2518
vn 0.1481 -0.9603 -0.2365
vn 0.1151 -0.9684 -0.2214
vn 0.1073 -0.9798 -0.1685
vn 0.1212 -0.9809 -0.1521
vn 0.1035 -0.9917 -0.0764
vn 0.1049 -0.9916 -0.0753
vn 0.1116 -0.9935 -0.0240
vn 0.0798 -0.9967 0.0146
vn 0.0992 -0.9949 0.0165
vn 0.0811 -0.9943 0.0690
vn 0.1002 -0.9899 0.0998
vn 0.0755 -0.9865 0.1450
vn 0.0673 -0.9874 0.1435
vn 0.0602 -0.9868 0.1504
vn 0.0608 -0.9867 0.1505
vn 0.0416 -0.9925 0.1151
vn 0.0667 -0.9963 0.0548
vn 0.0511 -0.9970 0.0582
vn 0.0709 -0.9974 -0.0122
vn 0.0534 -0.9977 -0.0406
vn 0.0734 -0.9921 -0.1019
vn 0.0623 -0.9915 -0.1139
vn 0.0714 -0.9819 -0.1752
vn 0.0828 -0.9829 -0.1643
vn 0.0630 -0.9838 -0.1676
vn 0.0543 -0.9860 -0.1577
vn 0.0509 -0.9860 -0.1589
vn 0.0400 -0.9880 -0.1492
vn 0.0434 -0.9880 -0.1485
vn 0.0399 -0.9873 -0.1536
vn 0.0450 -0.9876 -0.1506
vn 0.0364 -0.9954 -0.0886
vn 0.0380 -0.9955 -0.0864
vn 0.0458 -0.9953 -0.0851
vn 0.0545 -0.9984 -0.0173
vn 0.0402 -0.9991 -0.0127
vn 0.0420 -0.9991 -0.0103
vn 0.0399 -0.9991 -0.0122
vn 0.0520 -0.9964 0.0676
vn 0.0473 -0.9971 0.0590
vn 0.0431 -0.9974 0.0585
vn 0.0525 -0.9976 0.0450
vn 0.0405 -0.9970 0.0663
vn 0.0396 -0.9896 0.1385
vn 0.0395 -0.9896 0.1384
vn 0.0457 -0.9892 0.1393
vn 0.0508 -0.9800 0.1922
vn 0.0485 -0.9805 0.1906
vn 0.0474 -0.9710 0.2342
vn 0.0415 -0.9799 0.1953
vn 0.0412 -0.9799 0.1951
vn 0.0415 -0.9798 0.1955
vn 0.0407 -0.9711 0.2350
vn 0.0413 -0.9707 0.2367
vn 0.0433 -0.9711 0.2349
vn 0.0403 -0.9896 0.1377
vn 0.0459 -0.9986 -0.0250
vn 0.0551 -0.9982 -0.0256
vn 0.0379 -0.9956 -0.0862
vn 0.0598 -0.9925 -0.1064
vn 0.0592 -0.9926 -0.1063
vn 0.0779 -0.9813 -0.1759
vn 0.0910 -0.9734 -0.2101
vn 0.0534 -0.9924 -0.1108
vn 0.0733 -0.9921 -0.1019
vn 0.0655 -0.9971 -0.0380
vn 0.0583 -0.9973 0.0448
vn 0.0645 -0.9911 0.1166
vn 0.0464 -0.9804 0.1915
vn 0.0595 -0.9776 0.2020
vn 0.0564 -0.9709 0.2329
vn 0.0642 -0.9778 0.1995
vn 0.0715 -0.9761 0.2052
vn 0.0672 -0.9689 0.2382
vn 0.0720 -0.9761 0.2051
vn 0.0754 -0.9768 0.2005
vn 0.0926 -0.9755 0.1995
vn 0.0998 -0.9731 0.2079
vn 0.1139 -0.9724 0.2035
vn 0.1151 -0.9824 0.1472
vn 0.1013 -0.9848 0.1408
vn 0.1234 -0.9824 0.1405
vn 0.1638 -0.9758 0.1450
vn 0.1724 -0.9829 0.0642
vn 0.1866 -0.9810 0.0522
vn 0.2199 -0.9736 0.0616
vn 0.2592 -0.9658 0.0031
vn 0.2804 -0.9599 0.0065
vn 0.3115 -0.9498 -0.0300
vn 0.3907 -0.9202 -0.0258
vn 0.3988 -0.9124 -0.0922
vn 0.4080 -0.9071 -0.1034
vn 0.4580 -0.8841 -0.0930
vn 0.3844 -0.9061 -0.1768
vn 0.3354 -0.9259 -0.1739
vn 0.3086 -0.9463 -0.0962
vn 0.2554 -0.9629 -0.0873
vn 0.2370 -0.9642 -0.1190
vn 0.2601 -0.9475 -0.1862
vn 0.2555 -0.9475 -0.1921
vn 0.2706 -0.9322 -0.2404
vn 0.3118 -0.9212 -0.2327
vn 0.1961 -0.9641 -0.1792
vn 0.1822 -0.9639 -0.1942
vn 0.1977 -0.9478 -0.2501
vn 0.1982 -0.9479 -0.2496
vn 0.1643 -0.9669 -0.1954
vn 0.2012 -0.9713 -0.1271
vn 0.1810 -0.9779 -0.1047
vn 0.1364 -0.9853 -0.1031
vn 0.1445 -0.9893 -0.0222
vn 0.1879 -0.9820 -0.0202
vn 0.3135 -0.9285 -0.1993
vn 0.4279 -0.8704 -0.2435
vn 0.5033 -0.8367 -0.2158
vn 0.4194 -0.8662 -0.2718
vn 0.4062 -0.9138 0.0006
vn 0.3555 -0.9309 0.0844
vn 0.3618 -0.9272 0.0970
vn 0.3423 -0.9263 0.1574
vn 0.3780 -0.9090 0.1755
vn 0.4316 -0.8922 0.1333
vn 0.4652 -0.8736 0.1429
vn 0.5134 -0.8518 0.1041
vn 0.5398 -0.8333 0.1191
vn 0.5247 -0.8318 0.1810
vn 0.5074 -0.8480 0.1532
vn 0.4799 -0.8499 0.2176
vn 0.4548 -0.8628 0.2207
vn 0.4112 -0.8880 0.2060
vn 0.4191 -0.8818 0.2163
vn 0.4265 -0.8829 0.1963
vn 0.5126 -0.8566 0.0581
vn 0.4650 -0.8842 0.0441
vn 0.4688 -0.8665 0.1712
vn 0.3781 -0.9084 0.1786
vn 0.3524 -0.9133 0.2043
vn 0.3107 -0.9343 0.1750
vn 0.2739 -0.9477 0.1639
vn 0.2718 -0.9492 0.1587
vn 0.2879 -0.9532 0.0924
vn 0.2156 -0.9662 0.1413
vn 0.2062 -0.9672 0.1484
vn 0.1992 -0.9592 0.2005
vn 0.1615 -0.9669 0.1977
vn 0.2445 -0.9477 0.2052
vn 0.2539 -0.9421 0.2189
vn 0.3038 -0.9295 0.2090
vn 0.4245 -0.9004 0.0957
vn 0.4521 -0.8920 -0.0027
vn 0.3118 -0.9457 -0.0920
vn 0.3043 -0.9494 0.0775
vn 0.2378 -0.9706 -0.0360
vn 0.2281 -0.9704 0.0793
vn 0.1862 -0.9823 -0.0218
vn 0.1611 -0.9767 0.1416
vn 0.1290 -0.9898 0.0606
vn 0.1285 -0.9899 0.0600
vn 0.0942 -0.9845 0.1481
vn 0.0861 -0.9691 0.2313
vn 0.0755 -0.9866 0.1450
vn 0.0864 -0.9914 0.0984
vn 0.0647 -0.9953 0.0724
vn 0.0798 -0.9967 -0.0128
vn 0.1045 -0.9925 0.0634
vn 0.1327 -0.9911 -0.0123
vn 0.1417 -0.9849 -0.0992
vn 0.0958 -0.9926 -0.0749
vn 0.1300 -0.9799 -0.1514
vn 0.0879 -0.9823 -0.1653
vn 0.1218 -0.9684 -0.2176
vn 0.1555 -0.9603 -0.2317
vn 0.2964 -0.8926 -0.3398
vn 0.2045 -0.9338 -0.2936
vn 0.2601 -0.9310 -0.2561
vn 0.3595 -0.8874 -0.2886
vn 0.3746 -0.8606 -0.3451
vn 0.5990 -0.6966 -0.3950
vn 0.5906 -0.6991 -0.4030
vn 0.4465 -0.8132 -0.3734
vn 0.5923 -0.7034 -0.3929
vn 0.5904 -0.7040 -0.3946
vn 0.4552 -0.8209 -0.3449
vn 0.5942 -0.7183 -0.3619
vn 0.5999 -0.7156 -0.3579
vn 0.4595 -0.8282 -0.3208
vn 0.6147 -0.7306 -0.2972
vn 0.5435 -0.8009 -0.2514
vn 0.5093 -0.8463 -0.1559
vn 0.4730 -0.8801 -0.0404
vn 0.5688 -0.8224 0.0117
vn 0.6671 -0.7422 -0.0647
vn 0.6035 -0.7966 0.0343
vn 0.6074 -0.7916 0.0657
vn 0.5380 -0.8268 0.1641
vn 0.5413 -0.8149 0.2074
vn 0.6878 -0.7259 -0.0017
vn 0.5944 -0.7786 0.2013
vn 0.5950 -0.7701 0.2300
vn 0.6910 -0.7172 0.0898
vn 0.6098 -0.7918 0.0341
vn 0.6337 -0.7479 0.1980
vn 0.5724 -0.7972 0.1920
vn 0.5364 -0.8009 0.2659
vn 0.4889 -0.8126 0.3174
vn 0.5452 -0.7912 0.2771
vn 0.5387 -0.8136 0.2188
vn 0.5448 -0.8117 0.2108
vn 0.4794 -0.8503 0.2172
vn 0.4470 -0.8622 0.2383
vn 0.4531 -0.8591 0.2381
vn 0.4065 -0.8869 0.2193
vn 0.4025 -0.8897 0.2154
vn 0.2767 -0.9303 0.2409
vn 0.3582 -0.9081 0.2168
vn 0.3044 -0.9292 0.2095
vn 0.2474 -0.9389 0.2395
vn 0.2297 -0.9420 0.2445
vn 0.2355 -0.9384 0.2528
vn 0.2032 -0.9572 0.2061
vn 0.1505 -0.9659 0.2109
vn 0.1403 -0.9523 0.2711
vn 0.1235 -0.9693 0.2124
vn 0.1177 -0.9548 0.2729
vn 0.1176 -0.9548 0.2729
vn 0.0888 -0.9688 0.2314
vn 0.0966 -0.9575 0.2719
vn 0.0765 -0.9673 0.2419
vn 0.0661 -0.9688 0.2387
vn 0.0524 -0.9704 0.2357
vn 0.0444 -0.9705 0.2371
vn 0.0400 -0.9659 0.2560
vn 0.0238 -0.9805 -0.1950
vn 0.0203 -0.9879 -0.1535
vn 0.0185 -0.9883 -0.1511
vn 0.0435 -0.9875 -0.1512
vn 0.0309 -0.9847 -0.1717
vn 0.0426 -0.9806 -0.1912
vn 0.0345 -0.9780 -0.2058
vn 0.0695 -0.9760 -0.2062
vn 0.0619 -0.9747 -0.2148
vn 0.0631 -0.9734 -0.2204
vn 0.0470 -0.9755 -0.2148
vn 0.0417 -0.9749 -0.2187
vn 0.0315 -0.9758 -0.2162
vn 0.0239 -0.9747 -0.2222
vn 0.0252 -0.9763 -0.2150
vn 0.0275 -0.9758 -0.2170
vn 0.0253 -0.9752 -0.2199
vn 0.0244 -0.9815 -0.1899
vn 0.0323 -0.9755 -0.2178
vn 0.0375 -0.9792 -0.1996
vn 0.0384 -0.9793 -0.1988
vn 0.0371 -0.9799 -0.1960
vn 0.0447 -0.9787 -0.2001
vn 0.0468 -0.9791 -0.1979
vn 0.0579 -0.9788 -0.1966
vn 0.0659 -0.9762 -0.2065
vn 0.0720 -0.9764 -0.2034
vn 0.0752 -0.9755 -0.2069
vn 0.0942 -0.9749 -0.2016
vn 0.0985 -0.9683 -0.2297
vn 0.1101 -0.9643 -0.2410
vn 0.1104 -0.9643 -0.2408
vn 0.1447 -0.9547 -0.2600
vn 0.1452 -0.9540 -0.2624
vn 0.1953 -0.9421 -0.2725
vn 0.2044 -0.9346 -0.2911
vn 0.2372 -0.9261 -0.2935
vn 0.2528 -0.9141 -0.3172
vn 0.2788 -0.9208 -0.2728
vn 0.2764 -0.9235 -0.2661
vn 0.3608 -0.8865 -0.2897
vn 0.3426 -0.8883 -0.3058
vn 0.3403 -0.8754 -0.3433
vn 0.3794 -0.8629 -0.3337
vn 0.3893 -0.8513 -0.3518
vn 0.4545 -0.8143 -0.3610
vn 0.4459 -0.8310 -0.3326
vn 0.4742 -0.8055 -0.3554
vn 0.5592 -0.7491 -0.3552
vn 0.5505 -0.7657 -0.3328
vn 0.6186 -0.7179 -0.3192
vn 0.6308 -0.6994 -0.3361
vn 0.6396 -0.7161 -0.2795
vn 0.6528 -0.7094 -0.2658
vn 0.6611 -0.7201 -0.2107
vn 0.6699 -0.7086 -0.2217
vn 0.6805 -0.7119 -0.1736
vn 0.6849 -0.7086 -0.1697
vn 0.6237 -0.7655 -0.1580
vn 0.6287 -0.7519 -0.1984
vn 0.5525 -0.8114 -0.1904
vn 0.5598 -0.8006 -0.2137
vn 0.4656 -0.8589 -0.2134
vn 0.5028 -0.8521 -0.1455
vn 0.5130 -0.8429 -0.1625
vn 0.5244 -0.8459 -0.0969
vn 0.5844 -0.8026 -0.1200
vn 0.5735 -0.8083 -0.1331
vn 0.5243 -0.8460 -0.0970
vn 0.4597 -0.8829 -0.0956
vn 0.4218 -0.9051 -0.0528
vn 0.3915 -0.9179 -0.0652
vn 0.3426 -0.9389 -0.0334
vn 0.3236 -0.9452 -0.0432
vn 0.2841 -0.9586 -0.0209
vn 0.2587 -0.9655 -0.0308
vn 0.2463 -0.9690 -0.0196
vn 0.1967 -0.9804 -0.0118
vn 0.1982 -0.9801 -0.0109
vn 0.1620 -0.9868 0.0045
vn 0.1585 -0.9865 -0.0406
vn 0.1780 -0.9834 -0.0342
vn 0.1686 -0.9837 -0.0631
vn 0.1635 -0.9849 -0.0569
vn 0.1271 -0.9897 -0.0653
vn 0.1121 -0.9922 -0.0547
vn 0.0867 -0.9943 -0.0618
vn 0.0990 -0.9947 -0.0270
vn 0.1080 -0.9936 -0.0340
vn 0.1139 -0.9935 0.0088
vn 0.0996 -0.9950 0.0005
vn 0.0565 -0.9984 0.0057
vn 0.0608 -0.9981 0.0098
vn 0.0241 -0.9997 0.0057
vn 0.0279 -0.9996 0.0089
vn 0.0242 -0.9997 0.0041
vn 0.0186 -0.9996 -0.0189
vn 0.0227 -0.9997 -0.0122
vn 0.0247 -0.9996 -0.0140
vn 0.0126 -0.9983 -0.0563
vn 0.0192 -0.9987 -0.0472
vn 0.0560 -0.9972 -0.0488
vn 0.0439 -0.9971 -0.0628
vn 0.0527 -0.9928 -0.1076
vn 0.0480 -0.9934 -0.1040
vn 0.0159 -0.9941 -0.1076
vn 0.0255 -0.9948 -0.0982
vn 0.0131 -0.9945 -0.1040
vn 0.0722 -0.9925 -0.0985
vn 0.0736 -0.9923 -0.0999
vn 0.0772 -0.9874 -0.1383
vn 0.0687 -0.9864 -0.1491
vn 0.0928 -0.9848 -0.1466
vn 0.0836 -0.9765 -0.1985
vn 0.0891 -0.9768 -0.1948
vn 0.1367 -0.9672 -0.2142
vn 0.1352 -0.9672 -0.2151
vn 0.1270 -0.9595 -0.2513
vn 0.1811 -0.9549 -0.2352
vn 0.1772 -0.9641 -0.1979
vn 0.1954 -0.9636 -0.1826
vn 0.1879 -0.9715 -0.1448
vn 0.2177 -0.9699 -0.1087
vn 0.2073 -0.9748 -0.0823
vn 0.2845 -0.9540 -0.0944
vn 0.2759 -0.9589 -0.0670
vn 0.2543 -0.9579 -0.1331
vn 0.3171 -0.9400 -0.1256
vn 0.3432 -0.9266 -0.1534
vn 0.4037 -0.9039 -0.1416
vn 0.3684 -0.9076 -0.2014
vn 0.3768 -0.8977 -0.2283
vn 0.2980 -0.9325 -0.2043
vn 0.3558 -0.9303 -0.0892
vn 0.3006 -0.9320 -0.2025
vn 0.2408 -0.9544 -0.1764
vn 0.2624 -0.9521 -0.1572
vn 0.2415 -0.9444 -0.2232
vn 0.2468 -0.9437 -0.2201
vn 0.1583 -0.9528 -0.2589
vn 0.1312 -0.9781 -0.1614
vn 0.1326 -0.9781 -0.1602
vn 0.1402 -0.9833 -0.1161
vn 0.1067 -0.9879 -0.1129
vn 0.1050 -0.9816 -0.1594
vn 0.0239 -0.9984 -0.0511
vn 0.0619 -0.9980 -0.0118
vn 0.0465 -0.9983 -0.0339
vn 0.0908 -0.9936 -0.0666
vn 0.1165 -0.9877 -0.1041
vn 0.1367 -0.9843 -0.1114
vn 0.2240 -0.9724 -0.0652
vn 0.2216 -0.9743 -0.0399
vn 0.1351 -0.9905 -0.0250
vn 0.1454 -0.9894 -0.0034
vn 0.2016 -0.9783 -0.0486
vn 0.2314 -0.9717 -0.0481
vn 0.2915 -0.9552 -0.0515
vn 0.3461 -0.9334 -0.0949
vn 0.4211 -0.8979 -0.1279
vn 0.4050 -0.9029 -0.1443
vn 0.4521 -0.8710 -0.1922
vn 0.4307 -0.8565 -0.2846
vn 0.4324 -0.8559 -0.2835
vn 0.5251 -0.8116 -0.2559
vn 0.5173 -0.7995 -0.3054
vn 0.5805 -0.7763 -0.2458
vn 0.5777 -0.8018 -0.1528
vn 0.6379 -0.7568 -0.1423
vn 0.6112 -0.7608 -0.2180
vn 0.6039 -0.7493 -0.2716
vn 0.5936 -0.7043 -0.3893
vn 0.6038 -0.7003 -0.3807
vn 0.5765 -0.7592 -0.3020
vn 0.5320 -0.7596 -0.3742
vn 0.5126 -0.8052 -0.2980
vn 0.4284 -0.8373 -0.3397
vn 0.4074 -0.8576 -0.3138
vn 0.3557 -0.9013 -0.2474
vn 0.2996 -0.9218 -0.2461
vn 0.2305 -0.9332 -0.2756
vn 0.3096 -0.8982 -0.3120
vn 0.2218 -0.9392 -0.2622
vn 0.1542 -0.9561 -0.2492
vn 0.1131 -0.9659 -0.2328
vn 0.0841 -0.9688 -0.2333
vn 0.0815 -0.9709 -0.2251
vn 0.0764 -0.9699 -0.2313
vn 0.0649 -0.9736 -0.2189
vn 0.0938 -0.9705 -0.2220
vn 0.0653 -0.9791 -0.1928
vn 0.0423 -0.9757 -0.2151
vn 0.0813 -0.9814 -0.1740
vn 0.0333 -0.9905 -0.1336
vn 0.0219 -0.9888 -0.1478
vn 0.0261 -0.9812 -0.1913
vn 0.0450 -0.9954 -0.0847
vn 0.0447 -0.9970 -0.0631
vn 0.0418 -0.9972 -0.0622
vn 0.0386 -0.9975 -0.0592
vn 0.0385 -0.9976 -0.0567
vn 0.0380 -0.9986 -0.0377
vn 0.0365 -0.9986 -0.0382
vn 0.0580 -0.9974 -0.0423
vn 0.0688 -0.9971 -0.0319
vn 0.0686 -0.9972 -0.0312
vn 0.0469 -0.9987 -0.0180
vn 0.0335 -0.9992 -0.0200
vn 0.0335 -0.9993 -0.0193
vn 0.0269 -0.9995 -0.0170
vn 0.0272 -0.9996 -0.0021
vn 0.0275 -0.9996 -0.0011
vn 0.0227 -0.9997 0.0010
vn 0.0240 -0.9997 0.0098
vn 0.0244 -0.9996 0.0108
vn 0.0395 -0.9992 0.0113
vn 0.0427 -0.9991 0.0088
vn 0.0833 -0.9965 0.0029
vn 0.0982 -0.9951 0.0128
vn 0.0987 -0.9951 0.0110
vn 0.0995 -0.9950 0.0117
vn 0.1453 -0.9893 0.0101
vn 0.1645 -0.9863 -0.0088
vn 0.1981 -0.9802 -0.0004
vn 0.2332 -0.9722 -0.0224
vn 0.2584 -0.9659 -0.0135
vn 0.2927 -0.9557 -0.0323
vn 0.3352 -0.9418 -0.0240
vn 0.3235 -0.9455 -0.0364
vn 0.4017 -0.9147 -0.0437
vn 0.4029 -0.9139 -0.0488
vn 0.4570 -0.8884 -0.0435
vn 0.4532 -0.8877 -0.0808
vn 0.4595 -0.8851 -0.0739
vn 0.5242 -0.8473 -0.0854
vn 0.5415 -0.8333 -0.1111
vn 0.5844 -0.8054 -0.0995
vn 0.6201 -0.7748 -0.1236
vn 0.6505 -0.7512 -0.1115
vn 0.6568 -0.7439 -0.1234
vn 0.6697 -0.7357 -0.1014
vn 0.6689 -0.7369 -0.0972
vn 0.6714 -0.7351 -0.0939
vn 0.6716 -0.7345 -0.0971
vn 0.6730 -0.7335 -0.0950
vn 0.6744 -0.7313 -0.1017
vn 0.6724 -0.7326 -0.1059
vn 0.6732 -0.7315 -0.1085
vn 0.7097 -0.6962 -0.1083
vn 0.7115 -0.6952 -0.1025
vn 0.7099 -0.6958 -0.1089
vn 0.7062 -0.6973 -0.1229
vn 0.7046 -0.6995 -0.1196
vn 0.7074 -0.7024 -0.0788
vn 0.7114 -0.6976 -0.0848
vn 0.7088 -0.7052 -0.0168
vn 0.7108 -0.7031 -0.0196
vn 0.7103 -0.7038 -0.0130
vn 0.7105 -0.7036 -0.0133
vn 0.7093 -0.7049 0.0001
vn 0.7098 -0.7044 -0.0008
vn 0.7037 -0.7082 0.0564
vn 0.7035 -0.7084 0.0568
vn 0.7078 -0.7062 0.0159
vn 0.7080 -0.7060 0.0155
vn 0.7087 -0.7055 0.0078
vn 0.7088 -0.7054 0.0077
vn 0.6751 -0.7376 0.0086
vn 0.6750 -0.7378 0.0088
vn 0.6349 -0.7725 0.0096
vn 0.6348 -0.7726 0.0098
vn 0.5868 -0.8097 0.0107
vn 0.5301 -0.8478 0.0119
vn 0.5297 -0.8481 0.0127
vn 0.4660 -0.8847 0.0132
vn 0.4649 -0.8852 0.0148
vn 0.3971 -0.9177 0.0144
vn 0.3961 -0.9181 0.0159
vn 0.3262 -0.9452 0.0155
vn 0.3252 -0.9455 0.0169
vn 0.2549 -0.9668 0.0165
vn 0.2535 -0.9672 0.0185
vn 0.1846 -0.9827 0.0174
vn 0.1817 -0.9831 0.0216
vn 0.1158 -0.9931 0.0182
vn 0.1086 -0.9937 0.0283
vn 0.0492 -0.9986 0.0189
vn 0.0492 -0.9986 0.0187
vn 0.1070 -0.9940 0.0206
vn 0.1070 -0.9940 0.0220
vn 0.1817 -0.9831 0.0235
vn 0.1795 -0.9834 0.0267
vn 0.2556 -0.9664 0.0280
vn 0.2519 -0.9672 0.0331
vn 0.3267 -0.9445 0.0338
vn 0.3237 -0.9454 0.0379
vn 0.3969 -0.9171 0.0384
vn 0.3942 -0.9181 0.0421
vn 0.4656 -0.8840 0.0424
vn 0.4622 -0.8855 0.0471
vn 0.5291 -0.8472 0.0473
vn 0.5262 -0.8488 0.0514
vn 0.5846 -0.8097 0.0515
vn 0.5827 -0.8109 0.0542
vn 0.6315 -0.7735 0.0541
vn 0.6304 -0.7743 0.0559
vn 0.6707 -0.7396 0.0558
vn 0.6344 -0.7729 0.0158
vn 0.6367 -0.7711 0.0008
vn 0.6760 -0.7369 0.0011
vn 0.6358 -0.7719 0.0021
vn 0.6370 -0.7707 -0.0137
vn 0.6759 -0.7369 -0.0119
vn 0.6351 -0.7724 -0.0111
vn 0.5889 -0.8081 -0.0136
vn 0.5878 -0.8090 0.0030
vn 0.5867 -0.8097 -0.0108
vn 0.5323 -0.8465 -0.0135
vn 0.5313 -0.8472 0.0039
vn 0.5288 -0.8487 -0.0092
vn 0.4668 -0.8843 -0.0126
vn 0.4659 -0.8848 0.0057
vn 0.4629 -0.8864 -0.0080
vn 0.3977 -0.9174 -0.0119
vn 0.3969 -0.9179 0.0066
vn 0.3939 -0.9191 -0.0077
vn 0.3264 -0.9452 -0.0115
vn 0.3258 -0.9454 0.0076
vn 0.3231 -0.9463 -0.0077
vn 0.2538 -0.9672 -0.0110
vn 0.2534 -0.9673 0.0096
vn 0.2509 -0.9680 -0.0077
vn 0.1808 -0.9835 -0.0104
vn 0.1806 -0.9835 0.0099
vn 0.1097 -0.9939 0.0089
vn 0.1080 -0.9941 0.0112
vn 0.0492 -0.9987 0.0107
vn 0.0495 -0.9986 0.0174
vn 0.0492 -0.9986 0.0177
vn 0.0492 -0.9986 0.0174
vn 0.0403 -0.9990 0.0189
vn 0.0490 -0.9988 -0.0090
vn 0.1067 -0.9943 -0.0077
vn 0.1067 -0.9942 -0.0111
vn 0.1727 -0.9850 -0.0055
vn 0.1783 -0.9839 -0.0114
vn 0.2449 -0.9695 -0.0055
vn 0.2449 -0.9688 -0.0368
vn 0.2868 -0.9577 -0.0249
vn 0.3167 -0.9473 -0.0484
vn 0.3715 -0.9276 -0.0384
vn 0.3870 -0.9205 -0.0532
vn 0.4262 -0.9037 -0.0405
vn 0.4560 -0.8878 -0.0628
vn 0.4911 -0.8697 -0.0483
vn 0.5231 -0.8489 -0.0758
vn 0.5771 -0.8143 -0.0631
vn 0.5839 -0.8087 -0.0709
vn 0.6217 -0.7806 -0.0642
vn 0.6335 -0.7698 -0.0776
vn 0.6538 -0.7536 -0.0679
vn 0.6674 -0.7352 -0.1187
vn 0.6284 -0.7778 -0.0080
vn 0.6151 -0.7793 -0.1196
vn 0.6156 -0.7788 -0.1202
vn 0.6156 -0.7791 -0.1188
vn 0.5712 -0.8129 -0.1134
vn 0.5713 -0.8128 -0.1136
vn 0.5156 -0.8495 -0.1117
vn 0.5166 -0.8509 -0.0952
vn 0.5137 -0.8531 -0.0911
vn 0.4469 -0.8907 -0.0832
vn 0.4522 -0.8899 -0.0603
vn 0.4479 -0.8925 -0.0533
vn 0.3727 -0.9259 -0.0616
vn 0.3782 -0.9242 -0.0533
vn 0.3826 -0.9214 -0.0689
vn 0.3735 -0.9242 -0.0796
vn 0.3789 -0.9206 -0.0941
vn 0.3661 -0.9244 -0.1072
vn 0.3657 -0.9235 -0.1157
vn 0.3043 -0.9458 -0.1132
vn 0.2998 -0.9483 -0.1037
vn 0.2494 -0.9638 -0.0938
vn 0.2435 -0.9667 -0.0792
vn 0.1889 -0.9800 -0.0622
vn 0.1746 -0.9817 -0.0764
vn 0.1828 -0.9783 -0.0976
vn 0.1554 -0.9809 -0.1166
vn 0.1475 -0.9890 -0.0120
vn 0.1015 -0.9946 -0.0232
vn 0.0819 -0.9966 -0.0067
vn 0.0490 -0.9987 -0.0111
vn 0.0488 -0.9988 -0.0090
vn 0.0490 -0.9988 -0.0092
vn 0.0328 -0.9955 -0.0892
vn 0.0934 -0.9907 -0.0993
vn 0.1174 -0.9891 -0.0892
vn 0.1210 -0.9903 -0.0677
vn 0.1173 -0.9911 -0.0628
vn 0.1215 -0.9911 -0.0545
vn 0.1721 -0.9838 -0.0499
vn 0.1747 -0.9838 -0.0399
vn 0.1572 -0.9873 -0.0227
vn 0.1108 -0.9934 -0.0299
vn 0.1589 -0.9872 -0.0126
vn 0.2015 -0.9795 -0.0022
vn 0.1999 -0.9797 -0.0130
vn 0.2266 -0.9736 -0.0285
vn 0.2873 -0.9575 -0.0258
vn 0.2847 -0.9582 -0.0294
vn 0.2821 -0.9592 -0.0201
vn 0.1318 -0.9912 0.0073
vn 0.0989 -0.9951 -0.0039
vn 0.2247 -0.9738 -0.0337
vn 0.2399 -0.9693 -0.0535
vn 0.2982 -0.9531 -0.0519
vn 0.2392 -0.9694 -0.0556
vn 0.1893 -0.9798 -0.0653
vn 0.2489 -0.9659 -0.0714
vn 0.3051 -0.9492 -0.0767
vn 0.2337 -0.9656 -0.1141
vn 0.2179 -0.9725 -0.0827
vn 0.3100 -0.9464 -0.0906
vn 0.4366 -0.8948 -0.0937
vn 0.4489 -0.8870 -0.1081
vn 0.4482 -0.8864 -0.1160
vn 0.3079 -0.9486 -0.0728
vn 0.2994 -0.9528 -0.0499
vn 0.3591 -0.9327 -0.0336
vn 0.3552 -0.9339 -0.0399
vn 0.3490 -0.9368 -0.0245
vn 0.4060 -0.9134 -0.0288
vn 0.4425 -0.8944 -0.0655
vn 0.5010 -0.8641 -0.0484
vn 0.5246 -0.8477 -0.0785
vn 0.5763 -0.8137 -0.0765
vn 0.5771 -0.8127 -0.0802
vn 0.5699 -0.8169 -0.0882
vn 0.5711 -0.8150 -0.0982
vn 0.6228 -0.7741 -0.1132
vn 0.6272 -0.7738 -0.0886
vn 0.5789 -0.8121 -0.0733
vn 0.5779 -0.8109 -0.0917
vn 0.6242 -0.7766 -0.0858
vn 0.6255 -0.7754 -0.0870
vn 0.5268 -0.8474 -0.0661
vn 0.4371 -0.8949 -0.0903
vn 0.5180 -0.8523 -0.0722
vn 0.5214 -0.8470 -0.1040
vn 0.5295 -0.8393 -0.1237
vn 0.5745 -0.8130 -0.0946
vn 0.5629 -0.8165 -0.1286
vn 0.6223 -0.7750 -0.1103
vn 0.5841 -0.8116 -0.0102
vn 0.5665 -0.8131 -0.1343
vn 0.5210 -0.8535 -0.0076
vn 0.5041 -0.8506 -0.1497
vn 0.4510 -0.8925 -0.0040
vn 0.4413 -0.8892 -0.1212
vn 0.3857 -0.9226 -0.0048
vn 0.3562 -0.9286 -0.1037
vn 0.3156 -0.9489 -0.0049
vn 0.3097 -0.9449 -0.1058
vn 0.2371 -0.9711 -0.0285
vn 0.1718 -0.9845 -0.0341
vn 0.1014 -0.9948 -0.0057
vn 0.1087 -0.9940 -0.0099
vn 0.1783 -0.9839 -0.0075
vn 0.2510 -0.9679 -0.0118
vn 0.3233 -0.9462 -0.0125
vn 0.3942 -0.9189 -0.0132
vn 0.4634 -0.8860 -0.0163
vn 0.5291 -0.8484 -0.0164
vn 0.5869 -0.8096 -0.0135
vn 0.6355 -0.7720 -0.0162
vn 0.6694 -0.7428 -0.0109
vn 0.5861 -0.8101 0.0165
vn 0.5888 -0.8083 0.0015
vn 0.5289 -0.8485 0.0173
vn 0.5325 -0.8465 0.0023
vn 0.4642 -0.8856 0.0180
vn 0.4681 -0.8837 0.0029
vn 0.3955 -0.9183 0.0185
vn 0.3986 -0.9171 0.0044
vn 0.3245 -0.9457 0.0190
vn 0.3278 -0.9447 0.0051
vn 0.2523 -0.9674 0.0201
vn 0.2561 -0.9666 0.0061
vn 0.1795 -0.9835 0.0218
vn 0.1819 -0.9833 0.0082
vn 0.1096 -0.9938 0.0183
vn 0.0490 -0.9986 0.0189
vn 0.1084 -0.9939 0.0185
vn 0.1817 -0.9832 0.0186
vn 0.2535 -0.9672 0.0184
vn 0.3252 -0.9455 0.0180
vn 0.3960 -0.9181 0.0177
vn 0.4647 -0.8853 0.0172
vn 0.5294 -0.8482 0.0166
vn 0.5864 -0.8099 0.0161
vn 0.6343 -0.7729 0.0160
vn 0.6747 -0.7380 0.0156
vn 0.6744 -0.7382 0.0161
vn 0.6702 -0.7400 0.0565
vn 0.6767 -0.7362 -0.0000
vn 0.6773 -0.7356 -0.0139
vn 0.6765 -0.7362 -0.0198
vn 0.6754 -0.7321 -0.0886
vn 0.6674 -0.7351 -0.1187
vn 0.6678 -0.7347 -0.1197
vn 0.6299 -0.7698 -0.1029
vn 0.7078 -0.7003 -0.0922
vn 0.6259 -0.7746 -0.0904
vn 0.7046 -0.7012 -0.1092
vn 0.7099 -0.6968 -0.1022
vn 0.6247 -0.7759 -0.0880
vn 0.7098 -0.6967 -0.1038
vn 0.7066 -0.6995 -0.1069
vn 0.7047 -0.6996 -0.1181
vn 0.7012 -0.7038 -0.1139
vn 0.6937 -0.7065 -0.1397
vn 0.6863 -0.7162 -0.1263
vn 0.6381 -0.7578 -0.1367
vn 0.6185 -0.7802 -0.0936
vn 0.5525 -0.8311 -0.0635
vn 0.4898 -0.8678 -0.0842
vn 0.4053 -0.9130 -0.0461
vn 0.3914 -0.9186 -0.0548
vn 0.3392 -0.9401 -0.0349
vn 0.2938 -0.9558 -0.0120
vn 0.2333 -0.9724 0.0011
vn 0.1665 -0.9860 0.0101
vn 0.0607 -0.9979 0.0221
vn 0.1320 -0.9912 -0.0032
vn 0.0827 -0.9966 0.0049
vn 0.0397 -0.9991 0.0155
vn 0.0246 -0.9995 0.0198
vn 0.0184 -0.9997 0.0131
vn 0.0279 -0.9995 0.0172
vn 0.0186 -0.9997 0.0135
vn 0.0390 -0.9992 -0.0007
vn 0.0464 -0.9989 -0.0056
vn 0.0992 -0.9949 -0.0207
vn 0.1082 -0.9934 -0.0375
vn 0.0366 -0.9986 -0.0385
vn 0.0623 -0.9967 -0.0522
vn 0.0373 -0.9963 -0.0770
vn 0.7503 -0.6505 -0.1178
vn 0.7413 -0.6631 -0.1038
vn 0.7378 -0.6647 -0.1174
vn 0.7365 -0.6665 -0.1155
vn 0.7324 -0.6670 -0.1368
vn 0.7301 -0.6690 -0.1392
vn 0.7739 -0.6165 -0.1449
vn 0.7708 -0.6270 -0.1129
vn 0.8035 -0.5828 -0.1214
vn 0.8128 -0.5725 -0.1079
vn 0.8074 -0.5705 -0.1508
vn 0.8030 -0.5783 -0.1439
vn 0.8343 -0.5340 -0.1370
vn 0.8348 -0.5335 -0.1360
vn 0.8668 -0.4780 -0.1425
vn 0.8689 -0.4843 -0.1019
vn 0.8732 -0.4752 -0.1077
vn 0.8843 -0.4571 -0.0951
vn 0.8855 -0.4543 -0.0969
vn 0.8866 -0.4562 -0.0758
vn 0.8816 -0.4644 -0.0841
vn 0.8815 -0.4681 -0.0615
vn 0.8754 -0.4777 -0.0747
vn 0.8744 -0.4815 -0.0590
vn 0.8681 -0.4908 -0.0742
vn 0.8673 -0.4932 -0.0675
vn 0.8668 -0.4938 -0.0691
vn 0.8675 -0.4901 -0.0852
vn 0.8573 -0.5077 -0.0850
vn 0.8524 -0.5139 -0.0962
vn 0.8495 -0.5217 -0.0786
vn 0.8449 -0.5300 -0.0730
vn 0.8634 -0.5005 -0.0632
vn 0.8658 -0.4959 -0.0675
vn 0.8652 -0.5003 -0.0347
vn 0.8701 -0.4909 -0.0440
vn 0.8687 -0.4951 -0.0150
vn 0.8693 -0.4940 -0.0163
vn 0.8671 -0.4980 0.0109
vn 0.8688 -0.4950 0.0073
vn 0.8668 -0.4979 0.0277
vn 0.8701 -0.4925 0.0206
vn 0.8702 -0.4924 0.0197
vn 0.8703 -0.4922 0.0194
vn 0.8681 -0.4948 0.0397
vn 0.8798 -0.4751 0.0118
vn 0.8467 -0.5305 0.0397
vn 0.8627 -0.5057 0.0033
vn 0.8211 -0.5708 0.0041
vn 0.8210 -0.5710 0.0043
vn 0.7928 -0.6095 0.0051
vn 0.7925 -0.6098 0.0055
vn 0.7653 -0.6436 0.0060
vn 0.7648 -0.6442 0.0070
vn 0.7380 -0.6748 0.0068
vn 0.7376 -0.6752 0.0075
vn 0.7370 -0.6757 0.0141
vn 0.7636 -0.6455 0.0141
vn 0.7583 -0.6489 0.0623
vn 0.7868 -0.6141 0.0623
vn 0.7855 -0.6154 0.0645
vn 0.8144 -0.5767 0.0645
vn 0.8137 -0.5775 0.0658
vn 0.8442 -0.5321 0.0657
vn 0.8201 -0.5721 0.0119
vn 0.8218 -0.5698 -0.0019
vn 0.8571 -0.5151 -0.0010
vn 0.8213 -0.5705 -0.0009
vn 0.8222 -0.5690 -0.0133
vn 0.8551 -0.5183 -0.0102
vn 0.8209 -0.5710 -0.0109
vn 0.7939 -0.6079 -0.0133
vn 0.7929 -0.6094 -0.0002
vn 0.7660 -0.6428 -0.0008
vn 0.7655 -0.6435 0.0002
vn 0.7385 -0.6743 -0.0003
vn 0.7332 -0.6776 0.0567
vn 0.7317 -0.6790 0.0593
vn 0.7388 -0.6739 -0.0008
vn 0.7396 -0.6729 -0.0133
vn 0.7656 -0.6432 -0.0121
vn 0.7657 -0.6430 -0.0138
vn 0.7896 -0.6135 -0.0099
vn 0.7930 -0.6090 -0.0149
vn 0.8169 -0.5767 -0.0097
vn 0.7939 -0.6009 -0.0929
vn 0.8145 -0.5738 -0.0862
vn 0.7856 -0.6132 -0.0823
vn 0.7677 -0.6345 -0.0896
vn 0.7647 -0.6387 -0.0849
vn 0.7422 -0.6647 -0.0857
vn 0.7427 -0.6693 -0.0189
vn 0.7395 -0.6731 -0.0140
vn 0.7408 -0.6665 -0.0835
vn 0.7390 -0.6642 -0.1125
vn 0.7423 -0.6597 -0.1171
vn 0.7428 -0.6614 -0.1041
vn 0.7633 -0.6392 -0.0934
vn 0.7635 -0.6371 -0.1060
vn 0.7724 -0.6282 -0.0937
vn 0.7730 -0.6267 -0.0985
vn 0.7745 -0.6253 -0.0961
vn 0.7743 -0.6240 -0.1049
vn 0.8022 -0.5896 -0.0941
vn 0.8001 -0.5932 -0.0889
vn 0.8241 -0.5602 -0.0840
vn 0.8228 -0.5631 -0.0768
vn 0.8543 -0.5128 -0.0843
vn 0.8551 -0.5138 -0.0701
vn 0.8205 -0.5655 -0.0842
vn 0.8196 -0.5663 -0.0865
vn 0.8207 -0.5617 -0.1046
vn 0.7961 -0.5971 -0.0985
vn 0.7956 -0.5989 -0.0914
vn 0.7940 -0.6015 -0.0887
vn 0.7941 -0.6014 -0.0881
vn 0.8202 -0.5660 -0.0834
vn 0.8258 -0.5583 -0.0801
vn 0.8278 -0.5518 -0.1015
vn 0.8362 -0.5417 -0.0851
vn 0.8684 -0.4872 -0.0920
vn 0.8621 -0.4997 -0.0843
vn 0.7969 -0.5963 -0.0968
vn 0.7450 -0.6596 -0.0991
vn 0.7448 -0.6598 -0.0993
vn 0.7450 -0.6597 -0.0988
vn 0.7688 -0.6317 -0.0995
vn 0.7449 -0.6587 -0.1059
vn 0.7676 -0.6317 -0.1083
vn 0.7628 -0.6390 -0.0988
vn 0.7903 -0.6030 -0.1087
vn 0.7643 -0.6447 -0.0117
vn 0.7394 -0.6731 -0.0130
vn 0.7664 -0.6422 -0.0134
vn 0.7928 -0.6094 -0.0114
vn 0.8213 -0.5703 -0.0164
vn 0.7916 -0.6109 0.0129
vn 0.7937 -0.6083 -0.0016
vn 0.7600 -0.6472 0.0593
vn 0.7363 -0.6765 0.0154
vn 0.7643 -0.6448 0.0129
vn 0.7919 -0.6105 0.0122
vn 0.8203 -0.5718 0.0114
vn 0.8650 -0.5016 0.0108
vn 0.8612 -0.5080 0.0197
vn 0.8632 -0.5041 0.0276
vn 0.8515 -0.5242 0.0100
vn 0.8585 -0.5126 -0.0164
vn 0.8570 -0.5140 -0.0368
vn 0.8408 -0.5412 -0.0114
vn 0.8214 -0.5621 -0.0970
vn 0.8139 -0.5738 -0.0912
vn 0.8631 -0.4994 -0.0752
vn 0.8566 -0.5108 -0.0726
vn 0.8613 -0.5029 -0.0722
vn 0.8677 -0.4918 -0.0727
vn 0.8821 -0.4573 -0.1130
vn 0.8883 -0.4383 -0.1368
vn 0.8747 -0.4779 -0.0804
vn 0.8674 -0.4773 -0.1410
vn 0.8327 -0.5380 -0.1310
vn 0.8391 -0.5317 -0.1147
vn 0.8014 -0.5904 -0.0955
vn 0.7680 -0.6213 -0.1557
vn 0.7687 -0.6290 -0.1161
vn 0.7684 -0.6323 -0.0988
vn 0.7510 -0.6543 -0.0893
vn 0.8389 -0.4297 -0.3341
vn 0.8451 -0.4027 -0.3515
vn 0.8964 -0.3330 -0.2924
vn 0.8986 -0.3202 -0.2999
vn 0.9067 -0.3019 -0.2947
vn 0.8965 -0.3125 -0.3140
vn 0.9060 -0.3232 -0.2734
vn 0.9066 -0.3181 -0.2773
vn 0.9039 -0.3253 -0.2778
vn 0.9088 -0.3363 -0.2467
vn 0.9123 -0.3306 -0.2415
vn 0.9148 -0.3340 -0.2274
vn 0.9097 -0.3413 -0.2365
vn 0.9102 -0.3428 -0.2324
vn 0.8993 -0.3850 -0.2073
vn 0.9108 -0.3680 -0.1869
vn 0.8855 -0.4352 -0.1628
vn 0.8553 -0.4761 -0.2046
vn 0.8127 -0.5669 -0.1347
vn 0.8010 -0.5807 -0.1452
vn 0.7982 -0.5746 -0.1810
vn 0.8273 -0.5151 -0.2239
vn 0.8273 -0.5151 -0.2243
vn 0.7962 -0.5500 -0.2523
vn 0.7896 -0.5449 -0.2822
vn 0.7524 -0.5807 -0.3110
vn 0.7344 -0.6146 -0.2880
vn 0.6869 -0.6608 -0.3024
vn 0.6780 -0.6959 -0.2365
vn 0.7074 -0.6760 -0.2063
vn 0.7079 -0.6818 -0.1845
vn 0.7324 -0.6621 -0.1592
vn 0.7330 -0.6678 -0.1293
vn 0.7137 -0.6939 -0.0959
vn 0.7190 -0.6922 -0.0624
vn 0.7512 -0.6570 -0.0641
vn 0.7606 -0.6482 -0.0368
vn 0.7625 -0.6460 -0.0358
vn 0.7470 -0.6542 -0.1182
vn 0.7288 -0.6831 -0.0472
vn 0.7355 -0.6775 -0.0011
vn 0.7519 -0.6593 0.0022
vn 0.7534 -0.6575 0.0109
vn 0.7917 -0.6104 0.0231
vn 0.8138 -0.5802 -0.0321
vn 0.8104 -0.5833 -0.0544
vn 0.8866 -0.4195 -0.1948
vn 0.8948 -0.4279 -0.1276
vn 0.9069 -0.3587 -0.2212
vn 0.8356 -0.4695 -0.2851
vn 0.8396 -0.5108 -0.1848
vn 0.9063 -0.3947 -0.1512
vn 0.8852 -0.4394 -0.1530
vn 0.8922 -0.3872 -0.2326
vn 0.8867 -0.4414 -0.1373
vn 0.8650 -0.4899 -0.1086
vn 0.8572 -0.5008 -0.1203
vn 0.8650 -0.4901 -0.1073
vn 0.7792 -0.6267 0.0097
vn 0.7694 -0.6388 -0.0001
vn 0.7776 -0.6283 -0.0243
vn 0.8413 -0.5406 -0.0019
vn 0.8158 -0.5661 -0.1180
vn 0.7810 -0.6117 -0.1255
vn 0.7578 -0.6110 -0.2288
vn 0.7162 -0.6919 -0.0909
vn 0.7015 -0.6957 -0.1545
vn 0.8318 -0.4797 -0.2794
vn 0.8405 -0.5034 -0.2002
vn 0.8565 -0.5016 -0.1216
vn 0.8799 -0.4477 -0.1591
vn 0.8673 -0.4978 -0.0005
vn 0.7697 -0.6378 -0.0285
vn 0.7900 -0.6093 -0.0686
vn 0.7866 -0.6099 -0.0967
vn 0.6834 -0.6622 -0.3072
vn 0.6823 -0.6425 -0.3489
vn 0.7226 -0.5855 -0.3674
vn 0.7215 -0.5841 -0.3718
vn 0.6622 -0.6364 -0.3956
vn 0.6609 -0.6350 -0.4001
vn 0.6633 -0.6294 -0.4048
vn 0.7239 -0.5660 -0.3946
vn 0.7237 -0.5668 -0.3937
vn 0.7737 -0.5018 -0.3868
vn 0.7814 -0.5001 -0.3732
vn 0.7807 -0.4958 -0.3805
vn 0.8035 -0.4820 -0.3493
vn 0.8235 -0.4362 -0.3629
vn 0.8238 -0.4366 -0.3617
vn 0.8642 -0.3640 -0.3475
vn 0.8623 -0.3645 -0.3515
vn 0.8185 -0.4395 -0.3700
vn 0.6603 -0.6396 -0.3936
vn 0.7274 -0.5672 -0.3862
vn 0.6671 -0.6518 -0.3609
vn 0.7468 -0.6211 -0.2377
vn 0.7462 -0.5703 -0.3434
vn 0.7924 -0.5055 -0.3414
vn 0.8042 -0.5062 -0.3114
vn 0.8461 -0.4514 -0.2835
vn 0.7708 -0.5984 -0.2187
vn 0.8508 -0.4548 -0.2633
vn 0.8556 -0.4494 -0.2568
vn 0.8633 -0.4578 -0.2124
vn 0.9142 -0.3481 -0.2074
vn 0.7727 -0.6014 -0.2031
vn 0.7611 -0.6397 -0.1072
vn 0.8092 -0.5667 -0.1549
vn 0.8566 -0.4772 -0.1962
vn 0.8838 -0.4449 -0.1444
vn 0.8991 -0.3826 -0.2127
vn 0.9090 -0.3551 -0.2184
vn 0.9086 -0.3374 -0.2460
vn 0.9137 -0.3190 -0.2518
vn 0.9086 -0.3161 -0.2730
vn 0.8851 -0.3484 -0.3085
vn 0.8922 -0.3204 -0.3183
vn 0.8963 -0.3329 -0.2929
vn 0.8535 -0.4059 -0.3269
vn 0.7992 -0.4782 -0.3642
vn 0.8505 -0.4303 -0.3024
vn 0.7086 -0.6735 -0.2106
vn 0.7121 -0.6668 -0.2198
vn 0.6927 -0.6701 -0.2667
vn 0.7537 -0.6024 -0.2627
vn 0.7476 -0.6174 -0.2447
vn 0.8036 -0.5472 -0.2343
vn 0.8041 -0.5458 -0.2354
vn 0.8415 -0.4982 -0.2090
vn 0.8259 -0.4940 -0.2716
vn 0.8251 -0.4961 -0.2702
vn 0.8094 -0.4901 -0.3235
vn 0.8063 -0.4981 -0.3189
vn 0.7704 -0.5401 -0.3389
vn 0.7875 -0.5422 -0.2930
vn 0.7708 -0.5390 -0.3396
vn 0.7280 -0.5925 -0.3449
vn 0.7241 -0.5809 -0.3719
vn 0.7272 -0.5725 -0.3786
vn 0.6692 -0.6386 -0.3800
vn 0.6712 -0.6377 -0.3780
vn 0.6796 -0.6531 -0.3340
vn 0.6767 -0.6584 -0.3296
vn 0.7414 -0.5870 -0.3251
vn 0.7613 -0.5268 -0.3781
vn 0.7789 -0.5110 -0.3636
vn 0.7905 -0.4851 -0.3740
vn 0.8234 -0.4482 -0.3481
vn 0.8287 -0.4344 -0.3530
vn 0.8663 -0.3831 -0.3205
vn 0.8682 -0.3821 -0.3167
vn 0.8770 -0.3647 -0.3127
vn 0.8863 -0.3733 -0.2741
vn 0.8904 -0.3508 -0.2900
vn 0.8624 -0.3994 -0.3111
vn 0.8741 -0.4018 -0.2731
vn 0.8707 -0.4193 -0.2572
vn 0.8759 -0.4203 -0.2370
vn 0.8732 -0.4305 -0.2286
vn 0.8816 -0.4262 -0.2027
vn 0.8849 -0.4137 -0.2142
vn 0.8963 -0.4151 -0.1557
vn 0.8809 -0.4382 -0.1788
vn 0.8708 -0.4612 -0.1702
vn 0.8680 -0.4646 -0.1752
vn 0.8493 -0.5042 -0.1565
vn 0.8318 -0.5265 -0.1760
vn 0.8718 -0.4490 -0.1960
vn 0.8679 -0.4528 -0.2042
vn 0.8651 -0.4367 -0.2467
vn 0.8483 -0.4389 -0.2963
vn 0.8477 -0.4406 -0.2953
vn 0.8622 -0.4449 -0.2423
vn 0.8398 -0.5026 -0.2052
vn 0.8128 -0.5600 -0.1605
vn 0.8005 -0.5716 -0.1803
vn 0.7662 -0.6163 -0.1819
vn 0.7583 -0.6299 -0.1678
vn 0.7277 -0.6612 -0.1821
vn 0.7861 -0.5458 -0.2901
vn 0.7346 -0.6058 -0.3056
vn 0.6971 -0.6612 -0.2772
vn 0.7602 -0.6111 -0.2206
vn 0.7216 -0.6707 -0.1718
vn -0.0394 -0.9658 0.2562
vn -0.0399 -0.9659 0.2557
vn -0.0400 -0.9659 0.2560
vn -0.0433 -0.9711 0.2349
vn -0.0413 -0.9707 0.2367
vn -0.0407 -0.9711 0.2350
vn -0.0415 -0.9798 0.1955
vn -0.0415 -0.9799 0.1953
vn -0.0412 -0.9799 0.1951
vn -0.0403 -0.9896 0.1377
vn -0.0395 -0.9896 0.1384
vn -0.0396 -0.9896 0.1385
vn -0.0405 -0.9970 0.0663
vn -0.0473 -0.9971 0.0590
vn -0.0520 -0.9964 0.0676
vn -0.0399 -0.9991 -0.0122
vn -0.0402 -0.9991 -0.0127
vn -0.0420 -0.9991 -0.0103
vn -0.0379 -0.9956 -0.0862
vn -0.0380 -0.9955 -0.0864
vn -0.0364 -0.9954 -0.0886
vn -0.0450 -0.9876 -0.1506
vn -0.0434 -0.9880 -0.1485
vn -0.0399 -0.9873 -0.1536
vn -0.0400 -0.9880 -0.1492
vn -0.0598 -0.9925 -0.1064
vn -0.0592 -0.9926 -0.1063
vn -0.0543 -0.9860 -0.1577
vn -0.0630 -0.9838 -0.1676
vn -0.0828 -0.9829 -0.1643
vn -0.0714 -0.9819 -0.1752
vn -0.0623 -0.9915 -0.1139
vn -0.0734 -0.9921 -0.1019
vn -0.0534 -0.9977 -0.0406
vn -0.0655 -0.9971 -0.0380
vn -0.0551 -0.9982 -0.0256
vn -0.0459 -0.9986 -0.0250
vn -0.0525 -0.9976 0.0450
vn -0.0583 -0.9973 0.0448
vn -0.0667 -0.9963 0.0548
vn -0.0511 -0.9970 0.0582
vn -0.0647 -0.9953 0.0724
vn -0.0673 -0.9874 0.1435
vn -0.0755 -0.9865 0.1450
vn -0.1002 -0.9899 0.0998
vn -0.0864 -0.9914 0.0984
vn -0.1045 -0.9925 0.0634
vn -0.0798 -0.9967 0.0146
vn -0.0992 -0.9949 0.0166
vn -0.0798 -0.9967 -0.0128
vn -0.0958 -0.9926 -0.0749
vn -0.1035 -0.9917 -0.0764
vn -0.1212 -0.9809 -0.1521
vn -0.1300 -0.9799 -0.1514
vn -0.1417 -0.9849 -0.0992
vn -0.1364 -0.9853 -0.1031
vn -0.1810 -0.9779 -0.1047
vn -0.2012 -0.9713 -0.1271
vn -0.1961 -0.9641 -0.1792
vn -0.2555 -0.9475 -0.1921
vn -0.2706 -0.9322 -0.2404
vn -0.3118 -0.9212 -0.2327
vn -0.3135 -0.9285 -0.1993
vn -0.3354 -0.9259 -0.1739
vn -0.3844 -0.9061 -0.1768
vn -0.4080 -0.9071 -0.1034
vn -0.4580 -0.8841 -0.0930
vn -0.4730 -0.8801 -0.0404
vn -0.5582 -0.8274 -0.0612
vn -0.5676 -0.8144 -0.1206
vn -0.6268 -0.7588 -0.1767
vn -0.6248 -0.7536 -0.2043
vn -0.5435 -0.8009 -0.2514
vn -0.5487 -0.7843 -0.2896
vn -0.5318 -0.7867 -0.3133
vn -0.4595 -0.8282 -0.3208
vn -0.4552 -0.8209 -0.3449
vn -0.4451 -0.8225 -0.3540
vn -0.3753 -0.8570 -0.3531
vn -0.3793 -0.8597 -0.3420
vn -0.4513 -0.8127 -0.3685
vn -0.4514 -0.8125 -0.3690
vn -0.5291 -0.7575 -0.3825
vn -0.5220 -0.7585 -0.3902
vn -0.5227 -0.7607 -0.3848
vn -0.5220 -0.7609 -0.3856
vn -0.5923 -0.7034 -0.3929
vn -0.5906 -0.6991 -0.4030
vn -0.5904 -0.7040 -0.3946
vn -0.5942 -0.7183 -0.3619
vn -0.5999 -0.7156 -0.3579
vn -0.6147 -0.7306 -0.2972
vn -0.5990 -0.6966 -0.3950
vn -0.3746 -0.8606 -0.3451
vn -0.2964 -0.8926 -0.3398
vn -0.2737 -0.9145 -0.2979
vn -0.2710 -0.9112 -0.3103
vn -0.2045 -0.9338 -0.2936
vn -0.1982 -0.9479 -0.2496
vn -0.1555 -0.9603 -0.2317
vn -0.1481 -0.9603 -0.2365
vn -0.1151 -0.9684 -0.2214
vn -0.1218 -0.9684 -0.2176
vn -0.0910 -0.9734 -0.2101
vn -0.1493 -0.9562 -0.2518
vn -0.1861 -0.9391 -0.2889
vn -0.1977 -0.9478 -0.2501
vn -0.2129 -0.9356 -0.2816
vn -0.2750 -0.9113 -0.3064
vn -0.2286 -0.9229 -0.3099
vn -0.3509 -0.8849 -0.3063
vn -0.4465 -0.8132 -0.3734
vn -0.5231 -0.7691 -0.3672
vn -0.4194 -0.8662 -0.2718
vn -0.5403 -0.7649 -0.3508
vn -0.6141 -0.7315 -0.2963
vn -0.5033 -0.8367 -0.2158
vn -0.6346 -0.7398 -0.2236
vn -0.6523 -0.7414 -0.1577
vn -0.6671 -0.7422 -0.0647
vn -0.6619 -0.7478 -0.0511
vn -0.6644 -0.7464 -0.0372
vn -0.6756 -0.7369 -0.0258
vn -0.6770 -0.7313 0.0828
vn -0.6311 -0.7755 0.0167
vn -0.7057 -0.7083 0.0192
vn -0.6878 -0.7259 -0.0017
vn -0.6848 -0.7267 0.0552
vn -0.6861 -0.7253 0.0566
vn -0.6892 -0.7192 0.0880
vn -0.6910 -0.7172 0.0898
vn -0.6935 -0.7126 0.1062
vn -0.6920 -0.7142 0.1050
vn -0.6908 -0.7161 0.0999
vn -0.6898 -0.7171 0.0996
vn -0.6732 -0.7375 0.0543
vn -0.7521 -0.6573 0.0476
vn -0.7001 -0.7087 -0.0876
vn -0.6919 -0.7214 -0.0284
vn -0.6470 -0.7604 -0.0560
vn -0.6332 -0.7728 0.0427
vn -0.6098 -0.7918 0.0341
vn -0.6384 -0.7610 0.1157
vn -0.6087 -0.7858 0.1100
vn -0.5557 -0.8123 0.1770
vn -0.5289 -0.8311 0.1718
vn -0.5549 -0.7985 0.2335
vn -0.5724 -0.7972 0.1920
vn -0.5950 -0.7701 0.2300
vn -0.5364 -0.8009 0.2659
vn -0.5452 -0.7912 0.2771
vn -0.5081 -0.8126 0.2854
vn -0.5101 -0.8150 0.2747
vn -0.5094 -0.8169 0.2706
vn -0.5004 -0.8225 0.2704
vn -0.4889 -0.8126 0.3174
vn -0.4900 -0.8489 0.1982
vn -0.5310 -0.8029 0.2709
vn -0.5448 -0.8117 0.2108
vn -0.5413 -0.8149 0.2074
vn -0.4794 -0.8503 0.2172
vn -0.4799 -0.8499 0.2176
vn -0.4548 -0.8628 0.2207
vn -0.4470 -0.8622 0.2383
vn -0.4531 -0.8591 0.2381
vn -0.4470 -0.8605 0.2442
vn -0.4348 -0.8743 0.2157
vn -0.4068 -0.8870 0.2188
vn -0.3550 -0.9104 0.2123
vn -0.3667 -0.9037 0.2212
vn -0.3136 -0.9248 0.2152
vn -0.3175 -0.9152 0.2483
vn -0.2981 -0.9236 0.2411
vn -0.3044 -0.9292 0.2095
vn -0.3524 -0.9133 0.2043
vn -0.3781 -0.9084 0.1786
vn -0.3780 -0.9090 0.1755
vn -0.3423 -0.9263 0.1574
vn -0.3618 -0.9272 0.0970
vn -0.4245 -0.9004 0.0957
vn -0.4650 -0.8842 0.0441
vn -0.5126 -0.8566 0.0581
vn -0.5134 -0.8518 0.1041
vn -0.5398 -0.8333 0.1191
vn -0.5247 -0.8318 0.1810
vn -0.4688 -0.8665 0.1712
vn -0.4652 -0.8736 0.1429
vn -0.5688 -0.8224 0.0117
vn -0.3555 -0.9309 0.0844
vn -0.4062 -0.9138 0.0006
vn -0.3907 -0.9202 -0.0258
vn -0.3115 -0.9498 -0.0300
vn -0.3118 -0.9457 -0.0920
vn -0.2804 -0.9599 0.0065
vn -0.2592 -0.9658 0.0031
vn -0.2199 -0.9736 0.0616
vn -0.1866 -0.9810 0.0522
vn -0.1862 -0.9823 -0.0218
vn -0.1724 -0.9829 0.0642
vn -0.1290 -0.9898 0.0606
vn -0.1234 -0.9824 0.1405
vn -0.1151 -0.9824 0.1472
vn -0.1139 -0.9724 0.2035
vn -0.1235 -0.9693 0.2124
vn -0.1505 -0.9659 0.2109
vn -0.1640 -0.9568 0.2401
vn -0.1800 -0.9533 0.2427
vn -0.2032 -0.9572 0.2061
vn -0.2445 -0.9477 0.2052
vn -0.2739 -0.9477 0.1639
vn -0.2718 -0.9492 0.1587
vn -0.2156 -0.9662 0.1413
vn -0.2062 -0.9672 0.1484
vn -0.1611 -0.9767 0.1416
vn -0.2879 -0.9532 0.0924
vn -0.2539 -0.9421 0.2189
vn -0.2355 -0.9384 0.2528
vn -0.2297 -0.9420 0.2445
vn -0.2258 -0.9382 0.2625
vn -0.2674 -0.9252 0.2694
vn -0.2474 -0.9389 0.2395
vn -0.2047 -0.9392 0.2756
vn -0.1748 -0.9474 0.2681
vn -0.1776 -0.9455 0.2730
vn -0.1437 -0.9510 0.2739
vn -0.1403 -0.9523 0.2711
vn -0.1177 -0.9548 0.2729
vn -0.1099 -0.9610 0.2538
vn -0.0991 -0.9626 0.2520
vn -0.0911 -0.9605 0.2628
vn -0.0823 -0.9616 0.2616
vn -0.0765 -0.9673 0.2419
vn -0.0672 -0.9689 0.2382
vn -0.0715 -0.9761 0.2052
vn -0.0642 -0.9778 0.1995
vn -0.0595 -0.9776 0.2020
vn -0.0564 -0.9709 0.2329
vn -0.0524 -0.9704 0.2357
vn -0.0474 -0.9710 0.2342
vn -0.0485 -0.9805 0.1906
vn -0.0551 -0.9655 0.2544
vn -0.0609 -0.9654 0.2535
vn -0.0663 -0.9638 0.2581
vn -0.0528 -0.9650 0.2568
vn -0.0458 -0.9656 0.2561
vn -0.0464 -0.9804 0.1915
vn -0.0608 -0.9867 0.1505
vn -0.0720 -0.9761 0.2051
vn -0.0754 -0.9768 0.2005
vn -0.0926 -0.9755 0.1995
vn -0.0942 -0.9845 0.1481
vn -0.0661 -0.9688 0.2387
vn -0.0861 -0.9691 0.2313
vn -0.0822 -0.9616 0.2618
vn -0.0966 -0.9575 0.2719
vn -0.0888 -0.9688 0.2314
vn -0.1176 -0.9548 0.2729
vn -0.1992 -0.9592 0.2005
vn -0.1873 -0.9487 0.2548
vn -0.1418 -0.9562 0.2561
vn -0.1615 -0.9669 0.1977
vn -0.1208 -0.9618 0.2456
vn -0.0998 -0.9731 0.2079
vn -0.1638 -0.9758 0.1450
vn -0.2281 -0.9704 0.0793
vn -0.2378 -0.9706 -0.0360
vn -0.2554 -0.9629 -0.0873
vn -0.3043 -0.9494 0.0775
vn -0.3107 -0.9343 0.1750
vn -0.4316 -0.8922 0.1333
vn -0.4265 -0.8829 0.1963
vn -0.4191 -0.8818 0.2163
vn -0.3038 -0.9295 0.2090
vn -0.2734 -0.9279 0.2535
vn -0.3582 -0.9081 0.2168
vn -0.2767 -0.9303 0.2409
vn -0.4025 -0.8897 0.2154
vn -0.4065 -0.8869 0.2193
vn -0.4310 -0.8760 0.2166
vn -0.4830 -0.8434 0.2354
vn -0.4112 -0.8880 0.2060
vn -0.5074 -0.8480 0.1532
vn -0.5380 -0.8268 0.1641
vn -0.5944 -0.7786 0.2013
vn -0.4817 -0.8442 0.2353
vn -0.5387 -0.8136 0.2188
vn -0.5727 -0.8009 0.1751
vn -0.5340 -0.8144 0.2272
vn -0.6337 -0.7479 0.1980
vn -0.5956 -0.7786 0.1977
vn -0.5732 -0.7996 0.1790
vn -0.5963 -0.7965 0.0995
vn -0.6203 -0.7748 0.1221
vn -0.6074 -0.7916 0.0657
vn -0.6035 -0.7966 0.0343
vn -0.5760 -0.8167 -0.0344
vn -0.4521 -0.8920 -0.0027
vn -0.5093 -0.8463 -0.1559
vn -0.3988 -0.9124 -0.0922
vn -0.4279 -0.8704 -0.2435
vn -0.3086 -0.9463 -0.0962
vn -0.3595 -0.8874 -0.2886
vn -0.2601 -0.9310 -0.2561
vn -0.2601 -0.9475 -0.1862
vn -0.1822 -0.9639 -0.1942
vn -0.2370 -0.9642 -0.1190
vn -0.1879 -0.9820 -0.0202
vn -0.1445 -0.9893 -0.0222
vn -0.1327 -0.9911 -0.0123
vn -0.1643 -0.9669 -0.1954
vn -0.1073 -0.9798 -0.1685
vn -0.0879 -0.9823 -0.1653
vn -0.1049 -0.9916 -0.0753
vn -0.1116 -0.9935 -0.0240
vn -0.1285 -0.9899 0.0600
vn -0.1013 -0.9848 0.1408
vn -0.0755 -0.9866 0.1450
vn -0.0602 -0.9868 0.1504
vn -0.0811 -0.9943 0.0690
vn -0.0416 -0.9925 0.1151
vn -0.0645 -0.9911 0.1166
vn -0.0709 -0.9974 -0.0122
vn -0.0733 -0.9921 -0.1019
vn -0.0779 -0.9813 -0.1759
vn -0.0534 -0.9924 -0.1108
vn -0.0509 -0.9860 -0.1589
vn -0.0458 -0.9953 -0.0851
vn -0.0545 -0.9984 -0.0173
vn -0.0431 -0.9974 0.0585
vn -0.0457 -0.9892 0.1393
vn -0.0508 -0.9800 0.1922
vn -0.0444 -0.9705 0.2371
vn -0.0459 -0.9656 0.2560
vn -0.0238 -0.9805 -0.1950
vn -0.0203 -0.9879 -0.1535
vn -0.0185 -0.9883 -0.1511
vn -0.0219 -0.9888 -0.1478
vn -0.0131 -0.9945 -0.1040
vn -0.0159 -0.9941 -0.1076
vn -0.0255 -0.9948 -0.0982
vn -0.0239 -0.9984 -0.0511
vn -0.0192 -0.9987 -0.0472
vn -0.0126 -0.9983 -0.0563
vn -0.0247 -0.9996 -0.0140
vn -0.0227 -0.9997 -0.0122
vn -0.0186 -0.9996 -0.0189
vn -0.0242 -0.9997 0.0041
vn -0.0241 -0.9997 0.0057
vn -0.0279 -0.9996 0.0089
vn -0.0608 -0.9981 0.0098
vn -0.0565 -0.9984 0.0057
vn -0.0996 -0.9950 0.0005
vn -0.1139 -0.9935 0.0088
vn -0.1454 -0.9894 -0.0034
vn -0.1620 -0.9868 0.0045
vn -0.1982 -0.9801 -0.0109
vn -0.1967 -0.9804 -0.0118
vn -0.2016 -0.9783 -0.0486
vn -0.2216 -0.9743 -0.0399
vn -0.2240 -0.9724 -0.0652
vn -0.2073 -0.9748 -0.0823
vn -0.2845 -0.9540 -0.0944
vn -0.2759 -0.9589 -0.0670
vn -0.3461 -0.9334 -0.0949
vn -0.3426 -0.9389 -0.0334
vn -0.3236 -0.9452 -0.0432
vn -0.2841 -0.9586 -0.0209
vn -0.2587 -0.9655 -0.0308
vn -0.3915 -0.9179 -0.0652
vn -0.4218 -0.9051 -0.0528
vn -0.4211 -0.8979 -0.1279
vn -0.4050 -0.9029 -0.1443
vn -0.4037 -0.9039 -0.1416
vn -0.3684 -0.9076 -0.2014
vn -0.4521 -0.8710 -0.1922
vn -0.4656 -0.8589 -0.2134
vn -0.5598 -0.8006 -0.2137
vn -0.5525 -0.8114 -0.1904
vn -0.6287 -0.7519 -0.1984
vn -0.6237 -0.7655 -0.1580
vn -0.6849 -0.7086 -0.1697
vn -0.6805 -0.7119 -0.1736
vn -0.6699 -0.7086 -0.2217
vn -0.6611 -0.7201 -0.2107
vn -0.6528 -0.7094 -0.2658
vn -0.6039 -0.7493 -0.2716
vn -0.5805 -0.7763 -0.2458
vn -0.5765 -0.7592 -0.3020
vn -0.5505 -0.7657 -0.3328
vn -0.6186 -0.7179 -0.3192
vn -0.6308 -0.6994 -0.3361
vn -0.5936 -0.7043 -0.3893
vn -0.6038 -0.7003 -0.3807
vn -0.5320 -0.7596 -0.3742
vn -0.5592 -0.7491 -0.3552
vn -0.4742 -0.8055 -0.3554
vn -0.5126 -0.8052 -0.2980
vn -0.4324 -0.8560 -0.2835
vn -0.4284 -0.8373 -0.3397
vn -0.4074 -0.8576 -0.3138
vn -0.3893 -0.8513 -0.3518
vn -0.4545 -0.8143 -0.3610
vn -0.3794 -0.8629 -0.3337
vn -0.3403 -0.8754 -0.3433
vn -0.3096 -0.8982 -0.3120
vn -0.2528 -0.9141 -0.3172
vn -0.2372 -0.9261 -0.2935
vn -0.2044 -0.9346 -0.2911
vn -0.2218 -0.9392 -0.2622
vn -0.1583 -0.9528 -0.2589
vn -0.1542 -0.9561 -0.2492
vn -0.1452 -0.9540 -0.2624
vn -0.1447 -0.9547 -0.2600
vn -0.1104 -0.9643 -0.2408
vn -0.1101 -0.9643 -0.2410
vn -0.1131 -0.9659 -0.2328
vn -0.0841 -0.9688 -0.2333
vn -0.0815 -0.9709 -0.2251
vn -0.0764 -0.9699 -0.2313
vn -0.0752 -0.9755 -0.2069
vn -0.0942 -0.9749 -0.2016
vn -0.0720 -0.9764 -0.2034
vn -0.0659 -0.9762 -0.2065
vn -0.0579 -0.9788 -0.1966
vn -0.0468 -0.9791 -0.1979
vn -0.0447 -0.9787 -0.2001
vn -0.0384 -0.9793 -0.1988
vn -0.0371 -0.9799 -0.1960
vn -0.0375 -0.9792 -0.1996
vn -0.0323 -0.9755 -0.2178
vn -0.0315 -0.9758 -0.2162
vn -0.0239 -0.9747 -0.2222
vn -0.0252 -0.9763 -0.2150
vn -0.0275 -0.9758 -0.2170
vn -0.0253 -0.9752 -0.2199
vn -0.0244 -0.9815 -0.1899
vn -0.0423 -0.9757 -0.2151
vn -0.0345 -0.9780 -0.2058
vn -0.0426 -0.9806 -0.1912
vn -0.0309 -0.9847 -0.1717
vn -0.0813 -0.9814 -0.1740
vn -0.0687 -0.9864 -0.1491
vn -0.0928 -0.9848 -0.1466
vn -0.0836 -0.9765 -0.1985
vn -0.0891 -0.9768 -0.1948
vn -0.1367 -0.9672 -0.2142
vn -0.1312 -0.9781 -0.1614
vn -0.1954 -0.9636 -0.1826
vn -0.1879 -0.9715 -0.1448
vn -0.2624 -0.9521 -0.1572
vn -0.2408 -0.9544 -0.1764
vn -0.2415 -0.9444 -0.2232
vn -0.2468 -0.9437 -0.2201
vn -0.2996 -0.9218 -0.2461
vn -0.2980 -0.9325 -0.2043
vn -0.2764 -0.9235 -0.2661
vn -0.3608 -0.8865 -0.2897
vn -0.3557 -0.9013 -0.2474
vn -0.3006 -0.9320 -0.2025
vn -0.3171 -0.9400 -0.1256
vn -0.1772 -0.9641 -0.1979
vn -0.1326 -0.9781 -0.1602
vn -0.1402 -0.9833 -0.1161
vn -0.1067 -0.9879 -0.1129
vn -0.1165 -0.9877 -0.1041
vn -0.1121 -0.9922 -0.0547
vn -0.0867 -0.9943 -0.0618
vn -0.0990 -0.9947 -0.0270
vn -0.0465 -0.9983 -0.0339
vn -0.0908 -0.9936 -0.0666
vn -0.0439 -0.9971 -0.0628
vn -0.0527 -0.9928 -0.1076
vn -0.0722 -0.9925 -0.0985
vn -0.1271 -0.9897 -0.0653
vn -0.1635 -0.9849 -0.0569
vn -0.1351 -0.9905 -0.0250
vn -0.0736 -0.9923 -0.0999
vn -0.1367 -0.9843 -0.1114
vn -0.1352 -0.9672 -0.2151
vn -0.1050 -0.9816 -0.1594
vn -0.0772 -0.9874 -0.1383
vn -0.0333 -0.9905 -0.1336
vn -0.0653 -0.9791 -0.1928
vn -0.0695 -0.9760 -0.2062
vn -0.0619 -0.9747 -0.2148
vn -0.0631 -0.9734 -0.2204
vn -0.0417 -0.9749 -0.2187
vn -0.0470 -0.9755 -0.2148
vn -0.0649 -0.9736 -0.2189
vn -0.0938 -0.9705 -0.2220
vn -0.0985 -0.9683 -0.2297
vn -0.1270 -0.9595 -0.2513
vn -0.1811 -0.9549 -0.2352
vn -0.2305 -0.9332 -0.2756
vn -0.1953 -0.9421 -0.2725
vn -0.2788 -0.9208 -0.2728
vn -0.3426 -0.8883 -0.3058
vn -0.4459 -0.8310 -0.3326
vn -0.5173 -0.7995 -0.3054
vn -0.6396 -0.7161 -0.2795
vn -0.6379 -0.7568 -0.1423
vn -0.5735 -0.8083 -0.1331
vn -0.5844 -0.8026 -0.1200
vn -0.5244 -0.8459 -0.0969
vn -0.5130 -0.8429 -0.1625
vn -0.5243 -0.8460 -0.0970
vn -0.6112 -0.7608 -0.2180
vn -0.5777 -0.8018 -0.1528
vn -0.5251 -0.8116 -0.2559
vn -0.4307 -0.8565 -0.2846
vn -0.3768 -0.8977 -0.2283
vn -0.3432 -0.9266 -0.1534
vn -0.5028 -0.8521 -0.1455
vn -0.4597 -0.8829 -0.0956
vn -0.3558 -0.9303 -0.0892
vn -0.2915 -0.9552 -0.0515
vn -0.2543 -0.9579 -0.1331
vn -0.2177 -0.9699 -0.1087
vn -0.1686 -0.9837 -0.0631
vn -0.2314 -0.9717 -0.0481
vn -0.1780 -0.9834 -0.0342
vn -0.2463 -0.9690 -0.0196
vn -0.1585 -0.9865 -0.0406
vn -0.1080 -0.9936 -0.0340
vn -0.0619 -0.9980 -0.0118
vn -0.0560 -0.9972 -0.0488
vn -0.0480 -0.9934 -0.1040
vn -0.0435 -0.9875 -0.1512
vn -0.0261 -0.9812 -0.1913
vn -0.0450 -0.9954 -0.0847
vn -0.0447 -0.9970 -0.0631
vn -0.0418 -0.9972 -0.0622
vn -0.0386 -0.9975 -0.0592
vn -0.0385 -0.9976 -0.0567
vn -0.0380 -0.9986 -0.0377
vn -0.0365 -0.9986 -0.0382
vn -0.0580 -0.9974 -0.0423
vn -0.0688 -0.9971 -0.0319
vn -0.0686 -0.9972 -0.0312
vn -0.0992 -0.9949 -0.0207
vn -0.0989 -0.9951 -0.0039
vn -0.1318 -0.9912 0.0073
vn -0.1589 -0.9872 -0.0126
vn -0.1572 -0.9873 -0.0227
vn -0.1747 -0.9838 -0.0399
vn -0.2247 -0.9738 -0.0337
vn -0.2266 -0.9736 -0.0285
vn -0.2873 -0.9575 -0.0258
vn -0.2994 -0.9528 -0.0499
vn -0.3782 -0.9242 -0.0533
vn -0.3826 -0.9214 -0.0689
vn -0.4371 -0.8949 -0.0903
vn -0.4366 -0.8948 -0.0937
vn -0.3789 -0.9206 -0.0941
vn -0.3661 -0.9244 -0.1072
vn -0.3100 -0.9464 -0.0906
vn -0.3051 -0.9492 -0.0767
vn -0.3079 -0.9486 -0.0728
vn -0.2489 -0.9659 -0.0714
vn -0.2392 -0.9694 -0.0556
vn -0.1893 -0.9798 -0.0653
vn -0.1889 -0.9800 -0.0622
vn -0.1746 -0.9817 -0.0764
vn -0.1210 -0.9903 -0.0677
vn -0.1174 -0.9891 -0.0892
vn -0.0934 -0.9907 -0.0993
vn -0.0819 -0.9966 -0.0067
vn -0.0490 -0.9987 -0.0111
vn -0.0488 -0.9988 -0.0090
vn -0.0490 -0.9988 -0.0092
vn -0.0490 -0.9988 -0.0090
vn -0.0403 -0.9990 0.0189
vn -0.0492 -0.9987 0.0107
vn -0.0492 -0.9986 0.0189
vn -0.0495 -0.9986 0.0174
vn -0.0492 -0.9986 0.0177
vn -0.0492 -0.9986 0.0174
vn -0.0490 -0.9986 0.0189
vn -0.0492 -0.9986 0.0187
vn -0.1086 -0.9937 0.0283
vn -0.1158 -0.9931 0.0182
vn -0.1817 -0.9831 0.0216
vn -0.1846 -0.9827 0.0174
vn -0.2535 -0.9672 0.0185
vn -0.2549 -0.9668 0.0165
vn -0.3252 -0.9455 0.0169
vn -0.3262 -0.9452 0.0155
vn -0.3961 -0.9181 0.0159
vn -0.3971 -0.9177 0.0144
vn -0.4649 -0.8852 0.0148
vn -0.4660 -0.8847 0.0132
vn -0.5297 -0.8481 0.0127
vn -0.5301 -0.8478 0.0119
vn -0.5868 -0.8097 0.0107
vn -0.6348 -0.7726 0.0098
vn -0.6349 -0.7725 0.0096
vn -0.6750 -0.7378 0.0088
vn -0.6751 -0.7376 0.0086
vn -0.7087 -0.7055 0.0078
vn -0.7088 -0.7054 0.0077
vn -0.7080 -0.7060 0.0155
vn -0.7078 -0.7062 0.0159
vn -0.7035 -0.7084 0.0568
vn -0.7037 -0.7082 0.0564
vn -0.6702 -0.7400 0.0565
vn -0.6747 -0.7380 0.0156
vn -0.6707 -0.7396 0.0558
vn -0.6304 -0.7743 0.0559
vn -0.6344 -0.7729 0.0158
vn -0.6315 -0.7735 0.0541
vn -0.5827 -0.8109 0.0542
vn -0.5861 -0.8101 0.0165
vn -0.5846 -0.8097 0.0515
vn -0.5262 -0.8488 0.0514
vn -0.5289 -0.8485 0.0173
vn -0.5291 -0.8472 0.0473
vn -0.4622 -0.8855 0.0471
vn -0.4642 -0.8856 0.0180
vn -0.4656 -0.8840 0.0424
vn -0.3942 -0.9181 0.0421
vn -0.3955 -0.9183 0.0185
vn -0.3969 -0.9171 0.0384
vn -0.3237 -0.9454 0.0379
vn -0.3245 -0.9457 0.0190
vn -0.3267 -0.9445 0.0338
vn -0.2519 -0.9672 0.0331
vn -0.2523 -0.9674 0.0201
vn -0.2556 -0.9664 0.0280
vn -0.1795 -0.9834 0.0267
vn -0.1795 -0.9835 0.0218
vn -0.1817 -0.9831 0.0235
vn -0.1070 -0.9940 0.0220
vn -0.1819 -0.9833 0.0082
vn -0.2534 -0.9673 0.0096
vn -0.2538 -0.9672 -0.0110
vn -0.3231 -0.9463 -0.0077
vn -0.3264 -0.9452 -0.0115
vn -0.3258 -0.9454 0.0076
vn -0.3939 -0.9191 -0.0077
vn -0.3977 -0.9174 -0.0119
vn -0.3969 -0.9179 0.0066
vn -0.4629 -0.8864 -0.0080
vn -0.4668 -0.8843 -0.0126
vn -0.4659 -0.8848 0.0057
vn -0.5288 -0.8487 -0.0092
vn -0.5323 -0.8465 -0.0135
vn -0.5313 -0.8472 0.0039
vn -0.5867 -0.8097 -0.0108
vn -0.5889 -0.8081 -0.0136
vn -0.5878 -0.8090 0.0030
vn -0.6351 -0.7724 -0.0111
vn -0.6370 -0.7707 -0.0137
vn -0.6358 -0.7719 0.0021
vn -0.6759 -0.7369 -0.0119
vn -0.6773 -0.7356 -0.0139
vn -0.6760 -0.7369 0.0011
vn -0.7103 -0.7038 -0.0130
vn -0.7105 -0.7036 -0.0133
vn -0.7093 -0.7049 0.0001
vn -0.7108 -0.7031 -0.0196
vn -0.7088 -0.7052 -0.0168
vn -0.7114 -0.6976 -0.0848
vn -0.7074 -0.7024 -0.0788
vn -0.6754 -0.7321 -0.0886
vn -0.6694 -0.7428 -0.0109
vn -0.6538 -0.7536 -0.0679
vn -0.6335 -0.7698 -0.0776
vn -0.6284 -0.7778 -0.0080
vn -0.6217 -0.7806 -0.0642
vn -0.5839 -0.8087 -0.0709
vn -0.5841 -0.8116 -0.0102
vn -0.5771 -0.8143 -0.0631
vn -0.5231 -0.8489 -0.0758
vn -0.5210 -0.8535 -0.0076
vn -0.4911 -0.8697 -0.0483
vn -0.4560 -0.8878 -0.0628
vn -0.4510 -0.8925 -0.0040
vn -0.4262 -0.9037 -0.0405
vn -0.3870 -0.9205 -0.0532
vn -0.3857 -0.9226 -0.0048
vn -0.3715 -0.9276 -0.0384
vn -0.3167 -0.9473 -0.0484
vn -0.3156 -0.9489 -0.0049
vn -0.2510 -0.9679 -0.0118
vn -0.2449 -0.9695 -0.0055
vn -0.1783 -0.9839 -0.0114
vn -0.1783 -0.9839 -0.0075
vn -0.1087 -0.9940 -0.0099
vn -0.1808 -0.9835 -0.0104
vn -0.1727 -0.9850 -0.0055
vn -0.1067 -0.9942 -0.0111
vn -0.1718 -0.9845 -0.0341
vn -0.2371 -0.9711 -0.0285
vn -0.2179 -0.9725 -0.0827
vn -0.3097 -0.9449 -0.1058
vn -0.3043 -0.9458 -0.1132
vn -0.2337 -0.9656 -0.1141
vn -0.2494 -0.9638 -0.0938
vn -0.1475 -0.9890 -0.0120
vn -0.2449 -0.9688 -0.0368
vn -0.2868 -0.9577 -0.0249
vn -0.3562 -0.9286 -0.1037
vn -0.4413 -0.8892 -0.1212
vn -0.4482 -0.8864 -0.1160
vn -0.5041 -0.8506 -0.1497
vn -0.5295 -0.8393 -0.1237
vn -0.5214 -0.8470 -0.1040
vn -0.5156 -0.8495 -0.1117
vn -0.5713 -0.8128 -0.1136
vn -0.5745 -0.8130 -0.0946
vn -0.5711 -0.8150 -0.0982
vn -0.5699 -0.8169 -0.0882
vn -0.5268 -0.8474 -0.0661
vn -0.5246 -0.8477 -0.0785
vn -0.5763 -0.8137 -0.0765
vn -0.5789 -0.8121 -0.0733
vn -0.5779 -0.8109 -0.0917
vn -0.6242 -0.7766 -0.0858
vn -0.6247 -0.7759 -0.0880
vn -0.6714 -0.7351 -0.0939
vn -0.6716 -0.7345 -0.0971
vn -0.6730 -0.7335 -0.0950
vn -0.6259 -0.7746 -0.0904
vn -0.6272 -0.7738 -0.0886
vn -0.6299 -0.7698 -0.1029
vn -0.6724 -0.7326 -0.1059
vn -0.6732 -0.7315 -0.1085
vn -0.7097 -0.6962 -0.1083
vn -0.7115 -0.6952 -0.1025
vn -0.7078 -0.7003 -0.0922
vn -0.7099 -0.6958 -0.1089
vn -0.7062 -0.6973 -0.1229
vn -0.6674 -0.7351 -0.1187
vn -0.6678 -0.7347 -0.1197
vn -0.6223 -0.7750 -0.1103
vn -0.6156 -0.7791 -0.1188
vn -0.6156 -0.7788 -0.1202
vn -0.6744 -0.7313 -0.1017
vn -0.7046 -0.7012 -0.1092
vn -0.7099 -0.6968 -0.1022
vn -0.7098 -0.6967 -0.1038
vn -0.7066 -0.6995 -0.1069
vn -0.7047 -0.6996 -0.1181
vn -0.7012 -0.7038 -0.1139
vn -0.6568 -0.7439 -0.1234
vn -0.6505 -0.7512 -0.1115
vn -0.6201 -0.7748 -0.1236
vn -0.5844 -0.8054 -0.0995
vn -0.5415 -0.8333 -0.1111
vn -0.5242 -0.8473 -0.0854
vn -0.4595 -0.8851 -0.0739
vn -0.4532 -0.8877 -0.0808
vn -0.3914 -0.9186 -0.0548
vn -0.4017 -0.9147 -0.0437
vn -0.3235 -0.9455 -0.0364
vn -0.3352 -0.9418 -0.0240
vn -0.3392 -0.9401 -0.0349
vn -0.3490 -0.9368 -0.0245
vn -0.2938 -0.9558 -0.0120
vn -0.2821 -0.9592 -0.0201
vn -0.2333 -0.9724 0.0011
vn -0.2332 -0.9722 -0.0224
vn -0.2584 -0.9659 -0.0135
vn -0.1981 -0.9802 -0.0004
vn -0.1645 -0.9863 -0.0088
vn -0.1665 -0.9860 0.0101
vn -0.1453 -0.9893 0.0101
vn -0.0995 -0.9950 0.0117
vn -0.0987 -0.9951 0.0110
vn -0.0982 -0.9951 0.0128
vn -0.0833 -0.9965 0.0029
vn -0.0427 -0.9991 0.0088
vn -0.0390 -0.9992 -0.0007
vn -0.0275 -0.9996 -0.0011
vn -0.0227 -0.9997 0.0010
vn -0.0240 -0.9997 0.0098
vn -0.0244 -0.9996 0.0108
vn -0.0186 -0.9997 0.0135
vn -0.0184 -0.9997 0.0131
vn -0.0246 -0.9995 0.0198
vn -0.0397 -0.9991 0.0155
vn -0.0279 -0.9995 0.0172
vn -0.0272 -0.9996 -0.0021
vn -0.0269 -0.9995 -0.0170
vn -0.0335 -0.9992 -0.0200
vn -0.0335 -0.9993 -0.0193
vn -0.0464 -0.9989 -0.0056
vn -0.0395 -0.9992 0.0113
vn -0.0607 -0.9979 0.0221
vn -0.1999 -0.9797 -0.0130
vn -0.3552 -0.9339 -0.0399
vn -0.3591 -0.9327 -0.0335
vn -0.4060 -0.9134 -0.0288
vn -0.4425 -0.8944 -0.0655
vn -0.4479 -0.8925 -0.0533
vn -0.4522 -0.8899 -0.0603
vn -0.4053 -0.9130 -0.0461
vn -0.2927 -0.9557 -0.0323
vn -0.4029 -0.9139 -0.0488
vn -0.4570 -0.8884 -0.0435
vn -0.4898 -0.8678 -0.0842
vn -0.6381 -0.7578 -0.1367
vn -0.6863 -0.7162 -0.1263
vn -0.6697 -0.7357 -0.1014
vn -0.6937 -0.7065 -0.1397
vn -0.6689 -0.7369 -0.0972
vn -0.6185 -0.7802 -0.0936
vn -0.5525 -0.8311 -0.0635
vn -0.6255 -0.7754 -0.0870
vn -0.5010 -0.8641 -0.0484
vn -0.5180 -0.8523 -0.0722
vn -0.5137 -0.8531 -0.0911
vn -0.5771 -0.8127 -0.0802
vn -0.6228 -0.7741 -0.1132
vn -0.5712 -0.8129 -0.1134
vn -0.5166 -0.8509 -0.0952
vn -0.5629 -0.8165 -0.1286
vn -0.5665 -0.8131 -0.1343
vn -0.6151 -0.7793 -0.1196
vn -0.6674 -0.7352 -0.1187
vn -0.7046 -0.6995 -0.1196
vn -0.6765 -0.7362 -0.0198
vn -0.6355 -0.7720 -0.0162
vn -0.5869 -0.8096 -0.0135
vn -0.5291 -0.8484 -0.0164
vn -0.4634 -0.8860 -0.0163
vn -0.3942 -0.9189 -0.0132
vn -0.3233 -0.9462 -0.0125
vn -0.2509 -0.9680 -0.0077
vn -0.1806 -0.9835 0.0099
vn -0.1097 -0.9939 0.0089
vn -0.2561 -0.9666 0.0061
vn -0.3278 -0.9447 0.0051
vn -0.3986 -0.9171 0.0044
vn -0.4681 -0.8837 0.0029
vn -0.5325 -0.8465 0.0023
vn -0.5888 -0.8083 0.0015
vn -0.6367 -0.7711 0.0008
vn -0.6767 -0.7362 -0.0000
vn -0.7098 -0.7044 -0.0008
vn -0.6744 -0.7382 0.0161
vn -0.6343 -0.7729 0.0160
vn -0.5864 -0.8099 0.0162
vn -0.5294 -0.8482 0.0166
vn -0.4647 -0.8853 0.0172
vn -0.3960 -0.9181 0.0177
vn -0.3252 -0.9455 0.0180
vn -0.2535 -0.9672 0.0184
vn -0.1817 -0.9832 0.0186
vn -0.1084 -0.9939 0.0185
vn -0.1070 -0.9940 0.0206
vn -0.1096 -0.9938 0.0183
vn -0.1080 -0.9941 0.0112
vn -0.1067 -0.9943 -0.0077
vn -0.1014 -0.9948 -0.0058
vn -0.0328 -0.9955 -0.0892
vn -0.1015 -0.9946 -0.0232
vn -0.1554 -0.9809 -0.1166
vn -0.1173 -0.9911 -0.0628
vn -0.1215 -0.9911 -0.0545
vn -0.1828 -0.9783 -0.0976
vn -0.2435 -0.9667 -0.0792
vn -0.2998 -0.9483 -0.1037
vn -0.3657 -0.9235 -0.1157
vn -0.4489 -0.8870 -0.1081
vn -0.4469 -0.8907 -0.0832
vn -0.3735 -0.9242 -0.0796
vn -0.3727 -0.9259 -0.0616
vn -0.2982 -0.9531 -0.0519
vn -0.2847 -0.9582 -0.0294
vn -0.2400 -0.9693 -0.0535
vn -0.1721 -0.9838 -0.0499
vn -0.2015 -0.9795 -0.0022
vn -0.1320 -0.9912 -0.0032
vn -0.0827 -0.9966 0.0049
vn -0.1108 -0.9934 -0.0299
vn -0.0469 -0.9987 -0.0180
vn -0.1082 -0.9934 -0.0375
vn -0.0366 -0.9986 -0.0385
vn -0.0623 -0.9967 -0.0522
vn -0.0373 -0.9963 -0.0770
vn -0.7503 -0.6505 -0.1178
vn -0.7684 -0.6323 -0.0988
vn -0.7687 -0.6290 -0.1161
vn -0.7378 -0.6647 -0.1174
vn -0.7365 -0.6665 -0.1155
vn -0.7324 -0.6670 -0.1368
vn -0.7301 -0.6690 -0.1392
vn -0.7739 -0.6165 -0.1449
vn -0.7680 -0.6213 -0.1557
vn -0.8030 -0.5783 -0.1439
vn -0.8074 -0.5705 -0.1508
vn -0.8343 -0.5340 -0.1370
vn -0.8327 -0.5380 -0.1310
vn -0.8683 -0.4854 -0.1025
vn -0.8661 -0.4791 -0.1423
vn -0.8666 -0.4786 -0.1413
vn -0.8860 -0.4429 -0.1374
vn -0.8808 -0.4587 -0.1176
vn -0.8834 -0.4585 -0.0968
vn -0.8852 -0.4544 -0.0996
vn -0.8864 -0.4565 -0.0767
vn -0.8816 -0.4643 -0.0847
vn -0.8745 -0.4783 -0.0809
vn -0.8684 -0.4872 -0.0920
vn -0.8362 -0.5417 -0.0851
vn -0.8278 -0.5518 -0.1015
vn -0.8014 -0.5904 -0.0955
vn -0.8035 -0.5828 -0.1214
vn -0.8022 -0.5896 -0.0941
vn -0.7745 -0.6253 -0.0961
vn -0.7730 -0.6267 -0.0985
vn -0.7724 -0.6282 -0.0937
vn -0.7969 -0.5963 -0.0968
vn -0.7941 -0.6014 -0.0881
vn -0.7940 -0.6015 -0.0887
vn -0.7688 -0.6317 -0.0995
vn -0.7633 -0.6392 -0.0934
vn -0.7428 -0.6614 -0.1041
vn -0.7423 -0.6597 -0.1171
vn -0.7390 -0.6642 -0.1125
vn -0.7408 -0.6665 -0.0835
vn -0.7422 -0.6647 -0.0857
vn -0.7427 -0.6693 -0.0189
vn -0.7395 -0.6731 -0.0140
vn -0.7394 -0.6731 -0.0130
vn -0.7396 -0.6729 -0.0133
vn -0.7388 -0.6739 -0.0008
vn -0.7385 -0.6743 -0.0003
vn -0.7332 -0.6776 0.0567
vn -0.7317 -0.6790 0.0593
vn -0.7363 -0.6765 0.0154
vn -0.7370 -0.6757 0.0141
vn -0.7376 -0.6752 0.0075
vn -0.7380 -0.6748 0.0068
vn -0.7648 -0.6442 0.0070
vn -0.7653 -0.6436 0.0060
vn -0.7925 -0.6098 0.0055
vn -0.7928 -0.6095 0.0051
vn -0.8210 -0.5710 0.0043
vn -0.8211 -0.5708 0.0041
vn -0.8627 -0.5057 0.0033
vn -0.8467 -0.5305 0.0397
vn -0.8681 -0.4948 0.0397
vn -0.8798 -0.4751 0.0118
vn -0.8703 -0.4922 0.0194
vn -0.8702 -0.4924 0.0197
vn -0.8701 -0.4925 0.0206
vn -0.8668 -0.4979 0.0277
vn -0.8632 -0.5041 0.0276
vn -0.8650 -0.5016 0.0108
vn -0.8442 -0.5321 0.0657
vn -0.8137 -0.5775 0.0658
vn -0.8201 -0.5721 0.0119
vn -0.8144 -0.5767 0.0645
vn -0.7855 -0.6154 0.0645
vn -0.7916 -0.6109 0.0129
vn -0.7868 -0.6141 0.0623
vn -0.7583 -0.6489 0.0623
vn -0.7937 -0.6083 -0.0016
vn -0.8213 -0.5705 -0.0009
vn -0.8222 -0.5690 -0.0133
vn -0.8551 -0.5183 -0.0102
vn -0.8585 -0.5126 -0.0164
vn -0.8571 -0.5151 -0.0010
vn -0.8687 -0.4951 -0.0150
vn -0.8693 -0.4940 -0.0163
vn -0.8671 -0.4980 0.0109
vn -0.8701 -0.4909 -0.0440
vn -0.8652 -0.5003 -0.0347
vn -0.8658 -0.4959 -0.0675
vn -0.8634 -0.5005 -0.0632
vn -0.8449 -0.5300 -0.0730
vn -0.8408 -0.5412 -0.0114
vn -0.8213 -0.5703 -0.0164
vn -0.8169 -0.5766 -0.0097
vn -0.7930 -0.6090 -0.0149
vn -0.7928 -0.6094 -0.0114
vn -0.7664 -0.6422 -0.0134
vn -0.7939 -0.6079 -0.0133
vn -0.7896 -0.6135 -0.0099
vn -0.7657 -0.6430 -0.0138
vn -0.7939 -0.6009 -0.0929
vn -0.8145 -0.5738 -0.0862
vn -0.8139 -0.5738 -0.0912
vn -0.8524 -0.5139 -0.0962
vn -0.8573 -0.5077 -0.0850
vn -0.8675 -0.4901 -0.0852
vn -0.8668 -0.4938 -0.0691
vn -0.8673 -0.4932 -0.0675
vn -0.8681 -0.4908 -0.0742
vn -0.8744 -0.4815 -0.0590
vn -0.8754 -0.4777 -0.0747
vn -0.8613 -0.5029 -0.0722
vn -0.8621 -0.4997 -0.0843
vn -0.8543 -0.5128 -0.0843
vn -0.8228 -0.5631 -0.0768
vn -0.8241 -0.5602 -0.0840
vn -0.8551 -0.5138 -0.0701
vn -0.8205 -0.5655 -0.0842
vn -0.8196 -0.5663 -0.0865
vn -0.8566 -0.5108 -0.0726
vn -0.8207 -0.5617 -0.1046
vn -0.7961 -0.5971 -0.0985
vn -0.7903 -0.6030 -0.1087
vn -0.7628 -0.6390 -0.0988
vn -0.7856 -0.6132 -0.0823
vn -0.7677 -0.6345 -0.0896
vn -0.8214 -0.5621 -0.0970
vn -0.8495 -0.5217 -0.0786
vn -0.8631 -0.4994 -0.0752
vn -0.8570 -0.5140 -0.0368
vn -0.8209 -0.5710 -0.0109
vn -0.7929 -0.6094 -0.0002
vn -0.7660 -0.6428 -0.0008
vn -0.8218 -0.5698 -0.0019
vn -0.8515 -0.5242 0.0100
vn -0.8688 -0.4950 0.0073
vn -0.8612 -0.5080 0.0197
vn -0.8203 -0.5718 0.0114
vn -0.7919 -0.6105 0.0122
vn -0.7643 -0.6448 0.0129
vn -0.7636 -0.6455 0.0141
vn -0.7600 -0.6472 0.0593
vn -0.7655 -0.6435 0.0002
vn -0.7656 -0.6432 -0.0121
vn -0.7643 -0.6447 -0.0117
vn -0.7647 -0.6387 -0.0849
vn -0.7449 -0.6587 -0.1059
vn -0.7448 -0.6598 -0.0993
vn -0.7450 -0.6596 -0.0991
vn -0.7450 -0.6597 -0.0988
vn -0.7676 -0.6317 -0.1083
vn -0.7956 -0.5989 -0.0914
vn -0.8202 -0.5660 -0.0834
vn -0.7635 -0.6371 -0.1060
vn -0.8001 -0.5932 -0.0889
vn -0.8258 -0.5583 -0.0801
vn -0.8677 -0.4918 -0.0727
vn -0.8815 -0.4682 -0.0617
vn -0.8729 -0.4756 -0.1087
vn -0.8391 -0.5317 -0.1147
vn -0.8348 -0.5335 -0.1360
vn -0.8128 -0.5725 -0.1079
vn -0.7708 -0.6270 -0.1129
vn -0.7743 -0.6240 -0.1049
vn -0.7413 -0.6631 -0.1038
vn -0.7510 -0.6543 -0.0893
vn -0.8389 -0.4297 -0.3341
vn -0.7992 -0.4782 -0.3642
vn -0.8035 -0.4820 -0.3493
vn -0.8235 -0.4362 -0.3629
vn -0.8238 -0.4366 -0.3617
vn -0.8185 -0.4395 -0.3700
vn -0.7814 -0.5001 -0.3732
vn -0.7737 -0.5018 -0.3868
vn -0.7237 -0.5668 -0.3937
vn -0.7239 -0.5660 -0.3946
vn -0.6633 -0.6294 -0.4048
vn -0.6609 -0.6350 -0.4001
vn -0.6622 -0.6364 -0.3956
vn -0.7215 -0.5841 -0.3718
vn -0.7226 -0.5855 -0.3674
vn -0.6823 -0.6425 -0.3489
vn -0.6834 -0.6622 -0.3072
vn -0.6869 -0.6608 -0.3024
vn -0.7344 -0.6146 -0.2880
vn -0.7468 -0.6211 -0.2377
vn -0.7074 -0.6760 -0.2063
vn -0.7079 -0.6818 -0.1845
vn -0.7324 -0.6621 -0.1592
vn -0.7727 -0.6014 -0.2031
vn -0.7982 -0.5746 -0.1810
vn -0.8273 -0.5151 -0.2239
vn -0.8273 -0.5151 -0.2243
vn -0.7962 -0.5500 -0.2523
vn -0.7896 -0.5449 -0.2822
vn -0.8042 -0.5062 -0.3114
vn -0.8461 -0.4514 -0.2835
vn -0.8508 -0.4548 -0.2633
vn -0.8556 -0.4494 -0.2568
vn -0.9086 -0.3374 -0.2460
vn -0.9088 -0.3363 -0.2467
vn -0.9039 -0.3253 -0.2778
vn -0.9066 -0.3181 -0.2773
vn -0.9137 -0.3190 -0.2518
vn -0.9060 -0.3232 -0.2734
vn -0.8965 -0.3125 -0.3140
vn -0.9067 -0.3019 -0.2947
vn -0.9086 -0.3161 -0.2730
vn -0.8851 -0.3484 -0.3085
vn -0.8922 -0.3204 -0.3183
vn -0.8623 -0.3645 -0.3515
vn -0.8986 -0.3202 -0.2999
vn -0.8964 -0.3330 -0.2924
vn -0.8963 -0.3329 -0.2929
vn -0.9123 -0.3306 -0.2415
vn -0.9148 -0.3340 -0.2274
vn -0.9097 -0.3413 -0.2365
vn -0.9102 -0.3428 -0.2324
vn -0.8993 -0.3850 -0.2073
vn -0.9108 -0.3680 -0.1869
vn -0.8855 -0.4352 -0.1628
vn -0.8838 -0.4449 -0.1444
vn -0.8356 -0.4695 -0.2851
vn -0.9069 -0.3587 -0.2212
vn -0.8948 -0.4279 -0.1276
vn -0.8866 -0.4195 -0.1948
vn -0.8104 -0.5833 -0.0544
vn -0.7900 -0.6093 -0.0686
vn -0.7519 -0.6593 0.0022
vn -0.7534 -0.6575 0.0109
vn -0.7917 -0.6104 0.0231
vn -0.7697 -0.6378 -0.0285
vn -0.7694 -0.6388 -0.0001
vn -0.7792 -0.6267 0.0097
vn -0.7776 -0.6283 -0.0243
vn -0.8413 -0.5406 -0.0019
vn -0.8565 -0.5016 -0.1216
vn -0.8799 -0.4477 -0.1591
vn -0.8405 -0.5034 -0.2002
vn -0.8317 -0.4797 -0.2794
vn -0.7810 -0.6117 -0.1255
vn -0.7578 -0.6110 -0.2288
vn -0.7162 -0.6919 -0.0909
vn -0.7015 -0.6957 -0.1545
vn -0.8867 -0.4414 -0.1373
vn -0.8650 -0.4899 -0.1086
vn -0.8852 -0.4394 -0.1530
vn -0.8922 -0.3872 -0.2326
vn -0.8158 -0.5661 -0.1180
vn -0.8650 -0.4901 -0.1073
vn -0.8572 -0.5008 -0.1203
vn -0.8673 -0.4978 -0.0005
vn -0.7355 -0.6775 -0.0011
vn -0.7288 -0.6831 -0.0472
vn -0.7470 -0.6542 -0.1182
vn -0.7625 -0.6460 -0.0358
vn -0.7606 -0.6482 -0.0368
vn -0.7512 -0.6570 -0.0641
vn -0.7611 -0.6397 -0.1072
vn -0.7190 -0.6922 -0.0624
vn -0.7137 -0.6939 -0.0959
vn -0.7866 -0.6099 -0.0967
vn -0.8138 -0.5802 -0.0321
vn -0.9063 -0.3947 -0.1512
vn -0.8396 -0.5108 -0.1848
vn -0.8092 -0.5667 -0.1549
vn -0.8127 -0.5669 -0.1347
vn -0.8553 -0.4761 -0.2046
vn -0.8991 -0.3826 -0.2127
vn -0.9090 -0.3551 -0.2184
vn -0.9142 -0.3481 -0.2074
vn -0.8633 -0.4578 -0.2124
vn -0.8566 -0.4772 -0.1962
vn -0.8010 -0.5807 -0.1452
vn -0.7330 -0.6678 -0.1293
vn -0.7708 -0.5984 -0.2187
vn -0.7524 -0.5807 -0.3110
vn -0.6780 -0.6959 -0.2365
vn -0.6671 -0.6518 -0.3609
vn -0.7462 -0.5703 -0.3434
vn -0.6603 -0.6396 -0.3936
vn -0.7274 -0.5672 -0.3862
vn -0.8642 -0.3640 -0.3475
vn -0.8535 -0.4059 -0.3269
vn -0.7807 -0.4958 -0.3805
vn -0.7924 -0.5055 -0.3414
vn -0.8451 -0.4027 -0.3515
vn -0.8505 -0.4303 -0.3024
vn -0.7086 -0.6735 -0.2105
vn -0.7602 -0.6111 -0.2206
vn -0.7583 -0.6299 -0.1678
vn -0.7277 -0.6612 -0.1821
vn -0.7662 -0.6163 -0.1819
vn -0.8005 -0.5716 -0.1803
vn -0.8128 -0.5600 -0.1605
vn -0.8042 -0.5458 -0.2354
vn -0.8415 -0.4982 -0.2090
vn -0.8259 -0.4940 -0.2716
vn -0.8622 -0.4449 -0.2423
vn -0.8483 -0.4389 -0.2963
vn -0.8741 -0.4018 -0.2731
vn -0.8707 -0.4193 -0.2572
vn -0.8759 -0.4203 -0.2370
vn -0.8732 -0.4305 -0.2286
vn -0.8820 -0.4260 -0.2015
vn -0.8679 -0.4533 -0.2031
vn -0.8712 -0.4500 -0.1961
vn -0.8702 -0.4628 -0.1692
vn -0.8672 -0.4663 -0.1744
vn -0.8493 -0.5042 -0.1565
vn -0.8790 -0.4428 -0.1767
vn -0.8969 -0.4160 -0.1499
vn -0.8850 -0.4145 -0.2120
vn -0.8624 -0.3994 -0.3111
vn -0.8863 -0.3733 -0.2741
vn -0.8770 -0.3647 -0.3127
vn -0.8682 -0.3821 -0.3167
vn -0.8904 -0.3508 -0.2900
vn -0.8663 -0.3831 -0.3205
vn -0.8287 -0.4344 -0.3530
vn -0.8234 -0.4482 -0.3481
vn -0.7905 -0.4851 -0.3740
vn -0.7789 -0.5110 -0.3636
vn -0.7613 -0.5268 -0.3781
vn -0.7708 -0.5390 -0.3396
vn -0.7280 -0.5925 -0.3449
vn -0.7414 -0.5870 -0.3251
vn -0.7346 -0.6058 -0.3056
vn -0.7537 -0.6024 -0.2627
vn -0.6927 -0.6701 -0.2667
vn -0.6971 -0.6612 -0.2772
vn -0.7875 -0.5422 -0.2930
vn -0.7861 -0.5458 -0.2901
vn -0.6767 -0.6584 -0.3296
vn -0.6796 -0.6531 -0.3340
vn -0.6712 -0.6377 -0.3780
vn -0.6692 -0.6386 -0.3800
vn -0.7272 -0.5725 -0.3786
vn -0.7704 -0.5401 -0.3389
vn -0.7241 -0.5809 -0.3719
vn -0.8063 -0.4981 -0.3189
vn -0.8094 -0.4901 -0.3235
vn -0.8477 -0.4406 -0.2953
vn -0.8651 -0.4367 -0.2467
vn -0.8251 -0.4961 -0.2702
vn -0.8398 -0.5026 -0.2052
vn -0.8036 -0.5472 -0.2343
vn -0.8318 -0.5265 -0.1760
vn -0.7476 -0.6174 -0.2447
vn -0.7121 -0.6668 -0.2198
vn -0.7216 -0.6707 -0.1718
vn -0.0467 0.9978 0.0468
vn -0.0450 0.9973 0.0576
vn -0.0322 0.9984 0.0463
vn -0.0479 0.9977 0.0471
vn -0.0363 0.9993 0.0122
vn -0.0387 0.9992 0.0097
vn -0.0451 0.9989 0.0100
vn -0.0468 0.9988 0.0117
vn -0.0436 0.9990 0.0117
vn -0.0454 0.9989 0.0091
vn -0.0453 0.9989 0.0090
vn -0.0392 0.9992 0.0089
vn -0.0393 0.9992 0.0091
vn -0.0445 0.9990 0.0022
vn -0.0373 0.9993 0.0022
vn -0.0453 0.9989 0.0091
vn -0.0333 0.9994 0.0091
vn -0.0450 0.9988 -0.0188
vn -0.0455 0.9988 -0.0183
vn -0.0389 0.9991 -0.0183
vn -0.0394 0.9991 -0.0160
vn -0.0405 0.9990 -0.0177
vn -0.0456 0.9988 -0.0176
vn -0.0454 0.9988 -0.0179
vn -0.0458 0.9988 -0.0179
vn -0.0462 0.9988 -0.0188
vn -0.0464 0.9988 -0.0186
vn -0.0409 0.9990 -0.0192
vn -0.0413 0.9990 -0.0160
vn -0.0432 0.9989 -0.0189
vn -0.0511 0.9986 -0.0137
vn -0.0466 0.9987 -0.0188
vn -0.0546 0.9983 -0.0188
vn -0.0282 0.9994 -0.0191
vn -0.0273 0.9995 -0.0177
vn -0.0076 0.9998 -0.0192
vn -0.0071 0.9998 -0.0185
vn 0.0204 0.9996 -0.0195
vn 0.0207 0.9996 -0.0189
vn 0.0565 0.9982 -0.0198
vn 0.1002 0.9948 -0.0190
vn 0.0995 0.9948 -0.0203
vn 0.1827 0.9831 0.0087
vn 0.1772 0.9842 0.0022
vn 0.2738 0.9616 -0.0209
vn 0.2759 0.9610 -0.0177
vn 0.3422 0.9394 -0.0210
vn 0.4201 0.9073 -0.0205
vn 0.4468 0.8942 0.0267
vn 0.5005 0.8653 0.0274
vn 0.4776 0.8785 -0.0142
vn 0.4773 0.8787 -0.0029
vn 0.4563 0.8898 -0.0031
vn 0.4554 0.8901 0.0164
vn 0.3446 0.9386 0.0162
vn 0.3414 0.9399 0.0112
vn 0.2794 0.9601 0.0110
vn 0.2758 0.9612 0.0059
vn 0.1886 0.9820 0.0063
vn 0.1790 0.9838 -0.0070
vn 0.0990 0.9951 -0.0070
vn 0.0971 0.9952 -0.0095
vn 0.0563 0.9984 -0.0101
vn 0.0216 0.9997 -0.0106
vn 0.0203 0.9997 -0.0125
vn -0.0061 0.9999 -0.0126
vn -0.0072 0.9999 -0.0143
vn -0.0262 0.9996 -0.0143
vn -0.0258 0.9995 -0.0176
vn -0.0225 0.9997 -0.0132
vn -0.0069 0.9998 -0.0190
vn -0.0060 0.9999 -0.0133
vn -0.0045 0.9999 -0.0113
vn -0.0059 0.9999 0.0085
vn -0.0255 0.9996 0.0094
vn -0.0253 0.9996 0.0086
vn -0.0234 0.9997 0.0105
vn -0.0047 1.0000 0.0082
vn -0.0019 0.9999 0.0110
vn 0.0232 0.9997 0.0079
vn 0.0231 0.9997 0.0099
vn 0.0216 0.9997 0.0082
vn 0.0222 0.9997 -0.0109
vn 0.0560 0.9984 0.0080
vn 0.0564 0.9983 -0.0113
vn 0.0571 0.9983 0.0093
vn 0.0990 0.9951 0.0067
vn 0.0994 0.9950 -0.0116
vn 0.0997 0.9950 0.0075
vn 0.1901 0.9818 0.0021
vn 0.1904 0.9816 -0.0115
vn 0.1969 0.9804 0.0096
vn 0.2800 0.9600 0.0051
vn 0.2804 0.9598 -0.0124
vn 0.2823 0.9593 0.0076
vn 0.3457 0.9383 0.0043
vn 0.3462 0.9381 -0.0123
vn 0.4467 0.8946 -0.0141
vn 0.4554 0.8903 -0.0009
vn 0.4757 0.8796 -0.0017
vn 0.4756 0.8796 0.0014
vn 0.4750 0.8800 0.0003
vn 0.4798 0.8774 0.0043
vn 0.4800 0.8773 -0.0016
vn 0.4551 0.8904 0.0009
vn 0.4554 0.8903 -0.0054
vn 0.3575 0.9339 0.0105
vn 0.3491 0.9371 0.0016
vn 0.2859 0.9582 0.0081
vn 0.2890 0.9570 -0.0259
vn 0.2252 0.9741 -0.0196
vn 0.2148 0.9762 -0.0292
vn 0.1010 0.9949 0.0055
vn 0.0999 0.9950 0.0047
vn 0.0745 0.9972 0.0092
vn 0.0621 0.9981 -0.0022
vn 0.0259 0.9996 0.0078
vn 0.0268 0.9996 0.0085
vn 0.0055 0.9999 0.0116
vn -0.0086 0.9988 0.0490
vn -0.0123 0.9988 0.0483
vn -0.0224 0.9979 0.0601
vn -0.0244 0.9981 0.0564
vn -0.0228 0.9982 0.0550
vn -0.0231 0.9990 0.0380
vn -0.0284 0.9988 0.0407
vn -0.0297 0.9994 0.0178
vn -0.0130 0.9997 0.0217
vn -0.0172 0.9995 0.0255
vn 0.0010 0.9997 0.0255
vn 0.0051 0.9995 0.0297
vn 0.0317 0.9992 0.0249
vn 0.0431 0.9985 0.0329
vn 0.0582 0.9980 0.0247
vn 0.0814 0.9960 0.0381
vn 0.1150 0.9929 0.0292
vn 0.1395 0.9890 0.0489
vn 0.1899 0.9811 0.0382
vn 0.1866 0.9795 0.0757
vn 0.1587 0.9858 0.0540
vn 0.1605 0.9820 0.0999
vn 0.2064 0.9755 0.0763
vn 0.2061 0.9749 0.0848
vn 0.2821 0.9561 0.0795
vn 0.2739 0.9595 0.0654
vn 0.3250 0.9418 0.0863
vn 0.3676 0.9281 0.0587
vn 0.3593 0.9331 -0.0154
vn 0.4524 0.8902 -0.0539
vn 0.5052 0.8630 -0.0104
vn 0.4958 0.8684 -0.0071
vn 0.4956 0.8686 0.0004
vn 0.4836 0.8752 -0.0130
vn 0.5114 0.8593 0.0101
vn 0.4999 0.8646 0.0503
vn 0.4894 0.8713 0.0371
vn 0.4860 0.8721 0.0573
vn 0.4650 0.8824 0.0720
vn 0.4647 0.8823 0.0746
vn 0.4423 0.8935 0.0782
vn 0.4444 0.8921 0.0817
vn 0.3333 0.9390 0.0848
vn 0.3374 0.9387 0.0702
vn 0.2684 0.9600 0.0801
vn 0.2725 0.9609 0.0489
vn 0.2938 0.9536 0.0662
vn 0.3477 0.9359 0.0562
vn 0.3396 0.9394 0.0456
vn 0.4459 0.8935 0.0533
vn 0.4420 0.8948 0.0623
vn 0.4723 0.8792 0.0623
vn 0.4694 0.8811 0.0579
vn 0.4762 0.8785 0.0379
vn 0.4706 0.8818 0.0302
vn 0.4759 0.8794 -0.0099
vn 0.4448 0.8956 -0.0020
vn 0.4533 0.8909 -0.0307
vn 0.4427 0.8955 -0.0459
vn 0.4907 0.8703 -0.0423
vn 0.4795 0.8771 -0.0287
vn 0.3598 0.9319 -0.0454
vn 0.3496 0.9362 -0.0347
vn 0.2747 0.9605 -0.0436
vn 0.2797 0.9594 -0.0376
vn 0.2045 0.9783 -0.0319
vn 0.1986 0.9794 -0.0369
vn 0.1424 0.9894 -0.0296
vn 0.1326 0.9905 -0.0359
vn 0.0855 0.9959 -0.0307
vn 0.0898 0.9953 -0.0359
vn 0.0482 0.9982 -0.0370
vn 0.0505 0.9981 -0.0342
vn 0.0204 0.9990 -0.0389
vn 0.0209 0.9997 -0.0140
vn 0.0174 0.9997 -0.0169
vn -0.0135 0.9998 -0.0140
vn -0.0019 0.9995 -0.0315
vn -0.0059 0.9992 -0.0389
vn -0.0027 0.9991 -0.0429
vn -0.0163 0.9990 -0.0417
vn -0.0192 0.9988 -0.0446
vn -0.0270 0.9987 -0.0431
vn -0.0258 0.9986 -0.0468
vn -0.0294 0.9986 -0.0447
vn -0.0303 0.9990 -0.0314
vn -0.0320 0.9991 -0.0278
vn -0.0342 0.9990 -0.0289
vn -0.0416 0.9991 -0.0123
vn -0.0402 0.9991 -0.0136
vn -0.0346 0.9994 -0.0095
vn -0.0419 0.9990 0.0123
vn -0.0414 0.9991 0.0120
vn -0.0429 0.9990 0.0092
vn -0.0387 0.9987 0.0334
vn -0.0437 0.9983 0.0376
vn -0.0507 0.9983 0.0302
vn -0.0437 0.9978 0.0498
vn -0.0260 0.9996 -0.0118
vn -0.0313 0.9995 -0.0081
vn -0.0261 0.9992 -0.0288
vn -0.0253 0.9993 -0.0281
vn -0.0085 0.9999 -0.0054
vn 0.0094 0.9999 -0.0039
vn 0.0446 0.9990 0.0025
vn 0.0425 0.9989 -0.0218
vn 0.0179 0.9991 -0.0373
vn 0.0428 0.9989 -0.0216
vn 0.0926 0.9955 -0.0194
vn 0.0974 0.9950 -0.0235
vn 0.0982 0.9949 0.0221
vn 0.1323 0.9912 -0.0053
vn 0.1401 0.9901 -0.0092
vn 0.1395 0.9902 0.0044
vn 0.2014 0.9793 0.0178
vn 0.2185 0.9758 0.0089
vn 0.2556 0.9662 0.0332
vn 0.2545 0.9669 -0.0167
vn 0.2016 0.9795 0.0035
vn 0.1933 0.9811 -0.0045
vn 0.2743 0.9617 0.0005
vn 0.3456 0.9383 -0.0132
vn 0.3351 0.9420 0.0175
vn 0.4343 0.9001 0.0355
vn 0.3731 0.9278 0.0071
vn 0.4188 0.9079 -0.0207
vn 0.4837 0.8752 -0.0038
vn 0.4349 0.8998 0.0345
vn 0.3454 0.9377 0.0363
vn 0.2905 0.9567 0.0154
vn 0.3423 0.9365 0.0758
vn 0.4458 0.8926 0.0679
vn 0.4671 0.8807 0.0785
vn 0.4542 0.8884 0.0664
vn 0.5178 0.8538 0.0540
vn 0.4644 0.8788 0.1099
vn 0.3252 0.9426 0.0759
vn 0.2459 0.9655 0.0855
vn 0.2509 0.9635 0.0938
vn 0.1142 0.9906 0.0749
vn 0.1150 0.9904 0.0772
vn 0.0666 0.9953 0.0704
vn 0.0674 0.9957 0.0640
vn 0.0658 0.9957 0.0650
vn 0.0616 0.9965 0.0571
vn 0.0994 0.9934 0.0566
vn 0.0231 0.9981 0.0579
vn 0.0273 0.9983 0.0515
vn -0.0003 0.9990 0.0436
vn 0.0009 0.9980 0.0636
vn 0.0227 0.9981 0.0574
vn 0.0232 0.9976 0.0657
vn 0.0968 0.9918 0.0832
vn 0.2523 0.9655 0.0646
vn 0.2230 0.9728 0.0626
vn 0.1463 0.9892 0.0110
vn 0.1108 0.9916 0.0666
vn 0.0865 0.9962 0.0116
vn 0.0667 0.9965 0.0505
vn 0.0379 0.9992 0.0084
vn 0.0231 0.9988 0.0440
vn 0.0167 0.9998 0.0082
vn 0.0006 0.9991 0.0429
vn -0.0194 0.9998 0.0068
vn -0.0240 0.9996 0.0135
vn -0.0368 0.9987 0.0362
vn -0.0384 0.9979 0.0520
vn -0.0158 0.9990 0.0429
vn -0.0336 0.9982 0.0498
vn -0.0046 0.9983 0.0580
vn -0.0219 0.9997 0.0108
vn -0.0040 0.9984 0.0571
vn 0.0355 0.9978 0.0561
vn 0.0618 0.9980 0.0120
vn 0.0596 0.9963 0.0615
vn 0.0999 0.9950 0.0073
vn 0.1212 0.9902 0.0698
vn 0.2148 0.9766 0.0118
vn 0.2016 0.9762 0.0799
vn 0.3060 0.9520 -0.0081
vn 0.3584 0.9334 -0.0162
vn 0.4540 0.8910 -0.0069
vn 0.4833 0.8754 0.0028
vn 0.4552 0.8904 0.0011
vn 0.3488 0.9371 0.0081
vn 0.2824 0.9593 0.0044
vn 0.1972 0.9804 -0.0050
vn 0.0997 0.9950 0.0071
vn 0.0572 0.9983 0.0076
vn 0.0267 0.9996 0.0114
vn -0.0016 1.0000 0.0047
vn -0.0048 0.9999 0.0097
vn 0.0205 0.9996 -0.0195
vn 0.0217 0.9997 -0.0117
vn 0.0565 0.9982 -0.0189
vn 0.0563 0.9983 -0.0114
vn 0.0973 0.9951 -0.0190
vn 0.0991 0.9950 -0.0120
vn 0.1791 0.9837 -0.0147
vn 0.1890 0.9819 -0.0132
vn 0.2764 0.9609 -0.0179
vn 0.2800 0.9599 -0.0130
vn 0.3421 0.9395 -0.0183
vn 0.3454 0.9384 -0.0133
vn 0.4459 0.8951 0.0005
vn 0.4752 0.8798 -0.0065
vn 0.4483 0.8937 -0.0170
vn 0.2759 0.9610 -0.0186
vn 0.1776 0.9840 -0.0169
vn 0.0994 0.9949 -0.0160
vn 0.0565 0.9982 -0.0190
vn 0.0207 0.9996 -0.0191
vn -0.0071 0.9998 -0.0193
vn -0.0270 0.9995 -0.0189
vn -0.0272 0.9994 -0.0191
vn -0.0404 0.9990 -0.0184
vn -0.0274 0.9995 -0.0161
vn -0.0458 0.9988 -0.0188
vn -0.0384 0.9991 -0.0175
vn -0.0260 0.9996 0.0088
vn -0.0386 0.9992 0.0096
vn -0.0234 0.9997 0.0098
vn -0.0360 0.9976 0.0598
vn -0.0244 0.9982 0.0549
vn -0.0448 0.9977 0.0504
vn -0.0120 0.9971 -0.0745
vn -0.0155 0.9974 -0.0698
vn -0.0158 0.9974 -0.0707
vn -0.0175 0.9975 -0.0680
vn -0.0264 0.9973 -0.0689
vn -0.0252 0.9974 -0.0668
vn -0.0314 0.9972 -0.0683
vn -0.0336 0.9973 -0.0660
vn -0.0292 0.9973 -0.0668
vn -0.0290 0.9972 -0.0688
vn -0.0283 0.9972 -0.0699
vn -0.0231 0.9973 -0.0698
vn -0.0213 0.9971 -0.0735
vn -0.0207 0.9971 -0.0730
vn -0.0275 0.9970 -0.0723
vn -0.0278 0.9970 -0.0717
vn -0.0277 0.9970 -0.0724
vn -0.0273 0.9969 -0.0743
vn -0.0259 0.9968 -0.0759
vn -0.0246 0.9969 -0.0748
vn -0.0246 0.9968 -0.0766
vn -0.0237 0.9967 -0.0773
vn -0.0150 0.9969 -0.0768
vn -0.0186 0.9966 -0.0796
vn -0.0087 0.9969 -0.0784
vn -0.0035 0.9967 -0.0813
vn 0.0069 0.9969 -0.0781
vn 0.0064 0.9966 -0.0816
vn 0.0158 0.9969 -0.0771
vn 0.0334 0.9959 -0.0843
vn 0.0304 0.9957 -0.0874
vn 0.0614 0.9941 -0.0891
vn 0.0572 0.9938 -0.0951
vn 0.0900 0.9914 -0.0948
vn 0.0992 0.9895 -0.1052
vn 0.1034 0.9901 -0.0953
vn 0.1146 0.9879 -0.1044
vn 0.1505 0.9833 -0.1022
vn 0.1654 0.9794 -0.1159
vn 0.2047 0.9725 -0.1109
vn 0.2012 0.9715 -0.1256
vn 0.1887 0.9757 -0.1117
vn 0.1837 0.9746 -0.1278
vn 0.1581 0.9816 -0.1074
vn 0.1568 0.9790 -0.1302
vn 0.1094 0.9881 -0.1078
vn 0.1065 0.9870 -0.1203
vn 0.0968 0.9888 -0.1133
vn 0.0530 0.9934 -0.1018
vn 0.0694 0.9937 -0.0881
vn 0.0419 0.9951 -0.0895
vn 0.0289 0.9963 -0.0814
vn 0.0233 0.9962 -0.0837
vn 0.0093 0.9971 -0.0754
vn 0.0017 0.9970 -0.0771
vn 0.0225 0.9965 -0.0804
vn 0.0446 0.9953 -0.0862
vn 0.0480 0.9945 -0.0934
vn 0.0806 0.9921 -0.0960
vn 0.0765 0.9919 -0.1014
vn 0.0230 0.9965 -0.0798
vn 0.0070 0.9969 -0.0788
vn 0.0075 0.9970 -0.0775
vn -0.0055 0.9968 -0.0798
vn 0.0264 0.9960 -0.0857
vn 0.0418 0.9952 -0.0888
vn 0.0691 0.9934 -0.0916
vn 0.1587 0.9810 -0.1113
vn 0.1442 0.9813 -0.1274
vn 0.1971 0.9720 -0.1278
vn 0.1795 0.9713 -0.1561
vn 0.2117 0.9657 -0.1503
vn 0.2675 0.9440 -0.1931
vn 0.2659 0.9465 -0.1830
vn 0.2830 0.9439 -0.1705
vn 0.2841 0.9496 -0.1325
vn 0.3262 0.9302 -0.1684
vn 0.3398 0.9300 -0.1399
vn 0.3468 0.9258 -0.1504
vn 0.3588 0.9258 -0.1190
vn 0.2901 0.9470 -0.1381
vn 0.2550 0.9600 -0.1158
vn 0.3947 0.9057 -0.1549
vn 0.4168 0.8973 -0.1456
vn 0.4053 0.9036 -0.1388
vn 0.4168 0.8947 -0.1607
vn 0.3643 0.9100 -0.1982
vn 0.3652 0.9114 -0.1897
vn 0.2524 0.9575 -0.1395
vn 0.3366 0.9268 -0.1666
vn 0.3194 0.9248 -0.2067
vn 0.2270 0.9634 -0.1425
vn 0.2198 0.9667 -0.1307
vn 0.3065 0.9327 -0.1900
vn 0.2939 0.9296 -0.2223
vn 0.3157 0.9236 -0.2174
vn 0.2537 0.9468 -0.1980
vn 0.2040 0.9677 -0.1484
vn 0.1084 0.9882 -0.1083
vn 0.1088 0.9891 -0.0993
vn 0.1643 0.9785 -0.1248
vn 0.1303 0.9848 -0.1151
vn 0.2377 0.9638 -0.1207
vn 0.2593 0.9571 -0.1296
vn 0.2242 0.9661 -0.1283
vn 0.1480 0.9822 -0.1156
vn 0.1332 0.9858 -0.1021
vn 0.0862 0.9909 -0.1032
vn 0.0526 0.9948 -0.0873
vn 0.0649 0.9933 -0.0956
vn 0.0721 0.9934 -0.0892
vn 0.0281 0.9961 -0.0831
vn 0.0341 0.9956 -0.0876
vn 0.0384 0.9959 -0.0820
vn 0.0142 0.9963 -0.0845
vn -0.0046 0.9972 -0.0745
vn 0.0137 0.9963 -0.0849
vn -0.0086 0.9970 -0.0767
vn -0.0185 0.9969 -0.0764
vn -0.0233 0.9968 -0.0762
vn -0.0208 0.9970 -0.0748
vn -0.0279 0.9972 -0.0696
vn -0.0060 0.9976 -0.0697
vn -0.0235 0.9972 -0.0704
vn -0.0115 0.9972 -0.0735
vn 0.0025 0.9973 -0.0735
vn 0.2907 0.9486 -0.1251
vn 0.3142 0.9378 -0.1475
vn 0.3222 0.9395 -0.1166
vn 0.3275 0.9368 -0.1234
vn 0.3333 0.9359 -0.1140
vn 0.2644 0.9587 -0.1051
vn 0.2711 0.9574 -0.0993
vn 0.2104 0.9722 -0.1028
vn 0.1821 0.9798 -0.0831
vn 0.1827 0.9770 -0.1100
vn 0.1393 0.9864 -0.0878
vn 0.1172 0.9884 -0.0971
vn 0.0887 0.9928 -0.0805
vn 0.0807 0.9930 -0.0866
vn 0.0427 0.9957 -0.0825
vn 0.0441 0.9958 -0.0807
vn 0.0135 0.9969 -0.0774
vn 0.0148 0.9966 -0.0809
vn 0.0169 0.9967 -0.0791
vn 0.0166 0.9964 -0.0829
vn 0.0420 0.9956 -0.0833
vn 0.0384 0.9955 -0.0866
vn 0.0721 0.9936 -0.0875
vn 0.0137 0.9967 -0.0799
vn -0.0035 0.9967 -0.0811
vn -0.0017 0.9969 -0.0791
vn -0.0150 0.9969 -0.0773
vn -0.0164 0.9968 -0.0782
vn -0.0234 0.9968 -0.0768
vn -0.0233 0.9968 -0.0770
vn -0.0240 0.9967 -0.0772
vn -0.0240 0.9968 -0.0766
vn -0.0241 0.9968 -0.0761
vn -0.0250 0.9968 -0.0766
vn -0.0244 0.9969 -0.0745
vn -0.0255 0.9969 -0.0738
vn -0.0189 0.9970 -0.0746
vn -0.0193 0.9970 -0.0748
vn -0.0049 0.9973 -0.0739
vn -0.0058 0.9969 -0.0785
vn -0.0034 0.9972 -0.0751
vn -0.0028 0.9976 -0.0697
vn 0.0118 0.9970 -0.0759
vn 0.0101 0.9982 -0.0590
vn -0.0047 0.9979 -0.0639
vn -0.0063 0.9980 -0.0631
vn -0.0151 0.9976 -0.0671
vn -0.0178 0.9977 -0.0656
vn -0.0201 0.9974 -0.0698
vn -0.0264 0.9974 -0.0668
vn -0.0270 0.9974 -0.0662
vn -0.0246 0.9972 -0.0708
vn -0.0260 0.9971 -0.0719
vn -0.0262 0.9971 -0.0715
vn -0.0243 0.9976 -0.0650
vn -0.0256 0.9980 -0.0582
vn -0.0263 0.9980 -0.0569
vn -0.0259 0.9981 -0.0566
vn -0.0164 0.9983 -0.0563
vn -0.0165 0.9983 -0.0564
vn -0.0029 0.9984 -0.0560
vn -0.0028 0.9984 -0.0561
vn 0.0182 0.9984 -0.0538
vn 0.0179 0.9984 -0.0535
vn 0.0547 0.9971 -0.0521
vn 0.0482 0.9979 -0.0433
vn 0.0898 0.9946 -0.0516
vn 0.1061 0.9937 -0.0359
vn 0.1423 0.9885 -0.0519
vn 0.1644 0.9857 -0.0372
vn 0.2043 0.9775 -0.0532
vn 0.2105 0.9764 -0.0476
vn 0.2745 0.9600 -0.0559
vn 0.2796 0.9587 -0.0514
vn 0.3490 0.9352 -0.0608
vn 0.3489 0.9352 -0.0609
vn 0.4516 0.8895 -0.0698
vn 0.4354 0.8953 -0.0944
vn 0.5090 0.8559 -0.0915
vn 0.4899 0.8707 -0.0439
vn 0.4807 0.8642 -0.1487
vn 0.4544 0.8850 -0.1018
vn 0.4494 0.8852 -0.1204
vn 0.4247 0.8983 -0.1127
vn 0.4257 0.8980 -0.1115
vn 0.3466 0.9333 -0.0943
vn 0.3458 0.9335 -0.0951
vn 0.2842 0.9534 -0.1010
vn 0.2932 0.9536 -0.0687
vn 0.3439 0.9348 -0.0885
vn 0.4255 0.8976 -0.1150
vn 0.4159 0.8997 -0.1325
vn 0.4381 0.8898 -0.1274
vn 0.4369 0.8882 -0.1423
vn 0.4137 0.9010 -0.1308
vn 0.4122 0.8997 -0.1437
vn 0.4281 0.8925 -0.1422
vn 0.4095 0.8977 -0.1628
vn 0.4300 0.8904 -0.1492
vn 0.4455 0.8851 -0.1346
vn 0.4473 0.8860 -0.1219
vn 0.4241 0.8994 -0.1058
vn 0.4342 0.8961 -0.0916
vn 0.3496 0.9332 -0.0836
vn 0.2805 0.9567 -0.0773
vn 0.2125 0.9750 -0.0644
vn 0.2179 0.9722 -0.0854
vn 0.1470 0.9870 -0.0648
vn 0.1365 0.9879 -0.0740
vn 0.0832 0.9940 -0.0716
vn 0.0869 0.9945 -0.0584
vn 0.0764 0.9950 -0.0650
vn 0.0775 0.9935 -0.0836
vn 0.0408 0.9965 -0.0725
vn 0.0426 0.9963 -0.0750
vn 0.0442 0.9973 -0.0585
vn 0.1353 0.9891 -0.0588
vn 0.2144 0.9748 -0.0621
vn 0.1589 0.9845 -0.0746
vn 0.1077 0.9914 -0.0742
vn 0.0520 0.9965 -0.0657
vn 0.0173 0.9978 -0.0637
vn 0.0165 0.9973 -0.0719
vn -0.0049 0.9975 -0.0711
vn -0.0189 0.9973 -0.0709
vn -0.0261 0.9969 -0.0749
vn -0.0185 0.9969 -0.0765
vn -0.0168 0.9970 -0.0753
vn -0.0022 0.9971 -0.0763
vn 0.0169 0.9972 -0.0727
vn 0.0419 0.9962 -0.0760
vn 0.0422 0.9958 -0.0818
vn 0.0787 0.9935 -0.0823
vn 0.0877 0.9908 -0.1033
vn 0.1147 0.9887 -0.0962
vn 0.1203 0.9896 -0.0789
vn 0.1355 0.9846 -0.1105
vn 0.1758 0.9791 -0.1027
vn 0.1654 0.9792 -0.1179
vn 0.2246 0.9679 -0.1124
vn 0.1809 0.9771 -0.1118
vn 0.2445 0.9635 -0.1094
vn 0.1488 0.9837 -0.1004
vn 0.2100 0.9733 -0.0929
vn 0.2720 0.9582 -0.0888
vn 0.3417 0.9314 -0.1255
vn 0.4146 0.9007 -0.1299
vn 0.2652 0.9555 -0.1289
vn 0.4012 0.9065 -0.1319
vn 0.2380 0.9624 -0.1307
vn 0.0467 0.9978 0.0468
vn 0.0450 0.9973 0.0576
vn 0.0322 0.9984 0.0463
vn 0.0479 0.9977 0.0471
vn 0.0363 0.9993 0.0122
vn 0.0234 0.9997 0.0098
vn 0.0234 0.9997 0.0105
vn 0.0047 1.0000 0.0082
vn 0.0048 0.9999 0.0097
vn -0.0216 0.9997 0.0083
vn -0.0222 0.9997 -0.0109
vn -0.0563 0.9983 -0.0114
vn -0.0563 0.9984 -0.0101
vn -0.0971 0.9952 -0.0095
vn -0.0973 0.9951 -0.0190
vn -0.1776 0.9840 -0.0169
vn -0.1772 0.9842 0.0022
vn -0.2738 0.9616 -0.0209
vn -0.2759 0.9610 -0.0177
vn -0.3422 0.9394 -0.0210
vn -0.4201 0.9073 -0.0205
vn -0.4468 0.8942 0.0267
vn -0.5005 0.8653 0.0274
vn -0.4776 0.8785 -0.0142
vn -0.4773 0.8787 -0.0029
vn -0.4563 0.8898 -0.0031
vn -0.4554 0.8901 0.0164
vn -0.3446 0.9386 0.0162
vn -0.3414 0.9399 0.0112
vn -0.3421 0.9395 -0.0183
vn -0.2794 0.9601 0.0110
vn -0.2758 0.9612 0.0059
vn -0.2764 0.9609 -0.0179
vn -0.1886 0.9820 0.0063
vn -0.1790 0.9838 -0.0070
vn -0.1890 0.9819 -0.0132
vn -0.0994 0.9950 -0.0116
vn -0.0991 0.9950 -0.0120
vn -0.0990 0.9951 0.0067
vn -0.0571 0.9983 0.0093
vn -0.0560 0.9984 0.0080
vn -0.0572 0.9983 0.0076
vn -0.0267 0.9996 0.0114
vn -0.0232 0.9997 0.0079
vn -0.0268 0.9996 0.0085
vn -0.0055 0.9999 0.0116
vn 0.0016 1.0000 0.0047
vn 0.0086 0.9988 0.0490
vn 0.0123 0.9988 0.0483
vn 0.0224 0.9979 0.0601
vn 0.0244 0.9981 0.0564
vn 0.0228 0.9982 0.0550
vn 0.0336 0.9982 0.0498
vn 0.0384 0.9979 0.0520
vn 0.0368 0.9987 0.0362
vn 0.0437 0.9983 0.0376
vn 0.0387 0.9987 0.0334
vn 0.0429 0.9990 0.0092
vn 0.0414 0.9991 0.0120
vn 0.0419 0.9990 0.0123
vn 0.0346 0.9994 -0.0095
vn 0.0402 0.9991 -0.0136
vn 0.0416 0.9991 -0.0123
vn 0.0342 0.9990 -0.0289
vn 0.0320 0.9991 -0.0278
vn 0.0303 0.9990 -0.0314
vn 0.0294 0.9986 -0.0447
vn 0.0270 0.9987 -0.0431
vn 0.0258 0.9986 -0.0468
vn 0.0192 0.9988 -0.0446
vn 0.0163 0.9990 -0.0417
vn 0.0027 0.9991 -0.0429
vn 0.0059 0.9992 -0.0389
vn 0.0019 0.9995 -0.0315
vn 0.0135 0.9998 -0.0140
vn 0.0085 0.9999 -0.0054
vn 0.0194 0.9998 0.0068
vn -0.0167 0.9998 0.0082
vn -0.0094 0.9999 -0.0039
vn -0.0446 0.9990 0.0025
vn -0.0425 0.9989 -0.0218
vn -0.0209 0.9997 -0.0140
vn -0.0204 0.9990 -0.0389
vn -0.0505 0.9981 -0.0342
vn -0.0482 0.9982 -0.0370
vn -0.0898 0.9953 -0.0359
vn -0.0855 0.9959 -0.0307
vn -0.0926 0.9955 -0.0194
vn -0.0974 0.9950 -0.0235
vn -0.0982 0.9949 0.0221
vn -0.1463 0.9892 0.0110
vn -0.1395 0.9890 0.0489
vn -0.1899 0.9811 0.0382
vn -0.1866 0.9795 0.0757
vn -0.2523 0.9655 0.0646
vn -0.2459 0.9655 0.0855
vn -0.3252 0.9426 0.0759
vn -0.3333 0.9390 0.0848
vn -0.3374 0.9387 0.0702
vn -0.3423 0.9365 0.0758
vn -0.4459 0.8925 0.0679
vn -0.4421 0.8948 0.0622
vn -0.4727 0.8790 0.0622
vn -0.4695 0.8811 0.0574
vn -0.4762 0.8785 0.0378
vn -0.4350 0.8998 0.0345
vn -0.4343 0.9001 0.0355
vn -0.4188 0.9079 -0.0207
vn -0.3731 0.9278 0.0071
vn -0.3456 0.9383 -0.0132
vn -0.2743 0.9617 0.0005
vn -0.2545 0.9669 -0.0167
vn -0.2556 0.9662 0.0332
vn -0.2905 0.9567 0.0154
vn -0.3454 0.9377 0.0363
vn -0.3396 0.9394 0.0456
vn -0.2938 0.9536 0.0662
vn -0.2725 0.9609 0.0489
vn -0.2185 0.9758 0.0089
vn -0.2014 0.9793 0.0178
vn -0.2016 0.9795 0.0035
vn -0.1401 0.9901 -0.0092
vn -0.1933 0.9811 -0.0045
vn -0.1986 0.9794 -0.0369
vn -0.1424 0.9894 -0.0296
vn -0.2045 0.9783 -0.0319
vn -0.2797 0.9594 -0.0376
vn -0.2747 0.9605 -0.0436
vn -0.3496 0.9362 -0.0347
vn -0.3598 0.9319 -0.0454
vn -0.4533 0.8909 -0.0307
vn -0.4427 0.8955 -0.0459
vn -0.4907 0.8703 -0.0423
vn -0.4795 0.8771 -0.0287
vn -0.4837 0.8752 -0.0038
vn -0.4759 0.8794 -0.0099
vn -0.4448 0.8956 -0.0020
vn -0.3351 0.9420 0.0175
vn -0.4706 0.8818 0.0302
vn -0.4698 0.8799 0.0712
vn -0.4714 0.8789 0.0736
vn -0.4712 0.8788 0.0751
vn -0.4851 0.8720 0.0654
vn -0.4897 0.8711 0.0377
vn -0.4999 0.8646 0.0504
vn -0.5178 0.8538 0.0541
vn -0.5052 0.8630 -0.0104
vn -0.4958 0.8684 -0.0071
vn -0.4956 0.8686 0.0004
vn -0.4836 0.8752 -0.0130
vn -0.4833 0.8754 0.0028
vn -0.4800 0.8773 -0.0016
vn -0.4798 0.8774 0.0043
vn -0.4757 0.8796 -0.0017
vn -0.4756 0.8796 0.0014
vn -0.4750 0.8800 0.0003
vn -0.4554 0.8903 -0.0009
vn -0.4467 0.8946 -0.0141
vn -0.3462 0.9381 -0.0123
vn -0.3457 0.9383 0.0043
vn -0.2823 0.9593 0.0076
vn -0.2800 0.9600 0.0051
vn -0.2804 0.9598 -0.0124
vn -0.1969 0.9804 0.0096
vn -0.1901 0.9818 0.0021
vn -0.1972 0.9804 -0.0050
vn -0.0999 0.9950 0.0073
vn -0.0997 0.9950 0.0071
vn -0.0999 0.9950 0.0047
vn -0.0745 0.9972 0.0092
vn -0.0621 0.9981 -0.0022
vn -0.0596 0.9963 0.0615
vn -0.0355 0.9978 0.0561
vn -0.0232 0.9976 0.0657
vn -0.0227 0.9981 0.0574
vn -0.0009 0.9980 0.0636
vn 0.0003 0.9990 0.0436
vn -0.0006 0.9991 0.0429
vn 0.0158 0.9990 0.0429
vn 0.0172 0.9995 0.0255
vn -0.0010 0.9997 0.0255
vn -0.0273 0.9983 0.0515
vn -0.0231 0.9988 0.0440
vn -0.0667 0.9965 0.0505
vn -0.0582 0.9980 0.0247
vn -0.0431 0.9985 0.0329
vn -0.0814 0.9960 0.0381
vn -0.0616 0.9965 0.0571
vn -0.0994 0.9934 0.0566
vn -0.1108 0.9916 0.0666
vn -0.0968 0.9918 0.0832
vn -0.1142 0.9906 0.0749
vn -0.1605 0.9820 0.0999
vn -0.2064 0.9755 0.0763
vn -0.2061 0.9749 0.0848
vn -0.2821 0.9561 0.0795
vn -0.3060 0.9520 -0.0081
vn -0.3584 0.9334 -0.0162
vn -0.3575 0.9339 0.0105
vn -0.4554 0.8903 -0.0054
vn -0.3491 0.9371 0.0016
vn -0.2859 0.9582 0.0081
vn -0.3593 0.9331 -0.0154
vn -0.3676 0.9281 0.0587
vn -0.2890 0.9570 -0.0259
vn -0.2252 0.9741 -0.0196
vn -0.2148 0.9762 -0.0291
vn -0.2739 0.9595 0.0654
vn -0.2016 0.9762 0.0799
vn -0.1212 0.9902 0.0698
vn -0.1150 0.9904 0.0772
vn -0.0674 0.9957 0.0640
vn -0.0658 0.9957 0.0650
vn -0.0317 0.9992 0.0249
vn -0.0231 0.9981 0.0579
vn -0.0666 0.9953 0.0704
vn -0.1010 0.9949 0.0055
vn -0.2148 0.9766 0.0118
vn -0.2824 0.9593 0.0044
vn -0.3488 0.9371 0.0081
vn -0.4552 0.8904 0.0011
vn -0.4551 0.8904 0.0009
vn -0.4540 0.8910 -0.0069
vn -0.4524 0.8902 -0.0539
vn -0.4645 0.8787 0.1100
vn -0.5114 0.8593 0.0101
vn -0.4543 0.8884 0.0664
vn -0.4459 0.8935 0.0533
vn -0.4424 0.8934 0.0782
vn -0.3477 0.9359 0.0562
vn -0.4445 0.8920 0.0817
vn -0.3250 0.9418 0.0863
vn -0.2509 0.9635 0.0938
vn -0.2684 0.9600 0.0801
vn -0.1587 0.9858 0.0540
vn -0.2230 0.9728 0.0626
vn -0.1150 0.9929 0.0292
vn -0.1395 0.9902 0.0044
vn -0.0865 0.9962 0.0116
vn -0.1323 0.9912 -0.0053
vn -0.1326 0.9905 -0.0359
vn -0.0428 0.9989 -0.0216
vn -0.0379 0.9992 0.0084
vn -0.0051 0.9995 0.0297
vn 0.0130 0.9997 0.0217
vn 0.0297 0.9994 0.0178
vn 0.0313 0.9995 -0.0081
vn -0.0174 0.9997 -0.0169
vn -0.0179 0.9991 -0.0373
vn 0.0253 0.9993 -0.0281
vn 0.0261 0.9992 -0.0288
vn 0.0260 0.9996 -0.0118
vn 0.0240 0.9996 0.0135
vn 0.0507 0.9983 0.0302
vn 0.0437 0.9978 0.0498
vn 0.0284 0.9988 0.0407
vn 0.0231 0.9990 0.0380
vn 0.0046 0.9983 0.0580
vn 0.0040 0.9984 0.0571
vn -0.0259 0.9996 0.0078
vn -0.0618 0.9980 0.0120
vn -0.0997 0.9950 0.0075
vn -0.1904 0.9816 -0.0115
vn -0.2800 0.9599 -0.0130
vn -0.3454 0.9384 -0.0133
vn -0.4459 0.8951 0.0005
vn -0.4752 0.8798 -0.0065
vn -0.4483 0.8937 -0.0170
vn -0.2759 0.9610 -0.0186
vn -0.1827 0.9831 0.0087
vn -0.0995 0.9948 -0.0203
vn -0.1002 0.9948 -0.0190
vn -0.0565 0.9982 -0.0198
vn -0.0207 0.9996 -0.0189
vn -0.0204 0.9996 -0.0195
vn 0.0071 0.9998 -0.0185
vn 0.0076 0.9998 -0.0192
vn 0.0273 0.9995 -0.0177
vn 0.0282 0.9994 -0.0191
vn 0.0413 0.9990 -0.0160
vn 0.0432 0.9989 -0.0189
vn 0.0511 0.9986 -0.0137
vn 0.0466 0.9987 -0.0188
vn 0.0464 0.9988 -0.0186
vn 0.0462 0.9988 -0.0188
vn 0.0458 0.9988 -0.0179
vn 0.0456 0.9988 -0.0176
vn 0.0454 0.9988 -0.0179
vn 0.0458 0.9988 -0.0188
vn 0.0455 0.9988 -0.0183
vn 0.0450 0.9988 -0.0188
vn 0.0333 0.9994 0.0091
vn 0.0373 0.9993 0.0022
vn 0.0453 0.9989 0.0091
vn 0.0453 0.9989 0.0090
vn 0.0454 0.9989 0.0091
vn 0.0436 0.9990 0.0117
vn 0.0451 0.9989 0.0100
vn 0.0468 0.9988 0.0117
vn 0.0392 0.9992 0.0089
vn 0.0393 0.9992 0.0091
vn 0.0260 0.9996 0.0088
vn 0.0225 0.9997 -0.0132
vn 0.0060 0.9999 -0.0133
vn 0.0061 0.9999 -0.0126
vn -0.0203 0.9997 -0.0125
vn -0.0205 0.9996 -0.0195
vn -0.0216 0.9997 -0.0106
vn 0.0072 0.9999 -0.0143
vn 0.0069 0.9998 -0.0190
vn 0.0262 0.9996 -0.0143
vn 0.0274 0.9995 -0.0161
vn 0.0270 0.9995 -0.0189
vn 0.0394 0.9991 -0.0160
vn 0.0045 0.9999 -0.0113
vn 0.0258 0.9995 -0.0176
vn 0.0384 0.9991 -0.0175
vn 0.0255 0.9996 0.0094
vn 0.0386 0.9992 0.0096
vn 0.0445 0.9990 0.0022
vn 0.0389 0.9991 -0.0183
vn 0.0405 0.9990 -0.0177
vn 0.0404 0.9990 -0.0184
vn 0.0546 0.9983 -0.0188
vn 0.0409 0.9990 -0.0192
vn 0.0272 0.9994 -0.0191
vn 0.0071 0.9998 -0.0193
vn -0.0207 0.9996 -0.0191
vn -0.0565 0.9982 -0.0190
vn -0.0565 0.9982 -0.0189
vn -0.1791 0.9837 -0.0147
vn -0.0994 0.9949 -0.0160
vn -0.0990 0.9951 -0.0070
vn -0.0564 0.9983 -0.0113
vn -0.0217 0.9997 -0.0117
vn -0.0231 0.9997 0.0099
vn 0.0059 0.9999 0.0085
vn 0.0019 0.9999 0.0110
vn 0.0253 0.9996 0.0086
vn 0.0219 0.9997 0.0108
vn 0.0387 0.9992 0.0097
vn 0.0360 0.9976 0.0598
vn 0.0244 0.9982 0.0549
vn 0.0448 0.9977 0.0504
vn 0.0120 0.9971 -0.0745
vn 0.0115 0.9972 -0.0735
vn 0.0055 0.9968 -0.0798
vn -0.0075 0.9970 -0.0775
vn -0.0070 0.9969 -0.0788
vn -0.0230 0.9965 -0.0798
vn -0.0225 0.9965 -0.0804
vn -0.0233 0.9962 -0.0837
vn -0.0093 0.9971 -0.0754
vn -0.0017 0.9970 -0.0771
vn 0.0060 0.9976 -0.0697
vn 0.0158 0.9974 -0.0707
vn 0.0175 0.9975 -0.0680
vn 0.0264 0.9973 -0.0689
vn 0.0252 0.9974 -0.0668
vn 0.0235 0.9972 -0.0704
vn 0.0231 0.9973 -0.0698
vn 0.0283 0.9972 -0.0699
vn 0.0290 0.9972 -0.0688
vn 0.0292 0.9973 -0.0668
vn 0.0279 0.9972 -0.0696
vn 0.0278 0.9970 -0.0717
vn 0.0275 0.9970 -0.0723
vn 0.0207 0.9971 -0.0730
vn 0.0208 0.9970 -0.0748
vn 0.0185 0.9969 -0.0764
vn 0.0086 0.9970 -0.0767
vn 0.0087 0.9969 -0.0784
vn 0.0035 0.9967 -0.0813
vn -0.0069 0.9969 -0.0781
vn -0.0064 0.9966 -0.0816
vn -0.0158 0.9969 -0.0771
vn -0.0334 0.9959 -0.0843
vn -0.0304 0.9957 -0.0874
vn -0.0281 0.9961 -0.0831
vn -0.0614 0.9941 -0.0891
vn -0.0572 0.9938 -0.0951
vn -0.0526 0.9948 -0.0873
vn -0.0480 0.9945 -0.0934
vn -0.0806 0.9921 -0.0960
vn -0.0765 0.9919 -0.1014
vn -0.0691 0.9934 -0.0916
vn -0.0418 0.9952 -0.0888
vn -0.0419 0.9951 -0.0895
vn -0.0694 0.9937 -0.0881
vn -0.0530 0.9934 -0.1018
vn -0.0968 0.9888 -0.1133
vn -0.1065 0.9870 -0.1203
vn -0.1094 0.9881 -0.1078
vn -0.1568 0.9790 -0.1302
vn -0.1581 0.9816 -0.1074
vn -0.1303 0.9848 -0.1151
vn -0.1332 0.9858 -0.1021
vn -0.1480 0.9822 -0.1156
vn -0.1887 0.9757 -0.1117
vn -0.2012 0.9715 -0.1256
vn -0.2047 0.9725 -0.1109
vn -0.1654 0.9794 -0.1159
vn -0.2242 0.9661 -0.1283
vn -0.2550 0.9600 -0.1158
vn -0.2901 0.9470 -0.1381
vn -0.3588 0.9258 -0.1190
vn -0.3468 0.9258 -0.1504
vn -0.4168 0.8947 -0.1607
vn -0.3643 0.9100 -0.1982
vn -0.3652 0.9114 -0.1897
vn -0.3366 0.9268 -0.1666
vn -0.3194 0.9248 -0.2067
vn -0.3065 0.9327 -0.1900
vn -0.2939 0.9296 -0.2223
vn -0.3157 0.9236 -0.2174
vn -0.2537 0.9468 -0.1980
vn -0.2675 0.9440 -0.1931
vn -0.2117 0.9657 -0.1503
vn -0.1795 0.9713 -0.1561
vn -0.1971 0.9720 -0.1278
vn -0.1442 0.9813 -0.1274
vn -0.2040 0.9677 -0.1484
vn -0.2830 0.9439 -0.1705
vn -0.2841 0.9496 -0.1325
vn -0.2270 0.9634 -0.1425
vn -0.2377 0.9638 -0.1207
vn -0.2524 0.9575 -0.1395
vn -0.2198 0.9667 -0.1307
vn -0.2659 0.9465 -0.1830
vn -0.3262 0.9302 -0.1684
vn -0.4168 0.8973 -0.1456
vn -0.4053 0.9036 -0.1388
vn -0.3398 0.9300 -0.1399
vn -0.3947 0.9057 -0.1549
vn -0.2593 0.9571 -0.1296
vn -0.1505 0.9833 -0.1022
vn -0.1146 0.9879 -0.1044
vn -0.1034 0.9901 -0.0953
vn -0.0992 0.9895 -0.1052
vn -0.1088 0.9891 -0.0993
vn -0.1837 0.9746 -0.1278
vn -0.1643 0.9785 -0.1248
vn -0.1587 0.9810 -0.1113
vn -0.1084 0.9882 -0.1083
vn -0.0862 0.9909 -0.1032
vn -0.0900 0.9914 -0.0948
vn -0.0649 0.9933 -0.0956
vn -0.0721 0.9934 -0.0892
vn -0.0341 0.9956 -0.0876
vn -0.0384 0.9959 -0.0820
vn -0.0137 0.9963 -0.0849
vn 0.0186 0.9966 -0.0796
vn 0.0150 0.9969 -0.0768
vn 0.0237 0.9967 -0.0773
vn 0.0246 0.9968 -0.0766
vn 0.0246 0.9969 -0.0748
vn 0.0233 0.9968 -0.0762
vn 0.0259 0.9968 -0.0759
vn 0.0273 0.9969 -0.0743
vn 0.0277 0.9970 -0.0724
vn 0.0314 0.9972 -0.0683
vn 0.0336 0.9973 -0.0660
vn -0.0289 0.9963 -0.0814
vn -0.0446 0.9953 -0.0862
vn -0.0264 0.9960 -0.0857
vn -0.0142 0.9963 -0.0845
vn 0.0046 0.9972 -0.0745
vn 0.0213 0.9971 -0.0735
vn 0.0155 0.9974 -0.0698
vn -0.0025 0.9973 -0.0735
vn -0.2907 0.9486 -0.1251
vn -0.3142 0.9378 -0.1475
vn -0.4012 0.9065 -0.1319
vn -0.4122 0.8997 -0.1437
vn -0.4281 0.8925 -0.1422
vn -0.4300 0.8904 -0.1492
vn -0.4369 0.8882 -0.1423
vn -0.4381 0.8898 -0.1274
vn -0.4159 0.8997 -0.1325
vn -0.4255 0.8976 -0.1150
vn -0.4247 0.8983 -0.1127
vn -0.4494 0.8852 -0.1204
vn -0.4544 0.8850 -0.1018
vn -0.4807 0.8642 -0.1487
vn -0.5090 0.8559 -0.0915
vn -0.4899 0.8707 -0.0439
vn -0.4354 0.8953 -0.0944
vn -0.4516 0.8895 -0.0698
vn -0.3489 0.9352 -0.0609
vn -0.3496 0.9332 -0.0836
vn -0.2932 0.9536 -0.0687
vn -0.2842 0.9534 -0.1010
vn -0.3458 0.9335 -0.0951
vn -0.3466 0.9333 -0.0943
vn -0.2720 0.9582 -0.0888
vn -0.2711 0.9574 -0.0993
vn -0.2104 0.9722 -0.1028
vn -0.1821 0.9798 -0.0831
vn -0.1488 0.9837 -0.1004
vn -0.1470 0.9870 -0.0648
vn -0.2179 0.9722 -0.0854
vn -0.2125 0.9750 -0.0644
vn -0.2144 0.9748 -0.0621
vn -0.2105 0.9764 -0.0476
vn -0.2745 0.9600 -0.0559
vn -0.2796 0.9587 -0.0514
vn -0.2043 0.9775 -0.0532
vn -0.1644 0.9857 -0.0372
vn -0.1423 0.9885 -0.0519
vn -0.1061 0.9937 -0.0359
vn -0.0898 0.9946 -0.0516
vn -0.0482 0.9979 -0.0433
vn -0.0547 0.9971 -0.0521
vn -0.0520 0.9965 -0.0657
vn -0.0869 0.9945 -0.0584
vn -0.0832 0.9940 -0.0716
vn -0.0764 0.9950 -0.0650
vn -0.0775 0.9935 -0.0836
vn -0.0419 0.9962 -0.0760
vn -0.0426 0.9963 -0.0750
vn -0.0165 0.9973 -0.0719
vn -0.0118 0.9970 -0.0759
vn -0.0101 0.9982 -0.0590
vn 0.0047 0.9979 -0.0639
vn 0.0029 0.9984 -0.0560
vn 0.0028 0.9984 -0.0561
vn -0.0182 0.9984 -0.0538
vn 0.0165 0.9983 -0.0564
vn 0.0151 0.9976 -0.0671
vn 0.0178 0.9977 -0.0656
vn 0.0264 0.9974 -0.0668
vn 0.0243 0.9976 -0.0650
vn 0.0256 0.9980 -0.0582
vn 0.0263 0.9980 -0.0569
vn 0.0259 0.9981 -0.0566
vn 0.0270 0.9974 -0.0662
vn 0.0246 0.9972 -0.0708
vn 0.0260 0.9971 -0.0719
vn 0.0262 0.9971 -0.0715
vn 0.0261 0.9969 -0.0749
vn 0.0255 0.9969 -0.0738
vn 0.0244 0.9969 -0.0745
vn 0.0250 0.9968 -0.0766
vn 0.0241 0.9968 -0.0761
vn 0.0240 0.9968 -0.0766
vn 0.0240 0.9967 -0.0772
vn 0.0234 0.9968 -0.0768
vn 0.0233 0.9968 -0.0770
vn 0.0164 0.9968 -0.0782
vn 0.0168 0.9970 -0.0753
vn 0.0058 0.9969 -0.0785
vn 0.0022 0.9971 -0.0763
vn 0.0017 0.9969 -0.0791
vn 0.0035 0.9967 -0.0811
vn -0.0137 0.9967 -0.0799
vn -0.0166 0.9964 -0.0829
vn -0.0420 0.9956 -0.0833
vn -0.0422 0.9958 -0.0818
vn -0.0427 0.9957 -0.0825
vn -0.0807 0.9930 -0.0866
vn -0.0887 0.9928 -0.0805
vn -0.1172 0.9884 -0.0971
vn -0.1393 0.9864 -0.0878
vn -0.1355 0.9846 -0.1105
vn -0.1758 0.9791 -0.1027
vn -0.1654 0.9792 -0.1178
vn -0.2246 0.9679 -0.1124
vn -0.1809 0.9771 -0.1118
vn -0.2445 0.9635 -0.1094
vn -0.2652 0.9555 -0.1289
vn -0.1147 0.9887 -0.0962
vn -0.0877 0.9908 -0.1033
vn -0.0721 0.9936 -0.0875
vn -0.0384 0.9955 -0.0866
vn -0.0169 0.9967 -0.0791
vn -0.0148 0.9966 -0.0809
vn -0.0135 0.9969 -0.0774
vn 0.0049 0.9973 -0.0739
vn 0.0193 0.9970 -0.0748
vn 0.0034 0.9972 -0.0751
vn 0.0150 0.9969 -0.0773
vn 0.0185 0.9969 -0.0765
vn 0.0189 0.9970 -0.0746
vn 0.0189 0.9973 -0.0709
vn 0.0201 0.9974 -0.0698
vn 0.0049 0.9975 -0.0711
vn 0.0164 0.9983 -0.0563
vn 0.0063 0.9980 -0.0631
vn -0.0173 0.9978 -0.0636
vn 0.0028 0.9976 -0.0697
vn -0.0169 0.9972 -0.0727
vn -0.0441 0.9958 -0.0807
vn -0.0787 0.9935 -0.0823
vn -0.0408 0.9965 -0.0725
vn -0.0442 0.9973 -0.0585
vn -0.0179 0.9984 -0.0535
vn -0.1077 0.9914 -0.0742
vn -0.1353 0.9891 -0.0588
vn -0.1589 0.9845 -0.0746
vn -0.1365 0.9879 -0.0740
vn -0.1203 0.9896 -0.0789
vn -0.1827 0.9770 -0.1100
vn -0.2644 0.9587 -0.1051
vn -0.3333 0.9359 -0.1140
vn -0.3275 0.9368 -0.1234
vn -0.2100 0.9733 -0.0929
vn -0.2805 0.9567 -0.0773
vn -0.3439 0.9348 -0.0885
vn -0.3490 0.9352 -0.0608
vn -0.4342 0.8961 -0.0916
vn -0.4241 0.8994 -0.1058
vn -0.4473 0.8860 -0.1219
vn -0.4257 0.8980 -0.1115
vn -0.3417 0.9314 -0.1255
vn -0.4146 0.9007 -0.1299
vn -0.4455 0.8851 -0.1346
vn -0.4095 0.8977 -0.1628
vn -0.4137 0.9010 -0.1308
vn -0.3222 0.9395 -0.1166
vn -0.2380 0.9624 -0.1307
vn 0.9459 0.1967 -0.2581
vn 0.9357 0.1504 -0.3191
vn 0.9004 0.2981 -0.3168
vn 0.8850 0.2426 -0.3973
vn 0.8419 0.4149 -0.3452
vn 0.8564 0.3986 -0.3283
vn 0.8744 0.4264 -0.2316
vn 0.8699 0.4311 -0.2395
vn 0.8292 0.4997 -0.2506
vn 0.8269 0.5111 -0.2346
vn 0.7966 0.5195 -0.3090
vn 0.7760 0.5785 -0.2512
vn 0.7454 0.6125 -0.2633
vn 0.7148 0.6756 -0.1806
vn 0.6851 0.6975 -0.2101
vn 0.6448 0.7434 -0.1777
vn 0.6317 0.7486 -0.2015
vn 0.5974 0.7738 -0.2107
vn 0.5984 0.7736 -0.2083
vn 0.5910 0.7846 -0.1873
vn 0.5606 0.7772 -0.2857
vn 0.6852 0.6880 -0.2393
vn 0.7178 0.6387 -0.2773
vn 0.7275 0.6415 -0.2434
vn 0.6792 0.6769 -0.2837
vn 0.5989 0.7650 -0.2369
vn 0.6507 0.7398 -0.1712
vn 0.5773 0.7934 -0.1930
vn 0.5778 0.7883 -0.2115
vn 0.5389 0.8100 -0.2313
vn 0.5421 0.8087 -0.2283
vn 0.4608 0.8473 -0.2641
vn 0.4917 0.8395 -0.2314
vn 0.4249 0.8707 -0.2476
vn 0.4172 0.8704 -0.2613
vn 0.4787 0.8515 -0.2140
vn 0.4817 0.8482 -0.2203
vn 0.5030 0.8412 -0.1987
vn 0.5005 0.8450 -0.1882
vn 0.5084 0.8420 -0.1808
vn 0.5076 0.8436 -0.1752
vn 0.4733 0.8558 -0.2089
vn 0.4696 0.8605 -0.1976
vn 0.5283 0.8285 -0.1856
vn 0.5479 0.8114 -0.2037
vn 0.6233 0.7647 -0.1635
vn 0.6647 0.7221 -0.1915
vn 0.7265 0.6664 -0.1676
vn 0.7338 0.6530 -0.1874
vn 0.7936 0.5761 -0.1958
vn 0.8101 0.5594 -0.1756
vn 0.8437 0.4952 -0.2070
vn 0.8525 0.4837 -0.1983
vn 0.8837 0.4202 -0.2062
vn 0.8823 0.4201 -0.2122
vn 0.8960 0.4001 -0.1925
vn 0.9199 0.3228 -0.2224
vn 0.9193 0.3235 -0.2239
vn 0.9452 0.2441 -0.2168
vn 0.9478 0.2410 -0.2086
vn 0.9602 0.1668 -0.2242
vn 0.9641 0.1688 -0.2051
vn 0.9631 0.1366 -0.2320
vn 0.9720 0.1328 -0.1941
vn 0.9551 0.1906 -0.2270
vn 0.9545 0.2241 -0.1967
vn 0.9361 0.2679 -0.2280
vn 0.9449 0.2686 -0.1872
vn 0.9201 0.3283 -0.2135
vn 0.9197 0.3346 -0.2054
vn 0.9466 0.2442 -0.2105
vn 0.9653 0.1868 -0.1824
vn 0.9644 0.1615 -0.2093
vn 0.9783 0.0943 -0.1847
vn 0.9750 0.0805 -0.2072
vn 0.9776 0.0043 -0.2103
vn 0.9765 0.0087 -0.2153
vn 0.9764 0.0088 -0.2159
vn 0.9772 0.0114 -0.2118
vn 0.9779 0.0111 -0.2090
vn 0.9774 0.0129 -0.2109
vn 0.9793 0.0126 -0.2022
vn 0.9804 0.0175 -0.1964
vn 0.9810 0.0167 -0.1933
vn 0.9795 0.0138 -0.2011
vn 0.9826 0.0070 -0.1854
vn 0.9825 0.0068 -0.1861
vn 0.9822 0.0074 -0.1878
vn 0.9836 0.0307 -0.1776
vn 0.9808 0.0309 -0.1924
vn 0.9786 0.0713 -0.1928
vn 0.9799 0.0694 -0.1872
vn 0.9702 0.1084 -0.2166
vn 0.9637 0.1704 -0.2055
vn 0.9518 0.1419 -0.2720
vn 0.9590 0.1779 -0.2208
vn 0.9578 0.1644 -0.2359
vn 0.9677 0.1547 -0.1989
vn 0.9674 0.1515 -0.2030
vn 0.9766 0.0823 -0.1986
vn 0.9751 0.0823 -0.2057
vn 0.9441 0.2429 -0.2230
vn 0.9405 0.2299 -0.2501
vn 0.9279 0.2971 -0.2251
vn 0.9349 0.2892 -0.2057
vn 0.9228 0.2587 -0.2854
vn 0.9305 0.2500 -0.2678
vn 0.9004 0.3471 -0.2625
vn 0.8980 0.3590 -0.2545
vn 0.8948 0.3795 -0.2352
vn 0.8373 0.4719 -0.2761
vn 0.8636 0.4616 -0.2027
vn 0.8085 0.5389 -0.2363
vn 0.8227 0.5330 -0.1977
vn 0.8349 0.4959 -0.2386
vn 0.8489 0.4897 -0.1987
vn 0.8777 0.4299 -0.2117
vn 0.7556 0.6133 -0.2301
vn 0.7731 0.6063 -0.1865
vn 0.7476 0.6329 -0.2012
vn 0.7325 0.6396 -0.2332
vn 0.6864 0.6954 -0.2127
vn 0.6768 0.7015 -0.2231
vn 0.6197 0.7601 -0.1956
vn 0.6227 0.7583 -0.1931
vn 0.5484 0.8176 -0.1754
vn 0.5323 0.8150 -0.2288
vn 0.5740 0.7939 -0.2006
vn 0.6226 0.7577 -0.1957
vn 0.6112 0.7600 -0.2210
vn 0.6877 0.7016 -0.1867
vn 0.6787 0.7118 -0.1809
vn 0.7954 0.5723 -0.1993
vn 0.8710 0.4325 -0.2331
vn 0.9140 0.3517 -0.2024
vn 0.9161 0.3298 -0.2281
vn 0.9451 0.2250 -0.2372
vn 0.9737 0.1086 -0.2001
vn 0.9741 0.0723 -0.2143
vn 0.9711 0.0484 -0.2336
vn 0.9705 0.0757 -0.2290
vn 0.9847 0.0102 -0.1741
vn 0.9845 -0.0040 -0.1756
vn 0.9854 -0.0096 -0.1702
vn 0.9793 0.0506 -0.1961
vn 0.9841 -0.0037 -0.1775
vn 0.9810 0.0509 -0.1870
vn 0.9787 0.0764 -0.1904
vn 0.9737 0.0755 -0.2149
vn 0.9764 0.0688 -0.2047
vn 0.9769 0.0684 -0.2025
vn 0.9689 0.0992 -0.2266
vn 0.9771 0.0718 -0.2004
vn 0.9668 0.1516 -0.2055
vn 0.9474 0.2388 -0.2131
vn 0.9443 0.2265 -0.2389
vn 0.9193 0.3275 -0.2180
vn 0.9224 0.3316 -0.1982
vn 0.8858 0.3956 -0.2427
vn 0.8854 0.4123 -0.2148
vn 0.8506 0.4840 -0.2054
vn 0.7958 0.5588 -0.2334
vn 0.7059 0.6735 -0.2192
vn 0.6205 0.7589 -0.1978
vn 0.5308 0.8287 -0.1776
vn 0.5423 0.8352 -0.0911
vn 0.5300 0.8291 -0.1782
vn 0.5303 0.8264 -0.1896
vn 0.5047 0.8366 -0.2130
vn 0.4923 0.8390 -0.2317
vn 0.5483 0.8131 -0.1954
vn 0.5129 0.8119 -0.2788
vn 0.5502 0.7944 -0.2574
vn 0.5781 0.7844 -0.2249
vn 0.5758 0.7941 -0.1946
vn 0.6559 0.7219 -0.2207
vn 0.7152 0.6720 -0.1920
vn 0.7588 0.5817 -0.2930
vn 0.5985 0.7648 -0.2385
vn 0.6901 0.7126 -0.1267
vn 0.5781 0.7844 -0.2247
vn 0.6370 0.7322 -0.2412
vn 0.6854 0.6977 -0.2086
vn 0.7506 0.6103 -0.2535
vn 0.7511 0.6163 -0.2367
vn 0.8301 0.4993 -0.2484
vn 0.8760 0.3861 -0.2889
vn 0.8981 0.3464 -0.2709
vn 0.8276 0.4813 -0.2887
vn 0.9309 0.2741 -0.2416
vn 0.9483 0.1940 -0.2514
vn 0.9529 0.1407 -0.2687
vn 0.6338 0.7647 0.1164
vn 0.6082 0.7900 0.0773
vn 0.6160 0.7840 0.0768
vn 0.6150 0.7839 0.0852
vn 0.6186 0.7805 0.0901
vn 0.6175 0.7844 0.0580
vn 0.6547 0.7525 0.0715
vn 0.6455 0.7580 0.0938
vn 0.7344 0.6732 0.0864
vn 0.7311 0.6750 0.0997
vn 0.7966 0.5963 0.0989
vn 0.8051 0.5875 0.0819
vn 0.8051 0.5874 0.0825
vn 0.7918 0.6081 0.0579
vn 0.7643 0.6428 0.0510
vn 0.7451 0.6641 -0.0614
vn 0.7415 0.6677 -0.0655
vn 0.6291 0.7759 -0.0480
vn 0.6534 0.7568 -0.0153
vn 0.6148 0.7887 -0.0034
vn 0.6237 0.7816 0.0086
vn 0.6236 0.7817 -0.0016
vn 0.6172 0.7867 -0.0100
vn 0.6172 0.7868 -0.0040
vn 0.6140 0.7893 -0.0086
vn 0.6139 0.7894 0.0023
vn 0.6111 0.7915 -0.0021
vn 0.6110 0.7916 0.0062
vn 0.6073 0.7944 -0.0003
vn 0.6074 0.7944 -0.0040
vn 0.6067 0.7950 -0.0054
vn 0.6056 0.7951 0.0334
vn 0.5826 0.8127 -0.0124
vn 0.6589 0.7514 0.0353
vn 0.6316 0.7750 -0.0214
vn 0.7323 0.6808 -0.0163
vn 0.7310 0.6821 -0.0194
vn 0.7966 0.6042 -0.0169
vn 0.7962 0.6048 -0.0181
vn 0.8512 0.5246 -0.0173
vn 0.8515 0.5241 -0.0164
vn 0.8959 0.4441 -0.0161
vn 0.8961 0.4435 -0.0152
vn 0.9313 0.3639 -0.0149
vn 0.9585 0.2848 -0.0134
vn 0.9585 0.2849 -0.0136
vn 0.9785 0.2059 -0.0104
vn 0.9782 0.2071 -0.0123
vn 0.9921 0.1253 -0.0075
vn 0.9918 0.1277 -0.0109
vn 0.9991 0.0428 -0.0072
vn 0.9990 0.0437 -0.0083
vn 0.9992 -0.0392 -0.0077
vn 0.9992 -0.0397 -0.0071
vn 0.9992 -0.0402 -0.0014
vn 0.9992 0.0404 -0.0021
vn 0.9967 0.0340 0.0731
vn 0.9901 0.1203 0.0728
vn 0.9900 0.1212 0.0718
vn 0.9771 0.2004 0.0715
vn 0.9769 0.2024 0.0689
vn 0.9574 0.2806 0.0685
vn 0.9573 0.2813 0.0676
vn 0.9308 0.3594 0.0671
vn 0.9302 0.3614 0.0643
vn 0.8960 0.4396 0.0635
vn 0.8951 0.4418 0.0602
vn 0.8518 0.5205 0.0594
vn 0.8505 0.5230 0.0554
vn 0.7975 0.6008 0.0548
vn 0.7951 0.6045 0.0486
vn 0.7330 0.6785 0.0485
vn 0.7295 0.6828 0.0405
vn 0.6438 0.7641 0.0404
vn 0.7306 0.6827 -0.0150
vn 0.7345 0.6785 -0.0143
vn 0.6356 0.7719 -0.0119
vn 0.7354 0.6776 -0.0126
vn 0.7353 0.6777 -0.0019
vn 0.6429 0.7659 0.0046
vn 0.7372 0.6756 0.0014
vn 0.7997 0.6004 -0.0032
vn 0.7996 0.6003 -0.0126
vn 0.8012 0.5984 -0.0004
vn 0.8538 0.5206 -0.0044
vn 0.8537 0.5206 -0.0123
vn 0.8550 0.5187 -0.0018
vn 0.8979 0.4403 -0.0055
vn 0.8978 0.4403 -0.0116
vn 0.8992 0.4376 -0.0022
vn 0.9327 0.3607 -0.0066
vn 0.9326 0.3608 -0.0105
vn 0.9341 0.3569 -0.0022
vn 0.9591 0.2828 -0.0075
vn 0.9591 0.2829 -0.0096
vn 0.9603 0.2790 -0.0032
vn 0.9787 0.2053 -0.0083
vn 0.9786 0.2054 -0.0106
vn 0.9792 0.2027 -0.0055
vn 0.9922 0.1243 -0.0091
vn 0.9922 0.1243 -0.0089
vn 0.9991 0.0416 -0.0096
vn 0.9991 0.0404 -0.0083
vn 0.9992 -0.0402 -0.0086
vn 0.9968 -0.0455 0.0654
vn 0.9961 -0.0508 0.0720
vn 0.9991 -0.0411 -0.0075
vn 0.9991 -0.0409 -0.0106
vn 0.9992 0.0397 -0.0091
vn 0.9992 0.0398 -0.0099
vn 0.9925 0.1220 -0.0078
vn 0.9923 0.1233 -0.0092
vn 0.9801 0.1987 -0.0045
vn 0.9747 0.2025 -0.0945
vn 0.9636 0.2543 -0.0827
vn 0.9549 0.2787 -0.1021
vn 0.9415 0.3261 -0.0850
vn 0.9305 0.3508 -0.1049
vn 0.9014 0.4262 -0.0767
vn 0.8999 0.4290 -0.0792
vn 0.8680 0.4919 -0.0678
vn 0.8560 0.5092 -0.0892
vn 0.8570 0.5153 -0.0008
vn 0.9031 0.4294 0.0005
vn 0.9121 0.4079 0.0409
vn 0.8862 0.4562 0.0812
vn 0.8862 0.4562 0.0809
vn 0.8863 0.4560 0.0810
vn 0.9218 0.3810 0.0711
vn 0.9217 0.3818 0.0688
vn 0.9275 0.3652 0.0800
vn 0.9509 0.3055 0.0491
vn 0.9522 0.3006 0.0543
vn 0.9755 0.2154 0.0442
vn 0.9756 0.2153 0.0439
vn 0.9909 0.1299 0.0357
vn 0.9917 0.1281 0.0120
vn 0.9908 0.1349 0.0047
vn 0.9778 0.2093 0.0042
vn 0.9742 0.2251 -0.0175
vn 0.9864 0.1273 -0.1040
vn 0.9931 0.0452 -0.1078
vn 0.9960 0.0226 -0.0865
vn 0.9949 -0.0332 -0.0948
vn 0.9989 -0.0433 -0.0153
vn 0.9990 -0.0412 -0.0172
vn 0.9944 -0.0192 -0.1040
vn 0.9987 -0.0473 -0.0194
vn 0.9995 -0.0305 0.0047
vn 0.9996 -0.0280 -0.0020
vn 0.9995 -0.0331 0.0011
vn 0.9994 -0.0341 0.0036
vn 0.9995 -0.0318 0.0067
vn 0.9995 -0.0317 0.0062
vn 0.9988 0.0492 -0.0072
vn 0.9967 0.0782 0.0192
vn 0.9951 0.0909 -0.0394
vn 0.9989 0.0465 -0.0085
vn 0.9993 -0.0190 -0.0334
vn 0.9992 -0.0305 -0.0266
vn 0.9985 -0.0232 -0.0491
vn 0.9980 -0.0289 -0.0563
vn 0.9971 -0.0213 -0.0734
vn 0.9969 -0.0225 -0.0748
vn 0.9947 0.0305 -0.0982
vn 0.9954 0.0639 -0.0720
vn 0.9869 0.1234 -0.1035
vn 0.9932 0.1139 -0.0229
vn 0.9879 0.1470 -0.0487
vn 0.9747 0.2220 -0.0245
vn 0.9710 0.2360 -0.0385
vn 0.9533 0.3017 -0.0144
vn 0.9493 0.3133 -0.0264
vn 0.9075 0.4193 -0.0261
vn 0.9152 0.4027 0.0167
vn 0.9170 0.3987 0.0099
vn 0.9235 0.3814 0.0408
vn 0.8879 0.4569 0.0534
vn 0.8871 0.4587 0.0516
vn 0.8464 0.5298 0.0532
vn 0.8455 0.5286 0.0760
vn 0.8492 0.5212 0.0853
vn 0.8407 0.5377 0.0638
vn 0.8310 0.5563 -0.0002
vn 0.8672 0.4971 0.0272
vn 0.8703 0.4910 -0.0382
vn 0.8706 0.4905 -0.0376
vn 0.8745 0.4804 -0.0669
vn 0.8744 0.4806 -0.0671
vn 0.9007 0.4253 -0.0890
vn 0.9137 0.4011 -0.0645
vn 0.9449 0.3198 -0.0694
vn 0.8240 0.5637 -0.0575
vn 0.8279 0.5568 -0.0672
vn 0.7845 0.6141 -0.0862
vn 0.7744 0.6295 -0.0642
vn 0.7125 0.6972 -0.0793
vn 0.7217 0.6894 -0.0631
vn 0.6298 0.7753 -0.0479
vn 0.6277 0.7769 -0.0498
vn 0.5971 0.8013 -0.0375
vn 0.6064 0.7946 -0.0302
vn 0.6087 0.7934 -0.0072
vn 0.6169 0.7869 -0.0150
vn 0.6203 0.7837 0.0325
vn 0.6429 0.7656 0.0239
vn 0.6634 0.7470 0.0432
vn 0.7097 0.7044 0.0139
vn 0.7159 0.6979 0.0207
vn 0.7673 0.6413 -0.0012
vn 0.7639 0.6413 0.0723
vn 0.7379 0.6734 0.0456
vn 0.7714 0.6364 0.0051
vn 0.7770 0.6286 -0.0339
vn 0.7209 0.6930 -0.0044
vn 0.7123 0.6987 0.0671
vn 0.6538 0.7563 -0.0236
vn 0.6142 0.7887 0.0267
vn 0.6336 0.7737 -0.0042
vn 0.7150 0.6990 -0.0151
vn 0.7876 0.6160 -0.0185
vn 0.8314 0.5541 -0.0414
vn 0.8280 0.5604 -0.0208
vn 0.8336 0.5523 -0.0077
vn 0.7926 0.6085 0.0381
vn 0.8014 0.5930 0.0781
vn 0.8872 0.4547 0.0785
vn 0.9511 0.3085 0.0142
vn 0.9501 0.3112 0.0224
vn 0.9759 0.2168 0.0250
vn 0.9724 0.2332 -0.0004
vn 0.9863 0.1636 0.0235
vn 0.9837 0.1764 -0.0343
vn 0.9728 0.2317 -0.0050
vn 0.8913 0.4534 -0.0041
vn 0.9093 0.4149 -0.0333
vn 0.9475 0.3196 -0.0024
vn 0.9469 0.3114 -0.0798
vn 0.9715 0.2369 -0.0107
vn 0.9748 0.2145 -0.0617
vn 0.9665 0.2380 -0.0961
vn 0.9860 0.1507 -0.0717
vn 0.9984 0.0334 -0.0462
vn 0.9972 0.0469 -0.0574
vn 0.9894 0.1446 -0.0112
vn 0.9923 0.1233 -0.0090
vn 0.9925 0.1154 0.0402
vn 0.9910 0.1312 0.0263
vn 0.9992 0.0393 0.0113
vn 0.9998 -0.0199 -0.0067
vn 0.9989 0.0475 0.0038
vn 0.9988 0.0386 0.0304
vn 0.9986 0.0480 0.0221
vn 0.9990 0.0436 -0.0080
vn 0.9995 0.0296 0.0078
vn 0.9907 0.1315 0.0341
vn 0.9755 0.2155 0.0437
vn 0.9748 0.2198 0.0392
vn 0.9536 0.2980 0.0426
vn 0.9506 0.3056 0.0545
vn 0.9533 0.2947 0.0659
vn 0.9544 0.2984 0.0125
vn 0.9251 0.3781 0.0341
vn 0.9238 0.3774 0.0637
vn 0.8863 0.4561 0.0808
vn 0.8440 0.5258 0.1057
vn 0.8531 0.5185 0.0588
vn 0.9226 0.3820 0.0538
vn 0.9391 0.3436 0.0032
vn 0.9498 0.3128 0.0025
vn 0.9630 0.2696 0.0009
vn 0.9701 0.2413 -0.0238
vn 0.9733 0.2070 -0.0992
vn 0.9877 0.1217 -0.0981
vn 0.9990 0.0430 -0.0131
vn 0.9991 -0.0418 -0.0096
vn 0.9991 0.0405 -0.0099
vn 0.9923 0.1233 -0.0080
vn 0.9792 0.2029 -0.0086
vn 0.9602 0.2793 -0.0083
vn 0.9340 0.3572 -0.0102
vn 0.8991 0.4376 -0.0085
vn 0.8550 0.5186 -0.0048
vn 0.8053 0.5928 0.0033
vn 0.8012 0.5984 -0.0037
vn 0.7373 0.6756 -0.0024
vn 0.7963 0.6048 -0.0135
vn 0.7989 0.6013 -0.0141
vn 0.8517 0.5239 -0.0123
vn 0.8531 0.5215 -0.0137
vn 0.8962 0.4435 -0.0115
vn 0.8972 0.4415 -0.0132
vn 0.9313 0.3641 -0.0109
vn 0.9320 0.3623 -0.0126
vn 0.9584 0.2852 -0.0101
vn 0.9585 0.2847 -0.0119
vn 0.9782 0.2076 -0.0091
vn 0.9785 0.2059 -0.0112
vn 0.9918 0.1275 -0.0073
vn 0.9919 0.1268 -0.0119
vn 0.9968 0.0355 0.0713
vn 0.9990 -0.0453 0.0050
vn 0.9990 0.0434 -0.0060
vn 0.9918 0.1274 -0.0071
vn 0.9783 0.2068 -0.0080
vn 0.9586 0.2847 -0.0093
vn 0.9314 0.3638 -0.0104
vn 0.8516 0.5241 -0.0126
vn 0.7962 0.6049 -0.0137
vn 0.7310 0.6823 -0.0141
vn 0.6247 0.7807 -0.0166
vn 0.6316 0.7753 -0.0036
vn 0.6248 0.7808 0.0061
vn 0.6439 0.7651 0.0010
vn 0.6357 0.7719 -0.0054
vn 0.6429 0.7659 -0.0039
vn 0.6183 0.7852 0.0343
vn 0.6079 0.7927 0.0458
vn 0.6529 0.7574 0.0093
vn 0.6072 0.7940 0.0293
vn 0.7425 0.6698 0.0054
vn 0.8018 0.5913 -0.0864
vn 0.7242 0.6814 0.1057
vn 0.8054 0.5872 -0.0812
vn 0.8558 0.5127 0.0684
vn 0.8405 0.5337 0.0931
vn 0.7954 0.5986 0.0952
vn 0.7338 0.6740 0.0853
vn 0.6400 0.7676 0.0344
vn 0.6173 0.7846 0.0583
vn 0.6083 0.7908 0.0679
vn 0.6172 0.7849 0.0541
vn 0.7238 0.6843 0.0883
vn 0.6394 0.7643 0.0840
vn 0.8254 0.5571 -0.0921
vn 0.8162 0.5676 -0.1083
vn 0.8591 0.5038 -0.0901
vn 0.8564 0.5023 -0.1199
vn 0.8542 0.5051 -0.1235
vn 0.8897 0.4329 -0.1449
vn 0.8957 0.4377 -0.0788
vn 0.9091 0.4029 -0.1060
vn 0.9403 0.3292 -0.0869
vn 0.9338 0.3394 -0.1130
vn 0.9664 0.2280 -0.1185
vn 0.9702 0.2175 -0.1064
vn 0.9817 0.1422 -0.1266
vn 0.9829 0.1379 -0.1217
vn 0.9902 0.0534 -0.1291
vn 0.9865 0.0621 -0.1512
vn 0.9873 0.0973 -0.1256
vn 0.9824 0.0971 -0.1597
vn 0.9693 0.1823 -0.1652
vn 0.9690 0.1806 -0.1684
vn 0.9599 0.1931 -0.2032
vn 0.9696 0.1643 -0.1815
vn 0.9743 0.0971 -0.2032
vn 0.9810 0.0742 -0.1793
vn 0.9800 0.0033 -0.1991
vn 0.9811 -0.0035 -0.1934
vn 0.9782 0.0001 -0.2079
vn 0.9793 0.0033 -0.2026
vn 0.9733 0.0814 -0.2145
vn 0.9850 0.0004 -0.1728
vn 0.9819 0.0140 -0.1888
vn 0.9758 0.0747 -0.2053
vn 0.9672 0.1601 -0.1974
vn 0.9647 0.1664 -0.2039
vn 0.9501 0.2427 -0.1962
vn 0.9498 0.2432 -0.1968
vn 0.9275 0.3083 -0.2113
vn 0.9399 0.2976 -0.1676
vn 0.9506 0.2467 -0.1882
vn 0.9264 0.3271 -0.1867
vn 0.9149 0.3692 -0.1635
vn 0.8952 0.4034 -0.1893
vn 0.8724 0.4604 -0.1643
vn 0.8617 0.4741 -0.1808
vn 0.8158 0.5486 -0.1828
vn 0.8153 0.5502 -0.1805
vn 0.8005 0.5593 -0.2154
vn 0.7951 0.5760 -0.1896
vn 0.7308 0.6525 -0.2002
vn 0.7434 0.6436 -0.1819
vn 0.6750 0.7135 -0.1877
vn 0.6679 0.7232 -0.1758
vn 0.5950 0.7760 -0.2094
vn 0.5994 0.7864 -0.1493
vn 0.5856 0.7942 -0.1625
vn 0.5600 0.8147 -0.1502
vn 0.5580 0.8120 -0.1710
vn 0.5520 0.8172 -0.1659
vn 0.5574 0.8161 -0.1525
vn 0.5620 0.8160 -0.1348
vn 0.5659 0.8124 -0.1404
vn 0.5767 0.8083 -0.1186
vn 0.5793 0.8055 -0.1244
vn 0.5750 0.8071 -0.1340
vn 0.5799 0.8111 -0.0765
vn 0.6267 0.7734 -0.0953
vn 0.6439 0.7607 -0.0818
vn 0.7072 0.7004 -0.0966
vn 0.6968 0.7078 -0.1157
vn 0.6970 0.7076 -0.1162
vn 0.6905 0.7114 -0.1308
vn 0.6960 0.7025 -0.1488
vn 0.6839 0.7089 -0.1726
vn 0.7505 0.6437 -0.1498
vn 0.7444 0.6417 -0.1847
vn 0.6812 0.7131 -0.1658
vn 0.7601 0.6278 -0.1676
vn 0.7675 0.6266 -0.1353
vn 0.7953 0.5840 -0.1624
vn 0.8080 0.5776 -0.1164
vn 0.7586 0.6391 -0.1265
vn 0.8131 0.5636 -0.1453
vn 0.8122 0.5603 -0.1623
vn 0.6818 0.7127 -0.1650
vn 0.5957 0.7900 -0.1449
vn 0.7610 0.6329 -0.1424
vn 0.7575 0.6401 -0.1284
vn 0.7584 0.6463 -0.0837
vn 0.7103 0.6965 -0.1020
vn 0.6428 0.7536 -0.1376
vn 0.5955 0.8009 -0.0621
vn 0.6071 0.7866 -0.1126
vn 0.6084 0.7833 -0.1274
vn 0.5939 0.7924 -0.1394
vn 0.5843 0.7969 -0.1532
vn 0.6824 0.7093 -0.1768
vn 0.8471 0.4948 -0.1942
vn 0.7438 0.6422 -0.1855
vn 0.8254 0.5457 -0.1449
vn 0.8580 0.4857 -0.1671
vn 0.8594 0.4877 -0.1537
vn 0.8945 0.4157 -0.1642
vn 0.8971 0.4122 -0.1589
vn 0.9263 0.3468 -0.1472
vn 0.9141 0.3575 -0.1915
vn 0.9278 0.3368 -0.1603
vn 0.9546 0.2690 -0.1280
vn 0.9412 0.2748 -0.1967
vn 0.8963 0.4089 -0.1717
vn 0.8631 0.4792 -0.1592
vn 0.8613 0.4565 -0.2232
vn 0.8900 0.4112 -0.1969
vn 0.8996 0.4037 -0.1664
vn 0.9009 0.3728 -0.2222
vn 0.9301 0.3256 -0.1702
vn 0.9242 0.3269 -0.1976
vn 0.9519 0.2439 -0.1857
vn 0.9538 0.2474 -0.1706
vn 0.9759 0.1718 -0.1349
vn 0.9827 0.0960 -0.1585
vn 0.9925 0.0081 -0.1219
vn 0.9886 -0.0177 -0.1496
vn 0.9921 -0.0175 -0.1241
vn 0.9927 -0.0235 -0.1180
vn 0.9949 -0.0203 -0.0988
vn 0.9949 -0.0201 -0.0991
vn 0.9937 0.0657 -0.0908
vn 0.9928 0.0592 -0.1044
vn 0.9923 0.0615 -0.1077
vn 0.9781 0.1363 -0.1574
vn 0.9846 0.1477 -0.0931
vn 0.9833 0.1529 -0.0982
vn 0.9623 0.2173 -0.1634
vn 0.9683 0.2329 -0.0904
vn 0.9662 0.2382 -0.0985
vn 0.9346 0.3278 -0.1382
vn 0.9415 0.3217 -0.1010
vn 0.8955 0.4243 -0.1346
vn 0.8519 0.4970 -0.1648
vn 0.8703 0.4815 -0.1038
vn 0.8139 0.5666 -0.1285
vn 0.7703 0.6290 -0.1050
vn 0.9829 -0.0425 -0.1792
vn 0.9783 -0.0629 -0.1974
vn 0.9798 -0.0636 -0.1896
vn 0.9750 -0.0866 -0.2046
vn 0.9750 -0.0866 -0.2047
vn 0.9753 -0.0886 -0.2024
vn 0.9823 -0.0485 -0.1811
vn 0.9814 -0.0420 -0.1873
vn 0.9799 -0.0410 -0.1951
vn 0.9788 -0.0445 -0.2001
vn 0.9751 -0.0440 -0.2172
vn 0.9748 -0.0905 -0.2040
vn 0.9695 -0.1067 -0.2204
vn 0.9684 -0.1063 -0.2257
vn 0.9678 -0.1021 -0.2299
vn 0.9760 -0.0526 -0.2115
vn 0.9758 -0.0522 -0.2121
vn 0.9712 -0.0552 -0.2319
vn 0.9740 -0.0646 -0.2169
vn 0.9739 -0.0646 -0.2177
vn 0.9645 -0.1265 -0.2320
vn 0.9650 -0.1356 -0.2246
vn 0.9520 -0.1802 -0.2475
vn 0.9518 -0.1758 -0.2513
vn 0.9285 -0.2498 -0.2748
vn 0.9281 -0.2532 -0.2730
vn 0.9248 -0.2603 -0.2776
vn 0.9246 -0.2666 -0.2722
vn 0.9235 -0.2676 -0.2750
vn 0.9189 -0.2461 -0.3084
vn 0.9364 -0.2376 -0.2584
vn 0.9393 -0.2276 -0.2566
vn 0.9455 -0.2243 -0.2360
vn 0.9603 -0.1522 -0.2336
vn 0.9454 -0.2206 -0.2400
vn 0.9409 -0.2341 -0.2446
vn 0.9411 -0.2380 -0.2401
vn 0.9462 -0.2339 -0.2237
vn 0.9460 -0.2300 -0.2283
vn 0.9447 -0.2304 -0.2333
vn 0.9487 -0.2216 -0.2254
vn 0.9404 -0.2199 -0.2595
vn 0.9460 -0.2025 -0.2532
vn 0.9516 -0.1947 -0.2379
vn 0.9396 -0.1626 -0.3012
vn 0.9346 -0.2105 -0.2866
vn 0.9276 -0.2334 -0.2917
vn 0.9223 -0.2850 -0.2612
vn 0.9564 -0.1476 -0.2519
vn 0.9701 -0.0926 -0.2243
vn 0.9708 -0.0700 -0.2294
vn 0.9497 -0.1551 -0.2721
vn 0.9613 -0.1807 -0.2079
vn 0.9670 -0.1268 -0.2212
vn 0.9404 -0.2264 -0.2537
vn 0.9522 -0.2008 -0.2303
vn 0.9549 -0.2137 -0.2063
vn 0.9669 -0.1379 -0.2145
vn 0.9665 -0.1376 -0.2165
vn 0.9660 -0.1303 -0.2234
vn 0.9521 -0.2150 -0.2175
vn 0.9485 -0.2224 -0.2255
vn 0.9397 -0.2359 -0.2477
vn 0.9560 -0.1591 -0.2464
vn 0.9505 -0.1544 -0.2696
vn 0.9378 -0.2342 -0.2561
vn 0.9362 -0.2359 -0.2605
vn 0.9270 -0.2508 -0.2790
vn 0.9537 -0.1753 -0.2443
vn 0.9595 -0.1270 -0.2517
vn 0.9741 -0.0659 -0.2163
vn 0.9708 -0.1053 -0.2157
vn 0.9606 -0.1531 -0.2321
vn 0.9702 -0.1321 -0.2032
vn 0.9776 -0.0520 -0.2037
vn 0.9761 -0.0906 -0.1974
vn 0.9758 -0.0884 -0.2002
vn 0.9696 -0.1320 -0.2062
vn 0.9754 -0.0931 -0.1999
vn 0.9793 -0.0484 -0.1964
vn 0.9833 -0.0342 -0.1789
vn 0.9762 -0.0920 -0.1965
vn 0.9831 -0.0342 -0.1797
vn 0.9849 -0.0264 -0.1710
vn 0.9447 -0.3196 -0.0742
vn 0.9557 -0.2909 -0.0458
vn 0.9559 -0.2883 -0.0552
vn 0.9280 -0.3714 -0.0292
vn 0.9185 -0.3915 -0.0553
vn 0.9123 -0.4059 -0.0547
vn 0.9107 -0.4083 -0.0632
vn 0.9100 -0.4100 -0.0608
vn 0.9142 -0.4005 -0.0621
vn 0.9146 -0.3986 -0.0676
vn 0.9347 -0.3386 -0.1085
vn 0.9342 -0.3554 -0.0312
vn 0.9292 -0.3691 -0.0188
vn 0.9541 -0.2994 -0.0008
vn 0.9594 -0.2817 -0.0154
vn 0.9751 -0.2217 -0.0011
vn 0.9787 -0.2047 -0.0161
vn 0.9907 -0.1358 -0.0065
vn 0.9922 -0.1230 -0.0183
vn 0.9921 -0.1248 -0.0086
vn 0.9925 -0.1221 -0.0112
vn 0.9924 -0.1230 -0.0062
vn 0.9926 -0.1213 -0.0080
vn 0.9885 -0.1344 0.0694
vn 0.9891 -0.1314 0.0660
vn 0.9925 -0.1220 0.0049
vn 0.9924 -0.1227 0.0058
vn 0.9926 -0.1212 -0.0044
vn 0.9928 -0.1198 -0.0060
vn 0.9800 -0.1987 -0.0044
vn 0.9797 -0.2005 -0.0022
vn 0.9615 -0.2750 -0.0028
vn 0.9610 -0.2767 -0.0006
vn 0.9379 -0.3469 -0.0012
vn 0.9248 -0.3784 0.0407
vn 0.9068 -0.4196 0.0407
vn 0.9172 -0.3982 0.0118
vn 0.9160 -0.4003 0.0269
vn 0.9207 -0.3893 0.0269
vn 0.9160 -0.3947 0.0716
vn 0.9549 -0.2882 0.0717
vn 0.9548 -0.2884 0.0719
vn 0.9743 -0.2136 0.0717
vn 0.9605 -0.2783 0.0058
vn 0.9611 -0.2761 -0.0057
vn 0.9793 -0.2026 -0.0044
vn 0.9604 -0.2787 -0.0028
vn 0.9339 -0.3575 -0.0049
vn 0.9300 -0.3674 0.0068
vn 0.9211 -0.3892 0.0058
vn 0.9199 -0.3915 0.0222
vn 0.9178 -0.3961 0.0281
vn 0.9189 -0.3943 0.0117
vn 0.9203 -0.3910 -0.0105
vn 0.9192 -0.3938 -0.0076
vn 0.9310 -0.3646 -0.0145
vn 0.9608 -0.2771 -0.0124
vn 0.9318 -0.3617 0.0285
vn 0.9185 -0.3950 0.0198
vn 0.9276 -0.3735 0.0059
vn 0.9607 -0.2775 0.0049
vn 0.9795 -0.2015 0.0049
vn 0.9794 -0.2016 0.0051
vn 0.9748 -0.2119 0.0697
vn 0.9797 -0.2003 -0.0069
vn 0.9795 -0.2012 -0.0118
vn 0.9870 -0.1169 -0.1101
vn 0.9862 -0.1395 -0.0887
vn 0.9880 -0.1453 -0.0528
vn 0.9786 -0.2038 -0.0290
vn 0.9787 -0.2024 -0.0337
vn 0.9806 -0.1947 -0.0223
vn 0.9806 -0.1948 -0.0209
vn 0.9931 -0.1176 0.0009
vn 0.9927 -0.1206 -0.0045
vn 0.9929 -0.1166 -0.0221
vn 0.9938 -0.1099 -0.0146
vn 0.9935 -0.1094 -0.0329
vn 0.9929 -0.1161 -0.0269
vn 0.9802 -0.1902 -0.0559
vn 0.9831 -0.1802 -0.0321
vn 0.9645 -0.2574 -0.0592
vn 0.9615 -0.2705 -0.0475
vn 0.9338 -0.3496 -0.0766
vn 0.9332 -0.3520 -0.0728
vn 0.9431 -0.3299 -0.0415
vn 0.9398 -0.3200 -0.1201
vn 0.9621 -0.2577 -0.0887
vn 0.9649 -0.2443 -0.0965
vn 0.9805 -0.1806 -0.0773
vn 0.9805 -0.1881 -0.0563
vn 0.9792 -0.1850 -0.0835
vn 0.9914 -0.1053 -0.0771
vn 0.9912 -0.1066 -0.0790
vn 0.9926 -0.1082 -0.0552
vn 0.9690 -0.2429 -0.0456
vn 0.9350 -0.3388 -0.1046
vn 0.9212 -0.3730 -0.1110
vn 0.9278 -0.3615 -0.0922
vn 0.9284 -0.3627 -0.0804
vn 0.9266 -0.3685 -0.0750
vn 0.9271 -0.3678 -0.0714
vn 0.9250 -0.3752 -0.0605
vn 0.9262 -0.3739 -0.0490
vn 0.9275 -0.3703 -0.0512
vn 0.9268 -0.3709 -0.0581
vn 0.9179 -0.3922 -0.0609
vn 0.9156 -0.3967 -0.0659
vn 0.9365 -0.3495 -0.0293
vn 0.9599 -0.2775 -0.0400
vn 0.9600 -0.2769 -0.0414
vn 0.9628 -0.2695 -0.0208
vn 0.9179 -0.3909 -0.0678
vn 0.9389 -0.3404 -0.0519
vn 0.9598 -0.2720 -0.0686
vn 0.9668 -0.2549 -0.0149
vn 0.9776 -0.2076 -0.0359
vn 0.9802 -0.1893 -0.0579
vn 0.9911 -0.1156 -0.0656
vn 0.9821 -0.1878 -0.0142
vn 0.9785 -0.2058 -0.0112
vn 0.9931 -0.1167 -0.0088
vn 0.9929 -0.1190 -0.0066
vn 0.9925 -0.1193 -0.0249
vn 0.9785 -0.2063 -0.0069
vn 0.9728 -0.1998 -0.1176
vn 0.9675 -0.2341 -0.0953
vn 0.9590 -0.2833 -0.0063
vn 0.9543 -0.2747 -0.1173
vn 0.9287 -0.3708 -0.0080
vn 0.9204 -0.3889 -0.0396
vn 0.9169 -0.3979 -0.0314
vn 0.9165 -0.3947 -0.0658
vn 0.9113 -0.4083 -0.0532
vn 0.9157 -0.3967 -0.0648
vn 0.9270 -0.3704 -0.0586
vn 0.9633 -0.2672 -0.0254
vn 0.9683 -0.2413 -0.0648
vn 0.9448 -0.3137 -0.0943
vn 0.9180 -0.3932 -0.0510
vn 0.9894 -0.1037 -0.1018
vn 0.9894 -0.1076 -0.0980
vn 0.9766 -0.1831 -0.1126
vn 0.9773 -0.1816 -0.1094
vn 0.9603 -0.2543 -0.1143
vn 0.9610 -0.2479 -0.1223
vn 0.9396 -0.3208 -0.1193
vn 0.9361 -0.3061 -0.1734
vn 0.9356 -0.3084 -0.1719
vn 0.9237 -0.3368 -0.1825
vn 0.9154 -0.3475 -0.2032
vn 0.9209 -0.3579 -0.1544
vn 0.9183 -0.3680 -0.1457
vn 0.9236 -0.3198 -0.2114
vn 0.9272 -0.3149 -0.2029
vn 0.9226 -0.3027 -0.2391
vn 0.9293 -0.2943 -0.2230
vn 0.9217 -0.2849 -0.2631
vn 0.9301 -0.2702 -0.2488
vn 0.9251 -0.2659 -0.2712
vn 0.9326 -0.2533 -0.2571
vn 0.9464 -0.1892 -0.2619
vn 0.9509 -0.2023 -0.2342
vn 0.9528 -0.2011 -0.2276
vn 0.9540 -0.2112 -0.2129
vn 0.9536 -0.2116 -0.2143
vn 0.9573 -0.2279 -0.1777
vn 0.9729 -0.1492 -0.1765
vn 0.9729 -0.1486 -0.1771
vn 0.9836 -0.0890 -0.1568
vn 0.9804 -0.0889 -0.1756
vn 0.9794 -0.0800 -0.1855
vn 0.9773 -0.0805 -0.1957
vn 0.9758 -0.0723 -0.2062
vn 0.9670 -0.1425 -0.2112
vn 0.9750 -0.0724 -0.2100
vn 0.9735 -0.0657 -0.2188
vn 0.9657 -0.1328 -0.2230
vn 0.9638 -0.1262 -0.2347
vn 0.9838 -0.0951 -0.1522
vn 0.9872 -0.0963 -0.1269
vn 0.9816 -0.1548 -0.1122
vn 0.9695 -0.1518 -0.1923
vn 0.9473 -0.2459 -0.2052
vn 0.9379 -0.2910 -0.1889
vn 0.9432 -0.2633 -0.2027
vn 0.9683 -0.1417 -0.2059
vn 0.9651 -0.1330 -0.2256
vn 0.9545 -0.1817 -0.2365
vn 0.9257 -0.2612 -0.2734
vn 0.9162 -0.2756 -0.2910
vn 0.9320 -0.2539 -0.2585
vn 0.9222 -0.2807 -0.2660
vn 0.9322 -0.2818 -0.2271
vn 0.9302 -0.3045 -0.2050
vn 0.9571 -0.2571 -0.1335
vn 0.9323 -0.3334 -0.1398
vn 0.9578 -0.2523 -0.1380
vn 0.9761 -0.1710 -0.1338
vn 0.9847 -0.1079 -0.1371
vn 0.5387 0.8376 -0.0903
vn 0.5916 0.7898 -0.1618
vn 0.5703 0.7964 -0.2011
vn 0.5847 0.7716 -0.2504
vn 0.5838 0.7716 -0.2527
vn 0.6413 0.7375 -0.2120
vn 0.5785 0.7959 -0.1786
vn 0.5809 0.7979 -0.1610
vn 0.5336 0.8341 -0.1399
vn 0.5366 0.8437 -0.0189
vn 0.5083 0.8589 -0.0626
vn 0.5268 0.8482 -0.0560
vn 0.5245 0.8514 -0.0006
vn 0.5017 0.8646 -0.0265
vn 0.4939 0.8692 -0.0257
vn 0.4937 0.8692 -0.0259
vn 0.5434 0.8386 -0.0384
vn 0.4900 0.8684 -0.0762
vn 0.5577 0.8243 -0.0974
vn 0.5533 0.8266 -0.1029
vn 0.5006 0.8657 -0.0034
vn 0.4955 0.8685 -0.0145
vn 0.4756 0.8795 -0.0192
vn 0.4675 0.8784 0.0991
vn 0.4840 0.8675 0.1150
vn 0.4441 0.8878 0.1207
vn 0.4931 0.8523 0.1744
vn 0.4710 0.8565 0.2112
vn 0.4893 0.8396 0.2360
vn 0.4514 0.8475 0.2793
vn 0.4598 0.8238 0.3317
vn 0.4423 0.8155 0.3732
vn 0.4788 0.7783 0.4061
vn 0.4675 0.7770 0.4215
vn 0.4813 0.7537 0.4476
vn 0.4550 0.7470 0.4847
vn 0.4701 0.7169 0.5148
vn 0.4602 0.6962 0.5509
vn 0.4897 0.6622 0.5671
vn 0.4832 0.6590 0.5764
vn 0.4982 0.6255 0.6005
vn 0.4716 0.6086 0.6381
vn 0.4876 0.5616 0.6684
vn 0.4738 0.5267 0.7058
vn 0.5091 0.4762 0.7170
vn 0.5089 0.4761 0.7172
vn 0.5202 0.4114 0.7484
vn 0.5016 0.3981 0.7681
vn 0.5065 0.3364 0.7939
vn 0.4875 0.3141 0.8147
vn 0.4862 0.2277 0.8437
vn 0.4568 0.2207 0.8617
vn 0.4292 0.1389 0.8925
vn 0.4400 0.1373 0.8875
vn 0.4103 0.1087 0.9054
vn 0.4154 -0.0216 0.9094
vn 0.3778 -0.0003 0.9259
vn 0.4223 0.0370 0.9057
vn 0.3857 0.0461 0.9215
vn 0.4381 0.1451 0.8872
vn 0.4450 0.1327 0.8856
vn 0.3953 0.0281 0.9181
vn 0.3474 -0.1014 0.9322
vn 0.3460 -0.1025 0.9326
vn 0.3307 -0.2393 0.9129
vn 0.2949 -0.2857 0.9118
vn 0.2856 -0.3986 0.8715
vn 0.2585 -0.4125 0.8735
vn 0.2717 -0.4254 0.8633
vn 0.2573 -0.4274 0.8667
vn 0.2442 -0.4408 0.8637
vn 0.2307 -0.4386 0.8686
vn 0.2276 -0.4318 0.8728
vn 0.2454 -0.4350 0.8663
vn 0.2457 -0.3506 0.9037
vn 0.2807 -0.3322 0.9005
vn 0.2769 -0.2373 0.9312
vn 0.3292 -0.1805 0.9268
vn 0.3188 -0.0880 0.9437
vn 0.3672 -0.0510 0.9287
vn 0.3582 0.0444 0.9326
vn 0.3751 0.0422 0.9260
vn 0.3626 0.0669 0.9296
vn 0.3236 0.0813 0.9427
vn 0.3507 0.0932 0.9318
vn 0.3012 -0.0410 0.9527
vn 0.2684 -0.0281 0.9629
vn 0.2958 -0.0134 0.9552
vn 0.3038 -0.1969 0.9322
vn 0.2923 -0.1808 0.9391
vn 0.2551 -0.1802 0.9500
vn 0.2860 -0.2247 0.9315
vn 0.2922 -0.2238 0.9298
vn 0.3225 -0.0936 0.9419
vn 0.2339 -0.3480 0.9078
vn 0.2413 -0.3575 0.9022
vn 0.1903 -0.4391 0.8781
vn 0.1968 -0.4519 0.8701
vn 0.1943 -0.4400 0.8767
vn 0.1634 -0.4623 0.8716
vn 0.1992 -0.3540 0.9138
vn 0.1920 -0.3463 0.9183
vn 0.3215 -0.0931 0.9423
vn 0.2983 0.1116 0.9479
vn 0.2929 0.1198 0.9486
vn 0.3196 0.2393 0.9168
vn 0.3551 0.2576 0.8986
vn 0.3380 0.3452 0.8755
vn 0.3789 0.3793 0.8441
vn 0.3636 0.4283 0.8273
vn 0.4023 0.4551 0.7943
vn 0.4137 0.5239 0.7446
vn 0.4119 0.5273 0.7432
vn 0.4061 0.6215 0.6699
vn 0.3936 0.6315 0.6681
vn 0.3813 0.6870 0.6186
vn 0.3915 0.6886 0.6103
vn 0.3705 0.7357 0.5670
vn 0.3743 0.7363 0.5636
vn 0.3692 0.7756 0.5120
vn 0.3741 0.7725 0.5131
vn 0.3534 0.8117 0.4650
vn 0.3697 0.8129 0.4500
vn 0.3434 0.8422 0.4157
vn 0.3533 0.8425 0.4067
vn 0.3366 0.8670 0.3674
vn 0.3506 0.8689 0.3495
vn 0.3295 0.8881 0.3204
vn 0.3346 0.8888 0.3132
vn 0.3270 0.9067 0.2663
vn 0.3364 0.9013 0.2729
vn 0.3534 0.9088 0.2217
vn 0.3595 0.9067 0.2207
vn 0.3959 0.9031 0.1661
vn 0.3891 0.9081 0.1548
vn 0.3969 0.9045 0.1559
vn 0.3942 0.9123 0.1107
vn 0.4265 0.8945 0.1338
vn 0.4371 0.8973 0.0621
vn 0.4800 0.8727 0.0899
vn 0.4924 0.8696 0.0372
vn 0.4917 0.8700 0.0365
vn 0.5151 0.8569 -0.0173
vn 0.5000 0.8639 -0.0606
vn 0.5455 0.8376 -0.0292
vn 0.5127 0.8584 -0.0173
vn 0.4461 0.8908 0.0867
vn 0.4261 0.9014 0.0774
vn 0.4644 0.8841 0.0522
vn 0.4532 0.8903 0.0441
vn 0.4466 0.8936 0.0443
vn 0.4510 0.8872 0.0969
vn 0.4247 0.9015 0.0839
vn 0.4322 0.8890 0.1513
vn 0.3940 0.8992 0.1902
vn 0.4104 0.8838 0.2245
vn 0.3786 0.8864 0.2665
vn 0.4079 0.8623 0.3002
vn 0.4282 0.8550 0.2927
vn 0.4225 0.8588 0.2897
vn 0.4517 0.8458 0.2839
vn 0.4458 0.8220 0.3543
vn 0.4280 0.8295 0.3588
vn 0.4345 0.8291 0.3518
vn 0.4284 0.8054 0.4095
vn 0.4192 0.8095 0.4110
vn 0.4121 0.8095 0.4181
vn 0.4332 0.7819 0.4482
vn 0.4212 0.7870 0.4508
vn 0.4461 0.7613 0.4705
vn 0.4556 0.7584 0.4661
vn 0.4604 0.7827 0.4189
vn 0.4310 0.7483 0.5042
vn 0.4659 0.7106 0.5273
vn 0.4556 0.7136 0.5322
vn 0.4515 0.6916 0.5637
vn 0.4540 0.6909 0.5626
vn 0.4336 0.6720 0.6004
vn 0.4446 0.6671 0.5977
vn 0.4222 0.7089 0.5650
vn 0.4014 0.7217 0.5640
vn 0.4021 0.7534 0.5203
vn 0.4112 0.7518 0.5155
vn 0.4230 0.7714 0.4754
vn 0.3872 0.7986 0.4608
vn 0.3789 0.8004 0.4646
vn 0.3929 0.8178 0.4206
vn 0.3600 0.8378 0.4104
vn 0.3695 0.8529 0.3687
vn 0.3840 0.8492 0.3625
vn 0.3990 0.8589 0.3210
vn 0.3775 0.8754 0.3019
vn 0.3614 0.8805 0.3069
vn 0.3955 0.8420 0.3669
vn 0.4067 0.8401 0.3589
vn 0.4199 0.7449 0.5185
vn 0.4340 0.7400 0.5138
vn 0.4255 0.7096 0.5617
vn 0.4202 0.6522 0.6310
vn 0.4542 0.6004 0.6582
vn 0.4408 0.5918 0.6749
vn 0.4510 0.5105 0.7321
vn 0.4454 0.5180 0.7303
vn 0.4488 0.5173 0.7287
vn 0.4673 0.5595 0.6845
vn 0.4700 0.5593 0.6829
vn 0.4592 0.6311 0.6252
vn 0.4659 0.6327 0.6185
vn 0.4804 0.6263 0.6140
vn 0.4876 0.6626 0.5685
vn 0.4775 0.5527 0.6830
vn 0.4782 0.5528 0.6825
vn 0.4823 0.4865 0.7285
vn 0.4950 0.4778 0.7257
vn 0.4580 0.4731 0.7526
vn 0.4738 0.4160 0.7762
vn 0.4983 0.3997 0.7694
vn 0.4790 0.3243 0.8157
vn 0.4702 0.3262 0.8201
vn 0.4547 0.3127 0.8340
vn 0.4493 0.2208 0.8657
vn 0.4397 0.2202 0.8707
vn 0.4097 0.2946 0.8633
vn 0.4196 0.2924 0.8593
vn 0.4017 0.3211 0.8576
vn 0.3999 0.3214 0.8584
vn 0.4442 0.3964 0.8034
vn 0.4431 0.3966 0.8040
vn 0.4495 0.3877 0.8047
vn 0.3939 0.1849 0.9004
vn 0.4056 0.1772 0.8967
vn 0.4437 0.3203 0.8370
vn 0.4470 0.3882 0.8059
vn 0.4823 0.4632 0.7435
vn 0.4113 0.4481 0.7938
vn 0.4196 0.4467 0.7902
vn 0.4266 0.5215 0.7390
vn 0.4207 0.5992 0.6812
vn 0.4311 0.6106 0.6643
vn 0.4180 0.6530 0.6316
vn 0.4578 0.6319 0.6254
vn 0.4423 0.7027 0.5573
vn 0.4686 0.6720 0.5734
vn 0.4433 0.7435 0.5007
vn 0.4140 0.7744 0.4784
vn 0.3985 0.8168 0.4171
vn 0.4412 0.7924 0.4212
vn 0.4090 0.8387 0.3596
vn 0.3940 0.8608 0.3220
vn 0.3972 0.8791 0.2635
vn 0.3761 0.8957 0.2373
vn 0.4292 0.8748 0.2248
vn 0.4599 0.8669 0.1921
vn 0.4087 0.8927 0.1898
vn 0.4377 0.8863 0.1513
vn 0.4200 0.9010 0.1085
vn 0.4187 0.9018 0.1072
vn 0.4548 0.8899 0.0334
vn 0.3631 0.9137 0.1827
vn 0.4349 0.8941 0.1073
vn 0.3908 0.9053 0.1665
vn 0.3745 0.8963 0.2375
vn 0.3597 0.9055 0.2251
vn 0.3554 0.8973 0.2619
vn 0.3619 0.8801 0.3073
vn 0.3421 0.8714 0.3516
vn 0.3650 0.8370 0.4077
vn 0.3537 0.8177 0.4541
vn 0.3696 0.7756 0.5117
vn 0.3959 0.7222 0.5672
vn 0.3818 0.6920 0.6127
vn 0.3985 0.6231 0.6730
vn 0.4228 0.5195 0.7425
vn 0.4174 0.4500 0.7894
vn 0.3712 0.3815 0.8466
vn 0.3446 0.2609 0.9018
vn 0.3691 0.2038 0.9068
vn 0.4008 0.1875 0.8968
vn 0.3256 -0.0922 0.9410
vn 0.3253 -0.1803 0.9282
vn 0.3404 -0.2128 0.9159
vn 0.2996 -0.2111 0.9304
vn 0.2781 -0.3307 0.9019
vn 0.3035 -0.2390 0.9224
vn 0.2520 -0.3560 0.8999
vn 0.2170 -0.4564 0.8629
vn 0.2787 -0.3305 0.9017
vn 0.2733 -0.3236 0.9059
vn 0.2804 -0.3234 0.9038
vn 0.2696 -0.3731 0.8878
vn 0.3085 -0.2916 0.9054
vn 0.3818 -0.1155 0.9170
vn 0.3683 -0.0517 0.9283
vn 0.4173 0.1057 0.9026
vn 0.4419 0.2286 0.8675
vn 0.4340 0.1309 0.8913
vn 0.4504 0.2308 0.8625
vn 0.4735 0.2488 0.8449
vn 0.4835 0.3152 0.8166
vn 0.4987 0.3998 0.7691
vn 0.5015 0.4802 0.7197
vn 0.5051 0.5240 0.6858
vn 0.4989 0.6022 0.6233
vn 0.4787 0.6616 0.5771
vn 0.4782 0.6917 0.5412
vn 0.4750 0.7405 0.4755
vn 0.4563 0.7831 0.4225
vn 0.4624 0.8086 0.3637
vn 0.4565 0.8447 0.2794
vn 0.4664 0.8586 0.2126
vn 0.4754 0.8764 0.0770
vn 0.4751 0.8772 -0.0689
vn 0.4681 0.8802 -0.0780
vn 0.5342 0.8255 -0.1824
vn 0.5672 0.8105 -0.1463
vn 0.5317 0.8352 -0.1403
vn 0.5886 0.7657 -0.2594
vn 0.6270 0.7507 -0.2080
vn 0.5888 0.7813 -0.2069
vn 0.6277 0.7617 -0.1607
vn 0.6267 0.7474 -0.2207
vn 0.6901 0.6662 -0.2828
vn 0.6991 0.6666 -0.2586
vn 0.6335 0.7263 -0.2669
vn 0.6787 0.7036 -0.2105
vn 0.6368 0.7410 -0.2130
vn 0.6168 0.7260 -0.3039
vn 0.6603 0.6855 -0.3067
vn 0.6868 0.6129 -0.3906
vn 0.7372 0.6110 -0.2885
vn 0.6841 0.6611 -0.3082
vn 0.7479 0.5640 -0.3501
vn 0.8235 0.4779 -0.3057
vn 0.7521 0.4965 -0.4333
vn 0.7449 0.5024 -0.4390
vn 0.7486 0.5196 -0.4118
vn 0.7172 0.5633 -0.4103
vn 0.7369 0.5194 -0.4326
vn 0.7215 0.6017 -0.3425
vn 0.7018 0.5992 -0.3853
vn 0.7866 0.4261 -0.4469
vn 0.7912 0.3727 -0.4848
vn 0.7460 0.5540 -0.3696
vn 0.7366 0.5892 -0.3322
vn 0.6714 0.6812 -0.2918
vn 0.6339 0.7429 -0.2151
vn 0.5705 0.8046 -0.1646
vn 0.6027 0.7832 -0.1527
vn 0.6526 0.6831 -0.3279
vn 0.4447 0.8743 0.1947
vn 0.4685 0.8779 0.0989
vn 0.5345 0.8424 -0.0684
vn 0.4482 0.8907 0.0754
vn 0.5685 0.8160 -0.1051
vn 0.5758 0.8029 -0.1541
vn 0.4968 0.8678 -0.0041
vn 0.5408 0.8359 -0.0936
vn 0.4596 0.8875 0.0329
vn 0.4744 0.8788 0.0524
vn 0.5252 0.8510 -0.0007
vn 0.5080 0.8591 -0.0620
vn 0.5913 0.8026 -0.0786
vn 0.5845 0.7986 -0.1433
vn 0.6011 0.7892 -0.1262
vn 0.5974 0.7821 -0.1772
vn 0.5963 0.7830 -0.1770
vn 0.5959 0.7829 -0.1788
vn 0.5794 0.7791 -0.2395
vn 0.6047 0.7801 -0.1607
vn 0.6595 0.7043 -0.2627
vn 0.6596 0.7044 -0.2622
vn 0.5423 0.8164 -0.1985
vn 0.6006 0.7836 -0.1590
vn 0.5372 0.8381 -0.0948
vn 0.5572 0.8264 -0.0813
vn 0.4363 -0.8601 0.2644
vn 0.3910 -0.8662 0.3111
vn 0.4085 -0.8584 0.3105
vn 0.4109 -0.8523 0.3235
vn 0.4635 -0.8467 0.2614
vn 0.4662 -0.8408 0.2752
vn 0.4980 -0.8347 0.2350
vn 0.5653 -0.7968 0.2135
vn 0.4931 -0.8562 0.1543
vn 0.4834 -0.8480 0.2173
vn 0.4555 -0.8661 0.2060
vn 0.4536 -0.8609 0.2302
vn 0.4239 -0.8786 0.2199
vn 0.4218 -0.8720 0.2482
vn 0.3804 -0.8817 0.2791
vn 0.3780 -0.8870 0.2652
vn 0.3457 -0.8830 0.3174
vn 0.3131 -0.8903 0.3307
vn 0.3548 -0.8682 0.3470
vn 0.3548 -0.8685 0.3461
vn 0.3706 -0.8615 0.3470
vn 0.3415 -0.8625 0.3736
vn 0.3538 -0.8573 0.3741
vn 0.3555 -0.8524 0.3835
vn 0.3828 -0.8542 0.3519
vn 0.3851 -0.8488 0.3622
vn 0.3787 -0.8514 0.3628
vn 0.3910 -0.8370 0.3828
vn 0.4042 -0.8488 0.3408
vn 0.4186 -0.8435 0.3365
vn 0.4230 -0.8336 0.3553
vn 0.4229 -0.8402 0.3393
vn 0.4374 -0.8333 0.3381
vn 0.4194 -0.8184 0.3929
vn 0.4659 -0.8060 0.3652
vn 0.4674 -0.8126 0.3482
vn 0.4887 -0.8137 0.3148
vn 0.4995 -0.8086 0.3108
vn 0.4741 -0.8316 0.2893
vn 0.5219 -0.8155 0.2502
vn 0.5023 -0.8310 0.2392
vn 0.4997 -0.8395 0.2135
vn 0.4574 -0.8454 0.2760
vn 0.5330 -0.8199 0.2092
vn 0.5421 -0.8202 0.1829
vn 0.5858 -0.7935 0.1649
vn 0.5701 -0.8102 0.1365
vn 0.6212 -0.7734 0.1266
vn 0.5611 -0.8264 0.0478
vn 0.5423 -0.8386 0.0516
vn 0.5362 -0.8439 0.0173
vn 0.5146 -0.8527 0.0905
vn 0.5073 -0.8567 0.0932
vn 0.5259 -0.8436 0.1085
vn 0.4786 -0.8617 0.1683
vn 0.6465 -0.7584 -0.0830
vn 0.5523 -0.8102 0.1963
vn 0.4740 -0.8349 0.2797
vn 0.3958 -0.8399 0.3715
vn 0.3942 -0.8351 0.3837
vn 0.3625 -0.8331 0.4179
vn 0.3630 -0.8325 0.4186
vn 0.3579 -0.8346 0.4187
vn 0.3566 -0.8306 0.4278
vn 0.3341 -0.8485 0.4104
vn 0.3327 -0.8467 0.4152
vn 0.3364 -0.8464 0.4130
vn 0.3248 -0.8321 0.4496
vn 0.3066 -0.8479 0.4326
vn 0.3008 -0.8382 0.4549
vn 0.2861 -0.8446 0.4525
vn 0.2864 -0.8394 0.4619
vn 0.2569 -0.8376 0.4820
vn 0.2845 -0.8263 0.4861
vn 0.2712 -0.8254 0.4952
vn 0.2538 -0.8138 0.5229
vn 0.2271 -0.8287 0.5115
vn 0.2144 -0.8098 0.5461
vn 0.1940 -0.8267 0.5281
vn 0.1908 -0.8097 0.5550
vn 0.1985 -0.8080 0.5547
vn 0.1826 -0.8192 0.5437
vn 0.1656 -0.7923 0.5872
vn 0.1458 -0.7932 0.5913
vn 0.1393 -0.7596 0.6353
vn 0.1307 -0.7660 0.6294
vn 0.1255 -0.7319 0.6698
vn 0.1335 -0.7282 0.6723
vn 0.1451 -0.7310 0.6668
vn 0.1338 -0.7348 0.6649
vn 0.1590 -0.6984 0.6978
vn 0.1375 -0.6671 0.7322
vn 0.1535 -0.6671 0.7290
vn 0.1382 -0.6104 0.7799
vn 0.1321 -0.6100 0.7813
vn 0.1219 -0.5639 0.8168
vn 0.1340 -0.5542 0.8215
vn 0.1683 -0.5474 0.8198
vn 0.1677 -0.5468 0.8203
vn 0.1953 -0.5377 0.8202
vn 0.1948 -0.5372 0.8206
vn 0.2086 -0.5355 0.8184
vn 0.2204 -0.5470 0.8076
vn 0.2018 -0.5465 0.8128
vn 0.2269 -0.5300 0.8171
vn 0.2118 -0.5292 0.8216
vn 0.2267 -0.5852 0.7785
vn 0.2220 -0.5867 0.7788
vn 0.2225 -0.5872 0.7783
vn 0.2056 -0.6676 0.7155
vn 0.1954 -0.6754 0.7111
vn 0.1887 -0.7382 0.6476
vn 0.1701 -0.7474 0.6422
vn 0.1736 -0.7491 0.6393
vn 0.1624 -0.7505 0.6406
vn 0.1610 -0.7515 0.6398
vn 0.1590 -0.7915 0.5902
vn 0.1795 -0.8031 0.5681
vn 0.1676 -0.8039 0.5707
vn 0.1723 -0.8421 0.5111
vn 0.1997 -0.8525 0.4831
vn 0.1898 -0.8536 0.4852
vn 0.1734 -0.8648 0.4712
vn 0.1500 -0.8093 0.5680
vn 0.1376 -0.7997 0.5844
vn 0.2050 -0.8810 0.4264
vn 0.2210 -0.8749 0.4309
vn 0.2213 -0.8848 0.4100
vn 0.2491 -0.8718 0.4219
vn 0.2514 -0.8890 0.3828
vn 0.2761 -0.8796 0.3874
vn 0.2754 -0.8831 0.3799
vn 0.3072 -0.8701 0.3854
vn 0.2598 -0.8672 0.4247
vn 0.3011 -0.8529 0.4264
vn 0.3017 -0.8516 0.4286
vn 0.3233 -0.8573 0.4008
vn 0.2612 -0.8641 0.4302
vn 0.2361 -0.8581 0.4560
vn 0.2340 -0.8584 0.4566
vn 0.2603 -0.8447 0.4677
vn 0.2223 -0.8429 0.4900
vn 0.2233 -0.8281 0.5143
vn 0.1997 -0.8385 0.5069
vn 0.2336 -0.8450 0.4811
vn 0.2360 -0.8445 0.4807
vn 0.2016 -0.8636 0.4622
vn 0.2014 -0.8447 0.4959
vn 0.1732 -0.8331 0.5253
vn 0.1736 -0.8331 0.5252
vn 0.1734 -0.8027 0.5706
vn 0.1518 -0.8090 0.5679
vn 0.1539 -0.7963 0.5850
vn 0.1591 -0.7728 0.6144
vn 0.1518 -0.7763 0.6117
vn 0.1452 -0.7760 0.6139
vn 0.1803 -0.8228 0.5390
vn 0.1864 -0.8486 0.4951
vn 0.2201 -0.8621 0.4564
vn 0.2192 -0.8631 0.4550
vn 0.2328 -0.8719 0.4309
vn 0.2929 -0.8904 0.3485
vn 0.2476 -0.9084 0.3370
vn 0.2605 -0.9093 0.3246
vn 0.2850 -0.9174 0.2779
vn 0.3123 -0.9001 0.3039
vn 0.3434 -0.9071 0.2433
vn 0.2930 -0.8902 0.3488
vn 0.2318 -0.8728 0.4295
vn 0.2522 -0.8856 0.3900
vn 0.2229 -0.8989 0.3772
vn 0.2196 -0.8825 0.4158
vn 0.1912 -0.8682 0.4578
vn 0.1909 -0.8369 0.5129
vn 0.1655 -0.8256 0.5395
vn 0.1617 -0.7909 0.5902
vn 0.1681 -0.7516 0.6379
vn 0.1554 -0.7425 0.6516
vn 0.1747 -0.6985 0.6940
vn 0.1702 -0.6937 0.6999
vn 0.1674 -0.6937 0.7006
vn 0.1702 -0.6291 0.7585
vn 0.2148 -0.6331 0.7436
vn 0.1746 -0.6985 0.6940
vn 0.1743 -0.7990 0.5755
vn 0.1801 -0.7315 0.6576
vn 0.2003 -0.6763 0.7088
vn 0.2453 -0.4984 0.8315
vn 0.2543 -0.4888 0.8345
vn 0.1860 -0.6384 0.7469
vn 0.2452 -0.4984 0.8316
vn 0.1942 -0.6191 0.7609
vn 0.1666 -0.6269 0.7611
vn 0.1560 -0.5947 0.7887
vn 0.1035 -0.6304 0.7693
vn 0.1139 -0.6821 0.7223
vn 0.1072 -0.6855 0.7201
vn 0.1602 -0.5950 0.7876
vn 0.1759 -0.6255 0.7601
vn 0.1600 -0.6985 0.6975
vn 0.1536 -0.7431 0.6513
vn 0.1433 -0.7698 0.6220
vn 0.1288 -0.6835 0.7185
vn 0.1140 -0.7285 0.6755
vn 0.1485 -0.7669 0.6244
vn 0.1669 -0.7818 0.6007
vn 0.1631 -0.7944 0.5851
vn 0.1982 -0.8192 0.5381
vn 0.1639 -0.8026 0.5735
vn 0.2019 -0.8247 0.5283
vn 0.2549 -0.8272 0.5007
vn 0.2612 -0.8498 0.4578
vn 0.3130 -0.8480 0.4278
vn 0.2828 -0.8366 0.4692
vn 0.3141 -0.8461 0.4307
vn 0.3376 -0.8503 0.4038
vn 0.3386 -0.8462 0.4114
vn 0.3581 -0.8282 0.4310
vn 0.3441 -0.8431 0.4133
vn 0.3440 -0.8452 0.4090
vn 0.3698 -0.8451 0.3860
vn 0.3699 -0.8451 0.3860
vn 0.3728 -0.8521 0.3673
vn 0.3891 -0.8370 0.3848
vn 0.3941 -0.8349 0.3842
vn 0.3620 -0.8289 0.4264
vn 0.3941 -0.8351 0.3837
vn 0.3894 -0.8373 0.3838
vn 0.3752 -0.8513 0.3668
vn 0.3678 -0.8478 0.3820
vn 0.3253 -0.8544 0.4052
vn 0.3387 -0.8543 0.3944
vn 0.3075 -0.8716 0.3819
vn 0.3112 -0.8830 0.3515
vn 0.3336 -0.8939 0.2996
vn 0.3611 -0.8935 0.2669
vn 0.4115 -0.8624 0.2949
vn 0.3832 -0.9001 0.2074
vn 0.4777 -0.8642 0.1580
vn 0.4954 -0.8514 0.1722
vn 0.5386 -0.8329 0.1272
vn 0.5630 -0.8125 0.1512
vn 0.5023 -0.8491 0.1636
vn 0.4570 -0.8460 0.2747
vn 0.4136 -0.8511 0.3234
vn 0.3712 -0.8591 0.3524
vn 0.3887 -0.8699 0.3036
vn 0.4173 -0.8708 0.2598
vn 0.4361 -0.8620 0.2582
vn -0.9459 0.1967 -0.2581
vn -0.9483 0.1940 -0.2514
vn -0.9518 0.1419 -0.2720
vn -0.9637 0.1704 -0.2055
vn -0.9590 0.1779 -0.2208
vn -0.9578 0.1644 -0.2359
vn -0.9677 0.1547 -0.1989
vn -0.9674 0.1515 -0.2030
vn -0.9766 0.0823 -0.1986
vn -0.9751 0.0823 -0.2057
vn -0.9737 0.0755 -0.2149
vn -0.9771 0.0718 -0.2004
vn -0.9764 0.0688 -0.2047
vn -0.9779 0.0111 -0.2090
vn -0.9774 0.0129 -0.2109
vn -0.9793 0.0126 -0.2022
vn -0.9772 0.0114 -0.2118
vn -0.9764 0.0088 -0.2159
vn -0.9765 0.0087 -0.2153
vn -0.9776 0.0043 -0.2103
vn -0.9750 0.0805 -0.2072
vn -0.9783 0.0943 -0.1847
vn -0.9644 0.1615 -0.2093
vn -0.9653 0.1868 -0.1824
vn -0.9466 0.2442 -0.2105
vn -0.9449 0.2686 -0.1872
vn -0.9201 0.3283 -0.2135
vn -0.9197 0.3346 -0.2054
vn -0.8854 0.4123 -0.2148
vn -0.8837 0.4202 -0.2062
vn -0.8525 0.4837 -0.1983
vn -0.8506 0.4840 -0.2054
vn -0.8489 0.4897 -0.1987
vn -0.7958 0.5588 -0.2334
vn -0.8101 0.5594 -0.1756
vn -0.7936 0.5761 -0.1958
vn -0.7338 0.6530 -0.1874
vn -0.7265 0.6664 -0.1676
vn -0.7059 0.6735 -0.2192
vn -0.6877 0.7016 -0.1867
vn -0.6226 0.7577 -0.1957
vn -0.6227 0.7583 -0.1931
vn -0.5484 0.8176 -0.1754
vn -0.5303 0.8264 -0.1896
vn -0.5308 0.8287 -0.1776
vn -0.5300 0.8291 -0.1782
vn -0.5076 0.8436 -0.1752
vn -0.4733 0.8558 -0.2089
vn -0.4696 0.8605 -0.1976
vn -0.5423 0.8352 -0.0911
vn -0.5084 0.8420 -0.1808
vn -0.5283 0.8285 -0.1856
vn -0.5479 0.8114 -0.2037
vn -0.6233 0.7647 -0.1635
vn -0.5005 0.8450 -0.1882
vn -0.5030 0.8412 -0.1987
vn -0.4817 0.8482 -0.2203
vn -0.5047 0.8366 -0.2130
vn -0.4923 0.8390 -0.2317
vn -0.5483 0.8131 -0.1954
vn -0.5421 0.8087 -0.2283
vn -0.4608 0.8473 -0.2641
vn -0.4172 0.8704 -0.2613
vn -0.4249 0.8707 -0.2476
vn -0.5389 0.8100 -0.2313
vn -0.5778 0.7883 -0.2115
vn -0.5773 0.7934 -0.1930
vn -0.6507 0.7398 -0.1712
vn -0.5989 0.7650 -0.2369
vn -0.5985 0.7648 -0.2385
vn -0.5781 0.7844 -0.2249
vn -0.5781 0.7844 -0.2247
vn -0.5984 0.7736 -0.2083
vn -0.5974 0.7738 -0.2107
vn -0.6317 0.7486 -0.2015
vn -0.6370 0.7322 -0.2412
vn -0.6854 0.6977 -0.2086
vn -0.6851 0.6975 -0.2101
vn -0.7148 0.6756 -0.1806
vn -0.7454 0.6125 -0.2633
vn -0.7760 0.5785 -0.2512
vn -0.7966 0.5195 -0.3090
vn -0.8269 0.5111 -0.2346
vn -0.8292 0.4997 -0.2506
vn -0.8301 0.4993 -0.2484
vn -0.8373 0.4719 -0.2761
vn -0.8948 0.3795 -0.2352
vn -0.8760 0.3861 -0.2889
vn -0.9004 0.3471 -0.2625
vn -0.8985 0.3465 -0.2694
vn -0.8750 0.4257 -0.2304
vn -0.8567 0.3974 -0.3288
vn -0.8415 0.4145 -0.3466
vn -0.8844 0.2433 -0.3984
vn -0.9000 0.2996 -0.3167
vn -0.9308 0.2752 -0.2404
vn -0.9228 0.2587 -0.2854
vn -0.9349 0.2892 -0.2057
vn -0.9279 0.2971 -0.2251
vn -0.9405 0.2299 -0.2501
vn -0.8980 0.3590 -0.2545
vn -0.9140 0.3517 -0.2024
vn -0.9161 0.3298 -0.2281
vn -0.9474 0.2388 -0.2131
vn -0.9478 0.2410 -0.2086
vn -0.9602 0.1668 -0.2242
vn -0.9641 0.1688 -0.2051
vn -0.9443 0.2265 -0.2389
vn -0.9545 0.2241 -0.1967
vn -0.9452 0.2441 -0.2168
vn -0.9193 0.3235 -0.2239
vn -0.9199 0.3228 -0.2224
vn -0.8960 0.4001 -0.1925
vn -0.8858 0.3956 -0.2427
vn -0.8777 0.4299 -0.2117
vn -0.9193 0.3275 -0.2180
vn -0.8710 0.4325 -0.2331
vn -0.8636 0.4616 -0.2027
vn -0.8085 0.5389 -0.2363
vn -0.8227 0.5330 -0.1977
vn -0.7556 0.6133 -0.2301
vn -0.7476 0.6329 -0.2012
vn -0.7325 0.6396 -0.2332
vn -0.7152 0.6720 -0.1920
vn -0.6864 0.6954 -0.2127
vn -0.6787 0.7118 -0.1809
vn -0.6112 0.7600 -0.2210
vn -0.5740 0.7939 -0.2006
vn -0.7954 0.5723 -0.1993
vn -0.7588 0.5817 -0.2930
vn -0.7275 0.6415 -0.2434
vn -0.7178 0.6387 -0.2773
vn -0.6852 0.6880 -0.2393
vn -0.8699 0.4311 -0.2395
vn -0.7511 0.6163 -0.2367
vn -0.8276 0.4813 -0.2887
vn -0.7506 0.6103 -0.2535
vn -0.6901 0.7126 -0.1267
vn -0.6448 0.7434 -0.1777
vn -0.5910 0.7847 -0.1873
vn -0.5606 0.7772 -0.2857
vn -0.6792 0.6769 -0.2837
vn -0.6559 0.7219 -0.2207
vn -0.5502 0.7944 -0.2574
vn -0.5129 0.8119 -0.2788
vn -0.5758 0.7941 -0.1946
vn -0.4917 0.8395 -0.2314
vn -0.4787 0.8515 -0.2140
vn -0.5323 0.8150 -0.2288
vn -0.6197 0.7601 -0.1956
vn -0.6205 0.7589 -0.1978
vn -0.6768 0.7015 -0.2231
vn -0.6647 0.7221 -0.1915
vn -0.7731 0.6063 -0.1865
vn -0.8349 0.4959 -0.2386
vn -0.8437 0.4952 -0.2070
vn -0.8823 0.4201 -0.2122
vn -0.9224 0.3316 -0.1982
vn -0.9361 0.2679 -0.2280
vn -0.9551 0.1906 -0.2270
vn -0.9720 0.1328 -0.1941
vn -0.9689 0.0992 -0.2266
vn -0.9769 0.0684 -0.2025
vn -0.9631 0.1366 -0.2320
vn -0.9804 0.0175 -0.1964
vn -0.9810 0.0167 -0.1933
vn -0.9795 0.0138 -0.2011
vn -0.9826 0.0070 -0.1854
vn -0.9825 0.0068 -0.1861
vn -0.9810 0.0509 -0.1870
vn -0.9793 0.0506 -0.1961
vn -0.9799 0.0694 -0.1872
vn -0.9786 0.0713 -0.1928
vn -0.9808 0.0309 -0.1924
vn -0.9847 0.0102 -0.1741
vn -0.9845 -0.0040 -0.1756
vn -0.9854 -0.0096 -0.1702
vn -0.9841 -0.0037 -0.1775
vn -0.9711 0.0484 -0.2336
vn -0.9705 0.0757 -0.2290
vn -0.9836 0.0307 -0.1776
vn -0.9741 0.0723 -0.2143
vn -0.9822 0.0074 -0.1878
vn -0.9787 0.0764 -0.1904
vn -0.9668 0.1516 -0.2055
vn -0.9441 0.2429 -0.2230
vn -0.9737 0.1086 -0.2001
vn -0.9451 0.2250 -0.2372
vn -0.9702 0.1084 -0.2166
vn -0.9305 0.2500 -0.2678
vn -0.9357 0.1504 -0.3191
vn -0.9529 0.1407 -0.2687
vn -0.6337 0.7648 0.1164
vn -0.7238 0.6843 0.0883
vn -0.7242 0.6814 0.1057
vn -0.7643 0.6428 0.0510
vn -0.7918 0.6081 0.0579
vn -0.8054 0.5872 -0.0812
vn -0.8560 0.5092 -0.0892
vn -0.8570 0.5153 -0.0008
vn -0.8991 0.4376 -0.0085
vn -0.8992 0.4376 -0.0022
vn -0.9327 0.3607 -0.0066
vn -0.9326 0.3608 -0.0105
vn -0.9585 0.2847 -0.0119
vn -0.9574 0.2806 0.0685
vn -0.9769 0.2024 0.0689
vn -0.9782 0.2076 -0.0091
vn -0.9918 0.1274 -0.0071
vn -0.9918 0.1277 -0.0109
vn -0.9991 0.0428 -0.0072
vn -0.9990 0.0437 -0.0083
vn -0.9992 -0.0392 -0.0077
vn -0.9992 -0.0397 -0.0071
vn -0.9992 -0.0402 -0.0014
vn -0.9992 0.0404 -0.0021
vn -0.9967 0.0340 0.0731
vn -0.9901 0.1203 0.0728
vn -0.9900 0.1212 0.0718
vn -0.9919 0.1268 -0.0119
vn -0.9786 0.2054 -0.0106
vn -0.9785 0.2059 -0.0112
vn -0.9787 0.2053 -0.0083
vn -0.9603 0.2790 -0.0032
vn -0.9591 0.2828 -0.0075
vn -0.9602 0.2793 -0.0083
vn -0.9391 0.3436 0.0032
vn -0.9340 0.3572 -0.0102
vn -0.9305 0.3508 -0.1049
vn -0.9014 0.4262 -0.0767
vn -0.8999 0.4290 -0.0792
vn -0.9121 0.4079 0.0409
vn -0.8862 0.4562 0.0812
vn -0.8531 0.5185 0.0588
vn -0.8405 0.5337 0.0931
vn -0.8051 0.5875 0.0819
vn -0.7966 0.5963 0.0989
vn -0.7954 0.5986 0.0952
vn -0.8014 0.5930 0.0781
vn -0.7338 0.6740 0.0853
vn -0.7344 0.6732 0.0864
vn -0.6455 0.7580 0.0938
vn -0.6547 0.7525 0.0714
vn -0.6172 0.7847 0.0578
vn -0.6183 0.7808 0.0901
vn -0.6090 0.7894 0.0774
vn -0.6090 0.7894 0.0773
vn -0.6079 0.7903 0.0761
vn -0.6076 0.7929 0.0464
vn -0.6183 0.7852 0.0344
vn -0.6071 0.7940 0.0294
vn -0.6291 0.7759 -0.0480
vn -0.7415 0.6677 -0.0655
vn -0.7425 0.6698 0.0054
vn -0.8012 0.5984 -0.0037
vn -0.8012 0.5984 -0.0004
vn -0.8538 0.5206 -0.0044
vn -0.8537 0.5206 -0.0123
vn -0.8972 0.4415 -0.0132
vn -0.8960 0.4396 0.0635
vn -0.9302 0.3614 0.0643
vn -0.9313 0.3641 -0.0109
vn -0.9586 0.2847 -0.0093
vn -0.9585 0.2849 -0.0136
vn -0.9785 0.2059 -0.0104
vn -0.9782 0.2071 -0.0123
vn -0.9585 0.2848 -0.0134
vn -0.9313 0.3639 -0.0149
vn -0.8961 0.4435 -0.0152
vn -0.8959 0.4440 -0.0161
vn -0.8515 0.5241 -0.0164
vn -0.8512 0.5246 -0.0173
vn -0.7962 0.6048 -0.0181
vn -0.7966 0.6042 -0.0169
vn -0.7310 0.6821 -0.0194
vn -0.7323 0.6808 -0.0163
vn -0.6316 0.7750 -0.0214
vn -0.6589 0.7514 0.0353
vn -0.6056 0.7951 0.0334
vn -0.5825 0.8127 -0.0124
vn -0.6067 0.7950 -0.0054
vn -0.6074 0.7944 -0.0040
vn -0.6073 0.7944 -0.0003
vn -0.6110 0.7916 0.0062
vn -0.6248 0.7808 0.0061
vn -0.6247 0.7807 -0.0166
vn -0.6438 0.7641 0.0404
vn -0.7295 0.6828 0.0405
vn -0.7306 0.6827 -0.0150
vn -0.7330 0.6785 0.0485
vn -0.7951 0.6045 0.0486
vn -0.7963 0.6048 -0.0135
vn -0.7975 0.6008 0.0548
vn -0.8505 0.5230 0.0554
vn -0.8517 0.5239 -0.0123
vn -0.8518 0.5205 0.0594
vn -0.7989 0.6013 -0.0141
vn -0.7354 0.6776 -0.0126
vn -0.7353 0.6777 -0.0019
vn -0.6429 0.7659 0.0046
vn -0.6357 0.7719 -0.0054
vn -0.6356 0.7719 -0.0119
vn -0.6172 0.7868 -0.0040
vn -0.6140 0.7893 -0.0086
vn -0.6139 0.7894 0.0023
vn -0.6172 0.7867 -0.0100
vn -0.6236 0.7817 -0.0016
vn -0.6237 0.7816 0.0086
vn -0.6429 0.7659 -0.0039
vn -0.6529 0.7574 0.0093
vn -0.7372 0.6756 0.0014
vn -0.7996 0.6003 -0.0126
vn -0.7345 0.6785 -0.0143
vn -0.6439 0.7651 0.0010
vn -0.6111 0.7915 -0.0021
vn -0.6316 0.7753 -0.0036
vn -0.7310 0.6823 -0.0141
vn -0.7962 0.6049 -0.0137
vn -0.8516 0.5241 -0.0126
vn -0.8962 0.4435 -0.0115
vn -0.9584 0.2852 -0.0101
vn -0.9314 0.3638 -0.0104
vn -0.9308 0.3594 0.0671
vn -0.8951 0.4418 0.0602
vn -0.8978 0.4403 -0.0116
vn -0.8531 0.5215 -0.0137
vn -0.8550 0.5187 -0.0018
vn -0.7997 0.6004 -0.0032
vn -0.8053 0.5928 0.0033
vn -0.7373 0.6756 -0.0024
vn -0.6534 0.7568 -0.0153
vn -0.6148 0.7887 -0.0034
vn -0.6173 0.7846 0.0578
vn -0.6142 0.7887 0.0267
vn -0.6203 0.7837 0.0325
vn -0.6169 0.7869 -0.0150
vn -0.6336 0.7737 -0.0042
vn -0.6277 0.7769 -0.0498
vn -0.5971 0.8013 -0.0375
vn -0.6064 0.7946 -0.0302
vn -0.6298 0.7753 -0.0479
vn -0.7217 0.6894 -0.0631
vn -0.7150 0.6990 -0.0151
vn -0.7770 0.6286 -0.0339
vn -0.7876 0.6160 -0.0185
vn -0.7845 0.6141 -0.0862
vn -0.7744 0.6295 -0.0642
vn -0.8279 0.5568 -0.0672
vn -0.8240 0.5637 -0.0575
vn -0.8745 0.4804 -0.0669
vn -0.8744 0.4806 -0.0671
vn -0.9007 0.4253 -0.0890
vn -0.9093 0.4149 -0.0333
vn -0.9075 0.4193 -0.0261
vn -0.9493 0.3133 -0.0264
vn -0.9475 0.3196 -0.0024
vn -0.9728 0.2317 -0.0050
vn -0.9715 0.2369 -0.0107
vn -0.9710 0.2360 -0.0385
vn -0.9747 0.2220 -0.0245
vn -0.9879 0.1470 -0.0487
vn -0.9932 0.1139 -0.0229
vn -0.9869 0.1234 -0.1035
vn -0.9954 0.0639 -0.0720
vn -0.9947 0.0305 -0.0982
vn -0.9984 0.0334 -0.0462
vn -0.9980 -0.0289 -0.0563
vn -0.9971 -0.0213 -0.0734
vn -0.9985 -0.0232 -0.0491
vn -0.9992 -0.0305 -0.0266
vn -0.9993 -0.0190 -0.0334
vn -0.9998 -0.0199 -0.0067
vn -0.9995 -0.0317 0.0062
vn -0.9995 -0.0318 0.0067
vn -0.9994 -0.0341 0.0036
vn -0.9995 -0.0331 0.0011
vn -0.9996 -0.0280 -0.0020
vn -0.9988 0.0386 0.0304
vn -0.9986 0.0480 0.0221
vn -0.9990 0.0436 -0.0080
vn -0.9995 0.0296 0.0078
vn -0.9917 0.1281 0.0120
vn -0.9908 0.1349 0.0047
vn -0.9864 0.1273 -0.1040
vn -0.9931 0.0452 -0.1078
vn -0.9990 0.0430 -0.0131
vn -0.9990 -0.0412 -0.0172
vn -0.9991 -0.0418 -0.0096
vn -0.9991 -0.0409 -0.0106
vn -0.9991 -0.0411 -0.0075
vn -0.9992 -0.0402 -0.0086
vn -0.9968 -0.0455 0.0654
vn -0.9961 -0.0508 0.0720
vn -0.9992 0.0404 -0.0083
vn -0.9991 0.0416 -0.0096
vn -0.9991 0.0405 -0.0099
vn -0.9923 0.1233 -0.0080
vn -0.9922 0.1243 -0.0091
vn -0.9923 0.1233 -0.0092
vn -0.9801 0.1987 -0.0045
vn -0.9792 0.2029 -0.0086
vn -0.9747 0.2025 -0.0945
vn -0.9636 0.2543 -0.0827
vn -0.9549 0.2787 -0.1021
vn -0.9701 0.2413 -0.0238
vn -0.9544 0.2984 0.0125
vn -0.9498 0.3128 0.0025
vn -0.9533 0.2947 0.0659
vn -0.9238 0.3774 0.0637
vn -0.9218 0.3810 0.0711
vn -0.8863 0.4560 0.0810
vn -0.8863 0.4561 0.0808
vn -0.8872 0.4547 0.0785
vn -0.8455 0.5286 0.0760
vn -0.8464 0.5298 0.0532
vn -0.8407 0.5377 0.0638
vn -0.8310 0.5563 -0.0002
vn -0.8672 0.4971 0.0272
vn -0.8703 0.4910 -0.0382
vn -0.8280 0.5604 -0.0208
vn -0.8913 0.4534 -0.0041
vn -0.8879 0.4569 0.0534
vn -0.9235 0.3814 0.0408
vn -0.9170 0.3987 0.0099
vn -0.9251 0.3781 0.0341
vn -0.9275 0.3652 0.0800
vn -0.9509 0.3055 0.0491
vn -0.9522 0.3006 0.0543
vn -0.9755 0.2154 0.0442
vn -0.9756 0.2153 0.0439
vn -0.9755 0.2155 0.0437
vn -0.9748 0.2198 0.0392
vn -0.9910 0.1312 0.0263
vn -0.9925 0.1154 0.0402
vn -0.9923 0.1233 -0.0090
vn -0.9863 0.1636 0.0235
vn -0.9967 0.0782 0.0192
vn -0.9951 0.0909 -0.0394
vn -0.9759 0.2168 0.0250
vn -0.9501 0.3112 0.0224
vn -0.9536 0.2980 0.0426
vn -0.8336 0.5523 -0.0077
vn -0.8871 0.4587 0.0516
vn -0.9217 0.3818 0.0688
vn -0.9506 0.3056 0.0545
vn -0.9742 0.2251 -0.0175
vn -0.9733 0.2070 -0.0992
vn -0.9925 0.1220 -0.0078
vn -0.9992 0.0397 -0.0091
vn -0.9989 -0.0433 -0.0153
vn -0.9949 -0.0332 -0.0948
vn -0.9944 -0.0192 -0.1040
vn -0.9987 -0.0473 -0.0194
vn -0.9992 0.0398 -0.0099
vn -0.9877 0.1217 -0.0981
vn -0.9778 0.2093 0.0042
vn -0.9909 0.1299 0.0357
vn -0.9960 0.0226 -0.0865
vn -0.9907 0.1315 0.0341
vn -0.9992 0.0393 0.0113
vn -0.9995 -0.0305 0.0047
vn -0.9989 0.0475 0.0038
vn -0.9988 0.0492 -0.0072
vn -0.9989 0.0465 -0.0085
vn -0.9969 -0.0225 -0.0748
vn -0.9860 0.1507 -0.0717
vn -0.9665 0.2380 -0.0961
vn -0.9973 0.0469 -0.0574
vn -0.9894 0.1446 -0.0112
vn -0.9748 0.2145 -0.0617
vn -0.9469 0.3114 -0.0798
vn -0.9449 0.3198 -0.0694
vn -0.9837 0.1764 -0.0343
vn -0.9724 0.2332 -0.0004
vn -0.9511 0.3085 0.0142
vn -0.9533 0.3017 -0.0144
vn -0.9152 0.4027 0.0167
vn -0.9137 0.4011 -0.0645
vn -0.8706 0.4905 -0.0376
vn -0.8314 0.5541 -0.0414
vn -0.7714 0.6364 0.0051
vn -0.7673 0.6413 -0.0012
vn -0.7639 0.6413 0.0723
vn -0.7159 0.6979 0.0207
vn -0.7097 0.7044 0.0139
vn -0.6634 0.7470 0.0432
vn -0.7123 0.6987 0.0671
vn -0.7209 0.6930 -0.0044
vn -0.7125 0.6972 -0.0793
vn -0.6538 0.7563 -0.0236
vn -0.6087 0.7934 -0.0072
vn -0.6428 0.7656 0.0239
vn -0.6400 0.7676 0.0344
vn -0.7379 0.6734 0.0456
vn -0.7926 0.6085 0.0381
vn -0.8492 0.5212 0.0853
vn -0.8440 0.5258 0.1057
vn -0.8558 0.5127 0.0684
vn -0.8862 0.4562 0.0809
vn -0.9226 0.3820 0.0538
vn -0.9415 0.3261 -0.0850
vn -0.9630 0.2696 0.0009
vn -0.9792 0.2027 -0.0055
vn -0.9922 0.1243 -0.0089
vn -0.9968 0.0355 0.0713
vn -0.9990 -0.0453 0.0050
vn -0.9990 0.0434 -0.0060
vn -0.9921 0.1253 -0.0075
vn -0.9918 0.1275 -0.0073
vn -0.9783 0.2068 -0.0080
vn -0.9771 0.2004 0.0715
vn -0.9573 0.2813 0.0676
vn -0.9591 0.2829 -0.0096
vn -0.9320 0.3623 -0.0126
vn -0.9341 0.3569 -0.0022
vn -0.8978 0.4403 -0.0055
vn -0.9031 0.4294 0.0005
vn -0.8550 0.5186 -0.0048
vn -0.8680 0.4919 -0.0678
vn -0.8018 0.5913 -0.0864
vn -0.8051 0.5874 0.0825
vn -0.7451 0.6641 -0.0614
vn -0.6171 0.7850 0.0541
vn -0.7311 0.6750 0.0997
vn -0.6081 0.7901 0.0774
vn -0.6393 0.7644 0.0839
vn -0.8254 0.5571 -0.0921
vn -0.7703 0.6290 -0.1050
vn -0.7584 0.6463 -0.0837
vn -0.7575 0.6401 -0.1284
vn -0.6968 0.7078 -0.1157
vn -0.7072 0.7004 -0.0966
vn -0.6439 0.7607 -0.0818
vn -0.6428 0.7536 -0.1376
vn -0.6071 0.7866 -0.1126
vn -0.6084 0.7833 -0.1274
vn -0.5793 0.8055 -0.1244
vn -0.5750 0.8071 -0.1340
vn -0.5767 0.8083 -0.1186
vn -0.5659 0.8124 -0.1404
vn -0.5620 0.8160 -0.1348
vn -0.5574 0.8161 -0.1525
vn -0.5600 0.8147 -0.1502
vn -0.5580 0.8120 -0.1710
vn -0.5520 0.8172 -0.1659
vn -0.5950 0.7760 -0.2094
vn -0.6679 0.7232 -0.1758
vn -0.6750 0.7135 -0.1877
vn -0.6824 0.7093 -0.1768
vn -0.6812 0.7131 -0.1658
vn -0.7444 0.6417 -0.1847
vn -0.7505 0.6437 -0.1498
vn -0.6839 0.7089 -0.1726
vn -0.6960 0.7025 -0.1488
vn -0.6905 0.7114 -0.1308
vn -0.7610 0.6329 -0.1424
vn -0.7675 0.6266 -0.1353
vn -0.7953 0.5840 -0.1624
vn -0.8080 0.5776 -0.1164
vn -0.8139 0.5667 -0.1285
vn -0.8564 0.5023 -0.1199
vn -0.8591 0.5038 -0.0901
vn -0.8703 0.4815 -0.1038
vn -0.8957 0.4377 -0.0788
vn -0.8897 0.4329 -0.1449
vn -0.8955 0.4243 -0.1346
vn -0.9346 0.3278 -0.1382
vn -0.9278 0.3368 -0.1603
vn -0.9263 0.3468 -0.1472
vn -0.8971 0.4122 -0.1589
vn -0.8963 0.4089 -0.1717
vn -0.8631 0.4792 -0.1592
vn -0.8617 0.4741 -0.1808
vn -0.8158 0.5486 -0.1828
vn -0.8254 0.5457 -0.1449
vn -0.8122 0.5603 -0.1623
vn -0.8153 0.5502 -0.1805
vn -0.8005 0.5593 -0.2154
vn -0.7951 0.5760 -0.1896
vn -0.7308 0.6525 -0.2002
vn -0.8471 0.4948 -0.1942
vn -0.8613 0.4565 -0.2232
vn -0.8900 0.4112 -0.1969
vn -0.9009 0.3728 -0.2222
vn -0.9242 0.3269 -0.1976
vn -0.9275 0.3083 -0.2113
vn -0.9498 0.2432 -0.1968
vn -0.9519 0.2439 -0.1857
vn -0.9599 0.1931 -0.2032
vn -0.9696 0.1643 -0.1815
vn -0.9647 0.1664 -0.2039
vn -0.9672 0.1601 -0.1974
vn -0.9758 0.0747 -0.2053
vn -0.9733 0.0814 -0.2145
vn -0.9793 0.0033 -0.2026
vn -0.9782 0.0001 -0.2079
vn -0.9811 -0.0035 -0.1934
vn -0.9800 0.0033 -0.1991
vn -0.9850 0.0004 -0.1728
vn -0.9819 0.0140 -0.1888
vn -0.9827 0.0960 -0.1585
vn -0.9824 0.0971 -0.1597
vn -0.9873 0.0973 -0.1256
vn -0.9781 0.1363 -0.1574
vn -0.9829 0.1379 -0.1217
vn -0.9902 0.0534 -0.1291
vn -0.9923 0.0615 -0.1077
vn -0.9928 0.0592 -0.1044
vn -0.9937 0.0657 -0.0908
vn -0.9949 -0.0201 -0.0991
vn -0.9949 -0.0203 -0.0988
vn -0.9846 0.1477 -0.0931
vn -0.9833 0.1529 -0.0982
vn -0.9683 0.2329 -0.0904
vn -0.9662 0.2382 -0.0985
vn -0.9415 0.3217 -0.1010
vn -0.9403 0.3292 -0.0869
vn -0.9664 0.2280 -0.1185
vn -0.9702 0.2175 -0.1064
vn -0.9623 0.2173 -0.1634
vn -0.9927 -0.0235 -0.1180
vn -0.9921 -0.0175 -0.1241
vn -0.9886 -0.0177 -0.1496
vn -0.9817 0.1422 -0.1266
vn -0.9759 0.1718 -0.1349
vn -0.9865 0.0621 -0.1512
vn -0.9693 0.1823 -0.1652
vn -0.9925 0.0081 -0.1219
vn -0.9810 0.0742 -0.1793
vn -0.9743 0.0971 -0.2032
vn -0.9690 0.1806 -0.1684
vn -0.9538 0.2474 -0.1706
vn -0.9412 0.2748 -0.1967
vn -0.9301 0.3256 -0.1702
vn -0.9264 0.3271 -0.1867
vn -0.9506 0.2467 -0.1882
vn -0.9501 0.2427 -0.1962
vn -0.9399 0.2976 -0.1676
vn -0.9149 0.3692 -0.1635
vn -0.8952 0.4034 -0.1893
vn -0.8724 0.4604 -0.1643
vn -0.8580 0.4857 -0.1671
vn -0.8594 0.4877 -0.1537
vn -0.8519 0.4970 -0.1648
vn -0.8996 0.4037 -0.1664
vn -0.9141 0.3575 -0.1915
vn -0.9546 0.2690 -0.1280
vn -0.9338 0.3394 -0.1130
vn -0.8945 0.4157 -0.1642
vn -0.9091 0.4029 -0.1060
vn -0.8542 0.5051 -0.1235
vn -0.8131 0.5636 -0.1453
vn -0.7601 0.6278 -0.1676
vn -0.7438 0.6422 -0.1855
vn -0.6818 0.7127 -0.1650
vn -0.5843 0.7969 -0.1532
vn -0.7434 0.6436 -0.1819
vn -0.5994 0.7864 -0.1493
vn -0.5856 0.7942 -0.1625
vn -0.5939 0.7924 -0.1394
vn -0.5957 0.7900 -0.1449
vn -0.5799 0.8111 -0.0765
vn -0.5955 0.8009 -0.0621
vn -0.6267 0.7734 -0.0953
vn -0.6970 0.7076 -0.1162
vn -0.7586 0.6391 -0.1265
vn -0.7103 0.6965 -0.1020
vn -0.8162 0.5676 -0.1083
vn -0.9829 -0.0425 -0.1792
vn -0.9783 -0.0629 -0.1974
vn -0.9762 -0.0920 -0.1965
vn -0.9708 -0.0700 -0.2294
vn -0.9701 -0.0926 -0.2243
vn -0.9564 -0.1476 -0.2519
vn -0.9497 -0.1551 -0.2721
vn -0.9460 -0.2025 -0.2532
vn -0.9404 -0.2199 -0.2595
vn -0.9487 -0.2216 -0.2254
vn -0.9447 -0.2304 -0.2333
vn -0.9460 -0.2300 -0.2283
vn -0.9462 -0.2339 -0.2237
vn -0.9411 -0.2380 -0.2401
vn -0.9409 -0.2341 -0.2446
vn -0.9362 -0.2359 -0.2605
vn -0.9364 -0.2376 -0.2584
vn -0.9189 -0.2461 -0.3084
vn -0.9235 -0.2676 -0.2750
vn -0.9270 -0.2508 -0.2790
vn -0.9281 -0.2532 -0.2730
vn -0.9248 -0.2603 -0.2776
vn -0.9285 -0.2498 -0.2748
vn -0.9518 -0.1758 -0.2513
vn -0.9537 -0.1753 -0.2443
vn -0.9595 -0.1270 -0.2517
vn -0.9650 -0.1356 -0.2246
vn -0.9645 -0.1265 -0.2320
vn -0.9739 -0.0646 -0.2177
vn -0.9740 -0.0646 -0.2169
vn -0.9712 -0.0552 -0.2319
vn -0.9758 -0.0522 -0.2121
vn -0.9760 -0.0526 -0.2115
vn -0.9776 -0.0520 -0.2037
vn -0.9751 -0.0440 -0.2172
vn -0.9788 -0.0445 -0.2001
vn -0.9799 -0.0410 -0.1951
vn -0.9814 -0.0420 -0.1873
vn -0.9823 -0.0485 -0.1811
vn -0.9793 -0.0484 -0.1964
vn -0.9833 -0.0342 -0.1789
vn -0.9753 -0.0886 -0.2024
vn -0.9758 -0.0884 -0.2002
vn -0.9660 -0.1303 -0.2234
vn -0.9702 -0.1321 -0.2032
vn -0.9603 -0.1522 -0.2336
vn -0.9455 -0.2243 -0.2360
vn -0.9606 -0.1531 -0.2321
vn -0.9560 -0.1591 -0.2464
vn -0.9397 -0.2359 -0.2477
vn -0.9684 -0.1063 -0.2257
vn -0.9695 -0.1067 -0.2204
vn -0.9665 -0.1376 -0.2165
vn -0.9521 -0.2150 -0.2175
vn -0.9549 -0.2137 -0.2063
vn -0.9669 -0.1379 -0.2145
vn -0.9696 -0.1320 -0.2062
vn -0.9670 -0.1268 -0.2212
vn -0.9750 -0.0866 -0.2047
vn -0.9750 -0.0866 -0.2046
vn -0.9761 -0.0906 -0.1974
vn -0.9748 -0.0905 -0.2040
vn -0.9678 -0.1021 -0.2299
vn -0.9741 -0.0659 -0.2163
vn -0.9708 -0.1053 -0.2157
vn -0.9505 -0.1544 -0.2696
vn -0.9520 -0.1802 -0.2475
vn -0.9378 -0.2342 -0.2561
vn -0.9246 -0.2666 -0.2722
vn -0.9393 -0.2276 -0.2566
vn -0.9454 -0.2206 -0.2400
vn -0.9485 -0.2224 -0.2255
vn -0.9522 -0.2008 -0.2303
vn -0.9404 -0.2264 -0.2537
vn -0.9276 -0.2334 -0.2917
vn -0.9346 -0.2105 -0.2866
vn -0.9396 -0.1626 -0.3012
vn -0.9223 -0.2850 -0.2612
vn -0.9613 -0.1807 -0.2079
vn -0.9516 -0.1947 -0.2379
vn -0.9754 -0.0931 -0.1999
vn -0.9798 -0.0636 -0.1896
vn -0.9831 -0.0342 -0.1797
vn -0.9849 -0.0264 -0.1710
vn -0.9447 -0.3196 -0.0742
vn -0.9448 -0.3137 -0.0943
vn -0.9347 -0.3386 -0.1085
vn -0.9342 -0.3554 -0.0312
vn -0.9204 -0.3889 -0.0396
vn -0.9192 -0.3938 -0.0076
vn -0.9203 -0.3910 -0.0105
vn -0.9189 -0.3943 0.0117
vn -0.9211 -0.3892 0.0058
vn -0.9199 -0.3915 0.0222
vn -0.9178 -0.3961 0.0281
vn -0.9185 -0.3950 0.0198
vn -0.9160 -0.4003 0.0269
vn -0.9172 -0.3982 0.0118
vn -0.9068 -0.4196 0.0407
vn -0.9248 -0.3784 0.0407
vn -0.9379 -0.3469 -0.0012
vn -0.9610 -0.2767 -0.0006
vn -0.9615 -0.2750 -0.0028
vn -0.9797 -0.2005 -0.0022
vn -0.9800 -0.1987 -0.0044
vn -0.9926 -0.1212 -0.0044
vn -0.9928 -0.1198 -0.0060
vn -0.9924 -0.1227 0.0058
vn -0.9925 -0.1220 0.0049
vn -0.9891 -0.1314 0.0660
vn -0.9885 -0.1344 0.0694
vn -0.9748 -0.2119 0.0697
vn -0.9795 -0.2015 0.0049
vn -0.9743 -0.2136 0.0717
vn -0.9548 -0.2884 0.0719
vn -0.9605 -0.2783 0.0058
vn -0.9549 -0.2882 0.0717
vn -0.9160 -0.3947 0.0716
vn -0.9611 -0.2761 -0.0057
vn -0.9793 -0.2025 -0.0044
vn -0.9795 -0.2012 -0.0118
vn -0.9921 -0.1248 -0.0086
vn -0.9925 -0.1221 -0.0112
vn -0.9924 -0.1230 -0.0062
vn -0.9922 -0.1230 -0.0183
vn -0.9907 -0.1358 -0.0065
vn -0.9787 -0.2047 -0.0161
vn -0.9751 -0.2217 -0.0011
vn -0.9594 -0.2817 -0.0154
vn -0.9590 -0.2833 -0.0063
vn -0.9310 -0.3646 -0.0145
vn -0.9608 -0.2771 -0.0124
vn -0.9541 -0.2994 -0.0008
vn -0.9728 -0.1998 -0.1176
vn -0.9862 -0.1395 -0.0887
vn -0.9880 -0.1453 -0.0528
vn -0.9786 -0.2038 -0.0290
vn -0.9787 -0.2024 -0.0337
vn -0.9806 -0.1947 -0.0223
vn -0.9931 -0.1167 -0.0088
vn -0.9929 -0.1190 -0.0066
vn -0.9931 -0.1176 0.0009
vn -0.9927 -0.1206 -0.0045
vn -0.9929 -0.1166 -0.0221
vn -0.9938 -0.1099 -0.0146
vn -0.9935 -0.1094 -0.0329
vn -0.9929 -0.1161 -0.0269
vn -0.9911 -0.1156 -0.0656
vn -0.9926 -0.1082 -0.0552
vn -0.9914 -0.1053 -0.0771
vn -0.9912 -0.1066 -0.0790
vn -0.9792 -0.1850 -0.0835
vn -0.9805 -0.1806 -0.0773
vn -0.9649 -0.2443 -0.0965
vn -0.9621 -0.2577 -0.0887
vn -0.9401 -0.3191 -0.1197
vn -0.9434 -0.3289 -0.0420
vn -0.9598 -0.2720 -0.0686
vn -0.9615 -0.2705 -0.0475
vn -0.9339 -0.3494 -0.0765
vn -0.9389 -0.3403 -0.0521
vn -0.9365 -0.3495 -0.0294
vn -0.9275 -0.3703 -0.0512
vn -0.9262 -0.3738 -0.0490
vn -0.9179 -0.3908 -0.0679
vn -0.9179 -0.3922 -0.0609
vn -0.9156 -0.3967 -0.0659
vn -0.9157 -0.3967 -0.0648
vn -0.9123 -0.4059 -0.0547
vn -0.9107 -0.4083 -0.0632
vn -0.9100 -0.4100 -0.0608
vn -0.9113 -0.4083 -0.0532
vn -0.9165 -0.3947 -0.0658
vn -0.9142 -0.4005 -0.0621
vn -0.9185 -0.3915 -0.0553
vn -0.9280 -0.3714 -0.0292
vn -0.9270 -0.3704 -0.0586
vn -0.9628 -0.2695 -0.0208
vn -0.9600 -0.2769 -0.0414
vn -0.9785 -0.2058 -0.0112
vn -0.9776 -0.2076 -0.0359
vn -0.9668 -0.2549 -0.0149
vn -0.9559 -0.2883 -0.0552
vn -0.9268 -0.3709 -0.0581
vn -0.9599 -0.2775 -0.0400
vn -0.9250 -0.3751 -0.0607
vn -0.9273 -0.3674 -0.0722
vn -0.9267 -0.3681 -0.0759
vn -0.9290 -0.3607 -0.0827
vn -0.9282 -0.3593 -0.0961
vn -0.9231 -0.3682 -0.1107
vn -0.9645 -0.2574 -0.0592
vn -0.9831 -0.1802 -0.0321
vn -0.9334 -0.3512 -0.0736
vn -0.9356 -0.3370 -0.1049
vn -0.9690 -0.2429 -0.0456
vn -0.9802 -0.1893 -0.0579
vn -0.9805 -0.1881 -0.0563
vn -0.9802 -0.1902 -0.0559
vn -0.9821 -0.1878 -0.0142
vn -0.9806 -0.1948 -0.0209
vn -0.9633 -0.2672 -0.0254
vn -0.9683 -0.2413 -0.0648
vn -0.9925 -0.1193 -0.0249
vn -0.9675 -0.2341 -0.0953
vn -0.9870 -0.1169 -0.1101
vn -0.9785 -0.2063 -0.0069
vn -0.9604 -0.2787 -0.0028
vn -0.9339 -0.3575 -0.0049
vn -0.9797 -0.2003 -0.0069
vn -0.9926 -0.1213 -0.0080
vn -0.9794 -0.2016 0.0051
vn -0.9607 -0.2775 0.0049
vn -0.9276 -0.3735 0.0059
vn -0.9207 -0.3893 0.0269
vn -0.9318 -0.3617 0.0285
vn -0.9300 -0.3674 0.0068
vn -0.9287 -0.3708 -0.0080
vn -0.9169 -0.3979 -0.0314
vn -0.9292 -0.3691 -0.0188
vn -0.9146 -0.3986 -0.0676
vn -0.9543 -0.2747 -0.1173
vn -0.9557 -0.2909 -0.0458
vn -0.9180 -0.3932 -0.0510
vn -0.9894 -0.1037 -0.1018
vn -0.9894 -0.1076 -0.0980
vn -0.9847 -0.1079 -0.1371
vn -0.9872 -0.0963 -0.1269
vn -0.9838 -0.0951 -0.1522
vn -0.9836 -0.0890 -0.1568
vn -0.9804 -0.0889 -0.1756
vn -0.9794 -0.0800 -0.1855
vn -0.9695 -0.1518 -0.1923
vn -0.9729 -0.1492 -0.1765
vn -0.9573 -0.2279 -0.1777
vn -0.9536 -0.2116 -0.2143
vn -0.9432 -0.2633 -0.2027
vn -0.9320 -0.2539 -0.2585
vn -0.9528 -0.2011 -0.2276
vn -0.9509 -0.2023 -0.2342
vn -0.9464 -0.1892 -0.2619
vn -0.9326 -0.2533 -0.2571
vn -0.9251 -0.2659 -0.2712
vn -0.9257 -0.2612 -0.2734
vn -0.9162 -0.2756 -0.2910
vn -0.9222 -0.2807 -0.2660
vn -0.9217 -0.2849 -0.2631
vn -0.9293 -0.2943 -0.2230
vn -0.9226 -0.3027 -0.2391
vn -0.9272 -0.3149 -0.2029
vn -0.9236 -0.3198 -0.2114
vn -0.9237 -0.3373 -0.1816
vn -0.9160 -0.3472 -0.2008
vn -0.9217 -0.3583 -0.1485
vn -0.9204 -0.3635 -0.1441
vn -0.9331 -0.3319 -0.1386
vn -0.9399 -0.3200 -0.1193
vn -0.9610 -0.2479 -0.1223
vn -0.9578 -0.2523 -0.1380
vn -0.9761 -0.1710 -0.1338
vn -0.9571 -0.2571 -0.1335
vn -0.9603 -0.2543 -0.1143
vn -0.9773 -0.1816 -0.1094
vn -0.9364 -0.3054 -0.1728
vn -0.9357 -0.3085 -0.1710
vn -0.9302 -0.3045 -0.2050
vn -0.9379 -0.2910 -0.1889
vn -0.9545 -0.1817 -0.2365
vn -0.9638 -0.1262 -0.2347
vn -0.9657 -0.1328 -0.2230
vn -0.9735 -0.0657 -0.2188
vn -0.9750 -0.0724 -0.2100
vn -0.9758 -0.0723 -0.2062
vn -0.9670 -0.1425 -0.2112
vn -0.9651 -0.1330 -0.2256
vn -0.9301 -0.2702 -0.2488
vn -0.9322 -0.2818 -0.2271
vn -0.9540 -0.2112 -0.2129
vn -0.9473 -0.2459 -0.2052
vn -0.9683 -0.1417 -0.2059
vn -0.9773 -0.0805 -0.1957
vn -0.9729 -0.1486 -0.1771
vn -0.9816 -0.1548 -0.1122
vn -0.9766 -0.1831 -0.1126
vn -0.5387 0.8376 -0.0903
vn -0.5372 0.8381 -0.0948
vn -0.5408 0.8359 -0.0936
vn -0.5434 0.8386 -0.0384
vn -0.4937 0.8692 -0.0259
vn -0.4596 0.8875 0.0329
vn -0.4644 0.8841 0.0522
vn -0.4261 0.9014 0.0774
vn -0.4349 0.8941 0.1073
vn -0.3891 0.9081 0.1548
vn -0.3969 0.9045 0.1559
vn -0.3942 0.9123 0.1107
vn -0.4265 0.8945 0.1338
vn -0.4371 0.8973 0.0621
vn -0.4744 0.8788 0.0524
vn -0.5017 0.8646 -0.0265
vn -0.5245 0.8514 -0.0006
vn -0.5252 0.8510 -0.0007
vn -0.4924 0.8696 0.0372
vn -0.4917 0.8700 0.0365
vn -0.5151 0.8569 -0.0173
vn -0.5000 0.8639 -0.0606
vn -0.5080 0.8591 -0.0620
vn -0.5083 0.8589 -0.0626
vn -0.5366 0.8437 -0.0189
vn -0.5455 0.8376 -0.0292
vn -0.5336 0.8341 -0.1399
vn -0.5809 0.7979 -0.1610
vn -0.5785 0.7959 -0.1786
vn -0.6413 0.7375 -0.2120
vn -0.5838 0.7716 -0.2527
vn -0.6595 0.7043 -0.2627
vn -0.6596 0.7044 -0.2622
vn -0.6168 0.7260 -0.3039
vn -0.6368 0.7410 -0.2130
vn -0.6787 0.7036 -0.2105
vn -0.6335 0.7263 -0.2669
vn -0.6339 0.7429 -0.2151
vn -0.5705 0.8046 -0.1646
vn -0.5758 0.8029 -0.1541
vn -0.5577 0.8243 -0.0974
vn -0.5533 0.8266 -0.1029
vn -0.5006 0.8657 -0.0034
vn -0.4968 0.8678 -0.0041
vn -0.4466 0.8936 0.0443
vn -0.4510 0.8872 0.0969
vn -0.4200 0.9010 0.1085
vn -0.3908 0.9053 0.1665
vn -0.4087 0.8927 0.1898
vn -0.3940 0.8992 0.1902
vn -0.4104 0.8838 0.2245
vn -0.3786 0.8864 0.2665
vn -0.3972 0.8791 0.2635
vn -0.3775 0.8754 0.3019
vn -0.3614 0.8805 0.3069
vn -0.3421 0.8714 0.3516
vn -0.3506 0.8689 0.3495
vn -0.3295 0.8881 0.3204
vn -0.3346 0.8888 0.3132
vn -0.3270 0.9067 0.2663
vn -0.3554 0.8973 0.2619
vn -0.3745 0.8963 0.2375
vn -0.3595 0.9067 0.2207
vn -0.3534 0.9088 0.2217
vn -0.3597 0.9055 0.2251
vn -0.3364 0.9013 0.2729
vn -0.3366 0.8670 0.3674
vn -0.3533 0.8425 0.4067
vn -0.3434 0.8422 0.4157
vn -0.3697 0.8129 0.4500
vn -0.3534 0.8117 0.4650
vn -0.3741 0.7725 0.5131
vn -0.3692 0.7756 0.5120
vn -0.3696 0.7756 0.5117
vn -0.4021 0.7534 0.5203
vn -0.4014 0.7217 0.5640
vn -0.4222 0.7089 0.5650
vn -0.4446 0.6671 0.5977
vn -0.4336 0.6720 0.6004
vn -0.4540 0.6909 0.5626
vn -0.4515 0.6916 0.5637
vn -0.4659 0.7106 0.5273
vn -0.4556 0.7136 0.5322
vn -0.4750 0.7405 0.4755
vn -0.4550 0.7470 0.4847
vn -0.4701 0.7169 0.5148
vn -0.4602 0.6962 0.5509
vn -0.4897 0.6622 0.5671
vn -0.4832 0.6590 0.5764
vn -0.4982 0.6255 0.6005
vn -0.4716 0.6086 0.6381
vn -0.4876 0.5616 0.6684
vn -0.4738 0.5267 0.7058
vn -0.5091 0.4762 0.7170
vn -0.5089 0.4760 0.7172
vn -0.5202 0.4114 0.7484
vn -0.5016 0.3981 0.7681
vn -0.4987 0.3998 0.7691
vn -0.4950 0.4778 0.7257
vn -0.4823 0.4865 0.7285
vn -0.4775 0.5527 0.6830
vn -0.4782 0.5528 0.6825
vn -0.4700 0.5593 0.6829
vn -0.4592 0.6311 0.6252
vn -0.4659 0.6327 0.6185
vn -0.4804 0.6263 0.6140
vn -0.4876 0.6626 0.5685
vn -0.4673 0.5595 0.6845
vn -0.4311 0.6106 0.6643
vn -0.4542 0.6004 0.6582
vn -0.4408 0.5918 0.6749
vn -0.4207 0.5992 0.6812
vn -0.3985 0.6231 0.6730
vn -0.4180 0.6530 0.6316
vn -0.3818 0.6920 0.6127
vn -0.3915 0.6886 0.6103
vn -0.3705 0.7357 0.5670
vn -0.3813 0.6870 0.6186
vn -0.3936 0.6315 0.6681
vn -0.4061 0.6215 0.6699
vn -0.4119 0.5273 0.7432
vn -0.4137 0.5239 0.7446
vn -0.4228 0.5195 0.7425
vn -0.4174 0.4500 0.7894
vn -0.4196 0.4467 0.7902
vn -0.4113 0.4481 0.7938
vn -0.4454 0.5180 0.7303
vn -0.4442 0.3964 0.8034
vn -0.4431 0.3966 0.8040
vn -0.4823 0.4632 0.7435
vn -0.4495 0.3877 0.8047
vn -0.4470 0.3882 0.8059
vn -0.4702 0.3262 0.8201
vn -0.4790 0.3243 0.8157
vn -0.4835 0.3152 0.8166
vn -0.4504 0.2308 0.8625
vn -0.4419 0.2286 0.8675
vn -0.4400 0.1373 0.8875
vn -0.4103 0.1087 0.9054
vn -0.4173 0.1057 0.9026
vn -0.4056 0.1772 0.8967
vn -0.4397 0.2202 0.8707
vn -0.4097 0.2946 0.8633
vn -0.4196 0.2924 0.8593
vn -0.3939 0.1849 0.9004
vn -0.4008 0.1875 0.8968
vn -0.3691 0.2038 0.9068
vn -0.3236 0.0813 0.9427
vn -0.3507 0.0932 0.9318
vn -0.2983 0.1116 0.9479
vn -0.2684 -0.0281 0.9629
vn -0.2958 -0.0134 0.9552
vn -0.3038 -0.1969 0.9322
vn -0.2923 -0.1808 0.9391
vn -0.2551 -0.1802 0.9500
vn -0.2860 -0.2247 0.9315
vn -0.2339 -0.3480 0.9078
vn -0.1992 -0.3540 0.9138
vn -0.1943 -0.4400 0.8767
vn -0.1903 -0.4391 0.8781
vn -0.1968 -0.4519 0.8701
vn -0.2170 -0.4564 0.8629
vn -0.2454 -0.4350 0.8663
vn -0.2276 -0.4318 0.8728
vn -0.2787 -0.3305 0.9017
vn -0.2781 -0.3307 0.9019
vn -0.2733 -0.3236 0.9059
vn -0.2573 -0.4274 0.8667
vn -0.2442 -0.4408 0.8637
vn -0.2717 -0.4254 0.8633
vn -0.2585 -0.4125 0.8735
vn -0.2856 -0.3986 0.8715
vn -0.2949 -0.2857 0.9118
vn -0.3307 -0.2393 0.9129
vn -0.3460 -0.1025 0.9326
vn -0.3818 -0.1155 0.9170
vn -0.3778 -0.0003 0.9259
vn -0.4223 0.0370 0.9057
vn -0.3857 0.0461 0.9215
vn -0.4381 0.1451 0.8872
vn -0.4450 0.1327 0.8856
vn -0.4735 0.2488 0.8449
vn -0.4862 0.2277 0.8437
vn -0.3953 0.0281 0.9181
vn -0.4340 0.1309 0.8913
vn -0.2996 -0.2111 0.9304
vn -0.3474 -0.1014 0.9322
vn -0.3085 -0.2916 0.9054
vn -0.2696 -0.3731 0.8878
vn -0.2804 -0.3234 0.9038
vn -0.3404 -0.2128 0.9159
vn -0.3253 -0.1803 0.9282
vn -0.3292 -0.1805 0.9268
vn -0.3188 -0.0880 0.9437
vn -0.3672 -0.0510 0.9287
vn -0.3256 -0.0922 0.9410
vn -0.3751 0.0422 0.9260
vn -0.3225 -0.0936 0.9419
vn -0.2769 -0.2373 0.9312
vn -0.3035 -0.2390 0.9224
vn -0.2520 -0.3560 0.8999
vn -0.3683 -0.0517 0.9283
vn -0.2807 -0.3322 0.9005
vn -0.2307 -0.4386 0.8686
vn -0.2457 -0.3506 0.9037
vn -0.1634 -0.4623 0.8716
vn -0.2413 -0.3575 0.9022
vn -0.2922 -0.2238 0.9298
vn -0.3215 -0.0931 0.9423
vn -0.1920 -0.3463 0.9183
vn -0.2929 0.1198 0.9486
vn -0.3196 0.2393 0.9168
vn -0.3551 0.2576 0.8986
vn -0.3380 0.3452 0.8755
vn -0.3789 0.3793 0.8441
vn -0.3636 0.4283 0.8273
vn -0.3012 -0.0410 0.9527
vn -0.3446 0.2609 0.9018
vn -0.3999 0.3214 0.8584
vn -0.3626 0.0669 0.9296
vn -0.3582 0.0444 0.9326
vn -0.4154 -0.0216 0.9094
vn -0.4292 0.1389 0.8925
vn -0.4493 0.2208 0.8657
vn -0.4568 0.2207 0.8617
vn -0.4875 0.3141 0.8147
vn -0.4547 0.3127 0.8340
vn -0.4738 0.4160 0.7762
vn -0.4437 0.3203 0.8370
vn -0.4017 0.3211 0.8576
vn -0.3712 0.3815 0.8466
vn -0.4023 0.4551 0.7943
vn -0.4266 0.5215 0.7390
vn -0.4510 0.5105 0.7321
vn -0.4488 0.5173 0.7287
vn -0.4580 0.4731 0.7526
vn -0.4983 0.3997 0.7694
vn -0.5065 0.3364 0.7939
vn -0.5015 0.4801 0.7197
vn -0.5051 0.5240 0.6858
vn -0.4989 0.6022 0.6233
vn -0.4787 0.6616 0.5771
vn -0.4813 0.7537 0.4476
vn -0.4675 0.7770 0.4215
vn -0.4788 0.7783 0.4061
vn -0.4423 0.8155 0.3732
vn -0.4624 0.8086 0.3637
vn -0.4458 0.8220 0.3543
vn -0.4280 0.8295 0.3588
vn -0.4225 0.8588 0.2897
vn -0.4282 0.8550 0.2927
vn -0.4345 0.8291 0.3518
vn -0.4090 0.8387 0.3596
vn -0.4067 0.8401 0.3589
vn -0.3940 0.8608 0.3220
vn -0.3955 0.8420 0.3669
vn -0.3840 0.8492 0.3626
vn -0.3985 0.8168 0.4171
vn -0.3929 0.8178 0.4206
vn -0.3600 0.8378 0.4104
vn -0.3872 0.7986 0.4608
vn -0.4230 0.7714 0.4754
vn -0.4140 0.7744 0.4784
vn -0.4433 0.7435 0.5007
vn -0.4340 0.7400 0.5138
vn -0.4199 0.7449 0.5185
vn -0.4332 0.7819 0.4482
vn -0.4212 0.7870 0.4508
vn -0.4412 0.7924 0.4212
vn -0.4603 0.7827 0.4189
vn -0.4461 0.7613 0.4705
vn -0.4121 0.8095 0.4181
vn -0.4192 0.8095 0.4110
vn -0.4284 0.8054 0.4095
vn -0.4517 0.8458 0.2839
vn -0.4565 0.8447 0.2794
vn -0.4664 0.8586 0.2126
vn -0.4710 0.8565 0.2112
vn -0.4893 0.8396 0.2360
vn -0.4931 0.8523 0.1744
vn -0.4441 0.8878 0.1207
vn -0.4840 0.8675 0.1150
vn -0.4675 0.8784 0.0991
vn -0.4685 0.8779 0.0989
vn -0.4482 0.8907 0.0754
vn -0.4377 0.8863 0.1513
vn -0.4599 0.8669 0.1921
vn -0.4756 0.8795 -0.0192
vn -0.5345 0.8424 -0.0684
vn -0.5317 0.8352 -0.1403
vn -0.5672 0.8105 -0.1463
vn -0.5886 0.7657 -0.2594
vn -0.6270 0.7507 -0.2080
vn -0.6526 0.6831 -0.3279
vn -0.6714 0.6812 -0.2918
vn -0.7018 0.5992 -0.3853
vn -0.7215 0.6017 -0.3425
vn -0.7369 0.5194 -0.4326
vn -0.7486 0.5196 -0.4118
vn -0.7449 0.5024 -0.4390
vn -0.7521 0.4965 -0.4333
vn -0.7460 0.5540 -0.3696
vn -0.6868 0.6129 -0.3906
vn -0.7372 0.6110 -0.2885
vn -0.7479 0.5640 -0.3501
vn -0.8235 0.4779 -0.3057
vn -0.7866 0.4261 -0.4469
vn -0.7912 0.3727 -0.4848
vn -0.7172 0.5633 -0.4103
vn -0.7366 0.5892 -0.3322
vn -0.6901 0.6662 -0.2828
vn -0.5888 0.7813 -0.2069
vn -0.5342 0.8255 -0.1824
vn -0.4681 0.8802 -0.0780
vn -0.4751 0.8772 -0.0689
vn -0.4754 0.8764 0.0770
vn -0.4447 0.8743 0.1947
vn -0.4514 0.8475 0.2793
vn -0.4598 0.8238 0.3317
vn -0.4563 0.7831 0.4225
vn -0.4556 0.7584 0.4661
vn -0.4782 0.6917 0.5412
vn -0.4310 0.7483 0.5042
vn -0.4686 0.6720 0.5734
vn -0.4423 0.7027 0.5573
vn -0.4578 0.6319 0.6254
vn -0.4202 0.6522 0.6310
vn -0.4255 0.7096 0.5617
vn -0.3959 0.7222 0.5672
vn -0.4112 0.7518 0.5155
vn -0.3789 0.8004 0.4646
vn -0.3743 0.7363 0.5636
vn -0.3537 0.8177 0.4541
vn -0.3650 0.8370 0.4077
vn -0.3695 0.8529 0.3687
vn -0.3619 0.8801 0.3073
vn -0.3990 0.8589 0.3210
vn -0.4079 0.8623 0.3002
vn -0.4292 0.8748 0.2248
vn -0.4322 0.8890 0.1513
vn -0.3761 0.8957 0.2373
vn -0.4247 0.9015 0.0839
vn -0.4955 0.8685 -0.0145
vn -0.5685 0.8160 -0.1051
vn -0.6277 0.7617 -0.1607
vn -0.6267 0.7474 -0.2207
vn -0.6991 0.6666 -0.2586
vn -0.6006 0.7836 -0.1590
vn -0.6603 0.6855 -0.3067
vn -0.6841 0.6611 -0.3082
vn -0.5847 0.7716 -0.2504
vn -0.5703 0.7964 -0.2011
vn -0.6047 0.7801 -0.1607
vn -0.5845 0.7986 -0.1433
vn -0.6011 0.7892 -0.1262
vn -0.5974 0.7821 -0.1772
vn -0.5959 0.7829 -0.1788
vn -0.5794 0.7791 -0.2395
vn -0.5963 0.7830 -0.1770
vn -0.5423 0.8164 -0.1985
vn -0.5913 0.8026 -0.0786
vn -0.5127 0.8584 -0.0173
vn -0.5268 0.8482 -0.0560
vn -0.4800 0.8727 0.0899
vn -0.3631 0.9137 0.1827
vn -0.3959 0.9031 0.1661
vn -0.4187 0.9018 0.1072
vn -0.4461 0.8908 0.0867
vn -0.4532 0.8903 0.0441
vn -0.4548 0.8899 0.0334
vn -0.4900 0.8684 -0.0762
vn -0.6027 0.7832 -0.1527
vn -0.4939 0.8692 -0.0257
vn -0.5916 0.7898 -0.1618
vn -0.5572 0.8264 -0.0813
vn -0.4363 -0.8601 0.2644
vn -0.4173 -0.8708 0.2598
vn -0.4536 -0.8609 0.2302
vn -0.4555 -0.8661 0.2060
vn -0.4834 -0.8480 0.2173
vn -0.4931 -0.8562 0.1543
vn -0.5386 -0.8329 0.1272
vn -0.5611 -0.8264 0.0478
vn -0.5423 -0.8386 0.0516
vn -0.5362 -0.8439 0.0173
vn -0.5146 -0.8527 0.0905
vn -0.5259 -0.8436 0.1085
vn -0.4786 -0.8617 0.1683
vn -0.4777 -0.8642 0.1580
vn -0.6465 -0.7584 -0.0830
vn -0.6212 -0.7734 0.1266
vn -0.5701 -0.8102 0.1365
vn -0.5630 -0.8125 0.1512
vn -0.5023 -0.8491 0.1636
vn -0.4980 -0.8347 0.2350
vn -0.4662 -0.8408 0.2752
vn -0.4570 -0.8460 0.2747
vn -0.4574 -0.8454 0.2760
vn -0.4740 -0.8349 0.2797
vn -0.4229 -0.8402 0.3393
vn -0.4230 -0.8336 0.3553
vn -0.4042 -0.8488 0.3408
vn -0.3910 -0.8370 0.3828
vn -0.3894 -0.8373 0.3838
vn -0.3891 -0.8370 0.3848
vn -0.3941 -0.8349 0.3842
vn -0.3579 -0.8346 0.4187
vn -0.3566 -0.8306 0.4278
vn -0.3620 -0.8289 0.4264
vn -0.3581 -0.8282 0.4310
vn -0.3364 -0.8464 0.4130
vn -0.3327 -0.8467 0.4152
vn -0.3441 -0.8431 0.4133
vn -0.3386 -0.8462 0.4114
vn -0.3678 -0.8478 0.3820
vn -0.3699 -0.8451 0.3860
vn -0.3698 -0.8451 0.3860
vn -0.3752 -0.8513 0.3668
vn -0.3555 -0.8524 0.3835
vn -0.3828 -0.8542 0.3519
vn -0.3851 -0.8488 0.3622
vn -0.4136 -0.8511 0.3234
vn -0.4109 -0.8523 0.3235
vn -0.4085 -0.8584 0.3105
vn -0.3712 -0.8591 0.3524
vn -0.3706 -0.8615 0.3470
vn -0.3548 -0.8685 0.3461
vn -0.3548 -0.8682 0.3470
vn -0.3075 -0.8716 0.3819
vn -0.3072 -0.8701 0.3854
vn -0.2754 -0.8831 0.3799
vn -0.2761 -0.8796 0.3874
vn -0.2514 -0.8890 0.3828
vn -0.2491 -0.8718 0.4219
vn -0.2318 -0.8728 0.4295
vn -0.2192 -0.8631 0.4550
vn -0.2201 -0.8621 0.4564
vn -0.1912 -0.8682 0.4578
vn -0.1997 -0.8525 0.4831
vn -0.1898 -0.8536 0.4852
vn -0.2050 -0.8810 0.4264
vn -0.2196 -0.8825 0.4158
vn -0.2229 -0.8989 0.3772
vn -0.2522 -0.8856 0.3900
vn -0.2476 -0.9084 0.3370
vn -0.2605 -0.9093 0.3246
vn -0.2850 -0.9174 0.2779
vn -0.3123 -0.9001 0.3039
vn -0.3336 -0.8939 0.2996
vn -0.2930 -0.8902 0.3488
vn -0.3457 -0.8830 0.3174
vn -0.3780 -0.8870 0.2652
vn -0.3611 -0.8935 0.2669
vn -0.3832 -0.9001 0.2074
vn -0.4218 -0.8720 0.2482
vn -0.3804 -0.8817 0.2791
vn -0.3434 -0.9071 0.2433
vn -0.1734 -0.8648 0.4712
vn -0.1500 -0.8093 0.5680
vn -0.1376 -0.7997 0.5844
vn -0.1743 -0.7990 0.5755
vn -0.1701 -0.7474 0.6422
vn -0.1887 -0.7382 0.6476
vn -0.1954 -0.6754 0.7111
vn -0.2056 -0.6676 0.7155
vn -0.2225 -0.5872 0.7783
vn -0.2220 -0.5867 0.7788
vn -0.2267 -0.5852 0.7785
vn -0.2118 -0.5292 0.8216
vn -0.2269 -0.5300 0.8171
vn -0.2018 -0.5465 0.8128
vn -0.1942 -0.6191 0.7609
vn -0.1702 -0.6291 0.7585
vn -0.1674 -0.6937 0.7006
vn -0.1702 -0.6937 0.6999
vn -0.1747 -0.6985 0.6940
vn -0.1624 -0.7505 0.6406
vn -0.1610 -0.7515 0.6398
vn -0.1681 -0.7516 0.6379
vn -0.1452 -0.7760 0.6139
vn -0.1518 -0.7763 0.6117
vn -0.1536 -0.7431 0.6513
vn -0.1338 -0.7348 0.6649
vn -0.1590 -0.6984 0.6978
vn -0.1375 -0.6671 0.7322
vn -0.1759 -0.6255 0.7601
vn -0.1560 -0.5947 0.7887
vn -0.1602 -0.5950 0.7876
vn -0.1677 -0.5468 0.8203
vn -0.1953 -0.5377 0.8202
vn -0.1683 -0.5474 0.8198
vn -0.1340 -0.5542 0.8215
vn -0.1219 -0.5639 0.8168
vn -0.1321 -0.6100 0.7813
vn -0.1035 -0.6304 0.7693
vn -0.1139 -0.6821 0.7223
vn -0.1072 -0.6855 0.7201
vn -0.1140 -0.7285 0.6755
vn -0.1255 -0.7319 0.6698
vn -0.1307 -0.7660 0.6294
vn -0.1394 -0.7596 0.6353
vn -0.1458 -0.7932 0.5913
vn -0.1656 -0.7923 0.5872
vn -0.1826 -0.8192 0.5437
vn -0.1982 -0.8192 0.5381
vn -0.1997 -0.8385 0.5069
vn -0.2233 -0.8281 0.5143
vn -0.2223 -0.8429 0.4900
vn -0.2549 -0.8272 0.5007
vn -0.2271 -0.8287 0.5115
vn -0.2144 -0.8098 0.5461
vn -0.1940 -0.8267 0.5281
vn -0.1908 -0.8097 0.5550
vn -0.1639 -0.8026 0.5735
vn -0.2538 -0.8138 0.5229
vn -0.2712 -0.8254 0.4952
vn -0.2845 -0.8263 0.4861
vn -0.2828 -0.8366 0.4692
vn -0.3008 -0.8382 0.4549
vn -0.3066 -0.8479 0.4326
vn -0.3141 -0.8461 0.4307
vn -0.3130 -0.8480 0.4278
vn -0.3017 -0.8516 0.4286
vn -0.3233 -0.8573 0.4008
vn -0.3253 -0.8544 0.4052
vn -0.3011 -0.8529 0.4264
vn -0.2612 -0.8498 0.4578
vn -0.2864 -0.8394 0.4619
vn -0.2861 -0.8446 0.4525
vn -0.2569 -0.8376 0.4820
vn -0.2603 -0.8447 0.4677
vn -0.2340 -0.8584 0.4566
vn -0.2361 -0.8581 0.4560
vn -0.2360 -0.8445 0.4807
vn -0.2612 -0.8641 0.4302
vn -0.2019 -0.8247 0.5283
vn -0.2336 -0.8450 0.4811
vn -0.1736 -0.8331 0.5252
vn -0.1734 -0.8027 0.5706
vn -0.1518 -0.8090 0.5679
vn -0.1803 -0.8228 0.5390
vn -0.1655 -0.8256 0.5395
vn -0.1909 -0.8369 0.5129
vn -0.1795 -0.8031 0.5681
vn -0.1539 -0.7963 0.5850
vn -0.1732 -0.8331 0.5253
vn -0.2014 -0.8447 0.4959
vn -0.1985 -0.8080 0.5547
vn -0.1631 -0.7944 0.5851
vn -0.1669 -0.7818 0.6007
vn -0.1485 -0.7669 0.6244
vn -0.1433 -0.7698 0.6220
vn -0.1335 -0.7282 0.6723
vn -0.1288 -0.6835 0.7185
vn -0.1382 -0.6104 0.7799
vn -0.1948 -0.5372 0.8206
vn -0.2086 -0.5355 0.8184
vn -0.1535 -0.6671 0.7290
vn -0.1451 -0.7310 0.6668
vn -0.1591 -0.7728 0.6144
vn -0.1617 -0.7909 0.5902
vn -0.1554 -0.7425 0.6516
vn -0.1590 -0.7915 0.5902
vn -0.1746 -0.6985 0.6940
vn -0.1600 -0.6985 0.6975
vn -0.1666 -0.6269 0.7611
vn -0.2148 -0.6331 0.7436
vn -0.2204 -0.5470 0.8076
vn -0.2452 -0.4984 0.8316
vn -0.1860 -0.6384 0.7469
vn -0.2453 -0.4984 0.8315
vn -0.2543 -0.4888 0.8345
vn -0.2003 -0.6763 0.7088
vn -0.1736 -0.7491 0.6393
vn -0.1676 -0.8039 0.5707
vn -0.1801 -0.7315 0.6576
vn -0.1723 -0.8421 0.5111
vn -0.2210 -0.8749 0.4309
vn -0.1864 -0.8486 0.4951
vn -0.2016 -0.8636 0.4622
vn -0.2213 -0.8848 0.4100
vn -0.2929 -0.8904 0.3485
vn -0.2328 -0.8719 0.4309
vn -0.3112 -0.8830 0.3515
vn -0.2598 -0.8672 0.4247
vn -0.3387 -0.8543 0.3944
vn -0.3131 -0.8903 0.3307
vn -0.3887 -0.8699 0.3036
vn -0.3415 -0.8625 0.3736
vn -0.3538 -0.8573 0.3741
vn -0.3376 -0.8503 0.4038
vn -0.3440 -0.8452 0.4090
vn -0.3248 -0.8321 0.4496
vn -0.3341 -0.8485 0.4104
vn -0.3630 -0.8325 0.4186
vn -0.3625 -0.8331 0.4179
vn -0.3942 -0.8351 0.3837
vn -0.3728 -0.8521 0.3673
vn -0.3941 -0.8351 0.3837
vn -0.3787 -0.8514 0.3628
vn -0.3958 -0.8399 0.3715
vn -0.4194 -0.8184 0.3929
vn -0.4374 -0.8333 0.3381
vn -0.4659 -0.8060 0.3652
vn -0.4674 -0.8126 0.3482
vn -0.4887 -0.8137 0.3148
vn -0.4995 -0.8086 0.3108
vn -0.4742 -0.8316 0.2893
vn -0.5219 -0.8155 0.2502
vn -0.5023 -0.8309 0.2392
vn -0.5523 -0.8102 0.1964
vn -0.5420 -0.8202 0.1829
vn -0.4997 -0.8395 0.2134
vn -0.4186 -0.8435 0.3365
vn -0.4635 -0.8467 0.2614
vn -0.5329 -0.8199 0.2091
vn -0.5858 -0.7935 0.1649
vn -0.5073 -0.8567 0.0932
vn -0.5653 -0.7968 0.2135
vn -0.4954 -0.8514 0.1722
vn -0.4239 -0.8786 0.2199
vn -0.4115 -0.8624 0.2949
vn -0.3910 -0.8662 0.3111
vn -0.4361 -0.8620 0.2582
vt 225.518951 107.459900
vt 221.497543 125.697128
vt 214.516815 114.002792
vt 237.193146 117.559410
vt 232.566315 144.543518
vt 250.336929 136.083252
vt 244.496353 165.231735
vt 261.942200 150.207474
vt 266.495728 169.490570
vt 249.720398 174.811310
vt 260.903748 195.470535
vt 283.834106 185.098450
vt 283.051178 207.376068
vt 304.986603 197.953690
vt 298.712006 218.142792
vt 315.682495 216.503433
vt 309.210327 236.165527
vt 331.912170 226.337402
vt 333.620636 247.237686
vt 313.891724 261.298004
vt 289.807159 250.435638
vt 280.566956 232.517029
vt 298.214508 267.199677
vt 305.893646 283.253143
vt 321.504669 275.844147
vt 326.594666 289.983948
vt 337.789612 269.805389
vt 346.521545 286.381256
vt 340.830109 304.030609
vt 316.834625 313.660736
vt 326.643982 314.316193
vt 317.314789 315.841370
vt 317.624817 317.989746
vt 327.588989 318.057495
vt 326.335480 322.871521
vt 316.553253 324.016907
vt 314.879730 330.110413
vt 340.317871 327.951324
vt 312.296600 335.298950
vt 352.844574 340.445892
vt 359.245300 358.168091
vt 337.958923 359.079712
vt 325.464172 366.727325
vt 303.664307 344.776550
vt 306.165741 369.349976
vt 319.633179 391.414948
vt 341.993866 388.044281
vt 342.444916 406.123840
vt 325.025391 411.556000
vt 336.110413 427.317749
vt 360.153687 421.263916
vt 351.835602 444.639496
vt 375.099670 433.900879
vt 364.831848 449.551758
vt 356.793610 467.755615
vt 337.397247 468.729156
vt 332.750244 447.660156
vt 349.341949 485.948578
vt 386.256500 418.811310
vt 366.623749 399.057434
vt 397.601532 403.732117
vt 380.380798 381.879730
vt 352.476898 375.710571
vt 393.940643 366.835876
vt 408.841980 388.765228
vt 419.928131 373.742462
vt 411.796021 352.592712
vt 381.479980 346.490601
vt 400.347107 327.592468
vt 440.637604 342.495575
vt 431.378937 358.438873
vt 427.232849 321.696991
vt 451.589600 326.260376
vt 431.457733 305.836853
vt 446.867950 293.521057
vt 420.667633 282.163513
vt 434.681610 267.626282
vt 452.599030 267.194763
vt 472.925385 293.553436
vt 463.214478 310.647919
vt 468.527771 265.328644
vt 483.263092 277.809509
vt 479.966370 249.800705
vt 456.982117 239.143311
vt 472.656677 227.196594
vt 490.575073 229.872482
vt 481.221649 211.813095
vt 501.120941 215.217148
vt 492.692383 198.880417
vt 512.805237 203.738373
vt 500.407288 191.201904
vt 487.978394 177.580490
vt 475.587463 193.591125
vt 459.232513 174.870651
vt 459.154144 206.784073
vt 438.569580 188.481628
vt 434.686523 164.986649
vt 445.916077 153.757126
vt 460.507507 150.974884
vt 447.177856 137.926041
vt 428.436768 141.239746
vt 433.675934 125.438995
vt 420.487000 113.460289
vt 402.305511 137.922546
vt 395.278625 112.083710
vt 377.293243 127.753807
vt 382.222412 148.045074
vt 359.790070 144.133331
vt 374.179871 164.339539
vt 356.441406 164.949905
vt 339.646179 154.216995
vt 335.353088 132.572418
vt 321.908691 145.293198
vt 322.815247 162.709900
vt 302.562592 152.964996
vt 309.215240 126.002754
vt 288.723877 133.953201
vt 283.692352 110.985046
vt 305.322693 99.886002
vt 328.746948 107.595375
vt 353.552094 119.582230
vt 349.597809 99.995598
vt 371.751526 105.523933
vt 363.083832 83.674698
vt 393.072693 88.422791
vt 379.709930 75.618660
vt 366.202362 63.187988
vt 349.575500 68.208466
vt 353.426758 51.138561
vt 333.309235 58.468403
vt 333.743774 43.129993
vt 340.914215 38.427460
vt 327.589539 46.293461
vt 318.422302 51.654324
vt 318.253418 63.837280
vt 333.071686 81.898964
vt 306.884827 76.765526
vt 306.855621 58.213428
vt 312.492065 54.960892
vt 296.720459 64.206200
vt 291.366516 67.389771
vt 287.431396 85.490303
vt 318.035034 91.746628
vt 280.672455 73.731842
vt 275.449432 76.885796
vt 270.085236 92.598343
vt 256.773407 108.601799
vt 269.908112 131.378342
vt 253.250763 90.468567
vt 264.439026 83.558777
vt 248.045364 93.656982
vt 242.643936 96.991402
vt 231.399612 103.872528
vt 407.201111 100.489815
vt 279.162445 150.280365
vt 286.568451 166.199066
vt 301.414398 174.781570
vt 311.582581 167.465332
vt 319.286194 180.531570
vt 333.554321 203.312042
vt 341.352173 177.843216
vt 350.571136 195.071884
vt 359.837250 213.020767
vt 367.301361 186.247559
vt 380.294281 207.392975
vt 380.422089 226.866287
vt 399.269318 219.289642
vt 397.591492 240.903107
vt 408.660339 234.884506
vt 416.891541 251.766968
vt 418.552094 228.475143
vt 435.821075 244.701233
vt 435.093414 215.213837
vt 413.484772 205.840134
vt 393.108185 192.644913
vt 409.741516 187.171005
vt 423.715820 194.429977
vt 420.224487 176.482773
vt 397.597626 167.289673
vt 416.565887 157.457565
vt 383.092224 177.406982
vt 399.459961 264.262024
vt 375.702484 250.073135
vt 383.863678 273.454712
vt 363.191956 274.493378
vt 377.863251 291.231140
vt 398.213287 287.062988
vt 391.274567 305.143127
vt 411.944763 305.099609
vt 365.461243 312.825134
vt 368.553864 331.262238
vt 338.347443 316.797394
vt 359.774933 294.078613
vt 353.496948 255.257629
vt 353.067261 234.779144
vt 367.706268 231.209930
vt 344.770172 219.527344
vt 474.056122 164.176132
vt 522.433411 214.610535
vt 511.863342 229.689133
vt 502.189606 245.142868
vt 492.578522 261.759155
vt 292.330475 356.241638
vt 312.109924 298.385681
vt 270.759552 214.415512
vt 526.901855 1386.820679
vt 527.801147 1374.061523
vt 533.884888 1378.509766
vt 539.624634 1382.663208
vt 542.073975 1397.658936
vt 525.575195 1405.548950
vt 509.263245 1394.951416
vt 511.423401 1375.295288
vt 490.148590 1381.411621
vt 492.861603 1408.308594
vt 472.644867 1400.216797
vt 466.027466 1375.445679
vt 480.851837 1356.418091
vt 497.917664 1362.990112
vt 493.446686 1349.437622
vt 501.400513 1355.043213
vt 510.808197 1361.757446
vt 517.803223 1366.757690
vt 484.019745 1343.347290
vt 474.153992 1337.446899
vt 458.975708 1349.048096
vt 463.543945 1331.800903
vt 453.485840 1365.750977
vt 447.936310 1383.169800
vt 455.665100 1396.547119
vt 442.733063 1400.827515
vt 447.598602 1407.377319
vt 436.808228 1418.266602
vt 455.849335 1414.354614
vt 447.934509 1437.246338
vt 432.122803 1436.131836
vt 427.085968 1453.196167
vt 444.414520 1460.595703
vt 422.026489 1470.832275
vt 440.619812 1481.043213
vt 417.227386 1488.911621
vt 436.961792 1503.350708
vt 456.105072 1492.028320
vt 461.020447 1510.419800
vt 443.770020 1526.725586
vt 425.021881 1518.763428
vt 412.266296 1507.254272
vt 407.105011 1525.901855
vt 422.786041 1531.424683
vt 403.006195 1544.005005
vt 432.602020 1542.466309
vt 433.455414 1558.864380
vt 417.740631 1566.483154
vt 438.828766 1582.620728
vt 411.663269 1587.523682
vt 429.061432 1597.717041
vt 446.170441 1609.423218
vt 454.783295 1594.689697
vt 469.905273 1606.795288
vt 463.420929 1621.441650
vt 480.644958 1633.517700
vt 492.543915 1616.471924
vt 485.447418 1591.532593
vt 463.210754 1580.326172
vt 483.151978 1567.019043
vt 457.508911 1551.823120
vt 484.078705 1542.657837
vt 508.427032 1557.120728
vt 499.051605 1579.579834
vt 514.385620 1583.125977
vt 503.506378 1599.656860
vt 525.214661 1566.852051
vt 536.204102 1550.775879
vt 523.489868 1534.253296
vt 547.236450 1534.853760
vt 536.562561 1517.274658
vt 558.341675 1519.059692
vt 549.012573 1506.229248
vt 569.439270 1503.515015
vt 550.283020 1494.714722
vt 559.795532 1484.335693
vt 580.278259 1488.349854
vt 568.903381 1468.894531
vt 547.618958 1468.730591
vt 543.086243 1483.584839
vt 528.134277 1474.479248
vt 531.908569 1451.725830
vt 555.426270 1451.134521
vt 544.060852 1437.411743
vt 560.532959 1432.935913
vt 578.886658 1449.410156
vt 590.601990 1473.928589
vt 600.169617 1460.505615
vt 595.332336 1436.501709
vt 608.874878 1448.193359
vt 603.200684 1427.157227
vt 616.951050 1436.594727
vt 599.689636 1424.747437
vt 595.985718 1422.220703
vt 578.880005 1424.995605
vt 582.827454 1413.175293
vt 578.541931 1410.231445
vt 558.431641 1412.231323
vt 545.901733 1424.497070
vt 539.597961 1413.346680
vt 555.117554 1393.789673
vt 566.227722 1401.685059
vt 549.939331 1390.111450
vt 526.636047 1427.740234
vt 510.733215 1413.828369
vt 501.363556 1433.414429
vt 473.945648 1427.834961
vt 483.240173 1453.407471
vt 463.130035 1449.965698
vt 464.714447 1472.413208
vt 488.879181 1477.382446
vt 507.997345 1460.065674
vt 509.785828 1486.479980
vt 532.003784 1496.481934
vt 511.437775 1511.973633
vt 493.774963 1497.657104
vt 484.955566 1517.203125
vt 502.372925 1532.806030
vt 466.654633 1529.689819
vt 475.044342 1494.450317
vt 516.467407 1443.255005
vt 448.658905 1568.222534
vt 398.600800 1560.953003
vt 394.595093 1576.504761
vt 1582.532959 1354.290649
vt 1560.839966 1371.680298
vt 1563.359863 1352.082520
vt 1541.589478 1356.573730
vt 1549.554443 1350.510254
vt 1542.829468 1349.749390
vt 1542.520020 1349.712646
vt 1522.761841 1347.496826
vt 1518.664673 1358.380005
vt 1531.511841 1374.024170
vt 1512.095703 1374.695190
vt 1497.997925 1368.094849
vt 1500.159424 1353.656250
vt 1520.562378 1347.247681
vt 1521.699829 1347.376343
vt 1500.893555 1345.128540
vt 1499.071289 1344.939819
vt 1480.469238 1350.976807
vt 1480.144409 1342.976196
vt 1477.688721 1342.729004
vt 1462.067505 1348.382690
vt 1461.160278 1363.171021
vt 1483.402466 1362.215454
vt 1477.526123 1376.523560
vt 1452.211792 1385.353394
vt 1435.478516 1367.717773
vt 1433.440918 1384.070557
vt 1431.272949 1401.666992
vt 1452.153198 1409.074707
vt 1428.970093 1420.166260
vt 1450.022583 1429.725830
vt 1426.585693 1439.122314
vt 1449.263184 1445.569824
vt 1442.470337 1458.471191
vt 1424.046143 1458.274780
vt 1436.588257 1473.431274
vt 1457.644287 1477.275635
vt 1436.385986 1495.811157
vt 1421.365967 1477.487061
vt 1418.536011 1496.758179
vt 1415.470093 1516.103394
vt 1440.066650 1524.227661
vt 1412.291016 1535.681519
vt 1435.137085 1545.168213
vt 1422.448730 1558.909180
vt 1446.294678 1564.339844
vt 1454.647827 1544.292603
vt 1469.705444 1562.878052
vt 1474.379761 1543.624756
vt 1485.894897 1559.562744
vt 1493.180054 1543.359131
vt 1502.828247 1563.948120
vt 1514.453613 1543.525513
vt 1524.692993 1565.174683
vt 1509.175171 1586.561768
vt 1488.747803 1584.472656
vt 1529.318604 1588.600952
vt 1551.006104 1564.773560
vt 1549.068115 1590.615356
vt 1572.311401 1571.293457
vt 1568.239136 1592.656250
vt 1591.097778 1574.335083
vt 1586.591064 1594.748291
vt 1608.419189 1576.478271
vt 1603.822998 1596.777222
vt 1624.300659 1578.301758
vt 1619.814209 1598.708984
vt 1639.028442 1579.968384
vt 1634.700562 1600.569214
vt 1653.090698 1581.507812
vt 1648.793091 1602.337280
vt 1666.872314 1582.834106
vt 1662.427490 1604.126343
vt 1670.821167 1562.037598
vt 1657.082275 1560.870117
vt 1674.426025 1541.488647
vt 1660.718506 1540.437988
vt 1677.732422 1521.225098
vt 1664.035645 1520.270752
vt 1680.760620 1501.339722
vt 1667.087402 1500.253174
vt 1683.565186 1481.610962
vt 1669.920654 1480.348511
vt 1686.201172 1461.736938
vt 1672.565796 1460.476929
vt 1688.652344 1441.910278
vt 1675.028564 1440.630005
vt 1690.922607 1422.161011
vt 1677.295166 1420.716553
vt 1693.024902 1402.398071
vt 1679.291870 1400.444214
vt 1694.960205 1382.508423
vt 1680.727417 1378.918335
vt 1694.119263 1365.157227
vt 1696.430298 1365.370239
vt 1682.614136 1364.121216
vt 1680.628784 1363.947510
vt 1667.327515 1377.258301
vt 1665.445679 1398.533325
vt 1651.088379 1396.931274
vt 1648.970703 1417.569824
vt 1663.474121 1419.160156
vt 1646.702148 1437.769043
vt 1661.221680 1439.251709
vt 1644.214355 1457.718750
vt 1658.746948 1459.153564
vt 1641.535522 1477.620117
vt 1656.084717 1479.033081
vt 1638.677734 1497.546265
vt 1653.234253 1498.955200
vt 1635.605957 1517.541382
vt 1650.165894 1518.974121
vt 1632.252075 1537.664917
vt 1646.823364 1539.140259
vt 1628.521362 1557.935181
vt 1643.131226 1559.480103
vt 1612.663818 1556.150024
vt 1616.411255 1535.901733
vt 1595.343140 1553.793091
vt 1599.221802 1533.503418
vt 1619.763550 1515.816162
vt 1602.448853 1513.471436
vt 1622.806030 1495.820801
vt 1605.356323 1493.347534
vt 1625.686279 1475.827271
vt 1608.430664 1473.232422
vt 1628.426025 1455.905029
vt 1611.312134 1453.365723
vt 1630.944824 1435.957764
vt 1613.810181 1433.539917
vt 1633.243530 1415.786743
vt 1616.080933 1413.458008
vt 1635.482178 1395.216187
vt 1653.525879 1375.864258
vt 1638.255615 1374.288940
vt 1654.886230 1361.620239
vt 1657.811646 1361.886597
vt 1668.254883 1362.838623
vt 1670.349487 1363.023804
vt 1644.038940 1360.605347
vt 1639.933228 1360.212280
vt 1620.326782 1372.101807
vt 1618.164917 1392.927368
vt 1599.313721 1389.427002
vt 1597.893311 1410.071289
vt 1595.837036 1429.915649
vt 1580.922119 1424.206665
vt 1572.572754 1443.886963
vt 1593.292236 1449.527588
vt 1574.958496 1462.578979
vt 1590.715210 1468.908936
vt 1568.765259 1480.669434
vt 1586.651855 1489.104858
vt 1561.928955 1503.721069
vt 1583.588989 1509.963379
vt 1562.616211 1525.682617
vt 1581.474243 1529.975952
vt 1562.664551 1543.160156
vt 1577.257446 1549.965942
vt 1540.710815 1541.261475
vt 1545.367676 1520.182983
vt 1524.157349 1520.671753
vt 1537.943970 1504.671753
vt 1523.386230 1503.934326
vt 1524.815063 1485.622803
vt 1507.251953 1502.544556
vt 1505.131348 1485.962524
vt 1502.752686 1467.919556
vt 1485.948975 1487.330933
vt 1477.172119 1462.952515
vt 1489.548584 1444.577148
vt 1512.469727 1445.866333
vt 1524.522827 1462.425781
vt 1533.765137 1445.867920
vt 1549.810791 1464.902466
vt 1551.888794 1442.700562
vt 1562.566284 1426.761353
vt 1542.757935 1428.495117
vt 1552.713013 1410.953247
vt 1534.943970 1414.358765
vt 1539.340454 1394.731812
vt 1561.981323 1393.542725
vt 1576.504761 1406.059937
vt 1580.893433 1382.879639
vt 1601.563354 1368.949097
vt 1585.142578 1364.963989
vt 1600.729614 1356.267700
vt 1604.111206 1356.620239
vt 1620.162231 1358.258301
vt 1624.069336 1358.648926
vt 1584.169434 1354.490967
vt 1515.682007 1390.054932
vt 1518.479004 1409.411255
vt 1496.998657 1404.554565
vt 1495.850098 1384.859619
vt 1474.972412 1396.840332
vt 1475.991821 1421.818115
vt 1502.459351 1425.625488
vt 1466.976440 1443.568359
vt 1523.623779 1428.324341
vt 1548.583008 1488.833008
vt 1459.043823 1457.481812
vt 1464.261353 1506.433472
vt 1487.536255 1508.985840
vt 1480.324707 1525.491333
vt 1500.987183 1524.173706
vt 1462.596191 1528.293579
vt 1468.127319 1582.364136
vt 1447.448608 1580.261353
vt 1426.654663 1577.982666
vt 1405.882324 1575.806152
vt 1408.922974 1555.458252
vt 1437.372437 1352.774536
vt 1456.450928 1340.574707
vt 1459.530151 1340.880737
vt 1439.272705 1338.771118
vt 133.441910 1678.734619
vt 130.664062 1704.356079
vt 116.614288 1693.338501
vt 112.752502 1676.902466
vt 94.160439 1692.003418
vt 91.884857 1675.210449
vt 70.817390 1673.564697
vt 68.961823 1693.225708
vt 85.478439 1717.967896
vt 112.766258 1714.574097
vt 105.169792 1738.850586
vt 85.644867 1741.047607
vt 64.199142 1733.453491
vt 66.837982 1713.211304
vt 76.568497 1753.070435
vt 61.443302 1754.053101
vt 74.430298 1775.075195
vt 96.348297 1762.849731
vt 94.279953 1788.810791
vt 77.387894 1797.395630
vt 90.154419 1807.736938
vt 110.168709 1808.476196
vt 115.529861 1784.211304
vt 132.244293 1803.669189
vt 137.545517 1781.524414
vt 150.976715 1799.008423
vt 161.233459 1779.037598
vt 173.073074 1801.621948
vt 178.258118 1783.108521
vt 196.304718 1783.521118
vt 183.824310 1763.195190
vt 206.202835 1762.297607
vt 221.229309 1768.617065
vt 217.248688 1790.101929
vt 196.202393 1807.252441
vt 215.069443 1810.707275
vt 235.767212 1792.938110
vt 232.305466 1813.525879
vt 252.870102 1794.438965
vt 249.117386 1815.248291
vt 268.616180 1795.286743
vt 264.841980 1816.190552
vt 283.148926 1795.775635
vt 279.380646 1816.709473
vt 297.026337 1796.122192
vt 293.251495 1817.098877
vt 310.604401 1796.377808
vt 306.769531 1817.406616
vt 314.366333 1775.383789
vt 300.737183 1775.221069
vt 318.009247 1754.580688
vt 304.348022 1754.471924
vt 321.509003 1734.130249
vt 307.847900 1733.875000
vt 324.922577 1713.913818
vt 311.252472 1713.323730
vt 328.418335 1693.577881
vt 314.698730 1692.808105
vt 297.283691 1712.625488
vt 293.959869 1733.341309
vt 279.366669 1732.646118
vt 275.915314 1753.501953
vt 290.467255 1754.084473
vt 272.315186 1774.385986
vt 286.855225 1774.890869
vt 256.516785 1773.533081
vt 260.104095 1752.570435
vt 239.275375 1771.947266
vt 242.975861 1750.889282
vt 263.534454 1731.634277
vt 282.548676 1711.817383
vt 266.624146 1710.757690
vt 285.560089 1691.051392
vt 300.527222 1691.963257
vt 269.489380 1690.004028
vt 249.593323 1709.288330
vt 246.486343 1730.002808
vt 228.957321 1727.309937
vt 225.243698 1747.793823
vt 205.569748 1743.053589
vt 214.559677 1722.756958
vt 232.152588 1707.327393
vt 213.456802 1705.983765
vt 233.741882 1687.476440
vt 252.175629 1688.817383
vt 214.502243 1685.911011
vt 192.704514 1703.146973
vt 194.702118 1684.182861
vt 172.364655 1695.039429
vt 168.289124 1718.715454
vt 150.235474 1699.769409
vt 143.199554 1720.003418
vt 128.773163 1718.998779
vt 129.574051 1736.366211
vt 153.365738 1739.875000
vt 144.058487 1759.823730
vt 162.944107 1757.858643
vt 174.632248 1742.753052
vt 188.876556 1744.893555
vt 193.641861 1726.659302
vt 121.373093 1760.713135
vt 154.063828 1680.572754
vt 174.524261 1682.383057
vt 55.339619 1796.233276
vt 58.452080 1775.015015
vt 1651.586914 1762.875977
vt 1650.973999 1741.514404
vt 1670.126465 1750.880005
vt 1668.430054 1775.237793
vt 1642.557739 1789.273926
vt 1669.563232 1795.901245
vt 1656.424194 1813.149414
vt 1634.600586 1815.131226
vt 1616.782471 1807.668701
vt 1615.620972 1786.580200
vt 1625.913818 1761.246338
vt 1600.243042 1774.808716
vt 1591.899536 1801.245850
vt 1573.772461 1783.646484
vt 1568.570435 1803.099609
vt 1539.249756 1798.863525
vt 1555.294189 1763.858276
vt 1586.738892 1757.845459
vt 1571.597778 1743.332153
vt 1592.570557 1733.943115
vt 1574.846313 1721.459961
vt 1599.356567 1713.375122
vt 1614.563110 1723.620972
vt 1609.227905 1744.761475
vt 1631.043213 1733.983398
vt 1634.832397 1713.235352
vt 1649.709229 1721.718872
vt 1655.303955 1700.603760
vt 1636.444824 1697.472900
vt 1644.922485 1682.981689
vt 1626.758545 1687.788696
vt 1619.884644 1704.304932
vt 1607.851074 1691.955933
vt 1588.381592 1706.046875
vt 1589.532471 1698.397339
vt 1570.978760 1703.895630
vt 1553.124023 1708.282959
vt 1550.723999 1738.285156
vt 1533.770508 1727.877319
vt 1535.167236 1714.821167
vt 1517.627563 1721.006226
vt 1517.477783 1736.850342
vt 1500.141479 1727.438477
vt 1506.620117 1744.892456
vt 1516.999268 1751.582275
vt 1530.586548 1746.334961
vt 1525.508545 1766.655640
vt 1540.330322 1754.454712
vt 1503.986938 1760.154419
vt 1492.683838 1785.752686
vt 1487.405151 1762.437378
vt 1493.531982 1746.962280
vt 1479.171875 1750.276733
vt 1482.442993 1734.088013
vt 1464.741211 1740.569580
vt 1466.352417 1766.244873
vt 1446.797119 1745.947510
vt 1438.414429 1779.825317
vt 1421.478271 1763.987183
vt 1426.718994 1748.040649
vt 1406.900391 1749.607788
vt 1454.086670 1795.317261
vt 1663.072754 1679.304810
vt 1680.014160 1690.646484
vt 1675.486938 1720.366089
vt 1699.619995 1694.797974
vt 1699.605835 1671.766846
vt 1717.499512 1668.494019
vt 1717.035645 1696.535645
vt 1700.859009 1719.912964
vt 1712.491211 1720.733765
vt 1706.923218 1744.463013
vt 1689.940796 1744.410522
vt 1684.527344 1765.334229
vt 1700.650879 1768.059082
vt 1694.040161 1791.143921
vt 1681.854614 1675.656372
vt 1605.504395 1759.381348
vt 1687.256348 1814.046509
vt 1101.890503 1376.133911
vt 1102.566650 1393.390869
vt 1083.378784 1391.140015
vt 1081.956787 1369.502197
vt 1060.865356 1384.188477
vt 1063.557861 1407.172729
vt 1091.148804 1416.478516
vt 1063.947754 1432.213379
vt 1084.970337 1445.722778
vt 1063.037598 1459.941040
vt 1040.570801 1444.770752
vt 1041.674927 1420.402100
vt 1018.877014 1430.864868
vt 1021.985596 1408.809937
vt 1041.220947 1398.407959
vt 1025.793945 1393.999756
vt 1033.804443 1375.221436
vt 1005.439209 1392.767090
vt 1013.031433 1369.323120
vt 1025.220215 1346.187378
vt 1043.677612 1354.867188
vt 1062.285278 1362.692139
vt 998.549133 1416.211792
vt 992.452332 1439.782837
vt 1018.046875 1456.228149
vt 1001.778931 1465.263062
vt 986.813721 1463.027344
vt 996.001404 1480.684448
vt 1016.384644 1487.421753
vt 981.513977 1486.165283
vt 1038.791748 1470.042114
vt 1041.486328 1493.196899
vt 1055.377808 1480.506104
vt 1060.403809 1497.778198
vt 1075.065063 1483.700684
vt 1074.117432 1500.619873
vt 1092.692627 1502.624268
vt 1097.236572 1481.608887
vt 1084.274414 1465.985229
vt 1101.759155 1460.898926
vt 1106.384277 1440.579224
vt 1111.064209 1420.750000
vt 1116.165771 1401.286499
vt 1121.634399 1382.498657
vt 882.143982 125.694939
vt 878.124023 107.458656
vt 889.126831 114.000717
vt 866.446533 117.560234
vt 872.243896 103.870926
vt 860.999329 96.989868
vt 846.865112 108.602791
vt 855.598022 93.655464
vt 850.392517 90.467117
vt 833.555054 92.598572
vt 839.204285 83.557312
vt 828.193787 76.884384
vt 816.208191 85.490631
vt 822.970886 73.730492
vt 812.276611 67.388458
vt 796.753967 76.765709
vt 806.922791 64.204941
vt 796.787598 58.212181
vt 785.387024 63.836765
vt 791.151184 54.959621
vt 785.220825 51.653118
vt 770.330872 58.467846
vt 776.053711 46.292252
vt 769.899353 43.128902
vt 750.213440 51.136494
vt 762.729126 38.426628
vt 754.059937 68.207542
vt 770.562439 81.899940
vt 740.545410 83.673592
vt 737.432190 63.184235
vt 723.918945 75.614647
vt 710.551758 88.420387
vt 731.871216 105.525360
vt 754.029236 99.997498
vt 750.069824 119.586609
vt 774.880981 107.599106
vt 785.598572 91.748596
vt 798.310425 99.888618
vt 794.411194 126.008850
vt 768.268127 132.579285
vt 781.710999 145.301926
vt 801.057373 152.975067
vt 780.800110 162.721146
vt 763.969299 154.226608
vt 762.257202 177.855850
vt 747.169373 164.960449
vt 743.825195 144.140884
vt 726.323242 127.758072
vt 721.388977 148.052368
vt 701.305359 137.927460
vt 706.007507 167.299408
vt 729.428955 164.349197
vt 720.512634 177.418533
vt 710.492249 192.658661
vt 693.858215 187.183212
vt 683.375916 176.492935
vt 679.880493 194.442734
vt 665.026001 188.492722
vt 668.497437 215.229507
vt 690.110596 205.854950
vt 685.038086 228.493454
vt 667.763672 244.721558
vt 686.693848 251.788742
vt 668.898804 267.650330
vt 682.910461 282.190033
vt 656.706604 293.549561
vt 650.979858 267.218201
vt 630.647766 293.580200
vt 635.049683 265.351318
vt 646.601440 239.162125
vt 623.612122 249.820496
vt 630.927551 227.212814
vt 644.435669 206.797394
vt 622.364624 211.826416
vt 628.002930 193.601990
vt 644.362915 174.878281
vt 615.613281 177.589005
vt 610.894531 198.890854
vt 603.179626 191.211105
vt 590.778259 203.749466
vt 602.462646 215.229355
vt 613.006470 229.888077
vt 591.716125 229.702820
vt 581.148376 214.623627
vt 601.386475 245.160446
vt 610.995300 261.780853
vt 620.310242 277.833557
vt 629.538330 164.181717
vt 643.091553 150.978790
vt 657.684937 153.761948
vt 668.914001 164.993912
vt 675.169312 141.243546
vt 687.038696 157.464737
vt 683.126648 113.460640
vt 708.338928 112.084419
vt 696.417419 100.487572
vt 669.932495 125.439583
vt 656.426025 137.928146
vt 640.356140 310.679932
vt 651.979065 326.294983
vt 672.114441 305.867798
vt 676.336060 321.731415
vt 662.928040 342.536102
vt 703.219299 327.629120
vt 691.766602 352.637634
vt 672.183899 358.486206
vt 683.633484 373.794067
vt 709.618896 366.883911
vt 694.718811 388.820923
vt 723.176453 381.929993
vt 705.958923 403.791748
vt 736.932190 399.109039
vt 717.304504 418.874847
vt 743.404907 421.318726
vt 728.463074 433.966949
vt 751.728271 444.696045
vt 738.734802 449.619110
vt 746.779358 467.822784
vt 766.174683 468.777496
vt 754.242371 486.013702
vt 770.813110 447.702728
vt 767.446655 427.360840
vt 761.108948 406.167694
vt 778.527283 411.591888
vt 783.915222 391.448059
vt 761.557617 388.085815
vt 751.075989 375.754333
vt 778.083984 366.762787
vt 765.593567 359.118958
vt 791.260254 335.337830
vt 799.884033 344.809204
vt 797.378967 369.379059
vt 811.212341 356.265869
vt 744.310913 358.210175
vt 750.715576 340.484924
vt 722.080750 346.532043
vt 735.009827 331.299774
vt 763.245422 327.988037
vt 738.108093 312.858246
vt 765.220703 316.832428
vt 777.230591 322.908691
vt 775.979187 318.094147
vt 785.943909 318.028412
vt 787.013184 324.056030
vt 788.683350 330.149475
vt 776.925903 314.352753
vt 786.255249 315.879883
vt 786.736450 313.699036
vt 762.743530 304.063354
vt 776.985779 290.016541
vt 757.058960 286.410858
vt 765.796692 269.833069
vt 740.391296 274.520233
vt 743.801880 294.108704
vt 725.714172 291.259613
vt 719.718689 273.480377
vt 727.886719 250.095474
vt 704.123962 264.286072
vt 705.364441 287.090759
vt 691.627930 305.130615
vt 712.297913 305.174561
vt 705.998169 240.923523
vt 694.929626 234.903870
vt 704.324890 219.306946
vt 723.172546 226.885117
vt 723.304382 207.409042
vt 743.762085 213.038376
vt 736.303345 186.260773
vt 753.033142 195.086899
vt 770.049377 203.328857
vt 784.324524 180.545242
vt 798.620850 197.970413
vt 787.919312 216.523056
vt 771.685608 226.357910
vt 794.386414 236.189270
vt 769.972107 247.261948
vt 750.527100 234.800156
vt 750.092407 255.281876
vt 735.888184 231.229828
vt 758.828674 219.546295
vt 789.698486 261.326385
vt 782.080444 275.874512
vt 797.689392 283.286316
vt 791.468689 298.421753
vt 805.374939 267.230652
vt 813.786438 250.463684
vt 823.032227 232.540207
vt 804.890259 218.163254
vt 820.555847 207.395294
vt 819.778381 185.113480
vt 842.706970 195.488022
vt 837.123413 169.503296
vt 817.049561 166.211060
vt 824.460999 150.289291
vt 814.903015 133.960144
vt 833.722229 131.384094
vt 841.683350 150.215927
vt 853.295288 136.088181
vt 819.941284 110.988617
vt 859.126282 165.241760
vt 853.898315 174.825119
vt 871.066467 144.548203
vt 802.199341 174.794693
vt 792.032410 167.477295
vt 832.846558 214.436401
vt 763.731750 1374.075684
vt 764.632446 1386.835571
vt 757.648682 1378.525024
vt 751.909668 1382.679688
vt 749.462891 1397.676880
vt 741.596436 1390.129883
vt 736.419006 1393.809082
vt 733.108093 1412.252319
vt 725.310425 1401.706665
vt 712.997742 1410.255493
vt 712.661926 1425.020020
vt 708.712891 1413.200195
vt 695.556274 1422.248047
vt 696.211670 1436.528931
vt 691.852966 1424.775513
vt 688.342468 1427.186035
vt 682.671448 1448.222534
vt 674.593750 1436.625977
vt 691.377380 1460.533081
vt 712.658508 1449.434937
vt 700.945557 1473.954468
vt 722.643188 1468.918701
vt 711.269409 1488.375244
vt 731.751648 1484.359741
vt 722.108643 1503.540039
vt 741.264282 1494.738281
vt 748.460449 1483.607666
vt 759.543152 1496.504761
vt 763.411682 1474.500854
vt 781.760864 1486.501831
vt 780.109863 1511.996704
vt 754.985107 1517.298096
vt 768.057983 1534.276978
vt 744.311707 1534.877808
vt 733.206299 1519.084229
vt 742.534973 1506.253174
vt 755.343628 1550.799927
vt 783.120300 1557.145386
vt 789.174866 1532.830200
vt 807.469177 1542.683350
vt 806.592346 1517.227417
vt 824.893677 1529.716309
vt 834.039185 1551.851807
vt 808.394775 1567.045410
vt 828.335205 1580.354980
vt 806.097534 1591.558838
vt 821.638123 1606.823486
vt 798.999695 1616.497559
vt 810.895935 1633.544922
vt 828.120544 1621.470825
vt 845.371521 1609.455444
vt 836.760864 1594.720215
vt 852.716675 1582.654175
vt 842.888062 1568.253540
vt 858.092651 1558.898315
vt 873.808105 1566.522217
vt 879.881348 1587.565552
vt 862.481201 1597.753540
vt 892.950500 1560.998413
vt 896.954224 1576.553833
vt 888.544189 1544.046265
vt 858.947205 1542.499023
vt 847.779053 1526.755005
vt 868.763428 1531.459106
vt 866.527283 1518.795898
vt 884.443726 1525.939819
vt 879.282959 1507.288086
vt 854.586670 1503.378906
vt 874.320374 1488.941040
vt 850.927063 1481.067993
vt 869.519592 1470.857300
vt 847.130798 1460.616577
vt 826.831726 1472.434692
vt 828.414185 1449.984253
vt 843.608337 1437.263062
vt 864.458252 1453.217163
vt 859.419006 1436.149536
vt 854.731628 1418.279419
vt 835.690430 1414.366821
vt 817.596130 1427.850220
vt 818.892883 1400.228027
vt 835.871887 1396.556274
vt 843.939819 1407.387939
vt 848.803772 1400.836914
vt 843.598694 1383.175293
vt 825.506409 1375.452148
vt 838.045654 1365.753296
vt 832.551453 1349.048950
vt 810.677368 1356.424683
vt 817.371399 1337.450439
vt 827.980652 1331.801636
vt 807.506958 1343.353027
vt 798.081177 1349.445068
vt 793.612854 1362.999390
vt 790.128479 1355.052246
vt 780.722046 1361.768311
vt 780.109497 1375.307495
vt 773.728088 1366.769897
vt 801.385742 1381.422241
vt 782.273010 1394.965332
vt 765.962830 1405.565430
vt 780.806152 1413.844238
vt 764.905457 1427.758667
vt 790.178528 1433.431641
vt 798.677124 1408.322632
vt 808.304443 1453.426392
vt 783.547668 1460.085693
vt 802.667114 1477.403687
vt 797.772339 1497.679810
vt 816.503113 1494.473633
vt 835.442444 1492.052856
vt 830.527771 1510.445557
vt 775.075867 1443.274048
vt 759.635864 1451.746338
vt 747.482117 1437.432373
vt 736.118469 1451.156860
vt 731.009888 1432.958130
vt 745.639587 1424.517090
vt 751.941589 1413.365356
vt 743.927063 1468.753174
vt 788.038574 1599.682129
vt 792.494446 1579.605225
vt 777.160767 1583.150879
vt 766.332764 1566.876465
vt 171.471176 1376.678223
vt 149.778778 1359.288452
vt 168.952362 1357.080566
vt 190.722290 1361.572021
vt 182.758026 1355.508545
vt 189.482758 1354.747681
vt 189.791962 1354.711060
vt 209.550781 1352.495483
vt 213.646622 1363.378540
vt 200.799210 1379.022217
vt 220.214508 1379.693481
vt 234.311966 1373.093384
vt 236.458649 1389.858154
vt 254.782089 1381.522339
vt 257.334778 1401.838867
vt 235.309326 1409.552979
vt 216.627701 1395.053223
vt 213.829849 1414.409424
vt 229.848358 1430.623657
vt 256.314728 1426.816528
vt 242.758636 1449.575195
vt 219.838562 1450.864380
vt 229.555191 1472.917480
vt 207.786530 1467.423950
vt 207.494736 1490.621094
vt 182.500153 1469.900635
vt 198.544647 1450.865967
vt 180.422241 1447.698486
vt 189.552414 1433.493042
vt 208.685135 1433.322388
vt 197.365860 1419.356689
vt 192.969925 1399.729614
vt 179.597992 1415.950928
vt 170.329758 1398.540405
vt 151.417969 1387.877197
vt 147.168701 1369.961670
vt 130.748413 1373.946533
vt 131.582199 1361.265381
vt 128.201263 1361.617798
vt 112.149559 1363.255737
vt 111.985214 1377.098999
vt 108.243149 1363.646362
vt 92.378502 1365.209473
vt 94.056686 1379.285767
vt 88.273430 1365.602417
vt 77.425575 1366.617188
vt 78.787170 1380.860840
vt 74.500793 1366.883545
vt 64.056892 1367.835449
vt 64.986694 1382.254639
vt 61.962971 1368.020508
vt 51.683029 1368.944214
vt 51.588505 1383.914551
vt 49.698322 1369.117798
vt 38.192631 1370.154053
vt 37.358864 1387.505981
vt 35.882374 1370.366943
vt 53.028465 1405.440186
vt 39.298355 1407.394897
vt 55.027874 1425.711914
vt 41.403183 1427.156738
vt 57.296032 1445.624878
vt 43.675056 1446.904907
vt 59.759789 1465.471313
vt 46.127106 1466.730713
vt 62.405228 1485.342407
vt 48.763462 1486.603882
vt 65.238319 1505.246704
vt 51.567837 1506.332031
vt 68.289536 1525.264038
vt 54.595592 1526.216797
vt 71.605652 1545.431396
vt 57.900826 1546.480103
vt 75.240013 1565.863892
vt 61.503654 1567.028931
vt 79.228455 1586.502563
vt 65.449120 1587.826050
vt 83.521362 1607.333862
vt 69.888100 1609.120605
vt 97.613167 1605.567139
vt 93.288895 1584.964966
vt 112.498863 1603.707642
vt 108.014900 1583.299438
vt 89.188660 1564.475586
vt 103.796219 1562.932007
vt 85.498199 1544.135254
vt 100.067032 1542.661133
vt 82.156677 1523.968872
vt 96.713951 1522.537354
vt 79.088875 1503.949951
vt 93.642632 1502.541870
vt 76.238388 1484.027832
vt 90.784966 1482.615601
vt 73.575912 1464.148560
vt 88.105713 1462.714233
vt 71.100227 1444.246826
vt 85.617180 1442.764526
vt 68.846230 1424.155640
vt 83.347176 1422.565552
vt 66.872177 1403.528931
vt 81.227417 1401.927246
vt 99.072273 1420.782837
vt 101.372185 1440.953735
vt 118.504868 1438.536499
vt 121.003571 1458.362427
vt 103.891701 1460.901123
vt 123.885239 1478.229370
vt 106.631721 1480.823608
vt 126.959465 1498.344849
vt 109.512016 1500.817383
vt 129.866806 1518.468994
vt 112.554062 1520.812988
vt 133.093369 1538.501343
vt 115.905701 1540.898926
vt 136.970978 1558.791382
vt 119.651901 1561.147827
vt 141.215210 1579.333984
vt 123.895012 1581.476562
vt 145.720963 1599.747314
vt 128.489563 1601.776123
vt 164.072296 1597.655273
vt 160.000580 1576.292480
vt 183.242966 1595.614136
vt 181.305298 1569.772461
vt 155.055481 1554.964722
vt 169.647369 1548.159058
vt 150.839447 1534.974365
vt 169.696136 1530.681274
vt 148.724884 1514.961548
vt 170.383499 1508.719604
vt 145.662155 1494.102661
vt 163.547165 1485.667725
vt 141.598938 1473.906494
vt 157.353897 1467.576782
vt 139.021576 1454.524780
vt 159.739578 1448.884521
vt 136.476517 1434.912598
vt 116.233170 1418.454468
vt 134.419540 1415.068359
vt 114.148102 1397.924072
vt 96.832039 1400.212524
vt 132.998444 1394.424194
vt 155.807007 1411.057373
vt 151.390182 1429.203979
vt 169.745148 1431.759033
vt 183.728302 1493.831421
vt 194.367111 1509.670410
vt 208.923370 1508.932983
vt 208.152435 1525.670654
vt 225.056168 1507.543091
vt 231.321533 1529.172119
vt 244.770660 1513.984009
vt 246.357407 1492.328979
vt 268.043884 1511.431274
vt 251.982498 1530.489380
vt 269.709625 1533.291260
vt 292.237610 1529.225098
vt 277.658356 1549.290161
vt 257.927673 1548.622681
vt 262.602509 1567.875854
vt 246.413864 1564.560913
vt 239.128799 1548.357544
vt 217.856400 1548.524292
vt 229.481781 1568.946533
vt 207.617844 1570.173340
vt 223.135147 1591.559937
vt 243.561981 1589.470825
vt 202.992157 1593.599487
vt 191.600021 1546.260498
vt 186.943619 1525.181763
vt 264.181976 1587.361694
vt 286.012451 1569.336792
vt 284.859680 1585.258179
vt 305.652588 1582.979126
vt 309.856995 1563.905884
vt 297.167999 1550.165283
vt 320.012299 1540.678467
vt 316.832428 1521.101074
vt 295.917847 1500.809082
vt 313.765747 1501.755981
vt 310.935822 1482.484741
vt 295.715149 1478.429321
vt 308.255707 1463.272705
vt 289.833252 1463.469238
vt 305.717316 1444.120483
vt 283.041199 1450.567993
vt 273.261444 1462.479980
vt 265.329681 1448.566528
vt 282.282349 1434.723999
vt 280.152496 1414.073120
vt 303.333588 1425.164673
vt 301.031677 1406.665649
vt 280.094879 1390.352173
vt 298.864349 1389.069458
vt 296.828613 1372.717285
vt 271.148163 1368.170044
vt 248.906967 1367.214233
vt 251.841309 1355.975708
vt 232.151566 1358.655029
vt 233.240540 1349.938599
vt 252.168213 1347.975220
vt 254.623169 1347.728149
vt 270.242828 1353.381836
vt 272.782410 1345.880127
vt 275.860748 1345.574097
vt 294.936584 1357.774902
vt 293.039398 1343.771118
vt 231.419083 1350.127441
vt 211.749344 1352.246216
vt 210.612350 1352.374878
vt 255.134567 1467.950562
vt 274.660858 1482.273804
vt 227.176682 1490.960693
vt 323.380737 1560.454590
vt 326.423859 1580.802368
vt 148.142960 1359.488892
vt 600.596313 1735.356812
vt 597.818481 1709.734741
vt 614.645203 1724.339355
vt 618.492920 1745.575317
vt 637.098267 1723.004639
vt 618.506897 1707.903198
vt 639.373474 1706.211304
vt 660.439697 1704.565186
vt 662.296692 1724.226685
vt 645.780640 1748.969238
vt 664.420410 1744.213135
vt 667.059082 1764.455811
vt 645.614014 1772.049316
vt 654.689819 1784.072510
vt 634.910706 1793.851440
vt 656.827759 1806.077637
vt 669.814148 1785.055664
vt 672.804932 1806.017700
vt 675.917236 1827.236084
vt 653.869629 1828.398071
vt 636.978699 1819.812744
vt 641.103760 1838.739258
vt 621.090515 1839.478271
vt 615.729614 1815.213013
vt 609.886597 1791.714600
vt 626.089661 1769.852051
vt 601.685913 1767.367432
vt 602.486877 1749.999878
vt 588.061401 1751.004150
vt 581.025391 1730.769775
vt 562.972229 1749.715942
vt 577.895020 1770.875854
vt 556.629211 1773.753784
vt 537.620056 1757.659668
vt 538.557068 1734.147095
vt 558.896545 1726.039673
vt 536.559448 1715.182739
vt 516.759460 1716.911011
vt 517.805237 1736.983887
vt 497.520203 1718.476440
vt 499.110291 1738.327515
vt 479.087036 1719.817505
vt 481.670502 1740.288330
vt 461.773834 1721.004517
vt 464.640717 1741.757812
vt 445.703735 1722.052246
vt 448.717438 1742.817749
vt 430.737366 1722.964844
vt 433.984039 1743.626343
vt 416.566803 1723.811035
vt 420.017090 1744.325439
vt 402.848663 1724.583008
vt 406.348877 1744.916748
vt 423.423981 1764.875732
vt 409.764801 1765.131348
vt 426.925110 1785.471680
vt 413.265869 1785.580322
vt 430.536560 1806.220093
vt 416.909393 1806.382202
vt 434.247559 1827.120605
vt 420.671478 1827.375366
vt 438.022064 1848.096924
vt 424.506042 1848.403442
vt 451.890930 1847.708496
vt 448.122925 1826.774780
vt 466.427521 1847.190308
vt 462.653564 1826.286499
vt 444.416504 1805.890259
vt 458.954437 1805.385864
vt 440.803894 1785.084351
vt 455.353729 1784.501953
vt 437.309998 1764.341675
vt 451.901245 1763.646240
vt 471.163116 1783.570435
vt 474.750977 1804.533203
vt 491.990692 1802.947754
vt 495.498962 1823.938843
vt 478.397797 1825.439209
vt 498.960632 1844.526978
vt 482.150330 1846.248779
vt 516.195190 1841.708740
vt 514.015930 1821.103027
vt 535.060913 1838.254028
vt 534.958801 1814.522461
vt 510.035339 1799.617798
vt 488.289795 1781.889526
vt 506.020599 1778.794189
vt 484.778564 1761.002930
vt 467.731842 1762.634399
vt 502.306427 1758.310181
vt 525.693481 1774.054077
vt 525.060669 1793.298340
vt 547.438110 1794.196167
vt 553.004272 1814.109985
vt 558.189148 1832.623901
vt 570.027832 1810.039185
vt 580.284485 1830.010254
vt 593.714844 1812.526123
vt 599.015930 1834.671143
vt 587.201904 1790.825073
vt 568.317261 1788.859741
vt 542.385803 1775.894165
vt 516.703003 1753.757324
vt 556.736877 1713.383057
vt 577.196777 1711.572632
vt 1029.437988 1755.510254
vt 1028.826050 1776.871826
vt 1010.284485 1764.876343
vt 1004.921936 1734.362061
vt 990.468140 1758.407593
vt 995.882935 1779.331177
vt 979.757812 1782.056763
vt 973.483887 1758.461060
vt 979.547607 1733.910278
vt 967.913513 1734.732422
vt 963.367371 1710.533813
vt 980.785156 1708.794678
vt 962.903198 1682.490234
vt 980.797424 1685.763062
vt 1000.392517 1704.641357
vt 1025.105347 1714.599243
vt 1017.334900 1693.299072
vt 1035.487061 1696.977417
vt 1043.966309 1711.469238
vt 1045.579834 1727.231323
vt 1060.529053 1718.301514
vt 1053.652954 1701.786011
vt 1072.563599 1705.952759
vt 1081.060059 1727.371338
vt 1065.852051 1737.616821
vt 1087.847534 1747.938232
vt 1071.188354 1758.756836
vt 1049.370483 1747.979004
vt 1030.701782 1735.714600
vt 1054.500977 1775.241699
vt 1074.912354 1773.376343
vt 1080.173828 1788.803223
vt 1064.794556 1800.575317
vt 1037.856201 1803.269775
vt 1063.633179 1821.663940
vt 1088.517456 1815.240234
vt 1045.813965 1829.127075
vt 1023.989075 1827.145874
vt 1010.849182 1809.897827
vt 993.155518 1828.043579
vt 986.370667 1805.140991
vt 1011.981934 1789.234375
vt 1106.646362 1797.640625
vt 1111.847900 1817.093628
vt 1141.170288 1812.857300
vt 1125.127197 1777.852173
vt 1093.679810 1771.839966
vt 1108.822876 1757.326538
vt 1129.699463 1752.279175
vt 1140.093506 1768.448853
vt 1154.915649 1780.650146
vt 1149.839233 1760.329102
vt 1163.427734 1765.577393
vt 1162.950806 1750.845337
vt 1146.656372 1741.871460
vt 1162.802246 1735.001343
vt 1180.290894 1741.435059
vt 1173.809204 1758.888428
vt 1186.899292 1760.959595
vt 1197.992188 1748.086670
vt 1201.260742 1764.276367
vt 1215.695923 1754.571899
vt 1214.077271 1780.247559
vt 1193.023926 1776.435791
vt 1187.739868 1799.750122
vt 1226.335693 1809.322998
vt 1242.011475 1793.837280
vt 1233.641602 1759.956055
vt 1258.953369 1778.007812
vt 1253.721436 1762.058105
vt 1273.541138 1763.639771
vt 1176.440430 1774.150635
vt 1145.260132 1728.815430
vt 1127.300049 1722.276978
vt 1105.573975 1735.454712
vt 1109.440674 1717.890991
vt 1092.035645 1720.043213
vt 1090.883667 1712.394165
vt 998.550476 1689.650757
vt 1192.926758 1393.391968
vt 1193.605957 1376.134766
vt 1212.114990 1391.142334
vt 1204.344482 1416.480103
vt 1179.328369 1401.286499
vt 1173.861572 1382.497070
vt 1184.430054 1420.750854
vt 1189.109985 1440.580688
vt 1210.523071 1445.724365
vt 1231.544922 1432.215576
vt 1232.455078 1459.943115
vt 1254.921143 1444.773193
vt 1256.699951 1470.044556
vt 1277.444092 1456.231079
vt 1279.106201 1487.424805
vt 1254.005493 1493.199463
vt 1240.114746 1480.508301
vt 1235.088989 1497.780273
vt 1220.428589 1483.702515
vt 1211.219360 1465.986816
vt 1198.258179 1481.610352
vt 1193.735474 1460.900513
vt 1202.801880 1502.625854
vt 1221.376221 1500.621826
vt 1293.711182 1465.266235
vt 1299.488403 1480.687988
vt 1308.675171 1463.030884
vt 1303.037842 1439.786133
vt 1313.974854 1486.169067
vt 1276.614258 1430.867676
vt 1296.941650 1416.214966
vt 1273.506348 1408.812744
vt 1290.052979 1392.769775
vt 1269.698608 1394.002319
vt 1254.272095 1398.410522
vt 1261.688843 1375.223755
vt 1234.628418 1384.191650
vt 1231.935303 1407.175171
vt 1213.538696 1369.505127
vt 1233.208862 1362.696167
vt 1253.817505 1420.404541
vt 1251.815063 1354.870605
vt 1270.271118 1346.187622
vt 1282.461182 1369.324829
vt 518.305603 1245.668457
vt 525.731934 1233.136963
vt 522.993652 1245.914551
vt 539.688599 1246.667847
vt 550.831848 1235.726929
vt 544.973511 1214.667603
vt 567.917236 1219.982422
vt 572.370728 1237.766724
vt 562.163269 1247.735962
vt 544.252197 1246.896973
vt 564.453430 1247.850220
vt 582.784485 1248.700684
vt 592.037598 1239.063965
vt 587.653259 1222.324951
vt 605.294739 1223.530518
vt 609.487183 1239.950317
vt 603.153931 1249.636230
vt 584.638245 1248.792236
vt 604.800354 1249.716553
vt 617.637451 1250.306885
vt 623.771057 1240.630127
vt 620.809631 1224.290771
vt 634.610474 1225.027466
vt 636.632690 1241.450317
vt 629.738159 1250.876343
vt 618.686584 1250.361084
vt 631.315796 1250.957031
vt 642.076477 1251.461304
vt 648.723755 1243.272095
vt 647.318665 1226.347290
vt 658.561401 1229.532837
vt 657.642700 1249.721436
vt 655.839478 1252.100220
vt 643.649658 1251.542114
vt 657.529724 1252.172607
vt 659.475464 1209.533813
vt 646.959778 1207.898682
vt 660.349976 1189.601562
vt 647.226562 1188.471436
vt 661.190430 1169.368530
vt 647.848755 1168.334351
vt 662.003357 1148.420288
vt 648.589417 1147.936279
vt 662.814758 1125.596436
vt 649.246460 1129.471069
vt 663.142395 1115.108032
vt 649.824829 1111.234253
vt 663.744141 1092.669434
vt 650.366516 1091.303833
vt 664.208130 1071.861084
vt 650.825256 1071.244019
vt 664.575928 1051.399658
vt 651.203430 1050.968994
vt 664.862610 1030.884399
vt 651.506348 1030.500854
vt 637.465759 1050.549072
vt 637.094177 1070.752930
vt 622.598694 1070.154541
vt 622.148865 1089.942139
vt 636.642334 1090.553833
vt 621.615540 1109.271973
vt 636.109253 1110.007446
vt 620.995361 1128.440674
vt 635.508667 1129.131592
vt 620.305725 1147.715698
vt 634.836426 1148.184204
vt 619.602112 1167.358032
vt 634.135437 1167.839233
vt 619.103699 1187.136475
vt 633.603516 1187.752075
vt 619.296204 1206.358643
vt 633.625366 1207.019897
vt 603.454224 1205.497437
vt 603.224060 1186.207642
vt 585.879456 1203.918335
vt 567.117798 1200.770874
vt 585.853271 1184.447632
vt 567.418518 1181.313843
vt 586.439575 1164.633057
vt 603.749634 1166.415527
vt 604.468506 1146.748779
vt 587.169006 1144.948853
vt 605.171448 1127.456665
vt 587.942383 1125.705688
vt 605.818909 1108.322754
vt 588.679077 1106.706543
vt 606.346863 1089.044434
vt 589.052979 1087.492798
vt 606.749756 1069.245361
vt 622.971130 1049.957520
vt 607.126221 1049.004517
vt 623.284241 1029.580200
vt 637.765442 1030.148804
vt 607.498535 1028.632446
vt 589.852051 1047.090210
vt 589.275696 1067.525269
vt 570.278320 1063.993408
vt 569.999329 1084.910034
vt 570.835632 1104.082275
vt 551.779419 1101.541260
vt 554.601318 1117.415649
vt 569.795288 1122.665405
vt 546.971008 1137.048096
vt 568.700989 1141.763184
vt 551.129089 1156.063721
vt 567.905823 1161.508667
vt 545.515625 1177.141602
vt 551.222168 1195.229492
vt 531.852234 1197.906128
vt 522.105530 1213.994873
vt 505.711365 1198.839966
vt 503.917664 1221.586060
vt 484.946503 1210.945557
vt 482.534637 1231.560547
vt 462.203430 1215.016357
vt 471.383331 1197.290649
vt 486.848572 1197.945068
vt 487.530914 1182.788452
vt 462.066071 1177.087891
vt 480.985138 1165.399536
vt 467.814789 1157.255859
vt 488.684082 1146.632690
vt 465.736023 1139.407593
vt 487.768738 1123.676636
vt 463.447266 1117.378784
vt 487.418915 1101.652100
vt 512.107910 1106.910767
vt 509.401489 1130.445190
vt 533.350403 1119.100708
vt 534.035706 1099.617554
vt 547.237610 1080.736816
vt 525.572510 1088.135986
vt 526.781799 1066.874390
vt 551.600342 1056.198975
vt 572.096436 1043.288330
vt 556.920898 1037.544312
vt 572.552795 1023.776306
vt 590.419312 1026.818481
vt 552.121338 1020.201111
vt 536.487915 1040.794067
vt 535.329346 1024.367432
vt 517.814026 1028.013428
vt 516.258728 1049.461548
vt 497.644897 1045.581543
vt 502.905731 1065.357666
vt 507.058350 1085.167969
vt 486.305328 1081.424927
vt 466.974487 1095.123779
vt 469.357452 1077.703491
vt 482.406738 1063.135254
vt 461.537567 1063.831787
vt 475.167572 1044.838013
vt 491.245361 1022.450317
vt 467.228760 1028.022583
vt 449.944885 1045.963257
vt 446.490906 1021.175964
vt 425.351746 1039.028564
vt 429.660736 1058.385132
vt 406.395996 1061.240112
vt 407.607300 1041.690918
vt 408.929504 1021.692871
vt 427.787811 1022.642883
vt 423.139038 1079.160034
vt 405.181732 1080.816772
vt 403.783447 1100.119873
vt 425.122406 1102.356079
vt 402.289246 1119.348511
vt 427.116791 1123.457764
vt 400.660217 1138.456543
vt 425.876953 1142.305786
vt 414.644623 1157.802368
vt 399.017670 1157.401978
vt 397.285431 1175.902466
vt 422.660126 1173.285400
vt 420.511322 1193.189575
vt 438.840149 1180.095459
vt 447.816772 1197.126465
vt 434.062469 1217.045410
vt 408.235840 1211.948853
vt 395.534637 1193.458130
vt 393.818024 1209.698853
vt 392.160065 1224.519653
vt 413.311646 1230.323730
vt 395.059845 1239.230957
vt 390.131561 1238.703003
vt 413.301422 1240.783447
vt 418.064636 1240.996582
vt 432.677734 1234.458008
vt 435.777405 1241.898560
vt 440.444336 1242.051025
vt 454.851959 1232.735107
vt 457.833344 1242.945557
vt 474.999390 1243.609375
vt 479.718292 1243.883301
vt 496.748901 1244.635010
vt 504.640656 1237.210327
vt 501.465759 1244.885010
vt 442.628662 1157.773926
vt 444.931183 1133.569946
vt 445.288910 1120.484009
vt 446.021088 1107.283813
vt 448.052002 1084.585815
vt 442.691895 1066.373413
vt 525.098450 1139.036865
vt 526.205688 1160.423828
vt 509.817017 1147.884155
vt 500.119904 1163.506836
vt 508.363312 1177.951538
vt 523.326904 1182.974609
vt 1661.602539 566.705933
vt 1685.412720 567.540527
vt 1673.133423 588.178223
vt 1652.295654 587.804871
vt 1642.623901 566.707703
vt 1640.114258 588.258179
vt 1639.503052 610.063965
vt 1659.368652 606.253235
vt 1645.020386 615.999756
vt 1639.711670 615.767456
vt 1660.020996 616.680176
vt 1665.099487 617.307312
vt 1680.385742 607.707764
vt 1701.097046 590.598267
vt 1698.478638 611.568176
vt 1685.060181 619.187805
vt 1680.116821 618.573669
vt 1700.154907 620.496948
vt 1705.042847 621.138916
vt 1719.357788 607.576599
vt 1720.124390 621.240540
vt 1735.243530 621.601196
vt 1737.196899 606.252563
vt 1741.133423 591.414062
vt 1721.411743 592.914246
vt 1724.678345 579.284241
vt 1744.950928 575.507263
vt 1732.889160 557.612488
vt 1709.327271 565.803223
vt 1716.953857 548.266785
vt 1734.105347 536.014648
vt 1712.515015 531.999329
vt 1728.879639 516.830078
vt 1706.473145 513.712463
vt 1718.132568 498.279022
vt 1741.441406 499.847748
vt 1759.465942 521.286377
vt 1764.778687 502.091797
vt 1749.696899 481.983093
vt 1769.857910 483.038818
vt 1757.560425 466.953888
vt 1737.726685 462.195740
vt 1726.980835 480.402252
vt 1710.147461 461.286377
vt 1703.657471 482.780426
vt 1687.685913 471.523285
vt 1678.357666 489.923981
vt 1660.566162 470.504608
vt 1658.920532 480.194763
vt 1654.671021 501.968048
vt 1673.043091 505.004913
vt 1671.338989 518.601501
vt 1650.160889 523.105286
vt 1671.632202 542.799072
vt 1646.079468 544.800415
vt 1691.140015 527.685425
vt 1686.908813 509.037933
vt 1699.157837 498.465424
vt 1697.569946 547.819153
vt 1684.545288 454.434753
vt 1663.205811 450.228058
vt 1681.489502 431.902222
vt 1664.404297 432.184357
vt 1662.813721 415.012329
vt 1680.511719 411.798553
vt 1707.366577 419.613159
vt 1702.343750 441.185669
vt 1726.247681 441.032562
vt 1743.132568 419.400177
vt 1755.412476 446.028809
vt 1767.070435 428.015778
vt 1780.643433 444.243042
vt 1775.388550 463.653900
vt 1785.844116 424.784821
vt 1770.942139 407.083313
vt 1790.617676 405.295929
vt 1750.022339 399.032440
vt 1725.250610 398.680267
vt 1689.675537 396.290771
vt 1659.042969 398.057465
vt 1656.604492 392.256500
vt 1753.970825 539.888855
vt 1749.078491 557.744934
vt 1730.490356 620.304077
vt 48.962769 1100.123169
vt 29.203520 1105.062012
vt 28.448622 1084.984253
vt 52.663666 1077.504395
vt 68.445763 1092.890869
vt 76.670502 1075.550537
vt 92.695656 1092.131104
vt 71.258438 1116.242188
vt 92.636841 1111.391479
vt 94.742477 1127.972534
vt 73.538712 1143.004028
vt 54.446098 1136.531860
vt 52.586971 1155.779175
vt 71.523537 1163.469971
vt 52.928215 1181.571899
vt 80.580254 1179.811890
vt 67.863701 1199.860840
vt 91.354126 1198.312988
vt 78.379852 1220.485596
vt 50.960571 1217.648804
vt 51.495602 1200.608032
vt 33.426544 1202.647339
vt 32.687580 1184.182617
vt 31.577585 1164.680664
vt 33.499691 1220.932495
vt 33.882526 1237.367432
vt 56.094677 1237.898926
vt 34.826950 1252.922119
vt 60.854084 1254.834106
vt 43.020412 1267.163086
vt 37.130749 1268.118164
vt 62.034908 1265.427612
vt 67.438232 1264.321289
vt 85.904549 1252.375977
vt 85.315842 1261.773682
vt 102.729912 1258.166626
vt 105.404068 1250.516235
vt 102.380768 1233.910522
vt 76.844208 1240.295044
vt 102.288048 1213.107666
vt 121.758347 1217.205811
vt 117.164421 1196.385254
vt 141.812286 1206.488770
vt 140.253601 1221.677490
vt 126.325462 1231.033081
vt 144.826553 1236.731079
vt 121.963539 1244.876953
vt 133.354599 1252.040649
vt 128.974838 1252.972900
vt 112.165916 1256.261597
vt 107.548729 1257.237061
vt 149.658142 1248.845215
vt 153.909683 1248.029663
vt 167.691040 1230.779053
vt 169.722168 1244.942139
vt 165.941879 1216.030396
vt 164.205139 1199.845459
vt 141.542892 1186.977905
vt 162.449951 1182.333130
vt 144.006653 1163.447754
vt 160.684189 1163.744385
vt 159.024200 1144.895142
vt 141.105957 1140.241821
vt 157.394684 1125.749023
vt 142.055145 1122.366699
vt 155.911026 1106.514526
vt 136.472107 1107.311646
vt 154.504440 1087.196533
vt 133.976883 1087.741577
vt 153.284485 1067.641968
vt 131.505997 1069.253052
vt 152.124481 1048.051880
vt 122.564392 1052.278564
vt 131.676651 1027.714355
vt 150.782791 1027.990356
vt 104.861862 1037.593384
vt 103.686180 1057.838501
vt 85.453598 1055.362061
vt 93.929459 1070.989746
vt 110.248390 1071.862061
vt 116.180779 1086.078857
vt 112.442017 1106.851318
vt 66.647446 1062.731445
vt 66.811386 1045.585571
vt 51.710640 1058.296509
vt 27.788845 1064.920044
vt 44.953369 1039.479126
vt 27.697451 1044.949829
vt 83.698441 1035.519043
vt 120.963974 1131.046387
vt 98.227989 1156.547729
vt 124.519798 1152.937744
vt 120.910324 1172.841064
vt 101.405571 1180.583374
vt 30.818981 1144.800903
vt 44.221447 1121.772583
vt 30.213343 1125.225464
vt 875.973633 1233.134277
vt 883.399048 1245.666504
vt 878.711365 1245.912109
vt 862.015930 1246.665161
vt 850.873657 1235.724243
vt 856.733459 1214.665283
vt 833.789734 1219.979614
vt 834.590942 1200.768188
vt 815.829712 1203.915039
vt 815.857605 1184.444092
vt 798.487854 1186.203247
vt 797.963928 1166.410889
vt 782.113037 1167.352173
vt 781.410828 1147.709595
vt 766.882080 1148.176880
vt 766.210938 1129.124146
vt 752.475159 1129.462280
vt 751.897705 1111.225464
vt 738.581787 1115.097778
vt 737.981323 1092.659424
vt 751.356995 1091.295044
vt 737.518188 1071.851318
vt 750.898987 1071.235474
vt 737.151062 1051.390015
vt 750.521484 1050.960693
vt 736.864929 1030.875122
vt 750.219177 1030.492676
vt 764.257141 1050.541870
vt 764.628052 1070.745605
vt 779.121521 1070.148315
vt 779.570618 1089.935913
vt 765.079163 1090.546387
vt 780.103149 1109.265747
vt 765.611389 1109.999878
vt 780.722351 1128.434448
vt 796.544556 1127.451782
vt 797.246399 1146.744019
vt 814.544434 1144.945190
vt 815.272705 1164.629517
vt 833.805359 1161.505981
vt 834.291504 1181.311157
vt 856.193665 1177.139648
vt 850.486267 1195.227295
vt 869.855347 1197.904419
vt 879.601013 1213.992920
vt 895.995422 1198.838867
vt 897.787964 1221.584717
vt 897.064392 1237.208618
vt 919.170227 1231.559570
vt 904.955566 1244.633179
vt 921.986694 1243.881958
vt 926.705139 1243.608154
vt 946.852905 1232.734619
vt 943.871399 1242.944580
vt 961.260681 1242.050415
vt 969.027100 1234.457764
vt 965.927124 1241.898071
vt 983.640320 1240.996460
vt 988.392700 1230.324097
vt 988.403076 1240.783447
vt 1006.645142 1239.231201
vt 1009.543335 1224.520020
vt 1011.573120 1238.703125
vt 993.467957 1211.949829
vt 1007.884460 1209.699951
vt 1006.168213 1193.459839
vt 981.192383 1193.190796
vt 967.641907 1217.045776
vt 953.887634 1197.126831
vt 939.501343 1215.016113
vt 930.321594 1197.290527
vt 939.639221 1177.088257
vt 962.864380 1180.096313
vt 959.076172 1157.775024
vt 979.043640 1173.286987
vt 1004.417480 1175.904663
vt 987.059021 1157.804443
vt 1002.684631 1157.404541
vt 1001.042847 1138.459229
vt 975.827209 1142.307617
vt 956.774231 1133.571167
vt 935.970337 1139.407959
vt 938.259705 1117.379272
vt 913.939148 1123.676392
vt 914.289551 1101.651855
vt 889.601746 1106.909790
vt 894.651611 1085.167236
vt 876.138672 1088.134644
vt 874.930237 1066.872925
vt 898.804565 1065.356812
vt 915.403442 1081.424683
vt 919.302002 1063.135010
vt 904.065063 1045.580811
vt 926.540833 1044.837891
vt 910.464539 1022.449707
vt 934.479370 1028.022461
vt 951.761780 1045.963867
vt 940.169678 1063.832153
vt 959.013977 1066.374268
vt 972.044250 1058.386475
vt 978.565552 1079.161865
vt 953.653870 1084.586792
vt 976.582092 1102.357788
vt 955.684570 1107.284790
vt 934.732666 1095.124268
vt 932.349976 1077.703735
vt 956.416626 1120.485107
vt 974.587341 1123.459473
vt 999.413879 1119.351440
vt 997.919800 1100.122559
vt 996.521362 1080.819336
vt 995.307678 1061.242188
vt 976.353516 1039.029785
vt 994.096130 1041.692627
vt 992.774597 1021.693970
vt 973.917603 1022.643677
vt 955.216003 1021.176392
vt 883.897400 1028.012085
vt 885.452759 1049.460327
vt 865.225159 1040.792358
vt 866.383911 1024.365601
vt 849.593628 1020.198792
vt 844.793884 1037.541992
vt 850.113525 1056.196899
vt 829.619446 1043.285278
vt 829.163574 1023.773254
vt 811.298584 1026.814575
vt 811.865234 1047.086304
vt 794.221069 1028.627441
vt 794.592773 1048.999512
vt 778.437195 1029.574219
vt 778.749695 1049.951416
vt 763.958069 1030.141724
vt 794.968567 1069.240356
vt 795.370789 1089.039429
vt 812.663025 1087.488892
vt 813.036316 1106.702637
vt 795.898010 1108.317749
vt 813.772095 1125.701904
vt 831.917969 1122.662476
vt 833.011230 1141.760498
vt 854.740173 1137.046143
vt 850.581360 1156.061768
vt 875.503418 1160.422485
vt 878.381226 1182.973267
vt 893.344177 1177.950684
vt 914.175354 1182.787964
vt 914.857422 1197.944580
vt 916.759033 1210.944946
vt 901.587769 1163.506104
vt 920.721375 1165.399414
vt 913.023132 1146.632446
vt 933.890991 1157.256226
vt 891.891479 1147.883301
vt 892.307373 1130.444336
vt 876.611450 1139.035645
vt 868.360229 1119.099243
vt 867.675720 1099.615967
vt 849.933289 1101.539062
vt 854.475464 1080.734741
vt 831.715088 1084.907104
vt 831.436768 1063.990479
vt 812.440857 1067.521362
vt 830.878357 1104.079346
vt 847.110962 1117.413330
vt 900.239197 1244.883179
vt 738.909607 1125.585938
vt 753.131165 1147.927490
vt 739.719299 1148.409790
vt 753.870117 1168.325684
vt 740.530457 1169.358154
vt 754.490295 1188.463135
vt 741.368835 1189.591553
vt 754.754639 1207.890991
vt 742.240723 1209.524292
vt 754.392700 1226.340576
vt 743.151306 1229.524658
vt 752.983582 1243.266357
vt 744.064270 1249.715820
vt 745.865051 1252.094849
vt 758.055298 1251.537231
vt 759.627991 1251.456421
vt 765.074097 1241.445312
vt 770.389160 1250.952515
vt 771.966248 1250.871826
vt 777.935181 1240.625610
vt 783.018250 1250.356812
vt 784.067017 1250.302612
vt 792.218689 1239.946289
vt 796.904602 1249.712646
vt 798.550415 1249.632324
vt 809.668030 1239.060303
vt 817.066772 1248.788696
vt 818.919922 1248.697144
vt 829.334778 1237.763550
vt 837.251587 1247.847168
vt 839.541138 1247.732788
vt 857.452759 1246.894165
vt 814.054077 1222.321655
vt 796.413208 1223.526489
vt 798.255798 1205.493286
vt 782.414978 1206.353516
vt 782.609619 1187.130981
vt 768.111511 1187.745361
vt 767.581482 1167.832031
vt 768.087341 1207.013550
vt 780.899170 1224.286011
vt 767.099487 1225.021851
vt 744.175354 1252.167236
vt 1325.919922 1220.445068
vt 1349.728027 1219.595947
vt 1338.203369 1241.078491
vt 1310.238647 1243.504761
vt 1302.003174 1218.709106
vt 1313.756714 1200.721924
vt 1339.692627 1195.693970
vt 1320.181519 1180.584106
vt 1339.980957 1171.495117
vt 1361.160156 1175.994751
vt 1365.247070 1197.689331
vt 1368.707520 1219.598633
vt 1359.040771 1240.699829
vt 1371.222900 1241.151733
vt 1371.836914 1262.961304
vt 1351.970825 1259.153442
vt 1330.953735 1260.611816
vt 1346.241943 1270.209839
vt 1351.320435 1269.581909
vt 1366.320801 1268.899292
vt 1331.224731 1271.478638
vt 1326.281494 1272.093506
vt 1312.861328 1264.475586
vt 1291.981079 1260.486694
vt 1289.923950 1245.823730
vt 1286.654175 1232.193237
vt 1270.201416 1244.326904
vt 1266.379761 1228.419678
vt 1278.438354 1210.521484
vt 1294.372070 1201.172485
vt 1277.217407 1188.922363
vt 1298.807495 1184.902832
vt 1282.439087 1169.734985
vt 1304.845215 1166.613037
vt 1324.408813 1161.934204
vt 1312.157471 1151.363403
vt 1332.956177 1142.817383
vt 1338.273926 1157.898071
vt 1356.645752 1154.857666
vt 1352.392090 1133.083984
vt 1350.743896 1123.393311
vt 1323.624146 1124.416992
vt 1307.654541 1135.677979
vt 1301.160278 1114.183350
vt 1284.330200 1133.303589
vt 1293.182373 1151.180420
vt 1269.873535 1152.753052
vt 1261.613770 1134.888062
vt 1273.580688 1115.097290
vt 1253.747192 1119.858765
vt 1241.452026 1135.947388
vt 1246.536255 1155.001099
vt 1235.918091 1116.560669
vt 1255.891968 1098.931396
vt 1230.660400 1097.147583
vt 1244.231445 1080.917480
vt 1268.167480 1072.298462
vt 1240.356323 1059.983276
vt 1261.274414 1051.929199
vt 1286.045532 1051.574219
vt 1303.933350 1072.506714
vt 1321.619263 1049.179932
vt 1330.786865 1064.687134
vt 1352.252808 1050.941284
vt 1354.689331 1045.139771
vt 1348.486206 1067.897583
vt 1329.813599 1084.792114
vt 1346.899658 1085.070923
vt 1348.101074 1103.115601
vt 1326.761719 1107.326538
vt 1308.960449 1094.079834
vt 1285.056152 1093.930664
vt 1225.457520 1077.687744
vt 1220.680786 1058.197998
vt 1251.853394 1174.196899
vt 1257.352173 1192.800293
vt 1262.248169 1210.656494
vt 1274.141235 1259.165649
vt 1276.098389 1274.514404
vt 1291.217529 1274.151489
vt 1306.298950 1274.047607
vt 1280.851318 1273.216553
vt 1311.187012 1273.404907
vt 1371.629639 1268.666260
vt 336.706757 1105.093628
vt 316.946564 1100.151611
vt 337.462250 1085.012939
vt 313.246460 1077.530396
vt 338.121979 1064.946411
vt 314.200134 1058.320801
vt 320.958496 1039.502075
vt 299.099518 1045.608032
vt 299.262848 1062.755249
vt 280.456360 1055.384277
vt 289.238953 1075.574585
vt 271.979584 1071.012329
vt 262.223053 1057.859863
vt 261.048035 1037.613647
vt 243.344345 1052.298706
vt 234.232376 1027.733154
vt 213.783325 1048.070435
vt 215.125168 1028.008301
vt 234.401688 1069.273315
vt 212.622238 1067.660889
vt 231.930054 1087.762085
vt 249.726898 1086.100586
vt 253.464890 1106.874146
vt 273.212677 1092.154907
vt 255.660080 1071.883667
vt 273.270538 1111.416260
vt 294.649475 1116.269653
vt 271.163879 1127.997925
vt 292.367249 1143.033081
vt 267.676575 1156.574219
vt 244.941544 1131.069214
vt 229.433914 1107.332520
vt 223.850037 1122.387329
vt 209.994263 1106.533936
vt 211.401794 1087.215820
vt 208.509842 1125.768555
vt 224.798477 1140.262695
vt 206.879532 1144.914551
vt 221.896912 1163.468506
vt 205.219223 1163.763428
vt 203.452194 1182.351807
vt 224.359329 1186.999146
vt 244.992874 1172.865112
vt 241.384537 1152.960571
vt 264.497223 1180.610474
vt 285.322540 1179.842285
vt 274.547119 1198.342773
vt 248.737137 1196.410522
vt 263.611725 1213.136108
vt 244.141327 1217.230957
vt 224.088654 1206.510132
vt 225.645828 1221.699219
vt 199.958862 1216.047852
vt 201.696198 1199.863525
vt 221.071198 1236.751953
vt 239.572647 1231.057617
vt 243.932495 1244.902710
vt 232.540527 1252.063965
vt 216.237747 1248.864868
vt 211.986374 1248.048462
vt 198.208267 1230.795532
vt 196.174850 1244.957642
vt 236.920105 1252.997192
vt 253.728256 1256.289673
vt 260.490784 1250.545654
vt 258.345276 1257.266113
vt 263.163879 1258.196777
vt 279.989807 1252.409424
vt 280.577148 1261.807739
vt 298.454102 1264.359375
vt 305.039459 1254.873047
vt 303.857269 1265.466919
vt 322.871246 1267.206543
vt 331.066711 1252.967041
vt 328.760773 1268.163452
vt 309.801331 1237.937866
vt 289.051758 1240.329712
vt 287.518829 1220.518799
vt 314.938263 1217.687500
vt 332.013153 1237.411377
vt 332.398651 1220.975220
vt 332.473846 1202.688232
vt 314.405151 1200.645264
vt 312.974487 1181.607422
vt 298.037231 1199.895020
vt 294.380707 1163.500977
vt 313.317932 1155.812622
vt 311.460724 1136.563110
vt 335.087280 1144.836792
vt 321.687347 1121.804077
vt 335.696045 1125.259644
vt 297.463257 1092.916870
vt 334.326599 1164.718750
vt 333.214844 1184.222534
vt 263.516510 1233.939819
vt 282.212311 1035.540039
vt 338.214691 1044.974731
vt 1689.448608 164.923569
vt 1708.478027 174.931030
vt 1697.454102 188.194229
vt 1674.162964 180.589539
vt 1681.162842 210.273285
vt 1657.939941 193.270752
vt 1649.836548 226.390030
vt 1679.905518 245.388245
vt 1701.389893 226.572037
vt 1712.262573 247.658813
vt 1693.054321 277.702972
vt 1665.160767 272.334229
vt 1654.721069 254.274139
vt 1643.586060 272.610870
vt 1651.177246 287.266602
vt 1631.890137 293.505524
vt 1646.452393 302.676025
vt 1628.752563 319.880615
vt 1650.629395 318.540955
vt 1634.968750 345.351807
vt 1658.650024 334.716919
vt 1665.122681 315.066589
vt 1682.472168 312.518799
vt 1665.591675 297.354340
vt 1713.000732 299.249542
vt 1701.027710 323.164673
vt 1674.882568 345.109955
vt 1704.744141 343.327515
vt 1675.834351 362.552826
vt 1657.068115 368.436188
vt 1648.529175 381.868256
vt 1673.085693 374.357880
vt 1662.722046 383.150421
vt 1682.321899 381.175995
vt 1652.732788 387.201996
vt 1715.781006 377.155304
vt 1745.767334 382.790161
vt 1766.420288 388.989014
vt 1795.485229 385.562714
vt 1771.546753 371.993469
vt 1800.801147 365.474304
vt 1774.451782 346.992889
vt 1806.587280 345.098816
vt 1791.387939 317.674835
vt 1812.415649 324.060364
vt 1818.565186 302.463654
vt 1799.297607 289.036316
vt 1824.770508 280.384918
vt 1804.399902 272.991119
vt 1808.918945 254.864777
vt 1785.658203 266.404297
vt 1789.957031 241.531723
vt 1805.167725 223.826340
vt 1781.912109 218.727158
vt 1795.396362 200.071167
vt 1776.690796 188.980515
vt 1800.254028 172.479141
vt 1813.849243 195.603241
vt 1823.574951 169.189133
vt 1834.656250 190.658569
vt 1826.567871 216.208420
vt 1821.924438 237.921799
vt 1838.772095 235.606903
vt 1831.626465 258.261139
vt 1846.216064 212.316376
vt 1853.539185 188.945129
vt 1845.806152 159.997467
vt 1861.146606 165.593613
vt 1869.693726 142.629440
vt 1856.454224 137.511459
vt 1842.386108 130.671204
vt 1832.133789 150.948944
vt 1817.834106 143.712173
vt 1826.801147 123.469574
vt 1810.295532 115.966736
vt 1792.134277 142.747452
vt 1792.950195 108.566818
vt 1772.486816 130.922012
vt 1774.808716 100.780746
vt 1756.395996 125.470566
vt 1745.093384 114.479469
vt 1738.236938 134.171814
vt 1716.577148 127.315277
vt 1721.978027 156.650070
vt 1750.333496 146.353973
vt 1743.416382 168.425262
vt 1724.652954 188.599335
vt 1751.604980 187.890976
vt 1767.501709 161.782669
vt 1784.247681 166.471725
vt 1755.664185 215.200882
vt 1739.923584 202.996735
vt 1726.395020 219.258133
vt 1706.384399 207.297607
vt 1741.777588 244.296707
vt 1727.390991 271.869202
vt 1756.842285 268.891876
vt 1742.530151 295.293976
vt 1772.156494 293.214752
vt 1768.856689 242.607910
vt 1755.524780 321.699158
vt 1725.716919 319.218384
vt 1731.920898 336.145538
vt 1746.902832 344.260773
vt 1723.997925 354.512451
vt 1746.495361 362.775085
vt 1696.150391 365.378632
vt 1703.729126 146.926956
vt 1727.886108 106.246529
vt 1756.293945 92.924469
vt 1737.630005 84.773605
vt 1644.842041 378.729828
vt 1640.999878 375.397522
vt 513.197998 1005.014954
vt 510.593719 983.438782
vt 528.700256 988.279785
vt 536.157837 1007.119141
vt 495.102356 999.755371
vt 472.516541 1005.546265
vt 487.108398 981.347473
vt 505.427795 961.703613
vt 532.887085 962.578857
vt 519.000488 941.766174
vt 537.341553 938.946106
vt 554.123474 941.976624
vt 556.920959 959.394958
vt 550.815796 981.266357
vt 572.811340 964.170105
vt 572.594177 984.281433
vt 556.818359 999.906982
vt 572.653931 1004.152710
vt 590.678650 1006.746277
vt 607.786377 1008.323181
vt 623.544067 1009.199646
vt 638.008911 1009.730591
vt 651.748718 1009.996399
vt 665.083252 1010.133667
vt 665.261902 989.607361
vt 651.957947 989.602722
vt 665.440247 969.384094
vt 652.172363 969.269226
vt 665.667664 949.082336
vt 652.434509 948.827942
vt 665.990356 928.598999
vt 652.789124 928.344727
vt 666.456604 907.952942
vt 653.289612 907.788208
vt 667.124817 887.196594
vt 653.997009 887.262878
vt 668.066528 866.449890
vt 654.975342 866.832886
vt 669.359497 846.126526
vt 656.291504 846.764282
vt 671.075806 826.746765
vt 658.012329 827.118225
vt 673.374512 807.972961
vt 660.183960 807.651001
vt 676.588562 789.223511
vt 662.833130 788.382690
vt 646.282654 807.014893
vt 644.304382 826.835754
vt 629.816101 826.207642
vt 628.191345 846.268921
vt 642.623718 846.749573
vt 626.860901 866.512817
vt 641.298523 866.886597
vt 625.853455 886.923706
vt 640.303894 887.249695
vt 625.132019 907.407776
vt 639.580078 907.656433
vt 624.623047 927.857727
vt 639.067566 928.133484
vt 624.258057 948.244995
vt 638.704529 948.579590
vt 623.987244 968.572571
vt 638.440063 969.024231
vt 623.765503 988.873230
vt 638.221680 989.367920
vt 608.000549 988.078369
vt 608.216187 967.844788
vt 590.834351 986.660583
vt 591.026245 966.515747
vt 608.491638 947.577759
vt 591.329834 946.322388
vt 608.840027 927.225647
vt 591.534241 925.984924
vt 609.306152 906.732788
vt 591.853577 905.278259
vt 610.033875 886.137024
vt 592.784058 884.392212
vt 611.117065 865.625549
vt 594.198853 863.879700
vt 612.496521 845.359741
vt 595.658386 843.918945
vt 614.048584 825.296814
vt 631.602722 806.265869
vt 615.653015 805.285217
vt 633.564148 786.443481
vt 648.583252 787.434692
vt 617.509705 785.243652
vt 598.291870 804.072876
vt 596.953735 824.139099
vt 578.580750 822.956482
vt 578.355225 842.227600
vt 577.273621 860.943298
vt 562.948547 857.273987
vt 558.705872 874.587708
vt 575.076416 880.789124
vt 555.021851 895.288635
vt 573.043762 902.126892
vt 550.466553 919.626404
vt 572.564819 923.777283
vt 573.371887 944.161194
vt 532.110718 905.483032
vt 530.154846 925.708801
vt 512.302795 919.769104
vt 515.846985 903.226379
vt 521.834595 885.729675
vt 498.841888 900.370483
vt 505.278717 877.285522
vt 520.767029 861.440247
vt 500.882019 858.807739
vt 518.346130 839.373596
vt 539.262085 841.692078
vt 537.621399 820.186646
vt 558.646301 821.453003
vt 559.808289 841.948059
vt 542.894775 864.404907
vt 579.342834 802.344238
vt 557.229919 798.327698
vt 582.112122 782.321838
vt 600.298706 783.878784
vt 563.311951 780.470154
vt 544.080872 778.926941
vt 535.083679 801.872009
vt 518.498047 793.664124
vt 524.770691 777.115845
vt 505.319458 775.397766
vt 502.223633 794.147400
vt 484.960632 796.703796
vt 499.838104 810.154419
vt 479.548584 822.545654
vt 461.159760 812.704346
vt 460.891632 787.368652
vt 485.769958 773.573730
vt 466.159515 771.755432
vt 446.160309 770.008484
vt 440.059998 783.849792
vt 425.642303 768.726196
vt 425.148163 790.411072
vt 441.829773 802.747437
vt 423.943085 811.871704
vt 439.284851 829.376587
vt 459.992157 836.349792
vt 444.202362 851.774841
vt 460.935364 858.035828
vt 440.142609 878.704041
vt 466.707031 879.357361
vt 456.293427 904.115295
vt 477.143219 896.588013
vt 487.661621 878.803040
vt 478.700256 919.254272
vt 496.150208 919.941589
vt 495.458282 938.758789
vt 469.739532 946.143311
vt 458.388489 927.007935
vt 440.289459 922.581116
vt 434.213989 904.723633
vt 416.478302 919.501221
vt 418.210785 898.323059
vt 419.892059 876.965332
vt 421.271362 855.743896
vt 429.560333 936.886719
vt 414.997253 940.513123
vt 429.037476 958.864319
vt 413.540009 961.106506
vt 411.875275 981.485779
vt 434.271881 984.877075
vt 410.400024 1001.729431
vt 429.972626 1008.428040
vt 451.226959 998.137207
vt 467.571320 987.313904
vt 455.150482 980.967163
vt 469.895294 970.076843
vt 451.110413 964.031860
vt 485.959839 959.913879
vt 446.563171 942.633667
vt 480.796173 859.029053
vt 495.860657 835.782837
vt 475.267670 842.474854
vt 422.576874 833.646973
vt 517.555969 817.050720
vt 541.559875 885.578674
vt 143.184540 925.576904
vt 144.694550 946.694397
vt 126.788345 951.065125
vt 124.668671 931.927979
vt 122.355339 916.324463
vt 107.572205 935.442017
vt 100.669250 912.297668
vt 117.391350 889.994324
vt 141.421661 904.352905
vt 139.779495 883.002991
vt 125.015404 862.576599
vt 100.041763 862.488403
vt 117.387459 838.615967
vt 96.118576 833.898010
vt 110.415848 815.457581
vt 92.669426 814.154663
vt 99.175819 792.673462
vt 77.697960 804.290344
vt 80.485573 825.158997
vt 60.313671 826.860046
vt 75.443726 848.216858
vt 55.213802 849.741150
vt 39.011093 845.322571
vt 37.509113 820.648376
vt 56.949402 797.186523
vt 33.209934 791.355469
vt 58.186562 770.750000
vt 36.450279 769.927673
vt 13.174989 771.206665
vt 15.334455 795.672119
vt 17.113176 820.279358
vt 78.863297 771.914612
vt 18.630301 844.814758
vt 20.320156 869.267761
vt 42.810635 862.431213
vt 40.702820 880.685913
vt 58.428616 867.352600
vt 58.992859 888.469299
vt 42.184048 903.214172
vt 61.614029 909.344543
vt 46.543106 929.868042
vt 67.910103 927.464844
vt 67.123955 953.703186
vt 39.707760 957.757507
vt 24.172171 938.794373
vt 25.166664 961.089233
vt 25.756256 982.977295
vt 50.255062 978.557678
vt 41.237610 995.929016
vt 26.729528 1003.963928
vt 44.603474 1014.256226
vt 58.987011 998.269714
vt 67.672836 1021.357178
vt 27.295851 1024.613281
vt 92.784843 1017.321533
vt 112.802933 1016.381714
vt 128.746918 1003.745300
vt 149.307510 1008.011597
vt 147.841705 987.723022
vt 125.286453 986.524658
vt 131.675522 973.049255
vt 113.700653 972.501099
vt 106.064270 995.268188
vt 89.922737 972.309631
vt 80.743988 997.674988
vt 69.230705 980.371338
vt 90.473457 949.935791
vt 105.136475 956.175049
vt 85.330338 931.598022
vt 146.145691 967.306274
vt 23.298159 916.008484
vt 80.187065 911.067627
vt 91.689590 890.680908
vt 74.002937 894.828064
vt 76.666893 875.051575
vt 21.911068 892.887512
vt 98.059082 773.181274
vt 116.644142 773.968689
vt 121.654953 795.426697
vt 134.474472 774.665710
vt 134.737671 796.467712
vt 135.834946 817.802246
vt 137.131836 839.648193
vt 138.397522 861.782959
vt 1530.006836 1909.056274
vt 1509.542114 1911.279053
vt 1505.311279 1889.184692
vt 1530.357544 1887.395508
vt 1549.881348 1899.211914
vt 1544.265869 1876.544678
vt 1567.611938 1877.078857
vt 1573.393188 1910.709229
vt 1552.095825 1933.516235
vt 1571.857788 1933.436890
vt 1590.749268 1933.451416
vt 1590.244141 1909.361084
vt 1605.915405 1904.161743
vt 1589.892334 1888.728271
vt 1608.352417 1876.390747
vt 1630.838623 1878.952515
vt 1622.901855 1910.156494
vt 1608.862915 1932.995850
vt 1626.013550 1932.381714
vt 1643.788452 1902.580933
vt 1641.705200 1931.632568
vt 1663.231201 1907.599731
vt 1668.966797 1883.810547
vt 1654.510132 1875.654907
vt 1674.944824 1860.129517
vt 1654.527588 1853.306274
vt 1680.960327 1836.896606
vt 1663.747437 1830.464111
vt 1640.421143 1836.162231
vt 1617.327637 1832.128540
vt 1620.995117 1855.452759
vt 1592.812744 1854.491455
vt 1597.647461 1824.678833
vt 1568.102539 1828.266724
vt 1532.130981 1834.507690
vt 1501.150269 1820.461060
vt 1511.431274 1840.865356
vt 1490.120605 1846.962036
vt 1478.440796 1826.829102
vt 1466.394531 1809.428223
vt 1520.510376 1862.383301
vt 1498.776245 1867.792725
vt 1550.785034 1855.573730
vt 1570.315430 1854.070801
vt 1636.613647 1855.930908
vt 1656.425049 1931.841187
vt 1532.036621 1933.425293
vt 1511.685181 1933.586548
vt 169.689941 1846.969238
vt 191.384964 1841.067871
vt 185.155533 1861.608154
vt 162.967972 1869.373291
vt 150.408157 1852.343384
vt 151.411484 1825.259766
vt 179.480347 1825.688110
vt 198.269028 1824.278198
vt 211.797653 1829.999878
vt 207.015121 1849.770996
vt 228.412155 1833.908203
vt 224.274185 1854.500488
vt 202.291611 1870.807129
vt 220.163818 1875.446289
vt 197.790314 1893.371704
vt 215.957275 1896.416992
vt 193.383133 1915.619019
vt 211.563110 1916.921021
vt 233.204269 1897.990234
vt 228.764786 1918.237793
vt 249.139511 1899.130859
vt 244.808380 1919.523682
vt 263.915070 1900.126831
vt 259.813721 1920.822388
vt 277.991486 1901.110962
vt 274.054718 1922.032959
vt 291.521637 1902.003052
vt 287.792664 1923.321899
vt 295.234436 1880.813110
vt 281.843933 1880.127563
vt 299.036438 1859.617920
vt 285.651031 1859.099976
vt 302.917206 1838.372070
vt 289.453308 1838.085571
vt 275.587189 1837.644409
vt 271.781342 1858.543701
vt 257.200989 1857.897217
vt 253.291534 1878.601318
vt 267.922485 1879.379028
vt 237.399185 1877.500122
vt 241.349228 1856.789795
vt 261.030365 1837.073975
vt 245.250229 1836.017456
vt 174.568802 1914.481445
vt 179.524567 1884.670654
vt 155.050568 1894.096436
vt 139.652252 1872.191040
vt 138.093216 1891.367920
vt 121.979233 1887.104126
vt 136.021530 1911.644287
vt 116.532120 1910.230225
vt 97.592926 1890.070435
vt 96.945511 1908.925415
vt 77.308968 1907.554932
vt 78.063324 1882.564087
vt 86.926628 1863.816406
vt 106.431496 1870.510376
vt 105.585892 1848.241699
vt 85.648895 1841.083984
vt 96.287926 1825.529541
vt 71.761864 1821.384155
vt 67.751656 1848.754028
vt 48.935574 1839.241211
vt 45.521992 1860.705322
vt 67.857452 1867.881104
vt 61.119095 1884.554077
vt 41.478054 1882.312622
vt 57.220112 1906.149780
vt 36.849003 1904.073486
vt 52.135201 1817.686646
vt 113.882378 1829.582031
vt 127.529022 1822.361328
vt 129.748978 1844.915161
vt 120.595230 1864.443604
vt 155.359100 1912.949829
vt 1075.777954 1588.148438
vt 1072.521484 1609.998535
vt 1054.597412 1609.203979
vt 1054.105347 1583.682251
vt 1065.342163 1565.108276
vt 1079.415894 1566.514282
vt 1083.689941 1545.233521
vt 1060.471680 1544.927612
vt 1069.099976 1519.553711
vt 1045.452148 1531.864868
vt 1049.146362 1511.093506
vt 1088.242310 1523.857178
vt 1030.920288 1513.603271
vt 1010.283142 1519.351562
vt 994.978333 1502.398071
vt 989.540283 1531.977661
vt 975.992554 1509.150879
vt 970.172852 1532.445923
vt 975.078918 1557.399536
vt 992.257263 1560.376709
vt 1005.977722 1542.531372
vt 1012.194885 1562.688965
vt 1024.100708 1538.837036
vt 1039.102417 1563.290771
vt 1015.762695 1586.636475
vt 1035.952393 1593.121826
vt 1016.790955 1608.384277
vt 996.209839 1607.953491
vt 994.399170 1584.656860
vt 974.531555 1607.022583
vt 974.595276 1582.623779
vt 951.862061 1604.231079
vt 957.933044 1579.873901
vt 964.125916 1556.184326
vt 1036.067871 1608.580566
vt 1590.582520 303.133789
vt 1570.317505 308.030731
vt 1580.154297 289.039520
vt 1602.649780 287.046051
vt 1609.720459 307.180878
vt 1617.110352 290.879456
vt 1605.277588 332.197449
vt 1586.655762 322.682343
vt 1584.192505 346.969421
vt 1574.278564 335.116180
vt 1569.081421 325.262543
vt 1552.544067 320.585968
vt 1548.227417 302.298645
vt 1560.841187 291.289185
vt 1539.117188 282.745728
vt 1563.933228 272.756897
vt 1543.810425 263.658844
vt 1557.916138 252.417786
vt 1535.645752 245.501373
vt 1522.435791 263.052429
vt 1515.917358 246.010696
vt 1517.891724 227.747787
vt 1498.945801 238.248093
vt 1493.866211 220.212463
vt 1509.105835 210.697342
vt 1487.337402 202.736099
vt 1475.886719 211.208984
vt 1465.860596 194.182205
vt 1458.058350 208.570526
vt 1456.219116 189.811874
vt 1441.668335 196.981888
vt 1435.094238 179.294785
vt 1420.942261 192.134415
vt 1413.426392 168.100586
vt 1401.671875 178.910263
vt 1404.405884 163.015457
vt 1388.632446 168.197510
vt 1384.880127 151.368469
vt 1370.063232 163.179550
vt 1365.785889 139.645569
vt 1353.898804 149.901123
vt 1357.668457 134.211517
vt 1343.243042 138.339355
vt 1339.719971 121.472244
vt 1328.217896 132.754868
vt 1323.791382 109.739594
vt 1308.868652 126.062798
vt 1308.774292 98.208015
vt 1294.290771 115.911331
vt 1286.707031 102.795822
vt 1280.080688 118.566925
vt 1265.841797 106.729515
vt 1267.194946 133.105606
vt 1246.894409 123.345741
vt 1241.306274 97.861618
vt 1263.009033 79.909729
vt 1278.226807 90.446739
vt 1282.109375 75.670959
vt 1294.919067 86.820389
vt 1270.229248 64.618271
vt 1259.418335 53.868095
vt 1244.416138 69.816978
vt 1249.083374 42.715317
vt 1227.984741 62.319378
vt 1223.575073 45.914726
vt 1208.889526 60.948124
vt 1216.748169 72.407249
vt 1205.284058 83.963463
vt 1194.527588 75.606377
vt 1180.476685 89.711823
vt 1195.889404 101.618431
vt 1179.724976 112.840759
vt 1198.909180 115.853470
vt 1215.596436 104.339485
vt 1212.785645 129.111191
vt 1229.631348 118.139618
vt 1231.558716 134.786865
vt 1246.843018 147.729370
vt 1221.840332 154.415009
vt 1239.248657 163.448242
vt 1232.052734 180.540985
vt 1214.067627 170.893753
vt 1197.688843 162.794739
vt 1204.478394 185.395447
vt 1185.458008 172.475327
vt 1175.311401 164.225967
vt 1181.784302 146.129303
vt 1201.036499 144.670044
vt 1191.006104 130.031387
vt 1172.128784 130.210861
vt 1154.293213 117.043793
vt 1167.030029 103.503113
vt 1154.254517 143.976486
vt 1141.576050 130.097260
vt 1222.590332 196.737732
vt 1240.827026 207.048203
vt 1256.790649 194.484756
vt 1259.651978 217.049835
vt 1275.606689 206.006622
vt 1279.942627 227.244949
vt 1287.200806 212.303635
vt 1299.639404 216.828690
vt 1289.423584 231.796555
vt 1318.947998 230.775223
vt 1310.380493 241.424835
vt 1329.925537 250.072220
vt 1340.021729 240.552048
vt 1349.301025 258.462891
vt 1359.556885 240.529221
vt 1377.870972 257.173523
vt 1368.718628 266.817047
vt 1388.034058 274.836334
vt 1398.461792 267.520020
vt 1407.580811 282.824188
vt 1419.248413 269.920410
vt 1427.474243 290.680634
vt 1441.004028 280.514343
vt 1447.514404 298.340485
vt 1453.729858 286.114807
vt 1467.111694 291.098602
vt 1468.019775 306.033875
vt 1490.927490 300.243225
vt 1483.034424 280.859772
vt 1504.942383 286.740479
vt 1515.347046 301.359741
vt 1509.521729 320.619049
vt 1531.722534 311.984253
vt 1531.197632 328.145905
vt 1554.077881 335.826202
vt 1561.123535 331.879364
vt 1558.926270 337.552765
vt 1563.736206 339.264343
vt 1567.268921 332.863831
vt 1573.939819 343.201111
vt 1531.673462 297.887512
vt 1522.049194 289.711426
vt 1517.816895 278.459991
vt 1499.551514 268.337677
vt 1504.891479 253.574493
vt 1487.057495 250.325974
vt 1475.674805 263.066132
vt 1468.376831 247.154907
vt 1455.236816 255.669327
vt 1448.848022 235.618134
vt 1473.471191 229.510651
vt 1454.645630 222.339783
vt 1436.958008 214.582535
vt 1433.598511 227.822266
vt 1420.081177 223.158737
vt 1427.983398 237.040436
vt 1405.072388 234.578888
vt 1400.755249 215.441147
vt 1415.937012 208.697632
vt 1400.129028 197.493286
vt 1379.431885 205.395676
vt 1380.838379 183.349487
vt 1358.838989 190.905212
vt 1359.677856 210.614365
vt 1339.446167 202.557724
vt 1343.314087 223.123245
vt 1366.430664 225.328995
vt 1381.938477 238.898071
vt 1384.030273 222.680725
vt 1400.459473 253.197281
vt 1421.657837 251.256485
vt 1439.195923 263.543427
vt 1438.659790 248.832352
vt 1459.343262 274.520325
vt 1372.090820 216.096268
vt 1320.889893 211.834793
vt 1317.363037 193.352173
vt 1307.916870 205.257797
vt 1294.578125 199.651047
vt 1299.028320 178.685959
vt 1322.706543 169.775543
vt 1337.584595 185.533829
vt 1349.379150 170.169800
vt 1365.060425 177.314819
vt 1335.941162 151.845383
vt 1316.701050 147.552505
vt 1301.972168 159.192368
vt 1301.344360 143.563782
vt 1288.470215 133.629745
vt 1290.254883 149.740250
vt 1278.410400 146.951233
vt 1265.847656 152.690567
vt 1281.208496 163.612549
vt 1256.776367 170.012238
vt 1277.112427 185.567871
vt 1488.572021 313.500580
vt 1225.213379 81.922363
vt 1238.200073 30.504734
vt 1520.281860 214.085037
vt 1531.211670 216.384689
vt 1538.076660 228.793594
vt 1551.860718 219.015930
vt 1554.688477 234.273682
vt 1570.272095 219.858139
vt 1575.778198 238.746643
vt 1575.150879 257.349274
vt 1589.169800 251.243271
vt 1596.590332 235.139908
vt 1609.432495 253.230286
vt 1589.699585 269.450806
vt 1606.087036 271.692627
vt 1621.177246 275.016235
vt 1634.249390 253.233246
vt 1625.692383 235.356842
vt 1622.763550 211.064819
vt 1612.030884 230.506439
vt 1605.557861 216.081619
vt 1588.335083 218.917786
vt 1640.819946 203.447479
vt 1601.900879 354.202240
vt 1617.884644 342.347076
vt 1617.010986 361.064178
vt 1629.933960 368.116516
vt 276.720825 468.045837
vt 288.541046 482.712708
vt 272.860291 488.204773
vt 259.957336 479.301361
vt 262.857239 456.048431
vt 280.394135 444.273193
vt 296.845123 458.925812
vt 301.588257 434.045563
vt 309.008728 447.535187
vt 317.509033 460.038086
vt 306.031494 479.237335
vt 298.946259 499.309143
vt 281.462555 503.807068
vt 295.475342 524.488464
vt 275.490479 520.979614
vt 259.061401 506.915436
vt 261.971741 532.148254
vt 246.251770 527.501038
vt 235.563263 512.946106
vt 242.455414 489.443176
vt 247.077332 466.925812
vt 233.133255 475.409058
vt 234.819016 456.731354
vt 249.012283 445.137085
vt 263.777863 434.217529
vt 250.931091 429.470337
vt 257.513733 416.007599
vt 280.808228 417.336304
vt 267.464783 399.536713
vt 288.967224 386.738892
vt 262.923035 382.546600
vt 246.579727 397.040253
vt 278.216278 368.842896
vt 305.969177 410.493652
vt 318.036316 424.174438
vt 319.525085 439.499634
vt 322.389282 482.657440
vt 333.998718 495.315491
vt 326.915497 500.007446
vt 312.882294 494.430481
vt 310.514374 512.326233
vt 243.254669 415.482544
vt 230.086670 411.747101
vt 235.811157 420.334778
vt 240.408020 427.652344
vt 228.904739 427.404022
vt 232.152237 434.645905
vt 221.164459 444.629425
vt 213.261353 426.541077
vt 195.721054 442.752045
vt 206.214844 461.855438
vt 189.829620 469.925323
vt 203.306671 483.192230
vt 183.600357 493.368256
vt 172.106293 479.360107
vt 177.333115 459.662109
vt 169.212311 467.454041
vt 151.564301 484.610291
vt 160.292587 501.565552
vt 135.351257 500.863403
vt 145.852921 513.089722
vt 131.510757 525.997375
vt 155.179428 524.328979
vt 143.023727 548.087280
vt 116.593864 547.463501
vt 104.173744 532.869812
vt 89.082024 549.225891
vt 105.635307 567.589417
vt 83.231354 575.750610
vt 98.849869 592.369507
vt 120.231583 580.275146
vt 118.806137 597.543762
vt 108.455673 616.086304
vt 83.992348 614.739868
vt 71.668205 597.704346
vt 58.866039 619.715637
vt 45.088139 601.768616
vt 29.146969 622.246460
vt 45.215656 630.844788
vt 61.469551 639.883606
vt 74.783585 631.123047
vt 78.449318 649.019104
vt 91.583923 634.060669
vt 96.107414 658.326843
vt 108.648537 636.862244
vt 124.772758 648.343262
vt 114.149910 668.175110
vt 137.102844 664.181885
vt 153.990906 651.040466
vt 160.373810 675.347839
vt 171.001648 661.212158
vt 182.450470 646.303894
vt 161.148697 629.914795
vt 178.236069 623.665039
vt 161.681290 606.481140
vt 149.669235 619.760254
vt 135.002548 610.319153
vt 145.669144 592.403931
vt 159.097565 581.798096
vt 174.698593 588.075012
vt 190.143875 605.152771
vt 189.186920 578.291138
vt 204.185608 586.375000
vt 215.955551 605.361755
vt 201.740219 622.324097
vt 195.726013 629.687195
vt 220.891846 579.262512
vt 205.626740 563.109009
vt 226.823425 557.413940
vt 215.042770 543.503357
vt 230.622726 535.655701
vt 216.075470 522.640381
vt 221.134232 494.774719
vt 197.880081 510.612213
vt 220.060455 469.295837
vt 197.249313 538.068909
vt 186.207489 526.698303
vt 176.288589 516.354492
vt 172.321579 542.535278
vt 187.561981 558.041443
vt 173.494339 568.410522
vt 157.889404 562.560608
vt 140.585922 573.647461
vt 125.362755 562.894348
vt 132.044800 590.523682
vt 246.319183 549.086792
vt 244.287537 573.099854
vt 250.617981 566.407410
vt 266.155914 550.840210
vt 280.748840 537.193420
vt 229.542923 589.635864
vt 141.167038 631.475647
vt 123.411247 628.617798
vt 132.572174 678.299622
vt 151.042847 688.777954
vt 59.728764 583.304626
vt 74.356712 565.830872
vt 119.525940 516.728821
vt 237.270966 440.244934
vt 244.776871 435.186890
vt 248.350052 421.714600
vt 1302.804199 827.806763
vt 1321.834473 817.800476
vt 1313.829590 841.071777
vt 1286.628662 841.474792
vt 1289.303101 809.523010
vt 1267.863647 821.297852
vt 1259.674927 840.765381
vt 1243.776733 814.653870
vt 1234.588135 841.855286
vt 1227.030029 819.344116
vt 1219.141968 795.617065
vt 1211.022827 825.353271
vt 1193.440430 796.584351
vt 1187.700562 822.064941
vt 1179.140015 803.824036
vt 1168.884888 783.546204
vt 1184.470215 776.340271
vt 1200.977417 768.834900
vt 1165.467407 812.875061
vt 1154.816650 790.388733
vt 1141.577759 795.508972
vt 1150.125732 818.472778
vt 1157.734741 841.825256
vt 1176.619263 843.537781
vt 1165.059570 865.198547
vt 1184.709595 869.089661
vt 1172.506104 888.491333
vt 1189.355103 890.804993
vt 1179.654297 911.147461
vt 1202.362427 907.748779
vt 1186.513062 933.273376
vt 1206.883301 925.877014
vt 1211.987183 941.923889
vt 1225.624878 919.288208
vt 1239.128296 946.101074
vt 1219.899048 970.565430
vt 1192.720703 955.354797
vt 1198.871826 976.953674
vt 1204.703247 997.993896
vt 1236.837891 999.885742
vt 1255.761719 974.587708
vt 1264.385620 997.151062
vt 1264.795532 1015.667419
vt 1287.291260 1007.401917
vt 1295.510986 1030.046021
vt 1265.526733 1035.684814
vt 1239.746216 1024.889282
vt 1244.875000 1041.886475
vt 1215.810547 1038.463135
vt 1210.491699 1018.372192
vt 1328.969482 1034.063110
vt 1315.139160 1018.266418
vt 1338.204712 1027.243652
vt 1335.454102 1015.438721
vt 1362.762207 1034.750732
vt 1348.569702 1036.034790
vt 1358.560669 1040.084839
vt 1354.220825 1021.320007
vt 1336.404053 997.995239
vt 1306.543213 996.214600
vt 1310.257690 976.050354
vt 1328.811523 965.403259
vt 1352.634155 987.601318
vt 1370.289917 1028.280396
vt 1376.314575 998.235901
vt 1360.654053 971.425110
vt 1382.529907 972.765808
vt 1364.830811 955.560364
vt 1345.691162 950.238220
vt 1360.106201 940.150696
vt 1379.393188 946.390869
vt 1367.698242 925.495300
vt 1346.122681 925.217346
vt 1356.563599 907.157532
vt 1331.378418 898.269592
vt 1318.229126 930.585632
vt 1299.020508 900.539124
vt 1283.892334 924.751648
vt 1269.504761 897.176758
vt 1284.887207 872.135986
vt 1309.893555 879.451294
vt 1304.898682 860.175415
vt 1330.122070 863.153076
vt 1361.449951 879.273132
vt 1353.347778 846.152527
vt 1337.122681 833.468689
vt 1271.357544 855.872925
vt 1255.616577 868.078125
vt 1242.425171 895.488464
vt 1229.367920 871.605652
vt 1215.882080 852.948303
vt 1197.427856 848.481201
vt 1206.111450 876.706726
vt 1221.324097 894.413147
vt 1254.441162 921.774780
vt 1268.754272 948.179138
vt 1285.568848 972.104919
vt 1298.283569 952.133972
vt 1279.366577 989.034119
vt 1346.160767 967.950806
vt 1366.448975 1031.612549
vt 1218.325073 761.431519
vt 1238.790771 783.788818
vt 1236.470459 753.642334
vt 1254.883179 778.336975
vt 1260.945801 799.223389
vt 1273.043335 787.040833
vt 1294.704346 780.186951
vt 1266.187622 767.344849
vt 1283.397461 759.114868
vt 1254.991211 745.783020
vt 1273.660889 737.637207
vt 1307.554077 799.801086
vt 891.118164 983.437378
vt 888.513855 1005.013611
vt 873.013062 988.277893
vt 868.826721 962.576782
vt 850.899292 981.263977
vt 844.794739 959.392212
vt 847.592407 941.973755
vt 828.345398 944.157837
vt 829.152405 923.773926
vt 810.184631 925.981018
vt 809.865295 905.274353
vt 792.414551 906.728333
vt 791.686707 886.132507
vt 775.869019 886.918823
vt 774.861145 866.507996
vt 760.425659 866.881531
vt 759.099731 846.744751
vt 745.433960 846.759399
vt 743.711731 827.113953
vt 730.650269 826.742859
vt 728.349182 807.970459
vt 741.537781 807.647339
vt 725.130737 789.222473
vt 738.884949 788.379883
vt 755.437378 807.010559
vt 757.417664 826.831177
vt 771.903992 826.202942
vt 773.529968 846.264160
vt 789.223022 845.355164
vt 790.603149 865.620972
vt 807.519714 863.875488
vt 808.934692 884.388184
vt 826.640808 880.785522
vt 828.673523 902.123413
vt 846.694214 895.285522
vt 851.249329 919.623474
vt 869.603821 905.480408
vt 871.559143 925.706482
vt 864.372925 938.943726
vt 882.712158 941.764343
vt 896.284058 961.702148
vt 906.252563 938.757385
vt 915.750366 959.912781
vt 914.601807 981.346558
vt 906.608032 999.754456
vt 929.192139 1005.545837
vt 865.555725 1007.117126
vt 844.896973 999.904480
vt 829.122620 984.278320
vt 828.905762 964.166931
vt 810.692505 966.511841
vt 810.389038 946.318481
vt 793.229065 947.573181
vt 792.880737 927.221130
vt 777.099609 927.852600
vt 776.590576 907.402771
vt 762.144714 907.650818
vt 761.420715 887.244385
vt 747.729614 887.257019
vt 746.750916 866.827515
vt 733.661804 866.444031
vt 732.367981 846.121521
vt 734.603943 887.190125
vt 748.437195 907.781982
vt 735.272278 907.945923
vt 748.937744 928.338074
vt 735.738586 928.591553
vt 749.292297 948.820923
vt 736.061218 949.074402
vt 749.554260 969.261902
vt 736.288391 969.375854
vt 749.768433 989.595093
vt 736.466492 989.598755
vt 749.977295 1009.988525
vt 736.644775 1010.124695
vt 763.715027 1009.723755
vt 778.177856 1009.193848
vt 763.502625 989.361328
vt 777.956726 988.867554
vt 763.284485 969.017822
vt 777.735168 968.567139
vt 763.020264 948.573425
vt 777.464539 948.239685
vt 762.657288 928.127625
vt 793.504333 967.840149
vt 793.719788 988.073669
vt 810.884216 986.656738
vt 811.039673 1006.742371
vt 793.933655 1008.318359
vt 829.062744 1004.149658
vt 950.480103 998.137207
vt 971.732971 1008.428406
vt 967.433838 984.877075
vt 991.304199 1001.730164
vt 989.828979 981.486145
vt 972.668396 958.864075
vt 950.596802 964.031311
vt 955.144287 942.632935
vt 972.145752 936.886230
vt 986.707458 940.512756
vt 988.164246 961.106445
vt 985.227173 919.500610
vt 961.417542 922.580322
vt 967.492920 904.722656
vt 983.495056 898.322205
vt 961.565063 878.702820
vt 945.414856 904.114075
vt 935.001953 879.355896
vt 940.773743 858.034424
vt 920.914307 859.027222
vt 926.442688 842.473083
vt 941.717224 836.348389
vt 957.505798 851.773621
vt 962.423828 829.375427
vt 940.550415 812.702942
vt 959.879944 802.746582
vt 977.765381 811.870728
vt 976.560974 790.410828
vt 961.650513 783.849182
vt 940.819641 787.367493
vt 955.551331 770.007874
vt 976.068970 768.726501
vt 935.552551 771.754333
vt 915.942505 773.572083
vt 916.750671 796.702026
vt 896.393494 775.395508
vt 899.488708 794.145203
vt 883.215332 793.661560
vt 876.943054 777.113281
vt 857.633423 778.923950
vt 866.630188 801.869019
vt 884.156799 817.048157
vt 864.092468 820.183594
vt 844.484741 798.324341
vt 843.068481 821.449463
vt 862.451904 841.688965
vt 841.906860 841.944458
vt 823.134949 822.952454
vt 822.372314 802.340271
vt 803.424194 804.068481
vt 801.416809 783.874451
vt 784.206299 785.239197
vt 786.064087 805.280640
vt 768.152344 786.439209
vt 770.115662 806.261353
vt 753.133972 787.430847
vt 787.669800 825.292175
vt 804.763245 824.134705
vt 806.059509 843.914673
vt 823.361145 842.223633
vt 824.443420 860.939514
vt 838.767212 857.270447
vt 843.010010 874.584473
vt 858.819641 864.401733
vt 860.154846 885.575745
vt 879.878601 885.726990
vt 885.865845 903.224121
vt 889.409790 919.767212
vt 902.869263 900.368591
vt 905.560791 919.939941
vt 923.009277 919.252930
vt 931.969421 946.142212
vt 943.319824 927.006836
vt 924.566467 896.586487
vt 914.048889 878.801208
vt 896.433350 877.283264
vt 880.946167 861.437561
vt 900.829773 858.805420
vt 883.366699 839.370972
vt 905.851074 835.780701
vt 901.873901 810.152344
vt 922.162231 822.543823
vt 819.602966 782.317932
vt 838.402954 780.466736
vt 979.130493 833.645752
vt 980.435730 855.742859
vt 981.814209 876.964172
vt 931.813477 970.075989
vt 946.556702 980.966797
vt 934.137268 987.313354
vt 221.216324 946.711121
vt 222.726700 925.593445
vt 239.122986 951.081970
vt 219.764801 967.323181
vt 234.235153 973.066589
vt 252.210587 972.518494
vt 240.624039 986.542419
vt 218.067993 987.740295
vt 237.162949 1003.763489
vt 259.846710 995.286560
vt 253.107239 1016.400818
vt 273.126099 1017.341248
vt 298.238922 1021.377747
vt 321.309143 1014.276733
vt 338.616821 1024.635986
vt 339.183746 1003.983582
vt 324.675323 995.947632
vt 340.156708 982.993713
vt 315.657715 978.574646
vt 306.925446 998.288513
vt 296.681671 980.388733
vt 298.788940 953.718506
vt 275.989288 972.326843
vt 285.167847 997.693665
vt 260.775299 956.191772
vt 275.438812 949.951843
vt 258.339752 935.458008
vt 241.242935 931.944275
vt 243.556503 916.340332
vt 224.490082 904.369141
vt 248.520950 890.009521
vt 265.243103 912.312561
vt 274.223053 890.694397
vt 265.870880 862.501831
vt 289.245880 875.062988
vt 291.909912 894.840149
vt 285.725677 911.081116
vt 304.299011 909.356262
vt 298.002777 927.478394
vt 319.369995 929.880127
vt 280.582245 931.612854
vt 326.205719 957.771851
vt 341.740997 938.805725
vt 340.747192 961.103088
vt 342.614716 916.016785
vt 323.729065 903.223450
vt 344.002136 892.893005
vt 325.210388 880.693176
vt 345.593109 869.270752
vt 323.102234 862.437378
vt 326.901794 845.326782
vt 310.698853 849.748535
vt 305.598358 826.867126
vt 328.402924 820.650635
vt 347.282959 844.814758
vt 348.799255 820.276917
vt 332.700897 791.355347
vt 350.577179 795.667969
vt 352.734985 771.202209
vt 329.458344 769.927551
vt 307.721497 770.754578
vt 308.961365 797.191711
vt 287.045074 771.923462
vt 288.213318 804.299438
vt 285.426483 825.169128
vt 273.242462 814.166321
vt 269.793823 833.910461
vt 255.496445 815.471436
vt 266.735291 792.685913
vt 244.257202 795.442261
vt 230.077820 817.818542
vt 231.175323 796.484863
vt 231.436981 774.683472
vt 249.266037 773.983643
vt 248.525253 838.630615
vt 228.781097 839.664307
vt 240.897018 862.592041
vt 227.514786 861.799194
vt 226.132675 883.019043
vt 290.468842 848.226990
vt 267.850311 773.193665
vt 307.484222 867.361450
vt 306.920227 888.479492
vt 216.601288 1008.029297
vt 1170.881226 1925.250244
vt 1150.416626 1923.048340
vt 1175.107544 1903.168945
vt 1150.061768 1901.386841
vt 1159.906494 1876.374023
vt 1181.641357 1881.782593
vt 1190.297852 1860.956299
vt 1168.986816 1854.858398
vt 1148.286621 1848.500732
vt 1179.268921 1834.456177
vt 1112.314819 1842.260620
vt 1082.768921 1838.673706
vt 1063.087891 1846.124023
vt 1039.993286 1850.158569
vt 1016.665710 1844.460815
vt 1025.886108 1867.303101
vt 999.451721 1850.893799
vt 1005.468018 1874.126831
vt 1025.904175 1889.651855
vt 1049.576782 1892.949219
vt 1036.626221 1916.578247
vt 1011.446899 1897.807739
vt 1017.182495 1921.597046
vt 1038.708496 1945.630737
vt 1054.401367 1946.379028
vt 1057.514160 1924.153687
vt 1071.554077 1946.993530
vt 1074.501831 1918.158447
vt 1089.670532 1947.447510
vt 1090.174927 1923.357056
vt 1107.027710 1924.704834
vt 1108.565308 1947.431885
vt 1128.331787 1947.509033
vt 1130.539185 1913.205078
vt 1148.398071 1947.414551
vt 1112.805908 1891.073242
vt 1090.525635 1902.724121
vt 1087.603882 1868.486572
vt 1072.064209 1890.386963
vt 1059.420654 1869.448853
vt 1043.801147 1869.927368
vt 1110.101440 1868.065063
vt 1129.632202 1869.567139
vt 1136.152222 1890.537476
vt 1023.988037 1945.839355
vt 1214.026245 1823.429443
vt 1201.978638 1840.826660
vt 1168.752686 1947.563721
vt 539.877991 1872.070312
vt 561.571899 1877.971680
vt 546.106812 1892.610840
vt 524.248596 1880.773193
vt 519.466797 1861.001709
vt 502.853516 1864.909546
vt 486.016907 1867.018188
vt 470.238434 1868.073853
vt 455.683685 1868.643311
vt 441.819550 1869.083252
vt 428.357666 1869.368286
vt 445.620605 1890.097656
vt 432.237213 1890.613892
vt 449.425934 1911.125366
vt 436.037354 1911.808838
vt 453.275757 1932.109375
vt 439.747314 1932.999146
vt 457.208679 1953.032593
vt 443.471649 1954.319214
vt 471.449036 1951.823486
vt 467.350708 1931.126831
vt 486.453735 1950.525635
vt 482.124817 1930.132080
vt 463.345551 1910.378418
vt 477.974701 1909.601929
vt 459.488373 1889.542725
vt 474.066742 1888.897461
vt 493.865631 1908.501709
vt 498.059021 1928.992310
vt 515.305115 1927.419556
vt 519.698120 1947.923950
vt 502.496887 1949.240356
vt 537.877686 1946.621948
vt 533.471436 1924.374512
vt 511.099854 1906.448486
vt 528.971252 1901.809692
vt 506.990601 1885.502197
vt 489.916870 1887.790894
vt 551.737000 1915.673584
vt 556.691772 1945.484375
vt 576.210205 1925.099243
vt 568.293274 1900.375977
vt 591.608032 1903.193848
vt 593.166626 1922.370850
vt 595.237732 1942.647339
vt 575.900818 1943.952759
vt 609.279663 1918.107178
vt 614.726440 1941.233643
vt 633.665222 1921.073486
vt 634.312439 1939.928589
vt 653.948547 1938.558228
vt 653.194092 1913.567139
vt 670.137390 1915.557129
vt 674.036804 1937.152954
vt 689.777588 1913.315430
vt 694.407227 1935.076416
vt 685.733643 1891.708130
vt 663.399170 1898.884155
vt 663.505005 1879.756714
vt 682.320618 1870.244141
vt 659.495239 1852.386719
vt 645.608704 1872.086670
vt 644.331055 1894.819336
vt 625.672791 1879.244385
vt 634.970215 1856.531982
vt 617.376831 1860.584473
vt 601.511047 1875.917725
vt 603.731262 1853.363525
vt 579.849731 1856.262085
vt 551.781799 1856.690308
vt 532.994385 1855.280151
vt 580.852661 1883.346069
vt 610.664307 1895.446411
vt 624.826904 1901.513306
vt 679.120972 1848.689575
vt 1222.972046 1610.000366
vt 1219.716064 1588.149902
vt 1240.895386 1609.205933
vt 1241.387695 1583.684082
vt 1259.539917 1593.123657
vt 1259.424194 1608.581909
vt 1278.700439 1608.386230
vt 1279.729248 1586.638916
vt 1299.281372 1607.956299
vt 1301.092529 1584.660156
vt 1283.297119 1562.691895
vt 1256.390137 1563.293091
vt 1271.391357 1538.839844
vt 1289.513672 1542.534546
vt 1285.208008 1519.354736
vt 1305.950317 1531.981323
vt 1303.234131 1560.380127
vt 1320.411865 1557.403442
vt 1325.317017 1532.449951
vt 1319.497070 1509.154663
vt 1300.511841 1502.401611
vt 1264.571411 1513.606079
vt 1246.346069 1511.095825
vt 1226.393677 1519.555664
vt 1207.252441 1523.858643
vt 1211.804321 1545.235107
vt 1235.021606 1544.929565
vt 1230.151367 1565.110107
vt 1250.040527 1531.867188
vt 1216.078735 1566.515747
vt 1331.364014 1556.188477
vt 1337.557861 1579.877930
vt 1320.896362 1582.627686
vt 1343.630859 1604.235229
vt 1320.960327 1607.026245
vt 1440.963379 960.925598
vt 1420.699707 956.024597
vt 1431.129395 941.932617
vt 1450.441895 944.186523
vt 1447.352905 925.653687
vt 1472.166626 935.648743
vt 1463.053467 955.198914
vt 1479.607422 950.792236
vt 1489.232910 942.619202
vt 1495.932495 954.269287
vt 1506.339722 939.653381
vt 1520.350708 953.160034
vt 1501.753174 973.530212
vt 1479.556030 964.888550
vt 1480.078247 981.049805
vt 1458.734375 973.484741
vt 1442.197144 978.157410
vt 1450.154419 984.775879
vt 1457.199341 988.724365
vt 1452.351074 990.449646
vt 1447.541016 992.159973
vt 1444.008911 985.758850
vt 1436.998901 988.009460
vt 1424.624023 975.573486
vt 1427.085327 999.860474
vt 1437.337646 996.094238
vt 1406.003296 985.084961
vt 1401.561768 960.068359
vt 1394.173340 943.766357
vt 1390.107422 927.902771
vt 1408.634277 939.934875
vt 1405.198608 924.581177
vt 1421.586792 922.341980
vt 1401.854858 906.118347
vt 1422.118896 904.134827
vt 1436.137695 910.243652
vt 1453.373779 905.316162
vt 1467.477417 916.560852
vt 1475.645996 898.405823
vt 1488.851929 915.960449
vt 1493.467407 931.369263
vt 1511.734497 921.252686
vt 1528.247925 933.779602
vt 1535.611694 915.988831
vt 1524.232666 903.245300
vt 1542.913330 900.080322
vt 1556.050537 908.598877
vt 1551.939453 927.448120
vt 1572.088501 916.478027
vt 1570.275879 933.448181
vt 1592.032837 922.861389
vt 1583.801880 943.618652
vt 1563.761475 951.271912
vt 1557.549561 939.044312
vt 1544.167480 944.023438
vt 1543.255615 958.958130
vt 1522.702881 966.417847
vt 1603.695923 935.768738
vt 1612.818848 920.467590
vt 1623.243530 927.787109
vt 1633.411133 910.127625
vt 1642.560059 919.773743
vt 1661.979126 911.425842
vt 1651.728516 893.489319
vt 1629.348877 891.851318
vt 1644.858887 878.287292
vt 1667.974243 876.088135
vt 1651.614502 863.574951
vt 1671.846436 855.524231
vt 1652.458008 843.866455
vt 1631.863647 858.350403
vt 1630.462524 836.304260
vt 1611.170044 850.441772
vt 1609.632202 831.858521
vt 1590.359985 845.076172
vt 1597.882202 821.044983
vt 1606.902222 815.963318
vt 1622.672852 821.150085
vt 1626.429199 804.322388
vt 1641.241333 816.137878
vt 1645.524780 792.605591
vt 1657.407104 802.864868
vt 1653.641235 787.174744
vt 1668.063599 791.306335
vt 1671.589844 774.440491
vt 1683.087524 785.725891
vt 1687.517456 762.712036
vt 1702.435059 779.038513
vt 1694.600342 800.526123
vt 1675.361816 804.814026
vt 1688.591064 822.747192
vt 1661.921265 823.134277
vt 1673.711426 838.501160
vt 1646.240234 830.274475
vt 1693.929321 846.324646
vt 1690.399292 864.805969
vt 1703.372192 858.232544
vt 1711.646851 869.805359
vt 1692.336548 883.746582
vt 1671.262085 893.517639
vt 1681.354736 903.040405
vt 1700.900513 894.398193
vt 1721.859009 884.775696
vt 1731.338501 880.226990
vt 1724.084351 865.283752
vt 1716.710205 852.629395
vt 1735.677734 858.989685
vt 1734.176270 838.550720
vt 1712.264648 831.663574
vt 1730.084473 816.594788
vt 1709.324951 812.169495
vt 1721.041870 802.720459
vt 1709.955322 796.541321
vt 1722.828369 786.610657
vt 1717.011841 768.890869
vt 1731.218140 771.549988
vt 1744.099609 786.091309
vt 1745.455566 759.716125
vt 1764.397949 776.336060
vt 1764.446167 800.719116
vt 1745.443970 805.676270
vt 1732.884399 799.934326
vt 1754.512207 822.999756
vt 1772.037720 816.439392
vt 1779.230835 833.533325
vt 1789.443848 807.409424
vt 1797.214355 823.888916
vt 1806.800903 838.392029
vt 1813.590576 815.791748
vt 1825.818726 825.472229
vt 1835.964111 817.223145
vt 1829.492310 799.127014
vt 1810.244385 797.667053
vt 1820.272461 783.029663
vt 1839.144775 783.208557
vt 1857.017822 796.971619
vt 1856.973389 770.039307
vt 1831.549194 765.839783
vt 1844.238403 756.501953
vt 1830.800171 742.712219
vt 1815.391357 754.617371
vt 1806.001099 736.962891
vt 1795.690186 757.336548
vt 1786.078979 734.918701
vt 1794.542969 725.405701
vt 1802.401367 713.949158
vt 1816.755371 728.607361
vt 1783.311646 715.316589
vt 1787.723877 698.915527
vt 1762.221191 695.706665
vt 1766.882812 722.809143
vt 1751.887939 706.856689
vt 1748.291992 732.897278
vt 1769.987549 750.853638
vt 1733.075806 743.430542
vt 1729.196899 728.653687
vt 1716.387695 739.800293
vt 1724.595459 755.777466
vt 1702.532837 751.184265
vt 1741.078613 717.604248
vt 1773.107788 683.502136
vt 1781.657471 771.133484
vt 1798.498047 782.107544
vt 1779.728882 787.780029
vt 1812.371704 768.851807
vt 1869.688354 783.089172
vt 1788.688721 849.731323
vt 1770.452759 860.038635
vt 1754.493530 847.472046
vt 1751.628418 870.036133
vt 1576.212769 832.232117
vt 1569.634033 849.916870
vt 1555.086182 842.742249
vt 1553.241943 861.499878
vt 1574.339111 867.518799
vt 1556.650635 875.270142
vt 1562.444336 888.550171
vt 1537.823853 882.434692
vt 1577.694946 880.759399
vt 1583.307373 889.979248
vt 1572.628540 901.767456
vt 1589.628662 904.197021
vt 1606.217529 887.524963
vt 1610.825195 906.144409
vt 1627.261475 875.633606
vt 1610.539185 868.389038
vt 1639.201538 869.052979
vt 1591.212646 876.100342
vt 1595.360352 861.640808
vt 1535.413696 864.132507
vt 1517.432129 873.130066
vt 1523.965820 855.656006
vt 1545.444458 847.109131
vt 1502.195557 863.610229
vt 1493.404785 880.657715
vt 1512.347656 891.163818
vt 1495.374390 898.920959
vt 1506.398315 906.488098
vt 1473.219238 881.697571
vt 1456.605347 887.173096
vt 1459.437134 871.916199
vt 1441.024292 872.753845
vt 1435.513794 891.640991
vt 1422.959839 871.809631
vt 1414.700684 888.030151
vt 1405.734985 868.970398
vt 1399.259155 883.394287
vt 1388.526978 863.951599
vt 1385.595459 888.243042
vt 1377.036621 906.118286
vt 1370.469482 856.331360
vt 1480.087769 869.290833
vt 1491.018555 866.994446
vt 1393.397217 995.232605
vt 1409.380005 1007.089233
vt 1394.272461 1013.948730
vt 1381.352905 1020.999878
vt 815.033508 482.722473
vt 826.846558 468.049500
vt 830.714172 488.204437
vt 822.118469 503.810913
vt 804.636963 499.324432
vt 797.543884 479.258942
vt 806.720276 458.942719
vt 786.057861 460.069489
vt 781.189575 482.691498
vt 769.589478 495.360138
vt 776.673035 500.043396
vt 790.701233 494.455963
vt 793.075745 512.348511
vt 808.114197 524.499207
vt 784.034973 439.532654
vt 794.553345 447.560944
vt 801.968933 434.067047
vt 823.164673 444.281311
vt 822.742126 417.347534
vt 797.581665 410.519196
vt 814.576416 386.758331
vt 836.079651 399.542023
vt 846.034241 416.004486
vt 839.776245 434.216614
vt 852.620300 429.462311
vt 855.198853 421.705322
vt 863.142151 427.637939
vt 860.291931 415.470490
vt 867.736328 420.317963
vt 874.644470 427.382812
vt 873.457520 411.727356
vt 890.286194 426.511932
vt 882.389648 444.603149
vt 871.399475 434.626373
vt 866.282898 440.228149
vt 868.740356 456.711731
vt 854.544189 445.126709
vt 858.776001 435.174683
vt 856.486633 466.912262
vt 840.704407 456.044983
vt 843.612488 479.294098
vt 861.115112 489.425201
vt 844.517273 506.904938
vt 868.013611 512.921936
vt 882.435120 494.744568
vt 887.500488 522.605408
vt 872.958618 535.627014
vt 888.537537 543.466125
vt 876.761108 557.381165
vt 897.955688 563.065002
vt 906.326843 538.023621
vt 916.016602 557.989441
vt 914.395142 578.238220
vt 899.399597 586.328308
vt 913.441345 605.097534
vt 887.633179 605.318909
vt 882.695862 579.223694
vt 874.047363 589.599670
vt 859.301270 573.073486
vt 857.267700 549.064819
vt 852.971619 566.386475
vt 837.433716 550.828064
vt 841.613708 532.136292
vt 857.330383 527.481384
vt 828.094604 520.977112
vt 822.840820 537.191895
vt 901.849731 622.272339
vt 907.862427 629.630798
vt 925.349182 623.602539
vt 941.899109 606.412781
vt 942.434021 629.843933
vt 921.137268 646.240723
vt 949.594788 650.963562
vt 932.589233 661.142151
vt 943.219849 675.271606
vt 966.484253 664.094299
vt 978.807556 648.252930
vt 989.434753 668.077332
vt 1007.469116 658.225525
vt 994.926208 636.767822
vt 980.165405 628.529907
vt 995.116516 615.994019
vt 968.573792 610.238281
vt 962.412842 631.395020
vt 953.910706 619.685120
vt 957.907043 592.329529
vt 971.529175 590.443848
vt 962.987366 573.572693
vt 983.339722 580.191406
vt 984.766235 597.457764
vt 1004.719177 592.277222
vt 1019.574585 614.640564
vt 1011.986206 633.961182
vt 1028.781128 631.019531
vt 1044.694946 619.611023
vt 1042.090088 639.776123
vt 1025.119141 648.914307
vt 1058.339844 630.738220
vt 1074.405518 622.141174
vt 1058.474365 601.665894
vt 1031.897461 597.604614
vt 1043.836426 583.205078
vt 1020.335144 575.656128
vt 1029.207886 565.735413
vt 1014.483704 549.134583
vt 997.933411 567.501770
vt 986.973999 547.381958
vt 999.391296 532.785706
vt 972.054688 525.923584
vt 960.546997 548.015930
vt 948.388367 524.265076
vt 931.251892 542.477356
vt 927.280518 516.300415
vt 943.271301 501.505585
vt 919.963562 493.319550
vt 931.452454 479.306885
vt 951.994507 484.547852
vt 968.210327 500.792236
vt 957.711853 513.022461
vt 984.036499 516.651611
vt 934.342407 467.399628
vt 926.220520 459.612183
vt 913.728455 469.880920
vt 907.830017 442.711700
vt 897.343079 461.819702
vt 883.501282 469.267120
vt 900.257019 483.153778
vt 870.431824 475.387024
vt 905.690369 510.569183
vt 917.364746 526.648254
vt 945.685120 562.494507
vt 944.479858 581.731018
vt 930.083313 568.350952
vt 928.882019 588.014343
vt 978.207581 562.814514
vt 971.020691 678.206360
vt 952.558533 688.692383
vt 856.961243 397.032135
vt 840.616394 382.551300
vt 825.323425 368.858948
vt 785.518799 424.206238
s 0
usemtl material_0.007
f 1/1/1 2/2/1 3/3/1
f 2/2/2 1/1/2 4/4/2
f 4/4/3 5/5/3 2/2/3
f 4/4/4 6/6/4 5/5/4
f 7/7/5 5/5/5 6/6/5
f 7/7/6 6/6/6 8/8/6
f 7/7/7 8/8/7 9/9/7
f 7/7/8 9/9/8 10/10/8
f 11/11/9 10/10/9 9/9/9
f 11/11/10 9/9/10 12/12/10
f 13/13/11 11/11/11 12/12/11
f 12/12/12 14/14/12 13/13/12
f 15/15/13 13/13/13 14/14/13
f 15/15/14 14/14/14 16/16/14
f 17/17/15 15/15/15 16/16/15
f 17/17/16 16/16/16 18/18/16
f 17/17/17 18/18/17 19/19/17
f 17/17/18 19/19/18 20/20/18
f 20/20/19 21/21/19 17/17/19
f 17/17/20 21/21/20 22/22/20
f 20/20/21 23/23/21 21/21/21
f 24/24/22 23/23/22 20/20/22
f 24/24/23 20/20/23 25/25/23
f 26/26/24 24/24/24 25/25/24
f 26/26/25 25/25/25 27/27/25
f 26/26/26 27/27/26 28/28/26
f 28/28/27 29/29/27 26/26/27
f 30/30/28 26/26/28 29/29/28
f 29/29/29 31/31/29 30/30/29
f 32/32/30 30/30/30 31/31/30
f 31/31/30 33/33/30 32/32/30
f 33/33/31 31/31/31 34/34/31
f 33/33/32 34/34/32 35/35/32
f 33/33/33 35/35/33 36/36/33
f 35/35/33 37/37/33 36/36/33
f 37/37/34 35/35/34 38/38/34
f 39/39/35 37/37/35 38/38/35
f 39/39/36 38/38/36 40/40/36
f 39/39/37 40/40/37 41/41/37
f 39/39/38 41/41/38 42/42/38
f 39/39/39 42/42/39 43/43/39
f 39/39/40 43/43/40 44/44/40
f 45/45/41 44/44/41 43/43/41
f 46/46/42 45/45/42 43/43/42
f 46/46/43 43/43/43 47/47/43
f 46/46/44 47/47/44 48/48/44
f 46/46/45 48/48/45 49/49/45
f 50/50/46 49/49/46 48/48/46
f 50/50/47 48/48/47 51/51/47
f 52/52/48 50/50/48 51/51/48
f 52/52/49 51/51/49 53/53/49
f 54/54/50 52/52/50 53/53/50
f 54/54/51 55/55/51 52/52/51
f 52/52/52 55/55/52 56/56/52
f 52/52/53 56/56/53 57/57/53
f 58/58/54 56/56/54 55/55/54
f 53/53/55 51/51/55 59/59/55
f 51/51/56 60/60/56 59/59/56
f 59/59/57 60/60/57 61/61/57
f 62/62/58 61/61/58 60/60/58
f 62/62/59 60/60/59 63/63/59
f 41/41/60 62/62/60 63/63/60
f 62/62/61 41/41/61 64/64/61
f 62/62/62 64/64/62 65/65/62
f 65/65/63 64/64/63 66/66/63
f 67/67/64 66/66/64 64/64/64
f 67/67/65 64/64/65 68/68/65
f 68/68/66 69/69/66 67/67/66
f 69/69/67 70/70/67 67/67/67
f 67/67/68 70/70/68 71/71/68
f 69/69/69 72/72/69 70/70/69
f 70/70/70 72/72/70 73/73/70
f 72/72/71 74/74/71 73/73/71
f 75/75/72 73/73/72 74/74/72
f 75/75/73 74/74/73 76/76/73
f 75/75/74 76/76/74 77/77/74
f 75/75/75 77/77/75 78/78/75
f 75/75/76 78/78/76 79/79/76
f 80/80/77 75/75/77 79/79/77
f 79/79/78 78/78/78 81/81/78
f 79/79/79 81/81/79 82/82/79
f 83/83/80 82/82/80 81/81/80
f 83/83/81 81/81/81 84/84/81
f 83/83/82 84/84/82 85/85/82
f 86/86/83 83/83/83 85/85/83
f 86/86/84 85/85/84 87/87/84
f 88/88/85 86/86/85 87/87/85
f 88/88/86 87/87/86 89/89/86
f 90/90/87 88/88/87 89/89/87
f 90/90/88 89/89/88 91/91/88
f 92/92/89 91/91/89 89/89/89
f 93/93/90 92/92/90 89/89/90
f 94/94/91 92/92/91 93/93/91
f 95/95/92 94/94/92 93/93/92
f 87/87/93 95/95/93 93/93/93
f 95/95/94 96/96/94 94/94/94
f 94/94/95 96/96/95 97/97/95
f 94/94/96 97/97/96 98/98/96
f 99/99/97 94/94/97 98/98/97
f 99/99/98 98/98/98 100/100/98
f 101/101/99 100/100/99 98/98/99
f 101/101/100 102/102/100 100/100/100
f 101/101/101 103/103/101 102/102/101
f 101/101/102 104/104/102 103/103/102
f 105/105/103 103/103/103 104/104/103
f 106/106/104 105/105/104 104/104/104
f 106/106/105 104/104/105 107/107/105
f 108/108/106 106/106/106 107/107/106
f 108/108/107 107/107/107 109/109/107
f 108/108/108 109/109/108 110/110/108
f 108/108/109 110/110/109 111/111/109
f 112/112/110 108/108/110 111/111/110
f 113/113/111 112/112/111 111/111/111
f 113/113/112 111/111/112 114/114/112
f 114/114/113 115/115/113 113/113/113
f 115/115/114 116/116/114 113/113/114
f 115/115/115 117/117/115 116/116/115
f 116/116/116 117/117/116 118/118/116
f 116/116/117 118/118/117 119/119/117
f 119/119/118 120/120/118 116/116/118
f 112/112/119 116/116/119 120/120/119
f 121/121/120 112/112/120 120/120/120
f 121/121/121 120/120/121 122/122/121
f 123/123/122 121/121/122 122/122/122
f 123/123/123 122/122/123 124/124/123
f 125/125/124 123/123/124 124/124/124
f 125/125/125 124/124/125 126/126/125
f 127/127/126 126/126/126 124/124/126
f 127/127/127 124/124/127 128/128/127
f 129/129/128 127/127/128 128/128/128
f 129/129/129 128/128/129 130/130/129
f 130/130/130 131/131/130 129/129/130
f 129/129/131 131/131/131 132/132/131
f 131/131/132 130/130/132 133/133/132
f 130/130/133 134/134/133 133/133/133
f 135/135/134 134/134/134 130/130/134
f 136/136/135 135/135/135 130/130/135
f 136/136/136 137/137/136 135/135/136
f 137/137/137 138/138/137 135/135/137
f 139/139/138 135/135/138 138/138/138
f 138/138/139 137/137/139 140/140/139
f 140/140/140 137/137/140 141/141/140
f 142/142/141 141/141/141 137/137/141
f 119/119/142 142/142/142 137/137/142
f 119/119/143 137/137/143 143/143/143
f 142/142/144 144/144/144 141/141/144
f 144/144/145 142/142/145 145/145/145
f 146/146/146 145/145/146 142/142/146
f 118/118/147 146/146/147 142/142/147
f 147/147/148 146/146/148 118/118/148
f 147/147/149 118/118/149 148/148/149
f 6/6/150 147/147/150 148/148/150
f 147/147/151 149/149/151 146/146/151
f 146/146/152 149/149/152 150/150/152
f 149/149/153 147/147/153 151/151/153
f 151/151/154 147/147/154 152/152/154
f 4/4/155 152/152/155 147/147/155
f 4/4/156 153/153/156 152/152/156
f 145/145/157 146/146/157 150/150/157
f 136/136/158 143/143/158 137/137/158
f 120/120/159 143/143/159 136/136/159
f 134/134/160 135/135/160 139/139/160
f 136/136/161 130/130/161 128/128/161
f 136/136/162 128/128/162 124/124/162
f 123/123/163 125/125/163 105/105/163
f 125/125/164 154/154/164 105/105/164
f 136/136/165 124/124/165 122/122/165
f 121/121/166 123/123/166 106/106/166
f 120/120/167 136/136/167 122/122/167
f 119/119/168 143/143/168 120/120/168
f 118/118/169 142/142/169 119/119/169
f 148/148/170 118/118/170 117/117/170
f 148/148/171 117/117/171 155/155/171
f 8/8/172 148/148/172 155/155/172
f 115/115/173 155/155/173 117/117/173
f 115/115/174 156/156/174 155/155/174
f 9/9/175 155/155/175 156/156/175
f 157/157/176 156/156/176 115/115/176
f 157/157/177 115/115/177 158/158/177
f 157/157/178 158/158/178 159/159/178
f 157/157/179 159/159/179 14/14/179
f 14/14/180 159/159/180 160/160/180
f 161/161/181 160/160/181 159/159/181
f 159/159/182 114/114/182 161/161/182
f 161/161/183 162/162/183 160/160/183
f 163/163/184 160/160/184 162/162/184
f 163/163/185 162/162/185 164/164/185
f 163/163/186 164/164/186 165/165/186
f 166/166/187 163/163/187 165/165/187
f 165/165/188 167/167/188 166/166/188
f 168/168/189 166/166/189 167/167/189
f 168/168/190 167/167/190 169/169/190
f 170/170/191 168/168/191 169/169/191
f 170/170/192 169/169/192 171/171/192
f 170/170/193 171/171/193 172/172/193
f 172/172/194 77/77/194 170/170/194
f 173/173/195 172/172/195 171/171/195
f 174/174/196 173/173/196 171/171/196
f 171/171/197 167/167/197 174/174/197
f 174/174/198 167/167/198 175/175/198
f 174/174/199 175/175/199 176/176/199
f 176/176/200 177/177/200 174/174/200
f 176/176/201 178/178/201 177/177/201
f 178/178/202 96/96/202 177/177/202
f 96/96/203 173/173/203 177/177/203
f 179/179/204 178/178/204 176/176/204
f 179/179/205 180/180/205 178/178/205
f 97/97/206 178/178/206 180/180/206
f 97/97/207 180/180/207 101/101/207
f 104/104/208 180/180/208 179/179/208
f 175/175/209 179/179/209 176/176/209
f 175/175/210 181/181/210 179/179/210
f 109/109/211 179/179/211 181/181/211
f 164/164/212 109/109/212 181/181/212
f 175/175/213 164/164/213 181/181/213
f 174/174/214 177/177/214 173/173/214
f 173/173/215 84/84/215 172/172/215
f 78/78/216 172/172/216 84/84/216
f 84/84/217 173/173/217 95/95/217
f 170/170/218 182/182/218 168/168/218
f 183/183/219 168/168/219 182/182/219
f 183/183/220 182/182/220 184/184/220
f 185/185/221 183/183/221 184/184/221
f 186/186/222 185/185/222 184/184/222
f 186/186/223 184/184/223 187/187/223
f 188/188/224 186/186/224 187/187/224
f 188/188/225 187/187/225 189/189/225
f 69/69/226 188/188/226 189/189/226
f 69/69/227 190/190/227 188/188/227
f 69/69/228 191/191/228 190/190/228
f 190/190/229 191/191/229 38/38/229
f 190/190/230 38/38/230 192/192/230
f 190/190/231 192/192/231 29/29/231
f 190/190/232 29/29/232 193/193/232
f 190/190/233 193/193/233 186/186/233
f 76/76/234 189/189/234 187/187/234
f 187/187/235 182/182/235 76/76/235
f 190/190/236 186/186/236 188/188/236
f 193/193/237 185/185/237 186/186/237
f 193/193/238 28/28/238 185/185/238
f 185/185/239 194/194/239 183/183/239
f 183/183/240 194/194/240 195/195/240
f 183/183/241 195/195/241 196/196/241
f 166/166/242 183/183/242 196/196/242
f 195/195/243 163/163/243 196/196/243
f 195/195/244 197/197/244 163/163/244
f 18/18/245 197/197/245 195/195/245
f 160/160/246 197/197/246 18/18/246
f 19/19/247 195/195/247 194/194/247
f 19/19/248 194/194/248 27/27/248
f 27/27/249 194/194/249 185/185/249
f 187/187/250 184/184/250 182/182/250
f 76/76/251 182/182/251 170/170/251
f 171/171/252 169/169/252 167/167/252
f 166/166/253 168/168/253 183/183/253
f 165/165/254 175/175/254 167/167/254
f 166/166/255 196/196/255 163/163/255
f 175/175/256 165/165/256 164/164/256
f 163/163/257 197/197/257 160/160/257
f 164/164/258 162/162/258 161/161/258
f 164/164/259 161/161/259 110/110/259
f 159/159/260 158/158/260 114/114/260
f 12/12/261 156/156/261 157/157/261
f 114/114/262 158/158/262 115/115/262
f 161/161/263 114/114/263 111/111/263
f 112/112/264 113/113/264 116/116/264
f 112/112/265 121/121/265 108/108/265
f 161/161/266 111/111/266 110/110/266
f 164/164/267 110/110/267 109/109/267
f 109/109/268 107/107/268 179/179/268
f 121/121/269 106/106/269 108/108/269
f 104/104/270 179/179/270 107/107/270
f 123/123/271 105/105/271 106/106/271
f 105/105/272 154/154/272 103/103/272
f 101/101/273 180/180/273 104/104/273
f 99/99/274 198/198/274 94/94/274
f 101/101/275 98/98/275 97/97/275
f 178/178/276 97/97/276 96/96/276
f 96/96/277 95/95/277 173/173/277
f 94/94/278 198/198/278 92/92/278
f 199/199/279 88/88/279 90/90/279
f 199/199/280 200/200/280 88/88/280
f 93/93/281 89/89/281 87/87/281
f 86/86/282 88/88/282 200/200/282
f 86/86/283 200/200/283 201/201/283
f 87/87/284 85/85/284 95/95/284
f 83/83/285 86/86/285 201/201/285
f 83/83/286 201/201/286 202/202/286
f 84/84/287 95/95/287 85/85/287
f 83/83/288 202/202/288 82/82/288
f 78/78/289 84/84/289 81/81/289
f 172/172/290 78/78/290 77/77/290
f 76/76/291 170/170/291 77/77/291
f 76/76/292 74/74/292 189/189/292
f 75/75/293 80/80/293 73/73/293
f 72/72/294 189/189/294 74/74/294
f 69/69/295 189/189/295 72/72/295
f 68/68/296 191/191/296 69/69/296
f 191/191/297 68/68/297 40/40/297
f 67/67/298 71/71/298 66/66/298
f 68/68/299 64/64/299 41/41/299
f 60/60/300 47/47/300 63/63/300
f 61/61/301 62/62/301 65/65/301
f 57/57/302 50/50/302 52/52/302
f 51/51/303 48/48/303 60/60/303
f 60/60/304 48/48/304 47/47/304
f 63/63/305 47/47/305 43/43/305
f 45/45/306 203/203/306 44/44/306
f 63/63/307 43/43/307 42/42/307
f 41/41/308 63/63/308 42/42/308
f 68/68/309 41/41/309 40/40/309
f 191/191/310 40/40/310 38/38/310
f 38/38/311 35/35/311 192/192/311
f 34/34/312 192/192/312 35/35/312
f 34/34/313 31/31/313 192/192/313
f 29/29/314 192/192/314 31/31/314
f 30/30/315 204/204/315 26/26/315
f 28/28/316 193/193/316 29/29/316
f 27/27/317 185/185/317 28/28/317
f 26/26/318 204/204/318 24/24/318
f 27/27/319 25/25/319 20/20/319
f 27/27/320 20/20/320 19/19/320
f 18/18/321 195/195/321 19/19/321
f 160/160/322 18/18/322 16/16/322
f 17/17/323 22/22/323 15/15/323
f 14/14/324 160/160/324 16/16/324
f 22/22/325 13/13/325 15/15/325
f 22/22/326 205/205/326 13/13/326
f 12/12/327 157/157/327 14/14/327
f 13/13/328 205/205/328 11/11/328
f 12/12/329 9/9/329 156/156/329
f 9/9/330 8/8/330 155/155/330
f 8/8/331 6/6/331 148/148/331
f 6/6/332 4/4/332 147/147/332
f 153/153/333 4/4/333 1/1/333
f 206/206/334 207/207/334 208/208/334
f 209/209/335 206/206/335 208/208/335
f 206/206/336 209/209/336 210/210/336
f 210/210/337 211/211/337 206/206/337
f 206/206/338 211/211/338 212/212/338
f 206/206/339 212/212/339 213/213/339
f 214/214/340 213/213/340 212/212/340
f 214/214/341 212/212/341 215/215/341
f 214/214/342 215/215/342 216/216/342
f 216/216/343 217/217/343 214/214/343
f 214/214/344 217/217/344 218/218/344
f 214/214/345 218/218/345 219/219/345
f 219/219/346 218/218/346 220/220/346
f 219/219/347 220/220/347 221/221/347
f 222/222/348 219/219/348 221/221/348
f 219/219/349 222/222/349 213/213/349
f 213/213/350 222/222/350 223/223/350
f 223/223/351 207/207/351 213/213/351
f 224/224/352 220/220/352 218/218/352
f 218/218/353 225/225/353 224/224/353
f 218/218/354 129/226/354 225/225/354
f 132/227/355 225/225/355 129/226/355
f 217/217/356 129/226/356 218/218/356
f 217/217/357 127/228/357 129/226/357
f 217/217/358 126/229/358 127/228/358
f 217/217/359 226/230/359 126/229/359
f 226/230/360 125/231/360 126/229/360
f 226/230/361 227/232/361 125/231/361
f 125/231/362 227/232/362 154/233/362
f 154/233/363 227/232/363 228/234/363
f 154/233/364 228/234/364 229/235/364
f 229/235/365 103/236/365 154/233/365
f 229/235/366 102/237/366 103/236/366
f 229/235/367 230/238/367 102/237/367
f 100/239/368 102/237/368 230/238/368
f 100/239/369 230/238/369 231/240/369
f 99/241/370 100/239/370 231/240/370
f 232/242/371 99/241/371 231/240/371
f 232/242/372 231/240/372 233/243/372
f 233/243/373 234/244/373 232/242/373
f 232/242/374 234/244/374 235/245/374
f 232/242/375 235/245/375 236/246/375
f 198/247/376 232/242/376 236/246/376
f 92/248/377 198/247/377 236/246/377
f 92/248/378 236/246/378 237/249/378
f 92/248/379 237/249/379 91/250/379
f 91/250/380 237/249/380 238/251/380
f 91/250/381 238/251/381 239/252/381
f 240/253/382 91/250/382 239/252/382
f 239/252/383 241/254/383 240/253/383
f 242/255/384 240/253/384 241/254/384
f 242/255/385 241/254/385 243/256/385
f 244/257/386 243/256/386 241/254/386
f 244/257/387 241/254/387 245/258/387
f 244/257/388 245/258/388 246/259/388
f 244/257/389 246/259/389 247/260/389
f 248/261/390 247/260/390 246/259/390
f 248/261/391 246/259/391 249/262/391
f 250/263/392 249/262/392 246/259/392
f 246/259/393 251/264/393 250/263/393
f 252/265/394 250/263/394 251/264/394
f 251/264/395 253/266/395 252/265/395
f 253/266/396 254/267/396 252/265/396
f 252/265/397 254/267/397 255/268/397
f 252/265/398 255/268/398 256/269/398
f 255/268/399 257/270/399 256/269/399
f 258/271/400 256/269/400 257/270/400
f 258/271/401 250/263/401 256/269/401
f 255/268/402 259/272/402 257/270/402
f 260/273/403 259/272/403 255/268/403
f 260/273/404 255/268/404 261/274/404
f 262/275/405 260/273/405 261/274/405
f 262/275/406 261/274/406 263/276/406
f 263/276/407 264/277/407 262/275/407
f 263/276/408 265/278/408 264/277/408
f 266/279/409 264/277/409 265/278/409
f 266/279/410 265/278/410 267/280/410
f 266/279/411 267/280/411 268/281/411
f 266/279/412 268/281/412 269/282/412
f 270/283/413 269/282/413 268/281/413
f 271/284/414 270/283/414 268/281/414
f 268/281/415 272/285/415 271/284/415
f 271/284/416 272/285/416 273/286/416
f 271/284/417 273/286/417 274/287/417
f 275/288/418 271/284/418 274/287/418
f 275/288/419 274/287/419 276/289/419
f 276/289/420 277/290/420 275/288/420
f 275/288/421 277/290/421 278/291/421
f 275/288/422 278/291/422 270/283/422
f 278/291/423 279/292/423 270/283/423
f 278/291/424 280/293/424 279/292/424
f 280/293/425 278/291/425 281/294/425
f 280/293/426 281/294/426 282/295/426
f 281/294/427 283/296/427 282/295/427
f 284/297/428 282/295/428 283/296/428
f 281/294/429 285/298/429 283/296/429
f 281/294/430 286/299/430 285/298/430
f 287/300/431 286/299/431 281/294/431
f 286/299/432 287/300/432 288/301/432
f 287/300/433 289/302/433 288/301/433
f 290/303/434 289/302/434 287/300/434
f 277/290/435 290/303/435 287/300/435
f 277/290/436 291/304/436 290/303/436
f 290/303/437 291/304/437 292/305/437
f 290/303/438 292/305/438 210/210/438
f 210/210/439 293/306/439 290/303/439
f 294/307/440 290/303/440 293/306/440
f 210/210/441 295/308/441 293/306/441
f 296/309/442 292/305/442 291/304/442
f 296/309/443 291/304/443 276/289/443
f 211/211/444 292/305/444 296/309/444
f 211/211/445 296/309/445 297/310/445
f 296/309/446 298/311/446 297/310/446
f 215/215/447 297/310/447 298/311/447
f 215/215/448 298/311/448 299/312/448
f 299/312/449 298/311/449 300/313/449
f 299/312/450 300/313/450 301/314/450
f 229/235/451 299/312/451 301/314/451
f 302/315/452 301/314/452 300/313/452
f 303/316/453 302/315/453 300/313/453
f 303/316/454 300/313/454 304/317/454
f 305/318/455 303/316/455 304/317/455
f 305/318/456 304/317/456 273/286/456
f 273/286/457 306/319/457 305/318/457
f 307/320/458 305/318/458 306/319/458
f 306/319/459 263/276/459 307/320/459
f 307/320/460 308/321/460 305/318/460
f 309/322/461 308/321/461 307/320/461
f 309/322/462 307/320/462 310/323/462
f 309/322/463 310/323/463 254/267/463
f 309/322/464 254/267/464 311/324/464
f 311/324/465 234/244/465 309/322/465
f 309/322/466 234/244/466 312/325/466
f 307/320/467 261/274/467 310/323/467
f 309/322/468 312/325/468 308/321/468
f 308/321/469 312/325/469 303/316/469
f 308/321/470 303/316/470 305/318/470
f 302/315/471 303/316/471 312/325/471
f 302/315/472 312/325/472 233/243/472
f 302/315/473 230/238/473 301/314/473
f 298/311/474 304/317/474 300/313/474
f 298/311/475 313/326/475 304/317/475
f 304/317/476 313/326/476 274/287/476
f 296/309/477 274/287/477 313/326/477
f 296/309/478 313/326/478 298/311/478
f 289/302/479 290/303/479 294/307/479
f 278/291/480 287/300/480 281/294/480
f 278/291/481 277/290/481 287/300/481
f 276/289/482 291/304/482 277/290/482
f 296/309/483 276/289/483 274/287/483
f 304/317/484 274/287/484 273/286/484
f 273/286/485 272/285/485 306/319/485
f 267/280/486 306/319/486 272/285/486
f 271/284/487 275/288/487 270/283/487
f 270/283/488 279/292/488 269/282/488
f 268/281/489 267/280/489 272/285/489
f 267/280/490 265/278/490 306/319/490
f 306/319/491 265/278/491 263/276/491
f 307/320/492 263/276/492 261/274/492
f 255/268/493 310/323/493 261/274/493
f 255/268/494 254/267/494 310/323/494
f 253/266/495 311/324/495 254/267/495
f 235/245/496 311/324/496 253/266/496
f 235/245/497 253/266/497 238/251/497
f 251/264/498 314/327/498 253/266/498
f 239/252/499 253/266/499 314/327/499
f 241/254/500 314/327/500 251/264/500
f 252/265/501 256/269/501 250/263/501
f 250/263/502 258/271/502 249/262/502
f 246/259/503 245/258/503 251/264/503
f 241/254/504 251/264/504 245/258/504
f 90/328/505 240/253/505 242/255/505
f 90/328/506 242/255/506 199/329/506
f 239/252/507 314/327/507 241/254/507
f 240/253/508 90/328/508 91/250/508
f 239/252/509 238/251/509 253/266/509
f 235/245/510 238/251/510 237/249/510
f 235/245/511 237/249/511 236/246/511
f 311/324/512 235/245/512 234/244/512
f 233/243/513 312/325/513 234/244/513
f 231/240/514 302/315/514 233/243/514
f 198/247/515 99/241/515 232/242/515
f 231/240/516 230/238/516 302/315/516
f 229/235/517 301/314/517 230/238/517
f 229/235/518 228/234/518 299/312/518
f 299/312/519 228/234/519 216/216/519
f 226/230/520 216/216/520 228/234/520
f 226/230/521 228/234/521 227/232/521
f 216/216/522 226/230/522 217/217/522
f 299/312/523 216/216/523 215/215/523
f 297/310/524 215/215/524 212/212/524
f 214/214/525 219/219/525 213/213/525
f 297/310/526 212/212/526 211/211/526
f 210/210/527 292/305/527 211/211/527
f 295/308/528 210/210/528 209/209/528
f 206/206/529 213/213/529 207/207/529
f 315/330/530 316/331/530 317/332/530
f 316/331/531 318/333/531 317/332/531
f 319/334/532 317/332/532 318/333/532
f 318/333/533 320/335/533 319/334/533
f 320/335/534 318/333/534 321/336/534
f 321/336/535 318/333/535 322/337/535
f 323/338/536 322/337/536 318/333/536
f 324/339/537 323/338/537 318/333/537
f 324/339/538 325/340/538 323/338/538
f 323/338/539 325/340/539 326/341/539
f 323/338/540 326/341/540 327/342/540
f 323/338/541 327/342/541 328/343/541
f 323/338/542 328/343/542 329/344/542
f 330/345/543 328/343/543 327/342/543
f 327/342/544 331/346/544 330/345/544
f 327/342/545 332/347/545 331/346/545
f 333/348/546 331/346/546 332/347/546
f 332/347/547 334/349/547 333/348/547
f 335/350/548 334/349/548 332/347/548
f 336/351/549 335/350/549 332/347/549
f 336/351/550 332/347/550 337/352/550
f 336/351/551 337/352/551 338/353/551
f 336/351/552 338/353/552 339/354/552
f 280/355/553 336/351/553 339/354/553
f 280/355/554 339/354/554 279/356/554
f 269/357/555 279/356/555 339/354/555
f 269/357/556 339/354/556 340/358/556
f 266/359/557 269/357/557 340/358/557
f 266/359/558 340/358/558 341/360/558
f 341/360/559 264/361/559 266/359/559
f 341/360/560 342/362/560 264/361/560
f 264/361/561 342/362/561 343/363/561
f 264/361/562 343/363/562 262/364/562
f 344/365/563 262/364/563 343/363/563
f 343/363/564 345/366/564 344/365/564
f 345/366/565 346/367/565 344/365/565
f 346/367/566 260/368/566 344/365/566
f 346/367/567 259/369/567 260/368/567
f 346/367/568 257/370/568 259/369/568
f 346/367/569 347/371/569 257/370/569
f 258/372/570 257/370/570 347/371/570
f 258/372/571 347/371/571 348/373/571
f 349/374/572 258/372/572 348/373/572
f 350/375/573 349/374/573 348/373/573
f 350/375/574 348/373/574 351/376/574
f 352/377/575 350/375/575 351/376/575
f 352/377/576 351/376/576 353/378/576
f 354/379/577 352/377/577 353/378/577
f 354/379/578 353/378/578 355/380/578
f 356/381/579 354/379/579 355/380/579
f 356/381/580 355/380/580 357/382/580
f 357/382/581 358/383/581 356/381/581
f 358/383/582 359/384/582 356/381/582
f 356/381/583 359/384/583 360/385/583
f 358/383/584 361/386/584 359/384/584
f 361/386/585 358/383/585 362/387/585
f 361/386/586 362/387/586 363/388/586
f 363/388/587 362/387/587 364/389/587
f 363/388/588 364/389/588 365/390/588
f 365/390/589 364/389/589 366/391/589
f 365/390/590 366/391/590 367/392/590
f 367/392/591 366/391/591 368/393/591
f 367/392/592 368/393/592 369/394/592
f 369/394/593 368/393/593 370/395/593
f 369/394/594 370/395/594 371/396/594
f 371/396/595 370/395/595 372/397/595
f 371/396/596 372/397/596 373/398/596
f 373/398/597 372/397/597 374/399/597
f 373/398/598 374/399/598 375/400/598
f 375/400/599 374/399/599 376/401/599
f 375/400/600 376/401/600 377/402/600
f 374/399/601 378/403/601 376/401/601
f 374/399/602 379/404/602 378/403/602
f 379/404/603 380/405/603 378/403/603
f 379/404/604 381/406/604 380/405/604
f 381/406/605 382/407/605 380/405/605
f 381/406/605 383/408/605 382/407/605
f 383/408/606 384/409/606 382/407/606
f 383/408/607 385/410/607 384/409/607
f 385/410/608 386/411/608 384/409/608
f 385/410/609 387/412/609 386/411/609
f 387/412/610 388/413/610 386/411/610
f 387/412/611 389/414/611 388/413/611
f 389/414/612 390/415/612 388/413/612
f 389/414/613 391/416/613 390/415/613
f 391/416/614 392/417/614 390/415/614
f 391/416/615 393/418/615 392/417/615
f 393/418/616 394/419/616 392/417/616
f 393/418/617 395/420/617 394/419/617
f 395/420/618 396/421/618 394/419/618
f 395/420/619 397/422/619 396/421/619
f 397/422/620 398/423/620 396/421/620
f 399/424/620 396/421/620 398/423/620
f 397/422/620 400/425/620 398/423/620
f 400/425/620 397/422/620 401/426/620
f 402/427/621 401/426/621 397/422/621
f 403/428/622 402/427/622 397/422/622
f 404/429/623 402/427/623 403/428/623
f 405/430/624 404/429/624 403/428/624
f 405/430/625 403/428/625 406/431/625
f 407/432/626 405/430/626 406/431/626
f 407/432/627 406/431/627 408/433/627
f 409/434/628 407/432/628 408/433/628
f 409/434/629 408/433/629 410/435/629
f 411/436/630 409/434/630 410/435/630
f 411/436/631 410/435/631 412/437/631
f 413/438/632 411/436/632 412/437/632
f 413/438/633 412/437/633 414/439/633
f 415/440/634 413/438/634 414/439/634
f 415/440/635 414/439/635 416/441/635
f 417/442/636 415/440/636 416/441/636
f 417/442/637 416/441/637 418/443/637
f 419/444/638 417/442/638 418/443/638
f 419/444/639 418/443/639 420/445/639
f 370/395/640 419/444/640 420/445/640
f 420/445/641 418/443/641 381/406/641
f 421/446/642 417/442/642 419/444/642
f 368/393/643 421/446/643 419/444/643
f 421/446/644 422/447/644 417/442/644
f 423/448/645 422/447/645 421/446/645
f 366/391/646 423/448/646 421/446/646
f 423/448/647 424/449/647 422/447/647
f 424/449/648 425/450/648 422/447/648
f 422/447/649 425/450/649 415/440/649
f 424/449/650 426/451/650 425/450/650
f 426/451/651 427/452/651 425/450/651
f 425/450/652 427/452/652 413/438/652
f 426/451/653 428/453/653 427/452/653
f 428/453/654 429/454/654 427/452/654
f 427/452/655 429/454/655 411/436/655
f 428/453/656 430/455/656 429/454/656
f 430/455/657 431/456/657 429/454/657
f 429/454/658 431/456/658 409/434/658
f 430/455/659 432/457/659 431/456/659
f 432/457/660 433/458/660 431/456/660
f 431/456/661 433/458/661 407/432/661
f 432/457/662 434/459/662 433/458/662
f 434/459/663 435/460/663 433/458/663
f 433/458/664 435/460/664 405/430/664
f 434/459/665 436/461/665 435/460/665
f 436/461/666 437/462/666 435/460/666
f 435/460/667 437/462/667 404/429/667
f 437/462/668 438/463/668 404/429/668
f 437/462/669 439/464/669 438/463/669
f 439/464/670 440/465/670 438/463/670
f 441/466/620 438/463/620 440/465/620
f 438/463/671 441/466/671 442/467/671
f 438/463/672 442/467/672 402/427/672
f 443/468/673 402/427/673 442/467/673
f 439/464/674 444/469/674 440/465/674
f 444/469/675 439/464/675 445/470/675
f 446/471/675 445/470/675 439/464/675
f 447/472/676 446/471/676 439/464/676
f 448/473/677 446/471/677 447/472/677
f 449/474/678 448/473/678 447/472/678
f 449/474/679 447/472/679 436/461/679
f 450/475/680 449/474/680 436/461/680
f 451/476/681 449/474/681 450/475/681
f 452/477/682 451/476/682 450/475/682
f 452/477/683 450/475/683 453/478/683
f 454/479/684 452/477/684 453/478/684
f 454/479/685 453/478/685 455/480/685
f 456/481/686 454/479/686 455/480/686
f 456/481/687 455/480/687 457/482/687
f 458/483/688 456/481/688 457/482/688
f 458/483/689 457/482/689 459/484/689
f 460/485/690 458/483/690 459/484/690
f 460/485/691 459/484/691 461/486/691
f 462/487/692 460/485/692 461/486/692
f 462/487/693 461/486/693 463/488/693
f 362/387/694 462/487/694 463/488/694
f 464/489/695 462/487/695 362/387/695
f 463/488/696 461/486/696 424/449/696
f 460/485/697 462/487/697 464/489/697
f 460/485/698 464/489/698 465/490/698
f 464/489/699 466/491/699 465/490/699
f 467/492/700 465/490/700 466/491/700
f 467/492/701 466/491/701 468/493/701
f 469/494/702 467/492/702 468/493/702
f 469/494/703 468/493/703 470/495/703
f 469/494/704 470/495/704 471/496/704
f 472/497/705 469/494/705 471/496/705
f 472/497/706 471/496/706 473/498/706
f 472/497/707 473/498/707 474/499/707
f 472/497/708 474/499/708 475/500/708
f 472/497/709 475/500/709 476/501/709
f 476/501/710 477/502/710 472/497/710
f 476/501/711 478/503/711 477/502/711
f 479/504/712 477/502/712 478/503/712
f 479/504/713 478/503/713 480/505/713
f 452/477/714 479/504/714 480/505/714
f 452/477/715 480/505/715 481/506/715
f 482/507/716 481/506/716 480/505/716
f 483/508/717 481/506/717 482/507/717
f 483/508/718 482/507/718 484/509/718
f 483/508/719 484/509/719 485/510/719
f 483/508/720 485/510/720 486/511/720
f 486/511/721 487/512/721 483/508/721
f 486/511/722 488/513/722 487/512/722
f 487/512/723 488/513/723 448/473/723
f 488/513/724 489/514/724 448/473/724
f 488/513/725 490/515/725 489/514/725
f 490/515/726 491/516/726 489/514/726
f 492/517/726 489/514/726 491/516/726
f 489/514/727 492/517/727 493/518/727
f 489/514/728 493/518/728 446/471/728
f 494/519/675 446/471/675 493/518/675
f 490/515/726 495/520/726 491/516/726
f 495/520/729 490/515/729 315/330/729
f 488/513/730 316/331/730 490/515/730
f 488/513/731 486/511/731 316/331/731
f 485/510/732 316/331/732 486/511/732
f 485/510/733 324/339/733 316/331/733
f 496/521/734 324/339/734 485/510/734
f 497/522/735 496/521/735 485/510/735
f 496/521/736 497/522/736 498/523/736
f 496/521/737 498/523/737 499/524/737
f 325/340/738 496/521/738 499/524/738
f 500/525/739 499/524/739 498/523/739
f 498/523/740 501/526/740 500/525/740
f 501/526/741 340/358/741 500/525/741
f 498/523/742 502/527/742 501/526/742
f 501/526/743 502/527/743 475/500/743
f 501/526/744 475/500/744 503/528/744
f 503/528/745 341/360/745 501/526/745
f 500/525/746 338/353/746 499/524/746
f 326/341/747 499/524/747 338/353/747
f 497/522/748 502/527/748 498/523/748
f 497/522/749 504/529/749 502/527/749
f 502/527/750 504/529/750 476/501/750
f 484/509/751 504/529/751 497/522/751
f 497/522/752 485/510/752 484/509/752
f 484/509/753 482/507/753 504/529/753
f 504/529/754 482/507/754 478/503/754
f 487/512/755 481/506/755 483/508/755
f 487/512/756 451/476/756 481/506/756
f 482/507/757 480/505/757 478/503/757
f 469/494/758 477/502/758 479/504/758
f 469/494/759 479/504/759 505/530/759
f 456/481/760 505/530/760 479/504/760
f 504/529/761 478/503/761 476/501/761
f 502/527/762 476/501/762 475/500/762
f 474/499/763 503/528/763 475/500/763
f 474/499/764 506/531/764 503/528/764
f 506/531/765 342/362/765 503/528/765
f 474/499/766 345/366/766 506/531/766
f 474/499/767 473/498/767 345/366/767
f 473/498/768 507/532/768 345/366/768
f 473/498/769 508/533/769 507/532/769
f 509/534/770 507/532/770 508/533/770
f 510/535/771 509/534/771 508/533/771
f 510/535/772 508/533/772 470/495/772
f 466/491/773 510/535/773 470/495/773
f 357/382/774 510/535/774 466/491/774
f 509/534/775 510/535/775 355/380/775
f 509/534/776 511/536/776 507/532/776
f 507/532/777 511/536/777 347/371/777
f 351/376/778 347/371/778 511/536/778
f 353/378/779 511/536/779 509/534/779
f 470/495/780 508/533/780 473/498/780
f 472/497/781 477/502/781 469/494/781
f 470/495/782 473/498/782 471/496/782
f 469/494/783 505/530/783 467/492/783
f 458/483/784 467/492/784 505/530/784
f 466/491/785 470/495/785 468/493/785
f 465/490/786 467/492/786 458/483/786
f 464/489/787 357/382/787 466/491/787
f 461/486/788 459/484/788 426/451/788
f 465/490/789 458/483/789 460/485/789
f 459/484/790 457/482/790 428/453/790
f 458/483/791 505/530/791 456/481/791
f 457/482/792 455/480/792 430/455/792
f 456/481/793 479/504/793 454/479/793
f 455/480/794 453/478/794 432/457/794
f 452/477/795 454/479/795 479/504/795
f 453/478/796 450/475/796 434/459/796
f 452/477/797 481/506/797 451/476/797
f 451/476/798 487/512/798 449/474/798
f 487/512/799 448/473/799 449/474/799
f 448/473/800 489/514/800 446/471/800
f 446/471/675 494/519/675 445/470/675
f 447/472/801 439/464/801 437/462/801
f 436/461/802 447/472/802 437/462/802
f 450/475/803 436/461/803 434/459/803
f 453/478/804 434/459/804 432/457/804
f 455/480/805 432/457/805 430/455/805
f 457/482/806 430/455/806 428/453/806
f 459/484/807 428/453/807 426/451/807
f 461/486/808 426/451/808 424/449/808
f 463/488/809 424/449/809 423/448/809
f 364/389/810 463/488/810 423/448/810
f 418/443/811 416/441/811 383/408/811
f 422/447/812 415/440/812 417/442/812
f 416/441/813 414/439/813 385/410/813
f 425/450/814 413/438/814 415/440/814
f 414/439/815 412/437/815 387/412/815
f 427/452/816 411/436/816 413/438/816
f 412/437/817 410/435/817 389/414/817
f 429/454/818 409/434/818 411/436/818
f 410/435/819 408/433/819 391/416/819
f 431/456/820 407/432/820 409/434/820
f 408/433/821 406/431/821 393/418/821
f 433/458/822 405/430/822 407/432/822
f 406/431/823 403/428/823 395/420/823
f 435/460/824 404/429/824 405/430/824
f 404/429/825 438/463/825 402/427/825
f 402/427/826 443/468/826 401/426/826
f 403/428/827 397/422/827 395/420/827
f 406/431/828 395/420/828 393/418/828
f 408/433/829 393/418/829 391/416/829
f 410/435/830 391/416/830 389/414/830
f 412/437/831 389/414/831 387/412/831
f 414/439/832 387/412/832 385/410/832
f 416/441/833 385/410/833 383/408/833
f 418/443/834 383/408/834 381/406/834
f 420/445/835 381/406/835 379/404/835
f 372/397/836 420/445/836 379/404/836
f 372/397/837 379/404/837 374/399/837
f 370/395/838 420/445/838 372/397/838
f 368/393/839 419/444/839 370/395/839
f 366/391/840 421/446/840 368/393/840
f 364/389/841 423/448/841 366/391/841
f 362/387/842 463/488/842 364/389/842
f 464/489/843 362/387/843 358/383/843
f 357/382/844 464/489/844 358/383/844
f 357/382/845 355/380/845 510/535/845
f 356/381/846 360/385/846 354/379/846
f 509/534/847 355/380/847 353/378/847
f 352/377/848 354/379/848 360/385/848
f 352/377/849 360/385/849 512/537/849
f 353/378/850 351/376/850 511/536/850
f 512/537/851 350/375/851 352/377/851
f 512/537/852 513/538/852 350/375/852
f 514/539/853 350/375/853 513/538/853
f 514/539/854 349/374/854 350/375/854
f 248/540/855 349/374/855 514/539/855
f 248/540/856 249/541/856 349/374/856
f 349/374/857 249/541/857 258/372/857
f 351/376/858 348/373/858 347/371/858
f 507/532/859 347/371/859 346/367/859
f 345/366/860 507/532/860 346/367/860
f 343/363/861 506/531/861 345/366/861
f 344/365/862 260/368/862 262/364/862
f 506/531/863 343/363/863 342/362/863
f 503/528/864 342/362/864 341/360/864
f 501/526/865 341/360/865 340/358/865
f 500/525/866 340/358/866 339/354/866
f 336/351/867 280/355/867 282/542/867
f 500/525/868 339/354/868 338/353/868
f 326/341/869 338/353/869 337/352/869
f 336/351/870 282/542/870 335/350/870
f 282/542/871 515/543/871 335/350/871
f 335/350/872 515/543/872 516/544/872
f 515/543/873 282/542/873 284/545/873
f 334/349/874 335/350/874 516/544/874
f 337/352/875 332/347/875 327/342/875
f 337/352/876 327/342/876 326/341/876
f 325/340/877 499/524/877 326/341/877
f 496/521/878 325/340/878 324/339/878
f 322/337/879 323/338/879 329/344/879
f 316/331/880 324/339/880 318/333/880
f 316/331/881 315/330/881 490/515/881
f 512/546/882 517/547/882 518/548/882
f 512/546/883 518/548/883 513/549/883
f 513/549/884 518/548/884 519/550/884
f 513/549/885 519/550/885 514/551/885
f 519/550/886 248/552/886 514/551/886
f 519/550/887 520/553/887 248/552/887
f 521/554/888 520/553/888 519/550/888
f 522/555/889 521/554/889 519/550/889
f 521/554/890 522/555/890 523/556/890
f 521/554/891 523/556/891 524/557/891
f 521/554/892 524/557/892 525/558/892
f 521/554/893 525/558/893 526/559/893
f 525/558/894 524/557/894 527/560/894
f 525/558/895 527/560/895 528/561/895
f 529/562/896 528/561/896 527/560/896
f 530/563/897 529/562/897 527/560/897
f 530/563/898 531/564/898 529/562/898
f 532/565/899 529/562/899 531/564/899
f 532/565/900 531/564/900 533/566/900
f 534/567/901 533/566/901 531/564/901
f 534/567/902 531/564/902 535/568/902
f 536/569/903 534/567/903 535/568/903
f 536/569/904 535/568/904 537/570/904
f 537/570/905 538/571/905 536/569/905
f 537/570/906 539/572/906 538/571/906
f 540/573/907 538/571/907 539/572/907
f 540/573/908 539/572/908 541/574/908
f 542/575/909 540/573/909 541/574/909
f 543/576/910 542/575/910 541/574/910
f 543/576/911 544/577/911 542/575/911
f 542/575/912 544/577/912 545/578/912
f 542/575/913 545/578/913 546/579/913
f 547/580/914 542/575/914 546/579/914
f 547/580/915 546/579/915 548/581/915
f 548/581/916 546/579/916 549/582/916
f 548/581/917 549/582/917 550/583/917
f 550/583/918 549/582/918 551/584/918
f 550/583/919 551/584/919 552/585/919
f 552/585/920 551/584/920 553/586/920
f 552/585/921 553/586/921 554/587/921
f 554/587/922 553/586/922 555/588/922
f 554/587/923 555/588/923 556/589/923
f 556/589/924 555/588/924 557/590/924
f 556/589/925 557/590/925 558/591/925
f 558/591/926 557/590/926 559/592/926
f 558/591/927 559/592/927 560/593/927
f 557/590/928 561/594/928 559/592/928
f 557/590/929 562/595/929 561/594/929
f 562/595/930 563/596/930 561/594/930
f 562/595/931 564/597/931 563/596/931
f 564/597/932 565/598/932 563/596/932
f 564/597/933 566/599/933 565/598/933
f 566/599/934 567/600/934 565/598/934
f 566/599/935 568/601/935 567/600/935
f 568/601/936 377/602/936 567/600/936
f 568/601/937 375/603/937 377/602/937
f 569/604/938 375/603/938 568/601/938
f 570/605/939 569/604/939 568/601/939
f 571/606/940 569/604/940 570/605/940
f 572/607/941 571/606/941 570/605/941
f 572/607/942 570/605/942 573/608/942
f 574/609/943 572/607/943 573/608/943
f 574/609/944 573/608/944 575/610/944
f 553/586/945 574/609/945 575/610/945
f 575/610/946 573/608/946 564/597/946
f 576/611/947 572/607/947 574/609/947
f 551/584/948 576/611/948 574/609/948
f 576/611/949 577/612/949 572/607/949
f 578/613/950 577/612/950 576/611/950
f 549/582/951 578/613/951 576/611/951
f 578/613/952 579/614/952 577/612/952
f 579/614/953 580/615/953 577/612/953
f 577/612/954 580/615/954 571/606/954
f 580/615/955 581/616/955 571/606/955
f 580/615/956 582/617/956 581/616/956
f 582/617/957 371/618/957 581/616/957
f 581/616/958 371/618/958 373/619/958
f 581/616/959 373/619/959 569/604/959
f 582/617/960 369/620/960 371/618/960
f 583/621/961 369/620/961 582/617/961
f 584/622/962 583/621/962 582/617/962
f 585/623/963 583/621/963 584/622/963
f 586/624/964 585/623/964 584/622/964
f 586/624/965 584/622/965 579/614/965
f 545/578/966 586/624/966 579/614/966
f 587/625/967 585/623/967 586/624/967
f 544/577/968 587/625/968 586/624/968
f 587/625/969 588/626/969 585/623/969
f 588/626/970 589/627/970 585/623/970
f 588/626/971 590/628/971 589/627/971
f 590/628/972 365/629/972 589/627/972
f 589/627/973 365/629/973 367/630/973
f 589/627/974 367/630/974 583/621/974
f 590/628/975 363/631/975 365/629/975
f 363/631/976 590/628/976 591/632/976
f 363/631/977 591/632/977 361/633/977
f 592/634/978 361/633/978 591/632/978
f 591/632/979 593/635/979 592/634/979
f 594/636/980 592/634/980 593/635/980
f 594/636/981 593/635/981 595/637/981
f 595/637/982 517/547/982 594/636/982
f 595/637/983 596/638/983 517/547/983
f 517/547/984 596/638/984 522/555/984
f 597/639/985 522/555/985 596/638/985
f 595/637/985 597/639/985 596/638/985
f 595/637/986 598/640/986 597/639/986
f 599/641/987 597/639/987 598/640/987
f 598/640/988 600/642/988 599/641/988
f 539/572/989 599/641/989 600/642/989
f 543/576/990 539/572/990 600/642/990
f 543/576/991 600/642/991 601/643/991
f 543/576/992 601/643/992 602/644/992
f 587/625/993 543/576/993 602/644/993
f 603/645/994 587/625/994 602/644/994
f 603/645/995 602/644/995 601/643/995
f 603/645/996 601/643/996 593/635/996
f 598/640/997 593/635/997 601/643/997
f 598/640/998 601/643/998 600/642/998
f 599/641/999 604/646/999 597/639/999
f 604/646/1000 523/556/1000 597/639/1000
f 604/646/1001 530/563/1001 523/556/1001
f 535/568/1002 530/563/1002 604/646/1002
f 604/646/1003 599/641/1003 537/570/1003
f 598/640/1004 595/637/1004 593/635/1004
f 592/634/1005 594/636/1005 360/647/1005
f 592/634/1006 360/647/1006 359/648/1006
f 594/636/1007 512/546/1007 360/647/1007
f 591/632/1008 603/645/1008 593/635/1008
f 592/634/1009 359/648/1009 361/633/1009
f 603/645/1010 591/632/1010 590/628/1010
f 603/645/1011 590/628/1011 588/626/1011
f 603/645/1012 588/626/1012 587/625/1012
f 585/623/1013 589/627/1013 583/621/1013
f 583/621/1014 367/630/1014 369/620/1014
f 584/622/1015 582/617/1015 580/615/1015
f 579/614/1016 584/622/1016 580/615/1016
f 545/578/1017 579/614/1017 578/613/1017
f 573/608/1018 570/605/1018 566/599/1018
f 577/612/1019 571/606/1019 572/607/1019
f 571/606/1020 581/616/1020 569/604/1020
f 569/604/1021 373/619/1021 375/603/1021
f 570/605/1022 568/601/1022 566/599/1022
f 573/608/1023 566/599/1023 564/597/1023
f 575/610/1024 564/597/1024 562/595/1024
f 555/588/1025 575/610/1025 562/595/1025
f 555/588/1026 562/595/1026 557/590/1026
f 553/586/1027 575/610/1027 555/588/1027
f 551/584/1028 574/609/1028 553/586/1028
f 549/582/1029 576/611/1029 551/584/1029
f 546/579/1030 578/613/1030 549/582/1030
f 546/579/1031 545/578/1031 578/613/1031
f 544/577/1032 586/624/1032 545/578/1032
f 587/625/1033 544/577/1033 543/576/1033
f 542/575/1034 547/580/1034 540/573/1034
f 543/576/1035 541/574/1035 539/572/1035
f 539/572/1036 537/570/1036 599/641/1036
f 604/646/1037 537/570/1037 535/568/1037
f 529/562/1038 532/565/1038 605/649/1038
f 529/562/1039 605/649/1039 606/650/1039
f 535/568/1040 531/564/1040 530/563/1040
f 529/562/1041 606/650/1041 528/561/1041
f 524/557/1042 530/563/1042 527/560/1042
f 524/557/1043 523/556/1043 530/563/1043
f 597/639/1044 523/556/1044 522/555/1044
f 521/554/1045 526/559/1045 520/553/1045
f 522/555/1046 519/550/1046 518/548/1046
f 517/547/1047 522/555/1047 518/548/1047
f 594/636/1048 517/547/1048 512/546/1048
f 607/651/1049 608/652/1049 609/653/1049
f 607/651/1050 609/653/1050 610/654/1050
f 611/655/1051 607/651/1051 610/654/1051
f 611/655/1052 610/654/1052 612/656/1052
f 611/655/1053 612/656/1053 613/657/1053
f 611/655/1054 613/657/1054 614/658/1054
f 611/655/1055 614/658/1055 615/659/1055
f 611/655/1056 615/659/1056 616/660/1056
f 617/661/1057 611/655/1057 616/660/1057
f 618/662/1058 617/661/1058 616/660/1058
f 616/660/1059 619/663/1059 618/662/1059
f 620/664/1060 618/662/1060 619/663/1060
f 620/664/1061 619/663/1061 621/665/1061
f 622/666/1062 620/664/1062 621/665/1062
f 622/666/1063 623/667/1063 620/664/1063
f 624/668/1064 620/664/1064 623/667/1064
f 624/668/1065 623/667/1065 625/669/1065
f 626/670/1066 624/668/1066 625/669/1066
f 626/670/1067 625/669/1067 627/671/1067
f 627/671/1068 628/672/1068 626/670/1068
f 626/670/1069 628/672/1069 629/673/1069
f 626/670/1070 629/673/1070 630/674/1070
f 631/675/1071 630/674/1071 629/673/1071
f 631/675/1072 629/673/1072 632/676/1072
f 633/677/1073 631/675/1073 632/676/1073
f 634/678/1074 633/677/1074 632/676/1074
f 634/678/1075 632/676/1075 635/679/1075
f 82/680/1076 634/678/1076 635/679/1076
f 635/679/1077 79/681/1077 82/680/1077
f 635/679/1078 636/682/1078 79/681/1078
f 80/683/1079 79/681/1079 636/682/1079
f 628/672/1080 80/683/1080 636/682/1080
f 637/684/1081 80/683/1081 628/672/1081
f 637/684/1082 73/685/1082 80/683/1082
f 70/686/1083 73/685/1083 637/684/1083
f 70/686/1084 637/684/1084 627/671/1084
f 70/686/1085 627/671/1085 71/687/1085
f 627/671/1086 638/688/1086 71/687/1086
f 71/687/1087 638/688/1087 639/689/1087
f 71/687/1088 639/689/1088 66/690/1088
f 65/691/1089 66/690/1089 639/689/1089
f 639/689/1090 640/692/1090 65/691/1090
f 61/693/1091 65/691/1091 640/692/1091
f 641/694/1092 61/693/1092 640/692/1092
f 642/695/1093 641/694/1093 640/692/1093
f 642/695/1094 640/692/1094 643/696/1094
f 644/697/1095 642/695/1095 643/696/1095
f 644/697/1096 643/696/1096 645/698/1096
f 623/667/1097 644/697/1097 645/698/1097
f 638/688/1098 623/667/1098 645/698/1098
f 638/688/1099 645/698/1099 643/696/1099
f 642/695/1100 644/697/1100 646/699/1100
f 647/700/1101 646/699/1101 644/697/1101
f 622/666/1102 647/700/1102 644/697/1102
f 647/700/1103 648/701/1103 646/699/1103
f 646/699/1104 648/701/1104 649/702/1104
f 646/699/1105 649/702/1105 641/694/1105
f 649/702/1106 648/701/1106 650/703/1106
f 649/702/1107 650/703/1107 59/704/1107
f 59/704/1108 61/693/1108 649/702/1108
f 53/705/1109 59/704/1109 650/703/1109
f 53/705/1110 650/703/1110 651/706/1110
f 53/705/1111 651/706/1111 54/707/1111
f 651/706/1112 652/708/1112 54/707/1112
f 653/709/1113 54/707/1113 652/708/1113
f 653/709/1114 55/710/1114 54/707/1114
f 58/711/1115 55/710/1115 653/709/1115
f 651/706/1116 654/712/1116 652/708/1116
f 647/700/1117 654/712/1117 651/706/1117
f 648/701/1118 651/706/1118 650/703/1118
f 648/701/1119 647/700/1119 651/706/1119
f 642/695/1120 646/699/1120 641/694/1120
f 641/694/1121 649/702/1121 61/693/1121
f 639/689/1122 643/696/1122 640/692/1122
f 638/688/1123 643/696/1123 639/689/1123
f 82/680/1124 202/713/1124 634/678/1124
f 202/713/1125 655/714/1125 634/678/1125
f 656/715/1126 634/678/1126 655/714/1126
f 657/716/1127 656/715/1127 655/714/1127
f 655/714/1128 200/717/1128 657/716/1128
f 657/716/1129 200/717/1129 199/718/1129
f 657/716/1130 199/718/1130 658/719/1130
f 659/720/1131 657/716/1131 658/719/1131
f 659/720/1132 658/719/1132 660/721/1132
f 661/722/1133 659/720/1133 660/721/1133
f 661/722/1134 662/723/1134 659/720/1134
f 656/715/1135 659/720/1135 662/723/1135
f 656/715/1136 662/723/1136 609/653/1136
f 609/653/1137 662/723/1137 663/724/1137
f 664/725/1138 663/724/1138 662/723/1138
f 665/726/1139 663/724/1139 664/725/1139
f 665/726/1140 610/654/1140 663/724/1140
f 664/725/1141 662/723/1141 661/722/1141
f 655/714/1142 201/727/1142 200/717/1142
f 657/716/1143 659/720/1143 656/715/1143
f 202/713/1144 201/727/1144 655/714/1144
f 632/676/1145 636/682/1145 635/679/1145
f 656/715/1146 633/677/1146 634/678/1146
f 608/652/1147 633/677/1147 656/715/1147
f 633/677/1148 608/652/1148 631/675/1148
f 608/652/1149 617/661/1149 631/675/1149
f 632/676/1150 629/673/1150 636/682/1150
f 630/674/1151 631/675/1151 617/661/1151
f 630/674/1152 617/661/1152 666/728/1152
f 630/674/1153 666/728/1153 624/668/1153
f 618/662/1154 624/668/1154 666/728/1154
f 628/672/1155 636/682/1155 629/673/1155
f 627/671/1156 637/684/1156 628/672/1156
f 627/671/1157 625/669/1157 638/688/1157
f 630/674/1158 624/668/1158 626/670/1158
f 638/688/1159 625/669/1159 623/667/1159
f 623/667/1160 622/666/1160 644/697/1160
f 618/662/1161 620/664/1161 624/668/1161
f 618/662/1162 666/728/1162 617/661/1162
f 616/660/1163 615/659/1163 619/663/1163
f 612/656/1164 667/729/1164 613/657/1164
f 612/656/1165 665/726/1165 667/729/1165
f 665/726/1166 612/656/1166 610/654/1166
f 617/661/1167 607/651/1167 611/655/1167
f 609/653/1168 663/724/1168 610/654/1168
f 608/652/1169 656/715/1169 609/653/1169
f 608/652/1170 607/651/1170 617/661/1170
f 247/730/1171 668/731/1171 669/732/1171
f 247/730/1172 669/732/1172 244/733/1172
f 670/734/1173 244/733/1173 669/732/1173
f 671/735/1174 670/734/1174 669/732/1174
f 672/736/1175 671/735/1175 669/732/1175
f 673/737/1176 671/735/1176 672/736/1176
f 673/737/1177 672/736/1177 674/738/1177
f 674/738/1178 675/739/1178 673/737/1178
f 673/737/1179 675/739/1179 676/740/1179
f 673/737/1180 676/740/1180 677/741/1180
f 677/741/1181 676/740/1181 678/742/1181
f 677/741/1182 678/742/1182 679/743/1182
f 679/743/1183 680/744/1183 677/741/1183
f 671/735/1184 677/741/1184 680/744/1184
f 679/743/1185 681/745/1185 680/744/1185
f 682/746/1186 680/744/1186 681/745/1186
f 682/746/1187 681/745/1187 660/747/1187
f 682/746/1188 660/747/1188 658/748/1188
f 682/746/1189 658/748/1189 199/749/1189
f 682/746/1190 199/749/1190 242/750/1190
f 243/751/1191 682/746/1191 242/750/1191
f 243/751/1192 670/734/1192 682/746/1192
f 682/746/1193 670/734/1193 680/744/1193
f 660/747/1194 681/745/1194 679/743/1194
f 660/747/1195 679/743/1195 661/752/1195
f 678/742/1196 661/752/1196 679/743/1196
f 678/742/1197 664/753/1197 661/752/1197
f 664/753/1198 678/742/1198 683/754/1198
f 664/753/1199 683/754/1199 684/755/1199
f 665/756/1200 664/753/1200 684/755/1200
f 685/757/1201 665/756/1201 684/755/1201
f 684/755/1202 686/758/1202 685/757/1202
f 685/757/1203 667/759/1203 665/756/1203
f 684/755/1204 683/754/1204 686/758/1204
f 686/758/1205 683/754/1205 687/760/1205
f 686/758/1206 687/760/1206 688/761/1206
f 688/761/1207 687/760/1207 689/762/1207
f 688/761/1208 689/762/1208 690/763/1208
f 690/763/1209 689/762/1209 691/764/1209
f 690/763/1210 691/764/1210 692/765/1210
f 691/764/1211 605/766/1211 692/765/1211
f 691/764/1212 606/767/1212 605/766/1212
f 606/767/1213 691/764/1213 693/768/1213
f 606/767/1214 693/768/1214 528/769/1214
f 674/738/1215 528/769/1215 693/768/1215
f 674/738/1216 525/770/1216 528/769/1216
f 691/764/1217 675/739/1217 693/768/1217
f 691/764/1218 689/762/1218 675/739/1218
f 675/739/1219 689/762/1219 687/760/1219
f 683/754/1220 676/740/1220 687/760/1220
f 683/754/1221 678/742/1221 676/740/1221
f 675/739/1222 687/760/1222 676/740/1222
f 674/738/1223 693/768/1223 675/739/1223
f 525/770/1224 674/738/1224 672/736/1224
f 525/770/1225 672/736/1225 526/771/1225
f 520/772/1226 526/771/1226 672/736/1226
f 520/772/1227 672/736/1227 668/731/1227
f 668/731/1228 248/773/1228 520/772/1228
f 671/735/1229 673/737/1229 677/741/1229
f 671/735/1230 680/744/1230 670/734/1230
f 670/734/1231 243/751/1231 244/733/1231
f 672/736/1232 669/732/1232 668/731/1232
f 668/731/1233 247/730/1233 248/773/1233
usemtl material_0.008
f 694/774/1234 695/775/1234 696/776/1234
f 695/775/1235 694/774/1235 697/777/1235
f 697/777/1236 698/778/1236 695/775/1236
f 698/778/1237 697/777/1237 699/779/1237
f 699/779/1238 697/777/1238 700/780/1238
f 700/780/1239 701/781/1239 699/779/1239
f 700/780/1240 702/782/1240 701/781/1240
f 702/782/1241 700/780/1241 703/783/1241
f 702/782/1242 703/783/1242 704/784/1242
f 703/783/1243 705/785/1243 704/784/1243
f 705/785/1244 703/783/1244 706/786/1244
f 706/786/1245 707/787/1245 705/785/1245
f 707/787/1246 706/786/1246 708/788/1246
f 708/788/1247 706/786/1247 709/789/1247
f 709/789/1248 710/790/1248 708/788/1248
f 709/789/1249 711/791/1249 710/790/1249
f 711/791/1250 709/789/1250 712/792/1250
f 712/792/1251 713/793/1251 711/791/1251
f 712/792/1252 714/794/1252 713/793/1252
f 714/794/1253 712/792/1253 715/795/1253
f 714/794/1254 715/795/1254 716/796/1254
f 715/795/1255 717/797/1255 716/796/1255
f 717/797/1256 715/795/1256 718/798/1256
f 717/797/1257 718/798/1257 719/799/1257
f 720/800/1258 718/798/1258 715/795/1258
f 715/795/1259 721/801/1259 720/800/1259
f 720/800/1260 721/801/1260 722/802/1260
f 722/802/1261 723/803/1261 720/800/1261
f 724/804/1262 723/803/1262 722/802/1262
f 722/802/1263 725/805/1263 724/804/1263
f 726/806/1264 725/805/1264 722/802/1264
f 727/807/1265 726/806/1265 722/802/1265
f 728/808/1266 726/806/1266 727/807/1266
f 729/809/1267 728/808/1267 727/807/1267
f 721/801/1268 729/809/1268 727/807/1268
f 730/810/1269 729/809/1269 721/801/1269
f 730/810/1270 721/801/1270 709/789/1270
f 709/789/1271 731/811/1271 730/810/1271
f 730/810/1272 731/811/1272 729/809/1272
f 729/809/1273 731/811/1273 732/812/1273
f 732/812/1274 733/813/1274 729/809/1274
f 734/814/1275 733/813/1275 732/812/1275
f 732/812/1276 735/815/1276 734/814/1276
f 735/815/1277 736/816/1277 734/814/1277
f 737/817/1278 734/814/1278 736/816/1278
f 736/816/1279 738/818/1279 737/817/1279
f 737/817/1280 738/818/1280 739/819/1280
f 739/819/1281 740/820/1281 737/817/1281
f 740/820/1282 733/813/1282 737/817/1282
f 728/808/1283 733/813/1283 740/820/1283
f 741/821/1284 728/808/1284 740/820/1284
f 741/821/1285 740/820/1285 742/822/1285
f 743/823/1286 741/821/1286 742/822/1286
f 744/824/1287 743/823/1287 742/822/1287
f 742/822/1288 745/825/1288 744/824/1288
f 744/824/1289 745/825/1289 746/826/1289
f 746/826/1290 747/827/1290 744/824/1290
f 744/824/1291 747/827/1291 748/828/1291
f 749/829/1292 744/824/1292 748/828/1292
f 749/829/1293 748/828/1293 750/830/1293
f 751/831/1294 749/829/1294 750/830/1294
f 752/832/1295 751/831/1295 750/830/1295
f 750/830/1296 753/833/1296 752/832/1296
f 752/832/1297 753/833/1297 754/834/1297
f 755/835/1298 752/832/1298 754/834/1298
f 754/834/1299 756/836/1299 755/835/1299
f 757/837/1300 755/835/1300 756/836/1300
f 756/836/1301 758/838/1301 757/837/1301
f 758/838/1302 759/839/1302 757/837/1302
f 757/837/1303 759/839/1303 760/840/1303
f 760/840/1304 759/839/1304 761/841/1304
f 760/840/1305 761/841/1305 762/842/1305
f 763/843/1306 760/840/1306 762/842/1306
f 762/842/1307 764/844/1307 763/843/1307
f 763/843/1308 764/844/1308 765/845/1308
f 766/846/1309 763/843/1309 765/845/1309
f 765/845/1310 767/847/1310 766/846/1310
f 766/846/1311 767/847/1311 768/848/1311
f 769/849/1312 766/846/1312 768/848/1312
f 770/850/1313 769/849/1313 768/848/1313
f 770/850/1314 768/848/1314 771/851/1314
f 772/852/1315 770/850/1315 771/851/1315
f 771/851/1316 773/853/1316 772/852/1316
f 774/854/1317 773/853/1317 771/851/1317
f 767/847/1318 774/854/1318 771/851/1318
f 775/855/1319 774/854/1319 767/847/1319
f 774/854/1320 775/855/1320 776/856/1320
f 776/856/1321 777/857/1321 774/854/1321
f 776/856/1322 775/855/1322 778/858/1322
f 775/855/1323 764/844/1323 778/858/1323
f 778/858/1324 764/844/1324 779/859/1324
f 779/859/1325 764/844/1325 780/860/1325
f 774/854/1326 777/857/1326 773/853/1326
f 781/861/1327 769/849/1327 770/850/1327
f 781/861/1328 782/862/1328 769/849/1328
f 769/849/1329 782/862/1329 783/863/1329
f 784/864/1330 769/849/1330 783/863/1330
f 783/863/1331 785/865/1331 784/864/1331
f 786/866/1332 784/864/1332 785/865/1332
f 786/866/1333 785/865/1333 743/823/1333
f 743/823/1334 785/865/1334 787/867/1334
f 787/867/1335 788/868/1335 743/823/1335
f 789/869/1336 788/868/1336 787/867/1336
f 789/869/1337 725/805/1337 788/868/1337
f 787/867/1338 785/865/1338 790/870/1338
f 790/870/1339 785/865/1339 791/871/1339
f 749/829/1340 784/864/1340 786/866/1340
f 791/871/1341 785/865/1341 783/863/1341
f 751/831/1342 769/849/1342 784/864/1342
f 783/863/1343 782/862/1343 791/871/1343
f 751/831/1344 766/846/1344 769/849/1344
f 771/851/1345 768/848/1345 767/847/1345
f 765/845/1346 775/855/1346 767/847/1346
f 752/832/1347 763/843/1347 766/846/1347
f 764/844/1348 775/855/1348 765/845/1348
f 780/860/1349 764/844/1349 762/842/1349
f 755/835/1350 760/840/1350 763/843/1350
f 762/842/1351 761/841/1351 780/860/1351
f 759/839/1352 792/872/1352 761/841/1352
f 792/872/1353 759/839/1353 793/873/1353
f 793/873/1354 759/839/1354 794/874/1354
f 794/874/1355 795/875/1355 793/873/1355
f 795/875/1356 796/876/1356 793/873/1356
f 795/875/1357 797/877/1357 796/876/1357
f 796/876/1358 797/877/1358 798/878/1358
f 796/876/1359 798/878/1359 799/879/1359
f 799/879/1360 798/878/1360 800/880/1360
f 800/880/1361 798/878/1361 801/881/1361
f 801/881/1362 802/882/1362 800/880/1362
f 801/881/1363 803/883/1363 802/882/1363
f 803/883/1364 804/884/1364 802/882/1364
f 804/884/1365 803/883/1365 805/885/1365
f 805/885/1366 806/886/1366 804/884/1366
f 805/885/1367 807/887/1367 806/886/1367
f 807/887/1368 808/888/1368 806/886/1368
f 807/887/1369 809/889/1369 808/888/1369
f 809/889/1370 810/890/1370 808/888/1370
f 811/891/1371 810/890/1371 809/889/1371
f 811/891/1372 809/889/1372 812/892/1372
f 812/892/1373 813/893/1373 811/891/1373
f 812/892/1374 809/889/1374 814/894/1374
f 815/895/1375 814/894/1375 809/889/1375
f 815/895/1376 809/889/1376 807/887/1376
f 816/896/1377 815/895/1377 807/887/1377
f 817/897/1378 815/895/1378 816/896/1378
f 816/896/1379 818/898/1379 817/897/1379
f 819/899/1380 818/898/1380 816/896/1380
f 816/896/1381 805/885/1381 819/899/1381
f 819/899/1382 805/885/1382 820/900/1382
f 819/899/1383 820/900/1383 821/901/1383
f 821/901/1384 820/900/1384 822/902/1384
f 822/902/1385 823/903/1385 821/901/1385
f 821/901/1386 823/903/1386 824/904/1386
f 824/904/1387 825/905/1387 821/901/1387
f 825/905/1388 818/898/1388 821/901/1388
f 826/906/1389 825/905/1389 824/904/1389
f 827/907/1390 823/903/1390 822/902/1390
f 828/908/1391 823/903/1391 827/907/1391
f 827/907/1392 829/909/1392 828/908/1392
f 829/909/1393 830/910/1393 828/908/1393
f 828/908/1394 830/910/1394 831/911/1394
f 830/910/1395 832/912/1395 831/911/1395
f 831/911/1396 832/912/1396 833/913/1396
f 834/914/1397 831/911/1397 833/913/1397
f 833/913/1398 835/915/1398 834/914/1398
f 835/915/1399 836/916/1399 834/914/1399
f 834/914/1400 836/916/1400 837/917/1400
f 838/918/1400 834/914/1400 837/917/1400
f 839/919/1401 836/916/1401 835/915/1401
f 836/916/1402 839/919/1402 840/920/1402
f 841/921/1402 840/920/1402 839/919/1402
f 839/919/1403 842/922/1403 841/921/1403
f 843/923/1404 841/921/1404 842/922/1404
f 842/922/1405 844/924/1405 843/923/1405
f 845/925/1406 843/923/1406 844/924/1406
f 846/926/1407 845/925/1407 844/924/1407
f 844/924/1408 847/927/1408 846/926/1408
f 846/926/1409 847/927/1409 848/928/1409
f 846/926/1410 848/928/1410 849/929/1410
f 850/930/1411 846/926/1411 849/929/1411
f 851/931/1412 850/930/1412 849/929/1412
f 849/929/1413 852/932/1413 851/931/1413
f 851/931/1414 852/932/1414 758/838/1414
f 853/933/1415 758/838/1415 852/932/1415
f 852/932/1416 854/934/1416 853/933/1416
f 854/934/1417 797/877/1417 853/933/1417
f 832/912/1418 797/877/1418 854/934/1418
f 848/928/1419 832/912/1419 854/934/1419
f 848/928/1420 854/934/1420 852/932/1420
f 794/874/1421 758/838/1421 853/933/1421
f 855/935/1422 850/930/1422 851/931/1422
f 851/931/1423 756/836/1423 855/935/1423
f 855/935/1424 756/836/1424 856/936/1424
f 857/937/1425 855/935/1425 856/936/1425
f 856/936/1426 754/834/1426 857/937/1426
f 858/938/1427 855/935/1427 857/937/1427
f 857/937/1428 859/939/1428 858/938/1428
f 860/940/1429 858/938/1429 859/939/1429
f 861/941/1430 860/940/1430 859/939/1430
f 859/939/1431 747/827/1431 861/941/1431
f 862/942/1432 860/940/1432 861/941/1432
f 862/942/1433 861/941/1433 738/818/1433
f 862/942/1434 738/818/1434 863/943/1434
f 863/943/1435 738/818/1435 864/944/1435
f 864/944/1436 865/945/1436 863/943/1436
f 863/943/1437 865/945/1437 866/946/1437
f 867/947/1438 863/943/1438 866/946/1438
f 866/946/1439 868/948/1439 867/947/1439
f 867/947/1440 868/948/1440 869/949/1440
f 870/950/1441 867/947/1441 869/949/1441
f 870/950/1442 869/949/1442 871/951/1442
f 871/951/1443 850/930/1443 870/950/1443
f 870/950/1444 850/930/1444 872/952/1444
f 860/940/1445 870/950/1445 872/952/1445
f 873/953/1446 870/950/1446 860/940/1446
f 873/953/1447 860/940/1447 863/943/1447
f 850/930/1448 858/938/1448 872/952/1448
f 871/951/1449 869/949/1449 845/925/1449
f 874/954/1450 845/925/1450 869/949/1450
f 875/955/1451 845/925/1451 874/954/1451
f 874/954/1452 876/956/1452 875/955/1452
f 876/956/1453 843/923/1453 875/955/1453
f 877/957/1454 843/923/1454 876/956/1454
f 878/958/1455 876/956/1455 874/954/1455
f 878/958/1456 874/954/1456 879/959/1456
f 879/959/1457 874/954/1457 868/948/1457
f 879/959/1458 868/948/1458 880/960/1458
f 880/960/1459 868/948/1459 881/961/1459
f 882/962/1460 880/960/1460 881/961/1460
f 882/962/1461 881/961/1461 865/945/1461
f 865/945/1462 883/963/1462 882/962/1462
f 884/964/1463 882/962/1463 883/963/1463
f 885/965/1464 884/964/1464 883/963/1464
f 885/965/1465 883/963/1465 886/966/1465
f 887/967/1466 885/965/1466 886/966/1466
f 886/966/1467 735/815/1467 887/967/1467
f 887/967/1468 735/815/1468 888/968/1468
f 888/968/1469 889/969/1469 887/967/1469
f 889/969/1470 890/970/1470 887/967/1470
f 891/971/1471 890/970/1471 889/969/1471
f 700/780/1472 891/971/1472 889/969/1472
f 892/972/1473 700/780/1473 889/969/1473
f 891/971/1474 893/973/1474 890/970/1474
f 890/970/1475 893/973/1475 885/965/1475
f 885/965/1476 893/973/1476 894/974/1476
f 895/975/1477 893/973/1477 891/971/1477
f 891/971/1478 697/777/1478 895/975/1478
f 892/972/1479 889/969/1479 888/968/1479
f 888/968/1480 732/812/1480 892/972/1480
f 886/966/1481 896/976/1481 735/815/1481
f 735/815/1482 896/976/1482 897/977/1482
f 897/977/1483 896/976/1483 864/944/1483
f 897/977/1484 864/944/1484 736/816/1484
f 890/970/1485 885/965/1485 887/967/1485
f 886/966/1486 883/963/1486 896/976/1486
f 894/974/1487 884/964/1487 885/965/1487
f 898/978/1488 882/962/1488 884/964/1488
f 896/976/1489 883/963/1489 865/945/1489
f 898/978/1490 880/960/1490 882/962/1490
f 873/953/1491 867/947/1491 870/950/1491
f 869/949/1492 868/948/1492 874/954/1492
f 881/961/1493 868/948/1493 866/946/1493
f 873/953/1494 863/943/1494 867/947/1494
f 865/945/1495 881/961/1495 866/946/1495
f 864/944/1496 896/976/1496 865/945/1496
f 863/943/1497 860/940/1497 862/942/1497
f 872/952/1498 858/938/1498 860/940/1498
f 747/827/1499 859/939/1499 857/937/1499
f 857/937/1500 753/833/1500 747/827/1500
f 855/935/1501 858/938/1501 850/930/1501
f 871/951/1502 846/926/1502 850/930/1502
f 849/929/1503 848/928/1503 852/932/1503
f 847/927/1504 832/912/1504 848/928/1504
f 842/922/1505 832/912/1505 847/927/1505
f 871/951/1506 845/925/1506 846/926/1506
f 875/955/1507 843/923/1507 845/925/1507
f 847/927/1508 844/924/1508 842/922/1508
f 877/957/1509 841/921/1509 843/923/1509
f 833/913/1510 842/922/1510 839/919/1510
f 839/919/1511 835/915/1511 833/913/1511
f 834/914/1512 838/918/1512 831/911/1512
f 838/918/1513 823/903/1513 831/911/1513
f 833/913/1514 832/912/1514 842/922/1514
f 830/910/1515 797/877/1515 832/912/1515
f 830/910/1516 829/909/1516 797/877/1516
f 801/881/1517 829/909/1517 827/907/1517
f 831/911/1518 823/903/1518 828/908/1518
f 820/900/1519 827/907/1519 822/902/1519
f 803/883/1520 827/907/1520 820/900/1520
f 821/901/1521 818/898/1521 819/899/1521
f 816/896/1522 807/887/1522 805/885/1522
f 805/885/1523 803/883/1523 820/900/1523
f 827/907/1524 803/883/1524 801/881/1524
f 801/881/1525 798/878/1525 829/909/1525
f 797/877/1526 829/909/1526 798/878/1526
f 853/933/1527 797/877/1527 795/875/1527
f 853/933/1528 795/875/1528 794/874/1528
f 794/874/1529 759/839/1529 758/838/1529
f 851/931/1530 758/838/1530 756/836/1530
f 760/840/1531 755/835/1531 757/837/1531
f 856/936/1532 756/836/1532 754/834/1532
f 763/843/1533 752/832/1533 755/835/1533
f 857/937/1534 754/834/1534 753/833/1534
f 766/846/1535 751/831/1535 752/832/1535
f 784/864/1536 749/829/1536 751/831/1536
f 750/830/1537 748/828/1537 753/833/1537
f 786/866/1538 744/824/1538 749/829/1538
f 747/827/1539 753/833/1539 748/828/1539
f 861/941/1540 747/827/1540 746/826/1540
f 745/825/1541 861/941/1541 746/826/1541
f 739/819/1542 861/941/1542 745/825/1542
f 786/866/1543 743/823/1543 744/824/1543
f 788/868/1544 741/821/1544 743/823/1544
f 788/868/1545 726/806/1545 741/821/1545
f 742/822/1546 740/820/1546 745/825/1546
f 745/825/1547 740/820/1547 739/819/1547
f 738/818/1548 861/941/1548 739/819/1548
f 736/816/1549 864/944/1549 738/818/1549
f 897/977/1550 736/816/1550 735/815/1550
f 888/968/1551 735/815/1551 732/812/1551
f 733/813/1552 734/814/1552 737/817/1552
f 892/972/1553 732/812/1553 731/811/1553
f 706/786/1554 892/972/1554 731/811/1554
f 733/813/1555 728/808/1555 729/809/1555
f 726/806/1556 728/808/1556 741/821/1556
f 725/805/1557 726/806/1557 788/868/1557
f 722/802/1558 721/801/1558 727/807/1558
f 723/803/1559 718/798/1559 720/800/1559
f 712/792/1560 721/801/1560 715/795/1560
f 709/789/1561 721/801/1561 712/792/1561
f 706/786/1562 731/811/1562 709/789/1562
f 703/783/1563 892/972/1563 706/786/1563
f 703/783/1564 700/780/1564 892/972/1564
f 697/777/1565 891/971/1565 700/780/1565
f 895/975/1566 697/777/1566 694/774/1566
f 899/979/1567 900/980/1567 901/981/1567
f 900/980/1568 902/982/1568 901/981/1568
f 902/982/1569 900/980/1569 903/983/1569
f 903/983/1570 904/984/1570 902/982/1570
f 904/984/1571 903/983/1571 905/985/1571
f 905/985/1572 903/983/1572 906/986/1572
f 906/986/1573 907/987/1573 905/985/1573
f 906/986/1574 908/988/1574 907/987/1574
f 908/988/1575 906/986/1575 909/989/1575
f 908/988/1576 909/989/1576 910/990/1576
f 909/989/1577 911/991/1577 910/990/1577
f 911/991/1578 909/989/1578 912/992/1578
f 911/991/1579 912/992/1579 913/993/1579
f 913/993/1580 912/992/1580 914/994/1580
f 914/994/1581 912/992/1581 915/995/1581
f 915/995/1582 916/996/1582 914/994/1582
f 912/992/1583 917/997/1583 915/995/1583
f 918/998/1584 917/997/1584 912/992/1584
f 917/997/1585 918/998/1585 919/999/1585
f 919/999/1586 918/998/1586 920/1000/1586
f 919/999/1587 920/1000/1587 921/1001/1587
f 921/1001/1588 920/1000/1588 922/1002/1588
f 922/1002/1589 923/1003/1589 921/1001/1589
f 924/1004/1590 923/1003/1590 922/1002/1590
f 924/1004/1591 922/1002/1591 925/1005/1591
f 926/1006/1592 924/1004/1592 925/1005/1592
f 925/1005/1593 927/1007/1593 926/1006/1593
f 926/1006/1594 927/1007/1594 928/1008/1594
f 928/1008/1595 929/1009/1595 926/1006/1595
f 930/1010/1596 926/1006/1596 929/1009/1596
f 930/1010/1597 929/1009/1597 931/1011/1597
f 931/1011/1598 932/1012/1598 930/1010/1598
f 933/1013/1599 930/1010/1599 932/1012/1599
f 934/1014/1600 930/1010/1600 933/1013/1600
f 933/1013/1601 923/1003/1601 934/1014/1601
f 935/1015/1602 932/1012/1602 931/1011/1602
f 936/1016/1603 935/1015/1603 931/1011/1603
f 937/1017/1604 936/1016/1604 931/1011/1604
f 938/1018/1605 936/1016/1605 937/1017/1605
f 937/1017/1606 939/1019/1606 938/1018/1606
f 938/1018/1607 939/1019/1607 940/1020/1607
f 940/1020/1608 941/1021/1608 938/1018/1608
f 938/1018/1609 941/1021/1609 942/1022/1609
f 941/1021/1610 943/1023/1610 942/1022/1610
f 944/1024/1611 942/1022/1611 943/1023/1611
f 943/1023/1612 945/1025/1612 944/1024/1612
f 946/1026/1613 944/1024/1613 945/1025/1613
f 945/1025/1614 947/1027/1614 946/1026/1614
f 948/1028/1615 947/1027/1615 945/1025/1615
f 945/1025/1616 949/1029/1616 948/1028/1616
f 950/1030/1617 949/1029/1617 945/1025/1617
f 951/1031/1618 949/1029/1618 950/1030/1618
f 943/1023/1619 951/1031/1619 950/1030/1619
f 952/1032/1620 951/1031/1620 943/1023/1620
f 952/1032/1621 953/1033/1621 951/1031/1621
f 951/1031/1622 953/1033/1622 954/1034/1622
f 954/1034/1623 955/1035/1623 951/1031/1623
f 951/1031/1624 955/1035/1624 956/1036/1624
f 954/1034/1625 773/1037/1625 955/1035/1625
f 955/1035/1626 773/1037/1626 777/1038/1626
f 773/1037/1627 954/1034/1627 772/1039/1627
f 772/1039/1628 954/1034/1628 953/1033/1628
f 957/1040/1629 772/1039/1629 953/1033/1629
f 957/1040/1630 953/1033/1630 941/1021/1630
f 941/1021/1631 958/1041/1631 957/1040/1631
f 957/1040/1632 958/1041/1632 959/1042/1632
f 959/1042/1633 958/1041/1633 960/1043/1633
f 960/1043/1634 770/1044/1634 959/1042/1634
f 959/1042/1635 770/1044/1635 772/1039/1635
f 781/1045/1636 770/1044/1636 960/1043/1636
f 961/1046/1637 781/1045/1637 960/1043/1637
f 782/1047/1638 781/1045/1638 961/1046/1638
f 782/1047/1639 961/1046/1639 962/1048/1639
f 791/1049/1640 782/1047/1640 962/1048/1640
f 963/1050/1641 791/1049/1641 962/1048/1641
f 963/1050/1642 962/1048/1642 964/1051/1642
f 963/1050/1643 964/1051/1643 965/1052/1643
f 965/1052/1644 966/1053/1644 963/1050/1644
f 963/1050/1645 966/1053/1645 790/1054/1645
f 790/1054/1646 966/1053/1646 787/1055/1646
f 787/1055/1647 966/1053/1647 789/1056/1647
f 967/1057/1648 789/1056/1648 966/1053/1648
f 967/1057/1649 966/1053/1649 968/1058/1649
f 967/1057/1650 968/1058/1650 969/1059/1650
f 969/1059/1651 970/1060/1651 967/1057/1651
f 967/1057/1652 970/1060/1652 971/1061/1652
f 971/1061/1653 970/1060/1653 725/1062/1653
f 971/1061/1654 725/1062/1654 789/1056/1654
f 725/1062/1655 970/1060/1655 724/1063/1655
f 970/1060/1656 972/1064/1656 724/1063/1656
f 724/1063/1657 972/1064/1657 723/1065/1657
f 723/1065/1658 972/1064/1658 718/1066/1658
f 718/1066/1659 972/1064/1659 973/1067/1659
f 718/1066/1660 973/1067/1660 974/1068/1660
f 974/1068/1661 719/1069/1661 718/1066/1661
f 974/1068/1662 973/1067/1662 975/1070/1662
f 976/1071/1663 975/1070/1663 973/1067/1663
f 973/1067/1664 977/1072/1664 976/1071/1664
f 976/1071/1665 977/1072/1665 978/1073/1665
f 977/1072/1666 979/1074/1666 978/1073/1666
f 979/1074/1667 977/1072/1667 980/1075/1667
f 979/1074/1668 980/1075/1668 981/1076/1668
f 899/979/1669 981/1076/1669 980/1075/1669
f 977/1072/1670 982/1077/1670 980/1075/1670
f 980/1075/1671 982/1077/1671 983/1078/1671
f 983/1078/1672 900/980/1672 980/1075/1672
f 984/1079/1673 900/980/1673 983/1078/1673
f 983/1078/1674 985/1080/1674 984/1079/1674
f 986/1081/1675 984/1079/1675 985/1080/1675
f 987/1082/1676 986/1081/1676 985/1080/1676
f 985/1080/1677 988/1083/1677 987/1082/1677
f 987/1082/1678 988/1083/1678 968/1058/1678
f 987/1082/1679 968/1058/1679 989/1084/1679
f 990/1085/1680 987/1082/1680 989/1084/1680
f 989/1084/1681 991/1086/1681 990/1085/1681
f 991/1086/1682 928/1008/1682 990/1085/1682
f 991/1086/1683 992/1087/1683 928/1008/1683
f 993/1088/1684 992/1087/1684 991/1086/1684
f 991/1086/1685 964/1051/1685 993/1088/1685
f 993/1088/1686 964/1051/1686 994/1089/1686
f 993/1088/1687 994/1089/1687 995/1090/1687
f 995/1090/1688 939/1019/1688 993/1088/1688
f 995/1090/1689 994/1089/1689 961/1046/1689
f 995/1090/1690 961/1046/1690 958/1041/1690
f 958/1041/1691 940/1020/1691 995/1090/1691
f 993/1088/1692 939/1019/1692 992/1087/1692
f 992/1087/1693 939/1019/1693 929/1009/1693
f 964/1051/1694 991/1086/1694 989/1084/1694
f 996/1091/1695 987/1082/1695 990/1085/1695
f 996/1091/1696 990/1085/1696 997/1092/1696
f 997/1092/1697 986/1081/1697 996/1091/1697
f 998/1093/1698 986/1081/1698 997/1092/1698
f 997/1092/1699 999/1094/1699 998/1093/1699
f 1000/1095/1700 998/1093/1700 999/1094/1700
f 1000/1095/1701 999/1094/1701 918/998/1701
f 1000/1095/1702 918/998/1702 909/989/1702
f 1001/1096/1703 998/1093/1703 1000/1095/1703
f 1001/1096/1704 1000/1095/1704 906/986/1704
f 1001/1096/1705 906/986/1705 1002/1097/1705
f 1002/1097/1706 986/1081/1706 1001/1096/1706
f 1003/1098/1707 999/1094/1707 997/1092/1707
f 927/1007/1708 1003/1098/1708 997/1092/1708
f 999/1094/1709 1003/1098/1709 920/1000/1709
f 1001/1096/1710 986/1081/1710 998/1093/1710
f 997/1092/1711 990/1085/1711 927/1007/1711
f 989/1084/1712 968/1058/1712 965/1052/1712
f 996/1091/1713 986/1081/1713 987/1082/1713
f 1002/1097/1714 984/1079/1714 986/1081/1714
f 1002/1097/1715 903/983/1715 984/1079/1715
f 988/1083/1716 985/1080/1716 983/1078/1716
f 983/1078/1717 982/1077/1717 988/1083/1717
f 988/1083/1718 982/1077/1718 969/1059/1718
f 972/1064/1719 969/1059/1719 982/1077/1719
f 973/1067/1720 982/1077/1720 977/1072/1720
f 972/1064/1721 982/1077/1721 973/1067/1721
f 970/1060/1722 969/1059/1722 972/1064/1722
f 969/1059/1723 968/1058/1723 988/1083/1723
f 971/1061/1724 789/1056/1724 967/1057/1724
f 968/1058/1725 966/1053/1725 965/1052/1725
f 965/1052/1726 964/1051/1726 989/1084/1726
f 964/1051/1727 962/1048/1727 994/1089/1727
f 790/1054/1728 791/1049/1728 963/1050/1728
f 962/1048/1729 961/1046/1729 994/1089/1729
f 958/1041/1730 961/1046/1730 960/1043/1730
f 959/1042/1731 772/1039/1731 957/1040/1731
f 941/1021/1732 953/1033/1732 952/1032/1732
f 956/1036/1733 949/1029/1733 951/1031/1733
f 1004/1099/1734 944/1024/1734 946/1026/1734
f 944/1024/1735 1004/1099/1735 1005/1100/1735
f 1005/1100/1736 1004/1099/1736 1006/1101/1736
f 1006/1101/1737 936/1016/1737 1005/1100/1737
f 936/1016/1738 942/1022/1738 1005/1100/1738
f 1007/1102/1739 936/1016/1739 1006/1101/1739
f 950/1030/1740 945/1025/1740 943/1023/1740
f 1005/1100/1741 942/1022/1741 944/1024/1741
f 952/1032/1742 943/1023/1742 941/1021/1742
f 940/1020/1743 958/1041/1743 941/1021/1743
f 995/1090/1744 940/1020/1744 939/1019/1744
f 929/1009/1745 939/1019/1745 937/1017/1745
f 938/1018/1746 942/1022/1746 936/1016/1746
f 1007/1102/1747 935/1015/1747 936/1016/1747
f 931/1011/1748 929/1009/1748 937/1017/1748
f 934/1014/1749 926/1006/1749 930/1010/1749
f 992/1087/1750 929/1009/1750 928/1008/1750
f 990/1085/1751 928/1008/1751 927/1007/1751
f 925/1005/1752 1003/1098/1752 927/1007/1752
f 934/1014/1753 924/1004/1753 926/1006/1753
f 925/1005/1754 922/1002/1754 1003/1098/1754
f 934/1014/1755 923/1003/1755 924/1004/1755
f 920/1000/1756 1003/1098/1756 922/1002/1756
f 918/998/1757 999/1094/1757 920/1000/1757
f 909/989/1758 918/998/1758 912/992/1758
f 906/986/1759 1000/1095/1759 909/989/1759
f 1002/1097/1760 906/986/1760 903/983/1760
f 984/1079/1761 903/983/1761 900/980/1761
f 980/1075/1762 900/980/1762 899/979/1762
f 1008/1103/1763 1009/1104/1763 1010/1105/1763
f 1011/1106/1764 1008/1103/1764 1010/1105/1764
f 1010/1105/1765 1012/1107/1765 1011/1106/1765
f 1013/1108/1766 1011/1106/1766 1012/1107/1766
f 1011/1106/1767 1013/1108/1767 1014/1109/1767
f 1011/1106/1768 1014/1109/1768 1015/1110/1768
f 1015/1110/1769 1016/1111/1769 1011/1106/1769
f 1016/1111/1770 1017/1112/1770 1011/1106/1770
f 1018/1113/1771 1017/1112/1771 1016/1111/1771
f 1018/1113/1772 1016/1111/1772 1019/1114/1772
f 1020/1115/1773 1018/1113/1773 1019/1114/1773
f 1020/1115/1774 1019/1114/1774 1021/1116/1774
f 1021/1116/1775 1022/1117/1775 1020/1115/1775
f 1020/1115/1776 1022/1117/1776 1023/1118/1776
f 1023/1118/1777 1024/1119/1777 1020/1115/1777
f 1025/1120/1778 1024/1119/1778 1023/1118/1778
f 1026/1121/1779 1025/1120/1779 1023/1118/1779
f 1026/1121/1780 1023/1118/1780 1027/1122/1780
f 1026/1121/1781 1027/1122/1781 1028/1123/1781
f 1029/1124/1782 1026/1121/1782 1028/1123/1782
f 1028/1123/1783 1030/1125/1783 1029/1124/1783
f 1031/1126/1784 1029/1124/1784 1030/1125/1784
f 1031/1126/1785 1030/1125/1785 1032/1127/1785
f 1031/1126/1786 1032/1127/1786 1033/1128/1786
f 1031/1126/1787 1033/1128/1787 1034/1129/1787
f 1034/1129/1788 1033/1128/1788 1035/1130/1788
f 1035/1130/1789 1036/1131/1789 1034/1129/1789
f 1036/1131/1790 1037/1132/1790 1034/1129/1790
f 1034/1129/1791 1037/1132/1791 1029/1124/1791
f 1036/1131/1792 1038/1133/1792 1037/1132/1792
f 1037/1132/1793 1038/1133/1793 1025/1120/1793
f 1039/1134/1794 1025/1120/1794 1038/1133/1794
f 1038/1133/1795 1040/1135/1795 1039/1134/1795
f 1039/1134/1796 1040/1135/1796 1041/1136/1796
f 1008/1103/1797 1039/1134/1797 1041/1136/1797
f 1041/1136/1798 1042/1137/1798 1008/1103/1798
f 1008/1103/1799 1042/1137/1799 1043/1138/1799
f 1043/1138/1800 1042/1137/1800 1044/1139/1800
f 1045/1140/1801 1043/1138/1801 1044/1139/1801
f 1044/1139/1801 1046/1141/1801 1045/1140/1801
f 1046/1141/1802 1044/1139/1802 1047/1142/1802
f 1047/1142/1803 1044/1139/1803 1048/1143/1803
f 1048/1143/1804 1049/1144/1804 1047/1142/1804
f 1049/1144/1804 1048/1143/1804 1050/1145/1804
f 1050/1145/1804 1048/1143/1804 1051/1146/1804
f 1051/1146/1804 1052/1147/1804 1050/1145/1804
f 1052/1147/1805 1051/1146/1805 1053/1148/1805
f 1053/1148/1806 1051/1146/1806 1054/1149/1806
f 1054/1149/1807 1055/1150/1807 1053/1148/1807
f 1055/1150/1808 1054/1149/1808 1056/1151/1808
f 1056/1151/1809 1054/1149/1809 1057/1152/1809
f 1057/1152/1810 1058/1153/1810 1056/1151/1810
f 1058/1153/1811 1057/1152/1811 1059/1154/1811
f 1059/1154/1812 1057/1152/1812 1060/1155/1812
f 1060/1155/1807 1061/1156/1807 1059/1154/1807
f 1061/1156/1807 1060/1155/1807 1062/1157/1807
f 1062/1157/1807 1060/1155/1807 1063/1158/1807
f 1063/1158/1807 1064/1159/1807 1062/1157/1807
f 1060/1155/1813 1065/1160/1813 1063/1158/1813
f 1063/1158/1814 1065/1160/1814 1066/1161/1814
f 1065/1160/1815 1067/1162/1815 1066/1161/1815
f 1066/1161/1816 1067/1162/1816 1068/1163/1816
f 1067/1162/1817 1069/1164/1817 1068/1163/1817
f 1068/1163/1818 1069/1164/1818 1070/1165/1818
f 1069/1164/1819 1071/1166/1819 1070/1165/1819
f 1070/1165/1820 1071/1166/1820 1072/1167/1820
f 1071/1166/1821 1073/1168/1821 1072/1167/1821
f 1072/1167/1822 1073/1168/1822 1074/1169/1822
f 1073/1168/1823 1075/1170/1823 1074/1169/1823
f 1074/1169/1824 1075/1170/1824 1076/1171/1824
f 1075/1170/1825 1077/1172/1825 1076/1171/1825
f 1076/1171/1826 1077/1172/1826 1078/1173/1826
f 1077/1172/1827 1079/1174/1827 1078/1173/1827
f 1078/1173/1827 1079/1174/1827 1080/1175/1827
f 1079/1174/1828 1081/1176/1828 1080/1175/1828
f 1080/1175/1829 1081/1176/1829 1082/1177/1829
f 1081/1176/1830 1083/1178/1830 1082/1177/1830
f 1082/1177/1831 1083/1178/1831 1084/1179/1831
f 1083/1178/1832 1085/1180/1832 1084/1179/1832
f 1084/1179/1833 1085/1180/1833 1086/1181/1833
f 1083/1178/1834 1087/1182/1834 1085/1180/1834
f 1088/1183/1835 1087/1182/1835 1083/1178/1835
f 1088/1183/1836 1089/1184/1836 1087/1182/1836
f 1090/1185/1837 1089/1184/1837 1088/1183/1837
f 1091/1186/1838 1090/1185/1838 1088/1183/1838
f 1091/1186/1839 1088/1183/1839 1081/1176/1839
f 1092/1187/1840 1090/1185/1840 1091/1186/1840
f 1093/1188/1841 1092/1187/1841 1091/1186/1841
f 1093/1188/1842 1091/1186/1842 1079/1174/1842
f 1094/1189/1843 1092/1187/1843 1093/1188/1843
f 1095/1190/1844 1094/1189/1844 1093/1188/1844
f 1095/1190/1845 1093/1188/1845 1077/1172/1845
f 1096/1191/1846 1094/1189/1846 1095/1190/1846
f 1097/1192/1847 1096/1191/1847 1095/1190/1847
f 1097/1192/1848 1095/1190/1848 1075/1170/1848
f 1098/1193/1849 1096/1191/1849 1097/1192/1849
f 1099/1194/1850 1098/1193/1850 1097/1192/1850
f 1099/1194/1851 1097/1192/1851 1073/1168/1851
f 1100/1195/1852 1098/1193/1852 1099/1194/1852
f 1101/1196/1853 1100/1195/1853 1099/1194/1853
f 1101/1196/1854 1099/1194/1854 1071/1166/1854
f 1102/1197/1855 1100/1195/1855 1101/1196/1855
f 1103/1198/1856 1102/1197/1856 1101/1196/1856
f 1103/1198/1857 1101/1196/1857 1069/1164/1857
f 1104/1199/1858 1102/1197/1858 1103/1198/1858
f 1105/1200/1859 1104/1199/1859 1103/1198/1859
f 1105/1200/1860 1103/1198/1860 1067/1162/1860
f 1106/1201/1861 1104/1199/1861 1105/1200/1861
f 1107/1202/1862 1106/1201/1862 1105/1200/1862
f 1107/1202/1863 1105/1200/1863 1065/1160/1863
f 1108/1203/1864 1106/1201/1864 1107/1202/1864
f 1057/1152/1865 1108/1203/1865 1107/1202/1865
f 1108/1203/1866 1109/1204/1866 1106/1201/1866
f 1109/1204/1867 1110/1205/1867 1106/1201/1867
f 1109/1204/1868 1111/1206/1868 1110/1205/1868
f 1111/1206/1869 1112/1207/1869 1110/1205/1869
f 1110/1205/1870 1112/1207/1870 1113/1208/1870
f 1110/1205/1871 1113/1208/1871 1104/1199/1871
f 1112/1207/1872 1114/1209/1872 1113/1208/1872
f 1113/1208/1873 1114/1209/1873 1115/1210/1873
f 1113/1208/1874 1115/1210/1874 1102/1197/1874
f 1114/1209/1875 1116/1211/1875 1115/1210/1875
f 1115/1210/1876 1116/1211/1876 1117/1212/1876
f 1115/1210/1877 1117/1212/1877 1100/1195/1877
f 1116/1211/1878 1118/1213/1878 1117/1212/1878
f 1117/1212/1879 1118/1213/1879 1119/1214/1879
f 1117/1212/1880 1119/1214/1880 1098/1193/1880
f 1118/1213/1881 1120/1215/1881 1119/1214/1881
f 1119/1214/1882 1120/1215/1882 1121/1216/1882
f 1119/1214/1883 1121/1216/1883 1096/1191/1883
f 1120/1215/1884 1122/1217/1884 1121/1216/1884
f 1121/1216/1885 1122/1217/1885 1123/1218/1885
f 1121/1216/1886 1123/1218/1886 1094/1189/1886
f 1122/1217/1887 1124/1219/1887 1123/1218/1887
f 1123/1218/1888 1124/1219/1888 1125/1220/1888
f 1123/1218/1889 1125/1220/1889 1092/1187/1889
f 1124/1219/1890 1126/1221/1890 1125/1220/1890
f 1125/1220/1891 1126/1221/1891 1127/1222/1891
f 1125/1220/1892 1127/1222/1892 1090/1185/1892
f 1124/1219/1893 1128/1223/1893 1126/1221/1893
f 1129/1224/1894 1128/1223/1894 1124/1219/1894
f 1129/1224/1895 1130/1225/1895 1128/1223/1895
f 1131/1226/1896 1130/1225/1896 1129/1224/1896
f 1132/1227/1897 1131/1226/1897 1129/1224/1897
f 1132/1227/1898 1129/1224/1898 1122/1217/1898
f 1133/1228/1899 1131/1226/1899 1132/1227/1899
f 1134/1229/1900 1133/1228/1900 1132/1227/1900
f 1134/1229/1901 1132/1227/1901 1120/1215/1901
f 1135/1230/1902 1133/1228/1902 1134/1229/1902
f 1136/1231/1903 1135/1230/1903 1134/1229/1903
f 1136/1231/1904 1134/1229/1904 1118/1213/1904
f 1137/1232/1905 1135/1230/1905 1136/1231/1905
f 1138/1233/1906 1137/1232/1906 1136/1231/1906
f 1138/1233/1907 1136/1231/1907 1116/1211/1907
f 1139/1234/1908 1137/1232/1908 1138/1233/1908
f 1140/1235/1909 1139/1234/1909 1138/1233/1909
f 1140/1235/1910 1138/1233/1910 1114/1209/1910
f 1141/1236/1911 1139/1234/1911 1140/1235/1911
f 1142/1237/1912 1141/1236/1912 1140/1235/1912
f 1142/1237/1913 1140/1235/1913 1112/1207/1913
f 1143/1238/1914 1141/1236/1914 1142/1237/1914
f 1144/1239/1915 1143/1238/1915 1142/1237/1915
f 1144/1239/1916 1142/1237/1916 1111/1206/1916
f 1145/1240/1917 1144/1239/1917 1111/1206/1917
f 1146/1241/1918 1144/1239/1918 1145/1240/1918
f 1147/1242/1919 1146/1241/1919 1145/1240/1919
f 1147/1242/1920 1145/1240/1920 1148/1243/1920
f 1051/1146/1921 1147/1242/1921 1148/1243/1921
f 1148/1243/1922 1145/1240/1922 1109/1204/1922
f 1149/1244/1923 1146/1241/1923 1147/1242/1923
f 1048/1143/1924 1149/1244/1924 1147/1242/1924
f 1149/1244/1925 1150/1245/1925 1146/1241/1925
f 1150/1245/1926 1151/1246/1926 1146/1241/1926
f 1151/1246/1927 1150/1245/1927 1152/1247/1927
f 1152/1247/1928 1143/1238/1928 1151/1246/1928
f 1035/1130/1929 1143/1238/1929 1152/1247/1929
f 1152/1247/1930 1150/1245/1930 1040/1135/1930
f 1152/1247/1931 1040/1135/1931 1036/1131/1931
f 1042/1137/1932 1150/1245/1932 1149/1244/1932
f 1146/1241/1933 1151/1246/1933 1144/1239/1933
f 1151/1246/1934 1143/1238/1934 1144/1239/1934
f 1141/1236/1935 1143/1238/1935 1033/1128/1935
f 1033/1128/1936 1139/1234/1936 1141/1236/1936
f 1153/1248/1937 1139/1234/1937 1033/1128/1937
f 1153/1248/1938 1137/1232/1938 1139/1234/1938
f 1154/1249/1939 1137/1232/1939 1153/1248/1939
f 1153/1248/1940 1032/1127/1940 1154/1249/1940
f 1154/1249/1941 1032/1127/1941 1155/1250/1941
f 1156/1251/1942 1154/1249/1942 1155/1250/1942
f 1157/1252/1943 1156/1251/1943 1155/1250/1943
f 1158/1253/1944 1156/1251/1944 1157/1252/1944
f 1159/1254/1945 1158/1253/1945 1157/1252/1945
f 1159/1254/1946 1157/1252/1946 1160/1255/1946
f 1159/1254/1947 1160/1255/1947 1161/1256/1947
f 1161/1256/1948 1162/1257/1948 1159/1254/1948
f 1163/1258/1949 1162/1257/1949 1161/1256/1949
f 1163/1258/1950 1161/1256/1950 1164/1259/1950
f 1164/1259/1951 1165/1260/1951 1163/1258/1951
f 1165/1260/1952 1166/1261/1952 1163/1258/1952
f 1165/1260/1953 1167/1262/1953 1166/1261/1953
f 1167/1262/1954 1168/1263/1954 1166/1261/1954
f 1166/1261/1955 1168/1263/1955 1169/1264/1955
f 1169/1264/1956 1162/1257/1956 1166/1261/1956
f 1158/1253/1957 1162/1257/1957 1169/1264/1957
f 1169/1264/1958 1170/1265/1958 1158/1253/1958
f 1169/1264/1959 1171/1266/1959 1170/1265/1959
f 1172/1267/1960 1170/1265/1960 1171/1266/1960
f 1173/1268/1961 1172/1267/1961 1171/1266/1961
f 1173/1268/1962 1171/1266/1962 1174/1269/1962
f 1174/1269/1963 1171/1266/1963 1168/1263/1963
f 1175/1270/1964 1172/1267/1964 1173/1268/1964
f 1172/1267/1965 1175/1270/1965 1131/1226/1965
f 1131/1226/1966 1176/1271/1966 1172/1267/1966
f 1176/1271/1967 1170/1265/1967 1172/1267/1967
f 1170/1265/1968 1176/1271/1968 1156/1251/1968
f 1156/1251/1969 1176/1271/1969 1177/1272/1969
f 1176/1271/1970 1135/1230/1970 1177/1272/1970
f 1168/1263/1971 1171/1266/1971 1169/1264/1971
f 1168/1263/1972 1167/1262/1972 1174/1269/1972
f 1174/1269/1973 1167/1262/1973 1178/1273/1973
f 1179/1274/1974 1178/1273/1974 1167/1262/1974
f 1180/1275/1975 1178/1273/1975 1179/1274/1975
f 1179/1274/1976 1181/1276/1976 1180/1275/1976
f 1182/1277/1977 1181/1276/1977 1179/1274/1977
f 1182/1277/1978 1179/1274/1978 1183/1278/1978
f 1004/1279/1979 1182/1277/1979 1183/1278/1979
f 1164/1259/1980 1004/1279/1980 1183/1278/1980
f 1006/1280/1981 1004/1279/1981 1164/1259/1981
f 1164/1259/1982 1184/1281/1982 1006/1280/1982
f 1006/1280/1983 1184/1281/1983 1007/1282/1983
f 1007/1282/1984 1184/1281/1984 935/1283/1984
f 935/1283/1985 1184/1281/1985 1185/1284/1985
f 935/1283/1986 1185/1284/1986 932/1285/1986
f 932/1285/1987 1185/1284/1987 1186/1286/1987
f 1186/1286/1988 933/1287/1988 932/1285/1988
f 1187/1288/1989 933/1287/1989 1186/1286/1989
f 1186/1286/1990 1188/1289/1990 1187/1288/1990
f 1187/1288/1991 1188/1289/1991 1189/1290/1991
f 1187/1288/1992 1189/1290/1992 1190/1291/1992
f 1190/1291/1993 1189/1290/1993 1027/1122/1993
f 1190/1291/1994 1027/1122/1994 1191/1292/1994
f 1191/1292/1995 923/1293/1995 1190/1291/1995
f 933/1287/1996 1190/1291/1996 923/1293/1996
f 921/1294/1997 923/1293/1997 1191/1292/1997
f 1192/1295/1998 921/1294/1998 1191/1292/1998
f 1191/1292/1999 1022/1117/1999 1192/1295/1999
f 919/1296/2000 921/1294/2000 1192/1295/2000
f 1192/1295/2001 917/1297/2001 919/1296/2001
f 1193/1298/2002 917/1297/2002 1192/1295/2002
f 1021/1116/2003 1193/1298/2003 1192/1295/2003
f 1194/1299/2004 1193/1298/2004 1021/1116/2004
f 1195/1300/2005 1193/1298/2005 1194/1299/2005
f 1195/1300/2006 1194/1299/2006 1196/1301/2006
f 1195/1300/2007 1196/1301/2007 1197/1302/2007
f 1197/1302/2008 1198/1303/2008 1195/1300/2008
f 1199/1304/2009 1195/1300/2009 1198/1303/2009
f 1199/1304/2010 1200/1305/2010 1195/1300/2010
f 1200/1305/2011 1199/1304/2011 1201/1306/2011
f 1202/1307/2012 1200/1305/2012 1201/1306/2012
f 1202/1307/2013 915/1308/2013 1200/1305/2013
f 915/1308/2014 1193/1298/2014 1200/1305/2014
f 915/1308/2015 1202/1307/2015 916/1309/2015
f 1197/1302/2016 1196/1301/2016 1203/1310/2016
f 1204/1311/2017 1203/1310/2017 1196/1301/2017
f 1196/1301/2018 1016/1111/2018 1204/1311/2018
f 1204/1311/2019 1016/1111/2019 1205/1312/2019
f 1196/1301/2020 1194/1299/2020 1019/1114/2020
f 1200/1305/2021 1193/1298/2021 1195/1300/2021
f 917/1297/2022 1193/1298/2022 915/1308/2022
f 1191/1292/2023 1027/1122/2023 1022/1117/2023
f 1188/1289/2024 1206/1313/2024 1189/1290/2024
f 1189/1290/2025 1206/1313/2025 1028/1123/2025
f 1207/1314/2026 1206/1313/2026 1188/1289/2026
f 1160/1255/2027 1206/1313/2027 1207/1314/2027
f 1160/1255/2028 1030/1125/2028 1206/1313/2028
f 1208/1315/2029 1030/1125/2029 1160/1255/2029
f 1188/1289/2030 1186/1286/2030 1207/1314/2030
f 1187/1288/2031 1190/1291/2031 933/1287/2031
f 1207/1314/2032 1186/1286/2032 1185/1284/2032
f 1184/1281/2033 1207/1314/2033 1185/1284/2033
f 1161/1256/2034 1207/1314/2034 1184/1281/2034
f 946/1316/2035 1182/1277/2035 1004/1279/2035
f 946/1316/2036 947/1317/2036 1182/1277/2036
f 1183/1278/2037 1179/1274/2037 1165/1260/2037
f 1182/1277/2038 947/1317/2038 1181/1276/2038
f 1179/1274/2039 1167/1262/2039 1165/1260/2039
f 1183/1278/2040 1165/1260/2040 1164/1259/2040
f 1164/1259/2041 1161/1256/2041 1184/1281/2041
f 1163/1258/2042 1166/1261/2042 1162/1257/2042
f 1161/1256/2043 1160/1255/2043 1207/1314/2043
f 1160/1255/2044 1157/1252/2044 1208/1315/2044
f 1157/1252/2045 1032/1127/2045 1208/1315/2045
f 1162/1257/2046 1158/1253/2046 1159/1254/2046
f 1158/1253/2047 1170/1265/2047 1156/1251/2047
f 1177/1272/2048 1154/1249/2048 1156/1251/2048
f 1155/1250/2049 1032/1127/2049 1157/1252/2049
f 1154/1249/2050 1177/1272/2050 1137/1232/2050
f 1137/1232/2051 1177/1272/2051 1135/1230/2051
f 1133/1228/2052 1135/1230/2052 1176/1271/2052
f 1133/1228/2053 1176/1271/2053 1131/1226/2053
f 1131/1226/2054 1175/1270/2054 1130/1225/2054
f 1122/1217/2055 1129/1224/2055 1124/1219/2055
f 1120/1215/2056 1132/1227/2056 1122/1217/2056
f 1118/1213/2057 1134/1229/2057 1120/1215/2057
f 1116/1211/2058 1136/1231/2058 1118/1213/2058
f 1114/1209/2059 1138/1233/2059 1116/1211/2059
f 1112/1207/2060 1140/1235/2060 1114/1209/2060
f 1111/1206/2061 1142/1237/2061 1112/1207/2061
f 1145/1240/2062 1111/1206/2062 1109/1204/2062
f 1148/1243/2063 1109/1204/2063 1108/1203/2063
f 1054/1149/2064 1148/1243/2064 1108/1203/2064
f 1106/1201/2065 1110/1205/2065 1104/1199/2065
f 1104/1199/2066 1113/1208/2066 1102/1197/2066
f 1102/1197/2067 1115/1210/2067 1100/1195/2067
f 1100/1195/2068 1117/1212/2068 1098/1193/2068
f 1098/1193/2069 1119/1214/2069 1096/1191/2069
f 1096/1191/2070 1121/1216/2070 1094/1189/2070
f 1094/1189/2071 1123/1218/2071 1092/1187/2071
f 1092/1187/2072 1125/1220/2072 1090/1185/2072
f 1090/1185/2073 1127/1222/2073 1089/1184/2073
f 1081/1176/2074 1088/1183/2074 1083/1178/2074
f 1079/1174/2075 1091/1186/2075 1081/1176/2075
f 1077/1172/2076 1093/1188/2076 1079/1174/2076
f 1075/1170/2077 1095/1190/2077 1077/1172/2077
f 1073/1168/2078 1097/1192/2078 1075/1170/2078
f 1071/1166/2079 1099/1194/2079 1073/1168/2079
f 1069/1164/2080 1101/1196/2080 1071/1166/2080
f 1067/1162/2081 1103/1198/2081 1069/1164/2081
f 1065/1160/2082 1105/1200/2082 1067/1162/2082
f 1060/1155/2083 1107/1202/2083 1065/1160/2083
f 1057/1152/2084 1107/1202/2084 1060/1155/2084
f 1054/1149/2085 1108/1203/2085 1057/1152/2085
f 1051/1146/2086 1148/1243/2086 1054/1149/2086
f 1048/1143/2087 1147/1242/2087 1051/1146/2087
f 1044/1139/2088 1149/1244/2088 1048/1143/2088
f 1209/1318/1801 1043/1138/1801 1045/1140/1801
f 1043/1138/2089 1209/1318/2089 1009/1104/2089
f 1044/1139/2090 1042/1137/2090 1149/1244/2090
f 1042/1137/2091 1041/1136/2091 1150/1245/2091
f 1017/1112/2092 1039/1134/2092 1008/1103/2092
f 1017/1112/2093 1024/1119/2093 1039/1134/2093
f 1150/1245/2094 1041/1136/2094 1040/1135/2094
f 1036/1131/2095 1040/1135/2095 1038/1133/2095
f 1152/1247/2096 1036/1131/2096 1035/1130/2096
f 1033/1128/2097 1143/1238/2097 1035/1130/2097
f 1033/1128/2098 1032/1127/2098 1153/1248/2098
f 1032/1127/2099 1030/1125/2099 1208/1315/2099
f 1034/1129/2100 1029/1124/2100 1031/1126/2100
f 1206/1313/2101 1030/1125/2101 1028/1123/2101
f 1037/1132/2102 1026/1121/2102 1029/1124/2102
f 1028/1123/2103 1027/1122/2103 1189/1290/2103
f 1037/1132/2104 1025/1120/2104 1026/1121/2104
f 1024/1119/2105 1025/1120/2105 1039/1134/2105
f 1027/1122/2106 1023/1118/2106 1022/1117/2106
f 1192/1295/2107 1022/1117/2107 1021/1116/2107
f 1021/1116/2108 1019/1114/2108 1194/1299/2108
f 1024/1119/2109 1018/1113/2109 1020/1115/2109
f 1019/1114/2110 1016/1111/2110 1196/1301/2110
f 1018/1113/2111 1024/1119/2111 1017/1112/2111
f 1016/1111/2112 1015/1110/2112 1205/1312/2112
f 1017/1112/2113 1008/1103/2113 1011/1106/2113
f 1009/1104/2114 1008/1103/2114 1043/1138/2114
f 1210/1319/2115 1178/1320/2115 1211/1321/2115
f 1212/1322/2116 1210/1319/2116 1211/1321/2116
f 1213/1323/2117 1212/1322/2117 1211/1321/2117
f 1211/1321/2118 1180/1324/2118 1213/1323/2118
f 1213/1323/2119 1180/1324/2119 1181/1325/2119
f 947/1326/2120 1213/1323/2120 1181/1325/2120
f 1214/1327/2121 1213/1323/2121 947/1326/2121
f 1214/1327/2122 1215/1328/2122 1213/1323/2122
f 1216/1329/2123 1215/1328/2123 1214/1327/2123
f 1217/1330/2124 1215/1328/2124 1216/1329/2124
f 1218/1331/2125 1215/1328/2125 1217/1330/2125
f 1218/1331/2126 1217/1330/2126 1219/1332/2126
f 1220/1333/2127 1218/1331/2127 1219/1332/2127
f 1221/1334/2128 1220/1333/2128 1219/1332/2128
f 1222/1335/2129 1221/1334/2129 1219/1332/2129
f 1223/1336/2130 1221/1334/2130 1222/1335/2130
f 1224/1337/2131 1221/1334/2131 1223/1336/2131
f 1225/1338/2132 1221/1334/2132 1224/1337/2132
f 1221/1334/2133 1225/1338/2133 1226/1339/2133
f 1226/1339/2134 1225/1338/2134 1227/1340/2134
f 1227/1340/2135 1228/1341/2135 1226/1339/2135
f 1226/1339/2136 1228/1341/2136 1229/1342/2136
f 1226/1339/2137 1229/1342/2137 1220/1333/2137
f 1220/1333/2138 1229/1342/2138 1230/1343/2138
f 1220/1333/2139 1230/1343/2139 1231/1344/2139
f 1231/1344/2140 1230/1343/2140 1232/1345/2140
f 1231/1344/2141 1232/1345/2141 1212/1322/2141
f 1212/1322/2142 1215/1328/2142 1231/1344/2142
f 1212/1322/2143 1232/1345/2143 1233/1346/2143
f 1232/1345/2143 1234/1347/2143 1233/1346/2143
f 1233/1346/2144 1234/1347/2144 1210/1319/2144
f 1210/1319/2145 1234/1347/2145 1235/1348/2145
f 1236/1349/2146 1235/1348/2146 1234/1347/2146
f 1234/1347/2147 1237/1350/2147 1236/1349/2147
f 1236/1349/2148 1237/1350/2148 1238/1351/2148
f 1238/1351/2149 1239/1352/2149 1236/1349/2149
f 1239/1352/2150 1240/1353/2150 1236/1349/2150
f 1236/1349/2151 1240/1353/2151 1241/1354/2151
f 1175/1355/2152 1241/1354/2152 1240/1353/2152
f 1240/1353/2153 1130/1356/2153 1175/1355/2153
f 1242/1357/2154 1130/1356/2154 1240/1353/2154
f 1130/1356/2155 1242/1357/2155 1128/1358/2155
f 1128/1358/2156 1242/1357/2156 1243/1359/2156
f 1128/1358/2157 1243/1359/2157 1126/1360/2157
f 1126/1360/2158 1243/1359/2158 1244/1361/2158
f 1126/1360/2159 1244/1361/2159 1127/1362/2159
f 1127/1362/2160 1244/1361/2160 1245/1363/2160
f 1127/1362/2161 1245/1363/2161 1089/1364/2161
f 1089/1364/2162 1245/1363/2162 1246/1365/2162
f 1089/1364/2163 1246/1365/2163 1087/1366/2163
f 1087/1366/2164 1246/1365/2164 1247/1367/2164
f 1087/1366/2165 1247/1367/2165 1085/1368/2165
f 1085/1368/2166 1247/1367/2166 1248/1369/2166
f 1085/1368/2167 1248/1369/2167 1086/1370/2167
f 1086/1370/2168 1248/1369/2168 1249/1371/2168
f 1248/1369/2169 1250/1372/2169 1249/1371/2169
f 1249/1371/2170 1250/1372/2170 1251/1373/2170
f 1250/1372/2171 1252/1374/2171 1251/1373/2171
f 1251/1373/2172 1252/1374/2172 1253/1375/2172
f 1252/1374/2173 1254/1376/2173 1253/1375/2173
f 1253/1375/2174 1254/1376/2174 1255/1377/2174
f 1254/1376/2175 1256/1378/2175 1255/1377/2175
f 1255/1377/2176 1256/1378/2176 1257/1379/2176
f 1256/1378/2177 1258/1380/2177 1257/1379/2177
f 1257/1379/2178 1258/1380/2178 1259/1381/2178
f 1256/1378/2179 1260/1382/2179 1258/1380/2179
f 1261/1383/2180 1260/1382/2180 1256/1378/2180
f 1261/1383/2181 1262/1384/2181 1260/1382/2181
f 1263/1385/2182 1262/1384/2182 1261/1383/2182
f 1264/1386/2183 1263/1385/2183 1261/1383/2183
f 1264/1386/2184 1261/1383/2184 1254/1376/2184
f 1265/1387/2185 1263/1385/2185 1264/1386/2185
f 1266/1388/2186 1265/1387/2186 1264/1386/2186
f 1266/1388/2187 1264/1386/2187 1252/1374/2187
f 1267/1389/2188 1265/1387/2188 1266/1388/2188
f 1268/1390/2189 1267/1389/2189 1266/1388/2189
f 1268/1390/2190 1266/1388/2190 1250/1372/2190
f 1269/1391/2191 1267/1389/2191 1268/1390/2191
f 1247/1367/2192 1269/1391/2192 1268/1390/2192
f 1269/1391/2193 1270/1392/2193 1267/1389/2193
f 1270/1392/2194 1271/1393/2194 1267/1389/2194
f 1270/1392/2195 1272/1394/2195 1271/1393/2195
f 1272/1394/2196 1273/1395/2196 1271/1393/2196
f 1271/1393/2197 1273/1395/2197 1274/1396/2197
f 1271/1393/2198 1274/1396/2198 1265/1387/2198
f 1273/1395/2199 1275/1397/2199 1274/1396/2199
f 1274/1396/2200 1275/1397/2200 1276/1398/2200
f 1274/1396/2201 1276/1398/2201 1263/1385/2201
f 1273/1395/2202 1277/1399/2202 1275/1397/2202
f 1278/1400/2203 1277/1399/2203 1273/1395/2203
f 1278/1400/2204 1279/1401/2204 1277/1399/2204
f 1280/1402/2205 1279/1401/2205 1278/1400/2205
f 1281/1403/2206 1280/1402/2206 1278/1400/2206
f 1281/1403/2207 1278/1400/2207 1272/1394/2207
f 1282/1404/2208 1281/1403/2208 1272/1394/2208
f 1283/1405/2209 1281/1403/2209 1282/1404/2209
f 1284/1406/2210 1283/1405/2210 1282/1404/2210
f 1284/1406/2211 1282/1404/2211 1285/1407/2211
f 1245/1363/2212 1284/1406/2212 1285/1407/2212
f 1285/1407/2213 1282/1404/2213 1270/1392/2213
f 1286/1408/2214 1283/1405/2214 1284/1406/2214
f 1244/1361/2215 1286/1408/2215 1284/1406/2215
f 1286/1408/2216 1287/1409/2216 1283/1405/2216
f 1287/1409/2217 1288/1410/2217 1283/1405/2217
f 1288/1410/2218 1287/1409/2218 1289/1411/2218
f 1288/1410/2219 1289/1411/2219 1280/1402/2219
f 1280/1402/2220 1289/1411/2220 1290/1412/2220
f 1291/1413/2221 1280/1402/2221 1290/1412/2221
f 1292/1414/2222 1291/1413/2222 1290/1412/2222
f 1293/1415/2223 1291/1413/2223 1292/1414/2223
f 1292/1414/2224 1294/1416/2224 1293/1415/2224
f 1293/1415/2225 1294/1416/2225 1295/1417/2225
f 1229/1342/2226 1295/1417/2226 1294/1416/2226
f 1294/1416/2227 1292/1414/2227 1296/1418/2227
f 1296/1418/2228 1230/1343/2228 1294/1416/2228
f 1296/1418/2229 1292/1414/2229 1297/1419/2229
f 1297/1419/2230 1237/1350/2230 1296/1418/2230
f 1232/1345/2231 1296/1418/2231 1237/1350/2231
f 1292/1414/2232 1289/1411/2232 1297/1419/2232
f 1297/1419/2233 1289/1411/2233 1238/1351/2233
f 1238/1351/2234 1289/1411/2234 1298/1420/2234
f 1290/1412/2235 1289/1411/2235 1292/1414/2235
f 1289/1411/2236 1287/1409/2236 1298/1420/2236
f 1287/1409/2237 1239/1352/2237 1298/1420/2237
f 1299/1421/2238 1239/1352/2238 1287/1409/2238
f 1242/1357/2239 1239/1352/2239 1299/1421/2239
f 1299/1421/2240 1287/1409/2240 1286/1408/2240
f 1243/1359/2241 1299/1421/2241 1286/1408/2241
f 1283/1405/2242 1288/1410/2242 1281/1403/2242
f 1288/1410/2243 1280/1402/2243 1281/1403/2243
f 1279/1401/2244 1280/1402/2244 1291/1413/2244
f 1272/1394/2245 1278/1400/2245 1273/1395/2245
f 1282/1404/2246 1272/1394/2246 1270/1392/2246
f 1285/1407/2247 1270/1392/2247 1269/1391/2247
f 1246/1365/2248 1285/1407/2248 1269/1391/2248
f 1267/1389/2249 1271/1393/2249 1265/1387/2249
f 1265/1387/2250 1274/1396/2250 1263/1385/2250
f 1263/1385/2251 1276/1398/2251 1262/1384/2251
f 1254/1376/2252 1261/1383/2252 1256/1378/2252
f 1252/1374/2253 1264/1386/2253 1254/1376/2253
f 1250/1372/2254 1266/1388/2254 1252/1374/2254
f 1248/1369/2255 1268/1390/2255 1250/1372/2255
f 1247/1367/2256 1268/1390/2256 1248/1369/2256
f 1246/1365/2257 1269/1391/2257 1247/1367/2257
f 1245/1363/2258 1285/1407/2258 1246/1365/2258
f 1244/1361/2259 1284/1406/2259 1245/1363/2259
f 1243/1359/2260 1286/1408/2260 1244/1361/2260
f 1242/1357/2261 1299/1421/2261 1243/1359/2261
f 1173/1422/2262 1241/1354/2262 1175/1355/2262
f 1174/1423/2263 1241/1354/2263 1173/1422/2263
f 1235/1348/2264 1241/1354/2264 1174/1423/2264
f 1178/1320/2265 1235/1348/2265 1174/1423/2265
f 1240/1353/2266 1239/1352/2266 1242/1357/2266
f 1298/1420/2267 1239/1352/2267 1238/1351/2267
f 1238/1351/2268 1237/1350/2268 1297/1419/2268
f 1241/1354/2269 1235/1348/2269 1236/1349/2269
f 1237/1350/2270 1234/1347/2270 1232/1345/2270
f 1230/1343/2271 1296/1418/2271 1232/1345/2271
f 1294/1416/2272 1230/1343/2272 1229/1342/2272
f 1228/1341/2273 1295/1417/2273 1229/1342/2273
f 1226/1339/2274 1220/1333/2274 1221/1334/2274
f 1231/1344/2275 1218/1331/2275 1220/1333/2275
f 1219/1332/2276 1217/1330/2276 1222/1335/2276
f 1231/1344/2277 1215/1328/2277 1218/1331/2277
f 1215/1328/2278 1212/1322/2278 1213/1323/2278
f 1233/1346/2279 1210/1319/2279 1212/1322/2279
f 1211/1321/2280 1178/1320/2280 1180/1324/2280
f 1210/1319/2281 1235/1348/2281 1178/1320/2281
f 1300/1424/2282 1301/1425/2282 1302/1426/2282
f 1303/1427/2283 1300/1424/2283 1302/1426/2283
f 1304/1428/2284 1303/1427/2284 1302/1426/2284
f 1304/1428/2285 1302/1426/2285 1305/1429/2285
f 1305/1429/2286 1306/1430/2286 1304/1428/2286
f 1304/1428/2287 1306/1430/2287 1307/1431/2287
f 1304/1428/2288 1307/1431/2288 1308/1432/2288
f 1308/1432/2289 1307/1431/2289 1309/1433/2289
f 1310/1434/2290 1308/1432/2290 1309/1433/2290
f 1311/1435/2291 1308/1432/2291 1310/1434/2291
f 777/1436/2292 1311/1435/2292 1310/1434/2292
f 776/1437/2293 1311/1435/2293 777/1436/2293
f 776/1437/2294 1312/1438/2294 1311/1435/2294
f 1303/1427/2295 1311/1435/2295 1312/1438/2295
f 1313/1439/2296 1303/1427/2296 1312/1438/2296
f 1312/1438/2297 779/1440/2297 1313/1439/2297
f 779/1440/2298 780/1441/2298 1313/1439/2298
f 1313/1439/2299 780/1441/2299 1314/1442/2299
f 1315/1443/2300 1313/1439/2300 1314/1442/2300
f 1316/1444/2301 1315/1443/2301 1314/1442/2301
f 1316/1444/2302 1314/1442/2302 761/1445/2302
f 761/1445/2303 792/1446/2303 1316/1444/2303
f 792/1446/2304 1317/1447/2304 1316/1444/2304
f 1316/1444/2305 1317/1447/2305 1318/1448/2305
f 1317/1447/2306 1319/1449/2306 1318/1448/2306
f 1318/1448/2307 1319/1449/2307 1320/1450/2307
f 1320/1450/2308 1321/1451/2308 1318/1448/2308
f 1318/1448/2309 1321/1451/2309 1315/1443/2309
f 1321/1451/2310 1322/1452/2310 1315/1443/2310
f 1300/1424/2311 1322/1452/2311 1321/1451/2311
f 1323/1453/2312 1300/1424/2312 1321/1451/2312
f 1321/1451/2313 1320/1450/2313 1323/1453/2313
f 1323/1453/2314 1320/1450/2314 1324/1454/2314
f 1324/1454/2315 1325/1455/2315 1323/1453/2315
f 1323/1453/2316 1325/1455/2316 1326/1456/2316
f 1327/1457/2317 1323/1453/2317 1326/1456/2317
f 1328/1458/2318 1327/1457/2318 1326/1456/2318
f 1328/1458/2319 1326/1456/2319 1329/1459/2319
f 1330/1460/2320 1327/1457/2320 1328/1458/2320
f 1331/1461/2321 1327/1457/2321 1330/1460/2321
f 1332/1462/2322 1327/1457/2322 1331/1461/2322
f 1333/1463/2323 1332/1462/2323 1331/1461/2323
f 1334/1464/2324 1332/1462/2324 1333/1463/2324
f 1332/1462/2325 1334/1464/2325 1335/1465/2325
f 1335/1465/2326 1334/1464/2326 1305/1429/2326
f 1335/1465/2327 1327/1457/2327 1332/1462/2327
f 1301/1425/2328 1327/1457/2328 1335/1465/2328
f 1301/1425/2329 1323/1453/2329 1327/1457/2329
f 1329/1459/2330 1326/1456/2330 1325/1455/2330
f 1325/1455/2331 1336/1466/2331 1329/1459/2331
f 1329/1459/2332 1336/1466/2332 1337/1467/2332
f 1336/1466/2333 1338/1468/2333 1337/1467/2333
f 1339/1469/2334 1338/1468/2334 1336/1466/2334
f 1336/1466/2335 1340/1470/2335 1339/1469/2335
f 1339/1469/2336 1340/1470/2336 1341/1471/2336
f 1341/1471/2337 1342/1472/2337 1339/1469/2337
f 1339/1469/2338 1342/1472/2338 1343/1473/2338
f 1344/1474/2339 1339/1469/2339 1343/1473/2339
f 1345/1475/2340 1344/1474/2340 1343/1473/2340
f 1346/1476/2341 1344/1474/2341 1345/1475/2341
f 1347/1477/2342 1346/1476/2342 1345/1475/2342
f 1345/1475/2343 1348/1478/2343 1347/1477/2343
f 1347/1477/2344 1348/1478/2344 802/1479/2344
f 802/1479/2345 804/1480/2345 1347/1477/2345
f 804/1480/2346 1349/1481/2346 1347/1477/2346
f 1350/1482/2347 1349/1481/2347 804/1480/2347
f 804/1480/2348 806/1483/2348 1350/1482/2348
f 1351/1484/2349 1350/1482/2349 806/1483/2349
f 806/1483/2350 808/1485/2350 1351/1484/2350
f 1351/1484/2351 808/1485/2351 1352/1486/2351
f 1352/1486/2352 1353/1487/2352 1351/1484/2352
f 1354/1488/2353 1353/1487/2353 1352/1486/2353
f 1355/1489/2354 1354/1488/2354 1352/1486/2354
f 1355/1489/2355 1352/1486/2355 1356/1490/2355
f 1356/1490/2356 1352/1486/2356 810/1491/2356
f 810/1491/2357 1357/1492/2357 1356/1490/2357
f 811/1493/2358 1357/1492/2358 810/1491/2358
f 811/1493/2359 813/1494/2359 1357/1492/2359
f 1353/1487/2360 1354/1488/2360 1358/1495/2360
f 1353/1487/2361 1358/1495/2361 1350/1482/2361
f 1358/1495/2362 1354/1488/2362 1344/1474/2362
f 1354/1488/2363 1338/1468/2363 1344/1474/2363
f 1352/1486/2364 808/1485/2364 810/1491/2364
f 1353/1487/2365 1350/1482/2365 1351/1484/2365
f 1350/1482/2366 1358/1495/2366 1349/1481/2366
f 1358/1495/2367 1346/1476/2367 1349/1481/2367
f 800/1496/2368 802/1479/2368 1348/1478/2368
f 1348/1478/2369 799/1497/2369 800/1496/2369
f 1342/1472/2370 799/1497/2370 1348/1478/2370
f 1342/1472/2371 1359/1498/2371 799/1497/2371
f 1359/1498/2372 796/1499/2372 799/1497/2372
f 1360/1500/2373 796/1499/2373 1359/1498/2373
f 1360/1500/2374 1359/1498/2374 1317/1447/2374
f 793/1501/2375 796/1499/2375 1360/1500/2375
f 793/1501/2376 1360/1500/2376 792/1446/2376
f 1345/1475/2377 1342/1472/2377 1348/1478/2377
f 1349/1481/2378 1346/1476/2378 1347/1477/2378
f 1344/1474/2379 1346/1476/2379 1358/1495/2379
f 1343/1473/2380 1342/1472/2380 1345/1475/2380
f 1341/1471/2381 1359/1498/2381 1342/1472/2381
f 1341/1471/2382 1319/1449/2382 1359/1498/2382
f 1340/1470/2383 1319/1449/2383 1341/1471/2383
f 1338/1468/2384 1339/1469/2384 1344/1474/2384
f 1336/1466/2385 1325/1455/2385 1340/1470/2385
f 1340/1470/2386 1325/1455/2386 1324/1454/2386
f 1324/1454/2387 1320/1450/2387 1340/1470/2387
f 1340/1470/2388 1320/1450/2388 1319/1449/2388
f 1317/1447/2389 1359/1498/2389 1319/1449/2389
f 792/1446/2390 1360/1500/2390 1317/1447/2390
f 1318/1448/2391 1315/1443/2391 1316/1444/2391
f 1322/1452/2392 1313/1439/2392 1315/1443/2392
f 761/1445/2393 1314/1442/2393 780/1441/2393
f 778/1502/2394 779/1440/2394 1312/1438/2394
f 1322/1452/2395 1303/1427/2395 1313/1439/2395
f 778/1502/2396 1312/1438/2396 776/1437/2396
f 1308/1432/2397 1311/1435/2397 1303/1427/2397
f 1305/1429/2398 1334/1464/2398 1306/1430/2398
f 1305/1429/2399 1302/1426/2399 1335/1465/2399
f 1308/1432/2400 1303/1427/2400 1304/1428/2400
f 1322/1452/2401 1300/1424/2401 1303/1427/2401
f 1302/1426/2402 1301/1425/2402 1335/1465/2402
f 1301/1425/2403 1300/1424/2403 1323/1453/2403
f 1361/1503/2404 948/1504/2404 1362/1505/2404
f 1362/1505/2405 1363/1506/2405 1361/1503/2405
f 1363/1506/2406 1214/1507/2406 1361/1503/2406
f 947/1508/2407 1361/1503/2407 1214/1507/2407
f 1216/1509/2408 1214/1507/2408 1363/1506/2408
f 1363/1506/2409 1217/1510/2409 1216/1509/2409
f 1364/1511/2410 1217/1510/2410 1363/1506/2410
f 1363/1506/2411 1365/1512/2411 1364/1511/2411
f 1366/1513/2412 1364/1511/2412 1365/1512/2412
f 1366/1513/2413 1365/1512/2413 1367/1514/2413
f 1368/1515/2414 1366/1513/2414 1367/1514/2414
f 1367/1514/2415 1369/1516/2415 1368/1515/2415
f 1369/1516/2416 1370/1517/2416 1368/1515/2416
f 1368/1515/2417 1370/1517/2417 1371/1518/2417
f 1368/1515/2418 1371/1518/2418 1372/1519/2418
f 1372/1519/2419 1371/1518/2419 1373/1520/2419
f 1372/1519/2420 1373/1520/2420 1374/1521/2420
f 1372/1519/2421 1374/1521/2421 1366/1513/2421
f 1366/1513/2422 1374/1521/2422 1375/1522/2422
f 1374/1521/2423 1223/1523/2423 1375/1522/2423
f 1375/1522/2424 1223/1523/2424 1222/1524/2424
f 1222/1524/2425 1364/1511/2425 1375/1522/2425
f 1223/1523/2426 1374/1521/2426 1224/1525/2426
f 1224/1525/2427 1374/1521/2427 1376/1526/2427
f 1374/1521/2428 1373/1520/2428 1376/1526/2428
f 1369/1516/2429 1377/1527/2429 1370/1517/2429
f 1370/1517/2430 1377/1527/2430 1378/1528/2430
f 1334/1529/2431 1378/1528/2431 1377/1527/2431
f 1306/1530/2432 1334/1529/2432 1377/1527/2432
f 1333/1531/2433 1378/1528/2433 1334/1529/2433
f 1369/1516/2434 1306/1530/2434 1377/1527/2434
f 1379/1532/2435 1306/1530/2435 1369/1516/2435
f 1306/1530/2436 1379/1532/2436 1307/1533/2436
f 1307/1533/2437 1379/1532/2437 1380/1534/2437
f 1380/1534/2438 1309/1535/2438 1307/1533/2438
f 1381/1536/2439 1309/1535/2439 1380/1534/2439
f 1381/1536/2440 1380/1534/2440 1382/1537/2440
f 1382/1537/2441 1383/1538/2441 1381/1536/2441
f 1384/1539/2442 1383/1538/2442 1382/1537/2442
f 1382/1537/2443 1385/1540/2443 1384/1539/2443
f 1384/1539/2444 1385/1540/2444 1362/1505/2444
f 949/1541/2445 1384/1539/2445 1362/1505/2445
f 956/1542/2446 1384/1539/2446 949/1541/2446
f 1386/1543/2447 1385/1540/2447 1382/1537/2447
f 1365/1512/2448 1385/1540/2448 1386/1543/2448
f 1384/1539/2449 956/1542/2449 1383/1538/2449
f 1383/1538/2450 956/1542/2450 955/1544/2450
f 777/1545/2451 1383/1538/2451 955/1544/2451
f 1310/1546/2452 1383/1538/2452 777/1545/2452
f 1309/1535/2453 1383/1538/2453 1310/1546/2453
f 1382/1537/2454 1380/1534/2454 1386/1543/2454
f 1381/1536/2455 1383/1538/2455 1309/1535/2455
f 1379/1532/2456 1386/1543/2456 1380/1534/2456
f 1367/1514/2457 1386/1543/2457 1379/1532/2457
f 1379/1532/2458 1369/1516/2458 1367/1514/2458
f 1372/1519/2459 1366/1513/2459 1368/1515/2459
f 1367/1514/2460 1365/1512/2460 1386/1543/2460
f 1375/1522/2461 1364/1511/2461 1366/1513/2461
f 1385/1540/2462 1365/1512/2462 1363/1506/2462
f 1217/1510/2463 1364/1511/2463 1222/1524/2463
f 1385/1540/2464 1363/1506/2464 1362/1505/2464
f 1362/1505/2465 948/1504/2465 949/1541/2465
f 948/1504/2466 1361/1503/2466 947/1508/2466
usemtl material_0.009
f 1387/1547/2467 1388/1548/2467 1389/1549/2467
f 1389/1549/2468 1388/1548/2468 1390/1550/2468
f 1391/1551/2469 1390/1550/2469 1388/1548/2469
f 1388/1548/2470 1392/1552/2470 1391/1551/2470
f 1391/1551/2471 1392/1552/2471 1393/1553/2471
f 1391/1551/2472 1393/1553/2472 1394/1554/2472
f 1394/1554/2473 1395/1555/2473 1391/1551/2473
f 1396/1556/2474 1391/1551/2474 1395/1555/2474
f 1395/1555/2475 1394/1554/2475 1397/1557/2475
f 1397/1557/2476 1394/1554/2476 1398/1558/2476
f 1399/1559/2477 1398/1558/2477 1394/1554/2477
f 1394/1554/2478 1400/1560/2478 1399/1559/2478
f 1399/1559/2479 1400/1560/2479 1401/1561/2479
f 1399/1559/2480 1401/1561/2480 1402/1562/2480
f 1402/1562/2481 1403/1563/2481 1399/1559/2481
f 1404/1564/2482 1399/1559/2482 1403/1563/2482
f 1403/1563/2483 1402/1562/2483 1405/1565/2483
f 1405/1565/2484 1402/1562/2484 1406/1566/2484
f 1407/1567/2485 1406/1566/2485 1402/1562/2485
f 1402/1562/2486 1408/1568/2486 1407/1567/2486
f 1407/1567/2487 1408/1568/2487 1409/1569/2487
f 1407/1567/2488 1409/1569/2488 1410/1570/2488
f 1410/1570/2489 1411/1571/2489 1407/1567/2489
f 1412/1572/2490 1407/1567/2490 1411/1571/2490
f 1411/1571/2491 1410/1570/2491 1413/1573/2491
f 1413/1573/2492 1410/1570/2492 1414/1574/2492
f 1415/1575/2493 1414/1574/2493 1410/1570/2493
f 1410/1570/2494 1416/1576/2494 1415/1575/2494
f 1415/1575/2495 1416/1576/2495 1417/1577/2495
f 1415/1575/2496 1417/1577/2496 1418/1578/2496
f 1418/1578/2497 1419/1579/2497 1415/1575/2497
f 1420/1580/2498 1415/1575/2498 1419/1579/2498
f 1419/1579/2499 1418/1578/2499 1421/1581/2499
f 1416/1576/2500 1422/1582/2500 1417/1577/2500
f 1416/1576/2501 1423/1583/2501 1422/1582/2501
f 1423/1583/2502 1424/1584/2502 1422/1582/2502
f 1423/1583/2503 1425/1585/2503 1424/1584/2503
f 1425/1585/2504 1426/1586/2504 1424/1584/2504
f 1425/1585/2505 1427/1587/2505 1426/1586/2505
f 1427/1587/2506 1428/1588/2506 1426/1586/2506
f 1427/1587/2506 1429/1589/2506 1428/1588/2506
f 1429/1589/2507 1430/1590/2507 1428/1588/2507
f 1429/1589/2508 1431/1591/2508 1430/1590/2508
f 1431/1591/2509 1432/1592/2509 1430/1590/2509
f 1431/1591/2510 1433/1593/2510 1432/1592/2510
f 1433/1593/2511 1434/1594/2511 1432/1592/2511
f 1433/1593/2512 1435/1595/2512 1434/1594/2512
f 1435/1595/2513 1436/1596/2513 1434/1594/2513
f 1435/1595/2513 1437/1597/2513 1436/1596/2513
f 1437/1597/2514 1438/1598/2514 1436/1596/2514
f 1437/1597/2515 1439/1599/2515 1438/1598/2515
f 1439/1599/2516 1440/1600/2516 1438/1598/2516
f 1439/1599/2517 1441/1601/2517 1440/1600/2517
f 1442/1602/2518 1441/1601/2518 1439/1599/2518
f 1443/1603/2519 1442/1602/2519 1439/1599/2519
f 1444/1604/2520 1442/1602/2520 1443/1603/2520
f 1445/1605/2521 1444/1604/2521 1443/1603/2521
f 1445/1605/2522 1443/1603/2522 1446/1606/2522
f 1447/1607/2523 1445/1605/2523 1446/1606/2523
f 1447/1607/2524 1446/1606/2524 1448/1608/2524
f 1449/1609/2525 1447/1607/2525 1448/1608/2525
f 1449/1609/2526 1448/1608/2526 1450/1610/2526
f 1451/1611/2527 1449/1609/2527 1450/1610/2527
f 1451/1611/2528 1450/1610/2528 1452/1612/2528
f 1453/1613/2529 1451/1611/2529 1452/1612/2529
f 1453/1613/2529 1452/1612/2529 1454/1614/2529
f 1455/1615/2530 1453/1613/2530 1454/1614/2530
f 1455/1615/2531 1454/1614/2531 1456/1616/2531
f 1457/1617/2532 1455/1615/2532 1456/1616/2532
f 1457/1617/2533 1456/1616/2533 1458/1618/2533
f 1408/1568/2534 1457/1617/2534 1458/1618/2534
f 1401/1561/2535 1457/1617/2535 1408/1568/2535
f 1401/1561/2536 1459/1619/2536 1457/1617/2536
f 1458/1618/2537 1456/1616/2537 1425/1585/2537
f 1459/1619/2538 1455/1615/2538 1457/1617/2538
f 1459/1619/2539 1460/1620/2539 1455/1615/2539
f 1461/1621/2540 1460/1620/2540 1459/1619/2540
f 1400/1560/2541 1461/1621/2541 1459/1619/2541
f 1393/1553/2542 1461/1621/2542 1400/1560/2542
f 1393/1553/2543 1462/1622/2543 1461/1621/2543
f 1462/1622/2544 1463/1623/2544 1461/1621/2544
f 1462/1622/2545 1464/1624/2545 1463/1623/2545
f 1464/1624/2546 1465/1625/2546 1463/1623/2546
f 1463/1623/2547 1465/1625/2547 1466/1626/2547
f 1463/1623/2548 1466/1626/2548 1460/1620/2548
f 1460/1620/2549 1466/1626/2549 1453/1613/2549
f 1465/1625/2550 1467/1627/2550 1466/1626/2550
f 1466/1626/2551 1467/1627/2551 1451/1611/2551
f 1465/1625/2552 1468/1628/2552 1467/1627/2552
f 1468/1628/2553 1469/1629/2553 1467/1627/2553
f 1467/1627/2554 1469/1629/2554 1449/1609/2554
f 1468/1628/2555 1470/1630/2555 1469/1629/2555
f 1470/1630/2556 1471/1631/2556 1469/1629/2556
f 1469/1629/2557 1471/1631/2557 1447/1607/2557
f 1470/1630/2558 1472/1632/2558 1471/1631/2558
f 1472/1632/2559 1473/1633/2559 1471/1631/2559
f 1471/1631/2560 1473/1633/2560 1445/1605/2560
f 1472/1632/2561 1474/1634/2561 1473/1633/2561
f 1474/1634/2562 1475/1635/2562 1473/1633/2562
f 1473/1633/2563 1475/1635/2563 1444/1604/2563
f 1475/1635/2564 1476/1636/2564 1444/1604/2564
f 1475/1635/2565 1477/1637/2565 1476/1636/2565
f 1477/1637/2566 1478/1638/2566 1476/1636/2566
f 1476/1636/2567 1478/1638/2567 1479/1639/2567
f 1476/1636/2568 1479/1639/2568 1442/1602/2568
f 1477/1637/2569 1480/1640/2569 1478/1638/2569
f 1481/1641/2570 1480/1640/2570 1477/1637/2570
f 1482/1642/2571 1481/1641/2571 1477/1637/2571
f 1483/1643/2572 1481/1641/2572 1482/1642/2572
f 1484/1644/2573 1483/1643/2573 1482/1642/2573
f 1484/1644/2574 1482/1642/2574 1474/1634/2574
f 1485/1645/2575 1484/1644/2575 1474/1634/2575
f 1486/1646/2576 1484/1644/2576 1485/1645/2576
f 1487/1647/2577 1486/1646/2577 1485/1645/2577
f 1487/1647/2578 1485/1645/2578 1488/1648/2578
f 1489/1649/2579 1487/1647/2579 1488/1648/2579
f 1489/1649/2580 1488/1648/2580 1490/1650/2580
f 1491/1651/2581 1489/1649/2581 1490/1650/2581
f 1491/1651/2582 1490/1650/2582 1492/1652/2582
f 1493/1653/2583 1491/1651/2583 1492/1652/2583
f 1493/1653/2584 1492/1652/2584 1464/1624/2584
f 1494/1654/2585 1493/1653/2585 1464/1624/2585
f 1495/1655/2586 1493/1653/2586 1494/1654/2586
f 1495/1655/2587 1494/1654/2587 1392/1552/2587
f 1495/1655/2588 1392/1552/2588 1496/1656/2588
f 1497/1657/2589 1495/1655/2589 1496/1656/2589
f 1497/1657/2590 1496/1656/2590 1498/1658/2590
f 1499/1659/2591 1497/1657/2591 1498/1658/2591
f 1498/1658/2592 1500/1660/2592 1499/1659/2592
f 1500/1660/2593 1501/1661/2593 1499/1659/2593
f 1499/1659/2594 1501/1661/2594 1502/1662/2594
f 1499/1659/2595 1502/1662/2595 1503/1663/2595
f 1504/1664/2596 1503/1663/2596 1502/1662/2596
f 1504/1664/2597 1502/1662/2597 1505/1665/2597
f 1506/1666/2598 1504/1664/2598 1505/1665/2598
f 1506/1666/2599 1505/1665/2599 1507/1667/2599
f 1508/1668/2600 1506/1666/2600 1507/1667/2600
f 1508/1668/2601 1507/1667/2601 1509/1669/2601
f 1510/1670/2602 1508/1668/2602 1509/1669/2602
f 1510/1670/2603 1509/1669/2603 1511/1671/2603
f 1511/1671/2604 1512/1672/2604 1510/1670/2604
f 1510/1670/2605 1512/1672/2605 1513/1673/2605
f 1510/1670/2606 1513/1673/2606 1514/1674/2606
f 1515/1675/2607 1514/1674/2607 1513/1673/2607
f 1515/1675/2608 1513/1673/2608 1516/1676/2608
f 1486/1646/2609 1515/1675/2609 1516/1676/2609
f 1516/1676/2610 1517/1677/2610 1486/1646/2610
f 1516/1676/2611 1518/1678/2611 1517/1677/2611
f 1517/1677/2612 1518/1678/2612 1519/1679/2612
f 1517/1677/2613 1519/1679/2613 1520/1680/2613
f 1517/1677/2614 1520/1680/2614 1483/1643/2614
f 1520/1680/2615 1521/1681/2615 1483/1643/2615
f 1520/1680/2616 1522/1682/2616 1521/1681/2616
f 1522/1682/2617 1523/1683/2617 1521/1681/2617
f 1521/1681/2618 1523/1683/2618 1524/1684/2618
f 1521/1681/2619 1524/1684/2619 1481/1641/2619
f 1522/1682/2620 1525/1685/2620 1523/1683/2620
f 1525/1685/2621 1522/1682/2621 1526/1686/2621
f 1525/1685/2622 1526/1686/2622 1527/1687/2622
f 1526/1686/2623 1528/1688/2623 1527/1687/2623
f 1526/1686/2624 1529/1689/2624 1528/1688/2624
f 1530/1690/2625 1528/1688/2625 1529/1689/2625
f 1531/1691/2626 1530/1690/2626 1529/1689/2626
f 1519/1679/2627 1531/1691/2627 1529/1689/2627
f 1519/1679/2628 1532/1692/2628 1531/1691/2628
f 1533/1693/2629 1531/1691/2629 1532/1692/2629
f 1512/1672/2630 1533/1693/2630 1532/1692/2630
f 1534/1694/2631 1533/1693/2631 1512/1672/2631
f 1534/1694/2632 1535/1695/2632 1533/1693/2632
f 1536/1696/2633 1533/1693/2633 1535/1695/2633
f 1536/1696/2634 1535/1695/2634 1537/1697/2634
f 1536/1696/2635 1537/1697/2635 1538/1698/2635
f 1536/1696/2636 1538/1698/2636 1530/1690/2636
f 1539/1699/2637 1530/1690/2637 1538/1698/2637
f 1539/1699/2638 1538/1698/2638 1540/1700/2638
f 1540/1700/2639 1538/1698/2639 1541/1701/2639
f 1540/1700/2640 1541/1701/2640 1542/1702/2640
f 1543/1703/2641 1542/1702/2641 1541/1701/2641
f 1541/1701/2642 1544/1704/2642 1543/1703/2642
f 1543/1703/2643 1544/1704/2643 1545/1705/2643
f 1543/1703/2644 1545/1705/2644 1546/1706/2644
f 1547/1707/2645 1543/1703/2645 1546/1706/2645
f 1547/1707/2646 1548/1708/2646 1543/1703/2646
f 1545/1705/2647 1544/1704/2647 1549/1709/2647
f 1545/1705/2648 1549/1709/2648 1550/1710/2648
f 1549/1709/2649 1551/1711/2649 1550/1710/2649
f 1549/1709/2650 1552/1712/2650 1551/1711/2650
f 1553/1713/2651 1551/1711/2651 1552/1712/2651
f 1553/1713/2652 1552/1712/2652 1554/1714/2652
f 1555/1715/2653 1553/1713/2653 1554/1714/2653
f 1555/1715/2654 1554/1714/2654 1556/1716/2654
f 1555/1715/2655 1556/1716/2655 1557/1717/2655
f 1555/1715/2656 1557/1717/2656 1558/1718/2656
f 1557/1717/2657 1559/1719/2657 1558/1718/2657
f 1557/1717/2658 1560/1720/2658 1559/1719/2658
f 1561/1721/2659 1559/1719/2659 1560/1720/2659
f 1561/1721/2660 1560/1720/2660 1562/1722/2660
f 1561/1721/2661 1562/1722/2661 1563/1723/2661
f 1561/1721/2662 1563/1723/2662 1564/1724/2662
f 1561/1721/2663 1564/1724/2663 1565/1725/2663
f 1566/1726/2664 1561/1721/2664 1565/1725/2664
f 1566/1726/2665 1565/1725/2665 1567/1727/2665
f 1565/1725/2666 1568/1728/2666 1567/1727/2666
f 1565/1725/2667 1569/1729/2667 1568/1728/2667
f 1568/1728/2668 1569/1729/2668 1570/1730/2668
f 1568/1728/2669 1570/1730/2669 1571/1731/2669
f 1572/1732/2670 1570/1730/2670 1569/1729/2670
f 1569/1729/2671 1573/1733/2671 1572/1732/2671
f 1569/1729/2672 1574/1734/2672 1573/1733/2672
f 1575/1735/2673 1573/1733/2673 1574/1734/2673
f 1574/1734/2674 1576/1736/2674 1575/1735/2674
f 1574/1734/2675 1577/1737/2675 1576/1736/2675
f 1578/1738/2676 1576/1736/2676 1577/1737/2676
f 1578/1738/2677 1577/1737/2677 1579/1739/2677
f 1500/1660/2678 1579/1739/2678 1577/1737/2678
f 1579/1739/2679 1500/1660/2679 1580/1740/2679
f 1580/1740/2680 1500/1660/2680 1581/1741/2680
f 1582/1742/2681 1581/1741/2681 1500/1660/2681
f 1582/1742/2682 1583/1743/2682 1581/1741/2682
f 1583/1743/2683 1582/1742/2683 1387/1547/2683
f 1564/1724/2684 1577/1737/2684 1574/1734/2684
f 1564/1724/2685 1501/1661/2685 1577/1737/2685
f 1569/1729/2686 1564/1724/2686 1574/1734/2686
f 1569/1729/2687 1565/1725/2687 1564/1724/2687
f 1501/1661/2688 1564/1724/2688 1563/1723/2688
f 1505/1665/2689 1563/1723/2689 1562/1722/2689
f 1584/1744/2690 1505/1665/2690 1562/1722/2690
f 1560/1720/2691 1584/1744/2691 1562/1722/2691
f 1561/1721/2692 1566/1726/2692 1559/1719/2692
f 1560/1720/2693 1557/1717/2693 1584/1744/2693
f 1556/1716/2694 1584/1744/2694 1557/1717/2694
f 1556/1716/2695 1585/1745/2695 1584/1744/2695
f 1509/1669/2696 1584/1744/2696 1585/1745/2696
f 1585/1745/2697 1556/1716/2697 1554/1714/2697
f 1585/1745/2698 1554/1714/2698 1586/1746/2698
f 1585/1745/2699 1586/1746/2699 1511/1671/2699
f 1587/1747/2700 1511/1671/2700 1586/1746/2700
f 1587/1747/2701 1534/1694/2701 1511/1671/2701
f 1534/1694/2702 1587/1747/2702 1588/1748/2702
f 1552/1712/2703 1588/1748/2703 1587/1747/2703
f 1587/1747/2704 1586/1746/2704 1554/1714/2704
f 1587/1747/2705 1554/1714/2705 1552/1712/2705
f 1552/1712/2706 1549/1709/2706 1588/1748/2706
f 1549/1709/2707 1589/1749/2707 1588/1748/2707
f 1537/1697/2708 1588/1748/2708 1589/1749/2708
f 1537/1697/2709 1589/1749/2709 1541/1701/2709
f 1549/1709/2710 1544/1704/2710 1589/1749/2710
f 1541/1701/2711 1589/1749/2711 1544/1704/2711
f 1543/1703/2712 1548/1708/2712 1542/1702/2712
f 1537/1697/2713 1541/1701/2713 1538/1698/2713
f 1537/1697/2714 1535/1695/2714 1588/1748/2714
f 1534/1694/2715 1588/1748/2715 1535/1695/2715
f 1533/1693/2716 1536/1696/2716 1531/1691/2716
f 1531/1691/2717 1536/1696/2717 1530/1690/2717
f 1530/1690/2718 1539/1699/2718 1528/1688/2718
f 1519/1679/2719 1529/1689/2719 1526/1686/2719
f 1520/1680/2720 1526/1686/2720 1522/1682/2720
f 1520/1680/2721 1519/1679/2721 1526/1686/2721
f 1519/1679/2722 1518/1678/2722 1532/1692/2722
f 1513/1673/2723 1532/1692/2723 1518/1678/2723
f 1513/1673/2724 1518/1678/2724 1516/1676/2724
f 1590/1750/2725 1514/1674/2725 1515/1675/2725
f 1515/1675/2726 1489/1649/2726 1590/1750/2726
f 1489/1649/2727 1591/1751/2727 1590/1750/2727
f 1592/1752/2728 1590/1750/2728 1591/1751/2728
f 1592/1752/2729 1591/1751/2729 1593/1753/2729
f 1593/1753/2730 1508/1668/2730 1592/1752/2730
f 1514/1674/2731 1592/1752/2731 1508/1668/2731
f 1591/1751/2732 1594/1754/2732 1593/1753/2732
f 1504/1664/2733 1593/1753/2733 1594/1754/2733
f 1504/1664/2734 1594/1754/2734 1497/1657/2734
f 1595/1755/2735 1497/1657/2735 1594/1754/2735
f 1591/1751/2736 1595/1755/2736 1594/1754/2736
f 1493/1653/2737 1595/1755/2737 1591/1751/2737
f 1590/1750/2738 1592/1752/2738 1514/1674/2738
f 1512/1672/2739 1532/1692/2739 1513/1673/2739
f 1511/1671/2740 1534/1694/2740 1512/1672/2740
f 1585/1745/2741 1511/1671/2741 1509/1669/2741
f 1514/1674/2742 1508/1668/2742 1510/1670/2742
f 1509/1669/2743 1507/1667/2743 1584/1744/2743
f 1593/1753/2744 1506/1666/2744 1508/1668/2744
f 1584/1744/2745 1507/1667/2745 1505/1665/2745
f 1504/1664/2746 1506/1666/2746 1593/1753/2746
f 1505/1665/2747 1502/1662/2747 1563/1723/2747
f 1504/1664/2748 1497/1657/2748 1503/1663/2748
f 1501/1661/2749 1563/1723/2749 1502/1662/2749
f 1500/1660/2750 1577/1737/2750 1501/1661/2750
f 1498/1658/2751 1582/1742/2751 1500/1660/2751
f 1388/1548/2752 1582/1742/2752 1498/1658/2752
f 1499/1659/2753 1503/1663/2753 1497/1657/2753
f 1388/1548/2754 1498/1658/2754 1496/1656/2754
f 1595/1755/2755 1495/1655/2755 1497/1657/2755
f 1392/1552/2756 1494/1654/2756 1462/1622/2756
f 1495/1655/2757 1595/1755/2757 1493/1653/2757
f 1493/1653/2758 1591/1751/2758 1491/1651/2758
f 1492/1652/2759 1490/1650/2759 1468/1628/2759
f 1489/1649/2760 1491/1651/2760 1591/1751/2760
f 1490/1650/2761 1488/1648/2761 1470/1630/2761
f 1515/1675/2762 1487/1647/2762 1489/1649/2762
f 1488/1648/2763 1485/1645/2763 1472/1632/2763
f 1486/1646/2764 1487/1647/2764 1515/1675/2764
f 1486/1646/2765 1517/1677/2765 1484/1644/2765
f 1517/1677/2766 1483/1643/2766 1484/1644/2766
f 1483/1643/2767 1521/1681/2767 1481/1641/2767
f 1481/1641/2768 1524/1684/2768 1480/1640/2768
f 1482/1642/2769 1477/1637/2769 1475/1635/2769
f 1474/1634/2770 1482/1642/2770 1475/1635/2770
f 1485/1645/2771 1474/1634/2771 1472/1632/2771
f 1488/1648/2772 1472/1632/2772 1470/1630/2772
f 1490/1650/2773 1470/1630/2773 1468/1628/2773
f 1492/1652/2774 1468/1628/2774 1465/1625/2774
f 1464/1624/2775 1492/1652/2775 1465/1625/2775
f 1494/1654/2776 1464/1624/2776 1462/1622/2776
f 1461/1621/2777 1463/1623/2777 1460/1620/2777
f 1456/1616/2778 1454/1614/2778 1427/1587/2778
f 1460/1620/2779 1453/1613/2779 1455/1615/2779
f 1454/1614/2780 1452/1612/2780 1429/1589/2780
f 1466/1626/2781 1451/1611/2781 1453/1613/2781
f 1452/1612/2782 1450/1610/2782 1431/1591/2782
f 1467/1627/2783 1449/1609/2783 1451/1611/2783
f 1450/1610/2784 1448/1608/2784 1433/1593/2784
f 1469/1629/2785 1447/1607/2785 1449/1609/2785
f 1448/1608/2786 1446/1606/2786 1435/1595/2786
f 1471/1631/2787 1445/1605/2787 1447/1607/2787
f 1446/1606/2788 1443/1603/2788 1437/1597/2788
f 1473/1633/2789 1444/1604/2789 1445/1605/2789
f 1444/1604/2790 1476/1636/2790 1442/1602/2790
f 1442/1602/2791 1479/1639/2791 1441/1601/2791
f 1443/1603/2792 1439/1599/2792 1437/1597/2792
f 1446/1606/2788 1437/1597/2788 1435/1595/2788
f 1448/1608/2793 1435/1595/2793 1433/1593/2793
f 1450/1610/2794 1433/1593/2794 1431/1591/2794
f 1452/1612/2795 1431/1591/2795 1429/1589/2795
f 1454/1614/2796 1429/1589/2796 1427/1587/2796
f 1456/1616/2797 1427/1587/2797 1425/1585/2797
f 1458/1618/2798 1425/1585/2798 1423/1583/2798
f 1409/1569/2799 1458/1618/2799 1423/1583/2799
f 1409/1569/2800 1423/1583/2800 1416/1576/2800
f 1414/1574/2498 1415/1575/2498 1420/1580/2498
f 1410/1570/2801 1409/1569/2801 1416/1576/2801
f 1408/1568/2802 1458/1618/2802 1409/1569/2802
f 1406/1566/2803 1407/1567/2803 1412/1572/2803
f 1402/1562/2804 1401/1561/2804 1408/1568/2804
f 1400/1560/2805 1459/1619/2805 1401/1561/2805
f 1398/1558/2482 1399/1559/2482 1404/1564/2482
f 1394/1554/2806 1393/1553/2806 1400/1560/2806
f 1392/1552/2807 1462/1622/2807 1393/1553/2807
f 1388/1548/2808 1496/1656/2808 1392/1552/2808
f 1390/1550/2809 1391/1551/2809 1396/1556/2809
f 1388/1548/2810 1387/1547/2810 1582/1742/2810
f 1596/1756/2811 1597/1757/2811 1598/1758/2811
f 1596/1756/2812 1598/1758/2812 1599/1759/2812
f 1600/1760/2813 1596/1756/2813 1599/1759/2813
f 1600/1760/2814 1599/1759/2814 1601/1761/2814
f 1602/1762/2815 1601/1761/2815 1599/1759/2815
f 1602/1762/2816 1599/1759/2816 1603/1763/2816
f 1603/1763/2817 1604/1764/2817 1602/1762/2817
f 1602/1762/2818 1604/1764/2818 1605/1765/2818
f 1604/1764/2819 1603/1763/2819 1606/1766/2819
f 1603/1763/2820 1607/1767/2820 1606/1766/2820
f 1608/1768/2821 1607/1767/2821 1603/1763/2821
f 1598/1758/2822 1608/1768/2822 1603/1763/2822
f 1608/1768/2823 1598/1758/2823 1609/1769/2823
f 1608/1768/2824 1609/1769/2824 1610/1770/2824
f 1610/1770/2825 1611/1771/2825 1608/1768/2825
f 1608/1768/2826 1611/1771/2826 1612/1772/2826
f 1611/1771/2827 1610/1770/2827 1613/1773/2827
f 1610/1770/2828 1614/1774/2828 1613/1773/2828
f 1610/1770/2829 1615/1775/2829 1614/1774/2829
f 1616/1776/2830 1614/1774/2830 1615/1775/2830
f 1616/1776/2831 1615/1775/2831 1617/1777/2831
f 1618/1778/2832 1617/1777/2832 1615/1775/2832
f 1619/1779/2833 1618/1778/2833 1615/1775/2833
f 1619/1779/2834 1615/1775/2834 1620/1780/2834
f 1619/1779/2835 1620/1780/2835 1621/1781/2835
f 1619/1779/2836 1621/1781/2836 1622/1782/2836
f 1623/1783/2837 1622/1782/2837 1621/1781/2837
f 1623/1783/2838 1621/1781/2838 1624/1784/2838
f 1623/1783/2839 1624/1784/2839 1625/1785/2839
f 1626/1786/2840 1623/1783/2840 1625/1785/2840
f 1626/1786/2841 1625/1785/2841 1627/1787/2841
f 1628/1788/2842 1626/1786/2842 1627/1787/2842
f 1628/1788/2843 1627/1787/2843 1629/1789/2843
f 1628/1788/2844 1629/1789/2844 1630/1790/2844
f 1628/1788/2845 1630/1790/2845 1631/1791/2845
f 1632/1792/2846 1628/1788/2846 1631/1791/2846
f 1632/1792/2847 1631/1791/2847 1633/1793/2847
f 1633/1793/2848 1631/1791/2848 1634/1794/2848
f 1633/1793/2849 1634/1794/2849 1635/1795/2849
f 1636/1796/2850 1635/1795/2850 1634/1794/2850
f 1637/1797/2851 1636/1796/2851 1634/1794/2851
f 1637/1797/2852 1634/1794/2852 1638/1798/2852
f 1639/1799/2853 1637/1797/2853 1638/1798/2853
f 1639/1799/2854 1638/1798/2854 1640/1800/2854
f 1641/1801/2855 1639/1799/2855 1640/1800/2855
f 1640/1800/2856 1642/1802/2856 1641/1801/2856
f 1643/1803/2857 1641/1801/2857 1642/1802/2857
f 1643/1803/2858 1642/1802/2858 1644/1804/2858
f 1642/1802/2859 1645/1805/2859 1644/1804/2859
f 1642/1802/2860 1646/1806/2860 1645/1805/2860
f 1645/1805/2861 1646/1806/2861 1647/1807/2861
f 1645/1805/2862 1647/1807/2862 1648/1808/2862
f 1648/1808/2863 1647/1807/2863 1649/1809/2863
f 1648/1808/2864 1649/1809/2864 1650/1810/2864
f 1650/1810/2865 1649/1809/2865 1596/1756/2865
f 1651/1811/2866 1649/1809/2866 1647/1807/2866
f 1652/1812/2867 1651/1811/2867 1647/1807/2867
f 1629/1789/2868 1651/1811/2868 1652/1812/2868
f 1629/1789/2869 1652/1812/2869 1653/1813/2869
f 1642/1802/2870 1653/1813/2870 1652/1812/2870
f 1651/1811/2871 1654/1814/2871 1649/1809/2871
f 1597/1757/2872 1649/1809/2872 1654/1814/2872
f 1624/1784/2873 1597/1757/2873 1654/1814/2873
f 1609/1769/2874 1597/1757/2874 1624/1784/2874
f 1627/1787/2875 1654/1814/2875 1651/1811/2875
f 1652/1812/2876 1647/1807/2876 1646/1806/2876
f 1642/1802/2877 1652/1812/2877 1646/1806/2877
f 1655/1815/2878 1641/1801/2878 1643/1803/2878
f 1655/1815/2879 1643/1803/2879 1656/1816/2879
f 1657/1817/2880 1655/1815/2880 1656/1816/2880
f 1657/1817/2881 1656/1816/2881 1658/1818/2881
f 1657/1817/2882 1658/1818/2882 1659/1819/2882
f 1657/1817/2883 1659/1819/2883 1660/1820/2883
f 1657/1817/2884 1660/1820/2884 1661/1821/2884
f 1657/1817/2885 1661/1821/2885 1662/1822/2885
f 1663/1823/2886 1662/1822/2886 1661/1821/2886
f 1663/1823/2887 1661/1821/2887 1664/1824/2887
f 1665/1825/2888 1663/1823/2888 1664/1824/2888
f 1665/1825/2889 1664/1824/2889 1666/1826/2889
f 1666/1826/2890 1667/1827/2890 1665/1825/2890
f 1665/1825/2891 1667/1827/2891 1668/1828/2891
f 1665/1825/2892 1668/1828/2892 1636/1796/2892
f 1666/1826/2893 1669/1829/2893 1667/1827/2893
f 1669/1829/2894 1666/1826/2894 1670/1830/2894
f 1669/1829/2895 1670/1830/2895 1671/1831/2895
f 1670/1830/2896 1666/1826/2896 1664/1824/2896
f 1670/1830/2897 1664/1824/2897 1672/1832/2897
f 1664/1824/2898 1673/1833/2898 1672/1832/2898
f 1665/1825/2899 1637/1797/2899 1663/1823/2899
f 1664/1824/2900 1661/1821/2900 1673/1833/2900
f 1661/1821/2901 1674/1834/2901 1673/1833/2901
f 1639/1799/2902 1662/1822/2902 1663/1823/2902
f 1655/1815/2903 1662/1822/2903 1639/1799/2903
f 1661/1821/2904 1660/1820/2904 1674/1834/2904
f 1660/1820/2905 1675/1835/2905 1674/1834/2905
f 1676/1836/2906 1674/1834/2906 1675/1835/2906
f 1660/1820/2907 1659/1819/2907 1675/1835/2907
f 1655/1815/2908 1657/1817/2908 1662/1822/2908
f 1640/1800/2909 1653/1813/2909 1642/1802/2909
f 1640/1800/2910 1630/1790/2910 1653/1813/2910
f 1641/1801/2911 1655/1815/2911 1639/1799/2911
f 1640/1800/2912 1638/1798/2912 1630/1790/2912
f 1639/1799/2913 1663/1823/2913 1637/1797/2913
f 1665/1825/2914 1636/1796/2914 1637/1797/2914
f 1636/1796/2915 1668/1828/2915 1635/1795/2915
f 1631/1791/2916 1638/1798/2916 1634/1794/2916
f 1631/1791/2917 1630/1790/2917 1638/1798/2917
f 1629/1789/2918 1653/1813/2918 1630/1790/2918
f 1629/1789/2919 1627/1787/2919 1651/1811/2919
f 1632/1792/2920 1626/1786/2920 1628/1788/2920
f 1632/1792/2921 1677/1837/2921 1626/1786/2921
f 1627/1787/2922 1625/1785/2922 1654/1814/2922
f 1677/1837/2923 1623/1783/2923 1626/1786/2923
f 1677/1837/2924 1678/1838/2924 1623/1783/2924
f 1624/1784/2925 1654/1814/2925 1625/1785/2925
f 1621/1781/2926 1609/1769/2926 1624/1784/2926
f 1623/1783/2927 1678/1838/2927 1622/1782/2927
f 1621/1781/2928 1620/1780/2928 1609/1769/2928
f 1615/1775/2929 1609/1769/2929 1620/1780/2929
f 1617/1777/2930 1618/1778/2930 1679/1839/2930
f 1615/1775/2931 1610/1770/2931 1609/1769/2931
f 1607/1767/2932 1608/1768/2932 1612/1772/2932
f 1650/1810/2933 1596/1756/2933 1600/1760/2933
f 1598/1758/2934 1603/1763/2934 1599/1759/2934
f 1609/1769/2935 1598/1758/2935 1597/1757/2935
f 1597/1757/2936 1596/1756/2936 1649/1809/2936
f 1680/1840/2937 1668/1841/2937 1667/1842/2937
f 1680/1840/2938 1667/1842/2938 1681/1843/2938
f 1682/1844/2939 1680/1840/2939 1681/1843/2939
f 1682/1844/2940 1681/1843/2940 1683/1845/2940
f 1683/1845/2941 1684/1846/2941 1682/1844/2941
f 1684/1846/2942 1685/1847/2942 1682/1844/2942
f 1684/1846/2943 1686/1848/2943 1685/1847/2943
f 1685/1847/2944 1686/1848/2944 1687/1849/2944
f 1685/1847/2945 1687/1849/2945 1688/1850/2945
f 1689/1851/2946 1685/1847/2946 1688/1850/2946
f 1690/1852/2947 1689/1851/2947 1688/1850/2947
f 1690/1852/2948 1688/1850/2948 1691/1853/2948
f 1692/1854/2949 1690/1852/2949 1691/1853/2949
f 1692/1854/2950 1691/1853/2950 1693/1855/2950
f 1694/1856/2951 1692/1854/2951 1693/1855/2951
f 1693/1855/2952 1695/1857/2952 1694/1856/2952
f 1695/1857/2953 1696/1858/2953 1694/1856/2953
f 1694/1856/2954 1696/1858/2954 1697/1859/2954
f 1694/1856/2955 1697/1859/2955 1698/1860/2955
f 1697/1859/2956 1678/1861/2956 1698/1860/2956
f 1678/1861/2957 1692/1854/2957 1698/1860/2957
f 1678/1861/2958 1677/1862/2958 1692/1854/2958
f 1692/1854/2959 1677/1862/2959 1632/1863/2959
f 1697/1859/2960 1622/1864/2960 1678/1861/2960
f 1619/1865/2961 1622/1864/2961 1697/1859/2961
f 1619/1865/2962 1697/1859/2962 1699/1866/2962
f 1618/1867/2963 1619/1865/2963 1699/1866/2963
f 1618/1867/2964 1699/1866/2964 1700/1868/2964
f 1618/1867/2965 1700/1868/2965 1701/1869/2965
f 1618/1867/2966 1701/1869/2966 1679/1870/2966
f 1702/1871/2967 1701/1869/2967 1700/1868/2967
f 1700/1868/2968 1703/1872/2968 1702/1871/2968
f 1700/1868/2969 1704/1873/2969 1703/1872/2969
f 1705/1874/2970 1703/1872/2970 1704/1873/2970
f 1705/1874/2971 1704/1873/2971 1706/1875/2971
f 1707/1876/2972 1706/1875/2972 1704/1873/2972
f 1708/1877/2973 1707/1876/2973 1704/1873/2973
f 1708/1877/2974 1704/1873/2974 1709/1878/2974
f 1696/1858/2975 1708/1877/2975 1709/1878/2975
f 1696/1858/2976 1709/1878/2976 1699/1866/2976
f 1696/1858/2977 1710/1879/2977 1708/1877/2977
f 1711/1880/2978 1708/1877/2978 1710/1879/2978
f 1710/1879/2979 1712/1881/2979 1711/1880/2979
f 1712/1881/2980 1713/1882/2980 1711/1880/2980
f 1711/1880/2981 1713/1882/2981 1714/1883/2981
f 1711/1880/2982 1714/1883/2982 1715/1884/2982
f 1715/1884/2983 1714/1883/2983 1716/1885/2983
f 1715/1884/2984 1716/1885/2984 1717/1886/2984
f 1708/1877/2985 1715/1884/2985 1717/1886/2985
f 1717/1886/2986 1716/1885/2986 1718/1887/2986
f 1717/1886/2987 1718/1887/2987 1719/1888/2987
f 1720/1889/2988 1717/1886/2988 1719/1888/2988
f 1717/1886/2989 1720/1889/2989 1707/1876/2989
f 1707/1876/2990 1720/1889/2990 1721/1890/2990
f 1722/1891/2991 1718/1887/2991 1716/1885/2991
f 1716/1885/2992 1723/1892/2992 1722/1891/2992
f 1716/1885/2993 1568/1893/2993 1723/1892/2993
f 1571/1894/2994 1723/1892/2994 1568/1893/2994
f 1567/1895/2995 1568/1893/2995 1716/1885/2995
f 1567/1895/2996 1716/1885/2996 1714/1883/2996
f 1567/1895/2997 1714/1883/2997 1713/1882/2997
f 1567/1895/2998 1713/1882/2998 1566/1896/2998
f 1566/1896/2999 1713/1882/2999 1724/1897/2999
f 1566/1896/3000 1724/1897/3000 1559/1898/3000
f 1559/1898/3001 1724/1897/3001 1725/1899/3001
f 1559/1898/3002 1725/1899/3002 1558/1900/3002
f 1725/1899/3003 1555/1901/3003 1558/1900/3003
f 1725/1899/3004 1726/1902/3004 1555/1901/3004
f 1553/1903/3005 1555/1901/3005 1726/1902/3005
f 1553/1903/3006 1726/1902/3006 1727/1904/3006
f 1551/1905/3007 1553/1903/3007 1727/1904/3007
f 1551/1905/3008 1727/1904/3008 1728/1906/3008
f 1728/1906/3009 1550/1907/3009 1551/1905/3009
f 1728/1906/3010 1729/1908/3010 1550/1907/3010
f 1545/1909/3011 1550/1907/3011 1729/1908/3011
f 1545/1909/3012 1729/1908/3012 1730/1910/3012
f 1730/1910/3013 1546/1911/3013 1545/1909/3013
f 1730/1910/3014 1731/1912/3014 1546/1911/3014
f 1546/1911/3015 1731/1912/3015 1732/1913/3015
f 1546/1911/3016 1732/1913/3016 1547/1914/3016
f 1731/1912/3017 1733/1915/3017 1732/1913/3017
f 1731/1912/3018 1734/1916/3018 1733/1915/3018
f 1735/1917/3019 1733/1915/3019 1734/1916/3019
f 1736/1918/3020 1735/1917/3020 1734/1916/3020
f 1736/1918/3021 1734/1916/3021 1737/1919/3021
f 1684/1846/3022 1736/1918/3022 1737/1919/3022
f 1684/1846/3023 1737/1919/3023 1738/1920/3023
f 1739/1921/3024 1684/1846/3024 1738/1920/3024
f 1729/1908/3025 1739/1921/3025 1738/1920/3025
f 1738/1920/3026 1737/1919/3026 1730/1910/3026
f 1683/1845/3027 1735/1917/3027 1736/1918/3027
f 1683/1845/3028 1740/1922/3028 1735/1917/3028
f 1741/1923/3029 1735/1917/3029 1740/1922/3029
f 1742/1924/3030 1741/1923/3030 1740/1922/3030
f 1681/1843/3031 1742/1924/3031 1740/1922/3031
f 1681/1843/3032 1669/1925/3032 1742/1924/3032
f 1669/1925/3033 1743/1926/3033 1742/1924/3033
f 1669/1925/3034 1671/1927/3034 1743/1926/3034
f 1742/1924/3035 1743/1926/3035 1741/1923/3035
f 1741/1923/3036 1744/1928/3036 1735/1917/3036
f 1735/1917/3037 1744/1928/3037 1733/1915/3037
f 1737/1919/3038 1734/1916/3038 1731/1912/3038
f 1737/1919/3039 1731/1912/3039 1730/1910/3039
f 1738/1920/3040 1730/1910/3040 1729/1908/3040
f 1729/1908/3041 1728/1906/3041 1739/1921/3041
f 1745/1929/3042 1739/1921/3042 1728/1906/3042
f 1687/1849/3043 1739/1921/3043 1745/1929/3043
f 1745/1929/3044 1746/1930/3044 1687/1849/3044
f 1745/1929/3045 1747/1931/3045 1746/1930/3045
f 1748/1932/3046 1746/1930/3046 1747/1931/3046
f 1725/1899/3047 1748/1932/3047 1747/1931/3047
f 1748/1932/3048 1749/1933/3048 1746/1930/3048
f 1746/1930/3049 1749/1933/3049 1693/1855/3049
f 1749/1933/3050 1748/1932/3050 1712/1881/3050
f 1749/1933/3051 1712/1881/3051 1695/1857/3051
f 1724/1897/3052 1712/1881/3052 1748/1932/3052
f 1726/1902/3053 1747/1931/3053 1745/1929/3053
f 1745/1929/3054 1728/1906/3054 1727/1904/3054
f 1726/1902/3055 1745/1929/3055 1727/1904/3055
f 1725/1899/3056 1747/1931/3056 1726/1902/3056
f 1724/1897/3057 1748/1932/3057 1725/1899/3057
f 1712/1881/3058 1724/1897/3058 1713/1882/3058
f 1710/1879/3059 1695/1857/3059 1712/1881/3059
f 1711/1880/3060 1715/1884/3060 1708/1877/3060
f 1708/1877/3061 1717/1886/3061 1707/1876/3061
f 1706/1875/3062 1707/1876/3062 1721/1890/3062
f 1700/1868/3063 1709/1878/3063 1704/1873/3063
f 1700/1868/3064 1699/1866/3064 1709/1878/3064
f 1696/1858/3065 1699/1866/3065 1697/1859/3065
f 1695/1857/3066 1710/1879/3066 1696/1858/3066
f 1693/1855/3067 1749/1933/3067 1695/1857/3067
f 1694/1856/3068 1698/1860/3068 1692/1854/3068
f 1746/1930/3069 1693/1855/3069 1691/1853/3069
f 1692/1854/3070 1632/1863/3070 1690/1852/3070
f 1690/1852/3071 1632/1863/3071 1633/1934/3071
f 1746/1930/3072 1691/1853/3072 1688/1850/3072
f 1690/1852/3073 1633/1934/3073 1689/1851/3073
f 1750/1935/3074 1689/1851/3074 1633/1934/3074
f 1750/1935/3075 1633/1934/3075 1635/1936/3075
f 1668/1841/3076 1750/1935/3076 1635/1936/3076
f 1689/1851/3077 1750/1935/3077 1685/1847/3077
f 1685/1847/3078 1750/1935/3078 1680/1840/3078
f 1746/1930/3079 1688/1850/3079 1687/1849/3079
f 1687/1849/3080 1686/1848/3080 1739/1921/3080
f 1739/1921/3081 1686/1848/3081 1684/1846/3081
f 1683/1845/3082 1736/1918/3082 1684/1846/3082
f 1681/1843/3083 1740/1922/3083 1683/1845/3083
f 1685/1847/3084 1680/1840/3084 1682/1844/3084
f 1681/1843/3085 1667/1842/3085 1669/1925/3085
f 1668/1841/3086 1680/1840/3086 1750/1935/3086
f 1751/1937/3087 1387/1938/3087 1389/1939/3087
f 1751/1937/3088 1389/1939/3088 1390/1940/3088
f 1390/1940/3089 1752/1941/3089 1751/1937/3089
f 1753/1942/3090 1751/1937/3090 1752/1941/3090
f 1753/1942/3091 1752/1941/3091 1754/1943/3091
f 1755/1944/3092 1753/1942/3092 1754/1943/3092
f 1755/1944/3093 1754/1943/3093 1756/1945/3093
f 1757/1946/3094 1755/1944/3094 1756/1945/3094
f 1757/1946/3095 1756/1945/3095 1758/1947/3095
f 1759/1948/3096 1757/1946/3096 1758/1947/3096
f 1759/1948/3097 1758/1947/3097 1760/1949/3097
f 1761/1950/3098 1759/1948/3098 1760/1949/3098
f 1761/1950/3099 1760/1949/3099 1762/1951/3099
f 1763/1952/3100 1761/1950/3100 1762/1951/3100
f 1763/1952/3101 1762/1951/3101 1764/1953/3101
f 1765/1954/3102 1763/1952/3102 1764/1953/3102
f 1765/1954/3103 1764/1953/3103 1766/1955/3103
f 1767/1956/3104 1765/1954/3104 1766/1955/3104
f 1768/1957/3105 1765/1954/3105 1767/1956/3105
f 1769/1958/3106 1768/1957/3106 1767/1956/3106
f 1770/1959/3106 1768/1957/3106 1769/1958/3106
f 1771/1960/3107 1770/1959/3107 1769/1958/3107
f 1772/1961/3108 1770/1959/3108 1771/1960/3108
f 1773/1962/3109 1772/1961/3109 1771/1960/3109
f 1774/1963/3110 1772/1961/3110 1773/1962/3110
f 1774/1963/3111 1775/1964/3111 1772/1961/3111
f 1775/1964/3112 1776/1965/3112 1772/1961/3112
f 1775/1964/3113 1777/1966/3113 1776/1965/3113
f 1777/1966/3114 1778/1967/3114 1776/1965/3114
f 1776/1965/3115 1778/1967/3115 1779/1968/3115
f 1776/1965/3116 1779/1968/3116 1770/1959/3116
f 1778/1967/3117 1780/1969/3117 1779/1968/3117
f 1779/1968/3118 1780/1969/3118 1781/1970/3118
f 1779/1968/3119 1781/1970/3119 1768/1957/3119
f 1780/1969/3120 1782/1971/3120 1781/1970/3120
f 1781/1970/3121 1782/1971/3121 1763/1952/3121
f 1780/1969/3122 1783/1972/3122 1782/1971/3122
f 1783/1972/3123 1784/1973/3123 1782/1971/3123
f 1782/1971/3124 1784/1973/3124 1761/1950/3124
f 1783/1972/3125 1785/1974/3125 1784/1973/3125
f 1785/1974/3126 1786/1975/3126 1784/1973/3126
f 1784/1973/3127 1786/1975/3127 1759/1948/3127
f 1785/1974/3128 1787/1976/3128 1786/1975/3128
f 1787/1976/3129 1788/1977/3129 1786/1975/3129
f 1786/1975/3130 1788/1977/3130 1757/1946/3130
f 1787/1976/3131 1789/1978/3131 1788/1977/3131
f 1789/1978/3132 1790/1979/3132 1788/1977/3132
f 1788/1977/3133 1790/1979/3133 1755/1944/3133
f 1789/1978/3134 1791/1980/3134 1790/1979/3134
f 1790/1979/3135 1791/1980/3135 1753/1942/3135
f 1753/1942/3136 1791/1980/3136 1792/1981/3136
f 1791/1980/3137 1793/1982/3137 1792/1981/3137
f 1792/1981/3138 1793/1982/3138 1794/1983/3138
f 1794/1983/3139 1751/1937/3139 1792/1981/3139
f 1795/1984/3140 1751/1937/3140 1794/1983/3140
f 1795/1984/3141 1794/1983/3141 1796/1985/3141
f 1581/1986/3142 1795/1984/3142 1796/1985/3142
f 1796/1985/3143 1580/1987/3143 1581/1986/3143
f 1796/1985/3144 1579/1988/3144 1580/1987/3144
f 1579/1988/3145 1796/1985/3145 1797/1989/3145
f 1797/1989/3146 1578/1990/3146 1579/1988/3146
f 1576/1991/3147 1578/1990/3147 1797/1989/3147
f 1797/1989/3148 1798/1992/3148 1576/1991/3148
f 1576/1991/3149 1798/1992/3149 1575/1993/3149
f 1573/1994/3150 1575/1993/3150 1798/1992/3150
f 1798/1992/3151 1799/1995/3151 1573/1994/3151
f 1573/1994/3152 1799/1995/3152 1572/1996/3152
f 1570/1997/3153 1572/1996/3153 1799/1995/3153
f 1799/1995/3154 1800/1998/3154 1570/1997/3154
f 1570/1997/3155 1800/1998/3155 1571/1999/3155
f 1799/1995/3156 1801/2000/3156 1800/1998/3156
f 1800/1998/3157 1801/2000/3157 1802/2001/3157
f 1801/2000/3158 1803/2002/3158 1802/2001/3158
f 1804/2003/3159 1803/2002/3159 1801/2000/3159
f 1805/2004/3160 1804/2003/3160 1801/2000/3160
f 1806/2005/3161 1804/2003/3161 1805/2004/3161
f 1805/2004/3162 1807/2006/3162 1806/2005/3162
f 1806/2005/3163 1807/2006/3163 1808/2007/3163
f 1808/2007/3164 1809/2008/3164 1806/2005/3164
f 1806/2005/3165 1809/2008/3165 1810/2009/3165
f 1809/2008/3166 1811/2010/3166 1810/2009/3166
f 1811/2010/3167 1812/2011/3167 1810/2009/3167
f 1812/2011/3168 1804/2003/3168 1810/2009/3168
f 1813/2012/3169 1804/2003/3169 1812/2011/3169
f 1812/2011/3170 1814/2013/3170 1813/2012/3170
f 1813/2012/3171 1814/2013/3171 1815/2014/3171
f 1814/2013/3172 1816/2015/3172 1815/2014/3172
f 1817/2016/3173 1816/2015/3173 1814/2013/3173
f 1811/2010/3174 1817/2016/3174 1814/2013/3174
f 1818/2017/3175 1817/2016/3175 1811/2010/3175
f 1811/2010/3176 1819/2018/3176 1818/2017/3176
f 1820/2019/3177 1818/2017/3177 1819/2018/3177
f 1819/2018/3178 1821/2020/3178 1820/2019/3178
f 1822/2021/3179 1820/2019/3179 1821/2020/3179
f 1822/2021/3180 1821/2020/3180 1823/2022/3180
f 1824/2023/3181 1822/2021/3181 1823/2022/3181
f 1824/2023/3182 1823/2022/3182 1825/2024/3182
f 1825/2024/3183 1826/2025/3183 1824/2023/3183
f 1824/2023/3184 1826/2025/3184 1827/2026/3184
f 1827/2026/3185 1828/2027/3185 1824/2023/3185
f 1829/2028/3186 1828/2027/3186 1827/2026/3186
f 1829/2028/3187 1827/2026/3187 1830/2029/3187
f 1831/2030/3188 1829/2028/3188 1830/2029/3188
f 1830/2029/3189 1832/2031/3189 1831/2030/3189
f 1831/2030/3190 1832/2031/3190 1833/2032/3190
f 1831/2030/3191 1833/2032/3191 1834/2033/3191
f 1834/2033/3192 1835/2034/3192 1831/2030/3192
f 1836/2035/3193 1835/2034/3193 1834/2033/3193
f 1836/2035/3194 1834/2033/3194 1837/2036/3194
f 1837/2036/3195 1838/2037/3195 1836/2035/3195
f 1836/2035/3196 1838/2037/3196 1839/2038/3196
f 1838/2037/3197 1840/2039/3197 1839/2038/3197
f 1839/2038/3198 1840/2039/3198 1841/2040/3198
f 1841/2040/3199 1842/2041/3199 1839/2038/3199
f 1839/2038/3200 1842/2041/3200 1843/2042/3200
f 1843/2042/3201 1835/2034/3201 1839/2038/3201
f 1843/2042/3202 1829/2028/3202 1835/2034/3202
f 1843/2042/3203 1842/2041/3203 1828/2027/3203
f 1828/2027/3204 1842/2041/3204 1822/2021/3204
f 1842/2041/3205 1841/2040/3205 1820/2019/3205
f 1820/2019/3206 1841/2040/3206 1844/2043/3206
f 1844/2043/3207 1841/2040/3207 1845/2044/3207
f 1845/2044/3208 1818/2017/3208 1844/2043/3208
f 1845/2044/3209 1841/2040/3209 1840/2039/3209
f 1840/2039/3210 1846/2045/3210 1845/2044/3210
f 1846/2045/3211 1816/2015/3211 1845/2044/3211
f 1847/2046/3212 1846/2045/3212 1840/2039/3212
f 1840/2039/3213 1838/2037/3213 1847/2046/3213
f 1847/2046/3214 1838/2037/3214 1848/2047/3214
f 1838/2037/3215 1849/2048/3215 1848/2047/3215
f 1837/2036/3216 1849/2048/3216 1838/2037/3216
f 1837/2036/3217 1850/2049/3217 1849/2048/3217
f 1849/2048/3218 1850/2049/3218 1851/2050/3218
f 1850/2049/3219 1852/2051/3219 1851/2050/3219
f 1853/2052/3220 1852/2051/3220 1850/2049/3220
f 1853/2052/3221 1850/2049/3221 1854/2053/3221
f 1854/2053/3222 1850/2049/3222 1834/2033/3222
f 1837/2036/3223 1834/2033/3223 1850/2049/3223
f 1839/2038/3224 1835/2034/3224 1836/2035/3224
f 1834/2033/3225 1833/2032/3225 1854/2053/3225
f 1832/2031/3226 1830/2029/3226 1855/2054/3226
f 1855/2054/3227 1830/2029/3227 1856/2055/3227
f 1856/2055/3228 1857/2056/3228 1855/2054/3228
f 1855/2054/3229 1857/2056/3229 1858/2057/3229
f 1857/2056/3230 1859/2058/3230 1858/2057/3230
f 1860/2059/3231 1859/2058/3231 1857/2056/3231
f 1857/2056/3232 1861/2060/3232 1860/2059/3232
f 1860/2059/3233 1861/2060/3233 1862/2061/3233
f 1863/2062/3234 1860/2059/3234 1862/2061/3234
f 1863/2062/3235 1862/2061/3235 1864/2063/3235
f 1864/2063/3236 1862/2061/3236 1865/2064/3236
f 1864/2063/3237 1865/2064/3237 1866/2065/3237
f 1866/2065/3238 1865/2064/3238 1867/2066/3238
f 1866/2065/3239 1867/2066/3239 1868/2067/3239
f 1868/2067/3240 1867/2066/3240 1869/2068/3240
f 1868/2067/3241 1869/2068/3241 1870/2069/3241
f 1870/2069/3242 1869/2068/3242 1775/1964/3242
f 1867/2066/3243 1871/2070/3243 1869/2068/3243
f 1869/2068/3244 1871/2070/3244 1777/1966/3244
f 1871/2070/3245 1872/2071/3245 1777/1966/3245
f 1871/2070/3246 1873/2072/3246 1872/2071/3246
f 1873/2072/3247 1874/2073/3247 1872/2071/3247
f 1872/2071/3248 1874/2073/3248 1875/2074/3248
f 1872/2071/3249 1875/2074/3249 1778/1967/3249
f 1874/2073/3250 1876/2075/3250 1875/2074/3250
f 1875/2074/3251 1876/2075/3251 1783/1972/3251
f 1874/2073/3252 1877/2076/3252 1876/2075/3252
f 1877/2076/3253 1878/2077/3253 1876/2075/3253
f 1876/2075/3254 1878/2077/3254 1785/1974/3254
f 1877/2076/3255 1879/2078/3255 1878/2077/3255
f 1879/2078/3256 1880/2079/3256 1878/2077/3256
f 1878/2077/3257 1880/2079/3257 1787/1976/3257
f 1880/2079/3258 1879/2078/3258 1881/2080/3258
f 1881/2080/3259 1789/1978/3259 1880/2079/3259
f 1882/2081/3260 1789/1978/3260 1881/2080/3260
f 1882/2081/3261 1881/2080/3261 1883/2082/3261
f 1793/1982/3262 1882/2081/3262 1883/2082/3262
f 1883/2082/3263 1884/2083/3263 1793/1982/3263
f 1793/1982/3264 1884/2083/3264 1885/2084/3264
f 1885/2084/3265 1886/2085/3265 1793/1982/3265
f 1808/2007/3266 1886/2085/3266 1885/2084/3266
f 1885/2084/3267 1884/2083/3267 1808/2007/3267
f 1887/2086/3268 1884/2083/3268 1883/2082/3268
f 1888/2087/3269 1884/2083/3269 1887/2086/3269
f 1888/2087/3270 1887/2086/3270 1889/2088/3270
f 1888/2087/3271 1889/2088/3271 1890/2089/3271
f 1809/2008/3272 1888/2087/3272 1890/2089/3272
f 1890/2089/3273 1889/2088/3273 1819/2018/3273
f 1889/2088/3274 1887/2086/3274 1891/2090/3274
f 1891/2090/3275 1892/2091/3275 1889/2088/3275
f 1889/2088/3276 1892/2091/3276 1821/2020/3276
f 1891/2090/3277 1893/2092/3277 1892/2091/3277
f 1892/2091/3278 1893/2092/3278 1894/2093/3278
f 1892/2091/3279 1894/2093/3279 1823/2022/3279
f 1823/2022/3280 1894/2093/3280 1895/2094/3280
f 1894/2093/3281 1896/2095/3281 1895/2094/3281
f 1897/2096/3282 1895/2094/3282 1896/2095/3282
f 1897/2096/3283 1896/2095/3283 1898/2097/3283
f 1899/2098/3284 1897/2096/3284 1898/2097/3284
f 1899/2098/3285 1898/2097/3285 1900/2099/3285
f 1865/2064/3286 1899/2098/3286 1900/2099/3286
f 1900/2099/3287 1898/2097/3287 1873/2072/3287
f 1898/2097/3288 1901/2100/3288 1873/2072/3288
f 1861/2060/3289 1897/2096/3289 1899/2098/3289
f 1826/2025/3290 1897/2096/3290 1861/2060/3290
f 1898/2097/3291 1896/2095/3291 1901/2100/3291
f 1896/2095/3292 1902/2101/3292 1901/2100/3292
f 1901/2100/3293 1902/2101/3293 1877/2076/3293
f 1825/2024/3294 1895/2094/3294 1897/2096/3294
f 1902/2101/3295 1896/2095/3295 1894/2093/3295
f 1902/2101/3296 1894/2093/3296 1879/2078/3296
f 1879/2078/3297 1894/2093/3297 1893/2092/3297
f 1893/2092/3298 1891/2090/3298 1881/2080/3298
f 1881/2080/3299 1891/2090/3299 1887/2086/3299
f 1884/2083/3300 1888/2087/3300 1809/2008/3300
f 1883/2082/3301 1881/2080/3301 1887/2086/3301
f 1881/2080/3302 1879/2078/3302 1893/2092/3302
f 1902/2101/3303 1879/2078/3303 1877/2076/3303
f 1901/2100/3304 1877/2076/3304 1874/2073/3304
f 1873/2072/3305 1901/2100/3305 1874/2073/3305
f 1900/2099/3306 1873/2072/3306 1871/2070/3306
f 1867/2066/3307 1900/2099/3307 1871/2070/3307
f 1865/2064/3308 1900/2099/3308 1867/2066/3308
f 1862/2061/3309 1899/2098/3309 1865/2064/3309
f 1862/2061/3310 1861/2060/3310 1899/2098/3310
f 1826/2025/3311 1861/2060/3311 1857/2056/3311
f 1859/2058/3312 1860/2059/3312 1863/2062/3312
f 1856/2055/3313 1826/2025/3313 1857/2056/3313
f 1835/2034/3314 1829/2028/3314 1831/2030/3314
f 1830/2029/3315 1827/2026/3315 1856/2055/3315
f 1828/2027/3316 1829/2028/3316 1843/2042/3316
f 1827/2026/3317 1826/2025/3317 1856/2055/3317
f 1825/2024/3318 1897/2096/3318 1826/2025/3318
f 1825/2024/3319 1823/2022/3319 1895/2094/3319
f 1828/2027/3320 1822/2021/3320 1824/2023/3320
f 1823/2022/3321 1821/2020/3321 1892/2091/3321
f 1842/2041/3322 1820/2019/3322 1822/2021/3322
f 1889/2088/3323 1821/2020/3323 1819/2018/3323
f 1844/2043/3324 1818/2017/3324 1820/2019/3324
f 1890/2089/3325 1819/2018/3325 1811/2010/3325
f 1817/2016/3326 1818/2017/3326 1845/2044/3326
f 1845/2044/3327 1816/2015/3327 1817/2016/3327
f 1814/2013/3328 1812/2011/3328 1811/2010/3328
f 1890/2089/3329 1811/2010/3329 1809/2008/3329
f 1808/2007/3330 1884/2083/3330 1809/2008/3330
f 1807/2006/3331 1886/2085/3331 1808/2007/3331
f 1807/2006/3332 1796/1985/3332 1886/2085/3332
f 1807/2006/3333 1805/2004/3333 1797/1989/3333
f 1810/2009/3334 1804/2003/3334 1806/2005/3334
f 1803/2002/3335 1804/2003/3335 1813/2012/3335
f 1801/2000/3336 1799/1995/3336 1805/2004/3336
f 1805/2004/3337 1799/1995/3337 1798/1992/3337
f 1797/1989/3338 1805/2004/3338 1798/1992/3338
f 1797/1989/3339 1796/1985/3339 1807/2006/3339
f 1583/2102/3340 1795/1984/3340 1581/1986/3340
f 1795/1984/3341 1583/2102/3341 1387/1938/3341
f 1796/1985/3342 1794/1983/3342 1886/2085/3342
f 1793/1982/3343 1886/2085/3343 1794/1983/3343
f 1791/1980/3344 1882/2081/3344 1793/1982/3344
f 1882/2081/3345 1791/1980/3345 1789/1978/3345
f 1880/2079/3346 1789/1978/3346 1787/1976/3346
f 1878/2077/3347 1787/1976/3347 1785/1974/3347
f 1876/2075/3348 1785/1974/3348 1783/1972/3348
f 1875/2074/3349 1783/1972/3349 1780/1969/3349
f 1778/1967/3350 1875/2074/3350 1780/1969/3350
f 1777/1966/3351 1872/2071/3351 1778/1967/3351
f 1869/2068/3352 1777/1966/3352 1775/1964/3352
f 1870/2069/3353 1775/1964/3353 1774/1963/3353
f 1772/1961/3354 1776/1965/3354 1770/1959/3354
f 1770/1959/3116 1779/1968/3116 1768/1957/3116
f 1768/1957/3355 1781/1970/3355 1765/1954/3355
f 1766/1955/3356 1764/1953/3356 1903/2103/3356
f 1764/1953/3357 1904/2104/3357 1903/2103/3357
f 1903/2103/3358 1904/2104/3358 1905/2105/3358
f 1904/2104/3359 1906/2106/3359 1905/2105/3359
f 1905/2105/3359 1906/2106/3359 1907/2107/3359
f 1906/2106/3360 1908/2108/3360 1907/2107/3360
f 1907/2107/3361 1908/2108/3361 1909/2109/3361
f 1908/2108/3362 1910/2110/3362 1909/2109/3362
f 1909/2109/3363 1910/2110/3363 1911/2111/3363
f 1910/2110/3364 1912/2112/3364 1911/2111/3364
f 1911/2111/3365 1912/2112/3365 1913/2113/3365
f 1912/2112/3366 1914/2114/3366 1913/2113/3366
f 1913/2113/3367 1914/2114/3367 1915/2115/3367
f 1419/2116/3368 1915/2115/3368 1914/2114/3368
f 1914/2114/3369 1420/2117/3369 1419/2116/3369
f 1914/2114/3369 1414/2118/3369 1420/2117/3369
f 1414/2118/3370 1914/2114/3370 1916/2119/3370
f 1916/2119/3371 1413/2120/3371 1414/2118/3371
f 1916/2119/3372 1411/2121/3372 1413/2120/3372
f 1411/2121/3373 1916/2119/3373 1917/2122/3373
f 1917/2122/3374 1412/2123/3374 1411/2121/3374
f 1917/2122/3375 1406/2124/3375 1412/2123/3375
f 1406/2124/3376 1917/2122/3376 1918/2125/3376
f 1918/2125/3377 1405/2126/3377 1406/2124/3377
f 1918/2125/3378 1403/2127/3378 1405/2126/3378
f 1403/2127/3379 1918/2125/3379 1919/2128/3379
f 1919/2128/3380 1404/2129/3380 1403/2127/3380
f 1919/2128/3380 1398/2130/3380 1404/2129/3380
f 1398/2130/3381 1919/2128/3381 1920/2131/3381
f 1920/2131/3382 1397/2132/3382 1398/2130/3382
f 1920/2131/3383 1395/2133/3383 1397/2132/3383
f 1395/2133/3384 1920/2131/3384 1752/1941/3384
f 1752/1941/3385 1396/2134/3385 1395/2133/3385
f 1921/2135/3386 1920/2131/3386 1919/2128/3386
f 1921/2135/3387 1919/2128/3387 1922/2136/3387
f 1923/2137/3388 1921/2135/3388 1922/2136/3388
f 1923/2137/3389 1922/2136/3389 1924/2138/3389
f 1925/2139/3390 1923/2137/3390 1924/2138/3390
f 1925/2139/3391 1924/2138/3391 1926/2140/3391
f 1927/2141/3392 1925/2139/3392 1926/2140/3392
f 1927/2141/3393 1926/2140/3393 1906/2106/3393
f 1760/1949/3394 1925/2139/3394 1927/2141/3394
f 1926/2140/3395 1924/2138/3395 1928/2142/3395
f 1926/2140/3396 1928/2142/3396 1908/2108/3396
f 1924/2138/3397 1929/2143/3397 1928/2142/3397
f 1928/2142/3398 1929/2143/3398 1930/2144/3398
f 1928/2142/3399 1930/2144/3399 1910/2110/3399
f 1929/2143/3400 1917/2122/3400 1930/2144/3400
f 1758/1947/3401 1923/2137/3401 1925/2139/3401
f 1924/2138/3402 1922/2136/3402 1929/2143/3402
f 1922/2136/3403 1918/2125/3403 1929/2143/3403
f 1756/1945/3404 1921/2135/3404 1923/2137/3404
f 1754/1943/3405 1920/2131/3405 1921/2135/3405
f 1922/2136/3406 1919/2128/3406 1918/2125/3406
f 1929/2143/3407 1918/2125/3407 1917/2122/3407
f 1930/2144/3408 1917/2122/3408 1916/2119/3408
f 1930/2144/3409 1916/2119/3409 1912/2112/3409
f 1915/2115/3410 1419/2116/3410 1421/2145/3410
f 1912/2112/3411 1916/2119/3411 1914/2114/3411
f 1910/2110/3412 1930/2144/3412 1912/2112/3412
f 1908/2108/3413 1928/2142/3413 1910/2110/3413
f 1906/2106/3414 1926/2140/3414 1908/2108/3414
f 1904/2104/3415 1927/2141/3415 1906/2106/3415
f 1762/1951/3416 1927/2141/3416 1904/2104/3416
f 1781/1970/3417 1763/1952/3417 1765/1954/3417
f 1764/1953/3418 1762/1951/3418 1904/2104/3418
f 1782/1971/3419 1761/1950/3419 1763/1952/3419
f 1762/1951/3099 1760/1949/3099 1927/2141/3099
f 1784/1973/3420 1759/1948/3420 1761/1950/3420
f 1760/1949/3421 1758/1947/3421 1925/2139/3421
f 1786/1975/3422 1757/1946/3422 1759/1948/3422
f 1758/1947/3423 1756/1945/3423 1923/2137/3423
f 1788/1977/3424 1755/1944/3424 1757/1946/3424
f 1756/1945/3425 1754/1943/3425 1921/2135/3425
f 1790/1979/3426 1753/1942/3426 1755/1944/3426
f 1754/1943/3427 1752/1941/3427 1920/2131/3427
f 1792/1981/3428 1751/1937/3428 1753/1942/3428
f 1752/1941/3429 1390/1940/3429 1396/2134/3429
f 1387/1938/3430 1751/1937/3430 1795/1984/3430
f 1931/2146/3431 1932/2147/3431 1933/2148/3431
f 1933/2148/3432 1934/2149/3432 1931/2146/3432
f 1931/2146/3433 1934/2149/3433 1935/2150/3433
f 1931/2146/3434 1935/2150/3434 1936/2151/3434
f 1937/2152/3435 1931/2146/3435 1936/2151/3435
f 1936/2151/3436 1938/2153/3436 1937/2152/3436
f 1937/2152/3437 1938/2153/3437 1939/2154/3437
f 1939/2154/3438 1940/2155/3438 1937/2152/3438
f 1937/2152/3439 1940/2155/3439 1941/2156/3439
f 1937/2152/3440 1941/2156/3440 1932/2147/3440
f 1932/2147/3441 1941/2156/3441 1942/2157/3441
f 1932/2147/3442 1942/2157/3442 1943/2158/3442
f 1943/2158/3443 1942/2157/3443 1944/2159/3443
f 1944/2159/3444 1945/2160/3444 1943/2158/3444
f 1943/2158/3445 1945/2160/3445 1946/2161/3445
f 1946/2161/3446 1933/2148/3446 1943/2158/3446
f 1947/2162/3447 1933/2148/3447 1946/2161/3447
f 1607/2163/3448 1947/2162/3448 1946/2161/3448
f 1607/2163/3449 1946/2161/3449 1606/2164/3449
f 1946/2161/3450 1604/2165/3450 1606/2164/3450
f 1947/2162/3451 1607/2163/3451 1612/2166/3451
f 1611/2167/3452 1947/2162/3452 1612/2166/3452
f 1611/2167/3453 1948/2168/3453 1947/2162/3453
f 1934/2149/3454 1947/2162/3454 1948/2168/3454
f 1948/2168/3455 1949/2169/3455 1934/2149/3455
f 1934/2149/3456 1949/2169/3456 1950/2170/3456
f 1950/2170/3457 1951/2171/3457 1934/2149/3457
f 1950/2170/3458 1952/2172/3458 1951/2171/3458
f 1951/2171/3459 1952/2172/3459 1953/2173/3459
f 1953/2173/3460 1954/2174/3460 1951/2171/3460
f 1951/2171/3461 1954/2174/3461 1935/2150/3461
f 1935/2150/3462 1954/2174/3462 1955/2175/3462
f 1954/2174/3463 1956/2176/3463 1955/2175/3463
f 1955/2175/3464 1956/2176/3464 1957/2177/3464
f 1955/2175/3465 1957/2177/3465 1936/2151/3465
f 1956/2176/3466 1958/2178/3466 1957/2177/3466
f 1957/2177/3467 1958/2178/3467 1959/2179/3467
f 1957/2177/3468 1959/2179/3468 1938/2153/3468
f 1938/2153/3469 1959/2179/3469 1960/2180/3469
f 1960/2180/3470 1959/2179/3470 1961/2181/3470
f 1961/2181/3471 1962/2182/3471 1960/2180/3471
f 1960/2180/3472 1962/2182/3472 1963/2183/3472
f 1939/2154/3473 1960/2180/3473 1963/2183/3473
f 1963/2183/3474 1964/2184/3474 1939/2154/3474
f 1963/2183/3475 1962/2182/3475 1964/2184/3475
f 1964/2184/3476 1962/2182/3476 1965/2185/3476
f 1962/2182/3477 1966/2186/3477 1965/2185/3477
f 1967/2187/3478 1966/2186/3478 1962/2182/3478
f 1962/2182/3479 1968/2188/3479 1967/2187/3479
f 1969/2189/3480 1967/2187/3480 1968/2188/3480
f 1970/2190/3481 1969/2189/3481 1968/2188/3481
f 1970/2190/3482 1968/2188/3482 1971/2191/3482
f 1971/2191/3483 1972/2192/3483 1970/2190/3483
f 1970/2190/3484 1972/2192/3484 1973/2193/3484
f 1973/2193/3485 1974/2194/3485 1970/2190/3485
f 1975/2195/3486 1974/2194/3486 1973/2193/3486
f 1976/2196/3487 1975/2195/3487 1973/2193/3487
f 1973/2193/3488 1977/2197/3488 1976/2196/3488
f 1978/2198/3489 1975/2195/3489 1976/2196/3489
f 1978/2198/3490 1979/2199/3490 1975/2195/3490
f 1980/2200/3491 1979/2199/3491 1978/2198/3491
f 1980/2200/3492 1981/2201/3492 1979/2199/3492
f 1982/2202/3493 1979/2199/3493 1981/2201/3493
f 1981/2201/3494 1983/2203/3494 1982/2202/3494
f 1982/2202/3495 1983/2203/3495 1984/2204/3495
f 1985/2205/3496 1982/2202/3496 1984/2204/3496
f 1986/2206/3497 1982/2202/3497 1985/2205/3497
f 1987/2207/3498 1986/2206/3498 1985/2205/3498
f 1988/2208/3499 1986/2206/3499 1987/2207/3499
f 1989/2209/3500 1988/2208/3500 1987/2207/3500
f 1987/2207/3501 1990/2210/3501 1989/2209/3501
f 1991/2211/3502 1988/2208/3502 1989/2209/3502
f 1991/2211/3503 1992/2212/3503 1988/2208/3503
f 1993/2213/3504 1992/2212/3504 1991/2211/3504
f 1994/2214/3505 1992/2212/3505 1993/2213/3505
f 1995/2215/3506 1992/2212/3506 1994/2214/3506
f 1966/2186/3507 1995/2215/3507 1994/2214/3507
f 1992/2212/3508 1995/2215/3508 1996/2216/3508
f 1986/2206/3509 1992/2212/3509 1996/2216/3509
f 1996/2216/3510 1997/2217/3510 1986/2206/3510
f 1996/2216/3511 1969/2189/3511 1997/2217/3511
f 1997/2217/3512 1969/2189/3512 1974/2194/3512
f 1974/2194/3513 1979/2199/3513 1997/2217/3513
f 1996/2216/3514 1995/2215/3514 1969/2189/3514
f 1988/2208/3515 1992/2212/3515 1986/2206/3515
f 1986/2206/3516 1997/2217/3516 1982/2202/3516
f 1981/2201/3517 1998/2218/3517 1983/2203/3517
f 1983/2203/3518 1998/2218/3518 1999/2219/3518
f 1997/2217/3519 1979/2199/3519 1982/2202/3519
f 1998/2218/3520 1981/2201/3520 1980/2200/3520
f 1975/2195/3521 1979/2199/3521 1974/2194/3521
f 1972/2192/3522 1977/2197/3522 1973/2193/3522
f 1972/2192/3523 2000/2220/3523 1977/2197/3523
f 1958/2178/3524 2000/2220/3524 1972/2192/3524
f 1971/2191/3525 1958/2178/3525 1972/2192/3525
f 1971/2191/3526 1968/2188/3526 1961/2181/3526
f 1974/2194/3527 1969/2189/3527 1970/2190/3527
f 1995/2215/3528 1967/2187/3528 1969/2189/3528
f 1967/2187/3529 1995/2215/3529 1966/2186/3529
f 1961/2181/3530 1968/2188/3530 1962/2182/3530
f 1961/2181/3531 1959/2179/3531 1971/2191/3531
f 1959/2179/3532 1958/2178/3532 1971/2191/3532
f 1956/2176/3533 2000/2220/3533 1958/2178/3533
f 2001/2221/3534 2000/2220/3534 1956/2176/3534
f 1954/2174/3535 2001/2221/3535 1956/2176/3535
f 2002/2222/3536 2001/2221/3536 1954/2174/3536
f 2002/2222/3537 1954/2174/3537 1953/2173/3537
f 1949/2169/3538 1952/2172/3538 1950/2170/3538
f 2003/2223/3539 1952/2172/3539 1949/2169/3539
f 1617/2224/3540 2003/2223/3540 1949/2169/3540
f 1949/2169/3541 1616/2225/3541 1617/2224/3541
f 1614/2226/3542 1616/2225/3542 1949/2169/3542
f 2003/2223/3543 1617/2224/3543 1679/2227/3543
f 1949/2169/3544 1948/2168/3544 1614/2226/3544
f 1614/2226/3545 1948/2168/3545 1613/2228/3545
f 1948/2168/3546 1611/2167/3546 1613/2228/3546
f 1604/2165/3547 1946/2161/3547 1945/2160/3547
f 1604/2165/3548 1945/2160/3548 1605/2229/3548
f 1939/2154/3549 1964/2184/3549 1940/2155/3549
f 1938/2153/3550 1960/2180/3550 1939/2154/3550
f 1936/2151/3551 1957/2177/3551 1938/2153/3551
f 1936/2151/3552 1935/2150/3552 1955/2175/3552
f 1934/2149/3553 1951/2171/3553 1935/2150/3553
f 1933/2148/3554 1947/2162/3554 1934/2149/3554
f 1933/2148/3555 1932/2147/3555 1943/2158/3555
f 1932/2147/3556 1931/2146/3556 1937/2152/3556
f 1978/2230/3557 2004/2231/3557 1980/2232/3557
f 1980/2232/3558 2004/2231/3558 2005/2233/3558
f 1980/2232/3559 2005/2233/3559 1998/2234/3559
f 1998/2234/3560 2005/2233/3560 2006/2235/3560
f 2007/2236/3561 1998/2234/3561 2006/2235/3561
f 2007/2236/3562 2006/2235/3562 2008/2237/3562
f 2008/2237/3563 2006/2235/3563 2009/2238/3563
f 2010/2239/3564 2008/2237/3564 2009/2238/3564
f 2009/2238/3565 2011/2240/3565 2010/2239/3565
f 2010/2239/3566 2011/2240/3566 2012/2241/3566
f 2010/2239/3567 2012/2241/3567 2013/2242/3567
f 2014/2243/3568 2010/2239/3568 2013/2242/3568
f 2013/2242/3569 2015/2244/3569 2014/2243/3569
f 2014/2243/3570 2015/2244/3570 2016/2245/3570
f 2015/2244/3571 1851/2246/3571 2016/2245/3571
f 2016/2245/3572 1851/2246/3572 1852/2247/3572
f 2015/2244/3573 2017/2248/3573 1851/2246/3573
f 1851/2246/3574 2017/2248/3574 1849/2249/3574
f 2018/2250/3575 1849/2249/3575 2017/2248/3575
f 2017/2248/3576 2019/2251/3576 2018/2250/3576
f 2020/2252/3577 2018/2250/3577 2019/2251/3577
f 2021/2253/3578 2020/2252/3578 2019/2251/3578
f 2022/2254/3579 2021/2253/3579 2019/2251/3579
f 2012/2241/3580 2021/2253/3580 2022/2254/3580
f 2023/2255/3581 2020/2252/3581 2021/2253/3581
f 2023/2255/3582 2021/2253/3582 2024/2256/3582
f 2023/2255/3583 2024/2256/3583 2025/2257/3583
f 2025/2257/3584 2024/2256/3584 2026/2258/3584
f 2026/2258/3585 2027/2259/3585 2025/2257/3585
f 2027/2259/3586 2028/2260/3586 2025/2257/3586
f 2020/2252/3587 2025/2257/3587 2028/2260/3587
f 2020/2252/3588 2028/2260/3588 2029/2261/3588
f 2029/2261/3589 2028/2260/3589 2030/2262/3589
f 2030/2262/3590 1847/2263/3590 2029/2261/3590
f 1848/2264/3591 2029/2261/3591 1847/2263/3591
f 2018/2250/3592 2029/2261/3592 1848/2264/3592
f 1846/2265/3593 1847/2263/3593 2030/2262/3593
f 2031/2266/3594 1846/2265/3594 2030/2262/3594
f 1816/2267/3595 1846/2265/3595 2031/2266/3595
f 2031/2266/3596 2032/2268/3596 1816/2267/3596
f 1816/2267/3597 2032/2268/3597 1815/2269/3597
f 2032/2268/3598 1813/2270/3598 1815/2269/3598
f 2033/2271/3599 1813/2270/3599 2032/2268/3599
f 2034/2272/3600 2033/2271/3600 2032/2268/3600
f 2034/2272/3601 2032/2268/3601 2035/2273/3601
f 2027/2259/3602 2034/2272/3602 2035/2273/3602
f 2036/2274/3603 2034/2272/3603 2027/2259/3603
f 2036/2274/3604 2027/2259/3604 2037/2275/3604
f 2036/2274/3605 2037/2275/3605 2038/2276/3605
f 2039/2277/3606 2036/2274/3606 2038/2276/3606
f 2038/2276/3607 2040/2278/3607 2039/2277/3607
f 2039/2277/3608 2040/2278/3608 2041/2279/3608
f 2042/2280/3609 2039/2277/3609 2041/2279/3609
f 2042/2280/3610 2041/2279/3610 2043/2281/3610
f 2043/2281/3611 1802/2282/3611 2042/2280/3611
f 2042/2280/3612 1802/2282/3612 1803/2283/3612
f 2042/2280/3613 1803/2283/3613 2033/2271/3613
f 2044/2284/3614 1802/2282/3614 2043/2281/3614
f 2043/2281/3615 2045/2285/3615 2044/2284/3615
f 2044/2284/3616 2045/2285/3616 2046/2286/3616
f 2044/2284/3617 2046/2286/3617 1718/2287/3617
f 1718/2287/3618 1722/2288/3618 2044/2284/3618
f 1723/2289/3619 2044/2284/3619 1722/2288/3619
f 1800/2290/3620 2044/2284/3620 1723/2289/3620
f 1723/2289/3621 1571/2291/3621 1800/2290/3621
f 1718/2287/3622 2046/2286/3622 1719/2292/3622
f 2046/2286/3623 1720/2293/3623 1719/2292/3623
f 1720/2293/3624 2046/2286/3624 2047/2294/3624
f 1720/2293/3625 2047/2294/3625 1721/2295/3625
f 2047/2294/3626 1706/2296/3626 1721/2295/3626
f 1706/2296/3627 2047/2294/3627 2048/2297/3627
f 2048/2297/3628 1705/2298/3628 1706/2296/3628
f 1703/2299/3629 1705/2298/3629 2048/2297/3629
f 2048/2297/3630 2049/2300/3630 1703/2299/3630
f 1703/2299/3631 2049/2300/3631 1702/2301/3631
f 1701/2302/3632 1702/2301/3632 2049/2300/3632
f 2049/2300/3633 2003/2303/3633 1701/2302/3633
f 1701/2302/3634 2003/2303/3634 1679/2304/3634
f 2050/2305/3635 2003/2303/3635 2049/2300/3635
f 2050/2305/3636 2049/2300/3636 2051/2306/3636
f 2051/2306/3637 2052/2307/3637 2050/2305/3637
f 2050/2305/3638 2052/2307/3638 2053/2308/3638
f 2053/2308/3639 1952/2309/3639 2050/2305/3639
f 1953/2310/3640 1952/2309/3640 2053/2308/3640
f 1953/2310/3641 2053/2308/3641 2002/2311/3641
f 2002/2311/3642 2053/2308/3642 2054/2312/3642
f 2055/2313/3643 2002/2311/3643 2054/2312/3643
f 2054/2312/3644 2056/2314/3644 2055/2313/3644
f 2055/2313/3645 2056/2314/3645 2037/2275/3645
f 2057/2315/3646 2055/2313/3646 2037/2275/3646
f 2058/2316/3647 2055/2313/3647 2057/2315/3647
f 2026/2258/3648 2058/2316/3648 2057/2315/3648
f 2059/2317/3649 2058/2316/3649 2026/2258/3649
f 1977/2318/3650 2058/2316/3650 2059/2317/3650
f 2059/2317/3651 2060/2319/3651 1977/2318/3651
f 1977/2318/3652 2060/2319/3652 1976/2320/3652
f 2060/2319/3653 1978/2230/3653 1976/2320/3653
f 2060/2319/3654 2059/2317/3654 2024/2256/3654
f 2060/2319/3655 2024/2256/3655 2004/2231/3655
f 2004/2231/3656 2024/2256/3656 2061/2321/3656
f 2000/2322/3657 2058/2316/3657 1977/2318/3657
f 2000/2322/3658 2055/2313/3658 2058/2316/3658
f 2001/2323/3659 2055/2313/3659 2000/2322/3659
f 2001/2323/3660 2002/2311/3660 2055/2313/3660
f 2053/2308/3661 2056/2314/3661 2054/2312/3661
f 2052/2307/3662 2056/2314/3662 2053/2308/3662
f 2052/2307/3663 2038/2276/3663 2056/2314/3663
f 2062/2324/3664 2052/2307/3664 2051/2306/3664
f 2048/2297/3665 2062/2324/3665 2051/2306/3665
f 2040/2278/3666 2052/2307/3666 2062/2324/3666
f 1952/2309/3667 2003/2303/3667 2050/2305/3667
f 2051/2306/3668 2049/2300/3668 2048/2297/3668
f 2047/2294/3669 2062/2324/3669 2048/2297/3669
f 2046/2286/3670 2062/2324/3670 2047/2294/3670
f 2045/2285/3671 2062/2324/3671 2046/2286/3671
f 2045/2285/3672 2041/2279/3672 2062/2324/3672
f 1800/2290/3673 1802/2282/3673 2044/2284/3673
f 2043/2281/3674 2041/2279/3674 2045/2285/3674
f 2033/2271/3675 2039/2277/3675 2042/2280/3675
f 2062/2324/3676 2041/2279/3676 2040/2278/3676
f 2040/2278/3677 2038/2276/3677 2052/2307/3677
f 2038/2276/3678 2037/2275/3678 2056/2314/3678
f 2037/2275/3679 2027/2259/3679 2057/2315/3679
f 2034/2272/3680 2036/2274/3680 2039/2277/3680
f 2039/2277/3681 2033/2271/3681 2034/2272/3681
f 2033/2271/3682 1803/2283/3682 1813/2270/3682
f 2035/2273/3683 2032/2268/3683 2031/2266/3683
f 2035/2273/3684 2031/2266/3684 2028/2260/3684
f 2028/2260/3685 2031/2266/3685 2030/2262/3685
f 2035/2273/3686 2028/2260/3686 2027/2259/3686
f 2057/2315/3687 2027/2259/3687 2026/2258/3687
f 2024/2256/3688 2059/2317/3688 2026/2258/3688
f 2024/2256/3689 2021/2253/3689 2061/2321/3689
f 2021/2253/3690 2011/2240/3690 2061/2321/3690
f 2005/2233/3691 2061/2321/3691 2011/2240/3691
f 2023/2255/3692 2025/2257/3692 2020/2252/3692
f 2029/2261/3693 2018/2250/3693 2020/2252/3693
f 2022/2254/3694 2019/2251/3694 2017/2248/3694
f 1848/2264/3695 1849/2249/3695 2018/2250/3695
f 2015/2244/3696 2022/2254/3696 2017/2248/3696
f 2013/2242/3697 2022/2254/3697 2015/2244/3697
f 2063/2325/3698 2010/2239/3698 2014/2243/3698
f 2013/2242/3699 2012/2241/3699 2022/2254/3699
f 2012/2241/3700 2011/2240/3700 2021/2253/3700
f 2009/2238/3701 2005/2233/3701 2011/2240/3701
f 2063/2325/3702 2008/2237/3702 2010/2239/3702
f 1999/2326/3703 1998/2234/3703 2007/2236/3703
f 2006/2235/3704 2005/2233/3704 2009/2238/3704
f 2004/2231/3705 2061/2321/3705 2005/2233/3705
f 2004/2231/3706 1978/2230/3706 2060/2319/3706
usemtl material_0.010
f 2064/2327/3707 2065/2328/3707 2066/2329/3707
f 2064/2327/3708 2066/2329/3708 2067/2330/3708
f 2067/2330/3709 2066/2329/3709 2068/2331/3709
f 2067/2330/3710 2068/2331/3710 2069/2332/3710
f 2069/2332/3711 2068/2331/3711 2070/2333/3711
f 2071/2334/3712 2070/2333/3712 2068/2331/3712
f 2071/2334/3713 2068/2331/3713 2072/2335/3713
f 2071/2334/3714 2072/2335/3714 2073/2336/3714
f 2071/2334/3715 2073/2336/3715 2074/2337/3715
f 2074/2337/3716 2075/2338/3716 2071/2334/3716
f 2076/2339/3717 2071/2334/3717 2075/2338/3717
f 2075/2338/3718 2077/2340/3718 2076/2339/3718
f 2075/2338/3719 2078/2341/3719 2077/2340/3719
f 2079/2342/3720 2077/2340/3720 2078/2341/3720
f 2079/2342/3721 2078/2341/3721 2080/2343/3721
f 2081/2344/3722 2079/2342/3722 2080/2343/3722
f 2081/2344/3723 2080/2343/3723 2082/2345/3723
f 2081/2344/3724 2082/2345/3724 2083/2346/3724
f 2084/2347/3725 2083/2346/3725 2082/2345/3725
f 2084/2347/3726 2082/2345/3726 2085/2348/3726
f 2086/2349/3727 2084/2347/3727 2085/2348/3727
f 2086/2349/3728 2085/2348/3728 2087/2350/3728
f 2086/2349/3729 2087/2350/3729 2074/2337/3729
f 2086/2349/3730 2074/2337/3730 2088/2351/3730
f 2086/2349/3731 2088/2351/3731 2089/2352/3731
f 2089/2352/3732 2090/2353/3732 2086/2349/3732
f 2089/2352/3733 2091/2354/3733 2090/2353/3733
f 2091/2354/3734 2092/2355/3734 2090/2353/3734
f 2093/2356/3735 2090/2353/3735 2092/2355/3735
f 2094/2357/3736 2093/2356/3736 2092/2355/3736
f 2094/2357/3737 2092/2355/3737 2095/2358/3737
f 2096/2359/3738 2094/2357/3738 2095/2358/3738
f 2095/2358/3739 2097/2360/3739 2096/2359/3739
f 2097/2360/3740 2098/1836/3740 2096/2359/3740
f 2099/2361/3741 2096/2359/3741 2098/1836/3741
f 2098/1836/3742 2097/2360/3742 2100/1834/3742
f 2100/1834/3743 2097/2360/3743 2101/2362/3743
f 2100/1834/3744 2101/2362/3744 2102/1833/3744
f 2102/1833/3745 2101/2362/3745 2103/2363/3745
f 2102/1833/3746 2103/2363/3746 2104/1832/3746
f 2104/1832/3747 2103/2363/3747 2105/2364/3747
f 2104/1832/3748 2105/2364/3748 2106/1830/3748
f 2107/2365/3749 2106/1830/3749 2105/2364/3749
f 2108/2366/3750 2107/2365/3750 2105/2364/3750
f 2108/2366/3751 2109/2367/3751 2107/2365/3751
f 2109/2367/3752 2108/2366/3752 2110/2368/3752
f 2109/2367/3753 2110/2368/3753 2111/2369/3753
f 2111/2369/3754 2110/2368/3754 2112/2370/3754
f 2111/2369/3755 2112/2370/3755 2113/2371/3755
f 2112/2370/3756 2114/2372/3756 2113/2371/3756
f 2112/2370/3757 2115/2373/3757 2114/2372/3757
f 2116/2374/3758 2114/2372/3758 2115/2373/3758
f 2116/2374/3759 2115/2373/3759 2117/2375/3759
f 2118/2376/3760 2116/2374/3760 2117/2375/3760
f 2119/2377/3761 2118/2376/3761 2117/2375/3761
f 2119/2377/3762 2120/2378/3762 2118/2376/3762
f 2121/2379/3763 2118/2376/3763 2120/2378/3763
f 2120/2378/3764 2122/2380/3764 2121/2379/3764
f 2123/2381/3765 2121/2379/3765 2122/2380/3765
f 2122/2380/3766 2124/2382/3766 2123/2381/3766
f 2124/2382/3767 2125/2383/3767 2123/2381/3767
f 2125/2383/3768 2126/2384/3768 2123/2381/3768
f 2125/2383/3769 2127/2385/3769 2126/2384/3769
f 2126/2384/3770 2127/2385/3770 2128/2386/3770
f 2126/2384/3771 2128/2386/3771 2129/2387/3771
f 2121/2379/3772 2126/2384/3772 2129/2387/3772
f 2121/2379/3773 2129/2387/3773 2130/2388/3773
f 2129/2387/3774 2131/2389/3774 2130/2388/3774
f 2130/2388/3775 2131/2389/3775 2132/2390/3775
f 2130/2388/3776 2132/2390/3776 2118/2376/3776
f 2129/2387/3777 2133/2391/3777 2131/2389/3777
f 2128/2386/3778 2133/2391/3778 2129/2387/3778
f 2128/2386/3779 2134/2392/3779 2133/2391/3779
f 2135/2393/3780 2134/2392/3780 2128/2386/3780
f 2135/2393/3781 2136/2394/3781 2134/2392/3781
f 2137/2395/3782 2136/2394/3782 2135/2393/3782
f 2137/2395/3783 2135/2393/3783 2138/2396/3783
f 2139/2397/3784 2138/2396/3784 2135/2393/3784
f 2139/2397/3785 2135/2393/3785 2140/2398/3785
f 2139/2397/3786 2140/2398/3786 2141/2399/3786
f 2139/2397/3787 2141/2399/3787 2142/2400/3787
f 2143/2401/3788 2142/2400/3788 2141/2399/3788
f 2143/2401/3789 2141/2399/3789 2144/2402/3789
f 2144/2402/3790 2145/2403/3790 2143/2401/3790
f 2144/2402/3791 2146/2404/3791 2145/2403/3791
f 2147/2405/3792 2145/2403/3792 2146/2404/3792
f 2147/2405/3793 2146/2404/3793 2148/2406/3793
f 2149/2407/3794 2147/2405/3794 2148/2406/3794
f 2148/2406/3795 2150/2408/3795 2149/2407/3795
f 2151/2409/3796 2149/2407/3796 2150/2408/3796
f 2152/2410/3797 2151/2409/3797 2150/2408/3797
f 2153/2411/3798 2152/2410/3798 2150/2408/3798
f 2153/2411/3799 2154/2412/3799 2152/2410/3799
f 2152/2410/3800 2154/2412/3800 2155/2413/3800
f 2152/2410/3801 2155/2413/3801 2065/2328/3801
f 2156/2414/3802 2155/2413/3802 2154/2412/3802
f 2154/2412/3803 2157/2415/3803 2156/2414/3803
f 2124/2382/3804 2156/2414/3804 2157/2415/3804
f 2124/2382/3805 2157/2415/3805 2158/2416/3805
f 2157/2415/3806 2144/2402/3806 2158/2416/3806
f 2144/2402/3807 2125/2383/3807 2158/2416/3807
f 2156/2414/3808 2124/2382/3808 2159/2417/3808
f 2156/2414/3809 2159/2417/3809 2160/2418/3809
f 2159/2417/3810 2161/2419/3810 2160/2418/3810
f 2155/2413/3811 2160/2418/3811 2161/2419/3811
f 2155/2413/3812 2161/2419/3812 2162/2420/3812
f 2155/2413/3813 2162/2420/3813 2066/2329/3813
f 2161/2419/3814 2072/2335/3814 2162/2420/3814
f 2159/2417/3815 2163/2421/3815 2161/2419/3815
f 2163/2421/3816 2073/2336/3816 2161/2419/3816
f 2163/2421/3817 2164/2422/3817 2073/2336/3817
f 2163/2421/3818 2165/2423/3818 2164/2422/3818
f 2166/2424/3819 2164/2422/3819 2165/2423/3819
f 2167/2425/3820 2166/2424/3820 2165/2423/3820
f 2167/2425/3821 2165/2423/3821 2119/2377/3821
f 2119/2377/3822 2115/2373/3822 2167/2425/3822
f 2119/2377/3823 2165/2423/3823 2168/2426/3823
f 2169/2427/3824 2166/2424/3824 2167/2425/3824
f 2167/2425/3825 2112/2370/3825 2169/2427/3825
f 2169/2427/3826 2170/2428/3826 2166/2424/3826
f 2088/2351/3827 2166/2424/3827 2170/2428/3827
f 2171/2429/3828 2170/2428/3828 2169/2427/3828
f 2171/2429/3829 2169/2427/3829 2172/2430/3829
f 2173/2431/3830 2171/2429/3830 2172/2430/3830
f 2173/2431/3831 2172/2430/3831 2174/2432/3831
f 2101/2362/3832 2173/2431/3832 2174/2432/3832
f 2175/2433/3833 2173/2431/3833 2101/2362/3833
f 2091/2354/3834 2173/2431/3834 2175/2433/3834
f 2110/2368/3835 2174/2432/3835 2172/2430/3835
f 2091/2354/3836 2171/2429/3836 2173/2431/3836
f 2169/2427/3837 2110/2368/3837 2172/2430/3837
f 2170/2428/3838 2171/2429/3838 2091/2354/3838
f 2166/2424/3839 2088/2351/3839 2164/2422/3839
f 2163/2421/3840 2168/2426/3840 2165/2423/3840
f 2168/2426/3841 2163/2421/3841 2159/2417/3841
f 2168/2426/3842 2159/2417/3842 2122/2380/3842
f 2156/2414/3843 2160/2418/3843 2155/2413/3843
f 2154/2412/3844 2153/2411/3844 2157/2415/3844
f 2146/2404/3845 2157/2415/3845 2153/2411/3845
f 2152/2410/3846 2176/2434/3846 2151/2409/3846
f 2064/2327/3847 2176/2434/3847 2152/2410/3847
f 2151/2409/3848 2177/2435/3848 2149/2407/3848
f 2178/2436/3849 2149/2407/3849 2177/2435/3849
f 2178/2436/3850 2177/2435/3850 2179/2437/3850
f 2148/2406/3851 2153/2411/3851 2150/2408/3851
f 2149/2407/3852 2178/2436/3852 2147/2405/3852
f 2146/2404/3853 2153/2411/3853 2148/2406/3853
f 2157/2415/3854 2146/2404/3854 2144/2402/3854
f 2144/2402/3855 2141/2399/3855 2125/2383/3855
f 2127/2385/3856 2141/2399/3856 2140/2398/3856
f 2135/2393/3857 2127/2385/3857 2140/2398/3857
f 2135/2393/3858 2128/2386/3858 2127/2385/3858
f 2127/2385/3859 2125/2383/3859 2141/2399/3859
f 2124/2382/3860 2158/2416/3860 2125/2383/3860
f 2122/2380/3861 2159/2417/3861 2124/2382/3861
f 2123/2381/3862 2126/2384/3862 2121/2379/3862
f 2120/2378/3863 2168/2426/3863 2122/2380/3863
f 2121/2379/3864 2130/2388/3864 2118/2376/3864
f 2119/2377/3865 2168/2426/3865 2120/2378/3865
f 2118/2376/3866 2132/2390/3866 2116/2374/3866
f 2119/2377/3867 2117/2375/3867 2115/2373/3867
f 2167/2425/3868 2115/2373/3868 2112/2370/3868
f 2169/2427/3869 2112/2370/3869 2110/2368/3869
f 2110/2368/3870 2108/2366/3870 2174/2432/3870
f 2108/2366/3871 2103/2363/3871 2174/2432/3871
f 2107/2365/3872 2180/1831/3872 2106/1830/3872
f 2108/2366/3873 2105/2364/3873 2103/2363/3873
f 2101/2362/3874 2174/2432/3874 2103/2363/3874
f 2175/2433/3875 2101/2362/3875 2097/2360/3875
f 2097/2360/3876 2095/2358/3876 2175/2433/3876
f 2094/2357/3741 2096/2359/3741 2099/2361/3741
f 2092/2355/3877 2175/2433/3877 2095/2358/3877
f 2093/2356/3878 2094/2357/3878 2181/2438/3878
f 2181/2438/3878 2182/2439/3878 2093/2356/3878
f 2090/2353/3879 2093/2356/3879 2182/2439/3879
f 2090/2353/3880 2182/2439/3880 2084/2347/3880
f 2175/2433/3881 2092/2355/3881 2091/2354/3881
f 2170/2428/3882 2091/2354/3882 2089/2352/3882
f 2088/2351/3883 2170/2428/3883 2089/2352/3883
f 2074/2337/3884 2164/2422/3884 2088/2351/3884
f 2086/2349/3885 2090/2353/3885 2084/2347/3885
f 2082/2345/3886 2087/2350/3886 2085/2348/3886
f 2083/2346/3887 2084/2347/3887 2182/2439/3887
f 2082/2345/3888 2080/2343/3888 2087/2350/3888
f 2087/2350/3889 2080/2343/3889 2078/2341/3889
f 2087/2350/3890 2078/2341/3890 2075/2338/3890
f 2074/2337/3891 2087/2350/3891 2075/2338/3891
f 2074/2337/3892 2073/2336/3892 2164/2422/3892
f 2161/2419/3893 2073/2336/3893 2072/2335/3893
f 2162/2420/3894 2072/2335/3894 2068/2331/3894
f 2076/2339/3895 2070/2333/3895 2071/2334/3895
f 2162/2420/3896 2068/2331/3896 2066/2329/3896
f 2155/2413/3897 2066/2329/3897 2065/2328/3897
f 2064/2327/3898 2152/2410/3898 2065/2328/3898
f 2183/2440/3899 2184/2441/3899 2185/2442/3899
f 2183/2440/3900 2185/2442/3900 2186/2443/3900
f 2186/2443/3901 2187/1688/3901 2183/2440/3901
f 2188/1699/3902 2183/2440/3902 2187/1688/3902
f 2188/1699/3903 2189/2444/3903 2183/2440/3903
f 2188/1699/3904 2190/2445/3904 2189/2444/3904
f 2190/2445/3905 2191/2446/3905 2189/2444/3905
f 2184/2441/3906 2189/2444/3906 2191/2446/3906
f 2191/2446/3907 2192/2447/3907 2184/2441/3907
f 2184/2441/3908 2192/2447/3908 2193/2448/3908
f 2193/2448/3909 2192/2447/3909 2194/2449/3909
f 2193/2448/3910 2194/2449/3910 2195/2450/3910
f 2193/2448/3911 2195/2450/3911 2196/2451/3911
f 2193/2448/3912 2196/2451/3912 2197/2452/3912
f 2198/2453/3913 2193/2448/3913 2197/2452/3913
f 2198/2453/3914 2197/2452/3914 2199/2454/3914
f 2198/2453/3915 2199/2454/3915 2200/2455/3915
f 2201/2456/3916 2198/2453/3916 2200/2455/3916
f 2201/2456/3917 2200/2455/3917 2202/2457/3917
f 2203/1685/3918 2201/2456/3918 2202/2457/3918
f 2203/1685/3919 2202/2457/3919 2204/1683/3919
f 2204/1683/3920 2202/2457/3920 2205/2458/3920
f 2204/1683/3921 2205/2458/3921 2206/1684/3921
f 2206/1684/3922 2205/2458/3922 2207/2459/3922
f 2206/1684/3923 2207/2459/3923 2208/1640/3923
f 2208/1640/3924 2207/2459/3924 2209/2460/3924
f 2208/1640/3925 2209/2460/3925 2210/1638/3925
f 2210/1638/3926 2209/2460/3926 2211/2461/3926
f 2210/1638/3927 2211/2461/3927 2212/1639/3927
f 2212/1639/3928 2211/2461/3928 2213/2462/3928
f 2212/1639/3929 2213/2462/3929 2214/1601/3929
f 2214/1601/3930 2213/2462/3930 2215/2463/3930
f 2214/1601/3931 2215/2463/3931 2216/1600/3931
f 2213/2462/3932 2217/2464/3932 2215/2463/3932
f 2213/2462/3933 2218/2465/3933 2217/2464/3933
f 2218/2465/3934 2219/2466/3934 2217/2464/3934
f 2218/2465/3935 2220/2467/3935 2219/2466/3935
f 2220/2467/3936 2221/2468/3936 2219/2466/3936
f 2220/2467/3937 2222/2469/3937 2221/2468/3937
f 2222/2469/3938 2223/2470/3938 2221/2468/3938
f 2222/2469/3939 2224/2471/3939 2223/2470/3939
f 2224/2471/3940 2225/2472/3940 2223/2470/3940
f 2224/2471/3941 2226/2473/3941 2225/2472/3941
f 2226/2473/3942 2227/2474/3942 2225/2472/3942
f 2226/2473/3942 2228/2475/3942 2227/2474/3942
f 2228/2475/3943 2229/2476/3943 2227/2474/3943
f 2228/2475/3944 2230/2477/3944 2229/2476/3944
f 2230/2477/3945 2231/2478/3945 2229/2476/3945
f 2230/2477/3946 2232/2479/3946 2231/2478/3946
f 2232/2479/3947 2233/2480/3947 2231/2478/3947
f 2232/2479/3948 2234/2481/3948 2233/2480/3948
f 2234/2481/3949 2235/2482/3949 2233/2480/3949
f 2234/2481/3950 2236/2483/3950 2235/2482/3950
f 2236/2483/3951 2237/2484/3951 2235/2482/3951
f 2236/2483/3952 2238/2485/3952 2237/2484/3952
f 2239/2486/3953 2238/2485/3953 2236/2483/3953
f 2240/2487/3954 2239/2486/3954 2236/2483/3954
f 2241/2488/3955 2239/2486/3955 2240/2487/3955
f 2242/2489/3956 2241/2488/3956 2240/2487/3956
f 2242/2489/3957 2240/2487/3957 2243/2490/3957
f 2244/2491/3958 2242/2489/3958 2243/2490/3958
f 2244/2491/3959 2243/2490/3959 2245/2492/3959
f 2246/2493/3960 2244/2491/3960 2245/2492/3960
f 2246/2493/3961 2245/2492/3961 2247/2494/3961
f 2248/2495/3962 2246/2493/3962 2247/2494/3962
f 2248/2495/3963 2247/2494/3963 2249/2496/3963
f 2250/2497/3964 2248/2495/3964 2249/2496/3964
f 2250/2497/3965 2249/2496/3965 2251/2498/3965
f 2252/2499/3966 2250/2497/3966 2251/2498/3966
f 2252/2499/3967 2251/2498/3967 2253/2500/3967
f 2254/2501/3968 2252/2499/3968 2253/2500/3968
f 2254/2501/3969 2253/2500/3969 2255/2502/3969
f 2256/2503/3970 2254/2501/3970 2255/2502/3970
f 2256/2503/3971 2255/2502/3971 2257/2504/3971
f 2209/2460/3972 2256/2503/3972 2257/2504/3972
f 2257/2504/3973 2255/2502/3973 2220/2467/3973
f 2258/2505/3974 2254/2501/3974 2256/2503/3974
f 2207/2459/3975 2258/2505/3975 2256/2503/3975
f 2258/2505/3976 2259/2506/3976 2254/2501/3976
f 2260/2507/3977 2259/2506/3977 2258/2505/3977
f 2205/2458/3978 2260/2507/3978 2258/2505/3978
f 2260/2507/3979 2261/2508/3979 2259/2506/3979
f 2261/2508/3980 2262/2509/3980 2259/2506/3980
f 2259/2506/3981 2262/2509/3981 2252/2499/3981
f 2261/2508/3982 2263/2510/3982 2262/2509/3982
f 2263/2510/3983 2264/2511/3983 2262/2509/3983
f 2262/2509/3984 2264/2511/3984 2250/2497/3984
f 2263/2510/3985 2265/2512/3985 2264/2511/3985
f 2265/2512/3986 2266/2513/3986 2264/2511/3986
f 2264/2511/3987 2266/2513/3987 2248/2495/3987
f 2265/2512/3988 2267/2514/3988 2266/2513/3988
f 2267/2514/3989 2268/2515/3989 2266/2513/3989
f 2266/2513/3990 2268/2515/3990 2246/2493/3990
f 2267/2514/3991 2269/2516/3991 2268/2515/3991
f 2269/2516/3992 2270/2517/3992 2268/2515/3992
f 2268/2515/3993 2270/2517/3993 2244/2491/3993
f 2269/2516/3994 2271/2518/3994 2270/2517/3994
f 2271/2518/3995 2272/2519/3995 2270/2517/3995
f 2270/2517/3996 2272/2519/3996 2242/2489/3996
f 2271/2518/3997 2273/2520/3997 2272/2519/3997
f 2273/2520/3998 2274/2521/3998 2272/2519/3998
f 2272/2519/3999 2274/2521/3999 2241/2488/3999
f 2274/2521/4000 2275/2522/4000 2241/2488/4000
f 2274/2521/4001 2276/2523/4001 2275/2522/4001
f 2276/2523/4002 2277/2524/4002 2275/2522/4002
f 2275/2522/4003 2277/2524/4003 2278/2525/4003
f 2275/2522/4004 2278/2525/4004 2239/2486/4004
f 2276/2523/4005 2279/2526/4005 2277/2524/4005
f 2280/2527/4006 2279/2526/4006 2276/2523/4006
f 2281/2528/4007 2280/2527/4007 2276/2523/4007
f 2282/2529/4008 2280/2527/4008 2281/2528/4008
f 2283/2530/4009 2282/2529/4009 2281/2528/4009
f 2283/2530/4010 2281/2528/4010 2273/2520/4010
f 2284/2531/4011 2283/2530/4011 2273/2520/4011
f 2285/2532/4012 2283/2530/4012 2284/2531/4012
f 2286/2533/4013 2285/2532/4013 2284/2531/4013
f 2286/2533/4014 2284/2531/4014 2287/2534/4014
f 2288/2535/4015 2286/2533/4015 2287/2534/4015
f 2288/2535/4016 2287/2534/4016 2289/2536/4016
f 2290/2537/4017 2288/2535/4017 2289/2536/4017
f 2290/2537/4018 2289/2536/4018 2291/2538/4018
f 2196/2451/4019 2290/2537/4019 2291/2538/4019
f 2196/2451/4020 2291/2538/4020 2292/2539/4020
f 2292/2539/4021 2291/2538/4021 2265/2512/4021
f 2291/2538/4022 2289/2536/4022 2267/2514/4022
f 2293/2540/4023 2288/2535/4023 2290/2537/4023
f 2293/2540/4024 2290/2537/4024 2294/2541/4024
f 2293/2540/4025 2294/2541/4025 2295/2542/4025
f 2293/2540/4026 2295/2542/4026 2296/2543/4026
f 2297/2544/4027 2293/2540/4027 2296/2543/4027
f 2298/2545/4028 2297/2544/4028 2296/2543/4028
f 2298/2545/4029 2299/2546/4029 2297/2544/4029
f 2300/2547/4030 2297/2544/4030 2299/2546/4030
f 2300/2547/4031 2299/2546/4031 2301/2548/4031
f 2301/2548/4032 2302/2549/4032 2300/2547/4032
f 2303/2550/4033 2300/2547/4033 2302/2549/4033
f 2302/2549/4034 2304/2551/4034 2303/2550/4034
f 2303/2550/4035 2304/2551/4035 2305/2552/4035
f 2303/2550/4036 2305/2552/4036 2306/2553/4036
f 2306/2553/4037 2307/2554/4037 2303/2550/4037
f 2306/2553/4038 2285/2532/4038 2307/2554/4038
f 2306/2553/4039 2305/2552/4039 2282/2529/4039
f 2305/2552/4040 2308/2555/4040 2282/2529/4040
f 2305/2552/4041 2309/2556/4041 2308/2555/4041
f 2309/2556/4042 2310/2557/4042 2308/2555/4042
f 2308/2555/4043 2310/2557/4043 2311/2558/4043
f 2308/2555/4044 2311/2558/4044 2280/2527/4044
f 2309/2556/4045 2312/2559/4045 2310/2557/4045
f 2313/2560/4046 2312/2559/4046 2309/2556/4046
f 2313/2560/4047 2309/2556/4047 2314/2561/4047
f 2313/2560/4048 2314/2561/4048 2315/2562/4048
f 2313/2560/4049 2315/2562/4049 2316/2563/4049
f 2315/2562/4050 2317/2564/4050 2316/2563/4050
f 2315/2562/4051 2318/2565/4051 2317/2564/4051
f 2319/2566/4052 2317/2564/4052 2318/2565/4052
f 2320/2567/4053 2319/2566/4053 2318/2565/4053
f 2320/2567/4054 2321/2568/4054 2319/2566/4054
f 2319/2566/4055 2321/2568/4055 2322/2569/4055
f 2319/2566/4056 2322/2569/4056 2323/2570/4056
f 2323/2570/4057 2324/2571/4057 2319/2566/4057
f 2323/2570/4058 2325/2572/4058 2324/2571/4058
f 2323/2570/4059 2326/2573/4059 2325/2572/4059
f 2323/2570/4060 2327/2574/4060 2326/2573/4060
f 2328/2575/4061 2326/2573/4061 2327/2574/4061
f 2328/2575/4062 2327/2574/4062 2329/2576/4062
f 2329/2576/4063 2327/2574/4063 2330/2577/4063
f 2329/2576/4064 2330/2577/4064 2331/2578/4064
f 2332/2579/4065 2331/2578/4065 2330/2577/4065
f 2322/2569/4066 2332/2579/4066 2330/2577/4066
f 2322/2569/4067 2333/2580/4067 2332/2579/4067
f 2334/2581/4068 2332/2579/4068 2333/2580/4068
f 2334/2581/4069 2333/2580/4069 2335/2582/4069
f 2336/2583/4070 2334/2581/4070 2335/2582/4070
f 2336/2583/4071 2335/2582/4071 2337/2584/4071
f 2338/2585/4072 2336/2583/4072 2337/2584/4072
f 2339/2586/4073 2338/2585/4073 2337/2584/4073
f 2339/2586/4074 2337/2584/4074 2340/2587/4074
f 2340/2587/4075 2298/2545/4075 2339/2586/4075
f 2341/2588/4076 2339/2586/4076 2298/2545/4076
f 2341/2588/4077 2298/2545/4077 2342/2589/4077
f 2343/2590/4078 2341/2588/4078 2342/2589/4078
f 2343/2590/4079 2342/2589/4079 2295/2542/4079
f 2343/2590/4080 2295/2542/4080 2194/2449/4080
f 2343/2590/4081 2344/2591/4081 2341/2588/4081
f 2344/2591/4082 2345/2592/4082 2341/2588/4082
f 2338/2585/4083 2341/2588/4083 2345/2592/4083
f 2338/2585/4084 2345/2592/4084 2346/2593/4084
f 2338/2585/4085 2346/2593/4085 2347/2594/4085
f 2347/2594/4086 2346/2593/4086 2348/2595/4086
f 2347/2594/4087 2348/2595/4087 2349/2596/4087
f 2349/2596/4088 2336/2583/4088 2347/2594/4088
f 2349/2596/4089 2350/2597/4089 2336/2583/4089
f 2351/2598/4090 2336/2583/4090 2350/2597/4090
f 2348/2595/4091 2346/2593/4091 2352/2599/4091
f 2348/2595/4092 2352/2599/4092 2353/2600/4092
f 2353/2600/4093 2352/2599/4093 2354/2601/4093
f 2353/2600/4094 2354/2601/4094 2355/2602/4094
f 2356/2603/4095 2355/2602/4095 2354/2601/4095
f 2356/2603/4096 2354/2601/4096 2357/2604/4096
f 2357/2604/4097 2358/2605/4097 2356/2603/4097
f 2357/2604/4098 2359/2606/4098 2358/2605/4098
f 2360/1707/4099 2358/2605/4099 2359/2606/4099
f 2360/1707/4100 2359/2606/4100 2361/1708/4100
f 2362/1702/4101 2361/1708/4101 2359/2606/4101
f 2362/1702/4102 2359/2606/4102 2363/2607/4102
f 2190/2445/4103 2362/1702/4103 2363/2607/4103
f 2364/2608/4104 2190/2445/4104 2363/2607/4104
f 2364/2608/4105 2363/2607/4105 2365/2609/4105
f 2366/2610/4106 2364/2608/4106 2365/2609/4106
f 2366/2610/4107 2365/2609/4107 2367/2611/4107
f 2367/2611/4108 2344/2591/4108 2366/2610/4108
f 2368/2612/4109 2366/2610/4109 2344/2591/4109
f 2366/2610/4110 2368/2612/4110 2191/2446/4110
f 2367/2611/4111 2369/2613/4111 2344/2591/4111
f 2369/2613/4112 2367/2611/4112 2354/2601/4112
f 2367/2611/4113 2365/2609/4113 2357/2604/4113
f 2366/2610/4114 2191/2446/4114 2364/2608/4114
f 2357/2604/4115 2365/2609/4115 2363/2607/4115
f 2190/2445/4116 2370/1700/4116 2362/1702/4116
f 2357/2604/4117 2363/2607/4117 2359/2606/4117
f 2367/2611/4118 2357/2604/4118 2354/2601/4118
f 2369/2613/4119 2354/2601/4119 2352/2599/4119
f 2369/2613/4120 2352/2599/4120 2346/2593/4120
f 2369/2613/4121 2346/2593/4121 2345/2592/4121
f 2344/2591/4122 2369/2613/4122 2345/2592/4122
f 2368/2612/4123 2344/2591/4123 2343/2590/4123
f 2343/2590/4124 2192/2447/4124 2368/2612/4124
f 2298/2545/4125 2295/2542/4125 2342/2589/4125
f 2371/2614/4126 2340/2587/4126 2337/2584/4126
f 2301/2548/4127 2340/2587/4127 2371/2614/4127
f 2371/2614/4128 2372/2615/4128 2301/2548/4128
f 2371/2614/4129 2373/2616/4129 2372/2615/4129
f 2321/2568/4130 2372/2615/4130 2373/2616/4130
f 2321/2568/4131 2373/2616/4131 2333/2580/4131
f 2373/2616/4132 2371/2614/4132 2335/2582/4132
f 2338/2585/4133 2339/2586/4133 2341/2588/4133
f 2338/2585/4134 2347/2594/4134 2336/2583/4134
f 2371/2614/4135 2337/2584/4135 2335/2582/4135
f 2351/2598/4136 2334/2581/4136 2336/2583/4136
f 2373/2616/4137 2335/2582/4137 2333/2580/4137
f 2332/2579/4138 2334/2581/4138 2351/2598/4138
f 2332/2579/4139 2351/2598/4139 2374/2617/4139
f 2332/2579/4140 2374/2617/4140 2331/2578/4140
f 2330/2577/4141 2327/2574/4141 2323/2570/4141
f 2330/2577/4142 2323/2570/4142 2322/2569/4142
f 2321/2568/4143 2333/2580/4143 2322/2569/4143
f 2321/2568/4144 2320/2567/4144 2372/2615/4144
f 2372/2615/4145 2320/2567/4145 2375/2618/4145
f 2372/2615/4146 2375/2618/4146 2302/2549/4146
f 2315/2562/4147 2375/2618/4147 2320/2567/4147
f 2319/2566/4148 2324/2571/4148 2317/2564/4148
f 2315/2562/4149 2320/2567/4149 2318/2565/4149
f 2375/2618/4150 2315/2562/4150 2314/2561/4150
f 2375/2618/4151 2314/2561/4151 2304/2551/4151
f 2309/2556/4152 2304/2551/4152 2314/2561/4152
f 2309/2556/4153 2305/2552/4153 2304/2551/4153
f 2302/2549/4154 2375/2618/4154 2304/2551/4154
f 2303/2550/4155 2307/2554/4155 2300/2547/4155
f 2301/2548/4156 2372/2615/4156 2302/2549/4156
f 2301/2548/4157 2299/2546/4157 2340/2587/4157
f 2297/2544/4158 2300/2547/4158 2307/2554/4158
f 2297/2544/4159 2307/2554/4159 2376/2619/4159
f 2307/2554/4160 2286/2533/4160 2376/2619/4160
f 2340/2587/4161 2299/2546/4161 2298/2545/4161
f 2297/2544/4162 2376/2619/4162 2293/2540/4162
f 2298/2545/4163 2296/2543/4163 2295/2542/4163
f 2294/2541/4164 2194/2449/4164 2295/2542/4164
f 2290/2537/4165 2195/2450/4165 2294/2541/4165
f 2376/2619/4166 2288/2535/4166 2293/2540/4166
f 2289/2536/4167 2287/2534/4167 2269/2516/4167
f 2376/2619/4168 2286/2533/4168 2288/2535/4168
f 2287/2534/4169 2284/2531/4169 2271/2518/4169
f 2307/2554/4170 2285/2532/4170 2286/2533/4170
f 2285/2532/4171 2306/2553/4171 2283/2530/4171
f 2306/2553/4172 2282/2529/4172 2283/2530/4172
f 2282/2529/4173 2308/2555/4173 2280/2527/4173
f 2280/2527/4174 2311/2558/4174 2279/2526/4174
f 2281/2528/4175 2276/2523/4175 2274/2521/4175
f 2273/2520/4176 2281/2528/4176 2274/2521/4176
f 2284/2531/4177 2273/2520/4177 2271/2518/4177
f 2287/2534/4178 2271/2518/4178 2269/2516/4178
f 2289/2536/4179 2269/2516/4179 2267/2514/4179
f 2291/2538/4180 2267/2514/4180 2265/2512/4180
f 2292/2539/4181 2265/2512/4181 2263/2510/4181
f 2199/2454/4182 2292/2539/4182 2263/2510/4182
f 2199/2454/4183 2263/2510/4183 2261/2508/4183
f 2200/2455/4184 2261/2508/4184 2260/2507/4184
f 2255/2502/4185 2253/2500/4185 2222/2469/4185
f 2259/2506/4186 2252/2499/4186 2254/2501/4186
f 2253/2500/4187 2251/2498/4187 2224/2471/4187
f 2262/2509/4188 2250/2497/4188 2252/2499/4188
f 2251/2498/4189 2249/2496/4189 2226/2473/4189
f 2264/2511/4190 2248/2495/4190 2250/2497/4190
f 2249/2496/4191 2247/2494/4191 2228/2475/4191
f 2266/2513/4192 2246/2493/4192 2248/2495/4192
f 2247/2494/4193 2245/2492/4193 2230/2477/4193
f 2268/2515/4194 2244/2491/4194 2246/2493/4194
f 2245/2492/4195 2243/2490/4195 2232/2479/4195
f 2270/2517/4196 2242/2489/4196 2244/2491/4196
f 2243/2490/4197 2240/2487/4197 2234/2481/4197
f 2272/2519/4198 2241/2488/4198 2242/2489/4198
f 2241/2488/4199 2275/2522/4199 2239/2486/4199
f 2239/2486/4200 2278/2525/4200 2238/2485/4200
f 2240/2487/4201 2236/2483/4201 2234/2481/4201
f 2243/2490/4202 2234/2481/4202 2232/2479/4202
f 2245/2492/4203 2232/2479/4203 2230/2477/4203
f 2247/2494/4204 2230/2477/4204 2228/2475/4204
f 2249/2496/4205 2228/2475/4205 2226/2473/4205
f 2251/2498/4189 2226/2473/4189 2224/2471/4189
f 2253/2500/4206 2224/2471/4206 2222/2469/4206
f 2255/2502/4207 2222/2469/4207 2220/2467/4207
f 2257/2504/4208 2220/2467/4208 2218/2465/4208
f 2211/2461/4209 2257/2504/4209 2218/2465/4209
f 2211/2461/4210 2218/2465/4210 2213/2462/4210
f 2209/2460/4211 2257/2504/4211 2211/2461/4211
f 2207/2459/4212 2256/2503/4212 2209/2460/4212
f 2205/2458/4213 2258/2505/4213 2207/2459/4213
f 2202/2457/4214 2260/2507/4214 2205/2458/4214
f 2203/1685/4215 2186/2443/4215 2201/2456/4215
f 2203/1685/4216 2377/1687/4216 2186/2443/4216
f 2202/2457/4217 2200/2455/4217 2260/2507/4217
f 2186/2443/4218 2198/2453/4218 2201/2456/4218
f 2200/2455/4219 2199/2454/4219 2261/2508/4219
f 2197/2452/4220 2292/2539/4220 2199/2454/4220
f 2198/2453/4221 2185/2442/4221 2193/2448/4221
f 2197/2452/4222 2196/2451/4222 2292/2539/4222
f 2290/2537/4223 2196/2451/4223 2195/2450/4223
f 2294/2541/4224 2195/2450/4224 2194/2449/4224
f 2343/2590/4225 2194/2449/4225 2192/2447/4225
f 2191/2446/4226 2368/2612/4226 2192/2447/4226
f 2190/2445/4227 2364/2608/4227 2191/2446/4227
f 2188/1699/4228 2370/1700/4228 2190/2445/4228
f 2186/2443/4229 2377/1687/4229 2187/1688/4229
f 2186/2443/4230 2185/2442/4230 2198/2453/4230
f 2184/2441/4231 2193/2448/4231 2185/2442/4231
f 2184/2441/4232 2183/2440/4232 2189/2444/4232
f 2348/2620/4233 2353/2621/4233 2378/2622/4233
f 2348/2620/4234 2378/2622/4234 2379/2623/4234
f 2380/2624/4235 2348/2620/4235 2379/2623/4235
f 2381/2625/4236 2380/2624/4236 2379/2623/4236
f 2381/2625/4237 2382/2626/4237 2380/2624/4237
f 2382/2626/4238 2383/2627/4238 2380/2624/4238
f 2349/2628/4239 2380/2624/4239 2383/2627/4239
f 2349/2628/4240 2383/2627/4240 2350/2629/4240
f 2384/2630/4241 2350/2629/4241 2383/2627/4241
f 2383/2627/4242 2385/2631/4242 2384/2630/4242
f 2386/2632/4243 2384/2630/4243 2385/2631/4243
f 2386/2632/4244 2385/2631/4244 2387/2633/4244
f 2388/2634/4245 2386/2632/4245 2387/2633/4245
f 2388/2634/4246 2387/2633/4246 2389/2635/4246
f 2390/2636/4247 2388/2634/4247 2389/2635/4247
f 2391/2637/4248 2390/2636/4248 2389/2635/4248
f 2391/2637/4249 2389/2635/4249 2392/2638/4249
f 2393/2639/4250 2391/2637/4250 2392/2638/4250
f 2393/2639/4251 2392/2638/4251 2394/2640/4251
f 2393/2639/4252 2394/2640/4252 2395/2641/4252
f 2393/2639/4253 2395/2641/4253 2396/2642/4253
f 2393/2639/4254 2396/2642/4254 2397/2643/4254
f 2397/2643/4255 2398/2644/4255 2393/2639/4255
f 2397/2643/4256 2399/2645/4256 2398/2644/4256
f 2400/2646/4257 2398/2644/4257 2399/2645/4257
f 2400/2646/4258 2399/2645/4258 2401/2647/4258
f 2137/2648/4259 2401/2647/4259 2399/2645/4259
f 2137/2648/4260 2399/2645/4260 2136/2649/4260
f 2399/2645/4261 2134/2650/4261 2136/2649/4261
f 2402/2651/4262 2398/2644/4262 2400/2646/4262
f 2402/2651/4263 2391/2637/4263 2398/2644/4263
f 2399/2645/4264 2397/2643/4264 2134/2650/4264
f 2133/2652/4265 2134/2650/4265 2397/2643/4265
f 2133/2652/4266 2397/2643/4266 2396/2642/4266
f 2131/2653/4267 2133/2652/4267 2396/2642/4267
f 2131/2653/4268 2396/2642/4268 2403/2654/4268
f 2404/2655/4269 2131/2653/4269 2403/2654/4269
f 2405/2656/4270 2404/2655/4270 2403/2654/4270
f 2403/2654/4271 2395/2641/4271 2405/2656/4271
f 2405/2656/4272 2406/2657/4272 2404/2655/4272
f 2407/2658/4273 2404/2655/4273 2406/2657/4273
f 2407/2658/4274 2406/2657/4274 2408/2659/4274
f 2409/2660/4275 2407/2658/4275 2408/2659/4275
f 2409/2660/4276 2408/2659/4276 2410/2661/4276
f 2409/2660/4277 2410/2661/4277 2411/2662/4277
f 2409/2660/4278 2411/2662/4278 2412/2663/4278
f 2114/2664/4279 2409/2660/4279 2412/2663/4279
f 2114/2664/4280 2412/2663/4280 2113/2665/4280
f 2111/2666/4281 2113/2665/4281 2412/2663/4281
f 2111/2666/4282 2412/2663/4282 2413/2667/4282
f 2111/2666/4283 2413/2667/4283 2414/2668/4283
f 2111/2666/4284 2414/2668/4284 2109/2669/4284
f 2415/2670/4285 2109/2669/4285 2414/2668/4285
f 2415/2670/4286 2414/2668/4286 2416/2671/4286
f 2415/2670/4287 2416/2671/4287 2417/2672/4287
f 2417/2672/4288 2418/1926/4288 2415/2670/4288
f 2107/2673/4289 2415/2670/4289 2418/1926/4289
f 2107/2673/4290 2418/1926/4290 2180/1927/4290
f 2417/2672/4291 2419/1923/4291 2418/1926/4291
f 2417/2672/4292 2420/1928/4292 2419/1923/4292
f 2417/2672/4293 2421/2674/4293 2420/1928/4293
f 2421/2674/4294 2422/1915/4294 2420/1928/4294
f 2421/2674/4295 2423/2675/4295 2422/1915/4295
f 2423/2675/4296 2424/1913/4296 2422/1915/4296
f 2423/2675/4296 2425/2676/4296 2424/1913/4296
f 2358/2677/4297 2424/1913/4297 2425/2676/4297
f 2356/2678/4298 2358/2677/4298 2425/2676/4298
f 2356/2678/4299 2425/2676/4299 2426/2679/4299
f 2427/2680/4300 2356/2678/4300 2426/2679/4300
f 2428/2681/4301 2427/2680/4301 2426/2679/4301
f 2428/2681/4302 2426/2679/4302 2429/2682/4302
f 2430/2683/4303 2428/2681/4303 2429/2682/4303
f 2430/2683/4304 2429/2682/4304 2431/2684/4304
f 2431/2684/4305 2432/2685/4305 2430/2683/4305
f 2411/2662/4306 2430/2683/4306 2432/2685/4306
f 2413/2667/4307 2411/2662/4307 2432/2685/4307
f 2416/2671/4308 2413/2667/4308 2432/2685/4308
f 2411/2662/4309 2433/2686/4309 2430/2683/4309
f 2430/2683/4310 2433/2686/4310 2434/2687/4310
f 2433/2686/4311 2381/2625/4311 2434/2687/4311
f 2381/2625/4312 2378/2622/4312 2434/2687/4312
f 2428/2681/4313 2434/2687/4313 2378/2622/4313
f 2433/2686/4314 2435/2688/4314 2381/2625/4314
f 2435/2688/4315 2433/2686/4315 2411/2662/4315
f 2431/2684/4316 2416/2671/4316 2432/2685/4316
f 2429/2682/4317 2421/2674/4317 2431/2684/4317
f 2430/2683/4318 2434/2687/4318 2428/2681/4318
f 2428/2681/4319 2378/2622/4319 2427/2680/4319
f 2355/2689/4320 2427/2680/4320 2378/2622/4320
f 2427/2680/4321 2355/2689/4321 2356/2678/4321
f 2425/2676/4322 2429/2682/4322 2426/2679/4322
f 2358/2677/4323 2360/1914/4323 2424/1913/4323
f 2425/2676/4324 2423/2675/4324 2429/2682/4324
f 2429/2682/4325 2423/2675/4325 2421/2674/4325
f 2431/2684/4326 2421/2674/4326 2417/2672/4326
f 2431/2684/4327 2417/2672/4327 2416/2671/4327
f 2415/2670/4289 2107/2673/4289 2109/2669/4289
f 2416/2671/4328 2414/2668/4328 2413/2667/4328
f 2409/2660/4329 2114/2664/4329 2116/2690/4329
f 2413/2667/4330 2412/2663/4330 2411/2662/4330
f 2435/2688/4331 2411/2662/4331 2410/2661/4331
f 2436/2691/4332 2435/2688/4332 2410/2661/4332
f 2435/2688/4333 2436/2691/4333 2382/2626/4333
f 2437/2692/4334 2382/2626/4334 2436/2691/4334
f 2437/2692/4335 2436/2691/4335 2438/2693/4335
f 2439/2694/4336 2437/2692/4336 2438/2693/4336
f 2439/2694/4337 2438/2693/4337 2406/2657/4337
f 2439/2694/4338 2385/2631/4338 2437/2692/4338
f 2394/2640/4339 2385/2631/4339 2439/2694/4339
f 2394/2640/4340 2439/2694/4340 2405/2656/4340
f 2438/2693/4341 2436/2691/4341 2408/2659/4341
f 2436/2691/4342 2410/2661/4342 2408/2659/4342
f 2409/2660/4343 2116/2690/4343 2407/2658/4343
f 2407/2658/4344 2116/2690/4344 2132/2695/4344
f 2438/2693/4345 2408/2659/4345 2406/2657/4345
f 2407/2658/4346 2132/2695/4346 2404/2655/4346
f 2439/2694/4347 2406/2657/4347 2405/2656/4347
f 2404/2655/4348 2132/2695/4348 2131/2653/4348
f 2403/2654/4349 2396/2642/4349 2395/2641/4349
f 2394/2640/4350 2405/2656/4350 2395/2641/4350
f 2392/2638/4351 2387/2633/4351 2394/2640/4351
f 2393/2639/4352 2398/2644/4352 2391/2637/4352
f 2390/2636/4353 2391/2637/4353 2402/2651/4353
f 2390/2636/4354 2402/2651/4354 2440/2696/4354
f 2441/2697/4355 2390/2636/4355 2440/2696/4355
f 2441/2697/4356 2442/2698/4356 2390/2636/4356
f 2442/2698/4357 2441/2697/4357 2328/2699/4357
f 2442/2698/4358 2328/2699/4358 2329/2700/4358
f 2331/2701/4359 2442/2698/4359 2329/2700/4359
f 2331/2701/4360 2388/2634/4360 2442/2698/4360
f 2390/2636/4361 2442/2698/4361 2388/2634/4361
f 2392/2638/4362 2389/2635/4362 2387/2633/4362
f 2386/2632/4363 2388/2634/4363 2331/2701/4363
f 2386/2632/4364 2331/2701/4364 2374/2702/4364
f 2394/2640/4365 2387/2633/4365 2385/2631/4365
f 2384/2630/4366 2386/2632/4366 2374/2702/4366
f 2384/2630/4367 2374/2702/4367 2351/2703/4367
f 2383/2627/4368 2437/2692/4368 2385/2631/4368
f 2384/2630/4369 2351/2703/4369 2350/2629/4369
f 2382/2626/4370 2437/2692/4370 2383/2627/4370
f 2435/2688/4371 2382/2626/4371 2381/2625/4371
f 2380/2624/4372 2349/2628/4372 2348/2620/4372
f 2381/2625/4373 2379/2623/4373 2378/2622/4373
f 2355/2689/4374 2378/2622/4374 2353/2621/4374
f 2443/2704/4375 2444/2705/4375 2445/2706/4375
f 2443/2704/4376 2445/2706/4376 2446/2707/4376
f 2447/2708/4377 2443/2704/4377 2446/2707/4377
f 2447/2708/4378 2446/2707/4378 2448/2709/4378
f 2447/2708/4379 2448/2709/4379 2449/2710/4379
f 2447/2708/4380 2449/2710/4380 2450/2711/4380
f 2450/2711/4381 2147/2712/4381 2447/2708/4381
f 2450/2711/4382 2145/2713/4382 2147/2712/4382
f 2450/2711/4383 2143/2714/4383 2145/2713/4383
f 2450/2711/4384 2451/2715/4384 2143/2714/4384
f 2452/2716/4385 2143/2714/4385 2451/2715/4385
f 2453/2717/4386 2452/2716/4386 2451/2715/4386
f 2453/2717/4387 2454/2718/4387 2452/2716/4387
f 2452/2716/4388 2454/2718/4388 2455/2719/4388
f 2452/2716/4389 2455/2719/4389 2456/2720/4389
f 2456/2720/4390 2142/2721/4390 2452/2716/4390
f 2456/2720/4391 2139/2722/4391 2142/2721/4391
f 2457/2723/4392 2139/2722/4392 2456/2720/4392
f 2457/2723/4393 2138/2724/4393 2139/2722/4393
f 2458/2725/4394 2138/2724/4394 2457/2723/4394
f 2459/2726/4395 2458/2725/4395 2457/2723/4395
f 2459/2726/4396 2457/2723/4396 2460/2727/4396
f 2461/2728/4397 2459/2726/4397 2460/2727/4397
f 2461/2728/4398 2460/2727/4398 2462/2729/4398
f 2462/2729/4399 2463/2730/4399 2461/2728/4399
f 2462/2729/4400 2464/2731/4400 2463/2730/4400
f 2464/2731/4401 2465/729/4401 2463/2730/4401
f 2464/2731/4402 2466/657/4402 2465/729/4402
f 2466/657/4403 2464/2731/4403 2467/2732/4403
f 2466/657/4404 2467/2732/4404 2468/658/4404
f 2469/2733/4405 2468/658/4405 2467/2732/4405
f 2467/2732/4406 2470/2734/4406 2469/2733/4406
f 2471/2735/4407 2469/2733/4407 2470/2734/4407
f 2454/2718/4408 2471/2735/4408 2470/2734/4408
f 2471/2735/4409 2472/2736/4409 2469/2733/4409
f 2472/2736/4410 2473/659/4410 2469/2733/4410
f 2472/2736/4411 2474/663/4411 2473/659/4411
f 2475/2737/4412 2474/663/4412 2472/2736/4412
f 2475/2737/4413 2476/665/4413 2474/663/4413
f 2475/2737/4414 2477/666/4414 2476/665/4414
f 2475/2737/4415 2478/2738/4415 2477/666/4415
f 2479/2739/4416 2477/666/4416 2478/2738/4416
f 2479/2739/4417 2478/2738/4417 2480/2740/4417
f 2479/2739/4418 2480/2740/4418 2481/2741/4418
f 2479/2739/4419 2481/2741/4419 2482/2742/4419
f 2483/2743/4420 2479/2739/4420 2482/2742/4420
f 2483/2743/4421 2484/700/4421 2479/2739/4421
f 2484/700/4422 2483/2743/4422 2485/712/4422
f 2481/2741/4423 2480/2740/4423 2486/2744/4423
f 2481/2741/4424 2486/2744/4424 2487/2745/4424
f 2486/2744/4425 2445/2706/4425 2487/2745/4425
f 2486/2744/4426 2480/2740/4426 2478/2738/4426
f 2486/2744/4427 2478/2738/4427 2488/2746/4427
f 2448/2709/4428 2486/2744/4428 2488/2746/4428
f 2477/666/4429 2479/2739/4429 2484/700/4429
f 2475/2737/4430 2488/2746/4430 2478/2738/4430
f 2475/2737/4431 2489/2747/4431 2488/2746/4431
f 2449/2710/4432 2488/2746/4432 2489/2747/4432
f 2449/2710/4433 2489/2747/4433 2471/2735/4433
f 2449/2710/4434 2471/2735/4434 2453/2717/4434
f 2475/2737/4435 2471/2735/4435 2489/2747/4435
f 2475/2737/4436 2472/2736/4436 2471/2735/4436
f 2467/2732/4437 2490/2748/4437 2470/2734/4437
f 2455/2719/4438 2470/2734/4438 2490/2748/4438
f 2462/2729/4439 2455/2719/4439 2490/2748/4439
f 2462/2729/4440 2490/2748/4440 2467/2732/4440
f 2469/2733/4441 2473/659/4441 2468/658/4441
f 2462/2729/4442 2467/2732/4442 2464/2731/4442
f 2462/2729/4443 2460/2727/4443 2455/2719/4443
f 2457/2723/4444 2455/2719/4444 2460/2727/4444
f 2458/2725/4445 2137/2749/4445 2138/2724/4445
f 2457/2723/4446 2456/2720/4446 2455/2719/4446
f 2455/2719/4447 2454/2718/4447 2470/2734/4447
f 2454/2718/4448 2453/2717/4448 2471/2735/4448
f 2452/2716/4449 2142/2721/4449 2143/2714/4449
f 2453/2717/4450 2451/2715/4450 2450/2711/4450
f 2453/2717/4451 2450/2711/4451 2449/2710/4451
f 2449/2710/4452 2448/2709/4452 2488/2746/4452
f 2448/2709/4453 2446/2707/4453 2486/2744/4453
f 2147/2712/4454 2443/2704/4454 2447/2708/4454
f 2147/2712/4455 2178/2750/4455 2443/2704/4455
f 2486/2744/4456 2446/2707/4456 2445/2706/4456
f 2178/2750/4457 2444/2705/4457 2443/2704/4457
f 2178/2750/4458 2179/2751/4458 2444/2705/4458
f 2491/2752/4459 2492/2753/4459 2493/2754/4459
f 2491/2752/4460 2493/2754/4460 2494/2755/4460
f 2494/2755/4461 2495/2756/4461 2491/2752/4461
f 2491/2752/4462 2495/2756/4462 2496/2757/4462
f 2491/2752/4463 2496/2757/4463 2497/2758/4463
f 2496/2757/4464 2498/573/4464 2497/2758/4464
f 2497/2758/4465 2498/573/4465 2499/580/4465
f 2497/2758/4466 2499/580/4466 2500/2759/4466
f 2492/2753/4467 2497/2758/4467 2500/2759/4467
f 2492/2753/4468 2500/2759/4468 2501/2760/4468
f 2492/2753/4469 2501/2760/4469 2502/2761/4469
f 2502/2761/4470 2501/2760/4470 2503/2762/4470
f 2502/2761/4471 2503/2762/4471 2504/2763/4471
f 2505/2764/4472 2502/2761/4472 2504/2763/4472
f 2505/2764/4473 2504/2763/4473 2506/2765/4473
f 2507/2766/4474 2505/2764/4474 2506/2765/4474
f 2507/2766/4475 2506/2765/4475 2508/2767/4475
f 2310/2768/4476 2507/2766/4476 2508/2767/4476
f 2310/2768/4477 2508/2767/4477 2311/2769/4477
f 2311/2769/4478 2508/2767/4478 2509/2770/4478
f 2311/2769/4479 2509/2770/4479 2279/2771/4479
f 2279/2771/4480 2509/2770/4480 2510/2772/4480
f 2279/2771/4481 2510/2772/4481 2277/2773/4481
f 2277/2773/4482 2510/2772/4482 2511/2774/4482
f 2277/2773/4483 2511/2774/4483 2278/2775/4483
f 2278/2775/4484 2511/2774/4484 2512/2776/4484
f 2278/2775/4485 2512/2776/4485 2238/2777/4485
f 2238/2777/4486 2512/2776/4486 2513/2778/4486
f 2238/2777/4487 2513/2778/4487 2237/2779/4487
f 2512/2776/4488 2514/2780/4488 2513/2778/4488
f 2512/2776/4489 2515/2781/4489 2514/2780/4489
f 2515/2781/4490 2516/2782/4490 2514/2780/4490
f 2515/2781/4491 2517/2783/4491 2516/2782/4491
f 2517/2783/4492 2518/2784/4492 2516/2782/4492
f 2517/2783/4493 2519/2785/4493 2518/2784/4493
f 2519/2785/4494 2520/593/4494 2518/2784/4494
f 2519/2785/4495 2521/591/4495 2520/593/4495
f 2522/2786/4496 2521/591/4496 2519/2785/4496
f 2523/2787/4497 2522/2786/4497 2519/2785/4497
f 2524/2788/4498 2522/2786/4498 2523/2787/4498
f 2525/2789/4499 2524/2788/4499 2523/2787/4499
f 2525/2789/4500 2523/2787/4500 2526/2790/4500
f 2510/2772/4501 2525/2789/4501 2526/2790/4501
f 2526/2790/4502 2523/2787/4502 2517/2783/4502
f 2527/2791/4503 2524/2788/4503 2525/2789/4503
f 2509/2770/4504 2527/2791/4504 2525/2789/4504
f 2527/2791/4505 2528/2792/4505 2524/2788/4505
f 2528/2792/4506 2529/2793/4506 2524/2788/4506
f 2528/2792/4507 2530/2794/4507 2529/2793/4507
f 2530/2794/4508 2531/587/4508 2529/2793/4508
f 2529/2793/4509 2531/587/4509 2532/589/4509
f 2529/2793/4510 2532/589/4510 2522/2786/4510
f 2530/2794/4511 2533/585/4511 2531/587/4511
f 2503/2762/4512 2533/585/4512 2530/2794/4512
f 2503/2762/4513 2534/583/4513 2533/585/4513
f 2504/2763/4514 2530/2794/4514 2528/2792/4514
f 2506/2765/4515 2528/2792/4515 2527/2791/4515
f 2524/2788/4516 2529/2793/4516 2522/2786/4516
f 2522/2786/4517 2532/589/4517 2521/591/4517
f 2523/2787/4518 2519/2785/4518 2517/2783/4518
f 2526/2790/4519 2517/2783/4519 2515/2781/4519
f 2511/2774/4520 2526/2790/4520 2515/2781/4520
f 2511/2774/4521 2515/2781/4521 2512/2776/4521
f 2510/2772/4522 2526/2790/4522 2511/2774/4522
f 2509/2770/4523 2525/2789/4523 2510/2772/4523
f 2508/2767/4524 2527/2791/4524 2509/2770/4524
f 2312/2795/4525 2507/2766/4525 2310/2768/4525
f 2312/2795/4526 2535/2796/4526 2507/2766/4526
f 2312/2795/4527 2536/2797/4527 2535/2796/4527
f 2494/2755/4528 2535/2796/4528 2536/2797/4528
f 2537/2798/4529 2494/2755/4529 2536/2797/4529
f 2537/2798/4530 2536/2797/4530 2538/2799/4530
f 2539/2800/4531 2537/2798/4531 2538/2799/4531
f 2316/2801/4532 2539/2800/4532 2538/2799/4532
f 2316/2801/4533 2317/2802/4533 2539/2800/4533
f 2540/2803/4534 2539/2800/4534 2317/2802/4534
f 2540/2803/4535 2317/2802/4535 2324/2804/4535
f 2540/2803/4536 2324/2804/4536 2325/2805/4536
f 2540/2803/4537 2325/2805/4537 2541/2806/4537
f 2540/2803/4538 2541/2806/4538 2542/2807/4538
f 2540/2803/4539 2542/2807/4539 2543/2808/4539
f 2544/2809/4540 2543/2808/4540 2542/2807/4540
f 2544/2809/4541 2542/2807/4541 2545/2810/4541
f 2546/2811/4542 2544/2809/4542 2545/2810/4542
f 2547/2812/4543 2546/2811/4543 2545/2810/4543
f 2547/2812/4544 2545/2810/4544 2548/2813/4544
f 2549/2814/4545 2547/2812/4545 2548/2813/4545
f 2548/2813/4546 2550/2815/4546 2549/2814/4546
f 2548/2813/4547 2551/2816/4547 2550/2815/4547
f 2552/2817/4548 2550/2815/4548 2551/2816/4548
f 2551/2816/4549 2541/2806/4549 2552/2817/4549
f 2552/2817/4550 2553/2818/4550 2550/2815/4550
f 2553/2818/4551 2552/2817/4551 2326/2819/4551
f 2553/2818/4552 2326/2819/4552 2328/2820/4552
f 2552/2817/4553 2325/2805/4553 2326/2819/4553
f 2548/2813/4554 2542/2807/4554 2551/2816/4554
f 2549/2814/4555 2554/2821/4555 2547/2812/4555
f 2547/2812/4556 2554/2821/4556 2555/649/4556
f 2547/2812/4557 2555/649/4557 2556/565/4557
f 2547/2812/4558 2556/565/4558 2557/566/4558
f 2547/2812/4559 2557/566/4559 2546/2811/4559
f 2558/567/4560 2546/2811/4560 2557/566/4560
f 2558/567/4561 2559/2822/4561 2546/2811/4561
f 2558/567/4562 2560/2823/4562 2559/2822/4562
f 2561/2824/4563 2559/2822/4563 2560/2823/4563
f 2561/2824/4564 2560/2823/4564 2496/2757/4564
f 2496/2757/4565 2560/2823/4565 2562/569/4565
f 2496/2757/4566 2562/569/4566 2563/571/4566
f 2561/2824/4567 2544/2809/4567 2559/2822/4567
f 2544/2809/4568 2561/2824/4568 2564/2825/4568
f 2537/2798/4569 2564/2825/4569 2561/2824/4569
f 2537/2798/4570 2561/2824/4570 2495/2756/4570
f 2558/567/4571 2562/569/4571 2560/2823/4571
f 2546/2811/4572 2559/2822/4572 2544/2809/4572
f 2548/2813/4573 2545/2810/4573 2542/2807/4573
f 2544/2809/4574 2564/2825/4574 2543/2808/4574
f 2539/2800/4575 2543/2808/4575 2564/2825/4575
f 2551/2816/4576 2542/2807/4576 2541/2806/4576
f 2552/2817/4577 2541/2806/4577 2325/2805/4577
f 2539/2800/4578 2540/2803/4578 2543/2808/4578
f 2539/2800/4579 2564/2825/4579 2537/2798/4579
f 2316/2801/4580 2538/2799/4580 2536/2797/4580
f 2316/2801/4581 2536/2797/4581 2313/2826/4581
f 2312/2795/4582 2313/2826/4582 2536/2797/4582
f 2508/2767/4583 2506/2765/4583 2527/2791/4583
f 2535/2796/4584 2505/2764/4584 2507/2766/4584
f 2535/2796/4585 2493/2754/4585 2505/2764/4585
f 2506/2765/4586 2504/2763/4586 2528/2792/4586
f 2493/2754/4587 2502/2761/4587 2505/2764/4587
f 2504/2763/4588 2503/2762/4588 2530/2794/4588
f 2501/2760/4589 2534/583/4589 2503/2762/4589
f 2501/2760/4590 2565/581/4590 2534/583/4590
f 2500/2759/4591 2565/581/4591 2501/2760/4591
f 2500/2759/4592 2499/580/4592 2565/581/4592
f 2496/2757/4593 2563/571/4593 2498/573/4593
f 2561/2824/4594 2496/2757/4594 2495/2756/4594
f 2494/2755/4595 2537/2798/4595 2495/2756/4595
f 2494/2755/4596 2493/2754/4596 2535/2796/4596
f 2493/2754/4597 2492/2753/4597 2502/2761/4597
f 2492/2753/4598 2491/2752/4598 2497/2758/4598
f 2553/2827/4599 2328/2828/4599 2441/2829/4599
f 2553/2827/4600 2441/2829/4600 2566/2830/4600
f 2553/2827/4601 2566/2830/4601 2567/2831/4601
f 2553/2827/4602 2567/2831/4602 2550/2832/4602
f 2549/2833/4603 2550/2832/4603 2567/2831/4603
f 2549/2833/4604 2567/2831/4604 2568/2834/4604
f 2569/2835/4605 2549/2833/4605 2568/2834/4605
f 2569/2835/4606 2568/2834/4606 2570/2836/4606
f 2569/2835/4607 2570/2836/4607 2571/2837/4607
f 2569/2835/4608 2571/2837/4608 2572/763/4608
f 2569/2835/4609 2572/763/4609 2573/765/4609
f 2569/2835/4610 2573/765/4610 2555/766/4610
f 2569/2835/4611 2555/766/4611 2554/2838/4611
f 2571/2837/4612 2574/761/4612 2572/763/4612
f 2571/2837/4613 2575/2839/4613 2574/761/4613
f 2576/758/4614 2574/761/4614 2575/2839/4614
f 2576/758/4615 2575/2839/4615 2577/2840/4615
f 2578/2841/4616 2576/758/4616 2577/2840/4616
f 2577/2840/4617 2579/2842/4617 2578/2841/4617
f 2463/2843/4618 2578/2841/4618 2579/2842/4618
f 2463/2843/4619 2579/2842/4619 2461/2844/4619
f 2580/2845/4620 2461/2844/4620 2579/2842/4620
f 2581/2846/4621 2580/2845/4621 2579/2842/4621
f 2581/2846/4622 2579/2842/4622 2582/2847/4622
f 2583/2848/4623 2581/2846/4623 2582/2847/4623
f 2583/2848/4624 2582/2847/4624 2584/2849/4624
f 2584/2849/4625 2585/2850/4625 2583/2848/4625
f 2586/2851/4626 2583/2848/4626 2585/2850/4626
f 2586/2851/4627 2585/2850/4627 2587/2852/4627
f 2587/2852/4628 2402/2853/4628 2586/2851/4628
f 2400/2854/4629 2586/2851/4629 2402/2853/4629
f 2400/2854/4630 2588/2855/4630 2586/2851/4630
f 2588/2855/4631 2400/2854/4631 2401/2856/4631
f 2588/2855/4632 2401/2856/4632 2589/2857/4632
f 2581/2846/4633 2588/2855/4633 2589/2857/4633
f 2589/2857/4634 2401/2856/4634 2137/2858/4634
f 2589/2857/4635 2137/2858/4635 2458/2859/4635
f 2580/2845/4636 2589/2857/4636 2458/2859/4636
f 2580/2845/4637 2458/2859/4637 2459/2860/4637
f 2587/2852/4638 2440/2861/4638 2402/2853/4638
f 2587/2852/4639 2441/2829/4639 2440/2861/4639
f 2585/2850/4640 2566/2830/4640 2587/2852/4640
f 2588/2855/4641 2583/2848/4641 2586/2851/4641
f 2584/2849/4642 2570/2836/4642 2585/2850/4642
f 2570/2836/4643 2584/2849/4643 2575/2839/4643
f 2577/2840/4644 2584/2849/4644 2582/2847/4644
f 2588/2855/4645 2581/2846/4645 2583/2848/4645
f 2581/2846/4646 2589/2857/4646 2580/2845/4646
f 2580/2845/4647 2459/2860/4647 2461/2844/4647
f 2465/759/4648 2578/2841/4648 2463/2843/4648
f 2465/759/4649 2590/757/4649 2578/2841/4649
f 2577/2840/4650 2582/2847/4650 2579/2842/4650
f 2578/2841/4651 2590/757/4651 2576/758/4651
f 2577/2840/4652 2575/2839/4652 2584/2849/4652
f 2570/2836/4653 2575/2839/4653 2571/2837/4653
f 2568/2834/4654 2585/2850/4654 2570/2836/4654
f 2569/2835/4655 2554/2838/4655 2549/2833/4655
f 2568/2834/4656 2567/2831/4656 2585/2850/4656
f 2585/2850/4657 2567/2831/4657 2566/2830/4657
f 2587/2852/4658 2566/2830/4658 2441/2829/4658
usemtl material_0.011
f 2591/2862/4659 2592/2863/4659 2593/2864/4659
f 2591/2862/4660 2593/2864/4660 2594/2865/4660
f 2595/2866/4661 2591/2862/4661 2594/2865/4661
f 2595/2866/4662 2594/2865/4662 2596/2867/4662
f 2595/2866/4663 2596/2867/4663 2597/2342/4663
f 2595/2866/4664 2597/2342/4664 2598/2344/4664
f 2598/2344/4665 2599/2868/4665 2595/2866/4665
f 2600/2869/4666 2595/2866/4666 2599/2868/4666
f 2599/2868/4667 2601/2870/4667 2600/2869/4667
f 2600/2869/4668 2601/2870/4668 2602/2871/4668
f 2600/2869/4669 2602/2871/4669 2603/2872/4669
f 2600/2869/4670 2603/2872/4670 2592/2863/4670
f 2592/2863/4671 2603/2872/4671 2604/2873/4671
f 2592/2863/4672 2604/2873/4672 2605/2874/4672
f 2592/2863/4673 2605/2874/4673 2606/2875/4673
f 2605/2874/4674 2607/2876/4674 2606/2875/4674
f 2608/2877/4675 2606/2875/4675 2607/2876/4675
f 2608/2877/4676 2607/2876/4676 2609/2878/4676
f 2610/2879/4677 2608/2877/4677 2609/2878/4677
f 2611/2880/4678 2610/2879/4678 2609/2878/4678
f 2611/2880/4679 2609/2878/4679 2612/2881/4679
f 2612/2881/4680 2613/2882/4680 2611/2880/4680
f 2614/2883/4681 2611/2880/4681 2613/2882/4681
f 2614/2883/4682 2613/2882/4682 2615/2884/4682
f 2614/2883/4683 2615/2884/4683 2616/2885/4683
f 2617/2886/4684 2614/2883/4684 2616/2885/4684
f 2616/2885/4685 2618/2887/4685 2617/2886/4685
f 2616/2885/4686 2619/2888/4686 2618/2887/4686
f 2619/2888/4687 2620/2889/4687 2618/2887/4687
f 2619/2888/4688 2621/2890/4688 2620/2889/4688
f 2622/2891/4689 2620/2889/4689 2621/2890/4689
f 2622/2891/4690 2621/2890/4690 2623/2892/4690
f 2623/2892/4691 2624/2893/4691 2622/2891/4691
f 2623/2892/4692 2625/2894/4692 2624/2893/4692
f 2625/2894/4693 2626/2895/4693 2624/2893/4693
f 2625/2894/4694 2627/2896/4694 2626/2895/4694
f 2627/2896/4695 2628/2897/4695 2626/2895/4695
f 2627/2896/4696 2629/2898/4696 2628/2897/4696
f 2629/2898/4697 2630/2899/4697 2628/2897/4697
f 2629/2898/4698 2631/2900/4698 2630/2899/4698
f 2631/2900/4699 2632/2901/4699 2630/2899/4699
f 2631/2900/4700 2633/2902/4700 2632/2901/4700
f 2633/2902/4701 2634/2903/4701 2632/2901/4701
f 2633/2902/4702 2635/2904/4702 2634/2903/4702
f 2635/2904/4703 2636/2905/4703 2634/2903/4703
f 2635/2904/4704 2637/2906/4704 2636/2905/4704
f 2638/2907/4705 2636/2905/4705 2637/2906/4705
f 2638/2907/4706 2637/2906/4706 2639/2908/4706
f 2639/2908/4707 2640/2909/4707 2638/2907/4707
f 2639/2908/4708 2641/2910/4708 2640/2909/4708
f 2642/2911/4709 2640/2909/4709 2641/2910/4709
f 2641/2910/4710 2643/2912/4710 2642/2911/4710
f 2644/2913/4711 2642/2911/4711 2643/2912/4711
f 2644/2913/4712 2643/2912/4712 2645/2914/4712
f 2644/2913/4713 2645/2914/4713 2646/2915/4713
f 2646/2915/4714 2647/2916/4714 2644/2913/4714
f 2644/2913/4715 2647/2916/4715 2648/2917/4715
f 2644/2913/4716 2648/2917/4716 2649/2918/4716
f 2648/2917/4717 2650/2919/4717 2649/2918/4717
f 2649/2918/4718 2650/2919/4718 2651/2920/4718
f 2649/2918/4719 2651/2920/4719 2642/2911/4719
f 2648/2917/4720 2652/2921/4720 2650/2919/4720
f 2653/2922/4721 2652/2921/4721 2648/2917/4721
f 2653/2922/4722 2648/2917/4722 2654/2923/4722
f 2654/2923/4723 2655/2924/4723 2653/2922/4723
f 2654/2923/4724 2656/2925/4724 2655/2924/4724
f 2657/2926/4725 2655/2924/4725 2656/2925/4725
f 2658/2927/4726 2657/2926/4726 2656/2925/4726
f 2658/2927/4727 2656/2925/4727 2659/2928/4727
f 2658/2927/4728 2659/2928/4728 2660/2929/4728
f 2658/2927/4729 2660/2929/4729 2661/2930/4729
f 2662/2931/4730 2661/2930/4730 2660/2929/4730
f 2662/2931/4731 2660/2929/4731 2663/2932/4731
f 2664/2933/4732 2662/2931/4732 2663/2932/4732
f 2665/2934/4733 2664/2933/4733 2663/2932/4733
f 2663/2932/4734 2666/2935/4734 2665/2934/4734
f 2667/2936/4735 2665/2934/4735 2666/2935/4735
f 2667/2936/4736 2666/2935/4736 2668/2937/4736
f 2669/2938/4737 2667/2936/4737 2668/2937/4737
f 2669/2938/4738 2668/2937/4738 2646/2915/4738
f 2670/2939/4739 2669/2938/4739 2646/2915/4739
f 2671/2940/4740 2669/2938/4740 2670/2939/4740
f 2671/2940/4741 2670/2939/4741 2672/2941/4741
f 2671/2940/4742 2672/2941/4742 2673/2942/4742
f 2671/2940/4743 2673/2942/4743 2674/2943/4743
f 2675/2944/4744 2671/2940/4744 2674/2943/4744
f 2676/2945/4745 2675/2944/4745 2674/2943/4745
f 2676/2945/4746 2677/2946/4746 2675/2944/4746
f 2678/2947/4747 2675/2944/4747 2677/2946/4747
f 2678/2947/4748 2679/2948/4748 2675/2944/4748
f 2680/2949/4749 2675/2944/4749 2679/2948/4749
f 2680/2949/4750 2679/2948/4750 2681/2950/4750
f 2681/2950/4751 2667/2936/4751 2680/2949/4751
f 2667/2936/4752 2671/2940/4752 2680/2949/4752
f 2681/2950/4753 2679/2948/4753 2682/2951/4753
f 2681/2950/4754 2682/2951/4754 2664/2933/4754
f 2664/2933/4755 2682/2951/4755 2683/2952/4755
f 2664/2933/4756 2683/2952/4756 2684/2953/4756
f 2685/2954/4757 2683/2952/4757 2682/2951/4757
f 2685/2954/4758 2686/2955/4758 2683/2952/4758
f 2679/2948/4759 2685/2954/4759 2682/2951/4759
f 2679/2948/4760 2678/2947/4760 2685/2954/4760
f 2675/2944/4761 2680/2949/4761 2671/2940/4761
f 2673/2942/4762 2676/2945/4762 2674/2943/4762
f 2673/2942/4763 2687/2956/4763 2676/2945/4763
f 2688/2957/4764 2687/2956/4764 2673/2942/4764
f 2688/2957/4765 2673/2942/4765 2689/2958/4765
f 2689/2958/4766 2690/2959/4766 2688/2957/4766
f 2689/2958/4767 2691/2960/4767 2690/2959/4767
f 2691/2960/4768 2692/2961/4768 2690/2959/4768
f 2691/2960/4769 2693/2962/4769 2692/2961/4769
f 2692/2961/4770 2693/2962/4770 2694/2963/4770
f 2692/2961/4771 2694/2963/4771 2695/2964/4771
f 2695/2964/4772 2694/2963/4772 2696/2965/4772
f 2695/2964/4773 2696/2965/4773 2697/2966/4773
f 2696/2965/4774 2698/2967/4774 2697/2966/4774
f 2696/2965/4775 2699/2968/4775 2698/2967/4775
f 2700/2969/4776 2698/2967/4776 2699/2968/4776
f 2700/2969/4777 2699/2968/4777 2701/2970/4777
f 2700/2969/4778 2701/2970/4778 2702/2971/4778
f 2700/2969/4779 2702/2971/4779 2703/2972/4779
f 2702/2971/4780 2704/2973/4780 2703/2972/4780
f 2702/2971/4781 2705/2974/4781 2704/2973/4781
f 2705/2974/4782 2706/2975/4782 2704/2973/4782
f 2705/2974/4783 2707/2976/4783 2706/2975/4783
f 2707/2976/4784 2708/2977/4784 2706/2975/4784
f 2707/2976/4785 2709/2978/4785 2708/2977/4785
f 2709/2978/4786 2710/2979/4786 2708/2977/4786
f 2709/2978/4787 2711/2980/4787 2710/2979/4787
f 2710/2979/4788 2711/2980/4788 2712/2981/4788
f 2710/2979/4789 2712/2981/4789 2713/2982/4789
f 2714/2983/4790 2713/2982/4790 2712/2981/4790
f 2714/2983/4791 2712/2981/4791 2715/2984/4791
f 2714/2983/4792 2715/2984/4792 2716/2985/4792
f 2716/2985/4793 2717/2986/4793 2714/2983/4793
f 2718/2987/4794 2714/2983/4794 2717/2986/4794
f 2718/2987/4795 2717/2986/4795 2719/2988/4795
f 2718/2987/4796 2719/2988/4796 2720/2989/4796
f 2604/2873/4797 2720/2989/4797 2719/2988/4797
f 2604/2873/4798 2721/2990/4798 2720/2989/4798
f 2604/2873/4799 2722/2991/4799 2721/2990/4799
f 2723/2992/4800 2721/2990/4800 2722/2991/4800
f 2724/2993/4800 2723/2992/4800 2722/2991/4800
f 2724/2993/4801 2722/2991/4801 2725/2994/4801
f 2602/2871/4802 2724/2993/4802 2725/2994/4802
f 2724/2993/4803 2602/2871/4803 2726/2995/4803
f 2722/2991/4804 2603/2872/4804 2725/2994/4804
f 2727/2996/4805 2719/2988/4805 2717/2986/4805
f 2727/2996/4806 2717/2986/4806 2728/2997/4806
f 2607/2876/4807 2727/2996/4807 2728/2997/4807
f 2607/2876/4808 2728/2997/4808 2729/2998/4808
f 2607/2876/4809 2729/2998/4809 2612/2881/4809
f 2612/2881/4810 2729/2998/4810 2730/2999/4810
f 2612/2881/4811 2730/2999/4811 2731/3000/4811
f 2732/3001/4812 2731/3000/4812 2730/2999/4812
f 2732/3001/4813 2730/2999/4813 2733/3002/4813
f 2734/3003/4814 2732/3001/4814 2733/3002/4814
f 2734/3003/4815 2733/3002/4815 2735/3004/4815
f 2735/3004/4816 2736/3005/4816 2734/3003/4816
f 2737/3006/4817 2734/3003/4817 2736/3005/4817
f 2737/3006/4818 2736/3005/4818 2738/3007/4818
f 2621/2890/4819 2737/3006/4819 2738/3007/4819
f 2621/2890/4820 2738/3007/4820 2739/3008/4820
f 2739/3008/4821 2738/3007/4821 2736/3005/4821
f 2739/3008/4822 2736/3005/4822 2740/3009/4822
f 2741/3010/4823 2739/3008/4823 2740/3009/4823
f 2742/3011/4824 2741/3010/4824 2740/3009/4824
f 2742/3011/4825 2743/3012/4825 2741/3010/4825
f 2743/3012/4826 2744/3013/4826 2741/3010/4826
f 2744/3013/4827 2745/3014/4827 2741/3010/4827
f 2744/3013/4828 2746/3015/4828 2745/3014/4828
f 2625/2894/4829 2745/3014/4829 2746/3015/4829
f 2739/3008/4830 2745/3014/4830 2625/2894/4830
f 2746/3015/4831 2744/3013/4831 2747/3016/4831
f 2746/3015/4832 2747/3016/4832 2748/3017/4832
f 2748/3017/4833 2627/2896/4833 2746/3015/4833
f 2749/3018/4834 2748/3017/4834 2747/3016/4834
f 2747/3016/4835 2750/3019/4835 2749/3018/4835
f 2751/3020/4836 2749/3018/4836 2750/3019/4836
f 2752/3021/4837 2751/3020/4837 2750/3019/4837
f 2750/3019/4838 2753/3022/4838 2752/3021/4838
f 2701/2970/4839 2752/3021/4839 2753/3022/4839
f 2754/3023/4840 2701/2970/4840 2753/3022/4840
f 2753/3022/4841 2755/3024/4841 2754/3023/4841
f 2743/3012/4842 2754/3023/4842 2755/3024/4842
f 2743/3012/4843 2756/3025/4843 2754/3023/4843
f 2702/2971/4844 2754/3023/4844 2756/3025/4844
f 2743/3012/4845 2757/3026/4845 2756/3025/4845
f 2707/2976/4846 2756/3025/4846 2757/3026/4846
f 2707/2976/4847 2757/3026/4847 2758/3027/4847
f 2757/3026/4848 2759/3028/4848 2758/3027/4848
f 2735/3004/4849 2758/3027/4849 2759/3028/4849
f 2735/3004/4850 2760/3029/4850 2758/3027/4850
f 2760/3029/4851 2709/2978/4851 2758/3027/4851
f 2757/3026/4852 2742/3011/4852 2759/3028/4852
f 2742/3011/4853 2736/3005/4853 2759/3028/4853
f 2753/3022/4854 2761/3030/4854 2755/3024/4854
f 2747/3016/4855 2755/3024/4855 2761/3030/4855
f 2750/3019/4856 2761/3030/4856 2753/3022/4856
f 2752/3021/4857 2762/3031/4857 2751/3020/4857
f 2763/3032/4858 2751/3020/4858 2762/3031/4858
f 2763/3032/4859 2762/3031/4859 2764/3033/4859
f 2763/3032/4860 2764/3033/4860 2765/3034/4860
f 2763/3032/4861 2765/3034/4861 2766/3035/4861
f 2766/3035/4862 2767/3036/4862 2763/3032/4862
f 2763/3032/4863 2767/3036/4863 2768/3037/4863
f 2767/3036/4864 2769/3038/4864 2768/3037/4864
f 2749/3018/4865 2768/3037/4865 2769/3038/4865
f 2749/3018/4866 2769/3038/4866 2770/3039/4866
f 2769/3038/4867 2631/2900/4867 2770/3039/4867
f 2631/2900/4868 2748/3017/4868 2770/3039/4868
f 2767/3036/4869 2771/3040/4869 2769/3038/4869
f 2633/2902/4870 2769/3038/4870 2771/3040/4870
f 2767/3036/4871 2772/3041/4871 2771/3040/4871
f 2771/3040/4872 2772/3041/4872 2637/2906/4872
f 2767/3036/4873 2773/3042/4873 2772/3041/4873
f 2773/3042/4874 2774/3043/4874 2772/3041/4874
f 2772/3041/4875 2774/3043/4875 2639/2908/4875
f 2639/2908/4876 2774/3043/4876 2775/3044/4876
f 2776/3045/4877 2775/3044/4877 2774/3043/4877
f 2776/3045/4878 2777/3046/4878 2775/3044/4878
f 2775/3044/4879 2777/3046/4879 2645/2914/4879
f 2778/3047/4880 2645/2914/4880 2777/3046/4880
f 2777/3046/4881 2779/3048/4881 2778/3047/4881
f 2780/3049/4882 2778/3047/4882 2779/3048/4882
f 2780/3049/4883 2779/3048/4883 2781/3050/4883
f 2781/3050/4884 2689/2958/4884 2780/3049/4884
f 2781/3050/4885 2779/3048/4885 2766/3035/4885
f 2779/3048/4886 2773/3042/4886 2766/3035/4886
f 2779/3048/4887 2776/3045/4887 2773/3042/4887
f 2670/2939/4888 2778/3047/4888 2780/3049/4888
f 2778/3047/4889 2670/2939/4889 2645/2914/4889
f 2777/3046/4890 2776/3045/4890 2779/3048/4890
f 2773/3042/4891 2776/3045/4891 2774/3043/4891
f 2766/3035/4892 2773/3042/4892 2767/3036/4892
f 2781/3050/4893 2766/3035/4893 2765/3034/4893
f 2691/2960/4894 2781/3050/4894 2765/3034/4894
f 2694/2963/4895 2765/3034/4895 2764/3033/4895
f 2694/2963/4896 2764/3033/4896 2762/3031/4896
f 2763/3032/4897 2768/3037/4897 2751/3020/4897
f 2752/3021/4898 2696/2965/4898 2762/3031/4898
f 2751/3020/4899 2768/3037/4899 2749/3018/4899
f 2747/3016/4900 2761/3030/4900 2750/3019/4900
f 2749/3018/4901 2770/3039/4901 2748/3017/4901
f 2747/3016/4902 2744/3013/4902 2755/3024/4902
f 2743/3012/4903 2755/3024/4903 2744/3013/4903
f 2743/3012/4904 2742/3011/4904 2757/3026/4904
f 2741/3010/4905 2745/3014/4905 2739/3008/4905
f 2742/3011/4906 2740/3009/4906 2736/3005/4906
f 2735/3004/4907 2759/3028/4907 2736/3005/4907
f 2733/3002/4908 2760/3029/4908 2735/3004/4908
f 2733/3002/4909 2715/2984/4909 2760/3029/4909
f 2732/3001/4910 2734/3003/4910 2737/3006/4910
f 2732/3001/4911 2737/3006/4911 2615/2884/4911
f 2715/2984/4912 2733/3002/4912 2730/2999/4912
f 2731/3000/4913 2732/3001/4913 2615/2884/4913
f 2729/2998/4914 2716/2985/4914 2730/2999/4914
f 2729/2998/4915 2728/2997/4915 2716/2985/4915
f 2719/2988/4916 2727/2996/4916 2605/2874/4916
f 2718/2987/4917 2782/3051/4917 2714/2983/4917
f 2716/2985/4918 2728/2997/4918 2717/2986/4918
f 2715/2984/4919 2730/2999/4919 2716/2985/4919
f 2712/2981/4920 2760/3029/4920 2715/2984/4920
f 2714/2983/4921 2782/3051/4921 2713/2982/4921
f 2712/2981/4922 2711/2980/4922 2760/3029/4922
f 2760/3029/4923 2711/2980/4923 2709/2978/4923
f 2707/2976/4924 2758/3027/4924 2709/2978/4924
f 2707/2976/4925 2705/2974/4925 2756/3025/4925
f 2702/2971/4926 2756/3025/4926 2705/2974/4926
f 2754/3023/4927 2702/2971/4927 2701/2970/4927
f 2701/2970/4928 2699/2968/4928 2752/3021/4928
f 2752/3021/4929 2699/2968/4929 2696/2965/4929
f 2694/2963/4930 2762/3031/4930 2696/2965/4930
f 2694/2963/4931 2693/2962/4931 2765/3034/4931
f 2691/2960/4932 2765/3034/4932 2693/2962/4932
f 2781/3050/4933 2691/2960/4933 2689/2958/4933
f 2780/3049/4934 2689/2958/4934 2673/2942/4934
f 2780/3049/4935 2673/2942/4935 2672/2941/4935
f 2670/2939/4936 2780/3049/4936 2672/2941/4936
f 2667/2936/4937 2669/2938/4937 2671/2940/4937
f 2647/2916/4938 2668/2937/4938 2666/2935/4938
f 2647/2916/4939 2666/2935/4939 2783/3052/4939
f 2647/2916/4940 2783/3052/4940 2654/2923/4940
f 2783/3052/4941 2666/2935/4941 2660/2929/4941
f 2681/2950/4942 2665/2934/4942 2667/2936/4942
f 2665/2934/4943 2681/2950/4943 2664/2933/4943
f 2664/2933/4944 2684/2953/4944 2662/2931/4944
f 2663/2932/4945 2660/2929/4945 2666/2935/4945
f 2783/3052/4946 2660/2929/4946 2659/2928/4946
f 2783/3052/4947 2659/2928/4947 2656/2925/4947
f 2657/2926/4948 2784/3053/4948 2655/2924/4948
f 2783/3052/4949 2656/2925/4949 2654/2923/4949
f 2647/2916/4950 2654/2923/4950 2648/2917/4950
f 2646/2915/4951 2668/2937/4951 2647/2916/4951
f 2670/2939/4952 2646/2915/4952 2645/2914/4952
f 2775/3044/4953 2645/2914/4953 2643/2912/4953
f 2644/2913/4954 2649/2918/4954 2642/2911/4954
f 2641/2910/4955 2775/3044/4955 2643/2912/4955
f 2642/2911/4956 2651/2920/4956 2640/2909/4956
f 2639/2908/4957 2775/3044/4957 2641/2910/4957
f 2772/3041/4958 2639/2908/4958 2637/2906/4958
f 2771/3040/4959 2637/2906/4959 2635/2904/4959
f 2633/2902/4960 2771/3040/4960 2635/2904/4960
f 2769/3038/4961 2633/2902/4961 2631/2900/4961
f 2631/2900/4962 2629/2898/4962 2748/3017/4962
f 2748/3017/4963 2629/2898/4963 2627/2896/4963
f 2625/2894/4964 2746/3015/4964 2627/2896/4964
f 2739/3008/4965 2625/2894/4965 2623/2892/4965
f 2621/2890/4966 2739/3008/4966 2623/2892/4966
f 2621/2890/4967 2619/2888/4967 2737/3006/4967
f 2616/2885/4968 2737/3006/4968 2619/2888/4968
f 2617/2886/4969 2785/3054/4969 2614/2883/4969
f 2614/2883/4970 2785/3054/4970 2786/3055/4970
f 2614/2883/4971 2786/3055/4971 2787/3056/4971
f 2787/3056/4972 2786/3055/4972 2788/3057/4972
f 2787/3056/4973 2788/3057/4973 2789/3058/4973
f 2789/3058/4974 2611/2880/4974 2787/3056/4974
f 2789/3058/4975 2788/3057/4975 2790/3059/4975
f 2789/3058/4976 2790/3059/4976 2791/3060/4976
f 2791/3060/4977 2610/2879/4977 2789/3058/4977
f 2791/3060/4978 2792/3061/4978 2610/2879/4978
f 2793/3062/4979 2792/3061/4979 2791/3060/4979
f 2793/3062/4980 2791/3060/4980 2794/3063/4980
f 2794/3063/4981 2795/3064/4981 2793/3062/4981
f 2795/3064/4982 2796/3065/4982 2793/3062/4982
f 2795/3064/4983 2797/3066/4983 2796/3065/4983
f 2594/2865/4984 2796/3065/4984 2797/3066/4984
f 2798/3067/4985 2594/2865/4985 2797/3066/4985
f 2795/3064/4986 2798/3067/4986 2797/3066/4986
f 2795/3064/4987 2799/3068/4987 2798/3067/4987
f 2799/3068/4988 2800/2340/4988 2798/3067/4988
f 2798/3067/4989 2800/2340/4989 2597/2342/4989
f 2799/3068/4990 2801/2339/4990 2800/2340/4990
f 2802/2333/4991 2801/2339/4991 2799/3068/4991
f 2802/2333/4992 2799/3068/4992 2803/3069/4992
f 2804/3070/4993 2802/2333/4993 2803/3069/4993
f 2805/3071/4994 2804/3070/4994 2803/3069/4994
f 2795/3064/4995 2805/3071/4995 2803/3069/4995
f 2805/3071/4996 2806/3072/4996 2804/3070/4996
f 2794/3063/4997 2806/3072/4997 2805/3071/4997
f 2794/3063/4998 2807/3073/4998 2806/3072/4998
f 2804/3070/4999 2808/3074/4999 2802/2333/4999
f 2809/2332/5000 2802/2333/5000 2808/3074/5000
f 2795/3064/5001 2803/3069/5001 2799/3068/5001
f 2794/3063/5002 2805/3071/5002 2795/3064/5002
f 2791/3060/5003 2807/3073/5003 2794/3063/5003
f 2792/3061/5004 2793/3062/5004 2796/3065/5004
f 2792/3061/5005 2796/3065/5005 2608/2877/5005
f 2593/2864/5006 2608/2877/5006 2796/3065/5006
f 2791/3060/5007 2790/3059/5007 2807/3073/5007
f 2616/2885/5008 2615/2884/5008 2737/3006/5008
f 2731/3000/5009 2615/2884/5009 2613/2882/5009
f 2614/2883/5010 2787/3056/5010 2611/2880/5010
f 2612/2881/5011 2731/3000/5011 2613/2882/5011
f 2789/3058/5012 2610/2879/5012 2611/2880/5012
f 2610/2879/5013 2792/3061/5013 2608/2877/5013
f 2607/2876/5014 2612/2881/5014 2609/2878/5014
f 2593/2864/5015 2606/2875/5015 2608/2877/5015
f 2605/2874/5016 2727/2996/5016 2607/2876/5016
f 2719/2988/5017 2605/2874/5017 2604/2873/5017
f 2603/2872/5018 2722/2991/5018 2604/2873/5018
f 2725/2994/5019 2603/2872/5019 2602/2871/5019
f 2726/2995/4803 2602/2871/4803 2601/2870/4803
f 2599/2868/5020 2810/3075/5020 2601/2870/5020
f 2810/3075/5021 2599/2868/5021 2811/3076/5021
f 2810/3075/5022 2811/3076/5022 2812/3077/5022
f 2813/2346/5023 2812/3077/5023 2811/3076/5023
f 2598/2344/5024 2813/2346/5024 2811/3076/5024
f 2813/2346/5025 2814/3078/5025 2812/3077/5025
f 2813/2346/5026 2815/2439/5026 2814/3078/5026
f 2598/2344/5027 2811/3076/5027 2599/2868/5027
f 2798/3067/5028 2597/2342/5028 2596/2867/5028
f 2798/3067/5029 2596/2867/5029 2594/2865/5029
f 2600/2869/5030 2591/2862/5030 2595/2866/5030
f 2594/2865/5031 2593/2864/5031 2796/3065/5031
f 2592/2863/5032 2606/2875/5032 2593/2864/5032
f 2600/2869/5033 2592/2863/5033 2591/2862/5033
f 2816/3079/5034 2817/3080/5034 2818/3081/5034
f 2816/3079/5035 2818/3081/5035 2819/3082/5035
f 2819/3082/5036 2820/3083/5036 2816/3079/5036
f 2816/3079/5037 2820/3083/5037 2821/3084/5037
f 2816/3079/5038 2821/3084/5038 2822/3085/5038
f 2822/3085/5039 2821/3084/5039 2823/3086/5039
f 2822/3085/5040 2823/3086/5040 2824/3087/5040
f 2822/3085/5041 2824/3087/5041 2825/3088/5041
f 2822/3085/5042 2825/3088/5042 2826/3089/5042
f 2822/3085/5043 2826/3089/5043 2817/3080/5043
f 2826/3089/5044 2827/3090/5044 2817/3080/5044
f 2828/3091/5045 2817/3080/5045 2827/3090/5045
f 2827/3090/5046 2829/3092/5046 2828/3091/5046
f 2829/3092/5047 2830/3093/5047 2828/3091/5047
f 2831/3094/5048 2828/3091/5048 2830/3093/5048
f 2831/3094/5049 2830/3093/5049 2832/3095/5049
f 2831/3094/5050 2832/3095/5050 2833/3096/5050
f 2831/3094/5051 2833/3096/5051 2834/3097/5051
f 2831/3094/5052 2834/3097/5052 2835/3098/5052
f 2819/3082/5053 2831/3094/5053 2835/3098/5053
f 2835/3098/5054 2836/3099/5054 2819/3082/5054
f 2835/3098/5055 2837/3100/5055 2836/3099/5055
f 2837/3100/5056 2838/3101/5056 2836/3099/5056
f 2836/3099/5057 2838/3101/5057 2839/3102/5057
f 2836/3099/5058 2839/3102/5058 2820/3083/5058
f 2820/3083/5059 2839/3102/5059 2840/3103/5059
f 2840/3103/5060 2839/3102/5060 2841/3104/5060
f 2840/3103/5061 2841/3104/5061 2842/3105/5061
f 2842/3105/5062 2843/3106/5062 2840/3103/5062
f 2821/3084/5063 2840/3103/5063 2843/3106/5063
f 2842/3105/5064 2844/3107/5064 2843/3106/5064
f 2845/3108/5065 2843/3106/5065 2844/3107/5065
f 2846/3109/5066 2845/3108/5066 2844/3107/5066
f 2844/3107/5067 2847/3110/5067 2846/3109/5067
f 2846/3109/5068 2848/3111/5068 2845/3108/5068
f 2845/3108/5069 2848/3111/5069 2849/203/5069
f 2845/3108/5070 2849/203/5070 2850/45/5070
f 2851/46/5071 2845/3108/5071 2850/45/5071
f 2851/46/5072 2852/3112/5072 2845/3108/5072
f 2852/3112/5073 2851/46/5073 2853/49/5073
f 2852/3112/5074 2853/49/5074 2854/3113/5074
f 2852/3112/5075 2854/3113/5075 2823/3086/5075
f 2852/3112/5076 2823/3086/5076 2843/3106/5076
f 2855/3114/5077 2823/3086/5077 2854/3113/5077
f 2856/50/5078 2855/3114/5078 2854/3113/5078
f 2857/57/5079 2855/3114/5079 2856/50/5079
f 2855/3114/5080 2857/57/5080 2825/3088/5080
f 2825/3088/5081 2857/57/5081 2858/56/5081
f 2825/3088/5082 2858/56/5082 2859/3115/5082
f 2858/56/5083 2860/3116/5083 2859/3115/5083
f 2861/3117/5084 2859/3115/5084 2860/3116/5084
f 2861/3117/5085 2862/3118/5085 2859/3115/5085
f 2826/3089/5086 2859/3115/5086 2862/3118/5086
f 2862/3118/5087 2861/3117/5087 2863/3119/5087
f 2862/3118/5088 2863/3119/5088 2827/3090/5088
f 2858/56/5089 2864/58/5089 2860/3116/5089
f 2856/50/5090 2854/3113/5090 2853/49/5090
f 2845/3108/5091 2852/3112/5091 2843/3106/5091
f 2844/3107/5092 2842/3105/5092 2847/3110/5092
f 2847/3110/5093 2842/3105/5093 2865/3120/5093
f 2847/3110/5094 2865/3120/5094 2866/3121/5094
f 2867/3122/5095 2866/3121/5095 2865/3120/5095
f 2865/3120/5096 2868/3123/5096 2867/3122/5096
f 2868/3123/5097 2869/3124/5097 2867/3122/5097
f 2869/3124/5098 2868/3123/5098 2870/3125/5098
f 2870/3125/5099 2871/3126/5099 2869/3124/5099
f 2872/3127/5100 2869/3124/5100 2871/3126/5100
f 2871/3126/5101 2873/3128/5101 2872/3127/5101
f 2871/3126/5102 2874/3129/5102 2873/3128/5102
f 2875/3130/5103 2873/3128/5103 2874/3129/5103
f 2874/3129/5104 2876/3131/5104 2875/3130/5104
f 2875/3130/5105 2876/3131/5105 2877/3132/5105
f 2875/3130/5106 2877/3132/5106 2878/3133/5106
f 2878/3133/5107 2879/3134/5107 2875/3130/5107
f 2878/3133/5108 2880/3135/5108 2879/3134/5108
f 2878/3133/5109 2881/3136/5109 2880/3135/5109
f 2878/3133/5110 2882/3137/5110 2881/3136/5110
f 2882/3137/5111 2883/3138/5111 2881/3136/5111
f 2882/3137/5112 2884/3139/5112 2883/3138/5112
f 2885/3140/5113 2883/3138/5113 2884/3139/5113
f 2885/3140/5114 2884/3139/5114 2886/3141/5114
f 2885/3140/5115 2886/3141/5115 2887/3142/5115
f 2887/3142/5116 2888/3143/5116 2885/3140/5116
f 2889/3144/5117 2885/3140/5117 2888/3143/5117
f 2888/3143/5118 2890/3145/5118 2889/3144/5118
f 2888/3143/5119 2891/3146/5119 2890/3145/5119
f 2892/3147/5120 2890/3145/5120 2891/3146/5120
f 2893/3148/5121 2892/3147/5121 2891/3146/5121
f 2893/3148/5122 2891/3146/5122 2894/3149/5122
f 2894/3149/5123 2895/3150/5123 2893/3148/5123
f 2893/3148/5124 2895/3150/5124 2896/3151/5124
f 2893/3148/5125 2896/3151/5125 2897/3152/5125
f 2893/3148/5126 2897/3152/5126 2898/3153/5126
f 2897/3152/5127 2899/3154/5127 2898/3153/5127
f 2900/3155/5128 2898/3153/5128 2899/3154/5128
f 2686/3156/5129 2900/3155/5129 2899/3154/5129
f 2686/3156/5130 2899/3154/5130 2683/3157/5130
f 2899/3154/5131 2684/3158/5131 2683/3157/5131
f 2899/3154/5132 2901/3159/5132 2684/3158/5132
f 2662/3160/5133 2684/3158/5133 2901/3159/5133
f 2662/3160/5134 2901/3159/5134 2902/3161/5134
f 2902/3161/5135 2661/3162/5135 2662/3160/5135
f 2902/3161/5136 2903/3163/5136 2661/3162/5136
f 2661/3162/5137 2903/3163/5137 2904/3164/5137
f 2661/3162/5138 2904/3164/5138 2658/3165/5138
f 2905/3166/5139 2658/3165/5139 2904/3164/5139
f 2904/3164/5140 2906/3167/5140 2905/3166/5140
f 2907/3168/5141 2905/3166/5141 2906/3167/5141
f 2907/3168/5142 2906/3167/5142 2908/3169/5142
f 2906/3167/5143 2909/3170/5143 2908/3169/5143
f 2906/3167/5144 2910/3171/5144 2909/3170/5144
f 2911/3172/5145 2909/3170/5145 2910/3171/5145
f 2912/3173/5146 2911/3172/5146 2910/3171/5146
f 2912/3173/5147 2910/3171/5147 2913/3174/5147
f 2912/3173/5148 2913/3174/5148 2914/3175/5148
f 2912/3173/5149 2914/3175/5149 2915/3176/5149
f 2912/3173/5150 2915/3176/5150 2916/3177/5150
f 2912/3173/5151 2916/3177/5151 2917/3178/5151
f 2912/3173/5152 2917/3178/5152 2918/3179/5152
f 2918/3179/5153 2917/3178/5153 2919/3180/5153
f 2918/3179/5154 2919/3180/5154 2920/3181/5154
f 2918/3179/5155 2920/3181/5155 2921/3182/5155
f 2918/3179/5156 2921/3182/5156 2922/3183/5156
f 2923/3184/5157 2918/3179/5157 2922/3183/5157
f 2923/3184/5158 2911/3172/5158 2918/3179/5158
f 2924/3185/5159 2921/3182/5159 2920/3181/5159
f 2925/3186/5160 2924/3185/5160 2920/3181/5160
f 2926/3187/5161 2924/3185/5161 2925/3186/5161
f 2926/3187/5162 2925/3186/5162 2927/3188/5162
f 2928/3189/5163 2926/3187/5163 2927/3188/5163
f 2927/3188/5164 2929/3190/5164 2928/3189/5164
f 2834/3097/5165 2928/3189/5165 2929/3190/5165
f 2929/3190/5166 2930/3191/5166 2834/3097/5166
f 2929/3190/5167 2931/3192/5167 2930/3191/5167
f 2876/3131/5168 2930/3191/5168 2931/3192/5168
f 2930/3191/5169 2876/3131/5169 2932/3193/5169
f 2930/3191/5170 2932/3193/5170 2837/3100/5170
f 2931/3192/5171 2929/3190/5171 2933/3194/5171
f 2931/3192/5172 2933/3194/5172 2934/3195/5172
f 2931/3192/5173 2934/3195/5173 2935/3196/5173
f 2931/3192/5174 2935/3196/5174 2877/3132/5174
f 2877/3132/5175 2935/3196/5175 2882/3137/5175
f 2886/3141/5176 2882/3137/5176 2935/3196/5176
f 2936/3197/5177 2886/3141/5177 2935/3196/5177
f 2936/3197/5178 2935/3196/5178 2934/3195/5178
f 2936/3197/5179 2934/3195/5179 2933/3194/5179
f 2936/3197/5180 2933/3194/5180 2937/3198/5180
f 2936/3197/5181 2937/3198/5181 2938/3199/5181
f 2936/3197/5182 2938/3199/5182 2939/3200/5182
f 2936/3197/5183 2939/3200/5183 2887/3142/5183
f 2940/3201/5184 2887/3142/5184 2939/3200/5184
f 2939/3200/5185 2916/3177/5185 2940/3201/5185
f 2940/3201/5186 2941/3202/5186 2887/3142/5186
f 2940/3201/5187 2894/3149/5187 2941/3202/5187
f 2940/3201/5188 2942/3203/5188 2894/3149/5188
f 2940/3201/5189 2915/3176/5189 2942/3203/5189
f 2939/3200/5190 2938/3199/5190 2916/3177/5190
f 2919/3180/5191 2938/3199/5191 2937/3198/5191
f 2919/3180/5192 2937/3198/5192 2925/3186/5192
f 2933/3194/5193 2925/3186/5193 2937/3198/5193
f 2927/3188/5194 2933/3194/5194 2929/3190/5194
f 2928/3189/5195 2943/3204/5195 2926/3187/5195
f 2944/3205/5196 2926/3187/5196 2943/3204/5196
f 2944/3205/5197 2943/3204/5197 2945/3206/5197
f 2946/3207/5198 2945/3206/5198 2943/3204/5198
f 2946/3207/5199 2943/3204/5199 2832/3095/5199
f 2947/3208/5200 2946/3207/5200 2832/3095/5200
f 2833/3096/5201 2943/3204/5201 2928/3189/5201
f 2933/3194/5202 2927/3188/5202 2925/3186/5202
f 2944/3205/5203 2924/3185/5203 2926/3187/5203
f 2944/3205/5204 2948/3209/5204 2924/3185/5204
f 2924/3185/5205 2948/3209/5205 2921/3182/5205
f 2925/3186/5206 2920/3181/5206 2919/3180/5206
f 2917/3178/5207 2938/3199/5207 2919/3180/5207
f 2917/3178/5208 2916/3177/5208 2938/3199/5208
f 2940/3201/5209 2916/3177/5209 2915/3176/5209
f 2914/3175/5210 2942/3203/5210 2915/3176/5210
f 2914/3175/5211 2895/3150/5211 2942/3203/5211
f 2949/3210/5212 2914/3175/5212 2913/3174/5212
f 2949/3210/5213 2950/3211/5213 2914/3175/5213
f 2896/3151/5214 2914/3175/5214 2950/3211/5214
f 2903/3163/5215 2896/3151/5215 2950/3211/5215
f 2950/3211/5216 2949/3210/5216 2904/3164/5216
f 2949/3210/5217 2913/3174/5217 2910/3171/5217
f 2912/3173/5218 2918/3179/5218 2911/3172/5218
f 2911/3172/5219 2923/3184/5219 2909/3170/5219
f 2949/3210/5220 2910/3171/5220 2906/3167/5220
f 2657/3212/5221 2905/3166/5221 2907/3168/5221
f 2657/3212/5222 2907/3168/5222 2784/3213/5222
f 2904/3164/5223 2949/3210/5223 2906/3167/5223
f 2905/3166/5224 2657/3212/5224 2658/3165/5224
f 2950/3211/5225 2904/3164/5225 2903/3163/5225
f 2903/3163/5226 2902/3161/5226 2896/3151/5226
f 2902/3161/5227 2901/3159/5227 2897/3152/5227
f 2900/3155/5228 2951/3214/5228 2898/3153/5228
f 2892/3147/5229 2898/3153/5229 2951/3214/5229
f 2892/3147/5230 2951/3214/5230 2952/3215/5230
f 2897/3152/5231 2901/3159/5231 2899/3154/5231
f 2902/3161/5232 2897/3152/5232 2896/3151/5232
f 2896/3151/5233 2895/3150/5233 2914/3175/5233
f 2894/3149/5234 2942/3203/5234 2895/3150/5234
f 2941/3202/5235 2894/3149/5235 2891/3146/5235
f 2893/3148/5236 2898/3153/5236 2892/3147/5236
f 2892/3147/5237 2952/3215/5237 2890/3145/5237
f 2941/3202/5238 2891/3146/5238 2888/3143/5238
f 2889/3144/5239 2953/3216/5239 2885/3140/5239
f 2887/3142/5240 2941/3202/5240 2888/3143/5240
f 2936/3197/5241 2887/3142/5241 2886/3141/5241
f 2885/3140/5242 2953/3216/5242 2883/3138/5242
f 2886/3141/5243 2884/3139/5243 2882/3137/5243
f 2877/3132/5244 2882/3137/5244 2878/3133/5244
f 2876/3131/5245 2931/3192/5245 2877/3132/5245
f 2874/3129/5246 2932/3193/5246 2876/3131/5246
f 2875/3130/5247 2879/3134/5247 2873/3128/5247
f 2871/3126/5248 2932/3193/5248 2874/3129/5248
f 2871/3126/5249 2838/3101/5249 2932/3193/5249
f 2838/3101/5250 2871/3126/5250 2954/3217/5250
f 2872/3127/5251 2866/3121/5251 2869/3124/5251
f 2870/3125/5252 2954/3217/5252 2871/3126/5252
f 2868/3123/5253 2954/3217/5253 2870/3125/5253
f 2954/3217/5254 2868/3123/5254 2955/3218/5254
f 2955/3218/5255 2839/3102/5255 2954/3217/5255
f 2868/3123/5256 2841/3104/5256 2955/3218/5256
f 2841/3104/5257 2868/3123/5257 2956/3219/5257
f 2868/3123/5258 2865/3120/5258 2956/3219/5258
f 2867/3122/5259 2869/3124/5259 2866/3121/5259
f 2956/3219/5260 2865/3120/5260 2842/3105/5260
f 2956/3219/5261 2842/3105/5261 2841/3104/5261
f 2955/3218/5262 2841/3104/5262 2839/3102/5262
f 2838/3101/5263 2954/3217/5263 2839/3102/5263
f 2837/3100/5264 2932/3193/5264 2838/3101/5264
f 2835/3098/5265 2930/3191/5265 2837/3100/5265
f 2835/3098/5266 2834/3097/5266 2930/3191/5266
f 2834/3097/5267 2833/3096/5267 2928/3189/5267
f 2833/3096/5268 2832/3095/5268 2943/3204/5268
f 2947/3208/5269 2832/3095/5269 2830/3093/5269
f 2831/3094/5270 2818/3081/5270 2828/3091/5270
f 2829/3092/5271 2947/3208/5271 2830/3093/5271
f 2827/3090/5272 2863/3119/5272 2829/3092/5272
f 2826/3089/5273 2862/3118/5273 2827/3090/5273
f 2826/3089/5274 2825/3088/5274 2859/3115/5274
f 2855/3114/5275 2825/3088/5275 2824/3087/5275
f 2855/3114/5276 2824/3087/5276 2823/3086/5276
f 2821/3084/5277 2843/3106/5277 2823/3086/5277
f 2820/3083/5278 2840/3103/5278 2821/3084/5278
f 2819/3082/5279 2836/3099/5279 2820/3083/5279
f 2819/3082/5280 2818/3081/5280 2831/3094/5280
f 2828/3091/5281 2818/3081/5281 2817/3080/5281
f 2822/3085/5282 2817/3080/5282 2816/3079/5282
usemtl material_0.012
f 2957/3220/5283 2958/3221/5283 2959/3222/5283
f 2959/3222/5284 2960/3223/5284 2957/3220/5284
f 2960/3223/5285 2961/3224/5285 2957/3220/5285
f 2962/3225/5286 2961/3224/5286 2960/3223/5286
f 2960/3223/5287 2963/3226/5287 2962/3225/5287
f 2964/3227/5288 2962/3225/5288 2963/3226/5288
f 2963/3226/5289 2965/3228/5289 2964/3227/5289
f 2964/3227/5290 2965/3228/5290 2966/3229/5290
f 2967/3230/5291 2964/3227/5291 2966/3229/5291
f 2968/3231/5292 2967/3230/5292 2966/3229/5292
f 2969/3232/5293 2967/3230/5293 2968/3231/5293
f 2968/3231/5294 2970/3233/5294 2969/3232/5294
f 2969/3232/5295 2970/3233/5295 2971/3234/5295
f 2971/3234/5296 2972/3235/5296 2969/3232/5296
f 2969/3232/5297 2972/3235/5297 2973/3236/5297
f 2973/3236/5298 2974/3237/5298 2969/3232/5298
f 2975/3238/5299 2972/3235/5299 2971/3234/5299
f 2976/3239/5300 2972/3235/5300 2975/3238/5300
f 2975/3238/5301 2977/3240/5301 2976/3239/5301
f 2978/3241/5302 2977/3240/5302 2975/3238/5302
f 2978/3241/5303 2975/3238/5303 2979/3242/5303
f 2979/3242/5304 2975/3238/5304 2980/3243/5304
f 2979/3242/5305 2980/3243/5305 2981/3244/5305
f 2981/3244/5306 2980/3243/5306 2982/3245/5306
f 2981/3244/5307 2982/3245/5307 2983/3246/5307
f 2983/3246/5308 2982/3245/5308 2984/3247/5308
f 2983/3246/5309 2984/3247/5309 2985/3248/5309
f 2985/3248/5310 2984/3247/5310 2986/3249/5310
f 2985/3248/5311 2986/3249/5311 2987/3250/5311
f 2987/3250/5312 2986/3249/5312 2988/3251/5312
f 2989/3252/5313 2987/3250/5313 2988/3251/5313
f 2988/3251/5314 2990/3253/5314 2989/3252/5314
f 2989/3252/5315 2990/3253/5315 2991/3254/5315
f 2989/3252/5316 2991/3254/5316 2992/3255/5316
f 2989/3252/5317 2992/3255/5317 2993/3256/5317
f 2993/3256/5318 2992/3255/5318 2994/3257/5318
f 2992/3255/5319 2995/3258/5319 2994/3257/5319
f 2996/3259/5320 2995/3258/5320 2992/3255/5320
f 2992/3255/5321 2997/3260/5321 2996/3259/5321
f 2996/3259/5322 2997/3260/5322 2998/3261/5322
f 2999/3262/5323 2996/3259/5323 2998/3261/5323
f 2998/3261/5324 3000/3263/5324 2999/3262/5324
f 3000/3263/5325 3001/3264/5325 2999/3262/5325
f 2999/3262/5326 3001/3264/5326 3002/3265/5326
f 3002/3265/5327 3003/3266/5327 2999/3262/5327
f 3004/3267/5328 3003/3266/5328 3002/3265/5328
f 3002/3265/5329 3005/2204/5329 3004/3267/5329
f 3004/3267/5330 3005/2204/5330 3006/2203/5330
f 3006/2203/5331 3007/3268/5331 3004/3267/5331
f 3008/2219/5332 3007/3268/5332 3006/2203/5332
f 3002/3265/5333 3009/2205/5333 3005/2204/5333
f 3007/3268/5334 3003/3266/5334 3004/3267/5334
f 3010/3269/5335 3003/3266/5335 3007/3268/5335
f 3003/3266/5336 3010/3269/5336 2996/3259/5336
f 3001/3264/5337 3009/2205/5337 3002/3265/5337
f 3001/3264/5338 3011/2207/5338 3009/2205/5338
f 3012/3270/5339 3011/2207/5339 3001/3264/5339
f 3001/3264/5340 3013/3271/5340 3012/3270/5340
f 3014/3272/5341 3012/3270/5341 3013/3271/5341
f 3013/3271/5342 3015/3273/5342 3014/3272/5342
f 3015/3273/5343 3016/3274/5343 3014/3272/5343
f 3016/3274/5344 3017/3275/5344 3014/3272/5344
f 3017/3275/5345 3016/3274/5345 3018/3276/5345
f 3017/3275/5345 3018/3276/5345 3019/2210/5345
f 3019/2210/5346 3012/3270/5346 3017/3275/5346
f 3020/3277/5347 3016/3274/5347 3015/3273/5347
f 3021/3278/5348 3020/3277/5348 3015/3273/5348
f 3015/3273/5349 3022/3279/5349 3021/3278/5349
f 3022/3279/5350 3023/3280/5350 3021/3278/5350
f 3021/3278/5351 3023/3280/5351 3024/3281/5351
f 3021/3278/5352 3024/3281/5352 3025/3282/5352
f 3026/3283/5353 3021/3278/5353 3025/3282/5353
f 3025/3282/5354 3027/3284/5354 3026/3283/5354
f 3027/3284/5355 3025/3282/5355 3028/3285/5355
f 3028/3285/5356 3029/3286/5356 3027/3284/5356
f 3030/3287/5357 3029/3286/5357 3028/3285/5357
f 3030/3287/5358 3028/3285/5358 3031/3288/5358
f 3030/3287/5359 3031/3288/5359 3032/3289/5359
f 3032/3289/5360 3033/3290/5360 3030/3287/5360
f 3034/3291/5361 3033/3290/5361 3032/3289/5361
f 3032/3289/5362 3035/3292/5362 3034/3291/5362
f 3034/3291/5363 3035/3292/5363 3036/3293/5363
f 3037/3294/5364 3036/3293/5364 3035/3292/5364
f 3035/3292/5365 3038/3295/5365 3037/3294/5365
f 3039/3296/5366 3037/3294/5366 3038/3295/5366
f 3039/3296/5367 3038/3295/5367 3040/3297/5367
f 3040/3297/5368 3041/3298/5368 3039/3296/5368
f 3039/3296/5369 3041/3298/5369 3042/3299/5369
f 3039/3296/5370 3042/3299/5370 3043/3300/5370
f 3043/3300/5371 3042/3299/5371 3044/3301/5371
f 3043/3300/5372 3044/3301/5372 3045/3302/5372
f 3045/3302/5373 3037/3294/5373 3043/3300/5373
f 3046/3303/5374 3037/3294/5374 3045/3302/5374
f 3045/3302/5375 3047/3304/5375 3046/3303/5375
f 3045/3302/5376 3048/3305/5376 3047/3304/5376
f 2959/3222/5377 3048/3305/5377 3045/3302/5377
f 3045/3302/5378 3044/3301/5378 2959/3222/5378
f 3042/3299/5379 2960/3223/5379 3044/3301/5379
f 3049/3306/5380 2960/3223/5380 3042/3299/5380
f 3042/3299/5381 3050/3307/5381 3049/3306/5381
f 3050/3307/5382 2963/3226/5382 3049/3306/5382
f 3041/3298/5383 3050/3307/5383 3042/3299/5383
f 3041/3298/5384 3051/3308/5384 3050/3307/5384
f 3050/3307/5385 3051/3308/5385 3052/3309/5385
f 3050/3307/5386 3052/3309/5386 2965/3228/5386
f 2965/3228/5387 3052/3309/5387 3053/3310/5387
f 2968/3231/5388 2965/3228/5388 3053/3310/5388
f 3054/3311/5389 2968/3231/5389 3053/3310/5389
f 3054/3311/5390 3053/3310/5390 3055/3312/5390
f 3054/3311/5391 3055/3312/5391 2982/3245/5391
f 3055/3312/5392 3053/3310/5392 3052/3309/5392
f 3052/3309/5393 3056/3313/5393 3055/3312/5393
f 2986/3249/5394 3055/3312/5394 3056/3313/5394
f 3056/3313/5395 2990/3253/5395 2986/3249/5395
f 3051/3308/5396 2990/3253/5396 3056/3313/5396
f 3057/3314/5397 2990/3253/5397 3051/3308/5397
f 3051/3308/5398 3056/3313/5398 3052/3309/5398
f 3051/3308/5399 3041/3298/5399 3057/3314/5399
f 3057/3314/5400 3041/3298/5400 3040/3297/5400
f 3040/3297/5401 3058/3315/5401 3057/3314/5401
f 3058/3315/5402 2991/3254/5402 3057/3314/5402
f 3058/3315/5403 2997/3260/5403 2991/3254/5403
f 3059/3316/5404 2997/3260/5404 3058/3315/5404
f 3058/3315/5405 3060/3317/5405 3059/3316/5405
f 3059/3316/5406 3060/3317/5406 3023/3280/5406
f 3059/3316/5407 3061/3318/5407 2997/3260/5407
f 3061/3318/5408 3059/3316/5408 3022/3279/5408
f 3061/3318/5409 3022/3279/5409 3000/3263/5409
f 3000/3263/5410 3022/3279/5410 3013/3271/5410
f 3060/3317/5411 3058/3315/5411 3040/3297/5411
f 3040/3297/5412 3038/3295/5412 3060/3317/5412
f 3038/3295/5413 3024/3281/5413 3060/3317/5413
f 3031/3288/5414 3024/3281/5414 3038/3295/5414
f 3062/3319/5415 3024/3281/5415 3031/3288/5415
f 3043/3300/5416 3037/3294/5416 3039/3296/5416
f 3031/3288/5417 3038/3295/5417 3035/3292/5417
f 3046/3303/5418 3036/3293/5418 3037/3294/5418
f 3032/3289/5419 3031/3288/5419 3035/3292/5419
f 3031/3288/5420 3028/3285/5420 3062/3319/5420
f 3033/3290/5421 3029/3286/5421 3030/3287/5421
f 3028/3285/5422 3025/3282/5422 3062/3319/5422
f 3025/3282/5423 3024/3281/5423 3062/3319/5423
f 3060/3317/5424 3024/3281/5424 3023/3280/5424
f 3022/3279/5425 3059/3316/5425 3023/3280/5425
f 3020/3277/5426 3021/3278/5426 3026/3283/5426
f 3026/3283/5427 3063/3320/5427 3020/3277/5427
f 3016/3274/5427 3020/3277/5427 3063/3320/5427
f 3015/3273/5428 3013/3271/5428 3022/3279/5428
f 3012/3270/5429 3014/3272/5429 3017/3275/5429
f 3012/3270/5430 3019/2210/5430 3011/2207/5430
f 3000/3263/5431 3013/3271/5431 3001/3264/5431
f 3061/3318/5432 3000/3263/5432 2998/3261/5432
f 3003/3266/5433 2996/3259/5433 2999/3262/5433
f 2997/3260/5434 3061/3318/5434 2998/3261/5434
f 2996/3259/5435 3010/3269/5435 2995/3258/5435
f 2992/3255/5436 2991/3254/5436 2997/3260/5436
f 3057/3314/5437 2991/3254/5437 2990/3253/5437
f 2993/3256/5438 2987/3250/5438 2989/3252/5438
f 2986/3249/5439 2990/3253/5439 2988/3251/5439
f 2984/3247/5440 3055/3312/5440 2986/3249/5440
f 2982/3245/5441 3055/3312/5441 2984/3247/5441
f 2980/3243/5442 3054/3311/5442 2982/3245/5442
f 2970/3233/5443 3054/3311/5443 2980/3243/5443
f 2980/3243/5444 2975/3238/5444 2970/3233/5444
f 2970/3233/5445 2975/3238/5445 2971/3234/5445
f 2970/3233/5446 2968/3231/5446 3054/3311/5446
f 2969/3232/5447 2974/3237/5447 2967/3230/5447
f 3064/3321/5448 2967/3230/5448 2974/3237/5448
f 3065/3322/5449 2967/3230/5449 3064/3321/5449
f 3064/3321/5450 3066/3323/5450 3065/3322/5450
f 3065/3322/5451 3066/3323/5451 3067/3324/5451
f 3068/3325/5452 3065/3322/5452 3067/3324/5452
f 3068/3325/5453 3067/3324/5453 3069/3326/5453
f 2961/3224/5454 3068/3325/5454 3069/3326/5454
f 3070/3327/5455 2961/3224/5455 3069/3326/5455
f 3071/3328/5456 3070/3327/5456 3069/3326/5456
f 3072/3329/5457 3070/3327/5457 3071/3328/5457
f 3071/3328/5458 3073/3330/5458 3072/3329/5458
f 3072/3329/5459 3073/3330/5459 3074/3331/5459
f 3073/3330/5460 3071/3328/5460 3066/3323/5460
f 3075/3332/5461 2961/3224/5461 3070/3327/5461
f 3075/3332/5462 2958/3221/5462 2961/3224/5462
f 3069/3326/5463 3067/3324/5463 3071/3328/5463
f 2964/3227/5464 3065/3322/5464 3068/3325/5464
f 3066/3323/5465 3071/3328/5465 3067/3324/5465
f 3065/3322/5466 2964/3227/5466 2967/3230/5466
f 2966/3229/5467 2965/3228/5467 2968/3231/5467
f 2965/3228/5468 2963/3226/5468 3050/3307/5468
f 3068/3325/5469 2962/3225/5469 2964/3227/5469
f 3049/3306/5470 2963/3226/5470 2960/3223/5470
f 2962/3225/5471 3068/3325/5471 2961/3224/5471
f 3044/3301/5472 2960/3223/5472 2959/3222/5472
f 2959/3222/5473 2958/3221/5473 3048/3305/5473
f 2961/3224/5474 2958/3221/5474 2957/3220/5474
f 3076/3333/5475 3077/3334/5475 3078/3335/5475
f 3079/3336/5476 3076/3333/5476 3078/3335/5476
f 3078/3335/5477 3080/3337/5477 3079/3336/5477
f 3079/3336/5478 3080/3337/5478 3081/3338/5478
f 3082/3339/5479 3079/3336/5479 3081/3338/5479
f 3082/3339/5480 3081/3338/5480 3083/3340/5480
f 3084/3341/5481 3082/3339/5481 3083/3340/5481
f 3084/3341/5482 3083/3340/5482 3085/3342/5482
f 3086/3343/5483 3084/3341/5483 3085/3342/5483
f 3086/3343/5484 3085/3342/5484 3087/3344/5484
f 3088/3345/5485 3086/3343/5485 3087/3344/5485
f 3088/3345/5486 3087/3344/5486 3089/3346/5486
f 3090/3347/5487 3088/3345/5487 3089/3346/5487
f 3090/3347/5488 3089/3346/5488 3091/3348/5488
f 3092/3349/5489 3090/3347/5489 3091/3348/5489
f 3092/3349/5490 3091/3348/5490 3093/3350/5490
f 3094/3351/5491 3092/3349/5491 3093/3350/5491
f 3094/3351/5492 3093/3350/5492 3095/3352/5492
f 3096/3353/5493 3094/3351/5493 3095/3352/5493
f 3097/3354/5494 3094/3351/5494 3096/3353/5494
f 3098/3355/5495 3097/3354/5495 3096/3353/5495
f 3099/3356/5496 3097/3354/5496 3098/3355/5496
f 3099/3356/5497 3100/3357/5497 3097/3354/5497
f 3100/3357/5498 3101/3358/5498 3097/3354/5498
f 3100/3357/5499 3102/3359/5499 3101/3358/5499
f 3102/3359/5500 3103/3360/5500 3101/3358/5500
f 3101/3358/5501 3103/3360/5501 3092/3349/5501
f 3102/3359/5502 3104/3361/5502 3103/3360/5502
f 3104/3361/5503 3105/3362/5503 3103/3360/5503
f 3103/3360/5504 3105/3362/5504 3090/3347/5504
f 3104/3361/5505 3106/3363/5505 3105/3362/5505
f 3106/3363/5506 3107/3364/5506 3105/3362/5506
f 3105/3362/5507 3107/3364/5507 3088/3345/5507
f 3106/3363/5508 3108/3365/5508 3107/3364/5508
f 3108/3365/5509 3109/3366/5509 3107/3364/5509
f 3107/3364/5510 3109/3366/5510 3086/3343/5510
f 3108/3365/5511 3110/3367/5511 3109/3366/5511
f 3110/3367/5512 3111/3368/5512 3109/3366/5512
f 3109/3366/5513 3111/3368/5513 3084/3341/5513
f 3110/3367/5514 3112/3369/5514 3111/3368/5514
f 3111/3368/5515 3112/3369/5515 3113/3370/5515
f 3114/3371/5516 3111/3368/5516 3113/3370/5516
f 3114/3371/5517 3113/3370/5517 3115/3372/5517
f 3115/3372/5518 3079/3336/5518 3114/3371/5518
f 3116/3373/5519 3079/3336/5519 3115/3372/5519
f 3115/3372/5520 3117/3374/5520 3116/3373/5520
f 3116/3373/5521 3117/3374/5521 3118/3375/5521
f 3118/3375/5522 3119/3376/5522 3116/3373/5522
f 3116/3373/5523 3119/3376/5523 3076/3333/5523
f 3120/3377/5524 3076/3333/5524 3119/3376/5524
f 3119/3376/5525 3121/3378/5525 3120/3377/5525
f 3121/3378/5526 3122/2031/5526 3120/3377/5526
f 3120/3377/5527 3122/2031/5527 3077/3334/5527
f 3077/3334/5528 3122/2031/5528 3123/2054/5528
f 3123/2054/5529 3124/3379/5529 3077/3334/5529
f 3125/2057/5530 3124/3379/5530 3123/2054/5530
f 3125/2057/5531 3126/2058/5531 3124/3379/5531
f 3124/3379/5532 3126/2058/5532 3127/3380/5532
f 3080/3337/5533 3124/3379/5533 3127/3380/5533
f 3080/3337/5534 3127/3380/5534 3128/3381/5534
f 3129/3382/5535 3080/3337/5535 3128/3381/5535
f 3129/3382/5536 3128/3381/5536 3130/3383/5536
f 3131/3384/5537 3129/3382/5537 3130/3383/5537
f 3131/3384/5538 3130/3383/5538 3132/3385/5538
f 3133/3386/5539 3131/3384/5539 3132/3385/5539
f 3133/3386/5540 3132/3385/5540 3134/3387/5540
f 3135/3388/5541 3133/3386/5541 3134/3387/5541
f 3135/3388/5542 3134/3387/5542 3136/3389/5542
f 3137/3390/5543 3135/3388/5543 3136/3389/5543
f 3137/3390/5544 3136/3389/5544 3138/3391/5544
f 3139/3392/5545 3137/3390/5545 3138/3391/5545
f 3139/3392/5546 3138/3391/5546 3140/3393/5546
f 3141/3394/5547 3139/3392/5547 3140/3393/5547
f 3093/3350/5548 3139/3392/5548 3141/3394/5548
f 3140/3393/5549 3138/3391/5549 3142/3395/5549
f 3138/3391/5550 3143/3396/5550 3142/3395/5550
f 3142/3395/5550 3143/3396/5550 3144/3397/5550
f 3143/3396/5551 3145/3398/5551 3144/3397/5551
f 3144/3397/5552 3145/3398/5552 3146/3399/5552
f 3145/3398/5553 3147/3400/5553 3146/3399/5553
f 3146/3399/5554 3147/3400/5554 3148/3401/5554
f 3147/3400/5555 3149/3402/5555 3148/3401/5555
f 3148/3401/5556 3149/3402/5556 3150/3403/5556
f 3149/3402/5557 3151/3404/5557 3150/3403/5557
f 3150/3403/5558 3151/3404/5558 3152/3405/5558
f 3151/3404/5559 3153/3406/5559 3152/3405/5559
f 3152/3405/5560 3153/3406/5560 3154/3407/5560
f 3153/3406/5561 3155/1963/5561 3154/3407/5561
f 3154/3407/5562 3155/1963/5562 3156/1962/5562
f 3153/3406/5563 3157/2069/5563 3155/1963/5563
f 3158/3408/5564 3157/2069/5564 3153/3406/5564
f 3158/3408/5565 3159/2067/5565 3157/2069/5565
f 3160/3409/5566 3159/2067/5566 3158/3408/5566
f 3161/3410/5567 3160/3409/5567 3158/3408/5567
f 3161/3410/5568 3158/3408/5568 3151/3404/5568
f 3162/3411/5569 3160/3409/5569 3161/3410/5569
f 3163/3412/5570 3162/3411/5570 3161/3410/5570
f 3163/3412/5571 3161/3410/5571 3149/3402/5571
f 3164/3413/5572 3162/3411/5572 3163/3412/5572
f 3165/3414/5573 3164/3413/5573 3163/3412/5573
f 3165/3414/5574 3163/3412/5574 3147/3400/5574
f 3166/3415/5575 3164/3413/5575 3165/3414/5575
f 3167/3416/5576 3166/3415/5576 3165/3414/5576
f 3167/3416/5577 3165/3414/5577 3145/3398/5577
f 3134/3387/5578 3166/3415/5578 3167/3416/5578
f 3166/3415/5579 3168/3417/5579 3164/3413/5579
f 3168/3417/5580 3169/3418/5580 3164/3413/5580
f 3168/3417/5581 3170/3419/5581 3169/3418/5581
f 3170/3419/5582 3171/3420/5582 3169/3418/5582
f 3169/3418/5583 3171/3420/5583 3172/3421/5583
f 3169/3418/5584 3172/3421/5584 3162/3411/5584
f 3171/3420/5585 3173/2063/5585 3172/3421/5585
f 3172/3421/5586 3173/2063/5586 3174/2065/5586
f 3172/3421/5587 3174/2065/5587 3160/3409/5587
f 3171/3420/5588 3175/2062/5588 3173/2063/5588
f 3176/3422/5589 3175/2062/5589 3171/3420/5589
f 3176/3422/5590 3126/2058/5590 3175/2062/5590
f 3170/3419/5591 3176/3422/5591 3171/3420/5591
f 3128/3381/5592 3176/3422/5592 3170/3419/5592
f 3130/3383/5593 3170/3419/5593 3168/3417/5593
f 3132/3385/5594 3168/3417/5594 3166/3415/5594
f 3164/3413/5595 3169/3418/5595 3162/3411/5595
f 3162/3411/5596 3172/3421/5596 3160/3409/5596
f 3160/3409/5597 3174/2065/5597 3159/2067/5597
f 3151/3404/5598 3158/3408/5598 3153/3406/5598
f 3149/3402/5599 3161/3410/5599 3151/3404/5599
f 3147/3400/5600 3163/3412/5600 3149/3402/5600
f 3145/3398/5601 3165/3414/5601 3147/3400/5601
f 3143/3396/5602 3167/3416/5602 3145/3398/5602
f 3136/3389/5602 3167/3416/5602 3143/3396/5602
f 3091/3348/5603 3137/3390/5603 3139/3392/5603
f 3138/3391/5604 3136/3389/5604 3143/3396/5604
f 3089/3346/5605 3135/3388/5605 3137/3390/5605
f 3136/3389/5606 3134/3387/5606 3167/3416/5606
f 3087/3344/5607 3133/3386/5607 3135/3388/5607
f 3134/3387/5608 3132/3385/5608 3166/3415/5608
f 3085/3342/5609 3131/3384/5609 3133/3386/5609
f 3132/3385/5610 3130/3383/5610 3168/3417/5610
f 3083/3340/5611 3129/3382/5611 3131/3384/5611
f 3130/3383/5612 3128/3381/5612 3170/3419/5612
f 3128/3381/5613 3127/3380/5613 3176/3422/5613
f 3127/3380/5614 3126/2058/5614 3176/3422/5614
f 3177/2032/5615 3122/2031/5615 3121/3378/5615
f 3177/2032/5616 3121/3378/5616 3178/2053/5616
f 3178/2053/5617 3121/3378/5617 3179/3423/5617
f 3180/3424/5618 3178/2053/5618 3179/3423/5618
f 3179/3423/5619 3181/3425/5619 3180/3424/5619
f 3180/3424/5620 3181/3425/5620 3182/3426/5620
f 3182/3426/5621 3183/2051/5621 3180/3424/5621
f 3180/3424/5622 3183/2051/5622 3184/2052/5622
f 3182/3426/5623 3181/3425/5623 3185/3427/5623
f 3186/3428/5624 3185/3427/5624 3181/3425/5624
f 3181/3425/5625 3187/3429/5625 3186/3428/5625
f 3187/3429/5626 3188/3430/5626 3186/3428/5626
f 3186/3428/5627 3188/3430/5627 3189/3431/5627
f 3189/3431/5628 3190/3432/5628 3186/3428/5628
f 3186/3428/5629 3190/3432/5629 3191/3433/5629
f 3189/3431/5630 3192/3434/5630 3190/3432/5630
f 3193/3435/5631 3192/3434/5631 3189/3431/5631
f 3193/3435/5632 3194/3436/5632 3192/3434/5632
f 3192/3434/5633 3194/3436/5633 3195/3437/5633
f 3196/3438/5634 3195/3437/5634 3194/3436/5634
f 3194/3436/5635 3197/3439/5635 3196/3438/5635
f 3196/3438/5636 3197/3439/5636 3198/3440/5636
f 3199/3441/5637 3196/3438/5637 3198/3440/5637
f 3198/3440/5638 3200/3442/5638 3199/3441/5638
f 3200/3442/5639 3201/3443/5639 3199/3441/5639
f 3199/3441/5640 3201/3443/5640 3202/3444/5640
f 3202/3444/5641 3203/3445/5641 3199/3441/5641
f 3204/3446/5642 3203/3445/5642 3202/3444/5642
f 3202/3444/5643 3205/3447/5643 3204/3446/5643
f 3204/3446/5644 3205/3447/5644 3206/3448/5644
f 3207/3449/5645 3204/3446/5645 3206/3448/5645
f 3206/3448/5646 3208/3450/5646 3207/3449/5646
f 3209/3451/5647 3208/3450/5647 3206/3448/5647
f 3209/3451/5648 3206/3448/5648 3210/3452/5648
f 3209/3451/5649 3210/3452/5649 3211/3453/5649
f 3211/3453/5650 3212/3454/5650 3209/3451/5650
f 3211/3453/5651 3210/3452/5651 3213/3455/5651
f 3213/3455/5652 3210/3452/5652 3214/3456/5652
f 3214/3456/5653 3210/3452/5653 3215/3457/5653
f 3214/3456/5654 3215/3457/5654 3216/3458/5654
f 3216/3458/5655 3215/3457/5655 3217/3459/5655
f 3217/3459/5656 3218/3460/5656 3216/3458/5656
f 3216/3458/5657 3218/3460/5657 3219/3461/5657
f 3218/3460/5658 3220/3462/5658 3219/3461/5658
f 3221/3463/5659 3220/3462/5659 3218/3460/5659
f 3218/3460/5660 3222/3464/5660 3221/3463/5660
f 3221/3463/5661 3222/3464/5661 3223/3465/5661
f 3223/3465/5662 3224/3466/5662 3221/3463/5662
f 3225/3467/5663 3224/3466/5663 3223/3465/5663
f 3223/3465/5664 3226/3468/5664 3225/3467/5664
f 3225/3467/5665 3226/3468/5665 3227/3469/5665
f 3225/3467/5666 3227/3469/5666 3228/3470/5666
f 3229/3471/5667 3225/3467/5667 3228/3470/5667
f 3229/3471/5668 3228/3470/5668 3230/3472/5668
f 3231/3473/5669 3229/3471/5669 3230/3472/5669
f 3231/3473/5670 3230/3472/5670 3232/3474/5670
f 3232/3474/5671 3230/3472/5671 3233/3475/5671
f 3232/3474/5672 3233/3475/5672 3234/3476/5672
f 3234/3476/5673 3233/3475/5673 3235/3477/5673
f 3234/3476/5674 3235/3477/5674 3236/3478/5674
f 3236/3478/5675 3235/3477/5675 3100/3357/5675
f 3233/3475/5676 3237/3479/5676 3235/3477/5676
f 3235/3477/5677 3237/3479/5677 3102/3359/5677
f 3233/3475/5678 3238/3480/5678 3237/3479/5678
f 3238/3480/5679 3239/3481/5679 3237/3479/5679
f 3237/3479/5680 3239/3481/5680 3104/3361/5680
f 3238/3480/5681 3240/3482/5681 3239/3481/5681
f 3240/3482/5682 3241/3483/5682 3239/3481/5682
f 3239/3481/5683 3241/3483/5683 3106/3363/5683
f 3240/3482/5684 3242/3484/5684 3241/3483/5684
f 3242/3484/5685 3243/3485/5685 3241/3483/5685
f 3241/3483/5686 3243/3485/5686 3108/3365/5686
f 3242/3484/5687 3244/3486/5687 3243/3485/5687
f 3243/3485/5688 3244/3486/5688 3245/3487/5688
f 3243/3485/5689 3245/3487/5689 3110/3367/5689
f 3244/3486/5690 3246/3488/5690 3245/3487/5690
f 3245/3487/5691 3246/3488/5691 3112/3369/5691
f 3112/3369/5692 3246/3488/5692 3247/3489/5692
f 3248/3490/5693 3112/3369/5693 3247/3489/5693
f 3247/3489/5694 3249/3491/5694 3248/3490/5694
f 3248/3490/5695 3249/3491/5695 3250/3492/5695
f 3250/3492/5696 3117/3374/5696 3248/3490/5696
f 3251/3493/5697 3117/3374/5697 3250/3492/5697
f 3252/3494/5698 3117/3374/5698 3251/3493/5698
f 3253/3495/5699 3252/3494/5699 3251/3493/5699
f 3251/3493/5700 3197/3439/5700 3253/3495/5700
f 3253/3495/5701 3197/3439/5701 3193/3435/5701
f 3193/3435/5702 3188/3430/5702 3253/3495/5702
f 3254/3496/5703 3197/3439/5703 3251/3493/5703
f 3254/3496/5704 3251/3493/5704 3249/3491/5704
f 3249/3491/5705 3255/3497/5705 3254/3496/5705
f 3198/3440/5706 3254/3496/5706 3255/3497/5706
f 3256/3498/5707 3255/3497/5707 3249/3491/5707
f 3256/3498/5708 3249/3491/5708 3246/3488/5708
f 3246/3488/5709 3257/3499/5709 3256/3498/5709
f 3256/3498/5710 3257/3499/5710 3258/3500/5710
f 3259/3501/5711 3258/3500/5711 3257/3499/5711
f 3257/3499/5712 3226/3468/5712 3259/3501/5712
f 3244/3486/5713 3226/3468/5713 3257/3499/5713
f 3260/3502/5714 3258/3500/5714 3259/3501/5714
f 3222/3464/5715 3260/3502/5715 3259/3501/5715
f 3261/3503/5716 3260/3502/5716 3222/3464/5716
f 3261/3503/5717 3262/3504/5717 3260/3502/5717
f 3260/3502/5718 3262/3504/5718 3201/3443/5718
f 3262/3504/5719 3261/3503/5719 3215/3457/5719
f 3262/3504/5720 3215/3457/5720 3205/3447/5720
f 3260/3502/5721 3200/3442/5721 3258/3500/5721
f 3255/3497/5722 3258/3500/5722 3200/3442/5722
f 3256/3498/5723 3258/3500/5723 3255/3497/5723
f 3188/3430/5724 3252/3494/5724 3253/3495/5724
f 3249/3491/5725 3251/3493/5725 3250/3492/5725
f 3246/3488/5726 3249/3491/5726 3247/3489/5726
f 3257/3499/5727 3246/3488/5727 3244/3486/5727
f 3242/3484/5728 3227/3469/5728 3244/3486/5728
f 3227/3469/5729 3242/3484/5729 3240/3482/5729
f 3228/3470/5730 3240/3482/5730 3238/3480/5730
f 3230/3472/5731 3238/3480/5731 3233/3475/5731
f 3263/3505/5732 3229/3471/5732 3231/3473/5732
f 3263/3505/5733 3224/3466/5733 3229/3471/5733
f 3264/3506/5734 3224/3466/5734 3263/3505/5734
f 3264/3506/5735 3220/3462/5735 3224/3466/5735
f 3230/3472/5736 3228/3470/5736 3238/3480/5736
f 3228/3470/5737 3227/3469/5737 3240/3482/5737
f 3244/3486/5738 3227/3469/5738 3226/3468/5738
f 3223/3465/5739 3259/3501/5739 3226/3468/5739
f 3224/3466/5740 3225/3467/5740 3229/3471/5740
f 3222/3464/5741 3259/3501/5741 3223/3465/5741
f 3222/3464/5742 3218/3460/5742 3261/3503/5742
f 3224/3466/5743 3220/3462/5743 3221/3463/5743
f 3261/3503/5744 3218/3460/5744 3217/3459/5744
f 3215/3457/5745 3261/3503/5745 3217/3459/5745
f 3205/3447/5746 3215/3457/5746 3210/3452/5746
f 3209/3451/5747 3212/3454/5747 3208/3450/5747
f 3265/3507/5748 3204/3446/5748 3207/3449/5748
f 3266/3508/5749 3204/3446/5749 3265/3507/5749
f 3210/3452/5750 3206/3448/5750 3205/3447/5750
f 3202/3444/5751 3262/3504/5751 3205/3447/5751
f 3203/3445/5752 3204/3446/5752 3266/3508/5752
f 3203/3445/5753 3266/3508/5753 3196/3438/5753
f 3196/3438/5754 3266/3508/5754 3267/3509/5754
f 3201/3443/5755 3262/3504/5755 3202/3444/5755
f 3201/3443/5756 3200/3442/5756 3260/3502/5756
f 3255/3497/5757 3200/3442/5757 3198/3440/5757
f 3203/3445/5758 3196/3438/5758 3199/3441/5758
f 3197/3439/5759 3254/3496/5759 3198/3440/5759
f 3267/3509/5760 3195/3437/5760 3196/3438/5760
f 3193/3435/5761 3197/3439/5761 3194/3436/5761
f 3189/3431/5762 3188/3430/5762 3193/3435/5762
f 3188/3430/5763 3187/3429/5763 3252/3494/5763
f 3252/3494/5764 3187/3429/5764 3268/3510/5764
f 3268/3510/5765 3118/3375/5765 3252/3494/5765
f 3269/3511/5766 3268/3510/5766 3187/3429/5766
f 3270/3512/5767 3268/3510/5767 3269/3511/5767
f 3179/3423/5768 3270/3512/5768 3269/3511/5768
f 3119/3376/5769 3268/3510/5769 3270/3512/5769
f 3269/3511/5770 3187/3429/5770 3181/3425/5770
f 3191/3433/5771 3185/3427/5771 3186/3428/5771
f 3269/3511/5772 3181/3425/5772 3179/3423/5772
f 3184/2052/5773 3178/2053/5773 3180/3424/5773
f 3121/3378/5774 3270/3512/5774 3179/3423/5774
f 3270/3512/5775 3121/3378/5775 3119/3376/5775
f 3118/3375/5776 3268/3510/5776 3119/3376/5776
f 3252/3494/5777 3118/3375/5777 3117/3374/5777
f 3248/3490/5778 3117/3374/5778 3115/3372/5778
f 3115/3372/5779 3113/3370/5779 3248/3490/5779
f 3082/3339/5780 3111/3368/5780 3114/3371/5780
f 3113/3370/5781 3112/3369/5781 3248/3490/5781
f 3110/3367/5782 3245/3487/5782 3112/3369/5782
f 3243/3485/5783 3110/3367/5783 3108/3365/5783
f 3241/3483/5784 3108/3365/5784 3106/3363/5784
f 3239/3481/5785 3106/3363/5785 3104/3361/5785
f 3237/3479/5786 3104/3361/5786 3102/3359/5786
f 3235/3477/5787 3102/3359/5787 3100/3357/5787
f 3236/3478/5788 3100/3357/5788 3099/3356/5788
f 3097/3354/5789 3101/3358/5789 3094/3351/5789
f 3095/3352/5790 3093/3350/5790 3141/3394/5790
f 3101/3358/5791 3092/3349/5791 3094/3351/5791
f 3093/3350/5792 3091/3348/5792 3139/3392/5792
f 3103/3360/5793 3090/3347/5793 3092/3349/5793
f 3091/3348/5794 3089/3346/5794 3137/3390/5794
f 3105/3362/5795 3088/3345/5795 3090/3347/5795
f 3089/3346/5796 3087/3344/5796 3135/3388/5796
f 3107/3364/5797 3086/3343/5797 3088/3345/5797
f 3087/3344/5798 3085/3342/5798 3133/3386/5798
f 3109/3366/5799 3084/3341/5799 3086/3343/5799
f 3085/3342/5800 3083/3340/5800 3131/3384/5800
f 3111/3368/5801 3082/3339/5801 3084/3341/5801
f 3083/3340/5802 3081/3338/5802 3129/3382/5802
f 3114/3371/5803 3079/3336/5803 3082/3339/5803
f 3081/3338/5804 3080/3337/5804 3129/3382/5804
f 3078/3335/5805 3124/3379/5805 3080/3337/5805
f 3116/3373/5806 3076/3333/5806 3079/3336/5806
f 3078/3335/5807 3077/3334/5807 3124/3379/5807
f 3077/3334/5808 3076/3333/5808 3120/3377/5808
f 3190/3513/5809 3192/3514/5809 3271/3515/5809
f 3271/3515/5810 3191/3516/5810 3190/3513/5810
f 3272/3517/5811 3191/3516/5811 3271/3515/5811
f 3271/3515/5812 3273/3518/5812 3272/3517/5812
f 3272/3517/5813 3273/3518/5813 3274/3519/5813
f 3185/3520/5814 3272/3517/5814 3274/3519/5814
f 3275/3521/5815 3185/3520/5815 3274/3519/5815
f 3276/3522/5816 3275/3521/5816 3274/3519/5816
f 3277/3523/5817 3275/3521/5817 3276/3522/5817
f 3277/3523/5818 3276/3522/5818 3278/3524/5818
f 3277/3523/5819 3278/3524/5819 3279/2243/5819
f 3280/2245/5820 3277/3523/5820 3279/2243/5820
f 3279/2243/5821 3278/3524/5821 3281/2325/5821
f 3278/3524/5822 3282/3525/5822 3281/2325/5822
f 3281/2325/5823 3282/3525/5823 3283/2237/5823
f 3283/2237/5824 3282/3525/5824 3284/2236/5824
f 3284/2236/5825 3282/3525/5825 3285/3526/5825
f 3285/3526/5826 3007/3527/5826 3284/2236/5826
f 3284/2236/5827 3007/3527/5827 3008/2326/5827
f 3007/3527/5826 3285/3526/5826 3010/3528/5826
f 3010/3528/5828 3285/3526/5828 3286/3529/5828
f 3286/3529/5829 2995/3530/5829 3010/3528/5829
f 3287/3531/5830 2995/3530/5830 3286/3529/5830
f 3286/3529/5831 3288/3532/5831 3287/3531/5831
f 3287/3531/5832 3288/3532/5832 3289/3533/5832
f 3290/3534/5833 3287/3531/5833 3289/3533/5833
f 3291/3535/5834 3290/3534/5834 3289/3533/5834
f 3289/3533/5835 3292/3536/5835 3291/3535/5835
f 3276/3522/5836 3291/3535/5836 3292/3536/5836
f 3273/3518/5837 3291/3535/5837 3276/3522/5837
f 3293/3537/5838 3291/3535/5838 3273/3518/5838
f 3294/3538/5839 3291/3535/5839 3293/3537/5839
f 3295/3539/5840 3294/3538/5840 3293/3537/5840
f 3271/3515/5841 3295/3539/5841 3293/3537/5841
f 3296/3540/5842 3295/3539/5842 3271/3515/5842
f 3297/3541/5843 3295/3539/5843 3296/3540/5843
f 3192/3514/5844 3297/3541/5844 3296/3540/5844
f 3195/3542/5845 3297/3541/5845 3192/3514/5845
f 3297/3541/5846 3195/3542/5846 3298/3543/5846
f 3298/3543/5847 3299/3544/5847 3297/3541/5847
f 3300/3545/5848 3299/3544/5848 3298/3543/5848
f 3300/3545/5849 3298/3543/5849 3301/3546/5849
f 3301/3546/5850 3302/3547/5850 3300/3545/5850
f 3300/3545/5851 3302/3547/5851 3303/3548/5851
f 3304/3549/5852 3300/3545/5852 3303/3548/5852
f 3304/3549/5853 3303/3548/5853 3305/3550/5853
f 3306/3551/5854 3304/3549/5854 3305/3550/5854
f 3305/3550/5855 3307/3552/5855 3306/3551/5855
f 3306/3551/5856 3307/3552/5856 3290/3534/5856
f 3290/3534/5857 3308/3553/5857 3306/3551/5857
f 3294/3538/5858 3308/3553/5858 3290/3534/5858
f 3290/3534/5859 3307/3552/5859 3309/3554/5859
f 3307/3552/5860 2993/3555/5860 3309/3554/5860
f 3309/3554/5861 2993/3555/5861 2994/3556/5861
f 2994/3556/5862 2995/3530/5862 3309/3554/5862
f 2993/3555/5863 3307/3552/5863 2987/3557/5863
f 2987/3557/5864 3307/3552/5864 3310/3558/5864
f 2987/3557/5865 3310/3558/5865 2985/3559/5865
f 2985/3559/5866 3310/3558/5866 3311/3560/5866
f 2985/3559/5867 3311/3560/5867 2983/3561/5867
f 2983/3561/5868 3311/3560/5868 3312/3562/5868
f 3313/3563/5869 2983/3561/5869 3312/3562/5869
f 3313/3563/5870 3312/3562/5870 3314/3564/5870
f 3314/3564/5871 3315/3565/5871 3313/3563/5871
f 3313/3563/5872 3315/3565/5872 3316/3566/5872
f 3316/3566/5873 2981/3567/5873 3313/3563/5873
f 2979/3568/5874 2981/3567/5874 3316/3566/5874
f 3316/3566/5875 3317/3569/5875 2979/3568/5875
f 2979/3568/5876 3317/3569/5876 2978/3570/5876
f 3317/3569/5877 2977/3571/5877 2978/3570/5877
f 3318/3572/5878 2977/3571/5878 3317/3569/5878
f 3317/3569/5879 3319/3573/5879 3318/3572/5879
f 3320/3574/5880 3319/3573/5880 3317/3569/5880
f 3320/3574/5881 3321/3575/5881 3319/3573/5881
f 3322/3576/5882 3321/3575/5882 3320/3574/5882
f 3320/3574/5883 3315/3565/5883 3322/3576/5883
f 3322/3576/5884 3315/3565/5884 3323/3577/5884
f 3324/3578/5885 3322/3576/5885 3323/3577/5885
f 3324/3578/5886 3323/3577/5886 3325/3579/5886
f 3325/3579/5887 3326/3580/5887 3324/3578/5887
f 3326/3580/5888 3327/3581/5888 3324/3578/5888
f 3328/3582/5889 3327/3581/5889 3326/3580/5889
f 3326/3580/5890 3207/3583/5890 3328/3582/5890
f 3328/3582/5891 3207/3583/5891 3208/3584/5891
f 3212/3585/5892 3328/3582/5892 3208/3584/5892
f 3329/3586/5893 3328/3582/5893 3212/3585/5893
f 3326/3580/5894 3330/3587/5894 3207/3583/5894
f 3207/3583/5895 3330/3587/5895 3265/3588/5895
f 3330/3587/5896 3331/3589/5896 3265/3588/5896
f 3265/3588/5897 3331/3589/5897 3266/3590/5897
f 3266/3590/5898 3331/3589/5898 3267/3591/5898
f 3267/3591/5899 3331/3589/5899 3298/3543/5899
f 3331/3589/5900 3330/3587/5900 3301/3546/5900
f 3301/3546/5901 3330/3587/5901 3325/3579/5901
f 3325/3579/5902 3332/3592/5902 3301/3546/5902
f 3328/3582/5903 3329/3586/5903 3327/3581/5903
f 3327/3581/5904 3329/3586/5904 3333/3593/5904
f 3321/3575/5905 3327/3581/5905 3333/3593/5905
f 3330/3587/5906 3326/3580/5906 3325/3579/5906
f 3325/3579/5907 3323/3577/5907 3332/3592/5907
f 3327/3581/5908 3322/3576/5908 3324/3578/5908
f 3323/3577/5909 3315/3565/5909 3332/3592/5909
f 3322/3576/5910 3327/3581/5910 3321/3575/5910
f 3317/3569/5911 3316/3566/5911 3320/3574/5911
f 3320/3574/5912 3316/3566/5912 3315/3565/5912
f 3332/3592/5913 3315/3565/5913 3314/3564/5913
f 3334/3594/5914 3332/3592/5914 3314/3564/5914
f 3302/3547/5915 3332/3592/5915 3334/3594/5915
f 3335/3595/5916 3302/3547/5916 3334/3594/5916
f 3335/3595/5917 3334/3594/5917 3311/3560/5917
f 3314/3564/5918 3312/3562/5918 3334/3594/5918
f 2981/3567/5919 2983/3561/5919 3313/3563/5919
f 3311/3560/5920 3334/3594/5920 3312/3562/5920
f 3311/3560/5921 3310/3558/5921 3335/3595/5921
f 3335/3595/5922 3310/3558/5922 3305/3550/5922
f 3310/3558/5923 3307/3552/5923 3305/3550/5923
f 3308/3553/5924 3304/3549/5924 3306/3551/5924
f 3304/3549/5925 3308/3553/5925 3299/3544/5925
f 3299/3544/5926 3308/3553/5926 3295/3539/5926
f 3305/3550/5927 3303/3548/5927 3335/3595/5927
f 3303/3548/5928 3302/3547/5928 3335/3595/5928
f 3301/3546/5929 3332/3592/5929 3302/3547/5929
f 3301/3546/5930 3298/3543/5930 3331/3589/5930
f 3299/3544/5931 3300/3545/5931 3304/3549/5931
f 3298/3543/5932 3195/3542/5932 3267/3591/5932
f 3299/3544/5933 3295/3539/5933 3297/3541/5933
f 3308/3553/5934 3294/3538/5934 3295/3539/5934
f 3294/3538/5935 3290/3534/5935 3291/3535/5935
f 3309/3554/5936 3287/3531/5936 3290/3534/5936
f 3288/3532/5937 3292/3536/5937 3289/3533/5937
f 3282/3525/5938 3292/3536/5938 3288/3532/5938
f 3309/3554/5939 2995/3530/5939 3287/3531/5939
f 3286/3529/5940 3285/3526/5940 3288/3532/5940
f 3288/3532/5941 3285/3526/5941 3282/3525/5941
f 3278/3524/5942 3292/3536/5942 3282/3525/5942
f 3278/3524/5943 3276/3522/5943 3292/3536/5943
f 3275/3521/5820 3277/3523/5820 3280/2245/5820
f 3280/2245/5944 3182/3596/5944 3275/3521/5944
f 3183/2247/5945 3182/3596/5945 3280/2245/5945
f 3182/3596/5946 3185/3520/5946 3275/3521/5946
f 3274/3519/5947 3273/3518/5947 3276/3522/5947
f 3293/3537/5948 3273/3518/5948 3271/3515/5948
f 3191/3516/5949 3272/3517/5949 3185/3520/5949
f 3271/3515/5950 3192/3514/5950 3296/3540/5950
f 3336/3597/5951 3337/3598/5951 3338/3599/5951
f 3338/3599/5952 3337/3598/5952 3339/3600/5952
f 3339/3600/5953 3340/3601/5953 3338/3599/5953
f 3338/3599/5954 3340/3601/5954 3341/3602/5954
f 3340/3601/5955 3342/3603/5955 3341/3602/5955
f 3343/3604/5956 3342/3603/5956 3340/3601/5956
f 3343/3604/5957 3340/3601/5957 3344/3605/5957
f 3344/3605/5958 3345/3606/5958 3343/3604/5958
f 3346/1468/5959 3345/3606/5959 3344/3605/5959
f 3344/3605/5960 3347/3607/5960 3346/1468/5960
f 3346/1468/5961 3347/3607/5961 3348/1467/5961
f 3348/1467/5962 3347/3607/5962 3349/1459/5962
f 3349/1459/5963 3347/3607/5963 3350/3608/5963
f 3349/1459/5964 3350/3608/5964 3351/1458/5964
f 3351/1458/5965 3350/3608/5965 3352/3609/5965
f 3351/1458/5966 3352/3609/5966 3353/1460/5966
f 3353/1460/5967 3352/3609/5967 3354/3610/5967
f 3354/3610/5968 3355/1461/5968 3353/1460/5968
f 3356/3611/5969 3355/1461/5969 3354/3610/5969
f 3354/3610/5970 3357/3612/5970 3356/3611/5970
f 3356/3611/5971 3357/3612/5971 3358/3613/5971
f 3359/1463/5972 3356/3611/5972 3358/3613/5972
f 3358/3613/5973 3357/3612/5973 3360/3614/5973
f 3361/3615/5974 3360/3614/5974 3357/3612/5974
f 3361/3615/5975 3357/3612/5975 3362/3616/5975
f 3362/3616/5976 3363/3617/5976 3361/3615/5976
f 3363/3617/5977 3364/3618/5977 3361/3615/5977
f 3365/3619/5978 3364/3618/5978 3363/3617/5978
f 2976/3620/5979 3365/3619/5979 3363/3617/5979
f 2976/3620/5980 3363/3617/5980 2972/3621/5980
f 2972/3621/5981 3363/3617/5981 3366/3622/5981
f 2972/3621/5982 3366/3622/5982 2973/3623/5982
f 2973/3623/5983 3366/3622/5983 3367/3624/5983
f 2973/3623/5984 3367/3624/5984 2974/3625/5984
f 2974/3625/5985 3367/3624/5985 3368/3626/5985
f 3368/3626/5986 3369/3627/5986 2974/3625/5986
f 2974/3625/5987 3369/3627/5987 3064/3628/5987
f 3064/3628/5988 3369/3627/5988 3066/3629/5988
f 3066/3629/5989 3369/3627/5989 3370/3630/5989
f 3337/3598/5990 3066/3629/5990 3370/3630/5990
f 3073/3631/5991 3066/3629/5991 3337/3598/5991
f 3371/3632/5992 3370/3630/5992 3369/3627/5992
f 3369/3627/5993 3372/3633/5993 3371/3632/5993
f 3373/3634/5994 3371/3632/5994 3372/3633/5994
f 3372/3633/5995 3374/3635/5995 3373/3634/5995
f 3373/3634/5996 3374/3635/5996 3375/3636/5996
f 3352/3609/5997 3373/3634/5997 3375/3636/5997
f 3374/3635/5998 3362/3616/5998 3375/3636/5998
f 3375/3636/5999 3362/3616/5999 3376/3637/5999
f 3376/3637/6000 3354/3610/6000 3375/3636/6000
f 3374/3635/6001 3367/3624/6001 3362/3616/6001
f 3374/3635/6002 3372/3633/6002 3367/3624/6002
f 3377/3638/6003 3371/3632/6003 3373/3634/6003
f 3373/3634/6004 3347/3607/6004 3377/3638/6004
f 3377/3638/6005 3347/3607/6005 3378/3639/6005
f 3378/3639/6006 3371/3632/6006 3377/3638/6006
f 3379/3640/6007 3371/3632/6007 3378/3639/6007
f 3340/3601/6008 3379/3640/6008 3378/3639/6008
f 3379/3640/6009 3370/3630/6009 3371/3632/6009
f 3339/3600/6010 3370/3630/6010 3379/3640/6010
f 3368/3626/6011 3372/3633/6011 3369/3627/6011
f 3367/3624/6012 3372/3633/6012 3368/3626/6012
f 3362/3616/6013 3367/3624/6013 3366/3622/6013
f 2977/3641/6014 3365/3619/6014 2976/3620/6014
f 3366/3622/6015 3363/3617/6015 3362/3616/6015
f 3362/3616/6016 3357/3612/6016 3376/3637/6016
f 3364/3618/6017 3360/3614/6017 3361/3615/6017
f 3376/3637/6018 3357/3612/6018 3354/3610/6018
f 3355/1461/6019 3356/3611/6019 3359/1463/6019
f 3375/3636/6020 3354/3610/6020 3352/3609/6020
f 3350/3608/6021 3373/3634/6021 3352/3609/6021
f 3350/3608/6022 3347/3607/6022 3373/3634/6022
f 3378/3639/6023 3347/3607/6023 3344/3605/6023
f 3345/3606/6024 3346/1468/6024 3380/1488/6024
f 3380/1488/6025 3381/3642/6025 3345/3606/6025
f 3345/3606/6026 3381/3642/6026 3382/3643/6026
f 3342/3603/6027 3345/3606/6027 3382/3643/6027
f 3381/3642/6028 3380/1488/6028 3383/1489/6028
f 3344/3605/6029 3340/3601/6029 3378/3639/6029
f 3343/3604/6030 3345/3606/6030 3342/3603/6030
f 3339/3600/6031 3379/3640/6031 3340/3601/6031
f 3337/3598/6032 3370/3630/6032 3339/3600/6032
f 3336/3597/6033 3073/3631/6033 3337/3598/6033
f 3074/3644/6034 3073/3631/6034 3336/3597/6034
f 3384/3645/6035 3385/3646/6035 3386/3647/6035
f 3384/3645/6036 3386/3647/6036 3387/3648/6036
f 3388/3649/6037 3384/3645/6037 3387/3648/6037
f 3388/3649/6038 3387/3648/6038 3389/3650/6038
f 3390/1397/6039 3388/3649/6039 3389/3650/6039
f 3390/1397/6040 3389/3650/6040 3391/1398/6040
f 3391/1398/6041 3389/3650/6041 3392/3651/6041
f 3391/1398/6042 3392/3651/6042 3393/1384/6042
f 3393/1384/6043 3392/3651/6043 3394/3652/6043
f 3393/1384/6044 3394/3652/6044 3395/1382/6044
f 3395/1382/6045 3394/3652/6045 3396/3653/6045
f 3395/1382/6046 3396/3653/6046 3397/1380/6046
f 3397/1380/6047 3396/3653/6047 3398/3654/6047
f 3397/1380/6048 3398/3654/6048 3399/1381/6048
f 3399/1381/6049 3398/3654/6049 3400/3655/6049
f 3398/3654/6050 3401/3656/6050 3400/3655/6050
f 3400/3655/6051 3401/3656/6051 3402/3657/6051
f 3401/3656/6052 3403/3658/6052 3402/3657/6052
f 3402/3657/6053 3403/3658/6053 3404/3659/6053
f 3403/3658/6054 3405/3660/6054 3404/3659/6054
f 3404/3659/6055 3405/3660/6055 3406/3661/6055
f 3405/3660/6056 3099/3662/6056 3406/3661/6056
f 3406/3661/6057 3099/3662/6057 3098/3663/6057
f 3405/3660/6058 3236/3664/6058 3099/3662/6058
f 3407/3665/6059 3236/3664/6059 3405/3660/6059
f 3407/3665/6060 3234/3666/6060 3236/3664/6060
f 3408/3667/6061 3234/3666/6061 3407/3665/6061
f 3409/3668/6062 3408/3667/6062 3407/3665/6062
f 3409/3668/6063 3407/3665/6063 3403/3658/6063
f 3410/3669/6064 3408/3667/6064 3409/3668/6064
f 3411/3670/6065 3410/3669/6065 3409/3668/6065
f 3411/3670/6066 3409/3668/6066 3401/3656/6066
f 3412/3671/6067 3410/3669/6067 3411/3670/6067
f 3396/3653/6068 3412/3671/6068 3411/3670/6068
f 3412/3671/6069 3413/3672/6069 3410/3669/6069
f 3413/3672/6070 3414/3673/6070 3410/3669/6070
f 3413/3672/6071 3415/3674/6071 3414/3673/6071
f 3415/3674/6072 3231/3675/6072 3414/3673/6072
f 3414/3673/6073 3231/3675/6073 3232/3676/6073
f 3414/3673/6074 3232/3676/6074 3408/3667/6074
f 3415/3674/6075 3263/3677/6075 3231/3675/6075
f 3416/3678/6076 3263/3677/6076 3415/3674/6076
f 3417/3679/6077 3416/3678/6077 3415/3674/6077
f 3418/3680/6078 3416/3678/6078 3417/3679/6078
f 3419/3681/6079 3418/3680/6079 3417/3679/6079
f 3419/3681/6080 3417/3679/6080 3420/3682/6080
f 3392/3651/6081 3419/3681/6081 3420/3682/6081
f 3420/3682/6082 3417/3679/6082 3413/3672/6082
f 3387/3648/6083 3418/3680/6083 3419/3681/6083
f 3418/3680/6084 3421/3683/6084 3416/3678/6084
f 3421/3683/6085 3264/3684/6085 3416/3678/6085
f 3422/3685/6086 3264/3684/6086 3421/3683/6086
f 3421/3683/6087 3423/3686/6087 3422/3685/6087
f 3423/3686/6088 3424/3687/6088 3422/3685/6088
f 3422/3685/6089 3424/3687/6089 3425/3688/6089
f 3425/3688/6090 3219/3689/6090 3422/3685/6090
f 3422/3685/6091 3219/3689/6091 3220/3690/6091
f 3426/3691/6092 3219/3689/6092 3425/3688/6092
f 3216/3692/6093 3219/3689/6093 3426/3691/6093
f 3426/3691/6094 3427/3693/6094 3216/3692/6094
f 3216/3692/6095 3427/3693/6095 3214/3694/6095
f 3214/3694/6096 3427/3693/6096 3213/3695/6096
f 3213/3695/6097 3427/3693/6097 3428/3696/6097
f 3428/3696/6098 3429/3697/6098 3213/3695/6098
f 3213/3695/6099 3429/3697/6099 3211/3698/6099
f 3429/3697/6100 3430/3699/6100 3211/3698/6100
f 3211/3698/6101 3430/3699/6101 3212/3700/6101
f 3430/3699/6102 3429/3697/6102 3431/3701/6102
f 3431/3701/6103 3429/3697/6103 3432/3702/6103
f 3432/3702/6104 3433/3703/6104 3431/3701/6104
f 3431/3701/6105 3433/3703/6105 3434/3704/6105
f 3435/3705/6106 3434/3704/6106 3433/3703/6106
f 3436/3706/6107 3435/3705/6107 3433/3703/6107
f 3436/3706/6108 3433/3703/6108 3437/3707/6108
f 3437/3707/6109 3438/3708/6109 3436/3706/6109
f 3438/3708/6110 3439/3709/6110 3436/3706/6110
f 3440/3710/6111 3439/3709/6111 3438/3708/6111
f 3438/3708/6112 3441/3711/6112 3440/3710/6112
f 3440/3710/6113 3441/3711/6113 3442/3712/6113
f 3442/3712/6114 3443/1341/6114 3440/3710/6114
f 3444/1417/6115 3443/1341/6115 3442/3712/6115
f 3442/3712/6116 3445/3713/6116 3444/1417/6116
f 3444/1417/6117 3445/3713/6117 3446/1415/6117
f 3446/1415/6118 3445/3713/6118 3447/1413/6118
f 3447/1413/6119 3445/3713/6119 3448/3714/6119
f 3447/1413/6120 3448/3714/6120 3449/1401/6120
f 3449/1401/6121 3448/3714/6121 3450/3715/6121
f 3449/1401/6122 3450/3715/6122 3451/1399/6122
f 3451/1399/6123 3450/3715/6123 3388/3649/6123
f 3448/3714/6124 3384/3645/6124 3450/3715/6124
f 3445/3713/6125 3385/3646/6125 3448/3714/6125
f 3452/3716/6126 3385/3646/6126 3445/3713/6126
f 3445/3713/6127 3441/3711/6127 3452/3716/6127
f 3441/3711/6128 3424/3687/6128 3452/3716/6128
f 3453/3717/6129 3424/3687/6129 3441/3711/6129
f 3453/3717/6130 3426/3691/6130 3424/3687/6130
f 3454/3718/6131 3426/3691/6131 3453/3717/6131
f 3453/3717/6132 3438/3708/6132 3454/3718/6132
f 3452/3716/6133 3423/3686/6133 3385/3646/6133
f 3442/3712/6134 3441/3711/6134 3445/3713/6134
f 3441/3711/6135 3438/3708/6135 3453/3717/6135
f 3440/3710/6136 3443/1341/6136 3439/3709/6136
f 3439/3709/6137 3443/1341/6137 3455/1340/6137
f 3455/1340/6138 3435/3705/6138 3439/3709/6138
f 3456/1338/6139 3435/3705/6139 3455/1340/6139
f 3457/1337/6140 3435/3705/6140 3456/1338/6140
f 3458/3719/6141 3435/3705/6141 3457/1337/6141
f 3454/3718/6142 3438/3708/6142 3437/3707/6142
f 3437/3707/6143 3427/3693/6143 3454/3718/6143
f 3439/3709/6144 3435/3705/6144 3436/3706/6144
f 3458/3719/6145 3434/3704/6145 3435/3705/6145
f 3437/3707/6146 3433/3703/6146 3432/3702/6146
f 3437/3707/6147 3432/3702/6147 3428/3696/6147
f 3428/3696/6148 3432/3702/6148 3429/3697/6148
f 3428/3696/6149 3427/3693/6149 3437/3707/6149
f 3427/3693/6150 3426/3691/6150 3454/3718/6150
f 3424/3687/6151 3426/3691/6151 3425/3688/6151
f 3424/3687/6152 3423/3686/6152 3452/3716/6152
f 3386/3647/6153 3423/3686/6153 3421/3683/6153
f 3220/3690/6154 3264/3684/6154 3422/3685/6154
f 3386/3647/6155 3421/3683/6155 3418/3680/6155
f 3416/3678/6156 3264/3684/6156 3263/3677/6156
f 3417/3679/6157 3415/3674/6157 3413/3672/6157
f 3420/3682/6158 3413/3672/6158 3412/3671/6158
f 3394/3652/6159 3420/3682/6159 3412/3671/6159
f 3410/3669/6160 3414/3673/6160 3408/3667/6160
f 3408/3667/6161 3232/3676/6161 3234/3666/6161
f 3403/3658/6162 3407/3665/6162 3405/3660/6162
f 3401/3656/6163 3409/3668/6163 3403/3658/6163
f 3398/3654/6164 3411/3670/6164 3401/3656/6164
f 3396/3653/6165 3411/3670/6165 3398/3654/6165
f 3394/3652/6166 3412/3671/6166 3396/3653/6166
f 3392/3651/6167 3420/3682/6167 3394/3652/6167
f 3389/3650/6168 3419/3681/6168 3392/3651/6168
f 3451/1399/6169 3388/3649/6169 3390/1397/6169
f 3389/3650/6170 3387/3648/6170 3419/3681/6170
f 3450/3715/6171 3384/3645/6171 3388/3649/6171
f 3387/3648/6172 3386/3647/6172 3418/3680/6172
f 3386/3647/6173 3385/3646/6173 3423/3686/6173
f 3385/3646/6174 3384/3645/6174 3448/3714/6174
f 3212/3720/6175 3430/3721/6175 3329/3722/6175
f 3329/3722/6176 3430/3721/6176 3459/3723/6176
f 3459/3723/6177 3460/3724/6177 3329/3722/6177
f 3329/3722/6178 3460/3724/6178 3333/3725/6178
f 3333/3725/6179 3460/3724/6179 3321/3726/6179
f 3321/3726/6180 3460/3724/6180 3461/3727/6180
f 3461/3727/6181 3319/3728/6181 3321/3726/6181
f 3462/3729/6182 3319/3728/6182 3461/3727/6182
f 3463/3730/6183 3462/3729/6183 3461/3727/6183
f 3463/3730/6184 3461/3727/6184 3464/3731/6184
f 3464/3731/6185 3465/3732/6185 3463/3730/6185
f 3466/3733/6186 3463/3730/6186 3465/3732/6186
f 3465/3732/6187 3467/3734/6187 3466/3733/6187
f 3466/3733/6188 3467/3734/6188 3468/3735/6188
f 3468/3735/6189 3469/3736/6189 3466/3733/6189
f 3470/3737/6190 3469/3736/6190 3468/3735/6190
f 3360/3738/6191 3470/3737/6191 3468/3735/6191
f 3468/3735/6192 3358/3739/6192 3360/3738/6192
f 3471/3740/6193 3358/3739/6193 3468/3735/6193
f 3471/3740/6194 3359/1531/6194 3358/3739/6194
f 3472/1528/6195 3359/1531/6195 3471/3740/6195
f 3472/1528/6196 3471/3740/6196 3473/1517/6196
f 3473/1517/6197 3471/3740/6197 3467/3734/6197
f 3474/3741/6198 3473/1517/6198 3467/3734/6198
f 3475/1518/6199 3473/1517/6199 3474/3741/6199
f 3474/3741/6200 3476/3742/6200 3475/1518/6200
f 3475/1518/6201 3476/3742/6201 3477/1520/6201
f 3476/3742/6202 3478/3743/6202 3477/1520/6202
f 3477/1520/6203 3478/3743/6203 3479/1526/6203
f 3479/1526/6204 3478/3743/6204 3457/1525/6204
f 3457/1525/6205 3478/3743/6205 3458/3744/6205
f 3458/3744/6206 3478/3743/6206 3434/3745/6206
f 3434/3745/6207 3478/3743/6207 3480/3746/6207
f 3481/3747/6208 3434/3745/6208 3480/3746/6208
f 3481/3747/6209 3480/3746/6209 3464/3731/6209
f 3481/3747/6210 3464/3731/6210 3459/3723/6210
f 3464/3731/6211 3480/3746/6211 3482/3748/6211
f 3431/3749/6212 3434/3745/6212 3481/3747/6212
f 3481/3747/6213 3430/3721/6213 3431/3749/6213
f 3480/3746/6214 3478/3743/6214 3482/3748/6214
f 3482/3748/6215 3478/3743/6215 3476/3742/6215
f 3474/3741/6216 3482/3748/6216 3476/3742/6216
f 3465/3732/6217 3482/3748/6217 3474/3741/6217
f 3364/3750/6218 3470/3737/6218 3360/3738/6218
f 3365/3751/6219 3470/3737/6219 3364/3750/6219
f 3483/3752/6220 3470/3737/6220 3365/3751/6220
f 2977/3753/6221 3483/3752/6221 3365/3751/6221
f 3318/3754/6222 3483/3752/6222 2977/3753/6222
f 3318/3754/6223 3462/3729/6223 3483/3752/6223
f 3462/3729/6224 3469/3736/6224 3483/3752/6224
f 3483/3752/6225 3469/3736/6225 3470/3737/6225
f 3468/3735/6226 3467/3734/6226 3471/3740/6226
f 3474/3741/6227 3467/3734/6227 3465/3732/6227
f 3469/3736/6228 3463/3730/6228 3466/3733/6228
f 3482/3748/6229 3465/3732/6229 3464/3731/6229
f 3469/3736/6230 3462/3729/6230 3463/3730/6230
f 3319/3728/6231 3462/3729/6231 3318/3754/6231
f 3464/3731/6232 3461/3727/6232 3460/3724/6232
f 3459/3723/6233 3464/3731/6233 3460/3724/6233
f 3459/3723/6234 3430/3721/6234 3481/3747/6234
usemtl material_0.013
f 3484/3755/6235 3485/3756/6235 3486/3757/6235
f 3487/3758/6236 3484/3755/6236 3486/3757/6236
f 3487/3758/6237 3486/3757/6237 3488/3759/6237
f 3487/3758/6238 3488/3759/6238 3489/3760/6238
f 3489/3760/6239 3490/3761/6239 3487/3758/6239
f 3491/3762/6240 3490/3761/6240 3489/3760/6240
f 3491/3762/6241 3489/3760/6241 3492/3763/6241
f 3493/3764/6242 3491/3762/6242 3492/3763/6242
f 3492/3763/6243 3494/3765/6243 3493/3764/6243
f 3493/3764/6244 3494/3765/6244 3495/3766/6244
f 3495/3766/6245 3496/3767/6245 3493/3764/6245
f 3493/3764/6246 3496/3767/6246 3497/3768/6246
f 3497/3768/6247 3496/3767/6247 3498/3769/6247
f 3498/3769/6248 3499/3770/6248 3497/3768/6248
f 3490/3761/6249 3497/3768/6249 3499/3770/6249
f 3499/3770/6250 3484/3755/6250 3490/3761/6250
f 3500/3771/6251 3484/3755/6251 3499/3770/6251
f 3501/3772/6252 3500/3771/6252 3499/3770/6252
f 3501/3772/6253 3499/3770/6253 3502/3773/6253
f 3502/3773/6254 3503/3774/6254 3501/3772/6254
f 3503/3774/6254 3504/3775/6254 3501/3772/6254
f 3501/3772/6255 3504/3775/6255 3505/3776/6255
f 3504/3775/6256 3506/3777/6256 3505/3776/6256
f 3500/3771/6257 3505/3776/6257 3506/3777/6257
f 3506/3777/6258 3507/3778/6258 3500/3771/6258
f 3508/3779/6259 3507/3778/6259 3506/3777/6259
f 3506/3777/6260 3509/3780/6260 3508/3779/6260
f 3508/3779/6261 3510/3781/6261 3507/3778/6261
f 3511/3782/6262 3507/3778/6262 3510/3781/6262
f 3510/3781/6263 3512/3286/6263 3511/3782/6263
f 3513/3290/6264 3511/3782/6264 3512/3286/6264
f 3514/3783/6265 3511/3782/6265 3513/3290/6265
f 3513/3290/6266 3515/3784/6266 3514/3783/6266
f 3514/3783/6267 3515/3784/6267 3516/3785/6267
f 3516/3785/6268 3515/3784/6268 3517/3786/6268
f 3518/3787/6269 3516/3785/6269 3517/3786/6269
f 3517/3786/6270 3519/3788/6270 3518/3787/6270
f 3518/3787/6271 3519/3788/6271 3520/3789/6271
f 3520/3789/6272 3521/3790/6272 3518/3787/6272
f 3518/3787/6273 3521/3790/6273 3488/3759/6273
f 3521/3790/6274 3522/3791/6274 3488/3759/6274
f 3488/3759/6275 3522/3791/6275 3523/3792/6275
f 3522/3791/6276 3524/3793/6276 3523/3792/6276
f 3523/3792/6277 3524/3793/6277 3525/3794/6277
f 3525/3794/6278 3489/3760/6278 3523/3792/6278
f 3526/3795/6279 3489/3760/6279 3525/3794/6279
f 3526/3795/6280 3525/3794/6280 3527/3796/6280
f 3494/3765/6281 3526/3795/6281 3527/3796/6281
f 3527/3796/6282 3528/3797/6282 3494/3765/6282
f 3529/3798/6283 3528/3797/6283 3527/3796/6283
f 3527/3796/6284 3530/3799/6284 3529/3798/6284
f 3530/3799/6285 3531/3800/6285 3529/3798/6285
f 3529/3798/6286 3531/3800/6286 3532/3801/6286
f 3533/3802/6287 3529/3798/6287 3532/3801/6287
f 3533/3802/6288 3532/3801/6288 3534/3803/6288
f 3535/3804/6289 3533/3802/6289 3534/3803/6289
f 3534/3803/6290 3536/3805/6290 3535/3804/6290
f 3535/3804/6291 3536/3805/6291 3537/3806/6291
f 3538/3807/6292 3535/3804/6292 3537/3806/6292
f 3539/3808/6293 3535/3804/6293 3538/3807/6293
f 3539/3808/6294 3538/3807/6294 3540/3809/6294
f 3539/3808/6295 3540/3809/6295 3533/3802/6295
f 3533/3802/6296 3540/3809/6296 3528/3797/6296
f 3540/3809/6297 3495/3766/6297 3528/3797/6297
f 3541/3810/6298 3495/3766/6298 3540/3809/6298
f 3542/3811/6299 3495/3766/6299 3541/3810/6299
f 3540/3809/6300 3538/3807/6300 3541/3810/6300
f 3537/3806/6301 3536/3805/6301 3543/3812/6301
f 3536/3805/6302 3544/3813/6302 3543/3812/6302
f 3543/3812/6303 3544/3813/6303 3545/3814/6303
f 3544/3813/6304 3546/3815/6304 3545/3814/6304
f 3545/3814/6305 3546/3815/6305 3547/3816/6305
f 3546/3815/6306 3548/3817/6306 3547/3816/6306
f 3549/3818/6307 3548/3817/6307 3546/3815/6307
f 3546/3815/6308 3550/3819/6308 3549/3818/6308
f 3549/3818/6309 3550/3819/6309 3551/3820/6309
f 3552/3821/6310 3549/3818/6310 3551/3820/6310
f 3551/3820/6311 3553/3822/6311 3552/3821/6311
f 3554/3823/6312 3552/3821/6312 3553/3822/6312
f 3555/3824/6313 3554/3823/6313 3553/3822/6313
f 3553/3822/6314 3556/3825/6314 3555/3824/6314
f 3557/3826/6315 3555/3824/6315 3556/3825/6315
f 3556/3825/6316 3558/3827/6316 3557/3826/6316
f 3559/3828/6317 3557/3826/6317 3558/3827/6317
f 3558/3827/6318 3560/3829/6318 3559/3828/6318
f 3559/3828/6319 3560/3829/6319 3561/3830/6319
f 3562/3831/6320 3559/3828/6320 3561/3830/6320
f 3563/3832/6321 3559/3828/6321 3562/3831/6321
f 3564/3833/6322 3563/3832/6322 3562/3831/6322
f 3565/3834/6323 3563/3832/6323 3564/3833/6323
f 3566/3835/6324 3565/3834/6324 3564/3833/6324
f 3567/3836/6325 3565/3834/6325 3566/3835/6325
f 3568/3837/6326 3567/3836/6326 3566/3835/6326
f 3569/3838/6327 3567/3836/6327 3568/3837/6327
f 3570/3839/6328 3569/3838/6328 3568/3837/6328
f 3571/3840/6329 3569/3838/6329 3570/3839/6329
f 3570/3839/6330 3572/3841/6330 3571/3840/6330
f 3571/3840/6331 3572/3841/6331 3573/3842/6331
f 3573/3842/6332 3574/3843/6332 3571/3840/6332
f 3574/3843/6333 3575/3844/6333 3571/3840/6333
f 3574/3843/6334 3576/3845/6334 3575/3844/6334
f 3575/3844/6335 3576/3845/6335 3577/3846/6335
f 3577/3846/6336 3567/3836/6336 3575/3844/6336
f 3577/3846/6337 3576/3845/6337 3578/3847/6337
f 3578/3847/6338 3555/3824/6338 3577/3846/6338
f 3577/3846/6339 3555/3824/6339 3579/3848/6339
f 3565/3834/6340 3577/3846/6340 3579/3848/6340
f 3557/3826/6341 3565/3834/6341 3579/3848/6341
f 3576/3845/6342 3580/3849/6342 3578/3847/6342
f 3578/3847/6343 3580/3849/6343 3554/3823/6343
f 3554/3823/6344 3580/3849/6344 3581/3850/6344
f 3581/3850/6345 3580/3849/6345 3582/3851/6345
f 3582/3851/6346 3583/3852/6346 3581/3850/6346
f 3581/3850/6347 3583/3852/6347 3584/3853/6347
f 3584/3853/6348 3552/3821/6348 3581/3850/6348
f 3585/3854/6349 3552/3821/6349 3584/3853/6349
f 3585/3854/6350 3584/3853/6350 3586/3855/6350
f 3586/3855/6351 3548/3817/6351 3585/3854/6351
f 3586/3855/6352 3584/3853/6352 3587/3856/6352
f 3584/3853/6353 3588/3857/6353 3587/3856/6353
f 3583/3852/6354 3588/3857/6354 3584/3853/6354
f 3583/3852/6355 3589/3858/6355 3588/3857/6355
f 3590/3859/6356 3589/3858/6356 3583/3852/6356
f 3590/3859/6357 3583/3852/6357 3591/3860/6357
f 3591/3860/6358 3592/3861/6358 3590/3859/6358
f 3593/3862/6359 3592/3861/6359 3591/3860/6359
f 3594/3863/6360 3593/3862/6360 3591/3860/6360
f 3591/3860/6361 3580/3849/6361 3594/3863/6361
f 3595/3864/6362 3593/3862/6362 3594/3863/6362
f 3596/3865/6363 3595/3864/6363 3594/3863/6363
f 3596/3865/6364 3594/3863/6364 3576/3845/6364
f 3597/3866/6365 3595/3864/6365 3596/3865/6365
f 3597/3866/6366 3596/3865/6366 3598/3867/6366
f 3599/3868/6367 3597/3866/6367 3598/3867/6367
f 3598/3867/6368 3573/3842/6368 3599/3868/6368
f 3599/3868/6369 3573/3842/6369 3600/3869/6369
f 3599/3868/6370 3600/3869/6370 3601/3870/6370
f 3602/3871/6371 3599/3868/6371 3601/3870/6371
f 3601/3870/6372 3603/3872/6372 3602/3871/6372
f 3602/3871/6373 3603/3872/6373 3604/3873/6373
f 3604/3873/6374 3605/3874/6374 3602/3871/6374
f 3605/3874/6375 3606/3875/6375 3602/3871/6375
f 3602/3871/6376 3606/3875/6376 3607/3876/6376
f 3595/3864/6377 3607/3876/6377 3606/3875/6377
f 3606/3875/6378 3608/3877/6378 3595/3864/6378
f 3606/3875/6379 3605/3874/6379 3608/3877/6379
f 3608/3877/6380 3605/3874/6380 3609/3878/6380
f 3610/3879/6381 3608/3877/6381 3609/3878/6381
f 3609/3878/6382 3611/3880/6382 3610/3879/6382
f 3610/3879/6383 3611/3880/6383 3612/3881/6383
f 3613/3882/6384 3610/3879/6384 3612/3881/6384
f 3614/3883/6385 3613/3882/6385 3612/3881/6385
f 3615/3884/6386 3613/3882/6386 3614/3883/6386
f 3614/3883/6387 3616/3885/6387 3615/3884/6387
f 3617/3886/6388 3616/3885/6388 3614/3883/6388
f 3614/3883/6389 3618/3887/6389 3617/3886/6389
f 3617/3886/6390 3618/3887/6390 3619/3888/6390
f 3617/3886/6391 3619/3888/6391 3620/3889/6391
f 3621/3890/6392 3617/3886/6392 3620/3889/6392
f 3622/3891/6393 3621/3890/6393 3620/3889/6393
f 3620/3889/6394 3623/3892/6394 3622/3891/6394
f 3622/3891/6395 3623/3892/6395 3624/3893/6395
f 3624/3893/6396 3623/3892/6396 3625/3894/6396
f 3625/3894/6397 3623/3892/6397 3626/3895/6397
f 3627/3896/6398 3625/3894/6398 3626/3895/6398
f 3627/3896/6399 3626/3895/6399 3628/3897/6399
f 3628/3897/6400 3629/3898/6400 3627/3896/6400
f 3627/3896/6401 3629/3898/6401 3630/3899/6401
f 3630/3899/6402 3631/3900/6402 3627/3896/6402
f 3627/3896/6403 3631/3900/6403 3632/3901/6403
f 3633/3902/6404 3631/3900/6404 3630/3899/6404
f 3634/3903/6405 3631/3900/6405 3633/3902/6405
f 3635/3904/6406 3634/3903/6406 3633/3902/6406
f 3633/3902/6407 3636/3905/6407 3635/3904/6407
f 3635/3904/6408 3636/3905/6408 3637/3906/6408
f 3638/3907/6409 3637/3906/6409 3636/3905/6409
f 3636/3905/6410 3639/3908/6410 3638/3907/6410
f 3639/3908/6411 3603/3872/6411 3638/3907/6411
f 3638/3907/6412 3603/3872/6412 3640/3909/6412
f 3641/3910/6413 3638/3907/6413 3640/3909/6413
f 3641/3910/6414 3640/3909/6414 3642/3911/6414
f 3642/3911/6415 3640/3909/6415 3643/3912/6415
f 3642/3911/6416 3643/3912/6416 3644/3913/6416
f 3644/3913/6417 3643/3912/6417 3600/3869/6417
f 3645/3914/6418 3638/3907/6418 3641/3910/6418
f 3640/3909/6419 3603/3872/6419 3643/3912/6419
f 3629/3898/6420 3639/3908/6420 3636/3905/6420
f 3645/3914/6421 3637/3906/6421 3638/3907/6421
f 3633/3902/6422 3629/3898/6422 3636/3905/6422
f 3646/3915/6423 3634/3903/6423 3635/3904/6423
f 3630/3899/6424 3629/3898/6424 3633/3902/6424
f 3628/3897/6425 3639/3908/6425 3629/3898/6425
f 3647/3916/6426 3639/3908/6426 3628/3897/6426
f 3628/3897/6427 3648/3917/6427 3647/3916/6427
f 3648/3917/6428 3649/3918/6428 3647/3916/6428
f 3647/3916/6429 3649/3918/6429 3604/3873/6429
f 3649/3918/6430 3648/3917/6430 3611/3880/6430
f 3649/3918/6431 3611/3880/6431 3605/3874/6431
f 3611/3880/6432 3648/3917/6432 3618/3887/6432
f 3650/3919/6433 3648/3917/6433 3628/3897/6433
f 3650/3919/6434 3619/3888/6434 3648/3917/6434
f 3619/3888/6435 3650/3919/6435 3623/3892/6435
f 3647/3916/6436 3604/3873/6436 3639/3908/6436
f 3628/3897/6437 3626/3895/6437 3650/3919/6437
f 3632/3901/6438 3625/3894/6438 3627/3896/6438
f 3623/3892/6439 3650/3919/6439 3626/3895/6439
f 3651/3920/6440 3621/3890/6440 3622/3891/6440
f 3620/3889/6441 3619/3888/6441 3623/3892/6441
f 3648/3917/6442 3619/3888/6442 3618/3887/6442
f 3618/3887/6443 3614/3883/6443 3611/3880/6443
f 3616/3885/6444 3617/3886/6444 3621/3890/6444
f 3652/3921/6445 3610/3879/6445 3613/3882/6445
f 3652/3921/6446 3653/3922/6446 3610/3879/6446
f 3610/3879/6447 3653/3922/6447 3654/3923/6447
f 3655/3924/6448 3654/3923/6448 3653/3922/6448
f 3592/3861/6449 3654/3923/6449 3655/3924/6449
f 3589/3858/6450 3592/3861/6450 3655/3924/6450
f 3611/3880/6451 3614/3883/6451 3612/3881/6451
f 3654/3923/6452 3608/3877/6452 3610/3879/6452
f 3654/3923/6453 3593/3862/6453 3608/3877/6453
f 3605/3874/6454 3611/3880/6454 3609/3878/6454
f 3649/3918/6455 3605/3874/6455 3604/3873/6455
f 3639/3908/6456 3604/3873/6456 3603/3872/6456
f 3643/3912/6457 3603/3872/6457 3601/3870/6457
f 3607/3876/6458 3599/3868/6458 3602/3871/6458
f 3601/3870/6459 3600/3869/6459 3643/3912/6459
f 3600/3869/6460 3573/3842/6460 3644/3913/6460
f 3607/3876/6461 3597/3866/6461 3599/3868/6461
f 3598/3867/6462 3596/3865/6462 3574/3843/6462
f 3597/3866/6463 3607/3876/6463 3595/3864/6463
f 3595/3864/6464 3608/3877/6464 3593/3862/6464
f 3592/3861/6465 3593/3862/6465 3654/3923/6465
f 3590/3859/6466 3592/3861/6466 3589/3858/6466
f 3591/3860/6467 3583/3852/6467 3582/3851/6467
f 3582/3851/6468 3580/3849/6468 3591/3860/6468
f 3576/3845/6469 3594/3863/6469 3580/3849/6469
f 3596/3865/6470 3576/3845/6470 3574/3843/6470
f 3598/3867/6471 3574/3843/6471 3573/3842/6471
f 3644/3913/6472 3573/3842/6472 3572/3841/6472
f 3571/3840/6473 3575/3844/6473 3569/3838/6473
f 3575/3844/6474 3567/3836/6474 3569/3838/6474
f 3567/3836/6475 3577/3846/6475 3565/3834/6475
f 3563/3832/6476 3565/3834/6476 3557/3826/6476
f 3561/3830/6477 3560/3829/6477 3656/3925/6477
f 3560/3829/6478 3657/3926/6478 3656/3925/6478
f 3656/3925/6479 3657/3926/6479 3658/3927/6479
f 3659/3928/6480 3658/3927/6480 3657/3926/6480
f 3660/3929/6481 3659/3928/6481 3657/3926/6481
f 3661/3930/6482 3659/3928/6482 3660/3929/6482
f 3661/3930/6483 3660/3929/6483 3662/3931/6483
f 3662/3931/6484 3663/3932/6484 3661/3930/6484
f 3531/3800/6485 3663/3932/6485 3662/3931/6485
f 3662/3931/6486 3660/3929/6486 3664/3933/6486
f 3664/3933/6487 3665/3934/6487 3662/3931/6487
f 3662/3931/6488 3665/3934/6488 3666/3935/6488
f 3666/3935/6489 3532/3801/6489 3662/3931/6489
f 3665/3934/6490 3667/3936/6490 3666/3935/6490
f 3666/3935/6491 3667/3936/6491 3534/3803/6491
f 3665/3934/6492 3668/3937/6492 3667/3936/6492
f 3667/3936/6493 3668/3937/6493 3669/3938/6493
f 3669/3938/6494 3536/3805/6494 3667/3936/6494
f 3669/3938/6495 3668/3937/6495 3550/3819/6495
f 3550/3819/6496 3668/3937/6496 3670/3939/6496
f 3670/3939/6497 3668/3937/6497 3671/3940/6497
f 3671/3940/6498 3556/3825/6498 3670/3939/6498
f 3670/3939/6499 3556/3825/6499 3672/3941/6499
f 3672/3941/6500 3551/3820/6500 3670/3939/6500
f 3671/3940/6501 3668/3937/6501 3673/3942/6501
f 3674/3943/6502 3671/3940/6502 3673/3942/6502
f 3674/3943/6503 3673/3942/6503 3660/3929/6503
f 3674/3943/6504 3660/3929/6504 3560/3829/6504
f 3558/3827/6505 3671/3940/6505 3674/3943/6505
f 3668/3937/6506 3665/3934/6506 3673/3942/6506
f 3673/3942/6507 3665/3934/6507 3664/3933/6507
f 3660/3929/6508 3673/3942/6508 3664/3933/6508
f 3663/3932/6509 3659/3928/6509 3661/3930/6509
f 3675/3944/6510 3659/3928/6510 3663/3932/6510
f 3663/3932/6511 3676/3945/6511 3675/3944/6511
f 3675/3944/6512 3676/3945/6512 3677/3946/6512
f 3678/3947/6513 3675/3944/6513 3677/3946/6513
f 3677/3946/6514 3676/3945/6514 3679/3948/6514
f 3680/3949/6515 3679/3948/6515 3676/3945/6515
f 3681/3950/6516 3680/3949/6516 3676/3945/6516
f 3682/3951/6517 3680/3949/6517 3681/3950/6517
f 3681/3950/6518 3683/3952/6518 3682/3951/6518
f 3683/3952/6519 3525/3794/6519 3682/3951/6519
f 3530/3799/6520 3683/3952/6520 3681/3950/6520
f 3663/3932/6521 3530/3799/6521 3681/3950/6521
f 3524/3793/6522 3680/3949/6522 3682/3951/6522
f 3684/3953/6523 3680/3949/6523 3524/3793/6523
f 3524/3793/6524 3685/3954/6524 3684/3953/6524
f 3686/3955/6525 3684/3953/6525 3685/3954/6525
f 3686/3955/6526 3685/3954/6526 3687/3956/6526
f 3687/3956/6527 3685/3954/6527 3688/3957/6527
f 3687/3956/6528 3688/3957/6528 3689/3958/6528
f 3689/3958/6529 3688/3957/6529 3690/3959/6529
f 3689/3958/6530 3690/3959/6530 3691/3960/6530
f 3691/3960/6531 3690/3959/6531 3692/3961/6531
f 3691/3960/6532 3692/3961/6532 3693/3962/6532
f 3693/3962/6533 3692/3961/6533 3694/3963/6533
f 3695/3303/6534 3693/3962/6534 3694/3963/6534
f 3696/3964/6535 3695/3303/6535 3694/3963/6535
f 3694/3963/6536 3519/3788/6536 3696/3964/6536
f 3696/3964/6537 3519/3788/6537 3515/3784/6537
f 3697/3291/6538 3696/3964/6538 3515/3784/6538
f 3698/3293/6539 3696/3964/6539 3697/3291/6539
f 3698/3293/6540 3695/3303/6540 3696/3964/6540
f 3699/3965/6541 3693/3962/6541 3695/3303/6541
f 3695/3303/6542 3700/3304/6542 3699/3965/6542
f 3692/3961/6543 3519/3788/6543 3694/3963/6543
f 3692/3961/6544 3690/3959/6544 3519/3788/6544
f 3688/3957/6545 3520/3789/6545 3690/3959/6545
f 3522/3791/6546 3688/3957/6546 3685/3954/6546
f 3701/3966/6547 3684/3953/6547 3686/3955/6547
f 3701/3966/6548 3680/3949/6548 3684/3953/6548
f 3702/3967/6549 3680/3949/6549 3701/3966/6549
f 3702/3967/6550 3679/3948/6550 3680/3949/6550
f 3681/3950/6551 3676/3945/6551 3663/3932/6551
f 3659/3928/6552 3675/3944/6552 3678/3947/6552
f 3678/3947/6553 3658/3927/6553 3659/3928/6553
f 3560/3829/6554 3660/3929/6554 3657/3926/6554
f 3674/3943/6555 3560/3829/6555 3558/3827/6555
f 3563/3832/6556 3557/3826/6556 3559/3828/6556
f 3671/3940/6557 3558/3827/6557 3556/3825/6557
f 3579/3848/6558 3555/3824/6558 3557/3826/6558
f 3672/3941/6559 3556/3825/6559 3553/3822/6559
f 3578/3847/6560 3554/3823/6560 3555/3824/6560
f 3581/3850/6561 3552/3821/6561 3554/3823/6561
f 3672/3941/6562 3553/3822/6562 3551/3820/6562
f 3585/3854/6563 3549/3818/6563 3552/3821/6563
f 3670/3939/6564 3551/3820/6564 3550/3819/6564
f 3550/3819/6565 3546/3815/6565 3669/3938/6565
f 3585/3854/6566 3548/3817/6566 3549/3818/6566
f 3669/3938/6567 3546/3815/6567 3544/3813/6567
f 3544/3813/6568 3536/3805/6568 3669/3938/6568
f 3667/3936/6569 3536/3805/6569 3534/3803/6569
f 3539/3808/6570 3533/3802/6570 3535/3804/6570
f 3534/3803/6571 3532/3801/6571 3666/3935/6571
f 3662/3931/6572 3532/3801/6572 3531/3800/6572
f 3531/3800/6573 3530/3799/6573 3663/3932/6573
f 3683/3952/6574 3530/3799/6574 3527/3796/6574
f 3528/3797/6575 3529/3798/6575 3533/3802/6575
f 3527/3796/6576 3525/3794/6576 3683/3952/6576
f 3682/3951/6577 3525/3794/6577 3524/3793/6577
f 3522/3791/6578 3685/3954/6578 3524/3793/6578
f 3521/3790/6579 3688/3957/6579 3522/3791/6579
f 3521/3790/6580 3520/3789/6580 3688/3957/6580
f 3519/3788/6581 3690/3959/6581 3520/3789/6581
f 3486/3757/6582 3516/3785/6582 3518/3787/6582
f 3515/3784/6583 3519/3788/6583 3517/3786/6583
f 3697/3291/6584 3515/3784/6584 3513/3290/6584
f 3516/3785/6585 3511/3782/6585 3514/3783/6585
f 3485/3756/6586 3511/3782/6586 3516/3785/6586
f 3703/3968/6587 3512/3286/6587 3510/3781/6587
f 3510/3781/6588 3704/3969/6588 3703/3968/6588
f 3703/3968/6589 3704/3969/6589 3705/3970/6589
f 3705/3970/6590 3706/3284/6590 3703/3968/6590
f 3707/3971/6591 3706/3284/6591 3705/3970/6591
f 3708/3283/6592 3706/3284/6592 3707/3971/6592
f 3706/3284/6593 3512/3286/6593 3703/3968/6593
f 3485/3756/6594 3507/3778/6594 3511/3782/6594
f 3704/3969/6595 3510/3781/6595 3508/3779/6595
f 3506/3777/6260 3504/3775/6260 3509/3780/6260
f 3500/3771/6596 3501/3772/6596 3505/3776/6596
f 3500/3771/6597 3507/3778/6597 3484/3755/6597
f 3502/3773/6598 3499/3770/6598 3498/3769/6598
f 3542/3811/6599 3496/3767/6599 3495/3766/6599
f 3528/3797/6600 3495/3766/6600 3494/3765/6600
f 3492/3763/6601 3526/3795/6601 3494/3765/6601
f 3497/3768/6602 3491/3762/6602 3493/3764/6602
f 3492/3763/6603 3489/3760/6603 3526/3795/6603
f 3491/3762/6604 3497/3768/6604 3490/3761/6604
f 3489/3760/6605 3488/3759/6605 3523/3792/6605
f 3488/3759/6606 3486/3757/6606 3518/3787/6606
f 3490/3761/6607 3484/3755/6607 3487/3758/6607
f 3486/3757/6608 3485/3756/6608 3516/3785/6608
f 3484/3755/6609 3507/3778/6609 3485/3756/6609
f 3709/3972/6610 3710/3973/6610 3711/3974/6610
f 3711/3974/6611 3712/3975/6611 3709/3972/6611
f 3709/3972/6612 3712/3975/6612 3713/3976/6612
f 3713/3976/6613 3714/3977/6613 3709/3972/6613
f 3714/3977/6614 3715/3978/6614 3709/3972/6614
f 3716/3979/6615 3715/3978/6615 3714/3977/6615
f 3716/3979/6616 3714/3977/6616 3717/3980/6616
f 3718/892/6617 3716/3979/6617 3717/3980/6617
f 3719/3981/6618 3718/892/6618 3717/3980/6618
f 3717/3980/6619 3720/3982/6619 3719/3981/6619
f 3721/3983/6620 3720/3982/6620 3717/3980/6620
f 3720/3982/6621 3721/3983/6621 3722/3984/6621
f 3722/3984/6622 3721/3983/6622 3713/3976/6622
f 3722/3984/6623 3713/3976/6623 3723/3985/6623
f 3724/893/6624 3718/892/6624 3719/3981/6624
f 3725/894/6625 3716/3979/6625 3718/892/6625
f 3725/894/6626 3726/3986/6626 3716/3979/6626
f 3716/3979/6627 3726/3986/6627 3727/3987/6627
f 3727/3987/6628 3726/3986/6628 3728/3988/6628
f 3728/3988/6629 3715/3978/6629 3727/3987/6629
f 3729/3989/6630 3715/3978/6630 3728/3988/6630
f 3730/3990/6631 3729/3989/6631 3728/3988/6631
f 3728/3988/6632 3731/3991/6632 3730/3990/6632
f 3731/3991/6633 3732/3992/6633 3730/3990/6633
f 3730/3990/6634 3732/3992/6634 3733/3993/6634
f 3733/3993/6635 3734/3994/6635 3730/3990/6635
f 3730/3990/6636 3734/3994/6636 3735/3995/6636
f 3736/3996/6637 3735/3995/6637 3734/3994/6637
f 3734/3994/6638 3737/3997/6638 3736/3996/6638
f 3738/3998/6639 3736/3996/6639 3737/3997/6639
f 3739/3999/6640 3738/3998/6640 3737/3997/6640
f 3738/3998/6641 3739/3999/6641 3740/4000/6641
f 3741/4001/6642 3738/3998/6642 3740/4000/6642
f 3741/4001/6643 3740/4000/6643 3742/4002/6643
f 3742/4002/6644 3743/4003/6644 3741/4001/6644
f 3741/4001/6645 3743/4003/6645 3744/4004/6645
f 3744/4004/6646 3745/4005/6646 3741/4001/6646
f 3746/4006/6647 3745/4005/6647 3744/4004/6647
f 3744/4004/6648 3747/4007/6648 3746/4006/6648
f 3746/4006/6649 3747/4007/6649 3748/4008/6649
f 3748/4008/6650 3749/4009/6650 3746/4006/6650
f 3738/3998/6651 3746/4006/6651 3749/4009/6651
f 3736/3996/6652 3749/4009/6652 3748/4008/6652
f 3747/4007/6653 3750/4010/6653 3748/4008/6653
f 3748/4008/6654 3750/4010/6654 3751/4011/6654
f 3748/4008/6655 3751/4011/6655 3735/3995/6655
f 3735/3995/6656 3751/4011/6656 3729/3989/6656
f 3751/4011/6657 3710/3973/6657 3729/3989/6657
f 3751/4011/6658 3752/4012/6658 3710/3973/6658
f 3750/4010/6659 3752/4012/6659 3751/4011/6659
f 3750/4010/6660 3753/4013/6660 3752/4012/6660
f 3754/4014/6661 3752/4012/6661 3753/4013/6661
f 3755/4015/6662 3754/4014/6662 3753/4013/6662
f 3755/4015/6663 3753/4013/6663 3756/4016/6663
f 3756/4016/6664 3757/4017/6664 3755/4015/6664
f 3758/4018/6665 3755/4015/6665 3757/4017/6665
f 3757/4017/6666 3759/4019/6666 3758/4018/6666
f 3760/4020/6667 3758/4018/6667 3759/4019/6667
f 3761/4021/6668 3760/4020/6668 3759/4019/6668
f 3759/4019/6669 3762/4022/6669 3761/4021/6669
f 3761/4021/6670 3762/4022/6670 3763/4023/6670
f 3763/4023/6671 3764/4024/6671 3761/4021/6671
f 3765/4025/6672 3761/4021/6672 3764/4024/6672
f 3764/4024/6673 3766/4026/6673 3765/4025/6673
f 3765/4025/6674 3766/4026/6674 3767/4027/6674
f 3767/4027/6675 3768/4028/6675 3765/4025/6675
f 3769/4029/6676 3768/4028/6676 3767/4027/6676
f 3769/4029/6677 3770/4030/6677 3768/4028/6677
f 3768/4028/6678 3770/4030/6678 3760/4020/6678
f 3760/4020/6679 3770/4030/6679 3771/4031/6679
f 3771/4031/6680 3770/4030/6680 3772/4032/6680
f 3772/4032/6681 3773/4033/6681 3771/4031/6681
f 3771/4031/6682 3773/4033/6682 3774/4034/6682
f 3774/4034/6683 3775/4035/6683 3771/4031/6683
f 3771/4031/6684 3775/4035/6684 3758/4018/6684
f 3774/4034/6685 3754/4014/6685 3775/4035/6685
f 3776/4036/6686 3754/4014/6686 3774/4034/6686
f 3774/4034/6687 3777/4037/6687 3776/4036/6687
f 3777/4037/6688 3723/3985/6688 3776/4036/6688
f 3776/4036/6689 3723/3985/6689 3712/3975/6689
f 3712/3975/6690 3754/4014/6690 3776/4036/6690
f 3773/4033/6691 3777/4037/6691 3774/4034/6691
f 3767/4027/6692 3766/4026/6692 3778/4038/6692
f 3766/4026/6693 3779/4039/6693 3778/4038/6693
f 3780/4040/6694 3779/4039/6694 3766/4026/6694
f 3766/4026/6695 3781/4041/6695 3780/4040/6695
f 3780/4040/6696 3781/4041/6696 3782/4042/6696
f 3783/4043/6697 3780/4040/6697 3782/4042/6697
f 3782/4042/6698 3784/4044/6698 3783/4043/6698
f 3783/4043/6699 3784/4044/6699 3785/4045/6699
f 3784/4044/6700 3786/4046/6700 3785/4045/6700
f 3787/4047/6701 3786/4046/6701 3784/4044/6701
f 3784/4044/6702 3788/4048/6702 3787/4047/6702
f 3631/4049/6703 3787/4047/6703 3788/4048/6703
f 3788/4048/6704 3632/4050/6704 3631/4049/6704
f 3789/4051/6705 3632/4050/6705 3788/4048/6705
f 3788/4048/6706 3790/4052/6706 3789/4051/6706
f 3791/4053/6707 3789/4051/6707 3790/4052/6707
f 3792/4054/6708 3791/4053/6708 3790/4052/6708
f 3790/4052/6709 3793/4055/6709 3792/4054/6709
f 3792/4054/6710 3793/4055/6710 3794/4056/6710
f 3794/4056/6711 3781/4041/6711 3792/4054/6711
f 3792/4054/6712 3781/4041/6712 3795/4057/6712
f 3796/4058/6713 3792/4054/6713 3795/4057/6713
f 3795/4057/6714 3797/4059/6714 3796/4058/6714
f 3796/4058/6715 3797/4059/6715 3798/4060/6715
f 3796/4058/6716 3798/4060/6716 3799/4061/6716
f 3799/4061/6717 3798/4060/6717 3800/4062/6717
f 3799/4061/6718 3800/4062/6718 3791/4053/6718
f 3791/4053/6719 3800/4062/6719 3801/4063/6719
f 3801/4063/6720 3802/4064/6720 3791/4053/6720
f 3803/4065/6721 3802/4064/6721 3801/4063/6721
f 3803/4065/6722 3801/4063/6722 3804/4066/6722
f 3803/4065/6723 3804/4066/6723 3624/4067/6723
f 3624/4067/6724 3625/4068/6724 3803/4065/6724
f 3624/4067/6725 3804/4066/6725 3622/4069/6725
f 3804/4066/6726 3651/4070/6726 3622/4069/6726
f 3805/4071/6727 3651/4070/6727 3804/4066/6727
f 3806/4072/6728 3805/4071/6728 3804/4066/6728
f 3807/4073/6729 3805/4071/6729 3806/4072/6729
f 3806/4072/6730 3808/4074/6730 3807/4073/6730
f 3807/4073/6731 3808/4074/6731 3809/4075/6731
f 3809/4075/6732 3808/4074/6732 3810/4076/6732
f 3810/4076/6733 3808/4074/6733 3811/4077/6733
f 3811/4077/6734 3812/4078/6734 3810/4076/6734
f 3810/4076/6735 3812/4078/6735 3813/4079/6735
f 3814/4080/6736 3813/4079/6736 3812/4078/6736
f 3812/4078/6737 3815/4081/6737 3814/4080/6737
f 3816/4082/6738 3814/4080/6738 3815/4081/6738
f 3815/4081/6739 3817/4083/6739 3816/4082/6739
f 3816/4082/6740 3817/4083/6740 3818/4084/6740
f 3819/4085/6741 3816/4082/6741 3818/4084/6741
f 3818/4084/6742 3820/4086/6742 3819/4085/6742
f 3819/4085/6743 3820/4086/6743 3821/4087/6743
f 3819/4085/6744 3821/4087/6744 3822/4088/6744
f 3823/4089/6745 3819/4085/6745 3822/4088/6745
f 3824/4090/6746 3819/4085/6746 3823/4089/6746
f 3823/4089/6747 3814/4080/6747 3824/4090/6747
f 3825/4091/6748 3814/4080/6748 3823/4089/6748
f 3822/4088/6749 3821/4087/6749 3826/4092/6749
f 3826/4092/6750 3821/4087/6750 3827/4093/6750
f 3827/4093/6751 3821/4087/6751 3828/4094/6751
f 3827/4093/6752 3828/4094/6752 3829/4095/6752
f 3829/4095/6753 3828/4094/6753 3830/4096/6753
f 3830/4096/6754 3744/4004/6754 3829/4095/6754
f 3831/4097/6755 3744/4004/6755 3830/4096/6755
f 3831/4097/6756 3830/4096/6756 3832/4098/6756
f 3832/4098/6757 3756/4016/6757 3831/4097/6757
f 3831/4097/6758 3756/4016/6758 3833/4099/6758
f 3831/4097/6759 3833/4099/6759 3747/4007/6759
f 3756/4016/6760 3832/4098/6760 3834/4100/6760
f 3834/4100/6761 3832/4098/6761 3820/4086/6761
f 3832/4098/6762 3828/4094/6762 3820/4086/6762
f 3832/4098/6763 3830/4096/6763 3828/4094/6763
f 3820/4086/6764 3828/4094/6764 3821/4087/6764
f 3818/4084/6765 3834/4100/6765 3820/4086/6765
f 3835/4101/6766 3834/4100/6766 3818/4084/6766
f 3762/4022/6767 3834/4100/6767 3835/4101/6767
f 3835/4101/6768 3817/4083/6768 3762/4022/6768
f 3757/4017/6769 3834/4100/6769 3762/4022/6769
f 3824/4090/6770 3816/4082/6770 3819/4085/6770
f 3818/4084/6771 3817/4083/6771 3835/4101/6771
f 3836/4102/6772 3817/4083/6772 3815/4081/6772
f 3815/4081/6773 3797/4059/6773 3836/4102/6773
f 3837/4103/6774 3836/4102/6774 3797/4059/6774
f 3838/4104/6775 3836/4102/6775 3837/4103/6775
f 3837/4103/6776 3839/4105/6776 3838/4104/6776
f 3838/4104/6777 3839/4105/6777 3764/4024/6777
f 3837/4103/6778 3781/4041/6778 3839/4105/6778
f 3840/4106/6779 3797/4059/6779 3815/4081/6779
f 3838/4104/6780 3817/4083/6780 3836/4102/6780
f 3763/4023/6781 3817/4083/6781 3838/4104/6781
f 3824/4090/6782 3814/4080/6782 3816/4082/6782
f 3840/4106/6783 3815/4081/6783 3812/4078/6783
f 3825/4091/6784 3813/4079/6784 3814/4080/6784
f 3811/4077/6785 3840/4106/6785 3812/4078/6785
f 3798/4060/6786 3840/4106/6786 3811/4077/6786
f 3808/4074/6787 3800/4062/6787 3811/4077/6787
f 3806/4072/6788 3800/4062/6788 3808/4074/6788
f 3804/4066/6789 3801/4063/6789 3806/4072/6789
f 3803/4065/6790 3625/4068/6790 3802/4064/6790
f 3632/4050/6791 3802/4064/6791 3625/4068/6791
f 3801/4063/6792 3800/4062/6792 3806/4072/6792
f 3811/4077/6793 3800/4062/6793 3798/4060/6793
f 3798/4060/6794 3797/4059/6794 3840/4106/6794
f 3837/4103/6795 3797/4059/6795 3795/4057/6795
f 3799/4061/6796 3792/4054/6796 3796/4058/6796
f 3795/4057/6797 3781/4041/6797 3837/4103/6797
f 3794/4056/6798 3793/4055/6798 3782/4042/6798
f 3799/4061/6799 3791/4053/6799 3792/4054/6799
f 3802/4064/6800 3789/4051/6800 3791/4053/6800
f 3793/4055/6801 3790/4052/6801 3788/4048/6801
f 3789/4051/6802 3802/4064/6802 3632/4050/6802
f 3634/4107/6803 3787/4047/6803 3631/4049/6803
f 3793/4055/6804 3788/4048/6804 3784/4044/6804
f 3787/4047/6805 3634/4107/6805 3786/4046/6805
f 3786/4046/6806 3634/4107/6806 3646/4108/6806
f 3782/4042/6807 3793/4055/6807 3784/4044/6807
f 3782/4042/6808 3781/4041/6808 3794/4056/6808
f 3839/4105/6809 3781/4041/6809 3766/4026/6809
f 3779/4039/6810 3780/4040/6810 3783/4043/6810
f 3839/4105/6811 3766/4026/6811 3764/4024/6811
f 3768/4028/6812 3761/4021/6812 3765/4025/6812
f 3838/4104/6813 3764/4024/6813 3763/4023/6813
f 3762/4022/6814 3817/4083/6814 3763/4023/6814
f 3768/4028/6815 3760/4020/6815 3761/4021/6815
f 3771/4031/6816 3758/4018/6816 3760/4020/6816
f 3762/4022/6817 3759/4019/6817 3757/4017/6817
f 3775/4035/6818 3755/4015/6818 3758/4018/6818
f 3834/4100/6819 3757/4017/6819 3756/4016/6819
f 3756/4016/6820 3753/4013/6820 3833/4099/6820
f 3775/4035/6821 3754/4014/6821 3755/4015/6821
f 3711/3974/6822 3752/4012/6822 3754/4014/6822
f 3833/4099/6823 3753/4013/6823 3750/4010/6823
f 3747/4007/6824 3833/4099/6824 3750/4010/6824
f 3747/4007/6825 3744/4004/6825 3831/4097/6825
f 3746/4006/6826 3738/3998/6826 3745/4005/6826
f 3829/4095/6827 3744/4004/6827 3743/4003/6827
f 3738/3998/6828 3741/4001/6828 3745/4005/6828
f 3742/4002/6829 3740/4000/6829 3739/3999/6829
f 3739/3999/6830 3841/4109/6830 3742/4002/6830
f 3734/3994/6831 3841/4109/6831 3739/3999/6831
f 3736/3996/6832 3738/3998/6832 3749/4009/6832
f 3739/3999/6833 3737/3997/6833 3734/3994/6833
f 3748/4008/6834 3735/3995/6834 3736/3996/6834
f 3734/3994/6835 3733/3993/6835 3841/4109/6835
f 3841/4109/6836 3733/3993/6836 3842/4110/6836
f 3732/3992/6837 3842/4110/6837 3733/3993/6837
f 3843/4111/6838 3842/4110/6838 3732/3992/6838
f 3843/4111/6839 3732/3992/6839 3844/906/6839
f 3844/906/6840 3732/3992/6840 3845/905/6840
f 3732/3992/6841 3846/898/6841 3845/905/6841
f 3731/3991/6842 3846/898/6842 3732/3992/6842
f 3846/898/6843 3731/3991/6843 3847/897/6843
f 3847/897/6844 3731/3991/6844 3848/4112/6844
f 3848/4112/6845 3849/895/6845 3847/897/6845
f 3726/3986/6846 3849/895/6846 3848/4112/6846
f 3848/4112/6847 3731/3991/6847 3728/3988/6847
f 3735/3995/6848 3729/3989/6848 3730/3990/6848
f 3729/3989/6849 3710/3973/6849 3715/3978/6849
f 3728/3988/6850 3726/3986/6850 3848/4112/6850
f 3726/3986/6851 3725/894/6851 3849/895/6851
f 3717/3980/6852 3714/3977/6852 3721/3983/6852
f 3727/3987/6853 3715/3978/6853 3716/3979/6853
f 3721/3983/6854 3714/3977/6854 3713/3976/6854
f 3723/3985/6855 3713/3976/6855 3712/3975/6855
f 3711/3974/6856 3754/4014/6856 3712/3975/6856
f 3711/3974/6857 3710/3973/6857 3752/4012/6857
f 3709/3972/6858 3715/3978/6858 3710/3973/6858
