# Blender 4.3.0
# www.blender.org
mtllib lululemon_garmentB.mtl
o lululemon_garmentB
v 341.237274 56.152580 -79.480225
v 339.111389 46.873253 -90.514717
v 337.967590 79.319359 -82.175087
v 335.044342 56.544048 -106.180580
v 331.369965 82.169151 -106.115471
v 332.676971 102.156036 -83.968102
v 325.717834 102.332542 -109.268684
v 320.296204 124.001518 -101.997650
v 325.323029 124.489281 -84.623085
v 315.825409 146.093216 -84.226341
v 312.398163 141.024933 -103.318893
v 309.064423 136.023453 -122.397270
v 317.775848 114.115074 -124.823265
v 305.883087 131.112167 -141.448349
v 316.998322 101.074280 -144.190826
v 311.704132 104.873680 -161.219376
v 302.917236 126.344345 -160.496307
v 308.416290 102.402390 -179.702805
v 314.747253 82.380646 -179.509399
v 318.013397 83.794472 -161.659515
v 319.201721 61.812801 -179.074661
v 321.907166 68.288956 -159.002609
v 323.981232 46.106888 -163.025726
v 325.448944 65.500626 -144.359650
v 328.093567 42.778015 -142.783859
v 325.296906 21.316664 -159.799469
v 322.347504 19.743868 -177.585068
v 321.740875 40.864559 -178.431580
v 321.069855 -1.320348 -176.525711
v 324.055145 0.407270 -159.007736
v 328.905701 19.106228 -139.450012
v 327.407410 2.138986 -141.583817
v 331.017914 3.903759 -124.264458
v 332.178467 22.451656 -123.900154
v 335.840912 26.551796 -107.278397
v 334.756866 5.717802 -107.032524
v 338.503601 7.581688 -89.852318
v 339.331238 28.611599 -91.030373
v 342.570770 32.814190 -76.241135
v 342.167969 9.479036 -72.682587
v 332.013397 38.874302 -124.282684
v 329.875641 62.822678 -125.483597
v 324.619720 87.670753 -128.819717
v 321.552460 81.833221 -147.431259
v 300.241425 121.753036 -179.587341
v 301.559692 84.167168 -352.345093
v 304.206604 77.959763 -364.498383
v 297.348236 95.366982 -366.752502
v 296.089050 97.206337 -348.287689
v 300.919098 84.448570 -333.573883
v 294.625397 98.934410 -329.769409
v 293.358795 100.709602 -311.139618
v 302.276764 79.487129 -316.538818
v 307.582245 63.993500 -329.301758
v 307.093933 64.033897 -310.414368
v 311.667297 44.836163 -324.400024
v 312.269104 44.513714 -343.808899
v 314.456757 26.007423 -340.474426
v 314.930634 24.116598 -359.574493
v 313.045593 41.842438 -360.810394
v 307.670471 65.429825 -349.338654
v 309.461884 59.967918 -362.482910
v 315.206818 6.516277 -358.781525
v 314.771027 10.191894 -335.705444
v 313.725769 -11.364329 -339.946228
v 314.246948 4.356975 -318.254761
v 313.310547 -11.025265 -321.526550
v 312.922028 -10.460842 -303.178345
v 313.996338 6.654934 -303.077362
v 313.874359 11.353968 -287.437439
v 313.646332 21.285845 -303.101471
v 312.429718 35.089046 -285.766510
v 313.535675 29.344734 -267.447083
v 314.021545 6.613770 -264.162292
v 312.770050 -9.643315 -284.904968
v 312.989777 -8.587968 -266.700195
v 313.654388 -7.335670 -248.555252
v 314.741241 6.647631 -245.280289
v 314.785278 -5.935197 -230.464691
v 315.775818 15.284909 -234.499268
v 317.167114 14.789790 -218.672379
v 315.501068 35.738506 -229.236420
v 314.562408 23.862713 -248.379089
v 312.259766 47.781807 -249.206772
v 310.806030 50.117405 -269.447357
v 308.102814 65.295921 -257.640778
v 306.463959 68.456848 -273.060486
v 301.247314 88.016808 -256.193024
v 300.372620 85.957832 -280.902954
v 292.447998 104.911270 -273.546783
v 292.577698 102.668755 -292.387512
v 300.798065 83.509598 -300.180237
v 306.358765 66.814903 -291.610931
v 311.234772 44.501892 -302.794006
v 309.631683 53.129025 -284.352142
v 292.970093 107.550117 -254.676743
v 294.098633 110.596085 -235.823380
v 303.558838 88.428490 -233.856949
v 308.300812 70.535622 -241.550583
v 309.692902 74.202637 -222.359055
v 303.437531 97.392014 -214.146408
v 312.917328 74.635223 -199.549088
v 314.827057 54.653282 -214.277634
v 318.029022 49.903858 -195.156082
v 317.909027 33.721542 -207.750107
v 320.075348 31.747475 -191.291779
v 319.305328 13.203166 -197.031998
v 318.492889 -2.882923 -194.446487
v 316.397400 -4.435696 -212.427750
v 312.376709 57.026836 -231.249146
v 306.869598 99.666550 -191.903931
v 297.805878 117.758125 -198.263824
v 295.738068 114.016342 -217.013626
v 313.940979 25.271076 -320.811401
v 313.878448 -11.553063 -358.412048
v 300.294312 -65.735565 -342.885712
v 300.196442 -66.189423 -359.458191
v 306.362122 -48.069214 -358.823059
v 306.618744 -46.726303 -340.449799
v 301.053925 -62.612366 -326.567596
v 291.804016 -84.637299 -324.321869
v 292.388214 -84.202576 -348.306152
v 283.214294 -101.641968 -342.160583
v 283.459595 -101.298477 -361.129089
v 292.482910 -84.067436 -360.259613
v 282.755981 -101.756424 -323.164917
v 282.314758 -101.672920 -304.117249
v 289.605865 -87.794197 -301.838745
v 282.070312 -101.438660 -285.007721
v 292.434875 -81.318657 -289.871063
v 291.352783 -83.404083 -272.661041
v 282.160339 -101.123459 -265.840942
v 291.810333 -82.968559 -247.570465
v 298.110596 -67.774208 -264.436768
v 301.616577 -58.642429 -249.700150
v 300.012329 -65.781448 -227.509613
v 306.960449 -43.536911 -237.479034
v 308.051880 -44.241455 -216.838684
v 303.087860 -61.740898 -206.755417
v 293.795959 -84.017876 -207.715012
v 301.621979 -70.495422 -189.536026
v 294.778931 -87.925682 -185.613525
v 287.778168 -100.968369 -189.036575
v 285.414551 -100.638916 -208.189804
v 283.743011 -100.616905 -227.405487
v 292.465332 -83.461777 -227.493637
v 282.689240 -100.815651 -246.631882
v 290.859863 -101.695709 -169.999283
v 299.564209 -82.601860 -171.584961
v 307.058075 -62.954945 -173.016342
v 310.566589 -43.651783 -192.287689
v 313.237427 -42.801323 -174.336578
v 317.964325 -22.213356 -175.520966
v 316.415344 -16.916904 -193.324310
v 313.094238 -26.593233 -208.735916
v 312.232513 -22.771456 -229.048859
v 310.716003 -26.009253 -249.740280
v 309.462982 -30.500360 -264.263062
v 310.194611 -26.441286 -282.982483
v 304.992706 -48.099800 -269.362732
v 306.002350 -44.561966 -288.259064
v 309.616760 -31.516062 -305.139862
v 304.345062 -51.211903 -300.550079
v 306.441315 -45.558929 -319.446289
v 310.509033 -28.952972 -320.726013
v 311.252045 -26.646498 -336.960907
v 310.926270 -29.827995 -358.446381
v 298.365356 -68.595970 -306.499176
v 299.633728 -63.913845 -284.273132
v 306.853516 -41.698948 -253.752899
v 314.202789 -87.170975 -102.165710
v 308.524414 -106.078499 -95.698906
v 303.730164 -104.967186 -114.197716
v 313.796143 -77.087547 -117.682411
v 322.749939 -63.914993 -99.115379
v 321.244080 -53.632832 -117.379807
v 327.325958 -42.635849 -103.663170
v 332.313812 -39.505058 -84.483978
v 326.994934 -62.093414 -83.177666
v 320.717560 -82.152946 -83.589264
v 331.106018 -61.835224 -65.001511
v 324.904144 -85.006645 -61.878345
v 313.147766 -107.015915 -77.126823
v 317.413025 -107.758835 -58.445255
v 336.080444 -38.316666 -67.846703
v 339.807434 -14.515168 -70.411148
v 337.399170 -11.356812 -83.815819
v 332.745300 -19.186430 -100.757446
v 329.160156 -17.197353 -119.283508
v 326.615051 -34.652878 -114.604561
v 322.647797 -38.287556 -129.604233
v 314.306122 -62.081413 -137.493759
v 318.261169 -40.304382 -149.035950
v 311.647583 -57.157051 -157.755051
v 305.477905 -76.181915 -154.365967
v 294.662964 -102.629967 -151.284378
v 305.292786 -88.093292 -134.709991
v 299.021942 -103.772308 -132.698181
v 321.396729 -20.431284 -156.269714
v 325.307159 -18.674658 -137.011612
v -285.735596 180.778229 347.278290
v -288.689423 188.298233 338.130035
v -298.707550 176.180679 343.615173
v -283.968475 172.016098 355.340332
v -271.129883 186.663528 350.472382
v -267.050690 171.356110 363.735748
v -281.181274 156.053711 367.144257
v -262.766846 156.002930 374.539734
v -275.157196 134.355682 379.628815
v -297.828003 140.183472 368.141296
v -291.002045 126.648018 376.227386
v -284.941681 110.927155 381.982910
v -269.190582 118.087784 385.917206
v -253.236053 122.585678 389.557739
v -262.633179 103.395912 389.311523
v -247.936066 103.218704 393.618042
v -245.227020 92.097450 393.567566
v -260.584015 83.169693 388.774780
v -275.824158 92.564209 385.584473
v -276.569031 76.867012 383.739441
v -261.970612 67.812790 384.710907
v -240.103821 67.507744 388.624847
v -256.229858 52.867069 380.590912
v -276.782318 58.767635 379.021820
v -268.776001 42.014027 373.793762
v -252.566879 29.297379 369.453125
v -237.664551 52.989864 383.432251
v -234.993057 31.217594 372.235962
v -270.395172 27.656261 366.052032
v -288.894775 42.580681 370.369446
v -288.718475 26.198458 362.153778
v -309.463318 34.393822 362.262604
v -313.513428 51.140144 368.051697
v -332.166962 38.395485 358.962067
v -327.095428 23.881701 353.304993
v -346.963593 23.139009 348.519684
v -354.792877 36.445770 352.655396
v -344.472687 49.970867 359.688843
v -369.633301 49.136227 352.393768
v -350.970978 64.266960 360.372742
v -370.914337 61.752823 353.595337
v -357.981384 81.476913 357.499634
v -332.338654 81.911194 367.380249
v -343.720184 101.543640 360.180695
v -361.779236 96.780800 352.973907
v -373.527283 88.703156 349.832458
v -374.675232 102.701263 344.808899
v -359.520050 109.538940 350.217743
v -375.586884 116.709656 337.754059
v -355.775970 122.069069 346.908325
v -357.328918 135.334244 338.338226
v -376.214447 130.653030 328.726410
v -363.035675 147.591965 325.396118
v -346.980743 152.671890 332.662476
v -353.535828 162.670532 318.670837
v -366.593323 156.638809 314.345490
v -376.553528 144.494980 317.803253
v -376.652435 159.092850 304.337646
v -363.366821 167.701416 305.309082
v -376.558533 164.806335 297.827820
v -360.085236 181.655289 289.566132
v -376.069092 176.684189 281.255554
v -361.594696 193.272141 268.917511
v -375.448975 187.901627 263.688751
v -347.743927 198.621078 273.876892
v -347.411194 188.430099 291.586121
v -334.833252 193.328003 295.684875
v -333.902405 203.937057 278.379761
v -319.247009 203.568863 293.020966
v -317.413239 193.638779 310.047913
v -302.038544 206.132294 304.089478
v -306.204010 214.368027 285.795349
v -292.273590 219.350357 288.792877
v -287.417297 213.576447 303.141785
v -286.749939 202.369904 321.375366
v -276.882874 215.107986 308.904633
v -278.207977 224.007477 291.442902
v -275.080383 204.981506 325.938873
v -272.619232 192.900803 343.422333
v -302.171936 192.882629 323.060089
v -301.304688 184.661469 333.646271
v -314.570587 181.073120 328.139740
v -316.079254 165.281693 342.696014
v -299.261139 160.072693 356.178986
v -316.658142 147.775787 354.750397
v -331.166992 154.040451 341.874084
v -334.312897 168.937164 326.729889
v -341.568726 143.704727 342.958710
v -331.184601 142.795990 349.662659
v -340.833466 131.283539 350.724670
v -326.194397 135.440598 356.597778
v -328.209656 120.449036 361.894348
v -314.815277 133.106125 363.363678
v -305.968903 119.880577 372.092987
v -321.094299 102.941086 369.812683
v -345.434540 116.979385 354.570404
v -303.587555 102.499557 376.349762
v -312.115753 89.651947 374.262482
v -309.739471 71.905022 373.957825
v -293.479401 88.047096 380.162445
v -290.380981 71.039070 378.945587
v -295.685425 59.167496 374.767670
v -330.007904 61.655514 366.179382
v -329.803070 50.360737 363.705902
v -329.761078 183.526215 313.748474
v -346.423431 178.726578 306.240814
v -320.063232 209.197769 282.346558
v -372.230743 74.894539 352.773621
v -368.339142 36.174129 349.084229
v -367.017731 22.634045 343.511475
v -307.628693 24.919846 357.856842
v -258.160889 139.890335 383.171875
v -320.684601 -105.267426 180.724121
v -303.510559 -111.429169 184.356857
v -315.535889 -101.017021 195.423569
v -331.478546 -94.279167 195.274918
v -338.178497 -97.686531 179.162277
v -327.803894 -107.918282 164.856934
v -308.275940 -117.902054 164.745483
v -320.082428 -118.102577 147.777435
v -338.557739 -105.876381 152.082108
v -335.735962 -111.527153 132.880722
v -352.978943 -98.387459 146.993103
v -353.053925 -96.927155 155.709900
v -342.139496 -100.343132 165.356918
v -353.457550 -91.477966 175.258484
v -353.998322 -85.401741 193.368423
v -353.027283 -99.182266 127.989883
v -342.895081 -108.399902 114.330696
v -324.212372 -124.466797 112.543465
v -318.138641 -124.484528 130.559921
v -304.142670 -136.361343 122.138283
v -308.859589 -139.734299 100.328308
v -290.041077 -149.432693 111.865341
v -293.119659 -154.454285 90.623123
v -275.367432 -160.606125 107.571938
v -268.408173 -156.753906 125.961769
v -286.781281 -145.423401 127.191116
v -276.879547 -144.640717 142.100464
v -293.285461 -138.007233 136.352097
v -305.735657 -129.405609 139.704025
v -292.483521 -131.461426 152.645538
v -306.437347 -124.697289 150.980438
v -288.559906 -123.958595 172.828262
v -269.008331 -137.773834 163.560822
v -250.327332 -154.996796 148.467773
v -248.472336 -144.631500 168.104477
v -254.805206 -134.678955 180.360199
v -271.692078 -126.580429 181.903931
v -260.659332 -126.621819 189.530914
v -253.483734 -130.109848 188.776886
v -252.980255 -125.659821 196.412537
v -245.968201 -132.380859 190.334381
v -244.852066 -128.387314 197.075958
v -245.580048 -123.334206 204.176285
v -235.207077 -131.541855 198.088806
v -235.261627 -120.442169 214.437439
v -252.948883 -113.241295 215.793777
v -252.826385 -120.488052 204.616623
v -260.079102 -118.780045 203.120239
v -270.085114 -110.114609 211.026810
v -270.736725 -118.541077 196.573990
v -261.044373 -122.719955 196.004608
v -284.918732 -107.428642 206.229248
v -286.805084 -115.483734 190.450241
v -301.538086 -103.547997 201.628433
v -297.831543 -95.648018 218.620819
v -320.357178 -90.043343 213.834778
v -309.745178 -83.167282 233.528107
v -287.799286 -88.748672 235.704590
v -303.686127 -74.557083 251.259125
v -322.295441 -71.782310 247.290085
v -317.372253 -64.779716 261.455597
v -334.874908 -61.259750 260.148804
v -324.417877 -53.378510 276.585602
v -301.542908 -62.622272 270.402069
v -308.467407 -50.734108 285.524872
v -323.358765 -41.754040 293.805969
v -339.340363 -42.433472 288.502228
v -342.273071 -29.384899 305.555878
v -360.483704 -37.041496 290.433380
v -345.927795 -50.044132 274.541382
v -358.955170 -47.567669 274.079956
v -357.382538 -58.125221 256.056915
v -341.839386 -68.688896 242.574829
v -356.800385 -62.182991 248.228912
v -355.633911 -70.989731 229.057648
v -339.820099 -78.648323 223.084137
v -326.714050 -78.453568 232.504639
v -340.055054 -85.365471 207.588058
v -354.718842 -78.567940 211.186035
v -362.119019 -25.065605 307.002441
v -362.807037 -19.289242 313.384766
v -346.318726 -15.694765 319.779694
v -323.037872 -18.466661 321.518677
v -338.611359 -5.477963 330.666321
v -364.326935 -4.787880 325.929321
v -348.031281 10.056231 340.365814
v -365.685699 8.897043 335.752167
v -325.883240 4.317316 340.770752
v -311.528168 11.020280 348.323090
v -290.965454 9.094020 350.588593
v -306.625153 -5.570622 336.411652
v -286.004578 -6.057945 339.355988
v -290.917450 -15.238227 330.227997
v -275.405823 -16.035967 332.014221
v -267.572510 -0.727000 346.567841
v -256.340393 -16.845427 334.139557
v -267.534607 -27.061523 322.368134
v -250.955109 -31.671040 320.517029
v -232.234558 -19.624395 334.695953
v -245.365585 -2.854475 347.669159
v -232.547424 -4.116209 347.947510
v -233.399521 12.699604 360.522400
v -250.583115 14.035036 359.896118
v -269.968903 17.320814 359.450378
v -232.294739 -34.312492 320.725555
v -247.347595 -48.086086 303.646545
v -270.306915 -41.066769 306.780334
v -262.981781 -56.832150 289.735840
v -287.297516 -53.433697 287.691895
v -272.275146 -67.201942 273.878601
v -251.165787 -69.642342 277.104492
v -261.726074 -80.330345 259.559204
v -244.370255 -84.154373 260.775513
v -233.641068 -75.442085 275.103912
v -233.077072 -62.070835 290.895355
v -248.779739 -59.415676 290.263397
v -232.606339 -48.427586 306.086182
v -234.279572 -89.508339 257.677643
v -234.540527 -95.584602 249.667236
v -249.964233 -93.566948 246.004089
v -235.002441 -108.537773 231.571365
v -255.177368 -101.498947 232.326538
v -269.444183 -100.904503 226.072174
v -268.048615 -90.325294 242.797516
v -282.123047 -100.678459 219.533096
v -283.166748 -75.694199 257.856476
v -286.175385 -65.005821 272.287109
v -290.620850 -39.084820 304.812164
v -285.723541 -27.312160 318.922150
v -304.462250 -30.066217 312.542023
v -302.050293 -19.630243 324.071747
v -319.811707 -32.409451 306.615509
v -305.661804 -41.489185 298.549774
v -323.540619 -6.413431 332.665833
v -234.694336 -142.171112 182.211426
v -233.538467 -152.476379 166.777481
v -231.558014 -162.325409 152.184082
v -228.582672 -171.662308 138.696121
v -244.870575 -167.184769 130.942856
v -224.607620 -180.141800 126.933998
v -251.041779 -171.442093 115.113152
v -219.630722 -187.745651 116.952362
v -250.780777 -177.001755 102.864143
v -269.876648 -168.437439 95.897690
v -260.286255 -178.932556 84.418816
v -284.309906 -166.000107 76.939125
v -304.343750 -152.330490 66.342293
v -313.955872 -140.570618 77.539261
v -294.411896 -163.966492 55.201397
v -278.420074 -172.621231 69.585693
v -240.282959 -183.437332 100.100525
v -323.455688 -129.077286 89.081657
v -332.498108 -117.666519 101.276634
v 10.628490 -255.176788 -128.687592
v 0.000000 -255.276474 -129.149109
v 0.000000 -255.196945 -130.779770
v -0.000000 -255.182755 -132.364334
v 9.074498 -255.046768 -145.065414
v 24.040068 -254.791092 -136.926193
v 28.954203 -255.380508 -114.563492
v 14.023756 -255.829269 -112.798111
v 38.391285 -254.270096 -130.996826
v 38.280014 -254.168106 -151.402557
v 56.445618 -253.068787 -136.776718
v 45.231483 -254.549911 -117.786896
v 62.703682 -253.157379 -122.981209
v 80.866142 -250.928162 -130.280228
v 73.564972 -251.150742 -155.564209
v 97.152313 -247.604736 -152.383453
v 94.834213 -247.989182 -172.802368
v 74.521660 -251.812210 -179.213699
v 91.916176 -249.741974 -194.626358
v 114.584885 -243.784882 -188.676193
v 113.603821 -245.206238 -208.343353
v 91.834023 -251.457291 -213.349167
v 98.620972 -251.695648 -232.115692
v 112.921127 -247.149185 -227.992401
v 112.465996 -249.318146 -247.664215
v 100.460724 -253.544998 -253.118271
v 112.168198 -251.466003 -267.388062
v 95.843430 -256.889862 -269.794250
v 111.968529 -253.405853 -287.180542
v 93.532639 -259.815277 -290.593170
v 111.825882 -255.026718 -307.039032
v 93.435493 -261.629211 -311.390228
v 111.698700 -256.260590 -326.946411
v 92.849503 -263.060028 -330.531830
v 111.531868 -257.069733 -346.887299
v 89.319664 -264.794189 -346.564362
v 92.893013 -264.241547 -366.879456
v 74.020348 -269.325348 -354.206573
v 74.052567 -269.710510 -366.884094
v 54.900620 -273.844788 -366.875610
v 57.792423 -272.278809 -343.593842
v 41.431087 -275.073792 -350.501404
v 40.890160 -273.799774 -329.224548
v 18.615942 -277.020721 -346.714783
v 35.482044 -276.688324 -366.867157
v 15.805976 -278.282806 -366.869537
v -0.000000 -278.347015 -362.409760
v 0.000000 -278.582397 -366.884277
v -0.000000 -277.461853 -346.832336
v 0.000000 -276.154083 -330.120575
v 15.528172 -275.213287 -321.633942
v 0.000000 -275.906250 -326.838043
v 0.000000 -274.202576 -309.680298
v 13.643579 -273.332794 -303.033325
v 0.000000 -273.930481 -306.898376
v 0.000000 -273.612335 -304.223114
v 11.575331 -271.320801 -286.099915
v 31.513182 -270.400116 -286.590546
v 24.982754 -268.216980 -267.289215
v 8.457453 -269.155396 -270.091705
v 0.000000 -271.245331 -284.749664
v 0.000000 -271.556274 -287.016907
v 0.000000 -268.841339 -267.210205
v -0.000000 -268.559479 -265.327698
v 12.219484 -266.137756 -249.919189
v -0.000000 -265.898621 -247.494644
v 0.000000 -263.069794 -228.984543
v 14.333132 -262.540741 -226.461395
v -0.000000 -262.898224 -227.866867
v 0.000000 -260.161926 -208.955475
v 18.110788 -259.298553 -203.770599
v 0.000000 -260.069244 -208.318207
v 0.000000 -257.686066 -188.902985
v 15.349790 -256.872009 -181.824692
v 0.000000 -257.674713 -188.810913
v 0.000000 -257.412842 -185.813553
v 9.705254 -255.631012 -164.324265
v 0.000000 -255.957642 -169.346893
v 0.000000 -255.159882 -151.021591
v 20.728882 -254.968735 -152.348007
v 23.546213 -255.340179 -164.188614
v 33.737370 -255.182465 -170.738342
v 53.329781 -253.613388 -169.258194
v 55.712666 -252.929596 -152.635803
v 37.278500 -256.373260 -187.106537
v 57.980530 -254.868057 -190.698608
v 73.674423 -253.200775 -195.587662
v 63.890488 -255.913116 -208.356644
v 43.922215 -257.985931 -206.210373
v 52.402172 -259.702820 -225.506851
v 75.903389 -256.288483 -225.985229
v 61.475224 -261.548370 -247.369537
v 84.080391 -257.488892 -249.842621
v 72.965340 -262.913635 -272.834747
v 47.093037 -266.332092 -267.707520
v 53.334194 -268.405121 -289.984039
v 35.476856 -272.447327 -306.579865
v 56.831226 -270.058838 -310.917480
v 74.368637 -265.470306 -298.265076
v 75.590645 -266.913208 -318.269592
v 61.083862 -270.578827 -326.990082
v 75.060951 -268.231995 -336.096497
v 35.484234 -264.088043 -243.662537
v 33.071720 -260.916779 -221.320435
v 79.405464 -253.326828 -207.220596
v 0.000000 -255.119797 -149.969620
v 111.254875 -257.446594 -366.848450
v 115.912659 -243.181732 -169.038132
v 117.573524 -243.570435 -149.450241
v 99.272217 -247.917816 -139.377121
v 0.000000 -256.035187 -111.789391
v 26.071964 -256.520447 -98.674065
v 8.249212 -256.949310 -97.290123
v 46.662075 -255.959518 -95.992821
v 31.595871 -258.058014 -74.743225
v 11.027271 -258.085968 -80.546135
v 13.718942 -259.246094 -58.775517
v -0.000000 -258.816406 -71.162659
v 0.000000 -258.629852 -74.677773
v -0.000000 -257.531342 -90.224518
v 0.000000 -257.316223 -93.096916
v 0.000000 -256.195160 -109.591682
v 0.000000 -259.543030 -56.489380
v -0.000000 -259.579407 -52.390079
v 12.310978 -259.481659 -38.041080
v 26.334486 -259.223297 -42.793316
v 32.305008 -258.087799 -20.182760
v 44.241135 -258.737946 -42.455746
v 50.200523 -257.571472 -19.903500
v 66.007530 -257.945740 -38.933666
v 61.484570 -257.744659 -60.170315
v 43.822556 -258.392975 -61.296143
v 51.840771 -257.275848 -75.565018
v 31.447439 -259.010315 -55.635880
v 63.797791 -256.812683 -74.579102
v 76.653244 -256.016144 -74.625923
v 83.433044 -256.784180 -55.817577
v 98.655510 -254.395721 -73.351303
v 108.712341 -254.953033 -52.086971
v 87.162621 -256.803589 -36.369057
v 105.115387 -255.330978 -32.772358
v 89.443939 -255.794983 -19.302668
v 110.000404 -254.330566 -19.025663
v 129.684601 -253.099945 -37.093758
v 130.704529 -252.257446 -18.807518
v 69.369133 -256.834808 -19.602291
v 128.372330 -252.631851 -55.440735
v 126.689430 -251.161880 -73.867249
v 108.329132 -251.808762 -88.463974
v 124.643265 -249.052933 -92.444084
v 104.633621 -250.039169 -107.440353
v 122.329834 -246.776062 -111.230110
v 119.919113 -244.811462 -130.252213
v 86.713982 -251.060577 -118.782883
v 86.183556 -253.308746 -96.072807
v 64.643013 -255.564941 -89.503593
v 15.725655 -258.443909 -20.442703
v -0.000000 -259.417450 -33.883823
v 0.000000 -259.662537 -38.507145
v 0.000000 -258.687958 -20.699129
v 208.849335 -192.140411 -286.543335
v 226.179016 -175.069977 -287.030304
v 220.284363 -181.132614 -272.397522
v 209.269165 -191.655472 -266.693634
v 222.221771 -179.584000 -251.158936
v 209.990173 -191.196747 -246.787292
v 211.132172 -190.932526 -226.825363
v 229.892914 -172.838303 -228.839172
v 224.886414 -179.566803 -212.969055
v 241.727112 -162.547989 -208.934738
v 228.721161 -178.720291 -194.173508
v 212.838638 -191.077255 -206.840958
v 215.250031 -191.876343 -186.897568
v 233.039474 -180.672821 -167.659882
v 244.482178 -165.041443 -182.440598
v 246.630905 -166.749435 -168.100037
v 259.213165 -151.784897 -168.538559
v 257.457672 -148.012787 -187.946518
v 270.785278 -135.867325 -169.027405
v 270.852264 -128.772049 -190.721451
v 281.339294 -119.118774 -169.543915
v 281.743561 -112.930473 -184.790009
v 290.859863 -101.695709 -169.999283
v 287.778168 -100.968369 -189.036575
v 278.570648 -113.193832 -204.704163
v 285.414551 -100.638916 -208.189804
v 283.743011 -100.616905 -227.405487
v 273.236511 -119.089134 -222.136551
v 271.890472 -119.174736 -241.641724
v 263.709320 -132.649567 -225.872772
v 260.364899 -135.863541 -241.884094
v 263.380920 -130.619476 -262.249573
v 252.666809 -145.427383 -249.484604
v 250.880722 -149.250931 -229.829971
v 239.894028 -160.898941 -246.386246
v 240.320801 -161.741730 -228.221161
v 258.581390 -141.975174 -208.865036
v 268.690613 -127.621307 -210.487930
v 249.642593 -148.718796 -267.451111
v 234.436798 -166.386780 -271.401550
v 246.179764 -152.803940 -290.234131
v 235.684708 -164.993698 -287.101166
v 235.228271 -165.592361 -300.930603
v 221.772095 -179.828033 -305.035400
v 232.919922 -168.311676 -324.542847
v 246.788239 -152.406143 -313.311157
v 247.737930 -151.642960 -333.844147
v 257.180145 -139.663635 -325.129211
v 259.113495 -136.787796 -307.578888
v 260.687592 -134.347488 -286.076996
v 271.615845 -119.124626 -305.343658
v 272.767761 -116.731560 -284.541626
v 275.751434 -111.808014 -264.400177
v 282.070312 -101.438660 -285.007721
v 282.314758 -101.672920 -304.117249
v 282.160339 -101.123459 -265.840942
v 282.689240 -100.815651 -246.631882
v 282.755981 -101.756424 -323.164917
v 269.944031 -122.181702 -327.360199
v 283.214294 -101.641968 -342.160583
v 272.070648 -119.571289 -344.135681
v 273.126648 -118.084908 -362.013580
v 260.481720 -135.835098 -345.599640
v 261.689667 -134.312012 -362.862946
v 249.391312 -149.868240 -363.643433
v 249.083344 -150.243408 -347.754456
v 237.497208 -163.534241 -349.075714
v 236.461304 -164.673767 -364.335907
v 222.904327 -178.869919 -364.939880
v 221.568207 -180.328796 -345.801666
v 208.470779 -192.766251 -365.464172
v 208.560104 -192.886444 -345.786011
v 217.164474 -184.493790 -325.534424
v 208.579697 -192.806366 -326.083313
v 208.645432 -192.545456 -306.338654
v 283.459595 -101.298477 -361.129089
v 218.446472 -193.507233 -167.107956
v 197.860931 -201.513519 -263.622711
v 194.788345 -204.418045 -285.422729
v 190.980927 -207.746124 -300.162750
v 192.982285 -206.455002 -316.841583
v 178.297516 -217.865616 -304.713623
v 176.975967 -219.213364 -324.838776
v 192.885864 -206.706757 -338.167664
v 193.540817 -205.964157 -365.894318
v 174.634430 -221.060043 -349.049744
v 178.215546 -218.287781 -366.230255
v 162.300613 -229.757065 -366.482971
v 157.456146 -232.943253 -350.953247
v 145.809647 -240.205765 -366.662537
v 144.855667 -240.660065 -342.197357
v 132.241394 -247.518585 -349.970825
v 128.836609 -249.442673 -366.780243
v 129.115768 -248.666000 -327.752075
v 129.557999 -247.576309 -309.700500
v 132.574066 -244.925140 -292.444885
v 127.428185 -245.148285 -264.800995
v 126.443855 -243.494934 -242.353638
v 134.429932 -239.014557 -226.712952
v 126.498116 -240.874298 -208.741104
v 134.554352 -237.385391 -191.791840
v 131.796539 -238.636017 -170.779999
v 151.106918 -231.272491 -181.440002
v 153.160706 -232.135422 -159.587769
v 135.534851 -238.541321 -154.841125
v 170.368042 -224.345688 -163.230301
v 167.987839 -222.675888 -193.347961
v 187.687286 -212.206451 -183.768204
v 182.710419 -213.335312 -207.861557
v 200.763901 -201.189285 -202.881882
v 193.849319 -205.036499 -221.774933
v 196.038055 -203.086868 -240.162247
v 184.176376 -211.901184 -251.136887
v 182.014832 -213.956833 -268.835999
v 166.919479 -223.631226 -252.918640
v 168.857224 -223.223282 -274.036530
v 180.002899 -216.053864 -287.085327
v 165.302139 -226.356674 -290.191956
v 162.629684 -228.965057 -309.451416
v 151.128510 -235.251480 -295.099457
v 144.168152 -240.178436 -312.915833
v 158.257278 -232.250519 -330.847565
v 144.365601 -240.638641 -328.111725
v 151.030212 -234.061646 -273.049103
v 144.673981 -235.632370 -245.042175
v 158.912354 -227.404083 -229.712357
v 146.731567 -233.616318 -227.496857
v 148.584061 -232.049576 -209.111786
v 167.445068 -222.416458 -214.098663
v 178.651230 -215.651031 -230.955093
v 201.657089 -202.608551 -185.251678
v 203.116272 -204.953186 -166.745590
v 187.068909 -215.251434 -165.578049
v 293.183472 -146.383453 -78.398422
v 284.287598 -162.827698 -72.479805
v 282.898315 -154.989288 -92.807274
v 293.524780 -136.471283 -95.262871
v 304.806274 -125.577362 -77.034782
v 300.966339 -119.918427 -99.584038
v 308.524414 -106.078499 -95.698906
v 313.147766 -107.015915 -77.126823
v 317.413025 -107.758835 -58.445255
v 308.661621 -128.447357 -56.757309
v 298.585083 -148.322495 -54.473911
v 303.730164 -104.967186 -114.197716
v 293.498016 -124.547173 -116.348015
v 299.021942 -103.772308 -132.698181
v 289.962616 -119.846245 -135.873947
v 294.662964 -102.629967 -151.284378
v 281.165497 -127.267670 -150.600052
v 269.146240 -145.764664 -149.794693
v 257.039124 -160.917862 -150.927719
v 248.443451 -170.750214 -151.182632
v 236.832413 -183.098480 -149.348557
v 252.221054 -172.081375 -138.009430
v 244.372986 -183.867966 -128.582214
v 226.682098 -199.373444 -128.184418
v 222.333817 -196.069702 -147.502319
v 246.149429 -189.895935 -110.842201
v 258.528656 -173.889313 -118.445236
v 266.459442 -177.453262 -91.144279
v 246.537430 -197.724548 -89.887634
v 231.148087 -203.091232 -109.145630
v 235.375610 -206.805618 -90.277458
v 239.034485 -210.061142 -71.416862
v 258.340790 -195.305435 -65.725410
v 241.904236 -212.464523 -52.434059
v 259.761017 -199.880051 -40.443592
v 243.873108 -213.682770 -33.274231
v 274.168884 -184.287750 -46.541641
v 274.478790 -178.038635 -65.711693
v 287.108673 -167.034760 -51.177345
v 273.517212 -158.691956 -111.826424
v 284.976410 -143.563675 -108.773102
v 280.074829 -140.075684 -129.093536
v 265.530670 -158.791229 -132.548233
v 202.557755 -210.085907 -146.248398
v 209.101654 -210.924377 -129.901657
v 188.972809 -221.157013 -133.784073
v 188.231064 -216.956436 -153.638123
v 175.889908 -224.691406 -145.668457
v 158.859940 -231.998810 -144.300613
v 172.329102 -228.870010 -133.057068
v 161.443283 -234.286804 -126.337044
v 142.583786 -240.042206 -126.254204
v 157.201996 -238.372421 -112.528717
v 175.529816 -231.615082 -115.339165
v 163.520218 -240.907303 -91.055504
v 186.234329 -231.594452 -97.826103
v 190.460220 -235.049683 -75.776863
v 203.670288 -224.798904 -94.387215
v 196.768860 -222.857300 -113.458954
v 215.093079 -213.448929 -111.047989
v 220.952789 -215.964142 -91.947273
v 227.691666 -218.007355 -69.657692
v 230.791489 -220.202576 -48.577316
v 212.310730 -229.467667 -54.906288
v 211.110199 -225.409592 -77.320007
v 186.616257 -240.437195 -48.502090
v 167.047394 -244.292191 -64.936150
v 165.207230 -246.315292 -48.488575
v 148.492386 -249.628555 -52.913120
v 153.019638 -249.406845 -39.303200
v 169.667862 -246.048126 -35.278759
v 150.810425 -249.498245 -21.819059
v 170.665054 -245.574722 -24.881235
v 190.095245 -240.211380 -27.803379
v 208.907013 -233.182526 -30.248323
v 146.078430 -248.205902 -70.964417
v 140.775620 -246.888123 -86.449371
v 142.011581 -243.972336 -103.433266
v 226.899643 -224.375244 -32.015884
v -250.927277 158.565048 -336.299011
v -235.657166 171.391205 -340.858002
v -248.727432 160.559677 -354.607880
v -265.891022 143.646790 -354.940247
v -254.473923 155.443253 -376.754883
v -267.447174 142.126083 -374.227600
v -278.930847 127.614151 -371.681976
v -279.642456 125.913971 -356.815063
v -288.913147 111.976219 -369.169373
v -286.128387 115.718567 -348.692078
v -277.012817 129.014999 -339.312958
v -287.342957 112.525070 -329.652191
v -276.521027 128.854080 -316.085693
v -264.457031 144.511047 -328.716064
v -264.045197 144.965836 -309.791962
v -250.510315 159.055344 -313.562592
v -238.201004 169.435150 -323.036041
v -232.457916 174.925842 -302.282745
v -220.905930 182.094727 -320.350311
v -218.110168 183.059464 -346.131897
v -234.884537 171.594711 -363.373352
v -220.836823 181.061493 -363.890533
v -205.556625 189.629593 -364.292542
v -223.782852 178.657104 -381.632294
v -206.777222 188.083084 -383.815002
v -204.241379 190.935333 -344.672180
v -203.007660 192.316849 -324.903290
v -239.858856 167.676346 -379.246216
v -202.040985 194.038345 -304.982117
v -215.285904 186.983704 -298.784546
v -201.478699 196.279480 -284.954224
v -219.128113 186.438095 -280.493744
v -201.383636 199.119919 -264.888641
v -216.721832 190.167999 -265.448547
v -228.587753 182.065735 -264.599243
v -217.546143 192.097885 -252.087906
v -234.639069 181.414505 -244.745728
v -246.603867 167.681213 -263.361023
v -252.280472 167.601898 -237.574326
v -240.876999 181.523346 -222.826736
v -221.374496 194.543365 -228.461823
v -233.684341 191.490707 -207.685501
v -217.936981 203.232529 -202.792786
v -202.458740 206.459106 -224.866196
v -201.735718 202.540161 -244.848068
v -203.452713 210.773941 -204.948700
v -204.610260 215.408844 -185.098434
v -221.589096 206.220337 -184.653580
v -237.710663 195.601639 -183.992355
v -250.050262 180.244370 -200.822586
v -252.826065 183.520554 -183.232712
v -266.783875 169.968597 -182.438202
v -263.707092 164.726028 -207.484741
v -253.629822 171.454636 -218.429077
v -261.860229 161.604279 -223.934402
v -264.948151 154.744125 -235.416718
v -263.628052 151.851334 -253.982391
v -272.748322 143.905045 -240.352173
v -274.470215 147.392380 -220.746201
v -284.662506 127.187042 -237.912659
v -285.478729 131.682846 -219.509888
v -285.800446 137.386810 -202.390518
v -274.171326 155.058548 -198.836823
v -279.426880 155.038101 -181.617035
v -290.615814 138.887497 -180.706787
v -297.805878 117.758125 -198.263824
v -295.738068 114.016342 -217.013626
v -300.241425 121.753036 -179.587341
v -294.098633 110.596085 -235.823380
v -292.970093 107.550117 -254.676743
v -283.557739 123.299011 -261.482941
v -275.512970 136.973236 -252.913528
v -272.728638 137.819962 -269.757599
v -281.117859 124.090027 -279.071259
v -292.447998 104.911270 -273.546783
v -284.890015 116.401802 -297.056549
v -271.107269 137.135391 -292.422760
v -285.630676 114.877365 -313.621124
v -293.358795 100.709602 -311.139618
v -294.625397 98.934410 -329.769409
v -296.089050 97.206337 -348.287689
v -292.577698 102.668755 -292.387512
v -260.123077 152.026688 -276.745758
v -256.728699 153.551483 -295.683441
v -249.119797 162.389465 -282.980591
v -236.838852 173.182709 -281.757141
v -245.225128 164.841919 -295.674225
v -297.348236 95.366982 -366.752502
v -304.206604 77.959763 -364.498383
v -301.559692 84.167168 -352.345093
v -300.919098 84.448570 -333.573883
v -302.276764 79.487129 -316.538818
v -307.582245 63.993500 -329.301758
v -307.093933 64.033897 -310.414368
v -300.798065 83.509598 -300.180237
v -306.358765 66.814903 -291.610931
v -300.372620 85.957832 -280.902954
v -301.247314 88.016808 -256.193024
v -306.463959 68.456848 -273.060486
v -308.102814 65.295921 -257.640778
v -310.806030 50.117405 -269.447357
v -309.631683 53.129025 -284.352142
v -312.429718 35.089046 -285.766510
v -313.535675 29.344734 -267.447083
v -312.259766 47.781807 -249.206772
v -314.562408 23.862713 -248.379089
v -315.501068 35.738506 -229.236420
v -315.775818 15.284909 -234.499268
v -317.167114 14.789790 -218.672379
v -314.785278 -5.935197 -230.464691
v -314.741241 6.647631 -245.280289
v -313.654388 -7.335670 -248.555252
v -314.021545 6.613770 -264.162292
v -312.989777 -8.587968 -266.700195
v -312.770050 -9.643315 -284.904968
v -313.874359 11.353968 -287.437439
v -312.922028 -10.460842 -303.178345
v -313.996338 6.654934 -303.077362
v -314.246948 4.356975 -318.254761
v -313.310547 -11.025265 -321.526550
v -313.725769 -11.364329 -339.946228
v -314.771027 10.191894 -335.705444
v -313.940979 25.271076 -320.811401
v -314.456757 26.007423 -340.474426
v -315.206818 6.516277 -358.781525
v -314.930634 24.116598 -359.574493
v -312.269104 44.513714 -343.808899
v -313.045593 41.842438 -360.810394
v -307.670471 65.429825 -349.338654
v -311.667297 44.836163 -324.400024
v -309.461884 59.967918 -362.482910
v -311.234772 44.501892 -302.794006
v -313.646332 21.285845 -303.101471
v -313.878448 -11.553063 -358.412048
v -316.397400 -4.435696 -212.427750
v -319.305328 13.203166 -197.031998
v -317.909027 33.721542 -207.750107
v -320.075348 31.747475 -191.291779
v -318.029022 49.903858 -195.156082
v -321.740875 40.864559 -178.431580
v -319.201721 61.812801 -179.074661
v -312.917328 74.635223 -199.549088
v -314.827057 54.653282 -214.277634
v -309.692902 74.202637 -222.359055
v -303.437531 97.392014 -214.146408
v -303.558838 88.428490 -233.856949
v -308.300812 70.535622 -241.550583
v -306.869598 99.666550 -191.903931
v -308.416290 102.402390 -179.702805
v -314.747253 82.380646 -179.509399
v -312.376709 57.026836 -231.249146
v -322.347504 19.743868 -177.585068
v -321.069855 -1.320348 -176.525711
v -318.492889 -2.882923 -194.446487
v -300.196442 -66.189423 -359.458191
v -300.294312 -65.735565 -342.885712
v -306.362122 -48.069214 -358.823059
v -306.618744 -46.726303 -340.449799
v -310.926270 -29.827995 -358.446381
v -311.252045 -26.646498 -336.960907
v -310.509033 -28.952972 -320.726013
v -306.441315 -45.558929 -319.446289
v -309.616760 -31.516062 -305.139862
v -304.345062 -51.211903 -300.550079
v -298.365356 -68.595970 -306.499176
v -299.633728 -63.913845 -284.273132
v -306.002350 -44.561966 -288.259064
v -304.992706 -48.099800 -269.362732
v -310.194611 -26.441286 -282.982483
v -309.462982 -30.500360 -264.263062
v -310.716003 -26.009253 -249.740280
v -312.232513 -22.771456 -229.048859
v -313.094238 -26.593233 -208.735916
v -316.415344 -16.916904 -193.324310
v -317.964325 -22.213356 -175.520966
v -310.566589 -43.651783 -192.287689
v -313.237427 -42.801323 -174.336578
v -307.058075 -62.954945 -173.016342
v -301.621979 -70.495422 -189.536026
v -303.087860 -61.740898 -206.755417
v -293.795959 -84.017876 -207.715012
v -294.778931 -87.925682 -185.613525
v -299.564209 -82.601860 -171.584961
v -290.859863 -101.695709 -169.999283
v -287.778168 -100.968369 -189.036575
v -285.414551 -100.638916 -208.189804
v -283.743011 -100.616905 -227.405487
v -292.465332 -83.461777 -227.493637
v -291.810333 -82.968559 -247.570465
v -282.689240 -100.815651 -246.631882
v -282.160339 -101.123459 -265.840942
v -291.352783 -83.404083 -272.661041
v -282.070312 -101.438660 -285.007721
v -292.434875 -81.318657 -289.871063
v -298.110596 -67.774208 -264.436768
v -289.605865 -87.794197 -301.838745
v -291.804016 -84.637299 -324.321869
v -282.314758 -101.672920 -304.117249
v -282.755981 -101.756424 -323.164917
v -283.214294 -101.641968 -342.160583
v -292.388214 -84.202576 -348.306152
v -283.459595 -101.298477 -361.129089
v -292.482910 -84.067436 -360.259613
v -301.053925 -62.612366 -326.567596
v -301.616577 -58.642429 -249.700150
v -306.853516 -41.698948 -253.752899
v -306.960449 -43.536911 -237.479034
v -300.012329 -65.781448 -227.509613
v -308.051880 -44.241455 -216.838684
v -0.000000 -230.629288 79.015472
v 5.136341 -228.783234 83.477165
v 0.000000 -228.844910 83.440010
v 10.607585 -234.116501 70.040489
v 26.237741 -228.327545 83.796646
v 30.038294 -235.034210 66.996307
v 49.089928 -227.604767 84.320915
v 46.402424 -235.681442 64.377831
v 63.804577 -233.034149 69.641479
v 59.283714 -227.088593 84.690880
v 81.385208 -225.478653 85.819939
v 85.432022 -234.253769 63.934441
v 103.005814 -228.541168 75.158585
v 107.107826 -236.637894 54.243988
v 122.598465 -228.643661 70.972237
v 124.782417 -235.505264 53.258480
v 126.721657 -241.547989 35.462109
v 100.671188 -243.914871 34.767509
v 109.792259 -248.585922 15.945952
v 87.931564 -248.025528 23.180634
v 89.161980 -252.212936 4.996112
v 105.616692 -252.715118 -3.632061
v 129.655151 -250.100067 -0.539419
v 110.000404 -254.330566 -19.025663
v 130.704529 -252.257446 -18.807518
v 89.443939 -255.794983 -19.302668
v 128.348053 -246.485413 17.542656
v 69.662514 -254.401230 -1.149020
v 73.240723 -250.804916 15.577556
v 51.534725 -251.188934 16.996418
v 47.141129 -255.842819 -5.658183
v 69.369133 -256.834808 -19.602291
v 50.200523 -257.571472 -19.903500
v 32.305008 -258.087799 -20.182760
v 30.417147 -256.162170 -4.855839
v 14.619712 -256.160309 -2.614696
v 15.725655 -258.443909 -20.442703
v 0.000000 -257.083557 -8.143394
v 0.000000 -258.687958 -20.699129
v -0.000000 -256.445526 -3.076030
v 0.000000 -253.953857 9.159445
v 11.223756 -252.044388 16.969318
v 29.854179 -253.597229 8.611730
v 27.789162 -248.143723 30.143278
v 47.406879 -245.682236 36.502815
v 36.164124 -241.445023 49.808327
v 55.265057 -240.396622 51.256851
v 69.551704 -245.621292 34.509060
v 71.732834 -239.137634 52.962559
v 86.558823 -241.043747 45.717506
v 86.010498 -244.938324 34.383732
v 13.820244 -241.935532 49.555325
v 8.545527 -247.937592 31.983631
v 0.000000 -246.428101 36.770023
v 0.000000 -248.151657 31.626228
v -0.000000 -249.574463 26.441616
v 0.000000 -252.905930 14.338713
v -0.000000 -242.373459 48.854542
v 0.000000 -237.659409 61.287464
v 0.000000 -235.840500 66.086288
v 120.277199 -221.292053 88.623726
v 101.321259 -223.612457 87.090843
v 197.179153 -216.285141 66.589760
v 209.221405 -214.646210 59.961803
v 207.428207 -207.659515 80.106552
v 189.270737 -211.561905 83.880516
v 180.220612 -221.654984 64.910812
v 196.520523 -223.586044 46.978622
v 177.368347 -229.728638 44.793915
v 184.571182 -234.595779 23.312832
v 205.767807 -226.062012 29.401379
v 215.816437 -217.658325 43.836563
v 221.670654 -220.732544 24.570374
v 231.340042 -211.692459 39.635742
v 239.389954 -212.005951 22.355505
v 250.527954 -199.698532 43.399719
v 255.207611 -202.584030 17.265499
v 272.491913 -189.350159 14.207581
v 272.133453 -184.353882 44.439934
v 257.854004 -186.426239 69.185059
v 278.420074 -172.621231 69.585693
v 260.286255 -178.932556 84.418816
v 240.282959 -183.437332 100.100525
v 240.652664 -194.700897 74.041985
v 225.113510 -194.687363 93.715126
v 225.356995 -205.883163 65.118340
v 215.945175 -201.097900 88.456863
v 208.443314 -201.163651 96.146088
v 202.870468 -200.419022 103.248421
v 204.710754 -199.464645 104.135307
v 206.551025 -198.510254 105.022194
v 211.690659 -199.400375 97.292938
v 214.646057 -196.608810 100.699265
v 211.308075 -194.951233 108.817665
v 216.065140 -191.392197 112.613136
v 219.630722 -187.745651 116.952362
v 287.585114 -172.297394 41.849075
v 294.411896 -163.966492 55.201397
v 280.021393 -180.374573 28.228107
v 263.880890 -197.987122 -0.745454
v 246.064346 -210.748840 6.001156
v 241.321701 -215.511826 -12.858804
v 226.962357 -222.562180 3.000809
v 222.352264 -226.662415 -16.988361
v 226.899643 -224.375244 -32.015884
v 243.873108 -213.682770 -33.274231
v 254.323410 -206.227158 -16.699524
v 208.907013 -233.182526 -30.248323
v 204.987259 -233.998291 -11.816324
v 190.095245 -240.211380 -27.803379
v 188.803040 -240.346436 -16.976728
v 170.665054 -245.574722 -24.881235
v 187.979828 -239.002472 -2.730911
v 169.053146 -242.690521 4.721644
v 153.920609 -247.149719 -4.910459
v 147.927185 -243.916321 17.705708
v 150.810425 -249.498245 -21.819059
v 145.180222 -239.761917 33.716190
v 143.283035 -235.433655 47.124062
v 138.872086 -227.392029 69.356178
v 160.779388 -229.197372 56.381859
v 160.508224 -220.270584 78.417603
v 138.421448 -218.410126 90.495262
v 155.656906 -214.921829 92.770950
v 171.937927 -210.814697 95.532570
v 175.788254 -216.410385 80.341721
v 187.410782 -206.061005 98.912704
v 161.348129 -236.747589 34.590267
v 166.258026 -239.998566 19.941240
v 206.082458 -230.438568 10.654493
v -5.136341 -228.783234 83.477165
v -10.607585 -234.116501 70.040489
v -13.820244 -241.935532 49.555325
v -8.545527 -247.937592 31.983631
v -11.223756 -252.044388 16.969318
v -14.619712 -256.160309 -2.614696
v -15.725655 -258.443909 -20.442703
v -32.305008 -258.087799 -20.182760
v -30.417147 -256.162170 -4.855839
v -29.854179 -253.597229 8.611730
v -47.141129 -255.842819 -5.658183
v -51.534725 -251.188934 16.996418
v -69.662514 -254.401230 -1.149020
v -69.369133 -256.834808 -19.602291
v -50.200523 -257.571472 -19.903500
v -89.443939 -255.794983 -19.302668
v -89.161980 -252.212936 4.996112
v -105.616692 -252.715118 -3.632061
v -109.792259 -248.585922 15.945952
v -129.655151 -250.100067 -0.539419
v -110.000404 -254.330566 -19.025663
v -130.704529 -252.257446 -18.807518
v -128.348053 -246.485413 17.542656
v -126.721657 -241.547989 35.462109
v -100.671188 -243.914871 34.767509
v -107.107826 -236.637894 54.243988
v -124.782417 -235.505264 53.258480
v -122.598465 -228.643661 70.972237
v -103.005814 -228.541168 75.158585
v -85.432022 -234.253769 63.934441
v -81.385208 -225.478653 85.819939
v -63.804577 -233.034149 69.641479
v -71.732834 -239.137634 52.962559
v -55.265057 -240.396622 51.256851
v -69.551704 -245.621292 34.509060
v -47.406879 -245.682236 36.502815
v -36.164124 -241.445023 49.808327
v -46.402424 -235.681442 64.377831
v -30.038294 -235.034210 66.996307
v -27.789162 -248.143723 30.143278
v -49.089928 -227.604767 84.320915
v -59.283714 -227.088593 84.690880
v -26.237741 -228.327545 83.796646
v -73.240723 -250.804916 15.577556
v -87.931564 -248.025528 23.180634
v -86.010498 -244.938324 34.383732
v -86.558823 -241.043747 45.717506
v -101.321259 -223.612457 87.090843
v -120.277199 -221.292053 88.623726
v -209.221405 -214.646210 59.961803
v -197.179153 -216.285141 66.589760
v -207.428207 -207.659515 80.106552
v -225.356995 -205.883163 65.118340
v -215.816437 -217.658325 43.836563
v -196.520523 -223.586044 46.978622
v -205.767807 -226.062012 29.401379
v -184.571182 -234.595779 23.312832
v -206.082458 -230.438568 10.654493
v -221.670654 -220.732544 24.570374
v -226.962357 -222.562180 3.000809
v -204.987259 -233.998291 -11.816324
v -187.979828 -239.002472 -2.730911
v -188.803040 -240.346436 -16.976728
v -170.665054 -245.574722 -24.881235
v -190.095245 -240.211380 -27.803379
v -169.053146 -242.690521 4.721644
v -153.920609 -247.149719 -4.910459
v -147.927185 -243.916321 17.705708
v -150.810425 -249.498245 -21.819059
v -145.180222 -239.761917 33.716190
v -143.283035 -235.433655 47.124062
v -161.348129 -236.747589 34.590267
v -160.779388 -229.197372 56.381859
v -177.368347 -229.728638 44.793915
v -166.258026 -239.998566 19.941240
v -180.220612 -221.654984 64.910812
v -189.270737 -211.561905 83.880516
v -175.788254 -216.410385 80.341721
v -160.508224 -220.270584 78.417603
v -171.937927 -210.814697 95.532570
v -155.656906 -214.921829 92.770950
v -138.421448 -218.410126 90.495262
v -138.872086 -227.392029 69.356178
v -187.410782 -206.061005 98.912704
v -202.870468 -200.419022 103.248421
v -208.443314 -201.163651 96.146088
v -204.710754 -199.464645 104.135307
v -206.551025 -198.510254 105.022194
v -211.690659 -199.400375 97.292938
v -215.945175 -201.097900 88.456863
v -214.646057 -196.608810 100.699265
v -225.113510 -194.687363 93.715126
v -240.652664 -194.700897 74.041985
v -240.282959 -183.437332 100.100525
v -219.630722 -187.745651 116.952362
v -216.065140 -191.392197 112.613136
v -257.854004 -186.426239 69.185059
v -260.286255 -178.932556 84.418816
v -278.420074 -172.621231 69.585693
v -272.133453 -184.353882 44.439934
v -250.527954 -199.698532 43.399719
v -272.491913 -189.350159 14.207581
v -280.021393 -180.374573 28.228107
v -287.585114 -172.297394 41.849075
v -255.207611 -202.584030 17.265499
v -263.880890 -197.987122 -0.745454
v -246.064346 -210.748840 6.001156
v -241.321701 -215.511826 -12.858804
v -239.389954 -212.005951 22.355505
v -222.352264 -226.662415 -16.988361
v -226.899643 -224.375244 -32.015884
v -208.907013 -233.182526 -30.248323
v -243.873108 -213.682770 -33.274231
v -254.323410 -206.227158 -16.699524
v -231.340042 -211.692459 39.635742
v -294.411896 -163.966492 55.201397
v -211.308075 -194.951233 108.817665
v -0.000000 218.223572 -356.972412
v 16.453178 217.292969 -370.648773
v 0.000000 216.696198 -373.400543
v 0.000000 216.387222 -377.138184
v 16.225620 215.386108 -393.479889
v 36.278641 215.686142 -393.256256
v 38.716076 217.606888 -369.484741
v 55.688267 216.850983 -378.612946
v 55.233376 218.916275 -353.679047
v 29.771608 219.171860 -351.366211
v 41.333107 220.927658 -334.247894
v 16.265799 221.288147 -330.544250
v 35.270721 223.408203 -314.010254
v 55.681114 222.265213 -321.518188
v 55.910248 220.624741 -335.942474
v 71.461182 220.224701 -335.760468
v 76.003433 222.736496 -311.493042
v 88.606010 220.141479 -328.279205
v 95.993553 221.037781 -315.179047
v 107.394920 218.008087 -333.954803
v 113.308479 219.645538 -311.592773
v 129.636383 215.388321 -330.900269
v 134.403336 216.755600 -307.125977
v 150.703949 211.372375 -328.096832
v 146.639191 210.658035 -352.587921
v 123.953941 214.582977 -352.257446
v 135.118866 211.863663 -373.840027
v 153.275955 208.132874 -373.511230
v 148.953735 208.630051 -389.290680
v 169.957657 202.738022 -387.580963
v 164.462021 205.542358 -364.122650
v 184.007034 199.124573 -361.308624
v 188.890091 196.043335 -385.789246
v 205.556625 189.629593 -364.292542
v 206.777222 188.083084 -383.815002
v 204.241379 190.935333 -344.672180
v 185.938477 199.616043 -336.383972
v 203.007660 192.316849 -324.903290
v 186.361618 200.598083 -316.286346
v 202.040985 194.038345 -304.982117
v 184.771515 202.899933 -297.536835
v 201.478699 196.279480 -284.954224
v 181.199524 206.153885 -281.054565
v 186.904709 205.412750 -268.907959
v 201.383636 199.119919 -264.888641
v 182.142273 210.850708 -248.846237
v 201.735718 202.540161 -244.848068
v 185.570282 213.765259 -227.416855
v 167.625671 220.436188 -227.731522
v 172.237930 222.327530 -211.193466
v 152.725037 229.299561 -206.661636
v 168.657104 229.164612 -187.509354
v 186.659576 217.917511 -207.081635
v 186.881729 222.941437 -186.436615
v 203.452713 210.773941 -204.948700
v 202.458740 206.459106 -224.866196
v 204.610260 215.408844 -185.098434
v 150.024567 234.157654 -188.387543
v 131.085220 238.022659 -189.116104
v 129.720505 232.908600 -214.221100
v 111.933266 240.884094 -189.716446
v 109.538902 235.501373 -216.956772
v 92.151337 238.459854 -211.815002
v 96.254448 233.183212 -236.459686
v 118.352234 230.689484 -234.657684
v 109.482491 228.188080 -255.822937
v 94.026772 230.361404 -253.121658
v 78.079597 231.247284 -255.052490
v 93.500168 227.974411 -267.386963
v 78.731323 227.743607 -275.527374
v 57.379135 228.859238 -274.746521
v 71.939476 225.836624 -290.382263
v 54.416897 225.100311 -300.024658
v 30.906681 226.858322 -290.055786
v 34.015327 231.150528 -264.361542
v 54.904892 233.398300 -249.258453
v 34.532448 235.208466 -242.210999
v 52.424370 237.600815 -227.676361
v 73.721207 235.970367 -231.190628
v 69.299278 240.916122 -207.457794
v 46.297371 241.378113 -209.475296
v 54.530598 244.995712 -190.847763
v 35.964954 245.423508 -191.040115
v 29.679535 240.879822 -213.580063
v 14.195164 241.732117 -210.070404
v 17.837019 245.603043 -191.170731
v 0.000000 242.589920 -205.787506
v 0.000000 245.603683 -191.256699
v 0.000000 241.465149 -211.229843
v 0.000000 238.485992 -225.969177
v 16.040052 237.460373 -231.230972
v 0.000000 237.417313 -231.286560
v 0.000000 234.508789 -246.261475
v 13.910552 233.104828 -254.048065
v -0.000000 233.513687 -251.426834
v -0.000000 230.724136 -266.668457
v 12.654412 229.287521 -275.377167
v 0.000000 229.823212 -271.645172
v 0.000000 227.213211 -287.176147
v 9.504209 226.272781 -293.554291
v -0.000000 226.425171 -291.932587
v -0.000000 224.058151 -307.762482
v 13.168717 224.008774 -309.202728
v 0.000000 223.394958 -312.278442
v 0.000000 222.840698 -316.680481
v 0.000000 220.780777 -332.666168
v 0.000000 220.342072 -336.815857
v 10.446103 219.111160 -349.916626
v 0.000000 218.575897 -353.059814
v 35.842739 238.489380 -225.134949
v 73.492699 244.202713 -190.574402
v 92.684380 242.890518 -190.200378
v 94.264366 224.124252 -291.994781
v 108.151947 225.049820 -275.827087
v 126.632401 222.444153 -274.724030
v 117.775398 221.408371 -291.646851
v 130.441238 219.567276 -290.553802
v 143.118057 216.923172 -289.635315
v 155.753342 211.669662 -307.716980
v 164.582001 211.236649 -288.405579
v 172.165909 206.601395 -307.275970
v 169.746826 206.226852 -323.943848
v 167.150986 205.800446 -344.778961
v 147.038620 218.893082 -269.607025
v 130.902603 225.294861 -252.693558
v 148.991287 221.874924 -248.869095
v 167.835938 213.614685 -264.256775
v 163.232483 218.644562 -243.657410
v 149.577271 225.461090 -229.166946
v 135.369171 227.472397 -235.424469
v 138.876877 210.554062 -389.935394
v 116.556328 213.077911 -391.011902
v 115.672333 214.637436 -368.456573
v 94.068787 216.197281 -371.173706
v 106.877876 216.386658 -354.320129
v 91.204880 218.313446 -346.301544
v 76.919167 218.250946 -355.260773
v 71.674271 217.213211 -370.152649
v 75.907585 215.407593 -392.447021
v 95.924660 214.589615 -391.823547
v 56.138180 215.725861 -392.916321
v 0.000000 214.984482 -393.574646
v 55.406315 274.553009 -51.979210
v 55.257153 270.322021 -72.239090
v 36.406525 270.564453 -72.486519
v 34.692326 275.899200 -46.723541
v 54.066563 278.494873 -32.933701
v 34.091228 278.652039 -33.245674
v 13.965178 278.669434 -33.435768
v 14.672291 274.067474 -56.078598
v 0.000000 275.848267 -47.123550
v 0.000000 278.600555 -33.498196
v -0.000000 274.633453 -53.115982
v -0.000000 271.821045 -66.854187
v 18.040833 270.643860 -72.660095
v 0.000000 270.603180 -72.781563
v 74.141068 278.154327 -32.454792
v 78.442963 273.285889 -54.853603
v 94.349701 277.570526 -31.749371
v 101.848808 272.774109 -51.942249
v 94.063759 268.963196 -71.673698
v 113.638741 267.529144 -71.690819
v 115.970322 271.962738 -51.322453
v 133.609131 270.268555 -51.445660
v 114.883430 276.665955 -30.732454
v 136.875885 275.304626 -29.233116
v 146.876450 274.366241 -28.164602
v 154.830627 266.182709 -55.136650
v 152.456543 261.955383 -73.851616
v 171.536819 257.295532 -76.388275
v 169.406525 265.700897 -46.660564
v 184.714737 258.561401 -58.779434
v 190.273636 251.194199 -79.705971
v 202.116974 254.476273 -54.597179
v 208.642960 243.536316 -83.251923
v 213.822617 249.038864 -58.689133
v 218.730713 255.360596 -34.271183
v 207.991226 260.515778 -30.520548
v 223.486862 262.874634 -10.163281
v 205.224274 265.960846 -16.428202
v 189.473679 263.934967 -36.343079
v 187.173965 268.881805 -21.141228
v 168.199081 271.659332 -24.894205
v 133.130173 265.297821 -72.319473
v 74.539268 269.832703 -71.933449
v 35.183144 266.420288 -92.334282
v 60.700184 265.740326 -92.980705
v 49.451347 262.161133 -111.108231
v 71.637360 260.753448 -114.308128
v 78.813042 264.491882 -95.483681
v 92.921906 260.773987 -108.752281
v 94.516891 265.176605 -88.608284
v 113.101768 260.972900 -100.321663
v 113.612617 265.111969 -82.199883
v 133.035782 261.505798 -88.055733
v 133.358917 256.720459 -107.667809
v 111.000053 255.489258 -124.874329
v 137.734161 250.538757 -129.821869
v 118.949036 248.988937 -148.745193
v 137.743088 245.359512 -151.316971
v 126.612831 243.228058 -168.929092
v 108.428360 246.318298 -166.537323
v 92.548058 251.772064 -149.252213
v 92.106270 246.145889 -175.198303
v 73.449036 249.842834 -164.114120
v 51.084740 249.051147 -172.075073
v 57.325287 254.197876 -147.069550
v 74.240318 252.983215 -149.352158
v 73.657814 255.938141 -135.978104
v 88.381859 256.985687 -126.930275
v 57.854431 258.414886 -127.457397
v 37.601772 258.803375 -127.922409
v 33.768131 253.893356 -151.230087
v 14.390841 257.592896 -134.730072
v 13.038671 253.048203 -156.085556
v 0.000000 255.213699 -145.861313
v 0.000000 258.204803 -131.806519
v 0.000000 261.151886 -117.904228
v 16.578403 262.395447 -112.048294
v -0.000000 262.382660 -112.109245
v 0.000000 263.604919 -106.307816
v 11.564346 266.265472 -93.750137
v 0.000000 266.518402 -92.442604
v 0.000000 267.738190 -86.584862
v 34.553646 262.485474 -110.944290
v 0.000000 254.001343 -151.552673
v 0.000000 250.987411 -165.740295
v 13.729874 249.148499 -174.480255
v 0.000000 249.792755 -171.365402
v 0.000000 248.609604 -176.990555
v 29.473316 250.155334 -168.998199
v 151.895859 238.666992 -167.192322
v 174.689682 232.836395 -164.521759
v 188.832336 225.629150 -172.962402
v 192.075790 230.761093 -148.916275
v 205.503403 220.598389 -164.807419
v 206.403168 226.038559 -144.509399
v 207.229141 231.699966 -124.150925
v 189.578598 238.437042 -125.305931
v 207.963211 237.552063 -103.721542
v 186.546997 245.493683 -103.451378
v 170.255630 252.502106 -95.360893
v 152.308319 257.424866 -91.788788
v 152.938477 252.666107 -109.982010
v 167.477356 248.879990 -111.505188
v 156.601593 248.362122 -123.582901
v 154.380371 244.565536 -140.681168
v 171.081055 244.344131 -125.169388
v 172.221619 238.613708 -145.503845
v -16.453178 217.292969 -370.648773
v -16.225620 215.386108 -393.479889
v -36.278641 215.686142 -393.256256
v -38.716076 217.606888 -369.484741
v -55.688267 216.850983 -378.612946
v -55.233376 218.916275 -353.679047
v -29.771608 219.171860 -351.366211
v -41.333107 220.927658 -334.247894
v -16.265799 221.288147 -330.544250
v -35.270721 223.408203 -314.010254
v -55.681114 222.265213 -321.518188
v -54.416897 225.100311 -300.024658
v -76.003433 222.736496 -311.493042
v -71.939476 225.836624 -290.382263
v -57.379135 228.859238 -274.746521
v -30.906681 226.858322 -290.055786
v -34.015327 231.150528 -264.361542
v -12.654412 229.287521 -275.377167
v -9.504209 226.272781 -293.554291
v -13.168717 224.008774 -309.202728
v -10.446103 219.111160 -349.916626
v -13.910552 233.104828 -254.048065
v -16.040052 237.460373 -231.230972
v -14.195164 241.732117 -210.070404
v -17.837019 245.603043 -191.170731
v -35.964954 245.423508 -191.040115
v -29.679535 240.879822 -213.580063
v -46.297371 241.378113 -209.475296
v -54.530598 244.995712 -190.847763
v -69.299278 240.916122 -207.457794
v -52.424370 237.600815 -227.676361
v -35.842739 238.489380 -225.134949
v -34.532448 235.208466 -242.210999
v -54.904892 233.398300 -249.258453
v -73.721207 235.970367 -231.190628
v -78.079597 231.247284 -255.052490
v -96.254448 233.183212 -236.459686
v -92.151337 238.459854 -211.815002
v -109.538902 235.501373 -216.956772
v -111.933266 240.884094 -189.716446
v -129.720505 232.908600 -214.221100
v -131.085220 238.022659 -189.116104
v -152.725037 229.299561 -206.661636
v -149.577271 225.461090 -229.166946
v -167.625671 220.436188 -227.731522
v -172.237930 222.327530 -211.193466
v -168.657104 229.164612 -187.509354
v -186.659576 217.917511 -207.081635
v -185.570282 213.765259 -227.416855
v -202.458740 206.459106 -224.866196
v -201.735718 202.540161 -244.848068
v -182.142273 210.850708 -248.846237
v -201.383636 199.119919 -264.888641
v -186.904709 205.412750 -268.907959
v -167.835938 213.614685 -264.256775
v -181.199524 206.153885 -281.054565
v -201.478699 196.279480 -284.954224
v -184.771515 202.899933 -297.536835
v -202.040985 194.038345 -304.982117
v -186.361618 200.598083 -316.286346
v -203.007660 192.316849 -324.903290
v -185.938477 199.616043 -336.383972
v -204.241379 190.935333 -344.672180
v -184.007034 199.124573 -361.308624
v -205.556625 189.629593 -364.292542
v -188.890091 196.043335 -385.789246
v -206.777222 188.083084 -383.815002
v -169.957657 202.738022 -387.580963
v -164.462021 205.542358 -364.122650
v -167.150986 205.800446 -344.778961
v -146.639191 210.658035 -352.587921
v -153.275955 208.132874 -373.511230
v -135.118866 211.863663 -373.840027
v -148.953735 208.630051 -389.290680
v -138.876877 210.554062 -389.935394
v -116.556328 213.077911 -391.011902
v -115.672333 214.637436 -368.456573
v -94.068787 216.197281 -371.173706
v -106.877876 216.386658 -354.320129
v -91.204880 218.313446 -346.301544
v -76.919167 218.250946 -355.260773
v -71.461182 220.224701 -335.760468
v -71.674271 217.213211 -370.152649
v -55.910248 220.624741 -335.942474
v -88.606010 220.141479 -328.279205
v -107.394920 218.008087 -333.954803
v -95.993553 221.037781 -315.179047
v -94.264366 224.124252 -291.994781
v -113.308479 219.645538 -311.592773
v -117.775398 221.408371 -291.646851
v -108.151947 225.049820 -275.827087
v -93.500168 227.974411 -267.386963
v -78.731323 227.743607 -275.527374
v -94.026772 230.361404 -253.121658
v -109.482491 228.188080 -255.822937
v -118.352234 230.689484 -234.657684
v -130.902603 225.294861 -252.693558
v -135.369171 227.472397 -235.424469
v -148.991287 221.874924 -248.869095
v -163.232483 218.644562 -243.657410
v -147.038620 218.893082 -269.607025
v -164.582001 211.236649 -288.405579
v -143.118057 216.923172 -289.635315
v -155.753342 211.669662 -307.716980
v -172.165909 206.601395 -307.275970
v -169.746826 206.226852 -323.943848
v -150.703949 211.372375 -328.096832
v -134.403336 216.755600 -307.125977
v -129.636383 215.388321 -330.900269
v -123.953941 214.582977 -352.257446
v -130.441238 219.567276 -290.553802
v -126.632401 222.444153 -274.724030
v -75.907585 215.407593 -392.447021
v -95.924660 214.589615 -391.823547
v -56.138180 215.725861 -392.916321
v -203.452713 210.773941 -204.948700
v -186.881729 222.941437 -186.436615
v -204.610260 215.408844 -185.098434
v -150.024567 234.157654 -188.387543
v -92.684380 242.890518 -190.200378
v -73.492699 244.202713 -190.574402
v -55.257153 270.322021 -72.239090
v -55.406315 274.553009 -51.979210
v -36.406525 270.564453 -72.486519
v -34.692326 275.899200 -46.723541
v -14.672291 274.067474 -56.078598
v -13.965178 278.669434 -33.435768
v -18.040833 270.643860 -72.660095
v -34.091228 278.652039 -33.245674
v -54.066563 278.494873 -32.933701
v -74.141068 278.154327 -32.454792
v -78.442963 273.285889 -54.853603
v -94.349701 277.570526 -31.749371
v -101.848808 272.774109 -51.942249
v -94.063759 268.963196 -71.673698
v -113.638741 267.529144 -71.690819
v -115.970322 271.962738 -51.322453
v -114.883430 276.665955 -30.732454
v -133.609131 270.268555 -51.445660
v -136.875885 275.304626 -29.233116
v -146.876450 274.366241 -28.164602
v -154.830627 266.182709 -55.136650
v -152.456543 261.955383 -73.851616
v -171.536819 257.295532 -76.388275
v -169.406525 265.700897 -46.660564
v -184.714737 258.561401 -58.779434
v -190.273636 251.194199 -79.705971
v -202.116974 254.476273 -54.597179
v -189.473679 263.934967 -36.343079
v -207.991226 260.515778 -30.520548
v -218.730713 255.360596 -34.271183
v -223.486862 262.874634 -10.163281
v -205.224274 265.960846 -16.428202
v -213.822617 249.038864 -58.689133
v -208.642960 243.536316 -83.251923
v -187.173965 268.881805 -21.141228
v -168.199081 271.659332 -24.894205
v -133.130173 265.297821 -72.319473
v -74.539268 269.832703 -71.933449
v -35.183144 266.420288 -92.334282
v -60.700184 265.740326 -92.980705
v -78.813042 264.491882 -95.483681
v -94.516891 265.176605 -88.608284
v -113.612617 265.111969 -82.199883
v -133.035782 261.505798 -88.055733
v -152.308319 257.424866 -91.788788
v -133.358917 256.720459 -107.667809
v -152.938477 252.666107 -109.982010
v -170.255630 252.502106 -95.360893
v -186.546997 245.493683 -103.451378
v -207.963211 237.552063 -103.721542
v -189.578598 238.437042 -125.305931
v -171.081055 244.344131 -125.169388
v -172.221619 238.613708 -145.503845
v -192.075790 230.761093 -148.916275
v -207.229141 231.699966 -124.150925
v -206.403168 226.038559 -144.509399
v -205.503403 220.598389 -164.807419
v -188.832336 225.629150 -172.962402
v -174.689682 232.836395 -164.521759
v -151.895859 238.666992 -167.192322
v -154.380371 244.565536 -140.681168
v -137.743088 245.359512 -151.316971
v -126.612831 243.228058 -168.929092
v -108.428360 246.318298 -166.537323
v -118.949036 248.988937 -148.745193
v -92.548058 251.772064 -149.252213
v -92.106270 246.145889 -175.198303
v -73.449036 249.842834 -164.114120
v -51.084740 249.051147 -172.075073
v -57.325287 254.197876 -147.069550
v -33.768131 253.893356 -151.230087
v -37.601772 258.803375 -127.922409
v -14.390841 257.592896 -134.730072
v -13.038671 253.048203 -156.085556
v -29.473316 250.155334 -168.998199
v -13.729874 249.148499 -174.480255
v -16.578403 262.395447 -112.048294
v -11.564346 266.265472 -93.750137
v -34.553646 262.485474 -110.944290
v -49.451347 262.161133 -111.108231
v -57.854431 258.414886 -127.457397
v -71.637360 260.753448 -114.308128
v -73.657814 255.938141 -135.978104
v -74.240318 252.983215 -149.352158
v -88.381859 256.985687 -126.930275
v -111.000053 255.489258 -124.874329
v -92.921906 260.773987 -108.752281
v -113.101768 260.972900 -100.321663
v -137.734161 250.538757 -129.821869
v -156.601593 248.362122 -123.582901
v -167.477356 248.879990 -111.505188
v 0.000000 -255.276474 -129.149109
v -10.628490 -255.176788 -128.687592
v 0.000000 -255.196945 -130.779770
v -0.000000 -255.182755 -132.364334
v -9.074498 -255.046768 -145.065414
v 0.000000 -255.119797 -149.969620
v 0.000000 -255.159882 -151.021591
v -9.705254 -255.631012 -164.324265
v 0.000000 -255.957642 -169.346893
v 0.000000 -257.412842 -185.813553
v -15.349790 -256.872009 -181.824692
v -23.546213 -255.340179 -164.188614
v -20.728882 -254.968735 -152.348007
v -38.280014 -254.168106 -151.402557
v -33.737370 -255.182465 -170.738342
v -53.329781 -253.613388 -169.258194
v -37.278500 -256.373260 -187.106537
v -18.110788 -259.298553 -203.770599
v 0.000000 -257.686066 -188.902985
v 0.000000 -257.674713 -188.810913
v 0.000000 -260.069244 -208.318207
v 0.000000 -260.161926 -208.955475
v -14.333132 -262.540741 -226.461395
v -0.000000 -262.898224 -227.866867
v 0.000000 -263.069794 -228.984543
v -12.219484 -266.137756 -249.919189
v -0.000000 -265.898621 -247.494644
v -0.000000 -268.559479 -265.327698
v -8.457453 -269.155396 -270.091705
v 0.000000 -268.841339 -267.210205
v 0.000000 -271.245331 -284.749664
v -11.575331 -271.320801 -286.099915
v 0.000000 -271.556274 -287.016907
v 0.000000 -273.612335 -304.223114
v -13.643579 -273.332794 -303.033325
v 0.000000 -273.930481 -306.898376
v 0.000000 -274.202576 -309.680298
v -15.528172 -275.213287 -321.633942
v 0.000000 -275.906250 -326.838043
v 0.000000 -276.154083 -330.120575
v -18.615942 -277.020721 -346.714783
v -0.000000 -277.461853 -346.832336
v -0.000000 -278.347015 -362.409760
v -15.805976 -278.282806 -366.869537
v 0.000000 -278.582397 -366.884277
v -35.482044 -276.688324 -366.867157
v -41.431087 -275.073792 -350.501404
v -40.890160 -273.799774 -329.224548
v -57.792423 -272.278809 -343.593842
v -54.900620 -273.844788 -366.875610
v -74.020348 -269.325348 -354.206573
v -75.060951 -268.231995 -336.096497
v -89.319664 -264.794189 -346.564362
v -92.893013 -264.241547 -366.879456
v -74.052567 -269.710510 -366.884094
v -111.531868 -257.069733 -346.887299
v -92.849503 -263.060028 -330.531830
v -111.698700 -256.260590 -326.946411
v -93.435493 -261.629211 -311.390228
v -111.825882 -255.026718 -307.039032
v -93.532639 -259.815277 -290.593170
v -74.368637 -265.470306 -298.265076
v -72.965340 -262.913635 -272.834747
v -95.843430 -256.889862 -269.794250
v -111.968529 -253.405853 -287.180542
v -112.168198 -251.466003 -267.388062
v -100.460724 -253.544998 -253.118271
v -84.080391 -257.488892 -249.842621
v -98.620972 -251.695648 -232.115692
v -112.465996 -249.318146 -247.664215
v -112.921127 -247.149185 -227.992401
v -113.603821 -245.206238 -208.343353
v -91.834023 -251.457291 -213.349167
v -75.903389 -256.288483 -225.985229
v -79.405464 -253.326828 -207.220596
v -91.916176 -249.741974 -194.626358
v -73.674423 -253.200775 -195.587662
v -74.521660 -251.812210 -179.213699
v -94.834213 -247.989182 -172.802368
v -114.584885 -243.784882 -188.676193
v -115.912659 -243.181732 -169.038132
v -97.152313 -247.604736 -152.383453
v -73.564972 -251.150742 -155.564209
v -80.866142 -250.928162 -130.280228
v -56.445618 -253.068787 -136.776718
v -62.703682 -253.157379 -122.981209
v -45.231483 -254.549911 -117.786896
v -38.391285 -254.270096 -130.996826
v -24.040068 -254.791092 -136.926193
v -28.954203 -255.380508 -114.563492
v -14.023756 -255.829269 -112.798111
v -55.712666 -252.929596 -152.635803
v -57.980530 -254.868057 -190.698608
v -99.272217 -247.917816 -139.377121
v -117.573524 -243.570435 -149.450241
v -63.890488 -255.913116 -208.356644
v -43.922215 -257.985931 -206.210373
v -52.402172 -259.702820 -225.506851
v -61.475224 -261.548370 -247.369537
v -35.484234 -264.088043 -243.662537
v -47.093037 -266.332092 -267.707520
v -24.982754 -268.216980 -267.289215
v -31.513182 -270.400116 -286.590546
v -53.334194 -268.405121 -289.984039
v -35.476856 -272.447327 -306.579865
v -56.831226 -270.058838 -310.917480
v -75.590645 -266.913208 -318.269592
v -61.083862 -270.578827 -326.990082
v -33.071720 -260.916779 -221.320435
v -111.254875 -257.446594 -366.848450
v 0.000000 -256.035187 -111.789391
v -8.249212 -256.949310 -97.290123
v -26.071964 -256.520447 -98.674065
v 0.000000 -256.195160 -109.591682
v 0.000000 -257.316223 -93.096916
v -0.000000 -257.531342 -90.224518
v -11.027271 -258.085968 -80.546135
v 0.000000 -258.629852 -74.677773
v -0.000000 -258.816406 -71.162659
v -13.718942 -259.246094 -58.775517
v 0.000000 -259.543030 -56.489380
v -0.000000 -259.579407 -52.390079
v -12.310978 -259.481659 -38.041080
v -26.334486 -259.223297 -42.793316
v -32.305008 -258.087799 -20.182760
v -44.241135 -258.737946 -42.455746
v -31.447439 -259.010315 -55.635880
v -43.822556 -258.392975 -61.296143
v -61.484570 -257.744659 -60.170315
v -51.840771 -257.275848 -75.565018
v -31.595871 -258.058014 -74.743225
v -46.662075 -255.959518 -95.992821
v -64.643013 -255.564941 -89.503593
v -86.183556 -253.308746 -96.072807
v -86.713982 -251.060577 -118.782883
v -104.633621 -250.039169 -107.440353
v -122.329834 -246.776062 -111.230110
v -119.919113 -244.811462 -130.252213
v -124.643265 -249.052933 -92.444084
v -108.329132 -251.808762 -88.463974
v -98.655510 -254.395721 -73.351303
v -126.689430 -251.161880 -73.867249
v -108.712341 -254.953033 -52.086971
v -83.433044 -256.784180 -55.817577
v -87.162621 -256.803589 -36.369057
v -105.115387 -255.330978 -32.772358
v -129.684601 -253.099945 -37.093758
v -110.000404 -254.330566 -19.025663
v -130.704529 -252.257446 -18.807518
v -89.443939 -255.794983 -19.302668
v -128.372330 -252.631851 -55.440735
v -69.369133 -256.834808 -19.602291
v -66.007530 -257.945740 -38.933666
v -50.200523 -257.571472 -19.903500
v -76.653244 -256.016144 -74.625923
v -63.797791 -256.812683 -74.579102
v -15.725655 -258.443909 -20.442703
v -0.000000 -259.417450 -33.883823
v 0.000000 -259.662537 -38.507145
v 0.000000 -258.687958 -20.699129
v -226.179016 -175.069977 -287.030304
v -208.849335 -192.140411 -286.543335
v -220.284363 -181.132614 -272.397522
v -234.436798 -166.386780 -271.401550
v -222.221771 -179.584000 -251.158936
v -209.269165 -191.655472 -266.693634
v -209.990173 -191.196747 -246.787292
v -211.132172 -190.932526 -226.825363
v -229.892914 -172.838303 -228.839172
v -224.886414 -179.566803 -212.969055
v -241.727112 -162.547989 -208.934738
v -228.721161 -178.720291 -194.173508
v -212.838638 -191.077255 -206.840958
v -215.250031 -191.876343 -186.897568
v -233.039474 -180.672821 -167.659882
v -244.482178 -165.041443 -182.440598
v -246.630905 -166.749435 -168.100037
v -259.213165 -151.784897 -168.538559
v -257.457672 -148.012787 -187.946518
v -270.785278 -135.867325 -169.027405
v -270.852264 -128.772049 -190.721451
v -281.339294 -119.118774 -169.543915
v -281.743561 -112.930473 -184.790009
v -290.859863 -101.695709 -169.999283
v -287.778168 -100.968369 -189.036575
v -278.570648 -113.193832 -204.704163
v -285.414551 -100.638916 -208.189804
v -283.743011 -100.616905 -227.405487
v -273.236511 -119.089134 -222.136551
v -271.890472 -119.174736 -241.641724
v -263.709320 -132.649567 -225.872772
v -268.690613 -127.621307 -210.487930
v -258.581390 -141.975174 -208.865036
v -250.880722 -149.250931 -229.829971
v -260.364899 -135.863541 -241.884094
v -252.666809 -145.427383 -249.484604
v -263.380920 -130.619476 -262.249573
v -275.751434 -111.808014 -264.400177
v -282.689240 -100.815651 -246.631882
v -282.160339 -101.123459 -265.840942
v -282.070312 -101.438660 -285.007721
v -272.767761 -116.731560 -284.541626
v -282.314758 -101.672920 -304.117249
v -271.615845 -119.124626 -305.343658
v -260.687592 -134.347488 -286.076996
v -249.642593 -148.718796 -267.451111
v -246.179764 -152.803940 -290.234131
v -239.894028 -160.898941 -246.386246
v -235.684708 -164.993698 -287.101166
v -235.228271 -165.592361 -300.930603
v -221.772095 -179.828033 -305.035400
v -232.919922 -168.311676 -324.542847
v -246.788239 -152.406143 -313.311157
v -247.737930 -151.642960 -333.844147
v -237.497208 -163.534241 -349.075714
v -221.568207 -180.328796 -345.801666
v -217.164474 -184.493790 -325.534424
v -208.560104 -192.886444 -345.786011
v -208.470779 -192.766251 -365.464172
v -222.904327 -178.869919 -364.939880
v -208.579697 -192.806366 -326.083313
v -208.645432 -192.545456 -306.338654
v -236.461304 -164.673767 -364.335907
v -249.391312 -149.868240 -363.643433
v -249.083344 -150.243408 -347.754456
v -260.481720 -135.835098 -345.599640
v -257.180145 -139.663635 -325.129211
v -269.944031 -122.181702 -327.360199
v -259.113495 -136.787796 -307.578888
v -282.755981 -101.756424 -323.164917
v -283.214294 -101.641968 -342.160583
v -272.070648 -119.571289 -344.135681
v -273.126648 -118.084908 -362.013580
v -261.689667 -134.312012 -362.862946
v -283.459595 -101.298477 -361.129089
v -240.320801 -161.741730 -228.221161
v -218.446472 -193.507233 -167.107956
v -197.860931 -201.513519 -263.622711
v -196.038055 -203.086868 -240.162247
v -184.176376 -211.901184 -251.136887
v -178.651230 -215.651031 -230.955093
v -166.919479 -223.631226 -252.918640
v -182.014832 -213.956833 -268.835999
v -168.857224 -223.223282 -274.036530
v -151.030212 -234.061646 -273.049103
v -144.673981 -235.632370 -245.042175
v -158.912354 -227.404083 -229.712357
v -146.731567 -233.616318 -227.496857
v -148.584061 -232.049576 -209.111786
v -167.445068 -222.416458 -214.098663
v -182.710419 -213.335312 -207.861557
v -167.987839 -222.675888 -193.347961
v -187.687286 -212.206451 -183.768204
v -200.763901 -201.189285 -202.881882
v -193.849319 -205.036499 -221.774933
v -201.657089 -202.608551 -185.251678
v -203.116272 -204.953186 -166.745590
v -187.068909 -215.251434 -165.578049
v -170.368042 -224.345688 -163.230301
v -151.106918 -231.272491 -181.440002
v -134.554352 -237.385391 -191.791840
v -131.796539 -238.636017 -170.779999
v -153.160706 -232.135422 -159.587769
v -135.534851 -238.541321 -154.841125
v -126.498116 -240.874298 -208.741104
v -134.429932 -239.014557 -226.712952
v -126.443855 -243.494934 -242.353638
v -127.428185 -245.148285 -264.800995
v -132.574066 -244.925140 -292.444885
v -151.128510 -235.251480 -295.099457
v -165.302139 -226.356674 -290.191956
v -162.629684 -228.965057 -309.451416
v -144.168152 -240.178436 -312.915833
v -158.257278 -232.250519 -330.847565
v -144.365601 -240.638641 -328.111725
v -129.115768 -248.666000 -327.752075
v -129.557999 -247.576309 -309.700500
v -132.241394 -247.518585 -349.970825
v -128.836609 -249.442673 -366.780243
v -145.809647 -240.205765 -366.662537
v -144.855667 -240.660065 -342.197357
v -157.456146 -232.943253 -350.953247
v -162.300613 -229.757065 -366.482971
v -174.634430 -221.060043 -349.049744
v -176.975967 -219.213364 -324.838776
v -192.885864 -206.706757 -338.167664
v -193.540817 -205.964157 -365.894318
v -192.982285 -206.455002 -316.841583
v -190.980927 -207.746124 -300.162750
v -194.788345 -204.418045 -285.422729
v -180.002899 -216.053864 -287.085327
v -178.297516 -217.865616 -304.713623
v -178.215546 -218.287781 -366.230255
v -284.287598 -162.827698 -72.479805
v -293.183472 -146.383453 -78.398422
v -282.898315 -154.989288 -92.807274
v -266.459442 -177.453262 -91.144279
v -273.517212 -158.691956 -111.826424
v -284.976410 -143.563675 -108.773102
v -280.074829 -140.075684 -129.093536
v -265.530670 -158.791229 -132.548233
v -258.528656 -173.889313 -118.445236
v -252.221054 -172.081375 -138.009430
v -244.372986 -183.867966 -128.582214
v -236.832413 -183.098480 -149.348557
v -226.682098 -199.373444 -128.184418
v -246.149429 -189.895935 -110.842201
v -231.148087 -203.091232 -109.145630
v -246.537430 -197.724548 -89.887634
v -258.340790 -195.305435 -65.725410
v -239.034485 -210.061142 -71.416862
v -241.904236 -212.464523 -52.434059
v -259.761017 -199.880051 -40.443592
v -274.168884 -184.287750 -46.541641
v -274.478790 -178.038635 -65.711693
v -287.108673 -167.034760 -51.177345
v -298.585083 -148.322495 -54.473911
v -243.873108 -213.682770 -33.274231
v -235.375610 -206.805618 -90.277458
v -222.333817 -196.069702 -147.502319
v -248.443451 -170.750214 -151.182632
v -257.039124 -160.917862 -150.927719
v -269.146240 -145.764664 -149.794693
v -281.165497 -127.267670 -150.600052
v -294.662964 -102.629967 -151.284378
v -289.962616 -119.846245 -135.873947
v -299.021942 -103.772308 -132.698181
v -293.498016 -124.547173 -116.348015
v -303.730164 -104.967186 -114.197716
v -300.966339 -119.918427 -99.584038
v -308.524414 -106.078499 -95.698906
v -304.806274 -125.577362 -77.034782
v -313.147766 -107.015915 -77.126823
v -317.413025 -107.758835 -58.445255
v -308.661621 -128.447357 -56.757309
v -293.524780 -136.471283 -95.262871
v -209.101654 -210.924377 -129.901657
v -202.557755 -210.085907 -146.248398
v -188.972809 -221.157013 -133.784073
v -196.768860 -222.857300 -113.458954
v -175.529816 -231.615082 -115.339165
v -186.234329 -231.594452 -97.826103
v -203.670288 -224.798904 -94.387215
v -215.093079 -213.448929 -111.047989
v -220.952789 -215.964142 -91.947273
v -211.110199 -225.409592 -77.320007
v -190.460220 -235.049683 -75.776863
v -212.310730 -229.467667 -54.906288
v -227.691666 -218.007355 -69.657692
v -230.791489 -220.202576 -48.577316
v -226.899643 -224.375244 -32.015884
v -208.907013 -233.182526 -30.248323
v -186.616257 -240.437195 -48.502090
v -190.095245 -240.211380 -27.803379
v -169.667862 -246.048126 -35.278759
v -170.665054 -245.574722 -24.881235
v -150.810425 -249.498245 -21.819059
v -153.019638 -249.406845 -39.303200
v -148.492386 -249.628555 -52.913120
v -165.207230 -246.315292 -48.488575
v -167.047394 -244.292191 -64.936150
v -163.520218 -240.907303 -91.055504
v -146.078430 -248.205902 -70.964417
v -140.775620 -246.888123 -86.449371
v -142.011581 -243.972336 -103.433266
v -142.583786 -240.042206 -126.254204
v -158.859940 -231.998810 -144.300613
v -175.889908 -224.691406 -145.668457
v -188.231064 -216.956436 -153.638123
v -172.329102 -228.870010 -133.057068
v -161.443283 -234.286804 -126.337044
v -157.201996 -238.372421 -112.528717
v -303.348175 -146.868011 -35.590675
v -310.812988 -133.123245 -35.575787
v -298.585083 -148.322495 -54.473911
v -295.631317 -159.327744 -34.658337
v -308.126801 -143.887085 -16.727009
v -292.895233 -167.214569 -15.669847
v -304.888214 -153.475769 1.986798
v -325.845703 -120.872314 17.027063
v -306.177124 -153.978058 21.864418
v -319.885468 -135.084412 24.892433
v -312.697449 -147.163818 34.121120
v -303.905182 -156.357819 44.431629
v -280.021393 -180.374573 28.228107
v -287.585114 -172.297394 41.849075
v -294.411896 -163.966492 55.201397
v -287.004608 -175.704926 4.791294
v -272.491913 -189.350159 14.207581
v -271.226044 -191.687637 -2.592713
v -276.331635 -186.723679 -15.663236
v -254.323410 -206.227158 -16.699524
v -265.714172 -195.610977 -31.042385
v -243.873108 -213.682770 -33.274231
v -259.761017 -199.880051 -40.443592
v -274.168884 -184.287750 -46.541641
v -282.363708 -177.588165 -32.685555
v -287.108673 -167.034760 -51.177345
v -263.880890 -197.987122 -0.745454
v -321.072601 -119.913383 -12.548206
v -331.347717 -105.628120 10.134356
v -326.878693 -106.427170 -13.009140
v -322.363434 -107.180946 -35.893814
v -308.661621 -128.447357 -56.757309
v -317.413025 -107.758835 -58.445255
v -353.968048 -83.447906 71.021439
v -338.120667 -108.092201 52.631222
v -353.676666 -89.733574 80.979431
v -336.893707 -113.305290 79.247322
v -353.397644 -94.916756 94.925537
v -332.498108 -117.666519 101.276634
v -353.170288 -98.125053 111.152763
v -342.895081 -108.399902 114.330696
v -353.027283 -99.182266 127.989883
v -323.455688 -129.077286 89.081657
v -325.180481 -128.868347 74.418739
v -329.674988 -123.682808 63.807060
v -319.612366 -136.641098 64.249329
v -313.955872 -140.570618 77.539261
v -304.343750 -152.330490 66.342293
v -315.411224 -142.058731 54.510513
v -308.707977 -150.849365 49.445961
v -318.142517 -140.129074 43.818844
v -325.341797 -127.354729 32.924564
v -325.176300 -130.115143 51.358578
v -342.674683 -88.631897 34.577988
v -354.484924 -71.856750 58.905006
v -298.362427 246.035233 84.226562
v -304.001801 238.339874 67.116920
v -314.600586 234.477478 79.523811
v -311.066620 240.829712 96.312698
v -326.336426 231.264954 97.667259
v -315.173065 241.959457 117.795753
v -300.214020 248.380096 105.348351
v -301.142334 249.434784 121.289055
v -306.216339 247.615829 131.805603
v -294.883331 253.036026 135.362549
v -305.114868 248.421112 148.071976
v -290.156494 254.346893 157.759140
v -276.920197 260.636871 136.337662
v -289.229340 255.138519 118.225197
v -275.418060 261.542969 115.310181
v -285.718750 255.462509 97.576286
v -284.227509 254.277130 81.708229
v -277.777466 258.965576 87.538933
v -273.381317 261.903839 93.095184
v -272.740021 261.832367 88.409477
v -272.098724 261.760895 83.723763
v -277.788300 258.091614 81.808311
v -276.704590 257.369141 75.085899
v -288.040009 248.918900 66.424156
v -268.302002 260.945526 64.005859
v -270.200348 261.353210 73.864815
v -281.399933 248.430008 47.633579
v -301.487030 234.364639 48.922592
v -291.326691 234.447006 27.777660
v -312.194519 218.375595 31.500496
v -305.289459 216.495773 14.192202
v -316.847137 204.742065 13.551839
v -310.025848 198.142929 -9.451574
v -326.228058 186.968018 6.032316
v -327.097534 199.544983 25.956060
v -337.590057 178.900803 20.376717
v -339.790070 189.817657 38.936230
v -326.064514 211.837646 46.049103
v -314.201599 222.883148 46.187424
v -317.036438 226.040833 59.994976
v -328.599731 216.119461 60.605469
v -330.192383 221.046844 75.567978
v -341.738495 203.484390 61.992210
v -343.788055 211.260345 80.503021
v -339.125824 219.957977 91.297798
v -342.029694 223.176193 107.733353
v -331.684387 232.651672 117.772926
v -345.435699 226.369705 129.323730
v -328.916534 236.857193 137.367096
v -314.964722 243.770584 138.159607
v -319.674530 241.962067 157.122757
v -304.843689 247.649536 169.350754
v -318.095581 241.088852 180.127991
v -331.958618 235.749435 172.666855
v -329.591827 234.913742 190.408722
v -318.463745 237.959686 200.338211
v -303.684570 245.467819 192.264633
v -306.817657 240.343842 212.913300
v -292.873871 246.816422 207.242004
v -294.710602 240.972015 229.045517
v -279.838135 249.493851 216.757507
v -279.503967 253.513138 197.205093
v -292.016510 249.552841 194.586090
v -291.619171 251.536240 181.400284
v -278.907684 256.708649 177.101562
v -278.057465 259.057251 156.860336
v -279.904266 244.547485 236.085312
v -289.267731 237.342148 247.778641
v -279.677856 238.685165 254.978317
v -289.536316 229.763611 268.121643
v -279.128235 231.884216 273.364288
v -278.207977 224.007477 291.442902
v -292.273590 219.350357 288.792877
v -304.948242 222.849030 269.111298
v -306.204010 214.368027 285.795349
v -319.636993 215.046494 270.706024
v -318.737427 224.302063 249.722641
v -332.964294 214.279541 257.374481
v -333.902405 203.937057 278.379761
v -320.063232 209.197769 282.346558
v -346.610565 206.054993 260.159424
v -347.743927 198.621078 273.876892
v -360.980194 197.544357 261.070099
v -358.769470 206.215927 244.015106
v -375.105377 192.272629 255.429108
v -375.448975 187.901627 263.688751
v -361.594696 193.272141 268.917511
v -374.138763 201.179993 234.733582
v -362.380707 210.947601 225.358902
v -373.129852 208.794952 214.167770
v -358.454559 217.740585 208.448563
v -346.671326 219.054016 225.832077
v -346.125183 223.908371 208.435196
v -333.313538 229.416428 210.659012
v -345.758636 227.443726 189.818985
v -334.774719 224.755676 225.993393
v -325.215576 228.295197 228.954361
v -319.002441 234.234894 216.773178
v -311.188202 233.745209 231.344986
v -301.662384 231.845612 249.518890
v -333.808716 220.972031 238.895279
v -343.948303 213.632065 245.290741
v -361.493042 219.138306 191.785141
v -358.758392 222.422333 173.330048
v -371.478088 214.779602 183.323517
v -372.640472 211.306732 204.743317
v -370.281555 216.802414 161.583908
v -357.713623 222.877243 149.548355
v -344.970123 229.807205 164.510513
v -342.053375 230.908325 147.166687
v -333.433380 235.563324 155.575211
v -359.305206 217.978149 131.070206
v -356.105957 215.235199 114.981293
v -368.106934 208.694885 121.271439
v -367.287628 201.621567 105.195328
v -353.109741 209.713089 95.410187
v -366.573395 192.830170 90.302902
v -354.575897 198.465668 78.651840
v -365.983459 182.564728 77.080421
v -355.799744 187.904007 66.883629
v -365.474823 170.347794 64.976776
v -351.540558 182.566147 51.885323
v -351.710327 156.171661 28.435793
v -364.984131 155.276215 53.310349
v -369.106293 214.724930 140.120346
v -369.672699 216.601486 150.537445
v -340.632690 156.808701 2.598376
v -321.151306 178.201065 -16.707668
v -330.673798 156.834991 -23.745811
v -293.290222 224.480621 7.917826
v -297.407257 216.057083 -2.079549
v -283.251495 231.620575 5.448116
v -268.618591 245.817780 12.965100
v -273.222748 249.845016 33.535248
v -259.431641 259.603851 32.856983
v -264.165955 260.164368 47.250690
v -253.885040 259.405914 20.457333
v -207.963211 237.552063 -103.721542
v -221.528519 230.802139 -104.675072
v -208.642960 243.536316 -83.251923
v -226.771530 235.286469 -82.855675
v -236.771011 224.500137 -97.680115
v -238.049561 216.838394 -118.027977
v -252.133194 213.352310 -100.126297
v -244.219299 225.291321 -82.398636
v -260.952057 213.364212 -82.200729
v -272.776184 196.219406 -99.811028
v -276.851837 199.448013 -82.442368
v -291.527222 183.416245 -83.027321
v -290.740601 173.603195 -105.658592
v -275.437714 183.271667 -124.464645
v -286.961639 170.905060 -122.452995
v -295.928802 158.208725 -122.701668
v -285.047607 166.533188 -137.548492
v -296.869598 145.530762 -144.825684
v -281.867859 159.291290 -163.441772
v -271.200867 178.448608 -147.794052
v -265.923187 176.655609 -166.706116
v -266.783875 169.968597 -182.438202
v -252.826065 183.520554 -183.232712
v -256.033417 189.848831 -156.830963
v -237.010010 202.122681 -164.846725
v -246.292130 203.628067 -139.872787
v -225.458359 217.552505 -139.934616
v -223.372833 224.389023 -121.935791
v -207.229141 231.699966 -124.150925
v -206.403168 226.038559 -144.509399
v -216.875061 214.782257 -164.062958
v -205.503403 220.598389 -164.807419
v -204.610260 215.408844 -185.098434
v -221.589096 206.220337 -184.653580
v -237.710663 195.601639 -183.992355
v -258.194061 201.504257 -120.260742
v -261.514618 191.730804 -137.923721
v -279.426880 155.038101 -181.617035
v -290.615814 138.887497 -180.706787
v -294.745148 138.605606 -165.783096
v -300.241425 121.753036 -179.587341
v -302.917236 126.344345 -160.496307
v -305.883087 131.112167 -141.448349
v -309.064423 136.023453 -122.397270
v -305.002014 153.677567 -103.661705
v -312.398163 141.024933 -103.318893
v -315.825409 146.093216 -84.226341
v -304.609314 165.485947 -83.733322
v -213.822617 249.038864 -58.689133
v -242.745468 236.223175 -54.483620
v -264.852234 218.658234 -59.614754
v -279.946136 204.074219 -63.447834
v -291.835175 196.747620 -52.939911
v -307.498901 173.189880 -61.093174
v -306.185333 186.960403 -37.258553
v -288.663513 209.150604 -31.884295
v -273.167389 220.416275 -39.540516
v -271.909973 232.325195 -13.527435
v -256.268921 241.208359 -17.821150
v -252.058838 250.561462 -2.661903
v -240.723694 260.330048 2.184452
v -245.678513 248.717560 -17.783720
v -253.851624 236.053528 -36.017479
v -238.443970 249.350708 -26.709938
v -218.730713 255.360596 -34.271183
v -229.901825 261.841125 -6.716529
v -223.486862 262.874634 -10.163281
v -238.140869 256.346863 -10.328601
v -235.312759 261.085602 -2.266039
v -244.005524 259.996643 5.944458
v -247.287338 259.663239 9.704463
v -298.062531 208.493896 -15.521422
v -325.321045 153.187469 -43.815010
v -320.433472 149.634323 -63.999527
v 288.689423 188.298233 338.130035
v 285.735596 180.778229 347.278290
v 298.707550 176.180679 343.615173
v 301.304688 184.661469 333.646271
v 302.171936 192.882629 323.060089
v 286.749939 202.369904 321.375366
v 272.619232 192.900803 343.422333
v 275.080383 204.981506 325.938873
v 276.882874 215.107986 308.904633
v 287.417297 213.576447 303.141785
v 278.207977 224.007477 291.442902
v 292.273590 219.350357 288.792877
v 302.038544 206.132294 304.089478
v 306.204010 214.368027 285.795349
v 319.247009 203.568863 293.020966
v 317.413239 193.638779 310.047913
v 334.833252 193.328003 295.684875
v 333.902405 203.937057 278.379761
v 347.743927 198.621078 273.876892
v 347.411194 188.430099 291.586121
v 360.085236 181.655289 289.566132
v 346.423431 178.726578 306.240814
v 363.366821 167.701416 305.309082
v 376.558533 164.806335 297.827820
v 376.069092 176.684189 281.255554
v 361.594696 193.272141 268.917511
v 375.448975 187.901627 263.688751
v 376.652435 159.092850 304.337646
v 366.593323 156.638809 314.345490
v 376.553528 144.494980 317.803253
v 363.035675 147.591965 325.396118
v 376.214447 130.653030 328.726410
v 357.328918 135.334244 338.338226
v 375.586884 116.709656 337.754059
v 355.775970 122.069069 346.908325
v 359.520050 109.538940 350.217743
v 345.434540 116.979385 354.570404
v 343.720184 101.543640 360.180695
v 328.209656 120.449036 361.894348
v 321.094299 102.941086 369.812683
v 332.338654 81.911194 367.380249
v 357.981384 81.476913 357.499634
v 361.779236 96.780800 352.973907
v 373.527283 88.703156 349.832458
v 374.675232 102.701263 344.808899
v 372.230743 74.894539 352.773621
v 370.914337 61.752823 353.595337
v 350.970978 64.266960 360.372742
v 369.633301 49.136227 352.393768
v 344.472687 49.970867 359.688843
v 354.792877 36.445770 352.655396
v 332.166962 38.395485 358.962067
v 329.803070 50.360737 363.705902
v 313.513428 51.140144 368.051697
v 309.463318 34.393822 362.262604
v 327.095428 23.881701 353.304993
v 346.963593 23.139009 348.519684
v 307.628693 24.919846 357.856842
v 288.718475 26.198458 362.153778
v 288.894775 42.580681 370.369446
v 270.395172 27.656261 366.052032
v 268.776001 42.014027 373.793762
v 252.566879 29.297379 369.453125
v 256.229858 52.867069 380.590912
v 237.664551 52.989864 383.432251
v 240.103821 67.507744 388.624847
v 261.970612 67.812790 384.710907
v 260.584015 83.169693 388.774780
v 276.569031 76.867012 383.739441
v 276.782318 58.767635 379.021820
v 290.380981 71.039070 378.945587
v 295.685425 59.167496 374.767670
v 309.739471 71.905022 373.957825
v 293.479401 88.047096 380.162445
v 312.115753 89.651947 374.262482
v 303.587555 102.499557 376.349762
v 305.968903 119.880577 372.092987
v 284.941681 110.927155 381.982910
v 291.002045 126.648018 376.227386
v 275.157196 134.355682 379.628815
v 269.190582 118.087784 385.917206
v 262.633179 103.395912 389.311523
v 253.236053 122.585678 389.557739
v 247.936066 103.218704 393.618042
v 245.227020 92.097450 393.567566
v 275.824158 92.564209 385.584473
v 258.160889 139.890335 383.171875
v 262.766846 156.002930 374.539734
v 281.181274 156.053711 367.144257
v 267.050690 171.356110 363.735748
v 283.968475 172.016098 355.340332
v 271.129883 186.663528 350.472382
v 299.261139 160.072693 356.178986
v 297.828003 140.183472 368.141296
v 316.658142 147.775787 354.750397
v 316.079254 165.281693 342.696014
v 314.570587 181.073120 328.139740
v 334.312897 168.937164 326.729889
v 329.761078 183.526215 313.748474
v 353.535828 162.670532 318.670837
v 346.980743 152.671890 332.662476
v 331.166992 154.040451 341.874084
v 341.568726 143.704727 342.958710
v 340.833466 131.283539 350.724670
v 331.184601 142.795990 349.662659
v 326.194397 135.440598 356.597778
v 314.815277 133.106125 363.363678
v 330.007904 61.655514 366.179382
v 234.993057 31.217594 372.235962
v 367.017731 22.634045 343.511475
v 368.339142 36.174129 349.084229
v 320.063232 209.197769 282.346558
v 303.510559 -111.429169 184.356857
v 320.684601 -105.267426 180.724121
v 315.535889 -101.017021 195.423569
v 301.538086 -103.547997 201.628433
v 286.805084 -115.483734 190.450241
v 288.559906 -123.958595 172.828262
v 308.275940 -117.902054 164.745483
v 292.483521 -131.461426 152.645538
v 306.437347 -124.697289 150.980438
v 320.082428 -118.102577 147.777435
v 327.803894 -107.918282 164.856934
v 338.178497 -97.686531 179.162277
v 331.478546 -94.279167 195.274918
v 353.998322 -85.401741 193.368423
v 340.055054 -85.365471 207.588058
v 320.357178 -90.043343 213.834778
v 339.820099 -78.648323 223.084137
v 326.714050 -78.453568 232.504639
v 309.745178 -83.167282 233.528107
v 297.831543 -95.648018 218.620819
v 284.918732 -107.428642 206.229248
v 282.123047 -100.678459 219.533096
v 270.085114 -110.114609 211.026810
v 270.736725 -118.541077 196.573990
v 271.692078 -126.580429 181.903931
v 260.659332 -126.621819 189.530914
v 254.805206 -134.678955 180.360199
v 269.008331 -137.773834 163.560822
v 248.472336 -144.631500 168.104477
v 250.327332 -154.996796 148.467773
v 233.538467 -152.476379 166.777481
v 234.694336 -142.171112 182.211426
v 231.558014 -162.325409 152.184082
v 228.582672 -171.662308 138.696121
v 244.870575 -167.184769 130.942856
v 268.408173 -156.753906 125.961769
v 251.041779 -171.442093 115.113152
v 275.367432 -160.606125 107.571938
v 290.041077 -149.432693 111.865341
v 286.781281 -145.423401 127.191116
v 276.879547 -144.640717 142.100464
v 293.285461 -138.007233 136.352097
v 305.735657 -129.405609 139.704025
v 304.142670 -136.361343 122.138283
v 318.138641 -124.484528 130.559921
v 324.212372 -124.466797 112.543465
v 335.735962 -111.527153 132.880722
v 338.557739 -105.876381 152.082108
v 352.978943 -98.387459 146.993103
v 353.053925 -96.927155 155.709900
v 342.139496 -100.343132 165.356918
v 353.457550 -91.477966 175.258484
v 353.027283 -99.182266 127.989883
v 342.895081 -108.399902 114.330696
v 332.498108 -117.666519 101.276634
v 323.455688 -129.077286 89.081657
v 308.859589 -139.734299 100.328308
v 313.955872 -140.570618 77.539261
v 293.119659 -154.454285 90.623123
v 304.343750 -152.330490 66.342293
v 284.309906 -166.000107 76.939125
v 269.876648 -168.437439 95.897690
v 260.286255 -178.932556 84.418816
v 250.780777 -177.001755 102.864143
v 219.630722 -187.745651 116.952362
v 224.607620 -180.141800 126.933998
v 240.282959 -183.437332 100.100525
v 278.420074 -172.621231 69.585693
v 294.411896 -163.966492 55.201397
v 245.968201 -132.380859 190.334381
v 235.207077 -131.541855 198.088806
v 244.852066 -128.387314 197.075958
v 252.980255 -125.659821 196.412537
v 245.580048 -123.334206 204.176285
v 252.826385 -120.488052 204.616623
v 252.948883 -113.241295 215.793777
v 235.261627 -120.442169 214.437439
v 235.002441 -108.537773 231.571365
v 255.177368 -101.498947 232.326538
v 249.964233 -93.566948 246.004089
v 268.048615 -90.325294 242.797516
v 261.726074 -80.330345 259.559204
v 244.370255 -84.154373 260.775513
v 234.540527 -95.584602 249.667236
v 234.279572 -89.508339 257.677643
v 233.641068 -75.442085 275.103912
v 251.165787 -69.642342 277.104492
v 233.077072 -62.070835 290.895355
v 248.779739 -59.415676 290.263397
v 247.347595 -48.086086 303.646545
v 262.981781 -56.832150 289.735840
v 270.306915 -41.066769 306.780334
v 250.955109 -31.671040 320.517029
v 232.294739 -34.312492 320.725555
v 232.234558 -19.624395 334.695953
v 256.340393 -16.845427 334.139557
v 245.365585 -2.854475 347.669159
v 267.572510 -0.727000 346.567841
v 275.405823 -16.035967 332.014221
v 286.004578 -6.057945 339.355988
v 290.965454 9.094020 350.588593
v 269.968903 17.320814 359.450378
v 250.583115 14.035036 359.896118
v 233.399521 12.699604 360.522400
v 232.547424 -4.116209 347.947510
v 311.528168 11.020280 348.323090
v 325.883240 4.317316 340.770752
v 348.031281 10.056231 340.365814
v 365.685699 8.897043 335.752167
v 364.326935 -4.787880 325.929321
v 338.611359 -5.477963 330.666321
v 346.318726 -15.694765 319.779694
v 323.037872 -18.466661 321.518677
v 323.540619 -6.413431 332.665833
v 306.625153 -5.570622 336.411652
v 302.050293 -19.630243 324.071747
v 304.462250 -30.066217 312.542023
v 319.811707 -32.409451 306.615509
v 342.273071 -29.384899 305.555878
v 323.358765 -41.754040 293.805969
v 339.340363 -42.433472 288.502228
v 360.483704 -37.041496 290.433380
v 362.119019 -25.065605 307.002441
v 362.807037 -19.289242 313.384766
v 345.927795 -50.044132 274.541382
v 324.417877 -53.378510 276.585602
v 334.874908 -61.259750 260.148804
v 317.372253 -64.779716 261.455597
v 322.295441 -71.782310 247.290085
v 303.686127 -74.557083 251.259125
v 287.799286 -88.748672 235.704590
v 283.166748 -75.694199 257.856476
v 269.444183 -100.904503 226.072174
v 301.542908 -62.622272 270.402069
v 286.175385 -65.005821 272.287109
v 272.275146 -67.201942 273.878601
v 287.297516 -53.433697 287.691895
v 308.467407 -50.734108 285.524872
v 305.661804 -41.489185 298.549774
v 290.620850 -39.084820 304.812164
v 285.723541 -27.312160 318.922150
v 267.534607 -27.061523 322.368134
v 290.917450 -15.238227 330.227997
v 341.839386 -68.688896 242.574829
v 357.382538 -58.125221 256.056915
v 356.800385 -62.182991 248.228912
v 355.633911 -70.989731 229.057648
v 354.718842 -78.567940 211.186035
v 358.955170 -47.567669 274.079956
v 232.606339 -48.427586 306.086182
v 260.079102 -118.780045 203.120239
v 261.044373 -122.719955 196.004608
v 253.483734 -130.109848 188.776886
v 304.001801 238.339874 67.116920
v 298.362427 246.035233 84.226562
v 314.600586 234.477478 79.523811
v 317.036438 226.040833 59.994976
v 301.487030 234.364639 48.922592
v 314.201599 222.883148 46.187424
v 312.194519 218.375595 31.500496
v 291.326691 234.447006 27.777660
v 281.399933 248.430008 47.633579
v 288.040009 248.918900 66.424156
v 268.302002 260.945526 64.005859
v 276.704590 257.369141 75.085899
v 284.227509 254.277130 81.708229
v 285.718750 255.462509 97.576286
v 300.214020 248.380096 105.348351
v 311.066620 240.829712 96.312698
v 315.173065 241.959457 117.795753
v 326.336426 231.264954 97.667259
v 331.684387 232.651672 117.772926
v 342.029694 223.176193 107.733353
v 345.435699 226.369705 129.323730
v 328.916534 236.857193 137.367096
v 342.053375 230.908325 147.166687
v 357.713623 222.877243 149.548355
v 344.970123 229.807205 164.510513
v 358.758392 222.422333 173.330048
v 370.281555 216.802414 161.583908
v 371.478088 214.779602 183.323517
v 361.493042 219.138306 191.785141
v 372.640472 211.306732 204.743317
v 358.454559 217.740585 208.448563
v 373.129852 208.794952 214.167770
v 362.380707 210.947601 225.358902
v 374.138763 201.179993 234.733582
v 358.769470 206.215927 244.015106
v 375.105377 192.272629 255.429108
v 360.980194 197.544357 261.070099
v 375.448975 187.901627 263.688751
v 361.594696 193.272141 268.917511
v 347.743927 198.621078 273.876892
v 346.610565 206.054993 260.159424
v 333.902405 203.937057 278.379761
v 332.964294 214.279541 257.374481
v 319.636993 215.046494 270.706024
v 320.063232 209.197769 282.346558
v 306.204010 214.368027 285.795349
v 304.948242 222.849030 269.111298
v 292.273590 219.350357 288.792877
v 289.536316 229.763611 268.121643
v 278.207977 224.007477 291.442902
v 279.128235 231.884216 273.364288
v 279.677856 238.685165 254.978317
v 289.267731 237.342148 247.778641
v 279.904266 244.547485 236.085312
v 294.710602 240.972015 229.045517
v 279.838135 249.493851 216.757507
v 292.873871 246.816422 207.242004
v 279.503967 253.513138 197.205093
v 292.016510 249.552841 194.586090
v 291.619171 251.536240 181.400284
v 278.907684 256.708649 177.101562
v 290.156494 254.346893 157.759140
v 304.843689 247.649536 169.350754
v 305.114868 248.421112 148.071976
v 294.883331 253.036026 135.362549
v 276.920197 260.636871 136.337662
v 289.229340 255.138519 118.225197
v 275.418060 261.542969 115.310181
v 273.381317 261.903839 93.095184
v 277.777466 258.965576 87.538933
v 272.740021 261.832367 88.409477
v 272.098724 261.760895 83.723763
v 277.788300 258.091614 81.808311
v 270.200348 261.353210 73.864815
v 301.142334 249.434784 121.289055
v 306.216339 247.615829 131.805603
v 314.964722 243.770584 138.159607
v 319.674530 241.962067 157.122757
v 333.433380 235.563324 155.575211
v 331.958618 235.749435 172.666855
v 318.095581 241.088852 180.127991
v 329.591827 234.913742 190.408722
v 318.463745 237.959686 200.338211
v 333.313538 229.416428 210.659012
v 345.758636 227.443726 189.818985
v 346.125183 223.908371 208.435196
v 346.671326 219.054016 225.832077
v 334.774719 224.755676 225.993393
v 333.808716 220.972031 238.895279
v 325.215576 228.295197 228.954361
v 318.737427 224.302063 249.722641
v 343.948303 213.632065 245.290741
v 311.188202 233.745209 231.344986
v 301.662384 231.845612 249.518890
v 306.817657 240.343842 212.913300
v 319.002441 234.234894 216.773178
v 303.684570 245.467819 192.264633
v 278.057465 259.057251 156.860336
v 369.672699 216.601486 150.537445
v 369.106293 214.724930 140.120346
v 359.305206 217.978149 131.070206
v 368.106934 208.694885 121.271439
v 356.105957 215.235199 114.981293
v 367.287628 201.621567 105.195328
v 353.109741 209.713089 95.410187
v 339.125824 219.957977 91.297798
v 343.788055 211.260345 80.503021
v 354.575897 198.465668 78.651840
v 341.738495 203.484390 61.992210
v 330.192383 221.046844 75.567978
v 328.599731 216.119461 60.605469
v 326.064514 211.837646 46.049103
v 339.790070 189.817657 38.936230
v 327.097534 199.544983 25.956060
v 316.847137 204.742065 13.551839
v 305.289459 216.495773 14.192202
v 310.025848 198.142929 -9.451574
v 326.228058 186.968018 6.032316
v 321.151306 178.201065 -16.707668
v 340.632690 156.808701 2.598376
v 330.673798 156.834991 -23.745811
v 337.590057 178.900803 20.376717
v 351.710327 156.171661 28.435793
v 351.540558 182.566147 51.885323
v 365.474823 170.347794 64.976776
v 355.799744 187.904007 66.883629
v 365.983459 182.564728 77.080421
v 366.573395 192.830170 90.302902
v 364.984131 155.276215 53.310349
v 293.290222 224.480621 7.917826
v 297.407257 216.057083 -2.079549
v 283.251495 231.620575 5.448116
v 268.618591 245.817780 12.965100
v 273.222748 249.845016 33.535248
v 259.431641 259.603851 32.856983
v 264.165955 260.164368 47.250690
v 253.885040 259.405914 20.457333
v 235.657166 171.391205 -340.858002
v 250.927277 158.565048 -336.299011
v 248.727432 160.559677 -354.607880
v 234.884537 171.594711 -363.373352
v 218.110168 183.059464 -346.131897
v 220.905930 182.094727 -320.350311
v 203.007660 192.316849 -324.903290
v 204.241379 190.935333 -344.672180
v 205.556625 189.629593 -364.292542
v 220.836823 181.061493 -363.890533
v 223.782852 178.657104 -381.632294
v 239.858856 167.676346 -379.246216
v 254.473923 155.443253 -376.754883
v 206.777222 188.083084 -383.815002
v 202.040985 194.038345 -304.982117
v 215.285904 186.983704 -298.784546
v 232.457916 174.925842 -302.282745
v 238.201004 169.435150 -323.036041
v 250.510315 159.055344 -313.562592
v 264.457031 144.511047 -328.716064
v 265.891022 143.646790 -354.940247
v 277.012817 129.014999 -339.312958
v 279.642456 125.913971 -356.815063
v 278.930847 127.614151 -371.681976
v 267.447174 142.126083 -374.227600
v 288.913147 111.976219 -369.169373
v 286.128387 115.718567 -348.692078
v 296.089050 97.206337 -348.287689
v 287.342957 112.525070 -329.652191
v 294.625397 98.934410 -329.769409
v 293.358795 100.709602 -311.139618
v 285.630676 114.877365 -313.621124
v 284.890015 116.401802 -297.056549
v 276.521027 128.854080 -316.085693
v 271.107269 137.135391 -292.422760
v 281.117859 124.090027 -279.071259
v 292.447998 104.911270 -273.546783
v 283.557739 123.299011 -261.482941
v 292.970093 107.550117 -254.676743
v 284.662506 127.187042 -237.912659
v 294.098633 110.596085 -235.823380
v 295.738068 114.016342 -217.013626
v 285.478729 131.682846 -219.509888
v 285.800446 137.386810 -202.390518
v 274.470215 147.392380 -220.746201
v 274.171326 155.058548 -198.836823
v 279.426880 155.038101 -181.617035
v 266.783875 169.968597 -182.438202
v 263.707092 164.726028 -207.484741
v 250.050262 180.244370 -200.822586
v 252.826065 183.520554 -183.232712
v 237.710663 195.601639 -183.992355
v 233.684341 191.490707 -207.685501
v 217.936981 203.232529 -202.792786
v 221.589096 206.220337 -184.653580
v 204.610260 215.408844 -185.098434
v 203.452713 210.773941 -204.948700
v 202.458740 206.459106 -224.866196
v 221.374496 194.543365 -228.461823
v 201.735718 202.540161 -244.848068
v 217.546143 192.097885 -252.087906
v 201.383636 199.119919 -264.888641
v 216.721832 190.167999 -265.448547
v 219.128113 186.438095 -280.493744
v 201.478699 196.279480 -284.954224
v 228.587753 182.065735 -264.599243
v 236.838852 173.182709 -281.757141
v 245.225128 164.841919 -295.674225
v 249.119797 162.389465 -282.980591
v 256.728699 153.551483 -295.683441
v 260.123077 152.026688 -276.745758
v 264.045197 144.965836 -309.791962
v 272.728638 137.819962 -269.757599
v 263.628052 151.851334 -253.982391
v 275.512970 136.973236 -252.913528
v 272.748322 143.905045 -240.352173
v 264.948151 154.744125 -235.416718
v 261.860229 161.604279 -223.934402
v 253.629822 171.454636 -218.429077
v 252.280472 167.601898 -237.574326
v 240.876999 181.523346 -222.826736
v 234.639069 181.414505 -244.745728
v 246.603867 167.681213 -263.361023
v 290.615814 138.887497 -180.706787
v 297.805878 117.758125 -198.263824
v 300.241425 121.753036 -179.587341
v 292.577698 102.668755 -292.387512
v 297.348236 95.366982 -366.752502
v 221.528519 230.802139 -104.675072
v 207.963211 237.552063 -103.721542
v 208.642960 243.536316 -83.251923
v 226.771530 235.286469 -82.855675
v 236.771011 224.500137 -97.680115
v 238.049561 216.838394 -118.027977
v 252.133194 213.352310 -100.126297
v 244.219299 225.291321 -82.398636
v 260.952057 213.364212 -82.200729
v 272.776184 196.219406 -99.811028
v 276.851837 199.448013 -82.442368
v 291.527222 183.416245 -83.027321
v 290.740601 173.603195 -105.658592
v 275.437714 183.271667 -124.464645
v 286.961639 170.905060 -122.452995
v 285.047607 166.533188 -137.548492
v 271.200867 178.448608 -147.794052
v 261.514618 191.730804 -137.923721
v 258.194061 201.504257 -120.260742
v 246.292130 203.628067 -139.872787
v 256.033417 189.848831 -156.830963
v 237.010010 202.122681 -164.846725
v 225.458359 217.552505 -139.934616
v 223.372833 224.389023 -121.935791
v 207.229141 231.699966 -124.150925
v 206.403168 226.038559 -144.509399
v 216.875061 214.782257 -164.062958
v 205.503403 220.598389 -164.807419
v 265.923187 176.655609 -166.706116
v 281.867859 159.291290 -163.441772
v 294.745148 138.605606 -165.783096
v 302.917236 126.344345 -160.496307
v 296.869598 145.530762 -144.825684
v 305.883087 131.112167 -141.448349
v 309.064423 136.023453 -122.397270
v 295.928802 158.208725 -122.701668
v 305.002014 153.677567 -103.661705
v 312.398163 141.024933 -103.318893
v 315.825409 146.093216 -84.226341
v 304.609314 165.485947 -83.733322
v 213.822617 249.038864 -58.689133
v 242.745468 236.223175 -54.483620
v 264.852234 218.658234 -59.614754
v 279.946136 204.074219 -63.447834
v 291.835175 196.747620 -52.939911
v 307.498901 173.189880 -61.093174
v 320.433472 149.634323 -63.999527
v 325.321045 153.187469 -43.815010
v 306.185333 186.960403 -37.258553
v 298.062531 208.493896 -15.521422
v 288.663513 209.150604 -31.884295
v 271.909973 232.325195 -13.527435
v 247.287338 259.663239 9.704463
v 252.058838 250.561462 -2.661903
v 244.005524 259.996643 5.944458
v 240.723694 260.330048 2.184452
v 256.268921 241.208359 -17.821150
v 245.678513 248.717560 -17.783720
v 238.140869 256.346863 -10.328601
v 238.443970 249.350708 -26.709938
v 229.901825 261.841125 -6.716529
v 235.312759 261.085602 -2.266039
v 218.730713 255.360596 -34.271183
v 223.486862 262.874634 -10.163281
v 253.851624 236.053528 -36.017479
v 273.167389 220.416275 -39.540516
v 363.320038 100.667015 27.924482
v 355.975586 102.474190 3.496139
v 355.549713 118.079834 10.345986
v 363.972748 120.458961 34.776611
v 352.717072 138.189133 15.698108
v 364.508820 138.784378 43.315613
v 351.710327 156.171661 28.435793
v 364.984131 155.276215 53.310349
v 340.632690 156.808701 2.598376
v 342.633362 143.985886 -5.869193
v 330.673798 156.834991 -23.745811
v 340.576691 136.199585 -20.524784
v 348.178436 130.605057 -3.427157
v 347.554413 115.403069 -16.415319
v 355.643890 75.793678 -7.844388
v 352.574982 95.304420 -11.982951
v 362.521942 80.167862 23.042290
v 361.566040 59.297279 20.203997
v 356.848572 56.361427 -4.386475
v 356.816559 36.615204 -1.817550
v 360.479675 38.458519 19.456245
v 355.923889 16.561678 0.185779
v 359.324799 18.070635 20.801914
v 343.252991 84.512299 -56.919117
v 345.777771 62.099888 -56.833851
v 341.237274 56.152580 -79.480225
v 338.571838 85.714989 -74.553223
v 335.318939 107.042076 -68.979080
v 332.676971 102.156036 -83.968102
v 325.323029 124.489281 -84.623085
v 328.495880 130.518631 -65.646599
v 339.178162 115.728439 -45.875671
v 331.018707 140.190765 -44.110378
v 343.813995 115.910927 -29.168280
v 346.579407 98.677597 -33.147266
v 349.481262 68.734955 -37.205860
v 354.170319 62.926872 -17.577055
v 351.893860 40.164120 -29.636990
v 354.795959 42.132145 -14.298188
v 352.686401 14.852760 -18.278557
v 349.310638 13.109056 -36.595360
v 347.266388 40.443127 -53.143108
v 345.809845 11.310625 -54.714199
v 342.570770 32.814190 -76.241135
v 342.167969 9.479036 -72.682587
v 325.321045 153.187469 -43.815010
v 320.433472 149.634323 -63.999527
v 315.825409 146.093216 -84.226341
v 337.967590 79.319359 -82.175087
v 354.050781 -6.542647 2.551480
v 358.147369 -2.059953 24.276623
v 357.026245 -21.551819 29.882767
v 351.153717 -30.228195 4.705837
v 346.580841 -54.832214 6.578566
v 356.039581 -39.718922 37.491917
v 355.186310 -56.746635 47.279625
v 346.446411 -70.031639 24.168726
v 340.179169 -80.245163 8.252372
v 342.674683 -88.631897 34.577988
v 331.347717 -105.628120 10.134356
v 354.484924 -71.856750 58.905006
v 349.667786 -17.736874 -13.996533
v 347.097565 -7.808010 -36.547272
v 343.689728 -38.757828 -27.687277
v 341.322968 -28.256922 -50.353729
v 335.405640 -60.611599 -45.671181
v 336.080444 -38.316666 -67.846703
v 331.106018 -61.835224 -65.001511
v 324.904144 -85.006645 -61.878345
v 327.169678 -88.856598 -44.526314
v 317.413025 -107.758835 -58.445255
v 322.363434 -107.180946 -35.893814
v 333.749542 -83.534729 -19.984097
v 326.878693 -106.427170 -13.009140
v 342.159485 -59.170303 -11.348999
v 347.014832 -39.696209 -8.378284
v 339.181366 -60.190643 -26.338463
v 339.807434 -14.515168 -70.411148
v 343.762085 -9.821518 -53.122250
v 310.812988 -133.123245 -35.575787
v 303.348175 -146.868011 -35.590675
v 298.585083 -148.322495 -54.473911
v 308.661621 -128.447357 -56.757309
v 321.072601 -119.913383 -12.548206
v 325.845703 -120.872314 17.027063
v 308.126801 -143.887085 -16.727009
v 304.888214 -153.475769 1.986798
v 292.895233 -167.214569 -15.669847
v 287.004608 -175.704926 4.791294
v 276.331635 -186.723679 -15.663236
v 282.363708 -177.588165 -32.685555
v 295.631317 -159.327744 -34.658337
v 287.108673 -167.034760 -51.177345
v 274.168884 -184.287750 -46.541641
v 265.714172 -195.610977 -31.042385
v 259.761017 -199.880051 -40.443592
v 243.873108 -213.682770 -33.274231
v 254.323410 -206.227158 -16.699524
v 271.226044 -191.687637 -2.592713
v 263.880890 -197.987122 -0.745454
v 272.491913 -189.350159 14.207581
v 280.021393 -180.374573 28.228107
v 306.177124 -153.978058 21.864418
v 303.905182 -156.357819 44.431629
v 287.585114 -172.297394 41.849075
v 294.411896 -163.966492 55.201397
v 312.697449 -147.163818 34.121120
v 319.885468 -135.084412 24.892433
v 338.120667 -108.092201 52.631222
v 353.968048 -83.447906 71.021439
v 353.676666 -89.733574 80.979431
v 336.893707 -113.305290 79.247322
v 329.674988 -123.682808 63.807060
v 325.180481 -128.868347 74.418739
v 319.612366 -136.641098 64.249329
v 313.955872 -140.570618 77.539261
v 304.343750 -152.330490 66.342293
v 315.411224 -142.058731 54.510513
v 308.707977 -150.849365 49.445961
v 318.142517 -140.129074 43.818844
v 325.341797 -127.354729 32.924564
v 325.176300 -130.115143 51.358578
v 323.455688 -129.077286 89.081657
v 332.498108 -117.666519 101.276634
v 353.397644 -94.916756 94.925537
v 353.170288 -98.125053 111.152763
v 342.895081 -108.399902 114.330696
v 353.027283 -99.182266 127.989883
v -355.975586 102.474190 3.496139
v -363.320038 100.667015 27.924482
v -355.549713 118.079834 10.345986
v -347.554413 115.403069 -16.415319
v -355.643890 75.793678 -7.844388
v -352.574982 95.304420 -11.982951
v -348.178436 130.605057 -3.427157
v -352.717072 138.189133 15.698108
v -363.972748 120.458961 34.776611
v -364.508820 138.784378 43.315613
v -351.710327 156.171661 28.435793
v -340.632690 156.808701 2.598376
v -342.633362 143.985886 -5.869193
v -330.673798 156.834991 -23.745811
v -340.576691 136.199585 -20.524784
v -364.984131 155.276215 53.310349
v -362.521942 80.167862 23.042290
v -361.566040 59.297279 20.203997
v -356.848572 56.361427 -4.386475
v -356.816559 36.615204 -1.817550
v -360.479675 38.458519 19.456245
v -355.923889 16.561678 0.185779
v -359.324799 18.070635 20.801914
v -345.777771 62.099888 -56.833851
v -343.252991 84.512299 -56.919117
v -341.237274 56.152580 -79.480225
v -347.266388 40.443127 -53.143108
v -349.481262 68.734955 -37.205860
v -351.893860 40.164120 -29.636990
v -349.310638 13.109056 -36.595360
v -352.686401 14.852760 -18.278557
v -354.795959 42.132145 -14.298188
v -354.170319 62.926872 -17.577055
v -346.579407 98.677597 -33.147266
v -339.178162 115.728439 -45.875671
v -335.318939 107.042076 -68.979080
v -338.571838 85.714989 -74.553223
v -332.676971 102.156036 -83.968102
v -325.323029 124.489281 -84.623085
v -328.495880 130.518631 -65.646599
v -315.825409 146.093216 -84.226341
v -320.433472 149.634323 -63.999527
v -331.018707 140.190765 -44.110378
v -325.321045 153.187469 -43.815010
v -343.813995 115.910927 -29.168280
v -337.967590 79.319359 -82.175087
v -345.809845 11.310625 -54.714199
v -342.570770 32.814190 -76.241135
v -342.167969 9.479036 -72.682587
v -339.111389 46.873253 -90.514717
v -335.044342 56.544048 -106.180580
v -335.840912 26.551796 -107.278397
v -339.331238 28.611599 -91.030373
v -338.503601 7.581688 -89.852318
v -334.756866 5.717802 -107.032524
v -331.017914 3.903759 -124.264458
v -332.178467 22.451656 -123.900154
v -332.013397 38.874302 -124.282684
v -328.905701 19.106228 -139.450012
v -328.093567 42.778015 -142.783859
v -329.875641 62.822678 -125.483597
v -325.448944 65.500626 -144.359650
v -323.981232 46.106888 -163.025726
v -325.296906 21.316664 -159.799469
v -322.347504 19.743868 -177.585068
v -321.069855 -1.320348 -176.525711
v -324.055145 0.407270 -159.007736
v -327.407410 2.138986 -141.583817
v -321.740875 40.864559 -178.431580
v -319.201721 61.812801 -179.074661
v -321.907166 68.288956 -159.002609
v -318.013397 83.794472 -161.659515
v -321.552460 81.833221 -147.431259
v -316.998322 101.074280 -144.190826
v -324.619720 87.670753 -128.819717
v -317.775848 114.115074 -124.823265
v -325.717834 102.332542 -109.268684
v -320.296204 124.001518 -101.997650
v -309.064423 136.023453 -122.397270
v -305.883087 131.112167 -141.448349
v -312.398163 141.024933 -103.318893
v -331.369965 82.169151 -106.115471
v -311.704132 104.873680 -161.219376
v -302.917236 126.344345 -160.496307
v -308.416290 102.402390 -179.702805
v -314.747253 82.380646 -179.509399
v -300.241425 121.753036 -179.587341
v -358.147369 -2.059953 24.276623
v -354.050781 -6.542647 2.551480
v -357.026245 -21.551819 29.882767
v -351.153717 -30.228195 4.705837
v -346.580841 -54.832214 6.578566
v -356.039581 -39.718922 37.491917
v -355.186310 -56.746635 47.279625
v -346.446411 -70.031639 24.168726
v -340.179169 -80.245163 8.252372
v -342.674683 -88.631897 34.577988
v -331.347717 -105.628120 10.134356
v -354.484924 -71.856750 58.905006
v -349.667786 -17.736874 -13.996533
v -347.014832 -39.696209 -8.378284
v -342.159485 -59.170303 -11.348999
v -333.749542 -83.534729 -19.984097
v -326.878693 -106.427170 -13.009140
v -322.363434 -107.180946 -35.893814
v -327.169678 -88.856598 -44.526314
v -317.413025 -107.758835 -58.445255
v -324.904144 -85.006645 -61.878345
v -335.405640 -60.611599 -45.671181
v -331.106018 -61.835224 -65.001511
v -336.080444 -38.316666 -67.846703
v -341.322968 -28.256922 -50.353729
v -343.689728 -38.757828 -27.687277
v -347.097565 -7.808010 -36.547272
v -343.762085 -9.821518 -53.122250
v -339.807434 -14.515168 -70.411148
v -339.181366 -60.190643 -26.338463
v -308.524414 -106.078499 -95.698906
v -314.202789 -87.170975 -102.165710
v -303.730164 -104.967186 -114.197716
v -313.796143 -77.087547 -117.682411
v -305.292786 -88.093292 -134.709991
v -314.306122 -62.081413 -137.493759
v -305.477905 -76.181915 -154.365967
v -294.662964 -102.629967 -151.284378
v -299.564209 -82.601860 -171.584961
v -307.058075 -62.954945 -173.016342
v -311.647583 -57.157051 -157.755051
v -313.237427 -42.801323 -174.336578
v -318.261169 -40.304382 -149.035950
v -322.647797 -38.287556 -129.604233
v -321.244080 -53.632832 -117.379807
v -326.615051 -34.652878 -114.604561
v -327.325958 -42.635849 -103.663170
v -332.745300 -19.186430 -100.757446
v -332.313812 -39.505058 -84.483978
v -322.749939 -63.914993 -99.115379
v -326.994934 -62.093414 -83.177666
v -320.717560 -82.152946 -83.589264
v -313.147766 -107.015915 -77.126823
v -337.399170 -11.356812 -83.815819
v -329.160156 -17.197353 -119.283508
v -325.307159 -18.674658 -137.011612
v -321.396729 -20.431284 -156.269714
v -317.964325 -22.213356 -175.520966
v -290.859863 -101.695709 -169.999283
v -299.021942 -103.772308 -132.698181
vn 0.9569 0.1035 -0.2714
vn 0.9760 0.0859 -0.2003
vn 0.9589 0.1381 -0.2478
vn 0.9502 0.2015 -0.2379
vn 0.9402 0.2234 -0.2571
vn 0.9163 0.3131 -0.2498
vn 0.9160 0.2936 -0.2733
vn 0.8807 0.3921 -0.2658
vn 0.8831 0.3894 -0.2619
vn 0.8842 0.3903 -0.2568
vn 0.8861 0.3815 -0.2631
vn 0.8907 0.3815 -0.2471
vn 0.8932 0.3556 -0.2753
vn 0.9119 0.3561 -0.2041
vn 0.8971 0.3750 -0.2336
vn 0.9022 0.3763 -0.2108
vn 0.9337 0.2933 -0.2053
vn 0.9386 0.2850 -0.1943
vn 0.9600 0.2039 -0.1918
vn 0.9585 0.2071 -0.1960
vn 0.9776 0.1225 -0.1713
vn 0.9692 0.1287 -0.2099
vn 0.9781 0.1012 -0.1821
vn 0.9805 0.0267 -0.1948
vn 0.9856 0.0307 -0.1662
vn 0.9882 0.0223 -0.1513
vn 0.9852 -0.0677 -0.1574
vn 0.9848 -0.0646 -0.1614
vn 0.9813 -0.0651 -0.1811
vn 0.9812 -0.0637 -0.1824
vn 0.9783 -0.0615 -0.1977
vn 0.9794 -0.0575 -0.1938
vn 0.9778 -0.0572 -0.2013
vn 0.9770 -0.0533 -0.2064
vn 0.9768 -0.0533 -0.2073
vn 0.9778 -0.0499 -0.2037
vn 0.9785 -0.0497 -0.2002
vn 0.9779 -0.0479 -0.2034
vn 0.9756 0.0179 -0.2188
vn 0.9771 0.0178 -0.2121
vn 0.9763 0.0048 -0.2163
vn 0.9799 0.0332 -0.1965
vn 0.9691 0.0747 -0.2352
vn 0.9785 0.0778 -0.1909
vn 0.9785 0.0045 -0.2064
vn 0.9783 0.0050 -0.2070
vn 0.9848 0.0093 -0.1736
vn 0.9719 0.0983 -0.2140
vn 0.9635 0.1768 -0.2009
vn 0.9580 0.1878 -0.2168
vn 0.9359 0.2613 -0.2362
vn 0.9454 0.2574 -0.1997
vn 0.9551 0.1694 -0.2429
vn 0.9615 0.1925 -0.1959
vn 0.9771 0.1129 -0.1805
vn 0.9562 0.2042 -0.2097
vn 0.8986 0.3809 -0.2176
vn 0.9318 0.2836 -0.2264
vn 0.9350 0.2757 -0.2232
vn 0.9243 0.2786 -0.2609
vn 0.9212 0.3096 -0.2358
vn 0.9466 0.2301 -0.2257
vn 0.9669 0.1392 -0.2136
vn 0.9723 0.0343 -0.2313
vn 0.9772 0.0266 -0.2106
vn 0.9297 0.3681 0.0144
vn 0.9246 0.3801 0.0252
vn 0.9247 0.3799 0.0259
vn 0.9200 0.3902 0.0363
vn 0.9193 0.3928 0.0251
vn 0.9246 0.3792 0.0367
vn 0.9498 0.3126 0.0153
vn 0.9517 0.3062 0.0239
vn 0.9764 0.2145 0.0248
vn 0.9762 0.2150 0.0267
vn 0.9921 0.1224 0.0287
vn 0.9927 0.1197 0.0128
vn 0.9938 0.1077 0.0285
vn 0.9760 0.2173 0.0104
vn 0.9788 0.1982 0.0510
vn 0.9594 0.2818 0.0137
vn 0.9996 0.0167 0.0231
vn 0.9996 0.0244 0.0150
vn 0.9982 -0.0538 0.0274
vn 0.9986 -0.0510 0.0129
vn 0.9976 -0.0658 0.0237
vn 0.9976 -0.0657 0.0231
vn 0.9977 -0.0628 0.0260
vn 0.9977 -0.0628 0.0266
vn 0.9997 0.0239 0.0006
vn 0.9980 0.0591 0.0230
vn 0.9972 0.0635 -0.0403
vn 0.9998 0.0211 -0.0020
vn 0.9984 -0.0546 -0.0174
vn 0.9978 -0.0664 -0.0082
vn 0.9975 -0.0623 -0.0322
vn 0.9969 -0.0686 -0.0379
vn 0.9963 -0.0640 -0.0573
vn 0.9971 -0.0562 -0.0507
vn 0.9940 -0.0634 -0.0894
vn 0.9956 0.0356 -0.0864
vn 0.9972 0.0309 -0.0681
vn 0.9902 0.0917 -0.1054
vn 0.9951 0.0949 -0.0263
vn 0.9906 0.1247 -0.0568
vn 0.9767 0.2097 -0.0460
vn 0.9740 0.2190 -0.0586
vn 0.9558 0.2911 -0.0419
vn 0.9507 0.3045 -0.0590
vn 0.9112 0.4066 -0.0661
vn 0.9160 0.3990 -0.0412
vn 0.9139 0.4048 -0.0312
vn 0.9185 0.3953 -0.0030
vn 0.9513 0.3076 -0.0181
vn 0.9501 0.3118 -0.0090
vn 0.9777 0.2101 0.0072
vn 0.9747 0.2228 -0.0195
vn 0.9883 0.1521 0.0147
vn 0.9866 0.1566 -0.0461
vn 0.9752 0.2200 -0.0250
vn 0.9155 0.3942 -0.0805
vn 0.9109 0.3952 -0.1184
vn 0.9182 0.3828 -0.1021
vn 0.9495 0.2962 -0.1037
vn 0.9440 0.3047 -0.1267
vn 0.9445 0.3012 -0.1312
vn 0.9426 0.3035 -0.1390
vn 0.9703 0.1966 -0.1409
vn 0.9764 0.1807 -0.1186
vn 0.9850 0.1014 -0.1397
vn 0.9891 0.0860 -0.1199
vn 0.9914 -0.0007 -0.1306
vn 0.9876 0.0076 -0.1570
vn 0.9893 0.0226 -0.1442
vn 0.9890 -0.0666 -0.1323
vn 0.9881 -0.0717 -0.1358
vn 0.9917 -0.0677 -0.1097
vn 0.9919 -0.0733 -0.1034
vn 0.9951 0.0170 -0.0971
vn 0.9813 0.0726 -0.1785
vn 0.9811 0.1141 -0.1561
vn 0.9884 0.1143 -0.1000
vn 0.9834 0.1327 -0.1234
vn 0.9671 0.1656 -0.1931
vn 0.9643 0.2053 -0.1674
vn 0.9377 0.2865 -0.1964
vn 0.9375 0.2947 -0.1849
vn 0.9021 0.3823 -0.2001
vn 0.9024 0.3820 -0.1994
vn 0.9034 0.3896 -0.1792
vn 0.9043 0.3883 -0.1772
vn 0.9067 0.3939 -0.1507
vn 0.9715 0.2093 -0.1110
vn 0.9437 0.2813 -0.1744
vn 0.9717 0.2090 -0.1104
vn 0.9718 0.2071 -0.1129
vn 0.9124 0.3747 -0.1648
vn 0.9484 0.3152 -0.0333
vn 0.9499 0.2935 -0.1073
vn 0.9740 0.2244 -0.0314
vn 0.9778 0.1956 -0.0757
vn 0.9875 0.1376 -0.0773
vn 0.9937 0.0240 -0.1091
vn 0.9943 -0.0669 -0.0833
vn 0.9959 -0.0060 -0.0908
vn 0.9993 0.0035 -0.0381
vn 0.9987 0.0142 -0.0497
vn 0.9915 0.1284 -0.0196
vn 0.9946 0.1035 -0.0126
vn 0.9939 0.1027 0.0397
vn 0.9926 0.1193 0.0217
vn 0.9996 0.0171 0.0205
vn 0.9986 -0.0512 0.0106
vn 0.9996 0.0239 0.0129
vn 0.9992 0.0191 0.0364
vn 0.9973 -0.0731 0.0090
vn 0.9992 0.0281 0.0273
vn 0.9922 0.1209 0.0306
vn 0.9754 0.2197 0.0200
vn 0.9762 0.2159 0.0229
vn 0.9533 0.3019 0.0119
vn 0.9488 0.3147 0.0267
vn 0.9207 0.3901 -0.0127
vn 0.9490 0.3140 0.0277
vn 0.9476 0.3162 0.0449
vn 0.9467 -0.3222 0.0032
vn 0.9484 -0.3168 0.0099
vn 0.9481 -0.3176 0.0166
vn 0.9227 -0.3844 0.0306
vn 0.9176 -0.3973 0.0151
vn 0.8869 -0.4619 0.0132
vn 0.8855 -0.4647 0.0030
vn 0.8858 -0.4640 0.0018
vn 0.9181 -0.3963 0.0028
vn 0.8845 -0.4662 0.0185
vn 0.8845 -0.4660 0.0225
vn 0.8837 -0.4676 0.0207
vn 0.8840 -0.4672 0.0170
vn 0.8917 -0.4513 0.0334
vn 0.8890 -0.4579 0.0004
vn 0.8882 -0.4595 0.0034
vn 0.8863 -0.4629 -0.0081
vn 0.9197 -0.3924 -0.0100
vn 0.9277 -0.3731 0.0105
vn 0.9244 -0.3774 -0.0546
vn 0.9500 -0.3108 -0.0313
vn 0.9446 -0.3224 -0.0610
vn 0.9461 -0.3140 -0.0791
vn 0.9221 -0.3819 -0.0623
vn 0.9186 -0.3783 -0.1141
vn 0.9167 -0.3844 -0.1087
vn 0.8875 -0.4454 -0.1182
vn 0.8881 -0.4445 -0.1172
vn 0.8911 -0.4471 -0.0780
vn 0.8889 -0.4523 -0.0725
vn 0.8906 -0.4530 -0.0402
vn 0.8886 -0.4565 -0.0440
vn 0.8866 -0.4339 -0.1601
vn 0.8955 -0.4204 -0.1459
vn 0.9060 -0.3918 -0.1604
vn 0.9220 -0.3617 -0.1383
vn 0.9319 -0.3267 -0.1576
vn 0.9460 -0.2984 -0.1266
vn 0.9643 -0.2290 -0.1326
vn 0.9649 -0.2168 -0.1485
vn 0.9798 -0.1519 -0.1304
vn 0.9796 -0.1552 -0.1273
vn 0.9829 -0.1536 -0.1013
vn 0.9805 -0.1642 -0.1082
vn 0.9847 -0.1587 -0.0716
vn 0.9677 -0.2371 -0.0857
vn 0.9678 -0.2336 -0.0935
vn 0.9850 -0.1557 -0.0751
vn 0.9868 -0.1538 -0.0498
vn 0.9871 -0.1523 -0.0485
vn 0.9878 -0.1538 -0.0256
vn 0.9861 -0.1626 -0.0348
vn 0.9874 -0.1584 0.0042
vn 0.9701 -0.2422 -0.0146
vn 0.9736 -0.2280 0.0093
vn 0.9721 -0.2331 0.0280
vn 0.9665 -0.2567 0.0086
vn 0.9673 -0.2514 0.0321
vn 0.9714 -0.2367 0.0167
vn 0.9877 -0.1530 0.0314
vn 0.9879 -0.1533 0.0234
vn 0.9876 -0.1550 0.0251
vn 0.9874 -0.1579 0.0098
vn 0.9872 -0.1595 0.0086
vn 0.9735 -0.2279 0.0190
vn 0.9734 -0.2282 0.0209
vn 0.9872 -0.1574 0.0257
vn 0.9714 -0.2371 0.0108
vn 0.9449 -0.3274 0.0069
vn 0.9489 -0.3138 0.0336
vn 0.9438 -0.3300 0.0157
vn 0.9203 -0.3902 0.0297
vn 0.9515 -0.3055 0.0370
vn 0.9877 -0.1560 0.0100
vn 0.9886 -0.1499 0.0149
vn 0.9494 -0.3141 -0.0081
vn 0.9446 -0.3282 0.0086
vn 0.9702 -0.2416 -0.0166
vn 0.9558 -0.2939 0.0066
vn 0.9884 -0.1519 -0.0031
vn 0.9716 -0.2364 -0.0107
vn 0.9724 -0.2311 -0.0325
vn 0.9719 -0.2326 -0.0348
vn 0.9736 -0.2159 -0.0743
vn 0.9428 -0.3227 -0.0838
vn 0.9173 -0.3916 -0.0727
vn 0.9436 -0.3189 -0.0890
vn 0.9730 -0.2231 -0.0591
vn 0.9518 -0.3039 -0.0406
vn 0.9190 -0.3923 -0.0396
vn 0.9424 -0.3340 -0.0173
vn 0.9190 -0.3941 -0.0061
vn 0.8900 -0.4557 -0.0172
vn 0.9227 -0.3853 0.0113
vn 0.9105 -0.4134 0.0084
vn 0.9122 -0.4085 0.0318
vn 0.9223 -0.3865 0.0083
vn 0.9502 -0.3107 0.0253
vn 0.9701 -0.2428 0.0042
vn 0.9187 -0.3949 0.0054
vn 0.8988 -0.3569 -0.2544
vn 0.8988 -0.3564 -0.2552
vn 0.9236 -0.3099 -0.2256
vn 0.9261 -0.2910 -0.2402
vn 0.9434 -0.2495 -0.2183
vn 0.9468 -0.2476 -0.2058
vn 0.9455 -0.2356 -0.2249
vn 0.9332 -0.2876 -0.2157
vn 0.9348 -0.2883 -0.2073
vn 0.9353 -0.2796 -0.2171
vn 0.9156 -0.3361 -0.2207
vn 0.9085 -0.3398 -0.2433
vn 0.9156 -0.3350 -0.2224
vn 0.9486 -0.2356 -0.2112
vn 0.9535 -0.2258 -0.1997
vn 0.9632 -0.1730 -0.2057
vn 0.9624 -0.1688 -0.2127
vn 0.9727 -0.1148 -0.2018
vn 0.9736 -0.1188 -0.1947
vn 0.9700 -0.1233 -0.2095
vn 0.9718 -0.1284 -0.1980
vn 0.9709 -0.1293 -0.2018
vn 0.9588 -0.1951 -0.2065
vn 0.9588 -0.1961 -0.2054
vn 0.9588 -0.1951 -0.2063
vn 0.9511 -0.2409 -0.1932
vn 0.9415 -0.2584 -0.2162
vn 0.9449 -0.2698 -0.1853
vn 0.9434 -0.2720 -0.1899
vn 0.9442 -0.2883 -0.1590
vn 0.9392 -0.2990 -0.1688
vn 0.9313 -0.3296 -0.1549
vn 0.9148 -0.3620 -0.1792
vn 0.9059 -0.3897 -0.1658
vn 0.8915 -0.3912 -0.2287
vn 0.9196 -0.3398 -0.1972
vn 0.9105 -0.3406 -0.2345
vn 0.8923 -0.3868 -0.2330
vn 0.8873 -0.3871 -0.2508
vn 0.8850 -0.4201 -0.2008
vn 0.9620 -0.2136 -0.1699
vn 0.9617 -0.2294 -0.1502
vn 0.9762 -0.1456 -0.1606
vn 0.9766 -0.1524 -0.1514
vn 0.9739 -0.1469 -0.1728
vn 0.9729 -0.1388 -0.1849
vn 0.9721 -0.1395 -0.1884
vn 0.9708 -0.1327 -0.1999
vn 0.9606 -0.2154 -0.1754
vn 0.9205 -0.3345 -0.2021
vn 0.9593 -0.2039 -0.1954
vn 0.9603 -0.2026 -0.1918
vn 0.9715 -0.1320 -0.1969
vn 0.9675 -0.1703 -0.1870
vn 0.9566 -0.1942 -0.2171
vn 0.9444 -0.2334 -0.2316
vn 0.9348 -0.2943 -0.1988
vn 0.9209 -0.3070 -0.2401
vn 0.9076 -0.3556 -0.2234
vn 0.9095 -0.3499 -0.2244
vn -0.4100 0.6352 0.6545
vn -0.4045 0.5737 0.7122
vn -0.3900 0.5796 0.7155
vn -0.3514 0.5579 0.7519
vn -0.3660 0.5112 0.7777
vn -0.3254 0.4818 0.8136
vn -0.3413 0.3958 0.8526
vn -0.3303 0.4002 0.8549
vn -0.3533 0.3420 0.8707
vn -0.3062 0.2209 0.9260
vn -0.3334 0.2311 0.9140
vn -0.2827 0.2539 0.9250
vn -0.2506 0.1104 0.9618
vn -0.2777 0.1237 0.9527
vn -0.2813 -0.0729 0.9569
vn -0.2694 -0.0528 0.9616
vn -0.2338 -0.0495 0.9710
vn -0.2627 -0.1003 0.9596
vn -0.2076 -0.2327 0.9501
vn -0.1744 -0.2372 0.9557
vn -0.1711 -0.3224 0.9310
vn -0.1631 -0.3199 0.9333
vn -0.1756 -0.3687 0.9128
vn -0.1047 -0.4382 0.8928
vn -0.1330 -0.4403 0.8880
vn -0.0888 -0.4641 0.8813
vn -0.1254 -0.4599 0.8791
vn -0.1619 -0.4541 0.8761
vn -0.1525 -0.4444 0.8828
vn -0.1705 -0.4432 0.8801
vn -0.2122 -0.3647 0.9066
vn -0.1963 -0.3624 0.9111
vn -0.2022 -0.4162 0.8865
vn -0.1983 -0.4153 0.8878
vn -0.2135 -0.4023 0.8903
vn -0.2314 -0.3040 0.9241
vn -0.2584 -0.2831 0.9236
vn -0.2694 -0.1678 0.9483
vn -0.3057 -0.1210 0.9444
vn -0.3246 0.0256 0.9455
vn -0.3597 0.0093 0.9330
vn -0.3584 0.1312 0.9243
vn -0.4030 0.1661 0.9000
vn -0.3671 0.1789 0.9128
vn -0.4207 0.2757 0.8643
vn -0.4272 0.2626 0.8652
vn -0.4573 0.3761 0.8059
vn -0.4695 0.3539 0.8089
vn -0.4720 0.4388 0.7647
vn -0.4908 0.4579 0.7413
vn -0.4866 0.5170 0.7042
vn -0.4833 0.5192 0.7049
vn -0.4803 0.5915 0.6477
vn -0.4864 0.5928 0.6419
vn -0.4944 0.5878 0.6404
vn -0.4941 0.5877 0.6407
vn -0.4589 0.6385 0.6178
vn -0.4734 0.6654 0.5772
vn -0.4587 0.7103 0.5339
vn -0.4835 0.7182 0.5004
vn -0.4724 0.7530 0.4581
vn -0.4669 0.7527 0.4641
vn -0.4585 0.7598 0.4610
vn -0.4763 0.7582 0.4453
vn -0.4477 0.7713 0.4523
vn -0.4441 0.7743 0.4508
vn -0.4338 0.7783 0.4538
vn -0.4183 0.7643 0.4908
vn -0.4279 0.7599 0.4893
vn -0.4080 0.7941 0.4504
vn -0.3850 0.8056 0.4503
vn -0.3809 0.8059 0.4532
vn -0.3680 0.7861 0.4966
vn -0.3836 0.7805 0.4937
vn -0.3624 0.8190 0.4449
vn -0.3714 0.7803 0.5032
vn -0.3835 0.7337 0.5609
vn -0.3936 0.7259 0.5641
vn -0.3859 0.7279 0.5667
vn -0.4092 0.7041 0.5803
vn -0.4276 0.6967 0.5761
vn -0.4374 0.6255 0.6461
vn -0.4314 0.6334 0.6424
vn -0.3973 0.5728 0.7169
vn -0.4294 0.5218 0.7371
vn -0.4290 0.5219 0.7373
vn -0.4681 0.5794 0.6672
vn -0.4436 0.5912 0.6736
vn -0.4590 0.5363 0.7083
vn -0.4332 0.5137 0.7406
vn -0.4554 0.4524 0.7667
vn -0.4629 0.4500 0.7637
vn -0.4392 0.4403 0.7831
vn -0.4329 0.3515 0.8301
vn -0.4240 0.3518 0.8345
vn -0.3956 0.4276 0.8128
vn -0.4047 0.4247 0.8099
vn -0.3778 0.3206 0.8686
vn -0.3895 0.3116 0.8667
vn -0.3998 0.2379 0.8852
vn -0.3927 0.2417 0.8873
vn -0.4222 0.2679 0.8660
vn -0.4118 0.2705 0.8702
vn -0.3402 0.1795 0.9231
vn -0.3470 0.0785 0.9346
vn -0.3478 0.0779 0.9343
vn -0.3021 -0.0568 0.9516
vn -0.3058 -0.0573 0.9504
vn -0.2527 -0.1148 0.9607
vn -0.2526 -0.2188 0.9425
vn -0.2181 -0.2358 0.9470
vn -0.2138 -0.3312 0.9190
vn -0.2248 -0.2433 0.9435
vn -0.2549 -0.2214 0.9413
vn -0.2490 -0.2228 0.9425
vn -0.2424 -0.2117 0.9468
vn -0.2529 -0.2113 0.9441
vn -0.2803 -0.1192 0.9525
vn -0.3157 -0.0923 0.9443
vn -0.2982 0.0430 0.9535
vn -0.3047 0.0380 0.9517
vn -0.3020 0.0369 0.9526
vn -0.3567 0.1758 0.9175
vn -0.4255 0.3601 0.8302
vn -0.4337 0.3614 0.8254
vn -0.4285 0.4487 0.7842
vn -0.4350 0.5132 0.7399
vn -0.3872 0.4546 0.8022
vn -0.4346 0.6325 0.6411
vn -0.4525 0.6674 0.5914
vn -0.4573 0.6665 0.5887
vn -0.4445 0.7291 0.5204
vn -0.4630 0.6617 0.5898
vn -0.4168 0.7146 0.5618
vn -0.4412 0.7031 0.5577
vn -0.3994 0.6431 0.6534
vn -0.4050 0.7509 0.5216
vn -0.3560 0.8190 0.4500
vn -0.4083 0.7942 0.4500
vn -0.4076 0.7500 0.5210
vn -0.4422 0.7304 0.5205
vn -0.4269 0.7860 0.4471
vn -0.4515 0.7297 0.5136
vn -0.4673 0.7223 0.5098
vn -0.4855 0.7020 0.5211
vn -0.4907 0.6326 0.5992
vn -0.4677 0.6007 0.6484
vn -0.4825 0.5190 0.7056
vn -0.5048 0.5271 0.6836
vn -0.4674 0.4405 0.7665
vn -0.4404 0.3500 0.8268
vn -0.3762 0.1591 0.9128
vn -0.4165 0.2618 0.8706
vn -0.3950 0.1057 0.9126
vn -0.2761 -0.0885 0.9570
vn -0.3257 0.0265 0.9451
vn -0.2829 -0.1737 0.9433
vn -0.2410 -0.2626 0.9343
vn -0.2275 -0.3895 0.8925
vn -0.2428 -0.3157 0.9173
vn -0.2123 -0.4018 0.8908
vn -0.1816 -0.4434 0.8778
vn -0.2300 -0.3191 0.9194
vn -0.2006 -0.3270 0.9235
vn -0.1702 -0.4424 0.8805
vn -0.1662 -0.3652 0.9160
vn -0.1392 -0.3541 0.9248
vn -0.2143 -0.2440 0.9458
vn -0.2687 -0.0999 0.9580
vn -0.3003 0.0378 0.9531
vn -0.1671 -0.2276 0.9593
vn -0.2780 0.2619 0.9242
vn -0.2816 0.0949 0.9548
vn -0.3448 0.2026 0.9165
vn -0.3848 0.3226 0.8648
vn -0.3857 0.4550 0.8027
vn -0.3058 0.3802 0.8729
vn -0.3585 0.5138 0.7794
vn -0.4065 0.5706 0.7136
vn -0.4146 0.6370 0.6499
vn -0.4012 0.6398 0.6555
vn -0.3824 -0.8432 0.3778
vn -0.3640 -0.8530 0.3741
vn -0.3989 -0.8494 0.3455
vn -0.4004 -0.8575 0.3229
vn -0.4278 -0.8405 0.3324
vn -0.4314 -0.8472 0.3102
vn -0.4850 -0.8299 0.2756
vn -0.5156 -0.8395 0.1713
vn -0.5018 -0.8470 0.1755
vn -0.4947 -0.8578 0.1395
vn -0.4692 -0.8529 0.2289
vn -0.4688 -0.8533 0.2282
vn -0.4226 -0.8598 0.2867
vn -0.4216 -0.8634 0.2771
vn -0.5873 -0.8086 0.0353
vn -0.5962 -0.7971 0.0957
vn -0.6408 -0.7584 0.1194
vn -0.5658 -0.8024 0.1899
vn -0.5662 -0.8020 0.1901
vn -0.5784 -0.7780 0.2454
vn -0.5581 -0.7933 0.2434
vn -0.5656 -0.7805 0.2665
vn -0.5331 -0.8028 0.2670
vn -0.4987 -0.7910 0.3544
vn -0.4825 -0.8168 0.3163
vn -0.4730 -0.8057 0.3565
vn -0.4531 -0.8224 0.3441
vn -0.5082 -0.8094 0.2944
vn -0.4931 -0.8233 0.2813
vn -0.4671 -0.8123 0.3493
vn -0.4438 -0.8364 0.3216
vn -0.4422 -0.8263 0.3489
vn -0.4120 -0.8250 0.3868
vn -0.4029 -0.8296 0.3867
vn -0.4100 -0.8143 0.4109
vn -0.4151 -0.8112 0.4118
vn -0.3712 -0.8063 0.4606
vn -0.3712 -0.8054 0.4622
vn -0.3526 -0.8209 0.4493
vn -0.3406 -0.8034 0.4884
vn -0.3391 -0.8034 0.4894
vn -0.3388 -0.8030 0.4903
vn -0.3436 -0.8013 0.4897
vn -0.3093 -0.7948 0.5221
vn -0.3083 -0.7897 0.5304
vn -0.3135 -0.7886 0.5291
vn -0.3098 -0.7871 0.5334
vn -0.2884 -0.8058 0.5171
vn -0.2849 -0.8057 0.5193
vn -0.2959 -0.8030 0.5174
vn -0.2905 -0.8060 0.5157
vn -0.3181 -0.8127 0.4882
vn -0.3202 -0.8097 0.4918
vn -0.3201 -0.8098 0.4918
vn -0.3250 -0.8184 0.4739
vn -0.3062 -0.8163 0.4897
vn -0.3320 -0.8235 0.4601
vn -0.3344 -0.8171 0.4696
vn -0.3614 -0.8257 0.4331
vn -0.3587 -0.8268 0.4333
vn -0.3561 -0.8341 0.4213
vn -0.3208 -0.8275 0.4608
vn -0.3201 -0.8305 0.4559
vn -0.3049 -0.8365 0.4554
vn -0.3049 -0.8360 0.4562
vn -0.2602 -0.8325 0.4890
vn -0.2601 -0.8307 0.4923
vn -0.2296 -0.8424 0.4875
vn -0.2304 -0.8381 0.4944
vn -0.2069 -0.8466 0.4904
vn -0.2052 -0.8252 0.5262
vn -0.1890 -0.8245 0.5333
vn -0.1775 -0.8115 0.5567
vn -0.1784 -0.8104 0.5580
vn -0.1510 -0.8150 0.5594
vn -0.1594 -0.7971 0.5825
vn -0.1500 -0.7975 0.5844
vn -0.1636 -0.8317 0.5306
vn -0.1772 -0.8350 0.5209
vn -0.1798 -0.8556 0.4855
vn -0.2077 -0.8425 0.4970
vn -0.2028 -0.8706 0.4484
vn -0.2148 -0.8735 0.4368
vn -0.2375 -0.8881 0.3935
vn -0.2637 -0.8698 0.4171
vn -0.2839 -0.8654 0.4128
vn -0.2458 -0.8539 0.4587
vn -0.2958 -0.8535 0.4291
vn -0.3261 -0.8655 0.3801
vn -0.3098 -0.8706 0.3821
vn -0.3305 -0.8856 0.3263
vn -0.3681 -0.8559 0.3632
vn -0.3286 -0.8589 0.3929
vn -0.2927 -0.8856 0.3605
vn -0.1345 -0.8094 0.5717
vn -0.1135 -0.7427 0.6599
vn -0.1023 -0.7311 0.6746
vn -0.1370 -0.7329 0.6664
vn -0.1345 -0.6733 0.7271
vn -0.1526 -0.6644 0.7316
vn -0.1614 -0.5913 0.7902
vn -0.1687 -0.5858 0.7927
vn -0.1888 -0.4968 0.8471
vn -0.1968 -0.5070 0.8392
vn -0.1835 -0.5091 0.8409
vn -0.1550 -0.5397 0.8275
vn -0.1815 -0.5384 0.8229
vn -0.1671 -0.5254 0.8343
vn -0.1418 -0.5326 0.8344
vn -0.1430 -0.6048 0.7835
vn -0.1255 -0.6170 0.7769
vn -0.1208 -0.6667 0.7355
vn -0.1190 -0.6673 0.7352
vn -0.1019 -0.6575 0.7465
vn -0.1112 -0.6543 0.7481
vn -0.1086 -0.6973 0.7085
vn -0.1137 -0.6943 0.7107
vn -0.0963 -0.6922 0.7153
vn -0.0927 -0.6536 0.7511
vn -0.0803 -0.6485 0.7570
vn -0.0763 -0.5996 0.7967
vn -0.0757 -0.6000 0.7965
vn -0.0724 -0.5376 0.8401
vn -0.0746 -0.5362 0.8408
vn -0.1104 -0.5377 0.8359
vn -0.1180 -0.5872 0.8008
vn -0.1086 -0.5871 0.8022
vn -0.1373 -0.5424 0.8288
vn -0.1344 -0.5373 0.8326
vn -0.1099 -0.5383 0.8356
vn -0.0970 -0.6031 0.7917
vn -0.1050 -0.6851 0.7208
vn -0.1101 -0.7240 0.6809
vn -0.1290 -0.7244 0.6772
vn -0.1443 -0.7566 0.6378
vn -0.1591 -0.7579 0.6327
vn -0.1599 -0.7806 0.6042
vn -0.1824 -0.7705 0.6108
vn -0.1810 -0.7877 0.5888
vn -0.2122 -0.7726 0.5984
vn -0.1859 -0.7716 0.6084
vn -0.1746 -0.7484 0.6399
vn -0.1547 -0.7663 0.6236
vn -0.1523 -0.7462 0.6480
vn -0.1271 -0.7360 0.6650
vn -0.2116 -0.7567 0.6186
vn -0.2276 -0.7722 0.5932
vn -0.2402 -0.7748 0.5847
vn -0.2381 -0.7869 0.5693
vn -0.2552 -0.7910 0.5560
vn -0.2603 -0.8034 0.5355
vn -0.2674 -0.8022 0.5337
vn -0.2663 -0.8044 0.5310
vn -0.2555 -0.8073 0.5320
vn -0.2756 -0.8172 0.5061
vn -0.2776 -0.8140 0.5102
vn -0.2549 -0.8088 0.5300
vn -0.2174 -0.8001 0.5591
vn -0.2415 -0.7907 0.5626
vn -0.2411 -0.7969 0.5540
vn -0.2137 -0.7852 0.5813
vn -0.2168 -0.7939 0.5681
vn -0.1915 -0.8074 0.5581
vn -0.1936 -0.8073 0.5575
vn -0.1939 -0.7911 0.5802
vn -0.2169 -0.8173 0.5338
vn -0.1623 -0.7646 0.6237
vn -0.1915 -0.7914 0.5805
vn -0.1355 -0.7721 0.6208
vn -0.1361 -0.7370 0.6621
vn -0.1155 -0.7426 0.6597
vn -0.1254 -0.7224 0.6801
vn -0.1228 -0.7229 0.6800
vn -0.1420 -0.7380 0.6597
vn -0.1282 -0.7628 0.6338
vn -0.1518 -0.7780 0.6096
vn -0.1257 -0.6772 0.7250
vn -0.1270 -0.6763 0.7256
vn -0.1409 -0.6161 0.7750
vn -0.1411 -0.6161 0.7749
vn -0.1101 -0.7042 0.7014
vn -0.1420 -0.7608 0.6333
vn -0.1179 -0.7282 0.6752
vn -0.1351 -0.7721 0.6209
vn -0.1613 -0.7881 0.5941
vn -0.1596 -0.7450 0.6477
vn -0.1306 -0.7123 0.6896
vn -0.1266 -0.7266 0.6753
vn -0.1232 -0.7018 0.7016
vn -0.0996 -0.6502 0.7532
vn -0.1168 -0.7051 0.6994
vn -0.1325 -0.6778 0.7232
vn -0.1516 -0.5399 0.8280
vn -0.1319 -0.6035 0.7864
vn -0.1682 -0.5934 0.7871
vn -0.1380 -0.6756 0.7243
vn -0.1306 -0.7379 0.6621
vn -0.1443 -0.6560 0.7408
vn -0.1341 -0.7825 0.6080
vn -0.1788 -0.8259 0.5346
vn -0.1472 -0.7913 0.5934
vn -0.1610 -0.8104 0.5633
vn -0.1789 -0.8379 0.5156
vn -0.2458 -0.8541 0.4584
vn -0.1899 -0.8234 0.5347
vn -0.2632 -0.8474 0.4610
vn -0.2155 -0.8209 0.5288
vn -0.2903 -0.8159 0.5000
vn -0.2647 -0.8571 0.4419
vn -0.3369 -0.8450 0.4154
vn -0.2926 -0.8265 0.4809
vn -0.3045 -0.8221 0.4811
vn -0.2895 -0.8108 0.5087
vn -0.2956 -0.8056 0.5134
vn -0.2781 -0.7869 0.5509
vn -0.2861 -0.8081 0.5148
vn -0.3142 -0.7931 0.5218
vn -0.3137 -0.7937 0.5212
vn -0.3437 -0.8016 0.4892
vn -0.3226 -0.8190 0.4745
vn -0.3436 -0.8017 0.4891
vn -0.3282 -0.8192 0.4703
vn -0.3450 -0.8079 0.4778
vn -0.3685 -0.7856 0.4970
vn -0.3807 -0.8024 0.4595
vn -0.4001 -0.7839 0.4748
vn -0.4005 -0.7924 0.4602
vn -0.4224 -0.8005 0.4252
vn -0.4241 -0.7965 0.4309
vn -0.4403 -0.8091 0.3893
vn -0.4415 -0.8061 0.3940
vn -0.4460 -0.8185 0.3620
vn -0.4870 -0.7992 0.3524
vn -0.4845 -0.8084 0.3343
vn -0.5225 -0.8000 0.2949
vn -0.5408 -0.7815 0.3112
vn -0.6276 -0.7454 0.2249
vn -0.6353 -0.7375 0.2292
vn -0.6268 -0.7470 0.2214
vn -0.6040 -0.7691 0.2087
vn -0.5229 -0.7980 0.2997
vn -0.4676 -0.8200 0.3301
vn -0.4327 -0.8460 0.3115
vn -0.4890 -0.7746 0.4012
vn -0.4408 -0.8088 0.3894
vn -0.4406 -0.7955 0.4161
vn -0.3664 -0.8171 0.4450
vn -0.4090 -0.8323 0.3741
vn -0.4719 -0.8236 0.3145
vn -0.5096 -0.8239 0.2479
vn -0.4541 -0.8188 0.3513
vn -0.4146 -0.8189 0.3970
vn -0.4693 -0.8117 0.3476
vn -0.5407 -0.7939 0.2782
vn -0.6169 -0.7693 0.1662
vn -0.6651 -0.7259 0.1754
vn -0.5098 -0.7995 0.3176
vn -0.6468 -0.7520 0.1269
vn -0.7170 -0.6880 0.1121
vn -0.5218 -0.8083 0.2728
vn -0.6508 -0.7590 0.0205
vn -0.5565 -0.7975 0.2328
vn -0.4472 -0.8620 0.2387
vn -0.4727 -0.8136 0.3385
vn -0.4393 -0.8504 0.2897
vn -0.3698 -0.8659 0.3369
vn -0.3588 -0.8401 0.4068
vn -0.3392 -0.8406 0.4223
vn -0.3822 -0.8459 0.3721
vn 0.0115 -0.9987 -0.0487
vn 0.0037 -1.0000 -0.0090
vn 0.0034 -1.0000 -0.0083
vn 0.0226 -0.9997 -0.0101
vn 0.0111 -0.9995 -0.0288
vn 0.0245 -0.9986 -0.0463
vn 0.0518 -0.9979 -0.0377
vn 0.0384 -0.9992 -0.0052
vn 0.0647 -0.9979 -0.0053
vn 0.0511 -0.9976 -0.0476
vn 0.0683 -0.9970 -0.0374
vn 0.1010 -0.9935 -0.0522
vn 0.0920 -0.9956 -0.0178
vn 0.1533 -0.9875 -0.0356
vn 0.1484 -0.9889 0.0018
vn 0.1743 -0.9841 0.0346
vn 0.1674 -0.9843 0.0567
vn 0.2427 -0.9690 0.0454
vn 0.2394 -0.9692 0.0581
vn 0.2564 -0.9626 0.0871
vn 0.2524 -0.9621 0.1035
vn 0.2796 -0.9564 0.0849
vn 0.2754 -0.9562 0.0991
vn 0.2858 -0.9521 0.1089
vn 0.2900 -0.9519 0.0993
vn 0.2992 -0.9481 0.1073
vn 0.3021 -0.9490 0.0900
vn 0.3105 -0.9455 0.0985
vn 0.3150 -0.9461 0.0750
vn 0.3198 -0.9440 0.0808
vn 0.3255 -0.9439 0.0564
vn 0.3285 -0.9426 0.0604
vn 0.3331 -0.9422 0.0354
vn 0.3287 -0.9440 0.0297
vn 0.3287 -0.9439 0.0321
vn 0.2738 -0.9615 0.0220
vn 0.2786 -0.9599 0.0299
vn 0.2109 -0.9770 0.0302
vn 0.2044 -0.9780 0.0404
vn 0.1485 -0.9878 0.0480
vn 0.1423 -0.9878 0.0628
vn 0.0951 -0.9935 0.0619
vn 0.0953 -0.9934 0.0634
vn 0.0807 -0.9954 0.0511
vn 0.0209 -0.9980 0.0596
vn 0.0189 -0.9984 0.0525
vn 0.0233 -0.9981 0.0567
vn 0.0231 -0.9967 0.0780
vn 0.0198 -0.9970 0.0743
vn 0.0193 -0.9970 0.0753
vn 0.0113 -0.9950 0.0988
vn 0.0137 -0.9947 0.1020
vn 0.0160 -0.9951 0.0973
vn 0.0100 -0.9930 0.1181
vn 0.0099 -0.9928 0.1192
vn 0.0488 -0.9911 0.1237
vn 0.0489 -0.9905 0.1286
vn 0.0324 -0.9896 0.1402
vn 0.0094 -0.9907 0.1358
vn 0.0094 -0.9907 0.1359
vn 0.0095 -0.9907 0.1358
vn 0.0137 -0.9889 0.1481
vn 0.0124 -0.9893 0.1457
vn 0.0099 -0.9890 0.1476
vn 0.0106 -0.9885 0.1511
vn 0.0100 -0.9885 0.1507
vn 0.0098 -0.9884 0.1517
vn 0.0106 -0.9896 0.1432
vn 0.0070 -0.9901 0.1403
vn 0.0060 -0.9896 0.1439
vn 0.0116 -0.9925 0.1218
vn 0.0019 -0.9939 0.1101
vn -0.0038 -0.9925 0.1224
vn 0.0125 -0.9961 0.0870
vn 0.0155 -0.9970 0.0757
vn -0.0120 -0.9960 0.0880
vn 0.0111 -0.9990 0.0435
vn -0.0073 -0.9995 0.0301
vn 0.0262 -0.9992 0.0312
vn 0.0206 -0.9991 0.0363
vn 0.0433 -0.9982 0.0416
vn 0.0427 -0.9982 0.0423
vn 0.0772 -0.9964 0.0341
vn 0.0730 -0.9969 0.0305
vn 0.1034 -0.9943 0.0261
vn 0.0729 -0.9934 0.0880
vn 0.0423 -0.9958 0.0816
vn 0.0855 -0.9934 0.0767
vn 0.1238 -0.9887 0.0847
vn 0.1291 -0.9886 0.0772
vn 0.1371 -0.9851 0.1042
vn 0.1130 -0.9889 0.0964
vn 0.1170 -0.9834 0.1389
vn 0.1451 -0.9821 0.1198
vn 0.1451 -0.9790 0.1429
vn 0.1876 -0.9757 0.1134
vn 0.2294 -0.9650 0.1272
vn 0.1896 -0.9722 0.1377
vn 0.1537 -0.9806 0.1219
vn 0.1560 -0.9785 0.1348
vn 0.1092 -0.9865 0.1224
vn 0.1093 -0.9864 0.1227
vn 0.1306 -0.9864 0.0997
vn 0.1786 -0.9781 0.1071
vn 0.1962 -0.9771 0.0825
vn 0.2526 -0.9638 0.0850
vn 0.1966 -0.9769 0.0836
vn 0.1494 -0.9862 0.0714
vn 0.2069 -0.9761 0.0661
vn 0.2602 -0.9635 0.0635
vn 0.2031 -0.9773 0.0598
vn 0.1287 -0.9876 0.0897
vn 0.0788 -0.9938 0.0782
vn 0.1790 -0.9779 0.1082
vn 0.2404 -0.9644 0.1102
vn 0.1171 -0.9820 0.1482
vn 0.0867 -0.9872 0.1340
vn 0.0461 -0.9873 0.1521
vn 0.2391 -0.9645 0.1120
vn 0.1149 -0.9847 0.1308
vn 0.0943 -0.9842 0.1499
vn 0.0458 -0.9883 0.1452
vn 0.1541 -0.9800 0.1259
vn 0.2032 -0.9723 0.1155
vn 0.0896 -0.9878 0.1273
vn 0.0640 -0.9873 0.1456
vn 0.0604 -0.9927 0.1048
vn 0.1575 -0.9836 0.0883
vn 0.1803 -0.9786 0.0994
vn 0.0919 -0.9890 0.1155
vn 0.0547 -0.9966 0.0611
vn -0.0125 -0.9992 0.0381
vn 0.0202 -0.9968 0.0772
vn 0.0505 -0.9920 0.1160
vn 0.0492 -0.9899 0.1332
vn 0.0475 -0.9880 0.1472
vn 0.0321 -0.9893 0.1420
vn 0.0867 -0.9862 0.1409
vn 0.0586 -0.9918 0.1132
vn 0.0108 -0.9929 0.1186
vn 0.0575 -0.9927 0.1062
vn 0.0797 -0.9935 0.0814
vn 0.1448 -0.9884 0.0449
vn 0.2085 -0.9769 0.0470
vn 0.2639 -0.9636 0.0430
vn 0.3470 -0.9378 0.0129
vn 0.2657 -0.9630 0.0457
vn 0.2606 -0.9633 0.0640
vn 0.2514 -0.9643 0.0829
vn 0.2395 -0.9647 0.1091
vn 0.2553 -0.9592 0.1217
vn 0.2529 -0.9616 0.1068
vn 0.2212 -0.9709 0.0923
vn 0.1908 -0.9776 0.0887
vn 0.2198 -0.9754 0.0151
vn 0.1820 -0.9805 0.0737
vn 0.0995 -0.9945 0.0318
vn 0.2236 -0.9747 -0.0070
vn 0.1987 -0.9794 -0.0363
vn 0.2013 -0.9779 -0.0563
vn 0.1388 -0.9892 -0.0464
vn 0.0970 -0.9952 -0.0132
vn 0.0700 -0.9975 -0.0120
vn 0.0455 -0.9990 0.0017
vn 0.0424 -0.9982 -0.0431
vn 0.0122 -0.9999 0.0089
vn 0.0100 -0.9999 -0.0036
vn 0.0113 -0.9990 -0.0434
vn 0.0115 -0.9990 -0.0437
vn 0.0190 -0.9977 -0.0650
vn 0.0220 -0.9975 -0.0676
vn 0.0381 -0.9972 -0.0646
vn 0.0359 -0.9971 -0.0668
vn 0.0366 -0.9967 -0.0725
vn 0.0208 -0.9974 -0.0689
vn 0.0170 -0.9983 -0.0553
vn 0.0189 -0.9983 -0.0555
vn 0.0210 -0.9984 -0.0530
vn 0.0117 -0.9974 -0.0705
vn 0.0108 -0.9975 -0.0695
vn 0.0064 -0.9972 -0.0747
vn 0.0099 -0.9976 -0.0678
vn 0.0134 -0.9987 -0.0495
vn 0.0202 -0.9998 -0.0089
vn 0.0196 -0.9998 -0.0100
vn 0.0149 -0.9998 -0.0103
vn 0.0325 -0.9986 0.0416
vn 0.0263 -0.9987 0.0432
vn 0.0281 -0.9986 0.0442
vn 0.0292 -0.9986 0.0439
vn 0.0392 -0.9991 -0.0178
vn 0.0379 -0.9991 -0.0191
vn 0.0402 -0.9976 -0.0555
vn 0.0362 -0.9977 -0.0578
vn 0.0271 -0.9984 -0.0495
vn 0.0434 -0.9974 -0.0576
vn 0.0616 -0.9966 -0.0546
vn 0.0557 -0.9966 -0.0608
vn 0.0772 -0.9947 -0.0685
vn 0.0816 -0.9946 -0.0646
vn 0.0745 -0.9971 -0.0153
vn 0.0826 -0.9966 -0.0041
vn 0.0718 -0.9962 0.0493
vn 0.0703 -0.9964 0.0475
vn 0.0970 -0.9946 0.0379
vn 0.0991 -0.9943 0.0403
vn 0.0509 -0.9973 0.0521
vn 0.0479 -0.9976 0.0490
vn 0.0900 -0.9959 -0.0027
vn 0.1116 -0.9932 -0.0333
vn 0.1019 -0.9909 -0.0884
vn 0.0553 -0.9984 -0.0116
vn 0.1128 -0.9904 -0.0793
vn 0.1123 -0.9889 -0.0974
vn 0.1352 -0.9827 -0.1265
vn 0.1372 -0.9834 -0.1184
vn 0.1511 -0.9789 -0.1373
vn 0.1614 -0.9826 -0.0924
vn 0.2018 -0.9713 -0.1259
vn 0.1853 -0.9789 -0.0859
vn 0.1098 -0.9904 -0.0842
vn 0.1248 -0.9894 -0.0749
vn 0.0974 -0.9934 -0.0610
vn 0.1032 -0.9901 -0.0956
vn 0.0809 -0.9938 -0.0762
vn 0.0487 -0.9960 -0.0745
vn 0.0495 -0.9958 -0.0767
vn 0.0761 -0.9929 -0.0915
vn 0.1166 -0.9886 -0.0951
vn 0.1056 -0.9880 -0.1127
vn 0.1026 -0.9893 -0.1037
vn 0.0784 -0.9928 -0.0905
vn 0.0614 -0.9949 -0.0797
vn 0.0452 -0.9957 -0.0807
vn 0.0411 -0.9990 -0.0192
vn 0.0476 -0.9987 -0.0196
vn 0.0376 -0.9980 0.0508
vn 0.0272 -0.9996 -0.0057
vn 0.0206 -0.9983 0.0549
vn 0.0138 -0.9983 0.0562
vn 0.0127 -0.9985 0.0529
vn 0.0146 -0.9984 0.0552
vn 0.0152 -0.9998 -0.0105
vn 0.0149 -0.9999 -0.0060
vn 0.0221 -0.9985 -0.0496
vn 0.0355 -0.9967 -0.0732
vn 0.0591 -0.9959 -0.0683
vn 0.0104 -0.9976 -0.0682
vn 0.0094 -0.9973 -0.0726
vn 0.0185 -0.9973 -0.0708
vn 0.7015 -0.7125 -0.0126
vn 0.6916 -0.7223 0.0030
vn 0.6881 -0.7256 -0.0099
vn 0.6870 -0.7266 -0.0081
vn 0.6827 -0.7301 -0.0294
vn 0.6929 -0.7207 -0.0203
vn 0.6864 -0.7217 -0.0894
vn 0.7172 -0.6936 -0.0678
vn 0.7196 -0.6846 -0.1160
vn 0.6599 -0.7445 -0.1011
vn 0.6635 -0.7401 -0.1099
vn 0.6441 -0.7480 -0.1600
vn 0.7141 -0.6800 -0.1664
vn 0.7000 -0.6892 -0.1870
vn 0.7490 -0.6353 -0.1879
vn 0.7500 -0.6332 -0.1909
vn 0.7922 -0.5816 -0.1847
vn 0.7934 -0.5793 -0.1870
vn 0.8313 -0.5291 -0.1705
vn 0.8408 -0.5090 -0.1843
vn 0.8628 -0.4759 -0.1703
vn 0.8580 -0.4888 -0.1576
vn 0.8655 -0.4833 -0.1315
vn 0.8585 -0.4998 -0.1145
vn 0.8665 -0.4934 -0.0759
vn 0.8547 -0.5114 -0.0886
vn 0.8607 -0.5059 -0.0572
vn 0.8240 -0.5639 -0.0544
vn 0.8219 -0.5667 -0.0579
vn 0.8228 -0.5679 -0.0244
vn 0.7933 -0.6076 -0.0390
vn 0.7955 -0.6043 -0.0453
vn 0.7645 -0.6422 -0.0555
vn 0.7597 -0.6485 -0.0479
vn 0.7292 -0.6825 -0.0488
vn 0.7558 -0.6496 -0.0823
vn 0.7721 -0.6323 -0.0642
vn 0.7662 -0.6272 -0.1399
vn 0.7982 -0.5962 -0.0863
vn 0.8115 -0.5798 -0.0732
vn 0.8050 -0.5807 -0.1218
vn 0.8411 -0.5268 -0.1227
vn 0.7698 -0.6381 -0.0127
vn 0.7603 -0.6491 -0.0235
vn 0.7577 -0.6526 0.0018
vn 0.7581 -0.6521 0.0024
vn 0.7582 -0.6520 0.0032
vn 0.7274 -0.6862 0.0057
vn 0.7261 -0.6875 0.0040
vn 0.7255 -0.6882 0.0083
vn 0.7530 -0.6581 0.0022
vn 0.7501 -0.6612 0.0101
vn 0.7807 -0.6247 0.0129
vn 0.7821 -0.6230 0.0159
vn 0.7832 -0.6217 0.0099
vn 0.7847 -0.6197 0.0129
vn 0.8159 -0.5782 0.0059
vn 0.8238 -0.5666 0.0196
vn 0.8249 -0.5653 -0.0048
vn 0.7959 -0.6055 0.0048
vn 0.8360 -0.5486 0.0103
vn 0.8544 -0.5197 0.0005
vn 0.8545 -0.5192 0.0173
vn 0.8578 -0.5139 0.0044
vn 0.8565 -0.5158 -0.0153
vn 0.8595 -0.5108 -0.0195
vn 0.8521 -0.5233 0.0130
vn 0.8516 -0.5237 0.0220
vn 0.8462 -0.5328 0.0097
vn 0.8454 -0.5338 0.0172
vn 0.8478 -0.5297 0.0251
vn 0.8490 -0.5284 0.0062
vn 0.8144 -0.5803 -0.0001
vn 0.8172 -0.5763 0.0063
vn 0.7845 -0.6202 0.0002
vn 0.7842 -0.6205 0.0006
vn 0.7538 -0.6571 -0.0009
vn 0.7534 -0.6575 0.0067
vn 0.7532 -0.6577 -0.0020
vn 0.7231 -0.6907 0.0025
vn 0.7254 -0.6883 -0.0018
vn 0.6937 -0.7203 -0.0065
vn 0.6945 -0.7194 -0.0075
vn 0.6945 -0.7194 0.0031
vn 0.7161 -0.6979 0.0122
vn 0.6956 -0.7185 0.0022
vn 0.6954 -0.7186 0.0072
vn 0.6954 -0.7186 0.0075
vn 0.7257 -0.6880 0.0014
vn 0.7832 -0.6216 0.0132
vn 0.8516 -0.5243 0.0015
vn 0.8138 -0.5810 0.0128
vn 0.8087 -0.5878 0.0205
vn 0.8150 -0.5792 0.0185
vn 0.8081 -0.5890 0.0075
vn 0.7819 -0.6233 0.0095
vn 0.7505 -0.6608 0.0113
vn 0.7166 -0.6975 -0.0023
vn 0.7559 -0.6546 0.0086
vn 0.7274 -0.6862 -0.0031
vn 0.7871 -0.6167 -0.0091
vn 0.7275 -0.6860 -0.0082
vn 0.7997 -0.5999 -0.0247
vn 0.8330 -0.5520 -0.0374
vn 0.7956 -0.6041 -0.0449
vn 0.8262 -0.5569 -0.0855
vn 0.8562 -0.5149 -0.0416
vn 0.8362 -0.5438 -0.0720
vn 0.8389 -0.5293 -0.1267
vn 0.8059 -0.5789 -0.1238
vn 0.7656 -0.6282 -0.1387
vn 0.6477 -0.7436 -0.1659
vn 0.7060 -0.6945 -0.1388
vn 0.7286 -0.6801 -0.0816
vn 0.6726 -0.7374 -0.0628
vn 0.7316 -0.6802 -0.0459
vn 0.7219 -0.6918 -0.0154
vn 0.7213 -0.6926 0.0036
vn 0.7019 -0.7121 0.0164
vn 0.6545 -0.7560 0.0046
vn 0.6580 -0.7529 0.0076
vn 0.6581 -0.7529 0.0086
vn 0.6528 -0.7576 0.0024
vn 0.6562 -0.7543 0.0204
vn 0.6206 -0.7840 0.0138
vn 0.6196 -0.7848 0.0119
vn 0.6213 -0.7835 0.0064
vn 0.6605 -0.7508 0.0059
vn 0.6620 -0.7495 0.0024
vn 0.6601 -0.7512 -0.0045
vn 0.6624 -0.7491 -0.0076
vn 0.6205 -0.7842 -0.0063
vn 0.6266 -0.7793 0.0049
vn 0.5847 -0.8112 -0.0090
vn 0.5682 -0.8228 0.0085
vn 0.5353 -0.8447 -0.0063
vn 0.5246 -0.8513 0.0046
vn 0.4766 -0.8791 0.0023
vn 0.4780 -0.8784 0.0037
vn 0.4210 -0.9069 0.0185
vn 0.4143 -0.9101 0.0114
vn 0.4203 -0.9073 0.0123
vn 0.4008 -0.9156 0.0338
vn 0.4012 -0.9144 0.0541
vn 0.3928 -0.9185 0.0458
vn 0.3955 -0.9157 0.0716
vn 0.3953 -0.9157 0.0719
vn 0.3941 -0.9167 0.0660
vn 0.3684 -0.9256 0.0870
vn 0.3670 -0.9254 0.0952
vn 0.3558 -0.9308 0.0842
vn 0.3520 -0.9312 0.0945
vn 0.3476 -0.9333 0.0899
vn 0.3501 -0.9349 0.0578
vn 0.3197 -0.9440 0.0822
vn 0.3195 -0.9461 0.0524
vn 0.3115 -0.9491 0.0473
vn 0.3027 -0.9529 -0.0170
vn 0.3517 -0.9361 -0.0096
vn 0.3227 -0.9441 -0.0676
vn 0.3239 -0.9435 -0.0704
vn 0.2542 -0.9656 -0.0539
vn 0.2706 -0.9618 -0.0420
vn 0.3983 -0.9143 -0.0735
vn 0.4054 -0.9104 -0.0825
vn 0.5003 -0.8615 -0.0873
vn 0.4913 -0.8689 -0.0608
vn 0.5715 -0.8167 -0.0798
vn 0.5652 -0.8240 -0.0390
vn 0.6190 -0.7825 -0.0672
vn 0.6310 -0.7758 -0.0071
vn 0.6411 -0.7670 -0.0265
vn 0.6484 -0.7613 -0.0007
vn 0.6006 -0.7995 -0.0070
vn 0.6141 -0.7890 0.0166
vn 0.5600 -0.8280 0.0278
vn 0.5659 -0.8237 0.0360
vn 0.5670 -0.8231 0.0321
vn 0.5687 -0.8218 0.0342
vn 0.5695 -0.8215 0.0293
vn 0.5714 -0.8201 0.0318
vn 0.5203 -0.8529 0.0433
vn 0.5138 -0.8571 0.0363
vn 0.5154 -0.8566 0.0262
vn 0.5213 -0.8527 0.0326
vn 0.5196 -0.8542 0.0194
vn 0.4660 -0.8846 0.0176
vn 0.4662 -0.8841 0.0328
vn 0.5694 -0.8220 0.0099
vn 0.5699 -0.8217 0.0076
vn 0.4683 -0.8815 0.0608
vn 0.4673 -0.8827 0.0497
vn 0.5189 -0.8535 0.0484
vn 0.5209 -0.8521 0.0506
vn 0.6167 -0.7869 0.0224
vn 0.5205 -0.8533 0.0313
vn 0.4910 -0.8689 0.0627
vn 0.4387 -0.8973 0.0492
vn 0.4811 -0.8763 0.0235
vn 0.4607 -0.8863 0.0478
vn 0.4042 -0.9128 0.0575
vn 0.4035 -0.9142 0.0372
vn 0.4584 -0.8883 0.0295
vn 0.4612 -0.8868 0.0312
vn 0.4499 -0.8928 -0.0229
vn 0.5114 -0.8593 -0.0049
vn 0.5125 -0.8587 -0.0040
vn 0.5130 -0.8576 0.0376
vn 0.5621 -0.8270 0.0002
vn 0.5896 -0.8076 0.0114
vn 0.5795 -0.8148 -0.0174
vn 0.6294 -0.7748 -0.0594
vn 0.6178 -0.7792 -0.1059
vn 0.6099 -0.7869 -0.0942
vn 0.6019 -0.7849 -0.1469
vn 0.5494 -0.8224 -0.1475
vn 0.5297 -0.8393 -0.1225
vn 0.5881 -0.7927 -0.1603
vn 0.5808 -0.8138 -0.0205
vn 0.5569 -0.8252 -0.0946
vn 0.5184 -0.8548 -0.0242
vn 0.4598 -0.8783 -0.1314
vn 0.4451 -0.8954 -0.0154
vn 0.3495 -0.9369 -0.0056
vn 0.2762 -0.9610 0.0108
vn 0.3712 -0.9284 0.0147
vn 0.3712 -0.9261 0.0680
vn 0.4024 -0.9137 0.0563
vn 0.4051 -0.9103 0.0848
vn 0.4455 -0.8921 0.0757
vn 0.4607 -0.8858 0.0556
vn 0.4587 -0.8876 0.0423
vn 0.4679 -0.8835 0.0202
vn 0.5264 -0.8502 0.0083
vn 0.5685 -0.8227 0.0057
vn 0.6181 -0.7861 0.0002
vn 0.5745 -0.8183 0.0171
vn 0.6190 -0.7851 0.0208
vn 0.6611 -0.7503 0.0077
vn 0.6171 -0.7867 0.0182
vn 0.6137 -0.7893 0.0187
vn 0.6529 -0.7575 -0.0062
vn 0.8072 -0.5301 -0.2596
vn 0.8160 -0.5054 -0.2806
vn 0.8516 -0.4592 -0.2527
vn 0.8540 -0.4514 -0.2587
vn 0.8774 -0.4084 -0.2519
vn 0.8849 -0.3989 -0.2404
vn 0.8896 -0.4009 -0.2190
vn 0.8906 -0.3951 -0.2252
vn 0.8575 -0.4610 -0.2283
vn 0.8773 -0.4084 -0.2519
vn 0.8655 -0.4227 -0.2688
vn 0.8694 -0.4270 -0.2488
vn 0.8622 -0.4344 -0.2607
vn 0.8665 -0.4428 -0.2304
vn 0.8421 -0.4687 -0.2668
vn 0.8576 -0.4753 -0.1966
vn 0.8580 -0.4740 -0.1980
vn 0.8226 -0.5251 -0.2183
vn 0.8160 -0.5393 -0.2080
vn 0.7838 -0.5769 -0.2301
vn 0.7707 -0.5996 -0.2158
vn 0.7406 -0.6295 -0.2351
vn 0.7357 -0.6372 -0.2295
vn 0.6903 -0.6841 -0.2357
vn 0.6826 -0.6812 -0.2646
vn 0.6850 -0.6751 -0.2738
vn 0.6337 -0.7296 -0.2571
vn 0.6237 -0.7350 -0.2661
vn 0.6342 -0.7405 -0.2225
vn 0.6379 -0.7351 -0.2295
vn 0.6234 -0.7192 -0.3068
vn 0.6827 -0.6683 -0.2955
vn 0.6871 -0.6676 -0.2867
vn 0.6788 -0.6837 -0.2680
vn 0.6144 -0.7353 -0.2861
vn 0.6113 -0.7393 -0.2825
vn 0.6165 -0.7471 -0.2486
vn 0.6330 -0.7375 -0.2354
vn 0.6310 -0.7520 -0.1906
vn 0.6418 -0.7475 -0.1713
vn 0.6220 -0.7748 -0.1132
vn 0.6910 -0.7035 -0.1661
vn 0.7150 -0.6681 -0.2062
vn 0.7602 -0.6212 -0.1902
vn 0.7723 -0.5959 -0.2200
vn 0.8154 -0.5378 -0.2142
vn 0.7580 -0.6013 -0.2528
vn 0.7095 -0.6629 -0.2390
vn 0.6798 -0.6844 -0.2636
vn 0.7414 -0.6031 -0.2941
vn 0.7685 -0.5821 -0.2657
vn 0.7909 -0.5417 -0.2847
vn 0.7911 -0.5419 -0.2838
vn 0.7796 -0.5509 -0.2978
vn 0.7851 -0.5621 -0.2600
vn 0.8282 -0.4838 -0.2828
vn 0.8324 -0.4820 -0.2736
vn 0.7416 -0.6082 -0.2829
vn 0.7331 -0.6137 -0.2931
vn 0.7336 -0.6251 -0.2666
vn 0.6140 -0.7350 -0.2876
vn 0.6794 -0.6776 -0.2816
vn 0.6920 -0.6829 -0.2338
vn 0.7279 -0.6293 -0.2723
vn 0.7595 -0.5857 -0.2831
vn 0.8003 -0.5321 -0.2763
vn 0.8340 -0.4916 -0.2505
vn 0.8268 -0.4942 -0.2687
vn 0.8548 -0.4512 -0.2562
vn 0.8558 -0.4630 -0.2307
vn 0.8236 -0.5065 -0.2552
vn 0.7657 -0.5808 -0.2763
vn 0.8198 -0.5254 -0.2277
vn 0.4761 -0.8477 -0.2341
vn 0.5046 -0.8406 -0.1967
vn 0.5046 -0.8406 -0.1968
vn 0.5601 -0.8070 -0.1868
vn 0.5806 -0.7845 -0.2177
vn 0.5234 -0.8349 -0.1702
vn 0.4529 -0.8754 -0.1691
vn 0.4489 -0.8794 -0.1585
vn 0.3812 -0.9142 -0.1378
vn 0.3735 -0.9069 -0.1950
vn 0.3540 -0.9200 -0.1681
vn 0.2874 -0.9441 -0.1616
vn 0.2858 -0.9392 -0.1901
vn 0.3161 -0.9318 -0.1786
vn 0.3115 -0.9287 -0.2013
vn 0.3216 -0.9265 -0.1955
vn 0.3180 -0.9254 -0.2060
vn 0.3912 -0.8948 -0.2152
vn 0.3927 -0.8898 -0.2327
vn 0.4680 -0.8460 -0.2555
vn 0.4679 -0.8442 -0.2617
vn 0.5462 -0.7897 -0.2793
vn 0.5479 -0.7953 -0.2593
vn 0.5435 -0.7907 -0.2819
vn 0.5443 -0.7938 -0.2715
vn 0.5377 -0.7962 -0.2772
vn 0.5402 -0.8074 -0.2373
vn 0.5310 -0.8118 -0.2431
vn 0.5443 -0.8181 -0.1859
vn 0.5247 -0.8353 -0.1641
vn 0.4858 -0.8591 -0.1609
vn 0.4696 -0.8640 -0.1816
vn 0.4045 -0.8959 -0.1839
vn 0.3613 -0.9231 -0.1314
vn 0.3055 -0.9414 -0.1429
vn 0.2637 -0.9605 -0.0887
vn 0.2177 -0.9714 -0.0951
vn 0.2077 -0.9767 -0.0532
vn 0.2093 -0.9765 -0.0509
vn 0.1932 -0.9810 0.0193
vn 0.1577 -0.9874 0.0148
vn 0.1414 -0.9892 0.0377
vn 0.1976 -0.9799 0.0257
vn 0.2686 -0.9631 0.0181
vn 0.2873 -0.9571 -0.0379
vn 0.3442 -0.9377 -0.0476
vn 0.1530 -0.9876 -0.0348
vn 0.1520 -0.9877 -0.0361
vn 0.1590 -0.9823 -0.0987
vn 0.1637 -0.9821 -0.0933
vn 0.1698 -0.9753 -0.1412
vn 0.2211 -0.9624 -0.1576
vn 0.2231 -0.9633 -0.1491
vn 0.1871 -0.9704 -0.1530
vn 0.1944 -0.9707 -0.1416
vn 0.2015 -0.9661 -0.1613
vn 0.2258 -0.9657 -0.1284
vn 0.2226 -0.9692 -0.1058
vn 0.2428 -0.9657 -0.0921
vn 0.2241 -0.9622 -0.1550
vn 0.1793 -0.9751 -0.1305
vn 0.2115 -0.9717 -0.1049
vn 0.2641 -0.9620 -0.0697
vn 0.3725 -0.9239 -0.0878
vn 0.4324 -0.8985 -0.0757
vn 0.4750 -0.8733 -0.1084
vn 0.5261 -0.8457 -0.0894
vn 0.5424 -0.8331 -0.1087
vn 0.4815 -0.8475 -0.2233
vn 0.4685 -0.8517 -0.2347
vn 0.4684 -0.8459 -0.2551
vn 0.4011 -0.8924 -0.2068
vn 0.2965 -0.9412 -0.1620
vn 0.3882 -0.8908 -0.2362
vn 0.3884 -0.8939 -0.2238
vn 0.4034 -0.8904 -0.2108
vn 0.2414 -0.9529 -0.1835
vn 0.2570 -0.9534 -0.1578
vn 0.3212 -0.9382 -0.1285
vn 0.3136 -0.9433 -0.1085
vn 0.3330 -0.9209 -0.2028
vn 0.4069 -0.8952 -0.1817
vn 0.3847 -0.9131 -0.1353
vn 0.4227 -0.8833 -0.2027
vn 0.4768 -0.8418 -0.2533
vn 0.5473 -0.7955 -0.2599
vn -0.6420 0.7666 0.0064
vn -0.7018 0.7123 -0.0067
vn -0.7020 0.7120 0.0176
vn -0.7160 0.6981 0.0027
vn -0.7829 0.6220 0.0141
vn -0.7915 0.6104 0.0319
vn -0.8411 0.5404 0.0215
vn -0.8384 0.5449 0.0144
vn -0.8334 0.5520 0.0274
vn -0.8366 0.5465 0.0383
vn -0.8415 0.5398 0.0216
vn -0.7837 0.6207 0.0209
vn -0.7842 0.6201 0.0224
vn -0.7911 0.6116 0.0025
vn -0.7213 0.6926 -0.0009
vn -0.7209 0.6931 -0.0017
vn -0.6467 0.7627 -0.0046
vn -0.6532 0.7569 -0.0195
vn -0.5845 0.8097 -0.0525
vn -0.5911 0.8066 0.0042
vn -0.5597 0.8282 -0.0297
vn -0.5561 0.8310 -0.0116
vn -0.5590 0.8291 -0.0075
vn -0.4894 0.8717 -0.0229
vn -0.4895 0.8712 -0.0368
vn -0.4882 0.8719 -0.0385
vn -0.4917 0.8704 -0.0250
vn -0.4912 0.8705 -0.0302
vn -0.5592 0.8288 -0.0195
vn -0.5665 0.8237 -0.0258
vn -0.6407 0.7677 0.0113
vn -0.5000 0.8658 -0.0218
vn -0.5049 0.8617 -0.0500
vn -0.4936 0.8670 -0.0679
vn -0.4983 0.8630 -0.0826
vn -0.5007 0.8620 -0.0795
vn -0.5063 0.8542 -0.1185
vn -0.4959 0.8581 -0.1334
vn -0.5658 0.8169 -0.1120
vn -0.5647 0.8111 -0.1520
vn -0.5689 0.8092 -0.1468
vn -0.6223 0.7653 -0.1646
vn -0.6450 0.7513 -0.1397
vn -0.6519 0.7344 -0.1892
vn -0.5806 0.7964 -0.1692
vn -0.5856 0.7764 -0.2329
vn -0.5441 0.8142 -0.2027
vn -0.4897 0.8437 -0.2200
vn -0.4986 0.8471 -0.1842
vn -0.4886 0.8562 -0.1678
vn -0.4942 0.8555 -0.1547
vn -0.4759 0.8543 -0.2088
vn -0.4761 0.8498 -0.2262
vn -0.4674 0.8524 -0.2345
vn -0.5407 0.8058 -0.2416
vn -0.5342 0.8130 -0.2318
vn -0.6155 0.7522 -0.2351
vn -0.6138 0.7530 -0.2371
vn -0.6837 0.6903 -0.2365
vn -0.6798 0.6967 -0.2293
vn -0.6887 0.6949 -0.2069
vn -0.6506 0.7240 -0.2292
vn -0.6898 0.6932 -0.2090
vn -0.6994 0.6895 -0.1881
vn -0.7140 0.6687 -0.2075
vn -0.7166 0.6797 -0.1569
vn -0.7683 0.6219 -0.1515
vn -0.7585 0.6269 -0.1781
vn -0.8140 0.5553 -0.1703
vn -0.8131 0.5562 -0.1719
vn -0.8098 0.5518 -0.1991
vn -0.8029 0.5660 -0.1871
vn -0.7512 0.6262 -0.2089
vn -0.7881 0.5669 -0.2399
vn -0.7492 0.6219 -0.2279
vn -0.8080 0.5476 -0.2173
vn -0.8519 0.4744 -0.2220
vn -0.8548 0.4827 -0.1906
vn -0.8579 0.4681 -0.2120
vn -0.8620 0.4759 -0.1748
vn -0.8636 0.4796 -0.1555
vn -0.8664 0.4725 -0.1614
vn -0.8689 0.4779 -0.1292
vn -0.8741 0.4711 -0.1187
vn -0.8164 0.5624 -0.1310
vn -0.8256 0.5538 -0.1086
vn -0.8220 0.5625 -0.0887
vn -0.8690 0.4849 -0.0987
vn -0.8646 0.5013 -0.0330
vn -0.8238 0.5628 -0.0678
vn -0.8324 0.5541 -0.0035
vn -0.8387 0.5444 -0.0126
vn -0.8782 0.4782 -0.0047
vn -0.8760 0.4818 0.0229
vn -0.8814 0.4722 0.0149
vn -0.8812 0.4720 0.0256
vn -0.8745 0.4847 -0.0142
vn -0.8787 0.4747 -0.0505
vn -0.8271 0.5569 -0.0760
vn -0.7637 0.6413 -0.0740
vn -0.7578 0.6471 -0.0837
vn -0.7532 0.6578 -0.0097
vn -0.7045 0.7063 -0.0694
vn -0.7109 0.6966 -0.0967
vn -0.6487 0.7516 -0.1195
vn -0.6560 0.7527 -0.0558
vn -0.6409 0.7643 -0.0719
vn -0.5955 0.8012 -0.0590
vn -0.7073 0.6993 -0.1035
vn -0.6984 0.7116 -0.0768
vn -0.7003 0.7135 -0.0239
vn -0.7703 0.6275 -0.1138
vn -0.7810 0.6168 -0.0981
vn -0.8717 0.4814 -0.0914
vn -0.8163 0.5626 -0.1308
vn -0.7764 0.6083 -0.1648
vn -0.7556 0.6314 -0.1740
vn -0.7546 0.6240 -0.2031
vn -0.7543 0.6179 -0.2220
vn -0.6121 0.7621 -0.2109
vn -0.6482 0.7364 -0.1939
vn -0.7173 0.6791 -0.1558
vn -0.6250 0.7742 -0.1002
vn -0.5750 0.7990 -0.1759
vn -0.5881 0.7982 -0.1304
vn -0.4938 0.8558 -0.1541
vn -0.5594 0.8237 -0.0929
vn -0.5691 0.8214 -0.0379
vn -0.6377 0.7680 -0.0600
vn -0.7260 0.6864 -0.0412
vn -0.7828 0.6211 -0.0383
vn -0.8370 0.5471 0.0091
vn -0.8802 0.4741 0.0234
vn -0.8798 0.4741 0.0330
vn -0.8906 0.4545 0.0155
vn -0.7907 0.6121 0.0104
vn -0.6295 0.7768 -0.0161
vn -0.7160 0.6980 0.0161
vn -0.6289 0.7774 -0.0146
vn -0.6446 0.7645 -0.0081
vn -0.9297 0.3682 0.0144
vn -0.9246 0.3801 0.0252
vn -0.9247 0.3799 0.0259
vn -0.9200 0.3902 0.0363
vn -0.9193 0.3928 0.0251
vn -0.9246 0.3792 0.0367
vn -0.9498 0.3126 0.0153
vn -0.9517 0.3062 0.0239
vn -0.9533 0.3019 0.0119
vn -0.9501 0.3118 -0.0090
vn -0.9513 0.3076 -0.0181
vn -0.9139 0.4048 -0.0312
vn -0.9185 0.3953 -0.0030
vn -0.9160 0.3990 -0.0412
vn -0.9112 0.4066 -0.0661
vn -0.9507 0.3045 -0.0590
vn -0.9558 0.2911 -0.0419
vn -0.9740 0.2190 -0.0586
vn -0.9740 0.2244 -0.0314
vn -0.9866 0.1566 -0.0461
vn -0.9915 0.1284 -0.0196
vn -0.9906 0.1247 -0.0568
vn -0.9951 0.0949 -0.0263
vn -0.9902 0.0917 -0.1054
vn -0.9972 0.0309 -0.0681
vn -0.9956 0.0356 -0.0864
vn -0.9940 -0.0634 -0.0894
vn -0.9971 -0.0562 -0.0507
vn -0.9963 -0.0640 -0.0573
vn -0.9969 -0.0686 -0.0379
vn -0.9975 -0.0623 -0.0322
vn -0.9978 -0.0664 -0.0082
vn -0.9984 -0.0546 -0.0174
vn -0.9986 -0.0512 0.0106
vn -0.9977 -0.0628 0.0266
vn -0.9977 -0.0628 0.0260
vn -0.9976 -0.0657 0.0231
vn -0.9976 -0.0658 0.0237
vn -0.9986 -0.0510 0.0129
vn -0.9992 0.0191 0.0364
vn -0.9992 0.0281 0.0273
vn -0.9996 0.0244 0.0150
vn -0.9996 0.0167 0.0231
vn -0.9927 0.1197 0.0128
vn -0.9938 0.1077 0.0285
vn -0.9760 0.2173 0.0104
vn -0.9754 0.2197 0.0200
vn -0.9762 0.2150 0.0267
vn -0.9788 0.1982 0.0510
vn -0.9594 0.2818 0.0137
vn -0.9921 0.1224 0.0287
vn -0.9922 0.1209 0.0306
vn -0.9926 0.1193 0.0217
vn -0.9762 0.2159 0.0229
vn -0.9939 0.1027 0.0397
vn -0.9946 0.1035 -0.0126
vn -0.9980 0.0591 0.0230
vn -0.9996 0.0171 0.0205
vn -0.9982 -0.0538 0.0274
vn -0.9973 -0.0731 0.0090
vn -0.9996 0.0239 0.0129
vn -0.9997 0.0239 0.0006
vn -0.9998 0.0211 -0.0020
vn -0.9993 0.0035 -0.0381
vn -0.9943 -0.0669 -0.0833
vn -0.9919 -0.0733 -0.1034
vn -0.9951 0.0170 -0.0971
vn -0.9914 -0.0007 -0.1306
vn -0.9891 0.0860 -0.1199
vn -0.9813 0.0726 -0.1785
vn -0.9811 0.1141 -0.1561
vn -0.9671 0.1656 -0.1931
vn -0.9764 0.1807 -0.1186
vn -0.9703 0.1966 -0.1409
vn -0.9426 0.3035 -0.1390
vn -0.9445 0.3012 -0.1312
vn -0.9124 0.3747 -0.1648
vn -0.9182 0.3828 -0.1021
vn -0.9495 0.2962 -0.1037
vn -0.9109 0.3952 -0.1184
vn -0.9067 0.3939 -0.1507
vn -0.9043 0.3883 -0.1772
vn -0.9034 0.3896 -0.1792
vn -0.9024 0.3820 -0.1994
vn -0.9021 0.3823 -0.2001
vn -0.9375 0.2947 -0.1849
vn -0.9377 0.2865 -0.1964
vn -0.9440 0.3047 -0.1267
vn -0.9717 0.2090 -0.1104
vn -0.9718 0.2071 -0.1129
vn -0.9778 0.1956 -0.0757
vn -0.9437 0.2813 -0.1744
vn -0.9715 0.2093 -0.1110
vn -0.9834 0.1327 -0.1234
vn -0.9884 0.1143 -0.1000
vn -0.9643 0.2053 -0.1674
vn -0.9893 0.0226 -0.1442
vn -0.9850 0.1014 -0.1397
vn -0.9876 0.0076 -0.1570
vn -0.9890 -0.0666 -0.1323
vn -0.9881 -0.0717 -0.1358
vn -0.9917 -0.0677 -0.1097
vn -0.9937 0.0240 -0.1091
vn -0.9959 -0.0060 -0.0908
vn -0.9875 0.1376 -0.0773
vn -0.9987 0.0142 -0.0497
vn -0.9972 0.0635 -0.0403
vn -0.9883 0.1521 0.0147
vn -0.9747 0.2228 -0.0195
vn -0.9752 0.2200 -0.0250
vn -0.9767 0.2097 -0.0460
vn -0.9499 0.2935 -0.1073
vn -0.9155 0.3942 -0.0805
vn -0.9484 0.3152 -0.0333
vn -0.9777 0.2101 0.0072
vn -0.9764 0.2145 0.0248
vn -0.9488 0.3147 0.0267
vn -0.9207 0.3901 -0.0127
vn -0.9490 0.3140 0.0277
vn -0.9476 0.3162 0.0449
vn -0.9467 -0.3222 0.0032
vn -0.9484 -0.3168 0.0099
vn -0.9701 -0.2428 0.0042
vn -0.9735 -0.2279 0.0190
vn -0.9872 -0.1595 0.0086
vn -0.9874 -0.1579 0.0098
vn -0.9876 -0.1550 0.0251
vn -0.9879 -0.1533 0.0234
vn -0.9714 -0.2371 0.0108
vn -0.9714 -0.2367 0.0167
vn -0.9673 -0.2514 0.0321
vn -0.9449 -0.3274 0.0069
vn -0.9438 -0.3300 0.0157
vn -0.9515 -0.3055 0.0370
vn -0.9494 -0.3141 -0.0081
vn -0.9736 -0.2280 0.0093
vn -0.9721 -0.2331 0.0280
vn -0.9877 -0.1560 0.0100
vn -0.9872 -0.1574 0.0257
vn -0.9886 -0.1499 0.0149
vn -0.9884 -0.1519 -0.0031
vn -0.9874 -0.1584 0.0042
vn -0.9861 -0.1626 -0.0348
vn -0.9878 -0.1538 -0.0256
vn -0.9871 -0.1523 -0.0485
vn -0.9868 -0.1538 -0.0498
vn -0.9850 -0.1557 -0.0751
vn -0.9847 -0.1587 -0.0716
vn -0.9805 -0.1642 -0.1082
vn -0.9829 -0.1536 -0.1013
vn -0.9796 -0.1552 -0.1273
vn -0.9798 -0.1519 -0.1304
vn -0.9649 -0.2168 -0.1485
vn -0.9643 -0.2290 -0.1326
vn -0.9460 -0.2984 -0.1266
vn -0.9319 -0.3267 -0.1576
vn -0.9428 -0.3227 -0.0838
vn -0.9186 -0.3783 -0.1141
vn -0.9167 -0.3844 -0.1087
vn -0.9060 -0.3918 -0.1604
vn -0.8955 -0.4204 -0.1459
vn -0.8866 -0.4339 -0.1601
vn -0.8875 -0.4454 -0.1182
vn -0.8881 -0.4445 -0.1172
vn -0.8911 -0.4471 -0.0780
vn -0.8889 -0.4523 -0.0725
vn -0.8906 -0.4530 -0.0402
vn -0.8886 -0.4565 -0.0440
vn -0.8900 -0.4557 -0.0172
vn -0.8863 -0.4629 -0.0081
vn -0.8882 -0.4595 0.0034
vn -0.8890 -0.4579 0.0004
vn -0.9227 -0.3853 0.0113
vn -0.9190 -0.3941 -0.0061
vn -0.8917 -0.4513 0.0334
vn -0.9105 -0.4134 0.0084
vn -0.9122 -0.4085 0.0318
vn -0.8837 -0.4676 0.0207
vn -0.8845 -0.4660 0.0225
vn -0.8845 -0.4662 0.0185
vn -0.8869 -0.4619 0.0132
vn -0.8855 -0.4647 0.0030
vn -0.8858 -0.4640 0.0018
vn -0.9181 -0.3963 0.0028
vn -0.9176 -0.3973 0.0151
vn -0.9227 -0.3844 0.0306
vn -0.9223 -0.3865 0.0083
vn -0.8840 -0.4672 0.0170
vn -0.9197 -0.3924 -0.0100
vn -0.9277 -0.3731 0.0105
vn -0.9424 -0.3340 -0.0173
vn -0.9558 -0.2939 0.0066
vn -0.9702 -0.2416 -0.0166
vn -0.9518 -0.3039 -0.0406
vn -0.9724 -0.2311 -0.0325
vn -0.9500 -0.3108 -0.0313
vn -0.9446 -0.3224 -0.0610
vn -0.9730 -0.2231 -0.0591
vn -0.9461 -0.3140 -0.0791
vn -0.9244 -0.3774 -0.0546
vn -0.9190 -0.3923 -0.0396
vn -0.9173 -0.3916 -0.0727
vn -0.9221 -0.3819 -0.0623
vn -0.9436 -0.3189 -0.0890
vn -0.9678 -0.2336 -0.0935
vn -0.9220 -0.3617 -0.1383
vn -0.9736 -0.2159 -0.0743
vn -0.9677 -0.2371 -0.0857
vn -0.9719 -0.2326 -0.0348
vn -0.9716 -0.2364 -0.0107
vn -0.9701 -0.2422 -0.0146
vn -0.9446 -0.3282 0.0086
vn -0.9203 -0.3902 0.0297
vn -0.9489 -0.3138 0.0336
vn -0.9502 -0.3107 0.0253
vn -0.9665 -0.2567 0.0086
vn -0.9877 -0.1530 0.0314
vn -0.9734 -0.2282 0.0209
vn -0.9481 -0.3176 0.0166
vn -0.9187 -0.3949 0.0054
vn 0.0084 -0.9274 0.3740
vn 0.0100 -0.9280 0.3724
vn 0.0144 -0.9273 0.3739
vn 0.0147 -0.9275 0.3736
vn 0.0207 -0.9269 0.3747
vn 0.0229 -0.9277 0.3726
vn 0.0287 -0.9278 0.3719
vn 0.0333 -0.9261 0.3759
vn 0.0479 -0.9240 0.3794
vn 0.0480 -0.9240 0.3794
vn 0.0569 -0.9230 0.3806
vn 0.0641 -0.9263 0.3712
vn 0.0748 -0.9249 0.3727
vn 0.0799 -0.9261 0.3686
vn 0.0786 -0.9413 0.3282
vn 0.0769 -0.9420 0.3266
vn 0.0797 -0.9578 0.2763
vn 0.0646 -0.9608 0.2698
vn 0.0503 -0.9725 0.2273
vn 0.0705 -0.9790 0.1914
vn 0.0822 -0.9786 0.1889
vn 0.0908 -0.9874 0.1295
vn 0.0976 -0.9877 0.1222
vn 0.0689 -0.9900 0.1235
vn 0.0930 -0.9750 0.2016
vn 0.0465 -0.9882 0.1462
vn 0.0647 -0.9871 0.1463
vn 0.0467 -0.9786 0.2004
vn 0.0306 -0.9785 0.2038
vn 0.0233 -0.9802 0.1968
vn 0.0374 -0.9908 0.1301
vn 0.0361 -0.9911 0.1280
vn 0.0266 -0.9917 0.1261
vn 0.0251 -0.9915 0.1277
vn 0.0179 -0.9918 0.1268
vn 0.0193 -0.9916 0.1282
vn 0.0143 -0.9917 0.1279
vn 0.0133 -0.9918 0.1267
vn 0.0154 -0.9920 0.1249
vn 0.0128 -0.9798 0.1995
vn 0.0208 -0.9777 0.2091
vn 0.0116 -0.9781 0.2076
vn 0.0306 -0.9682 0.2482
vn 0.0123 -0.9690 0.2466
vn 0.0305 -0.9602 0.2775
vn 0.0166 -0.9486 0.3161
vn 0.0273 -0.9456 0.3242
vn 0.0246 -0.9354 0.3528
vn 0.0316 -0.9462 0.3221
vn 0.0383 -0.9442 0.3272
vn 0.0343 -0.9332 0.3578
vn 0.0385 -0.9442 0.3272
vn 0.0417 -0.9455 0.3229
vn 0.0575 -0.9450 0.3219
vn 0.0420 -0.9614 0.2721
vn 0.0415 -0.9616 0.2714
vn 0.0516 -0.9347 0.3516
vn 0.0172 -0.9487 0.3158
vn 0.0165 -0.9349 0.3546
vn 0.0202 -0.9480 0.3177
vn 0.0119 -0.9473 0.3200
vn 0.0105 -0.9481 0.3177
vn 0.0131 -0.9643 0.2646
vn 0.0122 -0.9639 0.2658
vn 0.0118 -0.9641 0.2654
vn 0.0139 -0.9480 0.3181
vn 0.0117 -0.9350 0.3545
vn 0.0157 -0.9333 0.3587
vn 0.0199 -0.9349 0.3544
vn 0.0276 -0.9605 0.2770
vn 0.0151 -0.9638 0.2663
vn 0.0287 -0.9797 0.1982
vn 0.0266 -0.9818 0.1881
vn 0.0278 -0.9817 0.1881
vn 0.0335 -0.9803 0.1949
vn 0.0347 -0.9622 0.2702
vn 0.0494 -0.9903 0.1298
vn 0.0657 -0.9714 0.2281
vn 0.0598 -0.9597 0.2747
vn 0.0851 -0.9586 0.2718
vn 0.0648 -0.9416 0.3304
vn 0.0790 -0.9165 0.3921
vn 0.0807 -0.9172 0.3902
vn 0.0544 -0.9345 0.3517
vn 0.0613 -0.9194 0.3884
vn 0.0428 -0.9315 0.3612
vn 0.0336 -0.9331 0.3580
vn 0.0199 -0.9344 0.3556
vn 0.0120 -0.9336 0.3582
vn 0.0114 -0.9274 0.3738
vn 0.3062 -0.8906 0.3362
vn 0.2676 -0.8914 0.3659
vn 0.2491 -0.8992 0.3596
vn 0.2552 -0.9089 0.3298
vn 0.2542 -0.9095 0.3290
vn 0.2610 -0.9189 0.2957
vn 0.2880 -0.9156 0.2805
vn 0.3243 -0.8981 0.2971
vn 0.3763 -0.8903 0.2564
vn 0.4073 -0.8745 0.2633
vn 0.4530 -0.8622 0.2267
vn 0.4805 -0.8438 0.2391
vn 0.5466 -0.8160 0.1880
vn 0.6178 -0.7619 0.1947
vn 0.5688 -0.8104 0.1407
vn 0.5522 -0.7946 0.2521
vn 0.5374 -0.8077 0.2425
vn 0.5265 -0.7932 0.3061
vn 0.4495 -0.8279 0.3355
vn 0.4846 -0.8004 0.3528
vn 0.4538 -0.8156 0.3590
vn 0.4217 -0.8431 0.3337
vn 0.4022 -0.8514 0.3367
vn 0.3575 -0.8760 0.3238
vn 0.3488 -0.8762 0.3328
vn 0.3139 -0.8868 0.3393
vn 0.3034 -0.8933 0.3317
vn 0.3548 -0.8723 0.3364
vn 0.3901 -0.8487 0.3571
vn 0.3803 -0.8630 0.3326
vn 0.4270 -0.8338 0.3498
vn 0.3945 -0.8484 0.3530
vn 0.3541 -0.8720 0.3380
vn 0.3916 -0.8497 0.3531
vn 0.4525 -0.8454 0.2837
vn 0.4575 -0.8166 0.3519
vn 0.6234 -0.7566 0.1972
vn 0.5920 -0.7840 0.1865
vn 0.6229 -0.7741 0.1131
vn 0.4801 -0.8280 0.2898
vn 0.6486 -0.7497 0.1316
vn 0.6158 -0.7819 0.0970
vn 0.6017 -0.7940 0.0871
vn 0.5947 -0.8022 0.0530
vn 0.5142 -0.8533 0.0862
vn 0.4954 -0.8663 0.0634
vn 0.5033 -0.8639 0.0208
vn 0.5325 -0.8464 -0.0093
vn 0.5811 -0.8138 -0.0003
vn 0.4393 -0.8983 -0.0038
vn 0.4000 -0.9154 0.0445
vn 0.3537 -0.9348 0.0338
vn 0.3564 -0.9338 0.0309
vn 0.2688 -0.9630 0.0201
vn 0.2331 -0.9668 0.1047
vn 0.2305 -0.9672 0.1068
vn 0.2181 -0.9701 0.1064
vn 0.1688 -0.9685 0.1832
vn 0.1504 -0.9723 0.1789
vn 0.1396 -0.9840 0.1110
vn 0.1532 -0.9803 0.1246
vn 0.1257 -0.9710 0.2032
vn 0.1229 -0.9539 0.2740
vn 0.1179 -0.9561 0.2683
vn 0.1212 -0.9395 0.3204
vn 0.1132 -0.9370 0.3305
vn 0.1226 -0.9252 0.3590
vn 0.1378 -0.9224 0.3610
vn 0.1454 -0.9164 0.3730
vn 0.1365 -0.9107 0.3899
vn 0.1049 -0.9145 0.3908
vn 0.1093 -0.9124 0.3944
vn 0.1339 -0.9130 0.3855
vn 0.1619 -0.9055 0.3922
vn 0.1813 -0.9070 0.3801
vn 0.2208 -0.8957 0.3859
vn 0.2017 -0.9115 0.3585
vn 0.2293 -0.9046 0.3594
vn 0.1849 -0.9131 0.3634
vn 0.1901 -0.9091 0.3706
vn 0.1591 -0.9316 0.3269
vn 0.1978 -0.9246 0.3255
vn 0.1078 -0.9225 0.3706
vn 0.1565 -0.9332 0.3234
vn 0.1620 -0.9481 0.2738
vn 0.1701 -0.9484 0.2675
vn 0.2234 -0.9331 0.2819
vn 0.2405 -0.9473 0.2117
vn 0.1808 -0.9622 0.2034
vn 0.2073 -0.9734 0.0971
vn 0.2607 -0.9457 0.1941
vn 0.2965 -0.9345 0.1969
vn 0.3434 -0.9301 0.1306
vn 0.3901 -0.9122 0.1255
vn 0.4030 -0.8983 0.1751
vn 0.3331 -0.9367 0.1076
vn 0.4105 -0.9073 0.0914
vn 0.5047 -0.8518 0.1405
vn 0.5919 -0.8038 0.0606
vn 0.5423 -0.8252 0.1579
vn 0.4630 -0.8345 0.2989
vn 0.4527 -0.8722 0.1851
vn 0.4111 -0.8631 0.2933
vn 0.3730 -0.8725 0.3155
vn 0.3688 -0.9038 0.2172
vn 0.3244 -0.8970 0.3003
vn 0.3089 -0.9250 0.2211
vn 0.2254 -0.9312 0.2866
vn 0.2073 -0.9177 0.3389
vn 0.2264 -0.9006 0.3711
vn 0.2640 -0.9045 0.3350
vn 0.3652 -0.8690 0.3339
vn 0.3004 -0.8971 0.3239
vn -0.0084 -0.9274 0.3740
vn -0.0100 -0.9280 0.3724
vn -0.0114 -0.9274 0.3738
vn -0.0199 -0.9349 0.3544
vn -0.0157 -0.9333 0.3587
vn -0.0117 -0.9350 0.3545
vn -0.0139 -0.9480 0.3181
vn -0.0119 -0.9473 0.3200
vn -0.0105 -0.9481 0.3177
vn -0.0131 -0.9643 0.2646
vn -0.0122 -0.9639 0.2658
vn -0.0118 -0.9641 0.2654
vn -0.0287 -0.9797 0.1982
vn -0.0208 -0.9777 0.2091
vn -0.0128 -0.9798 0.1995
vn -0.0154 -0.9920 0.1249
vn -0.0143 -0.9917 0.1279
vn -0.0133 -0.9918 0.1267
vn -0.0193 -0.9916 0.1282
vn -0.0179 -0.9918 0.1268
vn -0.0266 -0.9818 0.1881
vn -0.0278 -0.9817 0.1881
vn -0.0335 -0.9803 0.1949
vn -0.0233 -0.9802 0.1968
vn -0.0374 -0.9908 0.1301
vn -0.0361 -0.9911 0.1280
vn -0.0266 -0.9917 0.1261
vn -0.0494 -0.9903 0.1298
vn -0.0647 -0.9871 0.1463
vn -0.0465 -0.9882 0.1462
vn -0.0705 -0.9790 0.1914
vn -0.0822 -0.9786 0.1889
vn -0.0908 -0.9874 0.1295
vn -0.0976 -0.9877 0.1222
vn -0.0930 -0.9750 0.2016
vn -0.0851 -0.9586 0.2718
vn -0.0797 -0.9578 0.2763
vn -0.0769 -0.9420 0.3266
vn -0.0786 -0.9413 0.3282
vn -0.0799 -0.9261 0.3686
vn -0.0748 -0.9249 0.3727
vn -0.0641 -0.9263 0.3712
vn -0.0569 -0.9230 0.3806
vn -0.0480 -0.9240 0.3794
vn -0.0428 -0.9315 0.3612
vn -0.0343 -0.9332 0.3578
vn -0.0383 -0.9442 0.3272
vn -0.0316 -0.9462 0.3221
vn -0.0273 -0.9456 0.3242
vn -0.0246 -0.9354 0.3528
vn -0.0199 -0.9344 0.3556
vn -0.0165 -0.9349 0.3546
vn -0.0172 -0.9487 0.3158
vn -0.0229 -0.9277 0.3726
vn -0.0287 -0.9278 0.3719
vn -0.0333 -0.9261 0.3759
vn -0.0207 -0.9269 0.3747
vn -0.0147 -0.9275 0.3736
vn -0.0166 -0.9486 0.3161
vn -0.0305 -0.9602 0.2775
vn -0.0276 -0.9605 0.2770
vn -0.0347 -0.9622 0.2702
vn -0.0415 -0.9616 0.2714
vn -0.0657 -0.9714 0.2281
vn -0.0420 -0.9614 0.2721
vn -0.0417 -0.9455 0.3229
vn -0.0575 -0.9450 0.3219
vn -0.0598 -0.9597 0.2747
vn -0.0385 -0.9442 0.3272
vn -0.0336 -0.9331 0.3580
vn -0.0516 -0.9347 0.3516
vn -0.0479 -0.9240 0.3794
vn -0.0613 -0.9194 0.3884
vn -0.0807 -0.9172 0.3902
vn -0.0544 -0.9345 0.3517
vn -0.0790 -0.9165 0.3921
vn -0.0648 -0.9416 0.3304
vn -0.0646 -0.9608 0.2698
vn -0.0503 -0.9725 0.2273
vn -0.0689 -0.9900 0.1235
vn -0.0467 -0.9786 0.2004
vn -0.0306 -0.9785 0.2038
vn -0.0123 -0.9690 0.2466
vn -0.0306 -0.9682 0.2482
vn -0.0251 -0.9915 0.1277
vn -0.0116 -0.9781 0.2076
vn -0.0151 -0.9638 0.2663
vn -0.0202 -0.9480 0.3177
vn -0.0120 -0.9336 0.3582
vn -0.0144 -0.9273 0.3739
vn -0.3062 -0.8906 0.3362
vn -0.3652 -0.8690 0.3339
vn -0.3730 -0.8725 0.3155
vn -0.3244 -0.8970 0.3003
vn -0.3243 -0.8981 0.2971
vn -0.2880 -0.9156 0.2805
vn -0.3089 -0.9250 0.2211
vn -0.3688 -0.9038 0.2172
vn -0.4030 -0.8983 0.1751
vn -0.3901 -0.9122 0.1255
vn -0.3434 -0.9301 0.1306
vn -0.3331 -0.9367 0.1076
vn -0.2331 -0.9668 0.1047
vn -0.2688 -0.9630 0.0201
vn -0.2305 -0.9672 0.1068
vn -0.2181 -0.9701 0.1064
vn -0.1688 -0.9685 0.1832
vn -0.1504 -0.9723 0.1789
vn -0.1396 -0.9840 0.1110
vn -0.1532 -0.9803 0.1246
vn -0.1257 -0.9710 0.2032
vn -0.1229 -0.9539 0.2740
vn -0.1179 -0.9561 0.2683
vn -0.1212 -0.9395 0.3204
vn -0.1565 -0.9332 0.3234
vn -0.1591 -0.9316 0.3269
vn -0.1978 -0.9246 0.3255
vn -0.2254 -0.9312 0.2866
vn -0.2234 -0.9331 0.2819
vn -0.1701 -0.9484 0.2675
vn -0.2405 -0.9473 0.2117
vn -0.2073 -0.9177 0.3389
vn -0.2542 -0.9095 0.3290
vn -0.2552 -0.9089 0.3298
vn -0.2491 -0.8992 0.3596
vn -0.2264 -0.9006 0.3711
vn -0.1849 -0.9131 0.3634
vn -0.1813 -0.9070 0.3801
vn -0.1619 -0.9055 0.3922
vn -0.1339 -0.9130 0.3855
vn -0.1365 -0.9107 0.3899
vn -0.1049 -0.9145 0.3908
vn -0.1093 -0.9124 0.3944
vn -0.1078 -0.9225 0.3706
vn -0.1226 -0.9252 0.3590
vn -0.1454 -0.9164 0.3730
vn -0.2208 -0.8957 0.3859
vn -0.2017 -0.9115 0.3585
vn -0.2293 -0.9046 0.3594
vn -0.2640 -0.9045 0.3350
vn -0.3139 -0.8868 0.3393
vn -0.3034 -0.8933 0.3317
vn -0.3548 -0.8723 0.3364
vn -0.3541 -0.8720 0.3380
vn -0.3945 -0.8484 0.3530
vn -0.3916 -0.8497 0.3531
vn -0.4022 -0.8514 0.3367
vn -0.4217 -0.8431 0.3337
vn -0.4538 -0.8156 0.3590
vn -0.4575 -0.8166 0.3519
vn -0.4270 -0.8338 0.3498
vn -0.4846 -0.8004 0.3528
vn -0.4495 -0.8279 0.3355
vn -0.5265 -0.7932 0.3061
vn -0.5374 -0.8077 0.2425
vn -0.5522 -0.7946 0.2521
vn -0.5688 -0.8104 0.1407
vn -0.6486 -0.7497 0.1316
vn -0.6229 -0.7741 0.1131
vn -0.6178 -0.7619 0.1947
vn -0.6158 -0.7819 0.0970
vn -0.6017 -0.7940 0.0871
vn -0.5947 -0.8022 0.0530
vn -0.5142 -0.8533 0.0862
vn -0.5047 -0.8518 0.1405
vn -0.4954 -0.8663 0.0634
vn -0.5033 -0.8639 0.0208
vn -0.4393 -0.8983 -0.0038
vn -0.4000 -0.9154 0.0445
vn -0.3537 -0.9348 0.0338
vn -0.5325 -0.8464 -0.0093
vn -0.5811 -0.8138 -0.0003
vn -0.5919 -0.8038 0.0606
vn -0.5423 -0.8252 0.1579
vn -0.5466 -0.8160 0.1880
vn -0.4805 -0.8438 0.2391
vn -0.4530 -0.8622 0.2267
vn -0.4073 -0.8745 0.2633
vn -0.4630 -0.8345 0.2989
vn -0.6234 -0.7566 0.1972
vn -0.5920 -0.7840 0.1865
vn -0.4801 -0.8280 0.2898
vn -0.4525 -0.8454 0.2837
vn -0.3803 -0.8630 0.3326
vn -0.3901 -0.8487 0.3571
vn -0.3488 -0.8762 0.3328
vn -0.1901 -0.9091 0.3706
vn -0.1378 -0.9224 0.3610
vn -0.1132 -0.9370 0.3305
vn -0.1620 -0.9481 0.2738
vn -0.1808 -0.9622 0.2034
vn -0.2073 -0.9734 0.0971
vn -0.2607 -0.9457 0.1941
vn -0.3564 -0.9338 0.0309
vn -0.4105 -0.9073 0.0914
vn -0.4527 -0.8722 0.1851
vn -0.2965 -0.9345 0.1969
vn -0.2610 -0.9189 0.2957
vn -0.3763 -0.8903 0.2564
vn -0.4111 -0.8631 0.2933
vn -0.3575 -0.8760 0.3238
vn -0.2676 -0.8914 0.3659
vn -0.3004 -0.8971 0.3239
vn -0.0206 0.9955 -0.0926
vn -0.0224 0.9964 -0.0824
vn -0.0221 0.9963 -0.0830
vn -0.0140 0.9964 -0.0831
vn -0.0099 0.9968 -0.0795
vn 0.0010 0.9967 -0.0806
vn -0.0000 0.9966 -0.0825
vn 0.0023 0.9964 -0.0849
vn 0.0007 0.9947 -0.1025
vn -0.0007 0.9948 -0.1016
vn -0.0039 0.9924 -0.1228
vn 0.0122 0.9929 -0.1181
vn 0.0075 0.9936 -0.1129
vn 0.0269 0.9933 -0.1125
vn 0.0305 0.9936 -0.1086
vn 0.0540 0.9921 -0.1128
vn 0.0650 0.9924 -0.1046
vn 0.0786 0.9906 -0.1121
vn 0.1001 0.9900 -0.0990
vn 0.1308 0.9857 -0.1068
vn 0.1533 0.9843 -0.0874
vn 0.1987 0.9754 -0.0959
vn 0.1947 0.9790 -0.0609
vn 0.1688 0.9822 -0.0819
vn 0.1699 0.9848 -0.0362
vn 0.2019 0.9779 -0.0540
vn 0.2016 0.9792 -0.0244
vn 0.2732 0.9609 -0.0446
vn 0.2669 0.9623 -0.0525
vn 0.3168 0.9477 -0.0391
vn 0.3372 0.9400 -0.0510
vn 0.3988 0.9163 -0.0358
vn 0.4104 0.9107 -0.0465
vn 0.3990 0.9163 -0.0342
vn 0.4095 0.9109 -0.0497
vn 0.4142 0.9094 -0.0377
vn 0.4226 0.9048 -0.0531
vn 0.4205 0.9054 -0.0578
vn 0.4298 0.8999 -0.0740
vn 0.4241 0.9012 -0.0889
vn 0.4226 0.9022 -0.0865
vn 0.4119 0.9006 -0.1385
vn 0.4244 0.8968 -0.1249
vn 0.4272 0.8931 -0.1407
vn 0.4130 0.8965 -0.1603
vn 0.4157 0.8899 -0.1875
vn 0.3455 0.9209 -0.1805
vn 0.3444 0.9171 -0.2009
vn 0.2913 0.9379 -0.1885
vn 0.2806 0.9327 -0.2268
vn 0.3407 0.9158 -0.2128
vn 0.3267 0.9175 -0.2268
vn 0.4054 0.8872 -0.2203
vn 0.4052 0.8891 -0.2128
vn 0.4145 0.8871 -0.2033
vn 0.3952 0.8892 -0.2307
vn 0.2623 0.9415 -0.2115
vn 0.2031 0.9533 -0.2234
vn 0.2174 0.9541 -0.2062
vn 0.1509 0.9670 -0.2052
vn 0.1519 0.9670 -0.2044
vn 0.1060 0.9737 -0.2017
vn 0.1096 0.9755 -0.1906
vn 0.1260 0.9714 -0.2013
vn 0.1240 0.9780 -0.1676
vn 0.1061 0.9780 -0.1798
vn 0.0759 0.9814 -0.1764
vn 0.0749 0.9831 -0.1673
vn 0.0760 0.9832 -0.1658
vn 0.0453 0.9849 -0.1671
vn 0.0462 0.9879 -0.1479
vn 0.0420 0.9875 -0.1518
vn 0.0110 0.9889 -0.1483
vn 0.0223 0.9856 -0.1673
vn 0.0195 0.9846 -0.1735
vn 0.0249 0.9832 -0.1807
vn 0.0220 0.9818 -0.1887
vn 0.0444 0.9815 -0.1860
vn 0.0446 0.9815 -0.1861
vn 0.0426 0.9796 -0.1962
vn 0.0365 0.9809 -0.1913
vn 0.0378 0.9777 -0.2066
vn 0.0246 0.9793 -0.2011
vn 0.0208 0.9789 -0.2031
vn 0.0086 0.9798 -0.1999
vn 0.0112 0.9792 -0.2027
vn -0.0013 0.9797 -0.2004
vn 0.0010 0.9792 -0.2031
vn -0.0019 0.9793 -0.2024
vn -0.0023 0.9802 -0.1981
vn -0.0019 0.9804 -0.1970
vn -0.0020 0.9817 -0.1907
vn -0.0055 0.9823 -0.1870
vn -0.0068 0.9819 -0.1892
vn -0.0050 0.9836 -0.1800
vn -0.0091 0.9844 -0.1756
vn -0.0109 0.9839 -0.1781
vn -0.0071 0.9861 -0.1657
vn -0.0109 0.9868 -0.1618
vn -0.0121 0.9865 -0.1634
vn -0.0094 0.9890 -0.1479
vn -0.0123 0.9892 -0.1460
vn -0.0122 0.9893 -0.1453
vn -0.0171 0.9920 -0.1249
vn -0.0149 0.9916 -0.1286
vn -0.0143 0.9917 -0.1278
vn -0.0173 0.9943 -0.1051
vn -0.0167 0.9942 -0.1067
vn -0.0184 0.9940 -0.1081
vn -0.0240 0.9957 -0.0897
vn -0.0035 0.9896 -0.1440
vn -0.0043 0.9897 -0.1433
vn -0.0003 0.9865 -0.1636
vn 0.0052 0.9843 -0.1765
vn 0.0078 0.9821 -0.1882
vn 0.0072 0.9819 -0.1892
vn 0.0099 0.9802 -0.1975
vn 0.0093 0.9803 -0.1971
vn 0.0183 0.9810 -0.1932
vn 0.0438 0.9785 -0.2014
vn 0.0708 0.9757 -0.2075
vn 0.0665 0.9771 -0.2019
vn 0.0225 0.9804 -0.1959
vn 0.0688 0.9791 -0.1912
vn 0.0234 0.9814 -0.1904
vn 0.0031 0.9836 -0.1803
vn -0.0011 0.9864 -0.1646
vn 0.0147 0.9901 -0.1399
vn 0.0347 0.9897 -0.1387
vn 0.0663 0.9890 -0.1325
vn 0.0643 0.9857 -0.1560
vn 0.0487 0.9841 -0.1705
vn 0.0685 0.9860 -0.1521
vn 0.1095 0.9826 -0.1503
vn 0.1033 0.9816 -0.1609
vn 0.1473 0.9756 -0.1628
vn 0.1463 0.9798 -0.1365
vn 0.1543 0.9780 -0.1406
vn 0.1536 0.9796 -0.1295
vn 0.2108 0.9708 -0.1143
vn 0.2268 0.9662 -0.1223
vn 0.2601 0.9607 -0.0974
vn 0.2959 0.9484 -0.1140
vn 0.2960 0.9530 -0.0644
vn 0.2767 0.9574 -0.0825
vn 0.2713 0.9610 -0.0535
vn 0.3366 0.9396 -0.0612
vn 0.3495 0.9342 -0.0717
vn 0.3446 0.9343 -0.0910
vn 0.2611 0.9543 -0.1450
vn 0.2026 0.9699 -0.1351
vn 0.2092 0.9638 -0.1653
vn 0.2157 0.9634 -0.1588
vn 0.2818 0.9456 -0.1625
vn 0.2765 0.9460 -0.1692
vn 0.3412 0.9279 -0.1503
vn 0.2798 0.9430 -0.1800
vn 0.2156 0.9596 -0.1811
vn 0.2181 0.9577 -0.1874
vn 0.1732 0.9641 -0.2010
vn 0.1758 0.9700 -0.1678
vn 0.2772 0.9433 -0.1826
vn 0.2189 0.9594 -0.1776
vn 0.2754 0.9524 -0.1309
vn 0.3450 0.9284 -0.1379
vn 0.2113 0.9694 -0.1253
vn 0.1546 0.9756 -0.1562
vn 0.1156 0.9810 -0.1555
vn 0.1157 0.9868 -0.1131
vn 0.0793 0.9805 -0.1796
vn 0.1084 0.9798 -0.1680
vn 0.1575 0.9708 -0.1808
vn 0.0749 0.9776 -0.1968
vn 0.1066 0.9735 -0.2022
vn 0.1503 0.9704 -0.1890
vn 0.2137 0.9576 -0.1932
vn 0.2775 0.9399 -0.1991
vn 0.3393 0.9179 -0.2056
vn 0.3277 0.9246 -0.1944
vn 0.4138 0.8904 -0.1896
vn 0.3555 0.9200 -0.1650
vn 0.3683 0.9224 -0.1167
vn 0.3356 0.9353 -0.1119
vn 0.3413 0.9360 -0.0860
vn 0.3423 0.9381 -0.0530
vn 0.3301 0.9429 -0.0442
vn 0.3189 0.9461 -0.0569
vn 0.2472 0.9678 -0.0473
vn 0.1896 0.9812 -0.0356
vn 0.1148 0.9919 -0.0539
vn 0.1236 0.9903 -0.0636
vn 0.0801 0.9946 -0.0656
vn 0.0809 0.9941 -0.0727
vn 0.0838 0.9937 -0.0749
vn 0.0806 0.9934 -0.0811
vn 0.1144 0.9901 -0.0817
vn 0.0455 0.9958 -0.0795
vn 0.0500 0.9950 -0.0867
vn 0.0237 0.9953 -0.0941
vn 0.0249 0.9966 -0.0782
vn 0.0413 0.9956 -0.0839
vn 0.0419 0.9965 -0.0728
vn 0.0430 0.9964 -0.0737
vn 0.0183 0.9968 -0.0773
vn 0.0179 0.9968 -0.0778
vn 0.1113 0.9923 -0.0536
vn 0.0757 0.9946 -0.0706
vn 0.2541 0.9665 -0.0360
vn 0.1246 0.9904 -0.0603
vn 0.2552 0.9643 -0.0705
vn 0.2293 0.9708 -0.0710
vn 0.1601 0.9795 -0.1224
vn 0.1263 0.9895 -0.0709
vn 0.1049 0.9868 -0.1235
vn 0.0860 0.9924 -0.0883
vn 0.0607 0.9900 -0.1273
vn 0.0460 0.9945 -0.0942
vn 0.0403 0.9909 -0.1283
vn 0.0267 0.9949 -0.0969
vn 0.0076 0.9914 -0.1303
vn -0.0006 0.9920 -0.1265
vn -0.0112 0.9941 -0.1083
vn -0.0099 0.9959 -0.0902
vn 0.0095 0.9953 -0.0962
vn 0.0209 0.9964 -0.0822
vn -0.0007 0.9969 -0.0784
vn -0.0093 0.9958 -0.0906
vn -0.0242 0.9961 -0.0850
vn -0.0214 0.9954 -0.0935
vn 0.0153 0.9787 -0.2045
vn 0.0124 0.9793 -0.2020
vn 0.0124 0.9793 -0.2018
vn 0.0108 0.9798 -0.1996
vn 0.0027 0.9798 -0.2000
vn 0.0034 0.9800 -0.1991
vn -0.0027 0.9799 -0.1992
vn -0.0039 0.9802 -0.1980
vn -0.0023 0.9801 -0.1987
vn -0.0027 0.9797 -0.2006
vn -0.0013 0.9793 -0.2025
vn 0.0061 0.9796 -0.2010
vn -0.0009 0.9795 -0.2013
vn 0.0214 0.9793 -0.2012
vn 0.0279 0.9779 -0.2072
vn 0.0354 0.9780 -0.2058
vn 0.0479 0.9757 -0.2139
vn 0.0472 0.9771 -0.2073
vn 0.0711 0.9738 -0.2161
vn 0.0656 0.9734 -0.2194
vn 0.0917 0.9708 -0.2218
vn 0.0918 0.9718 -0.2171
vn 0.0758 0.9700 -0.2311
vn 0.1157 0.9649 -0.2358
vn 0.1412 0.9581 -0.2491
vn 0.1441 0.9612 -0.2354
vn 0.2001 0.9499 -0.2400
vn 0.1801 0.9498 -0.2557
vn 0.2413 0.9382 -0.2480
vn 0.2572 0.9309 -0.2594
vn 0.2782 0.9268 -0.2524
vn 0.3251 0.9058 -0.2718
vn 0.3257 0.9056 -0.2716
vn 0.3150 0.9015 -0.2967
vn 0.3240 0.8960 -0.3038
vn 0.3087 0.8891 -0.3380
vn 0.2591 0.9170 -0.3034
vn 0.2641 0.9160 -0.3021
vn 0.2223 0.9365 -0.2711
vn 0.1926 0.9413 -0.2772
vn 0.2104 0.9458 -0.2473
vn 0.1599 0.9543 -0.2524
vn 0.2623 0.9190 -0.2945
vn 0.2826 0.9175 -0.2797
vn 0.2219 0.9365 -0.2714
vn 0.1478 0.9613 -0.2323
vn 0.1709 0.9557 -0.2396
vn 0.1032 0.9671 -0.2327
vn 0.0655 0.9735 -0.2189
vn 0.0463 0.9770 -0.2081
vn 0.0281 0.9785 -0.2043
vn 0.0535 0.9758 -0.2119
vn 0.0050 0.9793 -0.2024
vn 0.0283 0.9784 -0.2045
vn 0.0153 0.9786 -0.2053
vn 0.0207 0.9774 -0.2105
vn 0.0208 0.9783 -0.2061
vn 0.0314 0.9767 -0.2123
vn 0.0385 0.9772 -0.2087
vn 0.0551 0.9751 -0.2147
vn 0.0526 0.9747 -0.2172
vn 0.0819 0.9723 -0.2190
vn 0.0785 0.9714 -0.2241
vn 0.1121 0.9681 -0.2243
vn 0.1179 0.9652 -0.2336
vn 0.1209 0.9665 -0.2262
vn 0.1332 0.9611 -0.2419
vn 0.1388 0.9663 -0.2169
vn 0.1538 0.9606 -0.2314
vn 0.1566 0.9638 -0.2156
vn 0.1345 0.9652 -0.2244
vn 0.1065 0.9721 -0.2089
vn 0.1025 0.9718 -0.2125
vn 0.0669 0.9749 -0.2125
vn 0.0698 0.9757 -0.2079
vn 0.0395 0.9773 -0.2082
vn 0.0406 0.9766 -0.2111
vn 0.0418 0.9768 -0.2100
vn 0.0412 0.9760 -0.2138
vn 0.0657 0.9749 -0.2125
vn 0.0633 0.9744 -0.2158
vn 0.0837 0.9737 -0.2118
vn 0.0846 0.9710 -0.2235
vn 0.0603 0.9756 -0.2112
vn 0.0379 0.9762 -0.2134
vn 0.0393 0.9767 -0.2111
vn 0.0236 0.9773 -0.2108
vn 0.0244 0.9774 -0.2099
vn 0.0099 0.9781 -0.2077
vn 0.0090 0.9779 -0.2087
vn -0.0007 0.9781 -0.2081
vn -0.0007 0.9781 -0.2082
vn -0.0005 0.9783 -0.2074
vn -0.0002 0.9783 -0.2071
vn -0.0000 0.9782 -0.2077
vn -0.0000 0.9785 -0.2062
vn -0.0003 0.9783 -0.2070
vn -0.0018 0.9786 -0.2056
vn -0.0016 0.9790 -0.2039
vn -0.0011 0.9792 -0.2030
vn 0.0059 0.9787 -0.2050
vn -0.0008 0.9791 -0.2032
vn 0.0059 0.9787 -0.2054
vn 0.0078 0.9783 -0.2071
vn 0.0080 0.9775 -0.2106
vn 0.0190 0.9778 -0.2087
vn -0.0009 0.9781 -0.2083
vn -0.0007 0.9782 -0.2078
vn -0.0010 0.9782 -0.2074
vn -0.0012 0.9782 -0.2077
vn -0.0008 0.9786 -0.2058
vn -0.0004 0.9782 -0.2079
vn 0.0112 0.9787 -0.2051
vn 0.0096 0.9783 -0.2072
vn 0.0210 0.9788 -0.2039
vn 0.0200 0.9774 -0.2104
vn 0.0247 0.9781 -0.2068
vn 0.0010 0.9785 -0.2062
vn 0.0095 0.9783 -0.2070
vn 0.0088 0.9781 -0.2079
vn 0.0100 0.9781 -0.2081
vn 0.0236 0.9770 -0.2117
vn 0.0240 0.9780 -0.2073
vn 0.0438 0.9781 -0.2033
vn 0.0708 0.9754 -0.2089
vn 0.1066 0.9725 -0.2069
vn 0.0657 0.9753 -0.2110
vn 0.1024 0.9718 -0.2123
vn 0.1375 0.9688 -0.2063
vn 0.1509 0.9648 -0.2154
vn 0.1874 0.9604 -0.2061
vn 0.2032 0.9539 -0.2209
vn 0.2621 0.9389 -0.2229
vn 0.2658 0.9386 -0.2197
vn 0.3280 0.9157 -0.2323
vn 0.3238 0.9154 -0.2391
vn 0.3869 0.8898 -0.2421
vn 0.3877 0.8888 -0.2444
vn 0.3951 0.8882 -0.2344
vn 0.3727 0.8921 -0.2556
vn 0.3740 0.8895 -0.2625
vn 0.3594 0.8980 -0.2539
vn 0.3588 0.8938 -0.2689
vn 0.3341 0.9095 -0.2473
vn 0.3312 0.9026 -0.2749
vn 0.3260 0.9064 -0.2688
vn 0.2673 0.9266 -0.2644
vn 0.2588 0.9322 -0.2530
vn 0.2088 0.9447 -0.2528
vn 0.1998 0.9496 -0.2415
vn 0.1556 0.9574 -0.2431
vn 0.1478 0.9613 -0.2325
vn 0.2120 0.9472 -0.2404
vn 0.1689 0.9550 -0.2439
vn 0.2195 0.9432 -0.2494
vn 0.2211 0.9454 -0.2396
vn 0.1918 0.9494 -0.2488
vn 0.1881 0.9534 -0.2361
vn 0.2351 0.9419 -0.2397
vn 0.2448 0.9367 -0.2502
vn 0.2506 0.9397 -0.2326
vn 0.1927 0.9538 -0.2303
vn 0.2934 0.9243 -0.2440
vn 0.2333 0.9396 -0.2504
vn 0.2669 0.9335 -0.2395
vn 0.2725 0.9278 -0.2550
vn 0.2923 0.9212 -0.2569
vn 0.3154 0.9118 -0.2631
vn 0.3219 0.9167 -0.2367
vn 0.3266 0.9167 -0.2301
vn 0.2673 0.9311 -0.2482
vn 0.1882 0.9538 -0.2343
vn 0.1924 0.9540 -0.2298
vn 0.1064 0.9678 -0.2281
vn 0.1706 0.9573 -0.2334
vn 0.1584 0.9598 -0.2316
vn 0.1090 0.9662 -0.2335
vn 0.1038 0.9692 -0.2232
vn 0.0710 0.9721 -0.2238
vn 0.0757 0.9735 -0.2157
vn 0.0463 0.9751 -0.2168
vn 0.0840 0.9709 -0.2240
vn 0.0503 0.9759 -0.2122
vn 0.0557 0.9746 -0.2170
vn 0.0376 0.9760 -0.2145
vn 0.0321 0.9777 -0.2075
vn 0.0190 0.9781 -0.2074
vn 0.0281 0.9776 -0.2086
vn 0.0062 0.9788 -0.2048
vn 0.0206 0.9955 -0.0926
vn 0.0224 0.9964 -0.0824
vn 0.0221 0.9963 -0.0830
vn 0.0140 0.9964 -0.0831
vn 0.0099 0.9968 -0.0795
vn -0.0010 0.9967 -0.0806
vn -0.0023 0.9964 -0.0849
vn -0.0007 0.9947 -0.1025
vn 0.0007 0.9948 -0.1016
vn 0.0039 0.9924 -0.1228
vn -0.0122 0.9929 -0.1181
vn -0.0076 0.9914 -0.1303
vn -0.0403 0.9909 -0.1283
vn -0.0347 0.9897 -0.1387
vn -0.0420 0.9875 -0.1518
vn -0.0110 0.9889 -0.1483
vn -0.0223 0.9856 -0.1673
vn 0.0011 0.9864 -0.1646
vn 0.0003 0.9865 -0.1636
vn 0.0035 0.9896 -0.1440
vn 0.0123 0.9892 -0.1460
vn 0.0122 0.9893 -0.1453
vn 0.0171 0.9920 -0.1249
vn 0.0149 0.9916 -0.1286
vn 0.0143 0.9917 -0.1278
vn 0.0173 0.9943 -0.1051
vn 0.0167 0.9942 -0.1067
vn 0.0184 0.9940 -0.1081
vn 0.0240 0.9957 -0.0897
vn 0.0094 0.9890 -0.1479
vn 0.0121 0.9865 -0.1634
vn 0.0043 0.9897 -0.1433
vn 0.0109 0.9868 -0.1618
vn 0.0071 0.9861 -0.1657
vn 0.0109 0.9839 -0.1781
vn 0.0091 0.9844 -0.1756
vn 0.0050 0.9836 -0.1800
vn 0.0068 0.9819 -0.1892
vn 0.0055 0.9823 -0.1870
vn 0.0020 0.9817 -0.1907
vn 0.0019 0.9804 -0.1970
vn 0.0023 0.9802 -0.1981
vn 0.0019 0.9793 -0.2024
vn 0.0013 0.9797 -0.2004
vn -0.0010 0.9792 -0.2031
vn -0.0112 0.9792 -0.2027
vn -0.0086 0.9798 -0.1999
vn -0.0208 0.9789 -0.2031
vn -0.0246 0.9793 -0.2011
vn -0.0378 0.9777 -0.2066
vn -0.0365 0.9809 -0.1913
vn -0.0225 0.9804 -0.1959
vn -0.0234 0.9814 -0.1904
vn -0.0220 0.9818 -0.1887
vn -0.0444 0.9815 -0.1860
vn -0.0446 0.9815 -0.1861
vn -0.0793 0.9805 -0.1796
vn -0.0749 0.9776 -0.1968
vn -0.1096 0.9755 -0.1906
vn -0.1060 0.9737 -0.2017
vn -0.1519 0.9670 -0.2044
vn -0.1509 0.9670 -0.2052
vn -0.2174 0.9541 -0.2062
vn -0.2137 0.9576 -0.1932
vn -0.2775 0.9399 -0.1991
vn -0.2913 0.9379 -0.1885
vn -0.2806 0.9327 -0.2268
vn -0.3407 0.9158 -0.2128
vn -0.3393 0.9179 -0.2056
vn -0.4145 0.8871 -0.2033
vn -0.4138 0.8904 -0.1896
vn -0.4157 0.8899 -0.1875
vn -0.4130 0.8965 -0.1603
vn -0.4272 0.8931 -0.1407
vn -0.3555 0.9200 -0.1650
vn -0.3683 0.9224 -0.1167
vn -0.4119 0.9006 -0.1385
vn -0.4226 0.9022 -0.0865
vn -0.4241 0.9012 -0.0889
vn -0.4298 0.8999 -0.0740
vn -0.4205 0.9054 -0.0578
vn -0.4226 0.9048 -0.0531
vn -0.4142 0.9094 -0.0377
vn -0.4095 0.9109 -0.0497
vn -0.3990 0.9163 -0.0342
vn -0.3988 0.9163 -0.0358
vn -0.4104 0.9107 -0.0465
vn -0.3372 0.9400 -0.0510
vn -0.3168 0.9477 -0.0391
vn -0.3189 0.9461 -0.0569
vn -0.2472 0.9678 -0.0473
vn -0.2541 0.9665 -0.0360
vn -0.2019 0.9779 -0.0540
vn -0.2016 0.9792 -0.0244
vn -0.2732 0.9609 -0.0446
vn -0.1896 0.9812 -0.0356
vn -0.1148 0.9919 -0.0539
vn -0.1236 0.9903 -0.0636
vn -0.0801 0.9946 -0.0656
vn -0.0809 0.9941 -0.0727
vn -0.0838 0.9937 -0.0749
vn -0.0455 0.9958 -0.0795
vn -0.0500 0.9950 -0.0867
vn -0.0237 0.9953 -0.0941
vn -0.0249 0.9966 -0.0782
vn -0.0267 0.9949 -0.0969
vn -0.0269 0.9933 -0.1125
vn -0.0460 0.9945 -0.0942
vn -0.0860 0.9924 -0.0883
vn -0.0786 0.9906 -0.1121
vn -0.0650 0.9924 -0.1046
vn -0.0607 0.9900 -0.1273
vn -0.1049 0.9868 -0.1235
vn -0.1157 0.9868 -0.1131
vn -0.1156 0.9810 -0.1555
vn -0.1095 0.9826 -0.1503
vn -0.0685 0.9860 -0.1521
vn -0.0643 0.9857 -0.1560
vn -0.0760 0.9832 -0.1658
vn -0.0453 0.9849 -0.1671
vn -0.0749 0.9831 -0.1673
vn -0.1084 0.9798 -0.1680
vn -0.1061 0.9780 -0.1798
vn -0.1240 0.9780 -0.1676
vn -0.1575 0.9708 -0.1808
vn -0.1758 0.9700 -0.1678
vn -0.1732 0.9641 -0.2010
vn -0.2189 0.9594 -0.1776
vn -0.2156 0.9596 -0.1811
vn -0.2798 0.9430 -0.1800
vn -0.2765 0.9460 -0.1692
vn -0.2818 0.9456 -0.1625
vn -0.2754 0.9524 -0.1309
vn -0.2611 0.9543 -0.1450
vn -0.2601 0.9607 -0.0974
vn -0.2959 0.9484 -0.1140
vn -0.3446 0.9343 -0.0910
vn -0.2960 0.9530 -0.0644
vn -0.3495 0.9342 -0.0717
vn -0.2767 0.9574 -0.0825
vn -0.2713 0.9610 -0.0535
vn -0.3366 0.9396 -0.0612
vn -0.2293 0.9708 -0.0710
vn -0.1987 0.9754 -0.0959
vn -0.1947 0.9790 -0.0609
vn -0.1688 0.9822 -0.0819
vn -0.1263 0.9895 -0.0709
vn -0.1308 0.9857 -0.1068
vn -0.1144 0.9901 -0.0817
vn -0.1533 0.9843 -0.0874
vn -0.2268 0.9662 -0.1223
vn -0.2108 0.9708 -0.1143
vn -0.1536 0.9796 -0.1295
vn -0.1543 0.9780 -0.1406
vn -0.2113 0.9694 -0.1253
vn -0.2026 0.9699 -0.1351
vn -0.2092 0.9638 -0.1653
vn -0.2157 0.9634 -0.1588
vn -0.1546 0.9756 -0.1562
vn -0.1473 0.9756 -0.1628
vn -0.1033 0.9816 -0.1609
vn -0.1463 0.9798 -0.1365
vn -0.1601 0.9795 -0.1224
vn -0.1001 0.9900 -0.0990
vn -0.0540 0.9921 -0.1128
vn -0.0413 0.9956 -0.0839
vn -0.0419 0.9965 -0.0728
vn -0.0430 0.9964 -0.0737
vn -0.0183 0.9968 -0.0773
vn -0.0179 0.9968 -0.0778
vn -0.0806 0.9934 -0.0811
vn -0.1113 0.9923 -0.0536
vn -0.0757 0.9946 -0.0706
vn -0.1246 0.9904 -0.0603
vn -0.1699 0.9848 -0.0362
vn -0.2552 0.9643 -0.0705
vn -0.2669 0.9623 -0.0525
vn -0.3301 0.9429 -0.0442
vn -0.3423 0.9381 -0.0530
vn -0.3413 0.9360 -0.0860
vn -0.3356 0.9353 -0.1119
vn -0.3450 0.9284 -0.1379
vn -0.3412 0.9279 -0.1503
vn -0.3277 0.9246 -0.1944
vn -0.4244 0.8968 -0.1249
vn -0.3455 0.9209 -0.1805
vn -0.4052 0.8891 -0.2128
vn -0.4054 0.8872 -0.2203
vn -0.3952 0.8892 -0.2307
vn -0.3267 0.9175 -0.2268
vn -0.2623 0.9415 -0.2115
vn -0.3444 0.9171 -0.2009
vn -0.2772 0.9433 -0.1826
vn -0.2181 0.9577 -0.1874
vn -0.2031 0.9533 -0.2234
vn -0.1503 0.9704 -0.1890
vn -0.1066 0.9735 -0.2022
vn -0.0665 0.9771 -0.2019
vn -0.0708 0.9757 -0.2075
vn -0.1260 0.9714 -0.2013
vn -0.0688 0.9791 -0.1912
vn -0.0759 0.9814 -0.1764
vn -0.0487 0.9841 -0.1705
vn -0.0249 0.9832 -0.1807
vn -0.0031 0.9836 -0.1803
vn -0.0072 0.9819 -0.1892
vn -0.0099 0.9802 -0.1975
vn -0.0426 0.9796 -0.1962
vn -0.0438 0.9785 -0.2014
vn -0.0183 0.9810 -0.1932
vn -0.0093 0.9803 -0.1971
vn -0.0078 0.9821 -0.1882
vn -0.0052 0.9843 -0.1765
vn -0.0195 0.9846 -0.1735
vn -0.0462 0.9879 -0.1479
vn -0.0663 0.9890 -0.1325
vn -0.0305 0.9936 -0.1086
vn -0.0147 0.9901 -0.1399
vn -0.0075 0.9936 -0.1129
vn 0.0006 0.9920 -0.1265
vn 0.0112 0.9941 -0.1083
vn 0.0099 0.9959 -0.0902
vn -0.0095 0.9953 -0.0962
vn -0.0209 0.9964 -0.0822
vn 0.0007 0.9969 -0.0784
vn 0.0093 0.9958 -0.0906
vn 0.0242 0.9961 -0.0850
vn 0.0214 0.9954 -0.0935
vn -0.0153 0.9787 -0.2045
vn -0.0124 0.9793 -0.2020
vn -0.0050 0.9793 -0.2024
vn -0.0034 0.9800 -0.1991
vn 0.0027 0.9799 -0.1992
vn 0.0039 0.9802 -0.1980
vn 0.0023 0.9801 -0.1987
vn 0.0027 0.9797 -0.2006
vn 0.0013 0.9793 -0.2025
vn 0.0009 0.9795 -0.2013
vn -0.0027 0.9798 -0.2000
vn -0.0108 0.9798 -0.1996
vn -0.0061 0.9796 -0.2010
vn -0.0124 0.9793 -0.2018
vn -0.0214 0.9793 -0.2012
vn -0.0279 0.9779 -0.2072
vn -0.0354 0.9780 -0.2058
vn -0.0479 0.9757 -0.2139
vn -0.0472 0.9771 -0.2073
vn -0.0711 0.9738 -0.2161
vn -0.0656 0.9734 -0.2194
vn -0.0655 0.9735 -0.2189
vn -0.0918 0.9718 -0.2171
vn -0.0758 0.9700 -0.2311
vn -0.1157 0.9649 -0.2358
vn -0.1412 0.9581 -0.2491
vn -0.1441 0.9612 -0.2354
vn -0.2001 0.9499 -0.2400
vn -0.1801 0.9498 -0.2557
vn -0.2413 0.9382 -0.2480
vn -0.2572 0.9309 -0.2594
vn -0.2782 0.9268 -0.2524
vn -0.2826 0.9175 -0.2797
vn -0.2623 0.9190 -0.2945
vn -0.3240 0.8960 -0.3038
vn -0.3087 0.8891 -0.3380
vn -0.2591 0.9170 -0.3034
vn -0.3150 0.9015 -0.2967
vn -0.3257 0.9056 -0.2716
vn -0.2641 0.9160 -0.3021
vn -0.2223 0.9365 -0.2711
vn -0.1926 0.9413 -0.2772
vn -0.2104 0.9458 -0.2473
vn -0.1599 0.9543 -0.2524
vn -0.3251 0.9058 -0.2718
vn -0.2219 0.9365 -0.2714
vn -0.1478 0.9613 -0.2323
vn -0.1032 0.9671 -0.2327
vn -0.1709 0.9557 -0.2396
vn -0.0917 0.9708 -0.2218
vn -0.0463 0.9770 -0.2081
vn -0.0281 0.9785 -0.2043
vn -0.0535 0.9758 -0.2119
vn -0.0283 0.9784 -0.2045
vn -0.0153 0.9786 -0.2053
vn -0.0207 0.9774 -0.2105
vn -0.0281 0.9776 -0.2086
vn -0.0376 0.9760 -0.2145
vn -0.0503 0.9759 -0.2122
vn -0.0463 0.9751 -0.2168
vn -0.0757 0.9735 -0.2157
vn -0.0710 0.9721 -0.2238
vn -0.1038 0.9692 -0.2232
vn -0.1090 0.9662 -0.2335
vn -0.1478 0.9613 -0.2325
vn -0.1556 0.9574 -0.2431
vn -0.1584 0.9598 -0.2316
vn -0.1689 0.9550 -0.2439
vn -0.2120 0.9472 -0.2404
vn -0.2088 0.9447 -0.2528
vn -0.2588 0.9322 -0.2530
vn -0.2673 0.9266 -0.2644
vn -0.3260 0.9064 -0.2688
vn -0.3312 0.9026 -0.2749
vn -0.3341 0.9095 -0.2473
vn -0.2923 0.9212 -0.2569
vn -0.2934 0.9243 -0.2440
vn -0.3154 0.9118 -0.2631
vn -0.3594 0.8980 -0.2539
vn -0.3740 0.8895 -0.2625
vn -0.3727 0.8921 -0.2556
vn -0.3869 0.8898 -0.2421
vn -0.3877 0.8888 -0.2444
vn -0.3951 0.8882 -0.2344
vn -0.3266 0.9167 -0.2301
vn -0.3280 0.9157 -0.2323
vn -0.2658 0.9386 -0.2197
vn -0.2673 0.9311 -0.2482
vn -0.2506 0.9397 -0.2326
vn -0.1927 0.9538 -0.2303
vn -0.1882 0.9538 -0.2343
vn -0.1874 0.9604 -0.2061
vn -0.1509 0.9648 -0.2154
vn -0.1375 0.9688 -0.2063
vn -0.1345 0.9652 -0.2244
vn -0.1065 0.9721 -0.2089
vn -0.1025 0.9718 -0.2125
vn -0.0669 0.9749 -0.2125
vn -0.0698 0.9757 -0.2079
vn -0.0395 0.9773 -0.2082
vn -0.0406 0.9766 -0.2111
vn -0.0240 0.9780 -0.2073
vn -0.0244 0.9774 -0.2099
vn -0.0099 0.9781 -0.2077
vn -0.0090 0.9779 -0.2087
vn -0.0088 0.9781 -0.2079
vn -0.0095 0.9783 -0.2070
vn -0.0096 0.9783 -0.2072
vn -0.0210 0.9788 -0.2039
vn -0.0247 0.9781 -0.2068
vn -0.0112 0.9787 -0.2051
vn 0.0004 0.9782 -0.2079
vn 0.0008 0.9786 -0.2058
vn 0.0012 0.9782 -0.2077
vn -0.0010 0.9785 -0.2062
vn 0.0010 0.9782 -0.2074
vn 0.0007 0.9782 -0.2078
vn 0.0009 0.9781 -0.2083
vn 0.0007 0.9781 -0.2081
vn 0.0007 0.9781 -0.2082
vn 0.0005 0.9783 -0.2074
vn 0.0002 0.9783 -0.2071
vn 0.0003 0.9783 -0.2070
vn 0.0018 0.9786 -0.2056
vn 0.0016 0.9790 -0.2039
vn 0.0011 0.9792 -0.2030
vn 0.0008 0.9791 -0.2032
vn -0.0059 0.9787 -0.2050
vn -0.0059 0.9787 -0.2054
vn -0.0078 0.9783 -0.2071
vn -0.0190 0.9781 -0.2074
vn -0.0190 0.9778 -0.2087
vn -0.0236 0.9770 -0.2117
vn -0.0321 0.9777 -0.2075
vn -0.0314 0.9767 -0.2123
vn -0.0379 0.9762 -0.2134
vn -0.0393 0.9767 -0.2111
vn -0.0412 0.9760 -0.2138
vn -0.0657 0.9749 -0.2125
vn -0.0633 0.9744 -0.2158
vn -0.0837 0.9737 -0.2118
vn -0.0846 0.9710 -0.2235
vn -0.0557 0.9746 -0.2170
vn -0.0551 0.9751 -0.2147
vn -0.0840 0.9709 -0.2240
vn -0.0819 0.9723 -0.2190
vn -0.1209 0.9665 -0.2262
vn -0.1332 0.9611 -0.2419
vn -0.1388 0.9663 -0.2169
vn -0.1538 0.9606 -0.2314
vn -0.0603 0.9756 -0.2112
vn -0.0080 0.9775 -0.2106
vn -0.0100 0.9781 -0.2081
vn -0.0236 0.9773 -0.2108
vn -0.0200 0.9774 -0.2104
vn -0.0418 0.9768 -0.2100
vn -0.0438 0.9781 -0.2033
vn -0.0708 0.9754 -0.2089
vn -0.1066 0.9725 -0.2069
vn -0.0657 0.9753 -0.2110
vn -0.1064 0.9678 -0.2281
vn -0.1024 0.9718 -0.2123
vn -0.2032 0.9539 -0.2209
vn -0.1566 0.9638 -0.2156
vn -0.1924 0.9540 -0.2298
vn -0.1881 0.9534 -0.2361
vn -0.1918 0.9494 -0.2488
vn -0.2211 0.9454 -0.2396
vn -0.2333 0.9396 -0.2504
vn -0.2351 0.9419 -0.2397
vn -0.2621 0.9389 -0.2229
vn -0.3238 0.9154 -0.2391
vn -0.3219 0.9167 -0.2367
vn -0.2448 0.9367 -0.2502
vn -0.2669 0.9335 -0.2395
vn -0.3588 0.8938 -0.2689
vn -0.2725 0.9278 -0.2550
vn -0.2195 0.9432 -0.2494
vn -0.1706 0.9573 -0.2334
vn -0.1179 0.9652 -0.2336
vn -0.1998 0.9496 -0.2415
vn -0.1121 0.9681 -0.2243
vn -0.0785 0.9714 -0.2241
vn -0.0526 0.9747 -0.2172
vn -0.0385 0.9772 -0.2087
vn -0.0208 0.9783 -0.2061
vn -0.0062 0.9788 -0.2048
vn -0.0115 -0.9987 -0.0487
vn -0.0037 -1.0000 -0.0090
vn -0.0034 -1.0000 -0.0083
vn -0.0100 -0.9999 -0.0036
vn 0.0125 -0.9992 0.0381
vn 0.0073 -0.9995 0.0301
vn -0.0111 -0.9990 0.0435
vn 0.0120 -0.9960 0.0880
vn -0.0155 -0.9970 0.0757
vn -0.0202 -0.9968 0.0772
vn -0.0206 -0.9991 0.0363
vn -0.0433 -0.9982 0.0416
vn -0.0427 -0.9982 0.0423
vn -0.0772 -0.9964 0.0341
vn -0.0729 -0.9934 0.0880
vn -0.0423 -0.9958 0.0816
vn -0.0505 -0.9920 0.1160
vn -0.0019 -0.9939 0.1101
vn 0.0038 -0.9925 0.1224
vn -0.0116 -0.9925 0.1218
vn -0.0060 -0.9896 0.1439
vn -0.0070 -0.9901 0.1403
vn -0.0106 -0.9896 0.1432
vn -0.0098 -0.9884 0.1517
vn -0.0100 -0.9885 0.1507
vn -0.0106 -0.9885 0.1511
vn -0.0099 -0.9890 0.1476
vn -0.0124 -0.9893 0.1457
vn -0.0137 -0.9889 0.1481
vn -0.0095 -0.9907 0.1358
vn -0.0094 -0.9907 0.1358
vn -0.0094 -0.9907 0.1359
vn -0.0108 -0.9929 0.1186
vn -0.0099 -0.9928 0.1192
vn -0.0100 -0.9930 0.1181
vn -0.0160 -0.9951 0.0973
vn -0.0137 -0.9947 0.1020
vn -0.0113 -0.9950 0.0988
vn -0.0193 -0.9970 0.0753
vn -0.0198 -0.9970 0.0743
vn -0.0231 -0.9967 0.0780
vn -0.0233 -0.9981 0.0567
vn -0.0209 -0.9980 0.0596
vn -0.0189 -0.9984 0.0525
vn -0.0807 -0.9954 0.0511
vn -0.0953 -0.9934 0.0634
vn -0.0951 -0.9935 0.0619
vn -0.1423 -0.9878 0.0628
vn -0.1485 -0.9878 0.0480
vn -0.2044 -0.9780 0.0404
vn -0.2085 -0.9769 0.0470
vn -0.2639 -0.9636 0.0430
vn -0.2738 -0.9615 0.0220
vn -0.2786 -0.9599 0.0299
vn -0.3287 -0.9439 0.0321
vn -0.3287 -0.9440 0.0297
vn -0.3331 -0.9422 0.0354
vn -0.3285 -0.9426 0.0604
vn -0.3255 -0.9439 0.0564
vn -0.3198 -0.9440 0.0808
vn -0.2514 -0.9643 0.0829
vn -0.2404 -0.9644 0.1102
vn -0.2395 -0.9647 0.1091
vn -0.3105 -0.9455 0.0985
vn -0.3021 -0.9490 0.0900
vn -0.2992 -0.9481 0.1073
vn -0.2553 -0.9592 0.1217
vn -0.2529 -0.9616 0.1068
vn -0.2858 -0.9521 0.1089
vn -0.2754 -0.9562 0.0991
vn -0.2796 -0.9564 0.0849
vn -0.2524 -0.9621 0.1035
vn -0.2212 -0.9709 0.0923
vn -0.2032 -0.9723 0.1155
vn -0.1908 -0.9776 0.0887
vn -0.1803 -0.9786 0.0994
vn -0.1820 -0.9805 0.0737
vn -0.1674 -0.9843 0.0567
vn -0.2427 -0.9690 0.0454
vn -0.2394 -0.9692 0.0581
vn -0.2198 -0.9754 0.0151
vn -0.2236 -0.9747 -0.0070
vn -0.1484 -0.9889 0.0018
vn -0.1533 -0.9875 -0.0356
vn -0.0920 -0.9956 -0.0178
vn -0.1010 -0.9935 -0.0522
vn -0.0683 -0.9970 -0.0374
vn -0.0511 -0.9976 -0.0476
vn -0.0647 -0.9979 -0.0053
vn -0.0384 -0.9992 -0.0052
vn -0.0518 -0.9979 -0.0377
vn -0.0111 -0.9995 -0.0288
vn -0.0245 -0.9986 -0.0463
vn -0.0700 -0.9975 -0.0120
vn -0.0424 -0.9982 -0.0431
vn -0.0970 -0.9952 -0.0132
vn -0.1034 -0.9943 0.0261
vn -0.0995 -0.9945 0.0318
vn -0.1238 -0.9887 0.0847
vn -0.1388 -0.9892 -0.0464
vn -0.2013 -0.9779 -0.0563
vn -0.1987 -0.9794 -0.0363
vn -0.1743 -0.9841 0.0346
vn -0.1291 -0.9886 0.0772
vn -0.1371 -0.9851 0.1042
vn -0.1130 -0.9889 0.0964
vn -0.1170 -0.9834 0.1389
vn -0.1451 -0.9821 0.1198
vn -0.1451 -0.9790 0.1429
vn -0.1149 -0.9847 0.1308
vn -0.1171 -0.9820 0.1482
vn -0.0867 -0.9872 0.1340
vn -0.0461 -0.9873 0.1521
vn -0.0867 -0.9862 0.1409
vn -0.0489 -0.9905 0.1286
vn -0.1092 -0.9865 0.1224
vn -0.1093 -0.9864 0.1227
vn -0.0586 -0.9918 0.1132
vn -0.1306 -0.9864 0.0997
vn -0.1786 -0.9781 0.1071
vn -0.1962 -0.9771 0.0825
vn -0.1966 -0.9769 0.0836
vn -0.1494 -0.9862 0.0714
vn -0.2069 -0.9761 0.0661
vn -0.2602 -0.9634 0.0635
vn -0.1287 -0.9876 0.0897
vn -0.0788 -0.9938 0.0782
vn -0.1560 -0.9785 0.1348
vn -0.1537 -0.9806 0.1219
vn -0.1896 -0.9722 0.1377
vn -0.0943 -0.9842 0.1499
vn -0.0458 -0.9883 0.1452
vn -0.1876 -0.9757 0.1134
vn -0.0896 -0.9878 0.1273
vn -0.0640 -0.9873 0.1456
vn -0.0919 -0.9890 0.1155
vn -0.1575 -0.9836 0.0882
vn -0.1541 -0.9800 0.1259
vn -0.2564 -0.9626 0.0871
vn -0.2294 -0.9650 0.1272
vn -0.2900 -0.9519 0.0993
vn -0.2391 -0.9645 0.1120
vn -0.1790 -0.9779 0.1082
vn -0.2526 -0.9638 0.0850
vn -0.3150 -0.9461 0.0750
vn -0.2606 -0.9633 0.0640
vn -0.3470 -0.9378 0.0129
vn -0.2657 -0.9630 0.0457
vn -0.2031 -0.9773 0.0598
vn -0.2109 -0.9770 0.0302
vn -0.1448 -0.9884 0.0449
vn -0.0797 -0.9935 0.0814
vn -0.0575 -0.9927 0.1062
vn -0.0488 -0.9911 0.1237
vn -0.0324 -0.9896 0.1402
vn -0.0321 -0.9893 0.1420
vn -0.0475 -0.9880 0.1472
vn -0.0492 -0.9899 0.1332
vn -0.0604 -0.9927 0.1048
vn -0.0855 -0.9934 0.0767
vn -0.0730 -0.9969 0.0305
vn -0.0455 -0.9990 0.0017
vn -0.0122 -0.9999 0.0089
vn -0.0547 -0.9966 0.0611
vn -0.0125 -0.9961 0.0870
vn -0.0262 -0.9992 0.0312
vn -0.0226 -0.9997 -0.0101
vn -0.0113 -0.9990 -0.0434
vn -0.0115 -0.9990 -0.0437
vn -0.0190 -0.9977 -0.0650
vn -0.0104 -0.9976 -0.0682
vn -0.0094 -0.9973 -0.0726
vn -0.0099 -0.9976 -0.0678
vn -0.0064 -0.9972 -0.0747
vn -0.0108 -0.9975 -0.0695
vn -0.0117 -0.9974 -0.0705
vn -0.0210 -0.9984 -0.0530
vn -0.0189 -0.9983 -0.0555
vn -0.0134 -0.9987 -0.0495
vn -0.0202 -0.9998 -0.0089
vn -0.0196 -0.9998 -0.0100
vn -0.0149 -0.9998 -0.0103
vn -0.0325 -0.9986 0.0416
vn -0.0263 -0.9987 0.0432
vn -0.0272 -0.9996 -0.0057
vn -0.0411 -0.9990 -0.0192
vn -0.0379 -0.9991 -0.0191
vn -0.0402 -0.9976 -0.0555
vn -0.0362 -0.9977 -0.0578
vn -0.0355 -0.9967 -0.0732
vn -0.0366 -0.9967 -0.0725
vn -0.0208 -0.9974 -0.0689
vn -0.0359 -0.9971 -0.0668
vn -0.0591 -0.9959 -0.0683
vn -0.0487 -0.9960 -0.0745
vn -0.0809 -0.9938 -0.0762
vn -0.1032 -0.9901 -0.0956
vn -0.0974 -0.9934 -0.0610
vn -0.1248 -0.9894 -0.0749
vn -0.1098 -0.9904 -0.0842
vn -0.1614 -0.9826 -0.0924
vn -0.2018 -0.9713 -0.1259
vn -0.1853 -0.9789 -0.0859
vn -0.1511 -0.9789 -0.1373
vn -0.1372 -0.9834 -0.1184
vn -0.1056 -0.9880 -0.1127
vn -0.1026 -0.9893 -0.1037
vn -0.1123 -0.9889 -0.0974
vn -0.1128 -0.9904 -0.0793
vn -0.0816 -0.9946 -0.0646
vn -0.0745 -0.9971 -0.0153
vn -0.0826 -0.9966 -0.0041
vn -0.0900 -0.9959 -0.0027
vn -0.0970 -0.9946 0.0379
vn -0.0991 -0.9943 0.0403
vn -0.0703 -0.9964 0.0475
vn -0.1116 -0.9932 -0.0333
vn -0.0718 -0.9962 0.0493
vn -0.0509 -0.9973 0.0521
vn -0.0479 -0.9976 0.0490
vn -0.0376 -0.9980 0.0508
vn -0.0292 -0.9986 0.0439
vn -0.0553 -0.9984 -0.0116
vn -0.0476 -0.9987 -0.0196
vn -0.0557 -0.9966 -0.0608
vn -0.0616 -0.9966 -0.0546
vn -0.0614 -0.9949 -0.0797
vn -0.0452 -0.9957 -0.0807
vn -0.0772 -0.9947 -0.0685
vn -0.1019 -0.9909 -0.0884
vn -0.0784 -0.9928 -0.0905
vn -0.1352 -0.9827 -0.1265
vn -0.1166 -0.9886 -0.0951
vn -0.0761 -0.9929 -0.0915
vn -0.0381 -0.9972 -0.0646
vn -0.0495 -0.9958 -0.0767
vn -0.0434 -0.9974 -0.0576
vn -0.0392 -0.9991 -0.0178
vn -0.0271 -0.9984 -0.0496
vn -0.0221 -0.9985 -0.0496
vn -0.0281 -0.9986 0.0442
vn -0.0206 -0.9983 0.0549
vn -0.0138 -0.9983 0.0562
vn -0.0127 -0.9985 0.0529
vn -0.0146 -0.9984 0.0552
vn -0.0152 -0.9998 -0.0105
vn -0.0149 -0.9999 -0.0060
vn -0.0170 -0.9983 -0.0553
vn -0.0220 -0.9975 -0.0676
vn -0.0185 -0.9973 -0.0708
vn -0.7015 -0.7125 -0.0126
vn -0.7213 -0.6926 0.0036
vn -0.7219 -0.6918 -0.0154
vn -0.6881 -0.7256 -0.0099
vn -0.6870 -0.7266 -0.0081
vn -0.6827 -0.7301 -0.0294
vn -0.6929 -0.7207 -0.0203
vn -0.6864 -0.7217 -0.0894
vn -0.7172 -0.6936 -0.0678
vn -0.7196 -0.6846 -0.1160
vn -0.6599 -0.7445 -0.1011
vn -0.6635 -0.7401 -0.1099
vn -0.6441 -0.7480 -0.1600
vn -0.7141 -0.6800 -0.1664
vn -0.7000 -0.6892 -0.1870
vn -0.7491 -0.6353 -0.1879
vn -0.7500 -0.6332 -0.1909
vn -0.7922 -0.5816 -0.1847
vn -0.7934 -0.5793 -0.1870
vn -0.8313 -0.5291 -0.1705
vn -0.8408 -0.5090 -0.1843
vn -0.8628 -0.4759 -0.1703
vn -0.8580 -0.4888 -0.1576
vn -0.8655 -0.4833 -0.1315
vn -0.8585 -0.4998 -0.1145
vn -0.8665 -0.4934 -0.0759
vn -0.8547 -0.5114 -0.0886
vn -0.8607 -0.5059 -0.0572
vn -0.8240 -0.5639 -0.0544
vn -0.8262 -0.5569 -0.0855
vn -0.8115 -0.5798 -0.0732
vn -0.8050 -0.5807 -0.1218
vn -0.8411 -0.5268 -0.1227
vn -0.7982 -0.5962 -0.0863
vn -0.7956 -0.6041 -0.0449
vn -0.7955 -0.6043 -0.0453
vn -0.7933 -0.6076 -0.0390
vn -0.8228 -0.5679 -0.0244
vn -0.8330 -0.5520 -0.0374
vn -0.8595 -0.5108 -0.0195
vn -0.8565 -0.5158 -0.0153
vn -0.8578 -0.5139 0.0044
vn -0.8544 -0.5197 0.0005
vn -0.8545 -0.5192 0.0173
vn -0.8521 -0.5233 0.0130
vn -0.8238 -0.5666 0.0196
vn -0.8249 -0.5653 -0.0048
vn -0.7959 -0.6055 0.0048
vn -0.7871 -0.6167 -0.0091
vn -0.7577 -0.6526 0.0018
vn -0.7603 -0.6491 -0.0235
vn -0.7698 -0.6381 -0.0127
vn -0.7581 -0.6521 0.0024
vn -0.7582 -0.6520 0.0032
vn -0.7274 -0.6862 0.0057
vn -0.7261 -0.6875 0.0040
vn -0.7255 -0.6882 0.0083
vn -0.7530 -0.6581 0.0022
vn -0.7501 -0.6612 0.0101
vn -0.7505 -0.6608 0.0113
vn -0.7257 -0.6880 0.0014
vn -0.7161 -0.6979 0.0122
vn -0.6945 -0.7194 0.0031
vn -0.6945 -0.7194 -0.0075
vn -0.6937 -0.7203 -0.0065
vn -0.6956 -0.7185 0.0022
vn -0.6954 -0.7186 0.0072
vn -0.6954 -0.7186 0.0075
vn -0.7254 -0.6883 -0.0018
vn -0.7231 -0.6907 0.0025
vn -0.7532 -0.6577 -0.0020
vn -0.7538 -0.6571 -0.0009
vn -0.7842 -0.6205 0.0006
vn -0.7832 -0.6216 0.0132
vn -0.7819 -0.6233 0.0095
vn -0.8087 -0.5878 0.0205
vn -0.8081 -0.5890 0.0075
vn -0.7821 -0.6230 0.0159
vn -0.7832 -0.6217 0.0099
vn -0.8150 -0.5792 0.0185
vn -0.8462 -0.5328 0.0097
vn -0.8454 -0.5338 0.0172
vn -0.8478 -0.5297 0.0251
vn -0.8490 -0.5284 0.0062
vn -0.8144 -0.5803 -0.0001
vn -0.8172 -0.5763 0.0063
vn -0.8516 -0.5243 0.0015
vn -0.8138 -0.5810 0.0128
vn -0.7845 -0.6202 0.0002
vn -0.7534 -0.6575 0.0067
vn -0.7807 -0.6247 0.0129
vn -0.7166 -0.6975 -0.0023
vn -0.7559 -0.6546 0.0086
vn -0.7847 -0.6197 0.0129
vn -0.8159 -0.5782 0.0059
vn -0.8516 -0.5237 0.0220
vn -0.8360 -0.5486 0.0103
vn -0.7997 -0.5999 -0.0247
vn -0.7645 -0.6422 -0.0555
vn -0.7597 -0.6485 -0.0479
vn -0.7558 -0.6496 -0.0823
vn -0.7292 -0.6825 -0.0488
vn -0.7721 -0.6323 -0.0642
vn -0.7662 -0.6272 -0.1399
vn -0.8219 -0.5667 -0.0579
vn -0.8562 -0.5149 -0.0416
vn -0.8362 -0.5438 -0.0720
vn -0.8389 -0.5293 -0.1267
vn -0.8059 -0.5789 -0.1238
vn -0.7656 -0.6282 -0.1387
vn -0.6477 -0.7436 -0.1659
vn -0.7060 -0.6945 -0.1388
vn -0.7286 -0.6801 -0.0816
vn -0.6726 -0.7374 -0.0628
vn -0.7316 -0.6802 -0.0459
vn -0.7275 -0.6860 -0.0082
vn -0.7274 -0.6862 -0.0031
vn -0.6916 -0.7223 0.0030
vn -0.7019 -0.7121 0.0164
vn -0.6545 -0.7560 0.0046
vn -0.6529 -0.7575 -0.0062
vn -0.6484 -0.7613 -0.0007
vn -0.6006 -0.7995 -0.0070
vn -0.5896 -0.8076 0.0114
vn -0.5621 -0.8270 0.0002
vn -0.5600 -0.8280 0.0278
vn -0.5659 -0.8237 0.0360
vn -0.5205 -0.8533 0.0313
vn -0.4910 -0.8689 0.0627
vn -0.4811 -0.8763 0.0235
vn -0.4607 -0.8863 0.0478
vn -0.4584 -0.8883 0.0295
vn -0.4612 -0.8868 0.0312
vn -0.5114 -0.8593 -0.0049
vn -0.5125 -0.8587 -0.0040
vn -0.5184 -0.8548 -0.0242
vn -0.4913 -0.8689 -0.0608
vn -0.5715 -0.8167 -0.0798
vn -0.5652 -0.8240 -0.0390
vn -0.6190 -0.7825 -0.0672
vn -0.6310 -0.7758 -0.0071
vn -0.6294 -0.7748 -0.0594
vn -0.6178 -0.7792 -0.1059
vn -0.6099 -0.7869 -0.0942
vn -0.6019 -0.7849 -0.1469
vn -0.5494 -0.8224 -0.1475
vn -0.5297 -0.8393 -0.1225
vn -0.4598 -0.8783 -0.1314
vn -0.5881 -0.7927 -0.1603
vn -0.5569 -0.8252 -0.0946
vn -0.5003 -0.8615 -0.0873
vn -0.4054 -0.9104 -0.0825
vn -0.4451 -0.8954 -0.0154
vn -0.3495 -0.9369 -0.0056
vn -0.3517 -0.9361 -0.0096
vn -0.3227 -0.9441 -0.0676
vn -0.3239 -0.9435 -0.0704
vn -0.2542 -0.9656 -0.0539
vn -0.2706 -0.9618 -0.0420
vn -0.2762 -0.9610 0.0108
vn -0.3027 -0.9529 -0.0170
vn -0.3115 -0.9491 0.0473
vn -0.3195 -0.9461 0.0524
vn -0.3197 -0.9440 0.0822
vn -0.3501 -0.9349 0.0578
vn -0.3712 -0.9261 0.0680
vn -0.3476 -0.9333 0.0899
vn -0.3520 -0.9312 0.0945
vn -0.3558 -0.9308 0.0842
vn -0.4051 -0.9103 0.0848
vn -0.3670 -0.9254 0.0952
vn -0.3684 -0.9256 0.0870
vn -0.3941 -0.9167 0.0660
vn -0.4455 -0.8921 0.0757
vn -0.4673 -0.8827 0.0497
vn -0.5189 -0.8535 0.0484
vn -0.5203 -0.8529 0.0433
vn -0.5138 -0.8571 0.0363
vn -0.5154 -0.8566 0.0262
vn -0.5213 -0.8527 0.0326
vn -0.4662 -0.8841 0.0328
vn -0.4587 -0.8876 0.0423
vn -0.4607 -0.8858 0.0556
vn -0.3955 -0.9157 0.0716
vn -0.3928 -0.9185 0.0458
vn -0.4012 -0.9144 0.0541
vn -0.4008 -0.9156 0.0338
vn -0.4203 -0.9073 0.0123
vn -0.4210 -0.9069 0.0185
vn -0.4143 -0.9101 0.0114
vn -0.4780 -0.8784 0.0037
vn -0.4766 -0.8791 0.0023
vn -0.5246 -0.8513 0.0046
vn -0.5353 -0.8447 -0.0063
vn -0.5682 -0.8228 0.0085
vn -0.5685 -0.8227 0.0057
vn -0.5699 -0.8217 0.0076
vn -0.6181 -0.7861 0.0002
vn -0.6205 -0.7842 -0.0063
vn -0.6601 -0.7512 -0.0045
vn -0.6624 -0.7491 -0.0076
vn -0.6620 -0.7495 0.0024
vn -0.6605 -0.7508 0.0059
vn -0.6611 -0.7503 0.0077
vn -0.6562 -0.7543 0.0204
vn -0.6528 -0.7576 0.0024
vn -0.6581 -0.7529 0.0086
vn -0.6171 -0.7867 0.0182
vn -0.6167 -0.7869 0.0224
vn -0.6137 -0.7893 0.0187
vn -0.6190 -0.7851 0.0208
vn -0.5695 -0.8215 0.0293
vn -0.5687 -0.8218 0.0342
vn -0.6206 -0.7840 0.0138
vn -0.6196 -0.7848 0.0119
vn -0.5745 -0.8183 0.0171
vn -0.6266 -0.7793 0.0049
vn -0.6213 -0.7835 0.0064
vn -0.5847 -0.8112 -0.0090
vn -0.5264 -0.8502 0.0083
vn -0.4679 -0.8835 0.0202
vn -0.4660 -0.8846 0.0176
vn -0.5196 -0.8542 0.0194
vn -0.5694 -0.8220 0.0099
vn -0.5714 -0.8201 0.0318
vn -0.4683 -0.8815 0.0608
vn -0.3953 -0.9157 0.0719
vn -0.4024 -0.9137 0.0563
vn -0.3712 -0.9284 0.0147
vn -0.3983 -0.9143 -0.0735
vn -0.5808 -0.8138 -0.0205
vn -0.4499 -0.8928 -0.0229
vn -0.4035 -0.9142 0.0372
vn -0.4042 -0.9128 0.0575
vn -0.4387 -0.8973 0.0492
vn -0.5209 -0.8521 0.0506
vn -0.5670 -0.8231 0.0321
vn -0.5130 -0.8576 0.0376
vn -0.5795 -0.8148 -0.0174
vn -0.6141 -0.7890 0.0166
vn -0.6411 -0.7670 -0.0265
vn -0.6580 -0.7529 0.0076
vn -0.8072 -0.5301 -0.2596
vn -0.7657 -0.5808 -0.2763
vn -0.7685 -0.5821 -0.2657
vn -0.7909 -0.5417 -0.2847
vn -0.7911 -0.5419 -0.2838
vn -0.7796 -0.5509 -0.2978
vn -0.7416 -0.6082 -0.2829
vn -0.7331 -0.6137 -0.2931
vn -0.6794 -0.6776 -0.2816
vn -0.6850 -0.6751 -0.2738
vn -0.6337 -0.7296 -0.2571
vn -0.6234 -0.7192 -0.3068
vn -0.6140 -0.7350 -0.2876
vn -0.6144 -0.7353 -0.2861
vn -0.6788 -0.6837 -0.2680
vn -0.6798 -0.6844 -0.2636
vn -0.6330 -0.7375 -0.2354
vn -0.6310 -0.7520 -0.1906
vn -0.6418 -0.7475 -0.1713
vn -0.6910 -0.7035 -0.1661
vn -0.7150 -0.6681 -0.2062
vn -0.7602 -0.6212 -0.1902
vn -0.7723 -0.5959 -0.2200
vn -0.8154 -0.5378 -0.2142
vn -0.6220 -0.7748 -0.1132
vn -0.6165 -0.7471 -0.2486
vn -0.7095 -0.6629 -0.2390
vn -0.6871 -0.6676 -0.2867
vn -0.6113 -0.7393 -0.2825
vn -0.6237 -0.7350 -0.2661
vn -0.6342 -0.7405 -0.2225
vn -0.6379 -0.7351 -0.2295
vn -0.6920 -0.6829 -0.2338
vn -0.6903 -0.6841 -0.2357
vn -0.7357 -0.6372 -0.2295
vn -0.7406 -0.6295 -0.2351
vn -0.7707 -0.5996 -0.2158
vn -0.7595 -0.5857 -0.2831
vn -0.7838 -0.5769 -0.2301
vn -0.8160 -0.5393 -0.2080
vn -0.8226 -0.5251 -0.2183
vn -0.8576 -0.4753 -0.1966
vn -0.8580 -0.4740 -0.1980
vn -0.8421 -0.4687 -0.2668
vn -0.8665 -0.4428 -0.2304
vn -0.8622 -0.4344 -0.2607
vn -0.8268 -0.4942 -0.2687
vn -0.8694 -0.4270 -0.2488
vn -0.8655 -0.4227 -0.2688
vn -0.8773 -0.4084 -0.2519
vn -0.8774 -0.4084 -0.2519
vn -0.8849 -0.3989 -0.2404
vn -0.8896 -0.4009 -0.2190
vn -0.8906 -0.3951 -0.2252
vn -0.8575 -0.4610 -0.2283
vn -0.8558 -0.4630 -0.2307
vn -0.8516 -0.4592 -0.2527
vn -0.8540 -0.4514 -0.2587
vn -0.8548 -0.4512 -0.2562
vn -0.8324 -0.4820 -0.2736
vn -0.8340 -0.4916 -0.2505
vn -0.8003 -0.5321 -0.2763
vn -0.7279 -0.6293 -0.2723
vn -0.6826 -0.6812 -0.2646
vn -0.6827 -0.6683 -0.2955
vn -0.7336 -0.6251 -0.2666
vn -0.7851 -0.5621 -0.2600
vn -0.8282 -0.4838 -0.2828
vn -0.8236 -0.5065 -0.2552
vn -0.7414 -0.6031 -0.2941
vn -0.7580 -0.6013 -0.2528
vn -0.8160 -0.5054 -0.2806
vn -0.8198 -0.5254 -0.2277
vn -0.4761 -0.8477 -0.2341
vn -0.4768 -0.8418 -0.2533
vn -0.3884 -0.8939 -0.2238
vn -0.3882 -0.8908 -0.2362
vn -0.3927 -0.8898 -0.2327
vn -0.4680 -0.8460 -0.2555
vn -0.4684 -0.8459 -0.2551
vn -0.4685 -0.8517 -0.2347
vn -0.4011 -0.8924 -0.2068
vn -0.4045 -0.8959 -0.1839
vn -0.4696 -0.8640 -0.1816
vn -0.4858 -0.8591 -0.1609
vn -0.4750 -0.8733 -0.1084
vn -0.5261 -0.8457 -0.0894
vn -0.5424 -0.8331 -0.1087
vn -0.4324 -0.8985 -0.0757
vn -0.3725 -0.9239 -0.0878
vn -0.3442 -0.9377 -0.0476
vn -0.2873 -0.9571 -0.0379
vn -0.2686 -0.9631 0.0181
vn -0.1976 -0.9799 0.0257
vn -0.1932 -0.9810 0.0193
vn -0.1577 -0.9874 0.0148
vn -0.1530 -0.9876 -0.0348
vn -0.2077 -0.9767 -0.0532
vn -0.2177 -0.9714 -0.0951
vn -0.2637 -0.9605 -0.0887
vn -0.3055 -0.9414 -0.1429
vn -0.2965 -0.9412 -0.1620
vn -0.2241 -0.9622 -0.1550
vn -0.2211 -0.9624 -0.1576
vn -0.1698 -0.9753 -0.1412
vn -0.1637 -0.9821 -0.0933
vn -0.1590 -0.9823 -0.0987
vn -0.1793 -0.9751 -0.1305
vn -0.1871 -0.9704 -0.1530
vn -0.1944 -0.9707 -0.1416
vn -0.2015 -0.9661 -0.1613
vn -0.2258 -0.9657 -0.1284
vn -0.2226 -0.9692 -0.1058
vn -0.3212 -0.9382 -0.1285
vn -0.3136 -0.9433 -0.1085
vn -0.3847 -0.9131 -0.1353
vn -0.3812 -0.9142 -0.1378
vn -0.4489 -0.8794 -0.1585
vn -0.4529 -0.8754 -0.1691
vn -0.5234 -0.8349 -0.1702
vn -0.5046 -0.8406 -0.1968
vn -0.5601 -0.8070 -0.1868
vn -0.5806 -0.7845 -0.2177
vn -0.4227 -0.8833 -0.2027
vn -0.4069 -0.8952 -0.1817
vn -0.3735 -0.9069 -0.1950
vn -0.3540 -0.9200 -0.1681
vn -0.3330 -0.9209 -0.2028
vn -0.3161 -0.9318 -0.1786
vn -0.2858 -0.9392 -0.1901
vn -0.3115 -0.9287 -0.2013
vn -0.2414 -0.9529 -0.1835
vn -0.2874 -0.9441 -0.1616
vn -0.2428 -0.9657 -0.0921
vn -0.2570 -0.9534 -0.1578
vn -0.2231 -0.9633 -0.1491
vn -0.3180 -0.9254 -0.2060
vn -0.2115 -0.9717 -0.1049
vn -0.1520 -0.9877 -0.0361
vn -0.1414 -0.9892 0.0377
vn -0.2093 -0.9765 -0.0509
vn -0.2641 -0.9620 -0.0697
vn -0.5247 -0.8353 -0.1641
vn -0.5443 -0.8181 -0.1859
vn -0.5310 -0.8118 -0.2431
vn -0.5402 -0.8074 -0.2373
vn -0.5377 -0.7962 -0.2772
vn -0.3613 -0.9231 -0.1314
vn -0.4815 -0.8475 -0.2233
vn -0.5443 -0.7938 -0.2715
vn -0.5435 -0.7907 -0.2819
vn -0.5462 -0.7897 -0.2793
vn -0.5479 -0.7953 -0.2593
vn -0.3912 -0.8948 -0.2152
vn -0.3216 -0.9265 -0.1955
vn -0.4034 -0.8904 -0.2108
vn -0.4679 -0.8442 -0.2617
vn -0.5046 -0.8406 -0.1967
vn -0.5473 -0.7955 -0.2599
vn -0.8642 -0.4691 -0.1818
vn -0.8322 -0.5281 -0.1692
vn -0.8387 -0.5291 -0.1289
vn -0.8302 -0.5470 -0.1076
vn -0.8266 -0.5459 -0.1367
vn -0.8582 -0.5016 -0.1085
vn -0.8533 -0.5169 -0.0684
vn -0.7868 -0.5168 -0.3375
vn -0.8127 -0.5713 -0.1147
vn -0.7226 -0.6912 -0.0001
vn -0.7100 -0.7042 -0.0028
vn -0.6949 -0.7180 0.0399
vn -0.6874 -0.7197 0.0975
vn -0.7174 -0.6926 0.0758
vn -0.7072 -0.7035 0.0706
vn -0.7001 -0.7126 0.0464
vn -0.7094 -0.7047 0.0095
vn -0.6637 -0.7476 -0.0247
vn -0.6637 -0.7475 -0.0262
vn -0.6400 -0.7662 -0.0589
vn -0.6399 -0.7663 -0.0572
vn -0.7031 -0.6996 -0.1275
vn -0.7262 -0.6801 -0.1007
vn -0.7697 -0.6191 -0.1558
vn -0.7948 -0.5919 -0.1339
vn -0.7253 -0.6799 -0.1079
vn -0.7600 -0.6453 -0.0770
vn -0.6513 -0.7588 0.0018
vn -0.7614 -0.6464 -0.0490
vn -0.6579 -0.7511 0.0549
vn -0.7734 -0.6305 -0.0661
vn -0.8802 -0.4480 -0.1566
vn -0.9036 -0.3979 -0.1587
vn -0.9045 -0.3949 -0.1610
vn -0.9038 -0.3947 -0.1653
vn -0.8995 -0.4026 -0.1698
vn -0.8978 -0.4019 -0.1799
vn -0.8991 -0.3956 -0.1872
vn -0.8816 -0.4529 -0.1330
vn -0.7763 -0.6293 -0.0376
vn -0.7952 -0.5920 -0.1313
vn -0.8252 -0.5370 -0.1752
vn -0.8667 -0.4612 -0.1899
vn -0.8695 -0.4720 -0.1457
vn -0.8874 -0.4011 -0.2272
vn -0.8149 -0.5747 -0.0750
vn -0.8061 -0.5598 -0.1919
vn -0.7383 -0.6744 0.0138
vn -0.7127 -0.6900 -0.1264
vn -0.6985 -0.7139 -0.0496
vn -0.7005 -0.7126 -0.0388
vn -0.7692 -0.6385 0.0271
vn -0.7836 -0.6156 0.0834
vn -0.7926 -0.6085 0.0384
vn -0.7899 -0.6122 0.0354
vn -0.7319 -0.6720 0.1128
vn -0.7197 -0.6866 0.1033
vn -0.7196 -0.6905 0.0737
vn -0.7483 -0.6492 0.1364
vn -0.6967 -0.7076 0.1179
vn -0.6960 -0.7092 0.1125
vn -0.7394 -0.6726 0.0307
vn -0.7609 -0.6474 0.0424
vn -0.8381 -0.5397 -0.0790
vn -0.8404 -0.5395 -0.0517
vn -0.8765 -0.4549 -0.1577
vn -0.9126 -0.3878 -0.1292
vn -0.8916 -0.4211 -0.1665
vn -0.8618 -0.5027 -0.0675
vn -0.8623 -0.5038 -0.0513
vn -0.9143 -0.3690 -0.1671
vn -0.8411 -0.5360 -0.0727
vn -0.7825 -0.6164 0.0886
vn -0.7691 -0.6338 0.0821
vn -0.7761 -0.6304 0.0159
vn -0.7900 -0.6124 0.0309
vn -0.7297 -0.6796 0.0761
vn -0.8591 -0.5084 -0.0600
vn -0.8867 -0.4085 -0.2167
vn -0.9234 -0.2963 -0.2440
vn -0.5303 0.8248 -0.1962
vn -0.5288 0.8247 -0.2007
vn -0.5328 0.8225 -0.1990
vn -0.5344 0.8325 -0.1459
vn -0.4855 0.8632 -0.1382
vn -0.4519 0.8880 -0.0851
vn -0.4562 0.8874 -0.0666
vn -0.4194 0.9067 -0.0455
vn -0.4274 0.9039 -0.0158
vn -0.3831 0.9233 0.0268
vn -0.3908 0.9200 0.0286
vn -0.3889 0.9211 -0.0153
vn -0.4191 0.9079 0.0092
vn -0.4302 0.9008 -0.0590
vn -0.4662 0.8823 -0.0654
vn -0.4938 0.8585 -0.1386
vn -0.5154 0.8496 -0.1119
vn -0.5161 0.8492 -0.1119
vn -0.4836 0.8718 -0.0784
vn -0.4827 0.8722 -0.0794
vn -0.5064 0.8526 -0.1291
vn -0.4927 0.8532 -0.1711
vn -0.5001 0.8487 -0.1718
vn -0.5006 0.8483 -0.1725
vn -0.5275 0.8397 -0.1290
vn -0.5360 0.8329 -0.1377
vn -0.5274 0.8238 -0.2078
vn -0.5688 0.7920 -0.2216
vn -0.5641 0.7810 -0.2680
vn -0.6157 0.7315 -0.2930
vn -0.6130 0.7211 -0.3229
vn -0.6621 0.6694 -0.3369
vn -0.6487 0.6586 -0.3813
vn -0.7427 0.5522 -0.3787
vn -0.7413 0.5525 -0.3811
vn -0.7940 0.4978 -0.3489
vn -0.7764 0.4987 -0.3854
vn -0.7579 0.5731 -0.3116
vn -0.6780 0.6420 -0.3579
vn -0.6475 0.6992 -0.3031
vn -0.6495 0.7013 -0.2937
vn -0.6051 0.7400 -0.2935
vn -0.5890 0.7687 -0.2494
vn -0.6269 0.7111 -0.3184
vn -0.6298 0.7154 -0.3026
vn -0.6785 0.6733 -0.2939
vn -0.6276 0.6905 -0.3596
vn -0.6269 0.7163 -0.3064
vn -0.5614 0.7841 -0.2646
vn -0.5667 0.7839 -0.2536
vn -0.5479 0.8119 -0.2017
vn -0.5446 0.8130 -0.2062
vn -0.4916 0.8631 -0.1158
vn -0.4876 0.8652 -0.1168
vn -0.4393 0.8952 -0.0751
vn -0.4428 0.8963 -0.0245
vn -0.4137 0.9103 -0.0159
vn -0.3852 0.9220 0.0383
vn -0.4017 0.9137 0.0622
vn -0.3874 0.9199 0.0615
vn -0.4026 0.9103 0.0966
vn -0.3722 0.9182 0.1354
vn -0.3897 0.9111 0.1340
vn -0.3708 0.9130 0.1703
vn -0.3555 0.9183 0.1739
vn -0.3369 0.9161 0.2172
vn -0.3451 0.9134 0.2158
vn -0.3255 0.9272 0.1850
vn -0.3306 0.9268 0.1780
vn -0.3240 0.9369 0.1312
vn -0.3504 0.9277 0.1290
vn -0.3685 0.9235 0.1066
vn -0.3544 0.9309 0.0887
vn -0.3493 0.9327 0.0893
vn -0.3552 0.9301 0.0930
vn -0.3328 0.9328 0.1384
vn -0.3315 0.9143 0.2328
vn -0.3471 0.8967 0.2746
vn -0.3379 0.8977 0.2826
vn -0.3635 0.8746 0.3210
vn -0.3470 0.8762 0.3345
vn -0.3673 0.8457 0.3872
vn -0.3546 0.8531 0.3828
vn -0.3578 0.8521 0.3819
vn -0.3836 0.8346 0.3954
vn -0.3981 0.8295 0.3917
vn -0.4086 0.8414 0.3536
vn -0.4034 0.8435 0.3547
vn -0.4303 0.8173 0.3832
vn -0.4231 0.8157 0.3944
vn -0.4170 0.8227 0.3864
vn -0.4391 0.8046 0.3998
vn -0.4490 0.8006 0.3968
vn -0.4598 0.8142 0.3544
vn -0.4486 0.8188 0.3582
vn -0.4566 0.7941 0.4012
vn -0.4581 0.7953 0.3971
vn -0.4682 0.8194 0.3308
vn -0.4561 0.8376 0.3007
vn -0.4663 0.8368 0.2870
vn -0.4319 0.8671 0.2481
vn -0.4508 0.8596 0.2406
vn -0.4353 0.8706 0.2293
vn -0.4179 0.8784 0.2320
vn -0.4134 0.8960 0.1620
vn -0.4186 0.8930 0.1655
vn -0.4235 0.8772 0.2263
vn -0.4000 0.8868 0.2314
vn -0.3975 0.8882 0.2304
vn -0.3858 0.9024 0.1919
vn -0.3867 0.8912 0.2373
vn -0.3763 0.8970 0.2319
vn -0.3891 0.8745 0.2895
vn -0.3835 0.8760 0.2926
vn -0.3529 0.8933 0.2784
vn -0.4017 0.8679 0.2922
vn -0.4092 0.8668 0.2848
vn -0.4175 0.8630 0.2844
vn -0.4295 0.8526 0.2977
vn -0.4476 0.8433 0.2976
vn -0.4100 0.8514 0.3271
vn -0.4416 0.8830 0.1590
vn -0.4459 0.8815 0.1553
vn -0.4561 0.8854 0.0900
vn -0.4608 0.8831 0.0889
vn -0.4778 0.8709 0.1153
vn -0.4823 0.8743 0.0548
vn -0.4367 0.8996 -0.0020
vn -0.4741 0.8805 -0.0040
vn -0.4587 0.8883 -0.0207
vn -0.4592 0.8881 -0.0208
vn -0.4400 0.8968 -0.0454
vn -0.4293 0.9027 0.0272
vn -0.4500 0.8904 0.0691
vn -0.4682 0.8735 -0.1334
vn -0.5257 0.8324 -0.1754
vn -0.5243 0.8160 -0.2434
vn -0.5601 0.7910 -0.2462
vn -0.5834 0.7321 -0.3518
vn -0.6204 0.7249 -0.2995
vn -0.6488 0.6413 -0.4097
vn -0.6664 0.6447 -0.3744
vn -0.7009 0.5479 -0.4567
vn -0.7156 0.5552 -0.4239
vn -0.7370 0.4600 -0.4952
vn -0.7867 0.4762 -0.3929
vn -0.7892 0.4107 -0.4566
vn -0.7764 0.4213 -0.4686
vn -0.7522 0.5370 -0.3819
vn -0.8428 0.3120 -0.4385
vn -0.7389 0.5406 -0.4022
vn -0.7381 0.5385 -0.4065
vn -0.6857 0.6307 -0.3633
vn -0.5816 0.7553 -0.3021
vn -0.5279 0.8004 -0.2840
vn -0.4627 0.8660 -0.1897
vn -0.4687 0.8646 -0.1812
vn -0.4670 0.8833 -0.0418
vn -0.4357 0.8974 0.0702
vn -0.4413 0.8839 0.1546
vn -0.4486 0.8691 0.2083
vn -0.4446 0.8440 0.3001
vn -0.4438 0.8281 0.3425
vn -0.4512 0.7982 0.3992
vn -0.4311 0.8328 0.3472
vn -0.4211 0.8465 0.3258
vn -0.3777 0.8639 0.3333
vn -0.4060 0.8225 0.3984
vn -0.3674 0.8670 0.3365
vn -0.3452 0.8810 0.3236
vn -0.3569 0.8923 0.2766
vn -0.3623 0.9015 0.2368
vn -0.3561 0.9180 0.1744
vn -0.3908 0.9004 0.1912
vn -0.3993 0.9007 0.1711
vn -0.4204 0.9020 0.0986
vn -0.4240 0.9053 0.0267
vn -0.3702 0.9228 0.1066
vn -0.4177 0.9077 -0.0391
vn -0.4866 0.8643 -0.1276
vn -0.5594 0.8027 -0.2070
vn -0.6191 0.7428 -0.2548
vn -0.6195 0.7201 -0.3126
vn -0.6931 0.6340 -0.3431
vn -0.5928 0.7636 -0.2559
vn -0.6751 0.6676 -0.3140
vn -0.7138 0.5744 -0.4008
vn -0.8482 0.4065 -0.3396
vn -0.8458 0.4003 -0.3527
vn -0.8093 0.4319 -0.3982
vn -0.8281 0.4357 -0.3528
vn -0.8255 0.4706 -0.3116
vn -0.7428 0.5522 -0.3787
vn -0.6424 0.6624 -0.3855
vn -0.7564 0.6194 -0.2104
vn -0.5981 0.7171 -0.3579
vn -0.6013 0.7563 -0.2578
vn -0.5821 0.7483 -0.3180
vn -0.5692 0.7735 -0.2788
vn -0.5639 0.7775 -0.2784
vn -0.5708 0.7915 -0.2186
vn -0.5501 0.8002 -0.2388
vn -0.5752 0.7723 -0.2696
vn -0.6997 0.6445 -0.3082
vn -0.6317 0.7161 -0.2969
vn -0.6001 0.7380 -0.3085
vn -0.5774 0.7750 -0.2571
vn -0.5424 0.8020 -0.2502
vn -0.5568 0.8120 -0.1753
vn -0.5039 0.8540 -0.1293
vn -0.5186 0.8390 -0.1648
vn -0.4708 0.8818 -0.0288
vn -0.3590 0.9319 0.0518
vn -0.3894 0.9203 0.0383
vn -0.4127 0.9107 -0.0171
vn -0.4388 0.8979 -0.0346
vn -0.4463 0.8918 -0.0747
vn -0.4480 0.8900 -0.0850
vn -0.4822 0.8558 -0.1873
vn -0.5949 0.7641 -0.2495
vn -0.4854 0.8633 -0.1384
vn -0.5840 0.7692 -0.2594
vn -0.5484 0.8153 -0.1859
vn -0.4140 0.8699 -0.2681
vn -0.4031 0.8725 -0.2762
vn -0.4751 0.8324 -0.2852
vn -0.4747 0.8331 -0.2839
vn -0.5377 0.7996 -0.2673
vn -0.5288 0.7944 -0.2989
vn -0.5600 0.7811 -0.2760
vn -0.6117 0.7314 -0.3014
vn -0.6294 0.7240 -0.2823
vn -0.7016 0.6527 -0.2860
vn -0.7069 0.6396 -0.3019
vn -0.7227 0.6409 -0.2586
vn -0.7265 0.6339 -0.2653
vn -0.7848 0.5595 -0.2665
vn -0.7859 0.5602 -0.2619
vn -0.7931 0.5424 -0.2771
vn -0.8043 0.5392 -0.2496
vn -0.7341 0.6252 -0.2650
vn -0.7346 0.6249 -0.2643
vn -0.7380 0.6346 -0.2294
vn -0.6811 0.6865 -0.2546
vn -0.6767 0.6931 -0.2483
vn -0.5978 0.7601 -0.2548
vn -0.5995 0.7540 -0.2683
vn -0.5387 0.8049 -0.2487
vn -0.5339 0.7975 -0.2809
vn -0.4954 0.8296 -0.2577
vn -0.4277 0.8604 -0.2772
vn -0.4440 0.8585 -0.2567
vn -0.4439 0.8586 -0.2565
vn -0.4539 0.8555 -0.2494
vn -0.4545 0.8580 -0.2394
vn -0.4662 0.8496 -0.2465
vn -0.5120 0.8284 -0.2272
vn -0.5393 0.8030 -0.2538
vn -0.4277 0.8613 -0.2743
vn -0.5666 0.7821 -0.2592
vn -0.6119 0.7351 -0.2917
vn -0.6715 0.6946 -0.2581
vn -0.6747 0.6889 -0.2650
vn -0.6751 0.6887 -0.2643
vn -0.5043 0.8191 -0.2734
vn -0.6157 0.7464 -0.2528
vn -0.6141 0.7536 -0.2342
vn -0.7465 0.6186 -0.2450
vn -0.8050 0.5445 -0.2355
vn -0.8177 0.5335 -0.2162
vn -0.8552 0.4655 -0.2278
vn -0.8526 0.4682 -0.2321
vn -0.8524 0.4646 -0.2399
vn -0.8463 0.4706 -0.2496
vn -0.8448 0.4669 -0.2614
vn -0.6732 0.6946 -0.2537
vn -0.7337 0.6266 -0.2628
vn -0.8070 0.5315 -0.2574
vn -0.8355 0.4913 -0.2460
vn -0.8280 0.4864 -0.2788
vn -0.8341 0.4802 -0.2716
vn -0.8328 0.4793 -0.2767
vn -0.8300 0.4869 -0.2722
vn -0.7894 0.5348 -0.3013
vn -0.7989 0.5467 -0.2506
vn -0.7253 0.6312 -0.2748
vn -0.6603 0.6919 -0.2921
vn -0.7714 0.5736 -0.2755
vn -0.6206 0.7431 -0.2505
vn -0.5594 0.7770 -0.2888
vn -0.4952 0.8303 -0.2556
vn -0.4829 0.8302 -0.2784
vn -0.4147 0.8707 -0.2643
vn -0.4027 0.8714 -0.2801
vn -0.4894 0.8443 -0.2182
vn -0.4225 0.8513 -0.3111
vn -0.5600 0.7811 -0.2763
vn -0.5567 0.7823 -0.2795
vn -0.6301 0.7248 -0.2787
vn -0.6296 0.7250 -0.2791
vn -0.7043 0.6548 -0.2742
vn -0.6795 0.6681 -0.3030
vn -0.7553 0.5963 -0.2720
vn -0.7411 0.5982 -0.3048
vn -0.7243 0.6363 -0.2657
vn -0.6543 0.6906 -0.3082
vn -0.6523 0.7006 -0.2892
vn -0.5331 0.7787 -0.3307
vn -0.5331 0.7782 -0.3321
vn -0.5292 0.7799 -0.3342
vn -0.5483 0.7749 -0.3146
vn -0.5521 0.7801 -0.2943
vn -0.4888 0.8038 -0.3391
vn -0.5124 0.8043 -0.3008
vn -0.3918 0.8538 -0.3429
vn -0.3955 0.8453 -0.3591
vn -0.3245 0.8830 -0.3392
vn -0.4074 0.8426 -0.3523
vn -0.4851 0.8074 -0.3359
vn -0.4686 0.8092 -0.3543
vn -0.5081 0.7755 -0.3747
vn -0.5073 0.7758 -0.3753
vn -0.5622 0.7677 -0.3075
vn -0.5456 0.7550 -0.3638
vn -0.5498 0.7720 -0.3189
vn -0.6182 0.7071 -0.3432
vn -0.5886 0.7165 -0.3744
vn -0.7075 0.6301 -0.3200
vn -0.7045 0.5543 -0.4432
vn -0.7533 0.5859 -0.2989
vn -0.7833 0.5122 -0.3521
vn -0.8279 0.4699 -0.3062
vn -0.5687 0.7685 -0.2933
vn -0.5661 0.7672 -0.3017
vn -0.6222 0.7104 -0.3289
vn -0.6844 0.6295 -0.3679
vn -0.8203 0.5136 -0.2515
vn -0.8247 0.4881 -0.2856
vn -0.8289 0.4887 -0.2721
vn -0.8294 0.4867 -0.2742
vn -0.7671 0.5712 -0.2923
vn -0.6706 0.6872 -0.2796
vn -0.6157 0.7209 -0.3182
vn -0.5429 0.7766 -0.3194
vn -0.4225 0.8532 -0.3058
vn 0.4100 0.6352 0.6545
vn 0.4146 0.6370 0.6499
vn 0.4092 0.7041 0.5803
vn 0.3859 0.7279 0.5667
vn 0.3936 0.7259 0.5641
vn 0.3835 0.7337 0.5609
vn 0.3714 0.7803 0.5032
vn 0.3836 0.7805 0.4937
vn 0.3624 0.8190 0.4449
vn 0.3560 0.8190 0.4500
vn 0.3809 0.8059 0.4532
vn 0.3850 0.8056 0.4503
vn 0.4080 0.7941 0.4504
vn 0.4279 0.7599 0.4893
vn 0.4183 0.7643 0.4908
vn 0.4338 0.7783 0.4538
vn 0.4441 0.7743 0.4508
vn 0.4477 0.7713 0.4523
vn 0.4763 0.7582 0.4453
vn 0.4673 0.7223 0.5098
vn 0.4855 0.7020 0.5210
vn 0.4587 0.7103 0.5339
vn 0.4835 0.7182 0.5004
vn 0.4724 0.7530 0.4581
vn 0.4669 0.7527 0.4641
vn 0.4734 0.6654 0.5772
vn 0.4589 0.6385 0.6178
vn 0.4941 0.5877 0.6407
vn 0.4944 0.5878 0.6404
vn 0.5048 0.5271 0.6836
vn 0.4866 0.5170 0.7042
vn 0.4908 0.4579 0.7413
vn 0.4720 0.4388 0.7647
vn 0.4695 0.3539 0.8089
vn 0.4404 0.3500 0.8268
vn 0.4118 0.2705 0.8702
vn 0.4222 0.2679 0.8660
vn 0.3927 0.2417 0.8873
vn 0.3950 0.1057 0.9126
vn 0.3584 0.1312 0.9243
vn 0.4030 0.1661 0.9000
vn 0.3671 0.1789 0.9128
vn 0.4207 0.2757 0.8643
vn 0.4272 0.2626 0.8652
vn 0.3762 0.1591 0.9128
vn 0.3257 0.0265 0.9451
vn 0.3245 0.0256 0.9455
vn 0.3057 -0.1210 0.9444
vn 0.2694 -0.1678 0.9483
vn 0.2584 -0.2831 0.9236
vn 0.2314 -0.3040 0.9241
vn 0.2428 -0.3157 0.9173
vn 0.2300 -0.3191 0.9194
vn 0.1963 -0.3624 0.9111
vn 0.2022 -0.4162 0.8865
vn 0.1983 -0.4153 0.8878
vn 0.1816 -0.4434 0.8778
vn 0.1702 -0.4424 0.8805
vn 0.1705 -0.4432 0.8801
vn 0.1525 -0.4444 0.8828
vn 0.1619 -0.4541 0.8761
vn 0.1254 -0.4599 0.8791
vn 0.1047 -0.4382 0.8928
vn 0.1330 -0.4403 0.8880
vn 0.1392 -0.3541 0.9248
vn 0.1711 -0.3224 0.9310
vn 0.1744 -0.2372 0.9557
vn 0.2076 -0.2327 0.9501
vn 0.2143 -0.2440 0.9458
vn 0.2248 -0.2433 0.9435
vn 0.2181 -0.2358 0.9470
vn 0.2526 -0.2188 0.9425
vn 0.2527 -0.1148 0.9607
vn 0.3058 -0.0573 0.9504
vn 0.2982 0.0430 0.9535
vn 0.3470 0.0785 0.9346
vn 0.3402 0.1795 0.9231
vn 0.3567 0.1758 0.9175
vn 0.3448 0.2026 0.9165
vn 0.3062 0.2209 0.9260
vn 0.3334 0.2311 0.9140
vn 0.2816 0.0949 0.9548
vn 0.2506 0.1104 0.9618
vn 0.2777 0.1237 0.9527
vn 0.2813 -0.0729 0.9569
vn 0.2694 -0.0528 0.9616
vn 0.2338 -0.0495 0.9710
vn 0.3003 0.0378 0.9531
vn 0.3020 0.0369 0.9526
vn 0.2687 -0.0999 0.9580
vn 0.2826 0.2539 0.9250
vn 0.2780 0.2619 0.9242
vn 0.3058 0.3802 0.8729
vn 0.3413 0.3958 0.8526
vn 0.3254 0.4818 0.8136
vn 0.3660 0.5112 0.7777
vn 0.3514 0.5579 0.7519
vn 0.3900 0.5796 0.7155
vn 0.3585 0.5138 0.7794
vn 0.3857 0.4550 0.8027
vn 0.3872 0.4546 0.8022
vn 0.4294 0.5218 0.7371
vn 0.3973 0.5728 0.7169
vn 0.4314 0.6334 0.6424
vn 0.4346 0.6325 0.6411
vn 0.4525 0.6674 0.5914
vn 0.4168 0.7146 0.5618
vn 0.4412 0.7031 0.5577
vn 0.4573 0.6665 0.5887
vn 0.4445 0.7291 0.5204
vn 0.4630 0.6617 0.5898
vn 0.4677 0.6007 0.6484
vn 0.4803 0.5915 0.6477
vn 0.4436 0.5912 0.6736
vn 0.4590 0.5363 0.7083
vn 0.4825 0.5190 0.7056
vn 0.4629 0.4500 0.7637
vn 0.4554 0.4524 0.7667
vn 0.4392 0.4403 0.7831
vn 0.4329 0.3515 0.8301
vn 0.4240 0.3518 0.8345
vn 0.3956 0.4276 0.8128
vn 0.3895 0.3116 0.8667
vn 0.3778 0.3206 0.8686
vn 0.4285 0.4487 0.7842
vn 0.4350 0.5132 0.7399
vn 0.4332 0.5137 0.7406
vn 0.4681 0.5794 0.6672
vn 0.4290 0.5219 0.7373
vn 0.4047 0.4247 0.8099
vn 0.4065 0.5706 0.7136
vn 0.3303 0.4002 0.8549
vn 0.3533 0.3420 0.8707
vn 0.3848 0.3226 0.8648
vn 0.3047 0.0380 0.9517
vn 0.3021 -0.0568 0.9516
vn 0.3157 -0.0923 0.9443
vn 0.2761 -0.0885 0.9570
vn 0.2490 -0.2228 0.9425
vn 0.2549 -0.2214 0.9413
vn 0.2006 -0.3270 0.9235
vn 0.2138 -0.3312 0.9190
vn 0.2803 -0.1192 0.9525
vn 0.2627 -0.1003 0.9596
vn 0.1671 -0.2276 0.9593
vn 0.1631 -0.3199 0.9333
vn 0.0888 -0.4641 0.8813
vn 0.1756 -0.3687 0.9128
vn 0.1662 -0.3652 0.9160
vn 0.2122 -0.3647 0.9066
vn 0.2425 -0.2117 0.9468
vn 0.2529 -0.2113 0.9441
vn 0.2135 -0.4023 0.8903
vn 0.2123 -0.4018 0.8908
vn 0.2275 -0.3895 0.8925
vn 0.2410 -0.2626 0.9343
vn 0.2829 -0.1737 0.9433
vn 0.3597 0.0093 0.9330
vn 0.3478 0.0779 0.9343
vn 0.3998 0.2379 0.8852
vn 0.4255 0.3601 0.8302
vn 0.4165 0.2618 0.8706
vn 0.4337 0.3614 0.8254
vn 0.4573 0.3761 0.8059
vn 0.4674 0.4405 0.7665
vn 0.4833 0.5192 0.7049
vn 0.4864 0.5928 0.6419
vn 0.4907 0.6326 0.5992
vn 0.4585 0.7598 0.4610
vn 0.4515 0.7297 0.5136
vn 0.4269 0.7860 0.4471
vn 0.4422 0.7304 0.5205
vn 0.4076 0.7500 0.5210
vn 0.4083 0.7942 0.4500
vn 0.3680 0.7861 0.4966
vn 0.3994 0.6431 0.6534
vn 0.4050 0.7509 0.5216
vn 0.4276 0.6967 0.5761
vn 0.4374 0.6255 0.6461
vn 0.4045 0.5737 0.7122
vn 0.4012 0.6398 0.6555
vn 0.3824 -0.8432 0.3778
vn 0.3392 -0.8406 0.4223
vn 0.3561 -0.8341 0.4213
vn 0.3587 -0.8268 0.4333
vn 0.4090 -0.8323 0.3741
vn 0.4120 -0.8250 0.3868
vn 0.4422 -0.8263 0.3489
vn 0.4727 -0.8136 0.3385
vn 0.4314 -0.8472 0.3102
vn 0.4278 -0.8405 0.3324
vn 0.4004 -0.8575 0.3229
vn 0.3989 -0.8494 0.3455
vn 0.3698 -0.8659 0.3369
vn 0.3681 -0.8559 0.3632
vn 0.3286 -0.8589 0.3929
vn 0.3261 -0.8655 0.3801
vn 0.2958 -0.8535 0.4291
vn 0.2647 -0.8571 0.4419
vn 0.3049 -0.8360 0.4562
vn 0.3049 -0.8365 0.4554
vn 0.3201 -0.8305 0.4559
vn 0.2926 -0.8265 0.4809
vn 0.3045 -0.8221 0.4811
vn 0.3062 -0.8163 0.4897
vn 0.3320 -0.8235 0.4601
vn 0.3344 -0.8171 0.4696
vn 0.3282 -0.8192 0.4703
vn 0.3406 -0.8034 0.4884
vn 0.3526 -0.8209 0.4493
vn 0.3664 -0.8171 0.4450
vn 0.3712 -0.8054 0.4622
vn 0.3712 -0.8063 0.4606
vn 0.3807 -0.8024 0.4595
vn 0.3685 -0.7856 0.4970
vn 0.4001 -0.7839 0.4748
vn 0.4005 -0.7924 0.4602
vn 0.4224 -0.8005 0.4252
vn 0.4406 -0.7955 0.4161
vn 0.4408 -0.8088 0.3894
vn 0.4693 -0.8117 0.3476
vn 0.4987 -0.7910 0.3544
vn 0.4825 -0.8168 0.3163
vn 0.4730 -0.8057 0.3565
vn 0.4531 -0.8224 0.3441
vn 0.4541 -0.8188 0.3513
vn 0.4100 -0.8143 0.4109
vn 0.4671 -0.8123 0.3493
vn 0.4931 -0.8233 0.2813
vn 0.5218 -0.8083 0.2728
vn 0.5662 -0.8020 0.1901
vn 0.5658 -0.8024 0.1899
vn 0.5565 -0.7975 0.2328
vn 0.5156 -0.8395 0.1713
vn 0.5018 -0.8470 0.1755
vn 0.4947 -0.8578 0.1395
vn 0.4692 -0.8529 0.2289
vn 0.4472 -0.8620 0.2387
vn 0.4688 -0.8533 0.2282
vn 0.4226 -0.8598 0.2867
vn 0.5873 -0.8086 0.0353
vn 0.5962 -0.7971 0.0957
vn 0.6408 -0.7584 0.1194
vn 0.6508 -0.7590 0.0205
vn 0.7170 -0.6880 0.1121
vn 0.6468 -0.7520 0.1269
vn 0.6651 -0.7259 0.1754
vn 0.6169 -0.7693 0.1662
vn 0.6353 -0.7375 0.2292
vn 0.6276 -0.7454 0.2249
vn 0.5408 -0.7815 0.3112
vn 0.5225 -0.8000 0.2949
vn 0.4845 -0.8084 0.3343
vn 0.4327 -0.8460 0.3115
vn 0.4460 -0.8185 0.3620
vn 0.4415 -0.8061 0.3940
vn 0.4890 -0.7746 0.4012
vn 0.4870 -0.7992 0.3524
vn 0.5229 -0.7980 0.2997
vn 0.6040 -0.7691 0.2087
vn 0.5407 -0.7939 0.2782
vn 0.6268 -0.7470 0.2214
vn 0.5656 -0.7805 0.2665
vn 0.5581 -0.7933 0.2434
vn 0.5784 -0.7780 0.2454
vn 0.5096 -0.8239 0.2479
vn 0.5082 -0.8094 0.2944
vn 0.5098 -0.7995 0.3176
vn 0.5331 -0.8028 0.2670
vn 0.4676 -0.8200 0.3301
vn 0.4403 -0.8091 0.3893
vn 0.4146 -0.8189 0.3970
vn 0.4241 -0.7965 0.4309
vn 0.4151 -0.8112 0.4118
vn 0.3450 -0.8079 0.4778
vn 0.3437 -0.8016 0.4892
vn 0.3137 -0.7937 0.5212
vn 0.3142 -0.7931 0.5218
vn 0.3093 -0.7948 0.5221
vn 0.3083 -0.7897 0.5304
vn 0.2861 -0.8081 0.5148
vn 0.2849 -0.8057 0.5193
vn 0.2884 -0.8058 0.5171
vn 0.2781 -0.7869 0.5509
vn 0.2603 -0.8034 0.5355
vn 0.2552 -0.7910 0.5560
vn 0.2411 -0.7969 0.5540
vn 0.2415 -0.7907 0.5626
vn 0.2137 -0.7852 0.5813
vn 0.2402 -0.7748 0.5847
vn 0.2276 -0.7722 0.5932
vn 0.2116 -0.7567 0.6186
vn 0.1859 -0.7716 0.6084
vn 0.1746 -0.7484 0.6399
vn 0.1547 -0.7663 0.6236
vn 0.1523 -0.7462 0.6480
vn 0.1596 -0.7450 0.6477
vn 0.1443 -0.7566 0.6378
vn 0.1290 -0.7244 0.6772
vn 0.1101 -0.7240 0.6809
vn 0.1050 -0.6851 0.7208
vn 0.0963 -0.6922 0.7153
vn 0.0927 -0.6536 0.7511
vn 0.0996 -0.6502 0.7532
vn 0.1112 -0.6543 0.7481
vn 0.1019 -0.6575 0.7465
vn 0.1255 -0.6170 0.7769
vn 0.1086 -0.5871 0.8022
vn 0.1179 -0.5872 0.8008
vn 0.1104 -0.5377 0.8359
vn 0.0746 -0.5362 0.8408
vn 0.0724 -0.5376 0.8401
vn 0.0757 -0.6000 0.7965
vn 0.0763 -0.5996 0.7967
vn 0.1099 -0.5383 0.8356
vn 0.1344 -0.5373 0.8326
vn 0.1373 -0.5424 0.8288
vn 0.1516 -0.5399 0.8280
vn 0.1418 -0.5326 0.8344
vn 0.1671 -0.5254 0.8343
vn 0.1815 -0.5384 0.8229
vn 0.1550 -0.5397 0.8275
vn 0.1835 -0.5091 0.8409
vn 0.1968 -0.5070 0.8392
vn 0.1888 -0.4968 0.8471
vn 0.1687 -0.5858 0.7927
vn 0.1614 -0.5913 0.7902
vn 0.1526 -0.6644 0.7316
vn 0.1345 -0.6733 0.7271
vn 0.1380 -0.6756 0.7243
vn 0.1270 -0.6763 0.7256
vn 0.1257 -0.6772 0.7250
vn 0.1228 -0.7229 0.6800
vn 0.1420 -0.7380 0.6597
vn 0.1306 -0.7379 0.6621
vn 0.1341 -0.7825 0.6080
vn 0.1594 -0.7971 0.5825
vn 0.1500 -0.7975 0.5844
vn 0.1345 -0.8094 0.5717
vn 0.1135 -0.7427 0.6599
vn 0.1023 -0.7311 0.6746
vn 0.1636 -0.8317 0.5306
vn 0.1788 -0.8259 0.5346
vn 0.1789 -0.8379 0.5156
vn 0.2052 -0.8252 0.5262
vn 0.2069 -0.8466 0.4904
vn 0.2304 -0.8381 0.4944
vn 0.2296 -0.8424 0.4875
vn 0.2601 -0.8307 0.4923
vn 0.2155 -0.8209 0.5288
vn 0.2549 -0.8088 0.5300
vn 0.2555 -0.8073 0.5320
vn 0.2756 -0.8172 0.5061
vn 0.2169 -0.8173 0.5338
vn 0.1936 -0.8073 0.5575
vn 0.1915 -0.8074 0.5581
vn 0.2168 -0.7939 0.5681
vn 0.1810 -0.7877 0.5888
vn 0.1824 -0.7705 0.6108
vn 0.1599 -0.7806 0.6042
vn 0.1915 -0.7914 0.5805
vn 0.1939 -0.7911 0.5802
vn 0.1610 -0.8104 0.5633
vn 0.1613 -0.7881 0.5941
vn 0.1351 -0.7721 0.6209
vn 0.1355 -0.7721 0.6208
vn 0.1361 -0.7370 0.6621
vn 0.1155 -0.7426 0.6597
vn 0.1179 -0.7282 0.6752
vn 0.1232 -0.7018 0.7016
vn 0.1168 -0.7051 0.6994
vn 0.1101 -0.7042 0.7014
vn 0.1420 -0.7608 0.6333
vn 0.1472 -0.7913 0.5934
vn 0.1784 -0.8104 0.5580
vn 0.1775 -0.8115 0.5567
vn 0.1899 -0.8234 0.5347
vn 0.2458 -0.8541 0.4584
vn 0.2027 -0.8706 0.4484
vn 0.2148 -0.8735 0.4368
vn 0.2375 -0.8881 0.3935
vn 0.2637 -0.8698 0.4171
vn 0.2927 -0.8856 0.3605
vn 0.2458 -0.8539 0.4587
vn 0.1890 -0.8245 0.5333
vn 0.2077 -0.8425 0.4970
vn 0.1798 -0.8556 0.4855
vn 0.1772 -0.8350 0.5209
vn 0.1510 -0.8150 0.5594
vn 0.1518 -0.7780 0.6096
vn 0.1282 -0.7628 0.6338
vn 0.1254 -0.7224 0.6801
vn 0.1325 -0.6778 0.7232
vn 0.1208 -0.6667 0.7355
vn 0.1409 -0.6161 0.7750
vn 0.1411 -0.6161 0.7749
vn 0.1370 -0.7329 0.6664
vn 0.1443 -0.6560 0.7408
vn 0.1682 -0.5934 0.7871
vn 0.1319 -0.6035 0.7864
vn 0.1430 -0.6048 0.7835
vn 0.1190 -0.6673 0.7352
vn 0.1086 -0.6973 0.7085
vn 0.0970 -0.6031 0.7917
vn 0.0803 -0.6485 0.7570
vn 0.1137 -0.6943 0.7107
vn 0.1306 -0.7123 0.6896
vn 0.1266 -0.7266 0.6753
vn 0.1591 -0.7579 0.6327
vn 0.1271 -0.7360 0.6650
vn 0.1623 -0.7646 0.6237
vn 0.2122 -0.7726 0.5984
vn 0.2174 -0.8001 0.5591
vn 0.2663 -0.8044 0.5310
vn 0.2381 -0.7869 0.5693
vn 0.2674 -0.8022 0.5337
vn 0.2895 -0.8108 0.5087
vn 0.2905 -0.8060 0.5157
vn 0.3098 -0.7871 0.5334
vn 0.2958 -0.8030 0.5174
vn 0.2956 -0.8056 0.5134
vn 0.3201 -0.8098 0.4918
vn 0.3202 -0.8097 0.4918
vn 0.3226 -0.8190 0.4745
vn 0.3388 -0.8030 0.4903
vn 0.3436 -0.8013 0.4897
vn 0.3135 -0.7886 0.5291
vn 0.3436 -0.8017 0.4891
vn 0.3391 -0.8034 0.4894
vn 0.3250 -0.8184 0.4739
vn 0.3181 -0.8127 0.4882
vn 0.2776 -0.8140 0.5102
vn 0.2903 -0.8159 0.5000
vn 0.2602 -0.8325 0.4890
vn 0.2632 -0.8474 0.4610
vn 0.2839 -0.8654 0.4128
vn 0.3098 -0.8706 0.3821
vn 0.3588 -0.8401 0.4068
vn 0.3305 -0.8856 0.3263
vn 0.4216 -0.8634 0.2771
vn 0.4393 -0.8504 0.2897
vn 0.4850 -0.8299 0.2756
vn 0.4719 -0.8236 0.3145
vn 0.4438 -0.8364 0.3216
vn 0.4029 -0.8296 0.3867
vn 0.3614 -0.8257 0.4331
vn 0.3208 -0.8275 0.4608
vn 0.3369 -0.8450 0.4154
vn 0.3640 -0.8530 0.3741
vn 0.3822 -0.8459 0.3721
vn 0.5303 0.8248 -0.1962
vn 0.5840 0.7692 -0.2594
vn 0.5890 0.7687 -0.2494
vn 0.6051 0.7400 -0.2935
vn 0.6001 0.7380 -0.3085
vn 0.6157 0.7315 -0.2930
vn 0.5641 0.7810 -0.2680
vn 0.5688 0.7920 -0.2216
vn 0.5274 0.8238 -0.2078
vn 0.5275 0.8397 -0.1290
vn 0.5006 0.8483 -0.1725
vn 0.5186 0.8390 -0.1648
vn 0.5154 0.8496 -0.1119
vn 0.4938 0.8585 -0.1386
vn 0.4854 0.8633 -0.1384
vn 0.4855 0.8632 -0.1382
vn 0.5344 0.8325 -0.1459
vn 0.4822 0.8558 -0.1873
vn 0.5479 0.8119 -0.2017
vn 0.5446 0.8130 -0.2062
vn 0.4916 0.8631 -0.1158
vn 0.4866 0.8643 -0.1276
vn 0.4682 0.8735 -0.1334
vn 0.4587 0.8883 -0.0207
vn 0.4741 0.8805 -0.0040
vn 0.4367 0.8996 -0.0020
vn 0.4823 0.8743 0.0548
vn 0.4608 0.8831 0.0889
vn 0.4778 0.8709 0.1153
vn 0.4413 0.8839 0.1546
vn 0.4486 0.8691 0.2083
vn 0.4319 0.8671 0.2481
vn 0.4663 0.8368 0.2870
vn 0.4561 0.8376 0.3007
vn 0.4682 0.8194 0.3308
vn 0.4486 0.8188 0.3582
vn 0.4566 0.7941 0.4012
vn 0.4581 0.7953 0.3971
vn 0.4512 0.7982 0.3992
vn 0.4490 0.8006 0.3968
vn 0.4391 0.8046 0.3998
vn 0.4170 0.8227 0.3864
vn 0.4303 0.8173 0.3832
vn 0.4231 0.8157 0.3944
vn 0.4060 0.8225 0.3984
vn 0.3981 0.8295 0.3917
vn 0.3836 0.8346 0.3954
vn 0.3578 0.8521 0.3819
vn 0.3546 0.8531 0.3828
vn 0.3673 0.8457 0.3872
vn 0.3470 0.8762 0.3345
vn 0.3635 0.8746 0.3210
vn 0.3379 0.8977 0.2826
vn 0.3471 0.8967 0.2746
vn 0.3315 0.9143 0.2328
vn 0.3451 0.9134 0.2158
vn 0.3255 0.9273 0.1850
vn 0.3306 0.9268 0.1780
vn 0.3240 0.9369 0.1312
vn 0.3328 0.9328 0.1384
vn 0.3493 0.9327 0.0893
vn 0.3544 0.9309 0.0887
vn 0.3894 0.9203 0.0383
vn 0.3831 0.9233 0.0268
vn 0.3908 0.9200 0.0286
vn 0.3889 0.9211 -0.0153
vn 0.4191 0.9079 0.0092
vn 0.4302 0.9008 -0.0590
vn 0.4708 0.8818 -0.0288
vn 0.4836 0.8718 -0.0784
vn 0.4827 0.8722 -0.0794
vn 0.5064 0.8526 -0.1291
vn 0.4927 0.8532 -0.1711
vn 0.5360 0.8329 -0.1377
vn 0.5039 0.8540 -0.1293
vn 0.4388 0.8979 -0.0346
vn 0.4194 0.9067 -0.0455
vn 0.4562 0.8874 -0.0666
vn 0.4463 0.8918 -0.0747
vn 0.4393 0.8952 -0.0751
vn 0.4428 0.8963 -0.0245
vn 0.4177 0.9077 -0.0391
vn 0.4240 0.9053 0.0267
vn 0.3874 0.9199 0.0615
vn 0.4026 0.9103 0.0966
vn 0.3721 0.9182 0.1354
vn 0.3993 0.9007 0.1711
vn 0.4186 0.8930 0.1655
vn 0.4134 0.8960 0.1620
vn 0.4416 0.8830 0.1590
vn 0.4353 0.8706 0.2293
vn 0.4179 0.8784 0.2320
vn 0.4235 0.8772 0.2263
vn 0.4175 0.8630 0.2844
vn 0.4092 0.8668 0.2848
vn 0.4017 0.8679 0.2922
vn 0.4211 0.8465 0.3258
vn 0.4100 0.8514 0.3271
vn 0.3891 0.8745 0.2895
vn 0.3835 0.8760 0.2926
vn 0.3777 0.8639 0.3333
vn 0.3529 0.8933 0.2784
vn 0.3623 0.9015 0.2368
vn 0.3763 0.8970 0.2319
vn 0.3908 0.9004 0.1912
vn 0.3708 0.9130 0.1703
vn 0.3555 0.9183 0.1739
vn 0.3867 0.8912 0.2373
vn 0.3975 0.8882 0.2304
vn 0.4295 0.8526 0.2977
vn 0.4476 0.8433 0.2976
vn 0.4438 0.8281 0.3425
vn 0.4000 0.8868 0.2314
vn 0.3858 0.9024 0.1919
vn 0.3897 0.9111 0.1340
vn 0.3702 0.9228 0.1066
vn 0.4204 0.9020 0.0986
vn 0.4500 0.8904 0.0691
vn 0.4017 0.9137 0.0623
vn 0.4293 0.9027 0.0272
vn 0.4137 0.9103 -0.0159
vn 0.4127 0.9107 -0.0171
vn 0.4480 0.8900 -0.0850
vn 0.3590 0.9319 0.0518
vn 0.4274 0.9039 -0.0158
vn 0.3852 0.9220 0.0383
vn 0.3685 0.9235 0.1066
vn 0.3552 0.9301 0.0930
vn 0.3504 0.9277 0.1290
vn 0.3561 0.9180 0.1744
vn 0.3369 0.9161 0.2172
vn 0.3569 0.8923 0.2766
vn 0.3452 0.8810 0.3236
vn 0.3674 0.8670 0.3365
vn 0.4086 0.8414 0.3536
vn 0.4034 0.8435 0.3547
vn 0.4311 0.8328 0.3472
vn 0.4598 0.8142 0.3544
vn 0.4446 0.8440 0.3001
vn 0.4508 0.8596 0.2406
vn 0.4459 0.8815 0.1553
vn 0.4561 0.8854 0.0900
vn 0.4670 0.8833 -0.0418
vn 0.4687 0.8646 -0.1812
vn 0.4627 0.8660 -0.1898
vn 0.5279 0.8004 -0.2840
vn 0.5601 0.7910 -0.2462
vn 0.5243 0.8160 -0.2434
vn 0.5834 0.7321 -0.3518
vn 0.6204 0.7249 -0.2995
vn 0.5816 0.7553 -0.3021
vn 0.6191 0.7428 -0.2548
vn 0.6195 0.7201 -0.3126
vn 0.6857 0.6307 -0.3633
vn 0.6931 0.6340 -0.3431
vn 0.6276 0.6905 -0.3596
vn 0.6785 0.6733 -0.2939
vn 0.6298 0.7154 -0.3026
vn 0.6269 0.7111 -0.3184
vn 0.6751 0.6676 -0.3140
vn 0.7138 0.5744 -0.4008
vn 0.7579 0.5731 -0.3116
vn 0.6780 0.6420 -0.3579
vn 0.6997 0.6445 -0.3082
vn 0.6621 0.6694 -0.3369
vn 0.6487 0.6586 -0.3813
vn 0.7427 0.5522 -0.3787
vn 0.7428 0.5522 -0.3787
vn 0.8281 0.4357 -0.3528
vn 0.8255 0.4706 -0.3116
vn 0.8093 0.4319 -0.3982
vn 0.7940 0.4978 -0.3489
vn 0.8458 0.4003 -0.3527
vn 0.8482 0.4065 -0.3396
vn 0.7764 0.4213 -0.4686
vn 0.7892 0.4107 -0.4566
vn 0.7867 0.4762 -0.3929
vn 0.7389 0.5406 -0.4022
vn 0.7370 0.4600 -0.4952
vn 0.7156 0.5552 -0.4239
vn 0.7009 0.5479 -0.4567
vn 0.8428 0.3120 -0.4385
vn 0.6424 0.6624 -0.3855
vn 0.7564 0.6194 -0.2104
vn 0.5981 0.7171 -0.3579
vn 0.6013 0.7563 -0.2578
vn 0.5821 0.7483 -0.3180
vn 0.5692 0.7735 -0.2788
vn 0.5639 0.7775 -0.2784
vn 0.5708 0.7915 -0.2186
vn 0.5501 0.8002 -0.2388
vn 0.5752 0.7723 -0.2696
vn 0.6317 0.7161 -0.2969
vn 0.7413 0.5525 -0.3811
vn 0.7764 0.4987 -0.3854
vn 0.7522 0.5370 -0.3819
vn 0.7381 0.5385 -0.4065
vn 0.6664 0.6447 -0.3744
vn 0.6269 0.7163 -0.3064
vn 0.5614 0.7841 -0.2646
vn 0.5949 0.7641 -0.2495
vn 0.6488 0.6413 -0.4097
vn 0.4357 0.8974 0.0702
vn 0.4592 0.8881 -0.0208
vn 0.5257 0.8324 -0.1754
vn 0.4400 0.8968 -0.0454
vn 0.5594 0.8027 -0.2070
vn 0.5667 0.7839 -0.2536
vn 0.4876 0.8652 -0.1168
vn 0.5328 0.8225 -0.1990
vn 0.4519 0.8880 -0.0851
vn 0.4662 0.8823 -0.0654
vn 0.5161 0.8492 -0.1119
vn 0.5001 0.8487 -0.1718
vn 0.5568 0.8120 -0.1753
vn 0.5774 0.7750 -0.2571
vn 0.6130 0.7211 -0.3229
vn 0.6475 0.6992 -0.3031
vn 0.6495 0.7013 -0.2937
vn 0.5424 0.8020 -0.2502
vn 0.5928 0.7636 -0.2559
vn 0.5288 0.8247 -0.2007
vn 0.5484 0.8153 -0.1859
vn 0.6420 0.7666 0.0064
vn 0.6289 0.7774 -0.0146
vn 0.5561 0.8310 -0.0116
vn 0.5597 0.8282 -0.0297
vn 0.5000 0.8658 -0.0218
vn 0.4912 0.8705 -0.0302
vn 0.4917 0.8704 -0.0250
vn 0.4894 0.8717 -0.0229
vn 0.4895 0.8712 -0.0368
vn 0.5592 0.8288 -0.0195
vn 0.5665 0.8237 -0.0258
vn 0.6407 0.7677 0.0113
vn 0.4882 0.8719 -0.0385
vn 0.5049 0.8617 -0.0500
vn 0.4936 0.8670 -0.0679
vn 0.5691 0.8214 -0.0379
vn 0.5845 0.8097 -0.0525
vn 0.6532 0.7569 -0.0195
vn 0.6467 0.7627 -0.0046
vn 0.7209 0.6931 -0.0017
vn 0.7160 0.6980 0.0161
vn 0.7842 0.6201 0.0224
vn 0.7907 0.6121 0.0104
vn 0.7915 0.6104 0.0319
vn 0.7829 0.6220 0.0141
vn 0.7160 0.6981 0.0027
vn 0.7020 0.7120 0.0176
vn 0.8411 0.5404 0.0215
vn 0.8384 0.5449 0.0144
vn 0.8798 0.4741 0.0330
vn 0.8802 0.4741 0.0234
vn 0.8812 0.4720 0.0256
vn 0.8814 0.4722 0.0149
vn 0.8760 0.4818 0.0229
vn 0.8782 0.4782 -0.0047
vn 0.8387 0.5444 -0.0126
vn 0.8324 0.5541 -0.0035
vn 0.8238 0.5628 -0.0678
vn 0.8646 0.5013 -0.0330
vn 0.8690 0.4849 -0.0987
vn 0.8717 0.4814 -0.0914
vn 0.8741 0.4711 -0.1187
vn 0.8689 0.4779 -0.1292
vn 0.8664 0.4725 -0.1614
vn 0.8636 0.4796 -0.1555
vn 0.8620 0.4759 -0.1748
vn 0.8098 0.5518 -0.1991
vn 0.8029 0.5660 -0.1871
vn 0.7881 0.5669 -0.2399
vn 0.7492 0.6219 -0.2279
vn 0.7543 0.6179 -0.2220
vn 0.6798 0.6967 -0.2293
vn 0.6837 0.6903 -0.2365
vn 0.6138 0.7530 -0.2371
vn 0.6155 0.7522 -0.2351
vn 0.5342 0.8130 -0.2318
vn 0.5407 0.8058 -0.2416
vn 0.4674 0.8524 -0.2345
vn 0.4761 0.8498 -0.2262
vn 0.4759 0.8543 -0.2088
vn 0.4897 0.8437 -0.2200
vn 0.4986 0.8471 -0.1842
vn 0.4886 0.8562 -0.1678
vn 0.4942 0.8555 -0.1547
vn 0.4938 0.8558 -0.1541
vn 0.4959 0.8581 -0.1334
vn 0.5063 0.8542 -0.1185
vn 0.5007 0.8620 -0.0795
vn 0.5658 0.8169 -0.1120
vn 0.5881 0.7982 -0.1304
vn 0.5955 0.8012 -0.0590
vn 0.6409 0.7643 -0.0719
vn 0.6560 0.7527 -0.0558
vn 0.6984 0.7116 -0.0768
vn 0.7045 0.7063 -0.0694
vn 0.7578 0.6471 -0.0837
vn 0.7532 0.6578 -0.0097
vn 0.7260 0.6864 -0.0412
vn 0.7637 0.6413 -0.0740
vn 0.7703 0.6275 -0.1138
vn 0.7810 0.6168 -0.0981
vn 0.8256 0.5538 -0.1086
vn 0.7764 0.6083 -0.1648
vn 0.7683 0.6219 -0.1515
vn 0.7585 0.6269 -0.1781
vn 0.8140 0.5553 -0.1703
vn 0.7556 0.6314 -0.1740
vn 0.7546 0.6240 -0.2031
vn 0.6898 0.6932 -0.2090
vn 0.6994 0.6895 -0.1881
vn 0.6482 0.7364 -0.1939
vn 0.6506 0.7240 -0.2292
vn 0.6519 0.7344 -0.1892
vn 0.5806 0.7964 -0.1692
vn 0.5856 0.7764 -0.2329
vn 0.6450 0.7513 -0.1397
vn 0.7173 0.6791 -0.1558
vn 0.6223 0.7653 -0.1646
vn 0.5689 0.8092 -0.1468
vn 0.7140 0.6687 -0.2075
vn 0.7166 0.6797 -0.1569
vn 0.8163 0.5626 -0.1308
vn 0.7073 0.6993 -0.1035
vn 0.7109 0.6966 -0.0967
vn 0.7003 0.7135 -0.0239
vn 0.6487 0.7516 -0.1195
vn 0.6250 0.7742 -0.1002
vn 0.5647 0.8111 -0.1520
vn 0.5750 0.7990 -0.1759
vn 0.5441 0.8142 -0.2027
vn 0.6121 0.7621 -0.2109
vn 0.6887 0.6949 -0.2069
vn 0.8080 0.5476 -0.2173
vn 0.8519 0.4744 -0.2220
vn 0.8579 0.4681 -0.2120
vn 0.7511 0.6262 -0.2089
vn 0.8548 0.4827 -0.1906
vn 0.8131 0.5562 -0.1719
vn 0.8164 0.5624 -0.1310
vn 0.8220 0.5625 -0.0887
vn 0.8787 0.4747 -0.0505
vn 0.8271 0.5569 -0.0760
vn 0.7828 0.6211 -0.0383
vn 0.7911 0.6116 0.0025
vn 0.8745 0.4847 -0.0142
vn 0.8370 0.5471 0.0091
vn 0.8415 0.5398 0.0216
vn 0.8366 0.5465 0.0383
vn 0.8906 0.4545 0.0155
vn 0.8334 0.5520 0.0274
vn 0.7837 0.6207 0.0209
vn 0.7213 0.6926 -0.0009
vn 0.6376 0.7680 -0.0600
vn 0.5594 0.8237 -0.0929
vn 0.4983 0.8630 -0.0826
vn 0.5911 0.8066 0.0042
vn 0.5590 0.8291 -0.0075
vn 0.6295 0.7768 -0.0161
vn 0.7018 0.7123 -0.0067
vn 0.6446 0.7645 -0.0081
vn 0.4140 0.8699 -0.2681
vn 0.4031 0.8725 -0.2762
vn 0.4751 0.8324 -0.2852
vn 0.4747 0.8331 -0.2839
vn 0.5377 0.7996 -0.2673
vn 0.5288 0.7944 -0.2989
vn 0.5600 0.7811 -0.2760
vn 0.6117 0.7314 -0.3014
vn 0.6294 0.7240 -0.2823
vn 0.7016 0.6527 -0.2860
vn 0.7069 0.6396 -0.3019
vn 0.7227 0.6409 -0.2586
vn 0.7265 0.6339 -0.2653
vn 0.7253 0.6312 -0.2748
vn 0.7337 0.6266 -0.2628
vn 0.6747 0.6889 -0.2650
vn 0.6715 0.6946 -0.2581
vn 0.6119 0.7351 -0.2917
vn 0.6157 0.7464 -0.2528
vn 0.5995 0.7540 -0.2683
vn 0.5387 0.8049 -0.2487
vn 0.5339 0.7975 -0.2809
vn 0.4954 0.8296 -0.2577
vn 0.4277 0.8604 -0.2772
vn 0.4440 0.8585 -0.2567
vn 0.4439 0.8586 -0.2565
vn 0.4539 0.8555 -0.2494
vn 0.4545 0.8580 -0.2394
vn 0.4662 0.8496 -0.2465
vn 0.5120 0.8284 -0.2272
vn 0.5393 0.8030 -0.2538
vn 0.6141 0.7536 -0.2342
vn 0.4277 0.8613 -0.2743
vn 0.5043 0.8191 -0.2734
vn 0.5978 0.7601 -0.2548
vn 0.6767 0.6931 -0.2483
vn 0.6811 0.6865 -0.2546
vn 0.7380 0.6346 -0.2294
vn 0.7346 0.6249 -0.2643
vn 0.7465 0.6186 -0.2450
vn 0.8050 0.5445 -0.2355
vn 0.8177 0.5335 -0.2162
vn 0.8552 0.4655 -0.2278
vn 0.8526 0.4682 -0.2321
vn 0.8524 0.4646 -0.2399
vn 0.8463 0.4706 -0.2496
vn 0.8448 0.4669 -0.2614
vn 0.8355 0.4913 -0.2460
vn 0.8280 0.4864 -0.2788
vn 0.8340 0.4802 -0.2716
vn 0.8328 0.4793 -0.2767
vn 0.8300 0.4869 -0.2722
vn 0.7894 0.5348 -0.3013
vn 0.7989 0.5467 -0.2506
vn 0.7931 0.5424 -0.2771
vn 0.8043 0.5392 -0.2496
vn 0.8070 0.5315 -0.2574
vn 0.6732 0.6946 -0.2537
vn 0.5666 0.7821 -0.2592
vn 0.6751 0.6887 -0.2643
vn 0.7341 0.6252 -0.2650
vn 0.7859 0.5602 -0.2619
vn 0.7848 0.5595 -0.2665
vn 0.6603 0.6919 -0.2921
vn 0.7714 0.5736 -0.2755
vn 0.6206 0.7431 -0.2505
vn 0.5594 0.7770 -0.2888
vn 0.4952 0.8303 -0.2556
vn 0.4829 0.8302 -0.2784
vn 0.4147 0.8707 -0.2643
vn 0.4027 0.8714 -0.2801
vn 0.4894 0.8443 -0.2182
vn 0.4225 0.8513 -0.3111
vn 0.5600 0.7811 -0.2763
vn 0.5567 0.7823 -0.2795
vn 0.6301 0.7248 -0.2787
vn 0.6296 0.7250 -0.2791
vn 0.7043 0.6548 -0.2742
vn 0.6795 0.6681 -0.3030
vn 0.7553 0.5963 -0.2720
vn 0.7671 0.5712 -0.2923
vn 0.8289 0.4887 -0.2721
vn 0.8294 0.4867 -0.2742
vn 0.8247 0.4881 -0.2856
vn 0.8203 0.5136 -0.2515
vn 0.7833 0.5122 -0.3521
vn 0.7533 0.5859 -0.2989
vn 0.6844 0.6295 -0.3679
vn 0.6222 0.7104 -0.3289
vn 0.6182 0.7071 -0.3432
vn 0.5886 0.7165 -0.3744
vn 0.7075 0.6301 -0.3200
vn 0.5622 0.7677 -0.3075
vn 0.5456 0.7550 -0.3638
vn 0.5498 0.7720 -0.3189
vn 0.5073 0.7758 -0.3753
vn 0.5081 0.7755 -0.3747
vn 0.5292 0.7799 -0.3342
vn 0.5483 0.7749 -0.3146
vn 0.4686 0.8092 -0.3543
vn 0.4851 0.8074 -0.3359
vn 0.4074 0.8426 -0.3523
vn 0.3955 0.8453 -0.3591
vn 0.3245 0.8830 -0.3392
vn 0.3918 0.8538 -0.3429
vn 0.5124 0.8043 -0.3008
vn 0.4888 0.8038 -0.3392
vn 0.5521 0.7801 -0.2943
vn 0.5687 0.7685 -0.2933
vn 0.5661 0.7672 -0.3017
vn 0.5331 0.7787 -0.3307
vn 0.5331 0.7782 -0.3321
vn 0.6523 0.7006 -0.2892
vn 0.6543 0.6906 -0.3082
vn 0.7243 0.6363 -0.2657
vn 0.7045 0.5543 -0.4432
vn 0.8279 0.4699 -0.3062
vn 0.7411 0.5982 -0.3048
vn 0.6706 0.6872 -0.2796
vn 0.6157 0.7209 -0.3182
vn 0.5429 0.7766 -0.3194
vn 0.4225 0.8532 -0.3058
vn 0.9502 0.1466 -0.2749
vn 0.9395 0.0840 -0.3321
vn 0.9157 0.2187 -0.3370
vn 0.9073 0.1555 -0.3907
vn 0.8699 0.3166 -0.3782
vn 0.8585 0.2475 -0.4492
vn 0.8766 0.3099 -0.3682
vn 0.8817 0.3480 -0.3187
vn 0.8747 0.3546 -0.3303
vn 0.8730 0.3692 -0.3187
vn 0.9003 0.3191 -0.2959
vn 0.9135 0.2419 -0.3270
vn 0.9290 0.2176 -0.2993
vn 0.8909 0.3083 -0.3337
vn 0.9287 0.2118 -0.3044
vn 0.9420 0.1561 -0.2971
vn 0.9402 0.1233 -0.3176
vn -0.0889 0.1933 0.9771
vn 0.9543 0.1067 -0.2790
vn 0.9756 0.0142 -0.2193
vn 0.9764 -0.0154 -0.2153
vn 0.9811 0.0268 -0.1914
vn 0.9823 -0.0257 -0.1854
vn 0.9851 -0.0454 -0.1657
vn 0.9846 -0.0602 -0.1643
vn 0.9853 -0.0662 -0.1577
vn 0.9689 0.1083 -0.2227
vn 0.9607 0.1277 -0.2463
vn 0.9490 0.2069 -0.2378
vn 0.9500 0.2062 -0.2347
vn 0.9198 0.2953 -0.2584
vn 0.9197 0.3028 -0.2500
vn 0.9146 0.3037 -0.2670
vn 0.9125 0.3225 -0.2517
vn 0.8954 0.3209 -0.3086
vn 0.9299 0.2595 -0.2608
vn 0.9411 0.2118 -0.2635
vn 0.9399 0.2125 -0.2672
vn 0.9529 0.1850 -0.2405
vn 0.9595 0.1271 -0.2515
vn 0.9703 0.1223 -0.2087
vn 0.9745 0.0839 -0.2080
vn 0.9739 0.0224 -0.2260
vn 0.9826 0.0002 -0.1859
vn 0.9825 -0.0498 -0.1795
vn 0.9822 -0.0496 -0.1809
vn 0.9852 -0.0237 -0.1700
vn 0.9841 -0.0605 -0.1670
vn 0.9831 -0.0485 -0.1766
vn 0.9801 -0.0438 -0.1935
vn 0.9818 -0.0391 -0.1858
vn 0.9816 -0.0390 -0.1867
vn 0.9778 0.0270 -0.2077
vn 0.9799 -0.0465 -0.1939
vn 0.9798 -0.0021 -0.2000
vn 0.9822 0.0279 -0.1856
vn 0.9807 0.0318 -0.1927
vn 0.9799 0.0339 -0.1964
vn 0.9586 0.0937 -0.2690
vn 0.9415 0.2148 -0.2597
vn 0.9293 0.2600 -0.2622
vn 0.8791 0.3762 -0.2926
vn 0.8703 0.3884 -0.3027
vn 0.8766 0.3907 -0.2810
vn 0.8759 0.3935 -0.2793
vn 0.8789 0.3939 -0.2692
vn 0.8792 0.3915 -0.2714
vn 0.9489 0.2007 -0.2436
vn 0.9492 0.2076 -0.2366
vn 0.9773 0.1175 -0.1760
vn 0.9783 0.0324 -0.2046
vn 0.9696 0.1084 -0.2196
vn 0.9811 -0.1035 -0.1636
vn 0.9742 -0.1356 -0.1805
vn 0.9683 -0.1921 -0.1596
vn 0.9637 -0.1460 -0.2235
vn 0.9625 -0.1698 -0.2115
vn 0.9440 -0.2531 -0.2115
vn 0.9446 -0.2518 -0.2104
vn 0.9388 -0.2923 -0.1821
vn 0.9219 -0.3352 -0.1942
vn 0.9376 -0.2940 -0.1856
vn 0.9273 -0.2544 -0.2747
vn 0.9815 -0.0965 -0.1652
vn 0.9841 -0.0845 -0.1562
vn 0.9819 -0.0963 -0.1632
vn 0.9767 -0.1143 -0.1814
vn 0.9806 -0.1120 -0.1611
vn 0.9707 -0.1585 -0.1804
vn 0.9721 -0.1569 -0.1742
vn 0.9595 -0.2036 -0.1945
vn 0.9641 -0.2014 -0.1731
vn 0.9539 -0.2257 -0.1979
vn 0.9413 -0.2778 -0.1918
vn 0.9413 -0.2820 -0.1855
vn 0.9226 -0.3331 -0.1944
vn 0.9226 -0.3334 -0.1940
vn 0.9281 -0.3272 -0.1779
vn 0.9278 -0.3309 -0.1722
vn 0.9289 -0.3300 -0.1680
vn 0.9264 -0.3351 -0.1719
vn 0.9473 -0.2613 -0.1853
vn 0.9521 -0.2513 -0.1740
vn 0.9597 -0.2110 -0.1856
vn 0.9611 -0.2128 -0.1759
vn 0.9609 -0.2132 -0.1764
vn 0.9671 -0.1924 -0.1667
vn 0.9684 -0.1649 -0.1870
vn 0.9485 -0.2671 -0.1703
vn 0.9464 -0.2689 -0.1790
vn 0.9402 -0.2819 -0.1910
vn 0.9665 -0.1719 -0.1908
vn 0.9713 -0.1555 -0.1800
vn 0.9750 -0.1091 -0.1934
vn 0.9770 -0.1085 -0.1834
vn 0.9784 -0.1039 -0.1787
vn 0.9759 -0.1136 -0.1862
vn 0.9597 -0.2134 -0.1828
vn 0.9720 -0.1551 -0.1767
vn 0.9711 -0.1621 -0.1751
vn 0.9798 -0.1041 -0.1707
vn 0.9766 -0.1347 -0.1676
vn 0.8642 -0.4691 -0.1818
vn 0.8667 -0.4612 -0.1899
vn 0.8978 -0.4019 -0.1799
vn 0.8995 -0.4026 -0.1698
vn 0.9038 -0.3948 -0.1653
vn 0.9045 -0.3949 -0.1610
vn 0.9036 -0.3979 -0.1587
vn 0.8802 -0.4480 -0.1566
vn 0.8582 -0.5016 -0.1085
vn 0.8266 -0.5459 -0.1367
vn 0.7763 -0.6293 -0.0376
vn 0.7614 -0.6464 -0.0490
vn 0.7600 -0.6453 -0.0770
vn 0.7952 -0.5920 -0.1313
vn 0.7948 -0.5919 -0.1339
vn 0.7697 -0.6191 -0.1558
vn 0.7262 -0.6801 -0.1007
vn 0.7031 -0.6996 -0.1275
vn 0.6399 -0.7663 -0.0572
vn 0.6400 -0.7662 -0.0589
vn 0.6637 -0.7475 -0.0262
vn 0.6637 -0.7476 -0.0247
vn 0.6513 -0.7588 0.0018
vn 0.6579 -0.7511 0.0549
vn 0.7001 -0.7126 0.0464
vn 0.7072 -0.7035 0.0706
vn 0.7174 -0.6926 0.0758
vn 0.7100 -0.7042 -0.0028
vn 0.6949 -0.7180 0.0399
vn 0.6874 -0.7197 0.0975
vn 0.7226 -0.6912 -0.0001
vn 0.8127 -0.5713 -0.1147
vn 0.7868 -0.5168 -0.3375
vn 0.8252 -0.5370 -0.1752
vn 0.7253 -0.6799 -0.1079
vn 0.7094 -0.7047 0.0095
vn 0.7734 -0.6305 -0.0661
vn 0.8302 -0.5470 -0.1076
vn 0.8387 -0.5291 -0.1289
vn 0.8533 -0.5169 -0.0684
vn 0.8816 -0.4529 -0.1330
vn 0.8991 -0.3956 -0.1872
vn 0.8322 -0.5281 -0.1692
vn 0.8695 -0.4720 -0.1457
vn 0.8874 -0.4011 -0.2272
vn 0.8149 -0.5747 -0.0750
vn 0.8591 -0.5084 -0.0600
vn 0.7926 -0.6085 0.0384
vn 0.7899 -0.6122 0.0354
vn 0.7319 -0.6720 0.1128
vn 0.7197 -0.6866 0.1033
vn 0.7196 -0.6905 0.0737
vn 0.7483 -0.6492 0.1364
vn 0.7691 -0.6338 0.0821
vn 0.7609 -0.6474 0.0424
vn 0.8381 -0.5397 -0.0790
vn 0.8404 -0.5395 -0.0517
vn 0.8765 -0.4549 -0.1577
vn 0.9126 -0.3878 -0.1292
vn 0.8916 -0.4211 -0.1665
vn 0.8618 -0.5027 -0.0675
vn 0.9143 -0.3690 -0.1671
vn 0.8411 -0.5360 -0.0727
vn 0.7394 -0.6726 0.0307
vn 0.6960 -0.7092 0.1125
vn 0.7825 -0.6164 0.0886
vn 0.6967 -0.7076 0.1179
vn 0.7761 -0.6304 0.0159
vn 0.7297 -0.6796 0.0761
vn 0.7900 -0.6124 0.0309
vn 0.7836 -0.6156 0.0834
vn 0.7692 -0.6385 0.0271
vn 0.7383 -0.6744 0.0138
vn 0.7127 -0.6900 -0.1264
vn 0.6985 -0.7139 -0.0496
vn 0.7005 -0.7126 -0.0388
vn 0.8623 -0.5038 -0.0513
vn 0.8061 -0.5598 -0.1919
vn 0.8867 -0.4085 -0.2167
vn 0.9234 -0.2963 -0.2440
vn -0.9502 0.1466 -0.2749
vn -0.9420 0.1561 -0.2971
vn -0.9402 0.1233 -0.3176
vn 0.0889 0.1933 0.9771
vn -0.9290 0.2176 -0.2993
vn -0.9287 0.2118 -0.3044
vn -0.9157 0.2187 -0.3370
vn -0.9073 0.1555 -0.3907
vn -0.8699 0.3166 -0.3782
vn -0.8766 0.3099 -0.3682
vn -0.8817 0.3480 -0.3187
vn -0.8747 0.3546 -0.3303
vn -0.8730 0.3692 -0.3187
vn -0.9003 0.3191 -0.2959
vn -0.8585 0.2475 -0.4492
vn -0.8909 0.3083 -0.3337
vn -0.9135 0.2419 -0.3270
vn -0.9395 0.0840 -0.3321
vn -0.9543 0.1067 -0.2790
vn -0.9756 0.0142 -0.2193
vn -0.9764 -0.0154 -0.2153
vn -0.9811 0.0268 -0.1914
vn -0.9823 -0.0257 -0.1854
vn -0.9851 -0.0454 -0.1657
vn -0.9846 -0.0602 -0.1643
vn -0.9853 -0.0662 -0.1577
vn -0.9689 0.1083 -0.2227
vn -0.9783 0.0324 -0.2046
vn -0.9799 0.0339 -0.1964
vn -0.9807 0.0318 -0.1927
vn -0.9801 -0.0438 -0.1935
vn -0.9831 -0.0485 -0.1766
vn -0.9825 -0.0498 -0.1795
vn -0.9826 0.0002 -0.1859
vn -0.9798 -0.0020 -0.2000
vn -0.9822 0.0279 -0.1856
vn -0.9586 0.0937 -0.2690
vn -0.9745 0.0839 -0.2080
vn -0.9595 0.1271 -0.2515
vn -0.9703 0.1223 -0.2087
vn -0.9415 0.2148 -0.2597
vn -0.9492 0.2076 -0.2366
vn -0.9490 0.2069 -0.2378
vn -0.9500 0.2062 -0.2347
vn -0.9198 0.2953 -0.2584
vn -0.9197 0.3028 -0.2500
vn -0.8792 0.3915 -0.2714
vn -0.8789 0.3939 -0.2692
vn -0.8759 0.3935 -0.2793
vn -0.8766 0.3907 -0.2810
vn -0.8703 0.3884 -0.3027
vn -0.8791 0.3762 -0.2926
vn -0.8954 0.3209 -0.3086
vn -0.9299 0.2595 -0.2608
vn -0.9293 0.2600 -0.2622
vn -0.9399 0.2125 -0.2672
vn -0.9125 0.3225 -0.2517
vn -0.9489 0.2007 -0.2436
vn -0.9773 0.1175 -0.1760
vn -0.9146 0.3037 -0.2670
vn -0.9411 0.2118 -0.2635
vn -0.9529 0.1850 -0.2405
vn -0.9852 -0.0237 -0.1700
vn -0.9822 -0.0496 -0.1809
vn -0.9841 -0.0605 -0.1670
vn -0.9818 -0.0391 -0.1858
vn -0.9816 -0.0390 -0.1867
vn -0.9799 -0.0465 -0.1939
vn -0.9739 0.0224 -0.2260
vn -0.9778 0.0270 -0.2077
vn -0.9607 0.1277 -0.2463
vn -0.9696 0.1084 -0.2196
vn -0.9569 0.1035 -0.2714
vn -0.9760 0.0859 -0.2003
vn -0.9723 0.0343 -0.2313
vn -0.9771 0.0178 -0.2121
vn -0.9756 0.0179 -0.2188
vn -0.9785 -0.0497 -0.2002
vn -0.9779 -0.0479 -0.2034
vn -0.9778 -0.0499 -0.2037
vn -0.9768 -0.0533 -0.2073
vn -0.9770 -0.0533 -0.2064
vn -0.9778 -0.0572 -0.2013
vn -0.9763 0.0048 -0.2163
vn -0.9783 0.0050 -0.2070
vn -0.9785 0.0045 -0.2064
vn -0.9785 0.0778 -0.1909
vn -0.9719 0.0983 -0.2140
vn -0.9781 0.1012 -0.1821
vn -0.9805 0.0267 -0.1948
vn -0.9856 0.0307 -0.1662
vn -0.9852 -0.0677 -0.1574
vn -0.9848 -0.0646 -0.1614
vn -0.9813 -0.0651 -0.1811
vn -0.9812 -0.0637 -0.1824
vn -0.9783 -0.0615 -0.1977
vn -0.9882 0.0223 -0.1513
vn -0.9771 0.1129 -0.1805
vn -0.9776 0.1225 -0.1713
vn -0.9585 0.2071 -0.1960
vn -0.9562 0.2042 -0.2097
vn -0.9454 0.2574 -0.1997
vn -0.9359 0.2613 -0.2362
vn -0.9580 0.1878 -0.2168
vn -0.9350 0.2757 -0.2232
vn -0.9243 0.2786 -0.2609
vn -0.9212 0.3096 -0.2358
vn -0.8861 0.3815 -0.2631
vn -0.8907 0.3815 -0.2471
vn -0.8842 0.3903 -0.2568
vn -0.8831 0.3894 -0.2619
vn -0.8807 0.3921 -0.2658
vn -0.9160 0.2936 -0.2733
vn -0.9163 0.3131 -0.2498
vn -0.9402 0.2234 -0.2571
vn -0.9502 0.2015 -0.2379
vn -0.9466 0.2301 -0.2257
vn -0.9551 0.1694 -0.2429
vn -0.9669 0.1392 -0.2136
vn -0.8932 0.3556 -0.2753
vn -0.9119 0.3561 -0.2041
vn -0.8971 0.3750 -0.2336
vn -0.9022 0.3763 -0.2108
vn -0.9337 0.2933 -0.2053
vn -0.9386 0.2850 -0.1943
vn -0.8986 0.3809 -0.2176
vn -0.9318 0.2836 -0.2264
vn -0.9615 0.1925 -0.1959
vn -0.9600 0.2039 -0.1918
vn -0.9692 0.1287 -0.2099
vn -0.9635 0.1768 -0.2009
vn -0.9691 0.0747 -0.2352
vn -0.9848 0.0093 -0.1736
vn -0.9794 -0.0575 -0.1938
vn -0.9799 0.0332 -0.1965
vn -0.9589 0.1381 -0.2478
vn -0.9772 0.0266 -0.2106
vn -0.9811 -0.1035 -0.1636
vn -0.9742 -0.1356 -0.1805
vn -0.9683 -0.1921 -0.1596
vn -0.9637 -0.1460 -0.2235
vn -0.9625 -0.1698 -0.2115
vn -0.9440 -0.2531 -0.2115
vn -0.9446 -0.2518 -0.2104
vn -0.9388 -0.2923 -0.1821
vn -0.9219 -0.3352 -0.1942
vn -0.9376 -0.2940 -0.1856
vn -0.9273 -0.2544 -0.2747
vn -0.9815 -0.0965 -0.1652
vn -0.9841 -0.0845 -0.1562
vn -0.9819 -0.0963 -0.1632
vn -0.9767 -0.1143 -0.1814
vn -0.9766 -0.1347 -0.1676
vn -0.9684 -0.1649 -0.1870
vn -0.9671 -0.1924 -0.1667
vn -0.9597 -0.2110 -0.1856
vn -0.9521 -0.2513 -0.1740
vn -0.9473 -0.2613 -0.1853
vn -0.9264 -0.3351 -0.1719
vn -0.9289 -0.3300 -0.1680
vn -0.9278 -0.3309 -0.1722
vn -0.9281 -0.3272 -0.1779
vn -0.9226 -0.3334 -0.1940
vn -0.9226 -0.3331 -0.1944
vn -0.9413 -0.2820 -0.1855
vn -0.9413 -0.2778 -0.1918
vn -0.9539 -0.2257 -0.1979
vn -0.9641 -0.2014 -0.1731
vn -0.9595 -0.2036 -0.1945
vn -0.9721 -0.1569 -0.1742
vn -0.9707 -0.1585 -0.1804
vn -0.9720 -0.1551 -0.1767
vn -0.9770 -0.1085 -0.1834
vn -0.9750 -0.1091 -0.1934
vn -0.9759 -0.1136 -0.1862
vn -0.9784 -0.1039 -0.1787
vn -0.9798 -0.1041 -0.1707
vn -0.9713 -0.1555 -0.1800
vn -0.9597 -0.2134 -0.1828
vn -0.9464 -0.2689 -0.1790
vn -0.9609 -0.2132 -0.1764
vn -0.9665 -0.1719 -0.1908
vn -0.9402 -0.2819 -0.1910
vn -0.9485 -0.2671 -0.1703
vn -0.9611 -0.2128 -0.1759
vn -0.9711 -0.1621 -0.1751
vn -0.9806 -0.1120 -0.1611
vn -0.8988 -0.3569 -0.2544
vn -0.8988 -0.3564 -0.2552
vn -0.9076 -0.3556 -0.2234
vn -0.9105 -0.3406 -0.2345
vn -0.9196 -0.3398 -0.1972
vn -0.8915 -0.3912 -0.2287
vn -0.9059 -0.3897 -0.1658
vn -0.9148 -0.3620 -0.1792
vn -0.9313 -0.3296 -0.1549
vn -0.9392 -0.2990 -0.1688
vn -0.9442 -0.2883 -0.1590
vn -0.9434 -0.2720 -0.1899
vn -0.9449 -0.2698 -0.1853
vn -0.9415 -0.2584 -0.2162
vn -0.9511 -0.2409 -0.1932
vn -0.9444 -0.2334 -0.2316
vn -0.9588 -0.1961 -0.2054
vn -0.9566 -0.1942 -0.2171
vn -0.9468 -0.2476 -0.2058
vn -0.9455 -0.2356 -0.2249
vn -0.9486 -0.2356 -0.2112
vn -0.9348 -0.2883 -0.2073
vn -0.9353 -0.2796 -0.2171
vn -0.9156 -0.3361 -0.2207
vn -0.9085 -0.3398 -0.2433
vn -0.9156 -0.3350 -0.2224
vn -0.9535 -0.2258 -0.1997
vn -0.9632 -0.1730 -0.2057
vn -0.9624 -0.1688 -0.2127
vn -0.9727 -0.1148 -0.2018
vn -0.9736 -0.1188 -0.1947
vn -0.9700 -0.1233 -0.2095
vn -0.9718 -0.1284 -0.1980
vn -0.9709 -0.1293 -0.2018
vn -0.9715 -0.1320 -0.1969
vn -0.9708 -0.1327 -0.1999
vn -0.9603 -0.2026 -0.1918
vn -0.9721 -0.1395 -0.1884
vn -0.9729 -0.1388 -0.1849
vn -0.9606 -0.2154 -0.1754
vn -0.9739 -0.1469 -0.1728
vn -0.9762 -0.1456 -0.1606
vn -0.9617 -0.2294 -0.1502
vn -0.9766 -0.1524 -0.1514
vn -0.9332 -0.2876 -0.2157
vn -0.9209 -0.3070 -0.2401
vn -0.9675 -0.1703 -0.1870
vn -0.9588 -0.1951 -0.2065
vn -0.9434 -0.2495 -0.2183
vn -0.9261 -0.2910 -0.2402
vn -0.9588 -0.1951 -0.2063
vn -0.9593 -0.2039 -0.1954
vn -0.9620 -0.2136 -0.1699
vn -0.8850 -0.4201 -0.2008
vn -0.8923 -0.3868 -0.2330
vn -0.9205 -0.3345 -0.2021
vn -0.9348 -0.2943 -0.1988
vn -0.8873 -0.3871 -0.2508
vn -0.9236 -0.3099 -0.2256
vn -0.9095 -0.3499 -0.2244
vt 860.441284 1052.015137
vt 873.387573 1041.682983
vt 863.948669 1078.136841
vt 891.475708 1052.538696
vt 892.124207 1081.449219
vt 867.363525 1104.375977
vt 897.198120 1104.555542
vt 891.110596 1130.037598
vt 870.483887 1130.516357
vt 873.635193 1156.780273
vt 895.362976 1150.770874
vt 916.986633 1144.740479
vt 916.612488 1118.343018
vt 938.337219 1138.984253
vt 937.873413 1103.111328
vt 957.916443 1107.526855
vt 959.700989 1133.423462
vt 978.888672 1104.573120
vt 977.108704 1081.306152
vt 956.696106 1083.042236
vt 975.565918 1057.980225
vt 952.818542 1065.397949
vt 956.768616 1040.409424
vt 935.850403 1062.349243
vt 933.537109 1036.861084
vt 952.858887 1012.641663
vt 973.071289 1010.762939
vt 974.262268 1034.472046
vt 971.792358 986.842407
vt 952.002991 989.113098
vt 929.693237 1010.413086
vt 932.266235 991.324280
vt 912.566528 993.502014
vt 911.898621 1014.283691
vt 892.859314 1018.981018
vt 892.992249 995.612061
vt 873.502380 997.623169
vt 874.277527 1021.198669
vt 857.332886 1025.700806
vt 854.200439 999.540405
vt 912.294861 1032.662720
vt 913.970276 1059.486694
vt 918.918335 1087.619507
vt 940.176453 1080.887939
vt 980.839294 1127.986694
vt 681.456787 1761.384888
vt 695.030029 1753.789429
vt 697.578003 1774.781982
vt 676.954712 1777.237183
vt 660.466980 1762.043213
vt 656.290405 1779.714600
vt 635.560486 1782.329102
vt 641.354065 1756.552612
vt 655.510864 1738.046265
vt 634.315796 1738.585205
vt 649.823914 1716.237793
vt 671.579102 1715.360718
vt 667.634644 1694.488525
vt 688.944641 1691.930054
vt 690.567627 1712.050781
vt 677.975159 1739.313721
vt 692.644958 1732.778442
vt 687.711914 1671.806641
vt 661.991394 1676.860718
vt 666.108887 1652.310791
vt 642.378052 1671.114746
vt 645.657776 1653.780396
vt 625.151978 1655.250488
vt 625.364014 1674.242554
vt 607.874878 1679.904663
vt 625.618958 1690.486816
vt 606.245422 1706.322021
vt 585.550598 1700.151489
vt 581.713989 1675.018311
vt 604.782532 1656.745117
vt 584.474121 1658.275513
vt 564.227051 1659.550171
vt 560.525452 1674.954102
vt 544.052002 1660.653564
vt 548.371033 1684.354858
vt 530.515015 1683.454468
vt 542.465637 1707.039673
vt 564.024658 1694.079590
vt 565.138000 1720.813599
vt 588.009155 1723.405151
vt 574.921814 1740.782104
vt 592.357849 1744.343628
vt 573.790894 1767.333618
vt 601.499268 1764.821655
vt 593.825500 1788.009277
vt 614.740417 1785.078979
vt 623.066528 1761.625244
vt 613.199646 1742.182495
vt 625.531555 1716.479370
vt 604.858948 1726.660889
vt 572.840210 1791.150391
vt 551.743835 1794.460449
vt 548.595703 1767.563477
vt 556.824951 1746.687500
vt 535.199341 1750.567261
vt 526.502197 1777.640137
vt 509.406006 1750.444824
vt 525.747620 1728.015625
vt 504.133575 1722.176758
vt 518.199646 1704.278687
vt 499.632477 1701.661377
vt 506.100037 1681.004028
vt 484.105438 1687.873779
vt 485.149963 1711.590454
vt 483.184784 1663.826904
vt 503.501740 1662.807617
vt 523.778442 1661.775879
vt 486.060455 1735.112305
vt 544.966064 1731.065430
vt 486.748291 1758.475586
vt 501.161835 1779.344360
vt 487.214020 1781.809692
vt 487.482605 1805.283936
vt 509.187531 1801.697632
vt 530.602722 1798.022827
vt 645.572083 1694.347412
vt 686.804321 1650.557739
vt 1467.244751 1881.067627
vt 1485.813965 1880.556030
vt 1484.720825 1902.038086
vt 1464.085449 1903.463745
vt 1448.836670 1884.806274
vt 1446.706421 1858.139648
vt 1473.624023 1858.419678
vt 1466.693237 1836.402100
vt 1487.863159 1836.299805
vt 1487.009521 1858.498657
vt 1445.496094 1836.593750
vt 1424.123779 1836.792725
vt 1421.483398 1854.251953
vt 1402.771973 1837.031860
vt 1407.953735 1862.199829
vt 1388.714966 1859.535522
vt 1381.439941 1837.267822
vt 1360.623169 1859.748413
vt 1379.275391 1878.439819
vt 1362.624023 1889.123047
vt 1337.774414 1880.359985
vt 1348.763916 1906.792236
vt 1325.587524 1905.819580
vt 1314.384888 1885.071045
vt 1315.825439 1858.065186
vt 1295.013672 1874.718018
vt 1290.907715 1853.518066
vt 1295.309570 1837.073975
vt 1316.989868 1837.240234
vt 1338.591064 1837.389526
vt 1338.106323 1858.858765
vt 1360.032471 1837.427979
vt 1273.445435 1836.938232
vt 1274.828125 1860.718018
vt 1276.238647 1884.364990
vt 1297.939087 1906.474487
vt 1277.619019 1907.879395
vt 1278.911377 1931.351440
vt 1299.094849 1937.049194
vt 1280.021606 1954.519775
vt 1300.274536 1952.862549
vt 1320.490479 1951.353760
vt 1316.400269 1926.133545
vt 1339.213379 1930.675049
vt 1340.771606 1949.952759
vt 1360.940552 1948.558594
vt 1362.389038 1927.236938
vt 1381.213623 1947.329346
vt 1378.661499 1922.243286
vt 1399.553467 1927.071289
vt 1384.540161 1901.866577
vt 1405.631836 1906.098389
vt 1424.370361 1921.227783
vt 1419.489380 1898.346069
vt 1440.528564 1904.894775
vt 1441.753052 1924.035034
vt 1442.565430 1944.385010
vt 1459.819092 1926.419067
vt 1463.058105 1943.432495
vt 1483.789917 1942.735596
vt 1483.945679 1922.786377
vt 1422.010986 1945.370117
vt 1426.449097 1877.695801
vt 1401.454834 1883.239990
vt 1401.576660 1946.375366
vt 1366.992554 1909.125000
vt 525.276245 1474.182983
vt 519.590210 1451.717041
vt 540.811707 1452.618652
vt 542.275269 1485.887817
vt 519.918213 1501.496094
vt 540.188293 1513.278442
vt 523.783813 1526.009766
vt 501.701477 1529.592163
vt 501.545807 1503.633545
vt 503.535736 1480.258301
vt 480.762421 1503.859253
vt 479.002777 1476.773071
vt 498.525970 1450.760254
vt 477.519257 1449.654663
vt 482.725311 1530.901855
vt 484.676697 1557.968262
vt 499.803406 1561.513916
vt 486.648834 1584.967163
vt 506.059967 1582.851562
vt 519.313904 1552.710815
vt 525.547791 1580.795044
vt 540.309937 1554.998779
vt 535.869690 1535.106567
vt 553.165283 1530.978394
vt 563.769043 1503.424561
vt 575.401672 1528.743164
vt 586.507629 1509.220703
vt 604.245911 1526.236084
vt 604.267944 1502.666992
vt 584.230103 1486.631348
vt 604.335571 1478.982422
vt 583.232178 1454.446777
vt 562.805725 1472.546753
vt 562.046814 1453.595825
vt 604.270508 1455.178101
vt 582.448547 1551.509277
vt 604.303772 1549.741211
vt 584.636902 1574.983643
vt 604.493896 1573.050049
vt 564.864319 1576.878174
vt 560.527405 1553.384155
vt 545.144836 1578.811035
vt 1599.514526 229.136337
vt 1591.548218 240.225616
vt 1584.856934 222.963074
vt 1605.683472 217.162079
vt 1615.506592 237.333145
vt 1626.866821 217.000168
vt 1614.862183 196.675125
vt 1637.064453 197.750061
vt 1627.672241 170.832382
vt 1599.062256 176.416718
vt 1610.230713 160.885849
vt 1619.698242 143.461899
vt 1637.288452 152.540878
vt 1655.186646 158.808350
vt 1646.381714 136.500671
vt 1663.492310 137.222595
vt 1667.044556 124.778229
vt 1649.561157 113.908829
vt 1631.684448 123.579712
vt 1631.194824 105.921928
vt 1647.749634 96.126167
vt 1672.591431 96.462341
vt 1653.700806 78.574875
vt 1630.595825 85.054726
vt 1638.822021 65.125771
vt 1656.219604 49.158783
vt 1674.715210 78.937912
vt 1676.167480 51.215485
vt 1635.875000 47.063583
vt 1615.951172 65.371597
vt 1614.895752 45.018799
vt 1591.842407 54.696693
vt 1588.103760 74.541862
vt 1566.022827 58.588100
vt 1570.855347 41.034389
vt 1548.059448 39.068630
vt 1539.845093 54.959576
vt 1552.265015 71.519516
vt 1523.049927 69.012085
vt 1544.665405 87.424545
vt 1521.290649 83.364960
vt 1535.191528 106.311852
vt 1565.913574 108.259689
vt 1550.123291 129.685944
vt 1528.588135 123.549164
vt 1515.497070 113.772285
vt 1511.427856 130.127441
vt 1529.126831 138.428162
vt 1506.604126 147.253220
vt 1530.945435 153.461014
vt 1524.760010 170.160477
vt 1501.009766 165.247086
vt 1512.165283 186.917282
vt 1531.836548 192.570328
vt 1517.791748 207.550003
vt 1502.641602 200.337570
vt 1494.720825 184.116806
vt 1487.316895 205.098999
vt 1500.824707 216.660645
vt 1483.867310 214.053207
vt 1495.036621 239.754730
vt 1474.958496 234.567078
vt 1481.277222 262.098083
vt 1465.307739 254.728622
vt 1497.276611 269.289368
vt 1508.259766 249.074158
vt 1522.646240 255.387894
vt 1513.152100 276.520477
vt 1535.974609 271.661316
vt 1547.713745 252.518890
vt 1559.084106 272.385406
vt 1544.429932 290.411041
vt 1559.848022 297.268646
vt 1572.710449 284.390259
vt 1583.830078 263.393036
vt 1586.206665 285.829376
vt 1575.191162 304.082275
vt 1597.689331 266.988403
vt 1610.078613 246.578186
vt 1569.919556 248.864655
vt 1576.789062 235.511581
vt 1560.823975 231.279480
vt 1567.442505 208.173065
vt 1591.183594 201.084091
vt 1573.397217 185.251511
vt 1552.266968 193.663422
vt 1540.915161 214.797379
vt 1542.696777 180.307419
vt 1556.457642 178.988602
vt 1547.595703 164.676193
vt 1565.069824 169.847107
vt 1566.014648 152.012772
vt 1579.857544 167.335541
vt 1593.354858 152.316330
vt 1577.550293 132.345184
vt 1545.225952 147.496780
vt 1598.441040 132.898071
vt 1589.379272 118.088478
vt 1592.799683 98.477173
vt 1611.311768 117.456276
vt 1615.200806 98.546936
vt 1608.897949 84.685852
vt 1569.156616 85.703835
vt 1569.270020 72.811058
vt 1538.004272 237.112000
vt 1517.745117 231.741806
vt 1528.855469 283.528839
vt 1518.789917 98.110039
vt 1524.203491 53.806774
vt 1525.009399 37.107315
vt 1593.204224 43.019863
vt 1646.488037 178.581985
vt 415.434753 190.497986
vt 434.246948 181.483765
vt 428.954956 202.531250
vt 413.445007 214.134811
vt 397.504608 202.222961
vt 399.091553 179.438080
vt 418.245575 163.933578
vt 396.555573 155.724777
vt 380.594330 175.443878
vt 371.045197 154.981369
vt 362.808441 182.693390
vt 368.552856 190.778976
vt 385.321838 191.319580
vt 380.272003 210.157776
vt 390.556244 228.771347
vt 348.710144 166.243881
vt 351.096619 144.706757
vt 371.004730 125.149841
vt 388.270874 136.948227
vt 397.561249 116.122200
vt 379.619263 98.506790
vt 405.695801 92.972885
vt 389.561401 73.921028
vt 417.878418 75.746864
vt 435.469299 89.710175
vt 417.922058 106.379601
vt 436.302155 114.257317
vt 416.793640 121.492386
vt 406.285980 135.445496
vt 426.903137 138.327271
vt 412.114197 147.785614
vt 442.239044 157.378433
vt 456.086395 132.108429
vt 465.934570 100.441780
vt 478.641235 121.857735
vt 479.305420 140.872818
vt 463.769409 155.091461
vt 478.744965 156.010040
vt 485.285583 149.858780
vt 490.047272 158.521027
vt 493.447510 146.165924
vt 498.291962 153.544189
vt 501.562256 162.735641
vt 508.196106 147.876022
vt 517.298035 167.904907
vt 500.988220 181.782745
vt 494.805054 168.252274
vt 486.950073 171.520615
vt 481.753784 187.966965
vt 472.954865 171.430161
vt 482.014496 163.812363
vt 464.712433 192.775772
vt 453.935608 175.982239
vt 446.040131 199.332214
vt 459.305298 216.144287
vt 434.859039 226.426819
vt 456.310455 241.503372
vt 478.706573 229.413040
vt 472.261322 258.221832
vt 452.045502 265.568542
vt 464.858032 278.953217
vt 447.195190 288.386658
vt 466.702942 301.503052
vt 485.318726 279.986694
vt 487.324951 302.783966
vt 477.666992 322.039032
vt 459.044220 324.908447
vt 466.136414 348.079834
vt 439.580261 339.794861
vt 444.678284 312.117340
vt 431.774780 319.459534
vt 423.114349 297.735474
vt 430.530792 272.964203
vt 419.278412 288.681152
vt 409.571533 267.214569
vt 421.394653 250.152252
vt 439.382690 251.644379
vt 412.270935 233.623108
vt 400.228943 247.695541
vt 447.562988 361.260010
vt 450.787140 370.329559
vt 470.971558 370.077271
vt 494.696014 358.829224
vt 485.583557 381.917877
vt 457.676147 390.625275
vt 483.547119 404.762360
vt 463.434998 408.453522
vt 468.264526 425.219421
vt 490.894257 420.399170
vt 513.275391 415.615906
vt 504.887024 390.864685
vt 524.077271 394.967926
vt 535.228882 410.909363
vt 545.407898 385.828156
vt 520.359497 371.678497
vt 542.355774 364.151917
vt 531.562256 353.028717
vt 547.843506 346.731995
vt 565.204895 364.946228
vt 567.882751 339.063416
vt 549.416809 328.186096
vt 564.473389 316.027649
vt 592.008545 326.586792
vt 587.725525 354.121063
vt 600.604797 347.651794
vt 608.832336 369.583923
vt 591.368530 377.825378
vt 616.589050 392.718201
vt 597.042053 397.188019
vt 572.297302 388.877747
vt 556.528137 406.289948
vt 577.100586 401.723663
vt 582.946045 305.863251
vt 557.582275 290.332062
vt 537.085571 308.017975
vt 534.011597 280.971436
vt 509.164459 292.874207
vt 515.657410 266.118378
vt 538.009277 257.252289
vt 517.554443 241.478683
vt 535.016785 231.878235
vt 553.808105 243.770859
vt 563.792969 264.580566
vt 548.129211 273.102142
vt 573.497192 285.210724
vt 542.935669 221.258820
vt 538.048584 211.187668
vt 521.075317 216.808594
vt 527.260010 188.871567
vt 508.231781 203.373199
vt 490.910980 205.462173
vt 501.801270 224.794907
vt 474.968445 206.334351
vt 495.865570 253.114227
vt 501.281036 272.762634
vt 516.087402 317.185883
vt 529.489563 333.723480
vt 507.240906 335.557343
vt 516.766357 350.395874
vt 488.691803 336.501556
vt 497.684387 317.691071
vt 501.481537 375.939911
vt 499.878448 128.295090
vt 492.504700 108.935028
vt 486.402527 90.098579
vt 481.859924 71.988083
vt 461.508911 76.152611
vt 479.178406 55.266083
vt 446.414459 63.686523
vt 478.429565 39.969780
vt 439.584961 50.338917
vt 416.398132 58.962910
vt 419.311737 39.021938
vt 390.314575 51.418514
vt 362.149292 60.577106
vt 359.354340 81.957985
vt 365.985870 38.554306
vt 392.071259 38.656940
vt 448.230652 39.124428
vt 356.765656 102.879410
vt 354.081879 123.749657
vt 1044.213501 560.784912
vt 1037.922729 551.189636
vt 1039.712158 549.841980
vt 1041.377441 548.550354
vt 1059.574951 549.573303
vt 1060.954468 568.122681
vt 1042.975464 585.751038
vt 1030.684692 574.715881
vt 1064.402222 584.544067
vt 1083.568604 573.788269
vt 1080.865479 598.604431
vt 1056.664795 597.581604
vt 1072.020630 610.679077
vt 1087.564331 626.078186
vt 1107.764771 606.972412
vt 1116.859497 633.237549
vt 1135.229370 620.145325
vt 1130.629883 595.832947
vt 1154.720825 605.488831
vt 1160.804199 632.217957
vt 1179.507080 620.638367
vt 1172.791016 595.272644
vt 1194.621582 592.057800
vt 1198.273804 609.335938
vt 1217.281006 598.042053
vt 1216.060181 582.358215
vt 1236.350464 586.667175
vt 1229.722412 568.154053
vt 1255.459351 575.392944
vt 1248.596436 554.048157
vt 1274.664185 564.078247
vt 1268.650879 542.257080
vt 1293.927612 552.610779
vt 1286.818481 530.873535
vt 1313.082886 541.131653
vt 1300.477661 518.336548
vt 1322.263672 510.890808
vt 1299.572144 498.610382
vt 1312.005859 491.764069
vt 1301.715332 472.583710
vt 1280.506104 488.175018
vt 1278.435425 468.178436
vt 1257.405762 479.361511
vt 1262.387329 447.813904
vt 1291.229858 453.361053
vt 1280.557617 434.025513
vt 1267.583008 421.008484
vt 1271.964111 418.553711
vt 1252.339111 429.558716
vt 1235.989746 438.804321
vt 1236.248535 458.661011
vt 1232.786621 440.634216
vt 1216.031860 450.191315
vt 1217.109985 467.190033
vt 1213.322632 451.743958
vt 1210.711182 453.237274
vt 1199.504883 474.664032
vt 1210.955200 493.901337
vt 1188.636963 498.331940
vt 1182.185913 480.622101
vt 1191.743774 464.153442
vt 1193.956909 462.890137
vt 1174.640503 474.011292
vt 1172.805420 475.063995
vt 1164.659790 495.626129
vt 1155.437744 485.113129
vt 1137.370117 495.404846
vt 1142.984131 510.706665
vt 1136.281494 496.023438
vt 1117.879639 506.383026
vt 1122.951660 526.785400
vt 1117.257080 506.731293
vt 1098.343994 517.140930
vt 1099.894653 535.813293
vt 1098.253418 517.199646
vt 1095.326904 518.703857
vt 1079.259644 539.571411
vt 1078.953491 527.472412
vt 1060.681274 537.512207
vt 1073.852417 556.601624
vt 1087.154663 552.943542
vt 1099.589722 559.552429
vt 1109.343140 579.680115
vt 1095.097656 590.340393
vt 1117.463257 554.436401
vt 1132.508423 573.122498
vt 1145.841187 586.328552
vt 1152.797607 569.593567
vt 1139.700195 550.810059
vt 1163.114014 548.722168
vt 1176.414795 572.059998
vt 1189.270996 545.636597
vt 1203.973389 567.197876
vt 1220.201050 542.941223
vt 1201.163208 519.901672
vt 1226.122437 513.588623
vt 1232.494995 486.604828
vt 1248.268921 505.348602
vt 1245.546143 530.065857
vt 1265.536133 520.109985
vt 1266.134766 500.655457
vt 1282.523438 509.634399
vt 1171.448608 521.882324
vt 1148.365356 531.880676
vt 1160.141846 585.909302
vt 1059.623779 538.188782
vt 1332.218628 529.561951
vt 1142.441772 644.119446
vt 1123.655029 656.943848
vt 1105.364746 641.407715
vt 1018.568176 564.943115
vt 770.104980 797.933105
vt 777.602417 779.828125
vt 789.407166 794.148071
vt 784.945007 810.039307
vt 779.974182 827.484680
vt 756.799316 815.680725
vt 744.383301 788.265991
vt 761.196350 772.375916
vt 739.806885 761.395752
vt 759.603088 756.212891
vt 762.780640 758.357300
vt 776.544739 767.841675
vt 779.080444 769.349670
vt 792.496399 778.617615
vt 746.108215 747.105530
vt 742.314148 744.566772
vt 721.441833 747.216309
vt 717.428528 763.360596
vt 692.618225 755.103882
vt 706.512390 779.934814
vt 681.652222 771.687744
vt 690.225586 798.034485
vt 713.261719 806.915222
vt 724.620728 791.237671
vt 733.790710 807.681213
vt 726.520081 776.142822
vt 725.847229 818.066833
vt 718.154968 829.871704
vt 695.808472 824.514221
vt 703.245605 849.275574
vt 676.445007 845.582642
vt 674.898010 816.092346
vt 660.314575 830.663513
vt 657.239014 807.907776
vt 644.179993 827.016113
vt 648.992371 856.208252
vt 630.956055 846.708130
vt 669.796875 789.361389
vt 667.120789 865.835327
vt 685.795593 875.446411
vt 711.398315 867.405518
vt 704.506897 884.840759
vt 731.646851 875.884888
vt 723.135315 894.422424
vt 764.356384 891.477356
vt 741.388733 904.236694
vt 758.914917 914.837036
vt 754.706238 866.569885
vt 770.265625 868.673279
vt 774.348083 847.031189
vt 733.110779 851.899597
vt 739.963135 828.180786
vt 702.855469 739.631287
vt 725.015869 733.083862
vt 729.357117 735.946411
vt 712.620483 724.952576
vt 794.451111 779.403320
vt 1104.331543 1838.303101
vt 1104.185669 1865.345337
vt 1088.077637 1855.510132
vt 1082.169434 1838.411255
vt 1064.291382 1857.418335
vt 1059.868164 1838.571899
vt 1037.641602 1838.575073
vt 1039.174194 1867.628052
vt 1021.721802 1857.448608
vt 1016.475830 1883.875244
vt 1000.705566 1859.818115
vt 1015.510498 1838.429321
vt 993.320312 1838.144409
vt 970.953796 1859.829956
vt 986.963196 1882.157471
vt 971.085205 1881.383423
vt 970.630554 1903.225464
vt 992.249268 1906.405029
vt 970.149963 1925.080688
vt 994.259216 1932.714478
vt 969.577271 1946.964111
vt 986.622742 1953.803101
vt 968.933167 1968.860474
vt 990.893555 1968.834961
vt 1009.213684 1952.641846
vt 1012.593323 1968.745972
vt 1034.181152 1968.689087
vt 1029.060791 1944.663696
vt 1050.888916 1944.607788
vt 1033.913818 1926.271851
vt 1051.944458 1921.861816
vt 1074.440796 1929.435669
vt 1060.896729 1908.436523
vt 1039.124634 1902.963257
vt 1058.172485 1885.861694
vt 1037.961426 1884.594971
vt 1015.369080 1913.628784
vt 1016.430969 1933.354370
vt 1081.094116 1904.132935
vt 1086.324341 1878.213867
vt 1106.736694 1898.829468
vt 1103.816162 1880.780151
vt 1119.318359 1880.277344
vt 1124.546753 1858.532593
vt 1145.899414 1876.709229
vt 1132.533081 1900.101929
vt 1155.464478 1901.822510
vt 1145.094116 1918.737061
vt 1125.330444 1922.286499
vt 1101.204346 1925.042236
vt 1121.998413 1946.593750
vt 1098.660278 1949.066895
vt 1075.962280 1954.858643
vt 1098.427490 1969.354004
vt 1119.800903 1969.720459
vt 1077.064575 1969.014038
vt 1055.644653 1968.754395
vt 1141.172485 1970.076416
vt 1146.736084 1943.016602
vt 1162.383423 1970.475220
vt 1165.363647 1947.034180
vt 1185.245239 1949.480591
vt 1167.744995 1924.802368
vt 1186.970459 1927.498901
vt 1188.657837 1905.401855
vt 1170.932007 1904.316284
vt 1173.135132 1884.564819
vt 1190.259033 1883.282837
vt 1191.550049 1861.084717
vt 1170.233276 1858.462402
vt 1192.549927 1838.093628
vt 1170.597778 1838.075439
vt 1147.717651 1851.491943
vt 1148.633057 1838.153687
vt 1126.505493 1838.251587
vt 1183.509521 1970.767212
vt 971.362976 1837.753418
vt 1447.426880 1782.402832
vt 1425.265015 1783.380493
vt 1421.494995 1766.336548
vt 1445.874756 1761.350830
vt 1469.615723 1781.398315
vt 1462.344849 1755.365356
vt 1481.054443 1757.586060
vt 1467.276855 1737.074829
vt 1489.807129 1734.465454
vt 1504.899536 1756.656372
vt 1491.732300 1780.466797
vt 1513.688843 1779.544922
vt 1535.916382 1757.038086
vt 1535.595581 1778.529053
vt 1516.871948 1730.549194
vt 1536.124878 1735.323730
vt 1536.343628 1713.510498
vt 1518.977905 1707.215698
vt 1536.517090 1691.586548
vt 1509.132812 1690.877686
vt 1517.756836 1674.494507
vt 1536.574219 1669.624390
vt 1513.960327 1648.850342
vt 1536.322998 1647.396240
vt 1492.856812 1671.515381
vt 1491.687866 1650.299316
vt 1469.305786 1651.876465
vt 1472.555176 1673.161743
vt 1453.193604 1678.076782
vt 1447.096436 1653.576172
vt 1422.125488 1673.608032
vt 1424.996582 1655.262207
vt 1402.838257 1656.839966
vt 1396.843750 1673.759521
vt 1380.790039 1658.464111
vt 1379.088501 1684.043213
vt 1358.952271 1675.088257
vt 1358.926025 1659.950928
vt 1336.895508 1661.211060
vt 1339.411499 1684.699585
vt 1315.614746 1680.836304
vt 1326.930420 1704.291260
vt 1301.398560 1705.690308
vt 1297.003662 1684.349121
vt 1293.036865 1662.250000
vt 1315.067261 1661.995728
vt 1305.435059 1727.036865
vt 1340.644409 1725.344849
vt 1330.382080 1750.020142
vt 1357.885376 1744.707764
vt 1353.243408 1768.874390
vt 1374.225220 1760.311401
vt 1380.663208 1785.367920
vt 1395.066162 1763.627563
vt 1402.959229 1784.314819
vt 1407.093140 1747.094971
vt 1427.009766 1743.668457
vt 1408.818848 1723.781128
vt 1432.685791 1725.606934
vt 1447.503296 1740.206177
vt 1450.864136 1720.059814
vt 1472.473389 1715.482910
vt 1456.285034 1701.262939
vt 1476.293823 1691.274170
vt 1496.450684 1708.832275
vt 1493.335815 1690.765869
vt 1431.465210 1702.364746
vt 1399.783936 1695.745850
vt 1382.359253 1714.053101
vt 1379.828735 1698.908691
vt 1358.829346 1701.529419
vt 1364.597290 1725.042725
vt 1384.084595 1739.641357
vt 1358.595825 1786.615479
vt 1336.380737 1788.024170
vt 1333.234375 1768.864502
vt 1312.128418 1769.017578
vt 1308.848389 1748.068604
vt 1315.058350 1789.711792
vt 60.767670 1158.210449
vt 57.214836 1136.687866
vt 79.832130 1147.062134
vt 78.998055 1170.962891
vt 55.857178 1184.108765
vt 81.106926 1191.780640
vt 74.411209 1208.617676
vt 53.415878 1206.801636
vt 32.628551 1205.223999
vt 32.800087 1179.996216
vt 32.851479 1155.102539
vt 95.589996 1210.532837
vt 101.494217 1186.306641
vt 116.780052 1212.398438
vt 123.457779 1192.471069
vt 137.885986 1214.389038
vt 142.353989 1183.322021
vt 162.276077 1194.845947
vt 158.720657 1216.464478
vt 166.014206 1173.252686
vt 146.061386 1158.972412
vt 169.891434 1151.698608
vt 151.670609 1138.006836
vt 173.828583 1130.180298
vt 154.990280 1123.762451
vt 157.085419 1104.709839
vt 139.451935 1122.016968
vt 132.080994 1104.229858
vt 137.820801 1078.377197
vt 160.028763 1082.780151
vt 182.756744 1087.714111
vt 178.300003 1109.078613
vt 112.328667 1096.165649
vt 116.126396 1120.143066
vt 83.869812 1116.349121
vt 89.817543 1085.024170
vt 115.848900 1073.731445
vt 94.287903 1069.299927
vt 73.015709 1065.178955
vt 59.694008 1090.112061
vt 52.311050 1061.018677
vt 32.545246 1081.119995
vt 32.546906 1056.630127
vt 32.743641 1105.755493
vt 53.389431 1115.661133
vt 32.795040 1130.358398
vt 103.684921 1141.857422
vt 96.385605 1162.011108
vt 119.893456 1166.417236
vt 128.843933 1141.184814
vt 1175.429932 1123.672363
vt 1156.173462 1122.462646
vt 1168.295532 1100.331909
vt 1188.322876 1109.936768
vt 1196.447266 1134.969971
vt 1169.035522 1149.910767
vt 1192.065430 1155.778809
vt 1200.583740 1114.298462
vt 1204.951660 1093.472412
vt 1185.643921 1091.295044
vt 1192.254517 1071.360229
vt 1174.952026 1080.815918
vt 1173.447876 1065.310303
vt 1182.647583 1045.078735
vt 1161.887207 1053.751221
vt 1155.988892 1075.133179
vt 1137.443970 1049.473633
vt 1133.628418 1077.710083
vt 1109.473877 1070.815552
vt 1122.419312 1095.554321
vt 1144.660889 1098.183472
vt 1134.440918 1118.624512
vt 1147.281006 1143.710327
vt 1125.701782 1137.785767
vt 1112.499634 1114.697998
vt 1104.535400 1131.846069
vt 1087.002075 1110.649902
vt 1083.773071 1125.758545
vt 1063.452026 1119.939087
vt 1064.285400 1104.220581
vt 1078.431763 1085.018799
vt 1101.875977 1094.979370
vt 1083.334595 1053.548950
vt 1109.400146 1040.402588
vt 1093.593872 1030.876709
vt 1106.343872 1015.456482
vt 1090.262695 1014.051636
vt 1077.878418 1029.570801
vt 1073.571289 1004.033020
vt 1099.421631 989.094910
vt 1080.309204 982.489258
vt 1066.628052 1026.049683
vt 1060.262939 1048.088135
vt 1054.217285 1070.224365
vt 1118.883789 995.727051
vt 1125.827637 1021.319763
vt 1138.645142 1002.700256
vt 1144.062134 1023.429016
vt 1160.317017 1033.155518
vt 1158.351440 1009.819153
vt 1178.100830 1016.754089
vt 1197.839478 1023.274536
vt 1214.462769 1051.243408
vt 1218.328491 1029.066162
vt 1048.592651 1092.394165
vt 1043.740234 1114.588867
vt 1209.505981 1072.378418
vt 322.251984 880.189758
vt 314.868561 901.899780
vt 301.455688 881.566406
vt 303.764038 854.720032
vt 277.636871 870.609741
vt 282.514435 850.224731
vt 287.327820 829.949463
vt 304.082458 829.562317
vt 292.100494 809.636475
vt 314.407562 816.993958
vt 323.161133 835.930603
vt 335.970856 815.278137
vt 349.061951 838.536621
vt 332.869385 859.255554
vt 353.964478 861.925903
vt 347.608765 883.307007
vt 335.163483 900.216797
vt 357.437317 911.314636
vt 335.647430 924.329224
vt 306.558960 924.812988
vt 289.646057 900.368286
vt 287.165222 919.239502
vt 284.755157 938.789429
vt 267.824005 913.157166
vt 263.151337 934.848206
vt 306.389221 942.731262
vt 328.176788 946.724243
vt 272.666351 891.616272
vt 350.039398 950.851624
vt 358.777008 935.013367
vt 371.976593 955.182007
vt 379.608398 933.471497
vt 393.939941 959.812622
vt 395.851562 940.104004
vt 398.694611 924.284668
vt 410.779053 942.526672
vt 421.671967 921.298523
vt 402.904205 898.789307
vt 432.416443 897.269470
vt 446.907379 919.076599
vt 437.573608 944.322327
vt 462.604126 934.544739
vt 465.526947 957.318542
vt 438.153778 969.758606
vt 415.984344 964.677063
vt 460.589600 974.998474
vt 483.295654 980.004822
vt 486.413147 958.640747
vt 489.492889 937.158752
vt 472.707397 913.407227
vt 492.430481 915.840759
vt 495.737915 894.292603
vt 467.602997 889.574646
vt 453.833374 901.525696
vt 449.099915 886.574646
vt 436.874573 877.341675
vt 416.038025 873.928833
vt 432.660309 861.975647
vt 454.739227 865.665344
vt 437.309021 839.272034
vt 457.906403 844.349731
vt 477.058929 850.698181
vt 478.938873 874.613586
vt 498.947693 872.665039
vt 502.190857 850.826660
vt 483.659760 825.228638
vt 462.211487 821.711609
vt 505.431122 828.940796
vt 441.088348 818.182617
vt 420.074188 814.440552
vt 410.974060 834.350830
vt 419.159760 852.766296
vt 399.979279 853.772705
vt 391.063232 834.943237
vt 399.224030 810.584412
vt 371.780273 823.710388
vt 374.507690 851.984619
vt 353.513855 820.146912
vt 357.916565 802.370117
vt 337.464844 798.068848
vt 317.125183 793.658447
vt 378.496246 806.555359
vt 390.165070 874.246155
vt 368.541016 876.007874
vt 381.486145 890.396790
vt 380.929047 908.752563
vt 366.748840 893.980347
vt 296.830048 789.250427
vt 1656.735840 1544.787842
vt 1670.305420 1552.384399
vt 1654.184082 1565.780151
vt 1674.805786 1568.236938
vt 1691.293457 1553.043213
vt 1695.468750 1570.714600
vt 1716.197632 1573.329834
vt 1710.405396 1547.553101
vt 1696.250732 1529.046265
vt 1717.443481 1529.585449
vt 1728.691040 1552.625854
vt 1738.557861 1533.182983
vt 1750.256592 1555.822144
vt 1737.016235 1576.079346
vt 1757.929932 1579.009888
vt 1777.963379 1558.334106
vt 1759.397827 1535.344116
vt 1776.832397 1531.782593
vt 1763.745972 1514.405640
vt 1746.897949 1517.661255
vt 1745.511353 1497.322021
vt 1766.204468 1491.151733
vt 1786.615601 1511.814087
vt 1787.729248 1485.080078
vt 1809.286621 1498.040283
vt 1803.381470 1475.355225
vt 1821.236450 1474.455078
vt 1807.700684 1451.653931
vt 1791.228271 1465.954346
vt 1787.526733 1450.550293
vt 1770.041016 1466.018555
vt 1767.280396 1449.275635
vt 1746.973022 1447.745239
vt 1743.880981 1470.904663
vt 1726.604614 1446.250122
vt 1726.393311 1465.242432
vt 1709.380981 1462.114746
vt 1706.100098 1444.780273
vt 1685.650513 1443.311035
vt 1689.769409 1467.860840
vt 1706.187866 1485.347412
vt 1684.127686 1485.488647
vt 1664.050415 1462.807617
vt 1662.819946 1482.930176
vt 1680.184204 1506.360596
vt 1661.198364 1503.050049
vt 1673.788574 1530.313110
vt 1701.937012 1507.237915
vt 1659.122192 1523.777222
vt 1726.227173 1507.479614
vt 1726.139038 1481.487061
vt 1664.956421 1441.558960
vt 1827.973511 1452.776489
vt 1845.650269 1472.005005
vt 1833.551270 1495.279541
vt 1852.117065 1492.662476
vt 1847.616089 1513.177856
vt 1866.598145 1502.591553
vt 1865.688232 1526.113281
vt 1842.344116 1541.445801
vt 1826.003296 1519.016479
vt 1816.552124 1541.568115
vt 1825.249268 1568.640991
vt 1803.156982 1558.564209
vt 1800.009033 1585.461060
vt 1794.928101 1537.687988
vt 1778.914062 1582.150635
vt 1821.149170 1589.023682
vt 1842.563110 1592.698730
vt 1850.588501 1570.345581
vt 1864.266602 1596.285645
vt 1864.534424 1572.811035
vt 1865.000610 1549.476685
vt 1806.786255 1522.066040
vt 1867.643311 1478.875000
vt 1868.564941 1454.828125
vt 1848.249390 1453.808838
vt 1571.500244 1880.555176
vt 1590.066895 1881.065552
vt 1572.592896 1902.036255
vt 1593.225952 1903.461182
vt 1573.366821 1922.783325
vt 1597.491211 1926.416260
vt 1573.520508 1942.731567
vt 1594.250732 1943.429321
vt 1614.741943 1944.382446
vt 1615.555542 1924.032471
vt 1616.780640 1904.891968
vt 1632.936523 1921.225220
vt 1637.818115 1898.343384
vt 1630.858643 1877.692871
vt 1655.851074 1883.236938
vt 1651.674072 1906.095581
vt 1672.764648 1901.863770
vt 1657.751953 1927.068604
vt 1635.295044 1945.367798
vt 1655.728394 1946.372803
vt 1676.090454 1947.326904
vt 1678.642944 1922.240601
vt 1694.913818 1927.234375
vt 1696.362671 1948.556152
vt 1718.088379 1930.672241
vt 1716.530640 1949.950195
vt 1736.810913 1951.351196
vt 1740.900513 1926.130737
vt 1758.204956 1937.046265
vt 1757.026123 1952.859497
vt 1777.277710 1954.516724
vt 1778.387085 1931.348511
vt 1759.360474 1906.471558
vt 1779.679077 1907.876465
vt 1781.059937 1884.362183
vt 1762.286133 1874.715332
vt 1742.915771 1885.068115
vt 1741.475830 1858.062134
vt 1766.392456 1853.515381
vt 1782.470581 1860.715454
vt 1783.854492 1836.935547
vt 1761.991821 1837.071167
vt 1740.312378 1837.237305
vt 1718.711792 1837.385986
vt 1719.196045 1858.855591
vt 1696.680298 1859.745117
vt 1697.270996 1837.424683
vt 1675.864136 1837.264648
vt 1668.589478 1859.532227
vt 1654.533081 1837.028442
vt 1649.352173 1862.196533
vt 1678.029053 1878.436646
vt 1635.823608 1854.248779
vt 1610.602051 1858.136841
vt 1633.182251 1836.789429
vt 1611.810425 1836.591064
vt 1590.614258 1836.400146
vt 1583.686523 1858.418213
vt 1569.445435 1836.300049
vt 1570.303955 1858.498535
vt 1608.473022 1884.803711
vt 1694.678955 1889.119873
vt 1690.310791 1909.122070
vt 1708.537964 1906.789307
vt 1719.527588 1880.356934
vt 1731.713379 1905.816650
vt 1185.843628 1558.332275
vt 1190.744385 1564.510864
vt 1185.074097 1563.610840
vt 1199.133179 1549.397949
vt 1214.011353 1568.463501
vt 1221.141724 1549.062012
vt 1239.198853 1573.023560
vt 1239.688110 1548.771362
vt 1258.028076 1558.095825
vt 1250.436279 1575.284546
vt 1274.733643 1580.666626
vt 1282.918335 1555.189453
vt 1300.496338 1571.925171
vt 1308.467163 1547.642090
vt 1322.844482 1570.597900
vt 1328.087158 1549.835693
vt 1333.236084 1529.226318
vt 1304.670898 1523.508667
vt 1318.010376 1503.438843
vt 1292.611084 1507.853027
vt 1297.075195 1487.381836
vt 1316.768799 1480.536255
vt 1342.922974 1488.434814
vt 1324.274536 1464.039673
vt 1347.606445 1468.015503
vt 1301.426392 1460.251709
vt 1338.197510 1508.774536
vt 1276.554077 1477.098389
vt 1277.676758 1496.573853
vt 1253.456421 1494.438721
vt 1252.475098 1468.186401
vt 1279.332031 1456.516113
vt 1258.335815 1452.892944
vt 1238.738281 1449.382080
vt 1233.903198 1466.111572
vt 1216.071167 1465.816895
vt 1220.488281 1446.120972
vt 1200.900757 1457.070923
vt 1203.136108 1443.039795
vt 1199.988281 1462.745605
vt 1197.871216 1476.611572
vt 1208.928711 1487.410400
vt 1230.940674 1481.168945
vt 1224.979492 1505.388916
vt 1245.571045 1516.161377
vt 1230.873535 1529.760254
vt 1251.736328 1534.785400
vt 1270.377319 1517.687500
vt 1269.641235 1539.699829
vt 1287.243164 1533.801025
vt 1288.562866 1520.421143
vt 1206.219360 1525.645508
vt 1203.405029 1504.211426
vt 1193.137939 1508.370483
vt 1194.018555 1502.357178
vt 1194.902588 1496.398193
vt 1196.974609 1482.475708
vt 1191.061157 1522.491943
vt 1188.916748 1537.221924
vt 1188.091309 1542.901733
vt 1317.561157 1591.511230
vt 1296.671753 1585.978149
vt 1472.470825 799.879028
vt 1486.342407 806.848999
vt 1466.678101 820.341797
vt 1451.328247 805.513000
vt 1463.032837 782.189941
vt 1490.060791 784.578857
vt 1479.713379 764.402527
vt 1503.969727 755.826782
vt 1512.061646 780.985535
vt 1505.344971 801.578491
vt 1526.736084 793.912781
vt 1519.171021 814.864929
vt 1540.296509 811.534363
vt 1528.057861 838.772461
vt 1555.515259 826.572205
vt 1570.028320 846.457703
vt 1541.042480 865.025940
vt 1508.975342 866.397034
vt 1522.196167 890.601746
vt 1496.581299 881.286743
vt 1469.278076 871.661926
vt 1493.551758 850.820496
vt 1465.649292 849.351868
vt 1491.970215 827.437866
vt 1464.544922 835.455750
vt 1452.625122 833.598022
vt 1442.442505 833.425598
vt 1442.874634 835.927063
vt 1443.285645 838.426514
vt 1453.691650 837.810608
vt 1452.482056 843.600647
vt 1442.874268 846.256104
vt 1442.434692 854.055054
vt 1440.888306 861.187988
vt 1553.815063 882.602600
vt 1546.752808 899.245972
vt 1561.626343 865.155945
vt 1578.697388 826.210693
vt 1559.945068 808.438782
vt 1574.652588 791.319763
vt 1549.990723 785.089844
vt 1565.369019 767.755676
vt 1582.633789 763.633362
vt 1596.051147 781.791748
vt 1587.598633 804.748535
vt 1568.496460 745.706970
vt 1549.031982 752.873901
vt 1553.869995 728.067627
vt 1543.173462 733.308228
vt 1538.940918 710.655701
vt 1529.772583 741.566406
vt 1510.883667 728.215637
vt 1510.009277 707.530029
vt 1485.435181 717.160950
vt 1490.514160 687.829834
vt 1523.515991 693.533447
vt 1508.349243 676.711243
vt 1472.849487 698.953125
vt 1455.122803 710.320129
vt 1468.951416 726.031250
vt 1455.320923 734.155212
vt 1437.291504 721.885315
vt 1431.774536 747.052185
vt 1458.281372 757.341980
vt 1437.574585 774.011414
vt 1411.606445 763.058533
vt 1401.259155 745.324768
vt 1419.346680 733.571289
vt 1420.890381 780.660217
vt 1429.127808 797.981140
vt 1445.826904 789.839844
vt 1436.195679 815.265991
vt 1478.709229 741.712830
vt 1495.261841 735.927490
vt 1529.305908 768.445740
vt 1574.936401 1564.510742
vt 1579.837280 1558.332275
vt 1580.606812 1563.610840
vt 1566.547607 1549.397827
vt 1577.589600 1542.901733
vt 1576.764160 1537.221924
vt 1559.461548 1525.645508
vt 1574.619629 1522.491943
vt 1572.542847 1508.370483
vt 1562.275757 1504.211426
vt 1571.662354 1502.357178
vt 1570.778198 1496.398193
vt 1556.752197 1487.410400
vt 1568.706177 1482.475708
vt 1567.809570 1476.611572
vt 1549.609741 1465.817139
vt 1565.692505 1462.745605
vt 1564.780029 1457.070923
vt 1545.192627 1446.121338
vt 1562.544556 1443.039673
vt 1526.942871 1449.382202
vt 1531.777710 1466.111694
vt 1534.740234 1481.169067
vt 1513.206055 1468.186401
vt 1512.224487 1494.438599
vt 1489.126953 1477.098145
vt 1486.349365 1456.515747
vt 1507.345581 1452.892822
vt 1464.254883 1460.251099
vt 1468.605591 1487.381470
vt 1448.912109 1480.535522
vt 1447.670166 1503.438354
vt 1422.757690 1488.433838
vt 1441.406616 1464.038818
vt 1418.074097 1468.014160
vt 1427.482788 1508.774048
vt 1432.444214 1529.226196
vt 1461.009644 1523.508423
vt 1457.213501 1547.641846
vt 1437.593384 1549.835815
vt 1442.836548 1570.597900
vt 1465.184692 1571.924805
vt 1482.762451 1555.189087
vt 1490.947388 1580.666382
vt 1507.652710 1558.095581
vt 1496.039551 1539.699585
vt 1513.944458 1534.785156
vt 1495.303467 1517.687256
vt 1520.109741 1516.161255
vt 1534.807251 1529.760132
vt 1525.992676 1548.771240
vt 1544.539185 1549.061890
vt 1540.701416 1505.388916
vt 1526.481934 1573.023438
vt 1515.244629 1575.284302
vt 1551.669434 1568.463379
vt 1488.004028 1496.573608
vt 1473.069580 1507.852783
vt 1477.117798 1520.420898
vt 1478.437622 1533.800659
vt 1469.009521 1585.977783
vt 1448.120361 1591.511108
vt 1768.965820 806.851013
vt 1782.835815 799.881470
vt 1788.629150 820.344055
vt 1763.338745 827.439331
vt 1749.963867 801.580200
vt 1765.246948 784.580933
vt 1743.247070 780.987244
vt 1751.338867 755.828552
vt 1726.003296 768.447327
vt 1728.573486 793.914307
vt 1705.319214 785.091736
vt 1706.277344 752.875610
vt 1725.536377 741.567810
vt 1712.135864 733.309692
vt 1716.368774 710.656738
vt 1701.439453 728.069275
vt 1744.425659 728.217224
vt 1745.300537 707.531372
vt 1769.874268 717.163269
vt 1764.796143 687.831665
vt 1731.794434 693.534058
vt 1746.961670 676.711487
vt 1782.460327 698.956177
vt 1800.186523 710.324707
vt 1786.357300 726.034729
vt 1799.986938 734.159485
vt 1776.598999 741.715454
vt 1797.025513 757.345703
vt 1775.594238 764.405090
vt 1760.047119 735.929504
vt 1792.273682 782.193115
vt 1803.977417 805.516113
vt 1809.478516 789.843689
vt 1817.730591 774.016113
vt 1826.176514 797.985535
vt 1834.413208 780.665833
vt 1843.698364 763.065979
vt 1823.532104 747.058167
vt 1854.046875 745.334778
vt 1835.960693 733.579468
vt 1818.016968 721.891479
vt 1819.108521 815.269409
vt 1812.863037 833.428711
vt 1802.681885 833.600403
vt 1812.431030 835.929810
vt 1812.020874 838.428894
vt 1801.615723 837.812683
vt 1790.763306 835.457581
vt 1802.825562 843.602417
vt 1789.659546 849.353271
vt 1761.757812 850.821594
vt 1786.030884 871.662964
vt 1814.420532 861.189453
vt 1812.872925 854.056702
vt 1746.334839 866.397644
vt 1758.728271 881.287109
vt 1733.114258 890.601868
vt 1714.268555 865.026550
vt 1727.252441 838.773499
vt 1685.283203 846.459351
vt 1693.685303 865.156555
vt 1701.496094 882.602539
vt 1699.795654 826.573853
vt 1676.614380 826.213440
vt 1695.365723 808.440918
vt 1680.657959 791.322876
vt 1715.013794 811.535889
vt 1689.940674 767.758240
vt 1672.675537 763.637390
vt 1686.812622 745.709656
vt 1659.258911 781.797119
vt 1667.712646 804.752502
vt 1736.138672 814.866211
vt 1708.557983 899.245544
vt 1812.432129 846.258057
vt 976.085754 226.710007
vt 974.527832 202.819427
vt 989.467163 214.031693
vt 992.507080 211.149979
vt 993.305115 185.379211
vt 977.650024 169.304321
vt 956.406738 185.690384
vt 950.780457 164.910843
vt 930.787231 184.505630
vt 948.535889 206.914536
vt 925.641479 210.781937
vt 941.981140 233.943207
vt 913.799072 231.372101
vt 904.170227 208.998520
vt 915.784363 197.647568
vt 903.666748 185.145508
vt 880.318176 200.209427
vt 884.378906 176.915421
vt 867.978821 180.975327
vt 874.634155 157.089554
vt 851.760986 169.422012
vt 855.128113 140.936172
vt 831.926025 155.156265
vt 836.683777 125.199364
vt 860.008362 110.061684
vt 877.029114 129.343323
vt 886.308594 103.646965
vt 872.235901 88.576874
vt 888.593201 80.344414
vt 871.104675 63.552231
vt 855.901001 86.034485
vt 838.406799 70.948769
vt 854.980591 48.239906
vt 823.797241 48.986839
vt 839.216309 33.359570
vt 808.374451 64.666191
vt 816.145447 87.837166
vt 792.820801 80.431465
vt 799.122681 102.500504
vt 777.096252 96.189743
vt 784.935974 118.184059
vt 761.153931 111.889671
vt 774.230347 134.071533
vt 759.798706 138.182617
vt 744.936401 127.440628
vt 747.239746 158.413330
vt 728.480225 142.915787
vt 727.147766 172.398071
vt 741.378845 188.511963
vt 724.341003 197.662964
vt 735.700073 218.547867
vt 707.846008 220.147537
vt 709.796143 187.925247
vt 692.943054 204.806229
vt 694.807800 173.906555
vt 711.768738 158.360016
vt 677.867249 189.711624
vt 722.867859 235.635864
vt 737.941101 251.167343
vt 759.501770 232.228058
vt 753.119934 266.787994
vt 777.210144 246.973740
vt 786.374329 265.487183
vt 803.354675 242.444031
vt 784.922180 225.482849
vt 809.027283 216.152359
vt 818.689636 231.089798
vt 832.544861 242.663528
vt 830.760315 220.289169
vt 848.791809 226.025482
vt 864.620239 244.055283
vt 866.173584 219.955017
vt 887.575378 226.716156
vt 897.605774 253.544357
vt 874.202820 271.164124
vt 845.696594 266.135986
vt 855.711365 288.214478
vt 829.984863 285.257660
vt 816.397827 265.137238
vt 800.441345 287.669373
vt 819.880737 304.711548
vt 798.334778 312.933105
vt 812.843689 327.788452
vt 836.106201 314.848206
vt 845.268555 330.104797
vt 826.994995 342.239502
vt 852.813171 344.902283
vt 840.892212 356.479065
vt 857.255127 340.573059
vt 869.292847 328.868500
vt 861.100525 311.813049
vt 873.619141 324.667114
vt 885.841492 312.843536
vt 881.373840 295.512115
vt 890.048584 308.782959
vt 902.486450 296.807953
vt 899.761047 279.778320
vt 906.544434 292.916229
vt 919.216431 280.772736
vt 917.043335 268.120941
vt 923.094788 277.068756
vt 936.010254 264.753296
vt 926.971680 252.992447
vt 939.685974 261.253998
vt 943.256775 257.850830
vt 956.288391 245.469910
vt 959.656189 242.271072
vt 962.274109 223.686752
vt 972.905579 229.726074
vt 840.758179 300.689087
vt 783.465820 297.816803
vt 768.312500 282.374573
vt 850.315552 200.392349
vt 826.415955 201.526596
vt 811.332336 186.897827
vt 831.990051 181.141006
vt 821.375610 171.349838
vt 810.869751 161.211090
vt 815.981140 136.338684
vt 793.275208 143.431702
vt 802.855774 122.163216
vt 818.525452 111.723732
vt 837.799744 98.305717
vt 791.457031 173.464981
vt 790.031982 200.620575
vt 773.003784 188.106644
vt 770.987549 159.336548
vt 757.742493 179.687729
vt 756.472534 203.263504
vt 772.492065 210.481949
vt 896.720886 88.271126
vt 914.484253 105.826691
vt 896.648438 123.829353
vt 915.305054 139.463470
vt 891.736877 141.882355
vt 897.134949 160.905792
vt 915.415833 165.672455
vt 931.612122 158.458984
vt 946.551086 137.833755
vt 930.777710 122.075714
vt 962.086487 153.501724
vt 1005.904053 198.474091
vt 224.406403 1391.937500
vt 236.963348 1372.352539
vt 254.327377 1384.123047
vt 240.498672 1410.087524
vt 213.839783 1411.061035
vt 232.986145 1423.442383
vt 252.784714 1435.424805
vt 264.988373 1413.029175
vt 274.427490 1429.867065
vt 267.192291 1443.187378
vt 277.710663 1424.191162
vt 285.221588 1411.310303
vt 271.192841 1395.365112
vt 288.282806 1405.982666
vt 195.110489 1398.772949
vt 205.121719 1374.440674
vt 176.711777 1387.293823
vt 181.982208 1363.002197
vt 200.835663 1348.265381
vt 182.414520 1336.295044
vt 168.539978 1355.709961
vt 151.999649 1345.941284
vt 157.989853 1377.036011
vt 137.300903 1367.410034
vt 127.749390 1364.408569
vt 132.789795 1331.923584
vt 145.035004 1312.745117
vt 126.128639 1301.477783
vt 113.682571 1334.396851
vt 103.883591 1314.508423
vt 107.503204 1289.901855
vt 83.881905 1310.517090
vt 88.732117 1277.877197
vt 73.509903 1299.446533
vt 56.785500 1321.132568
vt 65.824463 1332.026245
vt 39.019081 1343.019531
vt 61.597771 1348.446533
vt 87.911926 1336.207764
vt 83.044731 1353.534912
vt 104.836609 1358.416748
vt 163.836853 1324.334961
vt 218.991821 1360.240234
vt 1647.933960 567.858887
vt 1635.158569 586.976746
vt 1617.290771 575.899170
vt 1624.020020 552.062988
vt 1644.905518 540.709778
vt 1625.431152 524.527344
vt 1608.129883 538.828064
vt 1601.924805 517.437561
vt 1589.410645 536.212402
vt 1577.869995 513.806213
vt 1567.721313 530.989563
vt 1551.970825 513.936707
vt 1561.928955 494.776367
vt 1593.096802 491.001190
vt 1569.462158 470.531921
vt 1598.334351 462.858368
vt 1581.262085 449.306366
vt 1601.956787 438.348846
vt 1618.414429 451.374451
vt 1624.390625 477.730774
vt 1639.102417 452.208313
vt 1651.084229 474.021149
vt 1665.692139 447.634949
vt 1677.102051 478.768921
vt 1657.280151 500.237671
vt 1642.175171 488.232819
vt 1635.377075 501.831085
vt 1616.198120 502.234131
vt 1645.951172 519.492432
vt 1665.693481 530.639221
vt 1682.314819 509.368683
vt 1691.876465 536.777161
vt 1705.071655 515.988647
vt 1712.078979 533.365173
vt 1704.247070 547.535522
vt 1696.420044 561.604126
vt 1676.983643 558.568237
vt 1693.068359 567.575500
vt 1689.641113 573.635254
vt 1671.257446 580.202087
vt 1681.600952 588.008301
vt 1677.939697 594.322510
vt 1652.380005 597.747559
vt 1669.022827 609.076721
vt 1659.069214 549.445679
vt 1715.249023 527.641724
vt 1723.120361 513.409241
vt 1714.585815 497.149780
vt 1726.225464 507.788879
vt 1729.330688 502.164154
vt 1719.833008 478.215118
vt 1702.237305 468.283844
vt 1696.305420 493.936890
vt 1684.127808 458.095062
vt 1737.176270 487.943909
vt 1646.846924 436.969910
vt 1627.864624 426.314117
vt 1608.822876 415.681183
vt 1576.177124 425.192322
vt 1589.920532 405.135040
vt 1571.063843 394.602081
vt 1552.178833 413.946960
vt 1542.974487 396.478241
vt 1526.066040 418.565399
vt 1521.786865 393.259033
vt 1533.854736 373.496582
vt 1552.411621 384.172607
vt 1509.445312 413.324585
vt 1496.884155 433.851196
vt 1514.983398 444.246033
vt 1484.043335 455.227875
vt 1505.640503 468.406586
vt 1471.517944 478.258179
vt 1489.780273 491.145508
vt 1518.395142 485.685760
vt 1507.691528 503.717865
vt 1534.796753 499.248596
vt 1525.540771 516.425720
vt 1543.705566 528.833191
vt 1543.585571 481.151062
vt 1529.647949 471.262909
vt 1547.197266 465.641998
vt 1558.825195 450.055817
vt 1533.478149 455.602936
vt 1543.833130 434.566833
vt 1562.186890 540.868530
vt 1580.595581 552.774719
vt 1598.923950 564.460205
vt 1105.242310 202.815155
vt 1103.684204 226.706070
vt 1090.302979 214.027344
vt 1087.263428 211.145523
vt 1086.466797 185.374191
vt 1102.123413 169.299484
vt 1123.364746 185.686722
vt 1128.992432 164.907227
vt 1148.983765 184.502914
vt 1131.233887 206.911148
vt 1154.127930 210.779343
vt 1137.787231 233.939941
vt 1165.969116 231.369781
vt 1175.598389 208.996552
vt 1192.192505 226.714523
vt 1199.450439 200.208145
vt 1213.594238 219.953827
vt 1215.146729 244.054047
vt 1182.161255 253.542435
vt 1205.563599 271.162689
vt 1180.005615 279.776367
vt 1162.723877 268.118530
vt 1152.795898 252.989563
vt 1143.758179 264.750580
vt 1140.082764 261.251190
vt 1136.512085 257.847900
vt 1123.480713 245.466583
vt 1120.113281 242.267639
vt 1117.494873 223.683014
vt 1106.864136 229.722244
vt 1156.673706 277.066437
vt 1160.551514 280.770538
vt 1173.223511 292.914398
vt 1177.281006 296.806244
vt 1198.392456 295.510620
vt 1189.718872 308.781616
vt 1193.925537 312.842316
vt 1218.665405 311.811951
vt 1206.147827 324.666290
vt 1210.473633 328.867767
vt 1234.496704 330.104126
vt 1222.511353 340.572693
vt 1226.952881 344.902069
vt 1252.769775 342.238892
vt 1238.873535 356.479156
vt 1266.920654 327.787720
vt 1243.658813 314.847382
vt 1259.883667 304.710724
vt 1281.428955 312.932343
vt 1279.322998 287.668640
vt 1249.780273 285.256714
vt 1239.007202 300.688110
vt 1224.054565 288.213318
vt 1234.069336 266.134949
vt 1263.367432 265.136444
vt 1247.221313 242.662689
vt 1276.410522 242.443283
vt 1293.390137 265.486420
vt 1302.554199 246.972946
vt 1326.643677 266.787079
vt 1320.262207 232.227142
vt 1341.822144 251.166138
vt 1344.063232 218.546494
vt 1323.291382 203.262497
vt 1338.384399 188.510574
vt 1355.421631 197.661240
vt 1371.916504 220.145615
vt 1369.965576 187.923172
vt 1352.614746 172.396210
vt 1367.992310 158.357651
vt 1351.281494 142.913559
vt 1332.523560 158.411850
vt 1334.825806 127.438866
vt 1319.964844 138.181396
vt 1308.777344 159.335709
vt 1305.534546 134.070709
vt 1318.609619 111.888390
vt 1294.829346 118.183548
vt 1302.668457 96.189117
vt 1280.643799 102.500076
vt 1286.945312 80.431046
vt 1263.622437 87.836876
vt 1271.393066 64.666039
vt 1241.362427 70.948563
vt 1255.971436 48.986881
vt 1224.789673 48.239639
vt 1240.553223 33.360073
vt 1208.666626 63.551304
vt 1223.869263 86.033913
vt 1241.969482 98.305290
vt 1219.762329 110.061073
vt 1207.536011 88.575981
vt 1193.464111 103.645775
vt 1191.180298 80.343407
vt 1183.054321 88.269524
vt 1165.290039 105.824181
vt 1183.124146 123.827614
vt 1164.467896 139.461075
vt 1188.034668 141.880829
vt 1182.635864 160.904160
vt 1164.355591 165.670120
vt 1176.103149 185.143570
vt 1148.160522 158.456100
vt 1163.985474 197.645294
vt 1195.390747 176.914078
vt 1205.135742 157.088440
vt 1211.789917 180.974258
vt 1229.452271 200.391403
vt 1228.007690 169.421249
vt 1247.777832 181.140305
vt 1253.350952 201.525909
vt 1249.006470 220.288452
vt 1230.975220 226.024490
vt 1261.076294 231.089050
vt 1270.738525 216.151657
vt 1294.842773 225.482086
vt 1289.733765 200.619873
vt 1307.272583 210.481110
vt 1306.761230 188.105743
vt 1322.021729 179.686646
vt 1288.308716 173.464371
vt 1286.490845 143.431229
vt 1268.896851 161.210617
vt 1263.786499 136.338242
vt 1276.911011 122.162804
vt 1261.242676 111.723351
vt 1243.085327 125.198891
vt 1247.842285 155.155670
vt 1224.641479 140.935440
vt 1202.741821 129.342270
vt 1258.391724 171.349289
vt 1268.434082 186.897308
vt 1133.223267 137.830124
vt 1148.997192 122.072678
vt 1117.688477 153.497589
vt 1384.952881 173.904144
vt 1386.818604 204.803696
vt 1401.893433 189.708633
vt 1356.894897 235.634293
vt 1311.451172 282.373779
vt 1296.297607 297.816040
vt 1073.866699 198.469223
vt 736.341370 1315.349243
vt 748.897888 1334.930054
vt 718.976257 1327.118286
vt 732.805176 1353.081665
vt 708.314758 1356.024414
vt 720.519165 1378.419434
vt 698.875671 1372.862427
vt 706.111389 1386.182495
vt 695.592163 1367.186646
vt 688.080811 1354.306152
vt 702.109802 1338.360596
vt 685.019287 1348.978638
vt 740.318054 1366.436523
vt 759.463989 1354.054321
vt 778.193298 1341.767822
vt 768.182556 1317.435547
vt 796.591919 1330.289551
vt 791.321472 1305.997925
vt 772.467590 1291.261108
vt 790.888733 1279.291016
vt 804.763489 1298.706055
vt 815.313538 1320.032227
vt 821.303589 1288.937744
vt 836.002258 1310.406738
vt 845.553650 1307.405396
vt 840.513306 1274.920532
vt 828.268127 1255.741821
vt 847.174622 1244.474854
vt 859.620361 1277.394043
vt 869.419312 1257.505859
vt 865.800598 1232.899414
vt 889.420715 1253.514771
vt 885.390686 1279.205078
vt 907.477783 1275.023071
vt 916.516357 1264.128906
vt 934.282410 1286.015625
vt 911.704773 1291.443237
vt 899.793091 1242.443115
vt 884.572876 1220.876709
vt 890.258057 1296.532104
vt 868.466248 1301.413940
vt 809.466370 1267.331421
vt 754.311584 1303.236450
vt 781.535889 634.974060
vt 768.759521 615.856812
vt 799.402771 623.895508
vt 792.673584 600.060425
vt 817.769714 612.458008
vt 808.564026 586.825928
vt 827.283386 584.210632
vt 836.098694 600.773132
vt 848.972778 578.988098
vt 854.507324 588.867126
vt 872.988342 576.831909
vt 864.723145 561.935364
vt 891.153137 564.424683
vt 881.897095 547.247437
vt 854.765015 542.775024
vt 873.108154 529.149902
vt 898.298523 533.684692
vt 909.002319 551.716858
vt 926.913452 539.143982
vt 911.052490 516.405334
vt 945.174805 526.255127
vt 932.648621 503.225372
vt 901.709229 492.245178
vt 883.215027 503.601959
vt 872.860229 482.565857
vt 890.627197 466.564850
vt 919.808105 481.850464
vt 907.247620 461.324615
vt 894.907166 441.259064
vt 873.719727 444.477570
vt 882.840271 421.496521
vt 864.283203 432.171814
vt 845.630676 442.600616
vt 864.514954 461.945953
vt 840.516785 473.190826
vt 857.868408 498.054596
vt 835.431763 497.304840
vt 814.737305 486.347046
vt 807.871338 463.679230
vt 788.829590 474.312012
vt 798.279663 499.372498
vt 818.359680 510.856628
vt 792.303528 525.728821
vt 777.591797 500.206299
vt 765.610046 522.019226
vt 751.002075 495.633179
vt 739.592346 526.766968
vt 759.414001 548.235657
vt 734.379211 557.366516
vt 751.000244 578.637146
vt 724.817261 584.774841
vt 711.622314 563.986206
vt 720.388855 541.934692
vt 702.108521 545.147339
vt 714.457214 516.281738
vt 732.566528 506.093292
vt 696.861755 526.212646
vt 687.363342 550.161316
vt 690.468445 555.786072
vt 693.573486 561.406494
vt 679.518005 535.940857
vt 701.444702 575.639038
vt 704.614685 581.362549
vt 712.446289 595.533020
vt 720.273193 609.601685
vt 739.709778 606.566101
vt 723.624817 615.573120
vt 727.051941 621.632874
vt 745.435852 628.200012
vt 735.091980 636.006104
vt 738.753174 642.320312
vt 764.313477 645.745544
vt 747.669800 657.074646
vt 757.624329 597.443542
vt 771.788208 588.707642
vt 770.742737 567.490356
vt 791.262817 572.525208
vt 781.316956 549.829102
vt 774.519043 536.230835
vt 800.495911 550.232178
vt 823.597229 538.999512
vt 814.769226 565.435669
vt 838.824036 561.804626
vt 847.231628 518.530518
vt 769.847290 484.967896
vt 826.773804 453.133453
vt 869.496277 513.640869
vt 887.045471 519.261841
vt 331.857635 625.190491
vt 325.569244 634.786438
vt 330.068604 623.843079
vt 328.403564 622.551453
vt 310.206696 623.574524
vt 310.157074 612.189880
vt 309.099762 611.513245
vt 290.522003 613.572388
vt 290.827423 601.473389
vt 274.454041 592.704773
vt 269.887268 609.814270
vt 282.627258 626.944641
vt 295.929260 630.602783
vt 286.213165 647.789429
vt 270.192413 633.553528
vt 260.438782 653.681152
vt 252.318909 628.437439
vt 246.830246 600.786438
vt 271.437134 591.141846
vt 271.527740 591.200500
vt 252.523956 580.732117
vt 251.901596 580.383850
vt 226.797806 584.707581
vt 233.499527 570.024231
vt 232.411148 569.405640
vt 205.122086 569.626892
vt 214.343445 559.113831
vt 196.975601 549.064697
vt 187.596054 554.622803
vt 195.140808 548.011963
vt 178.037338 538.154053
vt 170.277405 548.664734
vt 175.824493 536.890747
vt 159.069946 527.237854
vt 152.672699 541.190796
vt 156.458710 525.744507
vt 153.749680 524.191833
vt 133.534225 532.661743
vt 136.994568 514.634705
vt 133.791718 512.804810
vt 107.395561 521.814758
vt 117.442307 503.559143
vt 102.198318 495.008911
vt 89.225349 508.026855
vt 97.817322 492.554108
vt 78.553978 527.362732
vt 91.348671 542.179749
vt 112.378006 553.362549
vt 89.278603 562.176392
vt 68.069641 546.585388
vt 70.213448 572.611877
vt 87.261650 583.635742
vt 69.307976 592.337891
vt 47.522564 584.891907
vt 57.780308 565.765625
vt 56.702717 615.132812
vt 82.966652 604.874939
vt 75.857193 626.612061
vt 101.133636 616.258545
vt 95.120125 638.079834
vt 121.187576 628.049561
vt 124.237816 604.067139
vt 149.582397 616.942383
vt 140.061249 642.155334
vt 114.324654 649.394470
vt 133.433182 660.668579
vt 153.723068 656.359558
vt 165.809769 641.199036
vt 175.161346 666.058960
vt 152.502304 672.043518
vt 171.508987 683.337219
vt 190.275085 694.639465
vt 196.991623 669.273743
vt 193.368057 646.061035
vt 209.640610 659.910339
vt 215.061142 679.489929
vt 223.940811 660.329590
vt 239.151672 669.833984
vt 234.551910 694.146362
vt 208.977371 706.218994
vt 227.339203 718.120422
vt 252.921127 707.238708
vt 262.016296 680.973511
vt 282.215820 700.079651
vt 288.915527 672.605774
vt 297.759613 684.680847
vt 313.115784 671.583313
vt 305.378998 658.545532
vt 308.827332 642.123901
vt 326.805481 659.752686
vt 339.096893 648.717224
vt 274.683716 664.341614
vt 237.273560 647.123535
vt 264.415283 715.409119
vt 246.125305 730.944946
vt 216.984879 643.594604
vt 230.082138 624.811096
vt 206.668655 622.723145
vt 180.512085 619.637634
vt 198.333878 595.883240
vt 168.619766 593.902710
vt 181.145477 572.332764
vt 158.827728 567.902222
vt 143.661102 587.589661
vt 137.288391 560.605774
vt 121.515053 579.349670
vt 104.248459 594.111328
vt 103.649719 574.656677
vt 221.416885 605.881653
vt 37.567955 603.562134
vt 351.212860 638.944214
vt 47.803841 850.825989
vt 55.302849 868.931396
vt 35.999939 865.145874
vt 32.910679 849.615234
vt 30.956165 850.400940
vt 46.327011 840.347656
vt 48.862625 838.839722
vt 64.210655 843.374451
vt 62.627186 829.355774
vt 65.804634 827.211426
vt 85.600586 832.394897
vt 79.299911 818.104492
vt 83.093880 815.565796
vt 103.965820 818.215942
vt 107.978813 834.360107
vt 132.789108 826.103882
vt 118.894714 850.934387
vt 98.887383 847.142090
vt 100.786560 862.236877
vt 112.145462 877.914551
vt 91.616776 878.680237
vt 81.024216 859.264832
vt 68.608185 886.679443
vt 45.433319 898.483276
vt 51.059608 918.030029
vt 85.444435 899.179749
vt 92.296761 922.898560
vt 70.701385 937.568665
vt 55.142315 939.671997
vt 61.051476 962.476074
vt 93.760811 946.883728
vt 102.272324 965.421326
vt 84.018845 975.235474
vt 66.492714 985.835571
vt 120.900589 955.839600
vt 114.009155 938.404480
vt 122.161713 920.274719
vt 139.611725 946.445435
vt 148.962204 916.581970
vt 129.598694 895.513672
vt 150.509109 887.092041
vt 165.092468 901.663330
vt 176.414566 927.208130
vt 181.226807 898.016296
vt 194.451050 917.708801
vt 168.167694 878.907776
vt 158.286285 936.834534
vt 155.609970 860.361267
vt 135.181534 869.034180
vt 143.754807 842.687622
vt 107.252327 900.870850
vt 99.560150 889.065979
vt 40.462479 881.037598
vt 122.552208 810.631409
vt 100.392487 804.083435
vt 96.051346 806.945801
vt 112.788094 795.952515
vt 128.294769 1731.346191
vt 128.149323 1704.303711
vt 144.401749 1721.511475
vt 146.154694 1744.215088
vt 168.186722 1723.419678
vt 150.309601 1704.412964
vt 172.609665 1704.573364
vt 194.835281 1704.575684
vt 193.303192 1733.628540
vt 210.754608 1723.449097
vt 216.000076 1749.875732
vt 231.769867 1725.818359
vt 216.965668 1704.429565
vt 239.155228 1704.144531
vt 261.520905 1725.830444
vt 245.511993 1748.157837
vt 261.388855 1747.383789
vt 261.843567 1769.225830
vt 240.225861 1772.405273
vt 262.324158 1791.080811
vt 238.215714 1798.714600
vt 262.896759 1812.963989
vt 245.852341 1819.803101
vt 263.541382 1834.860229
vt 241.582336 1834.834961
vt 223.262436 1818.642212
vt 219.883392 1834.746338
vt 198.296265 1834.690308
vt 203.416275 1810.664551
vt 181.589203 1810.609009
vt 198.563110 1792.272705
vt 216.044952 1799.354858
vt 217.106781 1779.629150
vt 193.352386 1768.964111
vt 180.533585 1787.862915
vt 171.581787 1774.437622
vt 158.038422 1795.437012
vt 156.516525 1820.859985
vt 176.833298 1834.755615
vt 155.414032 1835.015381
vt 134.052124 1835.355713
vt 133.819702 1815.068481
vt 112.679626 1835.722290
vt 110.482811 1812.595459
vt 131.276047 1791.043701
vt 151.385468 1770.134277
vt 125.744064 1764.830933
vt 174.305923 1751.862549
vt 128.664444 1746.781372
vt 113.163826 1746.278442
vt 107.934959 1724.533325
vt 86.584015 1742.710327
vt 99.949432 1766.103149
vt 77.019608 1767.823608
vt 59.350300 1750.565918
vt 62.250607 1724.463867
vt 84.764702 1717.492920
vt 61.884369 1704.077026
vt 39.933014 1704.096558
vt 40.935581 1727.087036
vt 83.848419 1704.154541
vt 105.975670 1704.252075
vt 42.228554 1749.284424
vt 43.829437 1771.402832
vt 61.553612 1770.317261
vt 64.740166 1790.803345
vt 87.389229 1784.738281
vt 85.746544 1809.018188
vt 107.151184 1788.288086
vt 91.308609 1836.078003
vt 70.098457 1836.476196
vt 67.120102 1813.035034
vt 47.239826 1815.480103
vt 45.516720 1793.499146
vt 48.973507 1836.766235
vt 194.515656 1750.595581
vt 261.112030 1703.753906
vt 1080.340942 1783.379272
vt 1058.180786 1782.403076
vt 1084.110718 1766.335449
vt 1102.645630 1784.313721
vt 1110.538452 1763.626709
vt 1098.511841 1747.093994
vt 1121.519409 1739.640747
vt 1096.786255 1723.780273
vt 1078.596069 1743.667725
vt 1072.920410 1725.606201
vt 1074.140869 1702.363770
vt 1105.821655 1695.745239
vt 1123.245239 1714.052612
vt 1125.775635 1698.908203
vt 1146.773804 1701.529053
vt 1141.005981 1725.042236
vt 1147.717407 1744.707275
vt 1164.957764 1725.344482
vt 1175.219604 1750.019531
vt 1152.359375 1768.873901
vt 1131.378418 1760.310791
vt 1124.940674 1785.367432
vt 1147.007202 1786.614868
vt 1169.221680 1788.023804
vt 1172.367432 1768.863892
vt 1193.472534 1769.016724
vt 1196.751953 1748.068237
vt 1200.166260 1727.036865
vt 1190.543579 1789.710571
vt 1178.671875 1704.291138
vt 1166.191650 1684.699463
vt 1189.987915 1680.836426
vt 1204.202759 1705.690674
vt 1208.597778 1684.349487
vt 1212.565674 1662.250122
vt 1190.535889 1661.995972
vt 1168.708130 1661.211060
vt 1146.651855 1675.088013
vt 1146.678345 1659.950806
vt 1124.814819 1658.463623
vt 1126.515869 1684.042603
vt 1108.761597 1673.759033
vt 1102.767334 1656.839355
vt 1083.480591 1673.607422
vt 1080.609253 1655.261597
vt 1058.509766 1653.575317
vt 1052.412842 1678.075684
vt 1049.322266 1701.262207
vt 1054.743286 1720.059326
vt 1033.135376 1715.482544
vt 1029.314087 1691.273438
vt 1009.159302 1708.832153
vt 1012.273438 1690.765503
vt 1012.751648 1671.514526
vt 1033.052246 1673.160767
vt 1036.300781 1651.875244
vt 1013.919006 1650.298462
vt 991.647217 1648.849731
vt 987.853149 1674.494385
vt 969.036743 1669.625732
vt 969.284851 1647.396729
vt 969.095093 1691.587402
vt 996.477966 1690.877563
vt 986.633728 1707.215820
vt 969.269714 1713.510498
vt 988.739624 1730.549316
vt 1015.802917 1734.465576
vt 1000.710632 1756.656494
vt 969.694702 1757.037109
vt 991.920105 1779.544800
vt 970.014282 1778.527832
vt 1013.876038 1780.467163
vt 1024.554688 1757.586426
vt 1035.992310 1781.398804
vt 1043.263184 1755.365479
vt 1059.732056 1761.350708
vt 1058.103882 1740.205811
vt 1038.331787 1737.074829
vt 969.488464 1735.323242
vt 1808.087402 1298.687744
vt 1804.533813 1320.209961
vt 1785.469727 1309.061890
vt 1781.432129 1278.349487
vt 1761.616943 1303.857422
vt 1768.916260 1324.010742
vt 1745.408447 1328.416992
vt 1736.458008 1303.184692
vt 1749.175537 1282.143311
vt 1725.850098 1284.016968
vt 1733.220947 1266.230225
vt 1708.216553 1266.709961
vt 1727.481201 1240.377808
vt 1752.973145 1258.166260
vt 1749.452759 1235.732422
vt 1775.484131 1247.024780
vt 1805.607544 1252.112549
vt 1792.285522 1227.179810
vt 1812.989746 1223.019287
vt 1832.755859 1243.119995
vt 1832.557861 1267.755493
vt 1811.912354 1277.661255
vt 1832.506714 1292.358398
vt 1832.450073 1317.102417
vt 1832.753296 1218.630127
vt 1771.013550 1231.301025
vt 1705.273315 1244.780273
vt 1682.545288 1249.713989
vt 1687.002075 1271.078369
vt 1691.473755 1292.180054
vt 1710.311890 1285.762329
vt 1713.631470 1300.006592
vt 1695.410889 1313.698242
vt 1719.240601 1320.972046
vt 1699.287964 1335.252075
vt 1722.947876 1345.321533
vt 1703.025879 1356.845215
vt 1727.415527 1376.388428
vt 1706.580688 1378.463623
vt 1741.843994 1354.470581
vt 1748.521484 1374.397583
vt 1763.807495 1348.306152
vt 1769.711670 1372.532104
vt 1784.194702 1353.780151
vt 1790.890625 1370.617065
vt 1809.444214 1346.108154
vt 1811.885376 1368.800903
vt 1832.672241 1367.223755
vt 1832.500977 1341.996094
vt 1786.303589 1332.962524
vt 638.896118 1124.462646
vt 619.640198 1125.672729
vt 626.774353 1102.332275
vt 650.408875 1100.183960
vt 639.080750 1077.133789
vt 661.441345 1079.710815
vt 672.650391 1097.555054
vt 660.628540 1120.625000
vt 682.569824 1116.698853
vt 693.193665 1096.980591
vt 685.596008 1072.816528
vt 716.638123 1087.020508
vt 708.067261 1112.651489
vt 730.783997 1106.223267
vt 746.476990 1094.397461
vt 751.328552 1116.593018
vt 731.616760 1121.941895
vt 740.852600 1072.226562
vt 711.735168 1055.550171
vt 734.806641 1050.089478
vt 717.190918 1031.571655
vt 728.440857 1028.050415
vt 721.496704 1006.033325
vt 704.806030 1016.052490
vt 695.645996 991.095764
vt 688.725098 1017.457458
vt 701.475525 1032.877686
vt 685.669373 1042.403564
vt 657.625549 1051.474487
vt 669.241455 1023.320801
vt 651.006836 1025.429932
vt 656.423279 1004.701355
vt 676.184387 997.728149
vt 636.717163 1011.820190
vt 634.752136 1035.156494
vt 616.967896 1018.755005
vt 612.421631 1047.079590
vt 597.229370 1025.275513
vt 580.606812 1053.244629
vt 602.815125 1073.361084
vt 585.563904 1074.379639
vt 590.118347 1095.473267
vt 609.425903 1093.295654
vt 606.747437 1111.937134
vt 594.487061 1116.298828
vt 598.622986 1136.969849
vt 626.034119 1151.910889
vt 603.003967 1157.778564
vt 620.117676 1082.816528
vt 621.621704 1067.310913
vt 633.182190 1055.751953
vt 576.740295 1031.067261
vt 714.757874 984.489258
vt 711.295898 1127.760376
vt 690.533569 1133.847168
vt 669.367371 1139.786377
vt 647.788391 1145.710449
vt 1495.344849 1322.315918
vt 1495.429565 1339.710815
vt 1474.059326 1319.180176
vt 1495.808228 1305.982178
vt 1516.695312 1326.915161
vt 1516.221069 1295.772827
vt 1537.317383 1314.844238
vt 1556.473755 1357.144409
vt 1559.834839 1314.055908
vt 1565.943848 1340.299316
vt 1575.221680 1323.835938
vt 1583.889771 1307.987183
vt 1562.338135 1271.585938
vt 1577.905151 1282.639282
vt 1592.715332 1292.705933
vt 1537.599731 1282.778320
vt 1545.638916 1259.629883
vt 1526.826538 1258.074463
vt 1513.601318 1267.046875
vt 1508.192017 1234.322266
vt 1494.948730 1253.030396
vt 1486.979858 1221.680542
vt 1483.383179 1246.011963
vt 1480.223877 1270.432617
vt 1496.348511 1280.650879
vt 1477.103638 1294.739014
vt 1527.491333 1247.196167
vt 1521.680542 1356.747314
vt 1547.035156 1374.244873
vt 1520.953003 1372.939941
vt 1494.760010 1371.296753
vt 1471.027954 1343.891724
vt 1467.987793 1369.031738
vt 1884.674927 1768.527710
vt 1862.893311 1736.908813
vt 1896.081055 1761.278076
vt 1892.692383 1728.748169
vt 1911.164551 1755.253052
vt 1917.072754 1720.151978
vt 1928.208374 1751.856689
vt 1931.614990 1735.579102
vt 1945.952515 1751.807739
vt 1902.930054 1704.550171
vt 1886.473633 1707.276489
vt 1874.911133 1716.038086
vt 1874.548706 1697.555542
vt 1888.926270 1688.735718
vt 1874.574097 1672.665894
vt 1863.265991 1690.979126
vt 1856.616455 1679.236694
vt 1858.763672 1656.557617
vt 1849.963867 1671.794312
vt 1840.897217 1687.310791
vt 1851.822510 1695.857422
vt 1840.469238 1713.220093
vt 1831.770752 1703.752197
vt 1822.593384 1720.664429
vt 1813.620239 1737.976440
vt 1860.818481 1708.523071
vt 1842.376831 1759.303589
vt 1870.498901 1781.006104
vt 813.117981 1560.258179
vt 794.500244 1548.663208
vt 809.644714 1537.620361
vt 828.141113 1546.400513
vt 831.385559 1526.455688
vt 852.609558 1545.342407
vt 836.913757 1562.031494
vt 854.757202 1563.431763
vt 867.071594 1558.663208
vt 869.622620 1573.050171
vt 885.020386 1562.020874
vt 894.012878 1581.030762
vt 868.497498 1594.864868
vt 849.876465 1577.784790
vt 844.921997 1594.391968
vt 826.499023 1579.124146
vt 808.657471 1578.215210
vt 814.381042 1587.668091
vt 820.010742 1594.132935
vt 814.729309 1594.214355
vt 809.447449 1594.295410
vt 807.999329 1586.559204
vt 800.351929 1586.471436
vt 792.004272 1569.912964
vt 787.059692 1595.404907
vt 798.248596 1594.846313
vt 770.125488 1573.966553
vt 773.543213 1546.803223
vt 748.339539 1554.238770
vt 754.216248 1525.167236
vt 733.461548 1528.707520
vt 733.241272 1510.323975
vt 705.291443 1509.889160
vt 723.709717 1488.456421
vt 748.023254 1498.390015
vt 739.943970 1473.045776
vt 762.874451 1480.733643
vt 771.938477 1509.455566
vt 771.411377 1527.555542
vt 787.582214 1528.247192
vt 789.078796 1511.285767
vt 806.549194 1514.397339
vt 791.202759 1490.977417
vt 813.240112 1496.056030
vt 825.431824 1506.972656
vt 844.450623 1507.836182
vt 854.612854 1524.233643
vt 869.178101 1508.691284
vt 876.091736 1531.334717
vt 875.217346 1548.760742
vt 896.871826 1545.331665
vt 908.713379 1564.388672
vt 922.367432 1549.183105
vt 915.718628 1531.810059
vt 935.300415 1535.870972
vt 945.201294 1549.740723
vt 934.325378 1567.243164
vt 958.152161 1564.176147
vt 950.173950 1580.654785
vt 975.495178 1578.778931
vt 959.713989 1596.329346
vt 937.266541 1596.136108
vt 935.647400 1581.250977
vt 920.708679 1581.017212
vt 914.415955 1595.817871
vt 891.570923 1595.380615
vt 982.212097 1596.367554
vt 996.978638 1585.002197
vt 1004.579285 1596.288574
vt 1021.422058 1583.823853
vt 1026.885254 1595.958496
vt 1049.533569 1595.092407
vt 1046.983765 1578.484619
vt 1023.913086 1565.046387
vt 1044.376221 1561.831421
vt 1027.520142 1546.712158
vt 1002.295349 1549.225464
vt 1013.307129 1531.041016
vt 1038.956543 1528.093018
vt 1041.705078 1545.045532
vt 1018.832886 1513.654907
vt 1035.935669 1510.948975
vt 1022.889038 1495.161133
vt 1001.576355 1499.284668
vt 1018.726807 1477.731201
vt 1029.736938 1476.362549
vt 1032.923462 1493.662842
vt 993.107971 1480.250366
vt 979.948059 1495.613037
vt 968.396606 1482.420288
vt 959.642456 1500.758789
vt 978.051453 1515.373657
vt 957.889648 1516.126587
vt 958.740845 1531.937988
vt 936.724365 1515.961670
vt 976.563416 1530.139526
vt 978.772217 1541.867920
vt 964.001160 1549.444702
vt 979.897644 1558.963257
vt 1000.222046 1570.083984
vt 991.521790 1530.967896
vt 1000.555054 1518.008545
vt 941.101196 1496.411133
vt 919.975037 1498.581665
vt 932.944946 1483.296387
vt 957.369080 1482.992310
vt 908.395813 1482.953491
vt 893.336243 1497.092041
vt 908.308838 1514.953735
vt 888.649780 1516.408813
vt 896.883118 1528.268799
vt 872.784973 1490.803833
vt 854.143616 1490.544312
vt 862.557251 1475.960815
vt 843.650024 1470.598145
vt 831.259888 1487.921387
vt 825.566589 1463.780640
vt 811.213989 1477.353149
vt 808.819885 1455.550293
vt 796.450989 1467.498413
vt 792.633179 1445.395752
vt 778.041138 1466.030151
vt 746.272522 1442.434814
vt 776.026062 1432.332886
vt 884.242310 1480.541138
vt 896.007690 1482.176758
vt 716.557678 1451.486084
vt 696.434814 1484.959106
vt 686.939331 1459.732422
vt 725.260864 1544.317383
vt 713.670227 1534.241211
vt 721.642029 1557.789795
vt 729.365540 1580.925659
vt 753.352844 1581.058960
vt 751.436829 1599.748169
vt 767.960632 1597.130859
vt 737.163574 1603.561890
vt 504.820343 686.953003
vt 508.828613 670.625305
vt 528.892029 696.745056
vt 534.393616 675.472839
vt 521.526184 655.389038
vt 500.704834 642.586853
vt 524.441589 634.010132
vt 539.996521 654.142944
vt 545.875732 632.265137
vt 532.958740 605.072815
vt 551.871155 609.454895
vt 558.108276 585.941467
vt 535.361755 572.217407
vt 509.237793 585.816589
vt 516.563904 568.081360
vt 520.742981 551.109009
vt 500.287079 561.589172
vt 498.648071 533.743042
vt 472.134918 550.524780
vt 483.442139 578.272888
vt 461.522888 575.006897
vt 445.429413 564.219788
vt 438.770203 585.051819
vt 467.668549 595.752686
vt 451.698608 617.180725
vt 481.298126 619.161377
vt 472.992218 646.047546
vt 491.114960 658.714539
vt 482.146973 676.440063
vt 460.307648 666.192383
vt 444.584961 642.883667
vt 439.029022 656.133545
vt 418.089386 646.420288
vt 424.995361 626.054077
vt 431.876740 605.470337
vt 506.225220 614.351501
vt 489.497620 598.903259
vt 452.137421 543.377563
vt 458.881775 522.324585
vt 476.288971 523.496887
vt 465.563293 501.272675
vt 486.006714 508.625885
vt 506.801422 516.026001
vt 527.659546 523.206970
vt 544.836975 546.195984
vt 549.007874 530.391113
vt 570.645386 537.792114
vt 564.455383 562.029053
vt 1208.132812 889.391663
vt 1183.029907 881.065247
vt 1190.267822 860.359619
vt 1197.500610 839.517822
vt 1225.270874 858.709167
vt 1204.696655 817.979858
vt 1230.016846 827.264038
vt 1212.170776 795.539978
vt 1233.468628 803.842712
vt 1219.851685 772.328491
vt 1250.421387 793.523621
vt 1251.244507 760.887390
vt 1274.075562 781.292969
vt 1270.005005 813.138550
vt 1254.556274 830.068604
vt 1280.299805 849.812500
vt 1268.487427 866.283875
vt 1281.775269 882.165161
vt 1281.122925 899.550659
vt 1263.471069 879.666443
vt 1249.035278 857.259827
vt 1250.995728 882.207886
vt 1233.666992 899.156677
vt 1266.784668 905.476868
vt 1259.781250 909.965881
vt 1267.276978 893.768738
vt 1273.938110 902.507874
vt 1286.558228 898.448669
vt 1292.037354 897.347107
vt 1304.994629 848.089417
vt 1305.825073 872.480225
vt 1306.458252 896.444824
vt 1291.103638 812.025391
vt 1304.184204 823.299316
vt 1303.473877 797.603210
vt 1302.914429 771.215332
vt 1279.427246 737.677429
vt 1302.856323 744.181580
vt 1256.802490 731.441895
vt 1227.463501 748.724121
vt 1234.977539 725.006287
vt 1819.932373 240.226120
vt 1811.965576 229.137207
vt 1826.623535 222.963699
vt 1834.691650 235.512222
vt 1841.561157 248.865387
vt 1827.650391 263.393677
vt 1801.401733 246.578903
vt 1813.790894 266.989014
vt 1825.273315 285.830048
vt 1838.769775 284.391083
vt 1836.288574 304.083191
vt 1851.632080 297.269684
vt 1852.396484 272.386353
vt 1867.050415 290.412170
vt 1875.506104 271.662384
vt 1863.767090 252.519791
vt 1888.834595 255.388855
vt 1898.328491 276.521393
vt 1914.204224 269.290283
vt 1903.221191 249.075119
vt 1916.444336 239.755722
vt 1893.735962 231.742752
vt 1910.656494 216.661697
vt 1927.613892 214.054352
vt 1936.522339 234.567993
vt 1930.203735 262.098969
vt 1946.173096 254.729187
vt 1924.164551 205.100220
vt 1908.839844 200.338669
vt 1916.760864 184.118057
vt 1899.316284 186.918320
vt 1910.472412 165.248367
vt 1886.721924 170.161392
vt 1904.878418 147.254501
vt 1880.536743 153.461884
vt 1882.355469 138.429047
vt 1866.255737 147.497513
vt 1861.358521 129.686646
vt 1845.466553 152.013428
vt 1833.930908 132.345795
vt 1845.567993 108.260254
vt 1876.291016 106.312622
vt 1882.894287 123.550064
vt 1895.986206 113.773422
vt 1900.055054 130.128647
vt 1892.693848 98.111130
vt 1890.192871 83.365891
vt 1866.817017 87.425163
vt 1888.433105 69.012657
vt 1859.217285 71.520111
vt 1871.637207 54.959946
vt 1845.458374 58.588963
vt 1842.211182 72.811783
vt 1823.376465 74.542656
vt 1819.637573 54.697681
vt 1840.625244 41.035484
vt 1863.421875 39.069088
vt 1818.275269 43.020966
vt 1796.583130 45.020206
vt 1795.527954 65.372826
vt 1775.603027 47.065018
vt 1772.656006 65.127167
vt 1755.257324 49.160328
vt 1757.776001 78.576378
vt 1736.760132 78.939140
vt 1738.884644 96.463913
vt 1763.727783 96.127518
vt 1761.916260 113.910133
vt 1780.283691 105.923080
vt 1780.882568 85.055946
vt 1796.278564 98.547874
vt 1802.581787 84.686890
vt 1818.680908 98.477989
vt 1800.167969 117.457031
vt 1822.101440 118.089165
vt 1813.039185 132.898727
vt 1818.125610 152.316895
vt 1791.781128 143.462692
vt 1801.249146 160.886551
vt 1783.807007 170.833237
vt 1774.190308 152.541931
vt 1765.096313 136.501907
vt 1756.291260 158.809753
vt 1747.984375 137.224258
vt 1744.432129 124.779930
vt 1779.794189 123.580742
vt 1764.990234 178.583130
vt 1774.414551 197.751022
vt 1796.617676 196.675934
vt 1784.612671 217.001053
vt 1805.796509 217.162888
vt 1795.973389 237.334015
vt 1820.296875 201.084747
vt 1812.417847 176.417358
vt 1838.083496 185.252106
vt 1844.038330 208.173706
vt 1850.656860 231.280182
vt 1870.565796 214.798157
vt 1873.476685 237.112854
vt 1893.689575 207.550949
vt 1879.644897 192.571167
vt 1859.214111 193.664093
vt 1868.784790 180.308167
vt 1863.885864 164.676895
vt 1855.023560 178.989258
vt 1846.411255 169.847748
vt 1831.623047 167.336151
vt 1842.324707 85.704407
vt 1735.308105 51.216618
vt 1886.473022 37.107059
vt 1887.280396 53.806934
vt 1882.625122 283.530060
vt 209.061295 181.481400
vt 227.873627 190.495636
vt 214.353073 202.528870
vt 197.266968 199.329681
vt 189.371521 175.979706
vt 201.068771 157.375977
vt 225.063110 163.931259
vt 216.404984 138.324921
vt 231.194717 147.783447
vt 246.754074 155.722809
vt 244.217712 179.435913
vt 245.804855 202.220596
vt 229.863953 214.132370
vt 252.753906 228.768616
vt 231.038315 233.620331
vt 208.448807 226.424225
vt 221.914642 250.149307
vt 203.925491 251.641602
vt 186.996262 241.500687
vt 184.001175 216.141708
vt 178.593582 192.773132
vt 168.336731 206.331635
vt 161.550598 187.964157
vt 170.351135 171.427475
vt 179.537491 155.088791
vt 164.560791 156.007309
vt 164.000305 140.870010
vt 187.220810 132.105820
vt 164.665115 121.854713
vt 177.372940 100.438766
vt 150.801315 108.931465
vt 143.426315 128.291519
vt 156.903915 90.095108
vt 161.447647 71.984581
vt 181.799667 76.149498
vt 207.839615 89.707718
vt 196.895187 63.683620
vt 225.431549 75.744705
vt 237.614044 92.970970
vt 225.387039 106.377480
vt 207.005905 114.254875
vt 226.515259 121.490234
vt 237.023285 135.443497
vt 245.748535 116.120369
vt 255.039047 136.946442
vt 272.305481 125.148384
vt 272.264954 154.979691
vt 262.715790 175.441971
vt 280.502533 182.691467
vt 274.757965 190.776978
vt 257.988251 191.317444
vt 263.038574 210.155487
vt 294.600281 166.242249
vt 292.213531 144.705353
vt 289.228577 123.748520
vt 286.544922 102.878464
vt 263.691071 98.505402
vt 283.956635 81.957375
vt 253.749374 73.919556
vt 281.162476 60.576797
vt 252.996994 51.417130
vt 226.912506 58.960743
vt 223.999390 39.019588
vt 203.725388 50.336071
vt 164.880554 39.965813
vt 164.130524 55.262386
vt 195.079590 39.121319
vt 251.240829 38.655617
vt 277.326752 38.553886
vt 149.855957 146.162766
vt 135.104996 147.872314
vt 145.010361 153.540924
vt 153.256378 158.518112
vt 141.739182 162.732376
vt 148.497742 168.249298
vt 142.314102 181.779785
vt 126.002258 167.902084
vt 116.041061 188.869324
vt 135.070618 203.370651
vt 122.226379 216.806351
vt 141.502197 224.792435
vt 125.748108 241.476456
vt 108.283997 231.876114
vt 105.251404 211.185486
vt 100.362831 221.256805
vt 89.491463 243.769104
vt 105.292091 257.250275
vt 79.506615 264.578674
vt 95.171860 273.100159
vt 85.718613 290.330078
vt 109.290924 280.969452
vt 106.217033 308.015839
vt 78.827477 316.025513
vt 60.353325 305.861115
vt 51.290897 326.584656
vt 75.418022 339.061157
vt 55.574406 354.118896
vt 78.096809 364.943878
vt 95.458824 346.729645
vt 100.947449 364.149445
vt 97.895729 385.825378
vt 71.005188 388.875305
vt 51.932266 377.823151
vt 46.259434 397.185669
vt 26.711006 392.716370
vt 34.466331 369.582031
vt 42.692715 347.649658
vt 66.201996 401.721252
vt 86.775436 406.287262
vt 108.075371 410.906677
vt 119.227661 394.965149
vt 130.030151 415.613007
vt 138.419296 390.861908
vt 159.760193 404.759979
vt 152.411850 420.396698
vt 175.042725 425.217438
vt 179.874191 408.451508
vt 185.632797 390.623047
vt 157.724289 381.915405
vt 172.336990 370.074768
vt 148.611084 358.826752
vt 141.824966 375.937256
vt 122.945534 371.675842
vt 126.539108 350.393402
vt 136.064667 335.554962
vt 154.615356 336.499084
vt 177.172424 348.077301
vt 165.640533 322.036438
vt 184.264664 324.905670
vt 203.730026 339.791656
vt 195.748383 361.256958
vt 192.522919 370.326843
vt 198.631287 312.114288
vt 176.604828 301.500336
vt 196.113556 288.383728
vt 178.449097 278.950531
vt 191.262207 265.565796
vt 171.044662 258.219269
vt 164.598541 229.410400
vt 147.438858 253.111877
vt 152.392792 205.459442
vt 157.987061 279.984375
vt 142.023376 272.760345
vt 127.645576 266.116089
vt 134.139740 292.871979
vt 155.981262 302.781494
vt 145.621460 317.688690
vt 127.216812 317.183655
vt 113.814232 333.721313
vt 93.885368 328.183899
vt 111.741722 353.026337
vt 212.778549 272.961212
vt 220.195862 297.732147
vt 224.033066 288.677856
vt 233.739044 267.211304
vt 243.081497 247.692505
vt 211.536758 319.456329
vt 69.801598 285.208771
vt 156.354141 171.517853
vt 161.290421 163.809616
vt 158.019104 149.855896
vt 295.970642 1605.662964
vt 277.353607 1617.258179
vt 280.826996 1594.620361
vt 302.888763 1585.247192
vt 316.926605 1603.803345
vt 319.058533 1584.555420
vt 336.252747 1582.167236
vt 342.129333 1611.238647
vt 320.344086 1630.966553
vt 298.466125 1626.912842
vt 303.409729 1652.404907
vt 290.118256 1643.471069
vt 281.813934 1635.214966
vt 263.973358 1636.124023
vt 253.558578 1619.031372
vt 262.331207 1603.400513
vt 237.863403 1602.342163
vt 259.087006 1583.455566
vt 235.860580 1581.233276
vt 246.022827 1564.835938
vt 221.296051 1565.690674
vt 214.382034 1588.333984
vt 201.824661 1573.407715
vt 197.138947 1554.090820
vt 182.166046 1571.952148
vt 170.500290 1555.579712
vt 182.080261 1539.951782
vt 157.530762 1540.294067
vt 149.374115 1553.408691
vt 133.106323 1539.989624
vt 130.832581 1557.756104
vt 122.078613 1539.417358
vt 110.526642 1552.609985
vt 97.366646 1537.247070
vt 88.897682 1556.281250
vt 71.747025 1534.727661
vt 67.584274 1552.157471
vt 60.735958 1533.358643
vt 57.549088 1550.659058
vt 54.536991 1567.945190
vt 71.640457 1570.651367
vt 51.516159 1585.089478
vt 77.166298 1588.037598
vt 62.952896 1603.708740
vt 48.767300 1602.042114
vt 46.096325 1618.828125
vt 66.559990 1622.043091
vt 43.488995 1635.481689
vt 69.051117 1640.820679
vt 40.939304 1652.089722
vt 63.587971 1652.955444
vt 85.894104 1653.285278
vt 93.494827 1641.999023
vt 108.261292 1653.364502
vt 114.978470 1635.776001
vt 130.759415 1653.326660
vt 140.299759 1637.652222
vt 153.206726 1653.133911
vt 154.826233 1638.248779
vt 169.764694 1638.015381
vt 176.057098 1652.816162
vt 196.460403 1638.029541
vt 181.760422 1621.387085
vt 205.453339 1619.020020
vt 220.850616 1630.049683
vt 221.975296 1651.864502
vt 240.596298 1634.784668
vt 245.550720 1651.391968
vt 270.462311 1651.132812
vt 276.091187 1644.667725
vt 275.742798 1651.213989
vt 281.023712 1651.295410
vt 282.471954 1643.559082
vt 292.221741 1651.845947
vt 235.715607 1620.431519
vt 223.401718 1615.662720
vt 215.256271 1605.760010
vt 193.602234 1602.330444
vt 193.591202 1585.267578
vt 174.755875 1588.808350
vt 168.106674 1606.181274
vt 155.174042 1592.868652
vt 145.272873 1606.738159
vt 131.733521 1588.935303
vt 153.750488 1572.959351
vt 132.585068 1573.123779
vt 112.422943 1572.370605
vt 113.910812 1587.136475
vt 98.952202 1587.964722
vt 111.701874 1598.864868
vt 88.178215 1606.222290
vt 89.918839 1575.005249
vt 110.576218 1615.960205
vt 90.251442 1627.080811
vt 132.321732 1621.173462
vt 126.472923 1606.441895
vt 156.148438 1624.240845
vt 198.902008 1652.379517
vt 194.468353 1539.175415
vt 206.233124 1537.540161
vt 217.689774 1547.802979
vt 227.917740 1532.960205
vt 236.330338 1547.543823
vt 246.824249 1527.597900
vt 259.213257 1544.921265
vt 265.040802 1563.972656
vt 277.231812 1553.056152
vt 279.258209 1534.353271
vt 299.268066 1547.977539
vt 283.922577 1571.397461
vt 301.392090 1568.285767
vt 318.531372 1566.455444
vt 327.595245 1537.733521
vt 342.445740 1555.389771
vt 357.226898 1567.323730
vt 357.006714 1585.707397
vt 385.175659 1566.888794
vt 366.758148 1545.456177
vt 394.032410 1541.959229
vt 373.910736 1508.486084
vt 403.528015 1516.732666
vt 350.524841 1530.045532
vt 344.196930 1499.434570
vt 312.428955 1523.030029
vt 297.837280 1502.395874
vt 294.020172 1524.498657
vt 281.652649 1512.550415
vt 264.906921 1520.780518
vt 314.443970 1489.333130
vt 365.207306 1601.317139
vt 376.796448 1591.240967
vt 368.824921 1614.789551
vt 361.102264 1637.925293
vt 337.115814 1638.058838
vt 339.031921 1656.748047
vt 322.508759 1654.130859
vt 353.304626 1660.561401
vt 1560.726318 1076.900635
vt 1553.342896 1055.190308
vt 1574.140747 1056.567383
vt 1585.950562 1075.369751
vt 1569.035156 1099.814087
vt 1539.945557 1099.330078
vt 1547.416016 1121.725464
vt 1569.204712 1117.732544
vt 1590.839844 1113.790771
vt 1588.430664 1094.240967
vt 1607.773926 1088.159424
vt 1602.932983 1066.618286
vt 1597.961304 1045.611328
vt 1612.444824 1109.850220
vt 1525.552368 1125.852905
vt 1516.814453 1110.014160
vt 1518.154541 1086.315186
vt 1540.429932 1075.217407
vt 1527.984375 1058.307373
vt 1542.725220 1034.255859
vt 1571.832764 1029.720459
vt 1552.433838 1010.930908
vt 1571.514526 1004.562439
vt 1588.271484 1004.949890
vt 1593.084961 1025.225830
vt 1583.496582 984.635803
vt 1561.187988 991.994141
vt 1558.469116 968.658752
vt 1539.623047 990.278320
vt 1538.128052 973.068970
vt 1517.675293 977.370605
vt 1522.078491 995.147156
vt 1503.810547 998.710449
vt 1526.531006 1013.536804
vt 1501.083496 1026.984619
vt 1484.526733 1009.943054
vt 1476.365234 985.584167
vt 1464.614380 1009.350403
vt 1455.513550 989.439819
vt 1438.277954 1014.271362
vt 1434.498169 993.181885
vt 1413.374023 996.710938
vt 1417.679321 1019.349060
vt 1398.525513 1025.697510
vt 1420.846558 1040.664551
vt 1396.645752 1049.612793
vt 1376.635742 1047.664429
vt 1379.846191 1069.291870
vt 1407.982178 1064.573730
vt 1402.878052 1088.406250
vt 1383.153809 1090.839844
vt 1386.092163 1112.157471
vt 1412.982056 1109.543579
vt 1410.059570 1132.317017
vt 1389.172119 1133.639038
vt 1392.290283 1155.002441
vt 1414.997192 1149.997192
vt 1437.433472 1144.757935
vt 1438.013550 1119.321655
vt 1459.603516 1139.677002
vt 1464.808838 1117.526611
vt 1481.649048 1134.813110
vt 1479.737671 1115.104248
vt 1495.982056 1108.471924
vt 1503.613647 1130.182861
vt 1476.894409 1099.284790
vt 1494.661133 1083.752686
vt 1508.842773 1068.980591
vt 1494.103882 1065.396851
vt 1507.050415 1051.008057
vt 1485.424683 1049.245972
vt 1521.628174 1036.926147
vt 1475.610352 1028.772339
vt 1459.550659 1048.928223
vt 1456.428345 1027.765747
vt 1442.926758 1036.974976
vt 1438.712646 1052.340942
vt 1426.486450 1061.573853
vt 1421.752930 1076.524780
vt 1443.171387 1072.268677
vt 1428.679443 1094.075684
vt 1453.915894 1096.298096
vt 1472.684570 1073.789185
vt 1373.392456 1025.826050
vt 1391.924561 1000.227966
vt 1370.152100 1003.940430
vt 1497.094116 981.555237
vt 1578.765381 964.249268
vt 1863.905884 548.625977
vt 1867.912231 564.954102
vt 1843.840332 574.745239
vt 1838.340942 553.471924
vt 1851.209106 533.388855
vt 1872.030762 520.587097
vt 1848.294312 512.009827
vt 1832.739014 532.141846
vt 1826.860352 510.264435
vt 1839.777222 483.072540
vt 1820.864868 487.454651
vt 1814.627441 463.941711
vt 1837.373779 450.217468
vt 1863.497925 463.816467
vt 1856.171631 446.081238
vt 1872.448486 439.589020
vt 1889.293579 456.272675
vt 1883.238159 476.903107
vt 1866.510620 492.351440
vt 1891.437500 497.161346
vt 1905.067139 473.752350
vt 1921.036987 495.180298
vt 1899.743286 524.047852
vt 1881.620117 536.715088
vt 1890.587524 554.440918
vt 1912.427856 544.192505
vt 1928.150513 520.883057
vt 1933.706543 534.132690
vt 1954.646118 524.418457
vt 1947.740356 504.052765
vt 1940.858887 483.469452
vt 1933.965698 463.051086
vt 1911.212769 453.006470
vt 1927.306274 442.219299
vt 1900.600586 428.524445
vt 1920.598389 421.377106
vt 1913.853638 400.324249
vt 1896.446167 401.496674
vt 1907.171753 379.272644
vt 1886.728271 386.625671
vt 1874.087036 411.742828
vt 1865.933472 394.025818
vt 1845.075195 401.207031
vt 1851.992310 429.108978
vt 1827.898071 424.196350
vt 1823.726685 408.391602
vt 1802.089478 415.793396
vt 1808.279907 440.029816
vt 1130.465698 881.061340
vt 1105.358276 889.387634
vt 1123.224854 860.355835
vt 1115.990845 839.514587
vt 1088.219727 858.706116
vt 1108.793945 817.977417
vt 1083.473633 827.261536
vt 1101.319580 795.538086
vt 1080.021729 803.840576
vt 1093.638672 772.327026
vt 1063.068970 793.521545
vt 1062.245850 760.885803
vt 1086.026855 748.723083
vt 1056.687988 731.440674
vt 1078.512939 725.005676
vt 1034.063232 737.675598
vt 1039.414673 781.290833
vt 1010.575867 771.213013
vt 1022.386719 812.022888
vt 1043.485352 813.136169
vt 1033.190674 849.809875
vt 1008.495789 848.086731
vt 1009.306641 823.296753
vt 1010.016663 797.600525
vt 1021.453003 897.344299
vt 1007.664856 872.477173
vt 1007.031250 896.441589
vt 1031.714966 882.162354
vt 1026.932129 898.445801
vt 1032.367432 899.547729
vt 1045.002808 866.281067
vt 1050.019287 879.663391
vt 1046.213135 893.765442
vt 1062.494385 882.204651
vt 1046.705566 905.473267
vt 1039.552368 902.504700
vt 1079.823364 899.153198
vt 1053.708618 909.961853
vt 1064.455078 857.256958
vt 1058.934204 830.066162
vt 1010.633972 744.179321
vt 279.007904 1143.006348
vt 307.408386 1145.201782
vt 299.613922 1162.814697
vt 270.363098 1164.922363
vt 294.041931 1185.659058
vt 260.191895 1185.960815
vt 280.804230 1206.516846
vt 249.375793 1205.843384
vt 311.760895 1208.023560
vt 320.293884 1193.183228
vt 342.394684 1210.103516
vt 336.803497 1184.581909
vt 316.306122 1177.360229
vt 331.081116 1160.200073
vt 320.503632 1115.250244
vt 326.636322 1136.875366
vt 285.028503 1121.153442
vt 287.284302 1099.144775
vt 315.219330 1093.723389
vt 309.590271 1072.016479
vt 285.515472 1076.821899
vt 303.780426 1050.187134
vt 281.097900 1054.166992
vt 917.762878 813.055054
vt 917.311707 787.649902
vt 942.830444 781.135254
vt 937.580078 814.560608
vt 932.460999 839.029907
vt 948.912109 833.543579
vt 952.125061 859.652832
vt 931.087158 866.589172
vt 906.835815 848.957214
vt 907.228760 878.012756
vt 878.895996 872.497803
vt 887.789246 848.926453
vt 891.479065 829.068604
vt 873.297546 848.092896
vt 867.327332 825.099304
vt 895.363464 795.068481
vt 873.552307 788.573853
vt 886.308289 762.863037
vt 869.012817 765.282898
vt 872.650085 734.619812
vt 854.490112 759.442566
vt 858.694702 781.401733
vt 850.526184 737.182739
vt 894.054810 732.500854
vt 912.953308 763.192383
vt 915.064026 730.581604
vt 939.385437 754.842102
vt 935.927917 728.710510
vt 863.169006 803.019531
vt 885.083374 897.882385
vt 908.997925 893.733276
vt 932.129944 889.651123
vt 955.011047 885.955139
vt 945.842773 807.324524
vt 1946.180542 1336.912231
vt 1921.244141 1341.245239
vt 1916.128296 1319.430298
vt 1945.319458 1310.096558
vt 1944.403076 1282.081665
vt 1908.328125 1299.400146
vt 1897.625488 1280.682495
vt 1924.768799 1264.941528
vt 1943.463867 1252.782349
vt 1913.735352 1243.418335
vt 1942.663818 1222.636597
vt 1884.490601 1263.685303
vt 1947.269409 1362.986694
vt 1924.207520 1364.000610
vt 557.467407 1372.992310
vt 535.351685 1374.677124
vt 534.699097 1348.561523
vt 554.220459 1336.149292
vt 579.455444 1347.524536
vt 570.747620 1312.285767
vt 596.068665 1324.251221
vt 592.206787 1287.119629
vt 616.462585 1312.739990
vt 614.455200 1285.690918
vt 612.213196 1258.628906
vt 592.416382 1254.026489
vt 609.893433 1231.620117
vt 583.347595 1232.155640
vt 564.053711 1260.407837
vt 557.061340 1233.184937
vt 530.850769 1234.430176
vt 531.879639 1264.520508
vt 553.225220 1288.793823
vt 532.816650 1293.793701
vt 548.958496 1311.136597
vt 570.212585 1287.620728
vt 533.733643 1321.781494
vt 618.469971 1339.808960
vt 598.514648 1345.151001
vt 599.851440 1368.921265
vt 578.863159 1371.037964
vt 620.579895 1366.793945
vt 1380.275269 1339.711304
vt 1380.359863 1322.316040
vt 1401.645264 1319.180542
vt 1404.676758 1343.892212
vt 1380.944946 1371.297241
vt 1354.024658 1356.747681
vt 1354.752319 1372.940430
vt 1328.670654 1374.245850
vt 1319.231689 1357.145142
vt 1359.009644 1326.915405
vt 1338.387573 1314.844604
vt 1359.483887 1295.772827
vt 1338.105103 1282.778442
vt 1362.104126 1267.046631
vt 1379.356812 1280.650879
vt 1379.896606 1305.982300
vt 1398.601318 1294.739380
vt 1395.481689 1270.432861
vt 1380.757202 1253.030273
vt 1392.323364 1246.012085
vt 1388.727783 1221.680420
vt 1367.514282 1234.321777
vt 1348.878662 1258.074097
vt 1348.213867 1247.195801
vt 1330.065674 1259.630249
vt 1313.365601 1271.586670
vt 1315.870117 1314.056641
vt 1291.814575 1307.988892
vt 1297.798218 1282.640991
vt 1282.987915 1292.708374
vt 1300.483276 1323.837280
vt 1309.761719 1340.300171
vt 1407.716797 1369.032349
vt 1694.678589 1736.909546
vt 1672.895386 1768.526978
vt 1661.490356 1761.277954
vt 1664.879761 1728.748535
vt 1682.660767 1716.038696
vt 1671.098389 1707.276978
vt 1683.022949 1697.556030
vt 1668.645630 1688.736328
vt 1682.996948 1672.666382
vt 1694.305054 1690.979492
vt 1700.954102 1679.236938
vt 1705.748291 1695.857788
vt 1716.672729 1687.311035
vt 1717.101685 1713.220215
vt 1725.799072 1703.752197
vt 1734.976929 1720.664062
vt 1743.951050 1737.976196
vt 1696.752930 1708.523560
vt 1715.194214 1759.304077
vt 1707.606079 1671.794678
vt 1698.806885 1656.557739
vt 1654.642212 1704.550659
vt 1640.499634 1720.152344
vt 1646.407593 1755.253296
vt 1629.364014 1751.857056
vt 1625.957764 1735.579346
vt 1611.620117 1751.807617
vt 1687.071533 1781.005737
vt 424.363953 1145.201050
vt 452.761749 1143.002930
vt 432.158142 1162.813599
vt 400.690338 1160.199463
vt 411.266144 1115.249390
vt 405.134888 1136.874634
vt 415.465790 1177.359253
vt 437.730774 1185.657715
vt 461.409546 1164.919800
vt 471.581573 1185.959229
vt 450.968750 1206.515381
vt 420.011230 1208.022339
vt 411.477936 1193.182129
vt 389.376434 1210.102295
vt 394.967621 1184.580933
vt 482.397919 1205.842773
vt 446.741608 1121.151978
vt 444.486359 1099.144897
vt 416.551392 1093.722168
vt 422.182159 1072.015503
vt 446.257141 1076.823242
vt 427.995026 1050.187012
vt 450.677704 1054.169312
vt 1712.225220 1033.650391
vt 1711.774536 1059.055420
vt 1686.706909 1027.135498
vt 1716.584106 1009.193054
vt 1734.173950 1041.069092
vt 1743.229004 1008.863892
vt 1735.482544 978.501770
vt 1756.885986 980.620605
vt 1760.524292 1011.283569
vt 1755.985596 1034.574585
vt 1770.843140 1027.402222
vt 1766.369385 1049.020508
vt 1762.209839 1071.099976
vt 1738.058105 1075.069092
vt 1722.701050 1094.957642
vt 1697.075928 1085.030273
vt 1691.957031 1060.560791
vt 1680.624634 1079.543701
vt 1677.411499 1105.653076
vt 1698.449585 1112.589478
vt 1674.525635 1131.955566
vt 1697.406982 1135.651489
vt 1722.308228 1124.013062
vt 1720.539062 1139.733521
vt 1744.453735 1143.882568
vt 1750.641113 1118.498047
vt 1741.747559 1094.926880
vt 1756.239258 1094.093384
vt 1683.694336 1053.324707
vt 1775.046387 1005.442505
vt 1779.007446 983.182007
vt 1714.474121 976.582275
vt 1690.152344 1000.842224
vt 1693.610718 974.710693
vt 1939.652954 1027.682495
vt 1952.598877 1038.014771
vt 1949.091553 1064.136353
vt 1921.564575 1038.538208
vt 1920.180786 1004.980652
vt 1938.762695 1007.198242
vt 1955.707397 1011.700195
vt 1939.537598 983.622742
vt 1958.839478 985.539856
vt 1920.047729 981.611694
vt 1900.473389 979.501648
vt 1901.141479 1000.283325
vt 1900.745239 1018.662354
vt 1883.346680 996.412659
vt 1879.503174 1022.860779
vt 1899.069946 1045.486206
vt 1877.189819 1048.348999
vt 1856.271729 1026.409180
vt 1860.181152 998.641357
vt 1839.968994 996.762939
vt 1841.246948 972.842346
vt 1861.036743 975.112793
vt 1880.773560 977.323914
vt 1838.778442 1020.471924
vt 1837.474365 1043.979980
vt 1860.221680 1051.397705
vt 1856.343994 1069.041992
vt 1872.863647 1066.887695
vt 1875.166626 1089.111084
vt 1894.121704 1073.619019
vt 1896.427490 1104.342529
vt 1915.841919 1090.555176
vt 1921.929321 1116.037109
vt 1896.053223 1130.739868
vt 1874.702759 1124.983887
vt 1917.676514 1136.770142
vt 1939.404175 1142.780029
vt 1942.556030 1116.516113
vt 1945.676636 1090.375610
vt 1920.916016 1067.448853
vt 1855.123657 1093.526611
vt 1853.338989 1119.423340
vt 1834.151611 1090.573120
vt 1835.931396 1067.306030
vt 1832.200439 1113.987183
vt 1930.515015 773.247192
vt 1905.577148 768.913513
vt 1935.629761 751.431396
vt 1906.437866 742.097534
vt 1907.355103 714.082336
vt 1943.430298 731.401001
vt 1954.133301 712.683167
vt 1926.989868 696.942078
vt 1908.294678 684.782532
vt 1938.023682 675.418945
vt 1909.096191 654.636719
vt 1967.268799 695.685364
vt 1904.490234 794.988464
vt 1927.552612 796.002686
vt 1120.073975 1372.677368
vt 1097.961060 1370.991577
vt 1120.729492 1346.561401
vt 1101.208740 1334.148682
vt 1121.695923 1319.781128
vt 1106.471069 1309.135986
vt 1122.613159 1291.792969
vt 1102.204346 1286.792969
vt 1123.550293 1262.519409
vt 1091.375732 1258.407104
vt 1124.578735 1232.428833
vt 1098.367798 1231.183838
vt 1072.081177 1230.155029
vt 1063.012573 1252.026123
vt 1045.534912 1229.620239
vt 1043.215332 1256.629028
vt 1063.222412 1285.119263
vt 1040.973755 1283.691162
vt 1038.966675 1310.740234
vt 1059.360718 1322.250977
vt 1084.681763 1310.285034
vt 1075.973999 1345.523926
vt 1056.914917 1343.150879
vt 1055.578735 1366.921265
vt 1036.959595 1337.809326
vt 1034.850586 1364.794556
vt 1076.566406 1369.037476
vt 1085.216797 1285.619995
vt 853.423706 1659.717285
vt 847.737061 1682.183472
vt 832.201843 1660.619019
vt 830.738220 1693.888306
vt 810.207886 1680.547241
vt 809.244751 1711.425049
vt 788.783813 1694.631836
vt 789.781372 1662.447144
vt 768.678589 1686.983276
vt 768.746277 1710.667603
vt 786.506409 1717.221313
vt 768.768494 1734.236572
vt 797.612305 1736.743774
vt 819.848511 1738.979004
vt 832.825256 1721.278931
vt 837.143921 1743.107056
vt 849.229736 1734.010254
vt 853.699707 1760.711304
vt 871.311951 1737.592651
vt 853.095215 1709.496582
vt 871.467529 1711.634033
vt 892.250732 1711.859619
vt 869.477478 1688.258789
vt 894.010193 1684.773315
vt 874.487244 1658.760742
vt 895.493408 1657.654785
vt 890.288025 1738.902100
vt 888.336975 1765.968628
vt 873.210205 1769.514404
vt 886.364624 1792.967651
vt 866.953674 1790.852051
vt 847.465820 1788.795654
vt 832.703674 1762.999512
vt 827.868713 1786.811768
vt 812.486267 1761.384766
vt 808.149170 1784.878784
vt 790.565247 1759.509888
vt 788.376465 1782.984253
vt 768.710205 1757.741699
vt 768.519165 1781.050415
vt 768.742737 1663.178833
vt 810.966736 1661.596313
s 0
usemtl material_0.248
f 1/1/1 2/2/1 3/3/1
f 3/3/2 2/2/2 4/4/2
f 3/3/3 4/4/3 5/5/3
f 6/6/4 3/3/4 5/5/4
f 6/6/5 5/5/5 7/7/5
f 6/6/6 7/7/6 8/8/6
f 6/6/7 8/8/7 9/9/7
f 10/10/8 9/9/8 8/8/8
f 10/10/9 8/8/9 11/11/9
f 8/8/10 12/12/10 11/11/10
f 8/8/11 13/13/11 12/12/11
f 14/14/12 12/12/12 13/13/12
f 14/14/13 13/13/13 15/15/13
f 14/14/14 15/15/14 16/16/14
f 14/14/15 16/16/15 17/17/15
f 18/18/16 17/17/16 16/16/16
f 19/19/17 18/18/17 16/16/17
f 19/19/18 16/16/18 20/20/18
f 21/21/19 19/19/19 20/20/19
f 21/21/20 20/20/20 22/22/20
f 23/23/21 21/21/21 22/22/21
f 23/23/22 22/22/22 24/24/22
f 23/23/23 24/24/23 25/25/23
f 25/25/24 26/26/24 23/23/24
f 23/23/25 26/26/25 27/27/25
f 23/23/26 27/27/26 28/28/26
f 29/29/27 27/27/27 26/26/27
f 29/29/28 26/26/28 30/30/28
f 30/30/29 26/26/29 31/31/29
f 30/30/30 31/31/30 32/32/30
f 33/33/31 32/32/31 31/31/31
f 33/33/32 31/31/32 34/34/32
f 33/33/33 34/34/33 35/35/33
f 33/33/34 35/35/34 36/36/34
f 37/37/35 36/36/35 35/35/35
f 37/37/36 35/35/36 38/38/36
f 37/37/37 38/38/37 39/39/37
f 37/37/38 39/39/38 40/40/38
f 2/2/39 39/39/39 38/38/39
f 35/35/40 2/2/40 38/38/40
f 35/35/41 34/34/41 41/41/41
f 35/35/42 41/41/42 4/4/42
f 4/4/43 41/41/43 42/42/43
f 42/42/44 41/41/44 25/25/44
f 31/31/45 25/25/45 41/41/45
f 31/31/46 41/41/46 34/34/46
f 25/25/47 31/31/47 26/26/47
f 42/42/48 25/25/48 24/24/48
f 43/43/49 42/42/49 24/24/49
f 43/43/50 24/24/50 44/44/50
f 15/15/51 43/43/51 44/44/51
f 20/20/52 15/15/52 44/44/52
f 5/5/53 42/42/53 43/43/53
f 44/44/54 24/24/54 22/22/54
f 23/23/55 28/28/55 21/21/55
f 44/44/56 22/22/56 20/20/56
f 18/18/57 45/45/57 17/17/57
f 20/20/58 16/16/58 15/15/58
f 15/15/59 13/13/59 43/43/59
f 7/7/60 43/43/60 13/13/60
f 7/7/61 13/13/61 8/8/61
f 5/5/62 43/43/62 7/7/62
f 4/4/63 42/42/63 5/5/63
f 35/35/64 4/4/64 2/2/64
f 2/2/65 1/1/65 39/39/65
f 46/46/66 47/47/66 48/48/66
f 46/46/67 48/48/67 49/49/67
f 50/50/68 46/46/68 49/49/68
f 50/50/69 49/49/69 51/51/69
f 52/52/70 50/50/70 51/51/70
f 52/52/71 53/53/71 50/50/71
f 54/54/72 50/50/72 53/53/72
f 54/54/73 53/53/73 55/55/73
f 55/55/74 56/56/74 54/54/74
f 57/57/75 54/54/75 56/56/75
f 56/56/76 58/58/76 57/57/76
f 57/57/77 58/58/77 59/59/77
f 57/57/78 59/59/78 60/60/78
f 60/60/79 61/61/79 57/57/79
f 60/60/80 62/62/80 61/61/80
f 61/61/81 62/62/81 47/47/81
f 63/63/82 59/59/82 58/58/82
f 63/63/83 58/58/83 64/64/83
f 65/65/84 63/63/84 64/64/84
f 65/65/85 64/64/85 66/66/85
f 65/65/86 66/66/86 67/67/86
f 66/66/87 68/68/87 67/67/87
f 66/66/88 69/69/88 68/68/88
f 70/70/89 68/68/89 69/69/89
f 71/71/90 70/70/90 69/69/90
f 71/71/91 72/72/91 70/70/91
f 70/70/92 72/72/92 73/73/92
f 70/70/93 73/73/93 74/74/93
f 74/74/94 75/75/94 70/70/94
f 74/74/95 76/76/95 75/75/95
f 74/74/96 77/77/96 76/76/96
f 74/74/97 78/78/97 77/77/97
f 79/79/98 77/77/98 78/78/98
f 79/79/99 78/78/99 80/80/99
f 81/81/100 79/79/100 80/80/100
f 82/82/101 81/81/101 80/80/101
f 80/80/102 83/83/102 82/82/102
f 84/84/103 82/82/103 83/83/103
f 73/73/104 84/84/104 83/83/104
f 73/73/105 85/85/105 84/84/105
f 86/86/106 84/84/106 85/85/106
f 86/86/107 85/85/107 87/87/107
f 88/88/108 86/86/108 87/87/108
f 88/88/109 87/87/109 89/89/109
f 90/90/110 88/88/110 89/89/110
f 91/91/111 90/90/111 89/89/111
f 91/91/112 89/89/112 92/92/112
f 92/92/113 52/52/113 91/91/113
f 93/93/114 92/92/114 89/89/114
f 55/55/115 92/92/115 93/93/115
f 93/93/116 94/94/116 55/55/116
f 93/93/117 95/95/117 94/94/117
f 72/72/118 94/94/118 95/95/118
f 72/72/119 95/95/119 85/85/119
f 95/95/120 93/93/120 87/87/120
f 90/90/121 96/96/121 88/88/121
f 97/97/122 88/88/122 96/96/122
f 97/97/123 98/98/123 88/88/123
f 99/99/124 88/88/124 98/98/124
f 100/100/125 99/99/125 98/98/125
f 100/100/126 98/98/126 101/101/126
f 101/101/127 102/102/127 100/100/127
f 103/103/128 100/100/128 102/102/128
f 103/103/129 102/102/129 104/104/129
f 105/105/130 103/103/130 104/104/130
f 105/105/131 104/104/131 106/106/131
f 107/107/132 105/105/132 106/106/132
f 27/108/133 107/107/133 106/106/133
f 27/108/134 106/106/134 28/109/134
f 107/107/135 27/108/135 29/110/135
f 107/107/136 29/110/136 108/111/136
f 109/112/137 107/107/137 108/111/137
f 109/112/138 81/81/138 107/107/138
f 107/107/139 81/81/139 105/105/139
f 28/109/140 106/106/140 104/104/140
f 28/109/141 104/104/141 21/113/141
f 103/103/142 105/105/142 82/82/142
f 103/103/143 82/82/143 110/114/143
f 21/113/144 104/104/144 102/102/144
f 21/113/145 102/102/145 19/115/145
f 19/115/146 102/102/146 111/116/146
f 19/115/147 111/116/147 18/117/147
f 111/116/148 45/118/148 18/117/148
f 111/116/149 112/119/149 45/118/149
f 112/119/150 111/116/150 101/101/150
f 112/119/151 101/101/151 113/120/151
f 97/97/152 113/120/152 101/101/152
f 100/100/153 103/103/153 110/114/153
f 101/101/154 111/116/154 102/102/154
f 100/100/155 110/114/155 99/99/155
f 84/84/156 99/99/156 110/114/156
f 97/97/157 101/101/157 98/98/157
f 93/93/158 89/89/158 87/87/158
f 99/99/159 86/86/159 88/88/159
f 95/95/160 87/87/160 85/85/160
f 84/84/161 86/86/161 99/99/161
f 84/84/162 110/114/162 82/82/162
f 82/82/163 105/105/163 81/81/163
f 81/81/164 109/112/164 79/79/164
f 80/80/165 78/78/165 83/83/165
f 83/83/166 78/78/166 74/74/166
f 83/83/167 74/74/167 73/73/167
f 72/72/168 85/85/168 73/73/168
f 72/72/169 71/71/169 94/94/169
f 94/94/170 71/71/170 114/121/170
f 94/94/171 114/121/171 56/56/171
f 66/66/172 114/121/172 71/71/172
f 70/70/173 75/75/173 68/68/173
f 66/66/174 71/71/174 69/69/174
f 114/121/175 66/66/175 64/64/175
f 65/65/176 115/122/176 63/63/176
f 114/121/177 64/64/177 58/58/177
f 56/56/178 114/121/178 58/58/178
f 57/57/179 61/61/179 54/54/179
f 55/55/180 94/94/180 56/56/180
f 55/55/181 53/53/181 92/92/181
f 50/50/182 54/54/182 61/61/182
f 92/92/183 53/53/183 52/52/183
f 50/50/184 61/61/184 46/46/184
f 61/61/185 47/47/185 46/46/185
f 116/123/186 117/124/186 118/125/186
f 116/123/187 118/125/187 119/126/187
f 119/126/188 120/127/188 116/123/188
f 116/123/189 120/127/189 121/128/189
f 116/123/190 121/128/190 122/129/190
f 121/128/191 123/130/191 122/129/191
f 122/129/192 123/130/192 124/131/192
f 122/129/193 124/131/193 125/132/193
f 117/124/194 122/129/194 125/132/194
f 121/128/195 126/133/195 123/130/195
f 121/128/196 127/134/196 126/133/196
f 121/128/197 128/135/197 127/134/197
f 129/136/198 127/134/198 128/135/198
f 129/136/199 128/135/199 130/137/199
f 129/136/200 130/137/200 131/138/200
f 129/136/201 131/138/201 132/139/201
f 133/140/202 132/139/202 131/138/202
f 133/140/203 131/138/203 134/141/203
f 133/140/204 134/141/204 135/142/204
f 136/143/205 133/140/205 135/142/205
f 135/142/206 137/144/206 136/143/206
f 136/143/207 137/144/207 138/145/207
f 136/143/208 138/145/208 139/146/208
f 140/147/209 136/143/209 139/146/209
f 140/147/210 139/146/210 141/148/210
f 140/147/211 141/148/211 142/149/211
f 140/147/212 142/149/212 143/150/212
f 140/147/213 143/150/213 144/151/213
f 140/147/214 144/151/214 145/152/214
f 140/147/215 145/152/215 146/153/215
f 133/140/216 146/153/216 145/152/216
f 133/140/217 145/152/217 147/154/217
f 142/149/218 148/155/218 143/150/218
f 142/149/219 149/156/219 148/155/219
f 141/148/220 149/156/220 142/149/220
f 141/148/221 150/157/221 149/156/221
f 150/157/222 141/148/222 151/158/222
f 150/157/223 151/158/223 152/159/223
f 153/160/224 152/159/224 151/158/224
f 153/160/225 151/158/225 154/161/225
f 154/161/226 29/162/226 153/160/226
f 154/161/227 108/163/227 29/162/227
f 154/161/228 109/164/228 108/163/228
f 154/161/229 155/165/229 109/164/229
f 156/166/230 109/164/230 155/165/230
f 156/166/231 155/165/231 138/145/231
f 151/158/232 138/145/232 155/165/232
f 156/166/233 79/167/233 109/164/233
f 156/166/234 77/168/234 79/167/234
f 156/166/235 157/169/235 77/168/235
f 157/169/236 76/170/236 77/168/236
f 157/169/237 158/171/237 76/170/237
f 159/172/238 76/170/238 158/171/238
f 159/172/239 158/171/239 160/173/239
f 159/172/240 160/173/240 161/174/240
f 162/175/241 159/172/241 161/174/241
f 162/175/242 161/174/242 163/176/242
f 162/175/243 163/176/243 164/177/243
f 162/175/244 164/177/244 165/178/244
f 67/179/245 162/175/245 165/178/245
f 67/179/246 165/178/246 166/180/246
f 67/179/247 166/180/247 65/181/247
f 115/182/248 65/181/248 166/180/248
f 115/182/249 166/180/249 167/183/249
f 119/126/250 167/183/250 166/180/250
f 164/177/251 119/126/251 166/180/251
f 67/179/252 68/184/252 162/175/252
f 164/177/253 166/180/253 165/178/253
f 164/177/254 163/176/254 168/185/254
f 164/177/255 168/185/255 120/127/255
f 169/186/256 168/185/256 163/176/256
f 168/185/257 169/186/257 130/137/257
f 169/186/258 163/176/258 161/174/258
f 159/172/259 162/175/259 68/184/259
f 159/172/260 68/184/260 75/187/260
f 169/186/261 161/174/261 160/173/261
f 169/186/262 160/173/262 134/141/262
f 170/188/263 160/173/263 158/171/263
f 135/142/264 160/173/264 170/188/264
f 159/172/265 75/187/265 76/170/265
f 170/188/266 158/171/266 157/169/266
f 157/169/267 137/144/267 170/188/267
f 157/169/268 156/166/268 137/144/268
f 151/158/269 155/165/269 154/161/269
f 139/146/270 151/158/270 141/148/270
f 140/147/271 146/153/271 136/143/271
f 139/146/272 138/145/272 151/158/272
f 156/166/273 138/145/273 137/144/273
f 135/142/274 170/188/274 137/144/274
f 136/143/275 146/153/275 133/140/275
f 135/142/276 134/141/276 160/173/276
f 131/138/277 169/186/277 134/141/277
f 133/140/278 147/154/278 132/139/278
f 131/138/279 130/137/279 169/186/279
f 168/185/280 130/137/280 128/135/280
f 168/185/281 128/135/281 121/128/281
f 168/185/282 121/128/282 120/127/282
f 119/126/283 164/177/283 120/127/283
f 119/126/284 118/125/284 167/183/284
f 117/124/285 116/123/285 122/129/285
f 171/189/286 172/190/286 173/191/286
f 171/189/287 173/191/287 174/192/287
f 175/193/288 171/189/288 174/192/288
f 175/193/289 174/192/289 176/194/289
f 176/194/290 177/195/290 175/193/290
f 175/193/291 177/195/291 178/196/291
f 175/193/292 178/196/292 179/197/292
f 175/193/293 179/197/293 180/198/293
f 180/198/294 179/197/294 181/199/294
f 180/198/295 181/199/295 182/200/295
f 182/200/296 183/201/296 180/198/296
f 172/190/297 180/198/297 183/201/297
f 182/200/298 184/202/298 183/201/298
f 178/196/299 181/199/299 179/197/299
f 178/196/300 185/203/300 181/199/300
f 186/204/301 185/203/301 178/196/301
f 186/204/302 178/196/302 187/205/302
f 187/205/303 40/206/303 186/204/303
f 187/205/304 37/207/304 40/206/304
f 188/208/305 37/207/305 187/205/305
f 188/208/306 36/209/306 37/207/306
f 189/210/307 36/209/307 188/208/307
f 190/211/308 189/210/308 188/208/308
f 190/211/309 188/208/309 177/195/309
f 191/212/310 189/210/310 190/211/310
f 191/212/311 190/211/311 176/194/311
f 191/212/312 176/194/312 192/213/312
f 193/214/313 191/212/313 192/213/313
f 193/214/314 192/213/314 194/215/314
f 152/216/315 193/214/315 194/215/315
f 152/216/316 194/215/316 150/217/316
f 195/218/317 150/217/317 194/215/317
f 195/218/318 149/219/318 150/217/318
f 196/220/319 149/219/319 195/218/319
f 197/221/320 196/220/320 195/218/320
f 195/218/321 192/213/321 197/221/321
f 174/192/322 197/221/322 192/213/322
f 197/221/323 198/222/323 196/220/323
f 173/191/324 198/222/324 197/221/324
f 196/220/325 148/223/325 149/219/325
f 199/224/326 193/214/326 152/216/326
f 199/224/327 152/216/327 153/225/327
f 30/226/328 199/224/328 153/225/328
f 30/226/329 153/225/329 29/227/329
f 199/224/330 30/226/330 32/228/330
f 199/224/331 32/228/331 200/229/331
f 200/229/332 32/228/332 33/230/332
f 200/229/333 33/230/333 189/210/333
f 193/214/334 199/224/334 200/229/334
f 195/218/335 194/215/335 192/213/335
f 193/214/336 200/229/336 191/212/336
f 191/212/337 200/229/337 189/210/337
f 189/210/338 33/230/338 36/209/338
f 188/208/339 187/205/339 178/196/339
f 188/208/340 178/196/340 177/195/340
f 176/194/341 190/211/341 177/195/341
f 174/192/342 192/213/342 176/194/342
f 175/193/343 180/198/343 171/189/343
f 173/191/344 197/221/344 174/192/344
f 172/190/345 171/189/345 180/198/345
usemtl material_0.249
f 201/231/346 202/232/346 203/233/346
f 203/233/347 204/234/347 201/231/347
f 201/231/348 204/234/348 205/235/348
f 205/235/349 204/234/349 206/236/349
f 204/234/350 207/237/350 206/236/350
f 206/236/351 207/237/351 208/238/351
f 209/239/352 208/238/352 207/237/352
f 207/237/353 210/240/353 209/239/353
f 209/239/354 210/240/354 211/241/354
f 211/241/355 212/242/355 209/239/355
f 209/239/356 212/242/356 213/243/356
f 214/244/357 209/239/357 213/243/357
f 215/245/358 214/244/358 213/243/358
f 216/246/359 214/244/359 215/245/359
f 215/245/360 217/247/360 216/246/360
f 218/248/361 217/247/361 215/245/361
f 215/245/362 219/249/362 218/248/362
f 218/248/363 219/249/363 220/250/363
f 218/248/364 220/250/364 221/251/364
f 222/252/365 218/248/365 221/251/365
f 223/253/366 222/252/366 221/251/366
f 221/251/367 224/254/367 223/253/367
f 223/253/368 224/254/368 225/255/368
f 225/255/369 226/256/369 223/253/369
f 226/256/370 227/257/370 223/253/370
f 228/258/371 227/257/371 226/256/371
f 229/259/372 226/256/372 225/255/372
f 225/255/373 230/260/373 229/259/373
f 229/259/374 230/260/374 231/261/374
f 232/262/375 231/261/375 230/260/375
f 232/262/376 230/260/376 233/263/376
f 233/263/377 234/264/377 232/262/377
f 235/265/378 232/262/378 234/264/378
f 234/264/379 236/266/379 235/265/379
f 237/267/380 236/266/380 234/264/380
f 237/267/381 234/264/381 238/268/381
f 239/269/382 237/267/382 238/268/382
f 238/268/383 240/270/383 239/269/383
f 239/269/384 240/270/384 241/271/384
f 242/272/385 241/271/385 240/270/385
f 240/270/386 243/273/386 242/272/386
f 243/273/387 244/274/387 242/272/387
f 242/272/388 244/274/388 245/275/388
f 246/276/389 242/272/389 245/275/389
f 246/276/390 245/275/390 247/277/390
f 247/277/391 245/275/391 248/278/391
f 247/277/392 248/278/392 249/279/392
f 249/279/393 248/278/393 250/280/393
f 250/280/394 251/281/394 249/279/394
f 249/279/395 251/281/395 252/282/395
f 253/283/396 252/282/396 251/281/396
f 251/281/397 254/284/397 253/283/397
f 254/284/398 255/285/398 253/283/398
f 253/283/399 255/285/399 256/286/399
f 253/283/400 256/286/400 257/287/400
f 257/287/401 256/286/401 258/288/401
f 256/286/402 259/289/402 258/288/402
f 258/288/403 259/289/403 260/290/403
f 259/289/404 261/291/404 260/290/404
f 260/290/405 261/291/405 262/292/405
f 261/291/406 263/293/406 262/292/406
f 262/292/407 263/293/407 264/294/407
f 263/293/408 261/291/408 265/295/408
f 265/295/409 261/291/409 266/296/409
f 266/296/410 267/297/410 265/295/410
f 265/295/411 267/297/411 268/298/411
f 269/299/412 268/298/412 267/297/412
f 267/297/413 270/300/413 269/299/413
f 270/300/414 271/301/414 269/299/414
f 272/302/415 269/299/415 271/301/415
f 271/301/416 273/303/416 272/302/416
f 274/304/417 273/303/417 271/301/417
f 274/304/418 271/301/418 275/305/418
f 274/304/419 275/305/419 276/306/419
f 276/306/420 277/307/420 274/304/420
f 276/306/421 275/305/421 278/308/421
f 275/305/422 279/309/422 278/308/422
f 202/232/423 279/309/423 275/305/423
f 280/310/424 202/232/424 275/305/424
f 281/311/425 202/232/425 280/310/425
f 280/310/426 282/312/426 281/311/426
f 281/311/427 282/312/427 203/233/427
f 203/233/428 282/312/428 283/313/428
f 283/313/429 284/314/429 203/233/429
f 285/315/430 284/314/430 283/313/430
f 286/316/431 285/315/431 283/313/431
f 286/316/432 283/313/432 287/317/432
f 286/316/433 287/317/433 254/284/433
f 288/318/434 286/316/434 254/284/434
f 289/319/435 286/316/435 288/318/435
f 290/320/436 289/319/436 288/318/436
f 288/318/437 251/281/437 290/320/437
f 291/321/438 289/319/438 290/320/438
f 291/321/439 290/320/439 292/322/439
f 292/322/440 293/323/440 291/321/440
f 285/315/441 291/321/441 293/323/441
f 293/323/442 210/240/442 285/315/442
f 293/323/443 294/324/443 210/240/443
f 294/324/444 293/323/444 292/322/444
f 295/325/445 294/324/445 292/322/445
f 292/322/446 244/274/446 295/325/446
f 296/326/447 244/274/447 292/322/447
f 248/278/448 244/274/448 296/326/448
f 297/327/449 294/324/449 295/325/449
f 298/328/450 297/327/450 295/325/450
f 298/328/451 295/325/451 243/273/451
f 298/328/452 243/273/452 299/329/452
f 299/329/453 300/330/453 298/328/453
f 301/331/454 300/330/454 299/329/454
f 299/329/455 302/332/455 301/331/455
f 224/254/456 301/331/456 302/332/456
f 230/260/457 224/254/457 302/332/457
f 220/250/458 301/331/458 224/254/458
f 233/263/459 302/332/459 299/329/459
f 299/329/460 303/333/460 233/263/460
f 233/263/461 303/333/461 304/334/461
f 304/334/462 303/333/462 238/268/462
f 301/331/463 220/250/463 300/330/463
f 299/329/464 243/273/464 303/333/464
f 300/330/465 297/327/465 298/328/465
f 297/327/466 300/330/466 212/242/466
f 212/242/467 300/330/467 219/249/467
f 297/327/468 212/242/468 294/324/468
f 292/322/469 290/320/469 296/326/469
f 290/320/470 250/280/470 296/326/470
f 289/319/471 291/321/471 285/315/471
f 289/319/472 285/315/472 286/316/472
f 285/315/473 210/240/473 284/314/473
f 287/317/474 283/313/474 282/312/474
f 287/317/475 282/312/475 305/335/475
f 306/336/476 287/317/476 305/335/476
f 305/335/477 267/297/477 306/336/477
f 255/285/478 287/317/478 306/336/478
f 306/336/478 259/289/478 255/285/478
f 305/335/479 282/312/479 270/300/479
f 270/300/480 282/312/480 280/310/480
f 202/232/481 205/235/481 279/309/481
f 275/305/482 271/301/482 280/310/482
f 274/304/483 277/307/483 273/303/483
f 307/337/484 269/299/484 272/302/484
f 280/310/485 271/301/485 270/300/485
f 305/335/486 270/300/486 267/297/486
f 307/337/487 268/298/487 269/299/487
f 306/336/488 267/297/488 266/296/488
f 261/291/489 306/336/489 266/296/489
f 259/289/490 306/336/490 261/291/490
f 255/285/491 259/289/491 256/286/491
f 254/284/492 287/317/492 255/285/492
f 288/318/493 254/284/493 251/281/493
f 257/287/494 252/282/494 253/283/494
f 290/320/495 251/281/495 250/280/495
f 296/326/496 250/280/496 248/278/496
f 308/338/497 242/272/497 246/276/497
f 245/275/498 244/274/498 248/278/498
f 243/273/499 295/325/499 244/274/499
f 303/333/500 243/273/500 240/270/500
f 308/338/501 241/271/501 242/272/501
f 238/268/502 303/333/502 240/270/502
f 309/339/503 237/267/503 239/269/503
f 310/340/504 237/267/504 309/339/504
f 238/268/505 234/264/505 304/334/505
f 236/266/506 237/267/506 310/340/506
f 311/341/507 232/262/507 235/265/507
f 304/334/508 234/264/508 233/263/508
f 233/263/509 230/260/509 302/332/509
f 311/341/510 231/261/510 232/262/510
f 225/255/511 224/254/511 230/260/511
f 227/257/512 222/252/512 223/253/512
f 221/251/513 220/250/513 224/254/513
f 300/330/514 220/250/514 219/249/514
f 219/249/515 215/245/515 212/242/515
f 217/247/516 218/248/516 222/252/516
f 312/342/517 209/239/517 214/244/517
f 212/242/518 215/245/518 213/243/518
f 294/324/519 212/242/519 211/241/519
f 210/240/520 294/324/520 211/241/520
f 207/237/521 284/314/521 210/240/521
f 312/342/522 208/238/522 209/239/522
f 204/234/523 284/314/523 207/237/523
f 284/314/524 204/234/524 203/233/524
f 203/233/525 202/232/525 281/311/525
f 201/231/526 205/235/526 202/232/526
f 313/343/527 314/344/527 315/345/527
f 315/345/528 316/346/528 313/343/528
f 313/343/529 316/346/529 317/347/529
f 317/347/530 318/348/530 313/343/530
f 318/348/531 319/349/531 313/343/531
f 320/350/532 319/349/532 318/348/532
f 320/350/533 318/348/533 321/351/533
f 322/352/534 320/350/534 321/351/534
f 323/353/535 322/352/535 321/351/535
f 321/351/536 324/354/536 323/353/536
f 325/355/537 324/354/537 321/351/537
f 324/354/538 325/355/538 326/356/538
f 326/356/539 325/355/539 317/347/539
f 326/356/540 317/347/540 327/357/540
f 328/358/541 322/352/541 323/353/541
f 322/352/542 328/358/542 329/359/542
f 329/359/543 330/360/543 322/352/543
f 322/352/544 330/360/544 331/361/544
f 332/362/545 331/361/545 330/360/545
f 332/362/546 330/360/546 333/363/546
f 334/364/547 332/362/547 333/363/547
f 334/364/548 333/363/548 335/365/548
f 334/364/549 335/365/549 336/366/549
f 336/366/550 337/367/550 334/364/550
f 334/364/551 337/367/551 338/368/551
f 337/367/552 339/369/552 338/368/552
f 338/368/553 339/369/553 340/370/553
f 340/370/554 332/362/554 338/368/554
f 341/371/555 332/362/555 340/370/555
f 342/372/556 341/371/556 340/370/556
f 343/373/557 341/371/557 342/372/557
f 342/372/558 319/349/558 343/373/558
f 344/374/559 319/349/559 342/372/559
f 345/375/560 344/374/560 342/372/560
f 342/372/561 339/369/561 345/375/561
f 339/369/562 346/376/562 345/375/562
f 345/375/563 346/376/563 347/377/563
f 347/377/564 348/378/564 345/375/564
f 345/375/565 348/378/565 349/379/565
f 350/380/566 349/379/566 348/378/566
f 348/378/567 351/381/567 350/380/567
f 352/382/568 350/380/568 351/381/568
f 353/383/569 352/382/569 351/381/569
f 352/382/570 353/383/570 354/384/570
f 355/385/571 352/382/571 354/384/571
f 355/385/572 354/384/572 356/386/572
f 356/386/573 357/387/573 355/385/573
f 355/385/574 357/387/574 358/388/574
f 358/388/575 359/389/575 355/385/575
f 360/390/576 359/389/576 358/388/576
f 358/388/577 361/391/577 360/390/577
f 360/390/578 361/391/578 362/392/578
f 362/392/579 363/393/579 360/390/579
f 352/382/580 360/390/580 363/393/580
f 350/380/581 363/393/581 362/392/581
f 361/391/582 364/394/582 362/392/582
f 362/392/583 364/394/583 365/395/583
f 362/392/584 365/395/584 349/379/584
f 349/379/585 365/395/585 344/374/585
f 365/395/586 314/344/586 344/374/586
f 365/395/587 366/396/587 314/344/587
f 364/394/588 366/396/588 365/395/588
f 364/394/589 367/397/589 366/396/589
f 368/398/590 366/396/590 367/397/590
f 369/399/591 368/398/591 367/397/591
f 369/399/592 367/397/592 370/400/592
f 370/400/593 371/401/593 369/399/593
f 372/402/594 369/399/594 371/401/594
f 371/401/595 373/403/595 372/402/595
f 374/404/596 372/402/596 373/403/596
f 375/405/597 374/404/597 373/403/597
f 373/403/598 376/406/598 375/405/598
f 375/405/599 376/406/599 377/407/599
f 377/407/600 378/408/600 375/405/600
f 379/409/601 375/405/601 378/408/601
f 378/408/602 380/410/602 379/409/602
f 379/409/603 380/410/603 381/411/603
f 381/411/604 382/412/604 379/409/604
f 383/413/605 382/412/605 381/411/605
f 383/413/606 384/414/606 382/412/606
f 382/412/607 384/414/607 374/404/607
f 374/404/608 384/414/608 385/415/608
f 385/415/609 384/414/609 386/416/609
f 386/416/610 387/417/610 385/415/610
f 385/415/611 387/417/611 388/418/611
f 388/418/612 389/419/612 385/415/612
f 385/415/613 389/419/613 372/402/613
f 388/418/614 368/398/614 389/419/614
f 390/420/615 368/398/615 388/418/615
f 388/418/616 391/421/616 390/420/616
f 391/421/617 327/357/617 390/420/617
f 390/420/618 327/357/618 316/346/618
f 316/346/619 368/398/619 390/420/619
f 387/417/620 391/421/620 388/418/620
f 381/411/621 380/410/621 392/422/621
f 380/410/622 393/423/622 392/422/622
f 394/424/623 393/423/623 380/410/623
f 380/410/624 395/425/624 394/424/624
f 394/424/625 395/425/625 396/426/625
f 397/427/626 394/424/626 396/426/626
f 396/426/627 398/428/627 397/427/627
f 397/427/628 398/428/628 399/429/628
f 398/428/629 310/430/629 399/429/629
f 236/431/630 310/430/630 398/428/630
f 398/428/631 235/432/631 236/431/631
f 400/433/632 235/432/632 398/428/632
f 400/433/633 401/434/633 235/432/633
f 235/432/634 401/434/634 311/435/634
f 402/436/635 311/435/635 401/434/635
f 403/437/636 402/436/636 401/434/636
f 404/438/637 402/436/637 403/437/637
f 404/438/638 403/437/638 405/439/638
f 405/439/639 406/440/639 404/438/639
f 404/438/640 406/440/640 407/441/640
f 408/442/641 407/441/641 406/440/641
f 406/440/642 409/443/642 408/442/642
f 408/442/643 409/443/643 410/444/643
f 408/442/644 410/444/644 411/445/644
f 411/445/645 412/446/645 408/442/645
f 413/447/646 412/446/646 411/445/646
f 414/448/647 412/446/647 413/447/647
f 415/449/648 412/446/648 414/448/648
f 414/448/649 228/450/649 415/449/649
f 415/449/650 228/450/650 226/451/650
f 226/451/651 416/452/651 415/449/651
f 416/452/652 407/441/652 415/449/652
f 402/436/653 407/441/653 416/452/653
f 416/452/654 231/453/654 402/436/654
f 229/454/655 231/453/655 416/452/655
f 229/454/656 416/452/656 226/451/656
f 415/449/657 407/441/657 412/446/657
f 411/445/658 410/444/658 417/455/658
f 418/456/659 417/455/659 410/444/659
f 410/444/660 419/457/660 418/456/660
f 420/458/661 418/456/661 419/457/661
f 419/457/662 421/459/662 420/458/662
f 420/458/663 421/459/663 422/460/663
f 423/461/664 420/458/664 422/460/664
f 422/460/665 424/462/665 423/461/665
f 423/461/666 424/462/666 425/463/666
f 423/461/667 425/463/667 426/464/667
f 427/465/668 423/461/668 426/464/668
f 428/466/669 423/461/669 427/465/669
f 427/465/670 418/456/670 428/466/670
f 429/467/671 418/456/671 427/465/671
f 426/464/672 425/463/672 430/468/672
f 430/468/673 425/463/673 431/469/673
f 431/469/674 425/463/674 432/470/674
f 431/469/675 432/470/675 433/471/675
f 433/471/676 432/470/676 434/472/676
f 434/472/677 358/388/677 433/471/677
f 435/473/678 358/388/678 434/472/678
f 435/473/679 434/472/679 436/474/679
f 436/474/680 370/400/680 435/473/680
f 435/473/681 370/400/681 437/475/681
f 435/473/682 437/475/682 361/391/682
f 370/400/683 436/474/683 438/476/683
f 438/476/684 436/474/684 424/462/684
f 436/474/685 432/470/685 424/462/685
f 436/474/686 434/472/686 432/470/686
f 424/462/687 432/470/687 425/463/687
f 422/460/688 438/476/688 424/462/688
f 439/477/689 438/476/689 422/460/689
f 376/406/690 438/476/690 439/477/690
f 439/477/691 421/459/691 376/406/691
f 371/401/692 438/476/692 376/406/692
f 428/466/693 420/458/693 423/461/693
f 422/460/694 421/459/694 439/477/694
f 440/478/695 421/459/695 419/457/695
f 419/457/696 441/479/696 440/478/696
f 442/480/697 440/478/697 441/479/697
f 442/480/698 441/479/698 443/481/698
f 443/481/699 395/425/699 442/480/699
f 442/480/700 395/425/700 444/482/700
f 442/480/701 444/482/701 445/483/701
f 445/483/702 444/482/702 378/408/702
f 403/437/703 395/425/703 443/481/703
f 446/484/704 395/425/704 403/437/704
f 403/437/705 400/433/705 446/484/705
f 446/484/706 400/433/706 396/426/706
f 443/481/707 441/479/707 405/439/707
f 445/483/708 440/478/708 442/480/708
f 409/443/709 441/479/709 419/457/709
f 445/483/710 421/459/710 440/478/710
f 377/407/711 421/459/711 445/483/711
f 428/466/712 418/456/712 420/458/712
f 429/467/713 417/455/713 418/456/713
f 409/443/714 419/457/714 410/444/714
f 406/440/715 441/479/715 409/443/715
f 412/446/716 407/441/716 408/442/716
f 405/439/717 441/479/717 406/440/717
f 405/439/718 403/437/718 443/481/718
f 404/438/637 407/441/637 402/436/637
f 231/453/719 311/435/719 402/436/719
f 401/434/720 400/433/720 403/437/720
f 396/426/721 400/433/721 398/428/721
f 396/426/722 395/425/722 446/484/722
f 444/482/723 395/425/723 380/410/723
f 393/423/724 394/424/724 397/427/724
f 444/482/725 380/410/725 378/408/725
f 382/412/726 375/405/726 379/409/726
f 445/483/727 378/408/727 377/407/727
f 376/406/728 421/459/728 377/407/728
f 382/412/729 374/404/729 375/405/729
f 385/415/730 372/402/730 374/404/730
f 376/406/731 373/403/731 371/401/731
f 389/419/732 369/399/732 372/402/732
f 438/476/733 371/401/733 370/400/733
f 370/400/734 367/397/734 437/475/734
f 389/419/735 368/398/735 369/399/735
f 315/345/736 366/396/736 368/398/736
f 437/475/737 367/397/737 364/394/737
f 361/391/738 437/475/738 364/394/738
f 361/391/739 358/388/739 435/473/739
f 360/390/740 352/382/740 359/389/740
f 433/471/741 358/388/741 357/387/741
f 352/382/742 355/385/742 359/389/742
f 356/386/743 354/384/743 353/383/743
f 353/383/744 447/485/744 356/386/744
f 348/378/745 447/485/745 353/383/745
f 350/380/746 352/382/746 363/393/746
f 353/383/747 351/381/747 348/378/747
f 362/392/748 349/379/748 350/380/748
f 348/378/749 347/377/749 447/485/749
f 447/485/750 347/377/750 448/486/750
f 346/376/751 448/486/751 347/377/751
f 449/487/752 448/486/752 346/376/752
f 449/487/753 346/376/753 450/488/753
f 450/488/754 346/376/754 451/489/754
f 450/488/755 451/489/755 452/490/755
f 452/490/756 451/489/756 453/491/756
f 453/491/757 454/492/757 452/490/757
f 455/493/758 454/492/758 453/491/758
f 453/491/759 456/494/759 455/493/759
f 456/494/760 457/495/760 455/493/760
f 458/496/761 457/495/761 456/494/761
f 335/365/762 458/496/762 456/494/762
f 459/497/763 458/496/763 335/365/763
f 335/365/764 460/498/764 459/497/764
f 458/496/765 459/497/765 461/499/765
f 462/500/766 458/496/766 461/499/766
f 457/495/767 458/496/767 462/500/767
f 336/366/768 456/494/768 453/491/768
f 457/495/769 454/492/769 455/493/769
f 463/501/770 454/492/770 457/495/770
f 451/489/771 337/367/771 453/491/771
f 346/376/772 337/367/772 451/489/772
f 349/379/773 344/374/773 345/375/773
f 344/374/774 314/344/774 319/349/774
f 320/350/775 341/371/775 343/373/775
f 331/361/776 341/371/776 320/350/776
f 340/370/777 339/369/777 342/372/777
f 339/369/778 337/367/778 346/376/778
f 453/491/779 337/367/779 336/366/779
f 336/366/780 335/365/780 456/494/780
f 335/365/781 333/363/781 460/498/781
f 333/363/782 464/502/782 460/498/782
f 338/368/783 332/362/783 334/364/783
f 333/363/784 330/360/784 464/502/784
f 330/360/785 465/503/785 464/502/785
f 341/371/786 331/361/786 332/362/786
f 329/359/787 465/503/787 330/360/787
f 331/361/788 320/350/788 322/352/788
f 321/351/789 318/348/789 325/355/789
f 343/373/790 319/349/790 320/350/790
f 325/355/791 318/348/791 317/347/791
f 327/357/792 317/347/792 316/346/792
f 315/345/793 368/398/793 316/346/793
f 315/345/794 314/344/794 366/396/794
f 313/343/795 319/349/795 314/344/795
usemtl material_0.250
f 466/504/796 467/505/796 468/506/796
f 469/507/797 466/504/797 468/506/797
f 466/504/798 469/507/798 470/508/798
f 470/508/799 471/509/799 466/504/799
f 466/504/800 471/509/800 472/510/800
f 466/504/801 472/510/801 473/511/801
f 474/512/802 472/510/802 471/509/802
f 471/509/803 475/513/803 474/512/803
f 475/513/804 476/514/804 474/512/804
f 477/515/805 474/512/805 476/514/805
f 477/515/806 476/514/806 478/516/806
f 478/516/807 476/514/807 479/517/807
f 476/514/808 480/518/808 479/517/808
f 481/519/809 479/517/809 480/518/809
f 482/520/810 481/519/810 480/518/810
f 482/520/811 480/518/811 483/521/811
f 483/521/812 484/522/812 482/520/812
f 485/523/813 482/520/813 484/522/813
f 484/522/814 486/524/814 485/523/814
f 484/522/815 487/525/815 486/524/815
f 486/524/816 487/525/816 488/526/816
f 486/524/817 488/526/817 489/527/817
f 488/526/818 490/528/818 489/527/818
f 488/526/819 491/529/819 490/528/819
f 492/530/820 490/528/820 491/529/820
f 492/530/821 491/529/821 493/531/821
f 494/532/822 492/530/822 493/531/822
f 494/532/823 493/531/823 495/533/823
f 496/534/824 494/532/824 495/533/824
f 496/534/825 495/533/825 497/535/825
f 497/535/826 498/536/826 496/534/826
f 497/535/827 499/537/827 498/536/827
f 500/538/828 498/536/828 499/537/828
f 500/538/829 499/537/829 501/539/829
f 502/540/830 500/538/830 501/539/830
f 502/540/831 501/539/831 503/541/831
f 502/540/832 503/541/832 504/542/832
f 505/543/833 504/542/833 503/541/833
f 505/543/834 503/541/834 506/544/834
f 507/545/835 505/543/835 506/544/835
f 506/544/836 508/546/836 507/545/836
f 508/546/837 509/547/837 507/545/837
f 510/548/838 507/545/838 509/547/838
f 510/548/839 509/547/839 511/549/839
f 509/547/840 512/550/840 511/549/840
f 513/551/841 511/549/841 512/550/841
f 512/550/842 509/547/842 514/552/842
f 509/547/843 515/553/843 514/552/843
f 509/547/844 516/554/844 515/553/844
f 517/555/845 515/553/845 516/554/845
f 516/554/846 518/556/846 517/555/846
f 516/554/847 519/557/847 518/556/847
f 520/558/848 518/556/848 519/557/848
f 520/558/849 519/557/849 521/559/849
f 522/560/850 521/559/850 519/557/850
f 519/557/851 523/561/851 522/560/851
f 522/560/852 523/561/852 524/562/852
f 522/560/853 524/562/853 525/563/853
f 525/563/854 526/564/854 522/560/854
f 527/565/855 522/560/855 526/564/855
f 525/563/856 528/566/856 526/564/856
f 528/566/857 525/563/857 529/567/857
f 530/568/858 529/567/858 525/563/858
f 530/568/859 531/569/859 529/567/859
f 530/568/860 532/570/860 531/569/860
f 530/568/861 533/571/861 532/570/861
f 534/572/862 532/570/862 533/571/862
f 533/571/863 535/573/863 534/572/863
f 533/571/864 536/574/864 535/573/864
f 537/575/865 535/573/865 536/574/865
f 536/574/866 538/576/866 537/575/866
f 536/574/867 539/577/867 538/576/867
f 540/578/868 538/576/868 539/577/868
f 539/577/869 541/579/869 540/578/869
f 541/579/870 539/577/870 542/580/870
f 542/580/871 543/581/871 541/579/871
f 543/581/872 542/580/872 544/582/872
f 470/508/873 544/582/873 542/580/873
f 542/580/874 545/583/874 470/508/874
f 542/580/875 546/584/875 545/583/875
f 475/513/876 545/583/876 546/584/876
f 475/513/877 546/584/877 547/585/877
f 475/513/878 547/585/878 548/586/878
f 475/513/879 548/586/879 549/587/879
f 480/518/880 549/587/880 548/586/880
f 550/588/881 548/586/881 547/585/881
f 547/585/882 539/577/882 550/588/882
f 550/588/883 551/589/883 548/586/883
f 551/589/884 483/521/884 548/586/884
f 551/589/885 552/590/885 483/521/885
f 553/591/886 552/590/886 551/589/886
f 551/589/887 554/592/887 553/591/887
f 554/592/888 555/593/888 553/591/888
f 556/594/889 553/591/889 555/593/889
f 556/594/890 555/593/890 557/595/890
f 556/594/891 557/595/891 558/596/891
f 558/596/892 488/526/892 556/594/892
f 559/597/893 558/596/893 557/595/893
f 559/597/894 557/595/894 560/598/894
f 561/599/895 559/597/895 560/598/895
f 560/598/896 523/561/896 561/599/896
f 562/600/897 561/599/897 523/561/897
f 562/600/898 563/601/898 561/599/898
f 563/601/899 564/602/899 561/599/899
f 563/601/900 565/603/900 564/602/900
f 564/602/901 565/603/901 497/535/901
f 566/604/902 565/603/902 563/601/902
f 563/601/903 508/546/903 566/604/903
f 566/604/904 567/605/904 565/603/904
f 565/603/905 567/605/905 499/537/905
f 506/544/906 567/605/906 566/604/906
f 563/601/907 562/600/907 508/546/907
f 562/600/908 516/554/908 508/546/908
f 561/599/909 564/602/909 559/597/909
f 559/597/910 564/602/910 495/533/910
f 560/598/911 557/595/911 568/606/911
f 560/598/912 568/606/912 524/562/912
f 530/568/913 524/562/913 568/606/913
f 493/531/914 558/596/914 559/597/914
f 555/593/915 568/606/915 557/595/915
f 555/593/916 569/607/916 568/606/916
f 533/571/917 568/606/917 569/607/917
f 556/594/918 570/608/918 553/591/918
f 556/594/919 487/525/919 570/608/919
f 554/592/920 569/607/920 555/593/920
f 536/574/921 569/607/921 554/592/921
f 550/588/922 536/574/922 554/592/922
f 553/591/923 570/608/923 552/590/923
f 570/608/924 484/522/924 552/590/924
f 551/589/925 550/588/925 554/592/925
f 547/585/926 546/584/926 539/577/926
f 470/508/927 571/609/927 544/582/927
f 539/577/928 546/584/928 542/580/928
f 550/588/929 539/577/929 536/574/929
f 536/574/930 533/571/930 569/607/930
f 533/571/931 530/568/931 568/606/931
f 530/568/932 525/563/932 524/562/932
f 560/598/933 524/562/933 523/561/933
f 519/557/934 562/600/934 523/561/934
f 521/559/935 522/560/935 527/565/935
f 562/600/936 519/557/936 516/554/936
f 508/546/937 516/554/937 509/547/937
f 506/544/903 566/604/903 508/546/903
f 507/545/938 510/548/938 505/543/938
f 506/544/939 503/541/939 567/605/939
f 567/605/940 503/541/940 501/539/940
f 502/540/941 572/610/941 500/538/941
f 567/605/942 501/539/942 499/537/942
f 565/603/943 499/537/943 497/535/943
f 564/602/944 497/535/944 495/533/944
f 559/597/945 495/533/945 493/531/945
f 493/531/946 491/529/946 558/596/946
f 558/596/947 491/529/947 488/526/947
f 556/594/948 488/526/948 487/525/948
f 570/608/949 487/525/949 484/522/949
f 485/523/950 573/611/950 482/520/950
f 483/521/951 552/590/951 484/522/951
f 480/518/952 548/586/952 483/521/952
f 573/611/953 481/519/953 482/520/953
f 573/611/954 574/612/954 481/519/954
f 575/613/955 481/519/955 574/612/955
f 481/519/956 575/613/956 479/517/956
f 476/514/957 549/587/957 480/518/957
f 475/513/958 549/587/958 476/514/958
f 471/509/959 545/583/959 475/513/959
f 474/512/960 477/515/960 472/510/960
f 470/508/961 545/583/961 471/509/961
f 571/609/962 470/508/962 469/507/962
f 466/504/963 473/511/963 467/505/963
f 576/614/964 467/505/964 473/511/964
f 577/615/965 578/616/965 473/617/965
f 577/615/966 473/617/966 472/618/966
f 577/615/967 472/618/967 477/619/967
f 577/615/968 477/619/968 579/620/968
f 579/620/969 580/621/969 577/615/969
f 577/615/970 580/621/970 581/622/970
f 580/621/971 582/623/971 581/622/971
f 581/622/972 582/623/972 583/624/972
f 581/622/973 583/624/973 584/625/973
f 584/625/974 585/626/974 581/622/974
f 578/616/975 581/622/975 585/626/975
f 578/616/976 585/626/976 586/627/976
f 587/628/977 578/616/977 586/627/977
f 588/629/978 583/624/978 582/623/978
f 582/623/979 589/630/979 588/629/979
f 590/631/980 589/630/980 582/623/980
f 582/623/981 591/632/981 590/631/981
f 592/633/982 590/631/982 591/632/982
f 592/633/983 591/632/983 593/634/983
f 592/633/984 593/634/984 594/635/984
f 595/636/985 594/635/985 593/634/985
f 596/637/986 595/636/986 593/634/986
f 596/637/987 593/634/987 597/638/987
f 598/639/988 596/637/988 597/638/988
f 580/621/989 598/639/989 597/638/989
f 580/621/990 597/638/990 599/640/990
f 598/639/991 600/641/991 596/637/991
f 596/637/992 600/641/992 601/642/992
f 596/637/993 601/642/993 602/643/993
f 602/643/994 601/642/994 603/644/994
f 602/643/995 603/644/995 604/645/995
f 605/646/996 602/643/996 604/645/996
f 605/646/997 604/645/997 606/647/997
f 607/648/998 605/646/998 606/647/998
f 607/648/999 606/647/999 608/649/999
f 608/649/1000 606/647/1000 609/650/1000
f 608/649/1001 609/650/1001 610/651/1001
f 611/652/1002 605/646/1002 607/648/1002
f 611/652/1003 595/636/1003 605/646/1003
f 604/645/1004 609/650/1004 606/647/1004
f 604/645/1005 612/653/1005 609/650/1005
f 613/654/1006 612/653/1006 604/645/1006
f 595/636/1007 602/643/1007 605/646/1007
f 613/654/1008 604/645/1008 603/644/1008
f 613/654/1009 603/644/1009 614/655/1009
f 613/654/1010 614/655/1010 615/656/1010
f 615/656/1011 614/655/1011 616/657/1011
f 615/656/1012 616/657/1012 617/658/1012
f 617/658/1013 616/657/1013 575/659/1013
f 617/658/1014 575/659/1014 618/660/1014
f 575/659/1015 574/661/1015 618/660/1015
f 575/659/1016 616/657/1016 619/662/1016
f 575/659/1017 619/662/1017 479/663/1017
f 478/664/1018 479/663/1018 619/662/1018
f 620/665/1019 478/664/1019 619/662/1019
f 620/665/1020 621/666/1020 478/664/1020
f 478/664/1021 621/666/1021 579/620/1021
f 598/639/1022 579/620/1022 621/666/1022
f 601/642/1023 621/666/1023 620/665/1023
f 620/665/1024 619/662/1024 616/657/1024
f 620/665/1025 616/657/1025 614/655/1025
f 620/665/1026 614/655/1026 603/644/1026
f 620/665/1027 603/644/1027 601/642/1027
f 601/642/1028 600/641/1028 621/666/1028
f 598/639/1029 621/666/1029 600/641/1029
f 599/640/1030 597/638/1030 593/634/1030
f 595/636/1031 596/637/1031 602/643/1031
f 595/636/1032 611/652/1032 594/635/1032
f 599/640/1033 593/634/1033 591/632/1033
f 592/633/1034 622/667/1034 590/631/1034
f 622/667/1035 623/668/1035 590/631/1035
f 590/631/1036 623/668/1036 624/669/1036
f 623/668/1037 622/667/1037 625/670/1037
f 582/623/1038 599/640/1038 591/632/1038
f 589/630/1039 590/631/1039 624/669/1039
f 580/621/1040 599/640/1040 582/623/1040
f 579/620/1041 598/639/1041 580/621/1041
f 478/664/1042 579/620/1042 477/619/1042
f 578/616/1043 587/628/1043 473/617/1043
f 473/617/1044 587/628/1044 576/671/1044
f 577/615/1045 581/622/1045 578/616/1045
f 626/672/1046 627/673/1046 628/674/1046
f 626/672/1047 628/674/1047 629/675/1047
f 629/675/1048 628/674/1048 630/676/1048
f 629/675/1049 630/676/1049 631/677/1049
f 630/676/1050 632/678/1050 631/677/1050
f 630/676/1051 633/679/1051 632/678/1051
f 634/680/1052 632/678/1052 633/679/1052
f 633/679/1053 635/681/1053 634/680/1053
f 635/681/1054 636/682/1054 634/680/1054
f 637/683/1055 634/680/1055 636/682/1055
f 637/683/1056 636/682/1056 638/684/1056
f 639/685/1057 638/684/1057 636/682/1057
f 640/686/1058 639/685/1058 636/682/1058
f 640/686/1059 641/687/1059 639/685/1059
f 640/686/1060 642/688/1060 641/687/1060
f 640/686/1061 643/689/1061 642/688/1061
f 643/689/1062 644/690/1062 642/688/1062
f 643/689/1063 645/691/1063 644/690/1063
f 645/691/1064 646/692/1064 644/690/1064
f 645/691/1065 647/693/1065 646/692/1065
f 648/694/1066 646/692/1066 647/693/1066
f 648/694/1067 647/693/1067 649/695/1067
f 649/695/1068 647/693/1068 650/696/1068
f 649/695/1069 650/696/1069 651/697/1069
f 650/696/1070 652/698/1070 651/697/1070
f 650/696/1071 653/699/1071 652/698/1071
f 654/700/1072 652/698/1072 653/699/1072
f 654/700/1073 653/699/1073 655/701/1073
f 654/700/1074 655/701/1074 656/702/1074
f 657/703/1075 654/700/1075 656/702/1075
f 658/704/1076 657/703/1076 656/702/1076
f 659/705/1077 658/704/1077 656/702/1077
f 660/706/1078 658/704/1078 659/705/1078
f 660/706/1079 659/705/1079 661/707/1079
f 660/706/1080 661/707/1080 633/679/1080
f 659/705/1081 635/681/1081 661/707/1081
f 659/705/1082 662/708/1082 635/681/1082
f 643/689/1083 635/681/1083 662/708/1083
f 662/708/1084 659/705/1084 655/701/1084
f 662/708/1085 655/701/1085 663/709/1085
f 662/708/1086 663/709/1086 645/691/1086
f 650/696/1087 645/691/1087 663/709/1087
f 660/706/1088 664/710/1088 658/704/1088
f 660/706/1089 665/711/1089 664/710/1089
f 666/712/1090 664/710/1090 665/711/1090
f 666/712/1091 665/711/1091 667/713/1091
f 668/714/1092 666/712/1092 667/713/1092
f 668/714/1093 667/713/1093 627/673/1093
f 668/714/1094 627/673/1094 669/715/1094
f 669/715/1095 670/716/1095 668/714/1095
f 671/717/1096 668/714/1096 670/716/1096
f 671/717/1097 670/716/1097 672/718/1097
f 671/717/1098 672/718/1098 673/719/1098
f 671/717/1099 673/719/1099 674/720/1099
f 674/720/1100 666/712/1100 671/717/1100
f 674/720/1101 675/721/1101 666/712/1101
f 675/721/1102 674/720/1102 676/722/1102
f 675/721/1103 676/722/1103 677/723/1103
f 677/723/1104 657/703/1104 675/721/1104
f 675/721/1105 657/703/1105 664/710/1105
f 677/723/1106 678/724/1106 657/703/1106
f 679/725/1107 678/724/1107 677/723/1107
f 680/726/1108 679/725/1108 677/723/1108
f 679/725/1109 681/727/1109 678/724/1109
f 682/728/1110 678/724/1110 681/727/1110
f 682/728/1111 654/700/1111 678/724/1111
f 680/726/1112 677/723/1112 676/722/1112
f 676/722/1113 683/729/1113 680/726/1113
f 676/722/1114 684/730/1114 683/729/1114
f 685/731/1115 683/729/1115 684/730/1115
f 685/731/1116 684/730/1116 686/732/1116
f 687/733/1117 685/731/1117 686/732/1117
f 688/734/1118 687/733/1118 686/732/1118
f 688/734/1119 689/735/1119 687/733/1119
f 690/736/1120 689/735/1120 688/734/1120
f 690/736/1121 688/734/1121 691/737/1121
f 692/738/1122 690/736/1122 691/737/1122
f 692/738/1123 691/737/1123 672/718/1123
f 692/738/1124 693/739/1124 690/736/1124
f 692/738/1125 694/740/1125 693/739/1125
f 692/738/1126 695/741/1126 694/740/1126
f 696/742/1127 694/740/1127 695/741/1127
f 696/742/1128 695/741/1128 697/743/1128
f 698/744/1129 697/743/1129 695/741/1129
f 695/741/1130 670/716/1130 698/744/1130
f 698/744/1131 699/745/1131 697/743/1131
f 698/744/1132 700/746/1132 699/745/1132
f 698/744/1132 669/715/1132 700/746/1132
f 669/715/1133 626/672/1133 700/746/1133
f 695/741/1134 692/738/1134 670/716/1134
f 688/734/1135 672/718/1135 691/737/1135
f 687/733/1136 701/747/1136 685/731/1136
f 688/734/1137 686/732/1137 684/730/1137
f 688/734/1138 684/730/1138 673/719/1138
f 684/730/1139 676/722/1139 674/720/1139
f 684/730/1140 674/720/1140 673/719/1140
f 688/734/1141 673/719/1141 672/718/1141
f 692/738/1142 672/718/1142 670/716/1142
f 669/715/1143 698/744/1143 670/716/1143
f 668/714/1144 671/717/1144 666/712/1144
f 627/673/1145 667/713/1145 665/711/1145
f 675/721/1146 664/710/1146 666/712/1146
f 665/711/1147 660/706/1147 630/676/1147
f 658/704/1148 664/710/1148 657/703/1148
f 657/703/1149 678/724/1149 654/700/1149
f 659/705/1150 656/702/1150 655/701/1150
f 653/699/1151 663/709/1151 655/701/1151
f 654/700/1152 682/728/1152 652/698/1152
f 653/699/1153 650/696/1153 663/709/1153
f 650/696/1154 647/693/1154 645/691/1154
f 662/708/1155 645/691/1155 643/689/1155
f 643/689/1156 640/686/1156 635/681/1156
f 639/685/1157 702/748/1157 638/684/1157
f 635/681/1158 640/686/1158 636/682/1158
f 633/679/1159 661/707/1159 635/681/1159
f 634/680/1160 637/683/1160 632/678/1160
f 660/706/1161 633/679/1161 630/676/1161
f 665/711/1162 630/676/1162 628/674/1162
f 627/673/1163 665/711/1163 628/674/1163
f 669/715/1164 627/673/1164 626/672/1164
f 626/749/1165 629/750/1165 703/751/1165
f 626/749/1166 703/751/1166 704/752/1166
f 704/752/1167 700/753/1167 626/749/1167
f 704/752/1168 705/754/1168 700/753/1168
f 706/755/1169 700/753/1169 705/754/1169
f 706/755/1170 705/754/1170 707/756/1170
f 706/755/1171 707/756/1171 708/757/1171
f 708/757/1172 709/758/1172 706/755/1172
f 709/758/1173 699/759/1173 706/755/1173
f 709/758/1174 697/760/1174 699/759/1174
f 697/760/1175 709/758/1175 710/761/1175
f 697/760/1176 710/761/1176 696/762/1176
f 711/763/1177 710/761/1177 709/758/1177
f 711/763/1178 712/764/1178 710/761/1178
f 713/765/1179 712/764/1179 711/763/1179
f 713/765/1180 711/763/1180 714/766/1180
f 714/766/1181 715/767/1181 713/765/1181
f 714/766/1182 716/768/1182 715/767/1182
f 715/767/1183 716/768/1183 717/769/1183
f 715/767/1184 717/769/1184 718/770/1184
f 718/770/1185 717/769/1185 500/771/1185
f 718/770/1186 500/771/1186 572/772/1186
f 719/773/1187 500/771/1187 717/769/1187
f 719/773/1188 498/774/1188 500/771/1188
f 496/775/1189 498/774/1189 719/773/1189
f 496/775/1190 719/773/1190 720/776/1190
f 496/775/1191 720/776/1191 721/777/1191
f 496/775/1192 721/777/1192 494/778/1192
f 494/778/1193 721/777/1193 722/779/1193
f 494/778/1194 722/779/1194 492/780/1194
f 490/781/1195 492/780/1195 722/779/1195
f 490/781/1196 722/779/1196 723/782/1196
f 723/782/1197 489/783/1197 490/781/1197
f 723/782/1198 724/784/1198 489/783/1198
f 489/783/1199 724/784/1199 725/785/1199
f 489/783/1200 725/785/1200 486/786/1200
f 485/787/1201 486/786/1201 725/785/1201
f 485/787/1202 725/785/1202 726/788/1202
f 727/789/1203 485/787/1203 726/788/1203
f 727/789/1204 726/788/1204 728/790/1204
f 727/789/1205 728/790/1205 729/791/1205
f 729/791/1206 730/792/1206 727/789/1206
f 727/789/1207 730/792/1207 574/793/1207
f 727/789/1208 574/793/1208 573/794/1208
f 731/795/1209 729/791/1209 728/790/1209
f 731/795/1210 728/790/1210 732/796/1210
f 733/797/1211 731/795/1211 732/796/1211
f 732/796/1212 734/798/1212 733/797/1212
f 735/799/1213 733/797/1213 734/798/1213
f 734/798/1214 736/800/1214 735/799/1214
f 632/801/1215 735/799/1215 736/800/1215
f 632/801/1216 736/800/1216 737/802/1216
f 632/801/1217 737/802/1217 631/803/1217
f 631/803/1218 737/802/1218 703/751/1218
f 703/751/1219 737/802/1219 738/804/1219
f 703/751/1220 738/804/1220 739/805/1220
f 739/805/1221 738/804/1221 740/806/1221
f 739/805/1222 740/806/1222 741/807/1222
f 742/808/1223 739/805/1223 741/807/1223
f 742/808/1224 741/807/1224 743/809/1224
f 743/809/1225 707/756/1225 742/808/1225
f 743/809/1226 744/810/1226 707/756/1226
f 744/810/1227 743/809/1227 745/811/1227
f 744/810/1228 745/811/1228 746/812/1228
f 747/813/1229 744/810/1229 746/812/1229
f 747/813/1230 746/812/1230 748/814/1230
f 716/768/1231 747/813/1231 748/814/1231
f 719/773/1232 716/768/1232 748/814/1232
f 719/773/1233 748/814/1233 746/812/1233
f 708/757/1234 744/810/1234 747/813/1234
f 711/763/1235 708/757/1235 747/813/1235
f 746/812/1236 745/811/1236 721/777/1236
f 721/777/1237 745/811/1237 749/815/1237
f 743/809/1238 749/815/1238 745/811/1238
f 743/809/1239 741/807/1239 749/815/1239
f 704/752/1240 739/805/1240 742/808/1240
f 749/815/1241 741/807/1241 740/806/1241
f 749/815/1242 740/806/1242 750/816/1242
f 722/779/1243 749/815/1243 750/816/1243
f 750/816/1244 740/806/1244 751/817/1244
f 750/816/1245 751/817/1245 752/818/1245
f 750/816/1246 752/818/1246 724/784/1246
f 724/784/1247 752/818/1247 753/819/1247
f 753/819/1248 752/818/1248 751/817/1248
f 753/819/1249 751/817/1249 754/820/1249
f 732/796/1250 753/819/1250 754/820/1250
f 755/821/1251 754/820/1251 751/817/1251
f 755/821/1252 734/798/1252 754/820/1252
f 755/821/1253 751/817/1253 740/806/1253
f 755/821/1254 740/806/1254 738/804/1254
f 737/802/1255 755/821/1255 738/804/1255
f 737/802/1256 736/800/1256 755/821/1256
f 632/801/1257 637/822/1257 735/799/1257
f 638/823/1258 735/799/1258 637/822/1258
f 638/823/1259 756/824/1259 735/799/1259
f 638/823/1260 757/825/1260 756/824/1260
f 757/825/1261 733/797/1261 756/824/1261
f 757/825/1262 758/826/1262 733/797/1262
f 638/823/1263 702/827/1263 757/825/1263
f 734/798/1264 755/821/1264 736/800/1264
f 735/799/1265 756/824/1265 733/797/1265
f 732/796/1266 754/820/1266 734/798/1266
f 733/797/1267 758/826/1267 731/795/1267
f 732/796/1268 728/790/1268 753/819/1268
f 753/819/1269 728/790/1269 726/788/1269
f 727/789/1270 573/794/1270 485/787/1270
f 753/819/1271 726/788/1271 725/785/1271
f 724/784/1272 753/819/1272 725/785/1272
f 750/816/1273 724/784/1273 723/782/1273
f 722/779/1274 750/816/1274 723/782/1274
f 721/777/1275 749/815/1275 722/779/1275
f 746/812/1276 721/777/1276 720/776/1276
f 719/773/1277 746/812/1277 720/776/1277
f 719/773/1278 717/769/1278 716/768/1278
f 716/768/1279 714/766/1279 747/813/1279
f 711/763/1280 747/813/1280 714/766/1280
f 708/757/1281 711/763/1281 709/758/1281
f 708/757/1282 707/756/1282 744/810/1282
f 705/754/1283 742/808/1283 707/756/1283
f 706/755/1284 699/759/1284 700/753/1284
f 705/754/1285 704/752/1285 742/808/1285
f 704/752/1286 703/751/1286 739/805/1286
f 631/803/1287 703/751/1287 629/750/1287
f 759/828/1288 760/829/1288 761/830/1288
f 759/828/1289 761/830/1289 762/831/1289
f 763/832/1290 759/828/1290 762/831/1290
f 763/832/1291 762/831/1291 764/833/1291
f 763/832/1292 764/833/1292 765/834/1292
f 763/832/1293 765/834/1293 766/835/1293
f 763/832/1294 766/835/1294 767/836/1294
f 763/832/1295 767/836/1295 768/837/1295
f 769/838/1296 763/832/1296 768/837/1296
f 764/833/1297 770/839/1297 765/834/1297
f 764/833/1298 771/840/1298 770/839/1298
f 772/841/1299 770/839/1299 771/840/1299
f 772/841/1300 771/840/1300 773/842/1300
f 773/842/1301 774/843/1301 772/841/1301
f 773/842/1302 775/844/1302 774/843/1302
f 774/843/1303 775/844/1303 646/845/1303
f 774/843/1304 646/845/1304 648/846/1304
f 775/844/1305 644/847/1305 646/845/1305
f 775/844/1306 776/848/1306 644/847/1306
f 642/849/1307 644/847/1307 776/848/1307
f 642/849/1308 776/848/1308 777/850/1308
f 777/850/1309 641/851/1309 642/849/1309
f 777/850/1310 778/852/1310 641/851/1310
f 779/853/1311 641/851/1311 778/852/1311
f 779/853/1312 778/852/1312 780/854/1312
f 779/853/1313 780/854/1313 781/855/1313
f 779/853/1314 781/855/1314 782/856/1314
f 779/853/1315 782/856/1315 783/857/1315
f 702/858/1316 779/853/1316 783/857/1316
f 702/858/1317 639/859/1317 779/853/1317
f 784/860/1318 782/856/1318 781/855/1318
f 785/861/1319 784/860/1319 781/855/1319
f 784/860/1320 785/861/1320 786/862/1320
f 784/860/1321 786/862/1321 787/863/1321
f 787/863/1322 788/864/1322 784/860/1322
f 787/863/1323 789/865/1323 788/864/1323
f 790/866/1324 789/865/1324 787/863/1324
f 790/866/1325 787/863/1325 791/867/1325
f 792/868/1326 790/866/1326 791/867/1326
f 792/868/1327 791/867/1327 793/869/1327
f 793/869/1328 794/870/1328 792/868/1328
f 791/867/1329 795/871/1329 793/869/1329
f 791/867/1330 796/872/1330 795/871/1330
f 796/872/1331 797/873/1331 795/871/1331
f 796/872/1332 760/829/1332 797/873/1332
f 760/829/1333 769/838/1333 797/873/1333
f 760/829/1334 796/872/1334 786/862/1334
f 786/862/1335 796/872/1335 791/867/1335
f 786/862/1336 791/867/1336 787/863/1336
f 786/862/1337 785/861/1337 798/874/1337
f 786/862/1338 798/874/1338 761/830/1338
f 761/830/1339 798/874/1339 799/875/1339
f 800/876/1340 799/875/1340 798/874/1340
f 800/876/1341 798/874/1341 801/877/1341
f 776/848/1342 800/876/1342 801/877/1342
f 771/840/1343 799/875/1343 800/876/1343
f 771/840/1344 762/831/1344 799/875/1344
f 801/877/1345 798/874/1345 785/861/1345
f 801/877/1346 785/861/1346 780/854/1346
f 780/854/1347 777/850/1347 801/877/1347
f 784/860/1348 788/864/1348 782/856/1348
f 785/861/1349 781/855/1349 780/854/1349
f 779/853/1350 639/859/1350 641/851/1350
f 780/854/1351 778/852/1351 777/850/1351
f 776/848/1352 801/877/1352 777/850/1352
f 800/876/1353 776/848/1353 775/844/1353
f 800/876/1354 775/844/1354 773/842/1354
f 771/840/1355 800/876/1355 773/842/1355
f 771/840/1356 764/833/1356 762/831/1356
f 769/838/1357 759/828/1357 763/832/1357
f 761/830/1358 799/875/1358 762/831/1358
f 760/829/1359 786/862/1359 761/830/1359
f 760/829/1360 759/828/1360 769/838/1360
f 802/878/1361 803/879/1361 804/880/1361
f 802/878/1362 804/880/1362 805/881/1362
f 805/881/1363 757/882/1363 802/878/1363
f 783/883/1364 802/878/1364 757/882/1364
f 783/883/1365 757/882/1365 702/884/1365
f 805/881/1366 758/885/1366 757/882/1366
f 805/881/1367 731/886/1367 758/885/1367
f 805/881/1368 806/887/1368 731/886/1368
f 807/888/1369 731/886/1369 806/887/1369
f 807/888/1370 806/887/1370 808/889/1370
f 807/888/1371 808/889/1371 809/890/1371
f 810/891/1372 807/888/1372 809/890/1372
f 811/892/1373 810/891/1373 809/890/1373
f 812/893/1374 811/892/1374 809/890/1374
f 813/894/1375 811/892/1375 812/893/1375
f 813/894/1376 812/893/1376 814/895/1376
f 815/896/1377 813/894/1377 814/895/1377
f 816/897/1378 815/896/1378 814/895/1378
f 814/895/1379 817/898/1379 816/897/1379
f 818/899/1380 816/897/1380 817/898/1380
f 803/879/1381 818/899/1381 817/898/1381
f 782/900/1382 818/899/1382 803/879/1382
f 803/879/1383 783/883/1383 782/900/1383
f 782/900/1384 788/901/1384 818/899/1384
f 819/902/1385 818/899/1385 788/901/1385
f 819/902/1386 788/901/1386 789/903/1386
f 820/904/1387 819/902/1387 789/903/1387
f 820/904/1388 789/903/1388 790/905/1388
f 820/904/1389 790/905/1389 792/906/1389
f 820/904/1390 792/906/1390 821/907/1390
f 820/904/1391 821/907/1391 822/908/1391
f 820/904/1392 822/908/1392 823/909/1392
f 822/908/1393 815/896/1393 823/909/1393
f 822/908/1394 824/910/1394 815/896/1394
f 825/911/1395 815/896/1395 824/910/1395
f 825/911/1396 824/910/1396 826/912/1396
f 827/913/1397 825/911/1397 826/912/1397
f 828/914/1398 827/913/1398 826/912/1398
f 828/914/1399 826/912/1399 829/915/1399
f 829/915/1400 830/916/1400 828/914/1400
f 830/916/1401 609/917/1401 828/914/1401
f 830/916/1402 610/918/1402 609/917/1402
f 829/915/1403 831/919/1403 830/916/1403
f 832/920/1404 831/919/1404 829/915/1404
f 829/915/1405 824/910/1405 832/920/1405
f 824/910/1406 833/921/1406 832/920/1406
f 609/917/1407 827/913/1407 828/914/1407
f 609/917/1408 612/922/1408 827/913/1408
f 834/923/1409 827/913/1409 612/922/1409
f 834/923/1410 612/922/1410 613/924/1410
f 613/924/1411 835/925/1411 834/923/1411
f 813/894/1412 834/923/1412 835/925/1412
f 836/926/1413 813/894/1413 835/925/1413
f 836/926/1414 835/925/1414 615/927/1414
f 836/926/1415 615/927/1415 617/928/1415
f 810/891/1416 836/926/1416 617/928/1416
f 810/891/1417 617/928/1417 618/929/1417
f 618/929/1418 730/930/1418 810/891/1418
f 618/929/1419 574/931/1419 730/930/1419
f 813/894/1420 825/911/1420 834/923/1420
f 613/924/1421 615/927/1421 835/925/1421
f 827/913/1422 834/923/1422 825/911/1422
f 829/915/1423 826/912/1423 824/910/1423
f 824/910/1424 822/908/1424 833/921/1424
f 837/932/1425 833/921/1425 822/908/1425
f 837/932/1426 822/908/1426 821/907/1426
f 794/933/1427 837/932/1427 821/907/1427
f 794/933/1428 821/907/1428 792/906/1428
f 819/902/1429 820/904/1429 823/909/1429
f 819/902/1430 823/909/1430 816/897/1430
f 818/899/1431 819/902/1431 816/897/1431
f 816/897/1432 823/909/1432 815/896/1432
f 815/896/1433 825/911/1433 813/894/1433
f 814/895/1434 812/893/1434 817/898/1434
f 812/893/1435 804/880/1435 817/898/1435
f 812/893/1436 808/889/1436 804/880/1436
f 836/926/1437 811/892/1437 813/894/1437
f 811/892/1438 836/926/1438 810/891/1438
f 810/891/1439 730/930/1439 807/888/1439
f 729/934/1440 807/888/1440 730/930/1440
f 812/893/1441 809/890/1441 808/889/1441
f 804/880/1442 808/889/1442 806/887/1442
f 807/888/1443 729/934/1443 731/886/1443
f 804/880/1444 806/887/1444 805/881/1444
f 803/879/1445 817/898/1445 804/880/1445
f 803/879/1446 802/878/1446 783/883/1446
usemtl material_0.251
f 838/935/1447 839/936/1447 840/937/1447
f 841/938/1448 838/935/1448 840/937/1448
f 840/937/1449 842/939/1449 841/938/1449
f 841/938/1450 842/939/1450 843/940/1450
f 844/941/1451 841/938/1451 843/940/1451
f 845/942/1452 841/938/1452 844/941/1452
f 844/941/1453 846/943/1453 845/942/1453
f 845/942/1454 846/943/1454 847/944/1454
f 845/942/1455 847/944/1455 848/945/1455
f 848/945/1456 847/944/1456 849/946/1456
f 849/946/1457 850/947/1457 848/945/1457
f 848/945/1458 850/947/1458 851/948/1458
f 851/948/1459 841/938/1459 848/945/1459
f 851/948/1460 850/947/1460 852/949/1460
f 852/949/1461 853/950/1461 851/948/1461
f 851/948/1462 853/950/1462 838/935/1462
f 854/951/1463 838/935/1463 853/950/1463
f 853/950/1464 855/952/1464 854/951/1464
f 855/952/1465 856/953/1465 854/951/1465
f 854/951/1466 856/953/1466 839/936/1466
f 839/936/1467 856/953/1467 857/954/1467
f 857/954/1468 858/955/1468 839/936/1468
f 859/956/1469 858/955/1469 857/954/1469
f 857/954/1470 860/957/1470 859/956/1470
f 860/957/1471 861/958/1471 859/956/1471
f 862/959/1472 861/958/1472 860/957/1472
f 863/960/1473 860/957/1473 857/954/1473
f 857/954/1474 864/961/1474 863/960/1474
f 859/956/1475 861/958/1475 858/955/1475
f 858/955/1476 861/958/1476 865/962/1476
f 842/939/1477 858/955/1477 865/962/1477
f 856/953/1478 864/961/1478 857/954/1478
f 864/961/1479 856/953/1479 866/963/1479
f 866/963/1480 856/953/1480 867/964/1480
f 866/963/1481 867/964/1481 868/965/1481
f 868/965/1482 867/964/1482 869/966/1482
f 869/966/1483 870/967/1483 868/965/1483
f 871/968/1484 870/967/1484 869/966/1484
f 871/968/1485 869/966/1485 872/969/1485
f 872/969/1486 873/970/1486 871/968/1486
f 874/971/1487 873/970/1487 872/969/1487
f 872/969/1488 875/972/1488 874/971/1488
f 874/971/1489 875/972/1489 876/973/1489
f 874/971/1490 876/973/1490 877/974/1490
f 878/975/1491 874/971/1491 877/974/1491
f 877/974/1492 879/976/1492 878/975/1492
f 878/975/1493 879/976/1493 880/977/1493
f 880/977/1494 881/978/1494 878/975/1494
f 881/978/1495 882/979/1495 878/975/1495
f 878/975/1496 882/979/1496 873/970/1496
f 870/967/1497 873/970/1497 882/979/1497
f 883/980/1498 881/978/1498 880/977/1498
f 880/977/1499 884/981/1499 883/980/1499
f 885/982/1500 884/981/1500 880/977/1500
f 880/977/1501 886/983/1501 885/982/1501
f 879/976/1502 886/983/1502 880/977/1502
f 879/976/1503 887/984/1503 886/983/1503
f 886/983/1504 887/984/1504 888/985/1504
f 887/984/1505 889/986/1505 888/985/1505
f 890/987/1506 889/986/1506 887/984/1506
f 891/988/1507 890/987/1507 887/984/1507
f 887/984/1508 877/974/1508 891/988/1508
f 892/989/1509 890/987/1509 891/988/1509
f 876/973/1510 892/989/1510 891/988/1510
f 893/990/1511 892/989/1511 876/973/1511
f 893/990/1512 876/973/1512 894/991/1512
f 894/991/1513 895/992/1513 893/990/1513
f 896/993/1514 893/990/1514 895/992/1514
f 895/992/1515 897/994/1515 896/993/1515
f 896/993/1516 897/994/1516 898/995/1516
f 898/995/1517 899/996/1517 896/993/1517
f 896/993/1518 899/996/1518 900/997/1518
f 900/997/1519 890/987/1519 896/993/1519
f 899/996/1520 901/998/1520 900/997/1520
f 901/998/1521 889/986/1521 900/997/1521
f 902/999/1522 901/998/1522 899/996/1522
f 903/1000/1523 902/999/1523 899/996/1523
f 903/1000/1524 899/996/1524 904/1001/1524
f 905/1002/1525 902/999/1525 903/1000/1525
f 904/1001/1526 899/996/1526 898/995/1526
f 897/994/1527 904/1001/1527 898/995/1527
f 906/1003/1528 904/1001/1528 897/994/1528
f 897/994/1529 907/1004/1529 906/1003/1529
f 908/1005/1530 907/1004/1530 897/994/1530
f 908/1005/1531 897/994/1531 909/1006/1531
f 909/1006/1532 910/1007/1532 908/1005/1532
f 908/1005/1533 910/1007/1533 911/1008/1533
f 911/1008/1534 912/1009/1534 908/1005/1534
f 913/1010/1535 912/1009/1535 911/1008/1535
f 911/1008/1536 914/1011/1536 913/1010/1536
f 914/1011/1537 850/947/1537 913/1010/1537
f 913/1010/1538 850/947/1538 915/1012/1538
f 916/1013/1539 913/1010/1539 915/1012/1539
f 849/946/1540 916/1013/1540 915/1012/1540
f 917/1014/1541 916/1013/1541 849/946/1541
f 849/946/1542 918/1015/1542 917/1014/1542
f 919/1016/1543 913/1010/1543 916/1013/1543
f 919/1016/1544 912/1009/1544 913/1010/1544
f 910/1007/1545 914/1011/1545 911/1008/1545
f 910/1007/1546 920/1017/1546 914/1011/1546
f 914/1011/1547 920/1017/1547 921/1018/1547
f 921/1018/1548 852/949/1548 914/1011/1548
f 922/1019/1549 921/1018/1549 920/1017/1549
f 922/1019/1550 920/1017/1550 875/972/1550
f 922/1019/1551 875/972/1551 923/1020/1551
f 923/1020/1552 924/1021/1552 922/1019/1552
f 855/952/1553 924/1021/1553 923/1020/1553
f 869/966/1554 855/952/1554 923/1020/1554
f 875/972/1555 920/1017/1555 894/991/1555
f 924/1021/1556 921/1018/1556 922/1019/1556
f 853/950/1557 921/1018/1557 924/1021/1557
f 920/1017/1558 910/1007/1558 894/991/1558
f 894/991/1559 910/1007/1559 909/1006/1559
f 908/1005/1560 912/1009/1560 907/1004/1560
f 909/1006/1561 897/994/1561 895/992/1561
f 909/1006/1562 895/992/1562 894/991/1562
f 892/989/1563 893/990/1563 896/993/1563
f 896/993/1564 890/987/1564 892/989/1564
f 900/997/1565 889/986/1565 890/987/1565
f 879/976/1566 877/974/1566 887/984/1566
f 877/974/1567 876/973/1567 891/988/1567
f 894/991/1568 876/973/1568 875/972/1568
f 923/1020/1569 875/972/1569 872/969/1569
f 873/970/1570 874/971/1570 878/975/1570
f 872/969/1571 869/966/1571 923/1020/1571
f 871/968/1572 873/970/1572 870/967/1572
f 867/964/1573 855/952/1573 869/966/1573
f 867/964/1574 856/953/1574 855/952/1574
f 924/1021/1575 855/952/1575 853/950/1575
f 852/949/1576 921/1018/1576 853/950/1576
f 914/1011/1577 852/949/1577 850/947/1577
f 915/1012/1578 850/947/1578 849/946/1578
f 847/944/1579 918/1015/1579 849/946/1579
f 846/943/1580 918/1015/1580 847/944/1580
f 925/1022/1581 918/1015/1581 846/943/1581
f 848/945/1582 841/938/1582 845/942/1582
f 840/937/1583 858/955/1583 842/939/1583
f 851/948/1584 838/935/1584 841/938/1584
f 840/937/1585 839/936/1585 858/955/1585
f 839/936/1586 838/935/1586 854/951/1586
f 926/1023/1587 927/1024/1587 925/1025/1587
f 925/1025/1588 927/1024/1588 918/1026/1588
f 927/1024/1589 928/1027/1589 918/1026/1589
f 918/1026/1590 928/1027/1590 917/1028/1590
f 928/1027/1591 916/1029/1591 917/1028/1591
f 929/1030/1592 916/1029/1592 928/1027/1592
f 928/1027/1593 930/1031/1593 929/1030/1593
f 929/1030/1594 930/1031/1594 931/1032/1594
f 929/1030/1595 931/1032/1595 932/1033/1595
f 932/1033/1596 931/1032/1596 933/1034/1596
f 932/1033/1597 933/1034/1597 934/1035/1597
f 934/1035/1598 919/1036/1598 932/1033/1598
f 916/1029/1599 932/1033/1599 919/1036/1599
f 912/1037/1600 919/1036/1600 934/1035/1600
f 935/1038/1601 912/1037/1601 934/1035/1601
f 936/1039/1602 935/1038/1602 934/1035/1602
f 937/1040/1603 935/1038/1603 936/1039/1603
f 938/1041/1604 937/1040/1604 936/1039/1604
f 936/1039/1605 939/1042/1605 938/1041/1605
f 939/1042/1606 940/1043/1606 938/1041/1606
f 938/1041/1607 940/1043/1607 941/1044/1607
f 938/1041/1608 941/1044/1608 942/1045/1608
f 942/1045/1609 941/1044/1609 943/1046/1609
f 944/1047/1610 942/1045/1610 943/1046/1610
f 943/1046/1611 945/1048/1611 944/1047/1611
f 946/1049/1612 944/1047/1612 945/1048/1612
f 947/1050/1613 946/1049/1613 945/1048/1613
f 948/1051/1614 947/1050/1614 945/1048/1614
f 949/1052/1615 947/1050/1615 948/1051/1615
f 948/1051/1616 950/1053/1616 949/1052/1616
f 949/1052/1617 950/1053/1617 951/1054/1617
f 951/1054/1618 950/1053/1618 952/1055/1618
f 952/1055/1619 950/1053/1619 953/1056/1619
f 952/1055/1620 953/1056/1620 954/1057/1620
f 954/1057/1621 953/1056/1621 955/1058/1621
f 955/1058/1622 956/1059/1622 954/1057/1622
f 954/1057/1623 956/1059/1623 957/1060/1623
f 956/1059/1624 958/1061/1624 957/1060/1624
f 959/1062/1625 958/1061/1625 956/1059/1625
f 956/1059/1626 960/1063/1626 959/1062/1626
f 959/1062/1627 960/1063/1627 961/1064/1627
f 961/1064/1628 962/1065/1628 959/1062/1628
f 963/1066/1629 962/1065/1629 961/1064/1629
f 961/1064/1630 964/1067/1630 963/1066/1630
f 963/1066/1631 964/1067/1631 965/1068/1631
f 966/1069/1632 965/1068/1632 964/1067/1632
f 966/1069/1633 964/1067/1633 930/1031/1633
f 930/1031/1634 964/1067/1634 967/1070/1634
f 968/1071/1635 965/1068/1635 966/1069/1635
f 968/1071/1636 966/1069/1636 926/1023/1636
f 961/1064/1637 967/1070/1637 964/1067/1637
f 960/1063/1638 967/1070/1638 961/1064/1638
f 960/1063/1639 969/1072/1639 967/1070/1639
f 969/1072/1640 931/1032/1640 967/1070/1640
f 970/1073/1641 969/1072/1641 960/1063/1641
f 970/1073/1642 940/1043/1642 969/1072/1642
f 940/1043/1643 970/1073/1643 953/1056/1643
f 960/1063/1644 956/1059/1644 970/1073/1644
f 962/1065/1645 958/1061/1645 959/1062/1645
f 971/1074/1646 958/1061/1646 962/1065/1646
f 970/1073/1647 956/1059/1647 955/1058/1647
f 953/1056/1648 970/1073/1648 955/1058/1648
f 941/1044/1649 953/1056/1649 950/1053/1649
f 948/1051/1650 943/1046/1650 950/1053/1650
f 972/1075/1651 946/1049/1651 947/1050/1651
f 946/1049/1652 972/1075/1652 973/1076/1652
f 946/1049/1653 973/1076/1653 974/1077/1653
f 974/1077/1654 973/1076/1654 975/1078/1654
f 976/1079/1655 974/1077/1655 975/1078/1655
f 975/1078/1656 977/1080/1656 976/1079/1656
f 976/1079/1657 977/1080/1657 978/1081/1657
f 976/1079/1658 978/1081/1658 979/1082/1658
f 979/1082/1659 980/1083/1659 976/1079/1659
f 981/1084/1660 980/1083/1660 979/1082/1660
f 979/1082/1661 982/1085/1661 981/1084/1661
f 983/1086/1662 981/1084/1662 982/1085/1662
f 982/1085/1663 906/1087/1663 983/1086/1663
f 983/1086/1664 906/1087/1664 935/1038/1664
f 935/1038/1665 984/1088/1665 983/1086/1665
f 935/1038/1666 906/1087/1666 907/1089/1666
f 904/1090/1667 906/1087/1667 982/1085/1667
f 982/1085/1668 903/1091/1668 904/1090/1668
f 985/1092/1669 903/1091/1669 982/1085/1669
f 903/1091/1670 985/1092/1670 905/1093/1670
f 905/1093/1671 985/1092/1671 986/1094/1671
f 985/1092/1672 987/1095/1672 986/1094/1672
f 979/1082/1673 987/1095/1673 985/1092/1673
f 984/1088/1674 981/1084/1674 983/1086/1674
f 988/1096/1675 981/1084/1675 984/1088/1675
f 984/1088/1676 942/1045/1676 988/1096/1676
f 937/1040/1677 942/1045/1677 984/1088/1677
f 985/1092/1678 982/1085/1678 979/1082/1678
f 980/1083/1679 981/1084/1679 988/1096/1679
f 944/1047/1680 980/1083/1680 988/1096/1680
f 974/1077/1681 980/1083/1681 944/1047/1681
f 979/1082/1682 978/1081/1682 987/1095/1682
f 975/1078/1683 989/1097/1683 977/1080/1683
f 980/1083/1684 974/1077/1684 976/1079/1684
f 973/1076/1685 989/1097/1685 975/1078/1685
f 989/1097/1686 973/1076/1686 990/1098/1686
f 990/1098/1687 973/1076/1687 991/1099/1687
f 973/1076/1688 972/1075/1688 991/1099/1688
f 974/1077/1689 944/1047/1689 946/1049/1689
f 948/1051/1690 945/1048/1690 943/1046/1690
f 988/1096/1691 942/1045/1691 944/1047/1691
f 950/1053/1692 943/1046/1692 941/1044/1692
f 940/1043/1693 953/1056/1693 941/1044/1693
f 969/1072/1694 940/1043/1694 939/1042/1694
f 939/1042/1695 933/1034/1695 969/1072/1695
f 933/1034/1696 939/1042/1696 936/1039/1696
f 942/1045/1697 937/1040/1697 938/1041/1697
f 937/1040/1698 984/1088/1698 935/1038/1698
f 907/1089/1699 912/1037/1699 935/1038/1699
f 934/1035/1700 933/1034/1700 936/1039/1700
f 969/1072/1701 933/1034/1701 931/1032/1701
f 967/1070/1702 931/1032/1702 930/1031/1702
f 930/1031/1703 928/1027/1703 966/1069/1703
f 929/1030/1704 932/1033/1704 916/1029/1704
f 966/1069/1705 928/1027/1705 927/1024/1705
f 926/1023/1706 966/1069/1706 927/1024/1706
f 992/1100/1707 993/1101/1707 994/1102/1707
f 994/1102/1708 993/1101/1708 995/1103/1708
f 994/1102/1709 995/1103/1709 996/1104/1709
f 996/1104/1710 995/1103/1710 997/1105/1710
f 997/1105/1711 971/1106/1711 996/1104/1711
f 958/1107/1712 971/1106/1712 997/1105/1712
f 997/1105/1713 957/1108/1713 958/1107/1713
f 998/1109/1714 957/1108/1714 997/1105/1714
f 997/1105/1715 999/1110/1715 998/1109/1715
f 999/1110/1716 1000/1111/1716 998/1109/1716
f 1001/1112/1717 1000/1111/1717 999/1110/1717
f 1001/1112/1718 999/1110/1718 1002/1113/1718
f 1002/1113/1719 1003/1114/1719 1001/1112/1719
f 1001/1112/1720 1003/1114/1720 1004/1115/1720
f 1004/1115/1721 1003/1114/1721 1005/1116/1721
f 1005/1116/1722 1006/1117/1722 1004/1115/1722
f 1006/1117/1723 1000/1111/1723 1004/1115/1723
f 1000/1111/1724 1006/1117/1724 954/1118/1724
f 954/1118/1725 957/1108/1725 1000/1111/1725
f 954/1118/1726 1006/1117/1726 952/1119/1726
f 952/1119/1727 1006/1117/1727 951/1120/1727
f 951/1120/1728 1006/1117/1728 1007/1121/1728
f 1007/1121/1729 1008/1122/1729 951/1120/1729
f 951/1120/1730 1008/1122/1730 949/1123/1730
f 1008/1122/1731 1009/1124/1731 949/1123/1731
f 949/1123/1732 1009/1124/1732 947/1125/1732
f 947/1125/1733 1009/1124/1733 972/1126/1733
f 972/1126/1734 1009/1124/1734 1010/1127/1734
f 1010/1127/1735 1011/1128/1735 972/1126/1735
f 972/1126/1736 1011/1128/1736 991/1129/1736
f 991/1129/1737 1011/1128/1737 990/1130/1737
f 990/1130/1738 1011/1128/1738 1012/1131/1738
f 1013/1132/1739 1012/1131/1739 1011/1128/1739
f 1014/1133/1740 1012/1131/1740 1013/1132/1740
f 1013/1132/1741 1015/1134/1741 1014/1133/1741
f 1016/1135/1742 1015/1134/1742 1013/1132/1742
f 1013/1132/1743 1017/1136/1743 1016/1135/1743
f 1017/1136/1744 1018/1137/1744 1016/1135/1744
f 1016/1135/1745 1018/1137/1745 1019/1138/1745
f 1020/1139/1746 1016/1135/1746 1019/1138/1746
f 1020/1139/1747 1019/1138/1747 1021/1140/1747
f 1021/1140/1748 1019/1138/1748 1022/1141/1748
f 1019/1138/1749 1018/1137/1749 1022/1141/1749
f 1022/1141/1750 1018/1137/1750 1023/1142/1750
f 1023/1142/1751 1018/1137/1751 1024/1143/1751
f 1024/1143/1752 1018/1137/1752 1025/1144/1752
f 1025/1144/1753 1026/1145/1753 1024/1143/1753
f 1024/1143/1754 1026/1145/1754 1027/1146/1754
f 1027/1146/1755 1026/1145/1755 1028/1147/1755
f 1028/1147/1756 1026/1145/1756 1029/1148/1756
f 1029/1148/1757 1030/1149/1757 1028/1147/1757
f 1031/1150/1758 1030/1149/1758 1029/1148/1758
f 1031/1150/1759 1029/1148/1759 1003/1114/1759
f 1003/1114/1760 1029/1148/1760 1032/1151/1760
f 1033/1152/1761 1030/1149/1761 1031/1150/1761
f 1031/1150/1762 1002/1113/1762 1033/1152/1762
f 1033/1152/1763 1002/1113/1763 1034/1153/1763
f 1033/1152/1764 1034/1153/1764 1035/1154/1764
f 1035/1154/1765 1034/1153/1765 1036/1155/1765
f 1036/1155/1766 1034/1153/1766 1037/1156/1766
f 1037/1156/1767 1034/1153/1767 1038/1157/1767
f 1037/1156/1768 1038/1157/1768 1039/1158/1768
f 1039/1158/1769 1038/1157/1769 1040/1159/1769
f 1038/1157/1770 992/1100/1770 1040/1159/1770
f 1034/1153/1771 993/1101/1771 1038/1157/1771
f 1041/1160/1772 993/1101/1772 1034/1153/1772
f 1034/1153/1773 1002/1113/1773 1041/1160/1773
f 1035/1154/1774 1030/1149/1774 1033/1152/1774
f 1029/1148/1775 1026/1145/1775 1032/1151/1775
f 1032/1151/1776 1026/1145/1776 1042/1161/1776
f 1032/1151/1777 1042/1161/1777 1005/1116/1777
f 1005/1116/1778 1042/1161/1778 1043/1162/1778
f 1005/1116/1779 1043/1162/1779 1007/1121/1779
f 1043/1162/1780 1042/1161/1780 1044/1163/1780
f 1044/1163/1781 1008/1122/1781 1043/1162/1781
f 1044/1163/1782 1042/1161/1782 1045/1164/1782
f 1044/1163/1783 1045/1164/1783 1046/1165/1783
f 1046/1165/1784 1009/1124/1784 1044/1163/1784
f 1046/1165/1785 1045/1164/1785 1017/1136/1785
f 1026/1145/1786 1045/1164/1786 1042/1161/1786
f 1025/1144/1787 1045/1164/1787 1026/1145/1787
f 1025/1144/1788 1018/1137/1788 1045/1164/1788
f 1045/1164/1789 1018/1137/1789 1017/1136/1789
f 1046/1165/1790 1017/1136/1790 1013/1132/1790
f 1046/1165/1791 1013/1132/1791 1010/1127/1791
f 1015/1134/1792 1016/1135/1792 1020/1139/1792
f 1010/1127/1793 1013/1132/1793 1011/1128/1793
f 1010/1127/1794 1009/1124/1794 1046/1165/1794
f 1009/1124/1795 1008/1122/1795 1044/1163/1795
f 1007/1121/1796 1043/1162/1796 1008/1122/1796
f 1007/1121/1797 1006/1117/1797 1005/1116/1797
f 1005/1116/1798 1003/1114/1798 1032/1151/1798
f 1003/1114/1799 1002/1113/1799 1031/1150/1799
f 1002/1113/1800 999/1110/1800 1041/1160/1800
f 999/1110/1801 995/1103/1801 1041/1160/1801
f 1004/1115/1802 1000/1111/1802 1001/1112/1802
f 1000/1111/1803 957/1108/1803 998/1109/1803
f 995/1103/1804 999/1110/1804 997/1105/1804
f 1041/1160/1805 995/1103/1805 993/1101/1805
f 993/1101/1806 992/1100/1806 1038/1157/1806
usemtl material_0.252
f 1047/1166/1807 1048/1167/1807 1049/1168/1807
f 1048/1167/1808 1047/1166/1808 1050/1169/1808
f 1050/1169/1809 1051/1170/1809 1048/1167/1809
f 1050/1169/1810 1052/1171/1810 1051/1170/1810
f 1053/1172/1811 1051/1170/1811 1052/1171/1811
f 1053/1172/1812 1052/1171/1812 1054/1173/1812
f 1053/1172/1813 1054/1173/1813 1055/1174/1813
f 1053/1172/1814 1055/1174/1814 1056/1175/1814
f 1057/1176/1815 1056/1175/1815 1055/1174/1815
f 1057/1176/1816 1055/1174/1816 1058/1177/1816
f 1059/1178/1817 1057/1176/1817 1058/1177/1817
f 1058/1177/1818 1060/1179/1818 1059/1178/1818
f 1061/1180/1819 1059/1178/1819 1060/1179/1819
f 1061/1180/1820 1060/1179/1820 1062/1181/1820
f 1060/1179/1821 1063/1182/1821 1062/1181/1821
f 1060/1179/1822 1064/1183/1822 1063/1182/1822
f 1065/1184/1823 1063/1182/1823 1064/1183/1823
f 1064/1183/1824 1066/1185/1824 1065/1184/1824
f 1065/1184/1825 1066/1185/1825 1067/1186/1825
f 1065/1184/1826 1067/1186/1826 1068/1187/1826
f 1069/1188/1827 1065/1184/1827 1068/1187/1827
f 1069/1188/1828 1068/1187/1828 1070/1189/1828
f 1069/1188/1829 1070/1189/1829 1071/1190/1829
f 1072/1191/1830 1070/1189/1830 1068/1187/1830
f 1069/1188/1831 1073/1192/1831 1065/1184/1831
f 1072/1191/1832 1068/1187/1832 1067/1186/1832
f 1074/1193/1833 1072/1191/1833 1067/1186/1833
f 1075/1194/1834 1074/1193/1834 1067/1186/1834
f 1074/1193/1835 1075/1194/1835 1076/1195/1835
f 1074/1193/1836 1076/1195/1836 1077/1196/1836
f 1078/1197/1837 1074/1193/1837 1077/1196/1837
f 1078/1197/1838 1077/1196/1838 1079/1198/1838
f 1077/1196/1839 1080/1199/1839 1079/1198/1839
f 1077/1196/1840 1081/1200/1840 1080/1199/1840
f 1080/1199/1841 1081/1200/1841 1082/1201/1841
f 1080/1199/1842 1082/1201/1842 1083/1202/1842
f 1082/1201/1843 1084/1203/1843 1083/1202/1843
f 1085/1204/1844 1083/1202/1844 1084/1203/1844
f 1084/1203/1845 1082/1201/1845 1086/1205/1845
f 1086/1205/1846 1082/1201/1846 1087/1206/1846
f 1088/1207/1847 1087/1206/1847 1082/1201/1847
f 1089/1208/1848 1088/1207/1848 1082/1201/1848
f 1090/1209/1849 1088/1207/1849 1089/1208/1849
f 1076/1195/1850 1090/1209/1850 1089/1208/1850
f 1076/1195/1851 1091/1210/1851 1090/1209/1851
f 1092/1211/1852 1090/1209/1852 1091/1210/1852
f 1092/1211/1853 1091/1210/1853 1093/1212/1853
f 1054/1173/1854 1092/1211/1854 1093/1212/1854
f 1094/1213/1855 1093/1212/1855 1091/1210/1855
f 1094/1213/1856 1095/1214/1856 1093/1212/1856
f 1055/1174/1857 1093/1212/1857 1095/1214/1857
f 1096/1215/1858 1095/1214/1858 1094/1213/1858
f 1096/1215/1859 1094/1213/1859 1097/1216/1859
f 1096/1215/1860 1097/1216/1860 1064/1183/1860
f 1066/1185/1861 1097/1216/1861 1094/1213/1861
f 1066/1185/1862 1094/1213/1862 1075/1194/1862
f 1058/1177/1863 1095/1214/1863 1096/1215/1863
f 1098/1217/1864 1090/1209/1864 1092/1211/1864
f 1052/1171/1865 1098/1217/1865 1092/1211/1865
f 1098/1217/1866 1099/1218/1866 1090/1209/1866
f 1098/1217/1867 1100/1219/1867 1099/1218/1867
f 1099/1218/1868 1100/1219/1868 1101/1220/1868
f 1102/1221/1869 1099/1218/1869 1101/1220/1869
f 1099/1218/1870 1102/1221/1870 1088/1207/1870
f 1103/1222/1871 1088/1207/1871 1102/1221/1871
f 1100/1219/1872 1098/1217/1872 1104/1223/1872
f 1104/1223/1873 1098/1217/1873 1105/1224/1873
f 1050/1169/1874 1105/1224/1874 1098/1217/1874
f 1050/1169/1875 1106/1225/1875 1105/1224/1875
f 1094/1213/1876 1091/1210/1876 1076/1195/1876
f 1090/1209/1877 1099/1218/1877 1088/1207/1877
f 1088/1207/1878 1103/1222/1878 1087/1206/1878
f 1089/1208/1879 1082/1201/1879 1081/1200/1879
f 1089/1208/1880 1081/1200/1880 1077/1196/1880
f 1089/1208/1881 1077/1196/1881 1076/1195/1881
f 1094/1213/1882 1076/1195/1882 1075/1194/1882
f 1074/1193/1883 1078/1197/1883 1072/1191/1883
f 1075/1194/1884 1067/1186/1884 1066/1185/1884
f 1064/1183/1885 1097/1216/1885 1066/1185/1885
f 1065/1184/1886 1073/1192/1886 1063/1182/1886
f 1096/1215/1887 1064/1183/1887 1060/1179/1887
f 1107/1226/1888 1059/1178/1888 1061/1180/1888
f 1107/1226/1889 1108/1227/1889 1059/1178/1889
f 1058/1177/1890 1096/1215/1890 1060/1179/1890
f 1059/1178/1891 1108/1227/1891 1057/1176/1891
f 1058/1177/1892 1055/1174/1892 1095/1214/1892
f 1055/1174/1893 1054/1173/1893 1093/1212/1893
f 1054/1173/1894 1052/1171/1894 1092/1211/1894
f 1052/1171/1895 1050/1169/1895 1098/1217/1895
f 1106/1225/1896 1050/1169/1896 1047/1166/1896
f 1109/1228/1897 1110/1229/1897 1111/1230/1897
f 1109/1228/1898 1111/1230/1898 1112/1231/1898
f 1112/1231/1899 1113/1232/1899 1109/1228/1899
f 1113/1232/1900 1114/1233/1900 1109/1228/1900
f 1113/1232/1901 1115/1234/1901 1114/1233/1901
f 1114/1233/1902 1115/1234/1902 1116/1235/1902
f 1114/1233/1903 1116/1235/1903 1117/1236/1903
f 1118/1237/1904 1114/1233/1904 1117/1236/1904
f 1118/1237/1905 1117/1236/1905 1119/1238/1905
f 1120/1239/1906 1118/1237/1906 1119/1238/1906
f 1120/1239/1907 1119/1238/1907 1121/1240/1907
f 1122/1241/1908 1120/1239/1908 1121/1240/1908
f 1122/1241/1909 1121/1240/1909 1123/1242/1909
f 1122/1241/1910 1123/1242/1910 1124/1243/1910
f 1122/1241/1911 1124/1243/1911 1125/1244/1911
f 1126/1245/1912 1122/1241/1912 1125/1244/1912
f 1125/1244/1913 1127/1246/1913 1126/1245/1913
f 1126/1245/1914 1127/1246/1914 1128/1247/1914
f 1126/1245/1915 1128/1247/1915 1129/1248/1915
f 1130/1249/1916 1126/1245/1916 1129/1248/1916
f 1130/1249/1917 1129/1248/1917 1131/1250/1917
f 1132/1251/1918 1130/1249/1918 1131/1250/1918
f 1132/1251/1919 1131/1250/1919 1133/1252/1919
f 1132/1251/1920 1133/1252/1920 1111/1230/1920
f 1111/1230/1921 1133/1252/1921 1134/1253/1921
f 1111/1230/1922 1134/1253/1922 1135/1254/1922
f 1136/1255/1923 1135/1254/1923 1134/1253/1923
f 1134/1253/1923 1137/1256/1923 1136/1255/1923
f 1137/1256/1924 1134/1253/1924 1138/1257/1924
f 1137/1256/1925 1138/1257/1925 1139/1258/1925
f 1137/1256/1926 1139/1258/1926 1140/1259/1926
f 1139/1258/1926 1141/1260/1926 1140/1259/1926
f 1141/1260/1926 1139/1258/1926 1131/1250/1926
f 1142/1261/1927 1141/1260/1927 1131/1250/1927
f 1138/1257/1928 1133/1252/1928 1139/1258/1928
f 1138/1257/1929 1134/1253/1929 1133/1252/1929
f 1131/1250/1930 1139/1258/1930 1133/1252/1930
f 1122/1241/1931 1130/1249/1931 1132/1251/1931
f 1142/1261/1932 1131/1250/1932 1129/1248/1932
f 1125/1244/1933 1143/1262/1933 1127/1246/1933
f 1144/1263/1934 1127/1246/1934 1143/1262/1934
f 1125/1244/1935 1145/1264/1935 1143/1262/1935
f 1126/1245/1936 1130/1249/1936 1122/1241/1936
f 1125/1244/1937 1124/1243/1937 1145/1264/1937
f 1124/1243/1938 1123/1242/1938 1146/1265/1938
f 1123/1242/1939 1147/1266/1939 1146/1265/1939
f 1148/1267/1940 1146/1265/1940 1147/1266/1940
f 1148/1267/1941 1147/1266/1941 1149/1268/1941
f 1148/1267/1942 1149/1268/1942 1150/1269/1942
f 1148/1267/1943 1150/1269/1943 1151/1270/1943
f 1148/1267/1944 1151/1270/1944 1152/1271/1944
f 1153/1272/1945 1148/1267/1945 1152/1271/1945
f 1154/1273/1946 1151/1270/1946 1150/1269/1946
f 1154/1273/1947 1150/1269/1947 1155/1274/1947
f 1155/1274/1948 1156/1275/1948 1154/1273/1948
f 1155/1274/1949 1157/1276/1949 1156/1275/1949
f 1156/1275/1950 1157/1276/1950 1158/1277/1950
f 1159/1278/1951 1158/1277/1951 1157/1276/1951
f 1159/1278/1952 1160/1279/1952 1158/1277/1952
f 1161/1280/1953 1158/1277/1953 1160/1279/1953
f 1160/1279/1954 1162/1281/1954 1161/1280/1954
f 1162/1281/1955 1069/1282/1955 1161/1280/1955
f 1163/1283/1956 1161/1280/1956 1069/1282/1956
f 1163/1283/1957 1069/1282/1957 1071/1284/1957
f 1162/1281/1958 1073/1285/1958 1069/1282/1958
f 1162/1281/1959 1063/1286/1959 1073/1285/1959
f 1162/1281/1960 1164/1287/1960 1063/1286/1960
f 1063/1286/1961 1164/1287/1961 1165/1288/1961
f 1063/1286/1962 1165/1288/1962 1062/1289/1962
f 1166/1290/1963 1062/1289/1963 1165/1288/1963
f 1166/1290/1964 1165/1288/1964 1167/1291/1964
f 1166/1290/1965 1167/1291/1965 1168/1292/1965
f 1168/1292/1966 1169/1293/1966 1166/1290/1966
f 1166/1290/1967 1169/1293/1967 1107/1294/1967
f 1166/1290/1968 1107/1294/1968 1061/1295/1968
f 1168/1292/1969 1170/1296/1969 1169/1293/1969
f 1171/1297/1970 1170/1296/1970 1168/1292/1970
f 1171/1297/1971 1168/1292/1971 1172/1298/1971
f 1112/1231/1972 1171/1297/1972 1172/1298/1972
f 1112/1231/1973 1173/1299/1973 1171/1297/1973
f 1135/1254/1974 1173/1299/1974 1112/1231/1974
f 1113/1232/1975 1172/1298/1975 1168/1292/1975
f 1113/1232/1976 1168/1292/1976 1167/1291/1976
f 1165/1288/1977 1174/1300/1977 1167/1291/1977
f 1167/1291/1978 1174/1300/1978 1115/1234/1978
f 1166/1290/1979 1061/1295/1979 1062/1289/1979
f 1165/1288/1980 1164/1287/1980 1174/1300/1980
f 1174/1300/1981 1164/1287/1981 1162/1281/1981
f 1174/1300/1982 1162/1281/1982 1175/1301/1982
f 1116/1235/1983 1174/1300/1983 1175/1301/1983
f 1160/1279/1984 1116/1235/1984 1175/1301/1984
f 1160/1279/1985 1175/1301/1985 1162/1281/1985
f 1161/1280/1986 1163/1283/1986 1158/1277/1986
f 1160/1279/1987 1159/1278/1987 1116/1235/1987
f 1116/1235/1988 1159/1278/1988 1176/1302/1988
f 1155/1274/1989 1176/1302/1989 1159/1278/1989
f 1149/1268/1990 1176/1302/1990 1155/1274/1990
f 1119/1238/1991 1176/1302/1991 1149/1268/1991
f 1155/1274/1992 1159/1278/1992 1157/1276/1992
f 1149/1268/1993 1155/1274/1993 1150/1269/1993
f 1149/1268/1994 1147/1266/1994 1121/1240/1994
f 1148/1267/1995 1153/1272/1995 1146/1265/1995
f 1123/1242/1996 1121/1240/1996 1147/1266/1996
f 1122/1241/1997 1132/1251/1997 1120/1239/1997
f 1149/1268/1998 1121/1240/1998 1119/1238/1998
f 1132/1251/1999 1118/1237/1999 1120/1239/1999
f 1132/1251/2000 1110/1229/2000 1118/1237/2000
f 1119/1238/2001 1117/1236/2001 1176/1302/2001
f 1110/1229/2002 1114/1233/2002 1118/1237/2002
f 1116/1235/2003 1176/1302/2003 1117/1236/2003
f 1116/1235/2004 1115/1234/2004 1174/1300/2004
f 1167/1291/2005 1115/1234/2005 1113/1232/2005
f 1112/1231/2006 1172/1298/2006 1113/1232/2006
f 1135/1254/2007 1112/1231/2007 1111/1230/2007
f 1132/1251/2008 1111/1230/2008 1110/1229/2008
f 1110/1229/2009 1109/1228/2009 1114/1233/2009
f 1177/1303/2010 1047/1304/2010 1049/1305/2010
f 1047/1304/2011 1177/1303/2011 1178/1306/2011
f 1178/1306/2012 1106/1307/2012 1047/1304/2012
f 1106/1307/2013 1178/1306/2013 1105/1308/2013
f 1105/1308/2014 1178/1306/2014 1179/1309/2014
f 1179/1309/2015 1104/1310/2015 1105/1308/2015
f 1179/1309/2016 1100/1311/2016 1104/1310/2016
f 1100/1311/2017 1179/1309/2017 1180/1312/2017
f 1100/1311/2018 1180/1312/2018 1101/1313/2018
f 1180/1312/2019 1102/1314/2019 1101/1313/2019
f 1102/1314/2020 1180/1312/2020 1181/1315/2020
f 1181/1315/2021 1103/1316/2021 1102/1314/2021
f 1103/1316/2022 1181/1315/2022 1087/1317/2022
f 1087/1317/2023 1181/1315/2023 1182/1318/2023
f 1182/1318/2024 1086/1319/2024 1087/1317/2024
f 1182/1318/2025 1084/1320/2025 1086/1319/2025
f 1084/1320/2026 1182/1318/2026 1183/1321/2026
f 1183/1321/2027 1085/1322/2027 1084/1320/2027
f 1182/1318/2028 1184/1323/2028 1183/1321/2028
f 1185/1324/2029 1184/1323/2029 1182/1318/2029
f 1182/1318/2030 1186/1325/2030 1185/1324/2030
f 1185/1324/2031 1186/1325/2031 1187/1326/2031
f 1187/1326/2032 1186/1325/2032 1188/1327/2032
f 1188/1327/2033 1189/1328/2033 1187/1326/2033
f 1189/1328/2034 1190/1329/2034 1187/1326/2034
f 1187/1326/2035 1190/1329/2035 1191/1330/2035
f 1184/1323/2036 1187/1326/2036 1191/1330/2036
f 1190/1329/2037 1189/1328/2037 1192/1331/2037
f 1192/1331/2038 1189/1328/2038 1193/1332/2038
f 1194/1333/2039 1192/1331/2039 1193/1332/2039
f 1193/1332/2040 1195/1334/2040 1194/1333/2040
f 1195/1334/2041 1196/1335/2041 1194/1333/2041
f 1194/1333/2042 1196/1335/2042 1197/1336/2042
f 1197/1336/2043 1196/1335/2043 1198/1337/2043
f 1199/1338/2044 1196/1335/2044 1195/1334/2044
f 1199/1338/2045 1195/1334/2045 1200/1339/2045
f 1200/1339/2046 1195/1334/2046 1201/1340/2046
f 1201/1340/2047 1202/1341/2047 1200/1339/2047
f 1200/1339/2048 1202/1341/2048 1203/1342/2048
f 1202/1341/2049 1204/1343/2049 1203/1342/2049
f 1205/1344/2050 1204/1343/2050 1202/1341/2050
f 1202/1341/2051 1206/1345/2051 1205/1344/2051
f 1207/1346/2052 1205/1344/2052 1206/1345/2052
f 1208/1347/2053 1207/1346/2053 1206/1345/2053
f 1208/1347/2054 1206/1345/2054 1209/1348/2054
f 1210/1349/2055 1208/1347/2055 1209/1348/2055
f 1209/1348/2056 1211/1350/2056 1210/1349/2056
f 1210/1349/2057 1211/1350/2057 1212/1351/2057
f 1212/1351/2058 1213/1352/2058 1210/1349/2058
f 1213/1352/2059 1214/1353/2059 1210/1349/2059
f 1215/1354/2060 1214/1353/2060 1213/1352/2060
f 1179/1309/2061 1215/1354/2061 1213/1352/2061
f 1216/1355/2062 1179/1309/2062 1213/1352/2062
f 1215/1354/2063 1217/1356/2063 1214/1353/2063
f 1214/1353/2064 1217/1356/2064 1208/1347/2064
f 1208/1347/2065 1217/1356/2065 1218/1357/2065
f 1219/1358/2066 1217/1356/2066 1215/1354/2066
f 1215/1354/2067 1178/1306/2067 1219/1358/2067
f 1216/1355/2068 1213/1352/2068 1212/1351/2068
f 1212/1351/2069 1188/1327/2069 1216/1355/2069
f 1212/1351/2070 1211/1350/2070 1188/1327/2070
f 1188/1327/2071 1211/1350/2071 1220/1359/2071
f 1211/1350/2072 1221/1360/2072 1220/1359/2072
f 1193/1332/2073 1220/1359/2073 1221/1360/2073
f 1222/1361/2074 1221/1360/2074 1211/1350/2074
f 1211/1350/2075 1223/1362/2075 1222/1361/2075
f 1222/1361/2076 1223/1362/2076 1201/1340/2076
f 1222/1361/2077 1201/1340/2077 1221/1360/2077
f 1209/1348/2078 1223/1362/2078 1211/1350/2078
f 1214/1353/2079 1208/1347/2079 1210/1349/2079
f 1209/1348/2080 1206/1345/2080 1223/1362/2080
f 1218/1357/2081 1207/1346/2081 1208/1347/2081
f 1224/1363/2082 1205/1344/2082 1207/1346/2082
f 1224/1363/2083 1225/1364/2083 1205/1344/2083
f 1223/1362/2084 1206/1345/2084 1202/1341/2084
f 1205/1344/2085 1225/1364/2085 1204/1343/2085
f 1201/1340/2086 1223/1362/2086 1202/1341/2086
f 1221/1360/2087 1201/1340/2087 1195/1334/2087
f 1221/1360/2088 1195/1334/2088 1193/1332/2088
f 1197/1336/2089 1192/1331/2089 1194/1333/2089
f 1189/1328/2090 1220/1359/2090 1193/1332/2090
f 1220/1359/2091 1189/1328/2091 1188/1327/2091
f 1216/1355/2092 1188/1327/2092 1186/1325/2092
f 1181/1315/2093 1216/1355/2093 1186/1325/2093
f 1185/1324/2094 1187/1326/2094 1184/1323/2094
f 1181/1315/2095 1186/1325/2095 1182/1318/2095
f 1180/1312/2096 1216/1355/2096 1181/1315/2096
f 1180/1312/2097 1179/1309/2097 1216/1355/2097
f 1178/1306/2098 1215/1354/2098 1179/1309/2098
f 1219/1358/2099 1178/1306/2099 1177/1303/2099
f 1226/1365/2100 1227/1366/2100 1228/1367/2100
f 1228/1367/2101 1229/1368/2101 1226/1365/2101
f 1226/1365/2102 1229/1368/2102 1230/1369/2102
f 1231/1370/2103 1226/1365/2103 1230/1369/2103
f 1231/1370/2104 1230/1369/2104 1232/1371/2104
f 1233/1372/2105 1231/1370/2105 1232/1371/2105
f 1234/1373/2106 1233/1372/2106 1232/1371/2106
f 1232/1371/2107 1235/1374/2107 1234/1373/2107
f 1234/1373/2108 1235/1374/2108 1236/1375/2108
f 1234/1373/2109 1236/1375/2109 1237/1376/2109
f 1234/1373/2110 1237/1376/2110 1238/1377/2110
f 1238/1377/2111 1237/1376/2111 1239/1378/2111
f 1240/1379/2112 1238/1377/2112 1239/1378/2112
f 1239/1378/2113 1241/1380/2113 1240/1379/2113
f 1242/1381/2114 1238/1377/2114 1240/1379/2114
f 1240/1379/2115 1243/1382/2115 1242/1381/2115
f 1244/1383/2116 1242/1381/2116 1243/1382/2116
f 1196/1384/2117 1244/1383/2117 1243/1382/2117
f 1243/1382/2118 1245/1385/2118 1196/1384/2118
f 1196/1384/2119 1245/1385/2119 1198/1386/2119
f 1199/1387/2120 1244/1383/2120 1196/1384/2120
f 1200/1388/2121 1244/1383/2121 1199/1387/2121
f 1246/1389/2122 1244/1383/2122 1200/1388/2122
f 1246/1389/2123 1200/1388/2123 1247/1390/2123
f 1246/1389/2124 1247/1390/2124 1248/1391/2124
f 1248/1391/2125 1247/1390/2125 1249/1392/2125
f 1248/1391/2126 1249/1392/2126 1250/1393/2126
f 1250/1393/2127 1233/1372/2127 1248/1391/2127
f 1248/1391/2128 1233/1372/2128 1251/1394/2128
f 1244/1383/2129 1248/1391/2129 1251/1394/2129
f 1233/1372/2130 1242/1381/2130 1251/1394/2130
f 1250/1393/2131 1249/1392/2131 1252/1395/2131
f 1250/1393/2132 1252/1395/2132 1231/1370/2132
f 1231/1370/2133 1252/1395/2133 1227/1366/2133
f 1252/1395/2134 1253/1396/2134 1227/1366/2134
f 1254/1397/2135 1253/1396/2135 1252/1395/2135
f 1254/1397/2136 1252/1395/2136 1255/1398/2136
f 1255/1398/2137 1256/1399/2137 1254/1397/2137
f 1257/1400/2138 1256/1399/2138 1255/1398/2138
f 1257/1400/2139 1255/1398/2139 1258/1401/2139
f 1258/1401/2140 1255/1398/2140 1259/1402/2140
f 1258/1401/2141 1259/1402/2141 1225/1403/2141
f 1225/1403/2142 1259/1402/2142 1204/1404/2142
f 1204/1404/2143 1259/1402/2143 1203/1405/2143
f 1203/1405/2144 1259/1402/2144 1247/1390/2144
f 1249/1392/2145 1259/1402/2145 1255/1398/2145
f 1256/1399/2146 1253/1396/2146 1254/1397/2146
f 1260/1406/2147 1253/1396/2147 1256/1399/2147
f 1260/1406/2148 1261/1407/2148 1253/1396/2148
f 1253/1396/2149 1261/1407/2149 1228/1367/2149
f 1262/1408/2150 1228/1367/2150 1261/1407/2150
f 1261/1407/2151 1263/1409/2151 1262/1408/2151
f 1264/1410/2151 1262/1408/2151 1263/1409/2151
f 1262/1408/2152 1264/1410/2152 1265/1411/2152
f 1262/1408/2153 1265/1411/2153 1266/1412/2153
f 1266/1412/2154 1265/1411/2154 1267/1413/2154
f 1267/1413/2155 1268/1414/2155 1266/1412/2155
f 1268/1414/2156 1229/1368/2156 1266/1412/2156
f 1269/1415/2157 1229/1368/2157 1268/1414/2157
f 1270/1416/2158 1269/1415/2158 1268/1414/2158
f 1268/1414/2159 1271/1417/2159 1270/1416/2159
f 1272/1418/2160 1271/1417/2160 1268/1414/2160
f 1273/1419/2161 1269/1415/2161 1270/1416/2161
f 1274/1420/2162 1273/1419/2162 1270/1416/2162
f 1275/1421/2163 1273/1419/2163 1274/1420/2163
f 1275/1421/2164 1276/1422/2164 1273/1419/2164
f 1277/1423/2165 1273/1419/2165 1276/1422/2165
f 1278/1424/2166 1277/1423/2166 1276/1422/2166
f 1278/1424/2167 1276/1422/2167 1279/1425/2167
f 1279/1425/2168 1276/1422/2168 1280/1426/2168
f 1281/1427/2169 1277/1423/2169 1278/1424/2169
f 1281/1427/2170 1278/1424/2170 1282/1428/2170
f 1283/1429/2171 1281/1427/2171 1282/1428/2171
f 1282/1428/2172 1284/1430/2172 1283/1429/2172
f 1283/1429/2173 1284/1430/2173 1236/1375/2173
f 1283/1429/2174 1236/1375/2174 1285/1431/2174
f 1236/1375/2175 1284/1430/2175 1286/1432/2175
f 1286/1432/2176 1284/1430/2176 1287/1433/2176
f 1287/1433/2177 1288/1434/2177 1286/1432/2177
f 1286/1432/2178 1288/1434/2178 1237/1376/2178
f 1241/1380/2179 1237/1376/2179 1288/1434/2179
f 1287/1433/2180 1284/1430/2180 1289/1435/2180
f 1284/1430/2181 1290/1436/2181 1289/1435/2181
f 1290/1436/2182 1284/1430/2182 1282/1428/2182
f 1285/1431/2183 1281/1427/2183 1283/1429/2183
f 1285/1431/2184 1277/1423/2184 1281/1427/2184
f 1291/1437/2185 1277/1423/2185 1285/1431/2185
f 1235/1374/2186 1291/1437/2186 1285/1431/2186
f 1230/1369/2187 1291/1437/2187 1235/1374/2187
f 1229/1368/2188 1277/1423/2188 1291/1437/2188
f 1280/1426/2189 1276/1422/2189 1275/1421/2189
f 1275/1421/2190 1292/1438/2190 1280/1426/2190
f 1269/1415/2191 1273/1419/2191 1277/1423/2191
f 1269/1415/2192 1277/1423/2192 1229/1368/2192
f 1267/1413/2193 1272/1418/2193 1268/1414/2193
f 1272/1418/2193 1267/1413/2193 1293/1439/2193
f 1267/1413/2193 1264/1410/2193 1293/1439/2193
f 1265/1411/2194 1264/1410/2194 1267/1413/2194
f 1266/1412/2195 1228/1367/2195 1262/1408/2195
f 1255/1398/2196 1252/1395/2196 1249/1392/2196
f 1247/1390/2197 1259/1402/2197 1249/1392/2197
f 1247/1390/2198 1200/1388/2198 1203/1405/2198
f 1246/1389/2199 1248/1391/2199 1244/1383/2199
f 1251/1394/2200 1242/1381/2200 1244/1383/2200
f 1245/1385/2201 1243/1382/2201 1240/1379/2201
f 1238/1377/2202 1242/1381/2202 1233/1372/2202
f 1239/1378/2203 1237/1376/2203 1241/1380/2203
f 1237/1376/2204 1236/1375/2204 1286/1432/2204
f 1285/1431/2205 1236/1375/2205 1235/1374/2205
f 1238/1377/2206 1233/1372/2206 1234/1373/2206
f 1250/1393/2207 1231/1370/2207 1233/1372/2207
f 1232/1371/2208 1230/1369/2208 1235/1374/2208
f 1230/1369/2209 1229/1368/2209 1291/1437/2209
f 1266/1412/2210 1229/1368/2210 1228/1367/2210
f 1228/1367/2211 1227/1366/2211 1253/1396/2211
f 1227/1366/2212 1226/1365/2212 1231/1370/2212
usemtl material_0.253
f 1294/1440/2213 1295/1441/2213 1296/1442/2213
f 1296/1442/2214 1295/1441/2214 1297/1443/2214
f 1298/1444/2215 1297/1443/2215 1295/1441/2215
f 1295/1441/2216 1299/1445/2216 1298/1444/2216
f 1295/1441/2217 1300/1446/2217 1299/1445/2217
f 1301/1447/2218 1299/1445/2218 1300/1446/2218
f 1302/1448/2219 1301/1447/2219 1300/1446/2219
f 1302/1448/2220 1300/1446/2220 1303/1449/2220
f 1304/1450/2221 1302/1448/2221 1303/1449/2221
f 1303/1449/2222 1305/1451/2222 1304/1450/2222
f 1305/1451/2223 1306/1452/2223 1304/1450/2223
f 1304/1450/2224 1306/1452/2224 1307/1453/2224
f 1304/1450/2225 1307/1453/2225 1308/1454/2225
f 1309/1455/2226 1308/1454/2226 1307/1453/2226
f 1309/1455/2227 1307/1453/2227 1310/1456/2227
f 1311/1457/2228 1309/1455/2228 1310/1456/2228
f 1311/1457/2229 1310/1456/2229 1312/1458/2229
f 1313/1459/2230 1311/1457/2230 1312/1458/2230
f 1313/1459/2231 1312/1458/2231 1314/1460/2231
f 1315/1461/2232 1313/1459/2232 1314/1460/2232
f 1315/1461/2233 1314/1460/2233 1316/1462/2233
f 1316/1462/2234 1317/1463/2234 1315/1461/2234
f 1315/1461/2235 1317/1463/2235 1318/1464/2235
f 1315/1461/2236 1318/1464/2236 1319/1465/2236
f 1320/1466/2237 1319/1465/2237 1318/1464/2237
f 1320/1466/2238 1318/1464/2238 1321/1467/2238
f 1322/1468/2239 1320/1466/2239 1321/1467/2239
f 1321/1467/2240 1323/1469/2240 1322/1468/2240
f 1321/1467/2241 1324/1470/2241 1323/1469/2241
f 1323/1469/2242 1324/1470/2242 1325/1471/2242
f 1323/1469/2243 1325/1471/2243 1326/1472/2243
f 1326/1472/2244 1325/1471/2244 1327/1473/2244
f 1326/1472/2245 1327/1473/2245 1328/1474/2245
f 1325/1471/2246 1329/1475/2246 1327/1473/2246
f 1325/1471/2247 1330/1476/2247 1329/1475/2247
f 1330/1476/2248 1331/1477/2248 1329/1475/2248
f 1330/1476/2249 1332/1478/2249 1331/1477/2249
f 1332/1478/2250 1333/1479/2250 1331/1477/2250
f 1332/1478/2251 1334/1480/2251 1333/1479/2251
f 1334/1480/2252 1335/1481/2252 1333/1479/2252
f 1334/1480/2253 1336/1482/2253 1335/1481/2253
f 1335/1481/2254 1336/1482/2254 1337/1483/2254
f 1335/1481/2255 1337/1483/2255 1338/1484/2255
f 1338/1484/2256 1337/1483/2256 1339/1485/2256
f 1338/1484/2257 1339/1485/2257 1340/1486/2257
f 1341/1487/2258 1340/1486/2258 1339/1485/2258
f 1339/1485/2259 1342/1488/2259 1341/1487/2259
f 1343/1489/2260 1341/1487/2260 1342/1488/2260
f 1342/1488/2261 1344/1490/2261 1343/1489/2261
f 1344/1490/2262 1345/1491/2262 1343/1489/2262
f 1345/1491/2263 1346/1492/2263 1343/1489/2263
f 1345/1491/2264 1347/1493/2264 1346/1492/2264
f 1347/1493/2265 1348/1494/2265 1346/1492/2265
f 1346/1492/2266 1348/1494/2266 1349/1495/2266
f 1346/1492/2267 1349/1495/2267 1341/1487/2267
f 1347/1493/2268 1350/1496/2268 1348/1494/2268
f 1344/1490/2269 1351/1497/2269 1345/1491/2269
f 1352/1498/2270 1351/1497/2270 1344/1490/2270
f 1352/1498/2271 1344/1490/2271 1353/1499/2271
f 1353/1499/2272 1354/1500/2272 1352/1498/2272
f 1353/1499/2273 1355/1501/2273 1354/1500/2273
f 1356/1502/2274 1354/1500/2274 1355/1501/2274
f 1357/1503/2275 1356/1502/2275 1355/1501/2275
f 1357/1503/2276 1355/1501/2276 1358/1504/2276
f 1357/1503/2277 1358/1504/2277 1359/1505/2277
f 1357/1503/2278 1359/1505/2278 1360/1506/2278
f 1361/1507/2279 1357/1503/2279 1360/1506/2279
f 1362/1508/2280 1361/1507/2280 1360/1506/2280
f 1362/1508/2281 1363/1509/2281 1361/1507/2281
f 1364/1510/2282 1361/1507/2282 1363/1509/2282
f 1364/1510/2283 1363/1509/2283 1365/1511/2283
f 1364/1510/2284 1365/1511/2284 1366/1512/2284
f 1364/1510/2285 1366/1512/2285 1367/1513/2285
f 1364/1510/2286 1367/1513/2286 1368/1514/2286
f 1369/1515/2287 1364/1510/2287 1368/1514/2287
f 1369/1515/2288 1368/1514/2288 1370/1516/2288
f 1370/1516/2289 1371/1517/2289 1369/1515/2289
f 1369/1515/2290 1371/1517/2290 1372/1518/2290
f 1369/1515/2291 1372/1518/2291 1361/1507/2291
f 1373/1519/2292 1372/1518/2292 1371/1517/2292
f 1373/1519/2293 1371/1517/2293 1374/1520/2293
f 1375/1521/2294 1373/1519/2294 1374/1520/2294
f 1374/1520/2295 1376/1522/2295 1375/1521/2295
f 1374/1520/2296 1377/1523/2296 1376/1522/2296
f 1376/1522/2297 1377/1523/2297 1378/1524/2297
f 1376/1522/2298 1378/1524/2298 1379/1525/2298
f 1378/1524/2299 1380/1526/2299 1379/1525/2299
f 1379/1525/2300 1380/1526/2300 1381/1527/2300
f 1380/1526/2301 1378/1524/2301 1382/1528/2301
f 1378/1524/2302 1383/1529/2302 1382/1528/2302
f 1378/1524/2302 1384/1530/2302 1383/1529/2302
f 1385/1531/2303 1383/1529/2303 1384/1530/2303
f 1384/1530/2304 1386/1532/2304 1385/1531/2304
f 1384/1530/2305 1387/1533/2305 1386/1532/2305
f 1388/1534/2306 1386/1532/2306 1387/1533/2306
f 1387/1533/2307 1389/1535/2307 1388/1534/2307
f 1387/1533/2308 1390/1536/2308 1389/1535/2308
f 1391/1537/2309 1389/1535/2309 1390/1536/2309
f 1390/1536/2310 1392/1538/2310 1391/1537/2310
f 1390/1536/2311 1393/1539/2311 1392/1538/2311
f 1394/1540/2312 1392/1538/2312 1393/1539/2312
f 1393/1539/2313 1395/1541/2313 1394/1540/2313
f 1393/1539/2314 1396/1542/2314 1395/1541/2314
f 1397/1543/2315 1395/1541/2315 1396/1542/2315
f 1397/1543/2316 1396/1542/2316 1398/1544/2316
f 1305/1451/2317 1398/1544/2317 1396/1542/2317
f 1398/1544/2318 1305/1451/2318 1399/1545/2318
f 1399/1545/2319 1305/1451/2319 1400/1546/2319
f 1401/1547/2320 1400/1546/2320 1305/1451/2320
f 1401/1547/2321 1402/1548/2321 1400/1546/2321
f 1402/1548/2322 1401/1547/2322 1294/1440/2322
f 1367/1513/2323 1396/1542/2323 1393/1539/2323
f 1367/1513/2324 1306/1452/2324 1396/1542/2324
f 1390/1536/2325 1367/1513/2325 1393/1539/2325
f 1368/1514/2326 1390/1536/2326 1387/1533/2326
f 1370/1516/2327 1387/1533/2327 1384/1530/2327
f 1370/1516/2328 1384/1530/2328 1403/1549/2328
f 1377/1523/2329 1403/1549/2329 1384/1530/2329
f 1377/1523/2330 1384/1530/2330 1378/1524/2330
f 1374/1520/2331 1403/1549/2331 1377/1523/2331
f 1375/1521/2332 1404/1550/2332 1373/1519/2332
f 1405/1551/2333 1373/1519/2333 1404/1550/2333
f 1405/1551/2334 1356/1502/2334 1373/1519/2334
f 1374/1520/2335 1371/1517/2335 1403/1549/2335
f 1372/1518/2336 1373/1519/2336 1356/1502/2336
f 1370/1516/2337 1403/1549/2337 1371/1517/2337
f 1368/1514/2338 1387/1533/2338 1370/1516/2338
f 1390/1536/2339 1368/1514/2339 1367/1513/2339
f 1306/1452/2340 1367/1513/2340 1366/1512/2340
f 1310/1456/2341 1366/1512/2341 1365/1511/2341
f 1406/1552/2342 1310/1456/2342 1365/1511/2342
f 1363/1509/2343 1406/1552/2343 1365/1511/2343
f 1364/1510/2344 1369/1515/2344 1361/1507/2344
f 1363/1509/2345 1362/1508/2345 1406/1552/2345
f 1407/1553/2346 1406/1552/2346 1362/1508/2346
f 1359/1505/2347 1407/1553/2347 1362/1508/2347
f 1359/1505/2348 1408/1554/2348 1407/1553/2348
f 1409/1555/2349 1407/1553/2349 1408/1554/2349
f 1409/1555/2350 1408/1554/2350 1410/1556/2350
f 1409/1555/2351 1410/1556/2351 1316/1462/2351
f 1411/1557/2352 1316/1462/2352 1410/1556/2352
f 1411/1557/2353 1412/1558/2353 1316/1462/2353
f 1412/1558/2354 1411/1557/2354 1413/1559/2354
f 1412/1558/2355 1413/1559/2355 1414/1560/2355
f 1412/1558/2356 1414/1560/2356 1415/1561/2356
f 1412/1558/2357 1415/1561/2357 1317/1463/2357
f 1317/1463/2358 1415/1561/2358 1416/1562/2358
f 1415/1561/2359 1330/1476/2359 1416/1562/2359
f 1332/1478/2360 1415/1561/2360 1414/1560/2360
f 1334/1480/2361 1414/1560/2361 1413/1559/2361
f 1417/1563/2362 1413/1559/2362 1411/1557/2362
f 1411/1557/2363 1408/1554/2363 1417/1563/2363
f 1418/1564/2364 1417/1563/2364 1408/1554/2364
f 1418/1564/2365 1419/1565/2365 1417/1563/2365
f 1420/1566/2366 1417/1563/2366 1419/1565/2366
f 1420/1566/2367 1419/1565/2367 1421/1567/2367
f 1339/1485/2368 1420/1566/2368 1421/1567/2368
f 1422/1568/2369 1421/1567/2369 1419/1565/2369
f 1419/1565/2370 1423/1569/2370 1422/1568/2370
f 1353/1499/2371 1422/1568/2371 1423/1569/2371
f 1358/1504/2372 1353/1499/2372 1423/1569/2372
f 1418/1564/2373 1358/1504/2373 1423/1569/2373
f 1422/1568/2374 1342/1488/2374 1421/1567/2374
f 1419/1565/2375 1418/1564/2375 1423/1569/2375
f 1417/1563/2376 1420/1566/2376 1413/1559/2376
f 1420/1566/2377 1336/1482/2377 1413/1559/2377
f 1411/1557/2378 1410/1556/2378 1408/1554/2378
f 1359/1505/2379 1418/1564/2379 1408/1554/2379
f 1407/1553/2380 1409/1555/2380 1406/1552/2380
f 1314/1460/2381 1406/1552/2381 1409/1555/2381
f 1361/1507/2382 1372/1518/2382 1357/1503/2382
f 1359/1505/2383 1362/1508/2383 1360/1506/2383
f 1418/1564/2384 1359/1505/2384 1358/1504/2384
f 1372/1518/2385 1356/1502/2385 1357/1503/2385
f 1356/1502/2386 1405/1551/2386 1354/1500/2386
f 1358/1504/2387 1355/1501/2387 1353/1499/2387
f 1353/1499/2388 1344/1490/2388 1422/1568/2388
f 1342/1488/2389 1422/1568/2389 1344/1490/2389
f 1343/1489/2390 1346/1492/2390 1341/1487/2390
f 1339/1485/2391 1421/1567/2391 1342/1488/2391
f 1341/1487/2392 1349/1495/2392 1340/1486/2392
f 1339/1485/2393 1337/1483/2393 1420/1566/2393
f 1420/1566/2394 1337/1483/2394 1336/1482/2394
f 1334/1480/2395 1413/1559/2395 1336/1482/2395
f 1332/1478/2396 1414/1560/2396 1334/1480/2396
f 1415/1561/2397 1332/1478/2397 1330/1476/2397
f 1325/1471/2398 1416/1562/2398 1330/1476/2398
f 1325/1471/2399 1324/1470/2399 1416/1562/2399
f 1318/1464/2400 1416/1562/2400 1324/1470/2400
f 1322/1468/2401 1424/1570/2401 1320/1466/2401
f 1320/1466/2402 1424/1570/2402 1425/1571/2402
f 1320/1466/2403 1425/1571/2403 1426/1572/2403
f 1425/1571/2404 1427/1573/2404 1426/1572/2404
f 1428/1574/2405 1426/1572/2405 1427/1573/2405
f 1428/1574/2406 1427/1573/2406 1429/1575/2406
f 1429/1575/2407 1313/1459/2407 1428/1574/2407
f 1319/1465/2408 1428/1574/2408 1313/1459/2408
f 1427/1573/2409 1430/1576/2409 1429/1575/2409
f 1309/1455/2410 1429/1575/2410 1430/1576/2410
f 1309/1455/2411 1430/1576/2411 1302/1448/2411
f 1431/1577/2412 1302/1448/2412 1430/1576/2412
f 1427/1573/2413 1431/1577/2413 1430/1576/2413
f 1432/1578/2414 1431/1577/2414 1427/1573/2414
f 1432/1578/2415 1427/1573/2415 1433/1579/2415
f 1301/1447/2416 1431/1577/2416 1432/1578/2416
f 1301/1447/2417 1432/1578/2417 1434/1580/2417
f 1426/1572/2418 1428/1574/2418 1319/1465/2418
f 1425/1571/2419 1433/1579/2419 1427/1573/2419
f 1318/1464/2420 1324/1470/2420 1321/1467/2420
f 1426/1572/2421 1319/1465/2421 1320/1466/2421
f 1317/1463/2422 1416/1562/2422 1318/1464/2422
f 1316/1462/2423 1412/1558/2423 1317/1463/2423
f 1409/1555/2424 1316/1462/2424 1314/1460/2424
f 1319/1465/2425 1313/1459/2425 1315/1461/2425
f 1314/1460/2426 1312/1458/2426 1406/1552/2426
f 1429/1575/2427 1311/1457/2427 1313/1459/2427
f 1406/1552/2428 1312/1458/2428 1310/1456/2428
f 1309/1455/2429 1311/1457/2429 1429/1575/2429
f 1310/1456/2430 1307/1453/2430 1366/1512/2430
f 1309/1455/2431 1302/1448/2431 1308/1454/2431
f 1306/1452/2432 1366/1512/2432 1307/1453/2432
f 1305/1451/2433 1396/1542/2433 1306/1452/2433
f 1303/1449/2434 1401/1547/2434 1305/1451/2434
f 1295/1441/2435 1401/1547/2435 1303/1449/2435
f 1304/1450/2436 1308/1454/2436 1302/1448/2436
f 1431/1577/2437 1301/1447/2437 1302/1448/2437
f 1301/1447/2438 1434/1580/2438 1299/1445/2438
f 1295/1441/2439 1303/1449/2439 1300/1446/2439
f 1297/1443/2440 1298/1444/2440 1435/1581/2440
f 1295/1441/2441 1294/1440/2441 1401/1547/2441
f 1436/1582/2442 1437/1583/2442 1438/1584/2442
f 1436/1582/2443 1438/1584/2443 1439/1585/2443
f 1440/1586/2444 1436/1582/2444 1439/1585/2444
f 1440/1586/2445 1439/1585/2445 1441/1587/2445
f 1442/1588/2446 1441/1587/2446 1439/1585/2446
f 1442/1588/2447 1439/1585/2447 1443/1589/2447
f 1443/1589/2448 1444/1590/2448 1442/1588/2448
f 1442/1588/2449 1444/1590/2449 1445/1591/2449
f 1444/1590/2450 1443/1589/2450 1446/1592/2450
f 1443/1589/2451 1447/1593/2451 1446/1592/2451
f 1448/1594/2452 1447/1593/2452 1443/1589/2452
f 1438/1584/2453 1448/1594/2453 1443/1589/2453
f 1447/1593/2454 1448/1594/2454 1449/1595/2454
f 1450/1596/2455 1436/1582/2455 1440/1586/2455
f 1450/1596/2456 1451/1597/2456 1436/1582/2456
f 1452/1598/2457 1451/1597/2457 1450/1596/2457
f 1452/1598/2458 1453/1599/2458 1451/1597/2458
f 1454/1600/2459 1451/1597/2459 1453/1599/2459
f 1455/1601/2460 1454/1600/2460 1453/1599/2460
f 1455/1601/2461 1453/1599/2461 1456/1602/2461
f 1457/1603/2462 1455/1601/2462 1456/1602/2462
f 1457/1603/2463 1456/1602/2463 1458/1604/2463
f 1457/1603/2464 1458/1604/2464 1459/1605/2464
f 1460/1606/2465 1457/1603/2465 1459/1605/2465
f 1460/1606/2466 1461/1607/2466 1457/1603/2466
f 1462/1608/2467 1457/1603/2467 1461/1607/2467
f 1461/1607/2468 1463/1609/2468 1462/1608/2468
f 1461/1607/2469 1464/1610/2469 1463/1609/2469
f 1464/1610/2470 1465/1611/2470 1463/1609/2470
f 1463/1609/2471 1465/1611/2471 1466/1612/2471
f 1466/1612/2472 1465/1611/2472 1467/1613/2472
f 1466/1612/2473 1467/1613/2473 1468/1614/2473
f 1468/1614/2474 1467/1613/2474 1469/1615/2474
f 1467/1613/2475 1470/1616/2475 1469/1615/2475
f 1467/1613/2476 1471/1617/2476 1470/1616/2476
f 1471/1617/2477 1472/1618/2477 1470/1616/2477
f 1471/1617/2478 1473/1619/2478 1472/1618/2478
f 1474/1620/2479 1473/1619/2479 1471/1617/2479
f 1474/1620/2480 1475/1621/2480 1473/1619/2480
f 1474/1620/2481 1476/1622/2481 1475/1621/2481
f 1474/1620/2482 1464/1610/2482 1476/1622/2482
f 1464/1610/2483 1460/1606/2483 1476/1622/2483
f 1474/1620/2484 1471/1617/2484 1467/1613/2484
f 1474/1620/2485 1467/1613/2485 1465/1611/2485
f 1464/1610/2486 1474/1620/2486 1465/1611/2486
f 1462/1608/2487 1477/1623/2487 1457/1603/2487
f 1464/1610/2488 1461/1607/2488 1460/1606/2488
f 1457/1603/2489 1477/1623/2489 1455/1601/2489
f 1458/1604/2490 1456/1602/2490 1453/1599/2490
f 1454/1600/2491 1478/1624/2491 1451/1597/2491
f 1437/1583/2492 1451/1597/2492 1478/1624/2492
f 1458/1604/2493 1453/1599/2493 1452/1598/2493
f 1438/1584/2494 1443/1589/2494 1439/1585/2494
f 1437/1583/2495 1436/1582/2495 1451/1597/2495
f 1479/1625/2496 1438/1626/2496 1437/1627/2496
f 1479/1625/2497 1437/1627/2497 1480/1628/2497
f 1481/1629/2498 1479/1625/2498 1480/1628/2498
f 1482/1630/2499 1481/1629/2499 1480/1628/2499
f 1482/1630/2500 1480/1628/2500 1483/1631/2500
f 1484/1632/2501 1482/1630/2501 1483/1631/2501
f 1484/1632/2502 1483/1631/2502 1485/1633/2502
f 1486/1634/2503 1484/1632/2503 1485/1633/2503
f 1486/1634/2504 1485/1633/2504 1487/1635/2504
f 1486/1634/2505 1487/1635/2505 1488/1636/2505
f 1486/1634/2506 1488/1636/2506 1489/1637/2506
f 1490/1638/2507 1486/1634/2507 1489/1637/2507
f 1490/1638/2508 1489/1637/2508 1491/1639/2508
f 1492/1640/2509 1490/1638/2509 1491/1639/2509
f 1492/1640/2510 1491/1639/2510 1493/1641/2510
f 1492/1640/2511 1493/1641/2511 1494/1642/2511
f 1492/1640/2512 1494/1642/2512 1495/1643/2512
f 1496/1644/2513 1492/1640/2513 1495/1643/2513
f 1496/1644/2514 1495/1643/2514 1497/1645/2514
f 1498/1646/2515 1496/1644/2515 1497/1645/2515
f 1497/1645/2516 1404/1647/2516 1498/1646/2516
f 1404/1647/2517 1499/1648/2517 1498/1646/2517
f 1498/1646/2518 1499/1648/2518 1500/1649/2518
f 1498/1646/2519 1500/1649/2519 1501/1650/2519
f 1500/1649/2520 1502/1651/2520 1501/1650/2520
f 1502/1651/2521 1496/1644/2521 1501/1650/2521
f 1502/1651/2522 1503/1652/2522 1496/1644/2522
f 1496/1644/2523 1503/1652/2523 1490/1638/2523
f 1490/1638/2524 1503/1652/2524 1484/1632/2524
f 1503/1652/2525 1502/1651/2525 1482/1630/2525
f 1482/1630/2526 1502/1651/2526 1504/1653/2526
f 1500/1649/2527 1504/1653/2527 1502/1651/2527
f 1505/1654/2528 1504/1653/2528 1500/1649/2528
f 1505/1654/2529 1500/1649/2529 1506/1655/2529
f 1507/1656/2530 1505/1654/2530 1506/1655/2530
f 1507/1656/2531 1506/1655/2531 1508/1657/2531
f 1507/1656/2532 1508/1657/2532 1509/1658/2532
f 1507/1656/2533 1509/1658/2533 1510/1659/2533
f 1511/1660/2534 1507/1656/2534 1510/1659/2534
f 1507/1656/2535 1511/1660/2535 1512/1661/2535
f 1513/1662/2536 1512/1661/2536 1511/1660/2536
f 1513/1662/2537 1514/1663/2537 1512/1661/2537
f 1515/1664/2538 1512/1661/2538 1514/1663/2538
f 1515/1664/2539 1514/1663/2539 1516/1665/2539
f 1517/1666/2540 1515/1664/2540 1516/1665/2540
f 1515/1664/2541 1517/1666/2541 1448/1667/2541
f 1448/1667/2542 1479/1625/2542 1515/1664/2542
f 1448/1667/2543 1517/1666/2543 1449/1668/2543
f 1512/1661/2544 1515/1664/2544 1479/1625/2544
f 1512/1661/2545 1479/1625/2545 1518/1669/2545
f 1505/1654/2546 1512/1661/2546 1518/1669/2546
f 1505/1654/2547 1518/1669/2547 1481/1629/2547
f 1519/1670/2548 1509/1658/2548 1508/1657/2548
f 1508/1657/2549 1520/1671/2549 1519/1670/2549
f 1508/1657/2550 1521/1672/2550 1520/1671/2550
f 1522/1673/2551 1520/1671/2551 1521/1672/2551
f 1522/1673/2552 1521/1672/2552 1523/1674/2552
f 1379/1675/2553 1523/1674/2553 1521/1672/2553
f 1376/1676/2554 1379/1675/2554 1521/1672/2554
f 1376/1676/2555 1521/1672/2555 1524/1677/2555
f 1499/1648/2556 1376/1676/2556 1524/1677/2556
f 1499/1648/2557 1524/1677/2557 1506/1655/2557
f 1499/1648/2558 1375/1678/2558 1376/1676/2558
f 1523/1674/2559 1379/1675/2559 1381/1679/2559
f 1508/1657/2560 1524/1677/2560 1521/1672/2560
f 1508/1657/2561 1506/1655/2561 1524/1677/2561
f 1505/1654/2562 1507/1656/2562 1512/1661/2562
f 1505/1654/2563 1481/1629/2563 1504/1653/2563
f 1499/1648/2564 1506/1655/2564 1500/1649/2564
f 1404/1647/2565 1375/1678/2565 1499/1648/2565
f 1497/1645/2566 1405/1680/2566 1404/1647/2566
f 1354/1681/2567 1405/1680/2567 1497/1645/2567
f 1498/1646/2568 1501/1650/2568 1496/1644/2568
f 1354/1681/2569 1497/1645/2569 1495/1643/2569
f 1354/1681/2570 1495/1643/2570 1494/1642/2570
f 1354/1681/2571 1494/1642/2571 1352/1682/2571
f 1525/1683/2572 1352/1682/2572 1494/1642/2572
f 1525/1683/2573 1351/1684/2573 1352/1682/2573
f 1345/1685/2574 1351/1684/2574 1525/1683/2574
f 1345/1685/2575 1525/1683/2575 1526/1686/2575
f 1527/1687/2576 1345/1685/2576 1526/1686/2576
f 1526/1686/2577 1528/1688/2577 1527/1687/2577
f 1528/1688/2578 1529/1689/2578 1527/1687/2578
f 1527/1687/2579 1529/1689/2579 1350/1690/2579
f 1527/1687/2580 1350/1690/2580 1347/1691/2580
f 1528/1688/2581 1530/1692/2581 1529/1689/2581
f 1528/1688/2582 1531/1693/2582 1530/1692/2582
f 1528/1688/2583 1532/1694/2583 1531/1693/2583
f 1533/1695/2584 1531/1693/2584 1532/1694/2584
f 1533/1695/2585 1532/1694/2585 1534/1696/2585
f 1534/1696/2586 1468/1697/2586 1533/1695/2586
f 1534/1696/2587 1466/1698/2587 1468/1697/2587
f 1534/1696/2588 1535/1699/2588 1466/1698/2588
f 1463/1700/2589 1466/1698/2589 1535/1699/2589
f 1463/1700/2590 1535/1699/2590 1536/1701/2590
f 1463/1700/2591 1536/1701/2591 1462/1702/2591
f 1462/1702/2592 1536/1701/2592 1488/1636/2592
f 1462/1702/2593 1488/1636/2593 1477/1703/2593
f 1535/1699/2594 1537/1704/2594 1536/1701/2594
f 1489/1637/2595 1536/1701/2595 1537/1704/2595
f 1535/1699/2596 1538/1705/2596 1537/1704/2596
f 1538/1705/2597 1539/1706/2597 1537/1704/2597
f 1491/1639/2598 1537/1704/2598 1539/1706/2598
f 1540/1707/2599 1491/1639/2599 1539/1706/2599
f 1541/1708/2600 1540/1707/2600 1539/1706/2600
f 1541/1708/2601 1542/1709/2601 1540/1707/2601
f 1525/1683/2602 1540/1707/2602 1542/1709/2602
f 1493/1641/2603 1540/1707/2603 1525/1683/2603
f 1542/1709/2604 1541/1708/2604 1532/1694/2604
f 1538/1705/2605 1541/1708/2605 1539/1706/2605
f 1534/1696/2606 1541/1708/2606 1538/1705/2606
f 1534/1696/2607 1538/1705/2607 1535/1699/2607
f 1534/1696/2608 1532/1694/2608 1541/1708/2608
f 1542/1709/2609 1532/1694/2609 1528/1688/2609
f 1526/1686/2610 1542/1709/2610 1528/1688/2610
f 1527/1687/2611 1347/1691/2611 1345/1685/2611
f 1525/1683/2612 1542/1709/2612 1526/1686/2612
f 1493/1641/2613 1525/1683/2613 1494/1642/2613
f 1540/1707/2614 1493/1641/2614 1491/1639/2614
f 1496/1644/2615 1490/1638/2615 1492/1640/2615
f 1491/1639/2616 1489/1637/2616 1537/1704/2616
f 1489/1637/2617 1488/1636/2617 1536/1701/2617
f 1487/1635/2618 1477/1703/2618 1488/1636/2618
f 1487/1635/2619 1455/1710/2619 1477/1703/2619
f 1487/1635/2620 1454/1711/2620 1455/1710/2620
f 1487/1635/2621 1485/1633/2621 1454/1711/2621
f 1485/1633/2622 1478/1712/2622 1454/1711/2622
f 1490/1638/2623 1484/1632/2623 1486/1634/2623
f 1485/1633/2624 1483/1631/2624 1478/1712/2624
f 1503/1652/2625 1482/1630/2625 1484/1632/2625
f 1480/1628/2626 1478/1712/2626 1483/1631/2626
f 1482/1630/2627 1504/1653/2627 1481/1629/2627
f 1481/1629/2628 1518/1669/2628 1479/1625/2628
f 1480/1628/2629 1437/1627/2629 1478/1712/2629
f 1448/1667/2630 1438/1626/2630 1479/1625/2630
f 1543/1713/2631 1294/1714/2631 1296/1715/2631
f 1543/1713/2632 1296/1715/2632 1297/1716/2632
f 1297/1716/2633 1544/1717/2633 1543/1713/2633
f 1545/1718/2634 1543/1713/2634 1544/1717/2634
f 1546/1719/2635 1543/1713/2635 1545/1718/2635
f 1545/1718/2636 1547/1720/2636 1546/1719/2636
f 1547/1720/2219 1548/1721/2219 1546/1719/2219
f 1546/1719/2637 1548/1721/2637 1549/1722/2637
f 1548/1721/2638 1550/1723/2638 1549/1722/2638
f 1551/1724/2639 1549/1722/2639 1550/1723/2639
f 1552/1725/2640 1551/1724/2640 1550/1723/2640
f 1552/1725/2641 1550/1723/2641 1553/1726/2641
f 1554/1727/2642 1552/1725/2642 1553/1726/2642
f 1553/1726/2643 1555/1728/2643 1554/1727/2643
f 1554/1727/2644 1555/1728/2644 1556/1729/2644
f 1556/1729/2645 1557/1730/2645 1554/1727/2645
f 1554/1727/2646 1557/1730/2646 1558/1731/2646
f 1558/1731/2647 1557/1730/2647 1559/1732/2647
f 1559/1732/2648 1560/1733/2648 1558/1731/2648
f 1558/1731/2649 1560/1733/2649 1561/1734/2649
f 1562/1735/2650 1558/1731/2650 1561/1734/2650
f 1562/1735/2651 1561/1734/2651 1395/1736/2651
f 1395/1736/2652 1397/1737/2652 1562/1735/2652
f 1562/1735/2653 1397/1737/2653 1398/1738/2653
f 1398/1738/2654 1551/1724/2654 1562/1735/2654
f 1551/1724/2655 1398/1738/2655 1399/1739/2655
f 1551/1724/2656 1399/1739/2656 1400/1740/2656
f 1400/1740/2657 1563/1741/2657 1551/1724/2657
f 1402/1742/2658 1563/1741/2658 1400/1740/2658
f 1563/1741/2659 1402/1742/2659 1294/1714/2659
f 1395/1736/2660 1561/1734/2660 1394/1743/2660
f 1392/1744/2661 1394/1743/2661 1561/1734/2661
f 1552/1725/2662 1558/1731/2662 1562/1735/2662
f 1561/1734/2663 1560/1733/2663 1392/1744/2663
f 1392/1744/2664 1560/1733/2664 1391/1745/2664
f 1389/1746/2665 1391/1745/2665 1560/1733/2665
f 1560/1733/2666 1564/1747/2666 1389/1746/2666
f 1389/1746/2667 1564/1747/2667 1388/1748/2667
f 1386/1749/2668 1388/1748/2668 1564/1747/2668
f 1564/1747/2669 1565/1750/2669 1386/1749/2669
f 1386/1749/2670 1565/1750/2670 1385/1751/2670
f 1383/1752/2671 1385/1751/2671 1565/1750/2671
f 1565/1750/2672 1566/1753/2672 1383/1752/2672
f 1383/1752/2672 1566/1753/2672 1382/1754/2672
f 1566/1753/2673 1380/1755/2673 1382/1754/2673
f 1380/1755/2674 1566/1753/2674 1567/1756/2674
f 1380/1755/2675 1567/1756/2675 1381/1757/2675
f 1566/1753/2676 1568/1758/2676 1567/1756/2676
f 1569/1759/2677 1568/1758/2677 1566/1753/2677
f 1569/1759/2678 1570/1760/2678 1568/1758/2678
f 1568/1758/2679 1570/1760/2679 1571/1761/2679
f 1572/1762/2680 1571/1761/2680 1570/1760/2680
f 1573/1763/2681 1572/1762/2681 1570/1760/2681
f 1573/1763/2682 1570/1760/2682 1574/1764/2682
f 1574/1764/2683 1575/1765/2683 1573/1763/2683
f 1573/1763/2684 1575/1765/2684 1576/1766/2684
f 1573/1763/2685 1576/1766/2685 1577/1767/2685
f 1577/1767/2686 1576/1766/2686 1578/1768/2686
f 1577/1767/2687 1578/1768/2687 1579/1769/2687
f 1580/1770/2688 1577/1767/2688 1579/1769/2688
f 1580/1770/2689 1579/1769/2689 1581/1771/2689
f 1582/1772/2690 1580/1770/2690 1581/1771/2690
f 1581/1771/2691 1583/1773/2691 1582/1772/2691
f 1582/1772/2692 1583/1773/2692 1584/1774/2692
f 1585/1775/2693 1584/1774/2693 1583/1773/2693
f 1585/1775/2694 1583/1773/2694 1586/1776/2694
f 1586/1776/2695 1587/1777/2695 1585/1775/2695
f 1585/1775/2696 1587/1777/2696 1588/1778/2696
f 1589/1779/2697 1585/1775/2697 1588/1778/2697
f 1590/1780/2698 1589/1779/2698 1588/1778/2698
f 1590/1780/2699 1588/1778/2699 1591/1781/2699
f 1592/1782/2700 1590/1780/2700 1591/1781/2700
f 1592/1782/2701 1591/1781/2701 1593/1783/2701
f 1593/1783/2702 1591/1781/2702 1594/1784/2702
f 1594/1784/2703 1595/1785/2703 1593/1783/2703
f 1596/1786/2704 1595/1785/2704 1594/1784/2704
f 1596/1786/2705 1594/1784/2705 1597/1787/2705
f 1596/1786/2706 1597/1787/2706 1598/1788/2706
f 1598/1788/2707 1599/1789/2707 1596/1786/2707
f 1598/1788/2708 1600/1790/2708 1599/1789/2708
f 1599/1789/2709 1600/1790/2709 1601/1791/2709
f 1600/1790/2710 1602/1792/2710 1601/1791/2710
f 1601/1791/2711 1602/1792/2711 1603/1793/2711
f 1602/1792/2712 1604/1794/2712 1603/1793/2712
f 1603/1793/2713 1604/1794/2713 1605/1795/2713
f 1604/1794/2714 1606/1796/2714 1605/1795/2714
f 1605/1795/2715 1606/1796/2715 1607/1797/2715
f 1606/1796/2716 1608/1798/2716 1607/1797/2716
f 1607/1797/2717 1608/1798/2717 1609/1799/2717
f 1606/1796/2718 1610/1800/2718 1608/1798/2718
f 1611/1801/2719 1610/1800/2719 1606/1796/2719
f 1611/1801/2720 1606/1796/2720 1612/1802/2720
f 1612/1802/2721 1613/1803/2721 1611/1801/2721
f 1611/1801/2722 1613/1803/2722 1614/1804/2722
f 1613/1803/2723 1615/1805/2723 1614/1804/2723
f 1615/1805/2724 1616/1806/2724 1614/1804/2724
f 1610/1800/2725 1614/1804/2725 1616/1806/2725
f 1617/1807/2726 1616/1806/2726 1615/1805/2726
f 1617/1807/2727 1615/1805/2727 1618/1808/2727
f 1618/1808/2728 1615/1805/2728 1619/1809/2728
f 1620/1810/2729 1618/1808/2729 1619/1809/2729
f 1619/1809/2730 1621/1811/2730 1620/1810/2730
f 1620/1810/2731 1621/1811/2731 1622/1812/2731
f 1623/1813/2732 1620/1810/2732 1622/1812/2732
f 1622/1812/2733 1624/1814/2733 1623/1813/2733
f 1623/1813/2734 1624/1814/2734 1548/1721/2734
f 1548/1721/2735 1625/1815/2735 1623/1813/2735
f 1548/1721/2736 1624/1814/2736 1626/1816/2736
f 1626/1816/2737 1624/1814/2737 1553/1726/2737
f 1627/1817/2738 1624/1814/2738 1622/1812/2738
f 1627/1817/2739 1622/1812/2739 1628/1818/2739
f 1627/1817/2740 1628/1818/2740 1629/1819/2740
f 1555/1728/2741 1627/1817/2741 1629/1819/2741
f 1629/1819/2742 1630/1820/2742 1555/1728/2742
f 1629/1819/2743 1631/1821/2743 1630/1820/2743
f 1630/1820/2744 1631/1821/2744 1632/1822/2744
f 1632/1822/2745 1633/1823/2745 1630/1820/2745
f 1630/1820/2746 1633/1823/2746 1634/1824/2746
f 1634/1824/2747 1635/1825/2747 1630/1820/2747
f 1630/1820/2748 1635/1825/2748 1556/1729/2748
f 1635/1825/2749 1634/1824/2749 1578/1768/2749
f 1578/1768/2750 1557/1730/2750 1635/1825/2750
f 1578/1768/2751 1634/1824/2751 1636/1826/2751
f 1634/1824/2752 1637/1827/2752 1636/1826/2752
f 1637/1827/2753 1579/1769/2753 1636/1826/2753
f 1638/1828/2754 1579/1769/2754 1637/1827/2754
f 1637/1827/2755 1639/1829/2755 1638/1828/2755
f 1638/1828/2756 1639/1829/2756 1640/1830/2756
f 1583/1773/2757 1638/1828/2757 1640/1830/2757
f 1639/1829/2758 1641/1831/2758 1640/1830/2758
f 1640/1830/2759 1641/1831/2759 1586/1776/2759
f 1642/1832/2760 1586/1776/2760 1641/1831/2760
f 1641/1831/2761 1597/1787/2761 1642/1832/2761
f 1643/1833/2762 1597/1787/2762 1641/1831/2762
f 1597/1787/2763 1643/1833/2763 1644/1834/2763
f 1644/1834/2764 1643/1833/2764 1645/1835/2764
f 1645/1835/2765 1646/1836/2765 1644/1834/2765
f 1644/1834/2766 1646/1836/2766 1647/1837/2766
f 1647/1837/2767 1600/1790/2767 1644/1834/2767
f 1647/1837/2768 1646/1836/2768 1648/1838/2768
f 1648/1838/2769 1602/1792/2769 1647/1837/2769
f 1648/1838/2770 1646/1836/2770 1649/1839/2770
f 1648/1838/2771 1649/1839/2771 1612/1802/2771
f 1604/1794/2772 1648/1838/2772 1612/1802/2772
f 1646/1836/2773 1650/1840/2773 1649/1839/2773
f 1649/1839/2774 1650/1840/2774 1651/1841/2774
f 1649/1839/2775 1651/1841/2775 1613/1803/2775
f 1613/1803/2776 1651/1841/2776 1652/1842/2776
f 1628/1818/2777 1652/1842/2777 1651/1841/2777
f 1628/1818/2778 1651/1841/2778 1631/1821/2778
f 1621/1811/2779 1652/1842/2779 1628/1818/2779
f 1631/1821/2780 1651/1841/2780 1650/1840/2780
f 1646/1836/2781 1645/1835/2781 1650/1840/2781
f 1650/1840/2782 1645/1835/2782 1653/1843/2782
f 1653/1843/2783 1632/1822/2783 1650/1840/2783
f 1654/1844/2784 1632/1822/2784 1653/1843/2784
f 1653/1843/2785 1645/1835/2785 1654/1844/2785
f 1654/1844/2786 1645/1835/2786 1643/1833/2786
f 1643/1833/2787 1639/1829/2787 1654/1844/2787
f 1641/1831/2788 1639/1829/2788 1643/1833/2788
f 1639/1829/2789 1637/1827/2789 1654/1844/2789
f 1654/1844/2790 1637/1827/2790 1633/1823/2790
f 1633/1823/2791 1637/1827/2791 1634/1824/2791
f 1633/1823/2792 1632/1822/2792 1654/1844/2792
f 1650/1840/2793 1632/1822/2793 1631/1821/2793
f 1629/1819/2794 1628/1818/2794 1631/1821/2794
f 1624/1814/2795 1627/1817/2795 1555/1728/2795
f 1625/1815/2796 1620/1810/2796 1623/1813/2796
f 1625/1815/2797 1655/1845/2797 1620/1810/2797
f 1620/1810/2798 1655/1845/2798 1656/1846/2798
f 1625/1815/2799 1547/1720/2799 1655/1845/2799
f 1655/1845/2800 1547/1720/2800 1657/1847/2800
f 1628/1818/2801 1622/1812/2801 1621/1811/2801
f 1621/1811/2802 1619/1809/2802 1652/1842/2802
f 1656/1846/2803 1618/1808/2803 1620/1810/2803
f 1652/1842/2804 1619/1809/2804 1615/1805/2804
f 1652/1842/2805 1615/1805/2805 1613/1803/2805
f 1612/1802/2806 1649/1839/2806 1613/1803/2806
f 1611/1801/2807 1614/1804/2807 1610/1800/2807
f 1612/1802/2808 1606/1796/2808 1604/1794/2808
f 1602/1792/2809 1648/1838/2809 1604/1794/2809
f 1647/1837/2810 1602/1792/2810 1600/1790/2810
f 1644/1834/2811 1600/1790/2811 1598/1788/2811
f 1598/1788/2812 1597/1787/2812 1644/1834/2812
f 1597/1787/2813 1594/1784/2813 1642/1832/2813
f 1642/1832/2814 1594/1784/2814 1587/1777/2814
f 1596/1786/2815 1599/1789/2815 1595/1785/2815
f 1587/1777/2816 1594/1784/2816 1591/1781/2816
f 1658/1848/2817 1590/1780/2817 1592/1782/2817
f 1658/1848/2818 1659/1849/2818 1590/1780/2818
f 1660/1850/2819 1659/1849/2819 1658/1848/2819
f 1659/1849/2820 1589/1779/2820 1590/1780/2820
f 1661/1851/2821 1585/1775/2821 1589/1779/2821
f 1591/1781/2822 1588/1778/2822 1587/1777/2822
f 1587/1777/2823 1586/1776/2823 1642/1832/2823
f 1586/1776/2824 1583/1773/2824 1640/1830/2824
f 1661/1851/2825 1584/1774/2825 1585/1775/2825
f 1581/1771/2826 1638/1828/2826 1583/1773/2826
f 1662/1852/2827 1580/1770/2827 1582/1772/2827
f 1580/1770/2828 1662/1852/2828 1572/1762/2828
f 1572/1762/2829 1662/1852/2829 1663/1853/2829
f 1581/1771/2830 1579/1769/2830 1638/1828/2830
f 1572/1762/2831 1577/1767/2831 1580/1770/2831
f 1579/1769/2832 1578/1768/2832 1636/1826/2832
f 1576/1766/2833 1557/1730/2833 1578/1768/2833
f 1559/1732/2834 1576/1766/2834 1575/1765/2834
f 1564/1747/2835 1559/1732/2835 1575/1765/2835
f 1565/1750/2836 1575/1765/2836 1574/1764/2836
f 1574/1764/2837 1569/1759/2837 1565/1750/2837
f 1577/1767/2838 1572/1762/2838 1573/1763/2838
f 1663/1853/2839 1571/1761/2839 1572/1762/2839
f 1574/1764/2840 1570/1760/2840 1569/1759/2840
f 1565/1750/2841 1569/1759/2841 1566/1753/2841
f 1564/1747/2842 1575/1765/2842 1565/1750/2842
f 1560/1733/2843 1559/1732/2843 1564/1747/2843
f 1557/1730/2844 1576/1766/2844 1559/1732/2844
f 1635/1825/2845 1557/1730/2845 1556/1729/2845
f 1555/1728/2846 1630/1820/2846 1556/1729/2846
f 1553/1726/2847 1624/1814/2847 1555/1728/2847
f 1558/1731/2848 1552/1725/2848 1554/1727/2848
f 1553/1726/2849 1550/1723/2849 1626/1816/2849
f 1562/1735/2850 1551/1724/2850 1552/1725/2850
f 1563/1741/2851 1549/1722/2851 1551/1724/2851
f 1563/1741/2852 1543/1713/2852 1549/1722/2852
f 1626/1816/2853 1550/1723/2853 1548/1721/2853
f 1547/1720/2854 1625/1815/2854 1548/1721/2854
f 1657/1847/2855 1547/1720/2855 1545/1718/2855
f 1549/1722/2856 1543/1713/2856 1546/1719/2856
f 1544/1717/2857 1297/1716/2857 1435/1854/2857
f 1294/1714/2858 1543/1713/2858 1563/1741/2858
f 1664/1855/2859 1665/1856/2859 1666/1857/2859
f 1666/1857/2860 1665/1856/2860 1667/1858/2860
f 1668/1859/2861 1666/1857/2861 1667/1858/2861
f 1667/1858/2862 1669/1860/2862 1668/1859/2862
f 1444/1861/2863 1668/1859/2863 1669/1860/2863
f 1444/1861/2864 1669/1860/2864 1445/1862/2864
f 1668/1859/2865 1444/1861/2865 1446/1863/2865
f 1447/1864/2866 1668/1859/2866 1446/1863/2866
f 1447/1864/2867 1670/1865/2867 1668/1859/2867
f 1670/1865/2868 1447/1864/2868 1449/1866/2868
f 1671/1867/2869 1669/1860/2869 1667/1858/2869
f 1667/1858/2870 1672/1868/2870 1671/1867/2870
f 1670/1865/2871 1666/1857/2871 1668/1859/2871
f 1665/1856/2872 1672/1868/2872 1667/1858/2872
f 1665/1856/2873 1673/1869/2873 1672/1868/2873
f 1674/1870/2874 1673/1869/2874 1665/1856/2874
f 1674/1870/2875 1675/1871/2875 1673/1869/2875
f 1676/1872/2876 1675/1871/2876 1674/1870/2876
f 1674/1870/2877 1677/1873/2877 1676/1872/2877
f 1677/1873/2878 1678/1874/2878 1676/1872/2878
f 1676/1872/2879 1678/1874/2879 1679/1875/2879
f 1679/1875/2880 1680/1876/2880 1676/1872/2880
f 1679/1875/2881 1681/1877/2881 1680/1876/2881
f 1680/1876/2882 1681/1877/2882 1682/1878/2882
f 1681/1877/2883 1683/1879/2883 1682/1878/2883
f 1684/1880/2884 1683/1879/2884 1681/1877/2884
f 1681/1877/2885 1685/1881/2885 1684/1880/2885
f 1686/1882/2886 1684/1880/2886 1685/1881/2886
f 1687/1883/2887 1684/1880/2887 1686/1882/2887
f 1688/1884/2888 1687/1883/2888 1686/1882/2888
f 1688/1884/2889 1686/1882/2889 1689/1885/2889
f 1688/1884/2890 1689/1885/2890 1690/1886/2890
f 1690/1886/2891 1691/1887/2891 1688/1884/2891
f 1692/1888/2892 1691/1887/2892 1690/1886/2892
f 1692/1888/2893 1690/1886/2893 1693/1889/2893
f 1694/1890/2894 1692/1888/2894 1693/1889/2894
f 1695/1891/2895 1692/1888/2895 1694/1890/2895
f 1693/1889/2896 1690/1886/2896 1696/1892/2896
f 1690/1886/2897 1697/1893/2897 1696/1892/2897
f 1695/1891/2898 1691/1887/2898 1692/1888/2898
f 1698/1894/2899 1691/1887/2899 1695/1891/2899
f 1699/1895/2900 1691/1887/2900 1698/1894/2900
f 1687/1883/2901 1691/1887/2901 1699/1895/2901
f 1683/1879/2902 1687/1883/2902 1699/1895/2902
f 1690/1886/2903 1689/1885/2903 1697/1893/2903
f 1691/1887/2904 1687/1883/2904 1688/1884/2904
f 1700/1896/2905 1685/1881/2905 1681/1877/2905
f 1700/1896/2906 1681/1877/2906 1678/1874/2906
f 1684/1880/2907 1687/1883/2907 1683/1879/2907
f 1678/1874/2908 1681/1877/2908 1679/1875/2908
f 1701/1897/2909 1677/1873/2909 1674/1870/2909
f 1674/1870/2910 1664/1855/2910 1701/1897/2910
f 1676/1872/2911 1680/1876/2911 1675/1871/2911
f 1665/1856/2912 1664/1855/2912 1674/1870/2912
f 1666/1898/2913 1702/1899/2913 1664/1900/2913
f 1664/1900/2914 1702/1899/2914 1703/1901/2914
f 1664/1900/2915 1703/1901/2915 1701/1902/2915
f 1701/1902/2916 1703/1901/2916 1704/1903/2916
f 1704/1903/2917 1705/1904/2917 1701/1902/2917
f 1701/1902/2918 1705/1904/2918 1677/1905/2918
f 1705/1904/2919 1706/1906/2919 1677/1905/2919
f 1677/1905/2920 1706/1906/2920 1678/1907/2920
f 1678/1907/2921 1706/1906/2921 1700/1908/2921
f 1700/1908/2922 1706/1906/2922 1707/1909/2922
f 1707/1909/2923 1685/1910/2923 1700/1908/2923
f 1708/1911/2924 1685/1910/2924 1707/1909/2924
f 1707/1909/2925 1709/1912/2925 1708/1911/2925
f 1708/1911/2926 1709/1912/2926 1710/1913/2926
f 1710/1913/2927 1711/1914/2927 1708/1911/2927
f 1711/1914/2928 1686/1915/2928 1708/1911/2928
f 1689/1916/2929 1686/1915/2929 1711/1914/2929
f 1711/1914/2930 1712/1917/2930 1689/1916/2930
f 1689/1916/2931 1712/1917/2931 1697/1918/2931
f 1697/1918/2932 1712/1917/2932 1713/1919/2932
f 1714/1920/2933 1713/1919/2933 1712/1917/2933
f 1714/1920/2934 1712/1917/2934 1715/1921/2934
f 1715/1921/2935 1716/1922/2935 1714/1920/2935
f 1714/1920/2936 1716/1922/2936 1717/1923/2936
f 1714/1920/2937 1717/1923/2937 1718/1924/2937
f 1718/1924/2938 1717/1923/2938 1719/1925/2938
f 1719/1925/2939 1717/1923/2939 1720/1926/2939
f 1720/1926/2940 1717/1923/2940 1721/1927/2940
f 1720/1926/2941 1721/1927/2941 1660/1928/2941
f 1660/1928/2942 1721/1927/2942 1659/1929/2942
f 1659/1929/2943 1721/1927/2943 1589/1930/2943
f 1589/1930/2944 1721/1927/2944 1722/1931/2944
f 1723/1932/2945 1589/1930/2945 1722/1931/2945
f 1716/1922/2946 1723/1932/2946 1722/1931/2946
f 1724/1933/2947 1723/1932/2947 1716/1922/2947
f 1724/1933/2948 1725/1934/2948 1723/1932/2948
f 1723/1932/2949 1725/1934/2949 1726/1935/2949
f 1584/1936/2950 1723/1932/2950 1726/1935/2950
f 1726/1935/2951 1582/1937/2951 1584/1936/2951
f 1727/1938/2952 1582/1937/2952 1726/1935/2952
f 1726/1935/2953 1728/1939/2953 1727/1938/2953
f 1728/1939/2954 1729/1940/2954 1727/1938/2954
f 1727/1938/2955 1729/1940/2955 1730/1941/2955
f 1729/1940/2956 1731/1942/2956 1730/1941/2956
f 1663/1943/2957 1730/1941/2957 1731/1942/2957
f 1732/1944/2958 1663/1943/2958 1731/1942/2958
f 1732/1944/2959 1731/1942/2959 1733/1945/2959
f 1734/1946/2960 1732/1944/2960 1733/1945/2960
f 1733/1945/2961 1735/1947/2961 1734/1946/2961
f 1735/1947/2962 1736/1948/2962 1734/1946/2962
f 1734/1946/2963 1736/1948/2963 1737/1949/2963
f 1734/1946/2964 1737/1949/2964 1738/1950/2964
f 1738/1950/2965 1737/1949/2965 1739/1951/2965
f 1739/1951/2966 1568/1952/2966 1738/1950/2966
f 1568/1952/2967 1732/1944/2967 1738/1950/2967
f 1571/1953/2968 1732/1944/2968 1568/1952/2968
f 1567/1954/2969 1568/1952/2969 1739/1951/2969
f 1523/1955/2970 1567/1954/2970 1739/1951/2970
f 1739/1951/2971 1522/1956/2971 1523/1955/2971
f 1520/1957/2972 1522/1956/2972 1739/1951/2972
f 1567/1954/2973 1523/1955/2973 1381/1958/2973
f 1739/1951/2974 1737/1949/2974 1520/1957/2974
f 1520/1957/2975 1737/1949/2975 1519/1959/2975
f 1509/1960/2976 1519/1959/2976 1737/1949/2976
f 1737/1949/2977 1736/1948/2977 1509/1960/2977
f 1509/1960/2978 1736/1948/2978 1510/1961/2978
f 1736/1948/2979 1511/1962/2979 1510/1961/2979
f 1511/1962/2980 1736/1948/2980 1740/1963/2980
f 1740/1963/2536 1513/1964/2536 1511/1962/2536
f 1514/1965/2537 1513/1964/2537 1740/1963/2537
f 1740/1963/2981 1741/1966/2981 1514/1965/2981
f 1514/1965/2982 1741/1966/2982 1516/1967/2982
f 1741/1966/2983 1517/1968/2983 1516/1967/2983
f 1517/1968/2984 1741/1966/2984 1670/1969/2984
f 1517/1968/2985 1670/1969/2985 1449/1970/2985
f 1702/1899/2986 1670/1969/2986 1741/1966/2986
f 1741/1966/2987 1740/1963/2987 1702/1899/2987
f 1702/1899/2988 1740/1963/2988 1742/1971/2988
f 1742/1971/2989 1743/1972/2989 1702/1899/2989
f 1742/1971/2990 1735/1947/2990 1743/1972/2990
f 1743/1972/2991 1735/1947/2991 1744/1973/2991
f 1744/1973/2992 1745/1974/2992 1743/1972/2992
f 1743/1972/2993 1745/1974/2993 1703/1901/2993
f 1746/1975/2994 1745/1974/2994 1744/1973/2994
f 1744/1973/2995 1733/1945/2995 1746/1975/2995
f 1746/1975/2996 1733/1945/2996 1747/1976/2996
f 1729/1940/2997 1746/1975/2997 1747/1976/2997
f 1748/1977/2998 1746/1975/2998 1729/1940/2998
f 1748/1977/2999 1729/1940/2999 1749/1978/2999
f 1748/1977/3000 1749/1978/3000 1750/1979/3000
f 1745/1974/3001 1748/1977/3001 1750/1979/3001
f 1745/1974/3002 1750/1979/3002 1704/1903/3002
f 1750/1979/3003 1749/1978/3003 1751/1980/3003
f 1750/1979/3004 1751/1980/3004 1705/1904/3004
f 1751/1980/3005 1749/1978/3005 1709/1912/3005
f 1709/1912/3006 1749/1978/3006 1752/1981/3006
f 1749/1978/3007 1728/1939/3007 1752/1981/3007
f 1752/1981/3008 1728/1939/3008 1725/1934/3008
f 1746/1975/3009 1748/1977/3009 1745/1974/3009
f 1740/1963/3010 1735/1947/3010 1742/1971/3010
f 1736/1948/3011 1735/1947/3011 1740/1963/3011
f 1744/1973/3012 1735/1947/3012 1733/1945/3012
f 1738/1950/3013 1732/1944/3013 1734/1946/3013
f 1733/1945/3014 1731/1942/3014 1747/1976/3014
f 1571/1953/3015 1663/1943/3015 1732/1944/3015
f 1662/1982/3016 1730/1941/3016 1663/1943/3016
f 1662/1982/3017 1582/1937/3017 1730/1941/3017
f 1747/1976/3018 1731/1942/3018 1729/1940/3018
f 1749/1978/3019 1729/1940/3019 1728/1939/3019
f 1730/1941/3020 1582/1937/3020 1727/1938/3020
f 1661/1983/3021 1723/1932/3021 1584/1936/3021
f 1725/1934/3022 1728/1939/3022 1726/1935/3022
f 1725/1934/3023 1724/1933/3023 1752/1981/3023
f 1752/1981/3024 1724/1933/3024 1753/1984/3024
f 1710/1913/3025 1752/1981/3025 1753/1984/3025
f 1753/1984/3026 1754/1985/3026 1710/1913/3026
f 1715/1921/3027 1754/1985/3027 1753/1984/3027
f 1724/1933/3028 1715/1921/3028 1753/1984/3028
f 1661/1983/3029 1589/1930/3029 1723/1932/3029
f 1717/1923/3030 1722/1931/3030 1721/1927/3030
f 1716/1922/3031 1722/1931/3031 1717/1923/3031
f 1716/1922/3032 1715/1921/3032 1724/1933/3032
f 1715/1921/3033 1712/1917/3033 1754/1985/3033
f 1718/1924/3034 1713/1919/3034 1714/1920/3034
f 1754/1985/3035 1712/1917/3035 1711/1914/3035
f 1754/1985/3036 1711/1914/3036 1710/1913/3036
f 1709/1912/3037 1752/1981/3037 1710/1913/3037
f 1707/1909/3038 1751/1980/3038 1709/1912/3038
f 1708/1911/3039 1686/1915/3039 1685/1910/3039
f 1706/1906/3040 1751/1980/3040 1707/1909/3040
f 1705/1904/3041 1751/1980/3041 1706/1906/3041
f 1704/1903/3042 1750/1979/3042 1705/1904/3042
f 1703/1901/3043 1745/1974/3043 1704/1903/3043
f 1702/1899/3044 1743/1972/3044 1703/1901/3044
f 1666/1898/3045 1670/1969/3045 1702/1899/3045
usemtl material_0.254
f 1755/1986/3046 1756/1987/3046 1757/1988/3046
f 1756/1987/3047 1758/1989/3047 1757/1988/3047
f 1758/1989/3048 1756/1987/3048 1759/1990/3048
f 1759/1990/3049 1760/1991/3049 1758/1989/3049
f 1760/1991/3050 1759/1990/3050 1761/1992/3050
f 1761/1992/3051 1759/1990/3051 1762/1993/3051
f 1762/1993/3052 1763/1994/3052 1761/1992/3052
f 1763/1994/3053 1762/1993/3053 1764/1995/3053
f 1765/1996/3054 1764/1995/3054 1762/1993/3054
f 1766/1997/3055 1765/1996/3055 1762/1993/3055
f 1766/1997/3056 1762/1993/3056 1767/1998/3056
f 1767/1998/3057 1768/1999/3057 1766/1997/3057
f 1766/1997/3058 1768/1999/3058 1769/2000/3058
f 1769/2000/3059 1768/1999/3059 1770/2001/3059
f 1770/2001/3060 1771/2002/3060 1769/2000/3060
f 1765/1996/3061 1769/2000/3061 1771/2002/3061
f 1765/1996/3062 1771/2002/3062 1772/2003/3062
f 1765/1996/3063 1772/2003/3063 1773/2004/3063
f 1773/2004/3064 1774/2005/3064 1765/1996/3064
f 1773/2004/3065 1772/2003/3065 1775/2006/3065
f 1776/2007/3066 1775/2006/3066 1772/2003/3066
f 1772/2003/3067 1777/2008/3067 1776/2007/3067
f 1776/2007/3068 1777/2008/3068 1778/2009/3068
f 1779/2010/3069 1778/2009/3069 1777/2008/3069
f 1777/2008/3070 1780/2011/3070 1779/2010/3070
f 1779/2010/3071 1780/2011/3071 1781/2012/3071
f 1781/2012/3072 1780/2011/3072 1782/2013/3072
f 1782/2013/3073 1780/2011/3073 1783/2014/3073
f 1783/2014/3074 1784/2015/3074 1782/2013/3074
f 1784/2015/3075 1783/2014/3075 1785/2016/3075
f 1785/2016/3076 1783/2014/3076 1786/2017/3076
f 1786/2017/3077 1787/2018/3077 1785/2016/3077
f 1786/2017/3078 1788/2019/3078 1787/2018/3078
f 1788/2019/3079 1786/2017/3079 1789/2020/3079
f 1789/2020/3080 1790/2021/3080 1788/2019/3080
f 1791/2022/3081 1790/2021/3081 1789/2020/3081
f 1789/2020/3082 1792/2023/3082 1791/2022/3082
f 1791/2022/3083 1792/2023/3083 1793/2024/3083
f 1794/2025/3084 1793/2024/3084 1792/2023/3084
f 1792/2023/3085 1795/2026/3085 1794/2025/3085
f 1794/2025/3086 1795/2026/3086 1796/2027/3086
f 1795/2026/3087 1797/2028/3087 1796/2027/3087
f 1797/2028/3088 1795/2026/3088 1798/2029/3088
f 1798/2029/3089 1799/2030/3089 1797/2028/3089
f 1795/2026/3090 1800/2031/3090 1798/2029/3090
f 1801/2032/3091 1800/2031/3091 1795/2026/3091
f 1795/2026/3092 1802/2033/3092 1801/2032/3092
f 1802/2033/3093 1803/2034/3093 1801/2032/3093
f 1804/2035/3094 1801/2032/3094 1803/2034/3094
f 1805/2036/3095 1804/2035/3095 1803/2034/3095
f 1805/2036/3096 1803/2034/3096 1806/2037/3096
f 1805/2036/3097 1806/2037/3097 1807/2038/3097
f 1807/2038/3098 1808/2039/3098 1805/2036/3098
f 1805/2036/3099 1808/2039/3099 1809/2040/3099
f 1810/2041/3100 1808/2039/3100 1807/2038/3100
f 1811/2042/3101 1810/2041/3101 1807/2038/3101
f 1812/2043/3102 1810/2041/3102 1811/2042/3102
f 1811/2042/3103 1813/2044/3103 1812/2043/3103
f 1812/2043/3104 1813/2044/3104 1814/2045/3104
f 1815/2046/3105 1814/2045/3105 1813/2044/3105
f 1813/2044/3106 1816/2047/3106 1815/2046/3106
f 1816/2047/3107 1817/2048/3107 1815/2046/3107
f 1815/2046/3108 1817/2048/3108 1818/2049/3108
f 1818/2049/3109 1819/2050/3109 1815/2046/3109
f 1820/2051/3110 1819/2050/3110 1818/2049/3110
f 1821/2052/3111 1820/2051/3111 1818/2049/3111
f 1821/2052/3112 1818/2049/3112 1822/2053/3112
f 1821/2052/3113 1822/2053/3113 1823/2054/3113
f 1821/2052/3114 1823/2054/3114 1824/2055/3114
f 1824/2055/3115 1823/2054/3115 1825/2056/3115
f 1823/2054/3116 1826/2057/3116 1825/2056/3116
f 1827/2058/3117 1826/2057/3117 1823/2054/3117
f 1823/2054/3118 1828/2059/3118 1827/2058/3118
f 1827/2058/3119 1828/2059/3119 1829/2060/3119
f 1827/2058/3120 1829/2060/3120 1830/2061/3120
f 1830/2061/3121 1829/2060/3121 1831/2062/3121
f 1831/2062/3122 1832/2063/3122 1830/2061/3122
f 1830/2061/3123 1832/2063/3123 1833/2064/3123
f 1833/2064/3124 1834/2065/3124 1830/2061/3124
f 1826/2057/3125 1830/2061/3125 1834/2065/3125
f 1835/2066/3126 1834/2065/3126 1833/2064/3126
f 1836/2067/3127 1835/2066/3127 1833/2064/3127
f 1836/2067/3128 1833/2064/3128 1837/2068/3128
f 1838/2069/3129 1836/2067/3129 1837/2068/3129
f 1837/2068/3130 1839/2070/3130 1838/2069/3130
f 1839/2070/3131 1840/2071/3131 1838/2069/3131
f 1839/2070/3132 1841/2072/3132 1840/2071/3132
f 1842/2073/3133 1841/2072/3133 1839/2070/3133
f 1839/2070/3134 1768/1999/3134 1842/2073/3134
f 1768/1999/3135 1843/2074/3135 1842/2073/3135
f 1844/2075/3136 1842/2073/3136 1843/2074/3136
f 1843/2074/3137 1756/1987/3137 1844/2075/3137
f 1844/2075/3138 1756/1987/3138 1845/2076/3138
f 1846/2077/3139 1768/1999/3139 1839/2070/3139
f 1841/2072/3140 1842/2073/3140 1844/2075/3140
f 1846/2077/3141 1839/2070/3141 1837/2068/3141
f 1846/2077/3142 1837/2068/3142 1770/2001/3142
f 1770/2001/3143 1837/2068/3143 1832/2063/3143
f 1832/2063/3144 1847/2078/3144 1770/2001/3144
f 1848/2079/3145 1836/2067/3145 1838/2069/3145
f 1836/2067/3146 1848/2079/3146 1849/2080/3146
f 1849/2080/3147 1835/2066/3147 1836/2067/3147
f 1837/2068/3148 1833/2064/3148 1832/2063/3148
f 1831/2062/3149 1847/2078/3149 1832/2063/3149
f 1831/2062/3150 1850/2081/3150 1847/2078/3150
f 1851/2082/3151 1847/2078/3151 1850/2081/3151
f 1852/2083/3152 1851/2082/3152 1850/2081/3152
f 1850/2081/3153 1828/2059/3153 1852/2083/3153
f 1852/2083/3154 1828/2059/3154 1853/2084/3154
f 1854/2085/3155 1852/2083/3155 1853/2084/3155
f 1853/2084/3156 1855/2086/3156 1854/2085/3156
f 1854/2085/3157 1855/2086/3157 1856/2087/3157
f 1856/2087/3158 1780/2011/3158 1854/2085/3158
f 1856/2087/3159 1855/2086/3159 1857/2088/3159
f 1857/2088/3160 1786/2017/3160 1856/2087/3160
f 1857/2088/3161 1855/2086/3161 1858/2089/3161
f 1858/2089/3162 1859/2090/3162 1857/2088/3162
f 1859/2090/3163 1789/2020/3163 1857/2088/3163
f 1860/2091/3164 1859/2090/3164 1858/2089/3164
f 1816/2047/3165 1860/2091/3165 1858/2089/3165
f 1861/2092/3166 1860/2091/3166 1816/2047/3166
f 1861/2092/3167 1862/2093/3167 1860/2091/3167
f 1802/2033/3168 1860/2091/3168 1862/2093/3168
f 1806/2037/3169 1862/2093/3169 1861/2092/3169
f 1806/2037/3170 1861/2092/3170 1811/2042/3170
f 1859/2090/3171 1860/2091/3171 1802/2033/3171
f 1792/2023/3172 1859/2090/3172 1802/2033/3172
f 1817/2048/3173 1858/2089/3173 1855/2086/3173
f 1853/2084/3174 1817/2048/3174 1855/2086/3174
f 1822/2053/3175 1817/2048/3175 1853/2084/3175
f 1863/2094/3176 1852/2083/3176 1854/2085/3176
f 1854/2085/3177 1777/2008/3177 1863/2094/3177
f 1853/2084/3178 1828/2059/3178 1822/2053/3178
f 1863/2094/3179 1851/2082/3179 1852/2083/3179
f 1863/2094/3180 1772/2003/3180 1851/2082/3180
f 1771/2002/3181 1847/2078/3181 1851/2082/3181
f 1829/2060/3182 1850/2081/3182 1831/2062/3182
f 1829/2060/3183 1828/2059/3183 1850/2081/3183
f 1827/2058/3184 1830/2061/3184 1826/2057/3184
f 1823/2054/3185 1822/2053/3185 1828/2059/3185
f 1824/2055/3186 1820/2051/3186 1821/2052/3186
f 1822/2053/3187 1818/2049/3187 1817/2048/3187
f 1816/2047/3188 1858/2089/3188 1817/2048/3188
f 1861/2092/3189 1816/2047/3189 1813/2044/3189
f 1819/2050/3190 1814/2045/3190 1815/2046/3190
f 1811/2042/3191 1861/2092/3191 1813/2044/3191
f 1864/2095/3192 1808/2039/3192 1810/2041/3192
f 1807/2038/3193 1806/2037/3193 1811/2042/3193
f 1806/2037/3194 1803/2034/3194 1862/2093/3194
f 1809/2040/3195 1804/2035/3195 1805/2036/3195
f 1862/2093/3168 1803/2034/3168 1802/2033/3168
f 1800/2031/3196 1801/2032/3196 1804/2035/3196
f 1792/2023/3197 1802/2033/3197 1795/2026/3197
f 1789/2020/3198 1859/2090/3198 1792/2023/3198
f 1857/2088/3199 1789/2020/3199 1786/2017/3199
f 1856/2087/3200 1786/2017/3200 1783/2014/3200
f 1783/2014/3201 1780/2011/3201 1856/2087/3201
f 1780/2011/3202 1777/2008/3202 1854/2085/3202
f 1777/2008/3203 1772/2003/3203 1863/2094/3203
f 1772/2003/3204 1771/2002/3204 1851/2082/3204
f 1847/2078/3205 1771/2002/3205 1770/2001/3205
f 1770/2001/3206 1768/1999/3206 1846/2077/3206
f 1767/1998/3207 1843/2074/3207 1768/1999/3207
f 1767/1998/3208 1759/1990/3208 1843/2074/3208
f 1766/1997/3209 1769/2000/3209 1765/1996/3209
f 1764/1995/3210 1765/1996/3210 1774/2005/3210
f 1767/1998/3211 1762/1993/3211 1759/1990/3211
f 1843/2074/3212 1759/1990/3212 1756/1987/3212
f 1845/2076/3213 1756/1987/3213 1755/1986/3213
f 1755/1986/3214 1865/2096/3214 1845/2076/3214
f 1866/2097/3215 1867/2098/3215 1845/2099/3215
f 1868/2100/3216 1866/2097/3216 1845/2099/3216
f 1868/2100/3217 1845/2099/3217 1865/2101/3217
f 1866/2097/3218 1868/2100/3218 1869/2102/3218
f 1870/2103/3219 1866/2097/3219 1869/2102/3219
f 1871/2104/3220 1866/2097/3220 1870/2103/3220
f 1870/2103/3221 1872/2105/3221 1871/2104/3221
f 1873/2106/3222 1871/2104/3222 1872/2105/3222
f 1874/2107/3223 1871/2104/3223 1873/2106/3223
f 1873/2106/3224 1875/2108/3224 1874/2107/3224
f 1876/2109/3225 1874/2107/3225 1875/2108/3225
f 1876/2109/3226 1877/2110/3226 1874/2107/3226
f 1878/2111/3227 1874/2107/3227 1877/2110/3227
f 1877/2110/3228 1879/2112/3228 1878/2111/3228
f 1878/2111/3229 1879/2112/3229 1880/2113/3229
f 1880/2113/3230 1881/2114/3230 1878/2111/3230
f 1882/2115/3231 1881/2114/3231 1880/2113/3231
f 1880/2113/3232 1883/2116/3232 1882/2115/3232
f 1883/2116/3233 1884/2117/3233 1882/2115/3233
f 1884/2117/3234 1885/2118/3234 1882/2115/3234
f 1884/2117/3235 1886/2119/3235 1885/2118/3235
f 1885/2118/3236 1886/2119/3236 1867/2098/3236
f 1885/2118/3237 1867/2098/3237 1871/2104/3237
f 1841/2120/3238 1867/2098/3238 1886/2119/3238
f 1886/2119/3239 1840/2121/3239 1841/2120/3239
f 1887/2122/3240 1840/2121/3240 1886/2119/3240
f 1887/2122/3241 1888/2123/3241 1840/2121/3241
f 1840/2121/3242 1888/2123/3242 1889/2124/3242
f 1838/2125/3243 1840/2121/3243 1889/2124/3243
f 1889/2124/3244 1848/2126/3244 1838/2125/3244
f 1890/2127/3245 1848/2126/3245 1889/2124/3245
f 1890/2127/3246 1891/2128/3246 1848/2126/3246
f 1848/2126/3247 1891/2128/3247 1892/2129/3247
f 1849/2130/3248 1848/2126/3248 1892/2129/3248
f 1890/2127/3249 1893/2131/3249 1891/2128/3249
f 1894/2132/3250 1893/2131/3250 1890/2127/3250
f 1890/2127/3251 1888/2123/3251 1894/2132/3251
f 1894/2132/3252 1888/2123/3252 1895/2133/3252
f 1895/2133/3253 1896/2134/3253 1894/2132/3253
f 1897/2135/3254 1896/2134/3254 1895/2133/3254
f 1895/2133/3255 1898/2136/3255 1897/2135/3255
f 1898/2136/3256 1899/2137/3256 1897/2135/3256
f 1897/2135/3257 1899/2137/3257 1900/2138/3257
f 1901/2139/3258 1897/2135/3258 1900/2138/3258
f 1900/2138/3259 1902/2140/3259 1901/2139/3259
f 1901/2139/3260 1902/2140/3260 1903/2141/3260
f 1900/2138/3261 1904/2142/3261 1902/2140/3261
f 1905/2143/3262 1897/2135/3262 1901/2139/3262
f 1899/2137/3263 1904/2142/3263 1900/2138/3263
f 1899/2137/3264 1906/2144/3264 1904/2142/3264
f 1907/2145/3265 1906/2144/3265 1899/2137/3265
f 1906/2144/3266 1907/2145/3266 1908/2146/3266
f 1908/2146/3267 1907/2145/3267 1880/2113/3267
f 1898/2136/3268 1907/2145/3268 1899/2137/3268
f 1883/2116/3269 1907/2145/3269 1898/2136/3269
f 1909/2147/3270 1883/2116/3270 1898/2136/3270
f 1910/2148/3271 1883/2116/3271 1909/2147/3271
f 1910/2148/3272 1909/2147/3272 1887/2122/3272
f 1887/2122/3273 1884/2117/3273 1910/2148/3273
f 1909/2147/3274 1898/2136/3274 1895/2133/3274
f 1905/2143/3275 1896/2134/3275 1897/2135/3275
f 1895/2133/3276 1888/2123/3276 1909/2147/3276
f 1894/2132/3277 1896/2134/3277 1893/2131/3277
f 1889/2124/3278 1888/2123/3278 1890/2127/3278
f 1887/2122/3279 1909/2147/3279 1888/2123/3279
f 1844/2149/3280 1867/2098/3280 1841/2120/3280
f 1886/2119/3281 1884/2117/3281 1887/2122/3281
f 1910/2148/3282 1884/2117/3282 1883/2116/3282
f 1907/2145/3283 1883/2116/3283 1880/2113/3283
f 1882/2115/3284 1885/2118/3284 1881/2114/3284
f 1881/2114/3285 1885/2118/3285 1874/2107/3285
f 1880/2113/3286 1879/2112/3286 1908/2146/3286
f 1911/2150/3287 1879/2112/3287 1877/2110/3287
f 1912/2151/3288 1911/2150/3288 1877/2110/3288
f 1912/2151/3289 1877/2110/3289 1913/2152/3289
f 1911/2150/3290 1912/2151/3290 1914/2153/3290
f 1881/2114/3291 1874/2107/3291 1878/2111/3291
f 1877/2110/3292 1876/2109/3292 1913/2152/3292
f 1874/2107/3293 1885/2118/3293 1871/2104/3293
f 1845/2099/3294 1867/2098/3294 1844/2149/3294
f 1871/2104/3295 1867/2098/3295 1866/2097/3295
f 1915/2154/3296 1916/2155/3296 1917/2156/3296
f 1918/2157/3297 1915/2154/3297 1917/2156/3297
f 1919/2158/3298 1918/2157/3298 1917/2156/3298
f 1917/2156/3299 1920/2159/3299 1919/2158/3299
f 1919/2158/3300 1920/2159/3300 1921/2160/3300
f 1922/2161/3301 1919/2158/3301 1921/2160/3301
f 1923/2162/3302 1919/2158/3302 1922/2161/3302
f 1922/2161/3303 1924/2163/3303 1923/2162/3303
f 1925/2164/3304 1923/2162/3304 1924/2163/3304
f 1926/2165/3305 1925/2164/3305 1924/2163/3305
f 1924/2163/3306 1927/2166/3306 1926/2165/3306
f 1926/2165/3307 1927/2166/3307 1928/2167/3307
f 1928/2167/3308 1929/2168/3308 1926/2165/3308
f 1929/2168/3309 1930/2169/3309 1926/2165/3309
f 1931/2170/3310 1930/2169/3310 1929/2168/3310
f 1932/2171/3311 1930/2169/3311 1931/2170/3311
f 1933/2172/3312 1930/2169/3312 1932/2171/3312
f 1934/2173/3313 1933/2172/3313 1932/2171/3313
f 1935/2174/3314 1933/2172/3314 1934/2173/3314
f 1936/2175/3315 1935/2174/3315 1934/2173/3315
f 1937/2176/3316 1935/2174/3316 1936/2175/3316
f 1936/2175/3317 1938/2177/3317 1937/2176/3317
f 1937/2176/3318 1938/2177/3318 1939/2178/3318
f 1937/2176/3319 1939/2178/3319 1940/2179/3319
f 1940/2179/3320 1939/2178/3320 1941/2180/3320
f 1942/2181/3321 1940/2179/3321 1941/2180/3321
f 1943/2182/3322 1940/2179/3322 1942/2181/3322
f 1942/2181/3323 1944/2183/3323 1943/2182/3323
f 1943/2182/3324 1944/2183/3324 1945/2184/3324
f 1946/2185/3325 1943/2182/3325 1945/2184/3325
f 1945/2184/3326 1947/2186/3326 1946/2185/3326
f 1946/2185/3327 1947/2186/3327 1935/2174/3327
f 1935/2174/3328 1940/2179/3328 1946/2185/3328
f 1948/2187/3329 1947/2186/3329 1945/2184/3329
f 1949/2188/3330 1948/2187/3330 1945/2184/3330
f 1950/2189/3331 1948/2187/3331 1949/2188/3331
f 1951/2190/3332 1950/2189/3332 1949/2188/3332
f 1944/2183/3333 1951/2190/3333 1949/2188/3333
f 1952/2191/3334 1951/2190/3334 1944/2183/3334
f 1944/2183/3335 1953/2192/3335 1952/2191/3335
f 1952/2191/3336 1953/2192/3336 1954/2193/3336
f 1954/2193/3337 1955/2194/3337 1952/2191/3337
f 1952/2191/3338 1955/2194/3338 1956/2195/3338
f 1955/2194/3339 1957/2196/3339 1956/2195/3339
f 1956/2195/3340 1957/2196/3340 1958/2197/3340
f 1958/2197/3341 1959/2198/3341 1956/2195/3341
f 1951/2190/3342 1956/2195/3342 1959/2198/3342
f 1951/2190/3343 1959/2198/3343 1960/2199/3343
f 1960/2199/3344 1959/2198/3344 1961/2200/3344
f 1960/2199/3345 1961/2200/3345 1918/2157/3345
f 1918/2157/3346 1962/2201/3346 1960/2199/3346
f 1960/2199/3347 1962/2201/3347 1950/2189/3347
f 1918/2157/3348 1961/2200/3348 1963/2202/3348
f 1961/2200/3349 1964/2203/3349 1963/2202/3349
f 1963/2202/3350 1964/2203/3350 1915/2154/3350
f 1915/2154/3351 1964/2203/3351 1965/2204/3351
f 1966/2205/3352 1965/2204/3352 1964/2203/3352
f 1964/2203/3353 1967/2206/3353 1966/2205/3353
f 1966/2205/3354 1967/2206/3354 1968/2207/3354
f 1968/2207/3355 1969/2208/3355 1966/2205/3355
f 1969/2208/3356 1970/2209/3356 1966/2205/3356
f 1966/2205/3357 1970/2209/3357 1971/2210/3357
f 1972/2211/3358 1971/2210/3358 1970/2209/3358
f 1970/2209/3359 1973/2212/3359 1972/2211/3359
f 1974/2213/3360 1973/2212/3360 1970/2209/3360
f 1975/2214/3361 1971/2210/3361 1972/2211/3361
f 1976/2215/3362 1971/2210/3362 1975/2214/3362
f 1965/2204/3362 1971/2210/3362 1976/2215/3362
f 1916/2155/3363 1965/2204/3363 1976/2215/3363
f 1970/2209/3364 1969/2208/3364 1974/2213/3364
f 1974/2213/3365 1969/2208/3365 1977/2216/3365
f 1977/2216/3366 1969/2208/3366 1978/2217/3366
f 1978/2217/3367 1969/2208/3367 1979/2218/3367
f 1980/2219/3368 1978/2217/3368 1979/2218/3368
f 1968/2207/3369 1980/2219/3369 1979/2218/3369
f 1981/2220/3370 1980/2219/3370 1968/2207/3370
f 1982/2221/3371 1980/2219/3371 1981/2220/3371
f 1983/2222/3372 1982/2221/3372 1981/2220/3372
f 1981/2220/3373 1967/2206/3373 1983/2222/3373
f 1961/2200/3374 1983/2222/3374 1967/2206/3374
f 1958/2197/3375 1982/2221/3375 1983/2222/3375
f 1982/2221/3376 1958/2197/3376 1984/2223/3376
f 1984/2223/3377 1985/2224/3377 1982/2221/3377
f 1982/2221/3378 1985/2224/3378 1986/2225/3378
f 1985/2224/3379 1987/2226/3379 1986/2225/3379
f 1987/2226/3380 1980/2219/3380 1986/2225/3380
f 1988/2227/3381 1980/2219/3381 1987/2226/3381
f 1989/2228/3382 1987/2226/3382 1985/2224/3382
f 1986/2225/3383 1980/2219/3383 1982/2221/3383
f 1988/2227/3384 1978/2217/3384 1980/2219/3384
f 1979/2218/3385 1969/2208/3385 1968/2207/3385
f 1968/2207/3386 1967/2206/3386 1981/2220/3386
f 1971/2210/3387 1965/2204/3387 1966/2205/3387
f 1967/2206/3388 1964/2203/3388 1961/2200/3388
f 1959/2198/3389 1983/2222/3389 1961/2200/3389
f 1983/2222/3390 1959/2198/3390 1958/2197/3390
f 1984/2223/3391 1958/2197/3391 1957/2196/3391
f 1952/2191/3392 1956/2195/3392 1951/2190/3392
f 1960/2199/3393 1950/2189/3393 1951/2190/3393
f 1950/2189/3394 1962/2201/3394 1948/2187/3394
f 1948/2187/3395 1962/2201/3395 1990/2229/3395
f 1925/2164/3396 1948/2187/3396 1990/2229/3396
f 1990/2229/3397 1962/2201/3397 1923/2162/3397
f 1947/2186/3398 1948/2187/3398 1925/2164/3398
f 1925/2164/3399 1933/2172/3399 1947/2186/3399
f 1945/2184/3400 1944/2183/3400 1949/2188/3400
f 1953/2192/3401 1944/2183/3401 1942/2181/3401
f 1940/2179/3402 1943/2182/3402 1946/2185/3402
f 1937/2176/3403 1940/2179/3403 1935/2174/3403
f 1935/2174/3404 1947/2186/3404 1933/2172/3404
f 1930/2169/3405 1933/2172/3405 1925/2164/3405
f 1991/2230/3406 1929/2168/3406 1928/2167/3406
f 1930/2169/3407 1925/2164/3407 1926/2165/3407
f 1990/2229/3408 1923/2162/3408 1925/2164/3408
f 1927/2166/3409 1924/2163/3409 1922/2161/3409
f 1923/2162/3410 1962/2201/3410 1919/2158/3410
f 1962/2201/3411 1918/2157/3411 1919/2158/3411
f 1963/2202/3412 1915/2154/3412 1918/2157/3412
f 1917/2156/3413 1916/2155/3413 1920/2159/3413
f 1915/2154/3414 1965/2204/3414 1916/2155/3414
f 1920/2231/3415 1916/2232/3415 1992/2233/3415
f 1992/2233/3416 1921/2234/3416 1920/2231/3416
f 1993/2235/3417 1921/2234/3417 1992/2233/3417
f 1993/2235/3418 1992/2233/3418 1994/2236/3418
f 1995/2237/3419 1993/2235/3419 1994/2236/3419
f 1996/2238/3420 1995/2237/3420 1994/2236/3420
f 1994/2236/3421 1997/2239/3421 1996/2238/3421
f 1996/2238/3422 1997/2239/3422 1998/2240/3422
f 1998/2240/3423 1999/2241/3423 1996/2238/3423
f 1996/2238/3424 1999/2241/3424 2000/2242/3424
f 1996/2238/3425 2000/2242/3425 2001/2243/3425
f 2001/2243/3426 2000/2242/3426 2002/2244/3426
f 2002/2244/3427 2003/2245/3427 2001/2243/3427
f 2001/2243/3428 2003/2245/3428 2004/2246/3428
f 2004/2246/3429 1995/2237/3429 2001/2243/3429
f 2005/2247/3430 1995/2237/3430 2004/2246/3430
f 2004/2246/3431 2006/2248/3431 2005/2247/3431
f 2005/2247/3432 2006/2248/3432 2007/2249/3432
f 2007/2249/3433 2008/2250/3433 2005/2247/3433
f 2009/2251/3434 2005/2247/3434 2008/2250/3434
f 2008/2250/3435 1922/2252/3435 2009/2251/3435
f 2009/2251/3436 1922/2252/3436 1993/2235/3436
f 1927/2253/3437 1922/2252/3437 2008/2250/3437
f 2008/2250/3438 1928/2254/3438 1927/2253/3438
f 2010/2255/3439 1928/2254/3439 2008/2250/3439
f 2011/2256/3440 1928/2254/3440 2010/2255/3440
f 2007/2249/3441 2011/2256/3441 2010/2255/3441
f 2012/2257/3442 2011/2256/3442 2007/2249/3442
f 2012/2257/3443 2007/2249/3443 2013/2258/3443
f 1991/2259/3444 1928/2254/3444 2011/2256/3444
f 2010/2255/3445 2008/2250/3445 2007/2249/3445
f 2013/2258/3446 2007/2249/3446 2006/2248/3446
f 2014/2260/3447 2013/2258/3447 2006/2248/3447
f 2014/2260/3448 2006/2248/3448 2003/2245/3448
f 2014/2260/3449 2003/2245/3449 2015/2261/3449
f 2015/2261/3450 2016/2262/3450 2014/2260/3450
f 2014/2260/3451 2016/2262/3451 2017/2263/3451
f 2018/2264/3452 2017/2263/3452 2016/2262/3452
f 2018/2264/3453 2016/2262/3453 1849/2265/3453
f 1849/2265/3454 2016/2262/3454 1835/2266/3454
f 1835/2266/3455 2016/2262/3455 1834/2267/3455
f 1834/2267/3456 2016/2262/3456 2015/2261/3456
f 2019/2268/3457 1834/2267/3457 2015/2261/3457
f 1826/2269/3458 1834/2267/3458 2019/2268/3458
f 2019/2268/3459 1825/2270/3459 1826/2269/3459
f 2020/2271/3460 1825/2270/3460 2019/2268/3460
f 2003/2245/3461 2020/2271/3461 2019/2268/3461
f 2020/2271/3462 2021/2272/3462 1825/2270/3462
f 1825/2270/3463 2021/2272/3463 1824/2273/3463
f 2022/2274/3464 1824/2273/3464 2021/2272/3464
f 2000/2242/3465 2022/2274/3465 2021/2272/3465
f 1820/2275/3466 1824/2273/3466 2022/2274/3466
f 2022/2274/3467 1819/2276/3467 1820/2275/3467
f 2023/2277/3468 1819/2276/3468 2022/2274/3468
f 1999/2241/3469 2023/2277/3469 2022/2274/3469
f 2024/2278/3470 2023/2277/3470 1999/2241/3470
f 1999/2241/3471 2025/2279/3471 2024/2278/3471
f 2025/2279/3472 2026/2280/3472 2024/2278/3472
f 2024/2278/3473 2026/2280/3473 2027/2281/3473
f 2026/2280/3474 2028/2282/3474 2027/2281/3474
f 2027/2281/3475 2028/2282/3475 2029/2283/3475
f 2029/2283/3476 2030/2284/3476 2027/2281/3476
f 2027/2281/3477 2030/2284/3477 2031/2285/3477
f 2023/2277/3478 2027/2281/3478 2031/2285/3478
f 2031/2285/3479 1814/2286/3479 2023/2277/3479
f 2030/2284/3480 1814/2286/3480 2031/2285/3480
f 1812/2287/3481 1814/2286/3481 2030/2284/3481
f 1812/2287/3482 2030/2284/3482 1810/2288/3482
f 1810/2288/3483 2030/2284/3483 2032/2289/3483
f 2032/2289/3484 2033/2290/3484 1810/2288/3484
f 1810/2288/3485 2033/2290/3485 1864/2291/3485
f 2032/2289/3486 2034/2292/3486 2033/2290/3486
f 2035/2293/3487 2034/2292/3487 2032/2289/3487
f 2035/2293/3488 2036/2294/3488 2034/2292/3488
f 2034/2292/3489 2036/2294/3489 2037/2295/3489
f 2038/2296/3490 2037/2295/3490 2036/2294/3490
f 2028/2282/3491 2038/2296/3491 2036/2294/3491
f 2039/2297/3492 2038/2296/3492 2028/2282/3492
f 2038/2296/3493 2039/2297/3493 2040/2298/3493
f 2041/2299/3494 2038/2296/3494 2040/2298/3494
f 2040/2298/3495 1972/2300/3495 2041/2299/3495
f 2041/2299/3496 1972/2300/3496 1973/2301/3496
f 1972/2300/3497 2040/2298/3497 1975/2302/3497
f 1975/2302/3498 2040/2298/3498 2042/2303/3498
f 1975/2302/3499 2042/2303/3499 1976/2304/3499
f 1976/2304/3500 2042/2303/3500 2043/2305/3500
f 2043/2305/3501 2044/2306/3501 1976/2304/3501
f 1976/2304/3502 2044/2306/3502 1916/2232/3502
f 2044/2306/3503 2043/2305/3503 2045/2307/3503
f 1997/2239/3504 2044/2306/3504 2045/2307/3504
f 1992/2233/3505 2044/2306/3505 1997/2239/3505
f 2045/2307/3506 2043/2305/3506 2046/2308/3506
f 2046/2308/3507 2025/2279/3507 2045/2307/3507
f 1998/2240/3508 2045/2307/3508 2025/2279/3508
f 2043/2305/3509 2042/2303/3509 2046/2308/3509
f 2046/2308/3510 2042/2303/3510 2039/2297/3510
f 2046/2308/3511 2039/2297/3511 2026/2280/3511
f 2047/2309/3512 2038/2296/3512 2041/2299/3512
f 2040/2298/3513 2039/2297/3513 2042/2303/3513
f 2047/2309/3514 2037/2295/3514 2038/2296/3514
f 2036/2294/3515 2035/2293/3515 2028/2282/3515
f 2032/2289/3516 2030/2284/3516 2035/2293/3516
f 2035/2293/3517 2030/2284/3517 2029/2283/3517
f 2028/2282/3518 2035/2293/3518 2029/2283/3518
f 2026/2280/3519 2039/2297/3519 2028/2282/3519
f 2026/2280/3520 2025/2279/3520 2046/2308/3520
f 2024/2278/3521 2027/2281/3521 2023/2277/3521
f 2023/2277/3522 1814/2286/3522 1819/2276/3522
f 2020/2271/3523 2000/2242/3523 2021/2272/3523
f 2015/2261/3524 2003/2245/3524 2019/2268/3524
f 2017/2263/3525 2013/2258/3525 2014/2260/3525
f 1995/2237/3526 2005/2247/3526 2009/2251/3526
f 2003/2245/3527 2006/2248/3527 2004/2246/3527
f 2002/2244/3528 2020/2271/3528 2003/2245/3528
f 2002/2244/3529 2000/2242/3529 2020/2271/3529
f 1999/2241/3530 2022/2274/3530 2000/2242/3530
f 1998/2240/3531 2025/2279/3531 1999/2241/3531
f 1997/2239/3532 2045/2307/3532 1998/2240/3532
f 2001/2243/3533 1995/2237/3533 1996/2238/3533
f 2009/2251/3534 1993/2235/3534 1995/2237/3534
f 1994/2236/3535 1992/2233/3535 1997/2239/3535
f 1993/2235/3536 1922/2252/3536 1921/2234/3536
f 1992/2233/3537 1916/2232/3537 2044/2306/3537
f 2048/2310/3538 2049/2311/3538 2050/2312/3538
f 2051/2313/3539 2048/2310/3539 2050/2312/3539
f 2052/2314/3540 2051/2313/3540 2050/2312/3540
f 2052/2314/3541 2050/2312/3541 2053/2315/3541
f 2053/2315/3542 2054/2316/3542 2052/2314/3542
f 2052/2314/3543 2054/2316/3543 2055/2317/3543
f 2052/2314/3544 2055/2317/3544 2056/2318/3544
f 2056/2318/3545 2055/2317/3545 2057/2319/3545
f 2058/2320/3546 2056/2318/3546 2057/2319/3546
f 2057/2319/3547 2059/2321/3547 2058/2320/3547
f 2058/2320/3548 2059/2321/3548 2060/2322/3548
f 2060/2322/3549 2061/2323/3549 2058/2320/3549
f 2062/2324/3550 2061/2323/3550 2060/2322/3550
f 2062/2324/3551 2063/2325/3551 2061/2323/3551
f 2051/2313/3552 2061/2323/3552 2063/2325/3552
f 2064/2326/3553 2051/2313/3553 2063/2325/3553
f 2063/2325/3554 2065/2327/3554 2064/2326/3554
f 2065/2327/3555 2066/2328/3555 2064/2326/3555
f 2064/2326/3556 2066/2328/3556 2067/2329/3556
f 2068/2330/3557 2064/2326/3557 2067/2329/3557
f 2069/2331/3558 2064/2326/3558 2068/2330/3558
f 2070/2332/3559 2069/2331/3559 2068/2330/3559
f 2048/2310/3560 2069/2331/3560 2070/2332/3560
f 2071/2333/3561 2048/2310/3561 2070/2332/3561
f 2072/2334/3562 2067/2329/3562 2066/2328/3562
f 2073/2335/3563 2065/2327/3563 2063/2325/3563
f 2069/2331/3564 2051/2313/3564 2064/2326/3564
f 2056/2318/3565 2061/2323/3565 2051/2313/3565
f 2073/2335/3566 2063/2325/3566 2062/2324/3566
f 2060/2322/3567 2059/2321/3567 2074/2336/3567
f 2059/2321/3568 1991/2337/3568 2074/2336/3568
f 1929/2338/3569 1991/2337/3569 2059/2321/3569
f 1929/2338/3570 2059/2321/3570 1931/2339/3570
f 1931/2339/3571 2059/2321/3571 2075/2340/3571
f 2075/2340/3572 2076/2341/3572 1931/2339/3572
f 1931/2339/3573 2076/2341/3573 1932/2342/3573
f 2077/2343/3574 1932/2342/3574 2076/2341/3574
f 2055/2317/3575 2077/2343/3575 2076/2341/3575
f 1934/2344/3576 1932/2342/3576 2077/2343/3576
f 2077/2343/3577 2078/2345/3577 1934/2344/3577
f 1934/2344/3578 2078/2345/3578 1936/2346/3578
f 2078/2345/3579 2079/2347/3579 1936/2346/3579
f 1936/2346/3580 2079/2347/3580 1938/2348/3580
f 2078/2345/3581 2080/2349/3581 2079/2347/3581
f 2079/2347/3582 2080/2349/3582 2081/2350/3582
f 2082/2351/3583 2081/2350/3583 2080/2349/3583
f 2054/2316/3584 2082/2351/3584 2080/2349/3584
f 2083/2352/3585 2081/2350/3585 2082/2351/3585
f 2082/2351/3586 2084/2353/3586 2083/2352/3586
f 2083/2352/3587 2084/2353/3587 2085/2354/3587
f 2084/2353/3588 2086/2355/3588 2085/2354/3588
f 2085/2354/3589 2086/2355/3589 2087/2356/3589
f 2087/2356/3590 2086/2355/3590 2088/2357/3590
f 2088/2357/3591 2086/2355/3591 2089/2358/3591
f 2086/2355/3592 2071/2333/3592 2089/2358/3592
f 2049/2311/3593 2071/2333/3593 2086/2355/3593
f 2049/2311/3594 2086/2355/3594 2090/2359/3594
f 2090/2359/3595 2086/2355/3595 2084/2353/3595
f 2084/2353/3596 2082/2351/3596 2090/2359/3596
f 2090/2359/3597 2082/2351/3597 2053/2315/3597
f 2078/2345/3598 2054/2316/3598 2080/2349/3598
f 2077/2343/3599 2054/2316/3599 2078/2345/3599
f 2075/2340/3600 2057/2319/3600 2076/2341/3600
f 2075/2340/3601 2059/2321/3601 2057/2319/3601
f 2061/2323/3602 2056/2318/3602 2058/2320/3602
f 2076/2341/3603 2057/2319/3603 2055/2317/3603
f 2054/2316/3604 2077/2343/3604 2055/2317/3604
f 2053/2315/3605 2082/2351/3605 2054/2316/3605
f 2053/2315/3606 2050/2312/3606 2090/2359/3606
f 2056/2318/3607 2051/2313/3607 2052/2314/3607
f 2069/2331/3608 2048/2310/3608 2051/2313/3608
f 2050/2312/3609 2049/2311/3609 2090/2359/3609
f 2049/2311/3610 2048/2310/3610 2071/2333/3610
f 2091/2360/3611 2092/2361/3611 2093/2362/3611
f 2094/2363/3612 2091/2360/3612 2093/2362/3612
f 2093/2362/3613 2095/2364/3613 2094/2363/3613
f 2095/2364/3614 2096/2365/3614 2094/2363/3614
f 2094/2363/3615 2096/2365/3615 2097/2366/3615
f 2097/2366/3616 2098/2367/3616 2094/2363/3616
f 2099/2368/3617 2098/2367/3617 2097/2366/3617
f 2100/2369/3618 2099/2368/3618 2097/2366/3618
f 2100/2369/3619 2097/2366/3619 2101/2370/3619
f 2101/2370/3620 2102/2371/3620 2100/2369/3620
f 2102/2371/3621 2103/2372/3621 2100/2369/3621
f 2104/2373/3622 2103/2372/3622 2102/2371/3622
f 2102/2371/3623 2105/2374/3623 2104/2373/3623
f 2105/2374/3624 2072/2375/3624 2104/2373/3624
f 2104/2373/3625 2072/2375/3625 2066/2376/3625
f 2106/2377/3626 2105/2374/3626 2102/2371/3626
f 2102/2371/3627 2107/2378/3627 2106/2377/3627
f 2106/2377/3628 2107/2378/3628 2108/2379/3628
f 2107/2378/3629 2109/2380/3629 2108/2379/3629
f 2110/2381/3630 2108/2379/3630 2109/2380/3630
f 2110/2381/3631 2109/2380/3631 2111/2382/3631
f 2111/2382/3632 2109/2380/3632 2112/2383/3632
f 1901/2384/3633 2111/2382/3633 2112/2383/3633
f 2113/2385/3634 1901/2384/3634 2112/2383/3634
f 2113/2385/3635 2112/2383/3635 2114/2386/3635
f 2115/2387/3636 2113/2385/3636 2114/2386/3636
f 2107/2378/3637 2115/2387/3637 2114/2386/3637
f 2101/2370/3638 2115/2387/3638 2107/2378/3638
f 2115/2387/3639 2101/2370/3639 2116/2388/3639
f 2115/2387/3640 2116/2388/3640 2117/2389/3640
f 2117/2389/3641 2116/2388/3641 2118/2390/3641
f 2118/2390/3642 1896/2391/3642 2117/2389/3642
f 1905/2392/3643 2117/2389/3643 1896/2391/3643
f 2113/2385/3644 2117/2389/3644 1905/2392/3644
f 1893/2393/3645 1896/2391/3645 2118/2390/3645
f 2118/2390/3646 2119/2394/3646 1893/2393/3646
f 1893/2393/3647 2119/2394/3647 1891/2395/3647
f 2119/2394/3648 2120/2396/3648 1891/2395/3648
f 1891/2395/3649 2120/2396/3649 1892/2397/3649
f 2018/2398/3650 1892/2397/3650 2120/2396/3650
f 2018/2398/3651 2120/2396/3651 2121/2399/3651
f 2121/2399/3652 2017/2400/3652 2018/2398/3652
f 2017/2400/3653 2121/2399/3653 2013/2401/3653
f 2013/2401/3654 2121/2399/3654 2122/2402/3654
f 2122/2402/3655 2123/2403/3655 2013/2401/3655
f 2013/2401/3656 2123/2403/3656 2012/2404/3656
f 2012/2404/3657 2123/2403/3657 2011/2405/3657
f 2011/2405/3658 2123/2403/3658 2092/2361/3658
f 2092/2361/3659 2074/2406/3659 2011/2405/3659
f 2011/2405/3660 2074/2406/3660 1991/2407/3660
f 2122/2402/3661 2093/2362/3661 2123/2403/3661
f 2124/2408/3662 2093/2362/3662 2122/2402/3662
f 2122/2402/3663 2121/2399/3663 2124/2408/3663
f 2124/2408/3664 2121/2399/3664 2125/2409/3664
f 2125/2409/3665 2095/2364/3665 2124/2408/3665
f 2126/2410/3666 2095/2364/3666 2125/2409/3666
f 2120/2396/3667 2126/2410/3667 2125/2409/3667
f 2126/2410/3668 2116/2388/3668 2095/2364/3668
f 2126/2410/3669 2119/2394/3669 2116/2388/3669
f 2121/2399/3670 2120/2396/3670 2125/2409/3670
f 1849/2411/3671 1892/2397/3671 2018/2398/3671
f 2119/2394/3672 2126/2410/3672 2120/2396/3672
f 2116/2388/3673 2119/2394/3673 2118/2390/3673
f 2116/2388/3674 2101/2370/3674 2096/2365/3674
f 2117/2389/3675 2113/2385/3675 2115/2387/3675
f 1905/2392/3676 1901/2384/3676 2113/2385/3676
f 1903/2412/3677 2111/2382/3677 1901/2384/3677
f 2114/2386/3678 2112/2383/3678 2109/2380/3678
f 2114/2386/3679 2109/2380/3679 2107/2378/3679
f 2066/2376/3680 2103/2372/3680 2104/2373/3680
f 2065/2413/3681 2103/2372/3681 2066/2376/3681
f 2073/2414/3682 2103/2372/3682 2065/2413/3682
f 2099/2368/3683 2103/2372/3683 2073/2414/3683
f 2062/2415/3684 2099/2368/3684 2073/2414/3684
f 2107/2378/3685 2102/2371/3685 2101/2370/3685
f 2103/2372/3686 2099/2368/3686 2100/2369/3686
f 2098/2367/3687 2099/2368/3687 2062/2415/3687
f 2062/2415/3688 2060/2416/3688 2098/2367/3688
f 2098/2367/3689 2060/2416/3689 2091/2360/3689
f 2074/2406/3690 2091/2360/3690 2060/2416/3690
f 2101/2370/3691 2097/2366/3691 2096/2365/3691
f 2095/2364/3692 2116/2388/3692 2096/2365/3692
f 2124/2408/3693 2095/2364/3693 2093/2362/3693
f 2098/2367/3694 2091/2360/3694 2094/2363/3694
f 2093/2362/3695 2092/2361/3695 2123/2403/3695
f 2092/2361/3696 2091/2360/3696 2074/2406/3696
usemtl material_0.255
f 2127/2417/3697 2128/2418/3697 2129/2419/3697
f 2129/2419/3698 2130/2420/3698 2127/2417/3698
f 2127/2417/3699 2130/2420/3699 2131/2421/3699
f 2131/2421/3700 2130/2420/3700 2132/2422/3700
f 2131/2421/3701 2132/2422/3701 2133/2423/3701
f 2134/2424/3702 2131/2421/3702 2133/2423/3702
f 2133/2423/3703 2135/2425/3703 2134/2424/3703
f 2134/2424/3704 2135/2425/3704 2136/2426/3704
f 2136/2426/3705 2135/2425/3705 2137/2427/3705
f 2137/2427/3706 2135/2425/3706 2138/2428/3706
f 2135/2425/3707 2139/2429/3707 2138/2428/3707
f 2138/2428/3708 2139/2429/3708 2140/2430/3708
f 2140/2430/3709 2141/2431/3709 2138/2428/3709
f 2135/2425/3710 2142/2432/3710 2139/2429/3710
f 2142/2432/3711 2143/2433/3711 2139/2429/3711
f 2144/2434/3712 2143/2433/3712 2142/2432/3712
f 2144/2434/3713 2142/2432/3713 2145/2435/3713
f 2146/2436/3714 2144/2434/3714 2145/2435/3714
f 2146/2436/3715 2145/2435/3715 2147/2437/3715
f 2148/2438/3716 2146/2436/3716 2147/2437/3716
f 2147/2437/3717 2149/2439/3717 2148/2438/3717
f 2147/2437/3718 2150/2440/3718 2149/2439/3718
f 2151/2441/3719 2150/2440/3719 2147/2437/3719
f 2151/2441/3720 2152/2442/3720 2150/2440/3720
f 2130/2420/3721 2152/2442/3721 2151/2441/3721
f 2147/2437/3722 2145/2435/3722 2151/2441/3722
f 2145/2435/3723 2132/2422/3723 2151/2441/3723
f 2153/2443/3724 2144/2434/3724 2146/2436/3724
f 2145/2435/3725 2142/2432/3725 2132/2422/3725
f 2153/2443/3726 2143/2433/3726 2144/2434/3726
f 2133/2423/3727 2142/2432/3727 2135/2425/3727
f 2154/2444/3728 2131/2421/3728 2134/2424/3728
f 2134/2424/3729 2155/2445/3729 2154/2444/3729
f 2154/2444/3730 2155/2445/3730 2156/2446/3730
f 2157/2447/3731 2154/2444/3731 2156/2446/3731
f 2128/2418/3732 2154/2444/3732 2157/2447/3732
f 2157/2447/3733 2158/2448/3733 2128/2418/3733
f 2159/2449/3734 2158/2448/3734 2157/2447/3734
f 2154/2444/3735 2128/2418/3735 2131/2421/3735
f 2133/2423/3736 2132/2422/3736 2142/2432/3736
f 2151/2441/3737 2132/2422/3737 2130/2420/3737
f 2152/2442/3738 2130/2420/3738 2129/2419/3738
f 2129/2419/3739 2128/2418/3739 2158/2448/3739
f 2131/2421/3740 2128/2418/3740 2127/2417/3740
f 2160/2450/3741 2161/2451/3741 2162/2452/3741
f 2162/2452/3742 2161/2451/3742 2163/2453/3742
f 2162/2452/3743 2163/2453/3743 2164/2454/3743
f 2164/2454/3744 2163/2453/3744 2165/2455/3744
f 2165/2455/3745 2166/2456/3745 2164/2454/3745
f 2167/2457/3746 2166/2456/3746 2165/2455/3746
f 2167/2457/3747 2168/2458/3747 2166/2456/3747
f 2163/2453/3748 2169/2459/3748 2165/2455/3748
f 2170/2460/3749 2169/2459/3749 2163/2453/3749
f 2163/2453/3750 2171/2461/3750 2170/2460/3750
f 2171/2461/3751 2172/2462/3751 2170/2460/3751
f 2170/2460/3752 2172/2462/3752 2173/2463/3752
f 2174/2464/3753 2173/2463/3753 2172/2462/3753
f 2172/2462/3754 2175/2465/3754 2174/2464/3754
f 2174/2464/3755 2175/2465/3755 2176/2466/3755
f 2141/2467/3756 2174/2464/3756 2176/2466/3756
f 2176/2466/3757 2138/2468/3757 2141/2467/3757
f 2137/2469/3758 2138/2468/3758 2176/2466/3758
f 2176/2466/3759 2177/2470/3759 2137/2469/3759
f 2177/2470/3760 2178/2471/3760 2137/2469/3760
f 2137/2469/3761 2178/2471/3761 2136/2472/3761
f 2178/2471/3762 2134/2473/3762 2136/2472/3762
f 2155/2474/3763 2134/2473/3763 2178/2471/3763
f 2161/2451/3764 2155/2474/3764 2178/2471/3764
f 2179/2475/3765 2161/2451/3765 2178/2471/3765
f 2171/2461/3766 2161/2451/3766 2179/2475/3766
f 2180/2476/3767 2155/2474/3767 2161/2451/3767
f 2178/2471/3768 2177/2470/3768 2179/2475/3768
f 2179/2475/3769 2177/2470/3769 2175/2465/3769
f 2175/2465/3770 2177/2470/3770 2176/2466/3770
f 2172/2462/3771 2179/2475/3771 2175/2465/3771
f 2171/2461/3772 2179/2475/3772 2172/2462/3772
f 2173/2463/3773 2169/2459/3773 2170/2460/3773
f 2161/2451/3774 2171/2461/3774 2163/2453/3774
f 2161/2451/3775 2160/2450/3775 2180/2476/3775
f 2180/2476/3776 2160/2450/3776 2181/2477/3776
usemtl material_0.256
f 2182/2478/3777 2183/2479/3777 2184/2480/3777
f 2185/2481/3778 2182/2478/3778 2184/2480/3778
f 2185/2481/3779 2184/2480/3779 2186/2482/3779
f 2185/2481/3780 2186/2482/3780 2187/2483/3780
f 2187/2483/3781 2188/2484/3781 2185/2481/3781
f 2189/2485/3782 2188/2484/3782 2187/2483/3782
f 2189/2485/3783 2187/2483/3783 2190/2486/3783
f 2191/2487/3784 2189/2485/3784 2190/2486/3784
f 2190/2486/3785 2192/2488/3785 2191/2487/3785
f 2191/2487/3786 2192/2488/3786 2193/2489/3786
f 2193/2489/3787 2194/2490/3787 2191/2487/3787
f 2191/2487/3788 2194/2490/3788 2195/2491/3788
f 2195/2491/3789 2194/2490/3789 2196/2492/3789
f 2196/2492/3790 2197/2493/3790 2195/2491/3790
f 2188/2484/3791 2195/2491/3791 2197/2493/3791
f 2197/2493/3792 2182/2478/3792 2188/2484/3792
f 2198/2494/3793 2182/2478/3793 2197/2493/3793
f 2199/2495/3794 2198/2494/3794 2197/2493/3794
f 2199/2495/3795 2197/2493/3795 2200/2496/3795
f 2200/2496/3796 2201/2497/3796 2199/2495/3796
f 2201/2497/3796 2202/2498/3796 2199/2495/3796
f 2199/2495/3797 2202/2498/3797 2203/2499/3797
f 2202/2498/3798 2204/2500/3798 2203/2499/3798
f 2198/2494/3799 2203/2499/3799 2204/2500/3799
f 2204/2500/3800 2205/2501/3800 2198/2494/3800
f 2206/2502/3801 2205/2501/3801 2204/2500/3801
f 2204/2500/3802 2207/2503/3802 2206/2502/3802
f 2206/2502/3803 2208/2504/3803 2205/2501/3803
f 2209/2505/3804 2205/2501/3804 2208/2504/3804
f 2208/2504/3805 2210/2506/3805 2209/2505/3805
f 2211/2507/3806 2209/2505/3806 2210/2506/3806
f 2211/2507/3807 2210/2506/3807 2212/2508/3807
f 2213/2509/3808 2211/2507/3808 2212/2508/3808
f 2212/2508/3809 2214/2510/3809 2213/2509/3809
f 2213/2509/3810 2214/2510/3810 2215/2511/3810
f 2213/2509/3811 2215/2511/3811 2216/2512/3811
f 2216/2512/3812 2215/2511/3812 2217/2513/3812
f 2217/2513/3813 2218/2514/3813 2216/2512/3813
f 2216/2512/3814 2218/2514/3814 2219/2515/3814
f 2216/2512/3815 2219/2515/3815 2211/2507/3815
f 2211/2507/3816 2219/2515/3816 2220/2516/3816
f 2220/2516/3817 2219/2515/3817 2221/2517/3817
f 2221/2517/3818 2209/2505/3818 2220/2516/3818
f 2183/2479/3819 2209/2505/3819 2221/2517/3819
f 2221/2517/3820 2219/2515/3820 2222/2518/3820
f 2223/2519/3821 2221/2517/3821 2222/2518/3821
f 2222/2518/3822 2224/2520/3822 2223/2519/3822
f 2223/2519/3823 2224/2520/3823 2225/2521/3823
f 2225/2521/3824 2226/2522/3824 2223/2519/3824
f 2223/2519/3825 2226/2522/3825 2186/2482/3825
f 2226/2522/3826 2227/2523/3826 2186/2482/3826
f 2186/2482/3827 2227/2523/3827 2228/2524/3827
f 2227/2523/3828 2229/2525/3828 2228/2524/3828
f 2228/2524/3829 2229/2525/3829 2230/2526/3829
f 2230/2526/3830 2187/2483/3830 2228/2524/3830
f 2231/2527/3831 2187/2483/3831 2230/2526/3831
f 2231/2527/3832 2230/2526/3832 2232/2528/3832
f 2192/2488/3833 2231/2527/3833 2232/2528/3833
f 2232/2528/3834 2233/2529/3834 2192/2488/3834
f 2234/2530/3835 2233/2529/3835 2232/2528/3835
f 2232/2528/3836 2235/2531/3836 2234/2530/3836
f 2235/2531/3837 2236/2532/3837 2234/2530/3837
f 2234/2530/3838 2236/2532/3838 2237/2533/3838
f 2238/2534/3839 2234/2530/3839 2237/2533/3839
f 2238/2534/3840 2237/2533/3840 2239/2535/3840
f 2240/2536/3841 2238/2534/3841 2239/2535/3841
f 2239/2535/3842 2241/2537/3842 2240/2536/3842
f 2240/2536/3843 2241/2537/3843 2242/2538/3843
f 2243/2539/3844 2240/2536/3844 2242/2538/3844
f 2244/2540/3845 2240/2536/3845 2243/2539/3845
f 2244/2540/3846 2243/2539/3846 2245/2541/3846
f 2244/2540/3847 2245/2541/3847 2238/2534/3847
f 2238/2534/3848 2245/2541/3848 2233/2529/3848
f 2245/2541/3849 2193/2489/3849 2233/2529/3849
f 2246/2542/3850 2193/2489/3850 2245/2541/3850
f 2247/2543/3851 2193/2489/3851 2246/2542/3851
f 2245/2541/3852 2243/2539/3852 2246/2542/3852
f 2242/2538/3853 2241/2537/3853 2248/2544/3853
f 2241/2537/3854 2249/2545/3854 2248/2544/3854
f 2248/2544/3855 2249/2545/3855 2250/2546/3855
f 2249/2545/3856 2251/2547/3856 2250/2546/3856
f 2250/2546/3857 2251/2547/3857 2252/2548/3857
f 2251/2547/3858 2253/2549/3858 2252/2548/3858
f 2254/2550/3859 2253/2549/3859 2251/2547/3859
f 2251/2547/3860 2255/2551/3860 2254/2550/3860
f 2254/2550/3861 2255/2551/3861 2256/2552/3861
f 2257/2553/3862 2256/2552/3862 2255/2551/3862
f 2255/2551/3863 2258/2554/3863 2257/2553/3863
f 2257/2553/3864 2258/2554/3864 2259/2555/3864
f 2259/2555/3865 2260/2556/3865 2257/2553/3865
f 2257/2553/3866 2260/2556/3866 2261/2557/3866
f 2259/2555/3867 2262/2558/3867 2260/2556/3867
f 2260/2556/3868 2262/2558/3868 2263/2559/3868
f 2264/2560/3869 2263/2559/3869 2262/2558/3869
f 2262/2558/3870 2265/2561/3870 2264/2560/3870
f 2264/2560/3871 2265/2561/3871 2266/2562/3871
f 2267/2563/3872 2264/2560/3872 2266/2562/3872
f 2268/2564/3873 2264/2560/3873 2267/2563/3873
f 2266/2562/3874 2265/2561/3874 2269/2565/3874
f 2265/2561/3875 2270/2566/3875 2269/2565/3875
f 2269/2565/3876 2270/2566/3876 2271/2567/3876
f 2272/2568/3877 2271/2567/3877 2270/2566/3877
f 2273/2569/3878 2272/2568/3878 2270/2566/3878
f 2274/2570/3879 2272/2568/3879 2273/2569/3879
f 2274/2570/3880 2273/2569/3880 2275/2571/3880
f 2275/2571/3881 2276/2572/3881 2274/2570/3881
f 2236/2532/3882 2276/2572/3882 2275/2571/3882
f 2275/2571/3883 2273/2569/3883 2277/2573/3883
f 2277/2573/3884 2278/2574/3884 2275/2571/3884
f 2275/2571/3885 2278/2574/3885 2279/2575/3885
f 2279/2575/3886 2237/2533/3886 2275/2571/3886
f 2278/2574/3887 2280/2576/3887 2279/2575/3887
f 2279/2575/3888 2280/2576/3888 2239/2535/3888
f 2278/2574/3889 2258/2554/3889 2280/2576/3889
f 2280/2576/3890 2258/2554/3890 2281/2577/3890
f 2281/2577/3891 2241/2537/3891 2280/2576/3891
f 2258/2554/3892 2278/2574/3892 2282/2578/3892
f 2282/2578/3893 2278/2574/3893 2277/2573/3893
f 2273/2569/3894 2282/2578/3894 2277/2573/3894
f 2283/2579/3895 2282/2578/3895 2273/2569/3895
f 2283/2579/3896 2273/2569/3896 2265/2561/3896
f 2283/2579/3897 2259/2555/3897 2282/2578/3897
f 2276/2572/3898 2272/2568/3898 2274/2570/3898
f 2284/2580/3899 2272/2568/3899 2276/2572/3899
f 2276/2572/3900 2285/2581/3900 2284/2580/3900
f 2284/2580/3901 2285/2581/3901 2286/2582/3901
f 2287/2583/3902 2284/2580/3902 2286/2582/3902
f 2286/2582/3903 2285/2581/3903 2288/2584/3903
f 2289/2585/3904 2288/2584/3904 2285/2581/3904
f 2290/2586/3905 2289/2585/3905 2285/2581/3905
f 2291/2587/3906 2289/2585/3906 2290/2586/3906
f 2290/2586/3907 2292/2588/3907 2291/2587/3907
f 2292/2588/3908 2230/2526/3908 2291/2587/3908
f 2235/2531/3909 2292/2588/3909 2290/2586/3909
f 2276/2572/3910 2235/2531/3910 2290/2586/3910
f 2229/2525/3911 2289/2585/3911 2291/2587/3911
f 2293/2589/3912 2289/2585/3912 2229/2525/3912
f 2229/2525/3913 2294/2590/3913 2293/2589/3913
f 2295/2591/3914 2293/2589/3914 2294/2590/3914
f 2295/2591/3915 2294/2590/3915 2296/2592/3915
f 2296/2592/3916 2294/2590/3916 2297/2593/3916
f 2296/2592/3917 2297/2593/3917 2298/2594/3917
f 2298/2594/3918 2297/2593/3918 2299/2595/3918
f 2298/2594/3919 2299/2595/3919 2300/2596/3919
f 2300/2596/3920 2299/2595/3920 2301/2597/3920
f 2300/2596/3921 2301/2597/3921 2302/2598/3921
f 2302/2598/3922 2301/2597/3922 2303/2599/3922
f 2304/2600/3923 2302/2598/3923 2303/2599/3923
f 2218/2514/3924 2304/2600/3924 2303/2599/3924
f 2303/2599/3925 2224/2520/3925 2218/2514/3925
f 2305/2601/3926 2302/2598/3926 2304/2600/3926
f 2301/2597/3927 2224/2520/3927 2303/2599/3927
f 2301/2597/3928 2299/2595/3928 2224/2520/3928
f 2297/2593/3929 2225/2521/3929 2299/2595/3929
f 2227/2523/3930 2297/2593/3930 2294/2590/3930
f 2306/2602/3931 2293/2589/3931 2295/2591/3931
f 2306/2602/3932 2289/2585/3932 2293/2589/3932
f 2307/2603/3933 2289/2585/3933 2306/2602/3933
f 2307/2603/3934 2288/2584/3934 2289/2585/3934
f 2290/2586/3935 2285/2581/3935 2276/2572/3935
f 2272/2568/3936 2284/2580/3936 2287/2583/3936
f 2287/2583/3937 2271/2567/3937 2272/2568/3937
f 2265/2561/3938 2273/2569/3938 2270/2566/3938
f 2283/2579/3939 2265/2561/3939 2262/2558/3939
f 2268/2564/3940 2263/2559/3940 2264/2560/3940
f 2262/2558/3941 2259/2555/3941 2283/2579/3941
f 2259/2555/3942 2258/2554/3942 2282/2578/3942
f 2281/2577/3943 2258/2554/3943 2255/2551/3943
f 2261/2557/3944 2256/2552/3944 2257/2553/3944
f 2255/2551/3945 2251/2547/3945 2281/2577/3945
f 2281/2577/3946 2251/2547/3946 2249/2545/3946
f 2249/2545/3947 2241/2537/3947 2281/2577/3947
f 2280/2576/3948 2241/2537/3948 2239/2535/3948
f 2244/2540/3949 2238/2534/3949 2240/2536/3949
f 2239/2535/3950 2237/2533/3950 2279/2575/3950
f 2275/2571/3951 2237/2533/3951 2236/2532/3951
f 2236/2532/3952 2235/2531/3952 2276/2572/3952
f 2292/2588/3953 2235/2531/3953 2232/2528/3953
f 2233/2529/3954 2234/2530/3954 2238/2534/3954
f 2232/2528/3955 2230/2526/3955 2292/2588/3955
f 2291/2587/3956 2230/2526/3956 2229/2525/3956
f 2227/2523/3957 2294/2590/3957 2229/2525/3957
f 2226/2522/3958 2297/2593/3958 2227/2523/3958
f 2226/2522/3959 2225/2521/3959 2297/2593/3959
f 2224/2520/3960 2299/2595/3960 2225/2521/3960
f 2184/2480/3961 2221/2517/3961 2223/2519/3961
f 2219/2515/3962 2224/2520/3962 2222/2518/3962
f 2218/2514/3963 2224/2520/3963 2219/2515/3963
f 2217/2513/3964 2304/2600/3964 2218/2514/3964
f 2304/2600/3965 2217/2513/3965 2308/2604/3965
f 2308/2604/3966 2217/2513/3966 2215/2511/3966
f 2215/2511/3967 2309/2605/3967 2308/2604/3967
f 2310/2606/3968 2308/2604/3968 2309/2605/3968
f 2214/2510/3969 2309/2605/3969 2215/2511/3969
f 2212/2508/3970 2311/2607/3970 2214/2510/3970
f 2214/2510/3971 2311/2607/3971 2312/2608/3971
f 2311/2607/3972 2313/2609/3972 2312/2608/3972
f 2314/2610/3973 2313/2609/3973 2311/2607/3973
f 2311/2607/3974 2210/2506/3974 2314/2610/3974
f 2314/2610/3975 2210/2506/3975 2315/2611/3975
f 2316/2612/3976 2314/2610/3976 2315/2611/3976
f 2315/2611/3977 2317/2613/3977 2316/2612/3977
f 2208/2504/3978 2317/2613/3978 2315/2611/3978
f 2318/2614/3979 2314/2610/3979 2316/2612/3979
f 2216/2512/3980 2211/2507/3980 2213/2509/3980
f 2212/2508/3981 2210/2506/3981 2311/2607/3981
f 2220/2516/3982 2209/2505/3982 2211/2507/3982
f 2315/2611/3983 2210/2506/3983 2208/2504/3983
f 2183/2479/3984 2205/2501/3984 2209/2505/3984
f 2317/2613/3985 2208/2504/3985 2206/2502/3985
f 2204/2500/3802 2202/2498/3802 2207/2503/3802
f 2198/2494/3986 2199/2495/3986 2203/2499/3986
f 2198/2494/3987 2205/2501/3987 2182/2478/3987
f 2200/2496/3988 2197/2493/3988 2196/2492/3988
f 2247/2543/3989 2194/2490/3989 2193/2489/3989
f 2233/2529/3990 2193/2489/3990 2192/2488/3990
f 2190/2486/3991 2231/2527/3991 2192/2488/3991
f 2195/2491/3992 2189/2485/3992 2191/2487/3992
f 2190/2486/3993 2187/2483/3993 2231/2527/3993
f 2189/2485/3994 2195/2491/3994 2188/2484/3994
f 2187/2483/3995 2186/2482/3995 2228/2524/3995
f 2186/2482/3996 2184/2480/3996 2223/2519/3996
f 2188/2484/3997 2182/2478/3997 2185/2481/3997
f 2184/2480/3998 2183/2479/3998 2221/2517/3998
f 2182/2478/3999 2205/2501/3999 2183/2479/3999
f 2319/2615/4000 2320/2616/4000 2321/2617/4000
f 2321/2617/4001 2320/2616/4001 2322/2618/4001
f 2323/2619/4002 2322/2618/4002 2320/2616/4002
f 2320/2616/4003 2324/2620/4003 2323/2619/4003
f 2324/2620/4004 2325/2621/4004 2323/2619/4004
f 2323/2619/4005 2325/2621/4005 2326/2622/4005
f 2326/2622/4006 2325/2621/4006 2327/2623/4006
f 2325/2621/4007 2328/2624/4007 2327/2623/4007
f 2327/2623/4008 2328/2624/4008 2329/2625/4008
f 2328/2624/4009 2330/2626/4009 2329/2625/4009
f 2331/2627/4010 2330/2626/4010 2328/2624/4010
f 2328/2624/4011 2332/2628/4011 2331/2627/4011
f 2331/2627/4012 2332/2628/4012 2333/2629/4012
f 2334/2630/4013 2331/2627/4013 2333/2629/4013
f 2335/2631/4014 2334/2630/4014 2333/2629/4014
f 2336/2632/4015 2334/2630/4015 2335/2631/4015
f 2337/2633/4016 2336/2632/4016 2335/2631/4016
f 2335/2631/4017 2338/2634/4017 2337/2633/4017
f 2337/2633/4018 2338/2634/4018 2339/2635/4018
f 2340/2636/4019 2337/2633/4019 2339/2635/4019
f 2339/2635/4020 2341/2637/4020 2340/2636/4020
f 2342/2638/4021 2341/2637/4021 2339/2635/4021
f 2343/2639/4022 2341/2637/4022 2342/2638/4022
f 2342/2638/4023 2344/2640/4023 2343/2639/4023
f 2345/2641/4024 2343/2639/4024 2344/2640/4024
f 2344/2640/4025 2324/2620/4025 2345/2641/4025
f 2345/2641/4026 2324/2620/4026 2346/2642/4026
f 2346/2642/4027 2347/2643/4027 2345/2641/4027
f 2345/2641/4028 2347/2643/4028 2348/2644/4028
f 2345/2641/4029 2348/2644/4029 2349/2645/4029
f 2349/2645/4030 2348/2644/4030 2350/2646/4030
f 2351/2647/4031 2349/2645/4031 2350/2646/4031
f 2352/2648/4032 2349/2645/4032 2351/2647/4032
f 2352/2648/4033 2343/2639/4033 2349/2645/4033
f 2353/2649/4034 2343/2639/4034 2352/2648/4034
f 2320/2616/4035 2347/2643/4035 2346/2642/4035
f 2324/2620/4036 2344/2640/4036 2354/2650/4036
f 2354/2650/4037 2344/2640/4037 2355/2651/4037
f 2355/2651/4038 2332/2628/4038 2354/2650/4038
f 2338/2634/4039 2332/2628/4039 2355/2651/4039
f 2355/2651/4040 2342/2638/4040 2338/2634/4040
f 2349/2645/4041 2343/2639/4041 2345/2641/4041
f 2355/2651/4042 2344/2640/4042 2342/2638/4042
f 2353/2649/4043 2341/2637/4043 2343/2639/4043
f 2356/2652/4044 2337/2633/4044 2340/2636/4044
f 2356/2652/4045 2357/2653/4045 2337/2633/4045
f 2337/2633/4046 2357/2653/4046 2358/2654/4046
f 2357/2653/4047 2359/2655/4047 2358/2654/4047
f 2358/2654/4048 2359/2655/4048 2360/2656/4048
f 2360/2656/4049 2336/2632/4049 2358/2654/4049
f 2361/2657/4050 2336/2632/4050 2360/2656/4050
f 2362/2658/4051 2336/2632/4051 2361/2657/4051
f 2338/2634/4052 2342/2638/4052 2339/2635/4052
f 2335/2631/4053 2332/2628/4053 2338/2634/4053
f 2358/2654/4054 2336/2632/4054 2337/2633/4054
f 2334/2630/4055 2336/2632/4055 2362/2658/4055
f 2334/2630/4056 2362/2658/4056 2363/2659/4056
f 2363/2659/4057 2362/2658/4057 2364/2660/4057
f 2364/2660/4058 2365/2661/4058 2363/2659/4058
f 2363/2659/4059 2365/2661/4059 2366/2662/4059
f 2363/2659/4060 2366/2662/4060 2331/2627/4060
f 2363/2659/4061 2331/2627/4061 2334/2630/4061
f 2333/2629/4062 2332/2628/4062 2335/2631/4062
f 2328/2624/4063 2354/2650/4063 2332/2628/4063
f 2331/2627/4064 2366/2662/4064 2330/2626/4064
f 2325/2621/4065 2354/2650/4065 2328/2624/4065
f 2354/2650/4066 2325/2621/4066 2324/2620/4066
f 2346/2642/4067 2324/2620/4067 2320/2616/4067
f 2326/2622/4068 2322/2618/4068 2323/2619/4068
f 2319/2615/4069 2347/2643/4069 2320/2616/4069
f 2367/2663/4070 2321/2664/4070 2322/2665/4070
f 2326/2666/4071 2367/2663/4071 2322/2665/4071
f 2368/2667/4072 2367/2663/4072 2326/2666/4072
f 2327/2668/4073 2368/2667/4073 2326/2666/4073
f 2369/2669/4074 2368/2667/4074 2327/2668/4074
f 2329/2670/4075 2369/2669/4075 2327/2668/4075
f 2370/2671/4076 2369/2669/4076 2329/2670/4076
f 2330/2672/4077 2370/2671/4077 2329/2670/4077
f 2371/2673/4078 2370/2671/4078 2330/2672/4078
f 2371/2673/4079 2330/2672/4079 2372/2674/4079
f 2372/2674/4080 2373/2675/4080 2371/2673/4080
f 2371/2673/4081 2373/2675/4081 2374/2676/4081
f 2375/2677/4082 2371/2673/4082 2374/2676/4082
f 2375/2677/4083 2374/2676/4083 2376/2678/4083
f 2377/2679/4084 2375/2677/4084 2376/2678/4084
f 2376/2678/4085 2378/2680/4085 2377/2679/4085
f 2378/2680/4086 2379/2681/4086 2377/2679/4086
f 2377/2679/4087 2379/2681/4087 2380/2682/4087
f 2381/2683/4088 2377/2679/4088 2380/2682/4088
f 2380/2682/4089 2382/2684/4089 2381/2683/4089
f 2368/2667/4090 2381/2683/4090 2382/2684/4090
f 2382/2684/4091 2383/2685/4091 2368/2667/4091
f 2382/2684/4092 2384/2686/4092 2383/2685/4092
f 2383/2685/4093 2384/2686/4093 2385/2687/4093
f 2384/2686/4094 2382/2684/4094 2386/2688/4094
f 2386/2688/4094 2387/2689/4094 2384/2686/4094
f 2386/2688/4094 2379/2681/4094 2387/2689/4094
f 2382/2684/4095 2380/2682/4095 2386/2688/4095
f 2379/2681/4096 2386/2688/4096 2380/2682/4096
f 2379/2681/4097 2378/2680/4097 2388/2690/4097
f 2389/2691/4097 2388/2690/4097 2378/2680/4097
f 2378/2680/4098 2376/2678/4098 2389/2691/4098
f 2389/2691/4099 2376/2678/4099 2313/2692/4099
f 2313/2692/4100 2314/2693/4100 2389/2691/4100
f 2389/2691/4101 2314/2693/4101 2318/2694/4101
f 2376/2678/4102 2390/2695/4102 2313/2692/4102
f 2313/2692/4103 2390/2695/4103 2312/2696/4103
f 2312/2696/4104 2390/2695/4104 2214/2697/4104
f 2214/2697/4105 2390/2695/4105 2309/2698/4105
f 2309/2698/4106 2390/2695/4106 2373/2675/4106
f 2391/2699/4107 2309/2698/4107 2373/2675/4107
f 2310/2700/4108 2309/2698/4108 2391/2699/4108
f 2377/2679/4109 2381/2683/4109 2375/2677/4109
f 2369/2669/4110 2375/2677/4110 2381/2683/4110
f 2376/2678/4111 2374/2676/4111 2390/2695/4111
f 2373/2675/4112 2390/2695/4112 2374/2676/4112
f 2373/2675/4113 2372/2674/4113 2391/2699/4113
f 2391/2699/4114 2372/2674/4114 2392/2701/4114
f 2372/2674/4115 2366/2702/4115 2392/2701/4115
f 2392/2701/4116 2366/2702/4116 2365/2703/4116
f 2372/2674/4117 2330/2672/4117 2366/2702/4117
f 2370/2671/4118 2371/2673/4118 2375/2677/4118
f 2370/2671/4119 2375/2677/4119 2369/2669/4119
f 2369/2669/4120 2381/2683/4120 2368/2667/4120
f 2368/2667/4121 2383/2685/4121 2367/2663/4121
usemtl material_0.257
f 2393/2704/4122 2394/2705/4122 2395/2706/4122
f 2393/2704/4123 2395/2706/4123 2396/2707/4123
f 2393/2704/4124 2396/2707/4124 2397/2708/4124
f 2393/2704/4125 2397/2708/4125 2398/2709/4125
f 2399/2710/4126 2393/2704/4126 2398/2709/4126
f 2399/2710/4127 2398/2709/4127 2400/2711/4127
f 2398/2709/4128 2401/2712/4128 2400/2711/4128
f 2398/2709/4129 2402/2713/4129 2401/2712/4129
f 2403/2714/4130 2401/2712/4130 2402/2713/4130
f 2403/2714/4131 2402/2713/4131 2404/2715/4131
f 2404/2715/4132 2402/2713/4132 2405/2716/4132
f 2404/2715/4133 2405/2716/4133 2406/2717/4133
f 2407/2718/4134 2406/2717/4134 2405/2716/4134
f 2405/2716/4135 2408/2719/4135 2407/2718/4135
f 2408/2719/4136 2409/2720/4136 2407/2718/4136
f 2410/2721/4137 2407/2718/4137 2409/2720/4137
f 2409/2720/4138 2411/2722/4138 2410/2721/4138
f 2409/2720/4139 2412/2723/4139 2411/2722/4139
f 2413/2724/4140 2411/2722/4140 2412/2723/4140
f 2414/2725/4141 2413/2724/4141 2412/2723/4141
f 2414/2725/4142 2415/2726/4142 2413/2724/4142
f 2413/2724/4143 2415/2726/4143 2416/2727/4143
f 2413/2724/4144 2416/2727/4144 2417/2728/4144
f 2418/2729/4145 2413/2724/4145 2417/2728/4145
f 2418/2729/4146 2417/2728/4146 2419/2730/4146
f 2415/2726/4147 2420/2731/4147 2416/2727/4147
f 2415/2726/4148 2421/2732/4148 2420/2731/4148
f 2421/2732/4149 2422/2733/4149 2420/2731/4149
f 2421/2732/4150 2423/2734/4150 2422/2733/4150
f 2424/2735/4151 2422/2733/4151 2423/2734/4151
f 2424/2735/4152 2423/2734/4152 2425/2736/4152
f 2425/2736/4153 2426/2737/4153 2424/2735/4153
f 2425/2736/4154 2427/2738/4154 2426/2737/4154
f 2428/2739/4155 2426/2737/4155 2427/2738/4155
f 2427/2738/4156 2429/2740/4156 2428/2739/4156
f 2430/2741/4157 2428/2739/4157 2429/2740/4157
f 2430/2741/4158 2429/2740/4158 2431/2742/4158
f 2430/2741/4159 2431/2742/4159 2432/2743/4159
f 2432/2743/4160 2433/2744/4160 2430/2741/4160
f 2430/2741/4161 2433/2744/4161 2434/2745/4161
f 2430/2741/4162 2434/2745/4162 2435/2746/4162
f 2434/2745/4163 2436/2747/4163 2435/2746/4163
f 2435/2746/4164 2436/2747/4164 2437/2748/4164
f 2435/2746/4165 2437/2748/4165 2428/2739/4165
f 2434/2745/4166 2438/2749/4166 2436/2747/4166
f 2439/2750/4167 2438/2749/4167 2434/2745/4167
f 2439/2750/4168 2434/2745/4168 2440/2751/4168
f 2440/2751/4169 2441/2752/4169 2439/2750/4169
f 2440/2751/4170 2442/2753/4170 2441/2752/4170
f 2443/2754/4171 2441/2752/4171 2442/2753/4171
f 2444/2755/4172 2443/2754/4172 2442/2753/4172
f 2444/2755/4173 2442/2753/4173 2445/2756/4173
f 2444/2755/4174 2445/2756/4174 2446/2757/4174
f 2444/2755/4175 2446/2757/4175 2447/2758/4175
f 2447/2758/4176 2448/2759/4176 2444/2755/4176
f 2449/2760/4177 2444/2755/4177 2448/2759/4177
f 2447/2758/4178 2450/2761/4178 2448/2759/4178
f 2451/2762/4179 2450/2761/4179 2447/2758/4179
f 2451/2762/4180 2447/2758/4180 2452/2763/4180
f 2452/2763/4181 2453/2764/4181 2451/2762/4181
f 2452/2763/4182 2454/2765/4182 2453/2764/4182
f 2455/2766/4183 2453/2764/4183 2454/2765/4183
f 2455/2766/4184 2454/2765/4184 2456/2767/4184
f 2457/2768/4185 2455/2766/4185 2456/2767/4185
f 2458/2769/4186 2457/2768/4186 2456/2767/4186
f 2458/2769/4187 2456/2767/4187 2459/2770/4187
f 2460/2771/4188 2458/2769/4188 2459/2770/4188
f 2461/2772/4189 2460/2771/4189 2459/2770/4189
f 2461/2772/4190 2459/2770/4190 2462/2773/4190
f 2463/2774/4191 2461/2772/4191 2462/2773/4191
f 2463/2774/4192 2462/2773/4192 2464/2775/4192
f 2464/2775/4193 2465/2776/4193 2463/2774/4193
f 2466/2777/4194 2463/2774/4194 2465/2776/4194
f 2466/2777/4195 2465/2776/4195 2467/2778/4195
f 2468/2779/4196 2466/2777/4196 2467/2778/4196
f 2468/2779/4197 2467/2778/4197 2432/2743/4197
f 2469/2780/4198 2468/2779/4198 2432/2743/4198
f 2470/2781/4199 2468/2779/4199 2469/2780/4199
f 2470/2781/4200 2469/2780/4200 2471/2782/4200
f 2470/2781/4201 2471/2782/4201 2472/2783/4201
f 2470/2781/4202 2472/2783/4202 2473/2784/4202
f 2474/2785/4203 2470/2781/4203 2473/2784/4203
f 2475/2786/4204 2474/2785/4204 2473/2784/4204
f 2475/2786/4205 2476/2787/4205 2474/2785/4205
f 2477/2788/4206 2474/2785/4206 2476/2787/4206
f 2477/2788/4207 2460/2771/4207 2474/2785/4207
f 2478/2789/4208 2474/2785/4208 2460/2771/4208
f 2474/2785/4209 2478/2789/4209 2470/2781/4209
f 2466/2777/4210 2470/2781/4210 2478/2789/4210
f 2461/2772/4211 2466/2777/4211 2478/2789/4211
f 2472/2783/4212 2475/2786/4212 2473/2784/4212
f 2472/2783/4213 2479/2790/4213 2475/2786/4213
f 2480/2791/4214 2479/2790/4214 2472/2783/4214
f 2480/2791/4215 2472/2783/4215 2481/2792/4215
f 2481/2792/4216 2482/2793/4216 2480/2791/4216
f 2481/2792/4217 2483/2794/4217 2482/2793/4217
f 2483/2794/4218 2484/2795/4218 2482/2793/4218
f 2483/2794/4219 2394/2705/4219 2484/2795/4219
f 2485/2796/4220 2483/2794/4220 2481/2792/4220
f 2485/2796/4221 2481/2792/4221 2486/2797/4221
f 2486/2797/4222 2487/2798/4222 2485/2796/4222
f 2485/2796/4223 2487/2798/4223 2488/2799/4223
f 2485/2796/4224 2488/2799/4224 2395/2706/4224
f 2489/2800/4225 2395/2706/4225 2488/2799/4225
f 2488/2799/4226 2490/2801/4226 2489/2800/4226
f 2489/2800/4227 2490/2801/4227 2491/2802/4227
f 2489/2800/4228 2491/2802/4228 2408/2719/4228
f 2489/2800/4229 2408/2719/4229 2397/2708/4229
f 2490/2801/4230 2414/2725/4230 2491/2802/4230
f 2409/2720/4231 2491/2802/4231 2414/2725/4231
f 2490/2801/4232 2492/2803/4232 2414/2725/4232
f 2490/2801/4233 2493/2804/4233 2492/2803/4233
f 2492/2803/4234 2493/2804/4234 2423/2734/4234
f 2490/2801/4235 2494/2805/4235 2493/2804/4235
f 2494/2805/4236 2495/2806/4236 2493/2804/4236
f 2493/2804/4237 2495/2806/4237 2425/2736/4237
f 2425/2736/4238 2495/2806/4238 2496/2807/4238
f 2497/2808/4239 2496/2807/4239 2495/2806/4239
f 2497/2808/4240 2498/2809/4240 2496/2807/4240
f 2496/2807/4241 2498/2809/4241 2431/2742/4241
f 2499/2810/4242 2431/2742/4242 2498/2809/4242
f 2498/2809/4243 2487/2798/4243 2499/2810/4243
f 2499/2810/4244 2469/2780/4244 2431/2742/4244
f 2469/2780/4245 2499/2810/4245 2486/2797/4245
f 2498/2809/4246 2497/2808/4246 2487/2798/4246
f 2487/2798/4247 2497/2808/4247 2494/2805/4247
f 2494/2805/4248 2497/2808/4248 2495/2806/4248
f 2488/2799/4249 2494/2805/4249 2490/2801/4249
f 2487/2798/4250 2494/2805/4250 2488/2799/4250
f 2486/2797/4251 2499/2810/4251 2487/2798/4251
f 2483/2794/4252 2485/2796/4252 2395/2706/4252
f 2486/2797/4253 2481/2792/4253 2472/2783/4253
f 2486/2797/4254 2472/2783/4254 2471/2782/4254
f 2469/2780/4255 2486/2797/4255 2471/2782/4255
f 2466/2777/4256 2468/2779/4256 2470/2781/4256
f 2433/2744/4257 2467/2778/4257 2465/2776/4257
f 2433/2744/4258 2465/2776/4258 2500/2811/4258
f 2433/2744/4259 2500/2811/4259 2440/2751/4259
f 2500/2811/4260 2465/2776/4260 2446/2757/4260
f 2464/2775/4261 2446/2757/4261 2465/2776/4261
f 2452/2763/4262 2446/2757/4262 2464/2775/4262
f 2462/2773/4263 2452/2763/4263 2464/2775/4263
f 2461/2772/4264 2463/2774/4264 2466/2777/4264
f 2478/2789/4265 2460/2771/4265 2461/2772/4265
f 2460/2771/4266 2477/2788/4266 2458/2769/4266
f 2462/2773/4267 2459/2770/4267 2456/2767/4267
f 2457/2768/4268 2501/2812/4268 2455/2766/4268
f 2462/2773/4269 2456/2767/4269 2454/2765/4269
f 2462/2773/4270 2454/2765/4270 2452/2763/4270
f 2452/2763/4271 2447/2758/4271 2446/2757/4271
f 2500/2811/4272 2446/2757/4272 2445/2756/4272
f 2500/2811/4273 2445/2756/4273 2442/2753/4273
f 2449/2760/4274 2443/2754/4274 2444/2755/4274
f 2443/2754/4275 2449/2760/4275 2502/2813/4275
f 2443/2754/4276 2502/2813/4276 2503/2814/4276
f 2443/2754/4277 2503/2814/4277 2441/2752/4277
f 2500/2811/4278 2442/2753/4278 2440/2751/4278
f 2433/2744/4279 2440/2751/4279 2434/2745/4279
f 2432/2743/4280 2467/2778/4280 2433/2744/4280
f 2469/2780/4281 2432/2743/4281 2431/2742/4281
f 2496/2807/4282 2431/2742/4282 2429/2740/4282
f 2430/2741/4283 2435/2746/4283 2428/2739/4283
f 2427/2738/4284 2496/2807/4284 2429/2740/4284
f 2428/2739/4285 2437/2748/4285 2426/2737/4285
f 2425/2736/4286 2496/2807/4286 2427/2738/4286
f 2493/2804/4287 2425/2736/4287 2423/2734/4287
f 2492/2803/4288 2423/2734/4288 2421/2732/4288
f 2415/2726/4289 2492/2803/4289 2421/2732/4289
f 2415/2726/4232 2414/2725/4232 2492/2803/4232
f 2413/2724/4290 2418/2729/4290 2411/2722/4290
f 2409/2720/4291 2414/2725/4291 2412/2723/4291
f 2410/2721/4292 2504/2815/4292 2407/2718/4292
f 2408/2719/4293 2491/2802/4293 2409/2720/4293
f 2405/2716/4294 2397/2708/4294 2408/2719/4294
f 2407/2718/4295 2504/2815/4295 2406/2717/4295
f 2405/2716/4296 2402/2713/4296 2398/2709/4296
f 2484/2795/4297 2393/2704/4297 2399/2710/4297
f 2405/2716/4298 2398/2709/4298 2397/2708/4298
f 2489/2800/4299 2397/2708/4299 2396/2707/4299
f 2489/2800/4300 2396/2707/4300 2395/2706/4300
f 2483/2794/4301 2395/2706/4301 2394/2705/4301
f 2484/2795/4302 2394/2705/4302 2393/2704/4302
f 2505/2816/4303 2506/2817/4303 2507/2818/4303
f 2505/2816/4304 2507/2818/4304 2508/2819/4304
f 2508/2819/4305 2509/2820/4305 2505/2816/4305
f 2505/2816/4306 2509/2820/4306 2510/2821/4306
f 2505/2816/4307 2510/2821/4307 2511/2822/4307
f 2511/2822/4308 2510/2821/4308 2512/2823/4308
f 2511/2822/4309 2512/2823/4309 2513/2824/4309
f 2511/2822/4310 2513/2824/4310 2514/2825/4310
f 2511/2822/4311 2514/2825/4311 2515/2826/4311
f 2511/2822/4312 2515/2826/4312 2506/2817/4312
f 2515/2826/4313 2516/2827/4313 2506/2817/4313
f 2517/2828/4314 2506/2817/4314 2516/2827/4314
f 2516/2827/4315 2518/2829/4315 2517/2828/4315
f 2518/2829/4316 2519/2830/4316 2517/2828/4316
f 2520/2831/4317 2517/2828/4317 2519/2830/4317
f 2520/2831/4318 2519/2830/4318 2521/2832/4318
f 2520/2831/4319 2521/2832/4319 2522/2833/4319
f 2520/2831/4320 2522/2833/4320 2523/2834/4320
f 2520/2831/4321 2523/2834/4321 2524/2835/4321
f 2508/2819/4322 2520/2831/4322 2524/2835/4322
f 2524/2835/4323 2525/2836/4323 2508/2819/4323
f 2524/2835/4324 2526/2837/4324 2525/2836/4324
f 2526/2837/4325 2527/2838/4325 2525/2836/4325
f 2525/2836/4326 2527/2838/4326 2528/2839/4326
f 2525/2836/4327 2528/2839/4327 2509/2820/4327
f 2509/2820/4328 2528/2839/4328 2529/2840/4328
f 2529/2840/4329 2528/2839/4329 2530/2841/4329
f 2529/2840/4330 2530/2841/4330 2531/2842/4330
f 2531/2842/4331 2532/2843/4331 2529/2840/4331
f 2510/2821/4332 2529/2840/4332 2532/2843/4332
f 2531/2842/4333 2533/2844/4333 2532/2843/4333
f 2534/2845/4334 2532/2843/4334 2533/2844/4334
f 2535/2846/4335 2534/2845/4335 2533/2844/4335
f 2533/2844/4336 2536/2847/4336 2535/2846/4336
f 2535/2846/4337 2537/2848/4337 2534/2845/4337
f 2534/2845/4338 2537/2848/4338 2538/2849/4338
f 2534/2845/4339 2538/2849/4339 2539/2850/4339
f 2540/2851/4340 2534/2845/4340 2539/2850/4340
f 2540/2851/4341 2539/2850/4341 2541/2852/4341
f 2540/2851/4342 2541/2852/4342 2542/2853/4342
f 2540/2851/4343 2542/2853/4343 2543/2854/4343
f 2540/2851/4344 2543/2854/4344 2544/2855/4344
f 2545/2856/4345 2540/2851/4345 2544/2855/4345
f 2545/2856/4346 2544/2855/4346 2546/2857/4346
f 2545/2856/4347 2546/2857/4347 2512/2823/4347
f 2545/2856/4348 2512/2823/4348 2532/2843/4348
f 2547/2858/4349 2512/2823/4349 2546/2857/4349
f 2548/2859/4350 2547/2858/4350 2546/2857/4350
f 2549/2860/4351 2547/2858/4351 2548/2859/4351
f 2549/2860/4352 2548/2859/4352 2550/2861/4352
f 2550/2861/4353 2551/2862/4353 2549/2860/4353
f 2514/2825/4354 2549/2860/4354 2551/2862/4354
f 2514/2825/4355 2551/2862/4355 2552/2863/4355
f 2551/2862/4356 2553/2864/4356 2552/2863/4356
f 2554/2865/4357 2552/2863/4357 2553/2864/4357
f 2554/2865/4358 2555/2866/4358 2552/2863/4358
f 2515/2826/4359 2552/2863/4359 2555/2866/4359
f 2555/2866/4360 2554/2865/4360 2556/2867/4360
f 2555/2866/4361 2556/2867/4361 2516/2827/4361
f 2551/2862/4362 2557/2868/4362 2553/2864/4362
f 2557/2868/4363 2551/2862/4363 2558/2869/4363
f 2550/2861/4364 2558/2869/4364 2551/2862/4364
f 2559/2870/4365 2558/2869/4365 2550/2861/4365
f 2559/2870/4366 2550/2861/4366 2560/2871/4366
f 2550/2861/4367 2561/2872/4367 2560/2871/4367
f 2560/2871/4368 2561/2872/4368 2562/2873/4368
f 2561/2872/4369 2563/2874/4369 2562/2873/4369
f 2562/2873/4370 2563/2874/4370 2564/2875/4370
f 2565/2876/4371 2564/2875/4371 2563/2874/4371
f 2565/2876/4372 2563/2874/4372 2566/2877/4372
f 2567/2878/4373 2565/2876/4373 2566/2877/4373
f 2567/2878/4374 2566/2877/4374 2568/2879/4374
f 2569/2880/4375 2567/2878/4375 2568/2879/4375
f 2569/2880/4376 2568/2879/4376 2541/2852/4376
f 2569/2880/4377 2541/2852/4377 2570/2881/4377
f 2569/2880/4378 2571/2882/4378 2567/2878/4378
f 2566/2877/4379 2541/2852/4379 2568/2879/4379
f 2565/2876/4380 2567/2878/4380 2572/2883/4380
f 2565/2876/4381 2572/2883/4381 2573/2884/4381
f 2563/2874/4382 2542/2853/4382 2566/2877/4382
f 2564/2875/4383 2565/2876/4383 2573/2884/4383
f 2561/2872/4384 2543/2854/4384 2563/2874/4384
f 2548/2859/4385 2543/2854/4385 2561/2872/4385
f 2550/2861/4386 2548/2859/4386 2561/2872/4386
f 2547/2858/4387 2549/2860/4387 2514/2825/4387
f 2548/2859/4388 2546/2857/4388 2544/2855/4388
f 2548/2859/4389 2544/2855/4389 2543/2854/4389
f 2563/2874/4390 2543/2854/4390 2542/2853/4390
f 2566/2877/4391 2542/2853/4391 2541/2852/4391
f 2539/2850/4392 2570/2881/4392 2541/2852/4392
f 2540/2851/4393 2545/2856/4393 2534/2845/4393
f 2539/2850/4394 2538/2849/4394 2570/2881/4394
f 2534/2845/4395 2545/2856/4395 2532/2843/4395
f 2533/2844/4396 2531/2842/4396 2536/2847/4396
f 2536/2847/4397 2531/2842/4397 2574/2885/4397
f 2536/2847/4398 2574/2885/4398 2575/2886/4398
f 2576/2887/4399 2575/2886/4399 2574/2885/4399
f 2574/2885/4400 2577/2888/4400 2576/2887/4400
f 2577/2888/4401 2578/2889/4401 2576/2887/4401
f 2578/2889/4402 2577/2888/4402 2579/2890/4402
f 2579/2890/4403 2580/2891/4403 2578/2889/4403
f 2581/2892/4404 2578/2889/4404 2580/2891/4404
f 2580/2891/4405 2582/2893/4405 2581/2892/4405
f 2580/2891/4406 2583/2894/4406 2582/2893/4406
f 2584/2895/4407 2582/2893/4407 2583/2894/4407
f 2583/2894/4408 2585/2896/4408 2584/2895/4408
f 2584/2895/4409 2585/2896/4409 2586/2897/4409
f 2584/2895/4410 2586/2897/4410 2587/2898/4410
f 2587/2898/4411 2588/2899/4411 2584/2895/4411
f 2587/2898/4412 2589/2900/4412 2588/2899/4412
f 2587/2898/4413 2590/2901/4413 2589/2900/4413
f 2587/2898/4414 2591/2902/4414 2590/2901/4414
f 2591/2902/4415 2592/2903/4415 2590/2901/4415
f 2591/2902/4416 2593/2904/4416 2592/2903/4416
f 2594/2905/4417 2592/2903/4417 2593/2904/4417
f 2594/2905/4418 2593/2904/4418 2595/2906/4418
f 2594/2905/4419 2595/2906/4419 2596/2907/4419
f 2596/2907/4420 2597/2908/4420 2594/2905/4420
f 2598/2909/4421 2594/2905/4421 2597/2908/4421
f 2597/2908/4422 2599/2910/4422 2598/2909/4422
f 2597/2908/4423 2600/2911/4423 2599/2910/4423
f 2601/2912/4424 2599/2910/4424 2600/2911/4424
f 2602/2913/4425 2601/2912/4425 2600/2911/4425
f 2602/2913/4426 2600/2911/4426 2603/2914/4426
f 2603/2914/4427 2604/2915/4427 2602/2913/4427
f 2602/2913/4428 2604/2915/4428 2605/2916/4428
f 2602/2913/4429 2605/2916/4429 2606/2917/4429
f 2602/2913/4430 2606/2917/4430 2607/2918/4430
f 2606/2917/4431 2455/2919/4431 2607/2918/4431
f 2501/2920/4432 2607/2918/4432 2455/2919/4432
f 2501/2920/4433 2608/2921/4433 2607/2918/4433
f 2601/2912/4434 2607/2918/4434 2608/2921/4434
f 2601/2912/4435 2608/2921/4435 2609/2922/4435
f 2606/2917/4436 2453/2923/4436 2455/2919/4436
f 2451/2924/4437 2453/2923/4437 2606/2917/4437
f 2451/2924/4438 2606/2917/4438 2605/2916/4438
f 2450/2925/4439 2451/2924/4439 2605/2916/4439
f 2450/2925/4440 2605/2916/4440 2610/2926/4440
f 2610/2926/4441 2448/2927/4441 2450/2925/4441
f 2610/2926/4442 2611/2928/4442 2448/2927/4442
f 2448/2927/4443 2611/2928/4443 2612/2929/4443
f 2448/2927/4444 2612/2929/4444 2449/2930/4444
f 2502/2931/4445 2449/2930/4445 2612/2929/4445
f 2502/2931/4446 2612/2929/4446 2613/2932/4446
f 2612/2929/4447 2614/2933/4447 2613/2932/4447
f 2612/2929/4448 2615/2934/4448 2614/2933/4448
f 2616/2935/4449 2614/2933/4449 2615/2934/4449
f 2617/2936/4450 2616/2935/4450 2615/2934/4450
f 2617/2936/4451 2615/2934/4451 2618/2937/4451
f 2617/2936/4452 2618/2937/4452 2619/2938/4452
f 2617/2936/4453 2619/2938/4453 2620/2939/4453
f 2617/2936/4454 2620/2939/4454 2621/2940/4454
f 2617/2936/4455 2621/2940/4455 2622/2941/4455
f 2617/2936/4456 2622/2941/4456 2623/2942/4456
f 2623/2942/4457 2622/2941/4457 2624/2943/4457
f 2623/2942/4458 2624/2943/4458 2625/2944/4458
f 2623/2942/4459 2625/2944/4459 2626/2945/4459
f 2623/2942/4460 2626/2945/4460 2627/2946/4460
f 2628/2947/4461 2623/2942/4461 2627/2946/4461
f 2628/2947/4462 2616/2935/4462 2623/2942/4462
f 2629/2948/4463 2626/2945/4463 2625/2944/4463
f 2630/2949/4464 2629/2948/4464 2625/2944/4464
f 2631/2950/4465 2629/2948/4465 2630/2949/4465
f 2631/2950/4466 2630/2949/4466 2632/2951/4466
f 2633/2952/4467 2631/2950/4467 2632/2951/4467
f 2632/2951/4468 2634/2953/4468 2633/2952/4468
f 2523/2834/4469 2633/2952/4469 2634/2953/4469
f 2634/2953/4470 2635/2954/4470 2523/2834/4470
f 2634/2953/4471 2636/2955/4471 2635/2954/4471
f 2585/2896/4472 2635/2954/4472 2636/2955/4472
f 2635/2954/4473 2585/2896/4473 2637/2956/4473
f 2635/2954/4474 2637/2956/4474 2526/2837/4474
f 2636/2955/4475 2634/2953/4475 2638/2957/4475
f 2636/2955/4476 2638/2957/4476 2639/2958/4476
f 2636/2955/4477 2639/2958/4477 2640/2959/4477
f 2636/2955/4478 2640/2959/4478 2586/2897/4478
f 2586/2897/4479 2640/2959/4479 2591/2902/4479
f 2595/2906/4480 2591/2902/4480 2640/2959/4480
f 2641/2960/4481 2595/2906/4481 2640/2959/4481
f 2641/2960/4482 2640/2959/4482 2639/2958/4482
f 2641/2960/4483 2639/2958/4483 2638/2957/4483
f 2641/2960/4484 2638/2957/4484 2642/2961/4484
f 2641/2960/4485 2642/2961/4485 2643/2962/4485
f 2641/2960/4486 2643/2962/4486 2644/2963/4486
f 2641/2960/4487 2644/2963/4487 2596/2907/4487
f 2645/2964/4488 2596/2907/4488 2644/2963/4488
f 2644/2963/4489 2621/2940/4489 2645/2964/4489
f 2645/2964/4490 2646/2965/4490 2596/2907/4490
f 2645/2964/4491 2603/2914/4491 2646/2965/4491
f 2645/2964/4492 2647/2966/4492 2603/2914/4492
f 2645/2964/4493 2620/2939/4493 2647/2966/4493
f 2644/2963/4494 2643/2962/4494 2621/2940/4494
f 2624/2943/4495 2643/2962/4495 2642/2961/4495
f 2624/2943/4496 2642/2961/4496 2630/2949/4496
f 2638/2957/4497 2630/2949/4497 2642/2961/4497
f 2632/2951/4498 2638/2957/4498 2634/2953/4498
f 2633/2952/4499 2648/2967/4499 2631/2950/4499
f 2649/2968/4500 2631/2950/4500 2648/2967/4500
f 2649/2968/4501 2648/2967/4501 2650/2969/4501
f 2651/2970/4502 2650/2969/4502 2648/2967/4502
f 2651/2970/4503 2648/2967/4503 2521/2832/4503
f 2652/2971/4504 2651/2970/4504 2521/2832/4504
f 2522/2833/4505 2648/2967/4505 2633/2952/4505
f 2638/2957/4506 2632/2951/4506 2630/2949/4506
f 2649/2968/4507 2629/2948/4507 2631/2950/4507
f 2649/2968/4508 2653/2972/4508 2629/2948/4508
f 2629/2948/4509 2653/2972/4509 2626/2945/4509
f 2630/2949/4510 2625/2944/4510 2624/2943/4510
f 2622/2941/4511 2643/2962/4511 2624/2943/4511
f 2622/2941/4512 2621/2940/4512 2643/2962/4512
f 2645/2964/4513 2621/2940/4513 2620/2939/4513
f 2619/2938/4514 2647/2966/4514 2620/2939/4514
f 2619/2938/4515 2604/2915/4515 2647/2966/4515
f 2611/2928/4516 2619/2938/4516 2618/2937/4516
f 2611/2928/4517 2618/2937/4517 2615/2934/4517
f 2617/2936/4518 2623/2942/4518 2616/2935/4518
f 2616/2935/4519 2628/2947/4519 2614/2933/4519
f 2611/2928/4520 2615/2934/4520 2612/2929/4520
f 2611/2928/4521 2610/2926/4521 2619/2938/4521
f 2605/2916/4522 2619/2938/4522 2610/2926/4522
f 2605/2916/4428 2604/2915/4428 2619/2938/4428
f 2603/2914/4523 2647/2966/4523 2604/2915/4523
f 2646/2965/4524 2603/2914/4524 2600/2911/4524
f 2602/2913/4525 2607/2918/4525 2601/2912/4525
f 2601/2912/4526 2609/2922/4526 2599/2910/4526
f 2646/2965/4527 2600/2911/4527 2597/2908/4527
f 2598/2909/4528 2654/2973/4528 2594/2905/4528
f 2596/2907/4529 2646/2965/4529 2597/2908/4529
f 2641/2960/4530 2596/2907/4530 2595/2906/4530
f 2594/2905/4531 2654/2973/4531 2592/2903/4531
f 2595/2906/4532 2593/2904/4532 2591/2902/4532
f 2586/2897/4533 2591/2902/4533 2587/2898/4533
f 2585/2896/4534 2636/2955/4534 2586/2897/4534
f 2583/2894/4535 2637/2956/4535 2585/2896/4535
f 2584/2895/4536 2588/2899/4536 2582/2893/4536
f 2580/2891/4537 2637/2956/4537 2583/2894/4537
f 2580/2891/4538 2527/2838/4538 2637/2956/4538
f 2527/2838/4539 2580/2891/4539 2655/2974/4539
f 2581/2892/4540 2575/2886/4540 2578/2889/4540
f 2579/2890/4541 2655/2974/4541 2580/2891/4541
f 2577/2888/4542 2655/2974/4542 2579/2890/4542
f 2655/2974/4543 2577/2888/4543 2656/2975/4543
f 2656/2975/4544 2528/2839/4544 2655/2974/4544
f 2577/2888/4545 2530/2841/4545 2656/2975/4545
f 2530/2841/4546 2577/2888/4546 2657/2976/4546
f 2577/2888/4547 2574/2885/4547 2657/2976/4547
f 2576/2887/4548 2578/2889/4548 2575/2886/4548
f 2657/2976/4549 2574/2885/4549 2531/2842/4549
f 2657/2976/4550 2531/2842/4550 2530/2841/4550
f 2656/2975/4551 2530/2841/4551 2528/2839/4551
f 2527/2838/4552 2655/2974/4552 2528/2839/4552
f 2526/2837/4553 2637/2956/4553 2527/2838/4553
f 2524/2835/4554 2635/2954/4554 2526/2837/4554
f 2524/2835/4555 2523/2834/4555 2635/2954/4555
f 2523/2834/4556 2522/2833/4556 2633/2952/4556
f 2522/2833/4557 2521/2832/4557 2648/2967/4557
f 2652/2971/4558 2521/2832/4558 2519/2830/4558
f 2520/2831/4559 2507/2818/4559 2517/2828/4559
f 2518/2829/4560 2652/2971/4560 2519/2830/4560
f 2516/2827/4561 2556/2867/4561 2518/2829/4561
f 2515/2826/4562 2555/2866/4562 2516/2827/4562
f 2515/2826/4563 2514/2825/4563 2552/2863/4563
f 2547/2858/4564 2514/2825/4564 2513/2824/4564
f 2547/2858/4565 2513/2824/4565 2512/2823/4565
f 2510/2821/4566 2532/2843/4566 2512/2823/4566
f 2509/2820/4567 2529/2840/4567 2510/2821/4567
f 2508/2819/4568 2525/2836/4568 2509/2820/4568
f 2508/2819/4569 2507/2818/4569 2520/2831/4569
f 2517/2828/4570 2507/2818/4570 2506/2817/4570
f 2511/2822/4571 2506/2817/4571 2505/2816/4571
usemtl material_0.258
f 2658/2977/4572 2659/2978/4572 2660/2979/4572
f 2658/2977/4573 2660/2979/4573 2661/2980/4573
f 2662/2981/4574 2658/2977/4574 2661/2980/4574
f 2662/2981/4575 2661/2980/4575 2663/2982/4575
f 2662/2981/4576 2663/2982/4576 2664/2983/4576
f 2662/2981/4577 2664/2983/4577 2665/2984/4577
f 2665/2984/4578 2666/2985/4578 2662/2981/4578
f 2667/2986/4579 2662/2981/4579 2666/2985/4579
f 2666/2985/4580 2668/2987/4580 2667/2986/4580
f 2667/2986/4581 2668/2987/4581 2669/2988/4581
f 2667/2986/4582 2669/2988/4582 2670/2989/4582
f 2667/2986/4583 2670/2989/4583 2659/2978/4583
f 2659/2978/4584 2670/2989/4584 2671/2990/4584
f 2659/2978/4585 2671/2990/4585 2672/2991/4585
f 2659/2978/4586 2672/2991/4586 2673/2992/4586
f 2672/2991/4587 2674/2993/4587 2673/2992/4587
f 2675/2994/4588 2673/2992/4588 2674/2993/4588
f 2675/2994/4589 2674/2993/4589 2676/2995/4589
f 2677/2996/4590 2675/2994/4590 2676/2995/4590
f 2678/2997/4591 2677/2996/4591 2676/2995/4591
f 2678/2997/4592 2676/2995/4592 2679/2998/4592
f 2679/2998/4593 2680/2999/4593 2678/2997/4593
f 2681/3000/4594 2678/2997/4594 2680/2999/4594
f 2681/3000/4595 2680/2999/4595 2682/3001/4595
f 2681/3000/4596 2682/3001/4596 2683/3002/4596
f 2684/3003/4597 2681/3000/4597 2683/3002/4597
f 2683/3002/4598 2685/3004/4598 2684/3003/4598
f 2683/3002/4599 2686/3005/4599 2685/3004/4599
f 2686/3005/4600 2687/3006/4600 2685/3004/4600
f 2686/3005/4601 2688/3007/4601 2687/3006/4601
f 2689/3008/4602 2687/3006/4602 2688/3007/4602
f 2689/3008/4603 2688/3007/4603 2690/3009/4603
f 2690/3009/4604 2691/3010/4604 2689/3008/4604
f 2690/3009/4605 2692/3011/4605 2691/3010/4605
f 2692/3011/4606 2693/3012/4606 2691/3010/4606
f 2692/3011/4607 2694/3013/4607 2693/3012/4607
f 2694/3013/4608 2695/3014/4608 2693/3012/4608
f 2694/3013/4609 2696/3015/4609 2695/3014/4609
f 2697/3016/4610 2696/3015/4610 2694/3013/4610
f 2697/3016/4611 2694/3013/4611 2698/3017/4611
f 2698/3017/4612 2699/3018/4612 2697/3016/4612
f 2698/3017/4613 2700/3019/4613 2699/3018/4613
f 2699/3018/4614 2700/3019/4614 2701/3020/4614
f 2699/3018/4615 2701/3020/4615 2702/3021/4615
f 2703/3022/4616 2702/3021/4616 2701/3020/4616
f 2703/3022/4617 2701/3020/4617 2704/3023/4617
f 2704/3023/4618 2705/3024/4618 2703/3022/4618
f 2704/3023/4619 2706/3025/4619 2705/3024/4619
f 2707/3026/4620 2705/3024/4620 2706/3025/4620
f 2707/3026/4621 2706/3025/4621 2708/3027/4621
f 2706/3025/4622 2709/3028/4622 2708/3027/4622
f 2706/3025/4623 2710/3029/4623 2709/3028/4623
f 2710/3029/4624 2711/3030/4624 2709/3028/4624
f 2710/3029/4625 2712/3031/4625 2711/3030/4625
f 2712/3031/4626 2713/3032/4626 2711/3030/4626
f 2712/3031/4627 2714/3033/4627 2713/3032/4627
f 2714/3033/4628 2715/3034/4628 2713/3032/4628
f 2714/3033/4629 2716/3035/4629 2715/3034/4629
f 2715/3034/4630 2716/3035/4630 2717/3036/4630
f 2715/3034/4631 2717/3036/4631 2718/3037/4631
f 2719/3038/4632 2718/3037/4632 2717/3036/4632
f 2719/3038/4633 2717/3036/4633 2720/3039/4633
f 2719/3038/4634 2720/3039/4634 2721/3040/4634
f 2721/3040/4635 2722/3041/4635 2719/3038/4635
f 2723/3042/4636 2719/3038/4636 2722/3041/4636
f 2723/3042/4637 2722/3041/4637 2724/3043/4637
f 2723/3042/4638 2724/3043/4638 2725/3044/4638
f 2671/2990/4639 2725/3044/4639 2724/3043/4639
f 2671/2990/4640 2726/3045/4640 2725/3044/4640
f 2671/2990/4641 2727/3046/4641 2726/3045/4641
f 2728/3047/4642 2726/3045/4642 2727/3046/4642
f 2729/3048/4642 2728/3047/4642 2727/3046/4642
f 2729/3048/4643 2727/3046/4643 2730/3049/4643
f 2669/2988/4644 2729/3048/4644 2730/3049/4644
f 2729/3048/4645 2669/2988/4645 2731/3050/4645
f 2727/3046/4646 2670/2989/4646 2730/3049/4646
f 2732/3051/4647 2724/3043/4647 2722/3041/4647
f 2732/3051/4648 2722/3041/4648 2733/3052/4648
f 2674/2993/4649 2732/3051/4649 2733/3052/4649
f 2674/2993/4650 2733/3052/4650 2734/3053/4650
f 2674/2993/4651 2734/3053/4651 2679/2998/4651
f 2679/2998/4652 2734/3053/4652 2735/3054/4652
f 2679/2998/4653 2735/3054/4653 2736/3055/4653
f 2737/3056/4654 2736/3055/4654 2735/3054/4654
f 2737/3056/4655 2735/3054/4655 2738/3057/4655
f 2739/3058/4656 2737/3056/4656 2738/3057/4656
f 2739/3058/4657 2738/3057/4657 2740/3059/4657
f 2740/3059/4658 2741/3060/4658 2739/3058/4658
f 2742/3061/4659 2739/3058/4659 2741/3060/4659
f 2742/3061/4660 2741/3060/4660 2743/3062/4660
f 2688/3007/4661 2742/3061/4661 2743/3062/4661
f 2688/3007/4662 2743/3062/4662 2744/3063/4662
f 2744/3063/4663 2743/3062/4663 2741/3060/4663
f 2744/3063/4664 2741/3060/4664 2745/3064/4664
f 2746/3065/4665 2744/3063/4665 2745/3064/4665
f 2747/3066/4666 2746/3065/4666 2745/3064/4666
f 2747/3066/4667 2748/3067/4667 2746/3065/4667
f 2748/3067/4668 2700/3019/4668 2746/3065/4668
f 2700/3019/4669 2749/3068/4669 2746/3065/4669
f 2748/3067/4670 2747/3066/4670 2750/3069/4670
f 2748/3067/4671 2750/3069/4671 2751/3070/4671
f 2748/3067/4672 2751/3070/4672 2704/3023/4672
f 2712/3031/4673 2751/3070/4673 2750/3069/4673
f 2712/3031/4674 2750/3069/4674 2752/3071/4674
f 2750/3069/4675 2753/3072/4675 2752/3071/4675
f 2740/3059/4676 2752/3071/4676 2753/3072/4676
f 2740/3059/4677 2754/3073/4677 2752/3071/4677
f 2754/3073/4678 2714/3033/4678 2752/3071/4678
f 2750/3069/4679 2747/3066/4679 2753/3072/4679
f 2747/3066/4680 2741/3060/4680 2753/3072/4680
f 2746/3065/4681 2749/3068/4681 2744/3063/4681
f 2744/3063/4682 2749/3068/4682 2692/3011/4682
f 2692/3011/4683 2749/3068/4683 2698/3017/4683
f 2747/3066/4684 2745/3064/4684 2741/3060/4684
f 2740/3059/4685 2753/3072/4685 2741/3060/4685
f 2738/3057/4686 2754/3073/4686 2740/3059/4686
f 2738/3057/4687 2720/3039/4687 2754/3073/4687
f 2737/3056/4688 2739/3058/4688 2742/3061/4688
f 2737/3056/4689 2742/3061/4689 2682/3001/4689
f 2720/3039/4690 2738/3057/4690 2735/3054/4690
f 2736/3055/4691 2737/3056/4691 2682/3001/4691
f 2734/3053/4692 2721/3040/4692 2735/3054/4692
f 2734/3053/4693 2733/3052/4693 2721/3040/4693
f 2724/3043/4694 2732/3051/4694 2672/2991/4694
f 2723/3042/4695 2755/3074/4695 2719/3038/4695
f 2721/3040/4696 2733/3052/4696 2722/3041/4696
f 2720/3039/4697 2735/3054/4697 2721/3040/4697
f 2717/3036/4698 2754/3073/4698 2720/3039/4698
f 2719/3038/4699 2755/3074/4699 2718/3037/4699
f 2717/3036/4700 2716/3035/4700 2754/3073/4700
f 2754/3073/4701 2716/3035/4701 2714/3033/4701
f 2712/3031/4702 2752/3071/4702 2714/3033/4702
f 2712/3031/4703 2710/3029/4703 2751/3070/4703
f 2706/3025/4704 2751/3070/4704 2710/3029/4704
f 2706/3025/4705 2704/3023/4705 2751/3070/4705
f 2748/3067/4706 2704/3023/4706 2701/3020/4706
f 2748/3067/4707 2701/3020/4707 2700/3019/4707
f 2700/3019/4708 2698/3017/4708 2749/3068/4708
f 2692/3011/4709 2698/3017/4709 2694/3013/4709
f 2744/3063/4710 2692/3011/4710 2690/3009/4710
f 2688/3007/4711 2744/3063/4711 2690/3009/4711
f 2688/3007/4712 2686/3005/4712 2742/3061/4712
f 2683/3002/4713 2742/3061/4713 2686/3005/4713
f 2684/3003/4714 2756/3075/4714 2681/3000/4714
f 2681/3000/4715 2756/3075/4715 2757/3076/4715
f 2681/3000/4716 2757/3076/4716 2758/3077/4716
f 2758/3077/4717 2757/3076/4717 2759/3078/4717
f 2758/3077/4718 2759/3078/4718 2760/3079/4718
f 2760/3079/4719 2678/2997/4719 2758/3077/4719
f 2760/3079/4720 2759/3078/4720 2761/3080/4720
f 2760/3079/4721 2761/3080/4721 2762/3081/4721
f 2762/3081/4722 2677/2996/4722 2760/3079/4722
f 2762/3081/4723 2763/3082/4723 2677/2996/4723
f 2764/3083/4724 2763/3082/4724 2762/3081/4724
f 2764/3083/4725 2762/3081/4725 2765/3084/4725
f 2765/3084/4726 2766/3085/4726 2764/3083/4726
f 2766/3085/4727 2767/3086/4727 2764/3083/4727
f 2766/3085/4728 2768/3087/4728 2767/3086/4728
f 2661/2980/4729 2767/3086/4729 2768/3087/4729
f 2769/3088/4730 2661/2980/4730 2768/3087/4730
f 2766/3085/4731 2769/3088/4731 2768/3087/4731
f 2766/3085/4732 2770/3089/4732 2769/3088/4732
f 2770/3089/4733 2771/3090/4733 2769/3088/4733
f 2769/3088/4734 2771/3090/4734 2664/2983/4734
f 2664/2983/4735 2771/3090/4735 2772/3091/4735
f 2664/2983/4736 2772/3091/4736 2773/3092/4736
f 2774/3093/4737 2773/3092/4737 2772/3091/4737
f 2774/3093/4738 2772/3091/4738 2775/3094/4738
f 2776/3095/4739 2774/3093/4739 2775/3094/4739
f 2776/3095/4740 2775/3094/4740 2777/3096/4740
f 2777/3096/4741 2778/3097/4741 2776/3095/4741
f 2779/3098/4742 2777/3096/4742 2775/3094/4742
f 2775/3094/4743 2771/3090/4743 2779/3098/4743
f 2779/3098/4744 2780/3099/4744 2777/3096/4744
f 2780/3099/4745 2779/3098/4745 2770/3089/4745
f 2780/3099/4746 2770/3089/4746 2781/3100/4746
f 2782/3101/4747 2780/3099/4747 2781/3100/4747
f 2783/3102/4748 2782/3101/4748 2781/3100/4748
f 2766/3085/4749 2783/3102/4749 2781/3100/4749
f 2783/3102/4750 2784/3103/4750 2782/3101/4750
f 2765/3084/4751 2784/3103/4751 2783/3102/4751
f 2765/3084/4752 2785/3104/4752 2784/3103/4752
f 2782/3101/4753 2786/3105/4753 2780/3099/4753
f 2787/3106/4754 2773/3092/4754 2774/3093/4754
f 2787/3106/4755 2774/3093/4755 2788/3107/4755
f 2789/3108/4756 2787/3106/4756 2788/3107/4756
f 2789/3108/4757 2790/3109/4757 2787/3106/4757
f 2665/2984/4758 2787/3106/4758 2790/3109/4758
f 2665/2984/4759 2790/3109/4759 2791/3110/4759
f 2790/3109/4760 2792/3111/4760 2791/3110/4760
f 2793/3112/4761 2791/3110/4761 2792/3111/4761
f 2793/3112/4762 2666/2985/4762 2791/3110/4762
f 2790/3109/4763 2794/3113/4763 2792/3111/4763
f 2665/2984/4764 2773/3092/4764 2787/3106/4764
f 2775/3094/4765 2772/3091/4765 2771/3090/4765
f 2770/3089/4766 2779/3098/4766 2771/3090/4766
f 2766/3085/4767 2781/3100/4767 2770/3089/4767
f 2765/3084/4768 2783/3102/4768 2766/3085/4768
f 2762/3081/4769 2785/3104/4769 2765/3084/4769
f 2763/3082/4770 2764/3083/4770 2767/3086/4770
f 2763/3082/4771 2767/3086/4771 2675/2994/4771
f 2660/2979/4772 2675/2994/4772 2767/3086/4772
f 2762/3081/4773 2761/3080/4773 2785/3104/4773
f 2683/3002/4774 2682/3001/4774 2742/3061/4774
f 2736/3055/4775 2682/3001/4775 2680/2999/4775
f 2681/3000/4776 2758/3077/4776 2678/2997/4776
f 2679/2998/4777 2736/3055/4777 2680/2999/4777
f 2760/3079/4778 2677/2996/4778 2678/2997/4778
f 2677/2996/4779 2763/3082/4779 2675/2994/4779
f 2674/2993/4780 2679/2998/4780 2676/2995/4780
f 2660/2979/4781 2673/2992/4781 2675/2994/4781
f 2672/2991/4782 2732/3051/4782 2674/2993/4782
f 2724/3043/4783 2672/2991/4783 2671/2990/4783
f 2670/2989/4784 2727/3046/4784 2671/2990/4784
f 2730/3049/4785 2670/2989/4785 2669/2988/4785
f 2731/3050/4645 2669/2988/4645 2668/2987/4645
f 2666/2985/4786 2793/3112/4786 2668/2987/4786
f 2665/2984/4787 2791/3110/4787 2666/2985/4787
f 2665/2984/4788 2664/2983/4788 2773/3092/4788
f 2769/3088/4789 2664/2983/4789 2663/2982/4789
f 2769/3088/4790 2663/2982/4790 2661/2980/4790
f 2667/2986/4791 2658/2977/4791 2662/2981/4791
f 2661/2980/4792 2660/2979/4792 2767/3086/4792
f 2659/2978/4793 2673/2992/4793 2660/2979/4793
f 2667/2986/4794 2659/2978/4794 2658/2977/4794
f 2795/3114/4795 2796/3115/4795 2797/3116/4795
f 2795/3114/4796 2797/3116/4796 2798/3117/4796
f 2798/3117/4797 2799/3118/4797 2795/3114/4797
f 2800/3119/4798 2795/3114/4798 2799/3118/4798
f 2801/3120/4799 2800/3119/4799 2799/3118/4799
f 2801/3120/4800 2799/3118/4800 2802/3121/4800
f 2803/3122/4801 2802/3121/4801 2799/3118/4801
f 2803/3122/4802 2799/3118/4802 2804/3123/4802
f 2805/3124/4803 2803/3122/4803 2804/3123/4803
f 2805/3124/4804 2804/3123/4804 2798/3117/4804
f 2805/3124/4805 2798/3117/4805 2806/3125/4805
f 2798/3117/4806 2807/3126/4806 2806/3125/4806
f 2805/3124/4807 2808/3127/4807 2803/3122/4807
f 2800/3119/4808 2801/3120/4808 2809/3128/4808
f 2800/3119/4809 2809/3128/4809 2810/3129/4809
f 2800/3119/4810 2810/3129/4810 2811/3130/4810
f 2800/3119/4811 2811/3130/4811 2812/3131/4811
f 2811/3130/4812 2813/3132/4812 2812/3131/4812
f 2796/3115/4813 2812/3131/4813 2813/3132/4813
f 2813/3132/4814 2814/3133/4814 2796/3115/4814
f 2796/3115/4815 2814/3133/4815 2815/3134/4815
f 2815/3134/4816 2814/3133/4816 2816/3135/4816
f 2815/3134/4817 2816/3135/4817 2817/3136/4817
f 2815/3134/4818 2817/3136/4818 2818/3137/4818
f 2815/3134/4819 2818/3137/4819 2819/3138/4819
f 2807/3126/4820 2815/3134/4820 2819/3138/4820
f 2807/3126/4821 2797/3116/4821 2815/3134/4821
f 2820/3139/4822 2818/3137/4822 2817/3136/4822
f 2820/3139/4823 2817/3136/4823 2821/3140/4823
f 2822/3141/4824 2820/3139/4824 2821/3140/4824
f 2822/3141/4825 2821/3140/4825 2823/3142/4825
f 2822/3141/4826 2823/3142/4826 2824/3143/4826
f 2825/3144/4827 2824/3143/4827 2823/3142/4827
f 2825/3144/4828 2823/3142/4828 2826/3145/4828
f 2827/3146/4829 2825/3144/4829 2826/3145/4829
f 2828/3147/4830 2827/3146/4830 2826/3145/4830
f 2828/3147/4831 2829/3148/4831 2827/3146/4831
f 2829/3148/4832 2830/3149/4832 2827/3146/4832
f 2831/3150/4833 2827/3146/4833 2830/3149/4833
f 2831/3150/4834 2830/3149/4834 2832/3151/4834
f 2831/3150/4835 2832/3151/4835 2833/3152/4835
f 2833/3152/4836 2832/3151/4836 2834/3153/4836
f 2833/3152/4837 2834/3153/4837 2835/3154/4837
f 2836/3155/4838 2835/3154/4838 2834/3153/4838
f 2836/3155/4839 2834/3153/4839 2837/3156/4839
f 2838/3157/4840 2836/3155/4840 2837/3156/4840
f 2838/3157/4841 2837/3156/4841 2839/3158/4841
f 2838/3157/4842 2839/3158/4842 2840/3159/4842
f 2841/3160/4843 2838/3157/4843 2840/3159/4843
f 2842/3161/4844 2841/3160/4844 2840/3159/4844
f 2842/3161/4845 2840/3159/4845 2843/3162/4845
f 2842/3161/4846 2843/3162/4846 2844/3163/4846
f 2842/3161/4847 2844/3163/4847 2845/3164/4847
f 2844/3163/4848 2846/3165/4848 2845/3164/4848
f 2844/3163/4849 2847/3166/4849 2846/3165/4849
f 2846/3165/4850 2847/3166/4850 2848/3167/4850
f 2846/3165/4851 2848/3167/4851 2849/3168/4851
f 2850/3169/4852 2849/3168/4852 2848/3167/4852
f 2850/3169/4853 2848/3167/4853 2851/3170/4853
f 2852/3171/4854 2851/3170/4854 2848/3167/4854
f 2852/3171/4855 2848/3167/4855 2853/3172/4855
f 2854/3173/4856 2852/3171/4856 2853/3172/4856
f 2854/3173/4857 2853/3172/4857 2855/3174/4857
f 2855/3174/4858 2856/3175/4858 2854/3173/4858
f 2855/3174/4859 2857/3176/4859 2856/3175/4859
f 2856/3175/4860 2857/3176/4860 2858/3177/4860
f 2856/3175/4861 2858/3177/4861 2859/3178/4861
f 2810/3129/4862 2859/3178/4862 2858/3177/4862
f 2858/3177/4863 2857/3176/4863 2860/3179/4863
f 2858/3177/4864 2860/3179/4864 2861/3180/4864
f 2811/3130/4865 2858/3177/4865 2861/3180/4865
f 2862/3181/4866 2811/3130/4866 2861/3180/4866
f 2862/3181/4867 2861/3180/4867 2863/3182/4867
f 2864/3183/4868 2862/3181/4868 2863/3182/4868
f 2864/3183/4869 2863/3182/4869 2865/3184/4869
f 2865/3184/4870 2829/3148/4870 2864/3183/4870
f 2866/3185/4871 2864/3183/4871 2829/3148/4871
f 2864/3183/4872 2866/3185/4872 2813/3132/4872
f 2865/3184/4873 2867/3186/4873 2829/3148/4873
f 2867/3186/4874 2865/3184/4874 2868/3187/4874
f 2867/3186/4875 2868/3187/4875 2869/3188/4875
f 2867/3186/4876 2869/3188/4876 2832/3151/4876
f 2870/3189/4877 2869/3188/4877 2868/3187/4877
f 2870/3189/4878 2868/3187/4878 2871/3190/4878
f 2871/3190/4879 2839/3158/4879 2870/3189/4879
f 2834/3153/4880 2870/3189/4880 2839/3158/4880
f 2871/3190/4881 2872/3191/4881 2839/3158/4881
f 2843/3162/4882 2839/3158/4882 2872/3191/4882
f 2843/3162/4883 2872/3191/4883 2873/3192/4883
f 2872/3191/4884 2874/3193/4884 2873/3192/4884
f 2874/3193/4885 2875/3194/4885 2873/3192/4885
f 2875/3194/4886 2844/3163/4886 2873/3192/4886
f 2874/3193/4887 2876/3195/4887 2875/3194/4887
f 2876/3195/4888 2853/3172/4888 2875/3194/4888
f 2847/3166/4889 2875/3194/4889 2853/3172/4889
f 2877/3196/4890 2876/3195/4890 2874/3193/4890
f 2874/3193/4891 2868/3187/4891 2877/3196/4891
f 2877/3196/4892 2860/3179/4892 2876/3195/4892
f 2855/3174/4893 2876/3195/4893 2860/3179/4893
f 2872/3191/4894 2871/3190/4894 2874/3193/4894
f 2874/3193/4895 2871/3190/4895 2868/3187/4895
f 2834/3153/4896 2869/3188/4896 2870/3189/4896
f 2865/3184/4897 2877/3196/4897 2868/3187/4897
f 2865/3184/4898 2863/3182/4898 2877/3196/4898
f 2864/3183/4899 2813/3132/4899 2862/3181/4899
f 2877/3196/4900 2863/3182/4900 2861/3180/4900
f 2877/3196/4901 2861/3180/4901 2860/3179/4901
f 2855/3174/4902 2860/3179/4902 2857/3176/4902
f 2876/3195/4903 2855/3174/4903 2853/3172/4903
f 2847/3166/4904 2853/3172/4904 2848/3167/4904
f 2875/3194/4905 2847/3166/4905 2844/3163/4905
f 2843/3162/4906 2873/3192/4906 2844/3163/4906
f 2841/3160/4907 2878/3197/4907 2838/3157/4907
f 2878/3197/4908 2879/3198/4908 2838/3157/4908
f 2878/3197/4909 2880/3199/4909 2879/3198/4909
f 2843/3162/4910 2840/3159/4910 2839/3158/4910
f 2838/3157/4911 2879/3198/4911 2836/3155/4911
f 2834/3153/4912 2839/3158/4912 2837/3156/4912
f 2834/3153/4913 2832/3151/4913 2869/3188/4913
f 2867/3186/4914 2832/3151/4914 2830/3149/4914
f 2831/3150/4915 2881/3200/4915 2827/3146/4915
f 2829/3148/4916 2867/3186/4916 2830/3149/4916
f 2866/3185/4917 2829/3148/4917 2828/3147/4917
f 2828/3147/4918 2814/3133/4918 2866/3185/4918
f 2827/3146/4919 2881/3200/4919 2825/3144/4919
f 2828/3147/4920 2826/3145/4920 2823/3142/4920
f 2828/3147/4921 2823/3142/4921 2816/3135/4921
f 2821/3140/4922 2816/3135/4922 2823/3142/4922
f 2822/3141/4923 2882/3201/4923 2820/3139/4923
f 2821/3140/4924 2817/3136/4924 2816/3135/4924
f 2828/3147/4925 2816/3135/4925 2814/3133/4925
f 2813/3132/4926 2866/3185/4926 2814/3133/4926
f 2811/3130/4927 2862/3181/4927 2813/3132/4927
f 2811/3130/4928 2810/3129/4928 2858/3177/4928
f 2810/3129/4929 2809/3128/4929 2859/3178/4929
f 2800/3119/4930 2812/3131/4930 2795/3114/4930
f 2798/3117/4931 2804/3123/4931 2799/3118/4931
f 2798/3117/4932 2797/3116/4932 2807/3126/4932
f 2796/3115/4933 2815/3134/4933 2797/3116/4933
f 2796/3115/4934 2795/3114/4934 2812/3131/4934
f 2883/3202/4935 2884/3203/4935 2885/3204/4935
f 2883/3202/4936 2885/3204/4936 2886/3205/4936
f 2886/3205/4937 2887/3206/4937 2883/3202/4937
f 2888/3207/4938 2883/3202/4938 2887/3206/4938
f 2889/3208/4939 2888/3207/4939 2887/3206/4939
f 2889/3208/4940 2887/3206/4940 2890/3209/4940
f 2889/3208/4941 2890/3209/4941 2891/3210/4941
f 2892/3211/4942 2889/3208/4942 2891/3210/4942
f 2892/3211/4943 2891/3210/4943 2893/3212/4943
f 2894/3213/4944 2892/3211/4944 2893/3212/4944
f 2894/3213/4945 2895/3214/4945 2892/3211/4945
f 2896/3215/4946 2892/3211/4946 2895/3214/4946
f 2896/3215/4947 2895/3214/4947 2897/3216/4947
f 2896/3215/4948 2897/3216/4948 2898/3217/4948
f 2896/3215/4949 2898/3217/4949 2899/3218/4949
f 2896/3215/4950 2899/3218/4950 2900/3219/4950
f 2896/3215/4951 2900/3219/4951 2901/3220/4951
f 2902/3221/4952 2901/3220/4952 2900/3219/4952
f 2902/3221/4953 2900/3219/4953 2903/3222/4953
f 2902/3221/4954 2903/3222/4954 2904/3223/4954
f 2904/3223/4955 2905/3224/4955 2902/3221/4955
f 2888/3207/4956 2902/3221/4956 2905/3224/4956
f 2888/3207/4957 2905/3224/4957 2906/3225/4957
f 2907/3226/4958 2906/3225/4958 2905/3224/4958
f 2907/3226/4959 2905/3224/4959 2908/3227/4959
f 2908/3227/4960 2905/3224/4960 2909/3228/4960
f 2908/3227/4961 2909/3228/4961 2910/3229/4961
f 2909/3228/4962 2850/3230/4962 2910/3229/4962
f 2909/3228/4963 2849/3231/4963 2850/3230/4963
f 2904/3223/4964 2849/3231/4964 2909/3228/4964
f 2904/3223/4965 2846/3232/4965 2849/3231/4965
f 2845/3233/4966 2846/3232/4966 2904/3223/4966
f 2907/3226/4967 2883/3202/4967 2906/3225/4967
f 2904/3223/4968 2909/3228/4968 2905/3224/4968
f 2845/3233/4969 2904/3223/4969 2903/3222/4969
f 2845/3233/4970 2903/3222/4970 2911/3234/4970
f 2845/3233/4971 2911/3234/4971 2842/3235/4971
f 2912/3236/4972 2842/3235/4972 2911/3234/4972
f 2899/3218/4973 2912/3236/4973 2911/3234/4973
f 2912/3236/4974 2841/3237/4974 2842/3235/4974
f 2878/3238/4975 2841/3237/4975 2912/3236/4975
f 2878/3238/4976 2912/3236/4976 2913/3239/4976
f 2880/3240/4977 2878/3238/4977 2913/3239/4977
f 2880/3240/4978 2913/3239/4978 2914/3241/4978
f 2915/3242/4979 2914/3241/4979 2913/3239/4979
f 2915/3242/4980 2916/3243/4980 2914/3241/4980
f 2915/3242/4981 2917/3244/4981 2916/3243/4981
f 2915/3242/4982 2918/3245/4982 2917/3244/4982
f 2917/3244/4983 2918/3245/4983 2919/3246/4983
f 2917/3244/4984 2919/3246/4984 2920/3247/4984
f 2921/3248/4985 2920/3247/4985 2919/3246/4985
f 2921/3248/4986 2919/3246/4986 2922/3249/4986
f 2922/3249/4987 2919/3246/4987 2895/3214/4987
f 2895/3214/4988 2919/3246/4988 2918/3245/4988
f 2918/3245/4989 2915/3242/4989 2898/3217/4989
f 2915/3242/4990 2912/3236/4990 2898/3217/4990
f 2915/3242/4991 2913/3239/4991 2912/3236/4991
f 2903/3222/4992 2899/3218/4992 2911/3234/4992
f 2902/3221/4993 2888/3207/4993 2901/3220/4993
f 2903/3222/4994 2900/3219/4994 2899/3218/4994
f 2899/3218/4995 2898/3217/4995 2912/3236/4995
f 2918/3245/4996 2898/3217/4996 2897/3216/4996
f 2895/3214/4997 2918/3245/4997 2897/3216/4997
f 2901/3220/4998 2892/3211/4998 2896/3215/4998
f 2922/3249/4999 2895/3214/4999 2894/3213/4999
f 2901/3220/5000 2889/3208/5000 2892/3211/5000
f 2889/3208/5001 2901/3220/5001 2888/3207/5001
f 2888/3207/5002 2906/3225/5002 2883/3202/5002
f 2886/3205/5003 2890/3209/5003 2887/3206/5003
f 2907/3226/5004 2884/3203/5004 2883/3202/5004
f 2885/3250/5005 2923/3251/5005 2886/3252/5005
f 2923/3251/5006 2890/3253/5006 2886/3252/5006
f 2923/3251/5007 2924/3254/5007 2890/3253/5007
f 2924/3254/5008 2891/3255/5008 2890/3253/5008
f 2924/3254/5009 2925/3256/5009 2891/3255/5009
f 2925/3256/5010 2893/3257/5010 2891/3255/5010
f 2925/3256/5011 2926/3258/5011 2893/3257/5011
f 2926/3258/5012 2894/3259/5012 2893/3257/5012
f 2926/3258/5013 2927/3260/5013 2894/3259/5013
f 2894/3259/5014 2927/3260/5014 2928/3261/5014
f 2894/3259/5015 2928/3261/5015 2922/3262/5015
f 2922/3262/5016 2928/3261/5016 2929/3263/5016
f 2922/3262/5017 2929/3263/5017 2921/3264/5017
f 2928/3261/5018 2930/3265/5018 2929/3263/5018
f 2928/3261/5019 2931/3266/5019 2930/3265/5019
f 2776/3267/5020 2930/3265/5020 2931/3266/5020
f 2932/3268/5021 2776/3267/5021 2931/3266/5021
f 2932/3268/5022 2931/3266/5022 2933/3269/5022
f 2933/3269/5023 2934/3270/5023 2932/3268/5023
f 2932/3268/5024 2934/3270/5024 2789/3271/5024
f 2932/3268/5025 2789/3271/5025 2788/3272/5025
f 2932/3268/5026 2788/3272/5026 2774/3273/5026
f 2934/3270/5027 2935/3274/5027 2789/3271/5027
f 2790/3275/5028 2789/3271/5028 2935/3274/5028
f 2790/3275/5029 2935/3274/5029 2794/3276/5029
f 2934/3270/5030 2936/3277/5030 2935/3274/5030
f 2937/3278/5031 2935/3274/5031 2936/3277/5031
f 2936/3277/5031 2938/3279/5031 2937/3278/5031
f 2938/3279/5032 2936/3277/5032 2939/3280/5032
f 2938/3279/5033 2939/3280/5033 2940/3281/5033
f 2941/3282/5034 2938/3279/5034 2940/3281/5034
f 2940/3281/5035 2942/3283/5035 2941/3282/5035
f 2942/3283/5036 2943/3284/5036 2941/3282/5036
f 2944/3285/5036 2941/3282/5036 2943/3284/5036
f 2943/3284/5037 2942/3283/5037 2945/3286/5037
f 2943/3284/5038 2945/3286/5038 2946/3287/5038
f 2945/3286/5039 2942/3283/5039 2924/3254/5039
f 2947/3288/5040 2924/3254/5040 2942/3283/5040
f 2942/3283/5041 2940/3281/5041 2947/3288/5041
f 2938/3279/5036 2941/3282/5036 2944/3285/5036
f 2939/3280/5042 2947/3288/5042 2940/3281/5042
f 2947/3288/5043 2939/3280/5043 2948/3289/5043
f 2948/3289/5044 2925/3256/5044 2947/3288/5044
f 2948/3289/5045 2939/3280/5045 2934/3270/5045
f 2936/3277/5046 2934/3270/5046 2939/3280/5046
f 2933/3269/5047 2948/3289/5047 2934/3270/5047
f 2927/3260/5048 2948/3289/5048 2933/3269/5048
f 2931/3266/5049 2927/3260/5049 2933/3269/5049
f 2932/3268/5050 2774/3273/5050 2776/3267/5050
f 2776/3267/5051 2778/3290/5051 2930/3265/5051
f 2931/3266/5052 2928/3261/5052 2927/3260/5052
f 2927/3260/5053 2926/3258/5053 2948/3289/5053
f 2948/3289/5054 2926/3258/5054 2925/3256/5054
f 2947/3288/5055 2925/3256/5055 2924/3254/5055
f 2945/3286/5056 2924/3254/5056 2923/3251/5056
usemtl material_0.259
f 2949/3291/5057 2950/3292/5057 2951/3293/5057
f 2949/3291/5058 2951/3293/5058 2952/3294/5058
f 2952/3294/5059 2951/3293/5059 2953/3295/5059
f 2952/3294/5060 2953/3295/5060 2954/3296/5060
f 2954/3296/5061 2953/3295/5061 2955/3297/5061
f 2954/3296/5062 2955/3297/5062 2956/3298/5062
f 2957/3299/5063 2955/3297/5063 2953/3295/5063
f 2957/3299/5064 2953/3295/5064 2958/3300/5064
f 2957/3299/5065 2958/3300/5065 2959/3301/5065
f 2960/3302/5066 2959/3301/5066 2958/3300/5066
f 2960/3302/5067 2958/3300/5067 2961/3303/5067
f 2962/3304/5068 2960/3302/5068 2961/3303/5068
f 2962/3304/5069 2961/3303/5069 2951/3293/5069
f 2961/3303/5070 2958/3300/5070 2953/3295/5070
f 2961/3303/5071 2953/3295/5071 2951/3293/5071
f 2962/3304/5072 2951/3293/5072 2950/3292/5072
f 2963/3305/5073 2962/3304/5073 2950/3292/5073
f 2963/3305/5074 2964/3306/5074 2962/3304/5074
f 2949/3291/5075 2963/3305/5075 2950/3292/5075
f 2949/3291/5076 2965/3307/5076 2963/3305/5076
f 2963/3305/5077 2965/3307/5077 2966/3308/5077
f 2963/3305/5078 2966/3308/5078 2967/3309/5078
f 2966/3308/5079 2968/3310/5079 2967/3309/5079
f 2966/3308/5080 2969/3311/5080 2968/3310/5080
f 2970/3312/5081 2968/3310/5081 2969/3311/5081
f 2970/3312/5082 2969/3311/5082 2971/3313/5082
f 2972/3314/5083 2973/3315/5083 2974/3316/5083
f 2972/3314/5084 2974/3316/5084 2975/3317/5084
f 2976/3318/5085 2972/3314/5085 2975/3317/5085
f 2975/3317/5086 2977/3319/5086 2976/3318/5086
f 2978/3320/5087 2976/3318/5087 2977/3319/5087
f 2978/3320/5088 2979/3321/5088 2976/3318/5088
f 2979/3321/5089 2980/3322/5089 2976/3318/5089
f 2979/3321/5090 2981/3323/5090 2980/3322/5090
f 2980/3322/5091 2981/3323/5091 2960/3324/5091
f 2980/3322/5092 2960/3324/5092 2982/3325/5092
f 2983/3326/5093 2980/3322/5093 2982/3325/5093
f 2983/3326/5094 2982/3325/5094 2962/3327/5094
f 2983/3326/5095 2962/3327/5095 2964/3328/5095
f 2964/3328/5096 2984/3329/5096 2983/3326/5096
f 2972/3314/5097 2983/3326/5097 2984/3329/5097
f 2964/3328/5098 2985/3330/5098 2984/3329/5098
f 2986/3331/5099 2984/3329/5099 2985/3330/5099
f 2986/3331/5100 2985/3330/5100 2987/3332/5100
f 2988/3333/5101 2986/3331/5101 2987/3332/5101
f 2968/3334/5102 2988/3333/5102 2987/3332/5102
f 2987/3332/5103 2967/3335/5103 2968/3334/5103
f 2968/3334/5104 2970/3336/5104 2988/3333/5104
f 2988/3333/5105 2989/3337/5105 2986/3331/5105
f 2990/3338/5106 2986/3331/5106 2989/3337/5106
f 2990/3338/5107 2989/3337/5107 2991/3339/5107
f 2991/3339/5108 2992/3340/5108 2990/3338/5108
f 2990/3338/5109 2992/3340/5109 2974/3316/5109
f 2991/3339/5110 2993/3341/5110 2992/3340/5110
f 2987/3332/5111 2985/3330/5111 2967/3335/5111
f 2985/3330/5112 2963/3342/5112 2967/3335/5112
f 2984/3329/5113 2986/3331/5113 2990/3338/5113
f 2984/3329/5114 2990/3338/5114 2973/3315/5114
f 2985/3330/5115 2964/3328/5115 2963/3342/5115
f 2983/3326/5116 2972/3314/5116 2980/3322/5116
f 2962/3327/5117 2982/3325/5117 2960/3324/5117
f 2981/3323/5118 2959/3343/5118 2960/3324/5118
f 2981/3323/5119 2994/3344/5119 2959/3343/5119
f 2981/3323/5120 2995/3345/5120 2994/3344/5120
f 2981/3323/5121 2979/3321/5121 2995/3345/5121
f 2996/3346/5122 2995/3345/5122 2979/3321/5122
f 2996/3346/5123 2979/3321/5123 2978/3320/5123
f 2975/3317/5124 2997/3347/5124 2977/3319/5124
f 2976/3318/5125 2980/3322/5125 2972/3314/5125
f 2974/3316/5126 2997/3347/5126 2975/3317/5126
f 2990/3338/5127 2974/3316/5127 2973/3315/5127
f 2972/3314/5128 2984/3329/5128 2973/3315/5128
f 2998/3348/5129 2999/3349/5129 3000/3350/5129
f 2998/3348/5130 3000/3350/5130 3001/3351/5130
f 3002/3352/5131 3001/3351/5131 3000/3350/5131
f 3002/3352/5132 3000/3350/5132 3003/3353/5132
f 3004/3354/5133 3002/3352/5133 3003/3353/5133
f 3004/3354/5134 3005/3355/5134 3002/3352/5134
f 3002/3352/5135 3005/3355/5135 3006/3356/5135
f 3007/3357/5136 3006/3356/5136 3005/3355/5136
f 3007/3357/5137 3008/3358/5137 3006/3356/5137
f 3007/3357/5138 3005/3355/5138 3004/3354/5138
f 3007/3357/5139 3004/3354/5139 3009/3359/5139
f 2970/3360/5140 2999/3349/5140 2998/3348/5140
f 2970/3360/5141 2971/3361/5141 2999/3349/5141
f 2988/3362/5142 2970/3363/5142 2998/3364/5142
f 2988/3362/5143 2998/3364/5143 3010/3365/5143
f 3011/3366/5144 2988/3362/5144 3010/3365/5144
f 3010/3365/5145 3012/3367/5145 3011/3366/5145
f 3013/3368/5146 3011/3366/5146 3012/3367/5146
f 3012/3367/5147 3014/3369/5147 3013/3368/5147
f 3015/3370/5148 3013/3368/5148 3014/3369/5148
f 3015/3370/5149 3014/3369/5149 3016/3371/5149
f 3014/3369/5150 3017/3372/5150 3016/3371/5150
f 3014/3369/5151 3018/3373/5151 3017/3372/5151
f 3018/3373/5152 3019/3374/5152 3017/3372/5152
f 3018/3373/5153 3020/3375/5153 3019/3374/5153
f 3021/3376/5154 3020/3375/5154 3018/3373/5154
f 3021/3376/5155 3022/3377/5155 3020/3375/5155
f 3021/3376/5156 3008/3378/5156 3022/3377/5156
f 3021/3376/5157 3006/3379/5157 3008/3378/5157
f 3021/3376/5158 3023/3380/5158 3006/3379/5158
f 3002/3381/5159 3006/3379/5159 3023/3380/5159
f 3024/3382/5160 3002/3381/5160 3023/3380/5160
f 3012/3367/5161 3024/3382/5161 3023/3380/5161
f 3012/3367/5162 3023/3380/5162 3025/3383/5162
f 3024/3382/5163 3001/3384/5163 3002/3381/5163
f 3010/3365/5164 3001/3384/5164 3024/3382/5164
f 3021/3376/5165 3025/3383/5165 3023/3380/5165
f 3021/3376/5166 3014/3369/5166 3025/3383/5166
f 3021/3376/5167 3018/3373/5167 3014/3369/5167
f 3013/3368/5168 3015/3370/5168 3026/3385/5168
f 3013/3368/5169 3026/3385/5169 3027/3386/5169
f 3026/3385/5170 2991/3387/5170 3027/3386/5170
f 3011/3366/5171 3027/3386/5171 2991/3387/5171
f 3011/3366/5172 2991/3387/5172 2989/3388/5172
f 3026/3385/5173 2993/3389/5173 2991/3387/5173
f 3012/3367/5174 3025/3383/5174 3014/3369/5174
f 3013/3368/5175 3027/3386/5175 3011/3366/5175
f 3010/3365/5176 3024/3382/5176 3012/3367/5176
f 3011/3366/5177 2989/3388/5177 2988/3362/5177
f 3010/3365/5178 2998/3364/5178 3001/3384/5178
f 3028/3390/5179 3029/3391/5179 3030/3392/5179
f 3028/3390/5180 3030/3392/5180 3031/3393/5180
f 3031/3393/5181 3020/3394/5181 3028/3390/5181
f 3032/3395/5182 3028/3390/5182 3020/3394/5182
f 3032/3395/5183 3020/3394/5183 3022/3396/5183
f 3008/3397/5184 3032/3395/5184 3022/3396/5184
f 3008/3397/5185 3033/3398/5185 3032/3395/5185
f 3034/3399/5186 3032/3395/5186 3033/3398/5186
f 3034/3399/5187 3033/3398/5187 3035/3400/5187
f 3036/3401/5188 3034/3399/5188 3035/3400/5188
f 3036/3401/5189 3035/3400/5189 3037/3402/5189
f 3037/3402/5190 3038/3403/5190 3036/3401/5190
f 3036/3401/5191 3038/3403/5191 3039/3404/5191
f 3036/3401/5192 3039/3404/5192 3040/3405/5192
f 3041/3406/5193 3040/3405/5193 3039/3404/5193
f 3041/3406/5194 3039/3404/5194 3042/3407/5194
f 3042/3407/5195 3039/3404/5195 3043/3408/5195
f 3042/3407/5196 3043/3408/5196 3044/3409/5196
f 3044/3409/5197 3043/3408/5197 3045/3410/5197
f 3046/3411/5198 3045/3410/5198 3043/3408/5198
f 3038/3403/5199 3046/3411/5199 3043/3408/5199
f 3047/3412/5200 3046/3411/5200 3038/3403/5200
f 3047/3412/5201 3048/3413/5201 3046/3411/5201
f 3049/3414/5202 3048/3413/5202 3047/3412/5202
f 3049/3414/5203 3047/3412/5203 3037/3402/5203
f 3049/3414/5204 3037/3402/5204 3050/3415/5204
f 3037/3402/5205 3051/3416/5205 3050/3415/5205
f 3050/3415/5206 3051/3416/5206 3052/3417/5206
f 3050/3415/5207 3052/3417/5207 3053/3418/5207
f 3054/3419/5208 3053/3418/5208 3052/3417/5208
f 3051/3416/5209 3055/3420/5209 3052/3417/5209
f 3051/3416/5210 3056/3421/5210 3055/3420/5210
f 3051/3416/5211 3033/3398/5211 3056/3421/5211
f 3040/3405/5212 3041/3406/5212 3030/3392/5212
f 3038/3403/5213 3043/3408/5213 3039/3404/5213
f 3037/3402/5214 3047/3412/5214 3038/3403/5214
f 3037/3402/5215 3035/3400/5215 3051/3416/5215
f 3040/3405/5216 3034/3399/5216 3036/3401/5216
f 3040/3405/5217 3029/3391/5217 3034/3399/5217
f 3051/3416/5218 3035/3400/5218 3033/3398/5218
f 3028/3390/5219 3032/3395/5219 3034/3399/5219
f 3031/3393/5220 3019/3422/5220 3020/3394/5220
f 3040/3405/5221 3030/3392/5221 3029/3391/5221
f 3028/3390/5222 3034/3399/5222 3029/3391/5222
f 3057/3423/5223 3058/3424/5223 3059/3425/5223
f 3057/3423/5224 3059/3425/5224 3060/3426/5224
f 3061/3427/5225 3057/3423/5225 3060/3426/5225
f 3061/3427/5226 3060/3426/5226 3062/3428/5226
f 3063/3429/5227 3061/3427/5227 3062/3428/5227
f 3063/3429/5228 3062/3428/5228 3064/3430/5228
f 3064/3430/5229 3065/3431/5229 3063/3429/5229
f 3066/3432/5230 3063/3429/5230 3065/3431/5230
f 3066/3432/5231 3065/3431/5231 3067/3433/5231
f 3068/3434/5232 3066/3432/5232 3067/3433/5232
f 3068/3434/5233 3067/3433/5233 3055/3435/5233
f 3069/3436/5234 3068/3434/5234 3055/3435/5234
f 3069/3436/5235 3055/3435/5235 3056/3437/5235
f 3033/3438/5236 3069/3436/5236 3056/3437/5236
f 3033/3438/5237 3008/3439/5237 3069/3436/5237
f 3008/3439/5238 3057/3423/5238 3069/3436/5238
f 3057/3423/5239 3070/3440/5239 3069/3436/5239
f 3008/3439/5240 3007/3441/5240 3057/3423/5240
f 3068/3434/5241 3069/3436/5241 3070/3440/5241
f 3052/3442/5242 3055/3435/5242 3067/3433/5242
f 3052/3442/5243 3067/3433/5243 3054/3443/5243
f 3068/3434/5244 3070/3440/5244 3066/3432/5244
f 3065/3431/5245 3054/3443/5245 3067/3433/5245
f 3070/3440/5246 3063/3429/5246 3066/3432/5246
f 3071/3444/5247 3064/3430/5247 3062/3428/5247
f 3070/3440/5248 3061/3427/5248 3063/3429/5248
f 3071/3444/5249 3062/3428/5249 3060/3426/5249
f 3071/3444/5250 3060/3426/5250 3072/3445/5250
f 3060/3426/5251 3073/3446/5251 3072/3445/5251
f 3074/3447/5252 3072/3445/5252 3073/3446/5252
f 3074/3447/5253 3075/3448/5253 3072/3445/5253
f 3076/3449/5254 3075/3448/5254 3074/3447/5254
f 3057/3423/5255 3061/3427/5255 3070/3440/5255
f 3060/3426/5256 3059/3425/5256 3073/3446/5256
f 3058/3424/5257 3057/3423/5257 3007/3441/5257
f 3058/3424/5258 3007/3441/5258 3009/3450/5258
usemtl material_0.260
f 3077/3451/5259 3078/3452/5259 3079/3453/5259
f 3079/3453/5260 3080/3454/5260 3077/3451/5260
f 3080/3454/5261 3081/3455/5261 3077/3451/5261
f 3082/3456/5262 3081/3455/5262 3080/3454/5262
f 3083/3457/5263 3080/3454/5263 3079/3453/5263
f 3084/3458/5264 3083/3457/5264 3079/3453/5264
f 3079/3453/5265 3085/3459/5265 3084/3458/5265
f 3084/3458/5266 3085/3459/5266 3086/3460/5266
f 3084/3458/5267 3086/3460/5267 3087/3461/5267
f 3087/3461/5268 3088/3462/5268 3084/3458/5268
f 3084/3458/5269 3088/3462/5269 3089/3463/5269
f 3089/3463/5270 3088/3462/5270 3090/3464/5270
f 3090/3464/5271 3091/3465/5271 3089/3463/5271
f 3089/3463/5272 3091/3465/5272 3083/3457/5272
f 3087/3461/5273 3086/3460/5273 3092/3466/5273
f 3089/3463/5274 3083/3457/5274 3084/3458/5274
f 3091/3465/5275 3080/3454/5275 3083/3457/5275
f 3079/3453/5276 3078/3452/5276 3085/3459/5276
f 3081/3455/5277 3078/3452/5277 3077/3451/5277
f 3093/3467/5278 3078/3452/5278 3081/3455/5278
f 3093/3467/5279 3081/3455/5279 3094/3468/5279
f 3094/3468/5280 3081/3455/5280 3095/3469/5280
f 3096/3470/5281 3094/3468/5281 3095/3469/5281
f 3097/3471/5282 3094/3468/5282 3096/3470/5282
f 3096/3470/5283 3098/3472/5283 3097/3471/5283
f 3097/3471/5284 3098/3472/5284 3099/3473/5284
f 3100/3474/5285 3101/3475/5285 3102/3476/5285
f 3102/3476/5286 3103/3477/5286 3100/3474/5286
f 3103/3477/5287 3104/3478/5287 3100/3474/5287
f 3105/3479/5288 3104/3478/5288 3103/3477/5288
f 3105/3479/5289 3103/3477/5289 3106/3480/5289
f 3106/3480/5290 3107/3481/5290 3105/3479/5290
f 3105/3479/5291 3107/3481/5291 3108/3482/5291
f 3109/3483/5292 3105/3479/5292 3108/3482/5292
f 3109/3483/5293 3108/3482/5293 3095/3484/5293
f 3081/3485/5294 3109/3483/5294 3095/3484/5294
f 3082/3486/5295 3109/3483/5295 3081/3485/5295
f 3109/3483/5296 3082/3486/5296 3104/3478/5296
f 3104/3478/5297 3082/3486/5297 3110/3487/5297
f 3110/3487/5298 3101/3475/5298 3104/3478/5298
f 3101/3475/5299 3110/3487/5299 3111/3488/5299
f 3111/3488/5300 3112/3489/5300 3101/3475/5300
f 3101/3475/5301 3112/3489/5301 3113/3490/5301
f 3114/3491/5302 3113/3490/5302 3112/3489/5302
f 3112/3489/5303 3115/3492/5303 3114/3491/5303
f 3116/3493/5304 3115/3492/5304 3112/3489/5304
f 3116/3493/5305 3117/3494/5305 3115/3492/5305
f 3118/3495/5306 3117/3494/5306 3116/3493/5306
f 3116/3493/5307 3119/3496/5307 3118/3495/5307
f 3118/3495/5308 3119/3496/5308 3120/3497/5308
f 3120/3497/5309 3119/3496/5309 3090/3498/5309
f 3090/3498/5310 3119/3496/5310 3091/3499/5310
f 3119/3496/5311 3111/3488/5311 3091/3499/5311
f 3091/3499/5312 3111/3488/5312 3121/3500/5312
f 3121/3500/5313 3080/3501/5313 3091/3499/5313
f 3121/3500/5314 3110/3487/5314 3080/3501/5314
f 3119/3496/5315 3116/3493/5315 3111/3488/5315
f 3122/3502/5316 3113/3490/5316 3114/3491/5316
f 3122/3502/5317 3102/3476/5317 3113/3490/5317
f 3111/3488/5318 3116/3493/5318 3112/3489/5318
f 3111/3488/5319 3110/3487/5319 3121/3500/5319
f 3080/3501/5320 3110/3487/5320 3082/3486/5320
f 3095/3484/5321 3108/3482/5321 3096/3503/5321
f 3107/3481/5322 3096/3503/5322 3108/3482/5322
f 3098/3504/5323 3096/3503/5323 3107/3481/5323
f 3106/3480/5324 3103/3477/5324 3123/3505/5324
f 3124/3506/5325 3123/3505/5325 3103/3477/5325
f 3125/3507/5326 3123/3505/5326 3124/3506/5326
f 3104/3478/5327 3105/3479/5327 3109/3483/5327
f 3124/3506/5328 3103/3477/5328 3102/3476/5328
f 3102/3476/5329 3101/3475/5329 3113/3490/5329
f 3104/3478/5330 3101/3475/5330 3100/3474/5330
f 3126/3508/5331 3102/3509/5331 3122/3510/5331
f 3126/3508/5332 3122/3510/5332 3127/3511/5332
f 3127/3511/5333 3128/3512/5333 3126/3508/5333
f 3126/3508/5334 3128/3512/5334 3129/3513/5334
f 3124/3514/5335 3126/3508/5335 3129/3513/5335
f 3129/3513/5336 3130/3515/5336 3124/3514/5336
f 3124/3514/5337 3130/3515/5337 3125/3516/5337
f 3128/3512/5338 3130/3515/5338 3129/3513/5338
f 3131/3517/5339 3130/3515/5339 3128/3512/5339
f 3128/3512/5340 3132/3518/5340 3131/3517/5340
f 3133/3519/5341 3132/3518/5341 3128/3512/5341
f 3133/3519/5342 3128/3512/5342 3134/3520/5342
f 3134/3520/5343 3135/3521/5343 3133/3519/5343
f 3136/3522/5344 3135/3521/5344 3134/3520/5344
f 3134/3520/5345 3137/3523/5345 3136/3522/5345
f 3136/3522/5346 3137/3523/5346 3138/3524/5346
f 3138/3524/5347 3139/3525/5347 3136/3522/5347
f 3140/3526/5348 3136/3522/5348 3139/3525/5348
f 3140/3526/5349 3139/3525/5349 3141/3527/5349
f 3141/3527/5350 3142/3528/5350 3140/3526/5350
f 3140/3526/5351 3142/3528/5351 3143/3529/5351
f 3140/3526/5352 3143/3529/5352 3135/3521/5352
f 3135/3521/5353 3143/3529/5353 3144/3530/5353
f 3144/3530/5354 3132/3518/5354 3135/3521/5354
f 3141/3527/5355 3139/3525/5355 3145/3531/5355
f 3145/3531/5356 3139/3525/5356 3146/3532/5356
f 3146/3532/5357 3139/3525/5357 3147/3533/5357
f 3148/3534/5358 3146/3532/5358 3147/3533/5358
f 3147/3533/5359 3149/3535/5359 3148/3534/5359
f 3150/3536/5360 3148/3534/5360 3149/3535/5360
f 3151/3537/5361 3150/3536/5361 3149/3535/5361
f 3138/3524/5362 3151/3537/5362 3149/3535/5362
f 3152/3538/5363 3150/3536/5363 3151/3537/5363
f 3151/3537/5364 3153/3539/5364 3152/3538/5364
f 3152/3538/5365 3153/3539/5365 3154/3540/5365
f 3152/3538/5366 3154/3540/5366 3155/3541/5366
f 3155/3541/5367 3156/3542/5367 3152/3538/5367
f 3155/3541/5368 3154/3540/5368 3157/3543/5368
f 3154/3540/5369 3117/3544/5369 3157/3543/5369
f 3115/3545/5370 3117/3544/5370 3154/3540/5370
f 3154/3540/5371 3114/3546/5371 3115/3545/5371
f 3153/3539/5372 3114/3546/5372 3154/3540/5372
f 3158/3547/5373 3114/3546/5373 3153/3539/5373
f 3122/3510/5374 3114/3546/5374 3158/3547/5374
f 3151/3537/5375 3158/3547/5375 3153/3539/5375
f 3137/3523/5376 3158/3547/5376 3151/3537/5376
f 3137/3523/5377 3127/3511/5377 3158/3547/5377
f 3152/3538/5378 3156/3542/5378 3150/3536/5378
f 3150/3536/5379 3156/3542/5379 3159/3548/5379
f 3159/3548/5380 3156/3542/5380 3160/3549/5380
f 3160/3549/5381 3161/3550/5381 3159/3548/5381
f 3161/3550/5382 3162/3551/5382 3159/3548/5382
f 3159/3548/5383 3162/3551/5383 3148/3534/5383
f 3163/3552/5384 3161/3550/5384 3160/3549/5384
f 3159/3548/5385 3148/3534/5385 3150/3536/5385
f 3138/3524/5386 3149/3535/5386 3147/3533/5386
f 3162/3551/5387 3146/3532/5387 3148/3534/5387
f 3147/3533/5388 3139/3525/5388 3138/3524/5388
f 3137/3523/5389 3151/3537/5389 3138/3524/5389
f 3134/3520/5390 3127/3511/5390 3137/3523/5390
f 3135/3521/5391 3136/3522/5391 3140/3526/5391
f 3135/3521/5392 3132/3518/5392 3133/3519/5392
f 3134/3520/5393 3128/3512/5393 3127/3511/5393
f 3127/3511/5394 3122/3510/5394 3158/3547/5394
f 3102/3509/5395 3126/3508/5395 3124/3514/5395
f 3164/3553/5396 3165/3554/5396 3166/3555/5396
f 3166/3555/5397 3165/3554/5397 3167/3556/5397
f 3167/3556/5398 3168/3557/5398 3166/3555/5398
f 3166/3555/5399 3168/3557/5399 3169/3558/5399
f 3168/3557/5400 3170/3559/5400 3169/3558/5400
f 3171/3560/5401 3170/3559/5401 3168/3557/5401
f 3171/3560/5402 3168/3557/5402 3172/3561/5402
f 3172/3561/5403 3173/3562/5403 3171/3560/5403
f 3174/3563/5404 3173/3562/5404 3172/3561/5404
f 3171/3560/5405 3173/3562/5405 3170/3559/5405
f 3170/3559/5406 3173/3562/5406 3175/3564/5406
f 3164/3553/5407 3098/3565/5407 3165/3554/5407
f 3099/3566/5408 3098/3565/5408 3164/3553/5408
f 3098/3567/5409 3107/3568/5409 3165/3569/5409
f 3165/3569/5410 3107/3568/5410 3176/3570/5410
f 3165/3569/5411 3176/3570/5411 3167/3571/5411
f 3167/3571/5412 3176/3570/5412 3177/3572/5412
f 3167/3571/5413 3177/3572/5413 3168/3573/5413
f 3168/3573/5414 3177/3572/5414 3178/3574/5414
f 3172/3575/5415 3168/3573/5415 3178/3574/5415
f 3178/3574/5416 3179/3576/5416 3172/3575/5416
f 3172/3575/5417 3179/3576/5417 3174/3577/5417
f 3174/3577/5418 3179/3576/5418 3180/3578/5418
f 3180/3578/5419 3179/3576/5419 3181/3579/5419
f 3181/3579/5420 3179/3576/5420 3182/3580/5420
f 3181/3579/5421 3182/3580/5421 3183/3581/5421
f 3183/3581/5422 3182/3580/5422 3184/3582/5422
f 3182/3580/5423 3185/3583/5423 3184/3582/5423
f 3184/3582/5424 3185/3583/5424 3186/3584/5424
f 3185/3583/5425 3187/3585/5425 3186/3584/5425
f 3188/3586/5426 3187/3585/5426 3185/3583/5426
f 3185/3583/5427 3189/3587/5427 3188/3586/5427
f 3190/3588/5428 3188/3586/5428 3189/3587/5428
f 3189/3587/5429 3176/3570/5429 3190/3588/5429
f 3191/3589/5430 3188/3586/5430 3190/3588/5430
f 3191/3589/5431 3190/3588/5431 3123/3590/5431
f 3123/3590/5432 3192/3591/5432 3191/3589/5432
f 3125/3592/5433 3192/3591/5433 3123/3590/5433
f 3123/3590/5434 3190/3588/5434 3106/3593/5434
f 3106/3593/5435 3190/3588/5435 3107/3568/5435
f 3192/3591/5436 3188/3586/5436 3191/3589/5436
f 3193/3594/5437 3189/3587/5437 3185/3583/5437
f 3185/3583/5438 3179/3576/5438 3193/3594/5438
f 3178/3574/5439 3189/3587/5439 3193/3594/5439
f 3187/3585/5440 3188/3586/5440 3192/3591/5440
f 3182/3580/5441 3179/3576/5441 3185/3583/5441
f 3193/3594/5442 3179/3576/5442 3178/3574/5442
f 3177/3572/5443 3189/3587/5443 3178/3574/5443
f 3177/3572/5444 3176/3570/5444 3189/3587/5444
f 3107/3568/5445 3190/3588/5445 3176/3570/5445
f 3194/3595/5446 3195/3596/5446 3196/3597/5446
f 3196/3597/5447 3195/3596/5447 3197/3598/5447
f 3198/3599/5448 3196/3597/5448 3197/3598/5448
f 3198/3599/5449 3197/3598/5449 3199/3600/5449
f 3199/3600/5450 3200/3601/5450 3198/3599/5450
f 3201/3602/5451 3198/3599/5451 3200/3601/5451
f 3202/3603/5452 3201/3602/5452 3200/3601/5452
f 3202/3603/5453 3200/3601/5453 3203/3604/5453
f 3203/3604/5454 3200/3601/5454 3204/3605/5454
f 3204/3605/5455 3205/3606/5455 3203/3604/5455
f 3206/3607/5456 3205/3606/5456 3204/3605/5456
f 3199/3600/5457 3206/3607/5457 3204/3605/5457
f 3207/3608/5458 3206/3607/5458 3199/3600/5458
f 3208/3609/5459 3207/3608/5459 3199/3600/5459
f 3209/3610/5460 3207/3608/5460 3208/3609/5460
f 3209/3610/5461 3208/3609/5461 3210/3611/5461
f 3211/3612/5462 3209/3610/5462 3210/3611/5462
f 3212/3613/5463 3211/3612/5463 3210/3611/5463
f 3210/3611/5464 3213/3614/5464 3212/3613/5464
f 3212/3613/5465 3213/3614/5465 3214/3615/5465
f 3186/3616/5466 3212/3613/5466 3214/3615/5466
f 3214/3615/5467 3215/3617/5467 3186/3616/5467
f 3186/3616/5468 3215/3617/5468 3184/3618/5468
f 3216/3619/5469 3184/3618/5469 3215/3617/5469
f 3215/3617/5470 3194/3595/5470 3216/3619/5470
f 3183/3620/5471 3184/3618/5471 3216/3619/5471
f 3187/3621/5472 3212/3613/5472 3186/3616/5472
f 3187/3621/5473 3192/3622/5473 3212/3613/5473
f 3212/3613/5474 3192/3622/5474 3217/3623/5474
f 3125/3624/5475 3217/3623/5475 3192/3622/5475
f 3130/3625/5476 3217/3623/5476 3125/3624/5476
f 3130/3625/5477 3211/3612/5477 3217/3623/5477
f 3131/3626/5478 3211/3612/5478 3130/3625/5478
f 3131/3626/5479 3218/3627/5479 3211/3612/5479
f 3132/3628/5480 3218/3627/5480 3131/3626/5480
f 3132/3628/5481 3219/3629/5481 3218/3627/5481
f 3219/3629/5482 3207/3608/5482 3218/3627/5482
f 3144/3630/5483 3219/3629/5483 3132/3628/5483
f 3144/3630/5484 3220/3631/5484 3219/3629/5484
f 3220/3631/5485 3206/3607/5485 3219/3629/5485
f 3143/3632/5486 3220/3631/5486 3144/3630/5486
f 3220/3631/5487 3143/3632/5487 3221/3633/5487
f 3205/3606/5488 3220/3631/5488 3221/3633/5488
f 3221/3633/5489 3143/3632/5489 3142/3634/5489
f 3214/3615/5490 3213/3614/5490 3215/3617/5490
f 3215/3617/5491 3213/3614/5491 3195/3596/5491
f 3217/3623/5492 3211/3612/5492 3212/3613/5492
f 3218/3627/5493 3209/3610/5493 3211/3612/5493
f 3210/3611/5494 3208/3609/5494 3213/3614/5494
f 3197/3598/5495 3213/3614/5495 3208/3609/5495
f 3218/3627/5496 3207/3608/5496 3209/3610/5496
f 3219/3629/5497 3206/3607/5497 3207/3608/5497
f 3206/3607/5498 3220/3631/5498 3205/3606/5498
f 3222/3635/5499 3201/3602/5499 3202/3603/5499
f 3223/3636/5500 3198/3599/5500 3201/3602/5500
f 3204/3605/5501 3200/3601/5501 3199/3600/5501
f 3199/3600/5502 3197/3598/5502 3208/3609/5502
f 3223/3636/5503 3196/3597/5503 3198/3599/5503
f 3195/3596/5504 3213/3614/5504 3197/3598/5504
f 3195/3596/5505 3194/3595/5505 3215/3617/5505
