# Blender 4.3.0
# www.blender.org
mtllib longskirt_garmentB.mtl
o longskirt_garmentB
v -204.607239 21.696077 290.207764
v -208.486435 3.329153 290.340851
v -201.249252 19.064072 306.729858
v -198.460159 33.341019 297.779419
v -202.177338 36.260532 279.023987
v -189.985748 51.378284 295.393982
v -191.279663 37.616989 316.525787
v -180.679291 56.121494 314.799164
v -178.467346 64.890778 301.043549
v -178.798386 71.426094 283.263336
v -192.924026 57.369343 273.079865
v -184.581940 72.909645 263.029572
v -170.364105 85.982101 267.078949
v -177.446960 85.711205 249.820663
v -190.724930 71.971489 246.644836
v -194.450287 62.026684 257.713562
v -199.300095 59.517387 246.966034
v -202.900223 46.990688 257.918030
v -210.535934 26.023762 260.380402
v -211.036316 35.959290 244.131348
v -216.567429 15.664750 243.933731
v -216.830017 30.357805 228.457718
v -210.380402 46.541721 231.347702
v -213.583328 50.116154 212.048889
v -221.871536 23.955488 211.303955
v -221.405533 8.839617 227.609512
v -224.326279 5.534960 213.137802
v -227.472488 13.850920 192.793961
v -225.942459 -8.764671 208.487915
v -222.725403 -10.446883 225.578629
v -228.968384 -7.052241 191.360336
v -223.061356 34.179619 193.891495
v -219.382706 -12.078465 242.646088
v -215.142532 5.017776 259.456787
v -215.969711 -13.628260 259.721039
v -212.692764 -0.992537 272.589050
v -209.486267 15.306624 275.643066
v -212.493210 -15.035757 276.852600
v -208.861679 -16.248409 294.095123
v -203.313446 -1.811525 314.308899
v -204.861481 -17.241016 311.481598
v -200.167374 -18.030325 328.973816
v -196.518173 -1.932232 337.498383
v -194.801773 18.232960 329.928894
v -189.099487 12.173699 350.189484
v -186.031036 25.835615 347.160919
v -178.012115 23.729679 366.194702
v -176.724243 39.700623 353.210541
v -186.526703 34.185627 336.099945
v -179.534882 48.654278 333.666687
v -166.810898 56.689594 350.514557
v -162.041809 49.611080 368.953949
v -151.286743 61.236450 370.305389
v -155.667831 71.118767 344.671875
v -142.250717 78.755234 352.792572
v -144.514694 84.137177 333.721893
v -155.865738 77.283516 328.051666
v -168.227417 65.331535 328.731323
v -161.122101 77.856636 314.005493
v -171.812286 68.140755 311.799438
v -167.966461 76.723145 298.676727
v -151.761536 90.265022 297.244202
v -162.708572 86.560768 282.859344
v -149.194138 97.033997 280.292633
v -156.282425 95.867981 270.056641
v -138.115112 107.807426 266.665100
v -159.452423 99.554657 253.443481
v -140.336716 112.755867 249.253555
v -158.540375 107.442162 234.486145
v -171.856628 96.029045 237.097717
v -185.563675 84.235153 232.651474
v -176.486420 100.042084 216.430893
v -192.620407 82.506531 217.005417
v -201.039291 65.231499 229.930313
v -202.208588 71.993858 210.151871
v -206.410278 71.645493 195.685898
v -215.960876 53.559166 194.826508
v -194.491318 88.398880 196.486496
v -180.481598 103.517303 197.136673
v -164.643661 116.814484 197.481644
v -157.763016 113.537659 218.965195
v -142.677338 117.935806 231.946167
v -145.023376 123.132477 214.658585
v -147.282745 128.147079 197.313538
v -136.072968 103.264320 284.236298
v -134.194229 99.172997 301.975922
v -147.125076 87.744072 316.262054
v -132.387466 95.375595 319.843323
v -130.454788 91.449539 337.740753
v -128.123810 86.797867 355.461670
v -138.901184 71.673454 371.536591
v -125.069038 80.751991 372.603302
v -170.992798 37.029667 367.553925
v -183.026398 9.889125 364.973083
v -190.059982 -3.668384 354.517059
v -186.004669 -4.334649 363.991364
v -186.995651 -19.302036 363.298218
v -194.329269 -18.683792 346.370422
v -205.331192 50.780910 242.104813
v -207.223770 -31.732159 295.269318
v -201.996338 -34.989059 316.726135
v -196.696899 -35.743961 335.250916
v -196.215012 -53.230797 323.858856
v -189.290680 -52.707153 346.566681
v -192.304474 -35.712376 347.956299
v -185.915695 -35.206818 362.853516
v -182.703903 -51.501640 362.593140
v -177.389572 -67.886086 362.438141
v -183.910904 -69.428146 345.636871
v -188.950943 -70.356392 328.291229
v -192.986099 -70.757515 310.765808
v -200.893845 -52.555431 304.535126
v -196.454895 -70.718697 293.236603
v -204.773056 -51.514549 286.305298
v -199.636719 -70.326897 275.762390
v -208.123230 -48.460453 272.135162
v -211.058533 -32.862026 275.680939
v -213.037643 -35.254169 262.687622
v -217.119064 -28.920557 245.679962
v -209.740494 -50.738770 259.667023
v -212.903778 -49.716003 242.709076
v -220.727356 -29.340641 226.082535
v -216.139435 -48.923035 224.981842
v -205.721405 -68.798897 240.962708
v -202.689865 -69.659447 258.342529
v -208.800018 -67.824547 223.609116
v -219.380569 -47.863899 207.547806
v -224.055099 -28.299139 208.391464
v -227.203415 -27.034124 191.025772
v -222.562012 -46.735775 190.207642
v -211.923538 -66.787125 206.267868
v -215.062653 -65.718834 188.929352
v -234.910751 41.807873 101.045769
v -237.370529 41.456322 82.612930
v -239.495102 22.741554 99.269493
v -232.545181 41.057945 120.517578
v -228.631287 60.291130 99.810432
v -223.282883 66.561821 118.048714
v -222.682098 61.892185 136.512741
v -211.966766 85.239143 126.982903
v -217.324585 82.474716 105.345032
v -204.162460 102.146126 107.829254
v -210.459412 96.500343 91.575470
v -221.078094 80.311066 86.561081
v -229.817642 63.729408 81.353996
v -225.862732 75.564842 68.361923
v -212.416809 97.869438 70.903854
v -223.199417 84.758316 50.516033
v -233.060181 64.560677 51.880108
v -234.318375 56.436077 67.167412
v -238.918777 48.542645 53.581841
v -240.048462 40.220554 63.319923
v -243.778046 22.900873 64.908470
v -244.605652 29.274708 46.773003
v -247.755676 3.806602 48.319748
v -249.613861 5.199156 30.045834
v -245.847916 32.408009 28.157223
v -248.541168 28.155132 12.609514
v -251.290833 6.582590 11.729498
v -242.939331 49.148548 13.258385
v -240.438309 49.232693 37.836349
v -233.402023 68.673615 32.882713
v -234.805298 69.316559 13.753820
v -221.112305 91.372849 29.382906
v -209.893768 105.358025 48.251057
v -205.587921 112.088898 30.538721
v -211.853241 106.321022 14.495299
v -224.388351 88.459976 14.155731
v -197.296371 122.602837 14.754704
v -195.743347 123.042877 31.246639
v -196.177185 121.638885 43.725315
v -182.903015 134.161713 34.956776
v -183.658981 132.305771 52.864403
v -161.332901 148.813736 52.179916
v -161.995850 149.049576 33.626038
v -180.823425 136.971710 14.935404
v -162.600739 149.159866 15.061055
v -179.470795 134.536377 69.711853
v -160.493469 148.191498 70.704735
v -173.941803 136.048080 92.615295
v -159.356400 147.055618 89.171257
v -157.926041 145.347488 107.548866
v -171.581329 134.053436 114.926018
v -187.893280 120.570915 109.315590
v -180.229172 123.856560 127.431053
v -195.853226 107.538048 127.180458
v -184.497787 115.590088 145.103607
v -167.304031 131.373001 141.951004
v -169.904160 124.025078 162.363876
v -152.156525 136.630539 161.866562
v -149.817505 132.606186 179.658508
v -173.141724 115.549110 180.195312
v -184.214127 105.643105 179.709259
v -187.119659 107.271996 164.817322
v -194.677444 94.732666 177.275330
v -197.796875 95.651215 162.634781
v -206.399445 83.302711 162.058548
v -200.708374 96.363274 147.692795
v -213.312042 77.270813 146.604080
v -220.079514 58.813015 160.781799
v -207.610519 75.866463 179.137543
v -217.688522 55.056644 183.043808
v -226.519836 33.951694 174.101822
v -231.072830 12.239072 170.990494
v -231.227432 23.448191 157.812958
v -234.377258 -4.376888 156.201248
v -231.787003 -5.722614 173.819794
v -234.799362 18.682352 140.111313
v -228.975830 40.678600 145.913284
v -237.851807 12.994433 120.487648
v -236.793488 -3.022970 138.479141
v -239.108017 -1.678639 120.644318
v -241.376587 -0.323802 102.702728
v -243.598755 1.040973 84.661758
v -242.457764 18.361067 79.925598
v -245.740204 2.418458 66.530441
v -227.363495 39.268749 159.543076
v -154.296265 140.123978 143.917206
v -156.226089 143.034683 125.804497
v -169.397263 133.195953 127.389351
v -195.911606 116.257378 86.479713
v -196.763504 118.921219 62.324253
v -249.285645 -8.841763 29.710367
v -246.372086 -22.168409 48.378227
v -246.570816 -31.141741 28.789289
v -250.890564 -14.881492 10.916870
v -247.259796 -36.238403 9.807246
v -238.464508 -58.137318 26.787804
v -241.316711 -45.104889 46.954845
v -236.469391 -59.222984 45.126469
v -234.278412 -60.209763 63.416744
v -241.244232 -37.780872 69.290100
v -231.899628 -61.101963 81.639397
v -237.785614 -42.008755 91.423805
v -229.364166 -61.927132 99.774536
v -234.744934 -44.286358 109.888588
v -239.605927 -26.068104 102.451691
v -242.596893 -19.609938 86.202667
v -237.512466 -23.682426 123.199638
v -234.932693 -21.376871 143.668228
v -230.619980 -43.513596 142.758224
v -230.833908 -32.663372 158.249222
v -229.726318 -27.657228 173.971863
v -224.482834 -48.277645 173.730469
v -218.070160 -64.944984 171.258560
v -225.514496 -50.733852 159.782776
v -221.023773 -64.177811 153.536133
v -223.901794 -63.428020 135.725235
v -231.422302 -47.663837 125.707054
v -226.693878 -62.690914 117.806587
v -245.173996 -12.125961 67.178452
v -240.259460 -56.963631 8.419256
v -109.545837 94.313141 358.640137
v -119.337807 96.511391 337.696045
v -114.986786 103.534714 316.907074
v -117.644531 106.171806 302.261169
v -104.568214 110.279579 302.139496
v -116.498283 110.396149 287.609833
v -95.190773 116.821716 285.920685
v -104.535126 119.710732 268.343475
v -84.377014 124.210938 268.323822
v -94.899956 127.901108 250.336884
v -73.516388 131.646988 250.326218
v -86.584312 136.102371 232.664337
v -107.659698 131.353210 232.384460
v -114.424530 122.743530 250.126953
v -127.374146 124.749550 232.102386
v -130.816162 116.764709 249.643951
v -123.249527 113.798035 267.802979
v -123.742767 133.287445 212.933823
v -128.699799 136.774872 198.283676
v -109.396828 143.342255 198.668655
v -99.342133 139.737106 215.204208
v -89.729912 148.019073 198.640503
v -78.481041 143.707382 215.196701
v -65.518265 139.362549 231.737427
v -59.100063 146.365982 214.042862
v -48.313278 142.291382 227.567551
v -46.803486 134.420914 249.898682
v -29.130259 142.654068 228.625641
v -40.972130 147.965591 212.807312
v -25.930479 149.294128 210.401154
v -11.440221 147.542023 215.337738
v -16.146198 153.950455 197.154770
v -33.052944 153.653915 197.533447
v 0.000000 151.910980 202.346451
v 0.000000 147.732773 214.252411
v -0.000000 145.709518 219.843460
v -9.760147 140.752197 234.188995
v -0.000000 141.418121 231.733566
v 0.000000 137.167435 243.752853
v -6.780144 135.040771 250.420166
v 0.000000 135.198013 249.300369
v 0.000000 131.285751 261.265625
v -9.789017 130.382935 264.672638
v 0.000000 129.397751 267.015503
v -0.000000 127.673737 273.061279
v -12.905057 124.822853 283.890503
v 0.000000 124.304291 284.897369
v -0.000000 122.827545 291.120728
v -9.588292 119.865433 304.668335
v 0.000000 120.006737 302.938171
v 0.000000 117.620956 314.920288
v -7.431444 116.425163 322.062927
v 0.000000 116.411102 321.092377
v -0.000000 114.309288 333.274567
v -12.157371 113.296959 339.806396
v 0.000000 113.295212 339.294586
v -0.000000 111.192619 352.121368
v -9.140287 109.562744 361.390076
v -0.000000 110.335922 357.490326
v 0.000000 107.524063 373.497253
v -1.494642 107.176888 375.649323
v 0.000000 107.154373 375.649139
v -22.159870 106.428391 375.545166
v -28.654402 110.144257 355.527069
v -41.058334 104.994972 375.371246
v -42.143707 108.888901 357.901306
v -53.885616 107.518654 358.437317
v -59.239971 102.673500 375.103394
v -70.835419 105.004150 358.549164
v -76.845703 99.252266 374.716797
v -88.679718 101.305435 357.848907
v -93.785736 94.543793 374.186951
v -109.930557 88.398285 373.488037
v -98.729446 104.092056 336.655457
v -80.555901 106.690598 343.691315
v -78.624573 111.251122 324.172119
v -64.382256 109.717239 341.620117
v -56.152668 114.278473 323.342896
v -66.052254 117.222427 304.497284
v -86.188797 114.387207 303.204681
v -96.753159 109.096748 316.674774
v -75.322395 120.421349 286.242889
v -56.274792 122.340660 287.370605
v -42.812401 119.398514 303.748962
v -44.267136 123.223091 287.637970
v -32.771961 124.033318 285.978851
v -45.235058 126.808693 274.482971
v -28.023499 129.296890 267.936523
v -63.562519 126.825348 269.273926
v -21.580462 135.413452 249.290665
v -24.152029 121.085724 299.316528
v -23.445274 117.036636 318.596405
v -39.354034 115.286797 324.720215
v -29.578766 113.611328 336.159119
v -44.912693 111.590546 342.410217
v -0.000000 153.872437 196.769836
v -51.094410 152.789017 197.944290
v -70.144211 151.042038 198.350494
v -53.551170 172.091904 126.067963
v -29.427143 173.293350 123.399330
v -44.901978 174.885757 108.698517
v -75.150826 172.894440 107.903381
v -51.612007 176.394180 89.594406
v -75.209358 174.943970 81.294182
v -97.885979 171.078064 89.581818
v -105.147293 167.483032 106.644974
v -97.567329 166.415451 126.462837
v -120.724487 161.204300 118.233681
v -118.939224 157.105011 141.953888
v -139.567108 152.462646 124.099915
v -139.309296 155.816483 105.657722
v -132.870102 160.215866 90.391411
v -140.364883 158.689590 72.124016
v -117.612366 166.695816 77.846313
v -119.794876 166.939163 51.671532
v -96.181885 172.305374 68.849396
v -115.533585 166.105743 93.634773
v -89.047386 173.558472 49.348598
v -74.040436 175.547073 61.712334
v -69.600464 175.909027 46.878452
v -74.098953 175.417038 32.928188
v -97.363129 172.180557 32.198746
v -78.371552 174.929840 15.849405
v -99.936554 171.723602 15.464676
v -121.043198 166.654953 27.133595
v -143.228363 158.603638 32.549816
v -142.514389 159.111008 15.170863
v -148.264389 155.615997 52.202599
v -121.487587 166.555511 15.282729
v -57.269886 176.631119 16.617136
v -51.705334 177.065765 35.804085
v -37.161572 177.328537 17.931005
v -31.048529 177.620758 32.033298
v -35.567886 177.715866 50.730228
v -13.739290 177.599136 36.233307
v -18.195732 177.416901 19.816607
v 0.000000 177.150543 22.076561
v -0.000000 177.306793 33.908241
v -0.000000 177.399521 40.521729
v -12.395362 177.787308 54.919075
v -0.000000 177.552536 52.417404
v 0.000000 177.532455 58.932693
v -8.833103 177.689316 71.634483
v -0.000000 177.490280 70.859482
v 0.000000 177.042038 82.878540
v -11.670700 177.073044 88.228294
v -0.000000 176.805176 89.227623
v 0.000000 176.266693 95.544800
v -13.726408 175.380325 108.241898
v 0.000000 175.252014 107.523933
v -0.000000 173.566086 119.647751
v -9.652234 172.796204 126.428719
v 0.000000 172.717636 125.717690
v 0.000000 170.356720 137.847702
v -15.687554 169.496750 143.400116
v 0.000000 169.205399 143.735367
v 0.000000 167.748642 149.608704
v -13.497675 164.473740 163.409103
v -0.000000 164.794601 161.566803
v 0.000000 163.113998 167.295731
v -13.396906 159.135422 181.371674
v 0.000000 159.624115 179.229065
v 0.000000 157.775940 184.856796
v -33.170685 159.573303 179.655243
v -56.236568 159.394836 176.631485
v -35.042587 165.188675 160.177505
v -54.969711 165.565674 155.235382
v -73.122421 161.938705 163.139221
v -79.472801 155.492477 181.099777
v -99.095474 151.460495 182.058380
v -118.318184 146.068649 181.683807
v -132.341904 140.909042 181.268524
v -131.957779 146.041519 165.219406
v -142.371674 146.564606 143.950592
v -108.079582 154.495377 164.719864
v -90.123215 162.785019 149.412369
v -89.824677 157.863892 167.950226
v -69.778801 166.047379 148.353531
v -73.953079 168.933289 133.222198
v -58.205517 168.736511 140.925064
v -40.643246 169.497696 141.659500
v -29.493427 175.294418 109.064278
v -30.124586 176.472321 96.260788
v -29.189205 177.639984 74.264336
v -54.046215 177.087952 68.634010
v -57.245247 176.948318 53.021420
v -122.862335 162.670059 103.086990
v 43.215107 -146.963165 -373.190247
v 60.220749 -144.570496 -373.272308
v 63.328686 -147.561661 -357.679779
v 39.831966 -150.915695 -355.246796
v 12.924383 -149.308990 -373.086182
v 15.305574 -152.935211 -352.701202
v 0.000000 -150.393188 -368.471191
v -0.000000 -149.541397 -373.059143
v 0.000000 -152.999100 -354.230133
v 0.000000 -153.658386 -348.333466
v 14.589108 -154.990204 -333.283112
v 38.438442 -153.436737 -336.047791
v 35.438019 -154.884781 -314.496796
v 58.698883 -152.412308 -322.102142
v 63.608250 -150.405014 -338.853363
v 89.049835 -148.305786 -318.461853
v 88.532890 -145.266342 -344.751099
v 119.806343 -139.555435 -334.328217
v 109.822151 -137.194794 -358.873383
v 138.602036 -130.470352 -350.017792
v 136.697586 -123.947823 -373.827118
v 112.509682 -132.103790 -373.624237
v 87.375748 -138.869904 -373.441742
v 82.169228 -143.119797 -361.464661
v 156.517792 -120.775146 -359.273163
v 160.755325 -114.043541 -374.057800
v 180.969513 -109.073235 -359.887756
v 185.956131 -101.685898 -374.329498
v 202.124741 -92.015289 -374.530579
v 205.012909 -96.750252 -355.808411
v 189.348389 -109.392426 -341.859344
v 163.888367 -123.048363 -338.247101
v 187.570023 -114.496849 -318.741791
v 165.862564 -125.015358 -320.254395
v 145.471512 -133.113815 -320.181946
v 165.252396 -126.960655 -304.510162
v 137.880096 -137.705093 -296.016205
v 120.463791 -141.724075 -313.080231
v 107.545547 -145.629623 -296.807007
v 84.908821 -149.882141 -295.189423
v 63.728436 -152.666992 -303.346283
v 69.313858 -152.206207 -278.354248
v 93.376122 -148.838943 -278.964172
v 42.298676 -154.813583 -291.449371
v 45.701057 -154.368286 -277.275208
v 22.656477 -155.605408 -275.715118
v 16.065378 -156.185944 -298.981323
v 11.201890 -155.966187 -316.218170
v -0.000000 -156.315704 -303.976501
v 0.000000 -156.102646 -316.806763
v 0.000000 -155.400848 -329.567169
v 0.000000 -155.068237 -335.499298
v 0.000000 -156.411423 -298.149994
v 0.000000 -156.346802 -292.406982
v -0.000000 -156.220871 -279.530731
v 0.000000 -156.047668 -273.850006
v 117.533875 -144.017471 -279.231476
v 141.488968 -137.401779 -279.286194
v 164.851318 -128.747375 -279.233551
v 142.324509 -132.263489 -335.541718
v 187.461349 -116.993378 -293.047394
v 187.323700 -117.937988 -279.064026
v 208.716949 -105.034050 -278.792664
v 208.594727 -103.930908 -298.072388
v 208.074188 -102.353371 -317.367889
v 206.946045 -100.069923 -336.657867
v 217.875259 -92.053452 6.080710
v 218.226456 -92.442192 -10.248987
v 228.821487 -78.341431 -5.981907
v 230.467209 -75.291313 7.324337
v 242.049179 -55.386208 -10.233677
v 240.259460 -56.963631 8.419256
v 232.293747 -74.629211 -22.470865
v 243.808350 -53.752525 -28.919807
v 235.218521 -72.036819 -49.263054
v 219.128876 -92.152374 -29.940845
v 203.443100 -106.871361 -13.388381
v 203.217972 -107.385796 -32.692410
v 216.093185 -95.778252 -51.590538
v 200.150864 -109.876068 -52.212875
v 207.355728 -104.611076 -71.721397
v 226.200699 -85.923866 -74.952271
v 240.396973 -65.467300 -73.608131
v 247.795502 -50.423538 -66.438980
v 250.126465 -48.784706 -85.279465
v 239.878677 -68.836548 -93.907356
v 252.628754 -47.177670 -104.177643
v 245.765289 -61.361557 -112.335686
v 255.278488 -45.631989 -123.133133
v 246.300003 -63.111298 -128.544861
v 258.007019 -44.109928 -142.144852
v 246.606430 -65.272842 -149.067429
v 260.778687 -42.583763 -161.202255
v 252.801437 -58.124359 -167.434387
v 263.581635 -41.054985 -180.284576
v 252.173492 -61.435478 -181.054611
v 237.802750 -78.433296 -166.671707
v 237.831924 -79.593063 -182.000107
v 221.356827 -95.711494 -183.025894
v 218.279449 -97.584587 -158.847992
v 201.397247 -110.669182 -165.245544
v 199.607025 -111.642998 -146.425247
v 216.819687 -98.430397 -145.732590
v 218.663773 -96.180939 -131.823532
v 197.788666 -112.644600 -127.615944
v 214.365158 -99.584274 -111.325844
v 195.968109 -113.697723 -108.823013
v 211.184448 -101.856766 -91.801224
v 194.166077 -114.779350 -90.053307
v 192.419571 -115.871407 -71.313385
v 225.330475 -87.831566 -96.580154
v 232.862869 -80.130653 -114.632217
v 235.193314 -78.768654 -133.528564
v 229.267624 -86.249260 -147.140274
v 203.157288 -109.696335 -184.071426
v 245.693192 -52.088123 -47.653030
v 190.716583 -116.914246 -52.610104
v 189.013626 -117.836533 -33.946304
v 187.269684 -118.601723 -15.316584
v 185.449219 -119.205856 3.289846
v 202.758881 -106.804359 4.732035
v 131.974930 -138.912476 -102.942703
v 131.321793 -139.115341 -92.226280
v 116.864929 -141.470688 -92.849106
v 110.780968 -142.463028 -110.402046
v 132.564407 -138.713486 -121.859833
v 153.382919 -133.420029 -107.925812
v 144.774994 -135.803177 -91.078552
v 169.735550 -127.469604 -87.308136
v 149.337936 -134.891220 -73.644615
v 170.537979 -127.463531 -64.393692
v 149.274231 -135.177658 -53.562744
v 168.255371 -128.458054 -47.110390
v 152.294830 -134.335617 -31.526621
v 124.197510 -141.042297 -40.482872
v 127.053925 -141.066711 -20.033022
v 148.071640 -135.845779 -11.739348
v 125.246452 -141.886185 -4.609297
v 104.049278 -145.769073 -8.449908
v 107.351387 -144.432251 -23.443438
v 82.745087 -148.531219 -12.399679
v 97.986870 -145.131653 -35.472809
v 83.556908 -146.964294 -32.643486
v 84.096794 -146.211899 -47.004906
v 104.998825 -143.675491 -55.123009
v 128.238235 -139.999817 -63.401752
v 108.917259 -142.883743 -75.725525
v 130.297913 -139.417450 -81.534035
v 86.353241 -145.080093 -93.632820
v 84.963028 -145.521255 -67.363770
v 61.174435 -146.992188 -76.475731
v 54.484100 -147.167923 -94.642876
v 63.666786 -146.774368 -112.582451
v 38.619396 -148.031860 -107.041176
v 37.634499 -148.005096 -94.920013
v 18.376635 -148.773453 -94.891083
v 15.748716 -149.001038 -114.592049
v 40.506046 -148.335190 -130.907150
v 12.035738 -149.442993 -130.976303
v 15.538607 -149.831818 -146.407623
v 39.449001 -149.221664 -155.995514
v 65.263123 -147.468323 -148.831985
v 72.650101 -146.397156 -130.768448
v 88.399147 -145.006027 -118.428574
v 89.175476 -145.080765 -130.944839
v 106.878998 -143.028488 -131.596313
v 88.244041 -145.417511 -142.418167
v 106.264694 -143.375427 -150.083542
v 131.001923 -139.036057 -145.665253
v 159.039627 -131.459290 -131.210037
v 154.107574 -133.055069 -151.548889
v 179.540039 -123.096802 -149.035126
v 179.303711 -123.161606 -129.934769
v 179.082672 -123.165619 -111.897285
v 181.503281 -122.206009 -172.632294
v 182.489410 -121.755608 -184.617599
v 160.572250 -131.182053 -185.110641
v 159.236145 -131.559250 -167.920517
v 137.742065 -138.148911 -185.522736
v 139.872238 -137.260559 -163.867737
v 115.711304 -142.373306 -168.463409
v 114.373138 -143.093246 -185.882614
v 90.829697 -146.492599 -186.167343
v 88.174889 -145.910446 -161.313766
v 61.800205 -148.532135 -171.209839
v 67.428467 -148.785477 -186.389511
v 44.469311 -150.345139 -186.560120
v 36.802185 -150.086624 -173.173172
v 22.051044 -151.396561 -186.693909
v 16.286831 -150.593338 -165.595856
v -0.000000 -151.439758 -173.686798
v -0.000000 -152.068085 -186.815811
v 0.000000 -151.168991 -168.313660
v 0.000000 -150.628815 -155.108475
v 0.000000 -150.402573 -149.815826
v 0.000000 -149.988708 -136.539062
v 0.000000 -149.819443 -131.320419
v 0.000000 -149.714294 -126.066765
v 0.000000 -149.461533 -112.835907
v 0.000000 -149.398972 -99.500710
v 0.000000 -149.371124 -94.379425
v -0.000000 -149.435272 -89.202637
v 15.903885 -149.084259 -76.488548
v 37.983974 -148.106277 -83.547409
v 39.040199 -148.519547 -64.463928
v 15.382915 -149.805939 -57.000393
v -0.000000 -149.794067 -70.788925
v -0.000000 -149.609436 -75.963814
v 0.000000 -150.273056 -57.605850
v 0.000000 -150.618835 -52.414646
v 12.580516 -151.117096 -38.945034
v 40.151245 -149.878738 -38.147366
v 20.179443 -152.786728 -20.087748
v 0.000000 -152.845810 -26.318945
v -0.000000 -151.492706 -39.326118
v 0.000000 -153.387634 -21.150990
v 40.646317 -151.805954 -18.435377
v 61.531631 -150.450928 -15.864408
v 69.173965 -148.104233 -33.889088
v 63.156033 -147.501663 -54.864883
v 146.065781 -136.480881 -1.346935
v 166.245087 -129.080521 1.211209
v 169.705673 -127.734146 -14.465455
v 176.463226 -124.473557 -32.598228
v 218.650024 -85.453072 -359.873230
v 225.236740 -86.906364 -337.116394
v 229.536163 -87.047791 -314.923126
v 225.336136 -91.969398 -295.588409
v 244.278946 -75.223846 -303.696716
v 240.642807 -76.491066 -321.269653
v 255.376587 -62.080933 -317.677338
v 245.150360 -70.392265 -333.573608
v 258.560730 -54.998238 -335.802948
v 273.145081 -36.914959 -316.665466
v 263.131348 -55.178349 -295.231628
v 274.240723 -36.864388 -296.745148
v 274.208405 -36.603893 -276.994873
v 261.664856 -57.207478 -277.505371
v 245.831345 -75.076492 -278.004761
v 270.163330 -36.592262 -336.717133
v 257.856506 -49.018688 -352.385040
v 239.707077 -68.784912 -356.148407
v 249.131180 -46.072010 -375.367920
v 264.588989 -35.472488 -356.511658
v 256.590759 -33.379425 -375.531097
v 231.638229 -67.176613 -375.007416
v 218.214798 -79.960030 -374.768799
v 227.960220 -90.894112 -278.431763
v 0.000000 -152.736755 -199.797287
v 16.411381 -152.841583 -208.918289
v 42.005066 -151.477341 -204.681915
v 70.704384 -149.145523 -200.450394
v 95.810211 -146.276215 -198.919907
v 111.502167 -144.054657 -205.425919
v 138.870255 -138.131516 -203.309647
v 165.125702 -129.407211 -198.696487
v 179.950424 -122.834526 -204.435898
v 204.488663 -108.922127 -202.989349
v 183.812210 -121.008751 -219.853516
v 162.268326 -130.665009 -214.937073
v 162.776550 -130.414749 -234.343658
v 141.105194 -137.775162 -227.004761
v 116.607338 -143.640198 -222.088547
v 122.929832 -142.484833 -239.153107
v 93.011429 -148.193558 -240.269943
v 91.768349 -147.502609 -215.467896
v 62.811241 -150.940765 -223.654770
v 65.999832 -151.443726 -240.417877
v 67.676888 -151.846832 -255.257706
v 93.822571 -148.606628 -265.290070
v 121.867714 -142.952179 -258.742615
v 141.678558 -137.692719 -260.494080
v 142.009338 -137.584839 -246.356445
v 160.761688 -130.824097 -257.035950
v 184.804672 -120.326317 -239.067795
v 185.884186 -119.380539 -259.280090
v 206.889755 -107.221497 -240.865143
v 205.746323 -108.103012 -221.918518
v 207.887878 -106.227592 -259.827240
v 43.722073 -154.187759 -264.489349
v 40.092865 -153.481964 -241.441010
v 16.965435 -155.286926 -257.985382
v 0.000000 -155.687424 -260.944641
v 0.000000 -155.166260 -247.976334
v 12.096977 -154.630524 -240.967194
v 0.000000 -154.922958 -242.385956
v 0.000000 -154.300751 -229.395233
v 14.981677 -153.823410 -226.323364
v 35.417171 -152.663544 -221.130234
v -0.000000 -153.707138 -218.275375
v -0.000000 -154.014679 -223.848694
v -0.000000 -153.039062 -205.326385
v 248.102081 -72.445045 -262.321777
v 227.106476 -91.989151 -252.147873
v 224.658966 -93.841522 -231.868958
v 223.645340 -94.451218 -213.877563
v 225.841293 -91.933372 -197.598099
v 239.404831 -79.214500 -205.868286
v 250.995224 -64.615494 -197.894089
v 255.959183 -60.552383 -221.120361
v 266.037262 -40.144909 -199.602844
v 268.420502 -39.275047 -218.926941
v 270.629486 -38.435791 -238.264648
v 260.362183 -57.115265 -247.002640
v 272.611298 -37.593826 -257.617889
v 264.068359 -52.593815 -264.180969
v 243.241272 -76.957207 -239.464203
v 237.947159 -81.291183 -222.511246
v -60.220749 -144.570496 -373.272308
v -43.215107 -146.963165 -373.190247
v -63.328686 -147.561661 -357.679779
v -82.169228 -143.119797 -361.464661
v -87.375748 -138.869904 -373.441742
v -109.822151 -137.194794 -358.873383
v -112.509682 -132.103790 -373.624237
v -136.697586 -123.947823 -373.827118
v -138.602036 -130.470352 -350.017792
v -119.806343 -139.555435 -334.328217
v -88.532890 -145.266342 -344.751099
v -89.049835 -148.305786 -318.461853
v -63.608250 -150.405014 -338.853363
v -39.831966 -150.915695 -355.246796
v -38.438442 -153.436737 -336.047791
v -15.305574 -152.935211 -352.701202
v -12.924383 -149.308990 -373.086182
v 0.000000 -150.393188 -368.471191
v -0.000000 -149.541397 -373.059143
v 0.000000 -152.999100 -354.230133
v 0.000000 -153.658386 -348.333466
v -14.589108 -154.990204 -333.283112
v 0.000000 -155.068237 -335.499298
v 0.000000 -155.400848 -329.567169
v -11.201890 -155.966187 -316.218170
v -35.438019 -154.884781 -314.496796
v -58.698883 -152.412308 -322.102142
v -63.728436 -152.666992 -303.346283
v -84.908821 -149.882141 -295.189423
v -107.545547 -145.629623 -296.807007
v -93.376122 -148.838943 -278.964172
v -117.533875 -144.017471 -279.231476
v -137.880096 -137.705093 -296.016205
v -120.463791 -141.724075 -313.080231
v -145.471512 -133.113815 -320.181946
v -165.252396 -126.960655 -304.510162
v -165.862564 -125.015358 -320.254395
v -163.888367 -123.048363 -338.247101
v -187.570023 -114.496849 -318.741791
v -189.348389 -109.392426 -341.859344
v -206.946045 -100.069923 -336.657867
v -205.012909 -96.750252 -355.808411
v -180.969513 -109.073235 -359.887756
v -202.124741 -92.015289 -374.530579
v -185.956131 -101.685898 -374.329498
v -160.755325 -114.043541 -374.057800
v -156.517792 -120.775146 -359.273163
v -142.324509 -132.263489 -335.541718
v -208.074188 -102.353371 -317.367889
v -208.594727 -103.930908 -298.072388
v -187.461349 -116.993378 -293.047394
v -164.851318 -128.747375 -279.233551
v -187.323700 -117.937988 -279.064026
v -208.716949 -105.034050 -278.792664
v -141.488968 -137.401779 -279.286194
v -69.313858 -152.206207 -278.354248
v -42.298676 -154.813583 -291.449371
v -45.701057 -154.368286 -277.275208
v -22.656477 -155.605408 -275.715118
v -16.065378 -156.185944 -298.981323
v 0.000000 -156.346802 -292.406982
v 0.000000 -156.411423 -298.149994
v -0.000000 -156.315704 -303.976501
v 0.000000 -156.102646 -316.806763
v -0.000000 -156.220871 -279.530731
v 0.000000 -156.047668 -273.850006
v -218.226456 -92.442192 -10.248987
v -217.875259 -92.053452 6.080710
v -228.821487 -78.341431 -5.981907
v -232.293747 -74.629211 -22.470865
v -242.049179 -55.386208 -10.233677
v -230.467209 -75.291313 7.324337
v -240.259460 -56.963631 8.419256
v -243.808350 -53.752525 -28.919807
v -235.218521 -72.036819 -49.263054
v -219.128876 -92.152374 -29.940845
v -216.093185 -95.778252 -51.590538
v -226.200699 -85.923866 -74.952271
v -207.355728 -104.611076 -71.721397
v -211.184448 -101.856766 -91.801224
v -194.166077 -114.779350 -90.053307
v -195.968109 -113.697723 -108.823013
v -214.365158 -99.584274 -111.325844
v -225.330475 -87.831566 -96.580154
v -232.862869 -80.130653 -114.632217
v -239.878677 -68.836548 -93.907356
v -240.396973 -65.467300 -73.608131
v -250.126465 -48.784706 -85.279465
v -252.628754 -47.177670 -104.177643
v -245.765289 -61.361557 -112.335686
v -255.278488 -45.631989 -123.133133
v -246.300003 -63.111298 -128.544861
v -258.007019 -44.109928 -142.144852
v -246.606430 -65.272842 -149.067429
v -235.193314 -78.768654 -133.528564
v -218.663773 -96.180939 -131.823532
v -229.267624 -86.249260 -147.140274
v -216.819687 -98.430397 -145.732590
v -218.279449 -97.584587 -158.847992
v -199.607025 -111.642998 -146.425247
v -201.397247 -110.669182 -165.245544
v -221.356827 -95.711494 -183.025894
v -237.802750 -78.433296 -166.671707
v -237.831924 -79.593063 -182.000107
v -252.173492 -61.435478 -181.054611
v -252.801437 -58.124359 -167.434387
v -263.581635 -41.054985 -180.284576
v -260.778687 -42.583763 -161.202255
v -203.157288 -109.696335 -184.071426
v -197.788666 -112.644600 -127.615944
v -247.795502 -50.423538 -66.438980
v -245.693192 -52.088123 -47.653030
v -192.419571 -115.871407 -71.313385
v -200.150864 -109.876068 -52.212875
v -190.716583 -116.914246 -52.610104
v -189.013626 -117.836533 -33.946304
v -203.217972 -107.385796 -32.692410
v -187.269684 -118.601723 -15.316584
v -203.443100 -106.871361 -13.388381
v -185.449219 -119.205856 3.289846
v -202.758881 -106.804359 4.732035
v -131.321793 -139.115341 -92.226280
v -131.974930 -138.912476 -102.942703
v -116.864929 -141.470688 -92.849106
v -130.297913 -139.417450 -81.534035
v -144.774994 -135.803177 -91.078552
v -149.337936 -134.891220 -73.644615
v -169.735550 -127.469604 -87.308136
v -153.382919 -133.420029 -107.925812
v -132.564407 -138.713486 -121.859833
v -110.780968 -142.463028 -110.402046
v -106.878998 -143.028488 -131.596313
v -131.001923 -139.036057 -145.665253
v -159.039627 -131.459290 -131.210037
v -154.107574 -133.055069 -151.548889
v -179.540039 -123.096802 -149.035126
v -159.236145 -131.559250 -167.920517
v -139.872238 -137.260559 -163.867737
v -137.742065 -138.148911 -185.522736
v -115.711304 -142.373306 -168.463409
v -106.264694 -143.375427 -150.083542
v -88.174889 -145.910446 -161.313766
v -90.829697 -146.492599 -186.167343
v -61.800205 -148.532135 -171.209839
v -65.263123 -147.468323 -148.831985
v -39.449001 -149.221664 -155.995514
v -40.506046 -148.335190 -130.907150
v -72.650101 -146.397156 -130.768448
v -88.244041 -145.417511 -142.418167
v -89.175476 -145.080765 -130.944839
v -88.399147 -145.006027 -118.428574
v -63.666786 -146.774368 -112.582451
v -86.353241 -145.080093 -93.632820
v -108.917259 -142.883743 -75.725525
v -84.963028 -145.521255 -67.363770
v -61.174435 -146.992188 -76.475731
v -63.156033 -147.501663 -54.864883
v -39.040199 -148.519547 -64.463928
v -40.151245 -149.878738 -38.147366
v -15.382915 -149.805939 -57.000393
v -15.903885 -149.084259 -76.488548
v -0.000000 -149.794067 -70.788925
v -0.000000 -149.609436 -75.963814
v -0.000000 -149.435272 -89.202637
v -18.376635 -148.773453 -94.891083
v 0.000000 -149.371124 -94.379425
v 0.000000 -149.398972 -99.500710
v -15.748716 -149.001038 -114.592049
v 0.000000 -149.461533 -112.835907
v 0.000000 -149.714294 -126.066765
v -12.035738 -149.442993 -130.976303
v 0.000000 -149.819443 -131.320419
v 0.000000 -149.988708 -136.539062
v -15.538607 -149.831818 -146.407623
v 0.000000 -150.402573 -149.815826
v 0.000000 -150.628815 -155.108475
v -16.286831 -150.593338 -165.595856
v 0.000000 -151.168991 -168.313660
v -0.000000 -151.439758 -173.686798
v -22.051044 -151.396561 -186.693909
v -0.000000 -152.068085 -186.815811
v -36.802185 -150.086624 -173.173172
v -44.469311 -150.345139 -186.560120
v -67.428467 -148.785477 -186.389511
v -38.619396 -148.031860 -107.041176
v -54.484100 -147.167923 -94.642876
v -37.634499 -148.005096 -94.920013
v -37.983974 -148.106277 -83.547409
v 0.000000 -150.273056 -57.605850
v 0.000000 -150.618835 -52.414646
v -12.580516 -151.117096 -38.945034
v -0.000000 -151.492706 -39.326118
v 0.000000 -152.845810 -26.318945
v -20.179443 -152.786728 -20.087748
v -40.646317 -151.805954 -18.435377
v -61.531631 -150.450928 -15.864408
v -69.173965 -148.104233 -33.889088
v -82.745087 -148.531219 -12.399679
v -83.556908 -146.964294 -32.643486
v -97.986870 -145.131653 -35.472809
v -84.096794 -146.211899 -47.004906
v -104.998825 -143.675491 -55.123009
v -124.197510 -141.042297 -40.482872
v -128.238235 -139.999817 -63.401752
v -149.274231 -135.177658 -53.562744
v -170.537979 -127.463531 -64.393692
v -168.255371 -128.458054 -47.110390
v -179.082672 -123.165619 -111.897285
v -179.303711 -123.161606 -129.934769
v -181.503281 -122.206009 -172.632294
v -182.489410 -121.755608 -184.617599
v -160.572250 -131.182053 -185.110641
v -176.463226 -124.473557 -32.598228
v -152.294830 -134.335617 -31.526621
v -169.705673 -127.734146 -14.465455
v -166.245087 -129.080521 1.211209
v -148.071640 -135.845779 -11.739348
v -146.065781 -136.480881 -1.346935
v -125.246452 -141.886185 -4.609297
v -127.053925 -141.066711 -20.033022
v -104.049278 -145.769073 -8.449908
v -107.351387 -144.432251 -23.443438
v 0.000000 -153.387634 -21.150990
v -114.373138 -143.093246 -185.882614
v -218.650024 -85.453072 -359.873230
v -225.236740 -86.906364 -337.116394
v -239.707077 -68.784912 -356.148407
v -218.214798 -79.960030 -374.768799
v -231.638229 -67.176613 -375.007416
v -249.131180 -46.072010 -375.367920
v -257.856506 -49.018688 -352.385040
v -264.588989 -35.472488 -356.511658
v -270.163330 -36.592262 -336.717133
v -258.560730 -54.998238 -335.802948
v -273.145081 -36.914959 -316.665466
v -255.376587 -62.080933 -317.677338
v -263.131348 -55.178349 -295.231628
v -244.278946 -75.223846 -303.696716
v -245.831345 -75.076492 -278.004761
v -225.336136 -91.969398 -295.588409
v -227.960220 -90.894112 -278.431763
v -229.536163 -87.047791 -314.923126
v -240.642807 -76.491066 -321.269653
v -245.150360 -70.392265 -333.573608
v -261.664856 -57.207478 -277.505371
v -274.208405 -36.603893 -276.994873
v -274.240723 -36.864388 -296.745148
v -256.590759 -33.379425 -375.531097
v 0.000000 -152.736755 -199.797287
v -16.411381 -152.841583 -208.918289
v -0.000000 -153.039062 -205.326385
v -0.000000 -153.707138 -218.275375
v -14.981677 -153.823410 -226.323364
v -0.000000 -154.014679 -223.848694
v 0.000000 -154.300751 -229.395233
v -12.096977 -154.630524 -240.967194
v 0.000000 -154.922958 -242.385956
v 0.000000 -155.166260 -247.976334
v -16.965435 -155.286926 -257.985382
v 0.000000 -155.687424 -260.944641
v -43.722073 -154.187759 -264.489349
v -67.676888 -151.846832 -255.257706
v -93.822571 -148.606628 -265.290070
v -121.867714 -142.952179 -258.742615
v -93.011429 -148.193558 -240.269943
v -122.929832 -142.484833 -239.153107
v -116.607338 -143.640198 -222.088547
v -141.105194 -137.775162 -227.004761
v -138.870255 -138.131516 -203.309647
v -162.268326 -130.665009 -214.937073
v -162.776550 -130.414749 -234.343658
v -183.812210 -121.008751 -219.853516
v -179.950424 -122.834526 -204.435898
v -204.488663 -108.922127 -202.989349
v -165.125702 -129.407211 -198.696487
v -111.502167 -144.054657 -205.425919
v -95.810211 -146.276215 -198.919907
v -70.704384 -149.145523 -200.450394
v -42.005066 -151.477341 -204.681915
v -62.811241 -150.940765 -223.654770
v -35.417171 -152.663544 -221.130234
v -40.092865 -153.481964 -241.441010
v -65.999832 -151.443726 -240.417877
v -91.768349 -147.502609 -215.467896
v -205.746323 -108.103012 -221.918518
v -184.804672 -120.326317 -239.067795
v -206.889755 -107.221497 -240.865143
v -185.884186 -119.380539 -259.280090
v -160.761688 -130.824097 -257.035950
v -142.009338 -137.584839 -246.356445
v -141.678558 -137.692719 -260.494080
v -207.887878 -106.227592 -259.827240
v -248.102081 -72.445045 -262.321777
v -264.068359 -52.593815 -264.180969
v -260.362183 -57.115265 -247.002640
v -272.611298 -37.593826 -257.617889
v -270.629486 -38.435791 -238.264648
v -255.959183 -60.552383 -221.120361
v -268.420502 -39.275047 -218.926941
v -266.037262 -40.144909 -199.602844
v -250.995224 -64.615494 -197.894089
v -239.404831 -79.214500 -205.868286
v -225.841293 -91.933372 -197.598099
v -223.645340 -94.451218 -213.877563
v -224.658966 -93.841522 -231.868958
v -227.106476 -91.989151 -252.147873
v -243.241272 -76.957207 -239.464203
v -237.947159 -81.291183 -222.511246
v 212.493210 -15.035757 276.852600
v 208.861679 -16.248409 294.095123
v 207.223770 -31.732159 295.269318
v 211.058533 -32.862026 275.680939
v 215.969711 -13.628260 259.721039
v 213.037643 -35.254169 262.687622
v 217.119064 -28.920557 245.679962
v 219.382706 -12.078465 242.646088
v 222.725403 -10.446883 225.578629
v 220.727356 -29.340641 226.082535
v 225.942459 -8.764671 208.487915
v 224.055099 -28.299139 208.391464
v 228.968384 -7.052241 191.360336
v 227.203415 -27.034124 191.025772
v 219.380569 -47.863899 207.547806
v 216.139435 -48.923035 224.981842
v 208.800018 -67.824547 223.609116
v 205.721405 -68.798897 240.962708
v 212.903778 -49.716003 242.709076
v 202.689865 -69.659447 258.342529
v 209.740494 -50.738770 259.667023
v 199.636719 -70.326897 275.762390
v 208.123230 -48.460453 272.135162
v 204.773056 -51.514549 286.305298
v 196.454895 -70.718697 293.236603
v 200.893845 -52.555431 304.535126
v 201.996338 -34.989059 316.726135
v 196.215012 -53.230797 323.858856
v 192.986099 -70.757515 310.765808
v 188.950943 -70.356392 328.291229
v 189.290680 -52.707153 346.566681
v 196.696899 -35.743961 335.250916
v 192.304474 -35.712376 347.956299
v 185.915695 -35.206818 362.853516
v 194.329269 -18.683792 346.370422
v 186.995651 -19.302036 363.298218
v 182.703903 -51.501640 362.593140
v 177.389572 -67.886086 362.438141
v 183.910904 -69.428146 345.636871
v 200.167374 -18.030325 328.973816
v 204.861481 -17.241016 311.481598
v 211.923538 -66.787125 206.267868
v 222.562012 -46.735775 190.207642
v 215.062653 -65.718834 188.929352
v 251.290833 6.582590 11.729498
v 249.613861 5.199156 30.045834
v 249.285645 -8.841763 29.710367
v 250.890564 -14.881492 10.916870
v 246.570816 -31.141741 28.789289
v 246.372086 -22.168409 48.378227
v 247.755676 3.806602 48.319748
v 245.173996 -12.125961 67.178452
v 241.244232 -37.780872 69.290100
v 241.316711 -45.104889 46.954845
v 234.278412 -60.209763 63.416744
v 236.469391 -59.222984 45.126469
v 238.464508 -58.137318 26.787804
v 247.259796 -36.238403 9.807246
v 240.259460 -56.963631 8.419256
v 231.899628 -61.101963 81.639397
v 237.785614 -42.008755 91.423805
v 229.364166 -61.927132 99.774536
v 234.744934 -44.286358 109.888588
v 226.693878 -62.690914 117.806587
v 231.422302 -47.663837 125.707054
v 223.901794 -63.428020 135.725235
v 230.619980 -43.513596 142.758224
v 221.023773 -64.177811 153.536133
v 225.514496 -50.733852 159.782776
v 218.070160 -64.944984 171.258560
v 224.482834 -48.277645 173.730469
v 229.726318 -27.657228 173.971863
v 230.833908 -32.663372 158.249222
v 234.377258 -4.376888 156.201248
v 231.787003 -5.722614 173.819794
v 234.932693 -21.376871 143.668228
v 237.512466 -23.682426 123.199638
v 236.793488 -3.022970 138.479141
v 239.108017 -1.678639 120.644318
v 241.376587 -0.323802 102.702728
v 239.605927 -26.068104 102.451691
v 242.596893 -19.609938 86.202667
v 243.598755 1.040973 84.661758
v 245.740204 2.418458 66.530441
v 170.135605 -83.915749 362.326294
v 161.055435 -99.519363 362.217773
v 167.285385 -99.319016 346.594177
v 178.837784 -79.897141 345.754333
v 181.378738 -86.228745 327.205353
v 185.020111 -87.600739 307.618042
v 188.942047 -86.320892 289.734192
v 191.798370 -85.796242 273.549530
v 193.980347 -86.097115 257.290405
v 196.440765 -85.849899 240.238831
v 199.176697 -85.143814 222.872665
v 202.020889 -84.296280 205.415390
v 204.834824 -83.494232 187.871246
v 190.003616 -100.640862 204.267441
v 187.488495 -101.492355 221.869614
v 174.158615 -116.677887 220.694412
v 176.378433 -115.618080 202.986313
v 192.523895 -99.740395 186.601379
v 178.556534 -114.506393 185.236633
v 161.453552 -129.411407 201.628845
v 159.543869 -130.753860 219.403397
v 163.351181 -127.941376 183.863815
v 157.619751 -131.881622 237.196228
v 171.972580 -117.577736 238.381546
v 155.640366 -132.718613 255.013718
v 169.951019 -118.065025 255.979782
v 153.534790 -133.227112 272.859131
v 168.659943 -117.362549 273.115173
v 151.213547 -133.426300 290.732941
v 170.661163 -112.435768 288.436340
v 162.647751 -118.913818 305.588654
v 176.761017 -102.171959 300.351196
v 181.961792 -98.108261 285.462433
v 181.830429 -101.003578 272.772919
v 169.601074 -106.011093 321.838562
v 156.134338 -122.580711 320.984955
v 148.542984 -133.353699 308.626953
v 145.385101 -132.974930 326.515198
v 153.091446 -120.354347 340.912323
v 141.552567 -132.159561 344.327515
v 136.913422 -130.689499 361.931000
v 150.154907 -114.848564 362.090759
v 182.965500 -102.343498 256.638794
v 185.048553 -102.209053 239.395142
v 39.660313 -195.496704 270.463715
v 57.394604 -191.465729 270.888672
v 52.347713 -192.662048 286.406219
v 32.933918 -196.489029 287.101959
v 15.926003 -198.364197 270.316986
v 29.591391 -196.961029 255.686111
v 12.198748 -198.369751 249.899887
v 30.423670 -196.072906 236.104111
v 50.095970 -193.312805 252.595642
v 53.003189 -191.680344 231.980377
v 68.613792 -187.474609 242.008469
v 71.543739 -187.038177 260.984772
v 87.028297 -180.308350 247.631409
v 81.420799 -181.753799 229.980423
v 67.073532 -187.007324 227.535400
v 72.959885 -184.017700 215.117065
v 58.735916 -188.690155 218.197739
v 42.101181 -192.402100 216.133942
v 58.681229 -186.687973 201.111298
v 35.493595 -191.273956 196.522644
v 51.292271 -185.538818 179.902512
v 69.660995 -181.051620 185.045227
v 68.361946 -177.873306 163.783768
v 89.095490 -173.340439 183.042618
v 91.629440 -169.120468 162.546188
v 109.186035 -163.014267 177.830887
v 112.386261 -158.928894 158.474716
v 125.537720 -153.456787 174.721603
v 130.268967 -150.092056 166.866760
v 147.303024 -139.777466 175.365891
v 127.366875 -154.288773 194.444580
v 148.501953 -139.637848 193.931274
v 141.696625 -145.254333 213.462372
v 125.870003 -156.555222 213.000854
v 110.391525 -166.059647 211.523529
v 106.691994 -166.166107 193.609467
v 95.576668 -172.618286 200.542892
v 90.480301 -176.739014 214.766251
v 79.625336 -179.437393 199.691833
v 100.281395 -172.856583 231.375870
v 122.672462 -159.362762 231.045990
v 106.945747 -169.995544 251.571762
v 91.076576 -178.532028 267.948120
v 111.577209 -166.350113 275.022705
v 94.114784 -176.077301 288.222076
v 108.159866 -167.335098 294.417847
v 97.399414 -172.679779 307.412933
v 82.038879 -181.157715 301.266296
v 73.443466 -185.885315 283.213440
v 63.996082 -188.122314 305.092102
v 45.736038 -193.440765 300.655731
v 48.180443 -191.605438 318.933228
v 63.603642 -186.636429 321.378967
v 60.419159 -184.883591 338.510620
v 41.329731 -190.657135 336.951019
v 28.665291 -194.954178 322.855316
v 30.297363 -196.134415 304.611023
v 11.995310 -197.548965 307.438324
v 13.081529 -198.279953 289.845642
v 0.000000 -198.199524 292.579956
v -0.000000 -198.433212 286.457428
v 0.000000 -198.508652 280.420898
v 0.000000 -198.664246 268.011536
v -0.000000 -198.564880 261.876678
v 0.000000 -197.709808 304.970276
v -0.000000 -197.285507 310.929596
v 11.384981 -196.110184 325.843384
v -0.000000 -196.352798 323.534668
v 0.000000 -195.660767 329.112549
v 11.360609 -193.665833 344.116913
v 27.051611 -192.694489 342.199005
v 27.723560 -188.712173 360.830353
v 40.433559 -185.839050 360.888763
v 13.084021 -190.199966 360.822662
v 0.000000 -193.024185 346.733612
v -0.000000 -193.979385 342.148804
v 0.000000 -190.005234 360.869080
v 61.214375 -178.797333 361.049927
v 84.176102 -172.993912 346.311890
v 79.924965 -179.952393 321.557037
v 103.504913 -165.838226 329.307343
v 103.340515 -161.214233 348.675568
v 96.619408 -161.478348 361.421265
v 79.505615 -170.825089 361.227264
v 113.095863 -150.561539 361.625549
v 117.883720 -152.532867 344.432739
v 129.748505 -137.603424 361.839966
v 132.124863 -142.566864 338.197937
v 133.402771 -144.342117 325.580017
v 132.531631 -147.356583 311.624634
v 138.263580 -144.912033 292.745239
v 143.095459 -141.986465 278.648682
v 130.693512 -152.574280 275.849976
v 122.778999 -157.389816 292.877563
v 126.587532 -156.777206 255.730438
v 142.298325 -143.981674 262.635620
v 144.010757 -143.497482 239.207016
v 114.731216 -161.270874 310.062714
v 122.631439 -152.879288 326.402863
v 93.888504 -166.263550 150.444107
v 74.926521 -172.088989 143.051483
v 55.824669 -176.414261 136.524445
v 43.745419 -183.351364 159.228699
v 31.771618 -182.214630 142.182236
v 23.002821 -186.291107 158.519577
v 11.693606 -184.235718 142.965469
v 7.779810 -187.098663 157.651657
v -0.000000 -185.070480 147.163422
v -0.000000 -183.812836 140.719315
v -0.000000 -181.511520 129.141586
v 18.307747 -180.418579 126.494164
v -0.000000 -180.211349 122.699905
v 0.000000 -187.307388 158.763138
v -0.000000 -188.470978 165.196869
v 10.798471 -190.007370 173.649460
v 0.000000 -190.560684 176.853256
v 0.000000 -192.415726 188.635849
v 13.387999 -193.105057 192.941696
v 29.961414 -188.878723 176.508865
v 16.417953 -195.609970 214.793823
v 0.000000 -194.934631 206.845245
v 0.000000 -193.421478 194.992416
v 0.000000 -195.741577 213.173737
v 0.000000 -196.835587 225.115036
v 9.798242 -197.522949 233.313477
v -0.000000 -197.404831 231.395447
v 0.000000 -198.038406 243.439377
v 0.000000 -198.357941 249.657974
v 36.890877 -179.161118 131.017883
v 179.153030 -120.364052 58.105595
v 195.542618 -109.164169 57.425735
v 189.398865 -112.435684 70.997704
v 176.830612 -120.732079 76.258003
v 190.517563 -110.534729 86.794090
v 203.274078 -100.671730 74.644104
v 205.484009 -96.704903 93.618683
v 190.417374 -108.998405 108.226860
v 174.456390 -121.269409 94.339859
v 172.100571 -122.085541 112.351639
v 180.314621 -115.277092 129.494095
v 198.609421 -99.379410 128.191864
v 206.084152 -94.074608 109.600945
v 216.030487 -81.065102 115.210487
v 216.323914 -83.012276 99.893112
v 221.318344 -79.853897 78.878151
v 226.310547 -75.407852 57.675503
v 222.213058 -83.092064 42.761612
v 227.366928 -78.043968 25.996899
v 230.467209 -75.291313 7.324337
v 217.875259 -92.053452 6.080710
v 212.521835 -96.045685 27.400263
v 202.758881 -106.804359 4.732035
v 197.030212 -109.914581 27.174780
v 183.467896 -119.685394 21.603716
v 181.373322 -120.049881 39.883579
v 202.725754 -104.202194 42.045876
v 213.086578 -92.949829 56.924030
v 213.185669 -94.422836 42.450069
v 185.449219 -119.205856 3.289846
v 213.137955 -81.763512 133.486252
v 210.509262 -82.067108 152.120865
v 197.325806 -98.492752 149.931427
v 195.088699 -98.868042 168.659866
v 180.673050 -113.463020 167.130661
v 207.711395 -82.690651 170.134186
v 165.466354 -126.247063 166.037094
v 182.052902 -113.137787 148.372971
v 167.605331 -124.633598 148.189407
v 169.813431 -123.220802 130.296295
v 161.825958 -130.134064 37.752960
v 157.656662 -131.446808 61.307846
v 139.133774 -139.152496 55.202938
v 142.157349 -138.120819 78.590034
v 164.721146 -127.304329 77.177299
v 157.738113 -130.789948 95.184837
v 152.910187 -133.465378 109.749992
v 139.548660 -139.941391 100.324562
v 140.878952 -139.841339 115.308182
v 124.633774 -147.507431 112.483765
v 133.757965 -144.663376 128.780640
v 114.247444 -154.120728 128.523102
v 100.571960 -157.429520 111.385323
v 94.357544 -163.221741 132.822571
v 74.321793 -168.567520 122.699463
v 56.201893 -173.983170 124.602814
v 58.196938 -170.536942 109.443810
v 35.140697 -174.822723 107.523628
v 51.443863 -168.872040 92.046120
v 73.024437 -162.855972 86.999214
v 58.383549 -164.127686 73.053734
v 74.994423 -160.257080 72.480476
v 89.988022 -156.042740 71.275658
v 77.530472 -157.957092 59.590420
v 100.158798 -151.364731 51.258968
v 115.817528 -147.843613 69.524643
v 96.723564 -156.129074 89.038025
v 119.860176 -148.102966 93.176353
v 80.561668 -163.359772 103.584000
v 120.979134 -145.243729 49.210690
v 134.224121 -140.394913 34.741409
v 112.950455 -146.616653 34.987980
v 120.811264 -143.587296 15.663389
v 99.306374 -148.987915 21.858854
v 104.049278 -145.769073 -8.449908
v 125.246452 -141.886185 -4.609297
v 146.683411 -136.311722 14.411699
v 146.065781 -136.480881 -1.346935
v 166.245087 -129.080521 1.211209
v 169.040970 -127.302299 15.814779
v 74.880684 -152.354813 14.041636
v 75.348000 -150.074997 -4.546786
v 82.745087 -148.531219 -12.399679
v 61.531631 -150.450928 -15.864408
v 52.714031 -153.356216 0.547319
v 40.646317 -151.805954 -18.435377
v 28.662319 -154.748825 -2.779477
v 20.179443 -152.786728 -20.087748
v 10.381688 -155.602020 -3.510242
v 0.000000 -155.226486 -8.279493
v 0.000000 -153.387634 -21.150990
v -0.000000 -155.986603 -3.039623
v -0.000000 -156.948425 2.364012
v 12.962450 -158.076630 10.913755
v -0.000000 -159.152939 15.026799
v 0.000000 -160.256287 20.652630
v 16.567848 -161.628159 30.332331
v 33.989201 -157.301468 14.292871
v 39.037434 -159.459946 28.531670
v 34.130264 -163.307465 46.555435
v 11.154194 -165.647247 49.467232
v 0.000000 -163.794388 38.896004
v 0.000000 -162.617172 33.006554
v -0.000000 -166.132095 50.906807
v 0.000000 -168.402435 62.688431
v 16.011578 -168.902145 67.178070
v 0.000000 -169.605453 68.773544
v -0.000000 -170.840408 75.055359
v 10.316996 -172.800705 85.813034
v 32.173393 -170.699356 84.621994
v 13.725048 -176.202789 103.239510
v 0.000000 -178.925125 116.335655
v 0.000000 -176.615738 104.701149
v 0.000000 -175.356781 98.373680
v 0.000000 -173.083878 86.719810
v 39.896763 -165.940460 64.703400
v 58.274281 -160.849777 52.424847
v 56.937294 -157.925446 32.977299
v 81.304588 -154.343536 38.284389
v 51.934086 -156.131973 18.076788
v 98.965424 -150.312714 36.565502
v 107.816895 -158.805496 142.844849
v 123.825645 -151.236832 145.077805
v 143.682709 -140.196426 146.008301
v 151.097076 -136.461456 160.509155
v 154.561447 -132.992355 127.086525
v 19.940968 192.364410 -335.050995
v 42.792732 195.309570 -336.137787
v 42.478992 193.628174 -352.587463
v 15.671997 192.067139 -352.188507
v 0.000000 190.896729 -344.359589
v 0.000000 189.963379 -333.335480
v 0.000000 189.811584 -326.941254
v 16.818089 191.644348 -313.514160
v 0.000000 189.041641 -314.643433
v 0.000000 188.406784 -302.212372
v 15.756308 190.689987 -292.958466
v 40.000111 195.660629 -301.241547
v 41.691929 195.847412 -321.930786
v 63.572105 198.276321 -311.027496
v 61.944130 198.113403 -291.127563
v 81.714363 198.267670 -299.826202
v 83.035828 197.898102 -280.445740
v 62.594513 197.809341 -277.214539
v 65.197021 197.142288 -260.115692
v 88.277740 196.831726 -260.669464
v 110.349220 193.982788 -275.029236
v 110.123863 194.498810 -299.576385
v 133.823166 187.881058 -285.982513
v 133.851547 187.996750 -300.331055
v 134.065079 187.502594 -314.442078
v 112.497864 192.968964 -323.924011
v 88.536652 197.639404 -317.340851
v 94.901703 195.335876 -334.687225
v 112.014137 190.855774 -343.209106
v 93.274933 192.570709 -354.177582
v 106.548264 190.283859 -354.903015
v 130.337250 183.632050 -356.571228
v 133.577393 186.063248 -335.150726
v 154.786728 177.035721 -346.526581
v 156.094894 178.923874 -326.892395
v 177.729279 168.529190 -341.537445
v 176.524353 165.597580 -360.493835
v 153.053467 175.631317 -358.390930
v 178.306122 170.076035 -322.377808
v 156.477264 179.946487 -301.746124
v 178.451508 170.557007 -303.198730
v 178.305801 170.263367 -284.072418
v 156.412262 179.550873 -277.119843
v 177.986069 169.421783 -264.999390
v 156.329208 179.023499 -263.698761
v 134.113022 187.001343 -262.520386
v 67.158340 196.986893 -335.293488
v 69.831314 193.979324 -353.288239
v 111.380898 193.198959 -261.499084
v 40.178375 194.950592 -277.279358
v 42.785839 194.412979 -259.828949
v 21.227234 190.269302 -259.720001
v 12.877276 189.483749 -276.299377
v -0.000000 186.871674 -265.911652
v -0.000000 186.575867 -259.649017
v 0.000000 187.374481 -277.829254
v 0.000000 187.642334 -284.009674
v 0.000000 188.187363 -296.154999
v 0.000000 190.918030 -352.101105
v 168.726898 157.459702 -114.940079
v 170.001938 159.152390 -133.528000
v 148.183533 169.427582 -133.146118
v 148.199509 166.458237 -107.523872
v 167.496780 155.784958 -96.379463
v 147.945068 164.308853 -88.451950
v 166.335495 154.165253 -77.836632
v 147.387756 163.120346 -75.783218
v 148.643326 160.888626 -60.664875
v 126.246201 170.787872 -75.649376
v 126.926178 168.202942 -51.890610
v 143.302139 161.623169 -42.849987
v 164.357147 151.345657 -40.737442
v 146.781754 158.706116 -24.659388
v 129.969193 165.780151 -35.693775
v 123.282814 167.111755 -20.423376
v 138.675812 161.051117 -6.697475
v 163.026489 149.559357 -3.554443
v 142.514389 159.111008 15.170863
v 116.691658 167.969803 0.409877
v 121.487587 166.555511 15.282729
v 99.936554 171.723602 15.464676
v 93.362305 172.887543 2.278399
v 78.371552 174.929840 15.849405
v 75.292221 175.420532 -2.159173
v 57.269886 176.631119 16.617136
v 56.437336 177.053268 -8.595734
v 37.485451 177.389938 -2.532882
v 43.316895 177.714783 -20.746670
v 56.639034 177.432449 -20.817179
v 57.605564 177.966492 -32.294128
v 36.724861 178.553955 -38.223484
v 17.974899 177.613281 -20.585915
v 13.592192 178.145386 -42.332012
v -0.000000 177.194199 -29.117155
v 0.000000 177.096436 -21.814369
v 0.000000 176.978363 -10.274986
v 15.546414 177.320236 1.273156
v 37.161572 177.328537 17.931005
v 18.195732 177.416901 19.816607
v -0.000000 176.992798 8.504113
v 0.000000 177.044998 15.342974
v 0.000000 177.150543 22.076561
v 0.000000 176.954147 -3.243837
v -0.000000 177.450180 -40.312115
v -0.000000 177.610733 -47.978729
v 9.707864 178.534897 -59.061619
v 32.285290 179.694046 -60.735775
v 13.103978 179.388794 -75.699654
v 0.000000 178.377563 -68.929802
v -0.000000 177.964737 -58.749485
v -0.000000 178.595673 -77.169838
v 0.000000 178.865540 -85.796806
v 14.618977 180.412552 -94.672523
v -0.000000 179.308960 -95.558708
v -0.000000 179.623611 -104.667953
v 17.413700 181.735153 -114.536484
v 0.000000 180.074081 -113.882607
v 0.000000 180.524796 -122.633087
v 14.949010 182.558762 -134.440536
v 37.064392 184.631851 -128.331116
v 38.378342 186.428040 -151.073181
v 12.238541 183.079559 -150.796860
v -0.000000 181.263306 -142.234283
v 0.000000 180.876526 -132.174103
v 0.000000 181.693207 -150.460129
v -0.000000 182.109695 -158.340225
v 20.450907 185.134216 -168.490906
v 0.000000 182.513290 -168.651367
v 41.338379 187.946274 -168.318008
v 63.002632 189.651077 -168.237686
v 60.073986 188.135269 -152.542191
v 80.204018 187.680634 -152.892670
v 85.296745 189.082565 -168.340439
v 107.715210 185.801193 -168.678787
v 104.131332 183.680222 -143.566727
v 127.413933 178.809479 -150.975830
v 129.975327 180.097824 -169.207138
v 150.520386 171.357498 -157.642227
v 151.673019 172.304489 -169.899536
v 172.594666 162.493225 -170.779648
v 171.299072 160.836563 -152.143967
v 121.879761 178.305084 -133.505249
v 123.918694 175.719437 -114.886497
v 103.982071 181.606812 -124.098923
v 81.675972 185.426285 -130.897110
v 85.224876 182.732941 -109.178711
v 56.468060 184.724167 -117.207054
v 58.955139 186.798340 -138.619064
v 36.771572 183.668350 -115.579063
v 36.609779 182.773224 -103.388283
v 59.347961 182.914246 -95.869080
v 35.937382 181.361496 -83.946808
v 60.803101 180.836746 -74.118126
v 81.438164 181.022018 -87.967216
v 79.550079 179.917526 -75.453316
v 96.284958 177.644211 -76.195221
v 107.178490 177.818954 -96.239616
v 105.302094 179.997681 -111.370575
v 130.787735 171.505539 -96.801964
v 103.619522 174.672729 -57.625744
v 79.963875 178.729492 -62.748184
v 82.213524 176.492661 -40.206928
v 110.261612 171.387619 -37.474319
v 96.046677 173.116196 -17.160515
v 70.558441 176.408539 -20.515066
v 58.029854 179.193344 -51.586090
v 162.600739 149.159866 15.061055
v 163.609344 150.282745 -22.157547
v 165.277191 152.662033 -59.294945
v 109.827919 190.126251 -216.678711
v 84.747185 194.397018 -225.830215
v 90.094589 192.287537 -207.776001
v 104.084618 189.506577 -200.577026
v 126.961884 184.063507 -200.683228
v 136.400085 183.375061 -224.240417
v 115.051605 190.734344 -239.933945
v 134.903442 185.382950 -242.128036
v 92.531967 195.156403 -246.258621
v 62.831043 195.916656 -243.972672
v 57.539932 193.768005 -223.121445
v 65.005379 192.846100 -204.174606
v 37.609772 190.589355 -212.007645
v 37.433529 191.814285 -231.268494
v 15.123102 187.193100 -222.407822
v 14.432022 186.113403 -203.631912
v 36.088825 188.779449 -189.233932
v 11.821180 184.911163 -187.509735
v 62.692715 190.870270 -181.486862
v 85.719582 191.297241 -191.281052
v 106.641876 187.632843 -185.193115
v 128.663345 181.620026 -180.669113
v 147.242355 176.027573 -189.514618
v 153.458511 175.422684 -205.834259
v 173.834213 164.122528 -189.581039
v 175.021057 165.676544 -208.398911
v 159.098892 174.402786 -221.536743
v 176.126053 167.118958 -227.240295
v 153.645569 178.483490 -241.157471
v 177.121063 168.391037 -246.108215
v -0.000000 182.936401 -179.281174
v -0.000000 183.333084 -186.846542
v 0.000000 183.773209 -197.837250
v 0.000000 184.153625 -205.049667
v 0.000000 184.521973 -212.118561
v 0.000000 184.975204 -223.216965
v 0.000000 185.432785 -234.527390
v 15.717447 188.258286 -241.218124
v 0.000000 185.783997 -241.402481
v 0.000000 186.254013 -253.207581
v 35.893005 192.466049 -246.968140
v -42.792732 195.309570 -336.137787
v -19.940968 192.364410 -335.050995
v -42.478992 193.628174 -352.587463
v -67.158340 196.986893 -335.293488
v -41.691929 195.847412 -321.930786
v -63.572105 198.276321 -311.027496
v -88.536652 197.639404 -317.340851
v -81.714363 198.267670 -299.826202
v -61.944130 198.113403 -291.127563
v -40.000111 195.660629 -301.241547
v -40.178375 194.950592 -277.279358
v -15.756308 190.689987 -292.958466
v -16.818089 191.644348 -313.514160
v -15.671997 192.067139 -352.188507
v -12.877276 189.483749 -276.299377
v -21.227234 190.269302 -259.720001
v -42.785839 194.412979 -259.828949
v -65.197021 197.142288 -260.115692
v -62.594513 197.809341 -277.214539
v -83.035828 197.898102 -280.445740
v -88.277740 196.831726 -260.669464
v -110.349220 193.982788 -275.029236
v -110.123863 194.498810 -299.576385
v -133.823166 187.881058 -285.982513
v -134.113022 187.001343 -262.520386
v -156.412262 179.550873 -277.119843
v -156.329208 179.023499 -263.698761
v -177.986069 169.421783 -264.999390
v -178.305801 170.263367 -284.072418
v -156.477264 179.946487 -301.746124
v -178.451508 170.557007 -303.198730
v -178.306122 170.076035 -322.377808
v -156.094894 178.923874 -326.892395
v -177.729279 168.529190 -341.537445
v -154.786728 177.035721 -346.526581
v -176.524353 165.597580 -360.493835
v -153.053467 175.631317 -358.390930
v -130.337250 183.632050 -356.571228
v -133.577393 186.063248 -335.150726
v -112.014137 190.855774 -343.209106
v -106.548264 190.283859 -354.903015
v -93.274933 192.570709 -354.177582
v -94.901703 195.335876 -334.687225
v -112.497864 192.968964 -323.924011
v -134.065079 187.502594 -314.442078
v -133.851547 187.996750 -300.331055
v -69.831314 193.979324 -353.288239
v -111.380898 193.198959 -261.499084
v -170.001938 159.152390 -133.528000
v -168.726898 157.459702 -114.940079
v -148.183533 169.427582 -133.146118
v -171.299072 160.836563 -152.143967
v -150.520386 171.357498 -157.642227
v -172.594666 162.493225 -170.779648
v -151.673019 172.304489 -169.899536
v -129.975327 180.097824 -169.207138
v -127.413933 178.809479 -150.975830
v -107.715210 185.801193 -168.678787
v -104.131332 183.680222 -143.566727
v -121.879761 178.305084 -133.505249
v -123.918694 175.719437 -114.886497
v -103.982071 181.606812 -124.098923
v -105.302094 179.997681 -111.370575
v -107.178490 177.818954 -96.239616
v -85.224876 182.732941 -109.178711
v -81.438164 181.022018 -87.967216
v -96.284958 177.644211 -76.195221
v -126.246201 170.787872 -75.649376
v -103.619522 174.672729 -57.625744
v -79.963875 178.729492 -62.748184
v -79.550079 179.917526 -75.453316
v -60.803101 180.836746 -74.118126
v -59.347961 182.914246 -95.869080
v -35.937382 181.361496 -83.946808
v -32.285290 179.694046 -60.735775
v -13.103978 179.388794 -75.699654
v -14.618977 180.412552 -94.672523
v -36.609779 182.773224 -103.388283
v -17.413700 181.735153 -114.536484
v -14.949010 182.558762 -134.440536
v -37.064392 184.631851 -128.331116
v -38.378342 186.428040 -151.073181
v -58.955139 186.798340 -138.619064
v -56.468060 184.724167 -117.207054
v -81.675972 185.426285 -130.897110
v -80.204018 187.680634 -152.892670
v -60.073986 188.135269 -152.542191
v -63.002632 189.651077 -168.237686
v -85.296745 189.082565 -168.340439
v -41.338379 187.946274 -168.318008
v -20.450907 185.134216 -168.490906
v -12.238541 183.079559 -150.796860
v -36.771572 183.668350 -115.579063
v -9.707864 178.534897 -59.061619
v -13.592192 178.145386 -42.332012
v -17.974899 177.613281 -20.585915
v -15.546414 177.320236 1.273156
v -18.195732 177.416901 19.816607
v -37.161572 177.328537 17.931005
v -37.485451 177.389938 -2.532882
v -57.269886 176.631119 16.617136
v -56.437336 177.053268 -8.595734
v -75.292221 175.420532 -2.159173
v -78.371552 174.929840 15.849405
v -93.362305 172.887543 2.278399
v -99.936554 171.723602 15.464676
v -116.691658 167.969803 0.409877
v -121.487587 166.555511 15.282729
v -142.514389 159.111008 15.170863
v -138.675812 161.051117 -6.697475
v -163.026489 149.559357 -3.554443
v -146.781754 158.706116 -24.659388
v -123.282814 167.111755 -20.423376
v -129.969193 165.780151 -35.693775
v -110.261612 171.387619 -37.474319
v -126.926178 168.202942 -51.890610
v -143.302139 161.623169 -42.849987
v -148.643326 160.888626 -60.664875
v -164.357147 151.345657 -40.737442
v -163.609344 150.282745 -22.157547
v -165.277191 152.662033 -59.294945
v -166.335495 154.165253 -77.836632
v -147.387756 163.120346 -75.783218
v -147.945068 164.308853 -88.451950
v -130.787735 171.505539 -96.801964
v -148.199509 166.458237 -107.523872
v -167.496780 155.784958 -96.379463
v -82.213524 176.492661 -40.206928
v -96.046677 173.116196 -17.160515
v -70.558441 176.408539 -20.515066
v -57.605564 177.966492 -32.294128
v -58.029854 179.193344 -51.586090
v -36.724861 178.553955 -38.223484
v -43.316895 177.714783 -20.746670
v -56.639034 177.432449 -20.817179
v -162.600739 149.159866 15.061055
v -84.747185 194.397018 -225.830215
v -109.827919 190.126251 -216.678711
v -90.094589 192.287537 -207.776001
v -65.005379 192.846100 -204.174606
v -57.539932 193.768005 -223.121445
v -62.831043 195.916656 -243.972672
v -37.433529 191.814285 -231.268494
v -35.893005 192.466049 -246.968140
v -15.717447 188.258286 -241.218124
v -15.123102 187.193100 -222.407822
v -14.432022 186.113403 -203.631912
v -11.821180 184.911163 -187.509735
v -36.088825 188.779449 -189.233932
v -62.692715 190.870270 -181.486862
v -85.719582 191.297241 -191.281052
v -106.641876 187.632843 -185.193115
v -128.663345 181.620026 -180.669113
v -147.242355 176.027573 -189.514618
v -173.834213 164.122528 -189.581039
v -153.458511 175.422684 -205.834259
v -126.961884 184.063507 -200.683228
v -136.400085 183.375061 -224.240417
v -159.098892 174.402786 -221.536743
v -175.021057 165.676544 -208.398911
v -176.126053 167.118958 -227.240295
v -153.645569 178.483490 -241.157471
v -177.121063 168.391037 -246.108215
v -134.903442 185.382950 -242.128036
v -115.051605 190.734344 -239.933945
v -92.531967 195.156403 -246.258621
v -104.084618 189.506577 -200.577026
v -37.609772 190.589355 -212.007645
v -161.055435 -99.519363 362.217773
v -170.135605 -83.915749 362.326294
v -167.285385 -99.319016 346.594177
v -150.154907 -114.848564 362.090759
v -153.091446 -120.354347 340.912323
v -169.601074 -106.011093 321.838562
v -156.134338 -122.580711 320.984955
v -145.385101 -132.974930 326.515198
v -141.552567 -132.159561 344.327515
v -136.913422 -130.689499 361.931000
v -148.542984 -133.353699 308.626953
v -162.647751 -118.913818 305.588654
v -151.213547 -133.426300 290.732941
v -170.661163 -112.435768 288.436340
v -168.659943 -117.362549 273.115173
v -153.534790 -133.227112 272.859131
v -169.951019 -118.065025 255.979782
v -182.965500 -102.343498 256.638794
v -185.048553 -102.209053 239.395142
v -196.440765 -85.849899 240.238831
v -199.176697 -85.143814 222.872665
v -208.800018 -67.824547 223.609116
v -211.923538 -66.787125 206.267868
v -202.020889 -84.296280 205.415390
v -215.062653 -65.718834 188.929352
v -204.834824 -83.494232 187.871246
v -190.003616 -100.640862 204.267441
v -187.488495 -101.492355 221.869614
v -174.158615 -116.677887 220.694412
v -171.972580 -117.577736 238.381546
v -157.619751 -131.881622 237.196228
v -155.640366 -132.718613 255.013718
v -159.543869 -130.753860 219.403397
v -176.378433 -115.618080 202.986313
v -161.453552 -129.411407 201.628845
v -178.556534 -114.506393 185.236633
v -192.523895 -99.740395 186.601379
v -163.351181 -127.941376 183.863815
v -205.721405 -68.798897 240.962708
v -193.980347 -86.097115 257.290405
v -202.689865 -69.659447 258.342529
v -191.798370 -85.796242 273.549530
v -199.636719 -70.326897 275.762390
v -188.942047 -86.320892 289.734192
v -181.961792 -98.108261 285.462433
v -176.761017 -102.171959 300.351196
v -185.020111 -87.600739 307.618042
v -196.454895 -70.718697 293.236603
v -192.986099 -70.757515 310.765808
v -181.378738 -86.228745 327.205353
v -188.950943 -70.356392 328.291229
v -178.837784 -79.897141 345.754333
v -183.910904 -69.428146 345.636871
v -177.389572 -67.886086 362.438141
v -181.830429 -101.003578 272.772919
v -57.394604 -191.465729 270.888672
v -39.660313 -195.496704 270.463715
v -52.347713 -192.662048 286.406219
v -73.443466 -185.885315 283.213440
v -63.996082 -188.122314 305.092102
v -82.038879 -181.157715 301.266296
v -94.114784 -176.077301 288.222076
v -91.076576 -178.532028 267.948120
v -111.577209 -166.350113 275.022705
v -106.945747 -169.995544 251.571762
v -126.587532 -156.777206 255.730438
v -122.672462 -159.362762 231.045990
v -100.281395 -172.856583 231.375870
v -87.028297 -180.308350 247.631409
v -81.420799 -181.753799 229.980423
v -90.480301 -176.739014 214.766251
v -72.959885 -184.017700 215.117065
v -67.073532 -187.007324 227.535400
v -68.613792 -187.474609 242.008469
v -53.003189 -191.680344 231.980377
v -50.095970 -193.312805 252.595642
v -71.543739 -187.038177 260.984772
v -30.423670 -196.072906 236.104111
v -29.591391 -196.961029 255.686111
v -15.926003 -198.364197 270.316986
v -32.933918 -196.489029 287.101959
v -13.081529 -198.279953 289.845642
v 0.000000 -198.508652 280.420898
v -0.000000 -198.433212 286.457428
v 0.000000 -198.199524 292.579956
v -11.995310 -197.548965 307.438324
v -30.297363 -196.134415 304.611023
v -28.665291 -194.954178 322.855316
v -48.180443 -191.605438 318.933228
v -45.736038 -193.440765 300.655731
v -63.603642 -186.636429 321.378967
v -79.924965 -179.952393 321.557037
v -60.419159 -184.883591 338.510620
v -84.176102 -172.993912 346.311890
v -103.504913 -165.838226 329.307343
v -97.399414 -172.679779 307.412933
v -114.731216 -161.270874 310.062714
v -108.159866 -167.335098 294.417847
v -122.778999 -157.389816 292.877563
v -130.693512 -152.574280 275.849976
v -138.263580 -144.912033 292.745239
v -132.531631 -147.356583 311.624634
v -143.095459 -141.986465 278.648682
v -142.298325 -143.981674 262.635620
v -144.010757 -143.497482 239.207016
v -141.696625 -145.254333 213.462372
v -148.501953 -139.637848 193.931274
v -147.303024 -139.777466 175.365891
v -127.366875 -154.288773 194.444580
v -125.537720 -153.456787 174.721603
v -109.186035 -163.014267 177.830887
v -112.386261 -158.928894 158.474716
v -91.629440 -169.120468 162.546188
v -93.888504 -166.263550 150.444107
v -74.926521 -172.088989 143.051483
v -68.361946 -177.873306 163.783768
v -89.095490 -173.340439 183.042618
v -69.660995 -181.051620 185.045227
v -51.292271 -185.538818 179.902512
v -58.681229 -186.687973 201.111298
v -35.493595 -191.273956 196.522644
v -42.101181 -192.402100 216.133942
v -58.735916 -188.690155 218.197739
v -79.625336 -179.437393 199.691833
v -16.417953 -195.609970 214.793823
v -9.798242 -197.522949 233.313477
v -12.198748 -198.369751 249.899887
v 0.000000 -198.038406 243.439377
v 0.000000 -198.357941 249.657974
v -0.000000 -198.564880 261.876678
v 0.000000 -198.664246 268.011536
v -0.000000 -197.404831 231.395447
v 0.000000 -196.835587 225.115036
v 0.000000 -195.741577 213.173737
v 0.000000 -194.934631 206.845245
v -13.387999 -193.105057 192.941696
v 0.000000 -193.421478 194.992416
v 0.000000 -192.415726 188.635849
v -10.798471 -190.007370 173.649460
v 0.000000 -190.560684 176.853256
v -0.000000 -188.470978 165.196869
v -7.779810 -187.098663 157.651657
v 0.000000 -187.307388 158.763138
v -0.000000 -185.070480 147.163422
v -11.693606 -184.235718 142.965469
v -0.000000 -183.812836 140.719315
v -0.000000 -181.511520 129.141586
v -18.307747 -180.418579 126.494164
v -0.000000 -180.211349 122.699905
v -31.771618 -182.214630 142.182236
v -23.002821 -186.291107 158.519577
v -43.745419 -183.351364 159.228699
v -29.961414 -188.878723 176.508865
v -55.824669 -176.414261 136.524445
v -36.890877 -179.161118 131.017883
v -95.576668 -172.618286 200.542892
v -106.691994 -166.166107 193.609467
v -110.391525 -166.059647 211.523529
v -125.870003 -156.555222 213.000854
v -130.268967 -150.092056 166.866760
v -133.402771 -144.342117 325.580017
v -122.631439 -152.879288 326.402863
v -132.124863 -142.566864 338.197937
v -117.883720 -152.532867 344.432739
v -129.748505 -137.603424 361.839966
v -113.095863 -150.561539 361.625549
v -103.340515 -161.214233 348.675568
v -96.619408 -161.478348 361.421265
v -79.505615 -170.825089 361.227264
v -61.214375 -178.797333 361.049927
v -40.433559 -185.839050 360.888763
v -41.329731 -190.657135 336.951019
v -27.051611 -192.694489 342.199005
v -11.384981 -196.110184 325.843384
v -11.360609 -193.665833 344.116913
v 0.000000 -195.660767 329.112549
v -0.000000 -196.352798 323.534668
v -0.000000 -197.285507 310.929596
v 0.000000 -197.709808 304.970276
v -0.000000 -193.979385 342.148804
v 0.000000 -193.024185 346.733612
v -13.084021 -190.199966 360.822662
v -27.723560 -188.712173 360.830353
v 0.000000 -190.005234 360.869080
v -195.542618 -109.164169 57.425735
v -179.153030 -120.364052 58.105595
v -189.398865 -112.435684 70.997704
v -203.274078 -100.671730 74.644104
v -190.517563 -110.534729 86.794090
v -176.830612 -120.732079 76.258003
v -174.456390 -121.269409 94.339859
v -190.417374 -108.998405 108.226860
v -205.484009 -96.704903 93.618683
v -206.084152 -94.074608 109.600945
v -198.609421 -99.379410 128.191864
v -216.030487 -81.065102 115.210487
v -216.323914 -83.012276 99.893112
v -229.364166 -61.927132 99.774536
v -221.318344 -79.853897 78.878151
v -213.086578 -92.949829 56.924030
v -226.310547 -75.407852 57.675503
v -234.278412 -60.209763 63.416744
v -236.469391 -59.222984 45.126469
v -222.213058 -83.092064 42.761612
v -227.366928 -78.043968 25.996899
v -212.521835 -96.045685 27.400263
v -217.875259 -92.053452 6.080710
v -202.758881 -106.804359 4.732035
v -197.030212 -109.914581 27.174780
v -183.467896 -119.685394 21.603716
v -181.373322 -120.049881 39.883579
v -202.725754 -104.202194 42.045876
v -213.185669 -94.422836 42.450069
v -185.449219 -119.205856 3.289846
v -230.467209 -75.291313 7.324337
v -238.464508 -58.137318 26.787804
v -240.259460 -56.963631 8.419256
v -231.899628 -61.101963 81.639397
v -226.693878 -62.690914 117.806587
v -213.137955 -81.763512 133.486252
v -223.901794 -63.428020 135.725235
v -210.509262 -82.067108 152.120865
v -197.325806 -98.492752 149.931427
v -195.088699 -98.868042 168.659866
v -180.673050 -113.463020 167.130661
v -207.711395 -82.690651 170.134186
v -218.070160 -64.944984 171.258560
v -221.023773 -64.177811 153.536133
v -165.466354 -126.247063 166.037094
v -182.052902 -113.137787 148.372971
v -167.605331 -124.633598 148.189407
v -180.314621 -115.277092 129.494095
v -169.813431 -123.220802 130.296295
v -172.100571 -122.085541 112.351639
v -161.825958 -130.134064 37.752960
v -157.656662 -131.446808 61.307846
v -164.721146 -127.304329 77.177299
v -157.738113 -130.789948 95.184837
v -142.157349 -138.120819 78.590034
v -139.548660 -139.941391 100.324562
v -119.860176 -148.102966 93.176353
v -124.633774 -147.507431 112.483765
v -140.878952 -139.841339 115.308182
v -152.910187 -133.465378 109.749992
v -154.561447 -132.992355 127.086525
v -143.682709 -140.196426 146.008301
v -151.097076 -136.461456 160.509155
v -123.825645 -151.236832 145.077805
v -133.757965 -144.663376 128.780640
v -114.247444 -154.120728 128.523102
v -107.816895 -158.805496 142.844849
v -94.357544 -163.221741 132.822571
v -74.321793 -168.567520 122.699463
v -56.201893 -173.983170 124.602814
v -58.196938 -170.536942 109.443810
v -35.140697 -174.822723 107.523628
v -13.725048 -176.202789 103.239510
v 0.000000 -178.925125 116.335655
v 0.000000 -176.615738 104.701149
v 0.000000 -175.356781 98.373680
v -10.316996 -172.800705 85.813034
v 0.000000 -173.083878 86.719810
v -0.000000 -170.840408 75.055359
v -16.011578 -168.902145 67.178070
v 0.000000 -169.605453 68.773544
v 0.000000 -168.402435 62.688431
v -11.154194 -165.647247 49.467232
v -0.000000 -166.132095 50.906807
v 0.000000 -163.794388 38.896004
v -16.567848 -161.628159 30.332331
v 0.000000 -162.617172 33.006554
v 0.000000 -160.256287 20.652630
v -12.962450 -158.076630 10.913755
v -0.000000 -159.152939 15.026799
v -0.000000 -156.948425 2.364012
v -10.381688 -155.602020 -3.510242
v -0.000000 -155.986603 -3.039623
v 0.000000 -155.226486 -8.279493
v -20.179443 -152.786728 -20.087748
v 0.000000 -153.387634 -21.150990
v -28.662319 -154.748825 -2.779477
v -40.646317 -151.805954 -18.435377
v -52.714031 -153.356216 0.547319
v -33.989201 -157.301468 14.292871
v -51.934086 -156.131973 18.076788
v -74.880684 -152.354813 14.041636
v -75.348000 -150.074997 -4.546786
v -61.531631 -150.450928 -15.864408
v -82.745087 -148.531219 -12.399679
v -104.049278 -145.769073 -8.449908
v -99.306374 -148.987915 21.858854
v -81.304588 -154.343536 38.284389
v -56.937294 -157.925446 32.977299
v -58.274281 -160.849777 52.424847
v -34.130264 -163.307465 46.555435
v -39.896763 -165.940460 64.703400
v -32.173393 -170.699356 84.621994
v -58.383549 -164.127686 73.053734
v -51.443863 -168.872040 92.046120
v -73.024437 -162.855972 86.999214
v -74.994423 -160.257080 72.480476
v -77.530472 -157.957092 59.590420
v -89.988022 -156.042740 71.275658
v -100.158798 -151.364731 51.258968
v -115.817528 -147.843613 69.524643
v -96.723564 -156.129074 89.038025
v -100.571960 -157.429520 111.385323
v -80.561668 -163.359772 103.584000
v -120.979134 -145.243729 49.210690
v -139.133774 -139.152496 55.202938
v -134.224121 -140.394913 34.741409
v -112.950455 -146.616653 34.987980
v -120.811264 -143.587296 15.663389
v -98.965424 -150.312714 36.565502
v -146.683411 -136.311722 14.411699
v -169.040970 -127.302299 15.814779
v -166.245087 -129.080521 1.211209
v -146.065781 -136.480881 -1.346935
v -125.246452 -141.886185 -4.609297
v -39.037434 -159.459946 28.531670
v 208.486435 3.329153 290.340851
v 204.607239 21.696077 290.207764
v 201.249252 19.064072 306.729858
v 203.313446 -1.811525 314.308899
v 208.861679 -16.248409 294.095123
v 204.861481 -17.241016 311.481598
v 200.167374 -18.030325 328.973816
v 196.518173 -1.932232 337.498383
v 194.329269 -18.683792 346.370422
v 190.059982 -3.668384 354.517059
v 186.995651 -19.302036 363.298218
v 186.004669 -4.334649 363.991364
v 183.026398 9.889125 364.973083
v 189.099487 12.173699 350.189484
v 178.012115 23.729679 366.194702
v 186.031036 25.835615 347.160919
v 176.724243 39.700623 353.210541
v 186.526703 34.185627 336.099945
v 194.801773 18.232960 329.928894
v 191.279663 37.616989 316.525787
v 179.534882 48.654278 333.666687
v 180.679291 56.121494 314.799164
v 168.227417 65.331535 328.731323
v 166.810898 56.689594 350.514557
v 162.041809 49.611080 368.953949
v 151.286743 61.236450 370.305389
v 155.667831 71.118767 344.671875
v 142.250717 78.755234 352.792572
v 144.514694 84.137177 333.721893
v 155.865738 77.283516 328.051666
v 147.125076 87.744072 316.262054
v 132.387466 95.375595 319.843323
v 134.194229 99.172997 301.975922
v 151.761536 90.265022 297.244202
v 136.072968 103.264320 284.236298
v 149.194138 97.033997 280.292633
v 138.115112 107.807426 266.665100
v 156.282425 95.867981 270.056641
v 159.452423 99.554657 253.443481
v 170.364105 85.982101 267.078949
v 162.708572 86.560768 282.859344
v 178.798386 71.426094 283.263336
v 167.966461 76.723145 298.676727
v 161.122101 77.856636 314.005493
v 171.812286 68.140755 311.799438
v 178.467346 64.890778 301.043549
v 189.985748 51.378284 295.393982
v 192.924026 57.369343 273.079865
v 184.581940 72.909645 263.029572
v 194.450287 62.026684 257.713562
v 190.724930 71.971489 246.644836
v 199.300095 59.517387 246.966034
v 201.039291 65.231499 229.930313
v 205.331192 50.780910 242.104813
v 210.380402 46.541721 231.347702
v 213.583328 50.116154 212.048889
v 202.208588 71.993858 210.151871
v 192.620407 82.506531 217.005417
v 194.491318 88.398880 196.486496
v 176.486420 100.042084 216.430893
v 180.481598 103.517303 197.136673
v 164.643661 116.814484 197.481644
v 157.763016 113.537659 218.965195
v 158.540375 107.442162 234.486145
v 171.856628 96.029045 237.097717
v 185.563675 84.235153 232.651474
v 177.446960 85.711205 249.820663
v 140.336716 112.755867 249.253555
v 142.677338 117.935806 231.946167
v 145.023376 123.132477 214.658585
v 147.282745 128.147079 197.313538
v 206.410278 71.645493 195.685898
v 215.960876 53.559166 194.826508
v 223.061356 34.179619 193.891495
v 221.871536 23.955488 211.303955
v 227.472488 13.850920 192.793961
v 224.326279 5.534960 213.137802
v 225.942459 -8.764671 208.487915
v 222.725403 -10.446883 225.578629
v 221.405533 8.839617 227.609512
v 219.382706 -12.078465 242.646088
v 216.567429 15.664750 243.933731
v 215.142532 5.017776 259.456787
v 215.969711 -13.628260 259.721039
v 212.692764 -0.992537 272.589050
v 209.486267 15.306624 275.643066
v 210.535934 26.023762 260.380402
v 202.177338 36.260532 279.023987
v 202.900223 46.990688 257.918030
v 211.036316 35.959290 244.131348
v 216.830017 30.357805 228.457718
v 198.460159 33.341019 297.779419
v 212.493210 -15.035757 276.852600
v 228.968384 -7.052241 191.360336
v 130.454788 91.449539 337.740753
v 128.123810 86.797867 355.461670
v 138.901184 71.673454 371.536591
v 125.069038 80.751991 372.603302
v 170.992798 37.029667 367.553925
v 237.370529 41.456322 82.612930
v 234.910751 41.807873 101.045769
v 239.495102 22.741554 99.269493
v 242.457764 18.361067 79.925598
v 243.778046 22.900873 64.908470
v 240.048462 40.220554 63.319923
v 234.318375 56.436077 67.167412
v 238.918777 48.542645 53.581841
v 244.605652 29.274708 46.773003
v 240.438309 49.232693 37.836349
v 233.060181 64.560677 51.880108
v 233.402023 68.673615 32.882713
v 223.199417 84.758316 50.516033
v 225.862732 75.564842 68.361923
v 229.817642 63.729408 81.353996
v 221.078094 80.311066 86.561081
v 228.631287 60.291130 99.810432
v 217.324585 82.474716 105.345032
v 223.282883 66.561821 118.048714
v 211.966766 85.239143 126.982903
v 222.682098 61.892185 136.512741
v 213.312042 77.270813 146.604080
v 220.079514 58.813015 160.781799
v 206.399445 83.302711 162.058548
v 207.610519 75.866463 179.137543
v 194.677444 94.732666 177.275330
v 197.796875 95.651215 162.634781
v 187.119659 107.271996 164.817322
v 200.708374 96.363274 147.692795
v 184.497787 115.590088 145.103607
v 169.904160 124.025078 162.363876
v 173.141724 115.549110 180.195312
v 184.214127 105.643105 179.709259
v 149.817505 132.606186 179.658508
v 152.156525 136.630539 161.866562
v 167.304031 131.373001 141.951004
v 154.296265 140.123978 143.917206
v 156.226089 143.034683 125.804497
v 169.397263 133.195953 127.389351
v 171.581329 134.053436 114.926018
v 157.926041 145.347488 107.548866
v 173.941803 136.048080 92.615295
v 159.356400 147.055618 89.171257
v 160.493469 148.191498 70.704735
v 179.470795 134.536377 69.711853
v 161.332901 148.813736 52.179916
v 183.658981 132.305771 52.864403
v 182.903015 134.161713 34.956776
v 161.995850 149.049576 33.626038
v 180.823425 136.971710 14.935404
v 162.600739 149.159866 15.061055
v 197.296371 122.602837 14.754704
v 195.743347 123.042877 31.246639
v 205.587921 112.088898 30.538721
v 211.853241 106.321022 14.495299
v 221.112305 91.372849 29.382906
v 224.388351 88.459976 14.155731
v 234.805298 69.316559 13.753820
v 242.939331 49.148548 13.258385
v 209.893768 105.358025 48.251057
v 196.177185 121.638885 43.725315
v 196.763504 118.921219 62.324253
v 212.416809 97.869438 70.903854
v 195.911606 116.257378 86.479713
v 210.459412 96.500343 91.575470
v 204.162460 102.146126 107.829254
v 187.893280 120.570915 109.315590
v 195.853226 107.538048 127.180458
v 180.229172 123.856560 127.431053
v 217.688522 55.056644 183.043808
v 226.519836 33.951694 174.101822
v 227.363495 39.268749 159.543076
v 228.975830 40.678600 145.913284
v 231.227432 23.448191 157.812958
v 234.799362 18.682352 140.111313
v 232.545181 41.057945 120.517578
v 237.851807 12.994433 120.487648
v 241.376587 -0.323802 102.702728
v 239.108017 -1.678639 120.644318
v 236.793488 -3.022970 138.479141
v 243.598755 1.040973 84.661758
v 234.377258 -4.376888 156.201248
v 231.072830 12.239072 170.990494
v 231.787003 -5.722614 173.819794
v 245.847916 32.408009 28.157223
v 248.541168 28.155132 12.609514
v 249.613861 5.199156 30.045834
v 251.290833 6.582590 11.729498
v 247.755676 3.806602 48.319748
v 245.740204 2.418458 66.530441
v 109.545837 94.313141 358.640137
v 109.930557 88.398285 373.488037
v 93.785736 94.543793 374.186951
v 88.679718 101.305435 357.848907
v 76.845703 99.252266 374.716797
v 70.835419 105.004150 358.549164
v 59.239971 102.673500 375.103394
v 53.885616 107.518654 358.437317
v 41.058334 104.994972 375.371246
v 42.143707 108.888901 357.901306
v 28.654402 110.144257 355.527069
v 44.912693 111.590546 342.410217
v 29.578766 113.611328 336.159119
v 12.157371 113.296959 339.806396
v 23.445274 117.036636 318.596405
v 7.431444 116.425163 322.062927
v -0.000000 114.309288 333.274567
v 0.000000 113.295212 339.294586
v -0.000000 111.192619 352.121368
v 9.140287 109.562744 361.390076
v -0.000000 110.335922 357.490326
v 0.000000 107.524063 373.497253
v 1.494642 107.176888 375.649323
v 22.159870 106.428391 375.545166
v 0.000000 107.154373 375.649139
v 0.000000 116.411102 321.092377
v 0.000000 117.620956 314.920288
v 9.588292 119.865433 304.668335
v 0.000000 120.006737 302.938171
v -0.000000 122.827545 291.120728
v 12.905057 124.822853 283.890503
v 24.152029 121.085724 299.316528
v 42.812401 119.398514 303.748962
v 39.354034 115.286797 324.720215
v 56.152668 114.278473 323.342896
v 64.382256 109.717239 341.620117
v 78.624573 111.251122 324.172119
v 66.052254 117.222427 304.497284
v 86.188797 114.387207 303.204681
v 75.322395 120.421349 286.242889
v 95.190773 116.821716 285.920685
v 84.377014 124.210938 268.323822
v 63.562519 126.825348 269.273926
v 56.274792 122.340660 287.370605
v 45.235058 126.808693 274.482971
v 44.267136 123.223091 287.637970
v 32.771961 124.033318 285.978851
v 28.023499 129.296890 267.936523
v 9.789017 130.382935 264.672638
v -0.000000 127.673737 273.061279
v 0.000000 124.304291 284.897369
v 0.000000 129.397751 267.015503
v 0.000000 131.285751 261.265625
v 6.780144 135.040771 250.420166
v 21.580462 135.413452 249.290665
v 9.760147 140.752197 234.188995
v 29.130259 142.654068 228.625641
v 11.440221 147.542023 215.337738
v -0.000000 145.709518 219.843460
v -0.000000 141.418121 231.733566
v 0.000000 137.167435 243.752853
v 0.000000 147.732773 214.252411
v 0.000000 151.910980 202.346451
v 16.146198 153.950455 197.154770
v 25.930479 149.294128 210.401154
v 33.052944 153.653915 197.533447
v 40.972130 147.965591 212.807312
v 51.094410 152.789017 197.944290
v 59.100063 146.365982 214.042862
v 70.144211 151.042038 198.350494
v 78.481041 143.707382 215.196701
v 65.518265 139.362549 231.737427
v 86.584312 136.102371 232.664337
v 99.342133 139.737106 215.204208
v 89.729912 148.019073 198.640503
v 109.396828 143.342255 198.668655
v 123.742767 133.287445 212.933823
v 128.699799 136.774872 198.283676
v 127.374146 124.749550 232.102386
v 107.659698 131.353210 232.384460
v 114.424530 122.743530 250.126953
v 130.816162 116.764709 249.643951
v 123.249527 113.798035 267.802979
v 116.498283 110.396149 287.609833
v 117.644531 106.171806 302.261169
v 114.986786 103.534714 316.907074
v 119.337807 96.511391 337.696045
v 98.729446 104.092056 336.655457
v 96.753159 109.096748 316.674774
v 80.555901 106.690598 343.691315
v 104.568214 110.279579 302.139496
v 104.535126 119.710732 268.343475
v 94.899956 127.901108 250.336884
v 73.516388 131.646988 250.326218
v 46.803486 134.420914 249.898682
v 48.313278 142.291382 227.567551
v -0.000000 153.872437 196.769836
v 0.000000 135.198013 249.300369
v 29.427143 173.293350 123.399330
v 53.551170 172.091904 126.067963
v 44.901978 174.885757 108.698517
v 29.493427 175.294418 109.064278
v 13.726408 175.380325 108.241898
v 30.124586 176.472321 96.260788
v 11.670700 177.073044 88.228294
v 0.000000 176.266693 95.544800
v 0.000000 175.252014 107.523933
v -0.000000 173.566086 119.647751
v 9.652234 172.796204 126.428719
v 0.000000 172.717636 125.717690
v 0.000000 170.356720 137.847702
v 15.687554 169.496750 143.400116
v 40.643246 169.497696 141.659500
v 35.042587 165.188675 160.177505
v 54.969711 165.565674 155.235382
v 58.205517 168.736511 140.925064
v 73.953079 168.933289 133.222198
v 75.150826 172.894440 107.903381
v 97.567329 166.415451 126.462837
v 105.147293 167.483032 106.644974
v 97.885979 171.078064 89.581818
v 115.533585 166.105743 93.634773
v 122.862335 162.670059 103.086990
v 132.870102 160.215866 90.391411
v 117.612366 166.695816 77.846313
v 140.364883 158.689590 72.124016
v 119.794876 166.939163 51.671532
v 96.181885 172.305374 68.849396
v 75.209358 174.943970 81.294182
v 74.040436 175.547073 61.712334
v 54.046215 177.087952 68.634010
v 57.245247 176.948318 53.021420
v 69.600464 175.909027 46.878452
v 51.705334 177.065765 35.804085
v 74.098953 175.417038 32.928188
v 57.269886 176.631119 16.617136
v 78.371552 174.929840 15.849405
v 97.363129 172.180557 32.198746
v 99.936554 171.723602 15.464676
v 121.043198 166.654953 27.133595
v 143.228363 158.603638 32.549816
v 142.514389 159.111008 15.170863
v 121.487587 166.555511 15.282729
v 148.264389 155.615997 52.202599
v 89.047386 173.558472 49.348598
v 37.161572 177.328537 17.931005
v 31.048529 177.620758 32.033298
v 35.567886 177.715866 50.730228
v 13.739290 177.599136 36.233307
v 18.195732 177.416901 19.816607
v 0.000000 177.150543 22.076561
v -0.000000 177.306793 33.908241
v -0.000000 177.399521 40.521729
v 12.395362 177.787308 54.919075
v -0.000000 177.552536 52.417404
v 0.000000 177.532455 58.932693
v 8.833103 177.689316 71.634483
v 29.189205 177.639984 74.264336
v 51.612007 176.394180 89.594406
v 0.000000 177.042038 82.878540
v -0.000000 176.805176 89.227623
v -0.000000 177.490280 70.859482
v 139.309296 155.816483 105.657722
v 139.567108 152.462646 124.099915
v 120.724487 161.204300 118.233681
v 118.939224 157.105011 141.953888
v 90.123215 162.785019 149.412369
v 108.079582 154.495377 164.719864
v 131.957779 146.041519 165.219406
v 118.318184 146.068649 181.683807
v 132.341904 140.909042 181.268524
v 142.371674 146.564606 143.950592
v 99.095474 151.460495 182.058380
v 79.472801 155.492477 181.099777
v 89.824677 157.863892 167.950226
v 73.122421 161.938705 163.139221
v 56.236568 159.394836 176.631485
v 33.170685 159.573303 179.655243
v 13.396906 159.135422 181.371674
v 13.497675 164.473740 163.409103
v 0.000000 163.113998 167.295731
v 0.000000 159.624115 179.229065
v 0.000000 157.775940 184.856796
v -0.000000 164.794601 161.566803
v 0.000000 167.748642 149.608704
v 0.000000 169.205399 143.735367
v 69.778801 166.047379 148.353531
v -251.068237 23.778330 -10.013776
v -248.541168 28.155132 12.609514
v -245.283524 46.737053 -6.978874
v -248.582138 40.954376 -26.388437
v -252.752045 23.840830 -29.349220
v -254.391281 9.602380 -25.778269
v -256.063568 11.148244 -44.595203
v -252.608322 31.654768 -40.804424
v -254.688370 30.053419 -60.086346
v -247.852203 49.256645 -44.882694
v -239.596695 65.937233 -27.961123
v -240.268311 69.397064 -51.566025
v -229.472382 87.768135 -43.605305
v -233.286728 84.214432 -60.766029
v -241.463409 70.957565 -70.162315
v -248.737762 52.676376 -64.673042
v -249.264679 56.387314 -82.201729
v -255.823898 35.946465 -81.260277
v -259.891785 14.313690 -82.383461
v -261.962616 15.865279 -101.361092
v -255.212769 43.778122 -97.823044
v -259.580536 34.747147 -112.799789
v -264.078613 17.365368 -120.397247
v -260.713074 38.916630 -130.302124
v -266.220947 18.809372 -139.489471
v -263.052368 41.524975 -156.636658
v -268.362976 20.205921 -158.629349
v -270.489685 21.574780 -177.798126
v -265.071381 42.810398 -176.637466
v -257.425507 63.324047 -175.637070
v -255.849121 61.400360 -156.205276
v -253.088486 62.642826 -138.466263
v -248.297882 77.269180 -153.790237
v -245.644470 78.711723 -137.609146
v -242.039459 81.489334 -120.599922
v -238.066116 92.447914 -137.737915
v -228.196259 104.012474 -119.307243
v -230.953125 96.297371 -99.742188
v -217.416687 115.180168 -101.347626
v -213.489731 122.537659 -118.973656
v -224.362595 113.672859 -140.052383
v -205.472321 134.046204 -135.797134
v -214.555695 128.048920 -155.576599
v -193.426010 146.996902 -155.259354
v -209.002701 136.931229 -171.738403
v -224.320648 120.657394 -172.579620
v -227.900635 112.789207 -159.455719
v -237.274490 102.536072 -173.585480
v -237.786346 97.404724 -156.366898
v -248.160843 83.264389 -174.632187
v -191.560303 150.877045 -171.135529
v -172.594666 162.493225 -170.779648
v -171.299072 160.836563 -152.143967
v -184.511520 149.745590 -131.139648
v -170.001938 159.152390 -133.528000
v -168.726898 157.459702 -114.940079
v -182.174438 148.490692 -111.332626
v -167.496780 155.784958 -96.379463
v -191.005142 140.282120 -98.914726
v -186.526245 141.242813 -79.993317
v -204.457352 126.935417 -87.805328
v -204.492630 123.105820 -64.095032
v -219.269989 109.144264 -81.749916
v -205.256638 128.847778 -104.101616
v -222.588882 100.960327 -61.481106
v -233.399551 87.699066 -79.256401
v -242.206467 76.237183 -98.782051
v -243.076096 70.923538 -84.957397
v -248.668625 61.145344 -95.473305
v -252.424026 57.262505 -113.557510
v -214.907516 108.488976 -41.981682
v -197.892914 126.694672 -41.464863
v -181.725647 141.845825 -57.099621
v -183.691696 138.311920 -37.593033
v -192.427567 129.768387 -26.243467
v -206.530289 115.522087 -22.813395
v -192.542984 128.074295 -6.715951
v -178.950577 140.317200 -22.887346
v -173.835388 142.472015 -4.204232
v -163.609344 150.282745 -22.157547
v -164.357147 151.345657 -40.737442
v -163.026489 149.559357 -3.554443
v -162.600739 149.159866 15.061055
v -180.823425 136.971710 14.935404
v -197.296371 122.602837 14.754704
v -213.049774 106.093468 -0.789337
v -211.853241 106.321022 14.495299
v -224.388351 88.459976 14.155731
v -227.114624 85.267860 0.504348
v -224.699738 92.013733 -20.028046
v -236.484634 68.687904 -4.470625
v -234.805298 69.316559 13.753820
v -242.939331 49.148548 13.258385
v -165.277191 152.662033 -59.294945
v -166.335495 154.165253 -77.836632
v -197.434998 137.600037 -116.319489
v -257.912964 12.731929 -63.461426
v -252.848831 8.088217 -7.006677
v -251.290833 6.582590 11.729498
v -256.578461 92.819160 -351.160706
v -254.162506 100.532310 -336.587982
v -243.881927 113.303482 -352.939911
v -249.550964 95.388725 -370.605347
v -262.287659 75.102066 -359.151642
v -265.239349 77.950371 -335.608795
v -271.785645 53.316719 -348.547028
v -274.736389 52.210613 -327.012939
v -268.902924 70.499809 -310.117462
v -256.359100 98.203758 -314.659332
v -259.894135 88.842651 -289.753448
v -248.988373 109.570496 -294.311035
v -244.017090 117.966766 -307.558441
v -242.803986 119.516121 -327.981506
v -234.103760 131.005859 -311.695526
v -232.698181 131.042618 -289.036102
v -217.942459 146.380615 -307.364014
v -226.535202 138.008209 -325.809326
v -215.356201 148.000275 -322.827942
v -200.079041 158.507126 -319.382874
v -213.831635 147.689285 -337.496124
v -193.511673 160.030136 -344.299866
v -212.623535 142.579590 -364.540131
v -228.908188 133.425476 -346.091125
v -224.239120 131.939163 -366.140625
v -238.474396 114.011032 -368.497742
v -190.270386 158.105469 -361.904541
v -176.524353 165.597580 -360.493835
v -177.729279 168.529190 -341.537445
v -178.306122 170.076035 -322.377808
v -178.451508 170.557007 -303.198730
v -196.819901 160.561493 -296.449005
v -178.305801 170.263367 -284.072418
v -192.487549 162.245163 -279.311615
v -177.986069 169.421783 -264.999390
v -197.853714 158.309341 -266.131134
v -209.762863 151.148682 -284.396576
v -216.275497 144.855621 -267.391144
v -232.530518 128.807571 -268.843140
v -246.159424 110.487083 -270.420166
v -257.349091 90.716446 -272.042938
v -266.651550 70.153404 -273.589630
v -268.085876 70.697968 -292.756561
v -274.544495 53.007339 -296.934875
v -274.363373 49.071766 -275.041351
v -281.053711 28.424160 -296.591095
v -280.148132 27.400938 -276.523468
v -280.983521 29.170706 -316.775482
v -275.515625 51.355137 -312.893982
v -279.250702 29.491570 -336.912659
v -274.981537 29.532042 -356.591644
v -264.225616 52.961784 -373.955505
v -267.516815 29.381756 -375.023865
v -258.040771 75.353195 -372.431824
v -273.864136 45.095638 -258.122040
v -264.634064 69.543442 -253.300186
v -254.460144 91.125916 -250.860733
v -243.712265 109.003647 -245.269135
v -250.264114 94.418907 -233.395508
v -241.042816 108.652771 -225.894714
v -230.749847 125.257729 -235.863953
v -228.661530 123.433075 -213.276062
v -211.172684 143.362335 -225.087402
v -218.097717 140.962540 -251.008499
v -195.904572 156.847458 -239.646301
v -234.871002 123.177803 -254.323639
v -177.121063 168.391037 -246.108215
v -176.126053 167.118958 -227.240295
v -191.312057 157.607864 -222.192657
v -175.021057 165.676544 -208.398911
v -196.329437 152.856094 -210.059555
v -190.328262 154.288696 -191.023468
v -210.511276 140.605209 -202.993042
v -208.800171 139.022308 -183.916656
v -222.411102 126.653717 -193.900772
v -236.442612 108.628357 -196.070038
v -248.746872 86.499214 -191.808548
v -258.166473 64.723999 -186.312286
v -266.502441 44.457951 -192.860489
v -272.652557 22.784168 -197.418747
v -268.272186 46.501625 -212.975113
v -274.765961 23.988840 -217.083618
v -270.677460 47.241684 -234.754745
v -260.278320 72.519661 -229.491318
v -259.244141 67.692940 -204.938568
v -248.740051 92.147820 -213.776733
v -276.788422 25.184692 -236.820511
v -278.633057 26.335331 -256.638245
v -239.414993 108.024643 -212.487976
v -173.834213 164.122528 -189.581039
v -278.540222 2.270521 -232.398590
v -275.825653 -1.581192 -210.642288
v -273.735168 0.688651 -190.231491
v -272.282867 0.018681 -178.169769
v -269.932343 -21.145412 -179.011627
v -272.947083 -17.171120 -198.234650
v -266.037262 -40.144909 -199.602844
v -272.626770 -23.752209 -211.065308
v -275.443176 -20.070978 -226.727264
v -268.420502 -39.275047 -218.926941
v -270.629486 -38.435791 -238.264648
v -278.065216 -18.058846 -247.775604
v -280.814911 4.089379 -254.441727
v -280.693390 -16.308081 -276.554230
v -272.611298 -37.593826 -257.617889
v -274.208405 -36.603893 -276.994873
v -282.588654 5.406703 -276.386047
v -263.581635 -41.054985 -180.284576
v -270.789612 -1.038134 -166.402145
v -268.423889 -1.173955 -147.192490
v -266.449615 -24.850233 -158.957764
v -260.778687 -42.583763 -161.202255
v -258.007019 -44.109928 -142.144852
v -264.966492 -20.005970 -137.902863
v -260.676727 -28.358025 -118.923080
v -265.274414 -0.909463 -123.359200
v -261.734863 -9.705346 -99.762062
v -259.471924 -10.586662 -80.566696
v -258.028320 -1.485353 -63.826092
v -256.002716 -9.936248 -44.800129
v -255.489304 -26.652544 -67.645027
v -251.130890 -35.332981 -43.794323
v -247.795502 -50.423538 -66.438980
v -250.126465 -48.784706 -85.279465
v -257.426178 -28.882013 -89.942764
v -252.628754 -47.177670 -104.177643
v -258.841003 -28.674704 -103.089584
v -255.278488 -45.631989 -123.133133
v -245.693192 -52.088123 -47.653030
v -243.808350 -53.752525 -28.919807
v -249.868301 -35.755871 -27.671539
v -248.791382 -36.468231 -14.238957
v -253.155579 -17.106276 -23.929598
v -251.329910 -19.372255 -4.833397
v -247.259796 -36.238403 9.807246
v -250.890564 -14.881492 10.916870
v -242.049179 -55.386208 -10.233677
v -240.259460 -56.963631 8.419256
v -283.475952 7.363876 -297.638397
v -282.050385 -11.027960 -301.393402
v -274.240723 -36.864388 -296.745148
v -280.409302 -16.344093 -318.098389
v -283.014954 6.997098 -318.638245
v -279.506317 3.445367 -340.929169
v -273.585571 11.048596 -361.705261
v -271.420807 -15.288644 -358.027039
v -276.937927 -20.738745 -334.100525
v -270.163330 -36.592262 -336.717133
v -273.145081 -36.914959 -316.665466
v -264.588989 -35.472488 -356.511658
v -256.590759 -33.379425 -375.531097
v -263.772491 -12.952412 -375.649323
v -267.351685 7.642063 -375.533234
v 248.541168 28.155132 12.609514
v 251.068237 23.778330 -10.013776
v 245.283524 46.737053 -6.978874
v 242.939331 49.148548 13.258385
v 236.484634 68.687904 -4.470625
v 234.805298 69.316559 13.753820
v 227.114624 85.267860 0.504348
v 224.699738 92.013733 -20.028046
v 213.049774 106.093468 -0.789337
v 206.530289 115.522087 -22.813395
v 192.542984 128.074295 -6.715951
v 197.296371 122.602837 14.754704
v 180.823425 136.971710 14.935404
v 173.835388 142.472015 -4.204232
v 162.600739 149.159866 15.061055
v 163.026489 149.559357 -3.554443
v 163.609344 150.282745 -22.157547
v 178.950577 140.317200 -22.887346
v 164.357147 151.345657 -40.737442
v 183.691696 138.311920 -37.593033
v 181.725647 141.845825 -57.099621
v 165.277191 152.662033 -59.294945
v 166.335495 154.165253 -77.836632
v 186.526245 141.242813 -79.993317
v 167.496780 155.784958 -96.379463
v 191.005142 140.282120 -98.914726
v 182.174438 148.490692 -111.332626
v 197.434998 137.600037 -116.319489
v 184.511520 149.745590 -131.139648
v 168.726898 157.459702 -114.940079
v 170.001938 159.152390 -133.528000
v 171.299072 160.836563 -152.143967
v 193.426010 146.996902 -155.259354
v 172.594666 162.493225 -170.779648
v 191.560303 150.877045 -171.135529
v 209.002701 136.931229 -171.738403
v 214.555695 128.048920 -155.576599
v 224.320648 120.657394 -172.579620
v 227.900635 112.789207 -159.455719
v 237.274490 102.536072 -173.585480
v 237.786346 97.404724 -156.366898
v 248.160843 83.264389 -174.632187
v 248.297882 77.269180 -153.790237
v 257.425507 63.324047 -175.637070
v 255.849121 61.400360 -156.205276
v 263.052368 41.524975 -156.636658
v 265.071381 42.810398 -176.637466
v 270.489685 21.574780 -177.798126
v 268.362976 20.205921 -158.629349
v 266.220947 18.809372 -139.489471
v 260.713074 38.916630 -130.302124
v 264.078613 17.365368 -120.397247
v 259.580536 34.747147 -112.799789
v 261.962616 15.865279 -101.361092
v 255.212769 43.778122 -97.823044
v 255.823898 35.946465 -81.260277
v 259.891785 14.313690 -82.383461
v 254.688370 30.053419 -60.086346
v 248.737762 52.676376 -64.673042
v 247.852203 49.256645 -44.882694
v 252.608322 31.654768 -40.804424
v 256.063568 11.148244 -44.595203
v 252.752045 23.840830 -29.349220
v 248.582138 40.954376 -26.388437
v 254.391281 9.602380 -25.778269
v 252.848831 8.088217 -7.006677
v 251.290833 6.582590 11.729498
v 257.912964 12.731929 -63.461426
v 239.596695 65.937233 -27.961123
v 240.268311 69.397064 -51.566025
v 229.472382 87.768135 -43.605305
v 214.907516 108.488976 -41.981682
v 222.588882 100.960327 -61.481106
v 204.492630 123.105820 -64.095032
v 197.892914 126.694672 -41.464863
v 192.427567 129.768387 -26.243467
v 219.269989 109.144264 -81.749916
v 204.457352 126.935417 -87.805328
v 217.416687 115.180168 -101.347626
v 205.256638 128.847778 -104.101616
v 213.489731 122.537659 -118.973656
v 205.472321 134.046204 -135.797134
v 224.362595 113.672859 -140.052383
v 228.196259 104.012474 -119.307243
v 238.066116 92.447914 -137.737915
v 242.039459 81.489334 -120.599922
v 245.644470 78.711723 -137.609146
v 253.088486 62.642826 -138.466263
v 252.424026 57.262505 -113.557510
v 242.206467 76.237183 -98.782051
v 230.953125 96.297371 -99.742188
v 233.399551 87.699066 -79.256401
v 243.076096 70.923538 -84.957397
v 248.668625 61.145344 -95.473305
v 249.264679 56.387314 -82.201729
v 241.463409 70.957565 -70.162315
v 233.286728 84.214432 -60.766029
v 211.853241 106.321022 14.495299
v 224.388351 88.459976 14.155731
v 254.162506 100.532310 -336.587982
v 256.578461 92.819160 -351.160706
v 243.881927 113.303482 -352.939911
v 242.803986 119.516121 -327.981506
v 256.359100 98.203758 -314.659332
v 244.017090 117.966766 -307.558441
v 248.988373 109.570496 -294.311035
v 232.698181 131.042618 -289.036102
v 246.159424 110.487083 -270.420166
v 259.894135 88.842651 -289.753448
v 257.349091 90.716446 -272.042938
v 266.651550 70.153404 -273.589630
v 268.085876 70.697968 -292.756561
v 268.902924 70.499809 -310.117462
v 274.544495 53.007339 -296.934875
v 275.515625 51.355137 -312.893982
v 274.736389 52.210613 -327.012939
v 265.239349 77.950371 -335.608795
v 271.785645 53.316719 -348.547028
v 279.250702 29.491570 -336.912659
v 280.983521 29.170706 -316.775482
v 274.981537 29.532042 -356.591644
v 264.225616 52.961784 -373.955505
v 267.516815 29.381756 -375.023865
v 262.287659 75.102066 -359.151642
v 258.040771 75.353195 -372.431824
v 249.550964 95.388725 -370.605347
v 281.053711 28.424160 -296.591095
v 274.363373 49.071766 -275.041351
v 280.148132 27.400938 -276.523468
v 232.530518 128.807571 -268.843140
v 216.275497 144.855621 -267.391144
v 209.762863 151.148682 -284.396576
v 197.853714 158.309341 -266.131134
v 192.487549 162.245163 -279.311615
v 177.986069 169.421783 -264.999390
v 178.305801 170.263367 -284.072418
v 196.819901 160.561493 -296.449005
v 178.451508 170.557007 -303.198730
v 200.079041 158.507126 -319.382874
v 178.306122 170.076035 -322.377808
v 193.511673 160.030136 -344.299866
v 177.729279 168.529190 -341.537445
v 176.524353 165.597580 -360.493835
v 190.270386 158.105469 -361.904541
v 212.623535 142.579590 -364.540131
v 213.831635 147.689285 -337.496124
v 228.908188 133.425476 -346.091125
v 226.535202 138.008209 -325.809326
v 234.103760 131.005859 -311.695526
v 217.942459 146.380615 -307.364014
v 215.356201 148.000275 -322.827942
v 224.239120 131.939163 -366.140625
v 238.474396 114.011032 -368.497742
v 273.864136 45.095638 -258.122040
v 264.634064 69.543442 -253.300186
v 270.677460 47.241684 -234.754745
v 260.278320 72.519661 -229.491318
v 268.272186 46.501625 -212.975113
v 274.765961 23.988840 -217.083618
v 272.652557 22.784168 -197.418747
v 266.502441 44.457951 -192.860489
v 258.166473 64.723999 -186.312286
v 259.244141 67.692940 -204.938568
v 248.746872 86.499214 -191.808548
v 236.442612 108.628357 -196.070038
v 222.411102 126.653717 -193.900772
v 208.800171 139.022308 -183.916656
v 210.511276 140.605209 -202.993042
v 228.661530 123.433075 -213.276062
v 211.172684 143.362335 -225.087402
v 230.749847 125.257729 -235.863953
v 218.097717 140.962540 -251.008499
v 195.904572 156.847458 -239.646301
v 234.871002 123.177803 -254.323639
v 243.712265 109.003647 -245.269135
v 254.460144 91.125916 -250.860733
v 250.264114 94.418907 -233.395508
v 241.042816 108.652771 -225.894714
v 248.740051 92.147820 -213.776733
v 239.414993 108.024643 -212.487976
v 177.121063 168.391037 -246.108215
v 176.126053 167.118958 -227.240295
v 191.312057 157.607864 -222.192657
v 175.021057 165.676544 -208.398911
v 196.329437 152.856094 -210.059555
v 190.328262 154.288696 -191.023468
v 173.834213 164.122528 -189.581039
v 276.788422 25.184692 -236.820511
v 278.633057 26.335331 -256.638245
v 278.540222 2.270521 -232.398590
v 275.825653 -1.581192 -210.642288
v 275.443176 -20.070978 -226.727264
v 272.626770 -23.752209 -211.065308
v 268.420502 -39.275047 -218.926941
v 270.629486 -38.435791 -238.264648
v 278.065216 -18.058846 -247.775604
v 272.611298 -37.593826 -257.617889
v 280.693390 -16.308081 -276.554230
v 274.208405 -36.603893 -276.994873
v 280.814911 4.089379 -254.441727
v 282.588654 5.406703 -276.386047
v 266.037262 -40.144909 -199.602844
v 272.947083 -17.171120 -198.234650
v 269.932343 -21.145412 -179.011627
v 273.735168 0.688651 -190.231491
v 272.282867 0.018681 -178.169769
v 263.581635 -41.054985 -180.284576
v 270.789612 -1.038134 -166.402145
v 268.423889 -1.173955 -147.192490
v 266.449615 -24.850233 -158.957764
v 260.778687 -42.583763 -161.202255
v 258.007019 -44.109928 -142.144852
v 264.966492 -20.005970 -137.902863
v 260.676727 -28.358025 -118.923080
v 255.278488 -45.631989 -123.133133
v 252.628754 -47.177670 -104.177643
v 258.841003 -28.674704 -103.089584
v 257.426178 -28.882013 -89.942764
v 261.734863 -9.705346 -99.762062
v 259.471924 -10.586662 -80.566696
v 255.489304 -26.652544 -67.645027
v 258.028320 -1.485353 -63.826092
v 256.002716 -9.936248 -44.800129
v 253.155579 -17.106276 -23.929598
v 251.130890 -35.332981 -43.794323
v 249.868301 -35.755871 -27.671539
v 243.808350 -53.752525 -28.919807
v 245.693192 -52.088123 -47.653030
v 247.795502 -50.423538 -66.438980
v 250.126465 -48.784706 -85.279465
v 248.791382 -36.468231 -14.238957
v 242.049179 -55.386208 -10.233677
v 247.259796 -36.238403 9.807246
v 240.259460 -56.963631 8.419256
v 251.329910 -19.372255 -4.833397
v 250.890564 -14.881492 10.916870
v 265.274414 -0.909463 -123.359200
v 283.475952 7.363876 -297.638397
v 283.014954 6.997098 -318.638245
v 279.506317 3.445367 -340.929169
v 273.585571 11.048596 -361.705261
v 267.351685 7.642063 -375.533234
v 271.420807 -15.288644 -358.027039
v 263.772491 -12.952412 -375.649323
v 256.590759 -33.379425 -375.531097
v 264.588989 -35.472488 -356.511658
v 270.163330 -36.592262 -336.717133
v 276.937927 -20.738745 -334.100525
v 273.145081 -36.914959 -316.665466
v 280.409302 -16.344093 -318.098389
v 274.240723 -36.864388 -296.745148
v 282.050385 -11.027960 -301.393402
vn -0.9528 0.2029 0.2260
vn -0.9143 0.3278 0.2380
vn -0.9144 0.3313 0.2328
vn -0.8661 0.4386 0.2399
vn -0.8681 0.4386 0.2325
vn -0.8234 0.4972 0.2734
vn -0.7860 0.5708 0.2375
vn -0.7860 0.5754 0.2261
vn -0.7686 0.5852 0.2583
vn -0.7691 0.5827 0.2626
vn -0.6930 0.6770 0.2477
vn -0.6921 0.6680 0.2735
vn -0.7255 0.6468 0.2350
vn -0.7751 0.5770 0.2576
vn -0.7987 0.5559 0.2306
vn -0.8384 0.4748 0.2675
vn -0.8472 0.4792 0.2294
vn -0.8564 0.4478 0.2570
vn -0.9099 0.3563 0.2123
vn -0.9011 0.3571 0.2461
vn -0.9484 0.2567 0.1861
vn -0.9335 0.2519 0.2550
vn -0.9186 0.3263 0.2230
vn -0.9200 0.3285 0.2135
vn -0.9413 0.2935 0.1671
vn -0.9582 0.1955 0.2087
vn -0.9756 0.1463 0.1635
vn -0.9660 0.1497 0.2106
vn -0.9832 0.0544 0.1743
vn -0.9807 0.0492 0.1894
vn -0.9821 0.0580 0.1793
vn -0.9628 0.1991 0.1827
vn -0.9812 0.0474 0.1872
vn -0.9795 0.0464 0.1963
vn -0.9645 0.0863 0.2498
vn -0.9837 0.0927 0.1539
vn -0.9787 0.0462 0.1998
vn -0.9780 0.0463 0.2036
vn -0.9591 0.1429 0.2443
vn -0.9575 0.2009 0.2069
vn -0.9691 0.1547 0.1920
vn -0.9745 0.0524 0.2182
vn -0.9760 0.0589 0.2097
vn -0.9728 0.0614 0.2231
vn -0.9723 0.0560 0.2269
vn -0.9641 0.0489 0.2609
vn -0.9573 0.0683 0.2809
vn -0.9429 0.1843 0.2773
vn -0.9262 0.1990 0.3202
vn -0.9003 0.2767 0.3361
vn -0.8719 0.2842 0.3988
vn -0.8334 0.3875 0.3940
vn -0.8414 0.4125 0.3491
vn -0.8279 0.4552 0.3276
vn -0.7847 0.5131 0.3479
vn -0.7655 0.5091 0.3934
vn -0.6935 0.5942 0.4075
vn -0.6590 0.6571 0.3660
vn -0.6190 0.6915 0.3724
vn -0.5980 0.7500 0.2827
vn -0.5958 0.7506 0.2855
vn -0.6621 0.7000 0.2675
vn -0.6603 0.6986 0.2756
vn -0.6784 0.6879 0.2578
vn -0.7450 0.6144 0.2597
vn -0.7537 0.5942 0.2809
vn -0.6788 0.6897 0.2521
vn -0.7038 0.6712 0.2327
vn -0.6144 0.7583 0.2182
vn -0.6041 0.7511 0.2663
vn -0.6650 0.7129 0.2223
vn -0.5686 0.7900 0.2293
vn -0.5505 0.7820 0.2922
vn -0.4985 0.8298 0.2507
vn -0.4911 0.8259 0.2770
vn -0.5905 0.7567 0.2806
vn -0.4983 0.8152 0.2953
vn -0.4919 0.8120 0.3142
vn -0.5908 0.7546 0.2856
vn -0.6179 0.7211 0.3133
vn -0.6769 0.6883 0.2608
vn -0.6767 0.6795 0.2835
vn -0.7091 0.6605 0.2468
vn -0.7636 0.5817 0.2801
vn -0.7698 0.5931 0.2359
vn -0.7900 0.5643 0.2396
vn -0.8599 0.4653 0.2099
vn -0.8535 0.4643 0.2367
vn -0.8687 0.4488 0.2096
vn -0.9242 0.3293 0.1934
vn -0.8000 0.5587 0.2189
vn -0.7895 0.5670 0.2348
vn -0.7076 0.6594 0.2539
vn -0.7130 0.6493 0.2646
vn -0.6239 0.7363 0.2618
vn -0.5840 0.7535 0.3020
vn -0.5868 0.7633 0.2704
vn -0.4935 0.8177 0.2964
vn -0.5026 0.8068 0.3107
vn -0.5123 0.8093 0.2875
vn -0.5196 0.8004 0.2991
vn -0.5927 0.7554 0.2795
vn -0.4895 0.8150 0.3101
vn -0.4782 0.8352 0.2715
vn -0.5911 0.7640 0.2587
vn -0.4772 0.8387 0.2626
vn -0.4901 0.8365 0.2448
vn -0.4888 0.8414 0.2307
vn -0.4909 0.8408 0.2283
vn -0.4922 0.8350 0.2461
vn -0.5007 0.8326 0.2367
vn -0.5854 0.7728 0.2452
vn -0.5852 0.7713 0.2505
vn -0.5883 0.7700 0.2470
vn -0.5055 0.8129 0.2894
vn -0.5144 0.8104 0.2804
vn -0.5107 0.7701 0.3822
vn -0.5304 0.7654 0.3645
vn -0.6195 0.6913 0.3719
vn -0.6899 0.6564 0.3053
vn -0.7673 0.5014 0.3999
vn -0.7522 0.5943 0.2847
vn -0.8435 0.4555 0.2847
vn -0.8923 0.3550 0.2789
vn -0.9009 0.3454 0.2628
vn -0.8256 0.3945 0.4034
vn -0.8719 0.2804 0.4015
vn -0.9035 0.1630 0.3964
vn -0.9031 0.1616 0.3979
vn -0.9174 0.0424 0.3957
vn -0.9161 0.0443 0.3985
vn -0.9303 0.0691 0.3601
vn -0.8892 0.3451 0.3003
vn -0.9183 0.1552 0.3643
vn -0.9439 0.1911 0.2692
vn -0.9465 0.0455 0.3194
vn -0.9781 0.0475 0.2024
vn -0.9291 0.2877 0.2324
vn -0.8642 0.4491 0.2266
vn -0.8638 0.4491 0.2285
vn -0.8562 0.4571 0.2407
vn -0.8865 0.3778 0.2672
vn -0.9595 0.1960 0.2024
vn -0.9539 0.1993 0.2243
vn -0.8977 0.3768 0.2283
vn -0.9239 0.2803 0.2603
vn -0.8562 0.4569 0.2411
vn -0.7908 0.5514 0.2657
vn -0.7212 0.6307 0.2867
vn -0.6217 0.7444 0.2435
vn -0.6517 0.7006 0.2905
vn -0.7750 0.5793 0.2526
vn -0.6961 0.6696 0.2591
vn -0.7405 0.6143 0.2726
vn -0.8305 0.4989 0.2478
vn -0.8647 0.4448 0.2333
vn -0.9370 0.2972 0.1835
vn -0.9006 0.3431 0.2667
vn -0.9522 0.1830 0.2448
vn -0.9519 0.2027 0.2299
vn -0.9760 -0.0881 0.1994
vn -0.9720 -0.0862 0.2187
vn -0.9706 -0.0909 0.2227
vn -0.9636 -0.0802 0.2550
vn -0.9583 -0.0919 0.2704
vn -0.9447 -0.1969 0.2622
vn -0.9329 -0.2143 0.2894
vn -0.9276 -0.1908 0.3212
vn -0.9419 -0.0817 0.3258
vn -0.9158 -0.0721 0.3952
vn -0.9161 -0.0732 0.3942
vn -0.8996 -0.1916 0.3923
vn -0.9041 -0.1844 0.3855
vn -0.8778 -0.2883 0.3825
vn -0.8786 -0.3032 0.3689
vn -0.9090 -0.3081 0.2806
vn -0.9070 -0.3113 0.2837
vn -0.9174 -0.3325 0.2188
vn -0.9208 -0.3276 0.2115
vn -0.9231 -0.3388 0.1819
vn -0.9248 -0.3365 0.1776
vn -0.9255 -0.3428 0.1608
vn -0.9301 -0.3365 0.1474
vn -0.9587 -0.2211 0.1790
vn -0.9569 -0.2225 0.1867
vn -0.9794 -0.1096 0.1694
vn -0.9752 -0.1055 0.1947
vn -0.9618 -0.2329 0.1441
vn -0.9615 -0.2186 0.1662
vn -0.9585 -0.2202 0.1812
vn -0.9583 -0.2338 0.1645
vn -0.9204 -0.3603 0.1519
vn -0.9219 -0.3601 0.1430
vn -0.9192 -0.3672 0.1424
vn -0.9182 -0.3673 0.1484
vn -0.9579 -0.2359 0.1637
vn -0.9591 -0.2359 0.1567
vn -0.9811 -0.0895 0.1714
vn -0.9818 -0.0957 0.1639
vn -0.9793 -0.0955 0.1786
vn -0.9796 -0.0989 0.1747
vn -0.9592 -0.2326 0.1608
vn -0.9173 -0.3712 0.1441
vn -0.9171 -0.3720 0.1431
vn -0.9175 -0.3712 0.1430
vn -0.9579 -0.2338 0.1664
vn -0.9783 -0.0986 0.1822
vn -0.9783 -0.0987 0.1822
vn -0.9228 -0.3544 0.1508
vn -0.9233 -0.3544 0.1482
vn -0.9776 -0.0978 0.1865
vn -0.9774 -0.0912 0.1908
vn -0.9571 -0.2365 0.1674
vn -0.9574 -0.2090 0.1995
vn -0.9267 -0.3297 0.1804
vn -0.9594 -0.2060 0.1924
vn -0.9510 -0.2143 0.2228
vn -0.9463 -0.0738 0.3148
vn -0.9583 -0.2010 0.2030
vn -0.9762 -0.0915 0.1964
vn -0.9673 0.2209 0.1249
vn -0.9671 0.2208 0.1260
vn -0.9367 0.3267 0.1264
vn -0.9244 0.3503 0.1506
vn -0.9296 0.3491 0.1185
vn -0.8755 0.4610 0.1451
vn -0.8763 0.4549 0.1589
vn -0.8312 0.5389 0.1370
vn -0.8313 0.5392 0.1348
vn -0.8463 0.5213 0.1091
vn -0.8961 0.4243 0.1302
vn -0.8934 0.4278 0.1371
vn -0.8933 0.4325 0.1221
vn -0.8573 0.5062 0.0934
vn -0.8556 0.5009 0.1304
vn -0.8921 0.4419 0.0945
vn -0.9094 0.3936 0.1343
vn -0.9296 0.3517 0.1104
vn -0.9431 0.2987 0.1458
vn -0.9450 0.3075 0.1115
vn -0.9682 0.2195 0.1203
vn -0.9680 0.2196 0.1213
vn -0.9877 0.1276 0.0899
vn -0.9856 0.1286 0.1100
vn -0.9857 0.1427 0.0898
vn -0.9808 0.1448 0.1303
vn -0.9875 0.1218 0.0996
vn -0.9624 0.2538 0.0973
vn -0.9624 0.2536 0.0971
vn -0.9284 0.3598 0.0932
vn -0.9281 0.3600 0.0946
vn -0.9251 0.3711 0.0803
vn -0.8713 0.4841 0.0802
vn -0.8733 0.4828 0.0649
vn -0.8322 0.5473 0.0891
vn -0.8007 0.5982 0.0327
vn -0.7990 0.5932 0.0987
vn -0.8173 0.5723 0.0664
vn -0.7449 0.6652 0.0518
vn -0.7444 0.6656 0.0523
vn -0.7444 0.6659 0.0490
vn -0.6634 0.7458 0.0608
vn -0.6682 0.7424 0.0487
vn -0.5924 0.8036 0.0583
vn -0.5785 0.8151 0.0310
vn -0.5769 0.8150 0.0545
vn -0.6571 0.7529 0.0374
vn -0.5559 0.8309 0.0230
vn -0.5932 0.8040 0.0410
vn -0.5851 0.8092 0.0537
vn -0.5848 0.8064 0.0880
vn -0.5872 0.8049 0.0857
vn -0.5798 0.8058 0.1200
vn -0.5878 0.7979 0.1335
vn -0.6585 0.7402 0.1358
vn -0.6595 0.7375 0.1453
vn -0.7121 0.6791 0.1781
vn -0.7156 0.6829 0.1466
vn -0.6446 0.7403 0.1906
vn -0.6461 0.7407 0.1843
vn -0.5614 0.7989 0.2161
vn -0.5556 0.7922 0.2522
vn -0.5646 0.7805 0.2685
vn -0.5720 0.7892 0.2234
vn -0.5231 0.8055 0.2785
vn -0.6253 0.7382 0.2533
vn -0.6547 0.7206 0.2281
vn -0.6573 0.7245 0.2075
vn -0.7285 0.6510 0.2133
vn -0.7400 0.6428 0.1980
vn -0.8073 0.5528 0.2067
vn -0.8105 0.5560 0.1844
vn -0.8279 0.5374 0.1606
vn -0.8596 0.4697 0.2012
vn -0.8669 0.4766 0.1461
vn -0.8739 0.4552 0.1707
vn -0.9330 0.3247 0.1550
vn -0.9329 0.3229 0.1593
vn -0.9655 0.2005 0.1664
vn -0.9721 0.1828 0.1470
vn -0.9699 0.1798 0.1643
vn -0.9891 0.1061 0.1018
vn -0.9867 0.0628 0.1499
vn -0.9801 0.1011 0.1706
vn -0.9660 0.2200 0.1357
vn -0.9658 0.2190 0.1390
vn -0.9778 0.1848 0.0985
vn -0.9882 0.0810 0.1302
vn -0.9872 0.0860 0.1346
vn -0.9876 0.0860 0.1314
vn -0.9876 0.0987 0.1218
vn -0.9866 0.0997 0.1291
vn -0.9867 0.1001 0.1284
vn -0.9873 0.0990 0.1241
vn -0.9875 0.1040 0.1183
vn -0.9656 0.2209 0.1371
vn -0.9301 0.3375 0.1449
vn -0.9298 0.3391 0.1427
vn -0.9868 0.0801 0.1407
vn -0.9657 0.2209 0.1366
vn -0.9854 0.0641 0.1580
vn -0.9849 0.0593 0.1628
vn -0.9267 0.3310 0.1779
vn -0.8726 0.4520 0.1854
vn -0.9261 0.3340 0.1756
vn -0.8718 0.4559 0.1795
vn -0.8027 0.5614 0.2014
vn -0.7999 0.5676 0.1949
vn -0.7197 0.6573 0.2237
vn -0.8851 0.4403 0.1508
vn -0.8278 0.5373 0.1614
vn -0.8046 0.5803 0.1257
vn -0.8008 0.5678 0.1904
vn -0.7411 0.6480 0.1753
vn -0.7410 0.6483 0.1750
vn -0.7272 0.6451 0.2344
vn -0.6643 0.7147 0.2191
vn -0.5671 0.7931 0.2220
vn -0.5676 0.8012 0.1892
vn -0.5742 0.7981 0.1825
vn -0.5789 0.8002 0.1565
vn -0.6656 0.7152 0.2133
vn -0.6413 0.7446 0.1854
vn -0.7404 0.6482 0.1779
vn -0.7478 0.6490 0.1403
vn -0.7478 0.6490 0.1400
vn -0.6438 0.7474 0.1642
vn -0.6814 0.7247 0.1024
vn -0.5784 0.8008 0.1553
vn -0.6826 0.7214 0.1172
vn -0.6906 0.7159 0.1033
vn -0.7797 0.6188 0.0957
vn -0.7856 0.6080 0.1147
vn -0.7726 0.6234 0.1200
vn -0.7529 0.6543 0.0719
vn -0.6857 0.7241 0.0746
vn -0.6814 0.7270 0.0848
vn -0.6610 0.7492 0.0423
vn -0.7542 0.6535 0.0650
vn -0.8750 0.4741 0.0976
vn -0.9628 0.2485 0.1061
vn -0.9633 0.2476 0.1038
vn -0.9877 0.1039 0.1172
vn -0.9697 0.1968 0.1447
vn -0.9367 0.3250 0.1301
vn -0.9633 0.2487 0.1008
vn -0.9303 0.3514 0.1052
vn -0.8900 0.4421 0.1117
vn -0.8323 0.5473 0.0882
vn -0.9133 0.3984 0.0849
vn -0.9380 0.3249 0.1208
vn -0.8466 0.5198 0.1146
vn -0.7897 0.6061 0.0954
vn -0.7977 0.5748 0.1824
vn -0.8815 0.4554 0.1245
vn -0.9317 0.3367 0.1360
vn -0.8963 0.4280 0.1157
vn -0.9701 0.1833 0.1593
vn -0.9738 0.2025 0.1033
vn -0.9377 0.3265 0.1189
vn -0.9957 -0.0254 0.0892
vn -0.9947 -0.0256 0.0992
vn -0.9917 -0.0526 0.1173
vn -0.9901 -0.1233 0.0665
vn -0.9844 -0.1250 0.1242
vn -0.9819 -0.1712 0.0816
vn -0.9492 -0.2934 0.1132
vn -0.9553 -0.2908 0.0528
vn -0.9393 -0.3332 0.0825
vn -0.9378 -0.3342 0.0943
vn -0.9410 -0.3206 0.1082
vn -0.9412 -0.3204 0.1072
vn -0.9395 -0.3323 0.0833
vn -0.9313 -0.3458 0.1145
vn -0.9312 -0.3474 0.1105
vn -0.9697 -0.2038 0.1345
vn -0.9770 -0.1851 0.1063
vn -0.9857 -0.0693 0.1539
vn -0.9917 -0.0693 0.1080
vn -0.9910 -0.0578 0.1209
vn -0.9906 -0.0574 0.1242
vn -0.9893 -0.0630 0.1318
vn -0.9702 -0.1949 0.1442
vn -0.9731 -0.1946 0.1229
vn -0.9757 -0.1084 0.1903
vn -0.9875 -0.1160 0.1065
vn -0.9862 -0.0917 0.1380
vn -0.9846 -0.0915 0.1490
vn -0.9844 -0.0895 0.1514
vn -0.9608 -0.2326 0.1506
vn -0.9599 -0.2457 0.1349
vn -0.9174 -0.3720 0.1417
vn -0.9170 -0.3735 0.1397
vn -0.9181 -0.3731 0.1336
vn -0.9186 -0.3705 0.1371
vn -0.9230 -0.3650 0.1220
vn -0.9237 -0.3590 0.1341
vn -0.9245 -0.3580 0.1306
vn -0.9244 -0.3588 0.1293
vn -0.9275 -0.3545 0.1191
vn -0.9615 -0.2281 0.1532
vn -0.9552 -0.2711 0.1184
vn -0.9584 -0.2454 0.1457
vn -0.9488 -0.2647 0.1723
vn -0.9666 -0.2347 0.1026
vn -0.9895 -0.0636 0.1300
vn -0.9921 -0.0392 0.1192
vn -0.9921 -0.0393 0.1190
vn -0.9865 -0.1448 0.0767
vn -0.9808 -0.1390 0.1367
vn -0.9928 -0.0335 0.1147
vn -0.9936 -0.0339 0.1074
vn -0.9703 -0.2091 0.1219
vn -0.9275 -0.3531 0.1224
vn -0.9762 -0.1822 0.1177
vn -0.9728 -0.2191 0.0750
vn -0.9435 -0.3235 0.0715
vn -0.9691 -0.2205 0.1108
vn -0.9944 -0.0528 0.0916
vn -0.9955 -0.0220 0.0921
vn -0.4021 0.8386 0.3674
vn -0.4008 0.8727 0.2790
vn -0.3967 0.8737 0.2815
vn -0.4018 0.8844 0.2374
vn -0.3828 0.8966 0.2228
vn -0.3813 0.8956 0.2289
vn -0.3824 0.8948 0.2305
vn -0.2905 0.9312 0.2204
vn -0.2885 0.9258 0.2443
vn -0.2649 0.9376 0.2250
vn -0.2556 0.9230 0.2876
vn -0.2098 0.9408 0.2662
vn -0.2068 0.9276 0.3113
vn -0.1650 0.9427 0.2899
vn -0.1613 0.9220 0.3520
vn -0.2118 0.9208 0.3276
vn -0.2430 0.9059 0.3469
vn -0.3051 0.8973 0.3191
vn -0.3314 0.8815 0.3362
vn -0.3357 0.8973 0.2865
vn -0.2945 0.9038 0.3104
vn -0.3762 0.8766 0.3000
vn -0.3775 0.8850 0.2727
vn -0.3708 0.8860 0.2786
vn -0.3689 0.8964 0.2458
vn -0.3808 0.8755 0.2974
vn -0.3795 0.8710 0.3120
vn -0.3884 0.8650 0.3176
vn -0.3890 0.8664 0.3132
vn -0.3883 0.8669 0.3126
vn -0.3905 0.8696 0.3023
vn -0.4105 0.8460 0.3403
vn -0.3110 0.8955 0.3184
vn -0.2696 0.8936 0.3588
vn -0.2698 0.9104 0.3136
vn -0.2177 0.9176 0.3325
vn -0.1745 0.9175 0.3575
vn -0.1768 0.9298 0.3228
vn -0.1287 0.9297 0.3451
vn -0.1088 0.9372 0.3315
vn -0.0763 0.9363 0.3429
vn -0.0783 0.9386 0.3361
vn -0.0362 0.9417 0.3344
vn -0.0366 0.9387 0.3427
vn -0.0291 0.9408 0.3377
vn -0.0028 0.9397 0.3419
vn 0.0009 0.9432 0.3322
vn -0.0093 0.9455 0.3255
vn 0.0134 0.9441 0.3293
vn 0.0157 0.9435 0.3311
vn 0.0166 0.9402 0.3402
vn 0.0179 0.9412 0.3374
vn 0.0212 0.9404 0.3394
vn 0.0196 0.9426 0.3334
vn 0.0259 0.9445 0.3276
vn 0.0334 0.9419 0.3344
vn 0.0293 0.9501 0.3106
vn 0.0220 0.9489 0.3148
vn 0.0209 0.9499 0.3119
vn 0.0311 0.9612 0.2741
vn 0.0243 0.9593 0.2815
vn 0.0173 0.9616 0.2738
vn 0.0211 0.9728 0.2308
vn 0.0224 0.9733 0.2286
vn 0.0276 0.9723 0.2321
vn 0.0208 0.9805 0.1952
vn 0.0256 0.9813 0.1909
vn 0.0270 0.9810 0.1923
vn 0.0241 0.9852 0.1700
vn 0.0132 0.9841 0.1770
vn 0.0071 0.9861 0.1661
vn 0.0070 0.9868 0.1618
vn -0.0025 0.9853 0.1708
vn -0.0163 0.9874 0.1576
vn -0.0095 0.9849 0.1730
vn 0.0048 0.9867 0.1625
vn 0.0149 0.9855 0.1693
vn -0.0365 0.9823 0.1839
vn -0.0282 0.9811 0.1913
vn -0.0759 0.9757 0.2057
vn -0.0519 0.9740 0.2203
vn -0.1030 0.9695 0.2225
vn -0.1264 0.9627 0.2392
vn -0.1411 0.9619 0.2343
vn -0.1895 0.9452 0.2658
vn -0.2058 0.9436 0.2592
vn -0.2643 0.9175 0.2971
vn -0.2948 0.9120 0.2853
vn -0.3474 0.8742 0.3392
vn -0.2977 0.9180 0.2619
vn -0.2248 0.9466 0.2311
vn -0.2148 0.9555 0.2020
vn -0.1537 0.9655 0.2104
vn -0.1244 0.9744 0.1872
vn -0.1225 0.9687 0.2157
vn -0.1491 0.9686 0.1987
vn -0.2028 0.9551 0.2160
vn -0.2247 0.9540 0.1985
vn -0.1506 0.9579 0.2443
vn -0.1772 0.9576 0.2272
vn -0.1109 0.9678 0.2259
vn -0.0827 0.9668 0.2417
vn -0.0765 0.9685 0.2368
vn -0.0347 0.9717 0.2338
vn -0.0297 0.9638 0.2649
vn -0.0359 0.9619 0.2712
vn -0.0250 0.9545 0.2971
vn -0.0843 0.9503 0.2996
vn -0.0754 0.9604 0.2684
vn -0.0942 0.9519 0.2917
vn -0.0302 0.9528 0.3021
vn -0.0009 0.9503 0.3114
vn -0.0090 0.9606 0.2779
vn -0.0151 0.9742 0.2250
vn -0.0319 0.9714 0.2353
vn -0.0393 0.9776 0.2068
vn 0.0066 0.9787 0.2053
vn -0.0318 0.9798 0.1974
vn -0.0397 0.9832 0.1779
vn -0.0209 0.9826 0.1844
vn -0.0193 0.9840 0.1771
vn -0.0567 0.9823 0.1785
vn -0.0524 0.9807 0.1884
vn -0.0738 0.9806 0.1817
vn -0.0753 0.9761 0.2038
vn -0.0765 0.9605 0.2674
vn -0.1127 0.9529 0.2815
vn -0.1321 0.9542 0.2685
vn -0.0851 0.9766 0.1973
vn -0.1018 0.9750 0.1975
vn -0.1017 0.9763 0.1911
vn -0.1538 0.9655 0.2102
vn -0.2039 0.9542 0.2188
vn -0.2831 0.9366 0.2066
vn -0.2060 0.9481 0.2424
vn -0.1419 0.9663 0.2149
vn -0.1053 0.9763 0.1891
vn -0.0593 0.9815 0.1818
vn -0.0228 0.9846 0.1735
vn -0.0000 0.9848 0.1736
vn -0.0047 0.9809 0.1946
vn -0.0040 0.9725 0.2327
vn -0.0077 0.9609 0.2768
vn 0.0002 0.9505 0.3107
vn -0.0016 0.9432 0.3322
vn -0.0026 0.9434 0.3315
vn 0.0125 0.9433 0.3318
vn -0.0051 0.9407 0.3393
vn -0.0295 0.9416 0.3354
vn -0.0376 0.9427 0.3316
vn -0.0592 0.9370 0.3444
vn -0.0789 0.9388 0.3353
vn -0.0288 0.9400 0.3399
vn -0.0913 0.9330 0.3480
vn -0.0605 0.9414 0.3318
vn -0.1066 0.9299 0.3521
vn -0.1388 0.9313 0.3368
vn -0.3031 0.8905 0.3392
vn -0.2107 0.9149 0.3444
vn -0.1300 0.9343 0.3319
vn -0.1324 0.9417 0.3092
vn -0.2474 0.9250 0.2883
vn -0.1753 0.9416 0.2877
vn -0.2978 0.9188 0.2593
vn -0.2250 0.9418 0.2498
vn -0.2815 0.9323 0.2272
vn -0.3826 0.8953 0.2282
vn -0.3243 0.9147 0.2412
vn -0.3235 0.9134 0.2471
vn -0.4417 0.8373 0.3221
vn -0.0335 0.9892 0.1424
vn -0.0684 0.9898 0.1251
vn -0.0680 0.9924 0.1023
vn -0.0880 0.9932 0.0767
vn -0.1404 0.9871 0.0763
vn -0.1813 0.9750 0.1283
vn -0.1812 0.9759 0.1219
vn -0.2687 0.9508 0.1540
vn -0.2775 0.9430 0.1838
vn -0.3655 0.9122 0.1852
vn -0.3737 0.9135 0.1609
vn -0.4728 0.8681 0.1513
vn -0.4776 0.8706 0.1181
vn -0.4465 0.8922 0.0688
vn -0.4463 0.8882 0.1089
vn -0.3454 0.9363 0.0635
vn -0.3400 0.9397 0.0371
vn -0.2416 0.9699 0.0292
vn -0.2381 0.9705 0.0379
vn -0.2557 0.9642 0.0697
vn -0.2115 0.9773 -0.0146
vn -0.1411 0.9899 0.0120
vn -0.1215 0.9925 -0.0122
vn -0.1196 0.9928 0.0035
vn -0.1374 0.9904 -0.0130
vn -0.1380 0.9904 0.0063
vn -0.1470 0.9891 -0.0044
vn -0.2290 0.9734 0.0086
vn -0.2273 0.9738 0.0003
vn -0.3398 0.9405 0.0064
vn -0.3382 0.9410 0.0136
vn -0.4439 0.8960 0.0079
vn -0.4527 0.8915 0.0200
vn -0.4527 0.8915 0.0195
vn -0.4616 0.8867 0.0278
vn -0.4612 0.8859 0.0507
vn -0.4646 0.8843 0.0478
vn -0.3338 0.9426 0.0046
vn -0.3684 0.9285 0.0467
vn -0.2332 0.9724 0.0006
vn -0.0801 0.9968 -0.0084
vn -0.0733 0.9973 -0.0013
vn -0.0338 0.9993 -0.0128
vn -0.0284 0.9996 -0.0084
vn -0.0291 0.9995 -0.0121
vn 0.0023 1.0000 -0.0045
vn 0.0042 0.9999 -0.0122
vn 0.0166 0.9997 -0.0156
vn 0.0190 0.9997 -0.0132
vn 0.0189 0.9997 -0.0140
vn 0.0181 0.9998 -0.0114
vn 0.0163 0.9998 -0.0129
vn 0.0196 0.9998 0.0031
vn 0.0200 0.9998 0.0016
vn 0.0228 0.9997 0.0035
vn 0.0258 0.9990 0.0373
vn 0.0213 0.9989 0.0407
vn 0.0197 0.9991 0.0373
vn 0.0156 0.9963 0.0849
vn 0.0150 0.9962 0.0858
vn 0.0137 0.9963 0.0844
vn 0.0165 0.9903 0.1377
vn 0.0172 0.9904 0.1369
vn 0.0183 0.9902 0.1384
vn 0.0221 0.9813 0.1910
vn 0.0157 0.9804 0.1962
vn 0.0141 0.9813 0.1919
vn 0.0129 0.9705 0.2407
vn 0.0123 0.9701 0.2422
vn 0.0097 0.9708 0.2398
vn 0.0156 0.9594 0.2815
vn 0.0146 0.9585 0.2848
vn 0.0099 0.9598 0.2807
vn 0.0152 0.9500 0.3120
vn 0.0145 0.9492 0.3144
vn 0.0120 0.9502 0.3114
vn -0.0097 0.9505 0.3106
vn -0.0063 0.9493 0.3143
vn -0.0383 0.9485 0.3143
vn -0.0475 0.9508 0.3062
vn -0.0442 0.9588 0.2807
vn -0.0498 0.9604 0.2740
vn -0.0731 0.9594 0.2724
vn -0.1005 0.9472 0.3044
vn -0.1017 0.9486 0.2997
vn -0.1400 0.9378 0.3177
vn -0.1784 0.9385 0.2955
vn -0.2191 0.9233 0.3154
vn -0.2639 0.9210 0.2865
vn -0.3119 0.8988 0.3081
vn -0.3380 0.8954 0.2899
vn -0.4318 0.8509 0.2992
vn -0.4336 0.8612 0.2650
vn -0.4428 0.8603 0.2528
vn -0.4424 0.8647 0.2379
vn -0.4638 0.8576 0.2222
vn -0.4671 0.8639 0.1886
vn -0.4687 0.8626 0.1901
vn -0.3860 0.8980 0.2111
vn -0.3178 0.9129 0.2562
vn -0.2441 0.9434 0.2246
vn -0.2188 0.9422 0.2537
vn -0.2217 0.9345 0.2785
vn -0.1590 0.9536 0.2557
vn -0.1420 0.9616 0.2351
vn -0.1430 0.9642 0.2233
vn -0.1616 0.9653 0.2051
vn -0.0909 0.9733 0.2107
vn -0.0830 0.9773 0.1947
vn -0.0509 0.9775 0.2048
vn -0.0516 0.9725 0.2272
vn -0.0763 0.9697 0.2321
vn -0.3173 0.9116 0.2613
vn -0.4164 0.8655 0.2784
vn -0.3388 0.8985 0.2792
vn -0.2632 0.9179 0.2971
vn -0.1770 0.9348 0.3079
vn -0.1481 0.9463 0.2873
vn -0.0843 0.9648 0.2490
vn -0.0407 0.9704 0.2381
vn -0.0161 0.9728 0.2312
vn -0.0136 0.9806 0.1955
vn -0.0098 0.9606 0.2779
vn -0.0801 0.9465 0.3127
vn -0.0035 0.9586 0.2849
vn -0.0044 0.9698 0.2439
vn -0.0043 0.9819 0.1894
vn 0.0035 0.9902 0.1399
vn 0.0018 0.9904 0.1382
vn -0.0006 0.9958 0.0916
vn -0.0286 0.9953 0.0930
vn 0.0044 0.9964 0.0847
vn -0.0096 0.9986 0.0526
vn -0.0198 0.9984 0.0522
vn -0.0305 0.9989 0.0366
vn -0.0244 0.9997 0.0098
vn -0.0356 0.9994 -0.0017
vn -0.0794 0.9968 0.0073
vn -0.0856 0.9960 0.0256
vn -0.0039 1.0000 0.0043
vn 0.0024 0.9993 0.0375
vn -0.0016 1.0000 0.0062
vn -0.0013 0.9999 -0.0100
vn -0.0359 0.9993 -0.0047
vn -0.0752 0.9970 -0.0174
vn -0.0027 0.9998 -0.0195
vn -0.0719 0.9973 -0.0120
vn -0.0835 0.9965 -0.0007
vn -0.1378 0.9902 0.0223
vn -0.2088 0.9777 0.0227
vn -0.3695 0.9292 0.0032
vn -0.3339 0.9393 0.0791
vn -0.3343 0.9389 0.0820
vn -0.2835 0.9507 0.1257
vn -0.4654 0.8812 0.0829
vn -0.3674 0.9234 0.1111
vn -0.4747 0.8666 0.1540
vn -0.3621 0.9215 0.1403
vn -0.3858 0.8978 0.2123
vn -0.2449 0.9422 0.2285
vn -0.2845 0.9495 0.1320
vn -0.1498 0.9757 0.1597
vn -0.2492 0.9636 0.0970
vn -0.1515 0.9874 0.0460
vn -0.0759 0.9962 0.0418
vn -0.0314 0.9955 0.0896
vn -0.0966 0.9827 0.1583
vn -0.0295 0.9899 0.1383
vn -0.0282 0.9820 0.1868
vn 0.1351 -0.9678 -0.2126
vn 0.1192 -0.9741 -0.1921
vn 0.0749 -0.9767 -0.2010
vn 0.0619 -0.9814 -0.1818
vn 0.0192 -0.9840 -0.1773
vn 0.0173 -0.9831 -0.1825
vn 0.0221 -0.9834 -0.1800
vn 0.0152 -0.9937 -0.1111
vn 0.0171 -0.9944 -0.1046
vn 0.0527 -0.9933 -0.1032
vn 0.0581 -0.9966 -0.0589
vn 0.0879 -0.9946 -0.0546
vn 0.1096 -0.9902 -0.0865
vn 0.1427 -0.9868 -0.0764
vn 0.1740 -0.9778 -0.1165
vn 0.2158 -0.9695 -0.1163
vn 0.2367 -0.9532 -0.1880
vn 0.2820 -0.9373 -0.2049
vn 0.2980 -0.9143 -0.2743
vn 0.3066 -0.9156 -0.2602
vn 0.2480 -0.9288 -0.2754
vn 0.2247 -0.9450 -0.2376
vn 0.1974 -0.9478 -0.2505
vn 0.3446 -0.8980 -0.2736
vn 0.3608 -0.8835 -0.2988
vn 0.4089 -0.8690 -0.2785
vn 0.4181 -0.8591 -0.2951
vn 0.4940 -0.8313 -0.2546
vn 0.4751 -0.8329 -0.2839
vn 0.4746 -0.8481 -0.2356
vn 0.4370 -0.8725 -0.2185
vn 0.4489 -0.8792 -0.1596
vn 0.4396 -0.8864 -0.1451
vn 0.3650 -0.9203 -0.1407
vn 0.3670 -0.9248 -0.1000
vn 0.3459 -0.9357 -0.0691
vn 0.3026 -0.9493 -0.0853
vn 0.2534 -0.9669 -0.0309
vn 0.2150 -0.9746 -0.0632
vn 0.1822 -0.9827 -0.0341
vn 0.1458 -0.9885 -0.0410
vn 0.1348 -0.9908 -0.0119
vn 0.1384 -0.9903 -0.0085
vn 0.0977 -0.9952 -0.0035
vn 0.0916 -0.9958 0.0093
vn 0.0548 -0.9983 0.0182
vn 0.0491 -0.9987 0.0110
vn 0.0561 -0.9983 -0.0136
vn 0.0464 -0.9986 -0.0258
vn 0.0132 -0.9998 -0.0165
vn 0.0131 -0.9998 -0.0166
vn 0.0150 -0.9984 -0.0549
vn 0.0143 -0.9984 -0.0543
vn 0.0138 -0.9983 -0.0560
vn 0.0132 -0.9998 -0.0164
vn 0.0146 -0.9998 0.0113
vn 0.0181 -0.9996 0.0198
vn 0.0255 -0.9996 0.0098
vn 0.0220 -0.9993 0.0305
vn 0.0871 -0.9959 -0.0228
vn 0.1823 -0.9827 -0.0320
vn 0.1955 -0.9805 -0.0211
vn 0.2537 -0.9657 -0.0556
vn 0.2659 -0.9632 -0.0399
vn 0.3469 -0.9361 -0.0579
vn 0.2967 -0.9491 -0.1060
vn 0.3005 -0.9469 -0.1140
vn 0.3484 -0.9354 -0.0606
vn 0.4330 -0.8996 -0.0567
vn 0.4331 -0.8996 -0.0565
vn 0.5163 -0.8548 -0.0527
vn 0.5160 -0.8550 -0.0522
vn 0.5100 -0.8563 -0.0810
vn 0.5119 -0.8549 -0.0837
vn 0.5117 -0.8492 -0.1305
vn 0.4441 -0.8920 -0.0848
vn 0.3761 -0.9177 -0.1279
vn 0.3626 -0.9089 -0.2058
vn 0.4394 -0.8934 -0.0934
vn 0.4972 -0.8545 -0.1504
vn 0.5037 -0.8412 -0.1967
vn 0.4141 -0.8780 -0.2401
vn 0.3701 -0.9008 -0.2271
vn 0.2930 -0.9368 -0.1914
vn 0.2235 -0.9524 -0.2074
vn 0.1878 -0.9626 -0.1951
vn 0.2212 -0.9695 -0.1058
vn 0.1656 -0.9748 -0.1497
vn 0.1399 -0.9889 -0.0509
vn 0.1053 -0.9869 -0.1220
vn 0.0932 -0.9949 -0.0385
vn 0.0479 -0.9977 -0.0476
vn 0.0219 -0.9938 -0.1092
vn 0.0685 -0.9898 -0.1250
vn 0.1245 -0.9808 -0.1500
vn 0.1817 -0.9584 -0.2201
vn 0.7945 -0.6065 0.0315
vn 0.7975 -0.6020 0.0394
vn 0.8670 -0.4983 0.0070
vn 0.8800 -0.4728 0.0445
vn 0.8699 -0.4877 0.0734
vn 0.8803 -0.4727 0.0415
vn 0.8811 -0.4703 0.0507
vn 0.7935 -0.6080 0.0278
vn 0.7936 -0.6079 0.0274
vn 0.6960 -0.7177 0.0213
vn 0.6905 -0.7232 0.0112
vn 0.6891 -0.7242 0.0247
vn 0.6626 -0.7489 -0.0086
vn 0.6609 -0.7493 0.0419
vn 0.7046 -0.7096 0.0055
vn 0.7736 -0.6299 0.0690
vn 0.8207 -0.5709 0.0205
vn 0.8834 -0.4643 0.0626
vn 0.8819 -0.4664 0.0685
vn 0.8791 -0.4734 0.0561
vn 0.8745 -0.4792 0.0750
vn 0.8760 -0.4742 0.0875
vn 0.8772 -0.4728 0.0841
vn 0.8763 -0.4750 0.0802
vn 0.8748 -0.4764 0.0874
vn 0.8696 -0.4896 0.0645
vn 0.8651 -0.4942 0.0862
vn 0.8675 -0.4867 0.1032
vn 0.8711 -0.4829 0.0893
vn 0.8686 -0.4892 0.0789
vn 0.8018 -0.5881 0.1060
vn 0.7826 -0.6206 0.0484
vn 0.6965 -0.7154 0.0555
vn 0.7070 -0.7063 0.0353
vn 0.6087 -0.7932 0.0160
vn 0.6085 -0.7934 0.0168
vn 0.6084 -0.7935 0.0165
vn 0.6070 -0.7933 0.0478
vn 0.6214 -0.7833 0.0184
vn 0.6192 -0.7852 -0.0005
vn 0.6099 -0.7924 0.0147
vn 0.6093 -0.7929 0.0070
vn 0.6055 -0.7958 0.0123
vn 0.6051 -0.7961 0.0062
vn 0.6021 -0.7983 0.0096
vn 0.7094 -0.7040 0.0336
vn 0.7922 -0.6098 0.0219
vn 0.7875 -0.6126 0.0673
vn 0.7254 -0.6882 0.0091
vn 0.7274 -0.6851 0.0388
vn 0.7266 -0.6859 0.0402
vn 0.8057 -0.5896 0.0569
vn 0.7269 -0.6842 0.0596
vn 0.7713 -0.6363 0.0139
vn 0.7718 -0.6301 0.0851
vn 0.7005 -0.7133 0.0225
vn 0.7009 -0.7125 0.0321
vn 0.6087 -0.7933 0.0159
vn 0.7050 -0.7087 0.0245
vn 0.8045 -0.5926 0.0407
vn 0.8020 -0.5926 0.0744
vn 0.8157 -0.5716 0.0886
vn 0.8218 -0.5688 0.0318
vn 0.8820 -0.4677 0.0573
vn 0.8170 -0.5718 0.0741
vn 0.7069 -0.7063 0.0379
vn 0.6021 -0.7984 0.0069
vn 0.5977 -0.8017 0.0097
vn 0.5975 -0.8017 0.0149
vn 0.5920 -0.8059 0.0098
vn 0.5912 -0.8062 0.0222
vn 0.5859 -0.8102 0.0148
vn 0.5844 -0.8109 0.0309
vn 0.5808 -0.8136 0.0249
vn 0.6950 -0.7184 0.0289
vn 0.7789 -0.6271 -0.0042
vn 0.8828 -0.4674 0.0473
vn 0.7946 -0.6064 0.0308
vn 0.6966 -0.7168 0.0320
vn 0.1612 -0.9869 -0.0089
vn 0.1658 -0.9862 -0.0017
vn 0.1670 -0.9859 -0.0052
vn 0.2480 -0.9688 -0.0025
vn 0.2460 -0.9692 -0.0114
vn 0.3131 -0.9494 0.0257
vn 0.3212 -0.9464 -0.0346
vn 0.3351 -0.9421 -0.0115
vn 0.3354 -0.9420 -0.0124
vn 0.3366 -0.9416 -0.0097
vn 0.3368 -0.9415 -0.0102
vn 0.2305 -0.9731 0.0056
vn 0.2426 -0.9695 -0.0350
vn 0.2488 -0.9683 -0.0208
vn 0.2493 -0.9682 -0.0222
vn 0.1854 -0.9822 -0.0305
vn 0.1764 -0.9831 -0.0488
vn 0.1389 -0.9886 -0.0576
vn 0.1412 -0.9886 -0.0524
vn 0.1117 -0.9911 -0.0722
vn 0.1167 -0.9920 -0.0476
vn 0.1068 -0.9936 -0.0355
vn 0.1505 -0.9884 -0.0196
vn 0.1497 -0.9886 -0.0186
vn 0.1531 -0.9882 -0.0088
vn 0.1563 -0.9876 -0.0140
vn 0.2331 -0.9724 -0.0048
vn 0.1579 -0.9874 -0.0082
vn 0.1181 -0.9926 -0.0271
vn 0.1056 -0.9943 -0.0111
vn 0.0668 -0.9977 -0.0132
vn 0.0658 -0.9977 -0.0146
vn 0.0650 -0.9978 0.0114
vn 0.0511 -0.9987 0.0042
vn 0.0495 -0.9988 0.0062
vn 0.0399 -0.9992 0.0054
vn 0.0403 -0.9992 0.0062
vn 0.0372 -0.9992 0.0156
vn 0.0388 -0.9991 0.0181
vn 0.0388 -0.9987 0.0340
vn 0.0390 -0.9987 0.0336
vn 0.0587 -0.9977 0.0328
vn 0.0600 -0.9976 0.0346
vn 0.0601 -0.9981 0.0090
vn 0.0752 -0.9970 0.0165
vn 0.0795 -0.9968 0.0109
vn 0.1156 -0.9932 0.0131
vn 0.1158 -0.9931 0.0197
vn 0.1188 -0.9928 0.0147
vn 0.1705 -0.9853 0.0128
vn 0.1647 -0.9863 0.0026
vn 0.2629 -0.9648 -0.0042
vn 0.2540 -0.9671 0.0143
vn 0.3659 -0.9305 -0.0157
vn 0.3789 -0.9255 0.0015
vn 0.3787 -0.9255 0.0044
vn 0.3722 -0.9281 0.0123
vn 0.4939 -0.8695 0.0059
vn 0.4893 -0.8721 -0.0015
vn 0.4895 -0.8720 -0.0033
vn 0.4627 -0.8863 0.0208
vn 0.4602 -0.8878 -0.0089
vn 0.4942 -0.8693 0.0032
vn 0.4955 -0.8686 0.0017
vn 0.4955 -0.8686 0.0022
vn 0.4992 -0.8664 0.0088
vn 0.5011 -0.8654 0.0021
vn 0.5038 -0.8638 0.0090
vn 0.3951 -0.9186 -0.0020
vn 0.3891 -0.9212 0.0100
vn 0.2918 -0.9565 0.0017
vn 0.2846 -0.9586 0.0113
vn 0.2033 -0.9789 0.0202
vn 0.2061 -0.9785 0.0050
vn 0.2066 -0.9781 0.0246
vn 0.1425 -0.9893 0.0299
vn 0.1370 -0.9899 0.0378
vn 0.0867 -0.9957 0.0326
vn 0.0862 -0.9957 0.0340
vn 0.0817 -0.9963 0.0257
vn 0.0969 -0.9939 0.0525
vn 0.0674 -0.9969 0.0416
vn 0.0579 -0.9969 0.0524
vn 0.0465 -0.9979 0.0459
vn 0.0430 -0.9978 0.0497
vn 0.0291 -0.9985 0.0460
vn 0.0301 -0.9984 0.0478
vn 0.0269 -0.9984 0.0503
vn 0.0285 -0.9988 0.0409
vn 0.0284 -0.9988 0.0407
vn 0.0273 -0.9987 0.0427
vn 0.0299 -0.9991 0.0311
vn 0.0409 -0.9982 0.0440
vn 0.0588 -0.9974 0.0412
vn 0.1308 -0.9913 0.0132
vn 0.2826 -0.9592 0.0009
vn 0.3868 -0.9222 -0.0026
vn 0.3620 -0.9317 0.0283
vn 0.2580 -0.9656 0.0315
vn 0.1671 -0.9854 0.0322
vn 0.1232 -0.9921 0.0254
vn 0.1107 -0.9938 0.0061
vn 0.1107 -0.9938 0.0062
vn 0.0796 -0.9966 0.0228
vn 0.0818 -0.9963 0.0256
vn 0.0570 -0.9976 0.0386
vn 0.0420 -0.9983 0.0413
vn 0.0305 -0.9990 0.0321
vn 0.0303 -0.9990 0.0324
vn 0.0307 -0.9993 0.0200
vn 0.0313 -0.9993 0.0191
vn 0.0297 -0.9995 0.0047
vn 0.0322 -0.9995 0.0072
vn 0.0327 -0.9995 0.0054
vn 0.0322 -0.9994 -0.0124
vn 0.0321 -0.9994 -0.0126
vn 0.0406 -0.9991 -0.0114
vn 0.0367 -0.9990 -0.0237
vn 0.0430 -0.9984 -0.0358
vn 0.0316 -0.9988 -0.0361
vn 0.0318 -0.9989 -0.0356
vn 0.0318 -0.9988 -0.0363
vn 0.0329 -0.9972 -0.0664
vn 0.0326 -0.9972 -0.0674
vn 0.0467 -0.9968 -0.0651
vn 0.0477 -0.9931 -0.1072
vn 0.0344 -0.9942 -0.1019
vn 0.0328 -0.9941 -0.1034
vn 0.0351 -0.9939 -0.1042
vn 0.0556 -0.9936 -0.0985
vn 0.0765 -0.9921 -0.0989
vn 0.0750 -0.9924 -0.0974
vn 0.1036 -0.9910 -0.0851
vn 0.0680 -0.9965 -0.0481
vn 0.0636 -0.9965 -0.0542
vn 0.0534 -0.9982 -0.0284
vn 0.0807 -0.9954 -0.0518
vn 0.0729 -0.9969 -0.0307
vn 0.0318 -0.9973 -0.0666
vn 0.0375 -0.9979 -0.0531
vn 0.0555 -0.9982 -0.0247
vn 0.0326 -0.9994 -0.0131
vn 0.0398 -0.9992 -0.0101
vn 0.0498 -0.9987 -0.0104
vn 0.0539 -0.9984 0.0169
vn 0.0720 -0.9974 0.0030
vn 0.0507 -0.9987 -0.0090
vn 0.0732 -0.9969 -0.0302
vn 0.1030 -0.9945 -0.0186
vn 0.1093 -0.9936 -0.0291
vn 0.0831 -0.9953 -0.0490
vn 0.0851 -0.9937 -0.0735
vn 0.1438 -0.9881 -0.0545
vn 0.2528 -0.9675 -0.0103
vn 0.3433 -0.9392 0.0089
vn 0.3507 -0.9365 -0.0030
vn 0.4551 -0.8901 0.0240
vn 0.4619 -0.8868 0.0164
vn 0.4618 -0.8869 0.0126
vn 0.3767 -0.9260 -0.0261
vn 0.4681 -0.8836 0.0075
vn 0.4674 -0.8840 -0.0010
vn 0.4546 -0.8906 -0.0126
vn 0.3515 -0.9362 0.0036
vn 0.1726 -0.9847 -0.0253
vn 0.2255 -0.9742 -0.0046
vn 0.3790 -0.9245 0.0395
vn 0.4589 -0.8884 0.0095
vn 0.4664 -0.8845 -0.0068
vn 0.2293 -0.9733 -0.0132
vn 0.4641 -0.8856 -0.0160
vn 0.2355 -0.9718 -0.0108
vn 0.2394 -0.9709 -0.0045
vn 0.3674 -0.9298 -0.0231
vn 0.2581 -0.9659 -0.0186
vn 0.1673 -0.9859 -0.0045
vn 0.1171 -0.9930 0.0156
vn 0.1613 -0.9868 -0.0124
vn 0.2394 -0.9709 -0.0038
vn 0.5830 -0.7825 -0.2187
vn 0.5696 -0.7983 -0.1959
vn 0.5771 -0.8064 -0.1292
vn 0.5854 -0.8020 -0.1185
vn 0.5847 -0.8074 -0.0785
vn 0.6487 -0.7592 -0.0523
vn 0.6612 -0.7456 -0.0830
vn 0.7078 -0.6998 -0.0960
vn 0.7074 -0.7012 -0.0884
vn 0.7384 -0.6619 -0.1289
vn 0.8158 -0.5727 -0.0805
vn 0.8143 -0.5707 -0.1058
vn 0.8524 -0.5209 -0.0456
vn 0.8553 -0.5181 0.0082
vn 0.8540 -0.5202 0.0111
vn 0.7486 -0.6629 -0.0140
vn 0.7364 -0.6754 -0.0406
vn 0.8355 -0.5333 -0.1328
vn 0.8192 -0.5276 -0.2250
vn 0.7357 -0.6266 -0.2572
vn 0.7221 -0.5963 -0.3506
vn 0.7858 -0.5010 -0.3626
vn 0.7933 -0.4712 -0.3855
vn 0.7160 -0.5996 -0.3575
vn 0.6466 -0.6853 -0.3351
vn 0.6253 -0.7261 -0.2860
vn 0.5693 -0.7658 -0.2990
vn 0.8302 -0.4923 -0.2616
vn 0.7194 -0.6587 -0.2204
vn 0.6460 -0.7344 -0.2081
vn 0.6466 -0.7507 -0.1352
vn 0.7376 -0.6736 -0.0477
vn 0.6534 -0.7562 -0.0351
vn 0.6625 -0.7471 -0.0545
vn 0.5921 -0.8048 -0.0401
vn 0.5855 -0.8091 -0.0500
vn 0.5874 -0.8052 -0.0817
vn 0.6433 -0.7546 -0.1294
vn 0.6287 -0.7430 -0.2294
vn 0.5603 -0.7783 -0.2833
vn 0.0301 -0.9982 0.0514
vn 0.0260 -0.9980 0.0583
vn 0.0443 -0.9976 0.0536
vn 0.0464 -0.9974 0.0560
vn 0.0732 -0.9959 0.0523
vn 0.0674 -0.9969 0.0412
vn 0.0969 -0.9941 0.0480
vn 0.1119 -0.9934 0.0268
vn 0.1423 -0.9891 0.0388
vn 0.1509 -0.9882 0.0265
vn 0.2102 -0.9775 0.0172
vn 0.2068 -0.9783 0.0122
vn 0.2915 -0.9564 0.0176
vn 0.3180 -0.9479 -0.0173
vn 0.3948 -0.9187 0.0123
vn 0.4046 -0.9145 -0.0021
vn 0.4939 -0.8694 -0.0159
vn 0.5040 -0.8637 0.0001
vn 0.4922 -0.8702 0.0202
vn 0.4079 -0.9130 -0.0060
vn 0.4088 -0.9126 -0.0011
vn 0.3204 -0.9473 -0.0038
vn 0.3107 -0.9504 0.0150
vn 0.2342 -0.9721 0.0075
vn 0.2370 -0.9713 0.0220
vn 0.1873 -0.9823 0.0029
vn 0.1628 -0.9860 0.0356
vn 0.1086 -0.9935 0.0331
vn 0.1065 -0.9935 0.0406
vn 0.1190 -0.9915 0.0524
vn 0.1191 -0.9921 0.0404
vn 0.1307 -0.9912 0.0206
vn 0.1926 -0.9810 0.0224
vn 0.1955 -0.9807 0.0096
vn 0.1958 -0.9806 0.0103
vn 0.1389 -0.9902 0.0123
vn 0.2662 -0.9639 -0.0062
vn 0.2551 -0.9668 -0.0175
vn 0.2567 -0.9665 0.0014
vn 0.2521 -0.9677 0.0094
vn 0.3388 -0.9409 -0.0007
vn 0.3328 -0.9429 -0.0125
vn 0.4127 -0.9106 -0.0202
vn 0.4129 -0.9105 -0.0206
vn 0.5095 -0.8604 -0.0130
vn 0.5097 -0.8603 -0.0093
vn 0.5068 -0.8621 -0.0044
vn 0.5127 -0.8584 -0.0180
vn 0.5125 -0.8583 -0.0253
vn 0.4334 -0.9005 -0.0341
vn 0.5165 -0.8557 -0.0313
vn 0.4139 -0.9103 -0.0089
vn 0.3473 -0.9374 -0.0237
vn 0.3415 -0.9397 -0.0180
vn 0.1323 -0.9909 0.0248
vn 0.0889 -0.9958 0.0218
vn 0.0807 -0.9958 0.0432
vn 0.0504 -0.9980 0.0385
vn 0.0492 -0.9982 0.0337
vn 0.0551 -0.9982 0.0226
vn 0.0216 -0.9995 0.0249
vn 0.0187 -0.9994 0.0279
vn 0.0166 -0.9991 0.0401
vn 0.0188 -0.9989 0.0439
vn 0.0190 -0.9989 0.0435
vn 0.0185 -0.9987 0.0478
vn 0.0214 -0.9985 0.0508
vn 0.0417 -0.9980 0.0468
vn 0.0438 -0.9978 0.0503
vn 0.0432 -0.9977 0.0527
vn 0.0216 -0.9983 0.0545
vn 0.0218 -0.9982 0.0551
vn 0.0233 -0.9984 0.0515
vn 0.0678 -0.9961 0.0557
vn 0.0668 -0.9967 0.0451
vn 0.0213 -0.9984 0.0515
vn 0.0418 -0.9979 0.0504
vn 0.0924 -0.9953 0.0284
vn 0.0770 -0.9964 0.0358
vn 0.0766 -0.9961 0.0445
vn 0.1600 -0.9868 0.0245
vn 0.1869 -0.9823 0.0133
vn 0.2495 -0.9684 0.0021
vn 0.3234 -0.9463 0.0058
vn 0.4144 -0.9100 -0.0109
vn 0.5069 -0.8620 -0.0036
vn 0.4052 -0.9142 -0.0005
vn 0.3123 -0.9498 0.0186
vn 0.2084 -0.9772 0.0396
vn 0.1545 -0.9874 0.0354
vn 0.1106 -0.9928 0.0466
vn 0.0732 -0.9960 0.0521
vn 0.0442 -0.9975 0.0542
vn 0.0240 -0.9982 0.0546
vn 0.6621 -0.7488 0.0298
vn 0.6791 -0.7340 -0.0085
vn 0.5988 -0.8008 -0.0139
vn 0.5980 -0.8014 -0.0105
vn 0.6016 -0.7988 -0.0003
vn 0.6018 -0.7986 -0.0008
vn 0.6044 -0.7966 0.0071
vn 0.6048 -0.7963 0.0057
vn 0.6162 -0.7867 0.0386
vn 0.6242 -0.7812 -0.0105
vn 0.6981 -0.7154 0.0293
vn 0.6947 -0.7185 0.0344
vn 0.7716 -0.6348 0.0408
vn 0.7680 -0.6383 0.0525
vn 0.8512 -0.5168 0.0915
vn 0.8525 -0.5213 0.0388
vn 0.8679 -0.4891 0.0873
vn 0.8562 -0.5100 0.0826
vn 0.8570 -0.5097 0.0758
vn 0.8577 -0.5081 0.0784
vn 0.8610 -0.5042 0.0662
vn 0.8581 -0.5109 0.0507
vn 0.8595 -0.5091 0.0448
vn 0.8536 -0.5203 0.0262
vn 0.7805 -0.6208 0.0742
vn 0.7794 -0.6265 0.0032
vn 0.7632 -0.6452 0.0349
vn 0.7647 -0.6428 0.0447
vn 0.7511 -0.6568 0.0666
vn 0.6776 -0.7351 0.0237
vn 0.7544 -0.6563 0.0158
vn 0.6867 -0.7263 0.0305
vn 0.7816 -0.6206 0.0625
vn 0.6089 -0.7932 0.0104
vn 0.6900 -0.7236 0.0188
vn 0.6815 -0.7317 0.0136
vn 0.6756 -0.7371 0.0142
vn 0.5923 -0.8054 -0.0248
vn 0.6815 -0.7318 0.0005
vn 0.7484 -0.6632 0.0029
vn -0.1351 -0.9678 -0.2126
vn -0.1817 -0.9584 -0.2201
vn -0.1974 -0.9478 -0.2505
vn -0.2247 -0.9450 -0.2376
vn -0.2480 -0.9288 -0.2754
vn -0.3066 -0.9156 -0.2602
vn -0.2980 -0.9143 -0.2743
vn -0.2820 -0.9373 -0.2049
vn -0.2367 -0.9532 -0.1880
vn -0.2158 -0.9695 -0.1163
vn -0.1740 -0.9778 -0.1165
vn -0.1656 -0.9748 -0.1497
vn -0.1245 -0.9808 -0.1500
vn -0.1053 -0.9869 -0.1220
vn -0.0685 -0.9898 -0.1250
vn -0.0619 -0.9814 -0.1818
vn -0.0192 -0.9840 -0.1773
vn -0.0173 -0.9831 -0.1825
vn -0.0221 -0.9834 -0.1800
vn -0.0152 -0.9937 -0.1111
vn -0.0171 -0.9944 -0.1046
vn -0.0219 -0.9938 -0.1092
vn -0.0138 -0.9983 -0.0560
vn -0.0143 -0.9984 -0.0543
vn -0.0479 -0.9977 -0.0476
vn -0.0581 -0.9966 -0.0589
vn -0.0879 -0.9946 -0.0546
vn -0.0932 -0.9949 -0.0385
vn -0.1399 -0.9889 -0.0509
vn -0.1458 -0.9885 -0.0410
vn -0.1822 -0.9827 -0.0341
vn -0.1823 -0.9827 -0.0320
vn -0.1955 -0.9805 -0.0211
vn -0.2537 -0.9657 -0.0556
vn -0.2534 -0.9669 -0.0309
vn -0.3026 -0.9493 -0.0853
vn -0.3459 -0.9357 -0.0691
vn -0.3670 -0.9248 -0.1000
vn -0.3650 -0.9203 -0.1407
vn -0.4396 -0.8864 -0.1451
vn -0.4489 -0.8792 -0.1596
vn -0.4972 -0.8545 -0.1504
vn -0.5037 -0.8412 -0.1967
vn -0.4746 -0.8481 -0.2356
vn -0.4751 -0.8329 -0.2839
vn -0.4941 -0.8313 -0.2546
vn -0.4181 -0.8591 -0.2951
vn -0.4089 -0.8690 -0.2785
vn -0.3608 -0.8835 -0.2988
vn -0.4141 -0.8780 -0.2401
vn -0.3701 -0.9008 -0.2271
vn -0.3626 -0.9089 -0.2058
vn -0.5117 -0.8492 -0.1305
vn -0.5119 -0.8549 -0.0837
vn -0.5100 -0.8563 -0.0810
vn -0.4441 -0.8920 -0.0848
vn -0.4330 -0.8996 -0.0567
vn -0.4331 -0.8996 -0.0565
vn -0.5163 -0.8548 -0.0527
vn -0.5160 -0.8550 -0.0522
vn -0.4370 -0.8725 -0.2185
vn -0.3761 -0.9177 -0.1279
vn -0.3005 -0.9469 -0.1140
vn -0.4394 -0.8934 -0.0934
vn -0.3484 -0.9354 -0.0606
vn -0.3469 -0.9361 -0.0579
vn -0.2967 -0.9491 -0.1060
vn -0.2659 -0.9632 -0.0399
vn -0.1384 -0.9903 -0.0085
vn -0.2150 -0.9746 -0.0632
vn -0.1348 -0.9908 -0.0119
vn -0.0977 -0.9952 -0.0035
vn -0.0916 -0.9958 0.0093
vn -0.0548 -0.9983 0.0182
vn -0.0491 -0.9987 0.0110
vn -0.0181 -0.9996 0.0198
vn -0.0146 -0.9998 0.0113
vn -0.0132 -0.9998 -0.0164
vn -0.0132 -0.9998 -0.0165
vn -0.0131 -0.9998 -0.0166
vn -0.0255 -0.9996 0.0098
vn -0.0220 -0.9993 0.0305
vn -0.0561 -0.9983 -0.0136
vn -0.0871 -0.9959 -0.0228
vn -0.0464 -0.9986 -0.0258
vn -0.0150 -0.9984 -0.0549
vn -0.0749 -0.9767 -0.2010
vn -0.0527 -0.9933 -0.1032
vn -0.1096 -0.9902 -0.0865
vn -0.1427 -0.9868 -0.0764
vn -0.2212 -0.9695 -0.1058
vn -0.2930 -0.9368 -0.1914
vn -0.3446 -0.8980 -0.2736
vn -0.2235 -0.9524 -0.2074
vn -0.1878 -0.9626 -0.1951
vn -0.1192 -0.9741 -0.1921
vn -0.7945 -0.6065 0.0315
vn -0.7946 -0.6064 0.0308
vn -0.8699 -0.4877 0.0734
vn -0.8670 -0.4983 0.0070
vn -0.8800 -0.4728 0.0445
vn -0.8803 -0.4727 0.0415
vn -0.8811 -0.4703 0.0507
vn -0.7935 -0.6080 0.0278
vn -0.7789 -0.6271 -0.0042
vn -0.7736 -0.6299 0.0690
vn -0.7046 -0.7096 0.0055
vn -0.7069 -0.7063 0.0379
vn -0.6051 -0.7961 0.0062
vn -0.6055 -0.7958 0.0123
vn -0.6093 -0.7929 0.0070
vn -0.7094 -0.7040 0.0336
vn -0.7254 -0.6882 0.0091
vn -0.7875 -0.6126 0.0673
vn -0.7922 -0.6098 0.0219
vn -0.8170 -0.5718 0.0741
vn -0.8791 -0.4734 0.0561
vn -0.8745 -0.4792 0.0750
vn -0.8760 -0.4742 0.0875
vn -0.8772 -0.4728 0.0841
vn -0.8763 -0.4750 0.0802
vn -0.8748 -0.4764 0.0874
vn -0.8696 -0.4896 0.0645
vn -0.8020 -0.5926 0.0744
vn -0.8057 -0.5896 0.0569
vn -0.7266 -0.6859 0.0402
vn -0.7269 -0.6842 0.0596
vn -0.7005 -0.7133 0.0225
vn -0.7009 -0.7125 0.0321
vn -0.6084 -0.7935 0.0165
vn -0.6085 -0.7934 0.0168
vn -0.6087 -0.7932 0.0160
vn -0.7070 -0.7063 0.0353
vn -0.6965 -0.7154 0.0555
vn -0.7826 -0.6206 0.0484
vn -0.8018 -0.5881 0.1060
vn -0.8686 -0.4892 0.0789
vn -0.8711 -0.4829 0.0893
vn -0.8675 -0.4867 0.1032
vn -0.8045 -0.5926 0.0407
vn -0.7718 -0.6301 0.0851
vn -0.6087 -0.7933 0.0159
vn -0.7050 -0.7087 0.0245
vn -0.6070 -0.7933 0.0478
vn -0.6214 -0.7833 0.0184
vn -0.6192 -0.7852 -0.0005
vn -0.7713 -0.6363 0.0139
vn -0.8651 -0.4942 0.0862
vn -0.8157 -0.5716 0.0886
vn -0.8819 -0.4664 0.0685
vn -0.8834 -0.4643 0.0626
vn -0.8820 -0.4677 0.0573
vn -0.8218 -0.5688 0.0318
vn -0.7274 -0.6851 0.0388
vn -0.6099 -0.7924 0.0147
vn -0.6021 -0.7983 0.0096
vn -0.6021 -0.7984 0.0069
vn -0.5977 -0.8017 0.0097
vn -0.5975 -0.8017 0.0149
vn -0.5920 -0.8059 0.0098
vn -0.6626 -0.7489 -0.0086
vn -0.5912 -0.8062 0.0222
vn -0.5859 -0.8102 0.0148
vn -0.5844 -0.8109 0.0309
vn -0.5808 -0.8136 0.0249
vn -0.6950 -0.7184 0.0289
vn -0.6960 -0.7177 0.0213
vn -0.6905 -0.7232 0.0112
vn -0.6609 -0.7493 0.0419
vn -0.8207 -0.5709 0.0205
vn -0.6891 -0.7242 0.0247
vn -0.8828 -0.4674 0.0473
vn -0.7936 -0.6079 0.0274
vn -0.7975 -0.6020 0.0394
vn -0.6966 -0.7168 0.0320
vn -0.1612 -0.9869 -0.0089
vn -0.1613 -0.9868 -0.0124
vn -0.2394 -0.9709 -0.0045
vn -0.2355 -0.9718 -0.0108
vn -0.3212 -0.9464 -0.0346
vn -0.3131 -0.9494 0.0257
vn -0.2460 -0.9692 -0.0114
vn -0.2480 -0.9688 -0.0025
vn -0.1670 -0.9859 -0.0052
vn -0.1673 -0.9859 -0.0045
vn -0.1647 -0.9863 0.0026
vn -0.2629 -0.9648 -0.0042
vn -0.2540 -0.9671 0.0143
vn -0.3659 -0.9305 -0.0157
vn -0.3620 -0.9317 0.0283
vn -0.2826 -0.9592 0.0009
vn -0.2846 -0.9586 0.0113
vn -0.2033 -0.9789 0.0202
vn -0.2061 -0.9785 0.0050
vn -0.1671 -0.9854 0.0322
vn -0.1308 -0.9913 0.0132
vn -0.1370 -0.9899 0.0378
vn -0.0867 -0.9957 0.0326
vn -0.0862 -0.9957 0.0340
vn -0.0570 -0.9976 0.0386
vn -0.0587 -0.9977 0.0328
vn -0.0600 -0.9976 0.0346
vn -0.0818 -0.9963 0.0257
vn -0.0796 -0.9966 0.0228
vn -0.0795 -0.9968 0.0109
vn -0.1156 -0.9932 0.0131
vn -0.0752 -0.9970 0.0165
vn -0.0720 -0.9974 0.0030
vn -0.1107 -0.9938 0.0062
vn -0.1171 -0.9930 0.0156
vn -0.1181 -0.9926 -0.0271
vn -0.1056 -0.9943 -0.0111
vn -0.0668 -0.9977 -0.0132
vn -0.0732 -0.9969 -0.0302
vn -0.0534 -0.9982 -0.0284
vn -0.0636 -0.9965 -0.0542
vn -0.0375 -0.9979 -0.0531
vn -0.0430 -0.9984 -0.0358
vn -0.0316 -0.9988 -0.0361
vn -0.0318 -0.9989 -0.0356
vn -0.0326 -0.9994 -0.0131
vn -0.0321 -0.9994 -0.0126
vn -0.0322 -0.9994 -0.0124
vn -0.0327 -0.9995 0.0054
vn -0.0322 -0.9995 0.0072
vn -0.0297 -0.9995 0.0047
vn -0.0313 -0.9993 0.0191
vn -0.0307 -0.9993 0.0200
vn -0.0303 -0.9990 0.0324
vn -0.0305 -0.9990 0.0321
vn -0.0299 -0.9991 0.0311
vn -0.0273 -0.9987 0.0427
vn -0.0284 -0.9988 0.0407
vn -0.0285 -0.9988 0.0409
vn -0.0269 -0.9984 0.0503
vn -0.0291 -0.9985 0.0460
vn -0.0301 -0.9984 0.0478
vn -0.0430 -0.9978 0.0497
vn -0.0409 -0.9982 0.0440
vn -0.0465 -0.9979 0.0459
vn -0.0579 -0.9969 0.0524
vn -0.0674 -0.9969 0.0416
vn -0.0420 -0.9983 0.0413
vn -0.0388 -0.9987 0.0340
vn -0.0388 -0.9991 0.0181
vn -0.0372 -0.9992 0.0156
vn -0.0539 -0.9984 0.0169
vn -0.0511 -0.9987 0.0042
vn -0.0495 -0.9988 0.0062
vn -0.0498 -0.9987 -0.0104
vn -0.0507 -0.9987 -0.0090
vn -0.0398 -0.9992 -0.0101
vn -0.0399 -0.9992 0.0054
vn -0.0403 -0.9992 0.0062
vn -0.0406 -0.9991 -0.0114
vn -0.0318 -0.9988 -0.0363
vn -0.0329 -0.9972 -0.0664
vn -0.0326 -0.9972 -0.0674
vn -0.0318 -0.9973 -0.0666
vn -0.0328 -0.9941 -0.1034
vn -0.0344 -0.9942 -0.1019
vn -0.0477 -0.9931 -0.1072
vn -0.0556 -0.9936 -0.0985
vn -0.0765 -0.9921 -0.0989
vn -0.0750 -0.9924 -0.0974
vn -0.1036 -0.9910 -0.0851
vn -0.0851 -0.9937 -0.0735
vn -0.1117 -0.9911 -0.0722
vn -0.1167 -0.9920 -0.0476
vn -0.1068 -0.9936 -0.0355
vn -0.1093 -0.9936 -0.0291
vn -0.1505 -0.9884 -0.0196
vn -0.1497 -0.9886 -0.0186
vn -0.1531 -0.9882 -0.0088
vn -0.1563 -0.9876 -0.0140
vn -0.2255 -0.9742 -0.0046
vn -0.2293 -0.9733 -0.0132
vn -0.3354 -0.9420 -0.0124
vn -0.3366 -0.9416 -0.0097
vn -0.4589 -0.8884 0.0095
vn -0.4664 -0.8845 -0.0068
vn -0.4641 -0.8856 -0.0160
vn -0.4602 -0.8878 -0.0089
vn -0.4627 -0.8863 0.0208
vn -0.4895 -0.8720 -0.0033
vn -0.4893 -0.8721 -0.0015
vn -0.4939 -0.8695 0.0059
vn -0.3787 -0.9255 0.0044
vn -0.3722 -0.9281 0.0123
vn -0.4942 -0.8693 0.0032
vn -0.4956 -0.8686 0.0017
vn -0.4955 -0.8686 0.0022
vn -0.4992 -0.8664 0.0088
vn -0.5011 -0.8654 0.0021
vn -0.5038 -0.8638 0.0090
vn -0.3951 -0.9186 -0.0020
vn -0.3891 -0.9212 0.0100
vn -0.4546 -0.8906 -0.0126
vn -0.3790 -0.9245 0.0395
vn -0.3767 -0.9260 -0.0261
vn -0.4618 -0.8869 0.0126
vn -0.4619 -0.8868 0.0164
vn -0.4551 -0.8901 0.0240
vn -0.3507 -0.9365 -0.0030
vn -0.3433 -0.9392 0.0089
vn -0.2528 -0.9675 -0.0103
vn -0.2493 -0.9682 -0.0222
vn -0.1854 -0.9822 -0.0305
vn -0.1764 -0.9831 -0.0488
vn -0.1726 -0.9847 -0.0253
vn -0.2426 -0.9695 -0.0350
vn -0.1389 -0.9886 -0.0576
vn -0.2488 -0.9683 -0.0208
vn -0.4681 -0.8836 0.0075
vn -0.3515 -0.9362 0.0036
vn -0.4674 -0.8840 -0.0010
vn -0.3368 -0.9415 -0.0102
vn -0.2305 -0.9731 0.0056
vn -0.1438 -0.9881 -0.0545
vn -0.1412 -0.9886 -0.0524
vn -0.0831 -0.9953 -0.0490
vn -0.0807 -0.9954 -0.0518
vn -0.0351 -0.9939 -0.1042
vn -0.0367 -0.9990 -0.0237
vn -0.0467 -0.9968 -0.0651
vn -0.0680 -0.9965 -0.0481
vn -0.0555 -0.9982 -0.0247
vn -0.0729 -0.9969 -0.0307
vn -0.0658 -0.9977 -0.0146
vn -0.1030 -0.9945 -0.0186
vn -0.0650 -0.9978 0.0114
vn -0.1158 -0.9931 0.0197
vn -0.1188 -0.9928 0.0147
vn -0.0601 -0.9981 0.0090
vn -0.0390 -0.9987 0.0336
vn -0.0588 -0.9974 0.0412
vn -0.0817 -0.9963 0.0257
vn -0.0969 -0.9939 0.0525
vn -0.1425 -0.9893 0.0299
vn -0.1232 -0.9921 0.0254
vn -0.2066 -0.9781 0.0246
vn -0.2918 -0.9565 0.0017
vn -0.3868 -0.9222 -0.0026
vn -0.3789 -0.9255 0.0015
vn -0.2580 -0.9656 0.0315
vn -0.1705 -0.9853 0.0128
vn -0.1107 -0.9938 0.0061
vn -0.2581 -0.9659 -0.0186
vn -0.3674 -0.9298 -0.0231
vn -0.3351 -0.9421 -0.0115
vn -0.2331 -0.9724 -0.0048
vn -0.1579 -0.9874 -0.0082
vn -0.1658 -0.9862 -0.0017
vn -0.2394 -0.9709 -0.0038
vn -0.5830 -0.7825 -0.2187
vn -0.6287 -0.7430 -0.2294
vn -0.6253 -0.7261 -0.2860
vn -0.5693 -0.7658 -0.2990
vn -0.6466 -0.6853 -0.3351
vn -0.7160 -0.5996 -0.3575
vn -0.7221 -0.5963 -0.3506
vn -0.7858 -0.5010 -0.3626
vn -0.8302 -0.4923 -0.2616
vn -0.8192 -0.5276 -0.2250
vn -0.8355 -0.5333 -0.1328
vn -0.8158 -0.5727 -0.0805
vn -0.8143 -0.5707 -0.1058
vn -0.7376 -0.6736 -0.0477
vn -0.7364 -0.6754 -0.0406
vn -0.6534 -0.7562 -0.0351
vn -0.6625 -0.7471 -0.0545
vn -0.5921 -0.8048 -0.0401
vn -0.5855 -0.8091 -0.0500
vn -0.5874 -0.8052 -0.0817
vn -0.5847 -0.8074 -0.0785
vn -0.5854 -0.8020 -0.1185
vn -0.6433 -0.7546 -0.1294
vn -0.6466 -0.7507 -0.1352
vn -0.7074 -0.7012 -0.0884
vn -0.6612 -0.7456 -0.0830
vn -0.5771 -0.8064 -0.1292
vn -0.6487 -0.7592 -0.0523
vn -0.7486 -0.6629 -0.0140
vn -0.8540 -0.5202 0.0111
vn -0.8553 -0.5181 0.0082
vn -0.7078 -0.6998 -0.0960
vn -0.8524 -0.5209 -0.0456
vn -0.7384 -0.6619 -0.1289
vn -0.7194 -0.6587 -0.2204
vn -0.7933 -0.4712 -0.3855
vn -0.7357 -0.6266 -0.2572
vn -0.6460 -0.7344 -0.2081
vn -0.5696 -0.7983 -0.1959
vn -0.5603 -0.7783 -0.2833
vn -0.0301 -0.9982 0.0514
vn -0.0260 -0.9980 0.0583
vn -0.0240 -0.9982 0.0546
vn -0.0233 -0.9984 0.0515
vn -0.0216 -0.9983 0.0545
vn -0.0218 -0.9982 0.0551
vn -0.0213 -0.9984 0.0515
vn -0.0214 -0.9985 0.0508
vn -0.0185 -0.9987 0.0478
vn -0.0190 -0.9989 0.0435
vn -0.0188 -0.9989 0.0439
vn -0.0166 -0.9991 0.0401
vn -0.0187 -0.9994 0.0279
vn -0.0216 -0.9995 0.0249
vn -0.0492 -0.9982 0.0337
vn -0.0551 -0.9982 0.0226
vn -0.0924 -0.9953 0.0284
vn -0.0889 -0.9958 0.0218
vn -0.1323 -0.9909 0.0248
vn -0.1389 -0.9902 0.0123
vn -0.1958 -0.9806 0.0103
vn -0.1955 -0.9807 0.0096
vn -0.1926 -0.9810 0.0224
vn -0.1869 -0.9823 0.0133
vn -0.1873 -0.9823 0.0029
vn -0.2370 -0.9713 0.0220
vn -0.2342 -0.9721 0.0075
vn -0.3107 -0.9504 0.0150
vn -0.3204 -0.9473 -0.0038
vn -0.4088 -0.9126 -0.0011
vn -0.4079 -0.9130 -0.0060
vn -0.4922 -0.8702 0.0202
vn -0.4939 -0.8694 -0.0159
vn -0.5040 -0.8637 0.0001
vn -0.4046 -0.9145 -0.0021
vn -0.3948 -0.9187 0.0123
vn -0.3180 -0.9479 -0.0173
vn -0.2915 -0.9564 0.0176
vn -0.2068 -0.9783 0.0122
vn -0.2102 -0.9775 0.0172
vn -0.1509 -0.9882 0.0265
vn -0.1423 -0.9891 0.0388
vn -0.1119 -0.9934 0.0268
vn -0.0969 -0.9941 0.0480
vn -0.0674 -0.9969 0.0412
vn -0.0732 -0.9959 0.0523
vn -0.0732 -0.9960 0.0521
vn -0.0668 -0.9967 0.0451
vn -0.0442 -0.9975 0.0542
vn -0.0678 -0.9961 0.0557
vn -0.0438 -0.9978 0.0503
vn -0.0766 -0.9961 0.0445
vn -0.0770 -0.9964 0.0358
vn -0.1191 -0.9921 0.0404
vn -0.1190 -0.9915 0.0524
vn -0.1086 -0.9935 0.0331
vn -0.1065 -0.9935 0.0406
vn -0.0464 -0.9974 0.0560
vn -0.1106 -0.9928 0.0466
vn -0.1545 -0.9874 0.0354
vn -0.1600 -0.9868 0.0245
vn -0.5069 -0.8620 -0.0036
vn -0.5068 -0.8621 -0.0044
vn -0.5097 -0.8603 -0.0093
vn -0.5095 -0.8604 -0.0130
vn -0.4129 -0.9105 -0.0206
vn -0.4127 -0.9106 -0.0202
vn -0.3328 -0.9429 -0.0125
vn -0.3388 -0.9409 -0.0007
vn -0.2567 -0.9665 0.0014
vn -0.2551 -0.9668 -0.0175
vn -0.3415 -0.9397 -0.0180
vn -0.3473 -0.9374 -0.0237
vn -0.4139 -0.9103 -0.0089
vn -0.4334 -0.9005 -0.0341
vn -0.5125 -0.8583 -0.0253
vn -0.5165 -0.8557 -0.0313
vn -0.5127 -0.8584 -0.0180
vn -0.4052 -0.9142 -0.0005
vn -0.4144 -0.9100 -0.0109
vn -0.3234 -0.9463 0.0058
vn -0.3123 -0.9498 0.0186
vn -0.2084 -0.9772 0.0396
vn -0.2495 -0.9684 0.0021
vn -0.1628 -0.9860 0.0356
vn -0.2521 -0.9677 0.0094
vn -0.2662 -0.9639 -0.0062
vn -0.1307 -0.9912 0.0206
vn -0.0807 -0.9958 0.0432
vn -0.0504 -0.9980 0.0385
vn -0.0418 -0.9979 0.0504
vn -0.0417 -0.9980 0.0468
vn -0.0432 -0.9977 0.0527
vn -0.0443 -0.9976 0.0536
vn -0.6621 -0.7488 0.0298
vn -0.7484 -0.6632 0.0029
vn -0.7805 -0.6208 0.0742
vn -0.7794 -0.6265 0.0032
vn -0.8581 -0.5109 0.0507
vn -0.8595 -0.5091 0.0448
vn -0.8610 -0.5042 0.0662
vn -0.8577 -0.5081 0.0784
vn -0.8570 -0.5097 0.0758
vn -0.8562 -0.5100 0.0826
vn -0.8512 -0.5168 0.0915
vn -0.8525 -0.5213 0.0388
vn -0.8679 -0.4891 0.0873
vn -0.7816 -0.6206 0.0625
vn -0.7716 -0.6348 0.0408
vn -0.6947 -0.7185 0.0344
vn -0.6900 -0.7236 0.0188
vn -0.6162 -0.7867 0.0386
vn -0.6242 -0.7812 -0.0105
vn -0.6089 -0.7932 0.0104
vn -0.6048 -0.7963 0.0057
vn -0.6044 -0.7966 0.0071
vn -0.6018 -0.7986 -0.0008
vn -0.6016 -0.7988 -0.0003
vn -0.6756 -0.7371 0.0142
vn -0.6776 -0.7351 0.0237
vn -0.7511 -0.6568 0.0666
vn -0.7544 -0.6563 0.0158
vn -0.6815 -0.7318 0.0005
vn -0.5980 -0.8014 -0.0105
vn -0.5988 -0.8008 -0.0139
vn -0.5923 -0.8054 -0.0248
vn -0.6815 -0.7317 0.0136
vn -0.6867 -0.7263 0.0305
vn -0.6981 -0.7154 0.0293
vn -0.7680 -0.6383 0.0525
vn -0.7647 -0.6428 0.0447
vn -0.7632 -0.6453 0.0349
vn -0.8536 -0.5203 0.0262
vn -0.6791 -0.7340 -0.0085
vn 0.9760 -0.0881 0.1994
vn 0.9762 -0.0915 0.1964
vn 0.9774 -0.0912 0.1908
vn 0.9794 -0.1096 0.1694
vn 0.9752 -0.1055 0.1947
vn 0.9776 -0.0978 0.1865
vn 0.9783 -0.0987 0.1822
vn 0.9783 -0.0986 0.1822
vn 0.9796 -0.0989 0.1747
vn 0.9793 -0.0955 0.1786
vn 0.9818 -0.0957 0.1639
vn 0.9811 -0.0895 0.1714
vn 0.9591 -0.2359 0.1567
vn 0.9579 -0.2359 0.1637
vn 0.9182 -0.3673 0.1484
vn 0.9192 -0.3672 0.1424
vn 0.9204 -0.3603 0.1519
vn 0.9219 -0.3601 0.1430
vn 0.9228 -0.3544 0.1508
vn 0.9233 -0.3544 0.1482
vn 0.9267 -0.3297 0.1804
vn 0.9301 -0.3365 0.1474
vn 0.9255 -0.3428 0.1608
vn 0.9248 -0.3365 0.1776
vn 0.9594 -0.2060 0.1924
vn 0.9583 -0.2010 0.2030
vn 0.9510 -0.2143 0.2228
vn 0.9208 -0.3276 0.2115
vn 0.9174 -0.3325 0.2188
vn 0.9070 -0.3113 0.2837
vn 0.9329 -0.2143 0.2894
vn 0.9276 -0.1908 0.3212
vn 0.8996 -0.1916 0.3923
vn 0.9158 -0.0721 0.3952
vn 0.9161 -0.0732 0.3942
vn 0.9041 -0.1844 0.3855
vn 0.8778 -0.2883 0.3825
vn 0.8786 -0.3032 0.3689
vn 0.9419 -0.0817 0.3258
vn 0.9463 -0.0738 0.3148
vn 0.9583 -0.0919 0.2704
vn 0.9636 -0.0802 0.2550
vn 0.9090 -0.3081 0.2806
vn 0.9447 -0.1969 0.2622
vn 0.9706 -0.0909 0.2227
vn 0.9231 -0.3388 0.1819
vn 0.9587 -0.2211 0.1790
vn 0.9571 -0.2364 0.1674
vn 0.9615 -0.2186 0.1662
vn 0.9583 -0.2338 0.1645
vn 0.9175 -0.3712 0.1430
vn 0.9173 -0.3712 0.1441
vn 0.9171 -0.3720 0.1431
vn 0.9592 -0.2326 0.1608
vn 0.9579 -0.2338 0.1664
vn 0.9585 -0.2202 0.1812
vn 0.9618 -0.2329 0.1441
vn 0.9569 -0.2225 0.1867
vn 0.9574 -0.2090 0.1995
vn 0.9720 -0.0862 0.2187
vn 0.9957 -0.0254 0.0892
vn 0.9955 -0.0221 0.0921
vn 0.9844 -0.1250 0.1242
vn 0.9901 -0.1233 0.0665
vn 0.9917 -0.0526 0.1173
vn 0.9944 -0.0528 0.0916
vn 0.9808 -0.1390 0.1367
vn 0.9728 -0.2191 0.0750
vn 0.9410 -0.3206 0.1082
vn 0.9378 -0.3342 0.0943
vn 0.9393 -0.3332 0.0825
vn 0.9553 -0.2908 0.0528
vn 0.9492 -0.2934 0.1132
vn 0.9435 -0.3235 0.0715
vn 0.9412 -0.3204 0.1072
vn 0.9395 -0.3323 0.0833
vn 0.9313 -0.3458 0.1145
vn 0.9312 -0.3474 0.1105
vn 0.9275 -0.3531 0.1224
vn 0.9275 -0.3545 0.1191
vn 0.9244 -0.3588 0.1293
vn 0.9245 -0.3580 0.1306
vn 0.9237 -0.3590 0.1341
vn 0.9230 -0.3650 0.1220
vn 0.9186 -0.3705 0.1371
vn 0.9181 -0.3731 0.1336
vn 0.9170 -0.3735 0.1397
vn 0.9174 -0.3720 0.1417
vn 0.9599 -0.2457 0.1349
vn 0.9584 -0.2454 0.1457
vn 0.9875 -0.1160 0.1065
vn 0.9862 -0.0917 0.1380
vn 0.9846 -0.0915 0.1490
vn 0.9844 -0.0895 0.1514
vn 0.9757 -0.1084 0.1903
vn 0.9731 -0.1946 0.1229
vn 0.9702 -0.1949 0.1442
vn 0.9893 -0.0630 0.1318
vn 0.9906 -0.0574 0.1242
vn 0.9910 -0.0578 0.1209
vn 0.9917 -0.0693 0.1080
vn 0.9857 -0.0693 0.1539
vn 0.9770 -0.1851 0.1063
vn 0.9921 -0.0392 0.1192
vn 0.9921 -0.0393 0.1190
vn 0.9928 -0.0335 0.1147
vn 0.9703 -0.2091 0.1219
vn 0.9895 -0.0635 0.1300
vn 0.9608 -0.2326 0.1506
vn 0.9552 -0.2711 0.1184
vn 0.9488 -0.2647 0.1723
vn 0.9666 -0.2347 0.1026
vn 0.9615 -0.2281 0.1532
vn 0.9697 -0.2038 0.1345
vn 0.9762 -0.1822 0.1177
vn 0.9865 -0.1448 0.0767
vn 0.9936 -0.0339 0.1074
vn 0.9691 -0.2205 0.1108
vn 0.9819 -0.1712 0.0816
vn 0.9947 -0.0256 0.0992
vn 0.8179 -0.4782 0.3200
vn 0.8213 -0.4749 0.3161
vn 0.8515 -0.3878 0.3531
vn 0.8401 -0.4030 0.3631
vn 0.8666 -0.4169 0.2741
vn 0.8631 -0.4299 0.2650
vn 0.8764 -0.4326 0.2117
vn 0.8724 -0.4488 0.1936
vn 0.8776 -0.4473 0.1727
vn 0.8751 -0.4571 0.1592
vn 0.8773 -0.4560 0.1495
vn 0.8751 -0.4634 0.1394
vn 0.8758 -0.4632 0.1358
vn 0.8732 -0.4707 0.1259
vn 0.8728 -0.4707 0.1289
vn 0.8700 -0.4786 0.1186
vn 0.8689 -0.4783 0.1273
vn 0.8660 -0.4862 0.1167
vn 0.8648 -0.4859 0.1267
vn 0.8621 -0.4932 0.1165
vn 0.8609 -0.4930 0.1255
vn 0.8581 -0.5006 0.1147
vn 0.7982 -0.5939 0.1009
vn 0.7998 -0.5941 0.0855
vn 0.7466 -0.6611 0.0747
vn 0.7365 -0.6744 0.0520
vn 0.7349 -0.6746 0.0705
vn 0.7236 -0.6887 0.0457
vn 0.6764 -0.7356 0.0369
vn 0.6778 -0.7351 0.0173
vn 0.6617 -0.7497 0.0086
vn 0.6911 -0.7215 0.0434
vn 0.6921 -0.7212 0.0291
vn 0.7029 -0.7095 0.0508
vn 0.7033 -0.7094 0.0448
vn 0.7120 -0.6994 0.0624
vn 0.7118 -0.6994 0.0641
vn 0.7206 -0.6884 0.0825
vn 0.7204 -0.6882 0.0859
vn 0.7348 -0.6678 0.1188
vn 0.7355 -0.6716 0.0900
vn 0.7778 -0.6146 0.1313
vn 0.7914 -0.6009 0.1124
vn 0.8285 -0.5419 0.1415
vn 0.7915 -0.5976 0.1282
vn 0.8279 -0.5486 0.1166
vn 0.7786 -0.6092 0.1506
vn 0.8170 -0.5498 0.1740
vn 0.7601 -0.6266 0.1723
vn 0.7229 -0.6756 0.1449
vn 0.7249 -0.6740 0.1422
vn 0.7307 -0.6572 0.1850
vn 0.7290 -0.6585 0.1870
vn 0.7278 -0.6404 0.2453
vn 0.7388 -0.6202 0.2637
vn 0.7668 -0.5874 0.2590
vn 0.7764 -0.5863 0.2311
vn 0.8100 -0.5426 0.2224
vn 0.7578 -0.6255 0.1856
vn 0.7225 -0.6825 0.1106
vn 0.7761 -0.6228 0.0989
vn 0.7756 -0.6222 0.1062
vn 0.8212 -0.5610 0.1044
vn 0.7659 -0.6375 0.0838
vn 0.7655 -0.6374 0.0875
vn 0.8147 -0.5722 0.0940
vn 0.7576 -0.6491 0.0690
vn 0.7567 -0.6490 0.0788
vn 0.8077 -0.5829 0.0886
vn 0.7480 -0.6611 0.0588
vn 0.7912 -0.6060 0.0820
vn 0.8062 -0.5827 0.1031
vn 0.8135 -0.5720 0.1049
vn 0.8206 -0.5608 0.1103
vn 0.8273 -0.5485 0.1212
vn 0.8320 -0.5395 0.1293
vn 0.8287 -0.5411 0.1430
vn 0.8200 -0.5398 0.1903
vn 0.8307 -0.4821 0.2784
vn 0.7757 -0.5541 0.3022
vn 0.2217 -0.9751 -0.0031
vn 0.1941 -0.9808 0.0200
vn 0.1200 -0.9927 -0.0107
vn 0.1198 -0.9927 0.0167
vn 0.0858 -0.9962 -0.0154
vn 0.0942 -0.9947 -0.0411
vn 0.1696 -0.9848 -0.0375
vn 0.1815 -0.9820 -0.0522
vn 0.2816 -0.9588 -0.0362
vn 0.2888 -0.9571 -0.0226
vn 0.3720 -0.9275 -0.0361
vn 0.3737 -0.9266 -0.0428
vn 0.3532 -0.9331 -0.0677
vn 0.3520 -0.9342 -0.0581
vn 0.2931 -0.9518 -0.0902
vn 0.2893 -0.9533 -0.0865
vn 0.2298 -0.9665 -0.1141
vn 0.2298 -0.9665 -0.1140
vn 0.2169 -0.9677 -0.1287
vn 0.2167 -0.9678 -0.1279
vn 0.2733 -0.9507 -0.1467
vn 0.2760 -0.9480 -0.1586
vn 0.3499 -0.9231 -0.1594
vn 0.3412 -0.9281 -0.1489
vn 0.4259 -0.8951 -0.1316
vn 0.4183 -0.9002 -0.1208
vn 0.4874 -0.8672 -0.1024
vn 0.4746 -0.8757 -0.0892
vn 0.5325 -0.8454 -0.0414
vn 0.5320 -0.8425 -0.0849
vn 0.5689 -0.8218 -0.0306
vn 0.5687 -0.8217 -0.0381
vn 0.5813 -0.8120 -0.0523
vn 0.5265 -0.8480 -0.0611
vn 0.4987 -0.8612 -0.0979
vn 0.4988 -0.8617 -0.0933
vn 0.4578 -0.8846 -0.0893
vn 0.4591 -0.8837 -0.0915
vn 0.3956 -0.9103 -0.1220
vn 0.3957 -0.9119 -0.1089
vn 0.3795 -0.9188 -0.1088
vn 0.3152 -0.9383 -0.1424
vn 0.4631 -0.8838 -0.0667
vn 0.5156 -0.8563 -0.0306
vn 0.5150 -0.8558 -0.0487
vn 0.4639 -0.8854 -0.0277
vn 0.4620 -0.8868 -0.0145
vn 0.5015 -0.8644 0.0353
vn 0.5032 -0.8637 0.0292
vn 0.5129 -0.8572 0.0468
vn 0.5063 -0.8599 0.0656
vn 0.4575 -0.8858 0.0785
vn 0.4211 -0.9063 0.0368
vn 0.3714 -0.9261 0.0657
vn 0.3107 -0.9498 0.0371
vn 0.2633 -0.9622 0.0696
vn 0.2654 -0.9622 0.0611
vn 0.2918 -0.9519 0.0939
vn 0.2817 -0.9478 0.1493
vn 0.2745 -0.9491 0.1543
vn 0.1920 -0.9735 0.1242
vn 0.1842 -0.9796 0.0798
vn 0.0879 -0.9935 0.0721
vn 0.0841 -0.9954 0.0466
vn 0.0945 -0.9949 0.0344
vn 0.1835 -0.9819 0.0475
vn 0.0026 -0.9991 0.0417
vn 0.0018 -0.9993 0.0381
vn 0.0085 -0.9999 0.0125
vn 0.0130 -0.9999 0.0062
vn 0.0170 -0.9998 0.0125
vn 0.0212 -0.9996 -0.0162
vn 0.0053 -0.9992 0.0395
vn -0.0012 -0.9975 0.0710
vn 0.0008 -0.9970 0.0780
vn 0.0063 -0.9973 0.0738
vn -0.0038 -0.9924 0.1231
vn -0.0011 -0.9912 0.1326
vn 0.0773 -0.9882 0.1323
vn 0.0874 -0.9886 0.1228
vn 0.0854 -0.9750 0.2053
vn 0.2153 -0.9565 0.1967
vn 0.2102 -0.9569 0.2005
vn 0.0991 -0.9763 0.1923
vn -0.0083 -0.9789 0.2040
vn -0.0138 -0.9779 0.2088
vn 0.0052 -0.9918 0.1279
vn 0.0804 -0.9935 0.0803
vn 0.1865 -0.9739 0.1293
vn 0.2687 -0.9423 0.1997
vn 0.3101 -0.9205 0.2376
vn 0.3743 -0.8985 0.2294
vn 0.3900 -0.9017 0.1865
vn 0.4663 -0.8692 0.1643
vn 0.4939 -0.8448 0.2059
vn 0.4868 -0.8401 0.2393
vn 0.4596 -0.8470 0.2671
vn 0.5306 -0.8058 0.2631
vn 0.5486 -0.7996 0.2444
vn 0.5922 -0.7652 0.2526
vn 0.6222 -0.7513 0.2203
vn 0.6561 -0.7226 0.2176
vn 0.6749 -0.7162 0.1780
vn 0.6713 -0.7216 0.1695
vn 0.6790 -0.7252 0.1143
vn 0.6665 -0.7335 0.1332
vn 0.6658 -0.7385 0.1065
vn 0.6689 -0.7362 0.1028
vn 0.6682 -0.7402 0.0754
vn 0.6402 -0.7658 0.0605
vn 0.6262 -0.7764 0.0715
vn 0.5830 -0.8114 0.0415
vn 0.5825 -0.8113 0.0506
vn 0.6213 -0.7827 0.0367
vn 0.6234 -0.7813 0.0294
vn 0.6554 -0.7546 0.0323
vn 0.6628 -0.7466 0.0569
vn 0.6610 -0.7479 0.0603
vn 0.6519 -0.7574 0.0368
vn 0.6510 -0.7588 0.0223
vn 0.6313 -0.7755 -0.0038
vn 0.6288 -0.7775 0.0088
vn 0.5964 -0.8027 0.0012
vn 0.5994 -0.8004 -0.0112
vn 0.6396 -0.7660 0.0636
vn 0.6659 -0.7419 0.0782
vn 0.6254 -0.7752 0.0895
vn 0.6066 -0.7879 0.1061
vn 0.5664 -0.8202 0.0800
vn 0.6059 -0.7877 0.1116
vn 0.5699 -0.8097 0.1403
vn 0.5703 -0.8046 0.1656
vn 0.5342 -0.8378 0.1128
vn 0.6220 -0.7725 0.1280
vn 0.6200 -0.7658 0.1705
vn 0.6732 -0.7008 0.2359
vn 0.6151 -0.7684 0.1767
vn 0.5445 -0.8148 0.1991
vn 0.4745 -0.8692 0.1393
vn 0.3849 -0.8886 0.2497
vn 0.3724 -0.9137 0.1627
vn 0.3765 -0.9217 0.0932
vn 0.1895 -0.9792 0.0730
vn 0.3758 -0.9219 0.0939
vn 0.4500 -0.8875 0.0996
vn 0.5364 -0.8380 0.0995
vn 0.5657 -0.8226 0.0579
vn 0.4189 -0.9068 0.0470
vn 0.3951 -0.9185 0.0139
vn 0.3129 -0.9495 0.0225
vn 0.5554 -0.8314 0.0196
vn 0.5586 -0.8295 -0.0017
vn 0.4288 -0.9024 -0.0421
vn 0.4383 -0.8900 -0.1256
vn 0.5256 -0.8498 -0.0391
vn 0.5814 -0.8133 -0.0235
vn 0.6226 -0.7825 -0.0081
vn 0.6193 -0.7852 0.0012
vn 0.6045 -0.7959 -0.0331
vn 0.4912 -0.8672 -0.0821
vn 0.4153 -0.8996 -0.1349
vn 0.3446 -0.9260 -0.1543
vn 0.4315 -0.8953 -0.1106
vn 0.3410 -0.9279 -0.1509
vn 0.2744 -0.9452 -0.1768
vn 0.2429 -0.9563 -0.1629
vn 0.1863 -0.9629 -0.1951
vn 0.1439 -0.9755 -0.1662
vn 0.0907 -0.9766 -0.1950
vn 0.0621 -0.9826 -0.1750
vn 0.0015 -0.9816 -0.1910
vn 0.0013 -0.9815 -0.1915
vn 0.0020 -0.9808 -0.1950
vn 0.0271 -0.9762 -0.2153
vn 0.0299 -0.9798 -0.1978
vn -0.0007 -0.9819 -0.1893
vn 0.0010 -0.9840 -0.1780
vn -0.0000 -0.9839 -0.1789
vn -0.0019 -0.9843 -0.1765
vn 0.0045 -0.9878 -0.1555
vn 0.0002 -0.9874 -0.1586
vn 0.0830 -0.9821 -0.1688
vn 0.0837 -0.9813 -0.1735
vn 0.1053 -0.9836 -0.1468
vn 0.1023 -0.9866 -0.1273
vn 0.0153 -0.9931 -0.1160
vn 0.0040 -0.9919 -0.1266
vn 0.0204 -0.9918 -0.1265
vn 0.0170 -0.9957 -0.0912
vn 0.0125 -0.9951 -0.0983
vn 0.0057 -0.9959 -0.0903
vn -0.0018 -0.9986 -0.0525
vn -0.0001 -0.9987 -0.0510
vn 0.0001 -0.9987 -0.0513
vn -0.0006 -0.9999 -0.0169
vn 0.0799 -0.9940 -0.0741
vn 0.1287 -0.9860 -0.1060
vn -0.0006 -0.9877 -0.1563
vn 0.0628 -0.9798 -0.1900
vn 0.0910 -0.9776 -0.1900
vn 0.1172 -0.9703 -0.2117
vn 0.1442 -0.9701 -0.1953
vn 0.1785 -0.9695 -0.1677
vn 0.1914 -0.9655 -0.1763
vn 0.3529 -0.9254 -0.1381
vn 0.2467 -0.9502 -0.1906
vn 0.3182 -0.9413 -0.1128
vn 0.1782 -0.9700 -0.1653
vn 0.1285 -0.9867 -0.1000
vn 0.2881 -0.9510 -0.1124
vn 0.3812 -0.9213 -0.0767
vn 0.4296 -0.9008 -0.0627
vn 0.3991 -0.9169 0.0006
vn 0.2872 -0.9577 -0.0179
vn 0.2968 -0.9529 -0.0624
vn 0.1768 -0.9812 -0.0770
vn 0.0784 -0.9950 -0.0621
vn 0.0138 -0.9999 -0.0022
vn 0.1722 -0.9849 -0.0198
vn 0.0923 -0.9956 0.0177
vn 0.1945 -0.9802 0.0367
vn 0.3095 -0.9505 0.0274
vn 0.2214 -0.9751 0.0101
vn 0.5649 -0.8232 0.0573
vn 0.5662 -0.8224 0.0558
vn 0.5670 -0.8217 0.0587
vn 0.6387 -0.7680 0.0472
vn 0.6565 -0.7501 0.0804
vn 0.6635 -0.7460 0.0566
vn 0.5743 -0.8163 0.0612
vn 0.5868 -0.8087 0.0401
vn 0.5868 -0.8087 0.0400
vn 0.6569 -0.7485 0.0911
vn 0.6850 -0.7254 0.0684
vn 0.7615 -0.6360 0.1247
vn 0.7707 -0.6301 0.0949
vn 0.8478 -0.5238 0.0828
vn 0.8444 -0.5215 0.1223
vn 0.8605 -0.5000 0.0976
vn 0.8619 -0.4993 0.0881
vn 0.8650 -0.4915 0.1006
vn 0.8705 -0.4859 0.0781
vn 0.8568 -0.5147 0.0298
vn 0.8491 -0.5176 0.1052
vn 0.8704 -0.4879 0.0658
vn 0.8699 -0.4878 0.0725
vn 0.8792 -0.4731 0.0557
vn 0.7972 -0.6021 0.0436
vn 0.7722 -0.6309 0.0758
vn 0.6960 -0.7169 0.0405
vn 0.6650 -0.7439 0.0667
vn 0.5751 -0.8174 0.0335
vn 0.5705 -0.8198 0.0490
vn 0.5884 -0.8042 0.0836
vn 0.5947 -0.8038 0.0184
vn 0.6778 -0.7308 0.0808
vn 0.6785 -0.7324 0.0566
vn 0.7381 -0.6640 0.1194
vn 0.6792 -0.7297 0.0789
vn 0.7793 -0.6228 0.0687
vn 0.7813 -0.6233 0.0328
vn 0.6811 -0.7305 0.0487
vn 0.5796 -0.8138 0.0414
vn 0.6664 -0.7449 0.0309
vn 0.7724 -0.6334 0.0468
vn 0.7932 -0.6019 0.0922
vn 0.7958 -0.6025 0.0610
vn 0.7620 -0.6420 0.0846
vn 0.8536 -0.5102 0.1048
vn 0.8520 -0.5107 0.1153
vn 0.8510 -0.5132 0.1115
vn 0.8510 -0.5132 0.1117
vn 0.7697 -0.6308 0.0983
vn 0.7722 -0.6304 0.0796
vn 0.7060 -0.7047 0.0702
vn 0.7086 -0.7043 0.0422
vn 0.7215 -0.6889 0.0696
vn 0.7821 -0.6177 0.0818
vn 0.7892 -0.6059 0.1005
vn 0.8546 -0.5062 0.1157
vn 0.8569 -0.5004 0.1239
vn 0.8540 -0.5061 0.1204
vn 0.8524 -0.5101 0.1147
vn 0.6600 -0.7505 0.0339
vn 0.6433 -0.7656 0.0036
vn 0.6417 -0.7662 0.0339
vn 0.6226 -0.7825 0.0039
vn 0.6221 -0.7823 0.0314
vn 0.6038 -0.7970 0.0116
vn 0.6896 -0.7232 0.0382
vn 0.6867 -0.7236 0.0701
vn 0.7800 -0.6177 0.0998
vn 0.7589 -0.6473 0.0712
vn 0.8522 -0.5101 0.1162
vn 0.7643 -0.6402 0.0767
vn 0.7539 -0.6502 0.0945
vn 0.6567 -0.7537 0.0249
vn 0.6044 -0.7963 0.0267
vn 0.6824 -0.7250 0.0937
vn 0.7496 -0.6600 0.0507
vn 0.5713 -0.8192 0.0507
vn 0.6284 -0.7717 0.0984
vn 0.5649 -0.8233 0.0546
vn 0.4547 -0.8898 0.0401
vn 0.4618 -0.8864 0.0323
vn 0.3796 -0.9250 0.0156
vn 0.3867 -0.9222 -0.0093
vn 0.4340 -0.8999 0.0417
vn 0.4319 -0.9019 -0.0071
vn 0.4956 -0.8682 0.0241
vn 0.4788 -0.8771 0.0368
vn 0.4791 -0.8767 0.0435
vn 0.4957 -0.8681 0.0255
vn 0.5090 -0.8607 0.0106
vn 0.4456 -0.8951 -0.0167
vn 0.4555 -0.8896 -0.0345
vn 0.4311 -0.9017 -0.0323
vn 0.4377 -0.8947 -0.0889
vn 0.4355 -0.8960 -0.0874
vn 0.3831 -0.9147 -0.1291
vn 0.3883 -0.9118 -0.1338
vn 0.3278 -0.9317 -0.1567
vn 0.3335 -0.9272 -0.1703
vn 0.2731 -0.9465 -0.1719
vn 0.2636 -0.9468 -0.1847
vn 0.2642 -0.9474 -0.1806
vn 0.1937 -0.9618 -0.1932
vn 0.1948 -0.9618 -0.1921
vn 0.1936 -0.9666 -0.1677
vn 0.2251 -0.9577 -0.1790
vn 0.2314 -0.9604 -0.1554
vn 0.2199 -0.9650 -0.1429
vn 0.2579 -0.9565 -0.1362
vn 0.2597 -0.9582 -0.1199
vn 0.2436 -0.9645 -0.1017
vn 0.2974 -0.9521 -0.0714
vn 0.2934 -0.9490 -0.1159
vn 0.3378 -0.9387 -0.0680
vn 0.3437 -0.9322 -0.1134
vn 0.3216 -0.9404 -0.1101
vn 0.2821 -0.9464 -0.1570
vn 0.3674 -0.9272 -0.0730
vn 0.3920 -0.9195 -0.0300
vn 0.2769 -0.9595 -0.0524
vn 0.3289 -0.9436 -0.0372
vn 0.3240 -0.9458 -0.0203
vn 0.2794 -0.9580 -0.0653
vn 0.2801 -0.9593 -0.0364
vn 0.2268 -0.9721 -0.0601
vn 0.2245 -0.9721 -0.0681
vn 0.1873 -0.9814 -0.0414
vn 0.2697 -0.9627 -0.0218
vn 0.2512 -0.9679 0.0005
vn 0.3447 -0.9387 -0.0034
vn 0.3712 -0.9276 0.0419
vn 0.3736 -0.9276 0.0031
vn 0.4556 -0.8895 0.0350
vn 0.4584 -0.8883 0.0263
vn 0.3461 -0.9379 0.0237
vn 0.4554 -0.8901 0.0212
vn 0.1610 -0.9838 -0.0793
vn 0.1317 -0.9843 -0.1174
vn 0.1397 -0.9882 -0.0626
vn 0.1052 -0.9899 -0.0955
vn 0.1180 -0.9868 -0.1113
vn 0.0803 -0.9880 -0.1317
vn 0.0750 -0.9889 -0.1285
vn 0.0587 -0.9883 -0.1408
vn 0.0517 -0.9892 -0.1375
vn 0.0325 -0.9884 -0.1486
vn 0.0369 -0.9893 -0.1413
vn 0.0301 -0.9892 -0.1435
vn 0.0285 -0.9841 -0.1752
vn 0.0292 -0.9843 -0.1741
vn 0.0274 -0.9848 -0.1714
vn 0.0204 -0.9811 -0.1924
vn 0.0265 -0.9825 -0.1846
vn 0.0669 -0.9792 -0.1915
vn 0.0631 -0.9840 -0.1668
vn 0.0804 -0.9809 -0.1772
vn 0.0795 -0.9791 -0.1874
vn 0.0764 -0.9799 -0.1842
vn 0.0255 -0.9798 -0.1986
vn 0.0269 -0.9802 -0.1959
vn 0.0180 -0.9814 -0.1910
vn 0.0183 -0.9818 -0.1892
vn 0.0216 -0.9822 -0.1864
vn 0.0238 -0.9807 -0.1939
vn 0.0239 -0.9809 -0.1928
vn 0.0209 -0.9799 -0.1986
vn 0.0845 -0.9802 -0.1792
vn 0.0825 -0.9750 -0.2065
vn 0.1007 -0.9768 -0.1889
vn 0.1022 -0.9751 -0.1969
vn 0.0210 -0.9830 -0.1823
vn 0.0088 -0.9808 -0.1947
vn 0.0087 -0.9807 -0.1951
vn 0.0299 -0.9797 -0.1980
vn 0.0080 -0.9811 -0.1931
vn 0.0101 -0.9815 -0.1914
vn 0.1009 -0.9758 -0.1940
vn 0.1702 -0.9713 -0.1660
vn 0.1658 -0.9738 -0.1556
vn 0.1443 -0.9717 -0.1868
vn 0.1376 -0.9780 -0.1565
vn 0.1773 -0.9714 -0.1582
vn 0.1710 -0.9773 -0.1255
vn 0.1324 -0.9778 -0.1622
vn 0.1350 -0.9796 -0.1491
vn 0.0961 -0.9838 -0.1515
vn 0.1235 -0.9795 -0.1594
vn 0.1946 -0.9722 -0.1304
vn 0.2028 -0.9669 -0.1547
vn 0.1033 -0.9792 -0.1749
vn 0.0104 -0.9819 -0.1889
vn 0.0742 -0.9770 -0.1999
vn 0.1269 -0.9765 -0.1739
vn 0.1026 -0.9775 -0.1846
vn 0.0283 -0.9818 -0.1876
vn 0.0530 -0.9826 -0.1781
vn 0.0806 -0.9818 -0.1720
vn 0.1164 -0.9862 -0.1180
vn 0.1751 -0.9764 -0.1265
vn 0.2141 -0.9733 -0.0827
vn 0.2136 -0.9730 -0.0870
vn 0.2451 -0.9654 -0.0890
vn 0.2461 -0.9658 -0.0813
vn 0.2693 -0.9626 -0.0283
vn 0.2758 -0.9591 -0.0631
vn 0.2361 -0.9641 -0.1217
vn 0.2802 -0.9535 -0.1109
vn 0.2208 -0.9667 -0.1291
vn 0.1624 -0.9696 -0.1829
vn 0.2663 -0.9522 -0.1499
vn 0.1670 -0.9664 -0.1956
vn 0.1119 -0.9757 -0.1885
vn 0.2592 -0.9500 -0.1742
vn 0.1949 -0.9622 -0.1901
vn 0.3436 -0.9269 -0.1509
vn 0.4044 -0.9030 -0.1451
vn 0.4130 -0.9017 -0.1279
vn 0.4389 -0.8883 -0.1353
vn 0.4364 -0.8945 -0.0967
vn 0.4765 -0.8740 -0.0950
vn 0.4871 -0.8678 -0.0984
vn 0.5347 -0.8432 -0.0562
vn 0.5359 -0.8427 -0.0513
vn 0.5869 -0.8091 -0.0307
vn 0.5804 -0.8143 -0.0041
vn 0.5955 -0.8033 -0.0057
vn 0.5483 -0.8337 -0.0656
vn 0.5456 -0.8380 -0.0053
vn 0.4853 -0.8727 -0.0533
vn 0.5394 -0.8420 0.0001
vn 0.5371 -0.8434 0.0151
vn 0.4872 -0.8716 -0.0547
vn 0.3328 -0.9318 -0.1452
vn 0.3908 -0.9122 -0.1229
vn 0.3830 -0.9214 -0.0663
vn 0.4352 -0.8952 -0.0959
vn 0.4850 -0.8727 -0.0560
vn 0.4041 -0.9119 -0.0718
vn 0.4610 -0.8872 -0.0197
vn 0.5124 -0.8583 -0.0254
vn 0.4444 -0.8955 -0.0217
vn 0.3474 -0.9377 -0.0035
vn 0.3509 -0.9360 -0.0274
vn 0.4612 -0.8869 0.0262
vn 0.4552 -0.8897 0.0344
vn -0.1318 0.9864 -0.0983
vn -0.0582 0.9983 -0.0028
vn -0.0739 0.9973 0.0011
vn -0.1120 0.9902 0.0838
vn -0.1175 0.9928 0.0236
vn -0.1207 0.9926 0.0157
vn -0.1567 0.9857 0.0617
vn -0.1560 0.9865 0.0504
vn -0.1647 0.9856 0.0373
vn -0.1890 0.9813 0.0358
vn -0.1682 0.9857 -0.0049
vn -0.1103 0.9939 -0.0000
vn -0.1107 0.9939 -0.0009
vn -0.0044 1.0000 0.0078
vn 0.0006 0.9998 0.0190
vn -0.0009 0.9998 0.0219
vn 0.0018 0.9992 0.0387
vn 0.0146 0.9986 0.0500
vn 0.1386 0.9902 0.0166
vn 0.1381 0.9902 0.0195
vn 0.2594 0.9656 0.0179
vn 0.2645 0.9643 0.0083
vn 0.2633 0.9643 -0.0298
vn 0.2601 0.9649 -0.0353
vn 0.1794 0.9828 -0.0443
vn 0.1731 0.9826 -0.0670
vn 0.1993 0.9736 -0.1117
vn 0.1784 0.9720 -0.1528
vn 0.1619 0.9790 -0.1236
vn 0.2548 0.9527 -0.1657
vn 0.2671 0.9522 -0.1485
vn 0.3159 0.9362 -0.1540
vn 0.3375 0.9346 -0.1124
vn 0.3670 0.9233 -0.1132
vn 0.3742 0.9126 -0.1649
vn 0.3755 0.9124 -0.1629
vn 0.3837 0.9195 -0.0858
vn 0.3773 0.9251 -0.0434
vn 0.3412 0.9390 -0.0434
vn 0.3913 0.9199 -0.0260
vn 0.3938 0.9190 0.0171
vn 0.3947 0.9187 0.0158
vn 0.4027 0.9141 0.0471
vn 0.4069 0.9126 0.0384
vn 0.3395 0.9398 0.0390
vn 0.3350 0.9417 0.0312
vn 0.3404 0.9401 0.0160
vn 0.3257 0.9426 -0.0732
vn 0.3169 0.9354 -0.1570
vn 0.0619 0.9875 -0.1453
vn 0.0533 0.9862 -0.1569
vn -0.0169 0.9858 -0.1673
vn 0.2552 0.9604 -0.1116
vn 0.0614 0.9921 -0.1092
vn 0.0125 0.9986 -0.0512
vn 0.1314 0.9912 0.0156
vn 0.2751 0.9586 -0.0731
vn 0.3335 0.9423 -0.0280
vn 0.3357 0.9419 0.0083
vn 0.2658 0.9635 0.0328
vn 0.2644 0.9638 0.0357
vn 0.1568 0.9866 0.0452
vn -0.1265 0.9903 0.0579
vn -0.1201 0.9916 0.0485
vn -0.1881 0.9804 0.0583
vn -0.1943 0.9796 0.0514
vn -0.1688 0.9849 0.0384
vn -0.1711 0.9842 0.0465
vn -0.1663 0.9852 0.0416
vn -0.1664 0.9851 0.0427
vn -0.1664 0.9851 0.0426
vn -0.1655 0.9852 0.0442
vn -0.1949 0.9801 0.0373
vn -0.1265 0.9916 0.0276
vn 0.1314 0.9913 0.0099
vn 0.0182 0.9994 -0.0287
vn -0.1248 0.9917 0.0303
vn -0.0783 0.9948 -0.0644
vn -0.0671 0.9968 -0.0429
vn -0.1907 0.9812 0.0305
vn -0.1638 0.9858 0.0357
vn -0.1636 0.9865 0.0093
vn -0.0731 0.9973 0.0027
vn -0.0649 0.9928 -0.1002
vn -0.1299 0.9904 -0.0476
vn 0.4250 0.8984 0.1110
vn 0.4305 0.8966 0.1036
vn 0.4320 0.8952 0.1094
vn 0.4334 0.8949 0.1066
vn 0.4330 0.8952 0.1053
vn 0.4341 0.8949 0.1031
vn 0.4338 0.8958 0.0962
vn 0.3395 0.9342 0.1097
vn 0.3508 0.9320 0.0914
vn 0.3416 0.9377 0.0637
vn 0.4294 0.8985 0.0917
vn 0.4328 0.8994 0.0614
vn 0.3381 0.9372 0.0856
vn 0.3472 0.9351 0.0705
vn 0.3417 0.9393 0.0316
vn 0.4183 0.9056 0.0705
vn 0.4262 0.9046 0.0054
vn 0.3089 0.9506 0.0301
vn 0.3336 0.9425 -0.0179
vn 0.2333 0.9723 0.0172
vn 0.2050 0.9786 -0.0158
vn 0.1473 0.9890 0.0139
vn 0.1380 0.9904 0.0034
vn 0.0808 0.9966 0.0133
vn 0.0815 0.9966 0.0140
vn 0.0229 0.9996 0.0160
vn 0.0261 0.9993 0.0262
vn 0.0213 0.9993 0.0314
vn 0.0214 0.9986 0.0483
vn 0.0162 0.9990 0.0418
vn -0.0037 0.9988 0.0493
vn -0.0228 0.9993 0.0290
vn -0.0386 0.9987 0.0322
vn -0.0297 0.9995 0.0134
vn -0.0294 0.9995 0.0102
vn -0.0295 0.9995 0.0101
vn -0.0009 0.9999 0.0133
vn -0.0027 1.0000 0.0030
vn 0.0041 1.0000 -0.0058
vn -0.0220 0.9998 -0.0021
vn -0.0186 0.9998 -0.0076
vn -0.0166 0.9997 -0.0157
vn -0.0226 0.9997 -0.0033
vn -0.0245 0.9997 0.0034
vn -0.0477 0.9986 0.0228
vn -0.0480 0.9986 0.0209
vn -0.0541 0.9979 0.0358
vn -0.0487 0.9982 0.0345
vn -0.0482 0.9980 0.0414
vn -0.0565 0.9976 0.0397
vn -0.0573 0.9975 0.0405
vn -0.0633 0.9976 0.0264
vn -0.0639 0.9975 0.0312
vn -0.0765 0.9959 0.0476
vn -0.0779 0.9959 0.0452
vn -0.0773 0.9964 0.0344
vn -0.0903 0.9945 0.0535
vn -0.0930 0.9945 0.0486
vn -0.0929 0.9944 0.0512
vn -0.0936 0.9942 0.0527
vn -0.1081 0.9926 0.0545
vn -0.1127 0.9910 0.0718
vn -0.1263 0.9906 0.0525
vn -0.1122 0.9924 0.0502
vn -0.1060 0.9936 0.0382
vn -0.1110 0.9925 0.0519
vn -0.1110 0.9924 0.0525
vn -0.1163 0.9913 0.0612
vn -0.1273 0.9911 0.0388
vn -0.1263 0.9904 0.0564
vn -0.1337 0.9889 0.0641
vn -0.0785 0.9942 0.0740
vn -0.0726 0.9939 0.0824
vn 0.0242 0.9946 0.1006
vn 0.0258 0.9948 0.0988
vn 0.1455 0.9798 0.1369
vn 0.1255 0.9869 0.1013
vn 0.2385 0.9643 0.1155
vn 0.2492 0.9630 0.1031
vn 0.3344 0.9356 0.1131
vn 0.3391 0.9350 0.1041
vn 0.4258 0.8982 0.1094
vn 0.4253 0.8982 0.1113
vn 0.3327 0.9371 0.1056
vn 0.3156 0.9403 0.1271
vn 0.3171 0.9435 0.0963
vn 0.2352 0.9659 0.1084
vn 0.2334 0.9667 0.1048
vn 0.1364 0.9850 0.1059
vn 0.1384 0.9854 0.0996
vn 0.0360 0.9925 0.1172
vn 0.0263 0.9947 0.0994
vn -0.0562 0.9944 0.0898
vn -0.0473 0.9961 0.0742
vn -0.0474 0.9962 0.0725
vn -0.0357 0.9954 0.0892
vn -0.0298 0.9970 0.0714
vn -0.0170 0.9952 0.0962
vn 0.0525 0.9944 0.0915
vn 0.0556 0.9938 0.0961
vn 0.1385 0.9845 0.1078
vn 0.1517 0.9842 0.0910
vn 0.1566 0.9818 0.1072
vn 0.1471 0.9814 0.1231
vn 0.2421 0.9641 0.1088
vn 0.2591 0.9578 0.1248
vn 0.3299 0.9394 0.0936
vn 0.2593 0.9618 0.0883
vn 0.3408 0.9343 0.1049
vn 0.2190 0.9674 0.1275
vn 0.2214 0.9728 0.0682
vn 0.1473 0.9841 0.0993
vn 0.1510 0.9851 0.0827
vn 0.1682 0.9802 0.1043
vn 0.2495 0.9655 0.0751
vn 0.2646 0.9598 0.0939
vn 0.1753 0.9838 0.0389
vn 0.2231 0.9720 0.0734
vn 0.2185 0.9754 0.0290
vn 0.1181 0.9902 0.0742
vn 0.1254 0.9919 0.0211
vn 0.0754 0.9960 0.0489
vn 0.0805 0.9946 0.0650
vn 0.0677 0.9935 0.0918
vn 0.0618 0.9949 0.0802
vn -0.0062 0.9974 0.0720
vn 0.0016 0.9987 0.0503
vn 0.1379 0.9865 0.0878
vn 0.0552 0.9943 0.0912
vn 0.0531 0.9946 0.0897
vn -0.0068 0.9975 0.0706
vn -0.0792 0.9944 0.0695
vn -0.0953 0.9929 0.0716
vn 0.0260 0.9946 0.1002
vn 0.0471 0.9958 0.0781
vn 0.1459 0.9833 0.1092
vn 0.2403 0.9658 0.0972
vn 0.2348 0.9667 0.1023
vn 0.1290 0.9873 0.0926
vn 0.0242 0.9949 0.0975
vn -0.0721 0.9934 0.0896
vn -0.0633 0.9952 0.0749
vn -0.0952 0.9928 0.0728
vn -0.1063 0.9937 0.0366
vn -0.0853 0.9949 0.0542
vn -0.0686 0.9965 0.0483
vn -0.0638 0.9961 0.0615
vn -0.0575 0.9978 0.0328
vn -0.0276 0.9981 0.0560
vn 0.0100 0.9979 0.0637
vn 0.0721 0.9960 0.0524
vn 0.0726 0.9968 0.0321
vn -0.0039 0.9999 0.0166
vn 0.0349 0.9994 0.0036
vn 0.0746 0.9966 0.0344
vn 0.1316 0.9909 0.0298
vn 0.2092 0.9770 0.0404
vn 0.4439 0.8956 0.0294
vn 0.4413 0.8960 0.0487
vn 0.3177 0.9462 0.0615
vn 0.2706 0.9621 0.0346
vn 0.4383 0.8962 0.0689
vn 0.4361 0.8959 0.0852
vn 0.3345 0.9392 0.0776
vn 0.2437 0.9649 0.0980
vn 0.4348 0.8953 0.0974
vn 0.3397 0.9349 0.1027
vn 0.3385 0.9345 0.1098
vn 0.3253 0.9393 0.1087
vn 0.4250 0.8984 0.1109
vn 0.1413 0.9872 0.0735
vn 0.1489 0.9847 0.0910
vn 0.2303 0.9658 0.1193
vn 0.2665 0.9606 0.0787
vn 0.2681 0.9596 0.0853
vn 0.2665 0.9616 0.0660
vn 0.2652 0.9620 0.0648
vn 0.1694 0.9820 0.0834
vn 0.1648 0.9813 0.0993
vn 0.0293 0.9984 0.0483
vn -0.0131 0.9950 0.0992
vn -0.0176 0.9983 0.0555
vn -0.1074 0.9901 0.0905
vn -0.1222 0.9904 0.0641
vn -0.1779 0.9820 0.0641
vn -0.1718 0.9838 0.0502
vn -0.1657 0.9839 0.0671
vn -0.1539 0.9869 0.0487
vn -0.1531 0.9865 0.0579
vn -0.1337 0.9883 0.0729
vn -0.0966 0.9933 0.0638
vn -0.0785 0.9926 0.0932
vn 0.0258 0.9955 0.0910
vn 0.0226 0.9951 0.0965
vn 0.0193 0.9959 0.0887
vn 0.0320 0.9971 0.0684
vn 0.1440 0.9847 0.0977
vn 0.1456 0.9843 0.0997
vn 0.2448 0.9653 0.0911
vn 0.2492 0.9633 0.0994
vn 0.3392 0.9368 0.0856
vn 0.3314 0.9378 0.1031
vn 0.3250 0.9417 0.0873
vn 0.3244 0.9418 0.0886
vn 0.4059 0.9059 0.1210
vn 0.4197 0.9020 0.1010
vn 0.4192 0.9032 0.0919
vn 0.4179 0.9036 0.0937
vn 0.4131 0.9077 0.0740
vn 0.3562 0.9296 0.0943
vn 0.4083 0.9091 0.0828
vn 0.4064 0.9110 0.0702
vn 0.3403 0.9382 0.0630
vn 0.4078 0.9105 0.0684
vn 0.3596 0.9306 0.0687
vn 0.4075 0.9097 0.0806
vn 0.4258 0.8986 0.1059
vn 0.2435 0.9650 0.0971
vn 0.1446 0.9848 0.0959
vn -0.1002 0.9921 0.0762
vn -0.1318 0.9901 0.0482
vn -0.1273 0.9911 0.0395
vn -0.1293 0.9902 0.0519
vn -0.1300 0.9907 0.0397
vn -0.1398 0.9889 0.0511
vn -0.1394 0.9889 0.0522
vn -0.1393 0.9889 0.0515
vn -0.1395 0.9889 0.0517
vn -0.1471 0.9883 0.0404
vn -0.1471 0.9883 0.0400
vn -0.1557 0.9865 0.0509
vn -0.1559 0.9865 0.0504
vn -0.1558 0.9870 0.0393
vn -0.1687 0.9840 0.0567
vn -0.1903 0.9805 0.0499
vn -0.1876 0.9805 0.0591
vn -0.1328 0.9897 0.0541
vn -0.1351 0.9878 0.0771
vn -0.1200 0.9911 0.0577
vn 0.0153 0.9968 0.0779
vn -0.1883 0.9810 0.0476
vn -0.1711 0.9840 0.0492
vn -0.1836 0.9817 0.0498
vn -0.1023 0.9921 0.0720
vn -0.1247 0.9897 0.0703
vn 0.0336 0.9938 0.1056
vn 0.1574 0.9852 0.0681
vn 0.3420 0.9377 0.0612
vn 0.3409 0.9370 0.0766
vn 0.3265 0.9395 0.1034
vn 0.2311 0.9697 0.0797
vn 0.1454 0.9845 0.0977
vn 0.0372 0.9938 0.1051
vn 0.1467 0.9874 0.0588
vn 0.1318 0.9864 -0.0983
vn 0.0649 0.9928 -0.1002
vn 0.0671 0.9968 -0.0429
vn 0.0783 0.9948 -0.0644
vn -0.0125 0.9986 -0.0512
vn -0.0182 0.9994 -0.0287
vn 0.0044 1.0000 0.0078
vn 0.1107 0.9939 -0.0009
vn 0.1248 0.9917 0.0303
vn 0.1907 0.9812 0.0305
vn 0.1890 0.9813 0.0358
vn 0.1682 0.9857 -0.0049
vn 0.1636 0.9865 0.0093
vn 0.1207 0.9926 0.0157
vn 0.1175 0.9928 0.0236
vn 0.1120 0.9902 0.0838
vn 0.0739 0.9973 0.0011
vn 0.0731 0.9973 0.0027
vn 0.1567 0.9857 0.0617
vn 0.1560 0.9865 0.0504
vn 0.1647 0.9856 0.0373
vn 0.1638 0.9858 0.0357
vn 0.1655 0.9852 0.0442
vn 0.1664 0.9851 0.0426
vn 0.1664 0.9851 0.0427
vn 0.1663 0.9852 0.0416
vn 0.1688 0.9849 0.0384
vn 0.1711 0.9842 0.0465
vn 0.1943 0.9796 0.0514
vn 0.1881 0.9804 0.0583
vn 0.1201 0.9916 0.0485
vn 0.1265 0.9903 0.0579
vn -0.0018 0.9992 0.0387
vn -0.0146 0.9986 0.0500
vn -0.1386 0.9902 0.0166
vn -0.1381 0.9902 0.0195
vn -0.2594 0.9656 0.0179
vn -0.2658 0.9635 0.0328
vn -0.3350 0.9417 0.0312
vn -0.3395 0.9398 0.0390
vn -0.4069 0.9127 0.0384
vn -0.4027 0.9141 0.0471
vn -0.3947 0.9187 0.0158
vn -0.3938 0.9190 0.0171
vn -0.3913 0.9199 -0.0260
vn -0.3773 0.9251 -0.0434
vn -0.3837 0.9195 -0.0858
vn -0.3670 0.9233 -0.1132
vn -0.3742 0.9126 -0.1649
vn -0.3755 0.9124 -0.1629
vn -0.3169 0.9354 -0.1570
vn -0.3159 0.9362 -0.1540
vn -0.2671 0.9522 -0.1485
vn -0.2548 0.9527 -0.1657
vn -0.1619 0.9790 -0.1236
vn -0.1784 0.9720 -0.1528
vn -0.1993 0.9736 -0.1117
vn -0.1731 0.9826 -0.0670
vn -0.1794 0.9828 -0.0443
vn -0.2601 0.9649 -0.0353
vn -0.2751 0.9586 -0.0731
vn -0.3257 0.9426 -0.0732
vn -0.2633 0.9643 -0.0298
vn -0.3335 0.9423 -0.0280
vn -0.3357 0.9419 0.0083
vn -0.0619 0.9875 -0.1453
vn -0.0533 0.9862 -0.1569
vn -0.2552 0.9604 -0.1116
vn -0.3375 0.9346 -0.1124
vn -0.3412 0.9390 -0.0434
vn -0.3404 0.9401 0.0160
vn -0.2644 0.9638 0.0357
vn -0.2645 0.9643 0.0083
vn -0.1314 0.9913 0.0099
vn -0.1568 0.9866 0.0452
vn 0.0009 0.9998 0.0219
vn 0.1949 0.9801 0.0373
vn 0.1265 0.9916 0.0276
vn -0.0006 0.9998 0.0190
vn -0.1314 0.9912 0.0156
vn -0.0614 0.9921 -0.1092
vn 0.1103 0.9939 -0.0000
vn 0.0169 0.9858 -0.1673
vn 0.0582 0.9983 -0.0028
vn 0.1299 0.9904 -0.0476
vn -0.4250 0.8984 0.1110
vn -0.4250 0.8984 0.1109
vn -0.4253 0.8982 0.1113
vn -0.4258 0.8982 0.1094
vn -0.3391 0.9350 0.1041
vn -0.3344 0.9356 0.1131
vn -0.2492 0.9630 0.1031
vn -0.2385 0.9643 0.1155
vn -0.2348 0.9667 0.1023
vn -0.3156 0.9403 0.1271
vn -0.3171 0.9435 0.0963
vn -0.2352 0.9659 0.1084
vn -0.2403 0.9658 0.0972
vn -0.2421 0.9641 0.1088
vn -0.1471 0.9814 0.1231
vn -0.1566 0.9818 0.1072
vn -0.1517 0.9842 0.0910
vn -0.2190 0.9674 0.1275
vn -0.2214 0.9728 0.0682
vn -0.1473 0.9841 0.0993
vn -0.1379 0.9865 0.0878
vn -0.0552 0.9943 0.0912
vn -0.0556 0.9938 0.0961
vn -0.0525 0.9944 0.0915
vn 0.0170 0.9952 0.0962
vn 0.0068 0.9975 0.0706
vn 0.0638 0.9961 0.0615
vn 0.0686 0.9965 0.0483
vn 0.0792 0.9944 0.0695
vn 0.0853 0.9949 0.0542
vn 0.0903 0.9945 0.0535
vn 0.0930 0.9945 0.0486
vn 0.0929 0.9944 0.0512
vn 0.0936 0.9942 0.0527
vn 0.1081 0.9926 0.0545
vn 0.1127 0.9910 0.0718
vn 0.0633 0.9952 0.0749
vn 0.0562 0.9944 0.0898
vn -0.0263 0.9947 0.0994
vn -0.0260 0.9946 0.1002
vn -0.1290 0.9873 0.0926
vn -0.1364 0.9850 0.1059
vn -0.1384 0.9854 0.0996
vn -0.0242 0.9949 0.0975
vn -0.0242 0.9946 0.1006
vn -0.0258 0.9948 0.0988
vn -0.1455 0.9798 0.1369
vn 0.0726 0.9939 0.0824
vn 0.0785 0.9942 0.0740
vn 0.1337 0.9889 0.0641
vn 0.1263 0.9904 0.0564
vn 0.1163 0.9913 0.0612
vn 0.1110 0.9924 0.0525
vn 0.1110 0.9925 0.0519
vn 0.1122 0.9924 0.0502
vn 0.1060 0.9936 0.0382
vn 0.1273 0.9911 0.0388
vn -0.0360 0.9925 0.1172
vn -0.0471 0.9958 0.0781
vn 0.0357 0.9954 0.0892
vn 0.0474 0.9962 0.0725
vn 0.0473 0.9961 0.0742
vn 0.0721 0.9934 0.0896
vn 0.1263 0.9906 0.0525
vn 0.0952 0.9928 0.0728
vn 0.1063 0.9937 0.0366
vn 0.0773 0.9964 0.0344
vn 0.0779 0.9959 0.0452
vn 0.0953 0.9929 0.0716
vn 0.0765 0.9959 0.0476
vn 0.0639 0.9975 0.0312
vn 0.0633 0.9976 0.0264
vn 0.0565 0.9976 0.0397
vn 0.0573 0.9975 0.0405
vn 0.0575 0.9978 0.0328
vn 0.0541 0.9979 0.0358
vn 0.0480 0.9986 0.0209
vn 0.0477 0.9986 0.0228
vn 0.0386 0.9987 0.0322
vn 0.0297 0.9995 0.0134
vn 0.0294 0.9995 0.0102
vn 0.0295 0.9995 0.0101
vn 0.0245 0.9997 0.0034
vn 0.0226 0.9997 -0.0033
vn 0.0220 0.9998 -0.0021
vn 0.0186 0.9998 -0.0076
vn 0.0166 0.9997 -0.0157
vn -0.0041 1.0000 -0.0058
vn 0.0027 1.0000 0.0030
vn -0.0349 0.9994 0.0036
vn -0.0229 0.9996 0.0160
vn -0.0815 0.9966 0.0140
vn -0.0808 0.9966 0.0133
vn -0.1380 0.9904 0.0034
vn -0.1473 0.9890 0.0139
vn -0.2050 0.9786 -0.0158
vn -0.2333 0.9723 0.0172
vn -0.3336 0.9425 -0.0179
vn -0.3089 0.9506 0.0301
vn -0.4262 0.9046 0.0054
vn -0.4183 0.9056 0.0705
vn -0.3417 0.9393 0.0316
vn -0.3472 0.9351 0.0705
vn -0.2706 0.9621 0.0346
vn -0.2646 0.9598 0.0939
vn -0.3345 0.9392 0.0776
vn -0.3416 0.9377 0.0637
vn -0.4294 0.8985 0.0917
vn -0.4328 0.8994 0.0614
vn -0.4383 0.8962 0.0689
vn -0.4361 0.8959 0.0852
vn -0.4348 0.8953 0.0974
vn -0.4338 0.8958 0.0962
vn -0.4341 0.8949 0.1031
vn -0.3397 0.9349 0.1027
vn -0.3408 0.9343 0.1049
vn -0.3385 0.9345 0.1098
vn -0.4334 0.8949 0.1066
vn -0.4320 0.8952 0.1094
vn -0.3299 0.9394 0.0936
vn -0.4330 0.8952 0.1053
vn -0.3395 0.9342 0.1097
vn -0.3508 0.9320 0.0914
vn -0.2495 0.9655 0.0751
vn -0.1682 0.9802 0.1043
vn -0.1753 0.9838 0.0389
vn -0.1181 0.9902 0.0742
vn -0.1254 0.9919 0.0211
vn -0.0754 0.9960 0.0489
vn -0.0805 0.9946 0.0650
vn -0.0677 0.9935 0.0918
vn -0.0100 0.9979 0.0637
vn -0.0016 0.9987 0.0503
vn 0.0276 0.9981 0.0560
vn -0.0162 0.9990 0.0418
vn 0.0037 0.9988 0.0493
vn 0.0039 0.9999 0.0166
vn -0.0214 0.9986 0.0483
vn -0.0213 0.9993 0.0314
vn -0.0726 0.9968 0.0321
vn -0.0721 0.9960 0.0524
vn -0.2231 0.9720 0.0734
vn -0.2185 0.9754 0.0290
vn -0.3381 0.9372 0.0856
vn -0.4413 0.8960 0.0487
vn -0.4439 0.8956 0.0294
vn -0.3177 0.9462 0.0615
vn -0.2092 0.9770 0.0404
vn -0.1316 0.9909 0.0298
vn -0.0746 0.9966 0.0344
vn -0.0261 0.9993 0.0262
vn 0.0009 0.9999 0.0133
vn 0.0228 0.9993 0.0290
vn 0.0487 0.9982 0.0345
vn 0.0482 0.9980 0.0414
vn 0.0062 0.9974 0.0720
vn 0.0298 0.9970 0.0714
vn -0.0618 0.9949 0.0802
vn -0.1510 0.9851 0.0827
vn -0.2437 0.9649 0.0980
vn -0.2593 0.9618 0.0883
vn -0.1385 0.9845 0.1078
vn -0.0531 0.9946 0.0897
vn -0.2591 0.9578 0.1248
vn -0.1459 0.9833 0.1092
vn -0.3253 0.9393 0.1087
vn -0.2334 0.9667 0.1048
vn -0.1255 0.9869 0.1013
vn -0.3327 0.9371 0.1056
vn -0.4305 0.8966 0.1036
vn -0.1413 0.9872 0.0735
vn -0.0372 0.9938 0.1051
vn 0.0176 0.9983 0.0555
vn 0.0131 0.9950 0.0992
vn 0.1247 0.9897 0.0703
vn 0.1328 0.9897 0.0541
vn 0.1351 0.9878 0.0771
vn 0.1883 0.9810 0.0476
vn 0.1903 0.9805 0.0499
vn 0.1687 0.9840 0.0567
vn 0.1558 0.9870 0.0393
vn 0.1559 0.9865 0.0504
vn 0.1557 0.9865 0.0509
vn 0.1471 0.9883 0.0400
vn 0.1471 0.9883 0.0404
vn 0.1395 0.9889 0.0517
vn 0.1393 0.9889 0.0515
vn 0.1394 0.9889 0.0522
vn 0.1398 0.9889 0.0511
vn 0.1300 0.9907 0.0397
vn 0.1293 0.9902 0.0519
vn 0.1318 0.9901 0.0482
vn 0.1273 0.9911 0.0395
vn 0.1531 0.9865 0.0579
vn 0.1337 0.9883 0.0729
vn 0.0966 0.9933 0.0638
vn 0.0785 0.9926 0.0932
vn -0.0258 0.9955 0.0910
vn -0.0226 0.9951 0.0965
vn -0.0193 0.9959 0.0887
vn -0.1440 0.9847 0.0977
vn -0.1456 0.9843 0.0997
vn -0.2448 0.9653 0.0911
vn -0.2492 0.9633 0.0994
vn -0.3392 0.9368 0.0856
vn -0.3314 0.9378 0.1031
vn -0.4075 0.9097 0.0806
vn -0.4059 0.9059 0.1210
vn -0.3244 0.9418 0.0886
vn -0.3265 0.9395 0.1034
vn -0.3596 0.9306 0.0687
vn -0.4192 0.9032 0.0919
vn -0.4179 0.9036 0.0937
vn -0.4131 0.9077 0.0740
vn -0.4083 0.9091 0.0828
vn -0.4064 0.9110 0.0702
vn -0.3403 0.9382 0.0630
vn -0.3420 0.9377 0.0612
vn -0.3409 0.9370 0.0766
vn -0.2681 0.9596 0.0853
vn -0.2665 0.9616 0.0660
vn -0.2652 0.9620 0.0648
vn -0.1694 0.9820 0.0834
vn -0.1648 0.9813 0.0993
vn -0.1574 0.9852 0.0681
vn -0.0336 0.9938 0.1056
vn -0.0153 0.9968 0.0779
vn -0.4078 0.9105 0.0684
vn -0.3562 0.9296 0.0943
vn -0.2665 0.9606 0.0787
vn -0.2303 0.9658 0.1193
vn -0.2311 0.9697 0.0797
vn -0.4197 0.9020 0.1010
vn -0.4258 0.8986 0.1059
vn -0.3250 0.9417 0.0873
vn -0.2435 0.9650 0.0971
vn -0.1446 0.9848 0.0959
vn -0.1454 0.9845 0.0977
vn 0.1002 0.9921 0.0762
vn 0.1023 0.9921 0.0720
vn 0.1657 0.9839 0.0671
vn 0.1539 0.9869 0.0487
vn 0.1718 0.9838 0.0502
vn 0.1779 0.9820 0.0641
vn 0.1836 0.9817 0.0498
vn 0.1711 0.9840 0.0492
vn 0.1200 0.9911 0.0577
vn 0.1876 0.9805 0.0591
vn 0.1222 0.9904 0.0641
vn -0.0293 0.9984 0.0483
vn 0.1074 0.9901 0.0905
vn -0.0320 0.9971 0.0684
vn -0.1489 0.9847 0.0910
vn -0.1467 0.9874 0.0588
vn -0.8179 -0.4782 0.3200
vn -0.7757 -0.5541 0.3022
vn -0.7668 -0.5874 0.2590
vn -0.7764 -0.5863 0.2311
vn -0.7578 -0.6255 0.1856
vn -0.7307 -0.6572 0.1850
vn -0.7290 -0.6585 0.1870
vn -0.7278 -0.6404 0.2453
vn -0.7249 -0.6740 0.1422
vn -0.7229 -0.6756 0.1449
vn -0.7225 -0.6825 0.1106
vn -0.7355 -0.6716 0.0900
vn -0.7348 -0.6678 0.1188
vn -0.7204 -0.6882 0.0859
vn -0.7206 -0.6884 0.0825
vn -0.7659 -0.6375 0.0838
vn -0.7655 -0.6374 0.0875
vn -0.8147 -0.5722 0.0940
vn -0.8135 -0.5720 0.1049
vn -0.8660 -0.4862 0.1167
vn -0.8648 -0.4859 0.1267
vn -0.8621 -0.4932 0.1165
vn -0.8609 -0.4930 0.1255
vn -0.8581 -0.5006 0.1147
vn -0.7982 -0.5939 0.1009
vn -0.7998 -0.5941 0.0855
vn -0.7466 -0.6611 0.0747
vn -0.7480 -0.6611 0.0588
vn -0.7567 -0.6490 0.0788
vn -0.7029 -0.7095 0.0508
vn -0.7033 -0.7094 0.0448
vn -0.7120 -0.6994 0.0624
vn -0.6921 -0.7212 0.0291
vn -0.6911 -0.7215 0.0434
vn -0.6778 -0.7351 0.0173
vn -0.6764 -0.7356 0.0369
vn -0.7236 -0.6887 0.0457
vn -0.7349 -0.6746 0.0705
vn -0.6617 -0.7497 0.0086
vn -0.7365 -0.6744 0.0520
vn -0.7912 -0.6060 0.0820
vn -0.8062 -0.5827 0.1031
vn -0.8689 -0.4783 0.1273
vn -0.8700 -0.4786 0.1186
vn -0.8728 -0.4707 0.1289
vn -0.8732 -0.4707 0.1259
vn -0.8758 -0.4632 0.1358
vn -0.8751 -0.4634 0.1394
vn -0.8320 -0.5395 0.1293
vn -0.8285 -0.5419 0.1415
vn -0.8287 -0.5411 0.1430
vn -0.8751 -0.4571 0.1592
vn -0.8776 -0.4473 0.1727
vn -0.8724 -0.4488 0.1936
vn -0.8764 -0.4326 0.2117
vn -0.8631 -0.4299 0.2650
vn -0.8666 -0.4169 0.2741
vn -0.8401 -0.4030 0.3631
vn -0.8515 -0.3878 0.3531
vn -0.8307 -0.4821 0.2784
vn -0.8200 -0.5398 0.1903
vn -0.8170 -0.5498 0.1740
vn -0.7786 -0.6092 0.1506
vn -0.7914 -0.6009 0.1124
vn -0.7915 -0.5976 0.1282
vn -0.8279 -0.5486 0.1166
vn -0.8773 -0.4560 0.1495
vn -0.8273 -0.5485 0.1212
vn -0.8212 -0.5610 0.1044
vn -0.8077 -0.5829 0.0886
vn -0.8206 -0.5608 0.1103
vn -0.7576 -0.6491 0.0690
vn -0.7756 -0.6222 0.1062
vn -0.7118 -0.6994 0.0641
vn -0.7761 -0.6228 0.0989
vn -0.7778 -0.6146 0.1313
vn -0.7601 -0.6266 0.1723
vn -0.8100 -0.5426 0.2224
vn -0.7388 -0.6202 0.2637
vn -0.8213 -0.4749 0.3161
vn -0.2217 -0.9751 -0.0031
vn -0.3095 -0.9505 0.0274
vn -0.3107 -0.9498 0.0371
vn -0.3714 -0.9261 0.0657
vn -0.4211 -0.9063 0.0368
vn -0.4189 -0.9068 0.0470
vn -0.5032 -0.8637 0.0292
vn -0.5015 -0.8644 0.0353
vn -0.5554 -0.8314 0.0196
vn -0.5586 -0.8295 -0.0017
vn -0.5150 -0.8558 -0.0487
vn -0.4639 -0.8854 -0.0277
vn -0.4296 -0.9008 -0.0627
vn -0.4288 -0.9024 -0.0421
vn -0.3812 -0.9213 -0.0767
vn -0.3520 -0.9342 -0.0581
vn -0.3532 -0.9331 -0.0677
vn -0.2968 -0.9529 -0.0623
vn -0.2816 -0.9589 -0.0362
vn -0.2888 -0.9571 -0.0226
vn -0.3720 -0.9275 -0.0361
vn -0.3991 -0.9169 0.0006
vn -0.2872 -0.9577 -0.0179
vn -0.1815 -0.9820 -0.0522
vn -0.1696 -0.9848 -0.0375
vn -0.1722 -0.9849 -0.0198
vn -0.1198 -0.9927 0.0167
vn -0.1200 -0.9927 -0.0107
vn -0.0923 -0.9956 0.0177
vn -0.0130 -0.9999 0.0062
vn -0.0085 -0.9999 0.0125
vn -0.0018 -0.9993 0.0381
vn -0.0026 -0.9991 0.0417
vn -0.0841 -0.9954 0.0466
vn -0.0879 -0.9935 0.0721
vn -0.1842 -0.9796 0.0798
vn -0.1895 -0.9792 0.0730
vn -0.1835 -0.9819 0.0475
vn -0.1945 -0.9802 0.0367
vn -0.2654 -0.9622 0.0611
vn -0.2918 -0.9519 0.0939
vn -0.3765 -0.9217 0.0932
vn -0.3724 -0.9137 0.1627
vn -0.3900 -0.9017 0.1865
vn -0.4663 -0.8692 0.1643
vn -0.4745 -0.8692 0.1393
vn -0.4500 -0.8875 0.0996
vn -0.5342 -0.8378 0.1128
vn -0.5364 -0.8380 0.0995
vn -0.5063 -0.8599 0.0656
vn -0.5664 -0.8202 0.0800
vn -0.5657 -0.8226 0.0579
vn -0.5830 -0.8114 0.0415
vn -0.6262 -0.7764 0.0715
vn -0.6254 -0.7752 0.0895
vn -0.6658 -0.7385 0.1065
vn -0.6689 -0.7362 0.1028
vn -0.6682 -0.7402 0.0754
vn -0.6659 -0.7419 0.0782
vn -0.6610 -0.7479 0.0603
vn -0.6396 -0.7660 0.0636
vn -0.6213 -0.7827 0.0367
vn -0.6234 -0.7813 0.0294
vn -0.6554 -0.7546 0.0323
vn -0.6519 -0.7574 0.0368
vn -0.6510 -0.7588 0.0223
vn -0.6313 -0.7755 -0.0038
vn -0.6288 -0.7775 0.0088
vn -0.6226 -0.7825 -0.0081
vn -0.6193 -0.7852 0.0012
vn -0.6045 -0.7959 -0.0331
vn -0.5689 -0.8218 -0.0306
vn -0.5320 -0.8425 -0.0849
vn -0.4912 -0.8672 -0.0821
vn -0.4874 -0.8672 -0.1024
vn -0.4183 -0.9002 -0.1208
vn -0.4153 -0.8996 -0.1349
vn -0.3446 -0.9260 -0.1543
vn -0.3410 -0.9279 -0.1509
vn -0.3412 -0.9281 -0.1489
vn -0.3499 -0.9231 -0.1594
vn -0.2760 -0.9480 -0.1586
vn -0.2733 -0.9507 -0.1467
vn -0.2167 -0.9678 -0.1279
vn -0.2169 -0.9677 -0.1287
vn -0.2298 -0.9665 -0.1140
vn -0.2881 -0.9510 -0.1124
vn -0.3152 -0.9383 -0.1424
vn -0.2298 -0.9665 -0.1141
vn -0.1285 -0.9867 -0.1000
vn -0.1287 -0.9860 -0.1060
vn -0.0799 -0.9940 -0.0741
vn -0.0784 -0.9950 -0.0621
vn 0.0001 -0.9987 -0.0510
vn -0.0001 -0.9987 -0.0513
vn 0.0006 -0.9999 -0.0169
vn -0.0138 -0.9999 -0.0022
vn -0.0212 -0.9996 -0.0162
vn 0.0018 -0.9986 -0.0525
vn -0.0057 -0.9959 -0.0903
vn -0.0125 -0.9951 -0.0983
vn -0.0170 -0.9957 -0.0912
vn -0.0204 -0.9918 -0.1265
vn -0.0153 -0.9931 -0.1160
vn -0.0040 -0.9919 -0.1266
vn 0.0006 -0.9877 -0.1563
vn -0.0002 -0.9874 -0.1586
vn -0.0045 -0.9878 -0.1555
vn 0.0019 -0.9843 -0.1765
vn -0.0010 -0.9840 -0.1780
vn 0.0007 -0.9819 -0.1893
vn -0.0015 -0.9816 -0.1910
vn -0.0013 -0.9815 -0.1915
vn -0.0020 -0.9808 -0.1950
vn -0.0271 -0.9762 -0.2153
vn -0.0299 -0.9798 -0.1978
vn -0.0910 -0.9776 -0.1900
vn -0.0907 -0.9766 -0.1950
vn -0.1439 -0.9755 -0.1662
vn -0.1442 -0.9701 -0.1953
vn -0.0837 -0.9813 -0.1735
vn -0.1785 -0.9695 -0.1677
vn -0.1863 -0.9629 -0.1951
vn -0.2429 -0.9563 -0.1629
vn -0.1914 -0.9655 -0.1763
vn -0.1172 -0.9703 -0.2117
vn -0.0621 -0.9826 -0.1750
vn -0.0628 -0.9798 -0.1900
vn -0.0830 -0.9821 -0.1688
vn -0.1053 -0.9836 -0.1468
vn -0.1023 -0.9866 -0.1273
vn -0.1782 -0.9700 -0.1653
vn -0.3182 -0.9413 -0.1127
vn -0.2467 -0.9502 -0.1906
vn -0.3529 -0.9254 -0.1381
vn -0.3957 -0.9119 -0.1089
vn -0.4383 -0.8900 -0.1256
vn -0.4578 -0.8846 -0.0893
vn -0.4987 -0.8612 -0.0979
vn -0.5265 -0.8480 -0.0611
vn -0.5256 -0.8498 -0.0391
vn -0.5814 -0.8133 -0.0235
vn -0.5813 -0.8120 -0.0523
vn -0.4591 -0.8837 -0.0915
vn -0.4315 -0.8953 -0.1106
vn -0.3956 -0.9103 -0.1220
vn -0.2744 -0.9452 -0.1768
vn -0.4259 -0.8951 -0.1316
vn -0.4746 -0.8757 -0.0892
vn -0.4988 -0.8617 -0.0933
vn -0.5325 -0.8454 -0.0414
vn -0.5687 -0.8217 -0.0381
vn -0.5964 -0.8027 0.0012
vn -0.6628 -0.7466 0.0569
vn -0.6665 -0.7335 0.1332
vn -0.6790 -0.7252 0.1143
vn -0.6220 -0.7725 0.1280
vn -0.6200 -0.7658 0.1705
vn -0.6151 -0.7684 0.1767
vn -0.6222 -0.7513 0.2203
vn -0.6561 -0.7226 0.2176
vn -0.6749 -0.7162 0.1780
vn -0.6732 -0.7008 0.2359
vn -0.5922 -0.7652 0.2526
vn -0.5486 -0.7996 0.2444
vn -0.5306 -0.8058 0.2631
vn -0.4868 -0.8401 0.2393
vn -0.4596 -0.8470 0.2671
vn -0.3849 -0.8886 0.2497
vn -0.5445 -0.8148 0.1991
vn -0.5703 -0.8046 0.1656
vn -0.6059 -0.7877 0.1116
vn -0.6713 -0.7216 0.1695
vn -0.6402 -0.7658 0.0605
vn -0.6066 -0.7879 0.1061
vn -0.5699 -0.8097 0.1403
vn -0.4939 -0.8448 0.2059
vn -0.3743 -0.8985 0.2294
vn -0.3101 -0.9205 0.2376
vn -0.2687 -0.9423 0.1997
vn -0.2745 -0.9491 0.1543
vn -0.2102 -0.9569 0.2005
vn -0.1865 -0.9739 0.1293
vn -0.0874 -0.9886 0.1228
vn -0.0773 -0.9882 0.1323
vn 0.0011 -0.9912 0.1326
vn 0.0038 -0.9924 0.1231
vn -0.0063 -0.9973 0.0738
vn -0.0008 -0.9970 0.0780
vn 0.0012 -0.9975 0.0710
vn -0.0052 -0.9918 0.1279
vn 0.0083 -0.9789 0.2040
vn -0.0991 -0.9763 0.1923
vn 0.0138 -0.9779 0.2088
vn -0.0854 -0.9750 0.2053
vn -0.2153 -0.9565 0.1967
vn -0.2817 -0.9478 0.1493
vn -0.1920 -0.9735 0.1242
vn -0.0804 -0.9935 0.0803
vn -0.0053 -0.9992 0.0395
vn -0.0170 -0.9998 0.0125
vn -0.0945 -0.9949 0.0344
vn -0.0858 -0.9962 -0.0154
vn -0.0942 -0.9947 -0.0411
vn -0.1768 -0.9812 -0.0770
vn -0.2893 -0.9533 -0.0865
vn -0.2931 -0.9518 -0.0902
vn -0.3795 -0.9188 -0.1088
vn -0.4631 -0.8838 -0.0667
vn -0.3737 -0.9266 -0.0428
vn -0.5156 -0.8563 -0.0306
vn -0.5994 -0.8004 -0.0112
vn -0.5825 -0.8113 0.0506
vn -0.4620 -0.8868 -0.0145
vn -0.5129 -0.8572 0.0468
vn -0.3951 -0.9185 0.0139
vn -0.4575 -0.8858 0.0785
vn -0.3758 -0.9219 0.0939
vn -0.2633 -0.9622 0.0696
vn -0.3129 -0.9495 0.0225
vn -0.1941 -0.9808 0.0200
vn -0.2214 -0.9751 0.0101
vn -0.5649 -0.8232 0.0573
vn -0.6284 -0.7717 0.0984
vn -0.6387 -0.7680 0.0472
vn -0.5670 -0.8217 0.0587
vn -0.5713 -0.8192 0.0507
vn -0.5743 -0.8163 0.0612
vn -0.6635 -0.7460 0.0566
vn -0.6824 -0.7250 0.0937
vn -0.6850 -0.7254 0.0684
vn -0.7615 -0.6360 0.1247
vn -0.7707 -0.6301 0.0949
vn -0.8478 -0.5238 0.0828
vn -0.8444 -0.5215 0.1223
vn -0.7620 -0.6420 0.0846
vn -0.7496 -0.6600 0.0507
vn -0.7381 -0.6640 0.1194
vn -0.7958 -0.6025 0.0610
vn -0.8650 -0.4915 0.1006
vn -0.8705 -0.4859 0.0781
vn -0.8568 -0.5147 0.0298
vn -0.8491 -0.5176 0.1052
vn -0.7724 -0.6334 0.0468
vn -0.7722 -0.6309 0.0758
vn -0.6960 -0.7169 0.0405
vn -0.6650 -0.7439 0.0667
vn -0.5751 -0.8174 0.0335
vn -0.5705 -0.8198 0.0490
vn -0.5884 -0.8042 0.0836
vn -0.5947 -0.8038 0.0184
vn -0.6778 -0.7308 0.0808
vn -0.6792 -0.7297 0.0789
vn -0.7794 -0.6228 0.0687
vn -0.6811 -0.7305 0.0487
vn -0.5796 -0.8138 0.0414
vn -0.6664 -0.7449 0.0309
vn -0.7972 -0.6021 0.0436
vn -0.8699 -0.4878 0.0725
vn -0.8792 -0.4731 0.0557
vn -0.7813 -0.6233 0.0328
vn -0.8704 -0.4879 0.0658
vn -0.8619 -0.4993 0.0881
vn -0.7932 -0.6019 0.0922
vn -0.8605 -0.5000 0.0976
vn -0.8536 -0.5102 0.1048
vn -0.8520 -0.5107 0.1153
vn -0.8510 -0.5132 0.1115
vn -0.8510 -0.5132 0.1117
vn -0.7697 -0.6308 0.0983
vn -0.7722 -0.6304 0.0796
vn -0.7060 -0.7047 0.0702
vn -0.7086 -0.7043 0.0422
vn -0.7215 -0.6889 0.0696
vn -0.7821 -0.6177 0.0818
vn -0.7892 -0.6059 0.1005
vn -0.8546 -0.5062 0.1157
vn -0.8540 -0.5061 0.1204
vn -0.8524 -0.5101 0.1147
vn -0.8569 -0.5004 0.1239
vn -0.6600 -0.7505 0.0339
vn -0.6433 -0.7656 0.0036
vn -0.6417 -0.7662 0.0339
vn -0.6226 -0.7825 0.0039
vn -0.6221 -0.7823 0.0314
vn -0.6038 -0.7970 0.0116
vn -0.6044 -0.7963 0.0267
vn -0.5868 -0.8087 0.0400
vn -0.6567 -0.7537 0.0249
vn -0.6867 -0.7236 0.0701
vn -0.6896 -0.7232 0.0382
vn -0.7800 -0.6177 0.0998
vn -0.7589 -0.6473 0.0712
vn -0.8522 -0.5101 0.1162
vn -0.7539 -0.6502 0.0945
vn -0.6569 -0.7485 0.0911
vn -0.7643 -0.6402 0.0767
vn -0.5868 -0.8087 0.0401
vn -0.6565 -0.7501 0.0804
vn -0.6785 -0.7324 0.0566
vn -0.5662 -0.8224 0.0558
vn -0.5649 -0.8233 0.0546
vn -0.4547 -0.8898 0.0401
vn -0.4618 -0.8864 0.0323
vn -0.4612 -0.8869 0.0262
vn -0.4791 -0.8767 0.0435
vn -0.4788 -0.8771 0.0368
vn -0.4956 -0.8682 0.0241
vn -0.4319 -0.9019 -0.0071
vn -0.4444 -0.8955 -0.0217
vn -0.3920 -0.9195 -0.0300
vn -0.4041 -0.9119 -0.0718
vn -0.4311 -0.9017 -0.0323
vn -0.4555 -0.8896 -0.0345
vn -0.4610 -0.8872 -0.0197
vn -0.5124 -0.8583 -0.0254
vn -0.5090 -0.8607 0.0106
vn -0.5371 -0.8434 0.0151
vn -0.5394 -0.8420 0.0001
vn -0.5456 -0.8380 -0.0053
vn -0.5483 -0.8337 -0.0656
vn -0.5347 -0.8432 -0.0562
vn -0.5359 -0.8427 -0.0513
vn -0.5869 -0.8091 -0.0307
vn -0.5955 -0.8033 -0.0057
vn -0.4871 -0.8678 -0.0984
vn -0.4872 -0.8716 -0.0547
vn -0.4352 -0.8952 -0.0959
vn -0.4364 -0.8945 -0.0967
vn -0.4389 -0.8883 -0.1353
vn -0.4130 -0.9017 -0.1279
vn -0.4044 -0.9030 -0.1451
vn -0.3436 -0.9269 -0.1509
vn -0.3335 -0.9272 -0.1703
vn -0.2731 -0.9465 -0.1719
vn -0.2636 -0.9468 -0.1847
vn -0.2642 -0.9474 -0.1806
vn -0.1937 -0.9618 -0.1932
vn -0.1948 -0.9618 -0.1921
vn -0.1119 -0.9757 -0.1885
vn -0.1022 -0.9751 -0.1969
vn -0.0210 -0.9830 -0.1823
vn -0.0088 -0.9808 -0.1947
vn -0.0087 -0.9807 -0.1951
vn -0.0080 -0.9811 -0.1931
vn -0.0101 -0.9815 -0.1914
vn -0.0104 -0.9819 -0.1889
vn -0.0209 -0.9799 -0.1986
vn -0.0239 -0.9809 -0.1928
vn -0.0238 -0.9807 -0.1939
vn -0.0216 -0.9822 -0.1864
vn -0.0183 -0.9818 -0.1892
vn -0.0180 -0.9814 -0.1910
vn -0.0255 -0.9798 -0.1986
vn -0.0269 -0.9802 -0.1959
vn -0.0283 -0.9818 -0.1876
vn -0.0265 -0.9825 -0.1846
vn -0.0204 -0.9811 -0.1924
vn -0.0274 -0.9848 -0.1714
vn -0.0292 -0.9843 -0.1741
vn -0.0285 -0.9841 -0.1752
vn -0.0301 -0.9892 -0.1435
vn -0.0325 -0.9884 -0.1486
vn -0.0369 -0.9893 -0.1413
vn -0.0517 -0.9892 -0.1375
vn -0.0587 -0.9883 -0.1408
vn -0.0750 -0.9889 -0.1285
vn -0.0806 -0.9818 -0.1720
vn -0.0961 -0.9838 -0.1515
vn -0.1350 -0.9796 -0.1491
vn -0.1164 -0.9862 -0.1180
vn -0.1180 -0.9868 -0.1113
vn -0.1052 -0.9899 -0.0955
vn -0.1397 -0.9882 -0.0626
vn -0.1317 -0.9843 -0.1174
vn -0.1610 -0.9838 -0.0793
vn -0.1751 -0.9764 -0.1265
vn -0.1710 -0.9773 -0.1255
vn -0.1773 -0.9714 -0.1582
vn -0.1376 -0.9780 -0.1565
vn -0.1443 -0.9717 -0.1868
vn -0.1033 -0.9792 -0.1749
vn -0.1009 -0.9758 -0.1940
vn -0.1702 -0.9713 -0.1660
vn -0.1624 -0.9696 -0.1829
vn -0.2314 -0.9604 -0.1554
vn -0.2199 -0.9650 -0.1429
vn -0.2208 -0.9667 -0.1291
vn -0.2028 -0.9669 -0.1547
vn -0.2597 -0.9582 -0.1199
vn -0.2436 -0.9645 -0.1017
vn -0.2974 -0.9521 -0.0714
vn -0.2934 -0.9490 -0.1159
vn -0.3378 -0.9387 -0.0680
vn -0.3437 -0.9322 -0.1134
vn -0.3216 -0.9404 -0.1101
vn -0.3328 -0.9318 -0.1452
vn -0.2821 -0.9464 -0.1570
vn -0.2663 -0.9522 -0.1499
vn -0.2802 -0.9535 -0.1109
vn -0.2769 -0.9595 -0.0524
vn -0.3289 -0.9436 -0.0372
vn -0.3240 -0.9458 -0.0203
vn -0.2794 -0.9580 -0.0653
vn -0.2801 -0.9593 -0.0364
vn -0.2268 -0.9721 -0.0601
vn -0.2461 -0.9658 -0.0813
vn -0.2451 -0.9654 -0.0890
vn -0.2136 -0.9730 -0.0870
vn -0.2693 -0.9626 -0.0283
vn -0.3461 -0.9379 0.0237
vn -0.3736 -0.9276 0.0031
vn -0.3712 -0.9276 0.0419
vn -0.3447 -0.9387 -0.0034
vn -0.2512 -0.9679 0.0005
vn -0.4554 -0.8901 0.0212
vn -0.4584 -0.8883 0.0263
vn -0.4556 -0.8895 0.0350
vn -0.2697 -0.9627 -0.0218
vn -0.1873 -0.9814 -0.0414
vn -0.3509 -0.9360 -0.0274
vn -0.3474 -0.9377 -0.0035
vn -0.3867 -0.9222 -0.0093
vn -0.2758 -0.9591 -0.0631
vn -0.2361 -0.9641 -0.1217
vn -0.2579 -0.9565 -0.1362
vn -0.2251 -0.9577 -0.1790
vn -0.1670 -0.9664 -0.1956
vn -0.1658 -0.9738 -0.1556
vn -0.1269 -0.9765 -0.1739
vn -0.0795 -0.9791 -0.1874
vn -0.0804 -0.9809 -0.1772
vn -0.1235 -0.9795 -0.1594
vn -0.1946 -0.9722 -0.1304
vn -0.2141 -0.9733 -0.0827
vn -0.2245 -0.9721 -0.0681
vn -0.1324 -0.9778 -0.1622
vn -0.1026 -0.9775 -0.1846
vn -0.0631 -0.9840 -0.1668
vn -0.0803 -0.9880 -0.1317
vn -0.0530 -0.9826 -0.1781
vn -0.0669 -0.9792 -0.1915
vn -0.0764 -0.9799 -0.1842
vn -0.0742 -0.9770 -0.1999
vn -0.0845 -0.9802 -0.1792
vn -0.0825 -0.9750 -0.2065
vn -0.0299 -0.9797 -0.1980
vn -0.1007 -0.9768 -0.1889
vn -0.1936 -0.9666 -0.1677
vn -0.2592 -0.9500 -0.1742
vn -0.1949 -0.9622 -0.1901
vn -0.3278 -0.9317 -0.1567
vn -0.3883 -0.9118 -0.1338
vn -0.3831 -0.9147 -0.1291
vn -0.3908 -0.9122 -0.1229
vn -0.4355 -0.8960 -0.0874
vn -0.4765 -0.8740 -0.0950
vn -0.5804 -0.8143 -0.0041
vn -0.4853 -0.8727 -0.0533
vn -0.4850 -0.8727 -0.0560
vn -0.4377 -0.8947 -0.0889
vn -0.3830 -0.9214 -0.0663
vn -0.3674 -0.9272 -0.0730
vn -0.4456 -0.8951 -0.0167
vn -0.4957 -0.8681 0.0255
vn -0.4340 -0.8999 0.0417
vn -0.3796 -0.9250 0.0156
vn -0.4552 -0.8897 0.0344
vn 0.9528 0.2029 0.2260
vn 0.9522 0.1830 0.2448
vn 0.9728 0.0614 0.2231
vn 0.9723 0.0560 0.2269
vn 0.9641 0.0489 0.2609
vn 0.9573 0.0683 0.2809
vn 0.9465 0.0455 0.3194
vn 0.9303 0.0691 0.3601
vn 0.9161 0.0443 0.3985
vn 0.9174 0.0424 0.3957
vn 0.9031 0.1616 0.3979
vn 0.9035 0.1630 0.3964
vn 0.8719 0.2804 0.4015
vn 0.8719 0.2842 0.3988
vn 0.8334 0.3875 0.3940
vn 0.8414 0.4125 0.3491
vn 0.8892 0.3451 0.3003
vn 0.8923 0.3550 0.2789
vn 0.8435 0.4555 0.2847
vn 0.8305 0.4989 0.2478
vn 0.7537 0.5942 0.2809
vn 0.7522 0.5943 0.2847
vn 0.7847 0.5131 0.3479
vn 0.7655 0.5091 0.3934
vn 0.6935 0.5942 0.4075
vn 0.6590 0.6571 0.3660
vn 0.6190 0.6915 0.3724
vn 0.5980 0.7500 0.2827
vn 0.5958 0.7506 0.2855
vn 0.5883 0.7700 0.2470
vn 0.4922 0.8350 0.2461
vn 0.4909 0.8408 0.2283
vn 0.4888 0.8414 0.2307
vn 0.4901 0.8365 0.2448
vn 0.4772 0.8387 0.2626
vn 0.4782 0.8352 0.2715
vn 0.4985 0.8298 0.2507
vn 0.4911 0.8259 0.2770
vn 0.5905 0.7567 0.2806
vn 0.5911 0.7640 0.2587
vn 0.6517 0.7006 0.2905
vn 0.6650 0.7129 0.2223
vn 0.6041 0.7511 0.2663
vn 0.6144 0.7583 0.2182
vn 0.6788 0.6897 0.2521
vn 0.7038 0.6712 0.2327
vn 0.7405 0.6143 0.2726
vn 0.7860 0.5708 0.2375
vn 0.7860 0.5754 0.2261
vn 0.7686 0.5852 0.2583
vn 0.7691 0.5827 0.2626
vn 0.7750 0.5793 0.2526
vn 0.7751 0.5770 0.2576
vn 0.7987 0.5559 0.2306
vn 0.7908 0.5514 0.2657
vn 0.8562 0.4571 0.2407
vn 0.8638 0.4491 0.2285
vn 0.8642 0.4491 0.2266
vn 0.8599 0.4653 0.2099
vn 0.7900 0.5643 0.2396
vn 0.7895 0.5670 0.2348
vn 0.7076 0.6594 0.2539
vn 0.7130 0.6493 0.2646
vn 0.6239 0.7363 0.2618
vn 0.5840 0.7535 0.3020
vn 0.5868 0.7633 0.2704
vn 0.5927 0.7554 0.2795
vn 0.6767 0.6795 0.2835
vn 0.6769 0.6883 0.2608
vn 0.7212 0.6307 0.2867
vn 0.6179 0.7211 0.3133
vn 0.5908 0.7546 0.2856
vn 0.4919 0.8120 0.3142
vn 0.4895 0.8150 0.3101
vn 0.4935 0.8177 0.2964
vn 0.5026 0.8068 0.3107
vn 0.5123 0.8093 0.2875
vn 0.5196 0.8004 0.2991
vn 0.7091 0.6605 0.2468
vn 0.8000 0.5587 0.2189
vn 0.7636 0.5817 0.2801
vn 0.8535 0.4643 0.2367
vn 0.8687 0.4488 0.2096
vn 0.9242 0.3293 0.1934
vn 0.9291 0.2877 0.2324
vn 0.9628 0.1991 0.1827
vn 0.9660 0.1497 0.2106
vn 0.9832 0.0544 0.1743
vn 0.9807 0.0492 0.1894
vn 0.9812 0.0474 0.1872
vn 0.9795 0.0464 0.1963
vn 0.9645 0.0863 0.2498
vn 0.9837 0.0927 0.1539
vn 0.9787 0.0462 0.1998
vn 0.9780 0.0463 0.2036
vn 0.9591 0.1429 0.2443
vn 0.9575 0.2009 0.2069
vn 0.9239 0.2803 0.2603
vn 0.9099 0.3563 0.2123
vn 0.8564 0.4478 0.2570
vn 0.9011 0.3571 0.2461
vn 0.8977 0.3768 0.2283
vn 0.9484 0.2567 0.1861
vn 0.9335 0.2519 0.2550
vn 0.9186 0.3263 0.2230
vn 0.9370 0.2972 0.1835
vn 0.9144 0.3313 0.2328
vn 0.8661 0.4386 0.2399
vn 0.8681 0.4386 0.2325
vn 0.9006 0.3431 0.2667
vn 0.9691 0.1547 0.1920
vn 0.9745 0.0524 0.2182
vn 0.9781 0.0475 0.2024
vn 0.9539 0.1993 0.2243
vn 0.9595 0.1960 0.2024
vn 0.9582 0.1955 0.2087
vn 0.9821 0.0580 0.1793
vn 0.9756 0.1463 0.1635
vn 0.9413 0.2934 0.1671
vn 0.9200 0.3285 0.2135
vn 0.8865 0.3778 0.2672
vn 0.8562 0.4569 0.2411
vn 0.7698 0.5931 0.2359
vn 0.8384 0.4748 0.2675
vn 0.7255 0.6468 0.2350
vn 0.6921 0.6680 0.2735
vn 0.8472 0.4792 0.2294
vn 0.8647 0.4448 0.2333
vn 0.6784 0.6879 0.2578
vn 0.6603 0.6986 0.2756
vn 0.6961 0.6696 0.2591
vn 0.6930 0.6770 0.2477
vn 0.6217 0.7444 0.2435
vn 0.4983 0.8152 0.2953
vn 0.5505 0.7820 0.2922
vn 0.5686 0.7900 0.2293
vn 0.5854 0.7728 0.2452
vn 0.5007 0.8326 0.2367
vn 0.5852 0.7713 0.2505
vn 0.6621 0.7000 0.2675
vn 0.5055 0.8129 0.2894
vn 0.5144 0.8104 0.2804
vn 0.5107 0.7701 0.3822
vn 0.5304 0.7654 0.3645
vn 0.6195 0.6913 0.3719
vn 0.7673 0.5014 0.3999
vn 0.6899 0.6564 0.3053
vn 0.7450 0.6144 0.2597
vn 0.8234 0.4972 0.2734
vn 0.9009 0.3454 0.2628
vn 0.8279 0.4552 0.3276
vn 0.8256 0.3945 0.4034
vn 0.9003 0.2767 0.3361
vn 0.9262 0.1990 0.3202
vn 0.9183 0.1552 0.3643
vn 0.9429 0.1843 0.2773
vn 0.9760 0.0589 0.2097
vn 0.9439 0.1911 0.2692
vn 0.9143 0.3278 0.2380
vn 0.9519 0.2027 0.2299
vn 0.9673 0.2209 0.1249
vn 0.9738 0.2025 0.1033
vn 0.9697 0.1968 0.1447
vn 0.9682 0.2195 0.1203
vn 0.9450 0.3075 0.1115
vn 0.9431 0.2987 0.1458
vn 0.9633 0.2487 0.1008
vn 0.9633 0.2476 0.1038
vn 0.9303 0.3514 0.1052
vn 0.9281 0.3600 0.0946
vn 0.8900 0.4421 0.1117
vn 0.8921 0.4419 0.0945
vn 0.9094 0.3936 0.1343
vn 0.9133 0.3984 0.0849
vn 0.8933 0.4325 0.1221
vn 0.8934 0.4278 0.1371
vn 0.8961 0.4243 0.1302
vn 0.8963 0.4280 0.1157
vn 0.8763 0.4549 0.1589
vn 0.8755 0.4610 0.1451
vn 0.8815 0.4554 0.1245
vn 0.8851 0.4403 0.1508
vn 0.8596 0.4697 0.2012
vn 0.8669 0.4766 0.1461
vn 0.8008 0.5678 0.1904
vn 0.8073 0.5528 0.2067
vn 0.7400 0.6428 0.1980
vn 0.7412 0.6480 0.1753
vn 0.7410 0.6483 0.1750
vn 0.6656 0.7152 0.2133
vn 0.6643 0.7147 0.2191
vn 0.6573 0.7245 0.2075
vn 0.6547 0.7206 0.2281
vn 0.6253 0.7382 0.2533
vn 0.5720 0.7892 0.2234
vn 0.5231 0.8055 0.2785
vn 0.7272 0.6451 0.2344
vn 0.7197 0.6573 0.2237
vn 0.5646 0.7805 0.2685
vn 0.5556 0.7922 0.2522
vn 0.5614 0.7989 0.2161
vn 0.5671 0.7931 0.2220
vn 0.5676 0.8012 0.1892
vn 0.5742 0.7981 0.1825
vn 0.5789 0.8002 0.1565
vn 0.5784 0.8008 0.1553
vn 0.5878 0.7979 0.1335
vn 0.5798 0.8058 0.1200
vn 0.5872 0.8049 0.0857
vn 0.5848 0.8064 0.0880
vn 0.5851 0.8092 0.0537
vn 0.5932 0.8040 0.0410
vn 0.5924 0.8036 0.0583
vn 0.5785 0.8151 0.0310
vn 0.5769 0.8150 0.0545
vn 0.5559 0.8309 0.0230
vn 0.6571 0.7529 0.0374
vn 0.6610 0.7492 0.0423
vn 0.7444 0.6656 0.0523
vn 0.7449 0.6652 0.0518
vn 0.7990 0.5932 0.0987
vn 0.8173 0.5723 0.0664
vn 0.8750 0.4741 0.0976
vn 0.8713 0.4841 0.0802
vn 0.9251 0.3711 0.0803
vn 0.8007 0.5982 0.0327
vn 0.7542 0.6535 0.0650
vn 0.7529 0.6543 0.0719
vn 0.7726 0.6234 0.1200
vn 0.8323 0.5473 0.0882
vn 0.7797 0.6188 0.0957
vn 0.7856 0.6080 0.1147
vn 0.8466 0.5198 0.1146
vn 0.7897 0.6061 0.0954
vn 0.7478 0.6490 0.1400
vn 0.7478 0.6490 0.1403
vn 0.7121 0.6791 0.1781
vn 0.7156 0.6829 0.1466
vn 0.6446 0.7403 0.1906
vn 0.6595 0.7375 0.1453
vn 0.7977 0.5748 0.1824
vn 0.8046 0.5803 0.1257
vn 0.6814 0.7247 0.1024
vn 0.8313 0.5392 0.1348
vn 0.6906 0.7159 0.1033
vn 0.6814 0.7270 0.0848
vn 0.8322 0.5473 0.0891
vn 0.7444 0.6659 0.0490
vn 0.6634 0.7458 0.0608
vn 0.6682 0.7424 0.0487
vn 0.6857 0.7241 0.0746
vn 0.6826 0.7214 0.1172
vn 0.6585 0.7402 0.1358
vn 0.6438 0.7474 0.1642
vn 0.6413 0.7446 0.1854
vn 0.6461 0.7407 0.1843
vn 0.7404 0.6482 0.1779
vn 0.7285 0.6510 0.2133
vn 0.8105 0.5560 0.1844
vn 0.7999 0.5676 0.1949
vn 0.8027 0.5614 0.2014
vn 0.8718 0.4559 0.1795
vn 0.8726 0.4520 0.1854
vn 0.9267 0.3310 0.1779
vn 0.9329 0.3229 0.1593
vn 0.9330 0.3247 0.1550
vn 0.9261 0.3340 0.1756
vn 0.9301 0.3375 0.1449
vn 0.9656 0.2209 0.1371
vn 0.9660 0.2200 0.1357
vn 0.9658 0.2190 0.1390
vn 0.9778 0.1848 0.0985
vn 0.9701 0.1833 0.1593
vn 0.9876 0.0987 0.1218
vn 0.9876 0.0860 0.1314
vn 0.9872 0.0860 0.1346
vn 0.9866 0.0997 0.1291
vn 0.9882 0.0810 0.1302
vn 0.9868 0.0801 0.1407
vn 0.9317 0.3367 0.1360
vn 0.9801 0.1011 0.1706
vn 0.9891 0.1061 0.1018
vn 0.9867 0.0628 0.1499
vn 0.9854 0.0641 0.1580
vn 0.9849 0.0593 0.1628
vn 0.9721 0.1828 0.1470
vn 0.9699 0.1798 0.1643
vn 0.9657 0.2209 0.1366
vn 0.9655 0.2005 0.1664
vn 0.8739 0.4552 0.1707
vn 0.8279 0.5374 0.1606
vn 0.9298 0.3391 0.1427
vn 0.8278 0.5373 0.1614
vn 0.9296 0.3491 0.1185
vn 0.8312 0.5389 0.1370
vn 0.9244 0.3503 0.1506
vn 0.9367 0.3267 0.1264
vn 0.8463 0.5213 0.1091
vn 0.9380 0.3249 0.1208
vn 0.8573 0.5062 0.0934
vn 0.8556 0.5009 0.1304
vn 0.8733 0.4828 0.0649
vn 0.9284 0.3598 0.0932
vn 0.9624 0.2536 0.0971
vn 0.9624 0.2538 0.0973
vn 0.9808 0.1448 0.1303
vn 0.9875 0.1218 0.0996
vn 0.9857 0.1427 0.0898
vn 0.9856 0.1286 0.1100
vn 0.9877 0.1276 0.0899
vn 0.9877 0.1039 0.1172
vn 0.9628 0.2485 0.1061
vn 0.9296 0.3517 0.1104
vn 0.9367 0.3250 0.1301
vn 0.9680 0.2196 0.1213
vn 0.9875 0.1040 0.1183
vn 0.9873 0.0990 0.1241
vn 0.9867 0.1001 0.1284
vn 0.9671 0.2208 0.1260
vn 0.9377 0.3265 0.1189
vn 0.4021 0.8386 0.3674
vn 0.4417 0.8373 0.3221
vn 0.3474 0.8742 0.3392
vn 0.2948 0.9120 0.2853
vn 0.2643 0.9175 0.2971
vn 0.2058 0.9436 0.2592
vn 0.1895 0.9452 0.2658
vn 0.1411 0.9619 0.2343
vn 0.1264 0.9627 0.2392
vn 0.1030 0.9695 0.2225
vn 0.0519 0.9740 0.2203
vn 0.0593 0.9815 0.1818
vn 0.0567 0.9823 0.1785
vn 0.0193 0.9840 0.1771
vn 0.0209 0.9826 0.1844
vn -0.0132 0.9841 0.1770
vn -0.0071 0.9861 0.1661
vn -0.0070 0.9868 0.1618
vn 0.0025 0.9853 0.1708
vn 0.0163 0.9874 0.1576
vn 0.0095 0.9849 0.1730
vn -0.0048 0.9867 0.1625
vn 0.0365 0.9823 0.1839
vn 0.0282 0.9811 0.1913
vn -0.0149 0.9855 0.1693
vn -0.0241 0.9852 0.1700
vn -0.0270 0.9810 0.1923
vn -0.0256 0.9813 0.1909
vn -0.0208 0.9805 0.1952
vn -0.0276 0.9723 0.2321
vn -0.0224 0.9733 0.2286
vn 0.0040 0.9725 0.2327
vn -0.0066 0.9787 0.2053
vn 0.0393 0.9776 0.2068
vn 0.0318 0.9798 0.1974
vn 0.0753 0.9761 0.2038
vn 0.0738 0.9806 0.1817
vn 0.1018 0.9750 0.1975
vn 0.1244 0.9744 0.1872
vn 0.1225 0.9687 0.2157
vn 0.1491 0.9686 0.1987
vn 0.1506 0.9579 0.2443
vn 0.1772 0.9576 0.2272
vn 0.1753 0.9416 0.2877
vn 0.1321 0.9542 0.2685
vn 0.1127 0.9529 0.2815
vn 0.0754 0.9604 0.2684
vn 0.0765 0.9605 0.2674
vn 0.0765 0.9685 0.2368
vn 0.0827 0.9668 0.2417
vn 0.0347 0.9717 0.2338
vn 0.0297 0.9638 0.2649
vn 0.0359 0.9619 0.2712
vn 0.0090 0.9606 0.2779
vn 0.0077 0.9609 0.2768
vn -0.0243 0.9593 0.2815
vn -0.0173 0.9616 0.2738
vn -0.0311 0.9612 0.2741
vn -0.0209 0.9499 0.3119
vn -0.0220 0.9489 0.3148
vn -0.0002 0.9505 0.3107
vn 0.0016 0.9432 0.3322
vn 0.0026 0.9434 0.3315
vn 0.0051 0.9407 0.3393
vn -0.0179 0.9412 0.3374
vn -0.0212 0.9404 0.3394
vn -0.0196 0.9426 0.3334
vn -0.0166 0.9402 0.3402
vn -0.0157 0.9435 0.3311
vn -0.0134 0.9441 0.3293
vn -0.0009 0.9432 0.3322
vn 0.0093 0.9455 0.3255
vn 0.0295 0.9416 0.3354
vn 0.0376 0.9427 0.3316
vn 0.0592 0.9370 0.3444
vn 0.0789 0.9388 0.3353
vn 0.1066 0.9299 0.3521
vn 0.1088 0.9372 0.3315
vn 0.1287 0.9297 0.3451
vn 0.1768 0.9298 0.3228
vn 0.1745 0.9175 0.3575
vn 0.2177 0.9176 0.3325
vn 0.2696 0.8936 0.3588
vn 0.3110 0.8955 0.3184
vn 0.4105 0.8460 0.3403
vn 0.3905 0.8696 0.3023
vn 0.3883 0.8669 0.3126
vn 0.3031 0.8905 0.3392
vn 0.3051 0.8973 0.3191
vn 0.3314 0.8815 0.3362
vn 0.3884 0.8650 0.3176
vn 0.3795 0.8710 0.3120
vn 0.3808 0.8755 0.2974
vn 0.3762 0.8766 0.3000
vn 0.3775 0.8850 0.2727
vn 0.3708 0.8860 0.2786
vn 0.3689 0.8964 0.2458
vn 0.3826 0.8953 0.2282
vn 0.3824 0.8948 0.2305
vn 0.3813 0.8956 0.2289
vn 0.3828 0.8966 0.2228
vn 0.3243 0.9147 0.2412
vn 0.2831 0.9366 0.2066
vn 0.2039 0.9542 0.2188
vn 0.2148 0.9555 0.2020
vn 0.2248 0.9466 0.2311
vn 0.2815 0.9323 0.2272
vn 0.2247 0.9540 0.1985
vn 0.3235 0.9134 0.2471
vn 0.4018 0.8844 0.2374
vn 0.3967 0.8737 0.2815
vn 0.2905 0.9312 0.2204
vn 0.2885 0.9258 0.2443
vn 0.2649 0.9376 0.2250
vn 0.2556 0.9230 0.2876
vn 0.2978 0.9188 0.2593
vn 0.2945 0.9038 0.3104
vn 0.2474 0.9250 0.2883
vn 0.2068 0.9276 0.3113
vn 0.1650 0.9427 0.2899
vn 0.1613 0.9220 0.3520
vn 0.2118 0.9208 0.3276
vn 0.3357 0.8973 0.2865
vn 0.2430 0.9059 0.3469
vn 0.3890 0.8664 0.3132
vn 0.2698 0.9104 0.3136
vn 0.2107 0.9149 0.3444
vn 0.1300 0.9343 0.3319
vn 0.0913 0.9330 0.3480
vn 0.0942 0.9519 0.2917
vn 0.0783 0.9386 0.3361
vn 0.0362 0.9417 0.3344
vn 0.0366 0.9387 0.3427
vn 0.0763 0.9363 0.3429
vn 0.1388 0.9313 0.3368
vn 0.0605 0.9414 0.3318
vn 0.0291 0.9408 0.3377
vn -0.0125 0.9433 0.3318
vn 0.0028 0.9397 0.3419
vn 0.0288 0.9400 0.3399
vn 0.0302 0.9528 0.3021
vn -0.0259 0.9445 0.3276
vn -0.0334 0.9419 0.3344
vn -0.0293 0.9501 0.3106
vn 0.0009 0.9503 0.3114
vn 0.0250 0.9545 0.2971
vn 0.0843 0.9503 0.2996
vn 0.1324 0.9417 0.3092
vn 0.2098 0.9408 0.2662
vn 0.2250 0.9418 0.2498
vn 0.1109 0.9678 0.2259
vn 0.2028 0.9551 0.2160
vn 0.1537 0.9655 0.2104
vn 0.1538 0.9655 0.2102
vn 0.1017 0.9763 0.1911
vn 0.0851 0.9766 0.1973
vn 0.0319 0.9714 0.2353
vn 0.0151 0.9742 0.2250
vn -0.0211 0.9728 0.2308
vn 0.0047 0.9809 0.1946
vn 0.0397 0.9832 0.1779
vn 0.0228 0.9846 0.1735
vn 0.0524 0.9807 0.1884
vn 0.0759 0.9757 0.2057
vn 0.1053 0.9763 0.1891
vn 0.1419 0.9663 0.2149
vn 0.2060 0.9481 0.2424
vn 0.2977 0.9180 0.2619
vn 0.4008 0.8727 0.2790
vn 0.0335 0.9892 0.1424
vn 0.0295 0.9899 0.1383
vn -0.0018 0.9904 0.1382
vn 0.0006 0.9958 0.0916
vn -0.0044 0.9964 0.0847
vn -0.0150 0.9962 0.0858
vn -0.0137 0.9963 0.0844
vn -0.0165 0.9903 0.1377
vn -0.0172 0.9904 0.1369
vn -0.0183 0.9902 0.1384
vn -0.0221 0.9813 0.1910
vn -0.0157 0.9804 0.1962
vn 0.0043 0.9819 0.1894
vn 0.0136 0.9806 0.1955
vn 0.0161 0.9728 0.2312
vn 0.0407 0.9704 0.2381
vn 0.0516 0.9725 0.2272
vn 0.0509 0.9775 0.2048
vn 0.0830 0.9773 0.1947
vn 0.0966 0.9827 0.1583
vn 0.1498 0.9757 0.1597
vn 0.1812 0.9759 0.1219
vn 0.1813 0.9750 0.1283
vn 0.2492 0.9636 0.0970
vn 0.2835 0.9507 0.1257
vn 0.3343 0.9389 0.0820
vn 0.3339 0.9393 0.0791
vn 0.3454 0.9363 0.0635
vn 0.3400 0.9397 0.0371
vn 0.2416 0.9699 0.0292
vn 0.2381 0.9705 0.0379
vn 0.1515 0.9874 0.0460
vn 0.1378 0.9902 0.0223
vn 0.0856 0.9960 0.0256
vn 0.0794 0.9968 0.0073
vn 0.0835 0.9965 -0.0007
vn 0.0752 0.9970 -0.0174
vn 0.0719 0.9973 -0.0120
vn 0.0733 0.9973 -0.0013
vn 0.0801 0.9968 -0.0084
vn 0.1380 0.9904 0.0063
vn 0.1470 0.9891 -0.0044
vn 0.2290 0.9734 0.0086
vn 0.2273 0.9738 0.0003
vn 0.3398 0.9405 0.0064
vn 0.3382 0.9410 0.0136
vn 0.3338 0.9426 0.0046
vn 0.4439 0.8960 0.0079
vn 0.4527 0.8915 0.0200
vn 0.4527 0.8915 0.0195
vn 0.4616 0.8867 0.0278
vn 0.4612 0.8859 0.0507
vn 0.4646 0.8843 0.0478
vn 0.4654 0.8812 0.0829
vn 0.3684 0.9285 0.0467
vn 0.2088 0.9777 0.0227
vn 0.2332 0.9724 0.0006
vn 0.1374 0.9904 -0.0130
vn 0.0338 0.9993 -0.0128
vn 0.0284 0.9996 -0.0084
vn 0.0291 0.9995 -0.0121
vn -0.0023 1.0000 -0.0045
vn -0.0042 0.9999 -0.0122
vn -0.0166 0.9997 -0.0156
vn -0.0190 0.9997 -0.0132
vn -0.0189 0.9997 -0.0140
vn -0.0181 0.9998 -0.0114
vn -0.0163 0.9998 -0.0129
vn -0.0196 0.9998 0.0031
vn -0.0200 0.9998 0.0016
vn 0.0016 1.0000 0.0062
vn 0.0039 1.0000 0.0043
vn 0.0244 0.9997 0.0098
vn 0.0305 0.9989 0.0366
vn 0.0198 0.9984 0.0522
vn 0.0314 0.9955 0.0896
vn 0.0680 0.9924 0.1023
vn 0.0880 0.9932 0.0767
vn -0.0024 0.9993 0.0375
vn -0.0213 0.9989 0.0407
vn -0.0197 0.9991 0.0373
vn -0.0258 0.9990 0.0373
vn -0.0228 0.9997 0.0035
vn 0.0013 0.9999 -0.0100
vn 0.0027 0.9998 -0.0195
vn 0.1196 0.9928 0.0035
vn 0.0359 0.9993 -0.0047
vn 0.1215 0.9925 -0.0122
vn 0.0356 0.9994 -0.0017
vn 0.0759 0.9962 0.0418
vn 0.1411 0.9899 0.0120
vn 0.2115 0.9773 -0.0146
vn 0.3695 0.9292 0.0032
vn 0.4463 0.8882 0.1089
vn 0.4465 0.8922 0.0688
vn 0.4776 0.8706 0.1181
vn 0.4728 0.8681 0.1513
vn 0.3737 0.9135 0.1609
vn 0.3621 0.9215 0.1403
vn 0.3655 0.9122 0.1852
vn 0.2775 0.9430 0.1838
vn 0.2449 0.9422 0.2285
vn 0.2441 0.9434 0.2246
vn 0.3178 0.9129 0.2562
vn 0.3173 0.9116 0.2613
vn 0.3388 0.8985 0.2792
vn 0.4336 0.8612 0.2650
vn 0.4318 0.8509 0.2992
vn 0.4164 0.8655 0.2784
vn 0.4428 0.8603 0.2528
vn 0.4424 0.8647 0.2379
vn 0.4638 0.8576 0.2222
vn 0.4671 0.8639 0.1886
vn 0.4687 0.8626 0.1901
vn 0.3380 0.8954 0.2899
vn 0.3119 0.8988 0.3081
vn 0.2639 0.9210 0.2865
vn 0.2191 0.9233 0.3154
vn 0.1784 0.9385 0.2955
vn 0.1770 0.9348 0.3079
vn 0.2217 0.9345 0.2785
vn 0.1481 0.9463 0.2873
vn 0.1005 0.9472 0.3044
vn 0.1017 0.9486 0.2997
vn 0.0801 0.9465 0.3127
vn 0.0475 0.9508 0.3062
vn 0.0383 0.9485 0.3143
vn 0.0063 0.9493 0.3143
vn 0.0035 0.9586 0.2849
vn -0.0146 0.9585 0.2848
vn -0.0099 0.9598 0.2807
vn -0.0152 0.9500 0.3120
vn -0.0145 0.9492 0.3144
vn -0.0120 0.9502 0.3114
vn -0.0156 0.9594 0.2815
vn -0.0097 0.9708 0.2398
vn -0.0123 0.9701 0.2422
vn -0.0129 0.9705 0.2407
vn 0.0098 0.9606 0.2779
vn 0.0097 0.9505 0.3106
vn 0.0442 0.9588 0.2807
vn 0.0731 0.9594 0.2724
vn 0.0843 0.9648 0.2490
vn 0.1420 0.9616 0.2351
vn 0.1430 0.9642 0.2233
vn 0.1590 0.9536 0.2557
vn 0.1400 0.9378 0.3177
vn 0.2632 0.9179 0.2971
vn 0.3860 0.8980 0.2111
vn 0.2188 0.9422 0.2537
vn 0.3858 0.8978 0.2123
vn 0.4747 0.8666 0.1540
vn 0.3674 0.9234 0.1111
vn 0.2845 0.9495 0.1320
vn 0.2557 0.9642 0.0697
vn 0.1404 0.9871 0.0763
vn 0.2687 0.9508 0.1540
vn 0.1616 0.9653 0.2051
vn 0.0909 0.9733 0.2107
vn 0.0763 0.9697 0.2321
vn 0.0498 0.9604 0.2740
vn 0.0044 0.9698 0.2439
vn -0.0141 0.9813 0.1919
vn -0.0156 0.9963 0.0849
vn 0.0096 0.9986 0.0526
vn -0.0035 0.9902 0.1399
vn 0.0286 0.9953 0.0930
vn 0.0684 0.9898 0.1251
vn 0.0282 0.9820 0.1868
vn -0.9697 0.2361 0.0627
vn -0.9682 0.2313 0.0956
vn -0.9713 0.2219 0.0853
vn -0.9870 0.1353 0.0864
vn -0.9854 0.1383 0.0989
vn -0.9847 0.1494 0.0895
vn -0.9844 0.1485 0.0939
vn -0.9574 0.2773 0.0803
vn -0.9564 0.2787 0.0873
vn -0.9322 0.3426 0.1170
vn -0.9236 0.3747 0.0812
vn -0.8756 0.4737 0.0943
vn -0.8759 0.4728 0.0968
vn -0.8762 0.4724 0.0959
vn -0.9155 0.3918 0.0917
vn -0.9114 0.3961 0.1113
vn -0.9467 0.3081 0.0937
vn -0.9525 0.2765 0.1280
vn -0.9786 0.1787 0.1022
vn -0.9767 0.1774 0.1211
vn -0.9716 0.2259 0.0710
vn -0.9649 0.2140 0.1523
vn -0.9725 0.1976 0.1237
vn -0.9728 0.2031 0.1113
vn -0.9700 0.2088 0.1246
vn -0.9703 0.2166 0.1076
vn -0.9654 0.2288 0.1247
vn -0.9656 0.2290 0.1235
vn -0.9642 0.2399 0.1128
vn -0.9325 0.3419 0.1161
vn -0.9353 0.3366 0.1092
vn -0.9340 0.3359 0.1218
vn -0.9038 0.4131 0.1117
vn -0.9040 0.4128 0.1114
vn -0.9029 0.4116 0.1241
vn -0.8702 0.4811 0.1059
vn -0.8479 0.5136 0.1318
vn -0.8511 0.5182 0.0844
vn -0.8023 0.5852 0.1177
vn -0.7812 0.6186 0.0842
vn -0.7765 0.6139 0.1424
vn -0.7400 0.6648 0.1021
vn -0.7405 0.6572 0.1408
vn -0.6661 0.7414 0.0811
vn -0.6587 0.7316 0.1758
vn -0.7258 0.6769 0.1226
vn -0.7628 0.6248 0.1665
vn -0.8106 0.5727 0.1222
vn -0.8198 0.5551 0.1411
vn -0.8231 0.5540 0.1249
vn -0.8259 0.5478 0.1334
vn -0.8749 0.4711 0.1122
vn -0.8720 0.4719 0.1300
vn -0.9032 0.4140 0.1131
vn -0.8673 0.4835 0.1183
vn -0.6227 0.7738 0.1159
vn -0.5188 0.8425 0.1450
vn -0.5382 0.8354 0.1117
vn -0.5379 0.8367 0.1034
vn -0.5274 0.8421 0.1129
vn -0.5295 0.8404 0.1157
vn -0.5307 0.8403 0.1110
vn -0.5556 0.8186 0.1460
vn -0.5550 0.8270 0.0894
vn -0.6498 0.7512 0.1157
vn -0.6506 0.7498 0.1201
vn -0.7464 0.6572 0.1050
vn -0.7388 0.6606 0.1336
vn -0.7306 0.6731 0.1148
vn -0.7598 0.6365 0.1326
vn -0.8270 0.5552 0.0888
vn -0.8358 0.5385 0.1066
vn -0.8200 0.5560 0.1355
vn -0.8654 0.4904 0.1025
vn -0.8772 0.4641 0.1232
vn -0.8759 0.4732 0.0944
vn -0.9064 0.4102 0.1006
vn -0.9065 0.4101 0.1002
vn -0.9341 0.3355 0.1219
vn -0.9363 0.3419 0.0805
vn -0.9051 0.4150 0.0930
vn -0.9077 0.4063 0.1049
vn -0.7697 0.6358 0.0577
vn -0.7281 0.6774 0.1049
vn -0.6464 0.7599 0.0680
vn -0.6434 0.7621 0.0732
vn -0.6438 0.7612 0.0775
vn -0.6939 0.7123 0.1053
vn -0.7026 0.7093 0.0574
vn -0.6249 0.7781 0.0638
vn -0.6146 0.7850 0.0777
vn -0.5458 0.8363 0.0530
vn -0.5458 0.8350 0.0697
vn -0.5506 0.8323 0.0640
vn -0.5497 0.8339 0.0496
vn -0.5494 0.8350 0.0305
vn -0.5558 0.8306 0.0358
vn -0.6103 0.7922 0.0048
vn -0.6569 0.7525 0.0463
vn -0.7294 0.6840 0.0128
vn -0.7450 0.6653 0.0484
vn -0.8178 0.5729 0.0555
vn -0.8272 0.5608 0.0341
vn -0.8230 0.5613 0.0876
vn -0.8762 0.4789 0.0543
vn -0.8769 0.4763 0.0644
vn -0.9256 0.3715 0.0725
vn -0.9288 0.3650 0.0641
vn -0.9283 0.3629 0.0805
vn -0.8744 0.4815 0.0595
vn -0.7892 0.6134 0.0290
vn -0.7794 0.6160 0.1146
vn -0.8188 0.5706 0.0630
vn -0.8771 0.4760 0.0639
vn -0.7173 0.6918 0.0838
vn -0.6284 0.7718 0.0973
vn -0.5456 0.8325 0.0958
vn -0.5393 0.8377 0.0862
vn -0.5375 0.8375 0.0986
vn -0.5437 0.8342 0.0920
vn -0.7298 0.6801 0.0694
vn -0.8175 0.5666 0.1033
vn -0.6523 0.7488 0.1171
vn -0.6475 0.7526 0.1201
vn -0.6480 0.7516 0.1236
vn -0.6889 0.7210 0.0755
vn -0.5440 0.8322 0.1068
vn -0.5993 0.7944 0.0990
vn -0.6025 0.7889 0.1211
vn -0.6113 0.7838 0.1093
vn -0.6132 0.7778 0.1380
vn -0.7619 0.6383 0.1099
vn -0.6894 0.7075 0.1554
vn -0.7299 0.6732 0.1184
vn -0.8041 0.5853 0.1042
vn -0.8644 0.4903 0.1114
vn -0.8307 0.5474 0.1014
vn -0.9006 0.4193 0.1146
vn -0.9373 0.3347 0.0973
vn -0.8708 0.4814 0.0999
vn -0.9037 0.4127 0.1142
vn -0.9332 0.3400 0.1166
vn -0.9432 0.3043 0.1335
vn -0.9480 0.3044 0.0929
vn -0.9803 0.1599 0.1159
vn -0.9448 0.3083 0.1109
vn -0.9088 0.4055 0.0981
vn -0.8759 0.4732 0.0945
vn -0.8389 0.5391 0.0748
vn -0.8764 0.4726 0.0923
vn -0.9183 0.3813 0.1070
vn -0.9586 0.2703 0.0896
vn -0.9808 0.1612 0.1097
vn -0.9873 0.1296 0.0916
vn -0.9872 0.1298 0.0925
vn -0.9680 0.2128 0.1330
vn -0.9382 0.3411 0.0578
vn -0.9636 0.2546 0.0813
vn -0.9887 0.1225 0.0867
vn -0.8477 0.5140 -0.1315
vn -0.8350 0.4970 -0.2361
vn -0.8770 0.4016 -0.2639
vn -0.9164 0.3672 -0.1593
vn -0.9310 0.3297 -0.1566
vn -0.9438 0.3104 -0.1134
vn -0.9415 0.3349 -0.0374
vn -0.9116 0.4110 -0.0109
vn -0.9089 0.4160 0.0274
vn -0.8788 0.4741 0.0535
vn -0.8504 0.5260 0.0142
vn -0.8465 0.5322 -0.0099
vn -0.7963 0.6049 -0.0014
vn -0.7878 0.6141 0.0479
vn -0.6945 0.7182 0.0419
vn -0.6880 0.7257 -0.0089
vn -0.6613 0.7494 -0.0321
vn -0.5654 0.8248 -0.0082
vn -0.5535 0.8294 -0.0751
vn -0.5390 0.8374 -0.0909
vn -0.5537 0.8134 -0.1784
vn -0.6235 0.7627 -0.1720
vn -0.6560 0.7491 -0.0925
vn -0.7457 0.6634 -0.0626
vn -0.7763 0.6187 -0.1205
vn -0.7452 0.6295 -0.2202
vn -0.7469 0.6234 -0.2312
vn -0.6456 0.7356 -0.2049
vn -0.5449 0.8168 -0.1896
vn -0.4566 0.8714 -0.1793
vn -0.4452 0.8802 -0.1644
vn -0.4608 0.8834 -0.0852
vn -0.4757 0.8767 -0.0718
vn -0.4718 0.8813 -0.0257
vn -0.4808 0.8767 -0.0102
vn -0.4730 0.8809 0.0171
vn -0.4827 0.8751 0.0360
vn -0.4797 0.8762 0.0467
vn -0.4899 0.8697 0.0603
vn -0.5460 0.8373 0.0277
vn -0.5915 0.8032 0.0707
vn -0.6617 0.7494 0.0239
vn -0.7039 0.7054 0.0839
vn -0.8032 0.5913 0.0721
vn -0.8031 0.5915 0.0724
vn -0.5515 0.8322 0.0577
vn -0.5684 0.8222 0.0317
vn -0.5592 0.8290 0.0052
vn -0.6516 0.7540 -0.0837
vn -0.6664 0.7409 0.0835
vn -0.7448 0.6635 -0.0702
vn -0.8517 0.5231 -0.0298
vn -0.8031 0.5913 0.0734
vn -0.8739 0.4785 0.0851
vn -0.8705 0.4866 0.0736
vn -0.9100 0.4051 0.0879
vn -0.9134 0.3992 0.0797
vn -0.9423 0.3252 0.0798
vn -0.9384 0.3386 0.0686
vn -0.9651 0.2563 0.0541
vn -0.9656 0.2539 0.0565
vn -0.9666 0.2560 0.0061
vn -0.9718 0.2334 0.0350
vn -0.9686 0.2455 -0.0386
vn -0.9705 0.2276 -0.0799
vn -0.9460 0.3233 0.0241
vn -0.9416 0.3342 0.0405
vn -0.9131 0.4059 0.0383
vn -0.8977 0.4385 -0.0434
vn -0.9433 0.3305 -0.0320
vn -0.9626 0.2433 -0.1194
vn -0.9578 0.1988 -0.2074
vn -0.9340 0.2205 -0.2810
vn -0.9167 0.1448 -0.3724
vn -0.9227 0.2668 -0.2783
vn -0.9178 0.2731 -0.2883
vn -0.8766 0.3963 -0.2728
vn -0.8166 0.5152 -0.2604
vn -0.8334 0.5437 -0.0993
vn -0.8962 0.4360 -0.0822
vn -0.9361 0.3351 0.1064
vn -0.9371 0.3334 0.1032
vn -0.9092 0.4036 0.1025
vn -0.9035 0.4129 0.1152
vn -0.8689 0.4828 0.1092
vn -0.8668 0.4858 0.1130
vn -0.8669 0.4846 0.1169
vn -0.8617 0.4910 0.1276
vn -0.8092 0.5748 0.1219
vn -0.8094 0.5745 0.1212
vn -0.7092 0.6944 0.1217
vn -0.7099 0.6930 0.1255
vn -0.6097 0.7875 0.0900
vn -0.6093 0.7880 0.0883
vn -0.5907 0.7973 0.1238
vn -0.7038 0.7048 0.0892
vn -0.7332 0.6655 0.1398
vn -0.8025 0.5885 0.0988
vn -0.5005 0.8616 0.0844
vn -0.5005 0.8616 0.0845
vn -0.5053 0.8576 0.0956
vn -0.5054 0.8576 0.0953
vn -0.5187 0.8469 0.1172
vn -0.5187 0.8492 0.0996
vn -0.6091 0.7819 0.1332
vn -0.6157 0.7795 0.1157
vn -0.6047 0.7874 0.1196
vn -0.7148 0.6887 0.1213
vn -0.7169 0.6852 0.1285
vn -0.7910 0.6038 0.0990
vn -0.8104 0.5724 0.1251
vn -0.8607 0.4985 0.1032
vn -0.8671 0.4833 0.1206
vn -0.9019 0.4178 0.1095
vn -0.9029 0.4136 0.1169
vn -0.9331 0.3424 0.1097
vn -0.9312 0.3452 0.1172
vn -0.9646 0.2401 0.1095
vn -0.9613 0.2473 0.1212
vn -0.9620 0.2498 0.1100
vn -0.9596 0.2551 0.1188
vn -0.9599 0.2559 0.1147
vn -0.9269 0.3575 0.1145
vn -0.9264 0.3551 0.1251
vn -0.9287 0.3544 0.1088
vn -0.8952 0.4286 0.1220
vn -0.8984 0.4253 0.1091
vn -0.8947 0.4304 0.1193
vn -0.9601 0.2553 0.1139
vn -0.9607 0.2561 0.1075
vn -0.9619 0.2528 0.1042
vn -0.9638 0.2519 0.0869
vn -0.9289 0.3512 0.1174
vn -0.9312 0.3477 0.1093
vn -0.9000 0.4193 0.1189
vn -0.8560 0.5007 0.1285
vn -0.8589 0.4933 0.1374
vn -0.8105 0.5721 0.1257
vn -0.8597 0.4946 0.1276
vn -0.7885 0.5951 0.1554
vn -0.7269 0.6788 0.1045
vn -0.6224 0.7731 0.1224
vn -0.7167 0.6875 0.1169
vn -0.6117 0.7852 0.0968
vn -0.5205 0.8464 0.1129
vn -0.5160 0.8498 0.1077
vn -0.5160 0.8504 0.1028
vn -0.5883 0.8055 0.0722
vn -0.4900 0.8689 0.0698
vn -0.5901 0.7983 0.1205
vn -0.7328 0.6748 0.0876
vn -0.7148 0.6910 0.1076
vn -0.8106 0.5721 0.1252
vn -0.8081 0.5777 0.1153
vn -0.8613 0.4927 0.1239
vn -0.8922 0.4317 0.1330
vn -0.8091 0.5767 0.1127
vn -0.9036 0.4131 0.1137
vn -0.9373 0.3347 0.0971
vn -0.9639 0.2513 0.0875
vn -0.9896 0.0963 0.1072
vn -0.9878 0.0753 0.1366
vn -0.9914 0.0690 0.1108
vn -0.9925 0.0788 0.0929
vn -0.9897 0.0857 0.1144
vn -0.9891 0.0802 0.1235
vn -0.9871 -0.1141 0.1125
vn -0.9857 -0.1032 0.1332
vn -0.9523 -0.2917 0.0890
vn -0.9478 -0.2926 0.1264
vn -0.9884 -0.1435 0.0490
vn -0.9793 -0.1440 0.1423
vn -0.9468 -0.3063 0.0983
vn -0.9467 -0.3077 0.0948
vn -0.9483 -0.3045 0.0890
vn -0.9877 -0.1083 0.1127
vn -0.9910 -0.0946 0.0945
vn -0.9916 -0.0976 0.0846
vn -0.9514 -0.3002 0.0686
vn -0.9503 -0.3050 0.0627
vn -0.9934 -0.0873 0.0751
vn -0.9906 0.1057 0.0864
vn -0.9894 0.1067 0.0983
vn -0.9905 0.1104 0.0814
vn -0.9481 -0.3069 0.0837
vn -0.9457 -0.3083 0.1028
vn -0.9454 -0.3083 0.1056
vn -0.9893 -0.0937 0.1117
vn -0.9884 -0.1107 0.1037
vn -0.9892 0.0969 0.1101
vn -0.9880 0.0799 0.1325
vn -0.9908 0.0711 0.1150
vn -0.9901 0.0683 0.1224
vn -0.9826 -0.1416 0.1200
vn -0.9803 -0.1331 0.1457
vn -0.9452 -0.3084 0.1072
vn -0.9421 -0.3156 0.1131
vn -0.9423 -0.3155 0.1118
vn -0.9454 -0.2967 0.1349
vn -0.9529 -0.2905 0.0875
vn -0.9774 -0.1378 0.1603
vn -0.9845 -0.1159 0.1314
vn -0.9897 0.0589 0.1301
vn -0.9923 0.0463 0.1148
vn -0.9924 0.0465 0.1140
vn -0.9889 0.0005 0.1485
vn -0.9941 -0.0021 0.1083
vn -0.9931 -0.0082 0.1167
vn -0.9958 -0.0101 0.0914
vn -0.9945 0.0054 0.1045
vn -0.9952 0.0056 0.0980
vn -0.9946 -0.0039 0.1042
vn -0.9924 -0.1088 0.0573
vn -0.9767 -0.1829 0.1119
vn -0.9505 -0.3044 0.0629
vn -0.9488 -0.3025 0.0911
vn -0.9411 -0.3185 0.1136
vn -0.9415 -0.3225 0.0972
vn -0.9419 -0.3219 0.0963
vn -0.9411 -0.3220 0.1027
vn -0.9795 -0.1688 0.1102
vn -0.9415 -0.3200 0.1055
vn -0.9805 -0.1676 0.1029
vn -0.9816 -0.1617 0.1014
vn -0.9430 -0.3237 0.0768
vn -0.9445 -0.3218 0.0664
vn -0.9443 -0.3225 0.0655
vn -0.9448 -0.3222 0.0587
vn -0.9800 -0.1865 0.0687
vn -0.9801 -0.1850 0.0717
vn -0.9814 -0.1811 0.0642
vn -0.9823 -0.1710 0.0761
vn -0.9977 -0.0518 0.0426
vn -0.9965 -0.0217 0.0811
vn -0.9442 -0.3231 0.0632
vn -0.9442 -0.3232 0.0633
vn -0.9948 -0.0480 0.0894
vn -0.9961 -0.0406 0.0786
vn -0.9918 -0.0374 0.1224
vn -0.9442 -0.3237 0.0606
vn -0.9797 -0.1871 0.0718
vn -0.9802 -0.1853 0.0701
vn -0.9961 -0.0037 0.0882
vn -0.9810 -0.1219 0.1508
vn -0.9804 -0.1650 0.1080
vn -0.9844 -0.1501 0.0917
vn -0.9409 -0.3207 0.1094
vn -0.9862 -0.1318 0.0998
vn -0.9912 0.0647 0.1156
vn -0.9868 -0.1142 0.1150
vn -0.9935 0.1142 0.0008
vn -0.9924 0.1116 0.0517
vn -0.9956 -0.0872 0.0335
vn -0.9957 -0.0846 0.0364
vn -0.9567 -0.2909 -0.0096
vn -0.9525 -0.3045 0.0056
vn -0.9571 -0.2897 -0.0019
vn -0.9918 -0.1121 -0.0617
vn -0.9841 -0.1130 -0.1369
vn -0.9864 0.0345 -0.1608
vn -0.9764 0.0422 -0.2117
vn -0.9620 0.0029 -0.2731
vn -0.9421 -0.1211 -0.3128
vn -0.9502 -0.1740 -0.2587
vn -0.8978 -0.3368 -0.2837
vn -0.9185 -0.3690 -0.1425
vn -0.9348 -0.3378 -0.1100
vn -0.9047 -0.3268 -0.2733
vn -0.8599 -0.3209 -0.3969
vn -0.8585 -0.3042 -0.4129
vn -0.8988 -0.1539 -0.4105
vn -0.9156 -0.1285 -0.3811
vn -0.9114 0.0027 -0.4115
vn -0.9262 0.0339 -0.3754
vn -0.9917 0.0979 -0.0838
vn -0.9738 -0.1513 -0.1697
vn -0.9406 -0.3357 -0.0509
vn -0.9971 -0.0731 -0.0206
vn -0.9926 0.1105 0.0504
vn -0.9954 0.0932 -0.0235
vn 0.9697 0.2360 0.0627
vn 0.9636 0.2546 0.0813
vn 0.9288 0.3650 0.0641
vn 0.9256 0.3715 0.0725
vn 0.8769 0.4763 0.0644
vn 0.8762 0.4789 0.0543
vn 0.8230 0.5613 0.0876
vn 0.7892 0.6134 0.0290
vn 0.7173 0.6918 0.0838
vn 0.7294 0.6840 0.0128
vn 0.6569 0.7525 0.0463
vn 0.6103 0.7922 0.0048
vn 0.5558 0.8306 0.0358
vn 0.5494 0.8350 0.0305
vn 0.5497 0.8339 0.0496
vn 0.5458 0.8363 0.0530
vn 0.5458 0.8350 0.0697
vn 0.5506 0.8323 0.0640
vn 0.5456 0.8325 0.0958
vn 0.5393 0.8377 0.0862
vn 0.5375 0.8375 0.0986
vn 0.5437 0.8342 0.0920
vn 0.5440 0.8322 0.1068
vn 0.5550 0.8270 0.0894
vn 0.5556 0.8186 0.1460
vn 0.5993 0.7944 0.0990
vn 0.6025 0.7889 0.1211
vn 0.5295 0.8404 0.1157
vn 0.5274 0.8421 0.1129
vn 0.5379 0.8367 0.1034
vn 0.5382 0.8354 0.1117
vn 0.5188 0.8425 0.1450
vn 0.6227 0.7738 0.1159
vn 0.6587 0.7316 0.1758
vn 0.7258 0.6769 0.1226
vn 0.7628 0.6248 0.1665
vn 0.8106 0.5727 0.1222
vn 0.8198 0.5551 0.1410
vn 0.8673 0.4835 0.1183
vn 0.8720 0.4719 0.1300
vn 0.9032 0.4140 0.1131
vn 0.9037 0.4127 0.1142
vn 0.9353 0.3366 0.1092
vn 0.9325 0.3419 0.1161
vn 0.9642 0.2399 0.1128
vn 0.9656 0.2290 0.1235
vn 0.9654 0.2288 0.1247
vn 0.9703 0.2166 0.1076
vn 0.9700 0.2088 0.1246
vn 0.9728 0.2031 0.1113
vn 0.9725 0.1976 0.1237
vn 0.9649 0.2140 0.1523
vn 0.9716 0.2259 0.0710
vn 0.9767 0.1774 0.1211
vn 0.9786 0.1787 0.1022
vn 0.9525 0.2765 0.1280
vn 0.9586 0.2703 0.0896
vn 0.9574 0.2773 0.0803
vn 0.9844 0.1485 0.0939
vn 0.9847 0.1494 0.0895
vn 0.9680 0.2128 0.1330
vn 0.9713 0.2219 0.0853
vn 0.9870 0.1353 0.0864
vn 0.9873 0.1296 0.0916
vn 0.9872 0.1298 0.0925
vn 0.9854 0.1383 0.0989
vn 0.9808 0.1612 0.1097
vn 0.9564 0.2787 0.0873
vn 0.9322 0.3426 0.1170
vn 0.9382 0.3411 0.0578
vn 0.9236 0.3747 0.0812
vn 0.8756 0.4737 0.0943
vn 0.8764 0.4726 0.0923
vn 0.8188 0.5706 0.0630
vn 0.8175 0.5666 0.1033
vn 0.7697 0.6358 0.0577
vn 0.7281 0.6774 0.1049
vn 0.7298 0.6801 0.0694
vn 0.6939 0.7123 0.1053
vn 0.6438 0.7612 0.0775
vn 0.6464 0.7599 0.0680
vn 0.7598 0.6365 0.1326
vn 0.7464 0.6572 0.1050
vn 0.6506 0.7498 0.1201
vn 0.7388 0.6606 0.1336
vn 0.7306 0.6731 0.1148
vn 0.6475 0.7526 0.1201
vn 0.7299 0.6732 0.1184
vn 0.6889 0.7210 0.0755
vn 0.6894 0.7075 0.1554
vn 0.7400 0.6648 0.1021
vn 0.7405 0.6572 0.1408
vn 0.7765 0.6139 0.1424
vn 0.8307 0.5474 0.1014
vn 0.8259 0.5478 0.1334
vn 0.8479 0.5136 0.1318
vn 0.8702 0.4811 0.1059
vn 0.8708 0.4814 0.0999
vn 0.9040 0.4128 0.1114
vn 0.9029 0.4116 0.1241
vn 0.9006 0.4193 0.1146
vn 0.9373 0.3347 0.0973
vn 0.9051 0.4150 0.0930
vn 0.8644 0.4903 0.1114
vn 0.8654 0.4904 0.1025
vn 0.8772 0.4641 0.1232
vn 0.9064 0.4102 0.1006
vn 0.9077 0.4063 0.1049
vn 0.9363 0.3419 0.0805
vn 0.9341 0.3355 0.1219
vn 0.9088 0.4055 0.0981
vn 0.9114 0.3961 0.1113
vn 0.9155 0.3918 0.0917
vn 0.8762 0.4724 0.0959
vn 0.8759 0.4732 0.0945
vn 0.8358 0.5385 0.1066
vn 0.8759 0.4732 0.0944
vn 0.8200 0.5560 0.1355
vn 0.9065 0.4101 0.1002
vn 0.8511 0.5182 0.0844
vn 0.8023 0.5852 0.1177
vn 0.7812 0.6186 0.0842
vn 0.8041 0.5853 0.1042
vn 0.8270 0.5552 0.0888
vn 0.8389 0.5391 0.0748
vn 0.8759 0.4728 0.0968
vn 0.9183 0.3813 0.1070
vn 0.9467 0.3081 0.0937
vn 0.9803 0.1599 0.1159
vn 0.9448 0.3083 0.1109
vn 0.9480 0.3044 0.0929
vn 0.9432 0.3043 0.1335
vn 0.9332 0.3400 0.1166
vn 0.9340 0.3359 0.1218
vn 0.9038 0.4131 0.1117
vn 0.8749 0.4711 0.1122
vn 0.8231 0.5540 0.1249
vn 0.7619 0.6383 0.1099
vn 0.6661 0.7414 0.0811
vn 0.6132 0.7778 0.1380
vn 0.6113 0.7838 0.1093
vn 0.6480 0.7516 0.1236
vn 0.5307 0.8403 0.1110
vn 0.6498 0.7512 0.1157
vn 0.6523 0.7488 0.1171
vn 0.6434 0.7621 0.0732
vn 0.6284 0.7718 0.0973
vn 0.6249 0.7781 0.0638
vn 0.6146 0.7850 0.0777
vn 0.7450 0.6653 0.0484
vn 0.8178 0.5729 0.0555
vn 0.7026 0.7093 0.0574
vn 0.7794 0.6160 0.1146
vn 0.8272 0.5608 0.0341
vn 0.8744 0.4815 0.0595
vn 0.8771 0.4760 0.0639
vn 0.9283 0.3629 0.0805
vn 0.9682 0.2313 0.0956
vn 0.9887 0.1225 0.0867
vn 0.8477 0.5140 -0.1315
vn 0.8334 0.5437 -0.0993
vn 0.8517 0.5231 -0.0298
vn 0.8465 0.5322 -0.0099
vn 0.8504 0.5260 0.0142
vn 0.8031 0.5913 0.0734
vn 0.8031 0.5915 0.0724
vn 0.8739 0.4785 0.0851
vn 0.8705 0.4866 0.0736
vn 0.9100 0.4051 0.0879
vn 0.9134 0.3992 0.0797
vn 0.9131 0.4059 0.0383
vn 0.9416 0.3342 0.0405
vn 0.9460 0.3233 0.0241
vn 0.9433 0.3305 -0.0320
vn 0.9415 0.3349 -0.0374
vn 0.9116 0.4110 -0.0109
vn 0.9438 0.3104 -0.1134
vn 0.9626 0.2433 -0.1194
vn 0.9705 0.2276 -0.0799
vn 0.9578 0.1988 -0.2074
vn 0.9340 0.2205 -0.2810
vn 0.9167 0.1448 -0.3724
vn 0.9227 0.2668 -0.2783
vn 0.9178 0.2731 -0.2883
vn 0.8766 0.3963 -0.2728
vn 0.8770 0.4016 -0.2639
vn 0.9164 0.3672 -0.1593
vn 0.9310 0.3297 -0.1566
vn 0.9686 0.2455 -0.0386
vn 0.9718 0.2334 0.0350
vn 0.9666 0.2560 0.0061
vn 0.9651 0.2563 0.0541
vn 0.9656 0.2539 0.0565
vn 0.9384 0.3386 0.0686
vn 0.9089 0.4160 0.0274
vn 0.9423 0.3252 0.0798
vn 0.8032 0.5913 0.0721
vn 0.7039 0.7054 0.0839
vn 0.6617 0.7494 0.0239
vn 0.5915 0.8032 0.0707
vn 0.5460 0.8373 0.0277
vn 0.4899 0.8697 0.0603
vn 0.4797 0.8762 0.0467
vn 0.4827 0.8751 0.0360
vn 0.4730 0.8809 0.0171
vn 0.4808 0.8767 -0.0102
vn 0.4718 0.8813 -0.0257
vn 0.4757 0.8767 -0.0718
vn 0.4608 0.8834 -0.0852
vn 0.4452 0.8802 -0.1644
vn 0.4566 0.8714 -0.1793
vn 0.5449 0.8168 -0.1896
vn 0.5537 0.8134 -0.1784
vn 0.6235 0.7627 -0.1720
vn 0.6560 0.7491 -0.0925
vn 0.7457 0.6634 -0.0626
vn 0.7448 0.6635 -0.0702
vn 0.6880 0.7257 -0.0089
vn 0.6945 0.7182 0.0419
vn 0.6613 0.7494 -0.0321
vn 0.5654 0.8248 -0.0082
vn 0.5535 0.8294 -0.0751
vn 0.6516 0.7540 -0.0837
vn 0.6456 0.7356 -0.2049
vn 0.7452 0.6295 -0.2202
vn 0.7469 0.6234 -0.2312
vn 0.8166 0.5152 -0.2604
vn 0.5390 0.8374 -0.0909
vn 0.5592 0.8290 0.0052
vn 0.5684 0.8222 0.0317
vn 0.5515 0.8322 0.0577
vn 0.6664 0.7409 0.0835
vn 0.7878 0.6141 0.0479
vn 0.8788 0.4741 0.0535
vn 0.7963 0.6049 -0.0014
vn 0.8977 0.4385 -0.0434
vn 0.7763 0.6187 -0.1205
vn 0.8350 0.4970 -0.2361
vn 0.8962 0.4360 -0.0822
vn 0.9361 0.3351 0.1064
vn 0.9371 0.3334 0.1032
vn 0.9373 0.3347 0.0971
vn 0.9264 0.3551 0.1251
vn 0.9269 0.3575 0.1145
vn 0.9599 0.2559 0.1147
vn 0.9596 0.2551 0.1188
vn 0.9620 0.2498 0.1100
vn 0.9613 0.2473 0.1212
vn 0.9646 0.2401 0.1095
vn 0.9312 0.3452 0.1172
vn 0.9312 0.3477 0.1093
vn 0.9000 0.4193 0.1189
vn 0.9019 0.4178 0.1095
vn 0.9029 0.4136 0.1169
vn 0.8671 0.4833 0.1206
vn 0.8607 0.4985 0.1032
vn 0.8104 0.5724 0.1251
vn 0.7910 0.6038 0.0990
vn 0.7169 0.6852 0.1285
vn 0.7148 0.6887 0.1213
vn 0.7167 0.6875 0.1169
vn 0.7148 0.6910 0.1076
vn 0.7092 0.6944 0.1217
vn 0.7099 0.6930 0.1255
vn 0.6097 0.7875 0.0900
vn 0.6093 0.7880 0.0883
vn 0.5907 0.7973 0.1238
vn 0.7038 0.7048 0.0892
vn 0.7332 0.6655 0.1398
vn 0.8025 0.5885 0.0988
vn 0.8091 0.5767 0.1127
vn 0.8668 0.4858 0.1130
vn 0.8689 0.4828 0.1092
vn 0.9035 0.4129 0.1152
vn 0.8669 0.4846 0.1169
vn 0.8617 0.4910 0.1276
vn 0.8613 0.4927 0.1239
vn 0.8597 0.4946 0.1276
vn 0.8589 0.4933 0.1374
vn 0.8105 0.5721 0.1257
vn 0.8106 0.5721 0.1252
vn 0.8947 0.4304 0.1193
vn 0.8952 0.4286 0.1220
vn 0.8092 0.5748 0.1219
vn 0.8922 0.4317 0.1330
vn 0.8081 0.5777 0.1153
vn 0.5005 0.8616 0.0844
vn 0.5005 0.8616 0.0845
vn 0.5053 0.8576 0.0956
vn 0.5054 0.8576 0.0953
vn 0.5187 0.8469 0.1172
vn 0.5882 0.8055 0.0722
vn 0.5187 0.8492 0.0996
vn 0.6091 0.7819 0.1332
vn 0.5160 0.8504 0.1028
vn 0.5160 0.8498 0.1077
vn 0.5205 0.8464 0.1129
vn 0.6117 0.7852 0.0968
vn 0.6224 0.7731 0.1224
vn 0.4900 0.8689 0.0698
vn 0.5901 0.7983 0.1205
vn 0.7328 0.6748 0.0876
vn 0.8094 0.5745 0.1212
vn 0.6157 0.7795 0.1157
vn 0.6047 0.7874 0.1196
vn 0.7269 0.6788 0.1045
vn 0.7885 0.5951 0.1554
vn 0.8560 0.5007 0.1285
vn 0.8984 0.4253 0.1091
vn 0.9331 0.3424 0.1097
vn 0.9289 0.3512 0.1174
vn 0.9601 0.2553 0.1139
vn 0.9287 0.3544 0.1088
vn 0.9036 0.4131 0.1137
vn 0.9607 0.2561 0.1075
vn 0.9619 0.2528 0.1042
vn 0.9638 0.2519 0.0869
vn 0.9092 0.4036 0.1025
vn 0.9639 0.2513 0.0875
vn 0.9896 0.0963 0.1072
vn 0.9878 0.0753 0.1366
vn 0.9884 -0.1107 0.1037
vn 0.9793 -0.1440 0.1423
vn 0.9468 -0.3063 0.0983
vn 0.9467 -0.3077 0.0948
vn 0.9483 -0.3045 0.0890
vn 0.9481 -0.3069 0.0837
vn 0.9514 -0.3002 0.0686
vn 0.9503 -0.3050 0.0627
vn 0.9916 -0.0976 0.0846
vn 0.9910 -0.0946 0.0945
vn 0.9934 -0.0873 0.0751
vn 0.9906 0.1057 0.0864
vn 0.9894 0.1067 0.0983
vn 0.9905 0.1104 0.0814
vn 0.9457 -0.3083 0.1028
vn 0.9478 -0.2926 0.1264
vn 0.9523 -0.2917 0.0890
vn 0.9857 -0.1032 0.1332
vn 0.9871 -0.1141 0.1125
vn 0.9891 0.0802 0.1235
vn 0.9897 0.0857 0.1144
vn 0.9925 0.0788 0.0929
vn 0.9893 -0.0937 0.1117
vn 0.9454 -0.3083 0.1056
vn 0.9884 -0.1435 0.0490
vn 0.9877 -0.1083 0.1127
vn 0.9914 0.0690 0.1108
vn 0.9892 0.0969 0.1101
vn 0.9880 0.0799 0.1325
vn 0.9908 0.0711 0.1150
vn 0.9901 0.0683 0.1224
vn 0.9826 -0.1416 0.1200
vn 0.9803 -0.1331 0.1457
vn 0.9452 -0.3084 0.1072
vn 0.9421 -0.3156 0.1131
vn 0.9423 -0.3155 0.1118
vn 0.9454 -0.2967 0.1349
vn 0.9529 -0.2905 0.0875
vn 0.9409 -0.3207 0.1094
vn 0.9415 -0.3200 0.1055
vn 0.9411 -0.3220 0.1027
vn 0.9419 -0.3219 0.0963
vn 0.9805 -0.1676 0.1029
vn 0.9804 -0.1650 0.1080
vn 0.9816 -0.1617 0.1014
vn 0.9810 -0.1219 0.1508
vn 0.9924 -0.1088 0.0573
vn 0.9946 -0.0039 0.1042
vn 0.9952 0.0056 0.0980
vn 0.9945 0.0054 0.1045
vn 0.9961 -0.0037 0.0882
vn 0.9918 -0.0374 0.1224
vn 0.9802 -0.1853 0.0701
vn 0.9797 -0.1871 0.0718
vn 0.9443 -0.3225 0.0655
vn 0.9445 -0.3218 0.0664
vn 0.9430 -0.3237 0.0768
vn 0.9505 -0.3044 0.0629
vn 0.9488 -0.3025 0.0911
vn 0.9448 -0.3222 0.0587
vn 0.9442 -0.3237 0.0606
vn 0.9442 -0.3231 0.0632
vn 0.9442 -0.3232 0.0633
vn 0.9814 -0.1811 0.0642
vn 0.9823 -0.1710 0.0761
vn 0.9977 -0.0518 0.0426
vn 0.9965 -0.0217 0.0811
vn 0.9948 -0.0480 0.0894
vn 0.9801 -0.1850 0.0717
vn 0.9800 -0.1865 0.0687
vn 0.9961 -0.0406 0.0786
vn 0.9767 -0.1829 0.1119
vn 0.9958 -0.0101 0.0914
vn 0.9411 -0.3185 0.1136
vn 0.9931 -0.0082 0.1167
vn 0.9941 -0.0021 0.1083
vn 0.9889 0.0005 0.1485
vn 0.9844 -0.1501 0.0917
vn 0.9924 0.0465 0.1140
vn 0.9923 0.0463 0.1148
vn 0.9897 0.0589 0.1301
vn 0.9845 -0.1159 0.1314
vn 0.9415 -0.3225 0.0972
vn 0.9795 -0.1688 0.1102
vn 0.9774 -0.1378 0.1603
vn 0.9862 -0.1318 0.0998
vn 0.9912 0.0647 0.1156
vn 0.9868 -0.1142 0.1150
vn 0.9935 0.1142 0.0008
vn 0.9954 0.0932 -0.0235
vn 0.9917 0.0979 -0.0838
vn 0.9864 0.0345 -0.1608
vn 0.9764 0.0422 -0.2117
vn 0.9620 0.0029 -0.2731
vn 0.9262 0.0339 -0.3754
vn 0.9114 0.0027 -0.4115
vn 0.9156 -0.1285 -0.3811
vn 0.8988 -0.1539 -0.4105
vn 0.8585 -0.3042 -0.4129
vn 0.8599 -0.3209 -0.3969
vn 0.9047 -0.3268 -0.2733
vn 0.8978 -0.3368 -0.2837
vn 0.9185 -0.3690 -0.1425
vn 0.9348 -0.3378 -0.1100
vn 0.9406 -0.3357 -0.0509
vn 0.9571 -0.2896 -0.0019
vn 0.9567 -0.2909 -0.0096
vn 0.9525 -0.3045 0.0056
vn 0.9957 -0.0846 0.0364
vn 0.9956 -0.0872 0.0335
vn 0.9918 -0.1121 -0.0617
vn 0.9738 -0.1513 -0.1697
vn 0.9502 -0.1740 -0.2587
vn 0.9421 -0.1211 -0.3128
vn 0.9841 -0.1130 -0.1369
vn 0.9971 -0.0731 -0.0206
vn 0.9924 0.1116 0.0517
vn 0.9926 0.1105 0.0504
vt 1071.936646 1338.321289
vt 1070.079834 1317.158203
vt 1090.995483 1334.378540
vt 1082.606201 1351.889526
vt 1061.038330 1356.278198
vt 1083.356445 1374.685913
vt 1105.524780 1356.331299
vt 1107.692627 1380.546875
vt 1093.754028 1393.139526
vt 1074.542114 1402.959839
vt 1058.332886 1383.249268
vt 1050.686035 1405.097290
vt 1060.281250 1425.482666
vt 1039.128174 1424.426758
vt 1030.854614 1403.857178
vt 1041.316406 1389.886719
vt 1027.995361 1386.757446
vt 1038.222656 1370.393799
vt 1037.550049 1344.835938
vt 1020.097778 1357.392700
vt 1017.044678 1333.559692
vt 1000.820435 1351.301880
vt 1006.930298 1370.673828
vt 985.205322 1375.854370
vt 979.945679 1344.794434
vt 997.054993 1326.441040
vt 979.789124 1323.443359
vt 956.885925 1334.243042
vt 972.831055 1307.281006
vt 992.997009 1304.563965
vt 952.434387 1310.327637
vt 961.470215 1357.823975
vt 1013.091064 1302.019165
vt 1034.039673 1320.645996
vt 1032.986206 1299.623291
vt 1048.958740 1313.236450
vt 1054.122925 1331.684204
vt 1052.976685 1297.194092
vt 1073.132935 1294.875977
vt 1097.855957 1310.018555
vt 1093.583618 1292.776001
vt 1114.339600 1290.876587
vt 1125.485962 1308.804810
vt 1118.418579 1332.422852
vt 1142.291260 1324.866089
vt 1140.342529 1341.230957
vt 1163.923584 1339.277222
vt 1150.523315 1358.842896
vt 1128.337769 1351.581421
vt 1128.395142 1370.074585
vt 1151.253418 1381.607544
vt 1173.113647 1373.906250
vt 1178.614746 1391.587524
vt 1149.139893 1403.404053
vt 1162.982178 1417.477051
vt 1141.661377 1425.440552
vt 1131.233154 1412.863403
vt 1127.305786 1393.687012
vt 1114.176392 1413.223755
vt 1107.790039 1397.900269
vt 1095.148315 1411.327271
vt 1099.754395 1435.016357
vt 1080.128662 1427.557983
vt 1082.526978 1447.156006
vt 1068.778564 1443.471558
vt 1072.195312 1468.357422
vt 1049.654663 1448.478516
vt 1052.512329 1475.326782
vt 1029.471680 1460.665771
vt 1027.441284 1440.424683
vt 1017.748413 1421.504517
vt 1003.519714 1445.599487
vt 998.581238 1418.661011
vt 1009.194458 1394.538330
vt 987.822632 1404.125366
vt 971.052429 1404.061646
vt 966.181213 1381.068115
vt 976.069641 1427.092285
vt 981.419067 1450.196289
vt 986.842712 1473.214478
vt 1012.838013 1470.390503
vt 1032.743042 1482.350464
vt 1012.775574 1489.405029
vt 992.313416 1496.376099
vt 1091.889648 1461.499268
vt 1111.675903 1454.750854
vt 1121.947266 1431.271729
vt 1131.571899 1448.004395
vt 1151.528442 1441.147095
vt 1171.444458 1434.133057
vt 1184.626953 1409.290283
vt 1191.216675 1426.974609
vt 1168.241821 1356.480103
vt 1160.500366 1322.216431
vt 1146.276123 1306.306030
vt 1158.033447 1305.353760
vt 1156.280518 1287.822021
vt 1135.327881 1289.261963
vt 1020.406555 1375.675537
vt 163.962952 1889.818115
vt 143.708023 1891.170532
vt 165.553940 1871.914551
vt 184.475739 1888.203125
vt 190.730927 1867.540283
vt 205.260559 1886.362793
vt 212.672318 1865.588379
vt 199.888260 1845.898804
vt 226.980988 1845.014648
vt 227.969284 1864.719360
vt 226.205200 1884.236206
vt 246.432358 1864.186157
vt 247.049103 1881.923584
vt 246.787781 1845.096680
vt 247.847656 1825.139648
vt 227.171860 1824.868530
vt 206.460052 1824.934937
vt 185.960617 1825.236694
vt 177.264359 1847.419312
vt 165.670975 1825.609619
vt 156.054123 1848.840942
vt 145.514450 1825.941162
vt 139.435532 1852.270874
vt 142.720276 1870.597290
vt 127.677765 1867.575073
vt 123.564026 1892.396606
vt 107.570595 1874.405151
vt 125.110519 1849.304932
vt 105.346062 1849.909424
vt 84.585678 1873.090454
vt 84.649582 1850.014526
vt 105.218567 1826.509766
vt 125.375984 1826.240601
vt 85.023438 1826.750244
vt 64.248894 1850.343140
vt 63.753643 1873.370483
vt 43.284828 1873.817749
vt 42.573318 1896.559448
vt 63.005753 1895.785767
vt 83.330498 1894.799683
vt 43.960033 1850.738037
vt 64.812584 1826.991211
vt 44.651424 1827.265381
vt 103.557266 1893.664917
vt 1531.119019 1068.910278
vt 1509.834839 1068.832397
vt 1527.941772 1046.737061
vt 1553.564331 1067.748047
vt 1531.073730 1091.131714
vt 1552.744873 1098.663208
vt 1573.799194 1092.696777
vt 1564.939575 1122.558350
vt 1539.505371 1118.871338
vt 1544.609009 1145.364746
vt 1525.181885 1137.841553
vt 1517.623291 1116.425659
vt 1510.075073 1095.620117
vt 1496.240601 1110.760864
vt 1501.544556 1140.067383
vt 1476.686646 1122.995361
vt 1476.302246 1097.350586
vt 1493.180542 1087.098267
vt 1476.938599 1077.846069
vt 1487.557983 1067.805786
vt 1488.336304 1047.589478
vt 1467.836670 1055.411621
vt 1468.339722 1026.173706
vt 1447.300659 1028.245483
vt 1446.662598 1059.630981
vt 1428.471069 1055.173706
vt 1426.152222 1030.431274
vt 1430.832275 1079.863770
vt 1458.943481 1079.123291
vt 1454.937744 1102.999023
vt 1433.240845 1104.558594
vt 1453.313110 1132.675293
vt 1476.486084 1151.064697
vt 1457.202881 1162.010132
vt 1438.125854 1154.121338
vt 1435.671631 1129.326294
vt 1440.652344 1178.955322
vt 1459.578491 1178.676392
vt 1473.632324 1175.743164
vt 1465.741089 1197.560181
vt 1486.006348 1193.204102
vt 1488.890503 1224.758179
vt 1467.360962 1226.924683
vt 1443.187622 1203.862793
vt 1445.683472 1228.856567
vt 1505.830444 1196.167847
vt 1510.252563 1222.406860
vt 1532.723755 1198.742188
vt 1531.493042 1219.855103
vt 1552.667480 1217.037354
vt 1558.384888 1195.902954
vt 1549.115234 1172.913086
vt 1570.939331 1179.088867
vt 1567.935059 1153.621948
vt 1590.168457 1166.599609
vt 1589.725220 1193.409668
vt 1612.266846 1182.582275
vt 1615.274292 1207.217651
vt 1635.676758 1203.656006
vt 1631.961060 1170.825684
vt 1652.861572 1176.552734
vt 1655.517578 1200.174072
vt 1650.257446 1153.032104
vt 1629.642212 1154.070435
vt 1612.158203 1155.067871
vt 1625.285522 1137.190552
vt 1607.960693 1137.525513
vt 1605.911133 1120.564453
vt 1590.408447 1137.882568
vt 1586.996826 1112.162109
vt 1601.910278 1088.914429
vt 1625.365845 1111.005371
vt 1627.860107 1084.390015
vt 1615.342041 1058.979004
vt 1638.644043 1059.097412
vt 1635.328125 1035.270508
vt 1610.109863 1033.812866
vt 1595.670410 1046.879639
vt 1592.380249 1014.986755
vt 1612.339966 1013.291504
vt 1574.875732 1041.529175
vt 1583.009155 1067.104980
vt 1551.989990 1035.268311
vt 1572.105469 1016.703003
vt 1551.606201 1018.479614
vt 1530.978882 1020.315857
vt 1510.191772 1022.197205
vt 1505.439087 1042.083008
vt 1489.314209 1024.131226
vt 1598.735474 1065.309326
vt 1631.902222 1011.336792
vt 1641.816284 1082.650269
vt 1644.748535 1105.967285
vt 1647.607788 1129.430298
vt 1594.551392 1210.679688
vt 1573.700684 1213.967041
vt 1572.878662 1195.212769
vt 1521.953979 1166.189941
vt 1494.554443 1170.778687
vt 65.508240 1790.753906
vt 44.352161 1792.173950
vt 65.233170 1774.700073
vt 86.592239 1789.268555
vt 86.902550 1759.546753
vt 64.645935 1748.975586
vt 43.673504 1767.632324
vt 42.998768 1742.848877
vt 63.524502 1716.676880
vt 86.017792 1732.658691
vt 84.625221 1715.509888
vt 105.631241 1714.432373
vt 111.337189 1741.499512
vt 126.555069 1713.347046
vt 136.853088 1736.549438
vt 147.409241 1712.248047
vt 158.138153 1733.734131
vt 149.125000 1755.078247
vt 130.341370 1762.591797
vt 149.327988 1784.583740
vt 172.889084 1757.743286
vt 169.980148 1782.952759
vt 190.473129 1781.280640
vt 196.367691 1760.233521
vt 195.854645 1734.441284
vt 213.315414 1747.060059
vt 210.732208 1779.600708
vt 231.143661 1752.878784
vt 230.695694 1777.967163
vt 250.645676 1753.739502
vt 250.492233 1776.560913
vt 250.670731 1730.663452
vt 231.778580 1728.627563
vt 250.679276 1707.281128
vt 230.048615 1708.106323
vt 215.858566 1725.605957
vt 209.442108 1709.069458
vt 188.818100 1710.111572
vt 176.466827 1729.528809
vt 168.151871 1711.182739
vt 128.521683 1786.202271
vt 108.415329 1771.136230
vt 107.617653 1787.783325
vt 42.398464 1717.815918
vt 663.022278 384.077057
vt 675.412476 367.063385
vt 683.804443 394.192047
vt 662.090393 409.320892
vt 650.737732 401.248352
vt 638.593079 418.503479
vt 654.666504 433.844055
vt 626.575317 435.733765
vt 643.612915 447.146271
vt 656.622742 455.849884
vt 636.378052 463.105194
vt 656.679688 478.581512
vt 637.323181 491.153992
vt 657.405640 503.676819
vt 636.670166 516.310730
vt 658.018311 529.167236
vt 634.958313 540.432129
vt 613.717590 527.689880
vt 617.016968 504.081665
vt 593.727661 514.813293
vt 600.212341 493.301270
vt 618.252258 479.300018
vt 602.517212 469.864716
vt 614.586731 452.851837
vt 590.343933 486.826324
vt 578.100342 503.845490
vt 565.767029 521.053772
vt 586.508484 538.181702
vt 553.433411 538.653625
vt 573.196289 550.909485
vt 593.013611 563.075500
vt 612.360229 551.414246
vt 612.747437 575.135864
vt 633.238281 563.952209
vt 655.488037 553.761414
vt 651.983948 576.372925
vt 670.371033 568.025879
vt 684.477417 544.987366
vt 690.199646 577.578064
vt 669.425659 587.922302
vt 683.130127 598.881531
vt 700.461975 601.517273
vt 685.379028 618.424683
vt 668.767395 608.618530
vt 704.569641 621.677429
vt 711.378235 608.773132
vt 714.573059 602.730286
vt 712.804932 582.155457
vt 721.290955 589.950928
vt 728.087097 577.109436
vt 724.980835 566.421387
vt 731.222107 571.203979
vt 737.970215 558.567261
vt 730.004639 549.729370
vt 741.217834 552.520386
vt 744.600403 546.230103
vt 737.684143 527.989746
vt 751.247559 533.945740
vt 754.714417 527.572021
vt 752.679749 508.465607
vt 761.346619 515.455200
vt 768.044312 503.276215
vt 764.587524 491.963989
vt 771.497681 497.011810
vt 778.315063 484.692413
vt 769.819946 471.402405
vt 781.682800 478.606873
vt 788.863281 465.647308
vt 784.955872 451.215088
vt 791.875305 460.222198
vt 800.854492 443.992493
vt 800.567871 440.993225
vt 802.061462 441.803101
vt 779.974121 429.569611
vt 762.243347 446.318634
vt 761.178284 419.022491
vt 750.218689 436.317719
vt 738.919556 429.024200
vt 743.071594 408.722137
vt 722.248230 418.947693
vt 725.453369 398.451538
vt 704.202759 408.735260
vt 708.301392 388.136566
vt 691.592468 377.698029
vt 682.201843 424.274475
vt 704.207092 428.346313
vt 694.983032 449.432526
vt 719.002197 440.062134
vt 716.765991 463.419525
vt 696.228088 476.940308
vt 675.505920 466.269257
vt 672.738831 445.957489
vt 676.624634 490.303894
vt 696.233093 500.227356
vt 718.923157 491.014709
vt 708.364624 506.796112
vt 718.933655 514.911194
vt 699.952148 519.947266
vt 713.508545 536.360962
vt 678.693298 514.948364
vt 709.443665 559.597778
vt 735.067871 505.959198
vt 746.622437 486.668671
vt 734.227173 471.572906
vt 750.409546 465.439453
vt 738.712830 450.473999
vt 701.231689 627.812683
vt 651.000305 598.103149
vt 632.187561 586.870728
vt 1777.708252 175.996979
vt 1791.807983 199.806747
vt 1767.791626 195.985077
vt 1746.511719 168.771072
vt 1745.870483 202.942154
vt 1722.370605 186.658371
vt 1714.490234 159.897781
vt 1724.982422 141.410553
vt 1748.096924 135.022583
vt 1724.806152 118.276001
vt 1747.622070 103.366386
vt 1717.128418 94.905174
vt 1700.480835 108.170898
vt 1688.888062 86.593048
vt 1670.860352 98.056824
vt 1691.020508 125.190506
vt 1668.997925 130.058273
vt 1690.260010 148.795563
vt 1664.776611 164.042694
vt 1696.816650 175.226562
vt 1706.055908 140.218628
vt 1683.997070 194.645294
vt 1705.438965 200.674728
vt 1695.009033 214.503510
vt 1679.379028 219.312210
vt 1662.732788 198.077530
vt 1661.093994 226.442978
vt 1645.842163 206.724243
vt 1641.440918 179.150970
vt 1630.305542 153.926666
vt 1614.819946 166.602859
vt 1599.293945 146.408112
vt 1617.216675 133.881531
vt 1644.758301 135.350220
vt 1635.081665 121.701614
vt 1652.938232 109.771179
vt 1630.376343 186.696518
vt 1675.959839 245.518097
vt 1696.982666 238.478088
vt 1690.002075 263.670593
vt 1706.898193 260.570679
vt 1721.213013 244.033051
vt 1721.859985 274.406250
vt 1703.287964 280.754639
vt 1716.350708 297.156433
vt 1728.292847 288.886963
vt 1734.928711 284.144073
vt 1740.309937 262.816711
vt 1746.233154 275.906036
vt 1752.402100 271.347198
vt 1758.221558 254.545654
vt 1763.472534 263.135712
vt 1774.595093 254.838898
vt 1771.663452 240.491058
vt 1780.492432 250.425034
vt 1786.378296 246.008179
vt 1788.677979 224.707428
vt 1797.432861 237.656754
vt 1808.652344 229.078644
vt 1808.222046 215.551117
vt 1814.250854 224.758270
vt 1825.501831 216.048996
vt 1819.702515 197.910400
vt 1830.963623 211.776093
vt 1836.479248 207.442856
vt 1839.720703 185.229523
vt 1847.536377 198.671860
vt 1852.890015 194.412125
vt 1856.462769 171.995712
vt 1863.914185 185.595978
vt 1869.127930 181.449478
vt 1869.352051 157.847015
vt 1880.101196 172.802490
vt 1858.124756 142.172668
vt 1841.184937 155.436417
vt 1846.100586 125.379036
vt 1822.501831 136.746460
vt 1821.777344 168.191757
vt 1803.507690 153.752792
vt 1798.316406 131.429443
vt 1810.678589 112.099876
vt 1833.282227 107.576324
vt 1819.924927 89.176544
vt 1798.051392 93.052193
vt 1806.239014 70.504707
vt 1784.466064 74.783867
vt 1792.460083 51.762100
vt 1774.463135 60.945896
vt 1761.030029 43.357857
vt 1760.040161 73.328743
vt 1743.133423 53.801708
vt 1733.340942 77.633781
vt 1725.044556 64.499153
vt 1706.969604 75.410408
vt 1775.894043 97.460960
vt 1774.089355 125.659706
vt 1791.352173 112.385773
vt 1787.008545 145.249771
vt 1770.321411 152.245361
vt 1788.123169 161.164612
vt 1800.850220 176.599350
vt 1778.525146 33.178730
vt 1778.625732 209.783646
vt 1766.491333 218.084656
vt 1747.008057 234.046082
vt 1725.200928 214.792664
vt 1708.918213 222.087677
vt 1709.580688 126.597290
vt 468.721283 133.120499
vt 460.148895 150.677826
vt 442.464600 145.346313
vt 451.961029 119.959320
vt 484.275238 102.183533
vt 462.053619 93.668839
vt 486.352753 86.613792
vt 491.086487 89.094246
vt 471.636932 78.964378
vt 465.571136 75.850014
vt 442.559052 82.851891
vt 433.023560 108.505478
vt 412.528259 94.487114
vt 408.296051 122.012924
vt 422.982208 135.666397
vt 389.154938 151.337646
vt 416.456146 164.560532
vt 390.229767 191.953156
vt 420.427002 194.837021
vt 397.078033 220.949448
vt 422.635590 233.005310
vt 434.382050 206.309540
vt 446.706879 179.284286
vt 436.884796 167.053131
vt 397.749573 246.468597
vt 410.893677 260.422577
vt 386.198883 275.195923
vt 398.530304 290.125763
vt 390.563690 310.274384
vt 369.886627 301.800690
vt 363.519379 274.527527
vt 372.532410 242.624557
vt 340.737793 259.781921
vt 353.113525 235.259781
vt 363.055634 212.406143
vt 337.236938 226.511444
vt 341.915222 191.818756
vt 368.057587 181.625885
vt 357.590240 159.714752
vt 367.182800 135.245422
vt 386.370636 117.582535
vt 357.623932 110.583458
vt 346.081696 135.901825
vt 385.295685 89.783234
vt 368.877777 85.927803
vt 379.841736 61.915600
vt 406.837341 67.013008
vt 426.921906 70.725349
vt 420.225952 53.111965
vt 433.292480 59.584450
vt 446.330750 66.092949
vt 452.401184 69.159477
vt 414.391357 50.229977
vt 408.657593 47.499992
vt 396.207916 41.222610
vt 390.870056 38.545918
vt 334.464508 161.564835
vt 322.866364 187.470673
vt 311.365540 213.629318
vt 380.374023 216.979050
vt 314.356232 246.724075
vt 300.030884 239.811981
vt 288.708282 266.138458
vt 308.628723 275.126678
vt 328.811737 284.156555
vt 349.235901 293.082489
vt 601.288147 1592.104492
vt 619.973694 1591.540649
vt 615.773315 1611.773438
vt 600.729736 1616.040771
vt 621.462463 1641.912109
vt 600.230469 1639.700073
vt 634.798462 1617.072144
vt 642.817017 1644.221069
vt 665.520020 1620.699463
vt 642.520386 1591.867920
vt 622.748169 1567.896118
vt 644.819153 1566.673340
vt 667.074951 1585.804077
vt 666.974365 1561.515991
vt 689.591736 1570.903931
vt 694.319946 1601.024780
vt 693.590271 1629.520386
vt 685.795227 1648.881470
vt 707.428284 1651.284912
vt 716.744324 1625.299683
vt 729.153137 1653.706543
vt 738.111816 1635.462646
vt 750.953125 1656.124268
vt 756.651184 1633.533081
vt 772.818054 1658.564941
vt 780.073914 1630.922852
vt 794.712708 1661.044922
vt 801.381409 1640.963135
vt 816.638733 1663.575806
vt 816.876709 1636.965576
vt 799.614258 1612.209106
vt 817.071350 1610.578613
vt 817.311523 1584.319214
vt 789.551392 1581.394409
vt 795.916626 1556.712646
vt 774.296631 1555.359741
vt 774.502014 1580.146362
vt 758.745667 1584.099609
vt 752.744263 1553.975586
vt 735.127625 1578.871948
vt 731.238708 1552.570679
vt 712.694336 1575.371948
vt 709.790039 1551.128906
vt 688.391846 1549.638428
vt 718.944885 1597.872437
vt 739.981384 1609.350952
vt 761.667603 1611.418945
vt 776.843018 1599.948120
vt 817.608643 1558.143555
vt 664.269104 1646.533447
vt 667.021484 1548.100708
vt 645.632507 1546.541382
vt 624.210022 1545.054443
vt 602.675598 1543.731201
vt 601.939758 1567.998047
vt 1307.658936 842.454285
vt 1295.486450 841.395569
vt 1296.532349 824.659912
vt 1316.669556 818.095276
vt 1329.175537 843.670837
vt 1312.768311 867.848328
vt 1293.836182 857.214844
vt 1288.837158 887.227905
vt 1273.911743 862.072327
vt 1262.769531 887.548401
vt 1251.160645 861.414001
vt 1243.226685 884.310364
vt 1226.191284 864.481628
vt 1236.998535 831.600708
vt 1214.018066 834.273438
vt 1204.178345 858.828308
vt 1196.937134 831.698547
vt 1201.107544 807.219299
vt 1217.944946 811.498291
vt 1205.047607 782.877686
vt 1231.497559 801.124695
vt 1228.297119 784.483826
vt 1244.770752 785.540283
vt 1253.807495 809.809937
vt 1262.828979 836.966492
vt 1277.197388 814.959412
vt 1283.356934 839.891602
vt 1298.109253 789.573486
vt 1268.094116 787.193298
vt 1279.057495 760.303284
vt 1300.059082 753.176025
vt 1320.348145 764.130066
vt 1314.700439 735.388367
vt 1300.852295 733.949707
vt 1301.422363 711.975708
vt 1324.010010 709.467407
vt 1341.940674 738.123230
vt 1342.843628 705.633545
vt 1360.389771 709.979492
vt 1370.653809 737.476013
vt 1361.720703 766.830994
vt 1340.881348 774.867554
vt 1326.377563 792.589905
vt 1340.639771 793.802307
vt 1340.926758 814.175781
vt 1353.754517 793.006958
vt 1362.008789 813.929626
vt 1356.321533 842.510376
vt 1339.130859 875.295044
vt 1362.426758 869.954224
vt 1358.878906 901.077942
vt 1337.107544 900.253540
vt 1316.554565 899.554565
vt 1333.865112 924.440735
vt 1312.506348 921.569031
vt 1291.195435 918.745483
vt 1269.925415 915.989014
vt 1355.265503 927.327820
vt 1376.724121 930.251648
vt 1385.748169 904.262878
vt 1398.292480 933.122192
vt 1399.404663 905.870117
vt 1400.492920 878.621765
vt 1380.950684 876.533997
vt 1401.529541 851.355469
vt 1376.826416 853.354126
vt 1382.686401 825.270325
vt 1402.523926 824.117004
vt 1403.542969 796.965271
vt 1375.305298 793.368286
vt 1387.365356 763.356689
vt 1404.505615 770.126343
vt 1405.424438 743.866150
vt 1390.380127 734.823547
vt 1406.327148 718.276367
vt 1382.330078 711.244507
vt 1392.083252 692.830261
vt 1407.238525 693.146606
vt 1385.913086 692.731689
vt 1370.769653 692.442200
vt 1364.716309 692.335938
vt 1349.537476 692.024658
vt 1343.579346 691.909607
vt 1337.577881 691.789551
vt 1322.474121 691.445679
vt 1307.246338 691.103638
vt 1301.406006 690.981323
vt 1295.492920 690.861755
vt 1280.490234 708.682495
vt 1287.814941 734.045471
vt 1265.870117 734.717102
vt 1258.279297 707.589050
vt 1274.506958 690.390808
vt 1280.406372 690.502502
vt 1259.564331 690.030457
vt 1253.689453 689.904846
vt 1237.871826 703.843323
vt 1235.451294 735.137329
vt 1215.724365 711.521545
vt 1224.552002 688.887146
vt 1239.016357 689.510071
vt 1218.968018 688.789856
vt 1212.295898 734.746155
vt 1208.781738 758.523499
vt 1229.817749 768.041748
vt 1254.169312 761.891907
vt 1192.761353 856.127869
vt 1188.619995 880.435913
vt 1206.079956 885.290955
vt 1184.610596 904.914917
vt 1206.093872 907.857178
vt 1226.369263 894.356750
vt 1227.386841 910.610962
vt 1248.671509 913.292969
vt 1729.075195 1484.208984
vt 1730.220947 1504.994385
vt 1703.184082 1505.080322
vt 1707.118896 1479.639282
vt 1685.233154 1475.362793
vt 1677.446045 1504.585938
vt 1656.875732 1494.015503
vt 1661.332153 1523.846191
vt 1681.812378 1522.906616
vt 1674.188232 1545.435669
vt 1694.413330 1533.427734
vt 1693.631470 1556.668701
vt 1668.466309 1579.911865
vt 1647.059448 1553.459473
vt 1645.543701 1577.822388
vt 1623.073242 1575.360229
vt 1627.446167 1547.883789
vt 1632.156982 1520.837036
vt 1691.868896 1581.210449
vt 1712.348877 1564.086182
vt 1720.932617 1534.460449
vt 1740.609985 1564.370728
vt 1715.594238 1581.695068
vt 1739.405518 1581.648926
vt 1744.317993 1532.874268
vt 1747.183594 1511.643066
vt 1750.900513 1488.983032
vt 1637.090820 1494.033691
vt 1641.958008 1467.286377
vt 1663.505005 1471.285034
vt 1432.555298 48.934723
vt 1419.597412 75.277855
vt 1417.935913 50.214798
vt 1444.391235 66.670067
vt 1441.709106 96.249428
vt 1421.272461 100.836678
vt 1439.273560 129.456055
vt 1422.975464 127.074844
vt 1424.739624 153.873184
vt 1439.705444 158.375443
vt 1426.565918 181.001633
vt 1448.551025 175.837540
vt 1448.754639 207.901276
vt 1428.362305 208.207626
vt 1430.197754 235.440231
vt 1446.193604 239.789169
vt 1432.074829 262.649200
vt 1454.339355 257.738708
vt 1455.453857 289.926880
vt 1433.943359 289.855652
vt 1472.321289 261.230469
vt 1464.386475 234.820847
vt 1486.553101 233.787262
vt 1475.959595 208.398453
vt 1467.980103 180.167923
vt 1487.965820 185.984543
vt 1486.372559 151.210770
vt 1458.162354 152.127411
vt 1464.989380 118.127800
vt 1484.188965 120.142662
vt 1501.028564 120.676880
vt 1514.642456 149.863708
vt 1510.048828 182.997452
vt 1532.725220 176.123505
vt 1529.903076 148.125381
vt 1527.060181 120.496437
vt 1535.442261 204.366806
vt 1514.094971 206.143433
vt 1498.068237 207.787750
vt 1512.218262 229.540573
vt 1494.346436 260.937042
vt 1517.572510 260.784058
vt 1498.892212 289.986511
vt 1477.125366 289.983124
vt 1520.748901 289.939575
vt 1540.413208 261.271576
vt 1538.008789 232.818024
vt 1542.714722 289.844940
vt 1509.679565 92.335518
vt 1483.348511 90.349747
vt 1500.617676 62.280632
vt 1521.292114 67.351677
vt 1524.169434 93.549545
vt 1518.149902 41.664619
vt 1502.860718 42.704197
vt 1487.660156 43.969872
vt 1480.660278 58.459919
vt 1481.198364 44.570797
vt 1466.263428 45.904079
vt 1464.110718 63.250740
vt 1459.875977 87.090393
vt 1453.534180 47.065063
vt 1459.908081 46.476967
vt 1438.824219 48.362274
vt 1835.327393 1316.839111
vt 1835.669678 1344.105591
vt 1817.852295 1348.585083
vt 1805.239868 1316.128418
vt 1813.214478 1288.598267
vt 1791.385620 1287.591309
vt 1781.951416 1313.306641
vt 1769.636963 1286.625610
vt 1761.367310 1312.641602
vt 1747.982788 1285.704590
vt 1742.904419 1317.039307
vt 1726.085938 1310.950684
vt 1725.663574 1337.208374
vt 1752.973389 1337.922241
vt 1744.396484 1359.418091
vt 1771.153687 1365.853027
vt 1746.908081 1392.105103
vt 1725.185791 1363.593872
vt 1724.726196 1390.242188
vt 1769.069092 1393.956665
vt 1791.220093 1395.793457
vt 1800.876465 1371.383545
vt 1813.339355 1397.553711
vt 1820.605591 1377.710693
vt 1835.412842 1399.315063
vt 1835.742065 1371.539917
vt 1791.522461 1341.697754
vt 1771.910522 1334.496338
vt 1726.461304 1284.791748
vt 1835.093750 1289.653076
vt 59.645428 150.679855
vt 51.073151 133.122299
vt 77.328018 145.348373
vt 82.907906 167.055420
vt 73.087303 179.286438
vt 99.364944 194.839569
vt 85.411964 206.311951
vt 97.156837 233.007690
vt 122.713135 220.951950
vt 129.560333 191.955688
vt 103.334755 164.563065
vt 130.634460 151.340363
vt 96.808990 135.668625
vt 67.831696 119.961136
vt 86.767815 108.507408
vt 57.738560 93.670776
vt 35.518066 102.185753
vt 33.440182 86.615898
vt 28.707069 89.096458
vt 48.156273 78.966255
vt 54.221634 75.851768
vt 77.232430 82.853676
vt 67.391838 69.161041
vt 73.461868 66.094406
vt 92.869186 70.726837
vt 107.261894 94.489090
vt 111.494041 122.015228
vt 133.418106 117.585220
vt 152.605087 135.248428
vt 162.197205 159.718109
vt 173.704239 135.905258
vt 185.320984 161.568527
vt 177.871201 191.822403
vt 151.730804 181.628952
vt 156.732071 212.409439
vt 182.548813 226.515366
vt 166.673859 235.263351
vt 147.256561 242.627731
vt 179.048553 259.785919
vt 156.268372 274.531067
vt 170.550079 293.086304
vt 149.900421 301.804291
vt 133.590836 275.198761
vt 129.224289 310.276855
vt 121.261024 290.128143
vt 108.898315 260.424835
vt 122.041161 246.471191
vt 139.415466 216.981949
vt 190.973236 284.160919
vt 211.155518 275.131226
vt 205.428574 246.728317
vt 208.418808 213.633621
vt 219.751740 239.816544
vt 231.074493 266.143311
vt 196.918045 187.474670
vt 162.163391 110.586517
vt 134.493179 89.785744
vt 150.909210 85.930786
vt 139.947418 61.918236
vt 112.952606 67.014801
vt 111.134575 47.500843
vt 105.401215 50.230946
vt 99.566727 53.113037
vt 86.500267 59.585701
vt 123.584625 41.223309
vt 128.921951 38.546616
vt 238.864807 1594.540894
vt 257.550323 1595.104492
vt 243.065170 1614.773560
vt 224.040070 1620.072388
vt 237.375763 1644.912231
vt 258.108734 1619.040894
vt 258.607513 1642.700195
vt 216.021484 1647.221313
vt 193.318604 1623.699707
vt 216.318192 1594.868286
vt 191.763702 1588.804321
vt 164.518845 1604.025024
vt 169.247055 1573.904175
vt 146.144623 1578.372192
vt 149.048889 1554.129028
vt 127.600304 1555.570923
vt 123.711433 1581.872070
vt 139.894073 1600.872681
vt 118.857742 1612.351074
vt 142.094589 1628.299927
vt 165.248535 1632.520630
vt 151.410492 1654.285156
vt 129.685776 1656.706787
vt 120.727226 1638.462891
vt 107.885994 1659.124512
vt 102.188042 1636.533325
vt 86.021278 1661.565308
vt 78.765511 1633.922974
vt 97.171669 1614.419067
vt 100.093552 1587.099731
vt 81.996353 1602.948364
vt 84.337311 1583.146484
vt 69.288055 1584.394531
vt 84.542511 1558.359863
vt 62.922573 1559.712891
vt 41.528244 1587.319702
vt 59.225380 1615.209351
vt 41.768379 1613.578857
vt 41.963154 1639.965820
vt 57.458210 1643.963379
vt 42.200855 1666.575928
vt 64.126793 1664.045166
vt 41.230469 1561.144043
vt 106.094856 1556.975708
vt 173.043564 1651.881714
vt 194.569595 1649.533691
vt 170.447021 1552.638672
vt 191.864304 1564.516235
vt 191.817307 1551.101074
vt 213.206039 1549.541870
vt 214.019394 1569.673706
vt 234.628204 1548.054810
vt 236.090164 1570.896362
vt 256.162262 1546.731201
vt 256.898376 1570.998047
vt 1584.363647 850.396667
vt 1572.191406 851.455444
vt 1583.317627 833.660889
vt 1596.492676 848.892639
vt 1586.013916 866.216064
vt 1605.937988 871.073364
vt 1591.012817 896.229187
vt 1567.082031 876.849670
vt 1550.675049 852.672241
vt 1563.180664 827.096497
vt 1538.923706 823.177185
vt 1523.529175 851.511902
vt 1540.719604 884.296509
vt 1517.423950 878.955811
vt 1520.971680 910.079651
vt 1498.900391 885.535645
vt 1503.024658 862.355713
vt 1478.321899 860.357117
vt 1497.164673 834.271912
vt 1517.842041 822.931091
vt 1504.545898 802.369751
vt 1476.308472 805.966919
vt 1492.485596 772.358276
vt 1518.129883 775.832336
vt 1509.196289 746.477417
vt 1537.909180 747.124390
vt 1538.968994 783.868713
vt 1526.096313 802.008301
vt 1539.210571 802.803650
vt 1553.472290 801.591125
vt 1559.501709 773.131104
vt 1581.740479 798.574463
vt 1602.652344 823.960327
vt 1611.755371 796.194092
vt 1600.791870 769.304077
vt 1625.679932 770.892456
vt 1613.978760 743.717712
vt 1644.397583 744.137695
vt 1621.569458 716.589539
vt 1599.358643 717.683167
vt 1605.341919 699.391357
vt 1599.442505 699.503113
vt 1584.355835 699.862488
vt 1578.426636 720.976440
vt 1578.442749 699.982117
vt 1572.602661 700.104492
vt 1555.839233 718.468384
vt 1557.374756 700.446655
vt 1542.270874 700.790588
vt 1537.005493 714.634705
vt 1536.269531 700.910706
vt 1530.311523 701.025818
vt 1519.459717 718.980774
vt 1515.132568 701.337219
vt 1509.079346 701.443542
vt 1497.519775 720.245972
vt 1493.935791 701.733154
vt 1487.765625 701.831726
vt 1473.523560 727.278442
vt 1472.610474 702.148254
vt 1489.470581 743.825195
vt 1474.426880 752.867859
vt 1475.345947 779.127991
vt 1565.149292 744.389343
vt 1579.790405 762.177002
vt 1578.997070 742.950562
vt 1592.034058 743.046204
vt 1620.284546 699.030884
vt 1626.159424 698.905212
vt 1641.976807 712.843628
vt 1640.832397 698.510376
vt 1655.296753 697.887329
vt 1664.124146 720.521606
vt 1667.552734 743.746216
vt 1671.067261 767.523621
vt 1650.031372 777.042053
vt 1674.801392 791.877930
vt 1651.552002 793.484253
vt 1648.351807 810.125305
vt 1635.078613 794.540833
vt 1626.041992 818.810669
vt 1642.850830 840.601440
vt 1617.020508 845.967346
vt 1628.688721 870.414856
vt 1617.080322 896.549438
vt 1636.622803 893.311218
vt 1631.178223 922.293945
vt 1609.924438 924.990112
vt 1588.654541 927.746765
vt 1563.295532 908.555969
vt 1567.343628 930.570435
vt 1545.985229 933.442261
vt 1542.742798 909.255066
vt 1524.584839 936.329468
vt 1503.126221 939.253357
vt 1494.102539 913.264587
vt 1481.557861 942.123840
vt 1480.446533 914.871704
vt 1479.358521 887.623413
vt 1653.480103 903.357483
vt 1653.658081 873.482361
vt 1673.769043 894.291748
vt 1673.755371 916.858032
vt 1695.238037 913.916016
vt 1691.228516 889.436829
vt 1675.670654 867.828979
vt 1687.087036 865.128540
vt 1682.911499 840.699219
vt 1665.830933 843.274109
vt 1678.741089 816.219849
vt 1661.904053 820.498840
vt 1652.462646 919.611755
vt 1660.880493 697.789978
vt 1477.327393 833.118652
vt 415.751190 1512.994751
vt 416.896271 1492.209106
vt 442.786499 1513.080811
vt 425.039276 1542.461060
vt 398.790039 1519.643188
vt 395.072357 1496.983643
vt 401.655701 1540.874390
vt 405.362030 1572.370850
vt 433.622253 1572.087036
vt 430.376373 1589.696045
vt 454.101044 1589.211792
vt 452.338531 1564.669922
vt 477.502350 1587.913330
vt 471.780151 1553.437012
vt 498.907288 1561.460693
vt 484.634918 1531.847412
vt 513.808350 1528.838501
vt 489.091705 1502.016479
vt 508.874817 1502.034912
vt 504.009094 1475.287476
vt 482.463531 1479.285645
vt 460.736176 1483.363159
vt 468.522736 1512.586670
vt 464.156616 1530.907593
vt 451.557129 1541.428589
vt 438.851624 1487.639771
vt 518.518188 1555.885254
vt 522.892456 1583.361450
vt 500.423431 1585.823730
vt 406.565765 1589.649292
vt 1374.048096 75.278709
vt 1361.092041 48.934929
vt 1375.711304 50.215183
vt 1349.255615 66.670235
vt 1354.823364 48.362507
vt 1340.113159 47.065235
vt 1329.536865 63.250885
vt 1333.739380 46.477135
vt 1327.384155 45.904213
vt 1312.987671 58.460045
vt 1312.448975 44.570915
vt 1305.987549 43.969952
vt 1293.031006 62.280758
vt 1290.786743 42.704269
vt 1275.497681 41.664734
vt 1272.358032 67.352501
vt 1283.970093 92.335976
vt 1269.482056 93.550056
vt 1266.590210 120.496956
vt 1292.620972 120.677284
vt 1279.007202 149.864105
vt 1263.747925 148.125809
vt 1260.925415 176.123947
vt 1283.600830 182.997818
vt 1307.275879 151.211182
vt 1305.682617 185.984985
vt 1325.667358 180.168365
vt 1317.687988 208.399002
vt 1344.891846 207.901764
vt 1329.260864 234.821457
vt 1307.095215 233.787949
vt 1321.326538 261.231262
vt 1339.307251 257.739410
vt 1338.193237 289.927887
vt 1361.570801 262.649597
vt 1359.702881 289.856110
vt 1347.452515 239.789719
vt 1363.447266 235.440720
vt 1365.282715 208.208069
vt 1367.079346 181.002045
vt 1345.095459 175.837982
vt 1353.940674 158.375824
vt 1368.905273 153.873627
vt 1354.372681 129.456390
vt 1370.669189 127.075241
vt 1372.372559 100.837097
vt 1351.937134 96.249786
vt 1328.657715 118.128143
vt 1333.771362 87.090622
vt 1310.299927 90.349915
vt 1309.459351 120.142982
vt 1335.484985 152.127777
vt 1316.522827 289.984009
vt 1299.302368 260.937805
vt 1294.756714 289.987335
vt 1276.077271 260.784637
vt 1281.431274 229.541245
vt 1295.580444 207.788300
vt 1279.554810 206.143921
vt 1258.208618 204.367126
vt 1255.641479 232.818451
vt 1253.237793 261.271698
vt 1272.900757 289.940277
vt 1250.935425 289.845215
vt 392.796906 1352.107178
vt 393.138580 1324.840576
vt 410.612885 1356.586304
vt 392.725098 1379.541382
vt 407.859741 1385.712036
vt 427.587402 1379.384766
vt 415.125092 1405.555054
vt 393.052948 1407.316528
vt 437.243317 1403.794800
vt 457.308990 1373.854248
vt 459.393372 1401.957764
vt 481.553406 1400.106567
vt 484.064728 1367.419312
vt 503.274109 1371.594727
vt 503.734131 1398.243042
vt 502.796387 1345.209351
vt 475.488007 1345.923340
vt 485.556458 1325.040161
vt 467.094971 1320.642456
vt 480.478821 1293.705200
vt 502.373840 1318.951904
vt 501.999268 1292.792847
vt 458.825684 1294.626343
vt 446.512146 1321.307495
vt 437.077820 1295.592163
vt 423.224945 1324.129395
vt 436.941620 1349.698730
vt 456.552307 1342.497314
vt 415.249634 1296.599243
vt 393.371002 1297.654663
vt 949.711304 1891.169678
vt 929.455322 1889.819946
vt 927.864441 1871.915405
vt 950.697876 1870.596680
vt 969.853943 1892.395752
vt 965.739197 1867.574219
vt 985.845642 1874.404053
vt 989.859558 1893.663940
vt 1010.084961 1894.798828
vt 1008.829407 1873.089722
vt 1030.408325 1895.785400
vt 1029.660156 1873.370239
vt 1050.839478 1896.559570
vt 1050.127686 1873.818481
vt 1029.165039 1850.343140
vt 1008.765381 1850.013794
vt 1008.392029 1826.749390
vt 988.197388 1826.508423
vt 988.069702 1849.908325
vt 968.040405 1826.239258
vt 968.305847 1849.303833
vt 947.902588 1825.940186
vt 953.981873 1852.270142
vt 937.364014 1848.840820
vt 927.747009 1825.609253
vt 916.154480 1847.419678
vt 902.687927 1867.541016
vt 893.531433 1845.899170
vt 907.458252 1825.236694
vt 886.959534 1824.935059
vt 866.439819 1845.014893
vt 880.747131 1865.588867
vt 865.451050 1864.719238
vt 846.988708 1864.185059
vt 867.213440 1884.236084
vt 846.369995 1881.921509
vt 846.634338 1845.096680
vt 845.573364 1825.140625
vt 866.248291 1824.869019
vt 888.157776 1886.363403
vt 908.942444 1888.204346
vt 1028.602173 1826.991333
vt 1049.452881 1850.739258
vt 1048.762207 1827.266846
vt 1905.724243 1847.172974
vt 1884.568237 1845.753174
vt 1884.843872 1829.699097
vt 1906.403931 1822.631470
vt 1885.431519 1803.974609
vt 1863.174805 1814.545776
vt 1863.484741 1844.267700
vt 1841.661987 1826.135376
vt 1838.740234 1796.498657
vt 1864.059570 1787.657593
vt 1844.446045 1769.431396
vt 1865.452026 1770.508667
vt 1886.552734 1771.675781
vt 1907.078857 1797.847656
vt 1907.678711 1772.814819
vt 1823.522217 1768.346191
vt 1813.224487 1791.548706
vt 1802.668091 1767.247437
vt 1791.939453 1788.733643
vt 1781.925537 1766.182373
vt 1773.610840 1784.528564
vt 1761.259399 1765.111450
vt 1754.223145 1789.441040
vt 1740.635620 1764.069458
vt 1734.219238 1780.605835
vt 1720.029175 1763.106201
vt 1718.299316 1783.627441
vt 1699.398438 1762.281006
vt 1699.407349 1785.663086
vt 1718.934326 1807.878418
vt 1736.762451 1802.059814
vt 1739.345703 1834.600586
vt 1719.382080 1832.966675
vt 1699.432495 1808.738647
vt 1699.585571 1831.559570
vt 1753.710205 1815.233398
vt 1777.188721 1812.742920
vt 1759.604858 1836.280518
vt 1780.097778 1837.952393
vt 1800.749756 1839.583130
vt 1800.952637 1810.077637
vt 1819.736206 1817.591064
vt 1821.555786 1841.201660
vt 1842.459595 1842.782593
vt 1491.863159 1699.506104
vt 1490.362549 1679.229980
vt 1509.388062 1681.566650
vt 1512.423828 1707.003662
vt 1492.537354 1718.996948
vt 1513.187622 1720.134766
vt 1533.859985 1720.961304
vt 1533.906006 1700.860352
vt 1554.359741 1721.557739
vt 1556.495361 1699.995972
vt 1574.665894 1722.092773
vt 1577.222534 1701.925781
vt 1594.843872 1722.676514
vt 1595.883545 1702.550293
vt 1614.993652 1723.304443
vt 1614.539429 1701.852295
vt 1635.156494 1723.966553
vt 1634.193481 1701.660034
vt 1655.348999 1724.658325
vt 1654.298584 1701.952515
vt 1675.548584 1725.359375
vt 1674.548828 1702.394165
vt 1695.689819 1726.102905
vt 1694.901489 1702.856079
vt 1673.708862 1679.218384
vt 1653.288696 1678.948120
vt 1652.269653 1655.870239
vt 1672.873657 1656.083862
vt 1694.214722 1679.611206
vt 1693.548462 1656.380005
vt 1672.006958 1632.889282
vt 1651.181152 1632.764893
vt 1692.938599 1633.145996
vt 1630.508789 1632.719482
vt 1631.766235 1655.779419
vt 1609.902710 1632.778809
vt 1611.470703 1656.069580
vt 1589.316040 1632.885864
vt 1591.917847 1657.776245
vt 1568.690308 1633.047241
vt 1575.127075 1665.332520
vt 1554.288940 1655.833984
vt 1563.010132 1680.193726
vt 1580.666626 1685.831665
vt 1594.847412 1681.670288
vt 1537.587891 1674.180176
vt 1535.638794 1649.802612
vt 1547.885254 1633.232422
vt 1526.991699 1633.605957
vt 1512.670044 1652.252441
vt 1506.057129 1634.230347
vt 1485.195435 1634.985107
vt 1488.161743 1658.091553
vt 1613.180664 1679.355225
vt 1633.012695 1678.821045
vt 145.403717 1331.890015
vt 144.763214 1352.588989
vt 127.233055 1346.675171
vt 126.538834 1324.175049
vt 145.817413 1304.666626
vt 162.351654 1320.422241
vt 169.304688 1300.636597
vt 184.651611 1321.782837
vt 165.534393 1344.141113
vt 188.796616 1348.051636
vt 177.239334 1366.353516
vt 155.826187 1369.504761
vt 170.779266 1388.824463
vt 190.696259 1382.420532
vt 193.592377 1364.995117
vt 207.534637 1372.552246
vt 204.308838 1355.433960
vt 207.081299 1336.014404
vt 223.680023 1356.219482
vt 229.703949 1329.333496
vt 248.036270 1348.721313
vt 241.594666 1370.312378
vt 265.672852 1370.173462
vt 243.612122 1394.283569
vt 266.673004 1398.651001
vt 249.613968 1420.126465
vt 271.576172 1425.036011
vt 253.618912 1441.826416
vt 262.718353 1448.232300
vt 253.746826 1471.384521
vt 231.227448 1443.581543
vt 232.402847 1473.089966
vt 209.803070 1463.226318
vt 210.096420 1440.906738
vt 211.569687 1420.090576
vt 231.787689 1416.151001
vt 223.854736 1401.485718
vt 207.796219 1394.244263
vt 224.888123 1381.587036
vt 189.095642 1406.239258
vt 189.588791 1436.137573
vt 166.317963 1414.345459
vt 147.861038 1393.687866
vt 139.758698 1420.710571
vt 124.917084 1397.818115
vt 117.751137 1416.487061
vt 103.062660 1402.679932
vt 110.196510 1382.844604
vt 130.713455 1371.864380
vt 105.968544 1360.866333
vt 111.075790 1339.224487
vt 90.261383 1342.573975
vt 87.415375 1361.020630
vt 67.704414 1358.300781
vt 69.589050 1335.474487
vt 85.730820 1320.117554
vt 106.580238 1321.444214
vt 103.208954 1300.607178
vt 123.413986 1301.527710
vt 120.166222 1286.682251
vt 127.279274 1286.600342
vt 134.264587 1286.556396
vt 148.660675 1286.541504
vt 155.768311 1286.601807
vt 105.843292 1286.884888
vt 98.924477 1287.056641
vt 82.045769 1300.503540
vt 84.364197 1287.447266
vt 77.881989 1287.682983
vt 60.982998 1301.294189
vt 63.498470 1319.132202
vt 41.861156 1320.929199
vt 41.726532 1336.014771
vt 41.618523 1304.090942
vt 57.444122 1288.489990
vt 62.810085 1288.258423
vt 40.948277 1289.210083
vt 41.273796 1361.577148
vt 58.367657 1388.659058
vt 87.073944 1381.084351
vt 77.866165 1412.218506
vt 55.315277 1414.457275
vt 40.373871 1407.441406
vt 40.794060 1384.778809
vt 39.823776 1430.370117
vt 60.025478 1433.969604
vt 39.163540 1454.780396
vt 66.855598 1454.016235
vt 59.221531 1469.696411
vt 79.885719 1473.012329
vt 81.479591 1454.263672
vt 97.601257 1451.795044
vt 100.557991 1476.056030
vt 119.161064 1459.166260
vt 121.160667 1478.881958
vt 135.223419 1465.933716
vt 138.634491 1447.474609
vt 119.310806 1436.593994
vt 161.576355 1441.265625
vt 153.573364 1464.212402
vt 180.340195 1466.497925
vt 162.040756 1484.334717
vt 141.615128 1481.636719
vt 182.487686 1487.007812
vt 203.003494 1489.583008
vt 223.692139 1492.117676
vt 99.784386 1426.176025
vt 80.834091 1438.605347
vt 38.638680 1466.266968
vt 244.568146 1494.622437
vt 280.211182 1402.066040
vt 288.827698 1379.449341
vt 297.206177 1357.412842
vt 272.102142 1341.422363
vt 292.677856 1329.000854
vt 274.492950 1317.543091
vt 293.848999 1306.030029
vt 276.771667 1300.290649
vt 289.847198 1292.357056
vt 297.698914 1292.993164
vt 311.976624 1294.571289
vt 312.653870 1315.682861
vt 320.332947 1295.712158
vt 276.021210 1291.350952
vt 268.418274 1290.897339
vt 257.669006 1302.497437
vt 254.675201 1290.004761
vt 240.870804 1289.300537
vt 234.957092 1304.230957
vt 253.053741 1324.189453
vt 209.537323 1306.565796
vt 219.582657 1288.291138
vt 233.408768 1288.893433
vt 212.196640 1287.966309
vt 198.314621 1287.487305
vt 188.453171 1298.344482
vt 191.040466 1287.255371
vt 177.118378 1286.916870
vt 169.916779 1286.753784
vt 304.982056 1336.050781
vt 1045.464844 1558.606201
vt 1048.012329 1581.223267
vt 1031.974731 1574.481323
vt 1024.619873 1557.716064
vt 1014.223877 1578.149658
vt 1029.378174 1595.559570
vt 1008.175232 1601.980347
vt 989.981079 1581.067261
vt 1003.846558 1556.766479
vt 983.193604 1555.761353
vt 964.807007 1569.648193
vt 968.308594 1597.158447
vt 990.170715 1605.863770
vt 984.884216 1624.919312
vt 1002.259460 1622.336914
vt 1003.755127 1650.596924
vt 1026.581909 1627.280762
vt 1024.593140 1651.932495
vt 1045.495728 1653.295898
vt 1051.117920 1633.511353
vt 1066.480957 1654.675903
vt 1067.537231 1622.863159
vt 1087.128906 1629.971191
vt 1087.573120 1655.983887
vt 1108.701172 1633.479004
vt 1108.728394 1657.231323
vt 1108.591309 1609.529419
vt 1083.825562 1603.486206
vt 1108.388428 1585.420776
vt 1082.387817 1579.801880
vt 1087.229126 1560.434937
vt 1066.385986 1559.505859
vt 1066.195557 1589.978882
vt 1050.510254 1608.424683
vt 1066.877808 1606.327393
vt 1107.984619 1561.203003
vt 983.039795 1649.240601
vt 963.851440 1623.572632
vt 962.395935 1647.896362
vt 942.385376 1622.833740
vt 943.519287 1598.715942
vt 922.014099 1598.170532
vt 922.326050 1574.745605
vt 901.638611 1573.558472
vt 901.365173 1596.797607
vt 921.574402 1621.610596
vt 901.060364 1620.059082
vt 921.216248 1645.069214
vt 900.638428 1643.409058
vt 941.794922 1646.525269
vt 901.971252 1550.380615
vt 922.046753 1552.068237
vt 943.668518 1574.515259
vt 942.260864 1553.473389
vt 962.664978 1554.699219
vt 1346.582031 578.400574
vt 1335.764771 601.170349
vt 1317.082153 591.706787
vt 1322.779053 564.495728
vt 1336.827148 545.338562
vt 1310.292725 539.639587
vt 1302.632690 567.131653
vt 1286.050659 551.873657
vt 1279.919312 572.914551
vt 1298.488403 582.269897
vt 1261.433960 563.654907
vt 1272.273560 540.492126
vt 1287.830078 527.942017
vt 1271.102661 523.678650
vt 1280.561401 505.252350
vt 1259.411011 509.435669
vt 1267.277344 485.927155
vt 1291.143677 477.503235
vt 1270.287598 460.504578
vt 1289.202393 442.295654
vt 1266.739746 433.291199
vt 1281.756104 415.063812
vt 1294.662964 421.397614
vt 1310.309204 430.882660
vt 1296.402466 397.636719
vt 1322.430176 407.108887
vt 1332.007080 431.625092
vt 1328.521973 457.435333
vt 1349.570557 447.678772
vt 1343.394897 466.057281
vt 1338.714111 483.189636
vt 1356.252686 474.469849
vt 1356.286743 503.040466
vt 1330.446045 512.957581
vt 1316.838501 482.966705
vt 1303.300171 507.659973
vt 1307.506958 458.242889
vt 1350.404785 527.151489
vt 1360.921143 548.028687
vt 1368.871582 524.094238
vt 1386.755981 540.823181
vt 1388.239014 514.458862
vt 1418.945801 532.134644
vt 1407.272949 554.102478
vt 1378.164185 570.256897
vt 1395.725586 576.078369
vt 1384.280518 597.950378
vt 1367.163696 595.439270
vt 1354.400146 610.560913
vt 1372.800415 619.993103
vt 1405.968140 491.109650
vt 1425.327759 499.312073
vt 1430.764160 510.498962
vt 1442.646240 488.990875
vt 1429.201782 472.785217
vt 1454.275024 468.019470
vt 1443.288330 448.658417
vt 1465.520508 447.465820
vt 1452.322754 429.704010
vt 1462.246948 420.947418
vt 1476.633423 427.315155
vt 1456.439453 418.565948
vt 1450.515015 416.151825
vt 1435.620605 426.084473
vt 1436.786133 410.588074
vt 1430.692383 408.162384
vt 1413.127930 421.483917
vt 1422.782715 446.942566
vt 1405.395508 446.199829
vt 1388.208984 433.146393
vt 1394.939087 407.420868
vt 1411.112915 400.226807
vt 1417.433838 402.788055
vt 1398.257568 394.997620
vt 1385.671265 389.830841
vt 1373.890137 404.822205
vt 1379.230591 387.190491
vt 1372.580078 384.445190
vt 1356.610840 390.663574
vt 1348.277222 414.362610
vt 1336.653442 386.630829
vt 1310.131470 380.737396
vt 1329.616821 366.657745
vt 1341.466064 371.599365
vt 1347.958984 374.260071
vt 1323.596802 364.113037
vt 1360.231812 379.367126
vt 1366.318970 431.385834
vt 1371.771118 456.575195
vt 1393.115845 463.551239
vt 1377.598999 487.795349
vt 1411.041748 464.541626
vt 1372.567383 507.922791
vt 1251.297119 451.946960
vt 1254.238770 472.061676
vt 1235.564087 470.795044
vt 1245.688599 490.621918
vt 1219.735840 489.916962
vt 1236.914307 515.179138
vt 1218.371948 519.332153
vt 1203.978149 509.099548
vt 1206.402100 536.852112
vt 1224.683105 545.555786
vt 1188.198730 528.506287
vt 1252.916504 535.986694
vt 1243.039551 554.504150
vt 699.634399 890.149048
vt 694.933289 864.244080
vt 713.429321 860.474487
vt 719.796387 890.457581
vt 715.160950 909.942871
vt 702.878601 912.917542
vt 695.764465 914.614685
vt 676.441589 899.346680
vt 682.045532 917.969727
vt 668.160095 921.299561
vt 653.769470 906.005920
vt 656.833984 876.358826
vt 679.406372 869.106262
vt 661.713684 847.507446
vt 640.056702 854.388184
vt 644.707214 830.214539
vt 622.919739 833.612671
vt 624.478210 857.177246
vt 604.860413 858.598083
vt 599.695923 832.695679
vt 609.936462 804.264282
vt 637.192017 798.437439
vt 615.926270 774.479126
vt 631.842407 770.883484
vt 647.424744 767.029846
vt 663.560852 789.456177
vt 662.368469 818.200256
vt 679.999817 806.501648
vt 685.164001 784.697449
vt 702.224426 802.962952
vt 699.633057 787.598328
vt 695.271973 759.480347
vt 670.545654 762.077820
vt 677.671814 733.747742
vt 655.466858 737.710449
vt 666.259033 707.563232
vt 687.850037 703.301331
vt 691.360840 732.203857
vt 644.599182 712.020691
vt 627.372986 743.765503
vt 622.982971 716.715149
vt 601.553772 721.670898
vt 599.939087 749.948730
vt 580.234802 726.677124
vt 584.961548 753.290894
vt 589.760132 779.855103
vt 687.789612 837.279053
vt 707.354248 829.595764
vt 594.676514 806.387451
vt 630.137634 882.350525
vt 610.089172 883.877502
vt 615.220703 908.418701
vt 635.849060 913.626465
vt 627.341125 930.856140
vt 620.211121 932.526306
vt 640.775024 927.778198
vt 647.736694 926.133606
vt 661.366394 922.928101
vt 723.764709 907.911377
vt 780.097351 93.138786
vt 799.788513 101.576790
vt 787.901978 126.427948
vt 761.680054 112.898689
vt 760.504639 84.737022
vt 742.049072 103.133598
vt 741.022156 76.332611
vt 728.840515 97.104385
vt 714.089539 87.770409
vt 717.611328 120.225632
vt 693.602905 107.065849
vt 693.066467 84.532974
vt 702.370972 59.318970
vt 676.453613 71.298195
vt 678.619202 95.353241
vt 659.353149 94.654488
vt 653.735718 70.948318
vt 664.273865 41.940487
vt 633.691467 55.556786
vt 634.386536 90.778496
vt 621.725403 77.984467
vt 609.778076 100.275513
vt 620.002502 113.963631
vt 598.000793 122.264191
vt 615.286377 134.805695
vt 586.626282 143.662338
vt 612.572754 157.434860
vt 597.064514 173.730011
vt 618.703186 177.145798
vt 625.370178 163.588242
vt 637.755737 168.589340
vt 633.405090 192.996475
vt 606.048035 203.035507
vt 625.826416 218.801361
vt 605.422729 225.810699
vt 598.095093 222.062134
vt 586.578674 216.208588
vt 582.825500 194.427368
vt 575.631287 163.857178
vt 565.244507 182.844589
vt 568.257996 207.052505
vt 561.714661 203.996597
vt 555.377808 201.373230
vt 579.647522 212.681458
vt 616.749084 231.629944
vt 624.519226 235.602448
vt 640.812500 231.469589
vt 654.146240 209.291412
vt 659.479248 236.656677
vt 645.801697 246.493286
vt 635.459717 241.205109
vt 654.168518 250.779526
vt 662.913818 255.275299
vt 679.565063 245.023941
vt 672.830017 260.374756
vt 682.062744 265.139465
vt 701.235413 252.571747
vt 691.422852 269.964966
vt 700.300171 274.540283
vt 720.170105 265.520905
vt 725.635925 239.784103
vt 749.513245 250.356384
vt 735.358887 276.875183
vt 720.176086 284.837006
vt 709.976501 279.556305
vt 728.534790 289.159027
vt 736.542908 293.300446
vt 757.719666 277.763519
vt 747.022400 298.739166
vt 768.655945 256.367554
vt 779.944031 234.312592
vt 762.388977 229.085327
vt 773.122131 208.792725
vt 791.528503 211.726562
vt 803.321350 188.780792
vt 775.845215 179.270767
vt 795.363098 158.578857
vt 815.294556 165.497116
vt 814.203796 136.837677
vt 827.352112 142.140640
vt 839.445862 118.670609
vt 819.540344 110.066925
vt 774.652100 155.232773
vt 756.640259 143.283539
vt 755.854248 169.201157
vt 751.401306 195.776962
vt 730.970764 180.734787
vt 724.386292 214.246582
vt 747.575623 222.939362
vt 712.466736 233.408585
vt 699.936462 227.190735
vt 704.035950 200.141373
vt 679.736816 217.704773
vt 682.468201 187.242355
vt 707.267639 173.475784
vt 693.423889 168.820892
vt 702.745483 151.966095
vt 728.939331 151.198120
vt 743.495056 161.141785
vt 741.655029 126.358978
vt 687.390381 134.653793
vt 680.547913 161.726608
vt 658.409119 147.584015
vt 670.054138 117.159370
vt 641.615845 121.365952
vt 632.038696 149.210373
vt 657.895508 178.261032
vt 645.686035 33.084568
vt 683.273804 50.726795
vt 721.660583 67.874245
vt 154.264679 799.336487
vt 145.297562 828.808777
vt 132.544815 811.264282
vt 135.665268 793.315796
vt 151.632553 771.828918
vt 179.625183 779.243164
vt 179.091202 810.662354
vt 194.880203 793.148438
vt 213.005981 807.973145
vt 196.263138 829.143127
vt 169.312729 836.026978
vt 146.547668 861.292419
vt 123.821144 851.391907
vt 111.864235 831.404297
vt 99.515472 861.527649
vt 116.812897 875.174988
vt 92.622345 889.169006
vt 75.215103 876.640808
vt 77.807808 846.946899
vt 58.816486 867.679260
vt 47.872047 846.506958
vt 62.626495 827.539185
vt 89.648743 817.573669
vt 77.832153 807.980652
vt 93.392754 787.920471
vt 114.529037 803.667114
vt 123.443253 780.141418
vt 109.187279 767.521912
vt 134.675583 756.131775
vt 125.210274 746.808594
vt 141.247391 725.987305
vt 155.808716 744.184692
vt 174.946243 749.550903
vt 175.093307 717.145569
vt 192.803040 729.186829
vt 193.223236 754.776978
vt 210.623184 741.266235
vt 207.172653 773.959839
vt 228.465576 753.356262
vt 229.672333 786.733032
vt 246.334045 765.421631
vt 157.435593 705.094849
vt 42.953918 872.561157
vt 33.399696 865.075684
vt 49.769451 877.883728
vt 59.660343 885.619812
vt 66.161049 890.683716
vt 72.531227 895.639465
vt 82.498405 903.421570
vt 92.632256 911.344055
vt 109.948875 901.801941
vt 98.758324 916.131042
vt 109.231911 924.379517
vt 130.513184 909.842224
vt 129.853943 887.605713
vt 146.474182 890.503906
vt 162.884598 870.569214
vt 179.536896 850.068726
vt 114.863586 928.836487
vt 415.069702 864.241760
vt 410.366058 890.146667
vt 396.575562 860.470947
vt 422.214569 837.277100
vt 430.594360 869.104736
vt 448.287994 847.506653
vt 447.634735 818.199341
vt 465.293701 830.214172
vt 469.942841 854.388123
vt 453.164856 876.358154
vt 479.859070 882.350830
vt 456.228241 906.005432
vt 433.557281 899.345276
vt 414.234100 914.612244
vt 407.120331 912.914734
vt 394.837952 909.939453
vt 390.205902 890.453552
vt 386.234711 907.907532
vt 427.953033 917.967896
vt 441.838379 921.298401
vt 448.631805 922.927246
vt 462.261536 926.133362
vt 474.147552 913.626587
vt 469.222931 927.778259
vt 482.656799 930.856812
vt 494.774048 908.418762
vt 489.786346 932.527161
vt 499.905060 883.878479
vt 505.135101 858.599548
vt 485.519196 857.177673
vt 487.079041 833.612976
vt 510.300934 832.697205
vt 500.063446 804.264954
vt 472.810028 798.437195
vt 494.074219 774.479126
vt 520.238586 779.855957
vt 510.061554 749.949036
vt 525.036804 753.291565
vt 529.764526 726.677612
vt 508.447357 721.670776
vt 482.629456 743.764893
vt 487.019012 716.714478
vt 465.403656 712.019653
vt 454.537415 737.709473
vt 443.744446 707.562439
vt 432.334412 733.747070
vt 422.154297 703.301331
vt 418.647919 732.203674
vt 414.735870 759.479431
vt 439.460327 762.076904
vt 424.842743 784.695984
vt 410.376373 787.596680
vt 407.782837 802.960571
vt 430.005554 806.500244
vt 446.443573 789.455200
vt 462.579468 767.029236
vt 478.159943 770.883057
vt 402.652618 829.592712
vt 515.320984 806.388794
vt 950.034302 101.577103
vt 969.726196 93.138885
vt 961.921082 126.428001
vt 930.282654 110.067375
vt 935.619507 136.837952
vt 910.377502 118.671448
vt 922.471985 142.141312
vt 934.529602 165.497055
vt 954.460449 158.578888
vt 946.502136 188.780807
vt 973.977966 179.270844
vt 975.171021 155.232864
vt 993.182434 143.283722
vt 993.968506 169.201385
vt 1006.327209 161.142151
vt 1020.882568 151.198639
vt 1018.851257 180.735306
vt 1042.554199 173.476440
vt 1047.076050 151.966736
vt 1032.210449 120.226151
vt 1062.430786 134.654572
vt 1069.272705 161.727585
vt 1056.397339 168.821716
vt 1067.352783 187.243393
vt 1045.785400 200.142197
vt 1070.083740 217.705917
vt 1095.674194 209.292633
vt 1090.341064 236.657928
vt 1070.255249 245.025116
vt 1049.884277 227.191742
vt 1048.585083 252.572830
vt 1067.756470 265.140900
vt 1058.396240 269.966370
vt 1049.519043 274.541687
vt 1029.650391 265.521912
vt 1024.185669 239.784821
vt 1000.308350 250.356949
vt 1002.246277 222.939850
vt 1025.435303 214.247208
vt 998.421021 195.777313
vt 976.700623 208.792816
vt 987.433472 229.085541
vt 969.879028 234.312439
vt 958.294922 211.726791
vt 981.166260 256.367859
vt 992.101318 277.764008
vt 1014.461670 276.876129
vt 1013.276306 293.301758
vt 1021.284241 289.160370
vt 1029.643066 284.838348
vt 1039.842529 279.557709
vt 1002.796997 298.740326
vt 1037.354370 233.409439
vt 1076.989014 260.376160
vt 1086.905396 255.276733
vt 1095.650635 250.780975
vt 1104.017456 246.494751
vt 1109.007568 231.470963
vt 1114.359375 241.206589
vt 1125.300049 235.603943
vt 1123.993530 218.802704
vt 1133.069946 231.631454
vt 1144.396484 225.812241
vt 1143.771851 203.036957
vt 1151.723999 222.063660
vt 1163.240601 216.210144
vt 1166.994141 194.428894
vt 1170.171509 212.683014
vt 1181.561279 207.054077
vt 1184.574219 182.846085
vt 1188.104492 203.998169
vt 1194.441162 201.374832
vt 1174.187378 163.858643
vt 1152.754639 173.731491
vt 1163.192505 143.663803
vt 1137.246338 157.436264
vt 1134.533081 134.806915
vt 1151.818115 122.265488
vt 1129.817139 113.964691
vt 1140.041016 100.276581
vt 1115.433350 90.779381
vt 1128.093750 77.985306
vt 1116.128662 55.557640
vt 1096.084717 70.949005
vt 1085.547363 41.940796
vt 1073.367554 71.298676
vt 1090.467163 94.655281
vt 1071.201660 95.353874
vt 1079.766602 117.160225
vt 1056.218628 107.066460
vt 1056.755127 84.533455
vt 1035.732422 87.770836
vt 1047.450928 59.319229
vt 1066.547974 50.727127
vt 1028.161865 67.874557
vt 1008.800476 76.332764
vt 1020.981689 97.104706
vt 1007.773621 103.133797
vt 1008.167297 126.359299
vt 988.143005 112.898857
vt 989.318359 84.737183
vt 1091.411499 147.585068
vt 1108.204346 121.366905
vt 1117.781372 149.211472
vt 1112.064819 168.590530
vt 1091.925171 178.262115
vt 1116.415161 192.997818
vt 1131.116455 177.147278
vt 1124.449585 163.589539
vt 1104.135010 33.084908
vt 883.431091 821.810791
vt 874.464417 792.338257
vt 896.183044 804.266724
vt 916.862793 824.407166
vt 904.906860 844.394409
vt 882.181458 854.294312
vt 911.914856 868.177795
vt 898.874756 880.607910
vt 882.256104 883.505615
vt 898.215088 902.844299
vt 918.778320 894.805176
vt 919.492981 917.384033
vt 929.966492 909.135437
vt 936.092468 904.348328
vt 936.104187 882.172485
vt 946.226135 896.425720
vt 956.193420 888.643494
vt 953.511108 869.644165
vt 962.563232 883.687622
vt 969.063904 878.623596
vt 969.908875 860.682678
vt 978.954651 870.887390
vt 985.770142 865.564697
vt 980.852112 839.510498
vt 995.324280 858.078979
vt 950.917847 839.950439
vt 966.097778 820.542969
vt 939.077087 810.577026
vt 950.892151 800.984253
vt 935.332825 780.923828
vt 914.197510 796.669983
vt 905.283875 773.143921
vt 919.538940 760.524658
vt 894.052307 749.133911
vt 903.516418 739.811096
vt 887.481201 718.989319
vt 872.920288 737.186157
vt 853.637024 710.146179
vt 853.783691 742.551697
vt 877.096191 764.830566
vt 849.104675 772.244080
vt 835.507812 747.777161
vt 835.928284 722.186829
vt 818.109131 734.265625
vt 821.558716 766.959595
vt 800.267151 746.354919
vt 799.059814 779.731873
vt 815.724915 800.973206
vt 833.850281 786.148865
vt 849.638611 803.663391
vt 832.467712 822.143982
vt 859.416870 829.028503
vt 849.193604 843.070312
vt 865.845947 863.571106
vt 782.398682 758.419678
vt 893.062622 786.317993
vt 871.294189 698.095825
vt 929.211304 854.530823
vt 913.861572 921.841064
vt 1106.534912 1744.235840
vt 1105.031860 1764.512817
vt 1087.507202 1746.571533
vt 1108.736694 1723.098633
vt 1084.227417 1717.257202
vt 1059.306519 1739.183105
vt 1061.256836 1714.805786
vt 1069.905762 1698.609985
vt 1090.842163 1699.235962
vt 1111.705444 1699.993408
vt 1049.009888 1698.234863
vt 1042.604614 1720.836182
vt 1028.202271 1698.048706
vt 1021.764282 1730.333862
vt 1004.971863 1722.776611
vt 1007.573914 1697.886230
vt 985.416748 1721.069214
vt 983.707031 1744.354980
vt 963.873352 1743.820557
vt 962.693359 1766.659668
vt 942.587097 1766.952393
vt 941.538147 1789.658325
vt 921.337891 1790.359985
vt 922.335510 1767.394897
vt 901.195557 1791.104736
vt 901.981140 1767.858154
vt 923.173645 1744.219360
vt 943.595642 1743.947998
vt 944.613220 1720.870239
vt 965.118896 1720.778809
vt 966.375244 1697.718750
vt 986.984314 1697.778198
vt 945.699890 1697.765015
vt 924.006836 1721.084961
vt 924.870911 1697.890747
vt 903.329773 1721.383057
vt 902.665833 1744.613770
vt 903.936279 1698.149414
vt 961.731079 1788.966309
vt 982.348450 1766.852051
vt 981.894470 1788.304443
vt 1001.005615 1767.550781
vt 1002.044922 1787.677124
vt 1019.668152 1766.927002
vt 1016.223938 1750.832886
vt 1033.882446 1745.195679
vt 1040.396484 1764.998291
vt 1022.223877 1787.094482
vt 1042.531006 1786.560059
vt 1062.986694 1765.863525
vt 1063.031372 1785.964111
vt 1084.469116 1772.007812
vt 1083.704346 1785.138428
vt 1104.355591 1784.001587
vt 1002.041687 1746.670654
vt 1442.210815 1357.588623
vt 1441.570312 1336.889282
vt 1459.741577 1351.674438
vt 1456.261475 1376.864014
vt 1481.006958 1365.865112
vt 1476.779541 1387.843628
vt 1462.058350 1402.817993
vt 1439.113403 1398.688232
vt 1447.215942 1425.711304
vt 1420.655396 1419.346313
vt 1425.396729 1446.267090
vt 1397.382568 1441.138794
vt 1397.876587 1411.239746
vt 1416.194336 1393.824829
vt 1396.276489 1387.420532
vt 1379.175415 1399.244141
vt 1379.437134 1377.552002
vt 1393.380493 1369.995117
vt 1409.734375 1371.353638
vt 1398.176636 1353.051514
vt 1421.439087 1349.140747
vt 1431.147949 1374.504761
vt 1402.321289 1326.782227
vt 1424.621582 1325.421631
vt 1441.155762 1309.665649
vt 1460.435181 1329.174072
vt 1463.559326 1306.526489
vt 1452.707886 1291.555298
vt 1459.693359 1291.599365
vt 1466.806519 1291.681274
vt 1483.764526 1305.605957
vt 1480.394165 1326.442993
vt 1501.244019 1325.115845
vt 1496.714478 1347.572266
vt 1475.899170 1344.223389
vt 1499.561157 1366.018677
vt 1499.903320 1386.082275
vt 1519.272949 1363.297974
vt 1528.610718 1393.655640
vt 1509.112305 1417.216064
vt 1483.914429 1407.678711
vt 1487.193481 1431.174683
vt 1469.225098 1421.486572
vt 1467.665894 1441.593750
vt 1448.340698 1452.475708
vt 1467.816650 1464.166016
vt 1489.377686 1456.793579
vt 1486.422729 1481.054443
vt 1465.817749 1483.881592
vt 1451.752563 1470.934570
vt 1445.360718 1486.637695
vt 1433.400269 1469.214111
vt 1406.630615 1471.500244
vt 1424.932251 1489.336670
vt 1404.482544 1492.010376
vt 1383.963623 1494.584717
vt 1377.165039 1468.227295
vt 1363.271606 1497.118408
vt 1354.561768 1478.089844
vt 1342.392334 1499.621460
vt 1333.215820 1476.382202
vt 1355.739990 1448.581055
vt 1333.346680 1446.824097
vt 1337.353516 1425.124756
vt 1315.389282 1430.032227
vt 1320.295410 1403.648071
vt 1306.755615 1407.061646
vt 1298.141113 1384.445190
vt 1321.296997 1375.171143
vt 1343.357300 1399.282349
vt 1345.375854 1375.311279
vt 1338.935059 1353.719971
vt 1363.291504 1361.218994
vt 1357.268433 1334.332520
vt 1379.891235 1341.014160
vt 1382.663330 1360.433838
vt 1362.082764 1386.586548
vt 1377.435425 1311.564941
vt 1398.519531 1303.343384
vt 1417.668335 1305.635620
vt 1409.854126 1291.915894
vt 1417.055908 1291.752930
vt 1431.204224 1291.600830
vt 1438.312012 1291.540527
vt 1395.932251 1292.254395
vt 1388.657837 1292.486206
vt 1374.776123 1292.965332
vt 1367.389893 1293.290039
vt 1352.015747 1309.229858
vt 1353.563965 1293.892334
vt 1346.101685 1294.299561
vt 1329.303833 1307.496094
vt 1332.297363 1295.003784
vt 1318.554443 1295.896240
vt 1310.200928 1305.289185
vt 1310.951294 1296.349854
vt 1297.125366 1297.355957
vt 1293.122925 1311.028442
vt 1289.273560 1297.992065
vt 1274.995972 1299.570068
vt 1274.316772 1320.680908
vt 1266.639282 1300.710815
vt 1294.293457 1333.998535
vt 1312.479126 1322.541260
vt 1314.869019 1346.420166
vt 1333.918579 1329.187988
vt 1289.763672 1362.409546
vt 1281.987915 1341.048096
vt 1363.115601 1406.485352
vt 1355.181396 1421.150146
vt 1375.400757 1425.090820
vt 1376.872925 1445.907349
vt 1324.244873 1453.229004
vt 1507.097046 1478.008911
vt 1505.501221 1459.260864
vt 1506.145630 1443.602905
vt 1520.126709 1459.012329
vt 1526.955322 1438.965454
vt 1547.819946 1459.773804
vt 1527.763062 1474.691406
vt 1548.347168 1471.259399
vt 1547.157837 1435.364502
vt 1531.664429 1419.453247
vt 1546.606567 1412.436523
vt 1546.185425 1389.774658
vt 1545.704468 1366.573364
vt 1545.250488 1341.010986
vt 1517.387207 1340.472046
vt 1523.476929 1324.129883
vt 1504.927979 1305.502197
vt 1525.991089 1306.292480
vt 1509.090820 1292.682007
vt 1502.608398 1292.446289
vt 1488.048340 1292.055664
vt 1481.129272 1291.883911
vt 1524.162476 1293.257324
vt 1529.528687 1293.489014
vt 1545.356567 1309.088135
vt 1545.115356 1325.925781
vt 1546.024536 1294.208862
vt 1253.353882 1581.221558
vt 1255.901855 1558.604614
vt 1269.391846 1574.479858
vt 1271.988403 1595.557983
vt 1287.142944 1578.148193
vt 1276.747070 1557.714600
vt 1297.520508 1556.765137
vt 1311.385986 1581.065918
vt 1293.191528 1601.978882
vt 1311.196289 1605.862427
vt 1333.058594 1597.157227
vt 1316.482788 1624.917969
vt 1299.107422 1622.335571
vt 1297.611816 1650.595459
vt 1274.784790 1627.279297
vt 1250.856201 1608.423096
vt 1250.248779 1633.509888
vt 1255.871094 1653.294556
vt 1234.885742 1654.674561
vt 1233.829102 1622.861816
vt 1214.237427 1629.969971
vt 1217.540405 1603.484985
vt 1192.774414 1609.528442
vt 1192.977295 1585.419800
vt 1218.978149 1579.800537
vt 1214.136719 1560.433716
vt 1234.979980 1559.504028
vt 1235.170654 1589.977295
vt 1234.488525 1606.325928
vt 1193.380859 1561.202271
vt 1192.664917 1633.478271
vt 1213.793701 1655.982666
vt 1192.638428 1657.230469
vt 1276.773682 1651.931152
vt 1318.327148 1649.239258
vt 1337.515625 1623.571289
vt 1338.971191 1647.895020
vt 1358.981934 1622.832397
vt 1357.848022 1598.714722
vt 1379.353271 1598.169434
vt 1379.041626 1574.744751
vt 1399.729248 1573.557861
vt 1400.002441 1596.796265
vt 1379.792969 1621.609131
vt 1400.307251 1620.057495
vt 1380.151245 1645.067505
vt 1359.572388 1646.523804
vt 1400.728882 1643.406982
vt 1399.397705 1550.380493
vt 1379.321655 1552.067749
vt 1357.698975 1574.514160
vt 1359.107056 1553.472656
vt 1336.560425 1569.646973
vt 1338.702515 1554.698120
vt 1318.173706 1555.760132
vt 177.067062 618.168579
vt 166.249893 595.397949
vt 195.750290 608.704407
vt 190.053146 581.493347
vt 210.199738 584.129333
vt 214.344299 599.267456
vt 232.913406 589.912109
vt 226.781952 568.871277
vt 202.539490 556.637329
vt 225.002243 544.939819
vt 209.531998 524.657959
vt 232.270859 522.250244
vt 241.730011 540.676270
vt 240.559265 557.489685
vt 259.916626 552.984070
vt 251.398941 580.652283
vt 269.793610 571.501465
vt 288.150269 562.552612
vt 275.918640 532.176025
vt 294.461121 536.328674
vt 293.096527 506.912964
vt 308.854706 526.095886
vt 306.431549 553.848633
vt 324.635437 545.502319
vt 267.143738 507.619019
vt 253.421616 526.433105
vt 245.554718 502.924896
vt 258.593018 489.059052
vt 277.267609 487.791809
vt 261.534149 468.944122
vt 242.543945 477.502563
vt 246.091644 450.289490
vt 223.629562 459.294128
vt 231.076233 432.062805
vt 218.169342 438.396301
vt 202.523148 447.881134
vt 216.430969 414.635590
vt 190.403320 424.107544
vt 202.703201 397.736603
vt 176.180954 403.629639
vt 183.217590 383.657104
vt 171.368179 388.598358
vt 164.875137 391.258881
vt 156.223251 407.661926
vt 152.602158 396.365570
vt 140.253860 401.443268
vt 138.943680 421.820007
vt 133.603180 404.188324
vt 127.162399 406.828491
vt 117.894516 424.418152
vt 114.575981 411.994904
vt 101.720543 417.223694
vt 99.705383 438.480652
vt 95.399338 419.784760
vt 82.140884 425.158691
vt 77.212540 443.080566
vt 76.046837 427.584167
vt 62.317917 433.147491
vt 60.510059 446.699615
vt 56.393265 435.561432
vt 50.585720 437.942719
vt 47.311401 464.461090
vt 36.198917 444.310150
vt 69.543831 465.654297
vt 58.556461 485.015015
vt 83.629875 489.781464
vt 90.049736 463.938995
vt 101.790421 481.538269
vt 106.863625 508.106323
vt 87.503769 516.308350
vt 70.184921 505.986786
vt 82.066719 527.495056
vt 93.885284 549.130981
vt 124.592270 531.455872
vt 135.232925 504.792755
vt 119.716530 480.548340
vt 141.061249 473.572784
vt 124.624054 450.143707
vt 146.514084 448.383636
vt 164.556183 431.360840
vt 163.261963 464.676819
vt 180.825668 448.623413
vt 184.310562 474.433533
vt 169.437378 483.055298
vt 156.579346 491.467621
vt 174.118134 500.187561
vt 156.545334 520.038086
vt 182.386200 529.955444
vt 195.993744 499.964813
vt 221.688416 494.501404
vt 205.325241 475.241211
vt 162.427231 544.149048
vt 176.004883 562.336182
vt 151.910599 565.026001
vt 143.960052 541.091553
vt 126.075294 557.820190
vt 140.264389 524.920166
vt 134.667236 587.253845
vt 145.667633 612.436462
vt 128.550201 614.947205
vt 117.105263 593.074951
vt 105.558105 571.098999
vt 140.030289 636.990295
vt 158.431229 627.558472
vt 107.437233 463.196716
vt 189.237900 381.112762
vt 761.568054 1309.160034
vt 759.710999 1330.322632
vt 740.653076 1326.379395
vt 733.792542 1302.018555
vt 758.515015 1286.876099
vt 738.063965 1284.775757
vt 717.308167 1282.876343
vt 706.162964 1300.804688
vt 696.320007 1281.261841
vt 685.373535 1298.306396
vt 675.367615 1279.823120
vt 673.617249 1297.354736
vt 671.150635 1314.217163
vt 689.358948 1316.866333
vt 667.727600 1331.277466
vt 691.307861 1333.230957
vt 681.127625 1350.842529
vt 703.312195 1343.581543
vt 713.230896 1324.422974
vt 726.124268 1348.332031
vt 703.254761 1362.074829
vt 723.956238 1372.547729
vt 704.343628 1385.687012
vt 680.397034 1373.606812
vt 658.537537 1365.904907
vt 653.035889 1383.584961
vt 682.509827 1395.402710
vt 668.667297 1409.474487
vt 689.987183 1417.439331
vt 700.415588 1404.863159
vt 709.700317 1423.271851
vt 700.074768 1440.003662
vt 719.970337 1446.751465
vt 731.892700 1427.018066
vt 739.756653 1453.501221
vt 749.119690 1439.158569
vt 759.451111 1460.360718
vt 762.867737 1435.474731
vt 781.991638 1440.482300
vt 771.365173 1417.485962
vt 751.518250 1419.560547
vt 757.104919 1394.962402
vt 736.499207 1403.328979
vt 717.471802 1405.224487
vt 723.858521 1389.901245
vt 737.893860 1385.141113
vt 748.291382 1366.687866
vt 773.314087 1375.252197
vt 780.960266 1397.100708
vt 790.329712 1381.890137
vt 800.790771 1395.861084
vt 803.649841 1378.761230
vt 822.449890 1386.542358
vt 811.238281 1367.679321
vt 824.713501 1362.677856
vt 846.437561 1367.858398
vt 843.821228 1396.129272
vt 833.063477 1410.665039
vt 855.574768 1419.095825
vt 828.125977 1437.603882
vt 850.226257 1442.200317
vt 844.803955 1465.218994
vt 818.808716 1462.395264
vt 802.174866 1452.670288
vt 804.204590 1432.428833
vt 813.896912 1413.508789
vt 792.517761 1416.430664
vt 779.134644 1467.331055
vt 798.904480 1474.355225
vt 818.872375 1481.410278
vt 839.335144 1488.381836
vt 860.590637 1396.065186
vt 865.460632 1373.071533
vt 870.171387 1349.827759
vt 851.696960 1336.798828
vt 874.755615 1326.247681
vt 851.853821 1315.447998
vt 858.811646 1299.285767
vt 838.647156 1296.568726
vt 834.589111 1318.445312
vt 818.554504 1294.023438
vt 814.600342 1325.563477
vt 797.606323 1312.649536
vt 798.660645 1291.627197
vt 782.688477 1305.239624
vt 777.523804 1323.686890
vt 794.095886 1336.839355
vt 770.608521 1348.280640
vt 793.423340 1362.397217
vt 811.547119 1349.396484
vt 830.823303 1343.306030
vt 749.041870 1343.890869
vt 778.671448 1289.197388
vt 879.207153 1302.332520
vt 680.119080 1433.144775
vt 660.204346 1426.129639
vt 647.023499 1401.286621
vt 640.433472 1418.970581
vt 663.410095 1348.479492
vt 484.835175 1063.831543
vt 463.551178 1063.909790
vt 466.728516 1041.736206
vt 489.230804 1037.082031
vt 506.333221 1042.588501
vt 507.111511 1062.804932
vt 501.489044 1082.097656
vt 517.730530 1072.845337
vt 526.832397 1050.410645
vt 535.725220 1074.122559
vt 518.366821 1092.350098
vt 539.730957 1097.998657
vt 517.982544 1117.995117
vt 498.428864 1105.760498
vt 484.594818 1090.619507
vt 477.046631 1111.425293
vt 463.596527 1086.131226
vt 455.164917 1113.870972
vt 441.925720 1093.662720
vt 429.731110 1117.557983
vt 420.871887 1087.696167
vt 407.674286 1107.161621
vt 392.761261 1083.913818
vt 388.760315 1115.563843
vt 369.306000 1106.004639
vt 369.386139 1132.189819
vt 386.710571 1132.525146
vt 382.512756 1150.067749
vt 404.262299 1132.882324
vt 404.502228 1161.599609
vt 382.404022 1177.582520
vt 362.709961 1165.825439
vt 365.029175 1149.069946
vt 344.414246 1148.031006
vt 341.809448 1171.551758
vt 358.993500 1198.656128
vt 339.152130 1195.173584
vt 347.064117 1124.428955
vt 379.396423 1202.218262
vt 404.945648 1188.410156
vt 400.119507 1205.680420
vt 420.970276 1208.967651
vt 421.791962 1190.213013
vt 436.285370 1190.903076
vt 442.003357 1212.037598
vt 461.946350 1193.742065
vt 463.177429 1214.855103
vt 484.417236 1217.406860
vt 488.839233 1191.167725
vt 505.778534 1219.758423
vt 508.662903 1188.204224
vt 528.927490 1192.560547
vt 527.307678 1221.925171
vt 551.480347 1198.863159
vt 548.984558 1223.857056
vt 554.015625 1173.955444
vt 535.089966 1173.676514
vt 537.465698 1157.009888
vt 556.542236 1149.121338
vt 541.355652 1127.674927
vt 558.996521 1124.326172
vt 561.427368 1099.558105
vt 563.835876 1074.863159
vt 518.183105 1146.064453
vt 521.036804 1170.743164
vt 500.115173 1165.778564
vt 493.124939 1135.067139
vt 472.715851 1161.189819
vt 469.488098 1132.841309
vt 450.061249 1140.364502
vt 445.554901 1167.912964
vt 426.735413 1148.621704
vt 423.731110 1174.088745
vt 349.923859 1100.966064
vt 366.812042 1079.389160
vt 352.856476 1077.649292
vt 356.028168 1054.096924
vt 379.329773 1053.978271
vt 395.935944 1060.308594
vt 411.661682 1062.104126
vt 399.000641 1041.878540
vt 419.794983 1036.528076
vt 441.106232 1062.747192
vt 442.680328 1030.267334
vt 463.691162 1015.314758
vt 443.064117 1013.478394
vt 422.565002 1011.701782
vt 484.478180 1017.196106
vt 402.290131 1009.985474
vt 384.561127 1028.812012
vt 382.330231 1008.290527
vt 359.343048 1030.270630
vt 362.767853 1006.336914
vt 548.005920 1054.630005
vt 566.196960 1050.172729
vt 547.368225 1023.244202
vt 568.516357 1025.430298
vt 526.329590 1021.172485
vt 505.355408 1019.130127
vt 996.079712 367.063446
vt 1008.469238 384.076080
vt 987.688232 394.191650
vt 979.900696 377.697784
vt 963.192017 388.136108
vt 967.290649 408.734802
vt 946.040649 398.451019
vt 949.245850 418.947144
vt 928.422974 408.721375
vt 932.574707 429.023438
vt 910.316589 419.021301
vt 921.275818 436.316681
vt 909.251160 446.317352
vt 932.781372 450.473114
vt 921.084656 465.438324
vt 901.674255 471.400879
vt 924.871460 486.667511
vt 906.906433 491.962524
vt 893.179199 484.690735
vt 889.811584 478.605133
vt 882.631226 465.645447
vt 886.538574 451.213348
vt 879.619385 460.220306
vt 870.640381 443.990479
vt 870.926819 440.991241
vt 891.520813 429.568054
vt 869.433350 441.801086
vt 899.996460 497.010193
vt 903.449707 503.274658
vt 918.813965 508.464294
vt 910.147217 515.453735
vt 916.779236 527.570618
vt 933.809387 527.988586
vt 936.425903 505.958099
vt 952.570801 491.013794
vt 937.266846 471.571960
vt 954.727966 463.418762
vt 952.491821 440.061462
vt 976.510864 449.431824
vt 975.265930 476.939484
vt 995.988098 466.268311
vt 994.869324 490.302979
vt 1014.814270 478.580353
vt 1014.088318 503.675812
vt 992.800476 514.947510
vt 975.260681 500.226471
vt 971.541504 519.946350
vt 963.129211 506.795197
vt 952.560120 514.910156
vt 957.984863 536.360046
vt 941.488586 549.728333
vt 926.893005 546.228882
vt 920.246033 533.944458
vt 930.275574 552.519165
vt 933.523010 558.566101
vt 946.512146 566.420349
vt 962.049377 559.596924
vt 958.687805 582.154602
vt 981.293274 577.577332
vt 971.030579 601.516541
vt 956.919556 602.729431
vt 950.201843 589.950012
vt 943.405884 577.108398
vt 960.114319 608.772339
vt 966.922729 621.676697
vt 986.113159 618.424133
vt 988.362427 598.880920
vt 1002.724792 608.618103
vt 1002.067017 587.921753
vt 1020.492004 598.102844
vt 1019.508911 576.372437
vt 1039.304932 586.870544
vt 1038.254883 563.951782
vt 1016.005310 553.760742
vt 1036.535278 540.431396
vt 1059.133057 551.413818
vt 1058.745361 575.135681
vt 1078.479370 563.075378
vt 1084.984985 538.181519
vt 1098.296753 550.909790
vt 1118.060059 538.654907
vt 1105.726562 521.054199
vt 1077.766113 514.812500
vt 1057.776123 527.689026
vt 1054.477051 504.080383
vt 1071.281738 493.299774
vt 1093.393311 503.845032
vt 1081.149780 486.824921
vt 1068.976318 469.862610
vt 1053.241699 479.298279
vt 1056.906372 452.849365
vt 1035.115601 463.103485
vt 1044.917236 435.731079
vt 1027.880249 447.144562
vt 1016.826599 433.842621
vt 1032.898926 418.500977
vt 1009.402039 409.319733
vt 989.291443 424.273773
vt 998.754883 445.956543
vt 967.286621 428.345734
vt 1014.871033 455.848602
vt 1020.753662 401.246552
vt 1034.170898 491.152649
vt 1034.823730 516.309692
vt 1013.475403 529.166321
vt 987.016052 544.986572
vt 1001.122070 568.025269
vt 970.260498 627.812012
vt 940.270935 571.202881
vt 1687.586060 530.809509
vt 1701.685547 506.999817
vt 1711.602051 526.988098
vt 1700.767944 540.786743
vt 1690.715576 555.710632
vt 1712.902100 549.088013
vt 1707.729736 571.494507
vt 1693.015015 577.011841
vt 1681.960815 568.660278
vt 1670.741455 560.081970
vt 1671.171753 546.553955
vt 1665.142944 555.761536
vt 1653.892090 547.052002
vt 1659.691528 528.912964
vt 1678.543823 507.601929
vt 1657.616943 499.194000
vt 1675.886597 484.755005
vt 1691.270874 492.167145
vt 1709.072510 483.247864
vt 1732.881836 499.774109
vt 1731.296875 466.025146
vt 1754.411011 472.413605
vt 1764.902832 490.901276
vt 1773.337036 471.221985
vt 1769.812500 457.600281
vt 1788.372192 456.193756
vt 1789.132568 479.799194
vt 1810.394287 461.061859
vt 1814.615356 495.046661
vt 1782.576050 506.230347
vt 1757.022461 517.661987
vt 1773.953857 531.678650
vt 1754.192139 545.796509
vt 1770.474609 553.091858
vt 1784.383545 545.507751
vt 1782.409790 569.482666
vt 1800.013184 550.316711
vt 1803.432373 576.522949
vt 1818.297974 557.447754
vt 1816.659302 529.081848
vt 1833.549438 537.728943
vt 1837.950684 510.155243
vt 1849.085571 484.930450
vt 1864.571045 497.606689
vt 1849.014893 517.701172
vt 1880.096069 477.411255
vt 1862.174072 464.884674
vt 1834.633179 466.353882
vt 1844.309326 452.704773
vt 1826.453491 440.774597
vt 1808.532349 429.060150
vt 1795.395386 525.649414
vt 1789.390259 594.675537
vt 1772.494263 591.575256
vt 1758.179688 575.037292
vt 1757.532471 605.410706
vt 1776.104248 611.759583
vt 1763.041748 628.161316
vt 1751.099731 619.891724
vt 1744.463989 615.148621
vt 1739.082764 593.820801
vt 1733.159790 606.910522
vt 1726.990845 602.351501
vt 1721.171509 585.549438
vt 1732.385010 565.049805
vt 1733.522949 533.945557
vt 1704.798218 585.842834
vt 1698.900879 581.428894
vt 1715.920532 594.139832
vt 1778.912354 439.173767
vt 1790.505249 417.595917
vt 1762.265381 425.907593
vt 1754.587524 449.278625
vt 1731.771973 434.368469
vt 1705.304810 456.661774
vt 1703.500244 428.462646
vt 1719.354248 404.330200
vt 1694.928345 405.785278
vt 1704.931152 391.947083
vt 1718.364014 374.358734
vt 1686.934082 382.763214
vt 1700.868164 364.179321
vt 1736.260986 384.803009
vt 1746.053223 408.635681
vt 1754.349731 395.500824
vt 1772.424438 406.412750
vt 1673.155518 401.505890
vt 1681.343140 424.053680
vt 1659.469604 420.177826
vt 1668.715820 443.101532
vt 1688.042114 443.387543
vt 1681.077759 462.431396
vt 1656.892578 467.748352
vt 1646.112305 438.577850
vt 1633.293823 456.380768
vt 1638.209595 486.438416
vt 1621.269775 473.174530
vt 1622.931641 502.997803
vt 1639.673584 516.231812
vt 1626.504272 525.414673
vt 1615.480347 516.598389
vt 1610.266602 512.451721
vt 1610.042603 488.848877
vt 1599.293457 503.804504
vt 1631.857910 529.674561
vt 1642.914795 538.445679
vt 1648.430420 542.779053
vt 1692.385498 476.251953
vt 1315.459595 1022.463745
vt 1341.571899 1026.936768
vt 1320.171631 1049.307861
vt 1297.547729 1042.833374
vt 1293.343628 1022.831177
vt 1296.924072 1006.386475
vt 1275.468140 1008.336914
vt 1280.520386 1031.976074
vt 1258.362183 1030.329346
vt 1276.764893 1052.947876
vt 1297.315186 1073.208374
vt 1270.415894 1077.859863
vt 1281.037354 1101.639893
vt 1261.012207 1097.136230
vt 1249.162964 1079.992554
vt 1254.235840 1057.228638
vt 1234.336548 1061.848267
vt 1234.299316 1037.277954
vt 1232.232788 1012.133423
vt 1210.484497 1014.010925
vt 1215.712158 1046.726562
vt 1198.037476 1036.055908
vt 1188.622437 1015.782471
vt 1178.093750 1041.001099
vt 1166.647949 1017.541199
vt 1147.935181 1044.256958
vt 1144.523193 1019.360657
vt 1122.253174 1021.271912
vt 1124.976074 1046.024902
vt 1127.672119 1070.865723
vt 1149.781494 1068.358765
vt 1170.210693 1069.838745
vt 1153.772339 1088.238892
vt 1172.374023 1090.021973
vt 1192.074829 1093.609985
vt 1173.345215 1107.951782
vt 1195.485229 1123.729492
vt 1217.200073 1113.110962
vt 1217.231812 1139.751953
vt 1197.838013 1150.720215
vt 1172.608643 1136.987549
vt 1179.853271 1168.249268
vt 1156.376343 1158.193481
vt 1159.406616 1190.520020
vt 1138.757446 1171.410522
vt 1136.008545 1146.088379
vt 1150.318848 1135.414429
vt 1133.225464 1120.826416
vt 1152.459106 1114.309326
vt 1130.433472 1095.746948
vt 1141.598511 1196.791260
vt 1144.483521 1221.982300
vt 1166.111816 1219.668701
vt 1188.021240 1197.418213
vt 1187.476440 1217.322144
vt 1208.770386 1214.962646
vt 1210.817993 1196.158447
vt 1229.951538 1212.613037
vt 1223.620361 1181.012085
vt 1245.650391 1183.421753
vt 1234.321777 1158.254028
vt 1261.168701 1152.721802
vt 1239.163208 1131.301636
vt 1215.765869 1160.862305
vt 1261.689453 1119.875244
vt 1240.040771 1101.789917
vt 1216.682251 1086.772949
vt 1232.179077 1080.046509
vt 1219.427979 1067.833618
vt 1198.413818 1063.082642
vt 1284.864258 1130.388428
vt 1287.682617 1158.716553
vt 1272.178589 1185.513184
vt 1293.909302 1179.199707
vt 1305.617920 1164.188477
vt 1307.734375 1141.024658
vt 1327.710815 1160.978760
vt 1311.087402 1183.333008
vt 1332.703979 1187.642334
vt 1313.882568 1204.109253
vt 1293.028198 1206.062378
vt 1334.743530 1202.358765
vt 1355.422974 1200.933350
vt 1353.513062 1175.901489
vt 1351.539307 1150.950562
vt 1331.995850 1126.213013
vt 1349.587646 1126.061401
vt 1347.592407 1101.221313
vt 1331.610962 1097.478149
vt 1308.532959 1106.928467
vt 1324.546265 1076.114380
vt 1345.588867 1076.407227
vt 1343.593140 1051.661011
vt 1272.049561 1208.125000
vt 1251.032593 1210.322632
vt 1203.002686 1175.511108
vt 1253.889404 1010.270020
vt 1318.269531 1004.358521
vt 1339.545532 1002.225281
vt 969.723999 1074.666016
vt 986.066467 1084.159180
vt 966.551514 1101.965942
vt 946.625977 1080.242554
vt 960.956177 1053.401245
vt 988.102173 1055.747314
vt 973.868103 1026.641968
vt 998.661804 1024.868896
vt 1017.435364 1047.229004
vt 1011.209778 1081.476807
vt 1040.060425 1071.278564
vt 1033.841797 1097.674927
vt 1018.269592 1108.105957
vt 994.911133 1109.438354
vt 1012.786804 1126.391724
vt 1038.601685 1128.524170
vt 1016.523987 1151.775391
vt 996.158264 1137.334351
vt 998.742249 1154.413818
vt 1001.540588 1175.582397
vt 981.925415 1154.731689
vt 972.550659 1181.238159
vt 950.764893 1150.544800
vt 973.257935 1130.749390
vt 949.769592 1132.077881
vt 948.096802 1105.445801
vt 952.018616 1181.996094
vt 952.471436 1200.145386
vt 974.421082 1201.829346
vt 996.477722 1203.329590
vt 1018.570374 1204.559814
vt 1027.538452 1181.132202
vt 1040.539551 1205.476440
vt 1046.891113 1187.113281
vt 1062.359131 1206.258545
vt 1062.335083 1180.085449
vt 1042.225098 1163.470947
vt 1062.190796 1153.929077
vt 1061.809937 1127.648560
vt 1061.130737 1101.402710
vt 1060.315552 1075.304810
vt 1059.234741 1049.327637
vt 1037.242798 1048.483521
vt 1032.976807 1026.857422
vt 1058.043335 1023.603821
vt 1034.024414 997.923767
vt 1056.824097 998.099976
vt 1010.885803 997.922180
vt 1014.803162 1024.103760
vt 987.590759 998.360474
vt 964.420654 999.487183
vt 943.663757 1028.350220
vt 941.700256 1001.213928
vt 945.145508 1055.086060
vt 1756.807373 735.234192
vt 1775.955566 730.300720
vt 1760.033569 760.791931
vt 1783.250732 759.895325
vt 1763.442505 786.530029
vt 1787.808594 786.966064
vt 1767.132568 812.363525
vt 1795.895142 810.295715
vt 1808.257935 791.235535
vt 1818.234497 809.899780
vt 1808.535400 833.028320
vt 1834.454590 830.522156
vt 1823.727905 861.997925
vt 1793.342407 857.655640
vt 1809.699707 887.073242
vt 1779.514771 890.018677
vt 1775.150635 864.246216
vt 1770.992920 838.308044
vt 1787.038574 830.160217
vt 1805.517578 913.082458
vt 1826.911621 910.442261
vt 1830.102539 889.343323
vt 1848.282227 907.804260
vt 1842.984985 879.854614
vt 1865.338623 883.625793
vt 1848.836060 857.631042
vt 1870.734863 855.472107
vt 1857.426025 835.786499
vt 1881.445923 826.919250
vt 1852.857910 810.053406
vt 1878.386108 801.661438
vt 1855.708008 780.934814
vt 1875.395142 776.584534
vt 1860.166138 753.607788
vt 1872.436890 751.708801
vt 1869.451782 726.886719
vt 1850.922729 729.138000
vt 1866.592651 702.112610
vt 1844.411621 703.671326
vt 1827.956421 731.723267
vt 1821.995850 705.163330
vt 1802.953125 732.689880
vt 1810.909180 763.564514
vt 1838.861938 757.468445
vt 1830.735840 788.296387
vt 1799.373291 706.641113
vt 1776.572876 708.196472
vt 1753.714722 709.844910
vt 1833.714966 809.111328
vt 1884.579590 852.198792
vt 1887.641113 877.562012
vt 1890.699219 902.716187
vt 1869.528442 905.216797
vt 1784.057739 915.795593
vt 1872.105835 1539.831421
vt 1876.776367 1513.567749
vt 1894.735229 1538.410156
vt 1901.754150 1509.114136
vt 1917.159302 1537.029785
vt 1925.119751 1511.719727
vt 1939.434570 1535.778931
vt 1938.934326 1511.011963
vt 1938.309448 1486.615601
vt 1916.151367 1491.222534
vt 1915.422485 1463.772339
vt 1901.630127 1483.487427
vt 1883.540039 1487.888916
vt 1893.201904 1464.818604
vt 1870.993530 1465.867310
vt 1859.367310 1490.312988
vt 1851.466064 1515.673340
vt 1826.354370 1492.199585
vt 1848.829834 1466.968262
vt 1826.729980 1468.107056
vt 1826.262451 1517.153442
vt 1849.301514 1541.185791
vt 1826.477783 1542.484131
vt 1937.656250 1462.684570
vt 1396.489258 1829.741211
vt 1410.076050 1828.493652
vt 1397.203247 1854.537109
vt 1419.420654 1852.773193
vt 1432.244629 1828.178711
vt 1419.073730 1800.928833
vt 1395.872314 1805.348511
vt 1395.309692 1781.377319
vt 1417.298950 1779.555908
vt 1439.256104 1777.716797
vt 1443.182495 1806.463867
vt 1465.293091 1796.613037
vt 1459.757568 1828.237061
vt 1441.531006 1850.910156
vt 1463.493164 1849.001221
vt 1485.338257 1847.128296
vt 1486.989502 1818.091919
vt 1507.090332 1845.361084
vt 1509.081421 1817.065186
vt 1528.315430 1827.411133
vt 1528.765015 1843.576416
vt 1550.358521 1841.887451
vt 1550.140503 1817.895142
vt 1524.233765 1798.585449
vt 1551.851318 1788.510620
vt 1526.491333 1770.250122
vt 1504.812256 1772.106323
vt 1498.651123 1795.984619
vt 1483.034058 1773.967529
vt 1483.525513 1796.208740
vt 1461.179077 1775.847900
vt 1548.061157 1768.371704
vt 1569.542236 1766.466553
vt 1570.307129 1788.128906
vt 1585.683228 1787.388184
vt 1574.158936 1809.783936
vt 1596.022705 1807.299927
vt 1613.129150 1787.812256
vt 1613.897827 1812.588135
vt 1593.235474 1838.677368
vt 1614.602539 1837.177368
vt 1590.932007 1764.593750
vt 1612.236938 1762.715698
vt 1571.846313 1840.237793
vt 1289.697021 1781.490601
vt 1266.593384 1782.580811
vt 1288.122681 1757.376099
vt 1312.221313 1754.820801
vt 1311.516724 1729.858032
vt 1283.473022 1736.369629
vt 1287.934570 1705.407227
vt 1310.517944 1705.858887
vt 1264.411133 1730.429688
vt 1264.356323 1757.273438
vt 1238.900024 1753.455444
vt 1243.326660 1783.187744
vt 1220.133667 1783.130371
vt 1214.335083 1761.887817
vt 1218.161499 1731.678955
vt 1245.969238 1725.398193
vt 1241.415527 1705.924316
vt 1264.877075 1705.285034
vt 1217.738770 1707.335083
vt 1193.996704 1709.266602
vt 1196.210449 1733.714966
vt 1197.180664 1757.565796
vt 1197.343750 1782.488281
vt 1312.537598 1780.186157
vt 49.105614 1021.936829
vt 75.217529 1017.464172
vt 70.505440 1044.308350
vt 47.083992 1046.661255
vt 66.130684 1071.114990
vt 45.088093 1071.407837
vt 59.065941 1092.478882
vt 82.143990 1101.929321
vt 58.680897 1121.213989
vt 82.942451 1136.025757
vt 62.965919 1155.979980
vt 39.137417 1145.951660
vt 37.163498 1170.902710
vt 57.972546 1182.643555
vt 35.253212 1195.934692
vt 55.932724 1197.359985
vt 76.794113 1199.110596
vt 79.589340 1178.334229
vt 97.648674 1201.063477
vt 96.767639 1174.200806
vt 118.498604 1180.514282
vt 118.627678 1203.126221
vt 139.645035 1205.323608
vt 145.027115 1178.422729
vt 160.726364 1207.614014
vt 167.057281 1176.012939
vt 179.859909 1191.159180
vt 187.675186 1170.511841
vt 202.656769 1192.418823
vt 181.907867 1209.963501
vt 203.201279 1212.322754
vt 224.566025 1214.669312
vt 231.271698 1185.520752
vt 246.194214 1216.983032
vt 249.079941 1191.792236
vt 251.921661 1166.411499
vt 234.302109 1153.194336
vt 254.669952 1141.089111
vt 240.359406 1130.415283
vt 257.452942 1115.827148
vt 238.219131 1109.310181
vt 260.245056 1090.747925
vt 236.905975 1083.239868
vt 263.006683 1065.866699
vt 240.896896 1063.359741
vt 242.742966 1039.258179
vt 265.702301 1041.025879
vt 268.424713 1016.272766
vt 246.154739 1014.361816
vt 224.030014 1012.542358
vt 212.584259 1036.002197
vt 202.055313 1010.783569
vt 192.640259 1031.057007
vt 180.193115 1009.011963
vt 174.965515 1041.727539
vt 156.378220 1032.278809
vt 158.444901 1007.134399
vt 132.315262 1025.330078
vt 136.441528 1052.229492
vt 113.912354 1047.948730
vt 110.156891 1026.976807
vt 115.209145 1003.337585
vt 97.333611 1017.831787
vt 93.129387 1037.833984
vt 93.753082 1001.387085
vt 72.407700 999.358948
vt 51.131538 997.225220
vt 136.787994 1005.270752
vt 93.361900 1068.209106
vt 120.261360 1072.860718
vt 109.639755 1096.640747
vt 105.812881 1125.389404
vt 128.987808 1114.876221
vt 129.508514 1147.722778
vt 102.994415 1153.717529
vt 85.058907 1159.189575
vt 151.514313 1126.302612
vt 156.355728 1153.254883
vt 173.445892 1134.752930
vt 174.911865 1155.863281
vt 192.839874 1145.720947
vt 210.824875 1163.250000
vt 218.069504 1131.988403
vt 195.192627 1118.730347
vt 217.332932 1102.952637
vt 198.603058 1088.610962
vt 218.304092 1085.022949
vt 220.467377 1064.839844
vt 192.264038 1058.083618
vt 173.995483 1081.773804
vt 173.477615 1108.111816
vt 150.636719 1096.790771
vt 158.498428 1075.047485
vt 171.249664 1062.834473
vt 156.340958 1056.849121
vt 141.514359 1074.993408
vt 129.665070 1092.137085
vt 41.089016 1121.062378
vt 43.084377 1096.222046
vt 848.998169 1084.158813
vt 865.342285 1074.665771
vt 868.515015 1101.965698
vt 840.153625 1109.437866
vt 823.853088 1081.476074
vt 816.793091 1108.105103
vt 801.219238 1097.673706
vt 796.459290 1128.522827
vt 773.928467 1101.401367
vt 795.000366 1071.277100
vt 774.742737 1075.303101
vt 775.824036 1049.325439
vt 797.818054 1048.482178
vt 817.627625 1047.228149
vt 802.084229 1026.856445
vt 820.259705 1024.103149
vt 836.402771 1024.868530
vt 846.962524 1055.747070
vt 861.197571 1026.641968
vt 847.473877 998.360291
vt 824.177673 997.921814
vt 870.644836 999.487366
vt 891.403015 1028.349976
vt 893.366028 1001.214417
vt 874.110229 1053.401001
vt 889.922729 1055.085693
vt 888.441711 1080.242065
vt 801.038147 997.922668
vt 777.015991 1023.601013
vt 778.237366 998.097107
vt 773.248840 1127.647217
vt 772.868408 1153.927490
vt 792.835938 1163.469482
vt 772.724365 1180.083740
vt 788.170044 1187.111572
vt 772.701355 1206.256470
vt 794.522400 1205.474609
vt 807.524292 1181.130737
vt 816.492432 1204.558472
vt 833.523621 1175.581421
vt 838.585815 1203.328735
vt 862.515015 1181.238525
vt 860.643250 1201.829834
vt 882.593994 1200.147583
vt 883.048889 1181.997437
vt 884.302368 1150.545288
vt 853.140686 1154.731445
vt 861.808472 1130.749146
vt 838.906494 1137.333862
vt 822.276245 1126.390869
vt 818.538513 1151.774170
vt 836.322083 1154.413086
vt 885.298340 1132.077515
vt 886.971558 1105.445435
vt 1868.465698 1024.300049
vt 1887.615723 1029.232910
vt 1884.389526 1054.791138
vt 1861.170776 1053.895142
vt 1841.467041 1026.689819
vt 1833.510620 1057.564575
vt 1816.462524 1025.723267
vt 1822.423340 999.163330
vt 1800.006714 997.671204
vt 1793.494873 1023.137756
vt 1777.824219 996.112183
vt 1774.963989 1020.886292
vt 1784.250854 1047.607422
vt 1805.556396 1051.468262
vt 1788.708740 1074.934326
vt 1769.020020 1070.583740
vt 1771.978027 1045.708252
vt 1766.028931 1095.660522
vt 1791.558228 1104.052979
vt 1762.968750 1120.918335
vt 1786.990234 1129.785889
vt 1773.680664 1149.471313
vt 1795.580933 1151.630371
vt 1809.963135 1124.521484
vt 1820.690674 1155.997437
vt 1835.883911 1127.027832
vt 1851.077515 1151.655151
vt 1834.719849 1181.072632
vt 1864.905884 1184.018066
vt 1869.270874 1158.245850
vt 1873.429321 1132.308228
vt 1857.382202 1124.160034
vt 1877.289429 1106.363525
vt 1848.525513 1104.295410
vt 1856.612915 1080.965820
vt 1880.980713 1080.529785
vt 1836.161865 1085.235352
vt 1826.184814 1103.899414
vt 1813.682251 1082.296265
vt 1810.702637 1103.110962
vt 1838.901489 1207.081543
vt 1817.506592 1204.441650
vt 1814.315796 1183.342773
vt 1796.134644 1201.803467
vt 1801.432129 1173.853882
vt 1779.077148 1177.625000
vt 1774.887329 1199.216064
vt 1753.715698 1196.715332
vt 1756.773071 1171.561157
vt 1759.833984 1146.197876
vt 1860.361816 1209.794312
vt 1845.046509 1000.640991
vt 1867.847412 1002.195679
vt 1890.706421 1003.843140
vt 1888.923706 1649.566650
vt 1893.594482 1675.830200
vt 1870.964478 1674.409180
vt 1863.944702 1645.113159
vt 1882.159912 1623.888184
vt 1864.068604 1619.486816
vt 1872.497559 1600.817993
vt 1894.706787 1601.866577
vt 1906.333862 1626.312256
vt 1916.871582 1602.967529
vt 1939.347656 1628.198975
vt 1938.972656 1604.106323
vt 1914.235107 1651.672363
vt 1939.439941 1653.152954
vt 1916.399292 1677.184570
vt 1939.223755 1678.483521
vt 1850.275757 1599.771973
vt 1849.546143 1627.222046
vt 1827.386719 1622.614868
vt 1840.577393 1647.719238
vt 1826.760498 1647.011597
vt 1826.262817 1671.778931
vt 1848.539429 1673.029175
vt 1828.041138 1598.683716
vt 745.838562 1770.492554
vt 759.427185 1771.740356
vt 758.710205 1796.536499
vt 736.492798 1794.772095
vt 723.669312 1770.177612
vt 736.840454 1742.927734
vt 760.042847 1747.347168
vt 760.604309 1723.375854
vt 738.614746 1721.554688
vt 716.657471 1719.715820
vt 712.731323 1748.462891
vt 690.620544 1738.612183
vt 694.734253 1717.846924
vt 672.879028 1715.966797
vt 672.387817 1738.207886
vt 657.261597 1737.983887
vt 668.923889 1760.090942
vt 646.831604 1759.064453
vt 631.678833 1740.584839
vt 627.597351 1769.410400
vt 605.772034 1759.894531
vt 605.554138 1783.886719
vt 627.147705 1785.575806
vt 648.822754 1787.360229
vt 584.066223 1782.237183
vt 581.753357 1751.783325
vt 604.061523 1730.510132
vt 585.605164 1730.128540
vt 586.370239 1708.466309
vt 607.851624 1710.371216
vt 629.421509 1712.249634
vt 651.100586 1714.105713
vt 570.228333 1729.387817
vt 564.980164 1706.593506
vt 542.781921 1729.812012
vt 543.675049 1704.715454
vt 559.888977 1749.299683
vt 542.013245 1754.588257
vt 562.677002 1780.676880
vt 541.309692 1779.177368
vt 670.574768 1789.127319
vt 696.155884 1770.236084
vt 692.419983 1791.000244
vt 714.382446 1792.909058
vt 385.943420 1725.578735
vt 362.838806 1724.488403
vt 364.413055 1700.374268
vt 388.181061 1700.271729
vt 409.211212 1726.186279
vt 413.638489 1696.454102
vt 432.405151 1726.129272
vt 438.204529 1704.886841
vt 455.195801 1725.487915
vt 455.359924 1700.564819
vt 434.378052 1674.677979
vt 456.330170 1676.713745
vt 458.542877 1652.265259
vt 434.800323 1650.334229
vt 411.122833 1648.923462
vt 406.569214 1668.397095
vt 387.660034 1648.284058
vt 388.126099 1673.428345
vt 364.601044 1648.406006
vt 369.062897 1679.368164
vt 341.017731 1672.856567
vt 342.016083 1648.857300
vt 340.312714 1697.819458
vt 339.997192 1723.184692
s 0
usemtl material_0.230
f 1/1/1 2/2/1 3/3/1
f 3/3/2 4/4/2 1/1/2
f 5/5/3 1/1/3 4/4/3
f 6/6/4 5/5/4 4/4/4
f 4/4/5 7/7/5 6/6/5
f 6/6/6 7/7/6 8/8/6
f 8/8/7 9/9/7 6/6/7
f 9/9/8 10/10/8 6/6/8
f 6/6/9 10/10/9 11/11/9
f 12/12/10 11/11/10 10/10/10
f 12/12/11 10/10/11 13/13/11
f 13/13/12 14/14/12 12/12/12
f 12/12/13 14/14/13 15/15/13
f 12/12/14 15/15/14 16/16/14
f 16/16/15 15/15/15 17/17/15
f 17/17/16 18/18/16 16/16/16
f 16/16/17 18/18/17 11/11/17
f 11/11/18 18/18/18 5/5/18
f 19/19/19 5/5/19 18/18/19
f 19/19/20 18/18/20 20/20/20
f 21/21/21 19/19/21 20/20/21
f 22/22/22 21/21/22 20/20/22
f 22/22/23 20/20/23 23/23/23
f 23/23/24 24/24/24 22/22/24
f 22/22/25 24/24/25 25/25/25
f 25/25/26 26/26/26 22/22/26
f 27/27/27 26/26/27 25/25/27
f 25/25/28 28/28/28 27/27/28
f 28/28/29 29/29/29 27/27/29
f 30/30/30 27/27/30 29/29/30
f 31/31/31 29/29/31 28/28/31
f 32/32/32 28/28/32 25/25/32
f 26/26/33 27/27/33 30/30/33
f 33/33/34 26/26/34 30/30/34
f 21/21/35 26/26/35 33/33/35
f 21/21/36 33/33/36 34/34/36
f 34/34/37 33/33/37 35/35/37
f 35/35/38 36/36/38 34/34/38
f 36/36/39 37/37/39 34/34/39
f 34/34/40 37/37/40 19/19/40
f 2/2/41 37/37/41 36/36/41
f 38/38/42 2/2/42 36/36/42
f 39/39/43 2/2/43 38/38/43
f 2/2/44 39/39/44 40/40/44
f 40/40/45 39/39/45 41/41/45
f 41/41/46 42/42/46 40/40/46
f 40/40/47 42/42/47 43/43/47
f 44/44/48 40/40/48 43/43/48
f 43/43/49 45/45/49 44/44/49
f 46/46/50 44/44/50 45/45/50
f 45/45/51 47/47/51 46/46/51
f 47/47/52 48/48/52 46/46/52
f 48/48/53 49/49/53 46/46/53
f 50/50/54 49/49/54 48/48/54
f 51/51/55 50/50/55 48/48/55
f 48/48/56 52/52/56 51/51/56
f 53/53/57 51/51/57 52/52/57
f 54/54/58 51/51/58 53/53/58
f 53/53/59 55/55/59 54/54/59
f 55/55/60 56/56/60 54/54/60
f 54/54/61 56/56/61 57/57/61
f 57/57/62 58/58/62 54/54/62
f 57/57/63 59/59/63 58/58/63
f 58/58/64 59/59/64 60/60/64
f 60/60/65 8/8/65 58/58/65
f 58/58/66 8/8/66 50/50/66
f 59/59/67 61/61/67 60/60/67
f 60/60/68 61/61/68 9/9/68
f 59/59/69 62/62/69 61/61/69
f 61/61/70 62/62/70 63/63/70
f 10/10/71 61/61/71 63/63/71
f 63/63/72 62/62/72 64/64/72
f 65/65/73 63/63/73 64/64/73
f 65/65/74 64/64/74 66/66/74
f 66/66/75 67/67/75 65/65/75
f 67/67/76 13/13/76 65/65/76
f 68/68/77 67/67/77 66/66/77
f 67/67/78 68/68/78 69/69/78
f 69/69/79 70/70/79 67/67/79
f 67/67/80 70/70/80 14/14/80
f 70/70/81 71/71/81 14/14/81
f 70/70/82 72/72/82 71/71/82
f 71/71/83 72/72/83 73/73/83
f 71/71/84 73/73/84 74/74/84
f 71/71/85 74/74/85 15/15/85
f 74/74/86 73/73/86 75/75/86
f 24/24/87 74/74/87 75/75/87
f 75/75/88 76/76/88 24/24/88
f 24/24/89 76/76/89 77/77/89
f 77/77/90 32/32/90 24/24/90
f 76/76/91 75/75/91 78/78/91
f 78/78/92 75/75/92 73/73/92
f 73/73/93 72/72/93 78/78/93
f 78/78/94 72/72/94 79/79/94
f 72/72/95 80/80/95 79/79/95
f 81/81/96 80/80/96 72/72/96
f 81/81/97 72/72/97 69/69/97
f 69/69/98 82/82/98 81/81/98
f 81/81/99 82/82/99 83/83/99
f 81/81/100 83/83/100 80/80/100
f 80/80/101 83/83/101 84/84/101
f 69/69/102 72/72/102 70/70/102
f 69/69/103 68/68/103 82/82/103
f 66/66/104 64/64/104 85/85/104
f 13/13/105 63/63/105 65/65/105
f 64/64/106 62/62/106 85/85/106
f 85/85/107 62/62/107 86/86/107
f 62/62/108 87/87/108 86/86/108
f 86/86/109 87/87/109 88/88/109
f 56/56/110 88/88/110 87/87/110
f 89/89/111 88/88/111 56/56/111
f 87/87/112 62/62/112 59/59/112
f 59/59/113 57/57/113 87/87/113
f 87/87/114 57/57/114 56/56/114
f 56/56/115 55/55/115 89/89/115
f 89/89/116 55/55/116 90/90/116
f 91/91/117 90/90/117 55/55/117
f 92/92/118 90/90/118 91/91/118
f 91/91/119 55/55/119 53/53/119
f 54/54/120 58/58/120 51/51/120
f 93/93/121 52/52/121 48/48/121
f 58/58/122 50/50/122 51/51/122
f 50/50/123 7/7/123 49/49/123
f 7/7/124 44/44/124 49/49/124
f 3/3/125 44/44/125 7/7/125
f 93/93/126 48/48/126 47/47/126
f 94/94/127 47/47/127 45/45/127
f 45/45/128 95/95/128 94/94/128
f 94/94/129 95/95/129 96/96/129
f 96/96/130 95/95/130 97/97/130
f 97/97/131 95/95/131 98/98/131
f 43/43/132 98/98/132 95/95/132
f 49/49/133 44/44/133 46/46/133
f 95/95/134 45/45/134 43/43/134
f 3/3/135 40/40/135 44/44/135
f 42/42/136 98/98/136 43/43/136
f 38/38/137 36/36/137 35/35/137
f 24/24/138 32/32/138 25/25/138
f 23/23/139 74/74/139 24/24/139
f 99/99/140 74/74/140 23/23/140
f 17/17/141 74/74/141 99/99/141
f 23/23/142 20/20/142 99/99/142
f 26/26/143 21/21/143 22/22/143
f 34/34/144 19/19/144 21/21/144
f 20/20/145 18/18/145 99/99/145
f 37/37/146 5/5/146 19/19/146
f 99/99/147 18/18/147 17/17/147
f 15/15/148 74/74/148 17/17/148
f 14/14/149 71/71/149 15/15/149
f 14/14/150 13/13/150 67/67/150
f 13/13/151 10/10/151 63/63/151
f 16/16/152 11/11/152 12/12/152
f 9/9/153 61/61/153 10/10/153
f 60/60/154 9/9/154 8/8/154
f 8/8/155 7/7/155 50/50/155
f 11/11/156 5/5/156 6/6/156
f 37/37/157 1/1/157 5/5/157
f 7/7/158 4/4/158 3/3/158
f 3/3/159 2/2/159 40/40/159
f 1/1/160 37/37/160 2/2/160
f 39/100/161 38/101/161 100/102/161
f 39/100/162 100/102/162 41/103/162
f 41/103/163 100/102/163 101/104/163
f 101/104/164 42/105/164 41/103/164
f 102/106/165 42/105/165 101/104/165
f 102/106/166 101/104/166 103/107/166
f 103/107/167 104/108/167 102/106/167
f 102/106/168 104/108/168 105/109/168
f 98/110/169 102/106/169 105/109/169
f 106/111/170 98/110/170 105/109/170
f 97/112/171 98/110/171 106/111/171
f 104/108/172 106/111/172 105/109/172
f 107/113/173 106/111/173 104/108/173
f 107/113/174 104/108/174 108/114/174
f 108/114/175 104/108/175 109/115/175
f 109/115/176 104/108/176 110/116/176
f 110/116/177 104/108/177 103/107/177
f 110/116/178 103/107/178 111/117/178
f 111/117/179 103/107/179 112/118/179
f 111/117/180 112/118/180 113/119/180
f 113/119/181 112/118/181 114/120/181
f 114/120/182 115/121/182 113/119/182
f 116/122/183 115/121/183 114/120/183
f 114/120/184 117/123/184 116/122/184
f 118/124/185 116/122/185 117/123/185
f 118/124/186 117/123/186 35/125/186
f 118/124/187 35/125/187 119/126/187
f 119/126/188 120/127/188 118/124/188
f 121/128/189 120/127/189 119/126/189
f 119/126/190 122/129/190 121/128/190
f 121/128/191 122/129/191 123/130/191
f 121/128/192 123/130/192 124/131/192
f 125/132/193 121/128/193 124/131/193
f 124/131/194 123/130/194 126/133/194
f 127/134/195 126/133/195 123/130/195
f 127/134/196 123/130/196 128/135/196
f 129/136/197 127/134/197 128/135/197
f 128/135/198 31/137/198 129/136/198
f 29/138/199 31/137/199 128/135/199
f 122/129/200 29/138/200 128/135/200
f 30/139/201 29/138/201 122/129/201
f 130/140/202 127/134/202 129/136/202
f 130/140/203 131/141/203 127/134/203
f 132/142/204 131/141/204 130/140/204
f 131/141/205 126/133/205 127/134/205
f 128/135/206 123/130/206 122/129/206
f 119/126/207 30/139/207 122/129/207
f 33/143/208 30/139/208 119/126/208
f 120/127/209 121/128/209 125/132/209
f 125/132/210 115/121/210 120/127/210
f 119/126/211 35/125/211 33/143/211
f 35/125/212 117/123/212 38/101/212
f 120/127/213 116/122/213 118/124/213
f 100/102/214 117/123/214 114/120/214
f 120/127/215 115/121/215 116/122/215
f 114/120/216 112/118/216 100/102/216
f 103/107/217 101/104/217 112/118/217
f 42/105/218 102/106/218 98/110/218
f 100/102/219 112/118/219 101/104/219
f 100/102/220 38/101/220 117/123/220
f 133/144/221 134/145/221 135/146/221
f 133/144/222 135/146/222 136/147/222
f 136/147/223 137/148/223 133/144/223
f 138/149/224 137/148/224 136/147/224
f 138/149/225 136/147/225 139/150/225
f 138/149/226 139/150/226 140/151/226
f 141/152/227 138/149/227 140/151/227
f 141/152/228 140/151/228 142/153/228
f 142/153/229 143/154/229 141/152/229
f 141/152/230 143/154/230 144/155/230
f 144/155/231 137/148/231 141/152/231
f 145/156/232 137/148/232 144/155/232
f 146/157/233 145/156/233 144/155/233
f 144/155/234 147/158/234 146/157/234
f 147/158/235 148/159/235 146/157/235
f 148/159/236 149/160/236 146/157/236
f 146/157/237 149/160/237 150/161/237
f 149/160/238 151/162/238 150/161/238
f 150/161/239 151/162/239 152/163/239
f 134/145/240 150/161/240 152/163/240
f 153/164/241 134/145/241 152/163/241
f 153/164/242 152/163/242 154/165/242
f 155/166/243 153/164/243 154/165/243
f 155/166/244 154/165/244 156/167/244
f 156/167/245 154/165/245 157/168/245
f 157/168/246 158/169/246 156/167/246
f 156/167/247 158/169/247 159/170/247
f 157/168/248 160/171/248 158/169/248
f 161/172/249 160/171/249 157/168/249
f 162/173/250 160/171/250 161/172/250
f 162/173/251 161/172/251 149/160/251
f 163/174/252 160/171/252 162/173/252
f 164/175/253 163/174/253 162/173/253
f 164/175/254 162/173/254 148/159/254
f 148/159/255 165/176/255 164/175/255
f 164/175/256 165/176/256 166/177/256
f 166/177/257 167/178/257 164/175/257
f 164/175/258 167/178/258 168/179/258
f 166/177/259 169/180/259 167/178/259
f 170/181/260 169/180/260 166/177/260
f 170/181/261 166/177/261 171/182/261
f 170/181/262 171/182/262 172/183/262
f 172/183/263 171/182/263 173/184/263
f 173/184/264 174/185/264 172/183/264
f 172/183/265 174/185/265 175/186/265
f 172/183/266 175/186/266 176/187/266
f 169/180/267 172/183/267 176/187/267
f 176/187/268 175/186/268 177/188/268
f 173/184/269 178/189/269 174/185/269
f 174/185/270 178/189/270 179/190/270
f 178/189/271 180/191/271 179/190/271
f 179/190/272 180/191/272 181/192/272
f 180/191/273 182/193/273 181/192/273
f 183/194/274 182/193/274 180/191/274
f 183/194/275 180/191/275 184/195/275
f 185/196/276 183/194/276 184/195/276
f 184/195/277 186/197/277 185/196/277
f 185/196/278 186/197/278 187/198/278
f 188/199/279 185/196/279 187/198/279
f 188/199/280 187/198/280 189/200/280
f 190/201/281 188/199/281 189/200/281
f 190/201/282 189/200/282 191/202/282
f 191/202/283 189/200/283 192/203/283
f 192/203/284 80/204/284 191/202/284
f 191/202/285 80/204/285 84/205/285
f 192/203/286 79/206/286 80/204/286
f 193/207/287 79/206/287 192/203/287
f 192/203/288 194/208/288 193/207/288
f 193/207/289 194/208/289 195/209/289
f 195/209/290 194/208/290 196/210/290
f 197/211/291 195/209/291 196/210/291
f 196/210/292 198/212/292 197/211/292
f 197/211/293 198/212/293 199/213/293
f 199/213/294 200/214/294 197/211/294
f 200/214/295 201/215/295 197/211/295
f 202/216/296 201/215/296 200/214/296
f 202/216/297 200/214/297 203/217/297
f 32/218/298 202/216/298 203/217/298
f 203/217/299 28/219/299 32/218/299
f 204/220/300 28/219/300 203/217/300
f 203/217/301 205/221/301 204/220/301
f 205/221/302 206/222/302 204/220/302
f 204/220/303 206/222/303 207/223/303
f 208/224/304 206/222/304 205/221/304
f 205/221/305 209/225/305 208/224/305
f 209/225/306 136/147/306 208/224/306
f 208/224/307 136/147/307 210/226/307
f 210/226/308 211/227/308 208/224/308
f 212/228/309 211/227/309 210/226/309
f 210/226/310 213/229/310 212/228/310
f 135/146/311 213/229/311 210/226/311
f 135/146/312 214/230/312 213/229/312
f 215/231/313 214/230/313 135/146/313
f 215/231/314 216/232/314 214/230/314
f 153/164/315 216/232/315 215/231/315
f 217/233/316 209/225/316 205/221/316
f 217/233/317 200/214/317 209/225/317
f 209/225/318 200/214/318 139/150/318
f 211/227/319 206/222/319 208/224/319
f 217/233/320 205/221/320 203/217/320
f 204/220/321 207/223/321 28/219/321
f 28/219/322 207/223/322 31/234/322
f 77/235/323 202/216/323 32/218/323
f 77/235/324 76/236/324 202/216/324
f 203/217/325 200/214/325 217/233/325
f 202/216/326 76/236/326 201/215/326
f 76/236/327 78/237/327 201/215/327
f 201/215/328 78/237/328 195/209/328
f 78/237/329 79/206/329 195/209/329
f 139/150/330 200/214/330 199/213/330
f 198/212/331 140/151/331 199/213/331
f 186/197/332 140/151/332 198/212/332
f 201/215/333 195/209/333 197/211/333
f 194/208/334 198/212/334 196/210/334
f 187/198/335 198/212/335 194/208/335
f 195/209/336 79/206/336 193/207/336
f 189/200/337 194/208/337 192/203/337
f 218/238/338 188/199/338 190/201/338
f 219/239/339 188/199/339 218/238/339
f 220/240/340 188/199/340 219/239/340
f 220/240/341 219/239/341 183/194/341
f 189/200/342 187/198/342 194/208/342
f 220/240/343 185/196/343 188/199/343
f 187/198/344 186/197/344 198/212/344
f 142/153/345 186/197/345 184/195/345
f 221/241/346 142/153/346 184/195/346
f 220/240/347 183/194/347 185/196/347
f 184/195/348 180/191/348 221/241/348
f 183/194/349 219/239/349 182/193/349
f 178/189/350 221/241/350 180/191/350
f 222/242/351 221/241/351 178/189/351
f 222/242/352 147/158/352 221/241/352
f 221/241/353 147/158/353 143/154/353
f 222/242/354 165/176/354 147/158/354
f 171/182/355 165/176/355 222/242/355
f 178/189/356 173/184/356 222/242/356
f 222/242/357 173/184/357 171/182/357
f 170/181/358 172/183/358 169/180/358
f 171/182/359 166/177/359 165/176/359
f 168/179/360 163/174/360 164/175/360
f 157/168/361 154/165/361 161/172/361
f 161/172/362 154/165/362 151/162/362
f 216/232/363 153/164/363 155/166/363
f 215/231/364 134/145/364 153/164/364
f 145/156/365 150/161/365 134/145/365
f 154/165/366 152/163/366 151/162/366
f 149/160/367 161/172/367 151/162/367
f 148/159/368 162/173/368 149/160/368
f 165/176/369 148/159/369 147/158/369
f 150/161/370 145/156/370 146/157/370
f 134/145/371 137/148/371 145/156/371
f 143/154/372 147/158/372 144/155/372
f 143/154/373 142/153/373 221/241/373
f 142/153/374 140/151/374 186/197/374
f 140/151/375 139/150/375 199/213/375
f 139/150/376 136/147/376 209/225/376
f 137/148/377 138/149/377 141/152/377
f 136/147/378 135/146/378 210/226/378
f 135/146/379 134/145/379 215/231/379
f 133/144/380 137/148/380 134/145/380
f 156/243/381 159/244/381 223/245/381
f 223/245/382 155/246/382 156/243/382
f 224/247/383 155/246/383 223/245/383
f 225/248/384 224/247/384 223/245/384
f 226/249/385 225/248/385 223/245/385
f 227/250/386 225/248/386 226/249/386
f 227/250/387 228/251/387 225/248/387
f 228/251/388 229/252/388 225/248/388
f 230/253/389 229/252/389 228/251/389
f 231/254/390 229/252/390 230/253/390
f 232/255/391 229/252/391 231/254/391
f 233/256/392 232/255/392 231/254/392
f 234/257/393 232/255/393 233/256/393
f 233/256/394 235/258/394 234/257/394
f 234/257/395 235/258/395 236/259/395
f 236/259/396 237/260/396 234/257/396
f 234/257/397 237/260/397 238/261/397
f 213/262/398 238/261/398 237/260/398
f 239/263/399 213/262/399 237/260/399
f 212/264/400 213/262/400 239/263/400
f 239/263/401 211/265/401 212/264/401
f 240/266/402 211/265/402 239/263/402
f 240/266/403 239/263/403 241/267/403
f 240/266/404 241/267/404 242/268/404
f 206/269/405 240/266/405 242/268/405
f 242/268/406 243/270/406 206/269/406
f 206/269/407 243/270/407 207/271/407
f 243/270/408 129/272/408 207/271/408
f 207/271/409 129/272/409 31/273/409
f 129/272/410 243/270/410 130/274/410
f 130/274/411 243/270/411 244/275/411
f 130/274/412 244/275/412 132/276/412
f 132/276/413 244/275/413 245/277/413
f 244/275/414 246/278/414 245/277/414
f 245/277/415 246/278/415 247/279/415
f 246/278/416 241/267/416 247/279/416
f 247/279/417 241/267/417 248/280/417
f 241/267/418 249/281/418 248/280/418
f 248/280/419 249/281/419 250/282/419
f 236/259/420 250/282/420 249/281/420
f 249/281/421 239/263/421 236/259/421
f 246/278/422 244/275/422 242/268/422
f 242/268/423 244/275/423 243/270/423
f 242/268/424 241/267/424 246/278/424
f 241/267/425 239/263/425 249/281/425
f 211/265/426 240/266/426 206/269/426
f 214/283/427 238/261/427 213/262/427
f 214/283/428 251/284/428 238/261/428
f 251/284/429 232/255/429 238/261/429
f 251/284/430 224/247/430 232/255/430
f 216/285/431 251/284/431 214/283/431
f 216/285/432 155/246/432 251/284/432
f 236/259/433 239/263/433 237/260/433
f 235/258/434 250/282/434 236/259/434
f 238/261/435 232/255/435 234/257/435
f 232/255/436 224/247/436 229/252/436
f 252/286/437 228/251/437 227/250/437
f 229/252/438 224/247/438 225/248/438
f 251/284/439 155/246/439 224/247/439
f 223/245/440 159/244/440 226/249/440
f 90/287/441 92/288/441 253/289/441
f 253/289/442 254/290/442 90/287/442
f 90/287/443 254/290/443 89/291/443
f 89/291/444 254/290/444 88/292/444
f 88/292/445 254/290/445 255/293/445
f 255/293/446 86/294/446 88/292/446
f 256/295/447 86/294/447 255/293/447
f 256/295/448 255/293/448 257/296/448
f 256/295/449 257/296/449 258/297/449
f 258/297/450 257/296/450 259/298/450
f 260/299/451 258/297/451 259/298/451
f 260/299/452 259/298/452 261/300/452
f 262/301/453 260/299/453 261/300/453
f 262/301/454 261/300/454 263/302/454
f 263/302/455 264/303/455 262/301/455
f 264/303/456 265/304/456 262/301/456
f 262/301/457 265/304/457 266/305/457
f 265/304/458 267/306/458 266/305/458
f 266/305/459 267/306/459 268/307/459
f 268/307/460 269/308/460 266/305/460
f 266/305/461 269/308/461 260/299/461
f 268/307/462 66/309/462 269/308/462
f 66/309/463 85/310/463 269/308/463
f 269/308/464 85/310/464 258/297/464
f 85/310/465 86/294/465 258/297/465
f 68/311/466 66/309/466 268/307/466
f 268/307/467 82/312/467 68/311/467
f 267/306/468 82/312/468 268/307/468
f 82/312/469 267/306/469 83/313/469
f 83/313/470 267/306/470 270/314/470
f 83/313/471 270/314/471 84/315/471
f 84/315/472 270/314/472 271/316/472
f 270/314/473 272/317/473 271/316/473
f 273/318/474 272/317/474 270/314/474
f 273/318/475 270/314/475 265/304/475
f 273/318/476 274/319/476 272/317/476
f 275/320/477 274/319/477 273/318/477
f 273/318/478 264/303/478 275/320/478
f 276/321/479 275/320/479 264/303/479
f 277/322/480 275/320/480 276/321/480
f 278/323/481 277/322/481 276/321/481
f 278/323/482 276/321/482 279/324/482
f 278/323/483 279/324/483 280/325/483
f 280/325/484 281/326/484 278/323/484
f 282/327/485 281/326/485 280/325/485
f 282/327/486 280/325/486 283/328/486
f 283/328/487 284/329/487 282/327/487
f 282/327/488 284/329/488 285/330/488
f 286/331/489 284/329/489 283/328/489
f 283/328/490 287/332/490 286/331/490
f 283/328/491 288/333/491 287/332/491
f 288/333/492 283/328/492 289/334/492
f 289/334/493 290/335/493 288/333/493
f 289/334/494 291/336/494 290/335/494
f 291/336/495 289/334/495 292/337/495
f 291/336/496 292/337/496 293/338/496
f 292/337/497 294/339/497 293/338/497
f 294/339/498 292/337/498 295/340/498
f 294/339/499 295/340/499 296/341/499
f 295/340/500 297/342/500 296/341/500
f 297/342/501 295/340/501 298/343/501
f 298/343/502 299/344/502 297/342/502
f 298/343/503 300/345/503 299/344/503
f 300/345/504 298/343/504 301/346/504
f 301/346/505 302/347/505 300/345/505
f 303/348/506 302/347/506 301/346/506
f 301/346/507 304/349/507 303/348/507
f 303/348/508 304/349/508 305/350/508
f 304/349/509 306/351/509 305/350/509
f 306/351/510 304/349/510 307/352/510
f 306/351/511 307/352/511 308/353/511
f 309/354/512 308/353/512 307/352/512
f 307/352/513 310/355/513 309/354/513
f 309/354/514 310/355/514 311/356/514
f 310/355/515 312/357/515 311/356/515
f 312/357/516 310/355/516 313/358/516
f 312/357/517 313/358/517 314/359/517
f 313/358/518 310/355/518 315/360/518
f 315/360/519 310/355/519 316/361/519
f 315/360/520 316/361/520 317/362/520
f 317/362/521 316/361/521 318/363/521
f 318/363/522 319/364/522 317/362/522
f 317/362/523 319/364/523 320/365/523
f 319/364/524 321/366/524 320/365/524
f 320/365/525 321/366/525 322/367/525
f 321/366/526 323/368/526 322/367/526
f 322/367/527 323/368/527 324/369/527
f 323/368/528 253/289/528 324/369/528
f 324/369/529 253/289/529 325/370/529
f 323/368/530 326/371/530 253/289/530
f 323/368/531 327/372/531 326/371/531
f 328/373/532 326/371/532 327/372/532
f 327/372/533 329/374/533 328/373/533
f 328/373/534 329/374/534 330/375/534
f 330/375/535 331/376/535 328/373/535
f 328/373/536 331/376/536 332/377/536
f 332/377/537 333/378/537 328/373/537
f 257/296/538 333/378/538 332/377/538
f 331/376/539 334/379/539 332/377/539
f 259/298/540 332/377/540 334/379/540
f 335/380/541 334/379/541 331/376/541
f 336/381/542 335/380/542 331/376/542
f 337/382/543 335/380/543 336/381/543
f 336/381/544 338/383/544 337/382/544
f 337/382/545 338/383/545 339/384/545
f 339/384/546 338/383/546 340/385/546
f 340/385/547 279/324/547 339/384/547
f 279/324/548 341/386/548 339/384/548
f 341/386/549 335/380/549 339/384/549
f 263/302/550 341/386/550 279/324/550
f 342/387/551 279/324/551 340/385/551
f 340/385/552 295/340/552 342/387/552
f 298/343/553 340/385/553 338/383/553
f 338/383/554 343/388/554 298/343/554
f 343/388/555 338/383/555 336/381/555
f 343/388/556 336/381/556 344/389/556
f 344/389/557 301/346/557 343/388/557
f 344/389/558 336/381/558 345/390/558
f 344/389/559 345/390/559 346/391/559
f 346/391/560 307/352/560 344/389/560
f 316/361/561 307/352/561 346/391/561
f 347/392/562 316/361/562 346/391/562
f 346/391/563 345/390/563 347/392/563
f 330/375/564 347/392/564 345/390/564
f 336/381/565 330/375/565 345/390/565
f 339/384/566 335/380/566 337/382/566
f 341/386/567 334/379/567 335/380/567
f 261/300/568 334/379/568 341/386/568
f 331/376/569 330/375/569 336/381/569
f 329/374/570 347/392/570 330/375/570
f 329/374/571 319/364/571 347/392/571
f 321/366/572 329/374/572 327/372/572
f 333/378/573 326/371/573 328/373/573
f 255/293/574 326/371/574 333/378/574
f 321/366/575 327/372/575 323/368/575
f 319/364/576 329/374/576 321/366/576
f 347/392/577 319/364/577 318/363/577
f 318/363/578 316/361/578 347/392/578
f 310/355/579 307/352/579 316/361/579
f 344/389/580 307/352/580 304/349/580
f 304/349/581 301/346/581 344/389/581
f 298/343/582 343/388/582 301/346/582
f 295/340/583 340/385/583 298/343/583
f 342/387/584 295/340/584 292/337/584
f 292/337/585 289/334/585 342/387/585
f 342/387/586 289/334/586 280/325/586
f 284/329/587 286/331/587 348/393/587
f 283/328/588 280/325/588 289/334/588
f 282/327/589 285/330/589 281/326/589
f 281/326/590 285/330/590 349/394/590
f 281/326/591 349/394/591 277/322/591
f 277/322/592 349/394/592 350/395/592
f 280/325/593 279/324/593 342/387/593
f 279/324/594 276/321/594 263/302/594
f 281/326/595 277/322/595 278/323/595
f 350/395/596 275/320/596 277/322/596
f 274/319/597 275/320/597 350/395/597
f 265/304/598 270/314/598 267/306/598
f 265/304/599 264/303/599 273/318/599
f 276/321/600 264/303/600 263/302/600
f 263/302/601 261/300/601 341/386/601
f 266/305/602 260/299/602 262/301/602
f 261/300/603 259/298/603 334/379/603
f 269/308/604 258/297/604 260/299/604
f 257/296/605 332/377/605 259/298/605
f 257/296/606 255/293/606 333/378/606
f 258/297/607 86/294/607 256/295/607
f 254/290/608 326/371/608 255/293/608
f 253/289/609 326/371/609 254/290/609
f 253/289/610 92/288/610 325/370/610
f 351/396/611 352/397/611 353/398/611
f 354/399/612 351/396/612 353/398/612
f 353/398/613 355/400/613 354/399/613
f 354/399/614 355/400/614 356/401/614
f 356/401/615 357/402/615 354/399/615
f 354/399/616 357/402/616 358/403/616
f 359/404/617 354/399/617 358/403/617
f 359/404/618 358/403/618 360/405/618
f 361/406/619 359/404/619 360/405/619
f 362/407/620 361/406/620 360/405/620
f 362/407/621 360/405/621 363/408/621
f 182/409/622 362/407/622 363/408/622
f 182/409/623 363/408/623 181/410/623
f 181/410/624 363/408/624 364/411/624
f 365/412/625 181/410/625 364/411/625
f 365/412/626 364/411/626 366/413/626
f 367/414/627 365/412/627 366/413/627
f 368/415/628 367/414/628 366/413/628
f 368/415/629 366/413/629 357/402/629
f 357/402/630 366/413/630 369/416/630
f 370/417/631 367/414/631 368/415/631
f 368/415/632 371/418/632 370/417/632
f 370/417/633 371/418/633 372/419/633
f 372/419/634 373/420/634 370/417/634
f 370/417/635 373/420/635 374/421/635
f 373/420/636 375/422/636 374/421/636
f 374/421/637 375/422/637 376/423/637
f 376/423/638 377/424/638 374/421/638
f 367/414/639 374/421/639 377/424/639
f 378/425/640 367/414/640 377/424/640
f 378/425/641 377/424/641 379/426/641
f 177/427/642 378/425/642 379/426/642
f 175/428/643 378/425/643 177/427/643
f 175/428/644 380/429/644 378/425/644
f 174/430/645 380/429/645 175/428/645
f 179/431/646 380/429/646 174/430/646
f 365/412/647 380/429/647 179/431/647
f 379/426/648 377/424/648 381/432/648
f 380/429/649 367/414/649 378/425/649
f 381/432/650 377/424/650 376/423/650
f 373/420/651 382/433/651 375/422/651
f 383/434/652 382/433/652 373/420/652
f 383/434/653 384/435/653 382/433/653
f 385/436/654 384/435/654 383/434/654
f 383/434/655 386/437/655 385/436/655
f 386/437/656 387/438/656 385/436/656
f 387/438/657 388/439/657 385/436/657
f 389/440/658 388/439/658 387/438/658
f 387/438/659 390/441/659 389/440/659
f 387/438/660 391/442/660 390/441/660
f 391/442/661 387/438/661 392/443/661
f 392/443/662 393/444/662 391/442/662
f 392/443/663 394/445/663 393/444/663
f 394/445/664 392/443/664 395/446/664
f 395/446/665 396/447/665 394/445/665
f 397/448/666 396/447/666 395/446/666
f 395/446/667 398/449/667 397/448/667
f 397/448/668 398/449/668 399/450/668
f 399/450/669 398/449/669 400/451/669
f 400/451/670 398/449/670 401/452/670
f 401/452/671 402/453/671 400/451/671
f 403/454/672 402/453/672 401/452/672
f 401/452/673 404/455/673 403/454/673
f 403/454/674 404/455/674 405/456/674
f 404/455/675 406/457/675 405/456/675
f 406/457/676 404/455/676 407/458/676
f 406/457/677 407/458/677 408/459/677
f 408/459/678 407/458/678 409/460/678
f 409/460/679 407/458/679 410/461/679
f 410/461/680 411/462/680 409/460/680
f 411/462/681 410/461/681 412/463/681
f 412/463/682 410/461/682 413/464/682
f 413/464/683 414/465/683 412/463/683
f 414/465/684 413/464/684 415/466/684
f 415/466/685 413/464/685 284/467/685
f 284/467/686 348/468/686 415/466/686
f 284/467/687 413/464/687 285/469/687
f 285/469/688 413/464/688 416/470/688
f 416/470/689 349/471/689 285/469/689
f 417/472/690 349/471/690 416/470/690
f 416/470/691 418/473/691 417/472/691
f 417/472/692 418/473/692 419/474/692
f 419/474/693 420/475/693 417/472/693
f 417/472/694 420/475/694 421/476/694
f 350/477/695 417/472/695 421/476/695
f 350/477/696 421/476/696 274/478/696
f 274/478/697 421/476/697 422/479/697
f 274/478/698 422/479/698 272/480/698
f 272/480/699 422/479/699 423/481/699
f 272/480/700 423/481/700 271/482/700
f 271/482/701 423/481/701 424/483/701
f 191/484/702 271/482/702 424/483/702
f 425/485/703 191/484/703 424/483/703
f 190/486/704 191/484/704 425/485/704
f 425/485/705 426/487/705 190/486/705
f 190/486/706 426/487/706 218/488/706
f 218/488/707 426/487/707 219/489/707
f 219/489/708 426/487/708 362/407/708
f 426/487/709 425/485/709 361/406/709
f 361/406/710 425/485/710 427/490/710
f 427/490/711 428/491/711 361/406/711
f 429/492/712 428/491/712 427/490/712
f 429/492/713 427/490/713 422/479/713
f 429/492/714 420/475/714 428/491/714
f 428/491/715 420/475/715 430/493/715
f 430/493/716 431/494/716 428/491/716
f 428/491/717 431/494/717 359/404/717
f 430/493/718 432/495/718 431/494/718
f 431/494/719 432/495/719 351/396/719
f 432/495/720 433/496/720 351/396/720
f 419/474/721 433/496/721 432/495/721
f 432/495/722 430/493/722 419/474/722
f 427/490/723 425/485/723 423/481/723
f 84/497/724 271/482/724 191/484/724
f 423/481/725 425/485/725 424/483/725
f 422/479/726 427/490/726 423/481/726
f 421/476/727 429/492/727 422/479/727
f 420/475/728 429/492/728 421/476/728
f 419/474/729 430/493/729 420/475/729
f 418/473/730 433/496/730 419/474/730
f 418/473/731 407/458/731 433/496/731
f 433/496/732 407/458/732 352/397/732
f 418/473/733 416/470/733 410/461/733
f 349/471/734 417/472/734 350/477/734
f 410/461/735 416/470/735 413/464/735
f 410/461/736 407/458/736 418/473/736
f 352/397/737 407/458/737 404/455/737
f 404/455/738 401/452/738 352/397/738
f 352/397/739 401/452/739 434/498/739
f 401/452/740 435/499/740 434/498/740
f 435/499/741 353/398/741 434/498/741
f 398/449/742 435/499/742 401/452/742
f 398/449/743 436/500/743 435/499/743
f 435/499/744 436/500/744 355/400/744
f 355/400/745 436/500/745 437/501/745
f 436/500/746 386/437/746 437/501/746
f 437/501/747 386/437/747 438/502/747
f 437/501/748 438/502/748 371/418/748
f 356/401/749 437/501/749 371/418/749
f 436/500/750 392/443/750 386/437/750
f 395/446/751 436/500/751 398/449/751
f 395/446/752 392/443/752 436/500/752
f 392/443/753 387/438/753 386/437/753
f 438/502/754 386/437/754 383/434/754
f 438/502/755 383/434/755 372/419/755
f 385/436/756 388/439/756 384/435/756
f 372/419/757 383/434/757 373/420/757
f 371/418/758 438/502/758 372/419/758
f 371/418/759 368/415/759 356/401/759
f 370/417/760 374/421/760 367/414/760
f 380/429/761 365/412/761 367/414/761
f 366/413/762 364/411/762 369/416/762
f 364/411/763 439/503/763 369/416/763
f 358/403/764 369/416/764 439/503/764
f 179/431/765 181/410/765 365/412/765
f 363/408/766 439/503/766 364/411/766
f 219/489/767 362/407/767 182/409/767
f 363/408/768 360/405/768 439/503/768
f 426/487/769 361/406/769 362/407/769
f 428/491/770 359/404/770 361/406/770
f 360/405/771 358/403/771 439/503/771
f 431/494/772 354/399/772 359/404/772
f 357/402/773 369/416/773 358/403/773
f 356/401/774 368/415/774 357/402/774
f 355/400/775 437/501/775 356/401/775
f 355/400/776 353/398/776 435/499/776
f 431/494/777 351/396/777 354/399/777
f 353/398/778 352/397/778 434/498/778
f 351/396/779 433/496/779 352/397/779
usemtl material_0.231
f 440/504/780 441/505/780 442/506/780
f 440/504/781 442/506/781 443/507/781
f 444/508/782 440/504/782 443/507/782
f 444/508/783 443/507/783 445/509/783
f 445/509/784 446/510/784 444/508/784
f 447/511/785 444/508/785 446/510/785
f 446/510/786 445/509/786 448/512/786
f 448/512/787 445/509/787 449/513/787
f 450/514/788 449/513/788 445/509/788
f 451/515/789 450/514/789 445/509/789
f 452/516/790 450/514/790 451/515/790
f 453/517/791 452/516/791 451/515/791
f 453/517/792 451/515/792 454/518/792
f 455/519/793 453/517/793 454/518/793
f 455/519/794 454/518/794 456/520/794
f 457/521/795 455/519/795 456/520/795
f 456/520/796 458/522/796 457/521/796
f 459/523/797 457/521/797 458/522/797
f 460/524/798 459/523/798 458/522/798
f 460/524/799 458/522/799 461/525/799
f 458/522/800 462/526/800 461/525/800
f 458/522/801 463/527/801 462/526/801
f 463/527/802 441/505/802 462/526/802
f 464/528/803 459/523/803 460/524/803
f 464/528/804 460/524/804 465/529/804
f 466/530/805 464/528/805 465/529/805
f 466/530/806 465/529/806 467/531/806
f 466/530/807 467/531/807 468/532/807
f 466/530/808 468/532/808 469/533/808
f 469/533/809 470/534/809 466/530/809
f 471/535/810 466/530/810 470/534/810
f 471/535/811 470/534/811 472/536/811
f 471/535/812 472/536/812 473/537/812
f 474/538/813 471/535/813 473/537/813
f 475/539/814 474/538/814 473/537/814
f 475/539/815 476/540/815 474/538/815
f 477/541/816 474/538/816 476/540/816
f 477/541/817 476/540/817 478/542/817
f 455/519/818 477/541/818 478/542/818
f 455/519/819 478/542/819 479/543/819
f 480/544/820 455/519/820 479/543/820
f 481/545/821 480/544/821 479/543/821
f 481/545/822 479/543/822 482/546/822
f 483/547/823 480/544/823 481/545/823
f 483/547/824 481/545/824 484/548/824
f 483/547/825 484/548/825 485/549/825
f 483/547/826 485/549/826 486/550/826
f 452/516/827 483/547/827 486/550/827
f 452/516/828 486/550/828 487/551/828
f 486/550/829 488/552/829 487/551/829
f 487/551/830 488/552/830 489/553/830
f 490/554/831 487/551/831 489/553/831
f 487/551/832 490/554/832 450/514/832
f 491/555/833 450/514/833 490/554/833
f 488/552/834 486/550/834 492/556/834
f 492/556/835 486/550/835 493/557/835
f 485/549/836 493/557/836 486/550/836
f 493/557/837 485/549/837 494/558/837
f 494/558/838 485/549/838 495/559/838
f 452/516/839 480/544/839 483/547/839
f 482/546/840 479/543/840 478/542/840
f 482/546/841 478/542/841 496/560/841
f 476/540/842 496/560/842 478/542/842
f 476/540/843 497/561/843 496/560/843
f 498/562/844 497/561/844 476/540/844
f 457/521/845 474/538/845 477/541/845
f 457/521/846 499/563/846 474/538/846
f 498/562/847 476/540/847 475/539/847
f 498/562/848 475/539/848 500/564/848
f 498/562/849 500/564/849 501/565/849
f 502/566/850 501/565/850 500/564/850
f 502/566/851 500/564/851 503/567/851
f 503/567/852 500/564/852 472/536/852
f 503/567/853 472/536/853 504/568/853
f 472/536/854 505/569/854 504/568/854
f 472/536/855 500/564/855 475/539/855
f 474/538/856 499/563/856 471/535/856
f 471/535/857 499/563/857 459/523/857
f 472/536/858 475/539/858 473/537/858
f 472/536/859 470/534/859 505/569/859
f 469/533/860 505/569/860 470/534/860
f 471/535/861 464/528/861 466/530/861
f 471/535/862 459/523/862 464/528/862
f 459/523/863 499/563/863 457/521/863
f 456/520/864 463/527/864 458/522/864
f 456/520/865 442/506/865 463/527/865
f 457/521/866 477/541/866 455/519/866
f 456/520/867 454/518/867 442/506/867
f 480/544/868 453/517/868 455/519/868
f 454/518/869 451/515/869 443/507/869
f 452/516/870 453/517/870 480/544/870
f 452/516/871 487/551/871 450/514/871
f 450/514/872 491/555/872 449/513/872
f 451/515/873 445/509/873 443/507/873
f 454/518/874 443/507/874 442/506/874
f 463/527/875 442/506/875 441/505/875
f 506/570/876 507/571/876 508/572/876
f 506/570/877 508/572/877 509/573/877
f 509/573/878 508/572/878 510/574/878
f 509/573/879 510/574/879 511/575/879
f 512/576/880 510/574/880 508/572/880
f 512/576/881 513/577/881 510/574/881
f 514/578/882 513/577/882 512/576/882
f 515/579/883 514/578/883 512/576/883
f 507/571/884 515/579/884 512/576/884
f 515/579/885 507/571/885 516/580/885
f 515/579/886 516/580/886 517/581/886
f 517/581/887 518/582/887 515/579/887
f 517/581/888 519/583/888 518/582/888
f 518/582/889 519/583/889 520/584/889
f 518/582/890 520/584/890 521/585/890
f 514/578/891 518/582/891 521/585/891
f 514/578/892 521/585/892 522/586/892
f 523/587/893 514/578/893 522/586/893
f 522/586/894 524/588/894 523/587/894
f 522/586/895 525/589/895 524/588/895
f 526/590/896 524/588/896 525/589/896
f 526/590/897 525/589/897 527/591/897
f 527/591/898 528/592/898 526/590/898
f 527/591/899 529/593/899 528/592/899
f 530/594/900 528/592/900 529/593/900
f 530/594/901 529/593/901 531/595/901
f 532/596/902 530/594/902 531/595/902
f 532/596/903 531/595/903 533/597/903
f 534/598/904 532/596/904 533/597/904
f 534/598/905 533/597/905 535/599/905
f 536/600/906 535/599/906 533/597/906
f 536/600/907 537/601/907 535/599/907
f 536/600/908 538/602/908 537/601/908
f 536/600/909 539/603/909 538/602/909
f 540/604/910 538/602/910 539/603/910
f 539/603/911 541/605/911 540/604/911
f 539/603/912 542/606/912 541/605/912
f 541/605/913 542/606/913 543/607/913
f 541/605/914 543/607/914 544/608/914
f 544/608/915 543/607/915 545/609/915
f 544/608/916 545/609/916 546/610/916
f 546/610/917 545/609/917 547/611/917
f 546/610/918 547/611/918 548/612/918
f 520/584/919 548/612/919 547/611/919
f 520/584/920 549/613/920 548/612/920
f 545/609/921 550/614/921 547/611/921
f 521/585/921 547/611/921 550/614/921
f 525/589/922 521/585/922 550/614/922
f 551/615/923 525/589/923 550/614/923
f 545/609/924 551/615/924 550/614/924
f 543/607/925 551/615/925 545/609/925
f 543/607/926 552/616/926 551/615/926
f 529/593/927 551/615/927 552/616/927
f 543/607/928 553/617/928 552/616/928
f 552/616/929 553/617/929 531/595/929
f 531/595/930 553/617/930 536/600/930
f 543/607/931 542/606/931 553/617/931
f 539/603/932 553/617/932 542/606/932
f 540/604/933 554/618/933 538/602/933
f 539/603/934 536/600/934 553/617/934
f 531/595/935 536/600/935 533/597/935
f 552/616/936 531/595/936 529/593/936
f 529/593/937 527/591/937 551/615/937
f 551/615/938 527/591/938 525/589/938
f 523/587/939 555/619/939 514/578/939
f 525/589/940 522/586/940 521/585/940
f 521/585/941 520/584/941 547/611/941
f 519/583/942 549/613/942 520/584/942
f 519/583/943 556/620/943 549/613/943
f 557/621/944 556/620/944 519/583/944
f 557/621/945 519/583/945 517/581/945
f 517/581/946 558/622/946 557/621/946
f 517/581/947 516/580/947 558/622/947
f 559/623/948 558/622/948 516/580/948
f 559/623/949 516/580/949 560/624/949
f 560/624/950 516/580/950 507/571/950
f 515/579/951 518/582/951 514/578/951
f 514/578/952 555/619/952 513/577/952
f 507/571/953 512/576/953 508/572/953
f 560/624/954 507/571/954 506/570/954
f 561/625/955 562/626/955 563/627/955
f 561/625/956 563/627/956 564/628/956
f 564/628/957 565/629/957 561/625/957
f 565/629/958 566/630/958 561/625/958
f 561/625/959 566/630/959 567/631/959
f 566/630/960 568/632/960 567/631/960
f 569/633/961 567/631/961 568/632/961
f 569/633/962 568/632/962 570/634/962
f 571/635/963 569/633/963 570/634/963
f 571/635/964 570/634/964 572/636/964
f 572/636/965 573/637/965 571/635/965
f 574/638/966 571/635/966 573/637/966
f 575/639/967 574/638/967 573/637/967
f 575/639/968 573/637/968 576/640/968
f 576/640/969 577/641/969 575/639/969
f 578/642/970 575/639/970 577/641/970
f 578/642/971 579/643/971 575/639/971
f 580/644/972 579/643/972 578/642/972
f 581/645/973 579/643/973 580/644/973
f 581/645/974 580/644/974 582/646/974
f 581/645/975 582/646/975 583/647/975
f 581/645/976 583/647/976 584/648/976
f 574/638/977 581/645/977 584/648/977
f 574/638/978 584/648/978 585/649/978
f 585/649/979 584/648/979 586/650/979
f 585/649/980 586/650/980 587/651/980
f 585/649/981 587/651/981 569/633/981
f 563/627/982 587/651/982 586/650/982
f 586/650/983 588/652/983 563/627/983
f 586/650/984 589/653/984 588/652/984
f 588/652/985 589/653/985 590/654/985
f 588/652/986 590/654/986 591/655/986
f 592/656/987 588/652/987 591/655/987
f 593/657/988 592/656/988 591/655/988
f 593/657/989 591/655/989 594/658/989
f 593/657/990 594/658/990 595/659/990
f 593/657/991 595/659/991 596/660/991
f 597/661/992 593/657/992 596/660/992
f 597/661/993 596/660/993 598/662/993
f 597/661/994 598/662/994 599/663/994
f 597/661/995 599/663/995 600/664/995
f 597/661/996 600/664/996 601/665/996
f 597/661/997 601/665/997 602/666/997
f 597/661/998 602/666/998 592/656/998
f 602/666/999 603/667/999 592/656/999
f 602/666/1000 604/668/1000 603/667/1000
f 605/669/1001 603/667/1001 604/668/1001
f 605/669/1002 604/668/1002 606/670/1002
f 605/669/1003 606/670/1003 607/671/1003
f 605/669/1004 607/671/1004 608/672/1004
f 605/669/1005 608/672/1005 565/629/1005
f 608/672/1006 609/673/1006 565/629/1006
f 608/672/1007 610/674/1007 609/673/1007
f 609/673/1008 610/674/1008 611/675/1008
f 609/673/1009 611/675/1009 612/676/1009
f 609/673/1010 612/676/1010 613/677/1010
f 609/673/1011 613/677/1011 566/630/1011
f 544/678/1012 613/677/1012 612/676/1012
f 544/678/1013 546/679/1013 613/677/1013
f 548/680/1014 613/677/1014 546/679/1014
f 548/680/1015 568/632/1015 613/677/1015
f 549/681/1016 568/632/1016 548/680/1016
f 611/675/1017 544/678/1017 612/676/1017
f 611/675/1018 541/682/1018 544/678/1018
f 611/675/1019 540/683/1019 541/682/1019
f 611/675/1020 614/684/1020 540/683/1020
f 614/684/1021 554/685/1021 540/683/1021
f 614/684/1022 615/686/1022 554/685/1022
f 616/687/1023 615/686/1023 614/684/1023
f 616/687/1024 614/684/1024 617/688/1024
f 617/688/1025 618/689/1025 616/687/1025
f 617/688/1026 619/690/1026 618/689/1026
f 620/691/1027 618/689/1027 619/690/1027
f 608/672/1028 620/691/1028 619/690/1028
f 620/691/1029 621/692/1029 618/689/1029
f 620/691/1030 622/693/1030 621/692/1030
f 620/691/1031 623/694/1031 622/693/1031
f 624/695/1032 622/693/1032 623/694/1032
f 623/694/1033 601/665/1033 624/695/1033
f 623/694/1034 606/670/1034 601/665/1034
f 624/695/1035 625/696/1035 622/693/1035
f 626/697/1036 625/696/1036 624/695/1036
f 626/697/1037 624/695/1037 627/698/1037
f 628/699/1038 626/697/1038 627/698/1038
f 628/699/1039 627/698/1039 629/700/1039
f 629/700/1040 630/701/1040 628/699/1040
f 628/699/1041 630/701/1041 631/702/1041
f 630/701/1042 629/700/1042 632/703/1042
f 629/700/1043 633/704/1043 632/703/1043
f 629/700/1044 599/663/1044 633/704/1044
f 634/705/1045 633/704/1045 599/663/1045
f 599/663/1046 635/706/1046 634/705/1046
f 600/664/1047 629/700/1047 627/698/1047
f 624/695/1048 600/664/1048 627/698/1048
f 607/671/1049 623/694/1049 620/691/1049
f 610/674/1050 619/690/1050 617/688/1050
f 611/675/1051 617/688/1051 614/684/1051
f 611/675/1052 610/674/1052 617/688/1052
f 610/674/1053 608/672/1053 619/690/1053
f 608/672/1054 607/671/1054 620/691/1054
f 607/671/1055 606/670/1055 623/694/1055
f 605/669/1056 564/628/1056 603/667/1056
f 588/652/1057 603/667/1057 564/628/1057
f 606/670/1058 604/668/1058 602/666/1058
f 606/670/1059 602/666/1059 601/665/1059
f 624/695/1060 601/665/1060 600/664/1060
f 600/664/1061 599/663/1061 629/700/1061
f 599/663/1062 598/662/1062 635/706/1062
f 636/707/1063 635/706/1063 598/662/1063
f 636/707/1064 598/662/1064 637/708/1064
f 596/660/1064 637/708/1064 598/662/1064
f 637/708/1065 596/660/1065 638/709/1065
f 596/660/1066 639/710/1066 638/709/1066
f 595/659/1067 639/710/1067 596/660/1067
f 639/710/1068 595/659/1068 640/711/1068
f 640/711/1069 595/659/1069 641/712/1069
f 642/713/1070 641/712/1070 595/659/1070
f 643/714/1071 642/713/1071 595/659/1071
f 642/713/1072 643/714/1072 644/715/1072
f 642/713/1073 644/715/1073 645/716/1073
f 645/716/1074 646/717/1074 642/713/1074
f 647/718/1075 642/713/1075 646/717/1075
f 645/716/1076 648/719/1076 646/717/1076
f 648/719/1077 645/716/1077 649/720/1077
f 650/721/1078 649/720/1078 645/716/1078
f 651/722/1079 650/721/1079 645/716/1079
f 651/722/1080 652/723/1080 650/721/1080
f 652/723/1081 653/724/1081 650/721/1081
f 650/721/1082 653/724/1082 654/725/1082
f 653/724/1083 652/723/1083 655/726/1083
f 651/722/1084 656/727/1084 652/723/1084
f 651/722/1085 657/728/1085 656/727/1085
f 651/722/1086 658/729/1086 657/728/1086
f 658/729/1087 580/644/1087 657/728/1087
f 659/730/1088 658/729/1088 651/722/1088
f 659/730/1089 651/722/1089 644/715/1089
f 644/715/1090 590/654/1090 659/730/1090
f 583/647/1091 658/729/1091 659/730/1091
f 589/653/1092 583/647/1092 659/730/1092
f 650/721/1093 654/725/1093 649/720/1093
f 651/722/1094 645/716/1094 644/715/1094
f 644/715/1095 643/714/1095 590/654/1095
f 642/713/1096 647/718/1096 641/712/1096
f 643/714/1097 595/659/1097 594/658/1097
f 643/714/1098 594/658/1098 591/655/1098
f 597/661/1099 592/656/1099 593/657/1099
f 592/656/1100 603/667/1100 588/652/1100
f 643/714/1101 591/655/1101 590/654/1101
f 589/653/1102 659/730/1102 590/654/1102
f 584/648/1103 589/653/1103 586/650/1103
f 584/648/1104 583/647/1104 589/653/1104
f 583/647/1105 582/646/1105 658/729/1105
f 658/729/1106 582/646/1106 580/644/1106
f 579/643/1107 581/645/1107 574/638/1107
f 576/640/1108 660/731/1108 577/641/1108
f 576/640/1109 661/732/1109 660/731/1109
f 576/640/1110 662/733/1110 661/732/1110
f 662/733/1111 559/734/1111 661/732/1111
f 662/733/1112 558/735/1112 559/734/1112
f 663/736/1113 558/735/1113 662/733/1113
f 573/637/1114 663/736/1114 662/733/1114
f 663/736/1115 557/737/1115 558/735/1115
f 556/738/1116 557/737/1116 663/736/1116
f 556/738/1117 663/736/1117 572/636/1117
f 573/637/1118 662/733/1118 576/640/1118
f 579/643/1119 574/638/1119 575/639/1119
f 574/638/1120 585/649/1120 571/635/1120
f 572/636/1121 663/736/1121 573/637/1121
f 556/738/1122 572/636/1122 570/634/1122
f 556/738/1123 570/634/1123 549/681/1123
f 585/649/1124 569/633/1124 571/635/1124
f 549/681/1125 570/634/1125 568/632/1125
f 587/651/1126 567/631/1126 569/633/1126
f 587/651/1127 562/626/1127 567/631/1127
f 566/630/1128 613/677/1128 568/632/1128
f 565/629/1129 609/673/1129 566/630/1129
f 564/628/1130 605/669/1130 565/629/1130
f 588/652/1131 564/628/1131 563/627/1131
f 563/627/1132 562/626/1132 587/651/1132
f 561/625/1133 567/631/1133 562/626/1133
f 469/739/1134 664/740/1134 665/741/1134
f 469/739/1135 665/741/1135 505/742/1135
f 504/743/1136 505/742/1136 665/741/1136
f 504/743/1137 665/741/1137 666/744/1137
f 667/745/1138 504/743/1138 666/744/1138
f 668/746/1139 667/745/1139 666/744/1139
f 668/746/1140 666/744/1140 669/747/1140
f 670/748/1141 668/746/1141 669/747/1141
f 670/748/1142 669/747/1142 671/749/1142
f 670/748/1143 671/749/1143 672/750/1143
f 672/750/1144 673/751/1144 670/748/1144
f 673/751/1145 674/752/1145 670/748/1145
f 673/751/1146 675/753/1146 674/752/1146
f 676/754/1147 674/752/1147 675/753/1147
f 676/754/1148 677/755/1148 674/752/1148
f 674/752/1149 677/755/1149 678/756/1149
f 674/752/1150 678/756/1150 668/746/1150
f 672/750/1151 679/757/1151 673/751/1151
f 680/758/1152 679/757/1152 672/750/1152
f 681/759/1153 680/758/1153 672/750/1153
f 681/759/1154 682/760/1154 680/758/1154
f 682/760/1155 683/761/1155 680/758/1155
f 682/760/1156 684/762/1156 683/761/1156
f 681/759/1157 685/763/1157 682/760/1157
f 686/764/1158 685/763/1158 681/759/1158
f 686/764/1159 681/759/1159 664/740/1159
f 468/765/1160 686/764/1160 664/740/1160
f 680/758/1161 683/761/1161 679/757/1161
f 681/759/1162 672/750/1162 671/749/1162
f 681/759/1163 671/749/1163 665/741/1163
f 669/747/1164 665/741/1164 671/749/1164
f 670/748/1165 674/752/1165 668/746/1165
f 667/745/1166 668/746/1166 678/756/1166
f 667/745/1167 678/756/1167 687/766/1167
f 502/767/1168 667/745/1168 687/766/1168
f 502/767/1169 503/768/1169 667/745/1169
f 667/745/1170 503/768/1170 504/743/1170
f 669/747/1171 666/744/1171 665/741/1171
f 681/759/1172 665/741/1172 664/740/1172
f 468/765/1173 664/740/1173 469/739/1173
f 688/769/1174 628/770/1174 631/771/1174
f 628/770/1175 688/769/1175 689/772/1175
f 628/770/1176 689/772/1176 690/773/1176
f 628/770/1177 690/773/1177 626/774/1177
f 626/774/1178 690/773/1178 691/775/1178
f 626/774/1179 691/775/1179 625/776/1179
f 691/775/1180 622/777/1180 625/776/1180
f 691/775/1181 692/778/1181 622/777/1181
f 692/778/1182 621/779/1182 622/777/1182
f 692/778/1183 693/780/1183 621/779/1183
f 621/779/1184 693/780/1184 694/781/1184
f 621/779/1185 694/781/1185 618/782/1185
f 616/783/1186 618/782/1186 694/781/1186
f 616/783/1187 694/781/1187 695/784/1187
f 615/785/1188 616/783/1188 695/784/1188
f 615/785/1189 695/784/1189 696/786/1189
f 615/785/1190 696/786/1190 697/787/1190
f 615/785/1191 697/787/1191 554/788/1191
f 698/789/1192 697/787/1192 696/786/1192
f 696/786/1193 699/790/1193 698/789/1193
f 700/791/1194 698/789/1194 699/790/1194
f 701/792/1195 700/791/1195 699/790/1195
f 694/781/1196 701/792/1196 699/790/1196
f 702/793/1197 701/792/1197 694/781/1197
f 703/794/1198 701/792/1198 702/793/1198
f 704/795/1199 703/794/1199 702/793/1199
f 704/795/1200 702/793/1200 705/796/1200
f 706/797/1201 704/795/1201 705/796/1201
f 691/775/1202 706/797/1202 705/796/1202
f 706/797/1203 707/798/1203 704/795/1203
f 704/795/1204 707/798/1204 708/799/1204
f 704/795/1205 708/799/1205 709/800/1205
f 710/801/1206 704/795/1206 709/800/1206
f 496/802/1207 710/801/1207 709/800/1207
f 496/802/1208 709/800/1208 482/803/1208
f 709/800/1209 481/804/1209 482/803/1209
f 497/805/1210 710/801/1210 496/802/1210
f 497/805/1211 711/806/1211 710/801/1211
f 710/801/1212 711/806/1212 712/807/1212
f 710/801/1213 712/807/1213 703/794/1213
f 713/808/1214 712/807/1214 711/806/1214
f 713/808/1215 700/791/1215 712/807/1215
f 713/808/1216 714/809/1216 700/791/1216
f 713/808/1217 715/810/1217 714/809/1217
f 715/810/1218 716/811/1218 714/809/1218
f 714/809/1219 716/811/1219 717/812/1219
f 714/809/1220 717/812/1220 698/789/1220
f 715/810/1221 718/813/1221 716/811/1221
f 501/814/1222 718/813/1222 715/810/1222
f 498/815/1223 501/814/1223 715/810/1223
f 501/814/1224 502/816/1224 718/813/1224
f 498/815/1225 715/810/1225 713/808/1225
f 713/808/1226 497/805/1226 498/815/1226
f 713/808/1227 711/806/1227 497/805/1227
f 709/800/1228 708/799/1228 481/804/1228
f 719/817/1229 481/804/1229 708/799/1229
f 708/799/1230 720/818/1230 719/817/1230
f 720/818/1231 721/819/1231 719/817/1231
f 719/817/1232 721/819/1232 485/820/1232
f 719/817/1233 485/820/1233 484/821/1233
f 721/819/1234 495/822/1234 485/820/1234
f 721/819/1235 722/823/1235 495/822/1235
f 721/819/1236 723/824/1236 722/823/1236
f 721/819/1237 724/825/1237 723/824/1237
f 725/826/1238 723/824/1238 724/825/1238
f 724/825/1239 726/827/1239 725/826/1239
f 727/828/1240 726/827/1240 724/825/1240
f 720/818/1241 727/828/1241 724/825/1241
f 720/818/1242 728/829/1242 727/828/1242
f 728/829/1243 689/772/1243 727/828/1243
f 689/772/1244 729/830/1244 727/828/1244
f 730/831/1245 727/828/1245 729/830/1245
f 729/830/1246 689/772/1246 731/832/1246
f 706/797/1247 728/829/1247 720/818/1247
f 706/797/1248 690/773/1248 728/829/1248
f 726/827/1249 727/828/1249 730/831/1249
f 720/818/1250 724/825/1250 721/819/1250
f 719/817/1251 484/821/1251 481/804/1251
f 708/799/1252 707/798/1252 720/818/1252
f 706/797/1253 720/818/1253 707/798/1253
f 705/796/1254 702/793/1254 693/780/1254
f 710/801/1255 703/794/1255 704/795/1255
f 703/794/1256 712/807/1256 701/792/1256
f 701/792/1257 712/807/1257 700/791/1257
f 700/791/1258 714/809/1258 698/789/1258
f 698/789/1259 717/812/1259 697/787/1259
f 696/786/1260 695/784/1260 699/790/1260
f 694/781/1261 699/790/1261 695/784/1261
f 702/793/1262 694/781/1262 693/780/1262
f 705/796/1263 693/780/1263 692/778/1263
f 691/775/1264 705/796/1264 692/778/1264
f 706/797/1265 691/775/1265 690/773/1265
f 728/829/1266 690/773/1266 689/772/1266
f 731/832/1267 689/772/1267 688/769/1267
f 687/833/1268 678/834/1268 732/835/1268
f 687/833/1269 732/835/1269 733/836/1269
f 718/837/1270 687/833/1270 733/836/1270
f 716/838/1271 718/837/1271 733/836/1271
f 716/838/1272 733/836/1272 734/839/1272
f 734/839/1273 717/840/1273 716/838/1273
f 734/839/1274 735/841/1274 717/840/1274
f 697/842/1275 717/840/1275 735/841/1275
f 697/842/1276 735/841/1276 736/843/1276
f 538/844/1277 697/842/1277 736/843/1277
f 537/845/1278 538/844/1278 736/843/1278
f 537/845/1279 736/843/1279 737/846/1279
f 738/847/1280 537/845/1280 737/846/1280
f 737/846/1281 739/848/1281 738/847/1281
f 739/848/1282 740/849/1282 738/847/1282
f 535/850/1283 738/847/1283 740/849/1283
f 535/850/1284 740/849/1284 534/851/1284
f 739/848/1285 741/852/1285 740/849/1285
f 739/848/1286 742/853/1286 741/852/1286
f 739/848/1287 743/854/1287 742/853/1287
f 744/855/1288 742/853/1288 743/854/1288
f 744/855/1289 743/854/1289 745/856/1289
f 676/857/1290 744/855/1290 745/856/1290
f 676/857/1291 745/856/1291 677/858/1291
f 677/858/1292 745/856/1292 732/835/1292
f 732/835/1293 745/856/1293 743/854/1293
f 732/835/1294 743/854/1294 746/859/1294
f 746/859/1295 743/854/1295 739/848/1295
f 746/859/1296 739/848/1296 747/860/1296
f 734/839/1297 746/859/1297 747/860/1297
f 737/846/1298 747/860/1298 739/848/1298
f 737/846/1299 735/841/1299 747/860/1299
f 738/847/1300 535/850/1300 537/845/1300
f 538/844/1301 554/861/1301 697/842/1301
f 737/846/1302 736/843/1302 735/841/1302
f 734/839/1303 747/860/1303 735/841/1303
f 733/836/1304 746/859/1304 734/839/1304
f 718/837/1305 502/862/1305 687/833/1305
f 733/836/1306 732/835/1306 746/859/1306
f 677/858/1307 732/835/1307 678/834/1307
usemtl material_0.232
f 748/863/1308 749/864/1308 750/865/1308
f 750/865/1309 751/866/1309 748/863/1309
f 748/863/1310 751/866/1310 752/867/1310
f 751/866/1311 753/868/1311 752/867/1311
f 752/867/1312 753/868/1312 754/869/1312
f 753/868/1313 755/870/1313 754/869/1313
f 756/871/1314 755/870/1314 753/868/1314
f 757/872/1315 756/871/1315 753/868/1315
f 753/868/1316 758/873/1316 757/872/1316
f 759/874/1317 757/872/1317 758/873/1317
f 760/875/1318 759/874/1318 758/873/1318
f 760/875/1319 758/873/1319 750/865/1319
f 761/876/1320 760/875/1320 750/865/1320
f 762/877/1321 760/875/1321 761/876/1321
f 763/878/1322 762/877/1322 761/876/1322
f 761/876/1323 764/879/1323 763/878/1323
f 765/880/1324 763/878/1324 764/879/1324
f 764/879/1325 766/881/1325 765/880/1325
f 763/878/1326 765/880/1326 767/882/1326
f 763/878/1327 767/882/1327 768/883/1327
f 768/883/1328 769/884/1328 763/878/1328
f 770/885/1329 769/884/1329 768/883/1329
f 769/884/1330 770/885/1330 771/886/1330
f 771/886/1331 772/887/1331 769/884/1331
f 772/887/1332 773/888/1332 769/884/1332
f 769/884/1333 773/888/1333 762/877/1333
f 773/888/1334 774/889/1334 762/877/1334
f 774/889/1335 773/888/1335 775/890/1335
f 774/889/1336 775/890/1336 759/874/1336
f 759/874/1337 775/890/1337 776/891/1337
f 777/892/1338 759/874/1338 776/891/1338
f 776/891/1339 778/893/1339 777/892/1339
f 777/892/1340 778/893/1340 779/894/1340
f 779/894/1341 780/895/1341 777/892/1341
f 780/895/1342 781/896/1342 777/892/1342
f 782/897/1343 781/896/1343 780/895/1343
f 780/895/1344 783/898/1344 782/897/1344
f 782/897/1345 783/898/1345 784/899/1345
f 785/900/1346 782/897/1346 784/899/1346
f 786/901/1347 785/900/1347 784/899/1347
f 787/902/1348 785/900/1348 786/901/1348
f 787/902/1349 786/901/1349 788/903/1349
f 788/903/1350 789/904/1350 787/902/1350
f 787/902/1351 789/904/1351 790/905/1351
f 791/906/1352 790/905/1352 789/904/1352
f 792/907/1353 790/905/1353 791/906/1353
f 793/908/1354 790/905/1354 792/907/1354
f 794/909/1355 790/905/1355 793/908/1355
f 755/870/1356 794/909/1356 793/908/1356
f 794/909/1357 785/900/1357 790/905/1357
f 756/871/1358 785/900/1358 794/909/1358
f 795/910/1359 785/900/1359 756/871/1359
f 788/903/1360 786/901/1360 796/911/1360
f 786/901/1361 797/912/1361 796/911/1361
f 798/913/1362 797/912/1362 786/901/1362
f 798/913/1363 786/901/1363 783/898/1363
f 783/898/1364 799/914/1364 798/913/1364
f 798/913/1365 799/914/1365 800/915/1365
f 800/915/1366 801/916/1366 798/913/1366
f 798/913/1367 801/916/1367 797/912/1367
f 790/905/1368 785/900/1368 787/902/1368
f 795/910/1369 782/897/1369 785/900/1369
f 795/910/1370 757/872/1370 782/897/1370
f 783/898/1371 786/901/1371 784/899/1371
f 780/895/1372 799/914/1372 783/898/1372
f 802/917/1373 799/914/1373 780/895/1373
f 782/897/1374 757/872/1374 781/896/1374
f 802/917/1375 780/895/1375 779/894/1375
f 776/891/1376 803/918/1376 778/893/1376
f 781/896/1377 759/874/1377 777/892/1377
f 775/890/1378 803/918/1378 776/891/1378
f 775/890/1379 804/919/1379 803/918/1379
f 803/918/1380 804/919/1380 805/920/1380
f 805/920/1381 804/919/1381 806/921/1381
f 806/921/1382 804/919/1382 807/922/1382
f 808/923/1383 806/921/1383 807/922/1383
f 807/922/1384 809/924/1384 808/923/1384
f 807/922/1385 810/925/1385 809/924/1385
f 810/925/1386 807/922/1386 772/887/1386
f 810/925/1387 772/887/1387 811/926/1387
f 806/921/1388 808/923/1388 812/927/1388
f 806/921/1389 812/927/1389 813/928/1389
f 804/919/1390 773/888/1390 807/922/1390
f 775/890/1391 773/888/1391 804/919/1391
f 807/922/1392 773/888/1392 772/887/1392
f 772/887/1393 771/886/1393 811/926/1393
f 749/864/1394 764/879/1394 761/876/1394
f 769/884/1395 762/877/1395 763/878/1395
f 762/877/1396 774/889/1396 760/875/1396
f 774/889/1397 759/874/1397 760/875/1397
f 781/896/1398 757/872/1398 759/874/1398
f 795/910/1399 756/871/1399 757/872/1399
f 756/871/1400 794/909/1400 755/870/1400
f 751/866/1401 758/873/1401 753/868/1401
f 750/865/1402 758/873/1402 751/866/1402
f 750/865/1403 749/864/1403 761/876/1403
f 814/929/1404 815/930/1404 816/931/1404
f 817/932/1405 814/929/1405 816/931/1405
f 818/933/1406 817/932/1406 816/931/1406
f 816/931/1407 819/934/1407 818/933/1407
f 818/933/1408 819/934/1408 820/935/1408
f 821/936/1409 817/932/1409 818/933/1409
f 821/936/1410 822/937/1410 817/932/1410
f 822/937/1411 823/938/1411 817/932/1411
f 824/939/1412 823/938/1412 822/937/1412
f 824/939/1413 822/937/1413 825/940/1413
f 826/941/1414 824/939/1414 825/940/1414
f 826/941/1415 825/940/1415 827/942/1415
f 828/943/1416 826/941/1416 827/942/1416
f 827/942/1417 829/944/1417 828/943/1417
f 830/945/1418 829/944/1418 827/942/1418
f 831/946/1419 830/945/1419 827/942/1419
f 832/947/1420 830/945/1420 831/946/1420
f 833/948/1421 832/947/1421 831/946/1421
f 825/940/1422 833/948/1422 831/946/1422
f 834/949/1423 833/948/1423 825/940/1423
f 833/948/1424 834/949/1424 835/950/1424
f 835/950/1425 836/951/1425 833/948/1425
f 833/948/1426 836/951/1426 837/952/1426
f 838/953/1427 837/952/1427 836/951/1427
f 839/954/1428 837/952/1428 838/953/1428
f 838/953/1429 840/955/1429 839/954/1429
f 839/954/1430 840/955/1430 841/956/1430
f 841/956/1431 842/957/1431 839/954/1431
f 832/947/1432 839/954/1432 842/957/1432
f 842/957/1433 843/958/1433 832/947/1433
f 844/959/1434 843/958/1434 842/957/1434
f 845/960/1435 843/958/1435 844/959/1435
f 844/959/1436 846/961/1436 845/960/1436
f 845/960/1437 846/961/1437 847/962/1437
f 847/962/1438 846/961/1438 848/963/1438
f 849/964/1439 848/963/1439 846/961/1439
f 846/961/1440 850/965/1440 849/964/1440
f 849/964/1441 850/965/1441 851/966/1441
f 851/966/1442 850/965/1442 852/967/1442
f 852/967/1443 850/965/1443 853/968/1443
f 853/968/1444 854/969/1444 852/967/1444
f 855/970/1445 854/969/1445 853/968/1445
f 841/956/1446 855/970/1446 853/968/1446
f 850/965/1447 841/956/1447 853/968/1447
f 844/959/1448 841/956/1448 850/965/1448
f 856/971/1449 848/963/1449 849/964/1449
f 850/965/1450 846/961/1450 844/959/1450
f 845/960/1451 847/962/1451 843/958/1451
f 843/958/1452 847/962/1452 857/972/1452
f 843/958/1453 857/972/1453 830/945/1453
f 844/959/1454 842/957/1454 841/956/1454
f 840/955/1455 855/970/1455 841/956/1455
f 837/952/1456 839/954/1456 832/947/1456
f 835/950/1457 834/949/1457 858/973/1457
f 822/937/1458 858/973/1458 834/949/1458
f 859/974/1459 858/973/1459 822/937/1459
f 837/952/1460 832/947/1460 833/948/1460
f 832/947/1461 843/958/1461 830/945/1461
f 830/945/1462 857/972/1462 829/944/1462
f 860/975/1463 826/941/1463 828/943/1463
f 860/975/1464 861/976/1464 826/941/1464
f 862/977/1465 861/976/1465 860/975/1465
f 862/977/1466 863/978/1466 861/976/1466
f 861/976/1467 863/978/1467 864/979/1467
f 861/976/1468 864/979/1468 824/939/1468
f 865/980/1469 864/979/1469 863/978/1469
f 866/981/1470 864/979/1470 865/980/1470
f 865/980/1471 867/982/1471 866/981/1471
f 866/981/1472 867/982/1472 868/983/1472
f 866/981/1473 868/983/1473 814/929/1473
f 814/929/1474 823/938/1474 866/981/1474
f 866/981/1475 823/938/1475 864/979/1475
f 827/942/1419 825/940/1419 831/946/1419
f 861/976/1476 824/939/1476 826/941/1476
f 825/940/1477 822/937/1477 834/949/1477
f 824/939/1478 864/979/1478 823/938/1478
f 859/974/1479 822/937/1479 821/936/1479
f 823/938/1480 814/929/1480 817/932/1480
f 816/931/1481 815/930/1481 819/934/1481
f 814/929/1482 868/983/1482 815/930/1482
f 869/984/1483 870/985/1483 871/986/1483
f 869/984/1484 871/986/1484 872/987/1484
f 869/984/1485 872/987/1485 873/988/1485
f 873/988/1486 872/987/1486 874/989/1486
f 873/988/1487 874/989/1487 875/990/1487
f 875/990/1488 876/991/1488 873/988/1488
f 876/991/1489 870/985/1489 873/988/1489
f 876/991/1490 877/992/1490 870/985/1490
f 877/992/1491 878/993/1491 870/985/1491
f 879/994/1492 878/993/1492 877/992/1492
f 880/995/1493 879/994/1493 877/992/1493
f 881/996/1494 880/995/1494 877/992/1494
f 882/997/1495 880/995/1495 881/996/1495
f 882/997/1496 881/996/1496 883/998/1496
f 882/997/1497 883/998/1497 884/999/1497
f 885/1000/1498 882/997/1498 884/999/1498
f 885/1000/1499 884/999/1499 886/1001/1499
f 886/1001/1500 887/1002/1500 885/1000/1500
f 887/1002/1501 880/995/1501 885/1000/1501
f 888/1003/1502 880/995/1502 887/1002/1502
f 889/1004/1503 888/1003/1503 887/1002/1503
f 889/1004/1504 887/1002/1504 890/1005/1504
f 890/1005/1505 891/1006/1505 889/1004/1505
f 892/1007/1506 889/1004/1506 891/1006/1506
f 892/1007/1507 891/1006/1507 893/1008/1507
f 893/1008/1508 894/1009/1508 892/1007/1508
f 892/1007/1509 894/1009/1509 895/1010/1509
f 895/1010/1510 896/1011/1510 892/1007/1510
f 897/1012/1511 896/1011/1511 895/1010/1511
f 897/1012/1512 895/1010/1512 898/1013/1512
f 898/1013/1513 879/994/1513 897/1012/1513
f 898/1013/1514 895/1010/1514 899/1014/1514
f 898/1013/1515 899/1014/1515 900/1015/1515
f 898/1013/1516 900/1015/1516 878/993/1516
f 878/993/1517 900/1015/1517 871/986/1517
f 900/1015/1518 901/1016/1518 871/986/1518
f 902/1017/1519 901/1016/1519 900/1015/1519
f 902/1017/1520 900/1015/1520 903/1018/1520
f 904/1019/1521 902/1017/1521 903/1018/1521
f 903/1018/1522 905/1020/1522 904/1019/1522
f 906/1021/1523 904/1019/1523 905/1020/1523
f 907/1022/1524 906/1021/1524 905/1020/1524
f 905/1020/1525 908/1023/1525 907/1022/1525
f 909/1024/1526 907/1022/1526 908/1023/1526
f 908/1023/1527 910/1025/1527 909/1024/1527
f 910/1025/1528 908/1023/1528 911/1026/1528
f 911/1026/1529 908/1023/1529 912/1027/1529
f 912/1027/1530 913/1028/1530 911/1026/1530
f 912/1027/1531 914/1029/1531 913/1028/1531
f 914/1029/1532 912/1027/1532 915/1030/1532
f 914/1029/1533 915/1030/1533 916/1031/1533
f 915/1030/1534 917/1032/1534 916/1031/1534
f 917/1032/1535 915/1030/1535 918/1033/1535
f 918/1033/1535 919/1034/1535 917/1032/1535
f 920/1035/1536 919/1034/1536 918/1033/1536
f 918/1033/1537 921/1036/1537 920/1035/1537
f 920/1035/1538 921/1036/1538 922/1037/1538
f 923/1038/1539 922/1037/1539 921/1036/1539
f 921/1036/1540 924/1039/1540 923/1038/1540
f 923/1038/1541 924/1039/1541 925/1040/1541
f 924/1039/1542 926/1041/1542 925/1040/1542
f 926/1041/1543 924/1039/1543 927/1042/1543
f 926/1041/1544 927/1042/1544 928/1043/1544
f 929/1044/1545 927/1042/1545 924/1039/1545
f 924/1039/1546 893/1008/1546 929/1044/1546
f 930/1045/1547 927/1042/1547 929/1044/1547
f 891/1006/1548 930/1045/1548 929/1044/1548
f 931/1046/1549 930/1045/1549 891/1006/1549
f 921/1036/1550 893/1008/1550 924/1039/1550
f 918/1033/1551 894/1009/1551 921/1036/1551
f 915/1030/1552 894/1009/1552 918/1033/1552
f 932/1047/1553 894/1009/1553 915/1030/1553
f 899/1014/1554 894/1009/1554 932/1047/1554
f 899/1014/1555 932/1047/1555 933/1048/1555
f 933/1048/1556 932/1047/1556 934/1049/1556
f 934/1049/1557 935/1050/1557 933/1048/1557
f 933/1048/1558 935/1050/1558 903/1018/1558
f 912/1027/1559 935/1050/1559 934/1049/1559
f 934/1049/1560 932/1047/1560 912/1027/1560
f 912/1027/1561 932/1047/1561 915/1030/1561
f 908/1023/1562 935/1050/1562 912/1027/1562
f 936/1051/1563 907/1022/1563 909/1024/1563
f 907/1022/1564 936/1051/1564 937/1052/1564
f 937/1052/1565 938/1053/1565 907/1022/1565
f 939/1054/1566 938/1053/1566 937/1052/1566
f 940/1055/1567 938/1053/1567 939/1054/1567
f 940/1055/1568 941/1056/1568 938/1053/1568
f 941/1056/1569 906/1021/1569 938/1053/1569
f 942/1057/1570 906/1021/1570 941/1056/1570
f 943/1058/1571 906/1021/1571 942/1057/1571
f 944/1059/1572 906/1021/1572 943/1058/1572
f 945/1060/1573 944/1059/1573 943/1058/1573
f 946/1061/1574 944/1059/1574 945/1060/1574
f 945/1060/1575 947/1062/1575 946/1061/1575
f 946/1061/1576 947/1062/1576 948/1063/1576
f 948/1063/1577 947/1062/1577 949/1064/1577
f 948/1063/1578 949/1064/1578 902/1017/1578
f 947/1062/1579 950/1065/1579 949/1064/1579
f 949/1064/1580 950/1065/1580 951/1066/1580
f 949/1064/1581 951/1066/1581 901/1016/1581
f 901/1016/1582 951/1066/1582 872/987/1582
f 951/1066/1583 950/1065/1583 952/1067/1583
f 874/989/1584 951/1066/1584 952/1067/1584
f 874/989/1585 952/1067/1585 953/1068/1585
f 953/1068/1586 952/1067/1586 954/1069/1586
f 954/1069/1587 862/1070/1587 953/1068/1587
f 953/1068/1588 862/1070/1588 860/1071/1588
f 953/1068/1589 860/1071/1589 875/990/1589
f 875/990/1590 860/1071/1590 828/1072/1590
f 875/990/1591 828/1072/1591 955/1073/1591
f 955/1073/1592 828/1072/1592 829/1074/1592
f 829/1074/1593 857/1075/1593 955/1073/1593
f 955/1073/1594 857/1075/1594 956/1076/1594
f 956/1076/1595 881/996/1595 955/1073/1595
f 955/1073/1596 881/996/1596 876/991/1596
f 857/1075/1597 883/998/1597 956/1076/1597
f 847/1077/1598 883/998/1598 857/1075/1598
f 848/1078/1599 883/998/1599 847/1077/1599
f 957/1079/1600 883/998/1600 848/1078/1600
f 856/1080/1601 957/1079/1601 848/1078/1601
f 958/1081/1602 957/1079/1602 856/1080/1602
f 958/1081/1603 959/1082/1603 957/1079/1603
f 957/1079/1604 959/1082/1604 884/999/1604
f 960/1083/1605 862/1070/1605 954/1069/1605
f 960/1083/1606 954/1069/1606 961/1084/1606
f 960/1083/1607 961/1084/1607 962/1085/1607
f 865/1086/1608 960/1083/1608 962/1085/1608
f 865/1086/1609 962/1085/1609 867/1087/1609
f 867/1087/1610 962/1085/1610 963/1088/1610
f 962/1085/1611 964/1089/1611 963/1088/1611
f 963/1088/1612 964/1089/1612 965/1090/1612
f 965/1090/1613 964/1089/1613 966/1091/1613
f 966/1091/1614 964/1089/1614 967/1092/1614
f 967/1092/1615 968/1093/1615 966/1091/1615
f 969/1094/1616 968/1093/1616 967/1092/1616
f 950/1065/1617 969/1094/1617 967/1092/1617
f 950/1065/1618 967/1092/1618 961/1084/1618
f 969/1094/1619 945/1060/1619 968/1093/1619
f 961/1084/1620 967/1092/1620 964/1089/1620
f 863/1095/1621 960/1083/1621 865/1086/1621
f 962/1085/1622 961/1084/1622 964/1089/1622
f 863/1095/1623 862/1070/1623 960/1083/1623
f 961/1084/1624 954/1069/1624 952/1067/1624
f 952/1067/1625 950/1065/1625 961/1084/1625
f 947/1062/1626 969/1094/1626 950/1065/1626
f 969/1094/1627 947/1062/1627 945/1060/1627
f 946/1061/1628 948/1063/1628 944/1059/1628
f 944/1059/1629 948/1063/1629 904/1019/1629
f 941/1056/1630 940/1055/1630 970/1096/1630
f 935/1050/1631 908/1023/1631 905/1020/1631
f 938/1053/1632 906/1021/1632 907/1022/1632
f 944/1059/1633 904/1019/1633 906/1021/1633
f 935/1050/1634 905/1020/1634 903/1018/1634
f 948/1063/1635 902/1017/1635 904/1019/1635
f 903/1018/1636 900/1015/1636 933/1048/1636
f 902/1017/1637 949/1064/1637 901/1016/1637
f 900/1015/1638 899/1014/1638 933/1048/1638
f 897/1012/1639 879/994/1639 896/1011/1639
f 896/1011/1640 879/994/1640 888/1003/1640
f 895/1010/1641 894/1009/1641 899/1014/1641
f 921/1036/1642 894/1009/1642 893/1008/1642
f 893/1008/1643 891/1006/1643 929/1044/1643
f 896/1011/1644 889/1004/1644 892/1007/1644
f 931/1046/1645 891/1006/1645 890/1005/1645
f 890/1005/1646 887/1002/1646 971/1097/1646
f 896/1011/1647 888/1003/1647 889/1004/1647
f 971/1097/1648 887/1002/1648 886/1001/1648
f 886/1001/1649 884/999/1649 959/1082/1649
f 884/999/1650 883/998/1650 957/1079/1650
f 883/998/1651 881/996/1651 956/1076/1651
f 880/995/1652 882/997/1652 885/1000/1652
f 888/1003/1653 879/994/1653 880/995/1653
f 878/993/1654 879/994/1654 898/1013/1654
f 881/996/1655 877/992/1655 876/991/1655
f 955/1073/1656 876/991/1656 875/990/1656
f 875/990/1657 874/989/1657 953/1068/1657
f 872/987/1658 951/1066/1658 874/989/1658
f 872/987/1659 871/986/1659 901/1016/1659
f 871/986/1660 870/985/1660 878/993/1660
f 873/988/1661 870/985/1661 869/984/1661
f 972/1098/1662 789/1099/1662 973/1100/1662
f 973/1100/1663 974/1101/1663 972/1098/1663
f 974/1101/1664 975/1102/1664 972/1098/1664
f 975/1102/1665 791/1103/1665 972/1098/1665
f 976/1104/1666 975/1102/1666 974/1101/1666
f 976/1104/1667 974/1101/1667 977/1105/1667
f 977/1105/1668 974/1101/1668 978/1106/1668
f 979/1107/1669 977/1105/1669 978/1106/1669
f 979/1107/1670 978/1106/1670 980/1108/1670
f 980/1108/1671 978/1106/1671 981/1109/1671
f 980/1108/1672 981/1109/1672 982/1110/1672
f 982/1110/1673 981/1109/1673 983/1111/1673
f 984/1112/1674 982/1110/1674 983/1111/1674
f 984/1112/1675 983/1111/1675 985/1113/1675
f 986/1114/1676 984/1112/1676 985/1113/1676
f 985/1113/1677 987/1115/1677 986/1114/1677
f 986/1114/1678 987/1115/1678 988/1116/1678
f 987/1115/1679 801/1117/1679 988/1116/1679
f 797/1118/1680 801/1117/1680 987/1115/1680
f 797/1118/1681 987/1115/1681 796/1119/1681
f 796/1119/1682 987/1115/1682 989/1120/1682
f 973/1100/1683 796/1119/1683 989/1120/1683
f 989/1120/1684 990/1121/1684 973/1100/1684
f 973/1100/1685 990/1121/1685 991/1122/1685
f 990/1121/1686 983/1111/1686 991/1122/1686
f 989/1120/1687 985/1113/1687 990/1121/1687
f 788/1123/1688 796/1119/1688 973/1100/1688
f 987/1115/1689 985/1113/1689 989/1120/1689
f 992/1124/1690 984/1112/1690 986/1114/1690
f 992/1124/1691 993/1125/1691 984/1112/1691
f 984/1112/1692 993/1125/1692 994/1126/1692
f 985/1113/1693 983/1111/1693 990/1121/1693
f 994/1126/1694 982/1110/1694 984/1112/1694
f 991/1122/1695 983/1111/1695 981/1109/1695
f 981/1109/1696 974/1101/1696 991/1122/1696
f 995/1127/1697 977/1105/1697 979/1107/1697
f 978/1106/1698 974/1101/1698 981/1109/1698
f 991/1122/1699 974/1101/1699 973/1100/1699
f 973/1100/1700 789/1099/1700 788/1123/1700
f 972/1098/1701 791/1103/1701 789/1099/1701
f 927/1128/1702 996/1129/1702 928/1130/1702
f 996/1129/1703 927/1128/1703 997/1131/1703
f 997/1131/1704 998/1132/1704 996/1129/1704
f 997/1131/1705 999/1133/1705 998/1132/1705
f 999/1133/1706 997/1131/1706 1000/1134/1706
f 1000/1134/1707 1001/1135/1707 999/1133/1707
f 1000/1134/1708 1002/1136/1708 1001/1135/1708
f 1002/1136/1709 1000/1134/1709 1003/1137/1709
f 1002/1136/1710 1003/1137/1710 1004/1138/1710
f 1005/1139/1711 1004/1138/1711 1003/1137/1711
f 1003/1137/1712 1006/1140/1712 1005/1139/1712
f 1005/1139/1713 1006/1140/1713 1007/1141/1713
f 1007/1141/1714 1006/1140/1714 813/1142/1714
f 813/1142/1715 1006/1140/1715 806/1143/1715
f 1006/1140/1716 1008/1144/1716 806/1143/1716
f 806/1143/1717 1008/1144/1717 805/1145/1717
f 805/1145/1718 1008/1144/1718 803/1146/1718
f 803/1146/1719 1008/1144/1719 1009/1147/1719
f 1009/1147/1720 1010/1148/1720 803/1146/1720
f 803/1146/1721 1010/1148/1721 778/1149/1721
f 1010/1148/1722 779/1150/1722 778/1149/1722
f 1011/1151/1723 779/1150/1723 1010/1148/1723
f 1012/1152/1724 1011/1151/1724 1010/1148/1724
f 1013/1153/1725 1011/1151/1725 1012/1152/1725
f 1013/1153/1726 1012/1152/1726 1014/1154/1726
f 1015/1155/1727 1013/1153/1727 1014/1154/1727
f 1015/1155/1728 1014/1154/1728 1016/1156/1728
f 1015/1155/1729 1016/1156/1729 1017/1157/1729
f 1018/1158/1730 1015/1155/1730 1017/1157/1730
f 1019/1159/1731 1018/1158/1731 1017/1157/1731
f 1017/1157/1732 1020/1160/1732 1019/1159/1732
f 1021/1161/1733 1019/1159/1733 1020/1160/1733
f 1020/1160/1734 958/1162/1734 1021/1161/1734
f 1021/1161/1735 958/1162/1735 856/1163/1735
f 1022/1164/1736 958/1162/1736 1020/1160/1736
f 959/1165/1737 958/1162/1737 1022/1164/1737
f 1016/1156/1738 959/1165/1738 1022/1164/1738
f 886/1166/1739 959/1165/1739 1016/1156/1739
f 1016/1156/1740 971/1167/1740 886/1166/1740
f 1023/1168/1741 971/1167/1741 1016/1156/1741
f 1023/1168/1742 1024/1169/1742 971/1167/1742
f 971/1167/1743 1024/1169/1743 890/1170/1743
f 1024/1169/1744 1025/1171/1744 890/1170/1744
f 890/1170/1745 1025/1171/1745 931/1172/1745
f 1025/1171/1746 930/1173/1746 931/1172/1746
f 1026/1174/1747 930/1173/1747 1025/1171/1747
f 1025/1171/1748 1027/1175/1748 1026/1174/1748
f 1026/1174/1749 1027/1175/1749 1028/1176/1749
f 1026/1174/1750 1028/1176/1750 997/1131/1750
f 1028/1176/1751 1027/1175/1751 1029/1177/1751
f 1028/1176/1752 1029/1177/1752 1000/1134/1752
f 1029/1177/1753 1027/1175/1753 1030/1178/1753
f 1030/1178/1754 1009/1147/1754 1029/1177/1754
f 1030/1178/1755 1012/1152/1755 1009/1147/1755
f 1030/1178/1756 1027/1175/1756 1012/1152/1756
f 1012/1152/1757 1027/1175/1757 1031/1179/1757
f 1027/1175/1758 1025/1171/1758 1031/1179/1758
f 1026/1174/1759 927/1128/1759 930/1173/1759
f 1031/1179/1760 1025/1171/1760 1024/1169/1760
f 1023/1168/1761 1031/1179/1761 1024/1169/1761
f 1014/1154/1762 1031/1179/1762 1023/1168/1762
f 1032/1180/1763 1019/1159/1763 1021/1161/1763
f 1032/1180/1764 1033/1181/1764 1019/1159/1764
f 1034/1182/1765 1033/1181/1765 1032/1180/1765
f 1034/1182/1766 1035/1183/1766 1033/1181/1766
f 1035/1183/1767 1036/1184/1767 1033/1181/1767
f 1033/1181/1768 1036/1184/1768 1018/1158/1768
f 1018/1158/1769 1036/1184/1769 1037/1185/1769
f 1037/1185/1770 1036/1184/1770 1038/1186/1770
f 1038/1186/1771 1011/1151/1771 1037/1185/1771
f 1038/1186/1772 802/1187/1772 1011/1151/1772
f 1038/1186/1773 1036/1184/1773 802/1187/1773
f 802/1187/1774 1036/1184/1774 799/1188/1774
f 1035/1183/1775 799/1188/1775 1036/1184/1775
f 800/1189/1776 799/1188/1776 1035/1183/1776
f 1039/1190/1777 800/1189/1777 1035/1183/1777
f 801/1191/1778 800/1189/1778 1039/1190/1778
f 1039/1190/1779 1035/1183/1779 1034/1182/1779
f 1022/1164/1780 1020/1160/1780 1017/1157/1780
f 1033/1181/1781 1018/1158/1781 1019/1159/1781
f 1037/1185/1782 1015/1155/1782 1018/1158/1782
f 1017/1157/1783 1016/1156/1783 1022/1164/1783
f 1016/1156/1784 1014/1154/1784 1023/1168/1784
f 1037/1185/1785 1013/1153/1785 1015/1155/1785
f 1014/1154/1786 1012/1152/1786 1031/1179/1786
f 1037/1185/1787 1011/1151/1787 1013/1153/1787
f 1011/1151/1788 802/1187/1788 779/1150/1788
f 1009/1147/1789 1012/1152/1789 1010/1148/1789
f 1029/1177/1790 1009/1147/1790 1008/1144/1790
f 1006/1140/1791 1029/1177/1791 1008/1144/1791
f 1003/1137/1792 1029/1177/1792 1006/1140/1792
f 1000/1134/1793 1029/1177/1793 1003/1137/1793
f 997/1131/1794 1028/1176/1794 1000/1134/1794
f 997/1131/1795 927/1128/1795 1026/1174/1795
f 986/1192/1796 988/1193/1796 1040/1194/1796
f 1040/1194/1797 992/1195/1797 986/1192/1797
f 1041/1196/1798 992/1195/1798 1040/1194/1798
f 1041/1196/1799 1040/1194/1799 1042/1197/1799
f 1042/1197/1800 1043/1198/1800 1041/1196/1800
f 1043/1198/1801 993/1199/1801 1041/1196/1801
f 1044/1200/1802 1043/1198/1802 1042/1197/1802
f 1042/1197/1803 1045/1201/1803 1044/1200/1803
f 1044/1200/1804 1045/1201/1804 1046/1202/1804
f 1046/1202/1805 1045/1201/1805 1047/1203/1805
f 1047/1203/1806 1045/1201/1806 1048/1204/1806
f 1048/1204/1807 852/1205/1807 1047/1203/1807
f 1047/1203/1808 852/1205/1808 854/1206/1808
f 852/1205/1809 1048/1204/1809 851/1207/1809
f 851/1207/1810 1048/1204/1810 1049/1208/1810
f 1050/1209/1811 851/1207/1811 1049/1208/1811
f 1050/1209/1812 1049/1208/1812 1051/1210/1812
f 1051/1210/1813 1021/1211/1813 1050/1209/1813
f 1021/1211/1814 849/1212/1814 1050/1209/1814
f 856/1213/1815 849/1212/1815 1021/1211/1815
f 1032/1214/1816 1021/1211/1816 1051/1210/1816
f 1051/1210/1817 1052/1215/1817 1032/1214/1817
f 1032/1214/1818 1052/1215/1818 1034/1216/1818
f 1053/1217/1819 1034/1216/1819 1052/1215/1819
f 1054/1218/1820 1053/1217/1820 1052/1215/1820
f 1054/1218/1821 1052/1215/1821 1055/1219/1821
f 1045/1201/1822 1054/1218/1822 1055/1219/1822
f 1055/1219/1823 1049/1208/1823 1045/1201/1823
f 1040/1194/1824 1053/1217/1824 1054/1218/1824
f 1039/1220/1825 1034/1216/1825 1053/1217/1825
f 988/1193/1826 1039/1220/1826 1053/1217/1826
f 801/1221/1827 1039/1220/1827 988/1193/1827
f 1055/1219/1828 1052/1215/1828 1051/1210/1828
f 1051/1210/1829 1049/1208/1829 1055/1219/1829
f 849/1212/1830 851/1207/1830 1050/1209/1830
f 1045/1201/1831 1049/1208/1831 1048/1204/1831
f 1042/1197/1832 1054/1218/1832 1045/1201/1832
f 1042/1197/1833 1040/1194/1833 1054/1218/1833
f 1041/1196/1834 993/1199/1834 992/1195/1834
f 1040/1194/1835 988/1193/1835 1053/1217/1835
usemtl material_0.233
f 1056/1222/1836 1057/1223/1836 1058/1224/1836
f 1056/1222/1837 1058/1224/1837 1059/1225/1837
f 1059/1225/1838 1060/1226/1838 1056/1222/1838
f 1059/1225/1839 1061/1227/1839 1060/1226/1839
f 1060/1226/1840 1061/1227/1840 1062/1228/1840
f 1060/1226/1841 1062/1228/1841 1063/1229/1841
f 1064/1230/1842 1063/1229/1842 1062/1228/1842
f 1064/1230/1843 1062/1228/1843 1065/1231/1843
f 1066/1232/1844 1064/1230/1844 1065/1231/1844
f 1066/1232/1845 1065/1231/1845 1067/1233/1845
f 1068/1234/1846 1066/1232/1846 1067/1233/1846
f 1068/1234/1847 1067/1233/1847 1069/1235/1847
f 1070/1236/1848 1069/1235/1848 1067/1233/1848
f 1071/1237/1849 1070/1236/1849 1067/1233/1849
f 1072/1238/1850 1070/1236/1850 1071/1237/1850
f 1071/1237/1851 1073/1239/1851 1072/1238/1851
f 1071/1237/1852 1074/1240/1852 1073/1239/1852
f 1074/1240/1853 1075/1241/1853 1073/1239/1853
f 1074/1240/1854 1076/1242/1854 1075/1241/1854
f 1077/1243/1855 1075/1241/1855 1076/1242/1855
f 1077/1243/1856 1076/1242/1856 1078/1244/1856
f 1077/1243/1857 1078/1244/1857 1079/1245/1857
f 1077/1243/1858 1079/1245/1858 1080/1246/1858
f 1081/1247/1859 1080/1246/1859 1079/1245/1859
f 1081/1247/1860 1079/1245/1860 1058/1224/1860
f 1081/1247/1861 1058/1224/1861 1082/1248/1861
f 1082/1248/1862 1083/1249/1862 1081/1247/1862
f 1083/1249/1863 1084/1250/1863 1081/1247/1863
f 1083/1249/1864 1085/1251/1864 1084/1250/1864
f 1086/1252/1865 1085/1251/1865 1083/1249/1865
f 1086/1252/1866 1083/1249/1866 1087/1253/1866
f 1086/1252/1867 1087/1253/1867 1088/1254/1867
f 1089/1255/1868 1086/1252/1868 1088/1254/1868
f 1090/1256/1869 1089/1255/1869 1088/1254/1869
f 1090/1256/1870 1091/1257/1870 1089/1255/1870
f 1089/1255/1871 1092/1258/1871 1086/1252/1871
f 1086/1252/1872 1092/1258/1872 1093/1259/1872
f 1086/1252/1873 1093/1259/1873 1094/1260/1873
f 1087/1253/1874 1090/1256/1874 1088/1254/1874
f 1087/1253/1875 1095/1261/1875 1090/1256/1875
f 1095/1261/1876 1087/1253/1876 1082/1248/1876
f 1095/1261/1877 1082/1248/1877 1096/1262/1877
f 1086/1252/1878 1094/1260/1878 1085/1251/1878
f 1082/1248/1879 1087/1253/1879 1083/1249/1879
f 1058/1224/1880 1096/1262/1880 1082/1248/1880
f 1081/1247/1881 1084/1250/1881 1080/1246/1881
f 1059/1225/1882 1079/1245/1882 1078/1244/1882
f 1078/1244/1883 1076/1242/1883 1061/1227/1883
f 1076/1242/1884 1074/1240/1884 1062/1228/1884
f 1065/1231/1885 1074/1240/1885 1071/1237/1885
f 1072/1238/1886 1097/1263/1886 1070/1236/1886
f 1097/1263/1887 1098/1264/1887 1070/1236/1887
f 1097/1263/1888 1099/1265/1888 1098/1264/1888
f 1070/1236/1889 1098/1264/1889 1069/1235/1889
f 1071/1237/1890 1067/1233/1890 1065/1231/1890
f 1065/1231/1891 1062/1228/1891 1074/1240/1891
f 1076/1242/1892 1062/1228/1892 1061/1227/1892
f 1078/1244/1893 1061/1227/1893 1059/1225/1893
f 1059/1225/1894 1058/1224/1894 1079/1245/1894
f 1058/1224/1895 1057/1223/1895 1096/1262/1895
f 1100/1266/1896 1101/1267/1896 1102/1268/1896
f 1100/1266/1897 1102/1268/1897 1103/1269/1897
f 1104/1270/1898 1103/1269/1898 1102/1268/1898
f 1105/1271/1899 1104/1270/1899 1102/1268/1899
f 1106/1272/1900 1105/1271/1900 1102/1268/1900
f 1106/1272/1901 1107/1273/1901 1105/1271/1901
f 1105/1271/1902 1107/1273/1902 1108/1274/1902
f 1105/1271/1903 1108/1274/1903 1109/1275/1903
f 1109/1275/1904 1108/1274/1904 1110/1276/1904
f 1109/1275/1905 1110/1276/1905 1111/1277/1905
f 1109/1275/1906 1111/1277/1906 1112/1278/1906
f 1109/1275/1907 1112/1278/1907 1104/1270/1907
f 1112/1278/1908 1113/1279/1908 1104/1270/1908
f 1112/1278/1909 1114/1280/1909 1113/1279/1909
f 1108/1274/1910 1115/1281/1910 1110/1276/1910
f 1108/1274/1911 1116/1282/1911 1115/1281/1911
f 1117/1283/1912 1115/1281/1912 1116/1282/1912
f 1117/1283/1913 1116/1282/1913 1118/1284/1913
f 1119/1285/1914 1117/1283/1914 1118/1284/1914
f 1119/1285/1915 1118/1284/1915 1120/1286/1915
f 1120/1286/1916 1121/1287/1916 1119/1285/1916
f 1120/1286/1917 1122/1288/1917 1121/1287/1917
f 1122/1288/1918 1123/1289/1918 1121/1287/1918
f 1122/1288/1919 1124/1290/1919 1123/1289/1919
f 1124/1290/1920 1125/1291/1920 1123/1289/1920
f 1124/1290/1921 1126/1292/1921 1125/1291/1921
f 1126/1292/1922 1099/1293/1922 1125/1291/1922
f 1126/1292/1923 1098/1294/1923 1099/1293/1923
f 1127/1295/1924 1098/1294/1924 1126/1292/1924
f 1126/1292/1925 1128/1296/1925 1127/1295/1925
f 1127/1295/1926 1128/1296/1926 1129/1297/1926
f 1127/1295/1927 1129/1297/1927 1130/1298/1927
f 1069/1299/1928 1127/1295/1928 1130/1298/1928
f 1069/1299/1929 1130/1298/1929 1068/1300/1929
f 1131/1301/1930 1129/1297/1930 1128/1296/1930
f 1122/1288/1931 1131/1301/1931 1128/1296/1931
f 1132/1302/1932 1131/1301/1932 1122/1288/1932
f 1133/1303/1933 1131/1301/1933 1132/1302/1933
f 1133/1303/1934 1132/1302/1934 1134/1304/1934
f 1135/1305/1935 1134/1304/1935 1132/1302/1935
f 1135/1305/1936 1132/1302/1936 1136/1306/1936
f 1137/1307/1937 1135/1305/1937 1136/1306/1937
f 1136/1306/1938 1116/1282/1938 1137/1307/1938
f 1137/1307/1939 1138/1308/1939 1135/1305/1939
f 1107/1273/1940 1138/1308/1940 1137/1307/1940
f 1107/1273/1941 1139/1309/1941 1138/1308/1941
f 1132/1302/1942 1118/1284/1942 1136/1306/1942
f 1131/1301/1943 1133/1303/1943 1129/1297/1943
f 1127/1295/1944 1069/1299/1944 1098/1294/1944
f 1126/1292/1945 1124/1290/1945 1128/1296/1945
f 1122/1288/1946 1128/1296/1946 1124/1290/1946
f 1132/1302/1947 1122/1288/1947 1120/1286/1947
f 1132/1302/1948 1120/1286/1948 1118/1284/1948
f 1136/1306/1949 1118/1284/1949 1116/1282/1949
f 1108/1274/1950 1137/1307/1950 1116/1282/1950
f 1108/1274/1951 1107/1273/1951 1137/1307/1951
f 1106/1272/1952 1139/1309/1952 1107/1273/1952
f 1105/1271/1953 1109/1275/1953 1104/1270/1953
f 1104/1270/1954 1113/1279/1954 1103/1269/1954
f 1106/1272/1955 1102/1268/1955 1101/1267/1955
f 1140/1310/1956 1141/1311/1956 1142/1312/1956
f 1140/1310/1957 1142/1312/1957 1143/1313/1957
f 1143/1313/1958 1093/1314/1958 1140/1310/1958
f 1143/1313/1959 1094/1315/1959 1093/1314/1959
f 1143/1313/1960 1085/1316/1960 1094/1315/1960
f 1143/1313/1961 1144/1317/1961 1085/1316/1961
f 1144/1317/1962 1084/1318/1962 1085/1316/1962
f 1144/1317/1963 1145/1319/1963 1084/1318/1963
f 1145/1319/1964 1080/1320/1964 1084/1318/1964
f 1145/1319/1965 1146/1321/1965 1080/1320/1965
f 1077/1322/1966 1080/1320/1966 1146/1321/1966
f 1077/1322/1967 1146/1321/1967 1147/1323/1967
f 1147/1323/1968 1075/1324/1968 1077/1322/1968
f 1147/1323/1969 1148/1325/1969 1075/1324/1969
f 1073/1326/1970 1075/1324/1970 1148/1325/1970
f 1073/1326/1971 1148/1325/1971 1149/1327/1971
f 1149/1327/1972 1072/1328/1972 1073/1326/1972
f 1149/1327/1973 1150/1329/1973 1072/1328/1973
f 1150/1329/1974 1097/1330/1974 1072/1328/1974
f 1150/1329/1975 1151/1331/1975 1097/1330/1975
f 1151/1331/1976 1099/1332/1976 1097/1330/1976
f 1151/1331/1977 1152/1333/1977 1099/1332/1977
f 1153/1334/1978 1152/1333/1978 1151/1331/1978
f 1154/1335/1979 1153/1334/1979 1151/1331/1979
f 1153/1334/1980 1154/1335/1980 1155/1336/1980
f 1153/1334/1981 1155/1336/1981 1156/1337/1981
f 1157/1338/1982 1153/1334/1982 1156/1337/1982
f 1157/1338/1983 1156/1337/1983 1158/1339/1983
f 1159/1340/1984 1158/1339/1984 1156/1337/1984
f 1156/1337/1985 1160/1341/1985 1159/1340/1985
f 1159/1340/1986 1161/1342/1986 1158/1339/1986
f 1156/1337/1987 1155/1336/1987 1160/1341/1987
f 1155/1336/1988 1162/1343/1988 1160/1341/1988
f 1155/1336/1989 1163/1344/1989 1162/1343/1989
f 1163/1344/1990 1164/1345/1990 1162/1343/1990
f 1163/1344/1991 1165/1346/1991 1164/1345/1991
f 1166/1347/1992 1164/1345/1992 1165/1346/1992
f 1166/1347/1993 1165/1346/1993 1167/1348/1993
f 1167/1348/1994 1168/1349/1994 1166/1347/1994
f 1167/1348/1995 1169/1350/1995 1168/1349/1995
f 1170/1351/1996 1168/1349/1996 1169/1350/1996
f 1171/1352/1997 1170/1351/1997 1169/1350/1997
f 1171/1352/1998 1169/1350/1998 1172/1353/1998
f 1171/1352/1999 1172/1353/1999 1146/1321/1999
f 1173/1354/2000 1172/1353/2000 1169/1350/2000
f 1147/1323/2001 1172/1353/2001 1173/1354/2001
f 1174/1355/2002 1170/1351/2002 1171/1352/2002
f 1174/1355/2003 1171/1352/2003 1145/1319/2003
f 1174/1355/2004 1175/1356/2004 1170/1351/2004
f 1175/1356/2005 1176/1357/2005 1170/1351/2005
f 1175/1356/2006 1177/1358/2006 1176/1357/2006
f 1177/1358/2007 1175/1356/2007 1178/1359/2007
f 1177/1358/2008 1178/1359/2008 1179/1360/2008
f 1180/1361/2009 1179/1360/2009 1178/1359/2009
f 1180/1361/2010 1178/1359/2010 1181/1362/2010
f 1181/1362/2011 1178/1359/2011 1142/1312/2011
f 1174/1355/2012 1142/1312/2012 1178/1359/2012
f 1142/1312/2013 1174/1355/2013 1144/1317/2013
f 1174/1355/2014 1178/1359/2014 1175/1356/2014
f 1170/1351/2015 1176/1357/2015 1168/1349/2015
f 1173/1354/2016 1169/1350/2016 1167/1348/2016
f 1182/1363/2017 1173/1354/2017 1167/1348/2017
f 1173/1354/2018 1182/1363/2018 1148/1325/2018
f 1182/1363/2019 1167/1348/2019 1165/1346/2019
f 1165/1346/2020 1183/1364/2020 1182/1363/2020
f 1182/1363/2021 1183/1364/2021 1149/1327/2021
f 1165/1346/2022 1163/1344/2022 1183/1364/2022
f 1163/1344/2023 1154/1335/2023 1183/1364/2023
f 1183/1364/2024 1154/1335/2024 1150/1329/2024
f 1163/1344/2025 1155/1336/2025 1154/1335/2025
f 1153/1334/2026 1157/1338/2026 1152/1333/2026
f 1154/1335/2027 1151/1331/2027 1150/1329/2027
f 1183/1364/2028 1150/1329/2028 1149/1327/2028
f 1182/1363/2029 1149/1327/2029 1148/1325/2029
f 1173/1354/2030 1148/1325/2030 1147/1323/2030
f 1147/1323/2031 1146/1321/2031 1172/1353/2031
f 1171/1352/2032 1146/1321/2032 1145/1319/2032
f 1174/1355/2033 1145/1319/2033 1144/1317/2033
f 1142/1312/2034 1144/1317/2034 1143/1313/2034
f 1181/1362/2035 1142/1312/2035 1141/1311/2035
f 1184/1365/2036 1185/1366/2036 1186/1367/2036
f 1184/1365/2037 1186/1367/2037 1187/1368/2037
f 1187/1368/2038 1188/1369/2038 1184/1365/2038
f 1189/1370/2039 1184/1365/2039 1188/1369/2039
f 1189/1370/2040 1188/1369/2040 1190/1371/2040
f 1190/1371/2041 1191/1372/2041 1189/1370/2041
f 1191/1372/2042 1192/1373/2042 1189/1370/2042
f 1191/1372/2043 1193/1374/2043 1192/1373/2043
f 1193/1374/2044 1194/1375/2044 1192/1373/2044
f 1195/1376/2045 1192/1373/2045 1194/1375/2045
f 1196/1377/2046 1195/1376/2046 1194/1375/2046
f 1197/1378/2047 1196/1377/2047 1194/1375/2047
f 1197/1378/2048 1194/1375/2048 1198/1379/2048
f 1199/1380/2049 1197/1378/2049 1198/1379/2049
f 1200/1381/2050 1199/1380/2050 1198/1379/2050
f 1200/1381/2051 1198/1379/2051 1193/1374/2051
f 1201/1382/2052 1200/1381/2052 1193/1374/2052
f 1201/1382/2053 1202/1383/2053 1200/1381/2053
f 1201/1382/2054 1203/1384/2054 1202/1383/2054
f 1203/1384/2055 1204/1385/2055 1202/1383/2055
f 1205/1386/2056 1202/1383/2056 1204/1385/2056
f 1204/1385/2057 1206/1387/2057 1205/1386/2057
f 1207/1388/2058 1205/1386/2058 1206/1387/2058
f 1207/1388/2059 1206/1387/2059 1208/1389/2059
f 1209/1390/2060 1207/1388/2060 1208/1389/2060
f 1209/1390/2061 1208/1389/2061 1210/1391/2061
f 1211/1392/2062 1209/1390/2062 1210/1391/2062
f 1211/1392/2063 1210/1391/2063 1212/1393/2063
f 1213/1394/2064 1211/1392/2064 1212/1393/2064
f 1213/1394/2065 1214/1395/2065 1211/1392/2065
f 1213/1394/2066 1215/1396/2066 1214/1395/2066
f 1214/1395/2067 1215/1396/2067 1216/1397/2067
f 1214/1395/2068 1216/1397/2068 1217/1398/2068
f 1214/1395/2069 1217/1398/2069 1218/1399/2069
f 1214/1395/2070 1218/1399/2070 1219/1400/2070
f 1214/1395/2071 1219/1400/2071 1209/1390/2071
f 1220/1401/2072 1219/1400/2072 1218/1399/2072
f 1220/1401/2073 1218/1399/2073 1221/1402/2073
f 1221/1402/2074 1222/1403/2074 1220/1401/2074
f 1222/1403/2075 1207/1388/2075 1220/1401/2075
f 1221/1402/2076 1199/1380/2076 1222/1403/2076
f 1202/1383/2077 1222/1403/2077 1199/1380/2077
f 1223/1404/2078 1221/1402/2078 1218/1399/2078
f 1224/1405/2079 1223/1404/2079 1218/1399/2079
f 1224/1405/2080 1225/1406/2080 1223/1404/2080
f 1196/1377/2081 1223/1404/2081 1225/1406/2081
f 1226/1407/2082 1196/1377/2082 1225/1406/2082
f 1226/1407/2083 1225/1406/2083 1227/1408/2083
f 1228/1409/2084 1226/1407/2084 1227/1408/2084
f 1228/1409/2085 1227/1408/2085 1229/1410/2085
f 1228/1409/2086 1229/1410/2086 1230/1411/2086
f 1228/1409/2087 1230/1411/2087 1231/1412/2087
f 1231/1412/2088 1232/1413/2088 1228/1409/2088
f 1231/1412/2089 1233/1414/2089 1232/1413/2089
f 1186/1367/2090 1232/1413/2090 1233/1414/2090
f 1186/1367/2091 1233/1414/2091 1234/1415/2091
f 1235/1416/2092 1234/1415/2092 1233/1414/2092
f 1235/1416/2093 1233/1414/2093 1236/1417/2093
f 1235/1416/2094 1236/1417/2094 1237/1418/2094
f 1235/1416/2095 1237/1418/2095 1238/1419/2095
f 1238/1419/2096 1239/1420/2096 1235/1416/2096
f 1235/1416/2097 1239/1420/2097 1240/1421/2097
f 1239/1420/2098 1241/1422/2098 1240/1421/2098
f 1240/1421/2099 1241/1422/2099 1242/1423/2099
f 1240/1421/2100 1242/1423/2100 1187/1368/2100
f 1234/1415/2101 1240/1421/2101 1187/1368/2101
f 1241/1422/2102 1243/1424/2102 1242/1423/2102
f 1244/1425/2103 1242/1423/2103 1243/1424/2103
f 1244/1425/2104 1245/1426/2104 1242/1423/2104
f 1188/1369/2105 1242/1423/2105 1245/1426/2105
f 1188/1369/2106 1245/1426/2106 1246/1427/2106
f 1247/1428/2107 1188/1369/2107 1246/1427/2107
f 1241/1422/2108 1248/1429/2108 1243/1424/2108
f 1248/1429/2109 1241/1422/2109 1249/1430/2109
f 1250/1431/2110 1249/1430/2110 1241/1422/2110
f 1250/1431/2111 1251/1432/2111 1249/1430/2111
f 1251/1432/2112 1250/1431/2112 1252/1433/2112
f 1253/1434/2113 1252/1433/2113 1250/1431/2113
f 1254/1435/2114 1253/1434/2114 1250/1431/2114
f 1254/1435/2115 1250/1431/2115 1239/1420/2115
f 1255/1436/2116 1253/1434/2116 1254/1435/2116
f 1256/1437/2117 1255/1436/2117 1254/1435/2117
f 1256/1437/2118 1254/1435/2118 1238/1419/2118
f 1255/1436/2119 1257/1438/2119 1253/1434/2119
f 1257/1438/2120 1258/1439/2120 1253/1434/2120
f 1259/1440/2120 1253/1434/2120 1258/1439/2120
f 1257/1438/2121 1260/1441/2121 1258/1439/2121
f 1252/1433/2122 1253/1434/2122 1259/1440/2122
f 1239/1420/2123 1250/1431/2123 1241/1422/2123
f 1238/1419/2124 1254/1435/2124 1239/1420/2124
f 1256/1437/2125 1238/1419/2125 1237/1418/2125
f 1256/1437/2126 1237/1418/2126 1261/1442/2126
f 1262/1443/2127 1261/1442/2127 1237/1418/2127
f 1237/1418/2128 1263/1444/2128 1262/1443/2128
f 1262/1443/2129 1263/1444/2129 1264/1445/2129
f 1262/1443/2130 1264/1445/2130 1265/1446/2130
f 1262/1443/2131 1265/1446/2131 1266/1447/2131
f 1262/1443/2132 1266/1447/2132 1267/1448/2132
f 1265/1446/2133 1268/1449/2133 1266/1447/2133
f 1265/1446/2134 1269/1450/2134 1268/1449/2134
f 1269/1450/2135 1270/1451/2135 1268/1449/2135
f 1269/1450/2136 1271/1452/2136 1270/1451/2136
f 1179/1453/2137 1270/1451/2137 1271/1452/2137
f 1177/1454/2138 1179/1453/2138 1271/1452/2138
f 1177/1454/2139 1271/1452/2139 1272/1455/2139
f 1177/1454/2140 1272/1455/2140 1273/1456/2140
f 1177/1454/2141 1273/1456/2141 1176/1457/2141
f 1176/1457/2142 1273/1456/2142 1274/1458/2142
f 1176/1457/2143 1274/1458/2143 1168/1459/2143
f 1275/1460/2144 1168/1459/2144 1274/1458/2144
f 1276/1461/2145 1275/1460/2145 1274/1458/2145
f 1276/1461/2146 1274/1458/2146 1277/1462/2146
f 1277/1462/2147 1227/1408/2147 1276/1461/2147
f 1278/1463/2148 1276/1461/2148 1227/1408/2148
f 1276/1461/2149 1278/1463/2149 1279/1464/2149
f 1278/1463/2150 1280/1465/2150 1279/1464/2150
f 1280/1465/2151 1164/1466/2151 1279/1464/2151
f 1279/1464/2152 1164/1466/2152 1166/1467/2152
f 1279/1464/2153 1166/1467/2153 1275/1460/2153
f 1280/1465/2154 1162/1468/2154 1164/1466/2154
f 1280/1465/2155 1160/1469/2155 1162/1468/2155
f 1280/1465/2156 1216/1397/2156 1160/1469/2156
f 1216/1397/2157 1159/1470/2157 1160/1469/2157
f 1216/1397/2158 1280/1465/2158 1224/1405/2158
f 1278/1463/2159 1224/1405/2159 1280/1465/2159
f 1276/1461/2160 1279/1464/2160 1275/1460/2160
f 1275/1460/2161 1166/1467/2161 1168/1459/2161
f 1273/1456/2162 1277/1462/2162 1274/1458/2162
f 1273/1456/2163 1281/1471/2163 1277/1462/2163
f 1281/1471/2164 1229/1410/2164 1277/1462/2164
f 1282/1472/2165 1281/1471/2165 1273/1456/2165
f 1264/1445/2166 1281/1471/2166 1282/1472/2166
f 1269/1450/2167 1264/1445/2167 1282/1472/2167
f 1264/1445/2168 1230/1411/2168 1281/1471/2168
f 1282/1472/2169 1273/1456/2169 1272/1455/2169
f 1282/1472/2170 1272/1455/2170 1271/1452/2170
f 1179/1453/2171 1180/1473/2171 1270/1451/2171
f 1282/1472/2172 1271/1452/2172 1269/1450/2172
f 1269/1450/2173 1265/1446/2173 1264/1445/2173
f 1230/1411/2174 1264/1445/2174 1263/1444/2174
f 1262/1443/2175 1267/1448/2175 1261/1442/2175
f 1237/1418/2176 1236/1417/2176 1263/1444/2176
f 1233/1414/2177 1263/1444/2177 1236/1417/2177
f 1235/1416/2178 1240/1421/2178 1234/1415/2178
f 1233/1414/2179 1231/1412/2179 1263/1444/2179
f 1230/1411/2180 1263/1444/2180 1231/1412/2180
f 1281/1471/2181 1230/1411/2181 1229/1410/2181
f 1277/1462/2182 1229/1410/2182 1227/1408/2182
f 1232/1413/2183 1226/1407/2183 1228/1409/2183
f 1232/1413/2184 1195/1376/2184 1226/1407/2184
f 1185/1366/2185 1195/1376/2185 1232/1413/2185
f 1278/1463/2186 1227/1408/2186 1225/1406/2186
f 1224/1405/2187 1278/1463/2187 1225/1406/2187
f 1223/1404/2188 1197/1378/2188 1221/1402/2188
f 1207/1388/2189 1219/1400/2189 1220/1401/2189
f 1224/1405/2190 1218/1399/2190 1217/1398/2190
f 1216/1397/2191 1224/1405/2191 1217/1398/2191
f 1216/1397/2192 1215/1396/2192 1159/1470/2192
f 1161/1474/2193 1159/1470/2193 1215/1396/2193
f 1161/1474/2194 1215/1396/2194 1213/1394/2194
f 1214/1395/2195 1209/1390/2195 1211/1392/2195
f 1210/1391/2196 1208/1389/2196 1283/1475/2196
f 1284/1476/2197 1283/1475/2197 1208/1389/2197
f 1207/1388/2198 1209/1390/2198 1219/1400/2198
f 1284/1476/2199 1208/1389/2199 1206/1387/2199
f 1285/1477/2200 1284/1476/2200 1206/1387/2200
f 1285/1477/2201 1206/1387/2201 1286/1478/2201
f 1287/1479/2202 1285/1477/2202 1286/1478/2202
f 1287/1479/2203 1286/1478/2203 1288/1480/2203
f 1289/1481/2204 1287/1479/2204 1288/1480/2204
f 1289/1481/2205 1288/1480/2205 1290/1482/2205
f 1290/1482/2206 1291/1483/2206 1289/1481/2206
f 1292/1484/2207 1289/1481/2207 1291/1483/2207
f 1293/1485/2208 1289/1481/2208 1292/1484/2208
f 1289/1481/2209 1293/1485/2209 1294/1486/2209
f 1295/1487/2210 1294/1486/2210 1293/1485/2210
f 1291/1483/2211 1290/1482/2211 1296/1488/2211
f 1296/1488/2212 1290/1482/2212 1297/1489/2212
f 1298/1490/2213 1297/1489/2213 1290/1482/2213
f 1297/1489/2214 1298/1490/2214 1299/1491/2214
f 1298/1490/2215 1300/1492/2215 1299/1491/2215
f 1301/1493/2216 1300/1492/2216 1298/1490/2216
f 1302/1494/2217 1301/1493/2217 1298/1490/2217
f 1288/1480/2218 1302/1494/2218 1298/1490/2218
f 1302/1494/2219 1203/1384/2219 1301/1493/2219
f 1303/1495/2220 1301/1493/2220 1203/1384/2220
f 1301/1493/2221 1303/1495/2221 1304/1496/2221
f 1301/1493/2222 1304/1496/2222 1305/1497/2222
f 1306/1498/2223 1304/1496/2223 1303/1495/2223
f 1303/1495/2224 1307/1499/2224 1306/1498/2224
f 1303/1495/2225 1308/1500/2225 1307/1499/2225
f 1309/1501/2226 1307/1499/2226 1308/1500/2226
f 1308/1500/2227 1310/1502/2227 1309/1501/2227
f 1308/1500/2228 1190/1371/2228 1310/1502/2228
f 1311/1503/2229 1310/1502/2229 1190/1371/2229
f 1190/1371/2230 1247/1428/2230 1311/1503/2230
f 1303/1495/2231 1191/1372/2231 1308/1500/2231
f 1303/1495/2232 1201/1382/2232 1191/1372/2232
f 1300/1492/2233 1301/1493/2233 1305/1497/2233
f 1288/1480/2234 1298/1490/2234 1290/1482/2234
f 1294/1486/2235 1287/1479/2235 1289/1481/2235
f 1294/1486/2236 1312/1504/2236 1287/1479/2236
f 1286/1478/2237 1302/1494/2237 1288/1480/2237
f 1286/1478/2238 1204/1385/2238 1302/1494/2238
f 1312/1504/2239 1285/1477/2239 1287/1479/2239
f 1222/1403/2240 1205/1386/2240 1207/1388/2240
f 1204/1385/2241 1286/1478/2241 1206/1387/2241
f 1205/1386/2242 1222/1403/2242 1202/1383/2242
f 1203/1384/2243 1302/1494/2243 1204/1385/2243
f 1303/1495/2244 1203/1384/2244 1201/1382/2244
f 1202/1383/2245 1199/1380/2245 1200/1381/2245
f 1199/1380/2246 1221/1402/2246 1197/1378/2246
f 1196/1377/2247 1197/1378/2247 1223/1404/2247
f 1196/1377/2248 1226/1407/2248 1195/1376/2248
f 1195/1376/2249 1185/1366/2249 1192/1373/2249
f 1193/1374/2250 1198/1379/2250 1194/1375/2250
f 1201/1382/2251 1193/1374/2251 1191/1372/2251
f 1190/1371/2252 1308/1500/2252 1191/1372/2252
f 1188/1369/2253 1247/1428/2253 1190/1371/2253
f 1184/1365/2254 1189/1370/2254 1192/1373/2254
f 1187/1368/2255 1242/1423/2255 1188/1369/2255
f 1234/1415/2256 1187/1368/2256 1186/1367/2256
f 1185/1366/2257 1232/1413/2257 1186/1367/2257
f 1184/1365/2258 1192/1373/2258 1185/1366/2258
f 1313/1505/2259 1314/1506/2259 1315/1507/2259
f 1313/1505/2260 1315/1507/2260 1316/1508/2260
f 1317/1509/2261 1316/1508/2261 1315/1507/2261
f 1318/1510/2262 1317/1509/2262 1315/1507/2262
f 1318/1510/2263 1319/1511/2263 1317/1509/2263
f 1319/1511/2264 1320/1512/2264 1317/1509/2264
f 1320/1512/2265 1321/1513/2265 1317/1509/2265
f 1320/1512/2266 1322/1514/2266 1321/1513/2266
f 1323/1515/2267 1322/1514/2267 1320/1512/2267
f 1324/1516/2268 1323/1515/2268 1320/1512/2268
f 1324/1516/2269 1320/1512/2269 1325/1517/2269
f 1326/1518/2270 1324/1516/2270 1325/1517/2270
f 1325/1517/2271 1327/1519/2271 1326/1518/2271
f 1117/1520/2272 1326/1518/2272 1327/1519/2272
f 1117/1520/2273 1327/1519/2273 1328/1521/2273
f 1117/1520/2274 1328/1521/2274 1115/1522/2274
f 1110/1523/2275 1115/1522/2275 1328/1521/2275
f 1110/1523/2276 1328/1521/2276 1329/1524/2276
f 1111/1525/2277 1110/1523/2277 1329/1524/2277
f 1111/1525/2278 1329/1524/2278 1330/1526/2278
f 1111/1525/2279 1330/1526/2279 1331/1527/2279
f 1111/1525/2280 1331/1527/2280 1112/1528/2280
f 1112/1528/2281 1331/1527/2281 1332/1529/2281
f 1112/1528/2282 1332/1529/2282 1114/1530/2282
f 1331/1527/2283 1333/1531/2283 1332/1529/2283
f 1331/1527/2284 1334/1532/2284 1333/1531/2284
f 1334/1532/2285 1335/1533/2285 1333/1531/2285
f 1334/1532/2286 1336/1534/2286 1335/1533/2286
f 1337/1535/2287 1335/1533/2287 1336/1534/2287
f 1338/1536/2288 1337/1535/2288 1336/1534/2288
f 1338/1536/2289 1336/1534/2289 1339/1537/2289
f 1338/1536/2290 1339/1537/2290 1314/1506/2290
f 1339/1537/2291 1340/1538/2291 1314/1506/2291
f 1314/1506/2292 1340/1538/2292 1318/1510/2292
f 1340/1538/2293 1328/1521/2293 1318/1510/2293
f 1339/1537/2294 1341/1539/2294 1340/1538/2294
f 1340/1538/2295 1341/1539/2295 1330/1526/2295
f 1330/1526/2296 1341/1539/2296 1334/1532/2296
f 1334/1532/2297 1341/1539/2297 1339/1537/2297
f 1337/1535/2298 1342/1540/2298 1335/1533/2298
f 1334/1532/2299 1339/1537/2299 1336/1534/2299
f 1330/1526/2300 1334/1532/2300 1331/1527/2300
f 1340/1538/2301 1330/1526/2301 1329/1524/2301
f 1340/1538/2302 1329/1524/2302 1328/1521/2302
f 1319/1511/2303 1328/1521/2303 1327/1519/2303
f 1117/1520/2304 1119/1541/2304 1326/1518/2304
f 1343/1542/2305 1326/1518/2305 1119/1541/2305
f 1343/1542/2306 1119/1541/2306 1121/1543/2306
f 1121/1543/2307 1344/1544/2307 1343/1542/2307
f 1345/1545/2308 1343/1542/2308 1344/1544/2308
f 1344/1544/2309 1346/1546/2309 1345/1545/2309
f 1347/1547/2310 1345/1545/2310 1346/1546/2310
f 1158/1548/2311 1347/1547/2311 1346/1546/2311
f 1158/1548/2312 1346/1546/2312 1157/1549/2312
f 1348/1550/2313 1157/1549/2313 1346/1546/2313
f 1348/1550/2314 1152/1551/2314 1157/1549/2314
f 1152/1551/2315 1348/1550/2315 1125/1552/2315
f 1152/1551/2316 1125/1552/2316 1099/1553/2316
f 1123/1554/2317 1125/1552/2317 1348/1550/2317
f 1123/1554/2318 1348/1550/2318 1344/1544/2318
f 1161/1555/2319 1347/1547/2319 1158/1548/2319
f 1161/1555/2320 1349/1556/2320 1347/1547/2320
f 1349/1556/2321 1350/1557/2321 1347/1547/2321
f 1349/1556/2322 1351/1558/2322 1350/1557/2322
f 1323/1515/2323 1350/1557/2323 1351/1558/2323
f 1323/1515/2324 1351/1558/2324 1352/1559/2324
f 1347/1547/2325 1350/1557/2325 1345/1545/2325
f 1324/1516/2326 1345/1545/2326 1350/1557/2326
f 1344/1544/2327 1348/1550/2327 1346/1546/2327
f 1345/1545/2328 1324/1516/2328 1343/1542/2328
f 1121/1543/2329 1123/1554/2329 1344/1544/2329
f 1325/1517/2330 1319/1511/2330 1327/1519/2330
f 1326/1518/2331 1343/1542/2331 1324/1516/2331
f 1324/1516/2332 1350/1557/2332 1323/1515/2332
f 1323/1515/2333 1352/1559/2333 1322/1514/2333
f 1319/1511/2334 1325/1517/2334 1320/1512/2334
f 1319/1511/2335 1318/1510/2335 1328/1521/2335
f 1317/1509/2336 1321/1513/2336 1316/1508/2336
f 1314/1506/2337 1318/1510/2337 1315/1507/2337
f 1338/1536/2338 1314/1506/2338 1313/1505/2338
f 1353/1560/2339 1338/1561/2339 1313/1562/2339
f 1353/1560/2340 1313/1562/2340 1354/1563/2340
f 1355/1564/2341 1353/1560/2341 1354/1563/2341
f 1356/1565/2342 1355/1564/2342 1354/1563/2342
f 1356/1565/2343 1354/1563/2343 1357/1566/2343
f 1358/1567/2344 1356/1565/2344 1357/1566/2344
f 1321/1568/2345 1358/1567/2345 1357/1566/2345
f 1321/1568/2346 1357/1566/2346 1316/1569/2346
f 1357/1566/2347 1313/1562/2347 1316/1569/2347
f 1322/1570/2348 1358/1567/2348 1321/1568/2348
f 1322/1570/2349 1359/1571/2349 1358/1567/2349
f 1359/1571/2350 1360/1572/2350 1358/1567/2350
f 1359/1571/2351 1361/1573/2351 1360/1572/2351
f 1362/1574/2352 1360/1572/2352 1361/1573/2352
f 1362/1574/2353 1361/1573/2353 1363/1575/2353
f 1362/1574/2354 1363/1575/2354 1364/1576/2354
f 1365/1577/2355 1362/1574/2355 1364/1576/2355
f 1365/1577/2356 1364/1576/2356 1366/1578/2356
f 1367/1579/2357 1365/1577/2357 1366/1578/2357
f 1366/1578/2358 1284/1580/2358 1367/1579/2358
f 1285/1581/2359 1367/1579/2359 1284/1580/2359
f 1285/1581/2360 1368/1582/2360 1367/1579/2360
f 1369/1583/2361 1367/1579/2361 1368/1582/2361
f 1369/1583/2362 1368/1582/2362 1312/1584/2362
f 1369/1583/2363 1312/1584/2363 1370/1585/2363
f 1370/1585/2364 1371/1586/2364 1369/1583/2364
f 1372/1587/2365 1369/1583/2365 1371/1586/2365
f 1372/1587/2366 1371/1586/2366 1373/1588/2366
f 1372/1587/2367 1373/1588/2367 1374/1589/2367
f 1375/1590/2368 1372/1587/2368 1374/1589/2368
f 1376/1591/2369 1375/1590/2369 1374/1589/2369
f 1376/1591/2370 1377/1592/2370 1375/1590/2370
f 1377/1592/2371 1378/1593/2371 1375/1590/2371
f 1379/1594/2372 1375/1590/2372 1378/1593/2372
f 1379/1594/2373 1378/1593/2373 1380/1595/2373
f 1365/1577/2374 1379/1594/2374 1380/1595/2374
f 1381/1596/2375 1379/1594/2375 1365/1577/2375
f 1381/1596/2376 1372/1587/2376 1379/1594/2376
f 1356/1565/2377 1380/1595/2377 1378/1593/2377
f 1356/1565/2378 1360/1572/2378 1380/1595/2378
f 1377/1592/2379 1382/1597/2379 1378/1593/2379
f 1378/1593/2380 1382/1597/2380 1355/1564/2380
f 1383/1598/2381 1355/1564/2381 1382/1597/2381
f 1383/1598/2382 1382/1597/2382 1384/1599/2382
f 1385/1600/2383 1383/1598/2383 1384/1599/2383
f 1384/1599/2384 1386/1601/2384 1385/1600/2384
f 1385/1600/2385 1386/1601/2385 1387/1602/2385
f 1385/1600/2386 1387/1602/2386 1388/1603/2386
f 1389/1604/2387 1385/1600/2387 1388/1603/2387
f 1389/1604/2388 1388/1603/2388 1390/1605/2388
f 1391/1606/2389 1389/1604/2389 1390/1605/2389
f 1391/1606/2390 1392/1607/2390 1389/1604/2390
f 1353/1560/2391 1389/1604/2391 1392/1607/2391
f 1337/1608/2392 1353/1560/2392 1392/1607/2392
f 1342/1609/2393 1337/1608/2393 1392/1607/2393
f 1353/1560/2394 1383/1598/2394 1389/1604/2394
f 1342/1609/2395 1392/1607/2395 1391/1606/2395
f 1387/1602/2396 1386/1601/2396 1393/1610/2396
f 1387/1602/2397 1393/1610/2397 1394/1611/2397
f 1395/1612/2398 1387/1602/2398 1394/1611/2398
f 1396/1613/2399 1395/1612/2399 1394/1611/2399
f 1396/1613/2400 1394/1611/2400 1397/1614/2400
f 1398/1615/2401 1396/1613/2401 1397/1614/2401
f 1398/1615/2402 1397/1614/2402 1399/1616/2402
f 1400/1617/2403 1398/1615/2403 1399/1616/2403
f 1400/1617/2404 1399/1616/2404 1401/1618/2404
f 1401/1618/2405 1402/1619/2405 1400/1617/2405
f 1400/1617/2406 1402/1619/2406 1403/1620/2406
f 1402/1619/2407 1401/1618/2407 1404/1621/2407
f 1404/1621/2408 1401/1618/2408 1405/1622/2408
f 1406/1623/2409 1405/1622/2409 1401/1618/2409
f 1406/1623/2410 1407/1624/2410 1405/1622/2410
f 1407/1624/2411 1406/1623/2411 1408/1625/2411
f 1409/1626/2412 1408/1625/2412 1406/1623/2412
f 1410/1627/2413 1409/1626/2413 1406/1623/2413
f 1406/1623/2414 1399/1616/2414 1410/1627/2414
f 1410/1627/2415 1411/1628/2415 1409/1626/2415
f 1409/1626/2416 1411/1628/2416 1412/1629/2416
f 1409/1626/2417 1412/1629/2417 1413/1630/2417
f 1413/1630/2418 1414/1631/2418 1409/1626/2418
f 1415/1632/2419 1409/1626/2419 1414/1631/2419
f 1413/1630/2420 1416/1633/2420 1414/1631/2420
f 1413/1630/2421 1417/1634/2421 1416/1633/2421
f 1413/1630/2422 1418/1635/2422 1417/1634/2422
f 1419/1636/2423 1417/1634/2423 1418/1635/2423
f 1419/1636/2424 1418/1635/2424 1420/1637/2424
f 1421/1638/2425 1420/1637/2425 1418/1635/2425
f 1418/1635/2426 1422/1639/2426 1421/1638/2426
f 1423/1640/2427 1421/1638/2427 1422/1639/2427
f 1423/1640/2428 1422/1639/2428 1370/1585/2428
f 1370/1585/2429 1294/1641/2429 1423/1640/2429
f 1294/1641/2430 1424/1642/2430 1423/1640/2430
f 1423/1640/2431 1424/1642/2431 1425/1643/2431
f 1425/1643/2432 1426/1644/2432 1423/1640/2432
f 1424/1642/2433 1294/1641/2433 1295/1645/2433
f 1421/1638/2434 1423/1640/2434 1426/1644/2434
f 1421/1638/2435 1426/1644/2435 1427/1646/2435
f 1418/1635/2436 1428/1647/2436 1422/1639/2436
f 1422/1639/2437 1428/1647/2437 1373/1588/2437
f 1429/1648/2438 1373/1588/2438 1428/1647/2438
f 1429/1648/2439 1428/1647/2439 1412/1629/2439
f 1430/1649/2440 1429/1648/2440 1412/1629/2440
f 1431/1650/2441 1429/1648/2441 1430/1649/2441
f 1430/1649/2442 1393/1610/2442 1431/1650/2442
f 1430/1649/2443 1432/1651/2443 1393/1610/2443
f 1393/1610/2444 1432/1651/2444 1397/1614/2444
f 1410/1627/2445 1397/1614/2445 1432/1651/2445
f 1411/1628/2446 1432/1651/2446 1430/1649/2446
f 1431/1650/2447 1376/1591/2447 1429/1648/2447
f 1376/1591/2448 1373/1588/2448 1429/1648/2448
f 1412/1629/2449 1428/1647/2449 1418/1635/2449
f 1420/1637/2450 1421/1638/2450 1427/1646/2450
f 1412/1629/2451 1418/1635/2451 1413/1630/2451
f 1430/1649/2452 1412/1629/2452 1411/1628/2452
f 1411/1628/2453 1410/1627/2453 1432/1651/2453
f 1409/1626/2454 1415/1632/2454 1408/1625/2454
f 1406/1623/2455 1401/1618/2455 1399/1616/2455
f 1410/1627/2456 1399/1616/2456 1397/1614/2456
f 1393/1610/2457 1397/1614/2457 1394/1611/2457
f 1386/1601/2458 1431/1650/2458 1393/1610/2458
f 1386/1601/2459 1433/1652/2459 1431/1650/2459
f 1431/1650/2460 1433/1652/2460 1377/1592/2460
f 1377/1592/2461 1433/1652/2461 1384/1599/2461
f 1384/1599/2462 1433/1652/2462 1386/1601/2462
f 1385/1600/2463 1389/1604/2463 1383/1598/2463
f 1377/1592/2464 1384/1599/2464 1382/1597/2464
f 1431/1650/2465 1377/1592/2465 1376/1591/2465
f 1375/1590/2466 1379/1594/2466 1372/1587/2466
f 1376/1591/2467 1374/1589/2467 1373/1588/2467
f 1422/1639/2468 1373/1588/2468 1371/1586/2468
f 1372/1587/2469 1381/1596/2469 1369/1583/2469
f 1370/1585/2470 1422/1639/2470 1371/1586/2470
f 1370/1585/2471 1312/1584/2471 1294/1641/2471
f 1369/1583/2472 1381/1596/2472 1367/1579/2472
f 1312/1584/2473 1368/1582/2473 1285/1581/2473
f 1366/1578/2474 1283/1653/2474 1284/1580/2474
f 1366/1578/2475 1434/1654/2475 1283/1653/2475
f 1210/1655/2476 1283/1653/2476 1434/1654/2476
f 1435/1656/2477 1210/1655/2477 1434/1654/2477
f 1364/1576/2478 1435/1656/2478 1434/1654/2478
f 1435/1656/2479 1212/1657/2479 1210/1655/2479
f 1212/1657/2480 1435/1656/2480 1436/1658/2480
f 1212/1657/2481 1436/1658/2481 1437/1659/2481
f 1213/1660/2482 1212/1657/2482 1437/1659/2482
f 1349/1661/2483 1213/1660/2483 1437/1659/2483
f 1351/1662/2484 1349/1661/2484 1437/1659/2484
f 1349/1661/2485 1161/1663/2485 1213/1660/2485
f 1351/1662/2486 1437/1659/2486 1436/1658/2486
f 1438/1664/2487 1351/1662/2487 1436/1658/2487
f 1363/1575/2488 1438/1664/2488 1436/1658/2488
f 1438/1664/2489 1352/1665/2489 1351/1662/2489
f 1438/1664/2490 1322/1570/2490 1352/1665/2490
f 1363/1575/2491 1436/1658/2491 1435/1656/2491
f 1367/1579/2492 1381/1596/2492 1365/1577/2492
f 1366/1578/2493 1364/1576/2493 1434/1654/2493
f 1365/1577/2494 1380/1595/2494 1362/1574/2494
f 1364/1576/2495 1363/1575/2495 1435/1656/2495
f 1361/1573/2496 1438/1664/2496 1363/1575/2496
f 1362/1574/2497 1380/1595/2497 1360/1572/2497
f 1361/1573/2498 1359/1571/2498 1438/1664/2498
f 1438/1664/2499 1359/1571/2499 1322/1570/2499
f 1358/1567/2500 1360/1572/2500 1356/1565/2500
f 1378/1593/2501 1355/1564/2501 1356/1565/2501
f 1355/1564/2502 1383/1598/2502 1353/1560/2502
f 1357/1566/2503 1354/1563/2503 1313/1562/2503
f 1337/1608/2504 1338/1561/2504 1353/1560/2504
usemtl material_0.234
f 1439/1666/2505 1440/1667/2505 1441/1668/2505
f 1439/1666/2506 1441/1668/2506 1442/1669/2506
f 1439/1666/2507 1442/1669/2507 1443/1670/2507
f 1439/1666/2508 1443/1670/2508 1444/1671/2508
f 1444/1671/2509 1445/1672/2509 1439/1666/2509
f 1446/1673/2510 1439/1666/2510 1445/1672/2510
f 1446/1673/2511 1445/1672/2511 1447/1674/2511
f 1446/1673/2512 1447/1674/2512 1448/1675/2512
f 1446/1673/2513 1448/1675/2513 1449/1676/2513
f 1446/1673/2514 1449/1676/2514 1450/1677/2514
f 1446/1673/2515 1450/1677/2515 1451/1678/2515
f 1452/1679/2516 1451/1678/2516 1450/1677/2516
f 1452/1679/2517 1450/1677/2517 1453/1680/2517
f 1454/1681/2518 1452/1679/2518 1453/1680/2518
f 1455/1682/2519 1454/1681/2519 1453/1680/2519
f 1455/1682/2520 1453/1680/2520 1456/1683/2520
f 1455/1682/2521 1456/1683/2521 1457/1684/2521
f 1455/1682/2522 1457/1684/2522 1458/1685/2522
f 1458/1685/2523 1459/1686/2523 1455/1682/2523
f 1455/1682/2524 1459/1686/2524 1460/1687/2524
f 1460/1687/2525 1459/1686/2525 1461/1688/2525
f 1460/1687/2526 1461/1688/2526 1462/1689/2526
f 1460/1687/2527 1462/1689/2527 1463/1690/2527
f 1460/1687/2528 1463/1690/2528 1464/1691/2528
f 1465/1692/2529 1460/1687/2529 1464/1691/2529
f 1466/1693/2530 1465/1692/2530 1464/1691/2530
f 1466/1693/2531 1464/1691/2531 1467/1694/2531
f 1468/1695/2532 1466/1693/2532 1467/1694/2532
f 1468/1695/2533 1467/1694/2533 1469/1696/2533
f 1467/1694/2534 1470/1697/2534 1469/1696/2534
f 1467/1694/2535 1471/1698/2535 1470/1697/2535
f 1472/1699/2536 1470/1697/2536 1471/1698/2536
f 1471/1698/2537 1473/1700/2537 1472/1699/2537
f 1473/1700/2538 1474/1701/2538 1472/1699/2538
f 1472/1699/2539 1474/1701/2539 1475/1702/2539
f 1472/1699/2540 1475/1702/2540 1476/1703/2540
f 1473/1700/2541 1477/1704/2541 1474/1701/2541
f 1478/1705/2542 1477/1704/2542 1473/1700/2542
f 1463/1690/2543 1478/1705/2543 1473/1700/2543
f 1478/1705/2544 1479/1706/2544 1477/1704/2544
f 1478/1705/2545 1480/1707/2545 1479/1706/2545
f 1478/1705/2546 1481/1708/2546 1480/1707/2546
f 1482/1709/2547 1480/1707/2547 1481/1708/2547
f 1482/1709/2548 1481/1708/2548 1483/1710/2548
f 1481/1708/2549 1484/1711/2549 1483/1710/2549
f 1481/1708/2550 1461/1688/2550 1484/1711/2550
f 1461/1688/2551 1481/1708/2551 1478/1705/2551
f 1471/1698/2552 1463/1690/2552 1473/1700/2552
f 1472/1699/2553 1476/1703/2553 1470/1697/2553
f 1468/1695/2554 1485/1712/2554 1466/1693/2554
f 1468/1695/2555 1486/1713/2555 1485/1712/2555
f 1441/1668/2556 1485/1712/2556 1486/1713/2556
f 1464/1691/2557 1471/1698/2557 1467/1694/2557
f 1465/1692/2558 1466/1693/2558 1485/1712/2558
f 1465/1692/2559 1485/1712/2559 1452/1679/2559
f 1465/1692/2560 1454/1681/2560 1460/1687/2560
f 1464/1691/2561 1463/1690/2561 1471/1698/2561
f 1463/1690/2562 1462/1689/2562 1478/1705/2562
f 1461/1688/2563 1478/1705/2563 1462/1689/2563
f 1459/1686/2564 1484/1711/2564 1461/1688/2564
f 1459/1686/2565 1487/1714/2565 1484/1711/2565
f 1458/1685/2566 1487/1714/2566 1459/1686/2566
f 1457/1684/2567 1456/1683/2567 1488/1715/2567
f 1457/1684/2568 1488/1715/2568 1489/1716/2568
f 1488/1715/2569 1490/1717/2569 1489/1716/2569
f 1488/1715/2570 1491/1718/2570 1490/1717/2570
f 1491/1718/2571 1492/1719/2571 1490/1717/2571
f 1493/1720/2572 1490/1717/2572 1492/1719/2572
f 1492/1719/2573 1491/1718/2573 1494/1721/2573
f 1494/1721/2574 1491/1718/2574 1495/1722/2574
f 1449/1676/2575 1495/1722/2575 1491/1718/2575
f 1449/1676/2576 1496/1723/2576 1495/1722/2576
f 1488/1715/2577 1449/1676/2577 1491/1718/2577
f 1488/1715/2578 1456/1683/2578 1453/1680/2578
f 1455/1682/2579 1460/1687/2579 1454/1681/2579
f 1454/1681/2580 1465/1692/2580 1452/1679/2580
f 1488/1715/2581 1453/1680/2581 1450/1677/2581
f 1451/1678/2582 1452/1679/2582 1485/1712/2582
f 1451/1678/2583 1485/1712/2583 1440/1667/2583
f 1488/1715/2584 1450/1677/2584 1449/1676/2584
f 1496/1723/2585 1449/1676/2585 1448/1675/2585
f 1439/1666/2586 1446/1673/2586 1451/1678/2586
f 1497/1724/2587 1443/1670/2587 1442/1669/2587
f 1441/1668/2588 1440/1667/2588 1485/1712/2588
f 1439/1666/2589 1451/1678/2589 1440/1667/2589
f 1498/1725/2590 1499/1726/2590 1500/1727/2590
f 1498/1725/2591 1500/1727/2591 1501/1728/2591
f 1501/1728/2592 1502/1729/2592 1498/1725/2592
f 1501/1728/2593 1503/1730/2593 1502/1729/2593
f 1504/1731/2594 1502/1729/2594 1503/1730/2594
f 1504/1731/2595 1503/1730/2595 1505/1732/2595
f 1506/1733/2596 1504/1731/2596 1505/1732/2596
f 1507/1734/2597 1506/1733/2597 1505/1732/2597
f 1507/1734/2598 1508/1735/2598 1506/1733/2598
f 1508/1735/2599 1509/1736/2599 1506/1733/2599
f 1510/1737/2600 1506/1733/2600 1509/1736/2600
f 1511/1738/2601 1510/1737/2601 1509/1736/2601
f 1511/1738/2602 1509/1736/2602 1512/1739/2602
f 1511/1738/2603 1512/1739/2603 1513/1740/2603
f 1513/1740/2604 1514/1741/2604 1511/1738/2604
f 1515/1742/2605 1511/1738/2605 1514/1741/2605
f 1516/1743/2606 1515/1742/2606 1514/1741/2606
f 1517/1744/2607 1516/1743/2607 1514/1741/2607
f 1517/1744/2608 1518/1745/2608 1516/1743/2608
f 1517/1744/2609 1519/1746/2609 1518/1745/2609
f 1517/1744/2610 1520/1747/2610 1519/1746/2610
f 1520/1747/2611 1521/1748/2611 1519/1746/2611
f 1520/1747/2612 1522/1749/2612 1521/1748/2612
f 1522/1749/2613 1523/1750/2613 1521/1748/2613
f 1522/1749/2614 1524/1751/2614 1523/1750/2614
f 1525/1752/2615 1523/1750/2615 1524/1751/2615
f 1526/1753/2616 1525/1752/2616 1524/1751/2616
f 1526/1753/2617 1524/1751/2617 1527/1754/2617
f 1526/1753/2618 1527/1754/2618 1528/1755/2618
f 1526/1753/2619 1528/1755/2619 1529/1756/2619
f 1530/1757/2620 1526/1753/2620 1529/1756/2620
f 1530/1757/2621 1529/1756/2621 1531/1758/2621
f 1530/1757/2622 1531/1758/2622 1532/1759/2622
f 1530/1757/2623 1532/1759/2623 1533/1760/2623
f 1534/1761/2624 1530/1757/2624 1533/1760/2624
f 1530/1757/2625 1534/1761/2625 1535/1762/2625
f 1525/1752/2626 1530/1757/2626 1535/1762/2626
f 1536/1763/2627 1525/1752/2627 1535/1762/2627
f 1536/1763/2628 1535/1762/2628 1537/1764/2628
f 1537/1764/2629 1535/1762/2629 1538/1765/2629
f 1537/1764/2630 1538/1765/2630 1539/1766/2630
f 1540/1767/2631 1537/1764/2631 1539/1766/2631
f 1541/1768/2632 1538/1765/2632 1535/1762/2632
f 1535/1762/2633 1534/1761/2633 1541/1768/2633
f 1542/1769/2634 1532/1759/2634 1531/1758/2634
f 1531/1758/2635 1543/1770/2635 1542/1769/2635
f 1544/1771/2636 1543/1770/2636 1531/1758/2636
f 1531/1758/2637 1545/1772/2637 1544/1771/2637
f 1545/1772/2638 1546/1773/2638 1544/1771/2638
f 1546/1773/2639 1547/1774/2639 1544/1771/2639
f 1548/1775/2640 1544/1771/2640 1547/1774/2640
f 1546/1773/2641 1549/1776/2641 1547/1774/2641
f 1546/1773/2642 1550/1777/2642 1549/1776/2642
f 1546/1773/2643 1551/1778/2643 1550/1777/2643
f 1552/1779/2644 1550/1777/2644 1551/1778/2644
f 1551/1778/2645 1553/1780/2645 1552/1779/2645
f 1551/1778/2646 1554/1781/2646 1553/1780/2646
f 1555/1782/2647 1553/1780/2647 1554/1781/2647
f 1555/1782/2648 1554/1781/2648 1556/1783/2648
f 1557/1784/2649 1556/1783/2649 1554/1781/2649
f 1554/1781/2650 1558/1785/2650 1557/1784/2650
f 1557/1784/2651 1558/1785/2651 1559/1786/2651
f 1557/1784/2652 1559/1786/2652 1560/1787/2652
f 1557/1784/2653 1560/1787/2653 1561/1788/2653
f 1557/1784/2654 1561/1788/2654 1562/1789/2654
f 1563/1790/2655 1561/1788/2655 1560/1787/2655
f 1563/1790/2656 1560/1787/2656 1564/1791/2656
f 1565/1792/2657 1564/1791/2657 1560/1787/2657
f 1565/1792/2658 1566/1793/2658 1564/1791/2658
f 1559/1786/2659 1565/1792/2659 1560/1787/2659
f 1559/1786/2660 1567/1794/2660 1565/1792/2660
f 1568/1795/2661 1567/1794/2661 1559/1786/2661
f 1568/1795/2662 1559/1786/2662 1569/1796/2662
f 1568/1795/2663 1569/1796/2663 1570/1797/2663
f 1568/1795/2664 1570/1797/2664 1571/1798/2664
f 1570/1797/2665 1572/1799/2665 1571/1798/2665
f 1570/1797/2666 1573/1800/2666 1572/1799/2666
f 1572/1799/2667 1573/1800/2667 1574/1801/2667
f 1572/1799/2668 1574/1801/2668 1575/1802/2668
f 1575/1802/2669 1574/1801/2669 1576/1803/2669
f 1575/1802/2670 1576/1803/2670 1577/1804/2670
f 1576/1803/2671 1578/1805/2671 1577/1804/2671
f 1576/1803/2671 1579/1806/2671 1578/1805/2671
f 1500/1727/2672 1579/1806/2672 1576/1803/2672
f 1574/1801/2673 1500/1727/2673 1576/1803/2673
f 1574/1801/2674 1580/1807/2674 1500/1727/2674
f 1500/1727/2675 1580/1807/2675 1581/1808/2675
f 1582/1809/2676 1581/1808/2676 1580/1807/2676
f 1573/1800/2677 1582/1809/2677 1580/1807/2677
f 1583/1810/2678 1582/1809/2678 1573/1800/2678
f 1584/1811/2679 1582/1809/2679 1583/1810/2679
f 1585/1812/2680 1584/1811/2680 1583/1810/2680
f 1585/1812/2681 1583/1810/2681 1586/1813/2681
f 1558/1785/2682 1585/1812/2682 1586/1813/2682
f 1558/1785/2683 1587/1814/2683 1585/1812/2683
f 1585/1812/2684 1587/1814/2684 1588/1815/2684
f 1585/1812/2685 1588/1815/2685 1589/1816/2685
f 1589/1816/2686 1588/1815/2686 1590/1817/2686
f 1589/1816/2687 1590/1817/2687 1591/1818/2687
f 1592/1819/2688 1589/1816/2688 1591/1818/2688
f 1592/1819/2689 1591/1818/2689 1593/1820/2689
f 1592/1819/2690 1593/1820/2690 1594/1821/2690
f 1592/1819/2691 1594/1821/2691 1595/1822/2691
f 1584/1811/2692 1592/1819/2692 1595/1822/2692
f 1584/1811/2693 1595/1822/2693 1596/1823/2693
f 1581/1808/2694 1596/1823/2694 1595/1822/2694
f 1581/1808/2695 1595/1822/2695 1597/1824/2695
f 1501/1728/2696 1581/1808/2696 1597/1824/2696
f 1507/1734/2697 1597/1824/2697 1595/1822/2697
f 1503/1730/2698 1597/1824/2698 1507/1734/2698
f 1507/1734/2699 1595/1822/2699 1594/1821/2699
f 1598/1825/2700 1507/1734/2700 1594/1821/2700
f 1599/1826/2701 1598/1825/2701 1594/1821/2701
f 1598/1825/2702 1599/1826/2702 1600/1827/2702
f 1598/1825/2703 1600/1827/2703 1601/1828/2703
f 1601/1828/2704 1508/1735/2704 1598/1825/2704
f 1601/1828/2705 1512/1739/2705 1508/1735/2705
f 1600/1827/2706 1602/1829/2706 1601/1828/2706
f 1513/1740/2707 1601/1828/2707 1602/1829/2707
f 1602/1829/2708 1517/1744/2708 1513/1740/2708
f 1600/1827/2709 1603/1830/2709 1602/1829/2709
f 1602/1829/2710 1603/1830/2710 1522/1749/2710
f 1528/1755/2711 1603/1830/2711 1600/1827/2711
f 1604/1831/2712 1528/1755/2712 1600/1827/2712
f 1604/1831/2713 1600/1827/2713 1599/1826/2713
f 1591/1818/2714 1604/1831/2714 1599/1826/2714
f 1591/1818/2715 1545/1772/2715 1604/1831/2715
f 1529/1756/2716 1604/1831/2716 1545/1772/2716
f 1599/1826/2717 1594/1821/2717 1593/1820/2717
f 1591/1818/2718 1599/1826/2718 1593/1820/2718
f 1584/1811/2719 1589/1816/2719 1592/1819/2719
f 1591/1818/2720 1590/1817/2720 1545/1772/2720
f 1551/1778/2721 1590/1817/2721 1588/1815/2721
f 1588/1815/2722 1587/1814/2722 1554/1781/2722
f 1586/1813/2723 1583/1810/2723 1570/1797/2723
f 1584/1811/2724 1585/1812/2724 1589/1816/2724
f 1584/1811/2725 1596/1823/2725 1582/1809/2725
f 1582/1809/2726 1596/1823/2726 1581/1808/2726
f 1573/1800/2727 1580/1807/2727 1574/1801/2727
f 1583/1810/2728 1573/1800/2728 1570/1797/2728
f 1586/1813/2729 1570/1797/2729 1569/1796/2729
f 1586/1813/2730 1569/1796/2730 1559/1786/2730
f 1586/1813/2731 1559/1786/2731 1558/1785/2731
f 1554/1781/2732 1587/1814/2732 1558/1785/2732
f 1556/1783/2733 1557/1784/2733 1562/1789/2733
f 1588/1815/2734 1554/1781/2734 1551/1778/2734
f 1551/1778/2735 1546/1773/2735 1590/1817/2735
f 1545/1772/2736 1590/1817/2736 1546/1773/2736
f 1543/1770/2737 1544/1771/2737 1548/1775/2737
f 1531/1758/2738 1529/1756/2738 1545/1772/2738
f 1529/1756/2739 1528/1755/2739 1604/1831/2739
f 1528/1755/2740 1527/1754/2740 1603/1830/2740
f 1603/1830/2741 1527/1754/2741 1524/1751/2741
f 1525/1752/2742 1526/1753/2742 1530/1757/2742
f 1525/1752/2743 1536/1763/2743 1523/1750/2743
f 1603/1830/2744 1524/1751/2744 1522/1749/2744
f 1602/1829/2745 1522/1749/2745 1520/1747/2745
f 1602/1829/2746 1520/1747/2746 1517/1744/2746
f 1516/1743/2747 1605/1832/2747 1515/1742/2747
f 1515/1742/2748 1606/1833/2748 1511/1738/2748
f 1513/1740/2749 1517/1744/2749 1514/1741/2749
f 1513/1740/2750 1512/1739/2750 1601/1828/2750
f 1511/1738/2751 1606/1833/2751 1510/1737/2751
f 1510/1737/2752 1607/1834/2752 1506/1733/2752
f 1508/1735/2753 1512/1739/2753 1509/1736/2753
f 1598/1825/2754 1508/1735/2754 1507/1734/2754
f 1506/1733/2755 1607/1834/2755 1504/1731/2755
f 1503/1730/2756 1507/1734/2756 1505/1732/2756
f 1501/1728/2757 1597/1824/2757 1503/1730/2757
f 1500/1727/2758 1581/1808/2758 1501/1728/2758
f 1500/1727/2759 1499/1726/2759 1579/1806/2759
f 1608/1835/2760 1609/1836/2760 1610/1837/2760
f 1608/1835/2761 1610/1837/2761 1611/1838/2761
f 1608/1835/2762 1611/1838/2762 1612/1839/2762
f 1608/1835/2763 1612/1839/2763 1613/1840/2763
f 1614/1841/2764 1608/1835/2764 1613/1840/2764
f 1614/1841/2764 1613/1840/2764 1615/1842/2764
f 1614/1841/2765 1615/1842/2765 1484/1843/2765
f 1614/1841/2766 1484/1843/2766 1487/1844/2766
f 1487/1844/2767 1616/1845/2767 1614/1841/2767
f 1614/1841/2768 1616/1845/2768 1609/1836/2768
f 1609/1836/2769 1616/1845/2769 1617/1846/2769
f 1609/1836/2770 1617/1846/2770 1618/1847/2770
f 1619/1848/2771 1609/1836/2771 1618/1847/2771
f 1620/1849/2772 1619/1848/2772 1618/1847/2772
f 1620/1849/2773 1618/1847/2773 1621/1850/2773
f 1620/1849/2774 1621/1850/2774 1622/1851/2774
f 1620/1849/2775 1622/1851/2775 1623/1852/2775
f 1623/1852/2776 1624/1853/2776 1620/1849/2776
f 1623/1852/2777 1625/1854/2777 1624/1853/2777
f 1624/1853/2778 1625/1854/2778 1565/1855/2778
f 1624/1853/2779 1565/1855/2779 1567/1856/2779
f 1626/1857/2780 1624/1853/2780 1567/1856/2780
f 1626/1857/2781 1567/1856/2781 1568/1858/2781
f 1571/1859/2782 1626/1857/2782 1568/1858/2782
f 1571/1859/2783 1627/1860/2783 1626/1857/2783
f 1627/1860/2784 1619/1848/2784 1626/1857/2784
f 1627/1860/2785 1610/1837/2785 1619/1848/2785
f 1628/1861/2786 1627/1860/2786 1571/1859/2786
f 1628/1861/2787 1571/1859/2787 1572/1862/2787
f 1629/1863/2788 1628/1861/2788 1572/1862/2788
f 1629/1863/2789 1572/1862/2789 1575/1864/2789
f 1629/1863/2790 1575/1864/2790 1577/1865/2790
f 1629/1863/2791 1577/1865/2791 1630/1866/2791
f 1612/1839/2792 1629/1863/2792 1630/1866/2792
f 1612/1839/2793 1630/1866/2793 1631/1867/2793
f 1632/1868/2794 1631/1867/2794 1630/1866/2794
f 1632/1868/2795 1633/1869/2795 1631/1867/2795
f 1634/1870/2796 1631/1867/2796 1633/1869/2796
f 1634/1870/2797 1633/1869/2797 1635/1871/2797
f 1635/1871/2798 1636/1872/2798 1634/1870/2798
f 1636/1872/2799 1613/1840/2799 1634/1870/2799
f 1635/1871/2800 1637/1873/2800 1636/1872/2800
f 1637/1873/2801 1483/1874/2801 1636/1872/2801
f 1484/1843/2802 1636/1872/2802 1483/1874/2802
f 1637/1873/2803 1482/1875/2803 1483/1874/2803
f 1613/1840/2804 1631/1867/2804 1634/1870/2804
f 1577/1865/2805 1632/1868/2805 1630/1866/2805
f 1577/1865/2806 1578/1876/2806 1632/1868/2806
f 1612/1839/2807 1628/1861/2807 1629/1863/2807
f 1611/1838/2808 1627/1860/2808 1628/1861/2808
f 1619/1848/2809 1624/1853/2809 1626/1857/2809
f 1565/1855/2810 1625/1854/2810 1638/1877/2810
f 1565/1855/2811 1638/1877/2811 1566/1878/2811
f 1639/1879/2812 1638/1877/2812 1625/1854/2812
f 1625/1854/2813 1640/1880/2813 1639/1879/2813
f 1623/1852/2814 1640/1880/2814 1625/1854/2814
f 1640/1880/2815 1623/1852/2815 1641/1881/2815
f 1641/1881/2816 1623/1852/2816 1642/1882/2816
f 1622/1851/2817 1642/1882/2817 1623/1852/2817
f 1642/1882/2818 1622/1851/2818 1643/1883/2818
f 1622/1851/2819 1644/1884/2819 1643/1883/2819
f 1622/1851/2820 1645/1885/2820 1644/1884/2820
f 1646/1886/2821 1644/1884/2821 1645/1885/2821
f 1645/1885/2822 1647/1887/2822 1646/1886/2822
f 1490/1888/2823 1647/1887/2823 1645/1885/2823
f 1648/1889/2824 1490/1888/2824 1645/1885/2824
f 1621/1850/2825 1648/1889/2825 1645/1885/2825
f 1621/1850/2826 1617/1846/2826 1648/1889/2826
f 1617/1846/2827 1489/1890/2827 1648/1889/2827
f 1617/1846/2828 1457/1891/2828 1489/1890/2828
f 1458/1892/2829 1457/1891/2829 1617/1846/2829
f 1648/1889/2830 1489/1890/2830 1490/1888/2830
f 1647/1887/2831 1490/1888/2831 1493/1893/2831
f 1621/1850/2832 1645/1885/2832 1622/1851/2832
f 1619/1848/2833 1620/1849/2833 1624/1853/2833
f 1621/1850/2834 1618/1847/2834 1617/1846/2834
f 1458/1892/2835 1617/1846/2835 1616/1845/2835
f 1487/1844/2836 1458/1892/2836 1616/1845/2836
f 1484/1843/2837 1615/1842/2837 1636/1872/2837
f 1636/1872/2838 1615/1842/2838 1613/1840/2838
f 1613/1840/2839 1612/1839/2839 1631/1867/2839
f 1612/1839/2840 1611/1838/2840 1628/1861/2840
f 1611/1838/2841 1610/1837/2841 1627/1860/2841
f 1619/1848/2842 1610/1837/2842 1609/1836/2842
f 1614/1841/2843 1609/1836/2843 1608/1835/2843
f 1649/1894/2844 1650/1895/2844 1651/1896/2844
f 1649/1894/2845 1651/1896/2845 1652/1897/2845
f 1652/1897/2846 1653/1898/2846 1649/1894/2846
f 1654/1899/2847 1653/1898/2847 1652/1897/2847
f 1652/1897/2848 1655/1900/2848 1654/1899/2848
f 1655/1900/2849 1656/1901/2849 1654/1899/2849
f 1654/1899/2850 1656/1901/2850 1657/1902/2850
f 1658/1903/2851 1654/1899/2851 1657/1902/2851
f 1657/1902/2852 1659/1904/2852 1658/1903/2852
f 1658/1903/2853 1659/1904/2853 1660/1905/2853
f 1660/1905/2854 1661/1906/2854 1658/1903/2854
f 1658/1903/2855 1661/1906/2855 1653/1898/2855
f 1661/1906/2856 1650/1895/2856 1653/1898/2856
f 1650/1895/2857 1661/1906/2857 1445/1907/2857
f 1445/1907/2858 1444/1908/2858 1650/1895/2858
f 1443/1909/2859 1650/1895/2859 1444/1908/2859
f 1662/1910/2860 1650/1895/2860 1443/1909/2860
f 1443/1909/2861 1497/1911/2861 1662/1910/2861
f 1445/1907/2862 1661/1906/2862 1447/1912/2862
f 1447/1912/2863 1661/1906/2863 1448/1913/2863
f 1448/1913/2864 1661/1906/2864 1660/1905/2864
f 1660/1905/2865 1496/1914/2865 1448/1913/2865
f 1496/1914/2866 1660/1905/2866 1495/1915/2866
f 1495/1915/2867 1660/1905/2867 1663/1916/2867
f 1663/1916/2868 1494/1917/2868 1495/1915/2868
f 1663/1916/2869 1492/1918/2869 1494/1917/2869
f 1492/1918/2870 1663/1916/2870 1664/1919/2870
f 1664/1919/2871 1493/1920/2871 1492/1918/2871
f 1663/1916/2872 1659/1904/2872 1664/1919/2872
f 1664/1919/2873 1659/1904/2873 1665/1921/2873
f 1659/1904/2874 1666/1922/2874 1665/1921/2874
f 1667/1923/2875 1666/1922/2875 1659/1904/2875
f 1667/1923/2876 1668/1924/2876 1666/1922/2876
f 1666/1922/2877 1668/1924/2877 1669/1925/2877
f 1670/1926/2878 1669/1925/2878 1668/1924/2878
f 1670/1926/2879 1668/1924/2879 1671/1927/2879
f 1670/1926/2880 1671/1927/2880 1672/1928/2880
f 1673/1929/2881 1670/1926/2881 1672/1928/2881
f 1672/1928/2882 1674/1930/2882 1673/1929/2882
f 1673/1929/2883 1674/1930/2883 1675/1931/2883
f 1674/1930/2884 1676/1932/2884 1675/1931/2884
f 1677/1933/2885 1676/1932/2885 1674/1930/2885
f 1674/1930/2886 1678/1934/2886 1677/1933/2886
f 1677/1933/2887 1678/1934/2887 1679/1935/2887
f 1679/1935/2888 1678/1934/2888 1680/1936/2888
f 1680/1936/2889 1678/1934/2889 1681/1937/2889
f 1680/1936/2890 1681/1937/2890 1682/1938/2890
f 1682/1938/2891 1681/1937/2891 1683/1939/2891
f 1682/1938/2892 1683/1939/2892 1684/1940/2892
f 1684/1940/2893 1683/1939/2893 1685/1941/2893
f 1685/1941/2894 1683/1939/2894 1686/1942/2894
f 1686/1942/2895 1683/1939/2895 1687/1943/2895
f 1687/1943/2896 1688/1944/2896 1686/1942/2896
f 1686/1942/2897 1688/1944/2897 1689/1945/2897
f 1688/1944/2898 1690/1946/2898 1689/1945/2898
f 1691/1947/2899 1690/1946/2899 1688/1944/2899
f 1692/1948/2900 1691/1947/2900 1688/1944/2900
f 1655/1900/2901 1691/1947/2901 1692/1948/2901
f 1671/1927/2902 1655/1900/2902 1692/1948/2902
f 1693/1949/2903 1671/1927/2903 1692/1948/2903
f 1693/1949/2904 1692/1948/2904 1687/1943/2904
f 1693/1949/2905 1687/1943/2905 1681/1937/2905
f 1694/1950/2906 1671/1927/2906 1693/1949/2906
f 1694/1950/2907 1693/1949/2907 1678/1934/2907
f 1678/1934/2908 1672/1928/2908 1694/1950/2908
f 1652/1897/2909 1690/1946/2909 1691/1947/2909
f 1695/1951/2910 1690/1946/2910 1652/1897/2910
f 1687/1943/2911 1692/1948/2911 1688/1944/2911
f 1681/1937/2912 1687/1943/2912 1683/1939/2912
f 1678/1934/2913 1693/1949/2913 1681/1937/2913
f 1674/1930/2914 1672/1928/2914 1678/1934/2914
f 1696/1952/2915 1670/1926/2915 1673/1929/2915
f 1672/1928/2916 1671/1927/2916 1694/1950/2916
f 1671/1927/2917 1668/1924/2917 1656/1901/2917
f 1696/1952/2918 1669/1925/2918 1670/1926/2918
f 1657/1902/2919 1668/1924/2919 1667/1923/2919
f 1660/1905/2920 1659/1904/2920 1663/1916/2920
f 1667/1923/2921 1659/1904/2921 1657/1902/2921
f 1656/1901/2922 1668/1924/2922 1657/1902/2922
f 1656/1901/2923 1655/1900/2923 1671/1927/2923
f 1691/1947/2924 1655/1900/2924 1652/1897/2924
f 1653/1898/2925 1654/1899/2925 1658/1903/2925
f 1652/1897/2926 1651/1896/2926 1695/1951/2926
f 1651/1896/2927 1650/1895/2927 1662/1910/2927
f 1653/1898/2928 1650/1895/2928 1649/1894/2928
f 1697/1953/2929 1698/1954/2929 1699/1955/2929
f 1697/1953/2930 1699/1955/2930 1700/1956/2930
f 1700/1956/2931 1699/1955/2931 1701/1957/2931
f 1700/1956/2932 1701/1957/2932 1702/1958/2932
f 1702/1958/2932 1701/1957/2932 1703/1959/2932
f 1701/1957/2933 1704/1960/2933 1703/1959/2933
f 1705/1961/2934 1704/1960/2934 1701/1957/2934
f 1705/1961/2935 1706/1962/2935 1704/1960/2935
f 1707/1963/2936 1706/1962/2936 1705/1961/2936
f 1708/1964/2937 1707/1963/2937 1705/1961/2937
f 1708/1964/2938 1705/1961/2938 1699/1955/2938
f 1708/1964/2939 1699/1955/2939 1709/1965/2939
f 1709/1965/2940 1710/1966/2940 1708/1964/2940
f 1711/1967/2941 1710/1966/2941 1709/1965/2941
f 1711/1967/2942 1709/1965/2942 1712/1968/2942
f 1712/1968/2943 1713/1969/2943 1711/1967/2943
f 1714/1970/2944 1713/1969/2944 1712/1968/2944
f 1715/1971/2945 1714/1970/2945 1712/1968/2945
f 1712/1968/2946 1716/1972/2946 1715/1971/2946
f 1716/1972/2947 1717/1973/2947 1715/1971/2947
f 1717/1973/2948 1718/1974/2948 1715/1971/2948
f 1715/1971/2949 1718/1974/2949 1719/1975/2949
f 1718/1974/2950 1720/1976/2950 1719/1975/2950
f 1720/1976/2951 1714/1970/2951 1719/1975/2951
f 1721/1977/2952 1714/1970/2952 1720/1976/2952
f 1722/1978/2953 1721/1977/2953 1720/1976/2953
f 1722/1978/2954 1720/1976/2954 1723/1979/2954
f 1722/1978/2955 1723/1979/2955 1724/1980/2955
f 1724/1980/2956 1725/1981/2956 1722/1978/2956
f 1722/1978/2957 1725/1981/2957 1726/1982/2957
f 1727/1983/2958 1726/1982/2958 1725/1981/2958
f 1727/1983/2959 1725/1981/2959 1553/1984/2959
f 1553/1984/2960 1555/1985/2960 1727/1983/2960
f 1727/1983/2961 1555/1985/2961 1556/1986/2961
f 1556/1986/2962 1728/1987/2962 1727/1983/2962
f 1729/1988/2963 1727/1983/2963 1728/1987/2963
f 1729/1988/2964 1728/1987/2964 1730/1989/2964
f 1730/1989/2965 1731/1990/2965 1729/1988/2965
f 1732/1991/2966 1729/1988/2966 1731/1990/2966
f 1733/1992/2967 1732/1991/2967 1731/1990/2967
f 1733/1992/2968 1731/1990/2968 1734/1993/2968
f 1707/1963/2969 1733/1992/2969 1734/1993/2969
f 1710/1966/2970 1733/1992/2970 1707/1963/2970
f 1710/1966/2971 1713/1969/2971 1733/1992/2971
f 1734/1993/2972 1731/1990/2972 1735/1994/2972
f 1735/1994/2973 1736/1995/2973 1734/1993/2973
f 1734/1993/2974 1736/1995/2974 1737/1996/2974
f 1706/1962/2975 1734/1993/2975 1737/1996/2975
f 1730/1989/2976 1736/1995/2976 1735/1994/2976
f 1738/1997/2977 1736/1995/2977 1730/1989/2977
f 1738/1997/2978 1730/1989/2978 1739/1998/2978
f 1739/1998/2979 1730/1989/2979 1740/1999/2979
f 1564/2000/2980 1739/1998/2980 1740/1999/2980
f 1740/1999/2981 1563/2001/2981 1564/2000/2981
f 1561/2002/2982 1563/2001/2982 1740/1999/2982
f 1740/1999/2983 1728/1987/2983 1561/2002/2983
f 1561/2002/2984 1728/1987/2984 1562/2003/2984
f 1566/2004/2985 1739/1998/2985 1564/2000/2985
f 1713/1969/2986 1732/1991/2986 1733/1992/2986
f 1732/1991/2987 1713/1969/2987 1721/1977/2987
f 1726/1982/2988 1732/1991/2988 1721/1977/2988
f 1741/2005/2989 1732/1991/2989 1726/1982/2989
f 1741/2005/2990 1729/1988/2990 1732/1991/2990
f 1735/1994/2991 1731/1990/2991 1730/1989/2991
f 1730/1989/2992 1728/1987/2992 1740/1999/2992
f 1741/2005/2993 1727/1983/2993 1729/1988/2993
f 1728/1987/2994 1556/1986/2994 1562/2003/2994
f 1553/1984/2995 1725/1981/2995 1552/2006/2995
f 1550/2007/2996 1552/2006/2996 1725/1981/2996
f 1741/2005/2997 1726/1982/2997 1727/1983/2997
f 1725/1981/2998 1724/1980/2998 1550/2007/2998
f 1550/2007/2999 1724/1980/2999 1549/2008/2999
f 1549/2008/3000 1724/1980/3000 1547/2009/3000
f 1547/2009/3001 1724/1980/3001 1742/2010/3001
f 1742/2010/3002 1548/2011/3002 1547/2009/3002
f 1742/2010/3003 1543/2012/3003 1548/2011/3003
f 1543/2012/3004 1742/2010/3004 1743/2013/3004
f 1543/2012/3005 1743/2013/3005 1542/2014/3005
f 1532/2015/3006 1542/2014/3006 1743/2013/3006
f 1743/2013/3007 1744/2016/3007 1532/2015/3007
f 1532/2015/3008 1744/2016/3008 1533/2017/3008
f 1744/2016/3009 1534/2018/3009 1533/2017/3009
f 1534/2018/3010 1744/2016/3010 1745/2019/3010
f 1534/2018/3011 1745/2019/3011 1541/2020/3011
f 1538/2021/3012 1541/2020/3012 1745/2019/3012
f 1745/2019/3013 1746/2022/3013 1538/2021/3013
f 1538/2021/3014 1746/2022/3014 1539/2023/3014
f 1746/2022/3015 1540/2024/3015 1539/2023/3015
f 1745/2019/3016 1747/2025/3016 1746/2022/3016
f 1748/2026/3017 1747/2025/3017 1745/2019/3017
f 1747/2025/3018 1748/2026/3018 1749/2027/3018
f 1749/2027/3019 1748/2026/3019 1750/2028/3019
f 1750/2028/3020 1751/2029/3020 1749/2027/3020
f 1749/2027/3021 1751/2029/3021 1752/2030/3021
f 1751/2029/3022 1753/2031/3022 1752/2030/3022
f 1752/2030/3023 1753/2031/3023 1754/2032/3023
f 1753/2031/3024 1755/2033/3024 1754/2032/3024
f 1754/2032/3025 1755/2033/3025 1756/2034/3025
f 1756/2034/3026 1755/2033/3026 1757/2035/3026
f 1757/2035/3027 1755/2033/3027 1758/2036/3027
f 1759/2037/3028 1757/2035/3028 1758/2036/3028
f 1760/2038/3029 1759/2037/3029 1758/2036/3029
f 1758/2036/3030 1761/2039/3030 1760/2038/3030
f 1762/2040/3031 1760/2038/3031 1761/2039/3031
f 1762/2040/3032 1761/2039/3032 1763/2041/3032
f 1762/2040/3033 1763/2041/3033 1764/2042/3033
f 1762/2040/3034 1764/2042/3034 1765/2043/3034
f 1765/2043/3035 1764/2042/3035 1766/2044/3035
f 1766/2044/3036 1767/2045/3036 1765/2043/3036
f 1767/2045/3037 1760/2038/3037 1765/2043/3037
f 1768/2046/3038 1760/2038/3038 1767/2045/3038
f 1769/2047/3039 1767/2045/3039 1766/2044/3039
f 1769/2047/3040 1766/2044/3040 1770/2048/3040
f 1770/2048/3041 1766/2044/3041 1771/2049/3041
f 1772/2050/3042 1770/2048/3042 1771/2049/3042
f 1716/1972/3043 1772/2050/3043 1771/2049/3043
f 1773/2051/3044 1772/2050/3044 1716/1972/3044
f 1773/2051/3045 1774/2052/3045 1772/2050/3045
f 1772/2050/3046 1774/2052/3046 1775/2053/3046
f 1775/2053/3047 1774/2052/3047 1698/1954/3047
f 1709/1965/3048 1774/2052/3048 1773/2051/3048
f 1775/2053/3049 1770/2048/3049 1772/2050/3049
f 1766/2044/3050 1716/1972/3050 1771/2049/3050
f 1764/2042/3051 1716/1972/3051 1766/2044/3051
f 1764/2042/3052 1763/2041/3052 1717/1973/3052
f 1776/2054/3053 1717/1973/3053 1763/2041/3053
f 1777/2055/3054 1776/2054/3054 1763/2041/3054
f 1778/2056/3055 1776/2054/3055 1777/2055/3055
f 1778/2056/3056 1777/2055/3056 1751/2029/3056
f 1778/2056/3057 1779/2057/3057 1776/2054/3057
f 1779/2057/3058 1780/2058/3058 1776/2054/3058
f 1776/2054/3059 1780/2058/3059 1718/1974/3059
f 1779/2057/3060 1781/2059/3060 1780/2058/3060
f 1780/2058/3061 1781/2059/3061 1723/1979/3061
f 1781/2059/3062 1743/2013/3062 1723/1979/3062
f 1779/2057/3063 1782/2060/3063 1781/2059/3063
f 1782/2060/3064 1744/2016/3064 1781/2059/3064
f 1782/2060/3065 1748/2026/3065 1744/2016/3065
f 1783/2061/3066 1782/2060/3066 1779/2057/3066
f 1750/2028/3067 1782/2060/3067 1783/2061/3067
f 1783/2061/3068 1778/2056/3068 1750/2028/3068
f 1783/2061/3069 1779/2057/3069 1778/2056/3069
f 1763/2041/3070 1761/2039/3070 1777/2055/3070
f 1755/2033/3071 1777/2055/3071 1761/2039/3071
f 1765/2043/3072 1760/2038/3072 1762/2040/3072
f 1768/2046/3073 1759/2037/3073 1760/2038/3073
f 1784/2062/3074 1757/2035/3074 1759/2037/3074
f 1755/2033/3075 1761/2039/3075 1758/2036/3075
f 1753/2031/3076 1777/2055/3076 1755/2033/3076
f 1751/2029/3077 1777/2055/3077 1753/2031/3077
f 1750/2028/3078 1778/2056/3078 1751/2029/3078
f 1748/2026/3079 1782/2060/3079 1750/2028/3079
f 1744/2016/3080 1748/2026/3080 1745/2019/3080
f 1781/2059/3081 1744/2016/3081 1743/2013/3081
f 1723/1979/3082 1743/2013/3082 1742/2010/3082
f 1724/1980/3083 1723/1979/3083 1742/2010/3083
f 1723/1979/3084 1720/1976/3084 1780/2058/3084
f 1726/1982/3085 1721/1977/3085 1722/1978/3085
f 1780/2058/3086 1720/1976/3086 1718/1974/3086
f 1718/1974/3087 1717/1973/3087 1776/2054/3087
f 1764/2042/3088 1717/1973/3088 1716/1972/3088
f 1773/2051/3089 1716/1972/3089 1712/1968/3089
f 1719/1975/3090 1714/1970/3090 1715/1971/3090
f 1721/1977/3091 1713/1969/3091 1714/1970/3091
f 1712/1968/3092 1709/1965/3092 1773/2051/3092
f 1711/1967/3093 1713/1969/3093 1710/1966/3093
f 1709/1965/3094 1699/1955/3094 1774/2052/3094
f 1710/1966/3095 1707/1963/3095 1708/1964/3095
f 1707/1963/3096 1734/1993/3096 1706/1962/3096
f 1699/1955/3097 1705/1961/3097 1701/1957/3097
f 1699/1955/3098 1698/1954/3098 1774/2052/3098
f 1785/2063/3099 1786/2064/3099 1787/2065/3099
f 1787/2065/3100 1788/2066/3100 1785/2063/3100
f 1785/2063/3101 1788/2066/3101 1789/2067/3101
f 1790/2068/3102 1785/2063/3102 1789/2067/3102
f 1789/2067/3103 1791/2069/3103 1790/2068/3103
f 1790/2068/3104 1791/2069/3104 1792/2070/3104
f 1665/2071/3105 1790/2068/3105 1792/2070/3105
f 1665/2071/3106 1792/2070/3106 1664/2072/3106
f 1664/2072/3107 1792/2070/3107 1793/2073/3107
f 1647/2074/3108 1664/2072/3108 1793/2073/3108
f 1647/2074/3109 1793/2073/3109 1646/2075/3109
f 1644/2076/3110 1646/2075/3110 1793/2073/3110
f 1793/2073/3111 1794/2077/3111 1644/2076/3111
f 1644/2076/3112 1794/2077/3112 1643/2078/3112
f 1794/2077/3113 1642/2079/3113 1643/2078/3113
f 1642/2079/3114 1794/2077/3114 1795/2080/3114
f 1795/2080/3115 1641/2081/3115 1642/2079/3115
f 1795/2080/3116 1640/2082/3116 1641/2081/3116
f 1640/2082/3117 1795/2080/3117 1796/2083/3117
f 1640/2082/3118 1796/2083/3118 1639/2084/3118
f 1638/2085/3119 1639/2084/3119 1796/2083/3119
f 1796/2083/3120 1739/2086/3120 1638/2085/3120
f 1638/2085/3121 1739/2086/3121 1566/2087/3121
f 1796/2083/3122 1797/2088/3122 1739/2086/3122
f 1739/2086/3123 1797/2088/3123 1738/2089/3123
f 1797/2088/3124 1798/2090/3124 1738/2089/3124
f 1738/2089/3125 1798/2090/3125 1736/2091/3125
f 1798/2090/3126 1737/2092/3126 1736/2091/3126
f 1799/2093/3127 1737/2092/3127 1798/2090/3127
f 1788/2066/3128 1799/2093/3128 1798/2090/3128
f 1799/2093/3129 1800/2094/3129 1737/2092/3129
f 1737/2092/3130 1800/2094/3130 1706/2095/3130
f 1800/2094/3131 1801/2096/3131 1706/2095/3131
f 1706/2095/3132 1801/2096/3132 1704/2097/3132
f 1704/2097/3133 1801/2096/3133 1703/2098/3133
f 1703/2098/3134 1801/2096/3134 1802/2099/3134
f 1803/2100/3135 1703/2098/3135 1802/2099/3135
f 1804/2101/3136 1803/2100/3136 1802/2099/3136
f 1802/2099/3137 1805/2102/3137 1804/2101/3137
f 1805/2102/3138 1806/2103/3138 1804/2101/3138
f 1804/2101/3139 1806/2103/3139 1807/2104/3139
f 1804/2101/3140 1807/2104/3140 1808/2105/3140
f 1808/2105/3141 1807/2104/3141 1809/2106/3141
f 1810/2107/3142 1809/2106/3142 1807/2104/3142
f 1811/2108/3143 1809/2106/3143 1810/2107/3143
f 1675/2109/3144 1811/2108/3144 1810/2107/3144
f 1810/2107/3145 1673/2110/3145 1675/2109/3145
f 1812/2111/3146 1673/2110/3146 1810/2107/3146
f 1812/2111/3147 1810/2107/3147 1806/2103/3147
f 1806/2103/3148 1813/2112/3148 1812/2111/3148
f 1786/2064/3148 1813/2112/3148 1806/2103/3148
f 1812/2111/3149 1813/2112/3149 1673/2110/3149
f 1673/2110/3150 1813/2112/3150 1696/2113/3150
f 1814/2114/3151 1696/2113/3151 1813/2112/3151
f 1814/2114/3152 1813/2112/3152 1785/2063/3152
f 1669/2115/3153 1696/2113/3153 1814/2114/3153
f 1790/2068/3154 1669/2115/3154 1814/2114/3154
f 1666/2116/3155 1669/2115/3155 1790/2068/3155
f 1676/2117/3156 1811/2108/3156 1675/2109/3156
f 1806/2103/3157 1810/2107/3157 1807/2104/3157
f 1805/2102/3158 1786/2064/3158 1806/2103/3158
f 1815/2118/3159 1786/2064/3159 1805/2102/3159
f 1815/2118/3160 1805/2102/3160 1800/2094/3160
f 1808/2105/3161 1803/2100/3161 1804/2101/3161
f 1702/2119/3162 1703/2098/3162 1803/2100/3162
f 1801/2096/3163 1805/2102/3163 1802/2099/3163
f 1800/2094/3164 1805/2102/3164 1801/2096/3164
f 1799/2093/3165 1815/2118/3165 1800/2094/3165
f 1787/2065/3166 1815/2118/3166 1799/2093/3166
f 1797/2088/3167 1788/2066/3167 1798/2090/3167
f 1816/2120/3168 1788/2066/3168 1797/2088/3168
f 1797/2088/3169 1795/2080/3169 1816/2120/3169
f 1796/2083/3170 1795/2080/3170 1797/2088/3170
f 1794/2077/3171 1816/2120/3171 1795/2080/3171
f 1791/2069/3172 1816/2120/3172 1794/2077/3172
f 1793/2073/3173 1791/2069/3173 1794/2077/3173
f 1664/2072/3174 1647/2074/3174 1493/2121/3174
f 1666/2116/3175 1790/2068/3175 1665/2071/3175
f 1792/2070/3176 1791/2069/3176 1793/2073/3176
f 1789/2067/3177 1816/2120/3177 1791/2069/3177
f 1814/2114/3178 1785/2063/3178 1790/2068/3178
f 1788/2066/3179 1816/2120/3179 1789/2067/3179
f 1787/2065/3180 1799/2093/3180 1788/2066/3180
f 1787/2065/3181 1786/2064/3181 1815/2118/3181
f 1785/2063/3182 1813/2112/3182 1786/2064/3182
usemtl material_0.235
f 1817/2122/3183 1818/2123/3183 1819/2124/3183
f 1819/2124/3184 1820/2125/3184 1817/2122/3184
f 1821/2126/3185 1820/2125/3185 1819/2124/3185
f 1819/2124/3186 1822/2127/3186 1821/2126/3186
f 1821/2126/3187 1822/2127/3187 1823/2128/3187
f 1823/2128/3188 1824/2129/3188 1821/2126/3188
f 1821/2126/3189 1824/2129/3189 1825/2130/3189
f 1825/2130/3190 1826/2131/3190 1821/2126/3190
f 1824/2129/3191 1823/2128/3191 1827/2132/3191
f 1827/2132/3192 1823/2128/3192 1828/2133/3192
f 1827/2132/3193 1828/2133/3193 1829/2134/3193
f 1829/2134/3194 1828/2133/3194 1830/2135/3194
f 1830/2135/3195 1831/2136/3195 1829/2134/3195
f 1829/2134/3196 1831/2136/3196 1832/2137/3196
f 1833/2138/3197 1832/2137/3197 1831/2136/3197
f 1831/2136/3198 1834/2139/3198 1833/2138/3198
f 1835/2140/3199 1833/2138/3199 1834/2139/3199
f 1835/2140/3200 1834/2139/3200 1836/2141/3200
f 1837/2142/3201 1835/2140/3201 1836/2141/3201
f 1837/2142/3202 1836/2141/3202 1838/2143/3202
f 1839/2144/3203 1837/2142/3203 1838/2143/3203
f 1840/2145/3204 1837/2142/3204 1839/2144/3204
f 1841/2146/3205 1840/2145/3205 1839/2144/3205
f 1842/2147/3206 1840/2145/3206 1841/2146/3206
f 1842/2147/3207 1843/2148/3207 1840/2145/3207
f 1843/2148/3208 1844/2149/3208 1840/2145/3208
f 1844/2149/3209 1843/2148/3209 1845/2150/3209
f 1845/2150/3210 1846/2151/3210 1844/2149/3210
f 1844/2149/3211 1846/2151/3211 1835/2140/3211
f 1846/2151/3212 1845/2150/3212 1847/2152/3212
f 1848/2153/3213 1846/2151/3213 1847/2152/3213
f 1833/2138/3214 1846/2151/3214 1848/2153/3214
f 1847/2152/3215 1845/2150/3215 1849/2154/3215
f 1845/2150/3216 1850/2155/3216 1849/2154/3216
f 1849/2154/3217 1850/2155/3217 1851/2156/3217
f 1852/2157/3218 1851/2156/3218 1850/2155/3218
f 1850/2155/3219 1853/2158/3219 1852/2157/3219
f 1843/2148/3220 1853/2158/3220 1850/2155/3220
f 1854/2159/3221 1851/2156/3221 1852/2157/3221
f 1845/2150/3222 1843/2148/3222 1850/2155/3222
f 1853/2158/3223 1843/2148/3223 1842/2147/3223
f 1840/2145/3224 1844/2149/3224 1837/2142/3224
f 1838/2143/3225 1836/2141/3225 1855/2160/3225
f 1856/2161/3226 1855/2160/3226 1836/2141/3226
f 1857/2162/3227 1855/2160/3227 1856/2161/3227
f 1856/2161/3228 1858/2163/3228 1857/2162/3228
f 1857/2162/3229 1858/2163/3229 1859/2164/3229
f 1860/2165/3230 1859/2164/3230 1858/2163/3230
f 1860/2165/3231 1858/2163/3231 1861/2166/3231
f 1861/2166/3232 1862/2167/3232 1860/2165/3232
f 1860/2165/3233 1862/2167/3233 1863/2168/3233
f 1860/2165/3234 1863/2168/3234 1864/2169/3234
f 1864/2169/3235 1863/2168/3235 1865/2170/3235
f 1863/2168/3236 1866/2171/3236 1865/2170/3236
f 1865/2170/3237 1866/2171/3237 1867/2172/3237
f 1866/2171/3238 1868/2173/3238 1867/2172/3238
f 1867/2172/3239 1868/2173/3239 1869/2174/3239
f 1869/2174/3240 1868/2173/3240 1870/2175/3240
f 1870/2175/3241 1868/2173/3241 1818/2123/3241
f 1866/2171/3242 1819/2124/3242 1868/2173/3242
f 1863/2168/3243 1822/2127/3243 1866/2171/3243
f 1862/2167/3244 1822/2127/3244 1863/2168/3244
f 1828/2133/3245 1822/2127/3245 1862/2167/3245
f 1830/2135/3246 1862/2167/3246 1861/2166/3246
f 1861/2166/3247 1871/2176/3247 1830/2135/3247
f 1861/2166/3248 1858/2163/3248 1871/2176/3248
f 1864/2169/3249 1859/2164/3249 1860/2165/3249
f 1856/2161/3250 1871/2176/3250 1858/2163/3250
f 1834/2139/3251 1871/2176/3251 1856/2161/3251
f 1844/2149/3252 1835/2140/3252 1837/2142/3252
f 1836/2141/3253 1834/2139/3253 1856/2161/3253
f 1846/2151/3254 1833/2138/3254 1835/2140/3254
f 1871/2176/3255 1834/2139/3255 1831/2136/3255
f 1848/2153/3256 1832/2137/3256 1833/2138/3256
f 1830/2135/3257 1871/2176/3257 1831/2136/3257
f 1828/2133/3258 1862/2167/3258 1830/2135/3258
f 1823/2128/3259 1822/2127/3259 1828/2133/3259
f 1822/2127/3260 1819/2124/3260 1866/2171/3260
f 1821/2126/3261 1826/2131/3261 1820/2125/3261
f 1819/2124/3262 1818/2123/3262 1868/2173/3262
f 1872/2177/3263 1873/2178/3263 1874/2179/3263
f 1875/2180/3264 1872/2177/3264 1874/2179/3264
f 1875/2180/3265 1874/2179/3265 1876/2181/3265
f 1876/2181/3266 1877/2182/3266 1875/2180/3266
f 1875/2180/3267 1877/2182/3267 1878/2183/3267
f 1879/2184/3268 1875/2180/3268 1878/2183/3268
f 1879/2184/3269 1878/2183/3269 1880/2185/3269
f 1881/2186/3270 1879/2184/3270 1880/2185/3270
f 1880/2185/3271 1882/2187/3271 1881/2186/3271
f 1882/2187/3272 1883/2188/3272 1881/2186/3272
f 1881/2186/3273 1883/2188/3273 1884/2189/3273
f 1884/2189/3274 1885/2190/3274 1881/2186/3274
f 1886/2191/3275 1885/2190/3275 1884/2189/3275
f 1886/2191/3276 1884/2189/3276 1887/2192/3276
f 1887/2192/3277 1888/2193/3277 1886/2191/3277
f 1886/2191/3278 1888/2193/3278 1889/2194/3278
f 1890/2195/3279 1886/2191/3279 1889/2194/3279
f 1889/2194/3280 1891/2196/3280 1890/2195/3280
f 1890/2195/3281 1891/2196/3281 1892/2197/3281
f 1892/2197/3282 1893/2198/3282 1890/2195/3282
f 1893/2198/3283 1885/2190/3283 1890/2195/3283
f 1879/2184/3284 1885/2190/3284 1893/2198/3284
f 1872/2177/3285 1893/2198/3285 1892/2197/3285
f 1891/2196/3286 1894/2199/3286 1892/2197/3286
f 1892/2197/3287 1894/2199/3287 1895/2200/3287
f 1895/2200/3288 1873/2178/3288 1892/2197/3288
f 1873/2178/3289 1895/2200/3289 1896/2201/3289
f 1896/2201/3290 1897/2202/3290 1873/2178/3290
f 1898/2203/3291 1897/2202/3291 1896/2201/3291
f 1898/2203/3292 1896/2201/3292 1899/2204/3292
f 1899/2204/3293 1900/2205/3293 1898/2203/3293
f 1898/2203/3294 1900/2205/3294 1901/2206/3294
f 1901/2206/3295 1902/2207/3295 1898/2203/3295
f 1902/2207/3296 1903/2208/3296 1898/2203/3296
f 1902/2207/3297 1904/2209/3297 1903/2208/3297
f 1904/2209/3298 1905/2210/3298 1903/2208/3298
f 1903/2208/3299 1905/2210/3299 1906/2211/3299
f 1903/2208/3300 1906/2211/3300 1897/2202/3300
f 1897/2202/3301 1906/2211/3301 1874/2179/3301
f 1906/2211/3302 1905/2210/3302 1876/2181/3302
f 1876/2181/3303 1905/2210/3303 1907/2212/3303
f 1908/2213/3304 1876/2181/3304 1907/2212/3304
f 1907/2212/3305 1909/2214/3305 1908/2213/3305
f 1908/2213/3306 1909/2214/3306 1910/2215/3306
f 1908/2213/3307 1910/2215/3307 1911/2216/3307
f 1911/2216/3308 1912/2217/3308 1908/2213/3308
f 1908/2213/3309 1912/2217/3309 1877/2182/3309
f 1912/2217/3310 1911/2216/3310 1913/2218/3310
f 1912/2217/3311 1913/2218/3311 1914/2219/3311
f 1914/2219/3312 1878/2183/3312 1912/2217/3312
f 1914/2219/3313 1913/2218/3313 1915/2220/3313
f 1914/2219/3314 1915/2220/3314 1880/2185/3314
f 1880/2185/3315 1915/2220/3315 1916/2221/3315
f 1917/2222/3316 1916/2221/3316 1915/2220/3316
f 1915/2220/3317 1918/2223/3317 1917/2222/3317
f 1918/2223/3318 1827/2224/3318 1917/2222/3318
f 1917/2222/3319 1827/2224/3319 1829/2225/3319
f 1829/2225/3320 1919/2226/3320 1917/2222/3320
f 1832/2227/3321 1919/2226/3321 1829/2225/3321
f 1832/2227/3322 1920/2228/3322 1919/2226/3322
f 1920/2228/3323 1916/2221/3323 1919/2226/3323
f 1882/2187/3324 1916/2221/3324 1920/2228/3324
f 1921/2229/3325 1882/2187/3325 1920/2228/3325
f 1848/2230/3326 1921/2229/3326 1920/2228/3326
f 1847/2231/3327 1921/2229/3327 1848/2230/3327
f 1849/2232/3328 1921/2229/3328 1847/2231/3328
f 1922/2233/3329 1921/2229/3329 1849/2232/3329
f 1851/2234/3330 1922/2233/3330 1849/2232/3330
f 1923/2235/3331 1922/2233/3331 1851/2234/3331
f 1851/2234/3332 1854/2236/3332 1923/2235/3332
f 1923/2235/3333 1854/2236/3333 1924/2237/3333
f 1923/2235/3334 1924/2237/3334 1925/2238/3334
f 1925/2238/3335 1924/2237/3335 1926/2239/3335
f 1927/2240/3336 1925/2238/3336 1926/2239/3336
f 1927/2240/3337 1926/2239/3337 1928/2241/3337
f 1929/2242/3338 1927/2240/3338 1928/2241/3338
f 1929/2242/3339 1928/2241/3339 1930/2243/3339
f 1930/2243/3340 1931/2244/3340 1929/2242/3340
f 1929/2242/3341 1931/2244/3341 1932/2245/3341
f 1932/2245/3342 1933/2246/3342 1929/2242/3342
f 1934/2247/3343 1933/2246/3343 1932/2245/3343
f 1932/2245/3344 1935/2248/3344 1934/2247/3344
f 1936/2249/3345 1934/2247/3345 1935/2248/3345
f 1935/2248/3346 1937/2250/3346 1936/2249/3346
f 1937/2250/3347 1938/2251/3347 1936/2249/3347
f 1936/2249/3348 1938/2251/3348 1939/2252/3348
f 1888/2193/3349 1936/2249/3349 1939/2252/3349
f 1940/2253/3350 1936/2249/3350 1888/2193/3350
f 1939/2252/3351 1938/2251/3351 1891/2196/3351
f 1937/2250/3352 1941/2254/3352 1938/2251/3352
f 1938/2251/3353 1941/2254/3353 1894/2199/3353
f 1894/2199/3354 1941/2254/3354 1942/2255/3354
f 1942/2255/3355 1943/2256/3355 1894/2199/3355
f 1943/2256/3356 1942/2255/3356 1944/2257/3356
f 1944/2257/3357 1945/2258/3357 1943/2256/3357
f 1946/2259/3358 1943/2256/3358 1945/2258/3358
f 1946/2259/3359 1896/2201/3359 1943/2256/3359
f 1896/2201/3360 1946/2259/3360 1947/2260/3360
f 1944/2257/3361 1942/2255/3361 1948/2261/3361
f 1949/2262/3362 1948/2261/3362 1942/2255/3362
f 1942/2255/3363 1941/2254/3363 1949/2262/3363
f 1949/2262/3364 1941/2254/3364 1950/2263/3364
f 1951/2264/3365 1950/2263/3365 1941/2254/3365
f 1941/2254/3366 1952/2265/3366 1951/2264/3366
f 1951/2264/3367 1952/2265/3367 1953/2266/3367
f 1952/2265/3368 1954/2267/3368 1953/2266/3368
f 1954/2267/3369 1952/2265/3369 1955/2268/3369
f 1954/2267/3370 1955/2268/3370 1956/2269/3370
f 1955/2268/3371 1957/2270/3371 1956/2269/3371
f 1957/2270/2213 1955/2268/2213 1958/2271/2213
f 1958/2271/3372 1959/2272/3372 1957/2270/3372
f 1958/2271/3373 1960/2273/3373 1959/2272/3373
f 1960/2273/3374 1958/2271/3374 1961/2274/3374
f 1961/2274/3375 1962/2275/3375 1960/2273/3375
f 1961/2274/3376 1963/2276/3376 1962/2275/3376
f 1963/2276/3377 1961/2274/3377 1964/2277/3377
f 1964/2277/3378 1965/2278/3378 1963/2276/3378
f 1966/2279/3379 1964/2277/3379 1961/2274/3379
f 1966/2279/3380 1961/2274/3380 1967/2280/3380
f 1968/2281/3381 1966/2279/3381 1967/2280/3381
f 1969/2282/3382 1968/2281/3382 1967/2280/3382
f 1969/2282/3383 1967/2280/3383 1955/2268/3383
f 1935/2248/3384 1968/2281/3384 1969/2282/3384
f 1970/2283/3385 1966/2279/3385 1968/2281/3385
f 1932/2245/3386 1970/2283/3386 1968/2281/3386
f 1970/2283/3387 1971/2284/3387 1966/2279/3387
f 1971/2284/3388 1964/2277/3388 1966/2279/3388
f 1967/2280/3389 1961/2274/3389 1958/2271/3389
f 1955/2268/3390 1967/2280/3390 1958/2271/3390
f 1952/2265/3391 1969/2282/3391 1955/2268/3391
f 1937/2250/3392 1969/2282/3392 1952/2265/3392
f 1952/2265/3393 1941/2254/3393 1937/2250/3393
f 1969/2282/3394 1937/2250/3394 1935/2248/3394
f 1940/2253/3395 1934/2247/3395 1936/2249/3395
f 1968/2281/3396 1935/2248/3396 1932/2245/3396
f 1934/2247/3397 1940/2253/3397 1933/2246/3397
f 1933/2246/3398 1940/2253/3398 1972/2285/3398
f 1973/2286/3399 1933/2246/3399 1972/2285/3399
f 1973/2286/3400 1972/2285/3400 1974/2287/3400
f 1974/2287/3401 1925/2238/3401 1973/2286/3401
f 1975/2288/3402 1925/2238/3402 1974/2287/3402
f 1974/2287/3403 1883/2188/3403 1975/2288/3403
f 1883/2188/3404 1922/2233/3404 1975/2288/3404
f 1922/2233/3405 1925/2238/3405 1975/2288/3405
f 1974/2287/3406 1972/2285/3406 1887/2192/3406
f 1927/2240/3407 1933/2246/3407 1973/2286/3407
f 1940/2253/3408 1887/2192/3408 1972/2285/3408
f 1931/2244/3409 1970/2283/3409 1932/2245/3409
f 1933/2246/3410 1927/2240/3410 1929/2242/3410
f 1928/2241/3411 1926/2239/3411 1976/2289/3411
f 1973/2286/3412 1925/2238/3412 1927/2240/3412
f 1926/2239/3413 1924/2237/3413 1976/2289/3413
f 1923/2235/3414 1925/2238/3414 1922/2233/3414
f 1921/2229/3415 1922/2233/3415 1883/2188/3415
f 1848/2230/3416 1920/2228/3416 1832/2227/3416
f 1918/2223/3417 1824/2290/3417 1827/2224/3417
f 1977/2291/3418 1824/2290/3418 1918/2223/3418
f 1918/2223/3419 1978/2292/3419 1977/2291/3419
f 1977/2291/3420 1978/2292/3420 1979/2293/3420
f 1979/2293/3421 1978/2292/3421 1980/2294/3421
f 1979/2293/3422 1980/2294/3422 1981/2295/3422
f 1981/2295/3423 1825/2296/3423 1979/2293/3423
f 1825/2296/3424 1824/2290/3424 1979/2293/3424
f 1826/2297/3425 1825/2296/3425 1981/2295/3425
f 1981/2295/3426 1980/2294/3426 1982/2298/3426
f 1980/2294/3427 1983/2299/3427 1982/2298/3427
f 1982/2298/3428 1983/2299/3428 1984/2300/3428
f 1983/2299/3429 1910/2215/3429 1984/2300/3429
f 1984/2300/3430 1910/2215/3430 1985/2301/3430
f 1985/2301/3431 1910/2215/3431 1986/2302/3431
f 1983/2299/3432 1980/2294/3432 1911/2216/3432
f 1911/2216/3433 1980/2294/3433 1978/2292/3433
f 1913/2218/3434 1978/2292/3434 1918/2223/3434
f 1979/2293/3435 1824/2290/3435 1977/2291/3435
f 1919/2226/3436 1916/2221/3436 1917/2222/3436
f 1913/2218/3437 1918/2223/3437 1915/2220/3437
f 1913/2218/3438 1911/2216/3438 1978/2292/3438
f 1911/2216/3439 1910/2215/3439 1983/2299/3439
f 1986/2302/3440 1910/2215/3440 1909/2214/3440
f 1909/2214/3441 1987/2303/3441 1986/2302/3441
f 1988/2304/3442 1987/2303/3442 1909/2214/3442
f 1909/2214/3443 1905/2210/3443 1988/2304/3443
f 1989/2305/3444 1987/2303/3444 1988/2304/3444
f 1989/2305/3445 1988/2304/3445 1904/2209/3445
f 1990/2306/3446 1989/2305/3446 1904/2209/3446
f 1991/2307/3447 1989/2305/3447 1990/2306/3447
f 1992/2308/3448 1991/2307/3448 1990/2306/3448
f 1990/2306/3449 1993/2309/3449 1992/2308/3449
f 1993/2309/3450 1990/2306/3450 1994/2310/3450
f 1994/2310/3451 1990/2306/3451 1902/2207/3451
f 1902/2207/3452 1995/2311/3452 1994/2310/3452
f 1991/2307/3453 1992/2308/3453 1996/2312/3453
f 1991/2307/3454 1996/2312/3454 1997/2313/3454
f 1997/2313/3454 1998/2314/3454 1991/2307/3454
f 1998/2314/3455 1999/2315/3455 1991/2307/3455
f 2000/2316/3456 1998/2314/3456 1997/2313/3456
f 1991/2307/3457 1999/2315/3457 1989/2305/3457
f 1999/2315/3458 1987/2303/3458 1989/2305/3458
f 1907/2212/3459 1905/2210/3459 1909/2214/3459
f 1904/2209/3460 1988/2304/3460 1905/2210/3460
f 1990/2306/3461 1904/2209/3461 1902/2207/3461
f 1995/2311/3462 1902/2207/3462 1901/2206/3462
f 1899/2204/3463 1896/2201/3463 1947/2260/3463
f 1898/2203/3464 1903/2208/3464 1897/2202/3464
f 1896/2201/3465 1895/2200/3465 1943/2256/3465
f 1894/2199/3466 1943/2256/3466 1895/2200/3466
f 1891/2196/3467 1938/2251/3467 1894/2199/3467
f 1889/2194/3468 1939/2252/3468 1891/2196/3468
f 1888/2193/3469 1939/2252/3469 1889/2194/3469
f 1888/2193/3470 1887/2192/3470 1940/2253/3470
f 1887/2192/3471 1884/2189/3471 1974/2287/3471
f 1885/2190/3472 1886/2191/3472 1890/2195/3472
f 1884/2189/3473 1883/2188/3473 1974/2287/3473
f 1883/2188/3474 1882/2187/3474 1921/2229/3474
f 1916/2221/3475 1882/2187/3475 1880/2185/3475
f 1885/2190/3476 1879/2184/3476 1881/2186/3476
f 1880/2185/3477 1878/2183/3477 1914/2219/3477
f 1893/2198/3478 1875/2180/3478 1879/2184/3478
f 1912/2217/3479 1878/2183/3479 1877/2182/3479
f 1877/2182/3480 1876/2181/3480 1908/2213/3480
f 1876/2181/3481 1874/2179/3481 1906/2211/3481
f 1893/2198/3482 1872/2177/3482 1875/2180/3482
f 1874/2179/3483 1873/2178/3483 1897/2202/3483
f 1892/2197/3484 1873/2178/3484 1872/2177/3484
f 2001/2317/3485 2002/2318/3485 2003/2319/3485
f 2004/2320/3486 2001/2317/3486 2003/2319/3486
f 2005/2321/3487 2004/2320/3487 2003/2319/3487
f 2006/2322/3488 2005/2321/3488 2003/2319/3488
f 2007/2323/3489 2005/2321/3489 2006/2322/3489
f 2007/2323/3490 2008/2324/3490 2005/2321/3490
f 2008/2324/3491 2009/2325/3491 2005/2321/3491
f 2010/2326/3492 2009/2325/3492 2008/2324/3492
f 2008/2324/3493 2011/2327/3493 2010/2326/3493
f 2011/2327/3494 2012/2328/3494 2010/2326/3494
f 2013/2329/3495 2010/2326/3495 2012/2328/3495
f 2012/2328/3496 2014/2330/3496 2013/2329/3496
f 2013/2329/3497 2014/2330/3497 2015/2331/3497
f 2015/2331/3498 2009/2325/3498 2013/2329/3498
f 2004/2320/3499 2009/2325/3499 2015/2331/3499
f 2015/2331/3500 2016/2332/3500 2004/2320/3500
f 2017/2333/3501 2016/2332/3501 2015/2331/3501
f 2015/2331/3502 2018/2334/3502 2017/2333/3502
f 2018/2334/3503 2019/2335/3503 2017/2333/3503
f 2017/2333/3504 2019/2335/3504 2020/2336/3504
f 2020/2336/3505 2019/2335/3505 2021/2337/3505
f 2022/2338/3506 2020/2336/3506 2021/2337/3506
f 2022/2338/3507 2021/2337/3507 2023/2339/3507
f 2024/2340/3508 2022/2338/3508 2023/2339/3508
f 2025/2341/3509 2022/2338/3509 2024/2340/3509
f 2024/2340/3510 2026/2342/3510 2025/2341/3510
f 2026/2342/3511 2027/2343/3511 2025/2341/3511
f 2025/2341/3512 2027/2343/3512 2028/2344/3512
f 2028/2344/3513 2027/2343/3513 2001/2317/3513
f 2016/2332/3514 2028/2344/3514 2001/2317/3514
f 2029/2345/3515 2028/2344/3515 2016/2332/3515
f 2029/2345/3516 2016/2332/3516 2020/2336/3516
f 2029/2345/3517 2022/2338/3517 2028/2344/3517
f 2030/2346/3518 2026/2342/3518 2024/2340/3518
f 2028/2344/3519 2022/2338/3519 2025/2341/3519
f 2023/2339/3520 2021/2337/3520 2031/2347/3520
f 2021/2337/3521 2032/2348/3521 2031/2347/3521
f 2031/2347/3522 2032/2348/3522 2033/2349/3522
f 2029/2345/3523 2020/2336/3523 2022/2338/3523
f 2021/2337/3524 2019/2335/3524 2032/2348/3524
f 2034/2350/3525 2018/2334/3525 2015/2331/3525
f 2020/2336/3526 2016/2332/3526 2017/2333/3526
f 2015/2331/3527 2014/2330/3527 2034/2350/3527
f 2035/2351/3528 2014/2330/3528 2012/2328/3528
f 2012/2328/3529 2036/2352/3529 2035/2351/3529
f 2035/2351/3530 2036/2352/3530 2037/2353/3530
f 2038/2354/3531 2037/2353/3531 2036/2352/3531
f 2036/2352/3532 2039/2355/3532 2038/2354/3532
f 2040/2356/3533 2038/2354/3533 2039/2355/3533
f 2039/2355/3534 2041/2357/3534 2040/2356/3534
f 2041/2357/3535 1852/2358/3535 2040/2356/3535
f 2040/2356/3536 1852/2358/3536 1853/2359/3536
f 1853/2359/3537 2042/2360/3537 2040/2356/3537
f 1842/2361/3538 2042/2360/3538 1853/2359/3538
f 2042/2360/3539 1842/2361/3539 2043/2362/3539
f 2043/2362/3540 2044/2363/3540 2042/2360/3540
f 2042/2360/3541 2044/2363/3541 2038/2354/3541
f 2043/2362/3542 1842/2361/3542 1841/2364/3542
f 2041/2357/3543 1854/2365/3543 1852/2358/3543
f 2045/2366/3544 1854/2365/3544 2041/2357/3544
f 2046/2367/3545 2045/2366/3545 2041/2357/3545
f 2047/2368/3546 2045/2366/3546 2046/2367/3546
f 2046/2367/3547 2048/2369/3547 2047/2368/3547
f 2047/2368/3548 2048/2369/3548 2049/2370/3548
f 2049/2370/3549 2048/2369/3549 2050/2371/3549
f 2050/2371/3550 2048/2369/3550 2008/2324/3550
f 2046/2367/3551 2011/2327/3551 2048/2369/3551
f 2039/2355/3552 2011/2327/3552 2046/2367/3552
f 2046/2367/3553 2041/2357/3553 2039/2355/3553
f 2042/2360/3554 2038/2354/3554 2040/2356/3554
f 2011/2327/3555 2039/2355/3555 2036/2352/3555
f 2044/2363/3556 2037/2353/3556 2038/2354/3556
f 2036/2352/3557 2012/2328/3557 2011/2327/3557
f 2048/2369/3558 2011/2327/3558 2008/2324/3558
f 2009/2325/3559 2010/2326/3559 2013/2329/3559
f 2050/2371/3560 2008/2324/3560 2007/2323/3560
f 2009/2325/3561 2004/2320/3561 2005/2321/3561
f 2016/2332/3562 2001/2317/3562 2004/2320/3562
f 2003/2319/3563 2002/2318/3563 2006/2322/3563
f 2001/2317/3564 2027/2343/3564 2002/2318/3564
f 2027/2372/3565 2051/2373/3565 2002/2374/3565
f 2002/2374/3566 2051/2373/3566 2052/2375/3566
f 2052/2375/3567 2053/2376/3567 2002/2374/3567
f 2002/2374/3568 2053/2376/3568 2006/2377/3568
f 2053/2376/3569 2007/2378/3569 2006/2377/3569
f 2054/2379/3570 2007/2378/3570 2053/2376/3570
f 2055/2380/3571 2054/2379/3571 2053/2376/3571
f 2056/2381/3572 2054/2379/3572 2055/2380/3572
f 2056/2381/3573 2055/2380/3573 2057/2382/3573
f 2057/2382/3574 2058/2383/3574 2056/2381/3574
f 2056/2381/3575 2058/2383/3575 2059/2384/3575
f 2059/2384/3576 2060/2385/3576 2056/2381/3576
f 2060/2385/3577 2059/2384/3577 2061/2386/3577
f 2060/2385/3578 2061/2386/3578 2050/2387/3578
f 2060/2385/3579 2050/2387/3579 2054/2379/3579
f 2050/2387/3580 2061/2386/3580 2049/2388/3580
f 2049/2388/3581 2061/2386/3581 2047/2389/3581
f 2047/2389/3582 2061/2386/3582 2062/2390/3582
f 2063/2391/3583 2047/2389/3583 2062/2390/3583
f 2062/2390/3584 1976/2392/3584 2063/2391/3584
f 1976/2392/3585 1924/2393/3585 2063/2391/3585
f 1924/2393/3586 2045/2394/3586 2063/2391/3586
f 1854/2395/3587 2045/2394/3587 1924/2393/3587
f 2064/2396/3588 1976/2392/3588 2062/2390/3588
f 2062/2390/3589 2065/2397/3589 2064/2396/3589
f 2065/2397/3590 2066/2398/3590 2064/2396/3590
f 2064/2396/3591 2066/2398/3591 2067/2399/3591
f 1928/2400/3592 2064/2396/3592 2067/2399/3592
f 1930/2401/3593 1928/2400/3593 2067/2399/3593
f 2067/2399/3594 2068/2402/3594 1930/2401/3594
f 1930/2401/3595 2068/2402/3595 1931/2403/3595
f 1931/2403/3596 2068/2402/3596 2069/2404/3596
f 2069/2404/3597 1970/2405/3597 1931/2403/3597
f 2070/2406/3598 1970/2405/3598 2069/2404/3598
f 2069/2404/3599 2071/2407/3599 2070/2406/3599
f 2070/2406/3600 2071/2407/3600 1971/2408/3600
f 1971/2408/3601 2071/2407/3601 2072/2409/3601
f 1971/2408/3602 2072/2409/3602 1964/2410/3602
f 1964/2410/3603 2072/2409/3603 2073/2411/3603
f 2074/2412/3604 1964/2410/3604 2073/2411/3604
f 2074/2412/3605 2073/2411/3605 2075/2413/3605
f 2076/2414/3606 2075/2413/3606 2073/2411/3606
f 2073/2411/3607 2077/2415/3607 2076/2414/3607
f 2076/2414/3608 2077/2415/3608 2078/2416/3608
f 2077/2415/3609 2079/2417/3609 2078/2416/3609
f 2079/2417/3610 2077/2415/3610 2080/2418/3610
f 2080/2418/3611 2081/2419/3611 2079/2417/3611
f 2082/2420/3612 2081/2419/3612 2080/2418/3612
f 2080/2418/3613 2083/2421/3613 2082/2420/3613
f 2082/2420/3614 2083/2421/3614 2084/2422/3614
f 2084/2422/3615 2083/2421/3615 2085/2423/3615
f 2085/2423/3616 2083/2421/3616 2086/2424/3616
f 2086/2424/3617 2087/2425/3617 2085/2423/3617
f 2087/2425/3618 2086/2424/3618 2088/2426/3618
f 2088/2426/3619 2086/2424/3619 2089/2427/3619
f 2089/2427/3620 2090/2428/3620 2088/2426/3620
f 2090/2428/3621 2089/2427/3621 2091/2429/3621
f 2091/2429/3622 2089/2427/3622 2092/2430/3622
f 2092/2430/3623 2093/2431/3623 2091/2429/3623
f 2092/2430/3624 2094/2432/3624 2093/2431/3624
f 2094/2432/3625 2092/2430/3625 2095/2433/3625
f 2094/2432/3626 2095/2433/3626 2096/2434/3626
f 2097/2435/3627 2095/2433/3627 2092/2430/3627
f 2098/2436/3628 2095/2433/3628 2097/2435/3628
f 2099/2437/3629 2098/2436/3629 2097/2435/3629
f 2097/2435/3630 2100/2438/3630 2099/2437/3630
f 2099/2437/3631 2100/2438/3631 2101/2439/3631
f 2101/2439/3632 2102/2440/3632 2099/2437/3632
f 2099/2437/3633 2102/2440/3633 2103/2441/3633
f 2103/2441/3634 2104/2442/3634 2099/2437/3634
f 2105/2443/3635 2104/2442/3635 2103/2441/3635
f 2106/2444/3636 2105/2443/3636 2103/2441/3636
f 2102/2440/3637 2106/2444/3637 2103/2441/3637
f 2107/2445/3638 2106/2444/3638 2102/2440/3638
f 2108/2446/3639 2107/2445/3639 2102/2440/3639
f 2102/2440/3640 2109/2447/3640 2108/2446/3640
f 2110/2448/3641 2108/2446/3641 2109/2447/3641
f 2110/2448/3642 2109/2447/3642 2111/2449/3642
f 2112/2450/3643 2110/2448/3643 2111/2449/3643
f 2112/2450/3644 2111/2449/3644 2080/2418/3644
f 2112/2450/3645 2080/2418/3645 2113/2451/3645
f 2112/2450/3646 2113/2451/3646 2114/2452/3646
f 2114/2452/3647 2113/2451/3647 2115/2453/3647
f 2115/2453/3648 2116/2454/3648 2114/2452/3648
f 2114/2452/3649 2116/2454/3649 2117/2455/3649
f 2117/2455/3650 2118/2456/3650 2114/2452/3650
f 2114/2452/3651 2118/2456/3651 2110/2448/3651
f 2119/2457/3652 2118/2456/3652 2117/2455/3652
f 2120/2458/3653 2118/2456/3653 2119/2457/3653
f 2121/2459/3654 2120/2458/3654 2119/2457/3654
f 2119/2457/3655 2122/2460/3655 2121/2459/3655
f 2121/2459/3656 2122/2460/3656 2057/2382/3656
f 2122/2460/3657 2123/2461/3657 2057/2382/3657
f 2122/2460/3658 2124/2462/3658 2123/2461/3658
f 2124/2462/3659 2069/2404/3659 2123/2461/3659
f 2116/2454/3660 2124/2462/3660 2122/2460/3660
f 2124/2462/3661 2116/2454/3661 2071/2407/3661
f 2122/2460/3662 2119/2457/3662 2116/2454/3662
f 2125/2463/3663 2120/2458/3663 2121/2459/3663
f 2125/2463/3664 2121/2459/3664 2126/2464/3664
f 2126/2464/3665 2127/2465/3665 2125/2463/3665
f 2125/2463/3666 2127/2465/3666 2128/2466/3666
f 2127/2465/3667 2129/2467/3667 2128/2466/3667
f 2107/2445/3668 2128/2466/3668 2129/2467/3668
f 2130/2468/3669 2128/2466/3669 2107/2445/3669
f 2130/2468/3670 2120/2458/3670 2128/2466/3670
f 2130/2468/3671 2108/2446/3671 2120/2458/3671
f 2131/2469/3672 2129/2467/3672 2127/2465/3672
f 2127/2465/3673 2051/2373/3673 2131/2469/3673
f 2131/2469/3674 2051/2373/3674 2132/2470/3674
f 2132/2470/3675 2133/2471/3675 2131/2469/3675
f 2131/2469/3676 2133/2471/3676 2134/2472/3676
f 2135/2473/3677 2131/2469/3677 2134/2472/3677
f 2132/2470/3678 2030/2474/3678 2133/2471/3678
f 2026/2475/3679 2030/2474/3679 2132/2470/3679
f 2051/2373/3680 2026/2475/3680 2132/2470/3680
f 2129/2467/3681 2131/2469/3681 2135/2473/3681
f 2106/2444/3682 2129/2467/3682 2135/2473/3682
f 2127/2465/3683 2126/2464/3683 2051/2373/3683
f 2126/2464/3684 2121/2459/3684 2055/2380/3684
f 2126/2464/3685 2055/2380/3685 2052/2375/3685
f 2128/2466/3686 2120/2458/3686 2125/2463/3686
f 2120/2458/3687 2108/2446/3687 2118/2456/3687
f 2116/2454/3688 2119/2457/3688 2117/2455/3688
f 2071/2407/3689 2116/2454/3689 2115/2453/3689
f 2113/2451/3690 2072/2409/3690 2115/2453/3690
f 2114/2452/3691 2110/2448/3691 2112/2450/3691
f 2111/2449/3692 2109/2447/3692 2136/2476/3692
f 2136/2476/3693 2086/2424/3693 2111/2449/3693
f 2136/2476/3694 2100/2438/3694 2086/2424/3694
f 2101/2439/3695 2136/2476/3695 2109/2447/3695
f 2118/2456/3696 2108/2446/3696 2110/2448/3696
f 2130/2468/3697 2107/2445/3697 2108/2446/3697
f 2107/2445/3698 2129/2467/3698 2106/2444/3698
f 2101/2439/3699 2109/2447/3699 2102/2440/3699
f 2100/2438/3700 2136/2476/3700 2101/2439/3700
f 2097/2435/3701 2089/2427/3701 2100/2438/3701
f 2104/2442/3702 2098/2436/3702 2099/2437/3702
f 2092/2430/3703 2089/2427/3703 2097/2435/3703
f 2086/2424/3704 2100/2438/3704 2089/2427/3704
f 2111/2449/3705 2086/2424/3705 2083/2421/3705
f 2080/2418/3706 2111/2449/3706 2083/2421/3706
f 2113/2451/3707 2080/2418/3707 2077/2415/3707
f 2077/2415/3708 2073/2411/3708 2113/2451/3708
f 1964/2410/3709 2074/2412/3709 1965/2477/3709
f 2113/2451/3710 2073/2411/3710 2072/2409/3710
f 2115/2453/3711 2072/2409/3711 2071/2407/3711
f 2124/2462/3712 2071/2407/3712 2069/2404/3712
f 2070/2406/3713 1971/2408/3713 1970/2405/3713
f 2123/2461/3714 2069/2404/3714 2068/2402/3714
f 2066/2398/3715 2123/2461/3715 2068/2402/3715
f 2058/2383/3716 2123/2461/3716 2066/2398/3716
f 2066/2398/3717 2068/2402/3717 2067/2399/3717
f 2065/2397/3718 2058/2383/3718 2066/2398/3718
f 1976/2392/3719 2064/2396/3719 1928/2400/3719
f 2045/2394/3720 2047/2389/3720 2063/2391/3720
f 2061/2386/3721 2065/2397/3721 2062/2390/3721
f 2061/2386/3722 2059/2384/3722 2065/2397/3722
f 2059/2384/3723 2058/2383/3723 2065/2397/3723
f 2057/2382/3724 2123/2461/3724 2058/2383/3724
f 2057/2382/3725 2055/2380/3725 2121/2459/3725
f 2056/2381/3726 2060/2385/3726 2054/2379/3726
f 2054/2379/3727 2050/2387/3727 2007/2378/3727
f 2052/2375/3728 2055/2380/3728 2053/2376/3728
f 2051/2373/3729 2126/2464/3729 2052/2375/3729
f 2027/2372/3730 2026/2475/3730 2051/2373/3730
usemtl material_0.236
f 2137/2478/3731 2138/2479/3731 2139/2480/3731
f 2137/2478/3732 2139/2480/3732 2140/2481/3732
f 2141/2482/3733 2137/2478/3733 2140/2481/3733
f 2141/2482/3734 2140/2481/3734 2142/2483/3734
f 2143/2484/3735 2142/2483/3735 2140/2481/3735
f 2143/2484/3736 2140/2481/3736 2144/2485/3736
f 2145/2486/3737 2143/2484/3737 2144/2485/3737
f 2145/2486/3738 2144/2485/3738 2146/2487/3738
f 2146/2487/3739 2147/2488/3739 2145/2486/3739
f 2146/2487/3740 2148/2489/3740 2147/2488/3740
f 2146/2487/3741 2149/2490/3741 2148/2489/3741
f 2146/2487/3742 2150/2491/3742 2149/2490/3742
f 2151/2492/3743 2149/2490/3743 2150/2491/3743
f 2151/2492/3744 2150/2491/3744 2152/2493/3744
f 2153/2494/3745 2151/2492/3745 2152/2493/3745
f 2154/2495/3746 2153/2494/3746 2152/2493/3746
f 2155/2496/3747 2154/2495/3747 2152/2493/3747
f 2155/2496/3748 2156/2497/3748 2154/2495/3748
f 2156/2497/3749 2157/2498/3749 2154/2495/3749
f 2156/2497/3750 2158/2499/3750 2157/2498/3750
f 2158/2499/3751 2159/2500/3751 2157/2498/3751
f 2157/2498/3752 2159/2500/3752 2160/2501/3752
f 2157/2498/3753 2160/2501/3753 2153/2494/3753
f 2161/2502/3754 2153/2494/3754 2160/2501/3754
f 2160/2501/3755 2162/2503/3755 2161/2502/3755
f 2160/2501/3756 2163/2504/3756 2162/2503/3756
f 2164/2505/3757 2162/2503/3757 2163/2504/3757
f 2165/2506/3758 2164/2505/3758 2163/2504/3758
f 2165/2506/3759 2163/2504/3759 2166/2507/3759
f 2166/2507/3760 2167/2508/3760 2165/2506/3760
f 2168/2509/3761 2165/2506/3761 2167/2508/3761
f 2167/2508/3762 2169/2510/3762 2168/2509/3762
f 2167/2508/3763 2170/2511/3763 2169/2510/3763
f 2170/2511/3764 2171/2512/3764 2169/2510/3764
f 2170/2511/3765 2172/2513/3765 2171/2512/3765
f 2172/2513/3766 2173/2514/3766 2171/2512/3766
f 2172/2513/3767 2174/2515/3767 2173/2514/3767
f 2175/2516/3768 2173/2514/3768 2174/2515/3768
f 2176/2517/3769 2175/2516/3769 2174/2515/3769
f 2177/2518/3770 2176/2517/3770 2174/2515/3770
f 2178/2519/3771 2176/2517/3771 2177/2518/3771
f 2179/2520/3772 2178/2519/3772 2177/2518/3772
f 2170/2511/3773 2179/2520/3773 2177/2518/3773
f 2170/2511/3774 2180/2521/3774 2179/2520/3774
f 2179/2520/3775 2180/2521/3775 2181/2522/3775
f 2179/2520/3776 2181/2522/3776 2182/2523/3776
f 2182/2523/3777 2181/2522/3777 2158/2499/3777
f 2182/2523/3778 2158/2499/3778 2183/2524/3778
f 2178/2519/3779 2182/2523/3779 2183/2524/3779
f 2178/2519/3780 2183/2524/3780 2184/2525/3780
f 2184/2525/3781 2185/2526/3781 2178/2519/3781
f 2184/2525/3782 2186/2527/3782 2185/2526/3782
f 2187/2528/3783 2185/2526/3783 2186/2527/3783
f 2187/2528/3784 2186/2527/3784 2188/2529/3784
f 2189/2530/3785 2187/2528/3785 2188/2529/3785
f 2189/2530/3786 2188/2529/3786 2190/2531/3786
f 2189/2530/3787 2190/2531/3787 2191/2532/3787
f 2189/2530/3788 2191/2532/3788 2192/2533/3788
f 2189/2530/3789 2192/2533/3789 2193/2534/3789
f 2194/2535/3790 2189/2530/3790 2193/2534/3790
f 2193/2534/3791 2195/2536/3791 2194/2535/3791
f 2196/2537/3792 2194/2535/3792 2195/2536/3792
f 2196/2537/3793 2195/2536/3793 2197/2538/3793
f 2198/2539/3794 2196/2537/3794 2197/2538/3794
f 2198/2539/3795 2199/2540/3795 2196/2537/3795
f 2196/2537/3796 2199/2540/3796 2200/2541/3796
f 2196/2537/3797 2200/2541/3797 2201/2542/3797
f 2196/2537/3798 2201/2542/3798 2202/2543/3798
f 2202/2543/3799 2201/2542/3799 2203/2544/3799
f 2202/2543/3800 2203/2544/3800 2187/2528/3800
f 2201/2542/3801 2175/2516/3801 2203/2544/3801
f 2201/2542/3802 2200/2541/3802 2175/2516/3802
f 2204/2545/3803 2175/2516/3803 2200/2541/3803
f 2204/2545/3804 2200/2541/3804 2205/2546/3804
f 2205/2546/3805 2200/2541/3805 2199/2540/3805
f 2205/2546/3806 2199/2540/3806 2206/2547/3806
f 2206/2547/3807 2199/2540/3807 2198/2539/3807
f 2206/2547/3808 2198/2539/3808 2207/2548/3808
f 2196/2537/3809 2202/2543/3809 2194/2535/3809
f 2193/2534/3810 2208/2549/3810 2195/2536/3810
f 2194/2535/3811 2202/2543/3811 2189/2530/3811
f 2208/2549/3812 2193/2534/3812 2192/2533/3812
f 2208/2549/3813 2192/2533/3813 2209/2550/3813
f 2210/2551/3814 2209/2550/3814 2192/2533/3814
f 2210/2551/3815 2192/2533/3815 2211/2552/3815
f 2212/2553/3816 2210/2551/3816 2211/2552/3816
f 2212/2553/3817 2211/2552/3817 2213/2554/3817
f 2214/2555/3818 2212/2553/3818 2213/2554/3818
f 2213/2554/3819 2215/2556/3819 2214/2555/3819
f 2213/2554/3820 2216/2557/3820 2215/2556/3820
f 2216/2557/3821 2217/2558/3821 2215/2556/3821
f 2216/2557/3822 2218/2559/3822 2217/2558/3822
f 2217/2558/3823 2218/2559/3823 2219/2560/3823
f 2217/2558/3824 2219/2560/3824 2220/2561/3824
f 2221/2562/3825 2220/2561/3825 2219/2560/3825
f 2222/2563/3826 2221/2562/3826 2219/2560/3826
f 2222/2563/3827 2219/2560/3827 2223/2564/3827
f 2224/2565/3828 2222/2563/3828 2223/2564/3828
f 2224/2565/3829 2223/2564/3829 2225/2566/3829
f 2225/2566/3830 2184/2525/3830 2224/2565/3830
f 2225/2566/3831 2223/2564/3831 2226/2567/3831
f 2225/2566/3832 2226/2567/3832 2190/2531/3832
f 2223/2564/3833 2218/2559/3833 2226/2567/3833
f 2218/2559/3834 2227/2568/3834 2226/2567/3834
f 2226/2567/3835 2227/2568/3835 2191/2532/3835
f 2138/2479/3836 2222/2563/3836 2224/2565/3836
f 2138/2479/3837 2224/2565/3837 2228/2569/3837
f 2224/2565/3838 2183/2524/3838 2228/2569/3838
f 2156/2497/3839 2228/2569/3839 2183/2524/3839
f 2228/2569/3840 2156/2497/3840 2139/2480/3840
f 2222/2563/3841 2137/2478/3841 2221/2562/3841
f 2137/2478/3842 2229/2570/3842 2221/2562/3842
f 2221/2562/3843 2229/2570/3843 2220/2561/3843
f 2223/2564/3844 2219/2560/3844 2218/2559/3844
f 2218/2559/3845 2216/2557/3845 2227/2568/3845
f 2216/2557/3846 2211/2552/3846 2227/2568/3846
f 2214/2555/3847 2230/2571/3847 2212/2553/3847
f 2216/2557/3848 2213/2554/3848 2211/2552/3848
f 2192/2533/3849 2227/2568/3849 2211/2552/3849
f 2192/2533/3850 2191/2532/3850 2227/2568/3850
f 2226/2567/3851 2191/2532/3851 2190/2531/3851
f 2225/2566/3852 2190/2531/3852 2188/2529/3852
f 2189/2530/3853 2202/2543/3853 2187/2528/3853
f 2225/2566/3854 2188/2529/3854 2186/2527/3854
f 2203/2544/3855 2185/2526/3855 2187/2528/3855
f 2203/2544/3856 2176/2517/3856 2185/2526/3856
f 2225/2566/3857 2186/2527/3857 2184/2525/3857
f 2224/2565/3858 2184/2525/3858 2183/2524/3858
f 2180/2521/3859 2159/2500/3859 2181/2522/3859
f 2180/2521/3860 2166/2507/3860 2159/2500/3860
f 2179/2520/3861 2182/2523/3861 2178/2519/3861
f 2178/2519/3862 2185/2526/3862 2176/2517/3862
f 2176/2517/3863 2203/2544/3863 2175/2516/3863
f 2175/2516/3864 2204/2545/3864 2173/2514/3864
f 2177/2518/3865 2174/2515/3865 2172/2513/3865
f 2170/2511/3866 2177/2518/3866 2172/2513/3866
f 2170/2511/3867 2167/2508/3867 2180/2521/3867
f 2168/2509/3868 2231/2572/3868 2165/2506/3868
f 2166/2507/3869 2180/2521/3869 2167/2508/3869
f 2159/2500/3870 2166/2507/3870 2163/2504/3870
f 2164/2505/3871 2165/2506/3871 2231/2572/3871
f 2164/2505/3872 2231/2572/3872 2232/2573/3872
f 2232/2573/3873 2233/2574/3873 2164/2505/3873
f 2232/2573/3874 2234/2575/3874 2233/2574/3874
f 2164/2505/3875 2233/2574/3875 2162/2503/3875
f 2161/2502/3876 2235/2576/3876 2153/2494/3876
f 2159/2500/3877 2163/2504/3877 2160/2501/3877
f 2158/2499/3878 2181/2522/3878 2159/2500/3878
f 2156/2497/3879 2183/2524/3879 2158/2499/3879
f 2155/2496/3880 2139/2480/3880 2156/2497/3880
f 2154/2495/3881 2157/2498/3881 2153/2494/3881
f 2153/2494/3882 2235/2576/3882 2151/2492/3882
f 2155/2496/3883 2152/2493/3883 2150/2491/3883
f 2150/2491/3884 2144/2485/3884 2155/2496/3884
f 2150/2491/3885 2146/2487/3885 2144/2485/3885
f 2140/2481/3886 2155/2496/3886 2144/2485/3886
f 2137/2478/3887 2141/2482/3887 2229/2570/3887
f 2140/2481/3888 2139/2480/3888 2155/2496/3888
f 2228/2569/3889 2139/2480/3889 2138/2479/3889
f 2222/2563/3890 2138/2479/3890 2137/2478/3890
f 2236/2577/3891 2237/2578/3891 2238/2579/3891
f 2236/2577/3892 2238/2579/3892 2239/2580/3892
f 2236/2577/3893 2239/2580/3893 2240/2581/3893
f 2236/2577/3894 2240/2581/3894 2241/2582/3894
f 2242/2583/3895 2236/2577/3895 2241/2582/3895
f 2243/2584/3896 2242/2583/3896 2241/2582/3896
f 2241/2582/3897 2244/2585/3897 2243/2584/3897
f 2244/2585/3898 2245/2586/3898 2243/2584/3898
f 2245/2586/3899 2246/2587/3899 2243/2584/3899
f 2245/2586/3900 2247/2588/3900 2246/2587/3900
f 2247/2588/3901 2248/2589/3901 2246/2587/3901
f 2246/2587/3902 2248/2589/3902 2249/2590/3902
f 2246/2587/3903 2249/2590/3903 2242/2583/3903
f 2250/2591/3904 2242/2583/3904 2249/2590/3904
f 2250/2591/3905 2249/2590/3905 2251/2592/3905
f 2252/2593/3906 2250/2591/3906 2251/2592/3906
f 2252/2593/3907 2251/2592/3907 2253/2594/3907
f 2254/2595/3908 2252/2593/3908 2253/2594/3908
f 2254/2595/3909 2253/2594/3909 2255/2596/3909
f 2256/2597/3910 2254/2595/3910 2255/2596/3910
f 2256/2597/3911 2255/2596/3911 2257/2598/3911
f 2258/2599/3912 2256/2597/3912 2257/2598/3912
f 2258/2599/3913 2257/2598/3913 2259/2600/3913
f 2260/2601/3914 2258/2599/3914 2259/2600/3914
f 2261/2602/3915 2260/2601/3915 2259/2600/3915
f 2261/2602/3916 2259/2600/3916 2262/2603/3916
f 2263/2604/3917 2261/2602/3917 2262/2603/3917
f 2264/2605/3918 2263/2604/3918 2262/2603/3918
f 2264/2605/3919 2265/2606/3919 2263/2604/3919
f 2265/2606/3920 2266/2607/3920 2263/2604/3920
f 2263/2604/3921 2266/2607/3921 2267/2608/3921
f 2263/2604/3922 2267/2608/3922 2268/2609/3922
f 2197/2610/3923 2268/2609/3923 2267/2608/3923
f 2197/2610/3924 2267/2608/3924 2198/2611/3924
f 2198/2611/3925 2267/2608/3925 2269/2612/3925
f 2198/2611/3926 2269/2612/3926 2207/2613/3926
f 2197/2610/3927 2261/2602/3927 2268/2609/3927
f 2197/2610/3928 2195/2614/3928 2261/2602/3928
f 2266/2607/3929 2269/2612/3929 2267/2608/3929
f 2266/2607/3930 2270/2615/3930 2269/2612/3930
f 2271/2616/3931 2270/2615/3931 2266/2607/3931
f 2271/2616/3932 2272/2617/3932 2270/2615/3932
f 2271/2616/3933 2273/2618/3933 2272/2617/3933
f 2271/2616/3934 2274/2619/3934 2273/2618/3934
f 2273/2618/3935 2274/2619/3935 2275/2620/3935
f 2273/2618/3936 2275/2620/3936 2276/2621/3936
f 2276/2621/3937 2275/2620/3937 2277/2622/3937
f 2276/2621/3938 2277/2622/3938 2278/2623/3938
f 2277/2622/3939 2279/2624/3939 2278/2623/3939
f 2277/2622/3940 2280/2625/3940 2279/2624/3940
f 2280/2625/3941 2281/2626/3941 2279/2624/3941
f 2280/2625/3942 2282/2627/3942 2281/2626/3942
f 2281/2626/3943 2282/2627/3943 2283/2628/3943
f 2281/2626/3944 2283/2628/3944 2284/2629/3944
f 2284/2629/3945 2283/2628/3945 2285/2630/3945
f 2284/2629/3946 2285/2630/3946 2286/2631/3946
f 2283/2628/3947 2287/2632/3947 2285/2630/3947
f 2283/2628/3948 2288/2633/3948 2287/2632/3948
f 2287/2632/3949 2288/2633/3949 2289/2634/3949
f 2287/2632/3950 2289/2634/3950 2290/2635/3950
f 2290/2635/3951 2289/2634/3951 2291/2636/3951
f 2290/2635/3952 2291/2636/3952 2292/2637/3952
f 2293/2638/3953 2292/2637/3953 2291/2636/3953
f 2293/2638/3954 2291/2636/3954 2247/2588/3954
f 2294/2639/3955 2293/2638/3955 2247/2588/3955
f 2295/2640/3956 2291/2636/3956 2289/2634/3956
f 2289/2634/3957 2296/2641/3957 2295/2640/3957
f 2295/2640/3958 2296/2641/3958 2297/2642/3958
f 2295/2640/3959 2297/2642/3959 2298/2643/3959
f 2248/2589/3960 2295/2640/3960 2298/2643/3960
f 2298/2643/3961 2297/2642/3961 2299/2644/3961
f 2298/2643/3962 2299/2644/3962 2300/2645/3962
f 2298/2643/3963 2300/2645/3963 2251/2592/3963
f 2301/2646/3964 2300/2645/3964 2299/2644/3964
f 2301/2646/3965 2299/2644/3965 2302/2647/3965
f 2303/2648/3966 2301/2646/3966 2302/2647/3966
f 2303/2648/3967 2302/2647/3967 2304/2649/3967
f 2303/2648/3968 2304/2649/3968 2265/2606/3968
f 2304/2649/3969 2271/2616/3969 2265/2606/3969
f 2275/2620/3970 2304/2649/3970 2302/2647/3970
f 2255/2596/3971 2301/2646/3971 2303/2648/3971
f 2255/2596/3972 2303/2648/3972 2264/2605/3972
f 2277/2622/3973 2302/2647/3973 2299/2644/3973
f 2300/2645/3974 2301/2646/3974 2253/2594/3974
f 2299/2644/3975 2297/2642/3975 2280/2625/3975
f 2282/2627/3976 2297/2642/3976 2296/2641/3976
f 2295/2640/3977 2248/2589/3977 2291/2636/3977
f 2289/2634/3978 2288/2633/3978 2296/2641/3978
f 2296/2641/3979 2288/2633/3979 2283/2628/3979
f 2296/2641/3980 2283/2628/3980 2282/2627/3980
f 2282/2627/3981 2280/2625/3981 2297/2642/3981
f 2299/2644/3982 2280/2625/3982 2277/2622/3982
f 2277/2622/3983 2275/2620/3983 2302/2647/3983
f 2275/2620/3984 2274/2619/3984 2304/2649/3984
f 2304/2649/3985 2274/2619/3985 2271/2616/3985
f 2265/2606/3986 2271/2616/3986 2266/2607/3986
f 2303/2648/3987 2265/2606/3987 2264/2605/3987
f 2263/2604/3988 2268/2609/3988 2261/2602/3988
f 2264/2605/3989 2262/2603/3989 2259/2600/3989
f 2195/2614/3990 2260/2601/3990 2261/2602/3990
f 2195/2614/3991 2208/2650/3991 2260/2601/3991
f 2208/2650/3992 2305/2651/3992 2260/2601/3992
f 2208/2650/3993 2209/2652/3993 2305/2651/3993
f 2305/2651/3994 2209/2652/3994 2210/2653/3994
f 2305/2651/3995 2210/2653/3995 2306/2654/3995
f 2258/2599/3996 2305/2651/3996 2306/2654/3996
f 2258/2599/3997 2306/2654/3997 2307/2655/3997
f 2258/2599/3998 2307/2655/3998 2308/2656/3998
f 2308/2656/3999 2307/2655/3999 2309/2657/3999
f 2308/2656/4000 2309/2657/4000 2310/2658/4000
f 2311/2659/4001 2308/2656/4001 2310/2658/4001
f 2311/2659/4002 2310/2658/4002 2312/2660/4002
f 2238/2579/4003 2311/2659/4003 2312/2660/4003
f 2313/2661/4004 2238/2579/4004 2312/2660/4004
f 2313/2661/4005 2312/2660/4005 2314/2662/4005
f 2315/2663/4006 2314/2662/4006 2312/2660/4006
f 2316/2664/4007 2238/2579/4007 2313/2661/4007
f 2315/2663/4008 2312/2660/4008 2310/2658/4008
f 2317/2665/4009 2315/2663/4009 2310/2658/4009
f 2311/2659/4010 2256/2597/4010 2308/2656/4010
f 2317/2665/4011 2310/2658/4011 2309/2657/4011
f 2317/2665/4012 2309/2657/4012 2318/2666/4012
f 2317/2665/4013 2318/2666/4013 2319/2667/4013
f 2319/2667/4014 2318/2666/4014 2212/2668/4014
f 2319/2667/4015 2212/2668/4015 2230/2669/4015
f 2212/2668/4016 2318/2666/4016 2306/2654/4016
f 2309/2657/4017 2306/2654/4017 2318/2666/4017
f 2309/2657/4018 2307/2655/4018 2306/2654/4018
f 2212/2668/4019 2306/2654/4019 2210/2653/4019
f 2260/2601/4020 2305/2651/4020 2258/2599/4020
f 2264/2605/4021 2259/2600/4021 2257/2598/4021
f 2258/2599/4022 2308/2656/4022 2256/2597/4022
f 2255/2596/4023 2264/2605/4023 2257/2598/4023
f 2311/2659/4024 2254/2595/4024 2256/2597/4024
f 2255/2596/4025 2253/2594/4025 2301/2646/4025
f 2252/2593/4026 2254/2595/4026 2311/2659/4026
f 2252/2593/4027 2311/2659/4027 2237/2578/4027
f 2300/2645/4028 2253/2594/4028 2251/2592/4028
f 2252/2593/4029 2236/2577/4029 2250/2591/4029
f 2298/2643/4030 2251/2592/4030 2249/2590/4030
f 2248/2589/4031 2298/2643/4031 2249/2590/4031
f 2247/2588/4032 2291/2636/4032 2248/2589/4032
f 2294/2639/4033 2247/2588/4033 2245/2586/4033
f 2294/2639/4034 2245/2586/4034 2320/2670/4034
f 2294/2639/4035 2320/2670/4035 2321/2671/4035
f 2321/2671/4036 2320/2670/4036 2322/2672/4036
f 2321/2671/4037 2322/2672/4037 2323/2673/4037
f 2244/2585/4038 2322/2672/4038 2320/2670/4038
f 2244/2585/4039 2324/2674/4039 2322/2672/4039
f 2240/2581/4040 2324/2674/4040 2244/2585/4040
f 2240/2581/4041 2325/2675/4041 2324/2674/4041
f 2244/2585/4042 2320/2670/4042 2245/2586/4042
f 2243/2584/4043 2246/2587/4043 2242/2583/4043
f 2242/2583/4044 2250/2591/4044 2236/2577/4044
f 2241/2582/4045 2240/2581/4045 2244/2585/4045
f 2325/2675/4046 2240/2581/4046 2239/2580/4046
f 2325/2675/4047 2239/2580/4047 2316/2664/4047
f 2316/2664/4048 2239/2580/4048 2238/2579/4048
f 2238/2579/4049 2237/2578/4049 2311/2659/4049
f 2252/2593/4050 2237/2578/4050 2236/2577/4050
f 2234/2676/4051 2232/2677/4051 2326/2678/4051
f 2234/2676/4052 2326/2678/4052 2327/2679/4052
f 2326/2678/4053 2328/2680/4053 2327/2679/4053
f 2326/2678/4054 2329/2681/4054 2328/2680/4054
f 2329/2681/4055 2330/2682/4055 2328/2680/4055
f 2329/2681/4056 2331/2683/4056 2330/2682/4056
f 2331/2683/4057 2332/2684/4057 2330/2682/4057
f 2331/2683/4058 2333/2685/4058 2332/2684/4058
f 2333/2685/4059 2334/2686/4059 2332/2684/4059
f 2333/2685/4060 2335/2687/4060 2334/2686/4060
f 2336/2688/4061 2334/2686/4061 2335/2687/4061
f 2336/2688/4062 2335/2687/4062 2337/2689/4062
f 2336/2688/4063 2337/2689/4063 2338/2690/4063
f 2339/2691/4064 2336/2688/4064 2338/2690/4064
f 2339/2691/4065 2338/2690/4065 2340/2692/4065
f 2339/2691/580 2340/2692/580 2341/2693/580
f 2341/2693/4066 2342/2694/4066 2339/2691/4066
f 2339/2691/4067 2342/2694/4067 2343/2695/4067
f 2343/2695/4068 2344/2696/4068 2339/2691/4068
f 2345/2697/4069 2339/2691/4069 2344/2696/4069
f 2345/2697/4070 2344/2696/4070 2346/2698/4070
f 2347/2699/4071 2345/2697/4071 2346/2698/4071
f 2345/2697/4072 2347/2699/4072 2348/2700/4072
f 2345/2697/4073 2348/2700/4073 2349/2701/4073
f 2345/2697/4074 2349/2701/4074 2336/2688/4074
f 2348/2700/4075 2347/2699/4075 2350/2702/4075
f 2342/2694/4076 2341/2693/4076 2351/2703/4076
f 2341/2693/4077 2352/2704/4077 2351/2703/4077
f 2341/2693/4078 2353/2705/4078 2352/2704/4078
f 2354/2706/4079 2352/2704/4079 2353/2705/4079
f 2354/2706/4080 2353/2705/4080 2355/2707/4080
f 2356/2708/4081 2355/2707/4081 2353/2705/4081
f 2357/2709/4082 2356/2708/4082 2353/2705/4082
f 2353/2705/4083 2340/2692/4083 2357/2709/4083
f 2358/2710/4084 2357/2709/4084 2340/2692/4084
f 2358/2710/4085 2340/2692/4085 2359/2711/4085
f 2360/2712/4086 2358/2710/4086 2359/2711/4086
f 2337/2689/4087 2360/2712/4087 2359/2711/4087
f 2337/2689/4088 2361/2713/4088 2360/2712/4088
f 2361/2713/4089 2362/2714/4089 2360/2712/4089
f 2363/2715/4090 2360/2712/4090 2362/2714/4090
f 2363/2715/4091 2362/2714/4091 2364/2716/4091
f 2365/2717/4092 2363/2715/4092 2364/2716/4092
f 2364/2716/4093 2366/2718/4093 2365/2717/4093
f 2366/2718/4094 2367/2719/4094 2365/2717/4094
f 2365/2717/4095 2367/2719/4095 2368/2720/4095
f 2365/2717/4096 2368/2720/4096 2369/2721/4096
f 2369/2721/4097 2368/2720/4097 2370/2722/4097
f 2369/2721/4098 2370/2722/4098 2371/2723/4098
f 2369/2721/4099 2371/2723/4099 2358/2710/4099
f 2369/2721/4100 2358/2710/4100 2363/2715/4100
f 2372/2724/4101 2358/2710/4101 2371/2723/4101
f 2372/2724/4102 2371/2723/4102 2370/2722/4102
f 2372/2724/4103 2370/2722/4103 2373/2725/4103
f 2373/2725/4104 2356/2708/4104 2372/2724/4104
f 2373/2725/4105 2374/2726/4105 2356/2708/4105
f 2374/2726/4106 2375/2727/4106 2356/2708/4106
f 2376/2728/4107 2356/2708/4107 2375/2727/4107
f 2375/2727/4108 2374/2726/4108 2377/2729/4108
f 2374/2726/4109 2378/2730/4109 2377/2729/4109
f 2379/2731/4110 2378/2730/4110 2374/2726/4110
f 2374/2726/4111 2380/2732/4111 2379/2731/4111
f 2381/2733/4112 2379/2731/4112 2380/2732/4112
f 2381/2733/4113 2380/2732/4113 2382/2734/4113
f 2382/2734/4114 2383/2735/4114 2381/2733/4114
f 2383/2735/4115 2384/2736/4115 2381/2733/4115
f 2385/2737/4116 2381/2733/4116 2384/2736/4116
f 2386/2738/4117 2381/2733/4117 2385/2737/4117
f 2384/2736/4118 2383/2735/4118 2387/2739/4118
f 2387/2739/4119 2383/2735/4119 2388/2740/4119
f 2389/2741/4120 2388/2740/4120 2383/2735/4120
f 2389/2741/4121 2383/2735/4121 2390/2742/4121
f 2389/2741/4122 2390/2742/4122 2391/2743/4122
f 2391/2743/4123 2390/2742/4123 2392/2744/4123
f 2391/2743/4124 2392/2744/4124 2393/2745/4124
f 2393/2745/4125 2392/2744/4125 2394/2746/4125
f 2393/2745/4126 2394/2746/4126 2395/2747/4126
f 2396/2748/4127 2395/2747/4127 2394/2746/4127
f 2396/2748/4128 2394/2746/4128 2397/2749/4128
f 2396/2748/4129 2397/2749/4129 2398/2750/4129
f 2398/2750/4130 2399/2751/4130 2396/2748/4130
f 2400/2752/4131 2396/2748/4131 2399/2751/4131
f 2400/2752/4132 2399/2751/4132 2401/2753/4132
f 2401/2753/4133 2399/2751/4133 2402/2754/4133
f 2401/2753/4134 2402/2754/4134 2403/2755/4134
f 2402/2754/4135 2207/2756/4135 2403/2755/4135
f 2402/2754/4136 2206/2757/4136 2207/2756/4136
f 2404/2758/4137 2206/2757/4137 2402/2754/4137
f 2402/2754/4138 2405/2759/4138 2404/2758/4138
f 2404/2758/4139 2405/2759/4139 2406/2760/4139
f 2404/2758/4140 2406/2760/4140 2407/2761/4140
f 2205/2762/4141 2404/2758/4141 2407/2761/4141
f 2205/2762/4142 2407/2761/4142 2204/2763/4142
f 2173/2764/4143 2204/2763/4143 2407/2761/4143
f 2173/2764/4144 2407/2761/4144 2408/2765/4144
f 2171/2766/4145 2173/2764/4145 2408/2765/4145
f 2171/2766/4146 2408/2765/4146 2409/2767/4146
f 2169/2768/4147 2171/2766/4147 2409/2767/4147
f 2169/2768/4148 2409/2767/4148 2410/2769/4148
f 2169/2768/4149 2410/2769/4149 2411/2770/4149
f 2169/2768/4150 2411/2770/4150 2168/2771/4150
f 2412/2772/4151 2168/2771/4151 2411/2770/4151
f 2413/2773/4152 2412/2772/4152 2411/2770/4152
f 2413/2773/4153 2411/2770/4153 2414/2774/4153
f 2413/2773/4154 2414/2774/4154 2362/2714/4154
f 2413/2773/4155 2362/2714/4155 2415/2775/4155
f 2415/2775/4156 2329/2681/4156 2413/2773/4156
f 2411/2770/4157 2416/2776/4157 2414/2774/4157
f 2414/2774/4158 2416/2776/4158 2364/2716/4158
f 2413/2773/4159 2326/2678/4159 2412/2772/4159
f 2412/2772/4160 2231/2777/4160 2168/2771/4160
f 2412/2772/4161 2232/2677/4161 2231/2777/4161
f 2411/2770/4162 2410/2769/4162 2416/2776/4162
f 2416/2776/4163 2410/2769/4163 2409/2767/4163
f 2416/2776/4164 2409/2767/4164 2366/2718/4164
f 2409/2767/4165 2417/2778/4165 2366/2718/4165
f 2409/2767/4166 2408/2765/4166 2417/2778/4166
f 2408/2765/4167 2406/2760/4167 2417/2778/4167
f 2417/2778/4168 2406/2760/4168 2418/2779/4168
f 2417/2778/4169 2418/2779/4169 2367/2719/4169
f 2367/2719/4170 2418/2779/4170 2419/2780/4170
f 2398/2750/4171 2419/2780/4171 2418/2779/4171
f 2405/2759/4172 2398/2750/4172 2418/2779/4172
f 2408/2765/4173 2407/2761/4173 2406/2760/4173
f 2405/2759/4174 2418/2779/4174 2406/2760/4174
f 2404/2758/4175 2205/2762/4175 2206/2757/4175
f 2402/2754/4176 2399/2751/4176 2405/2759/4176
f 2398/2750/4177 2405/2759/4177 2399/2751/4177
f 2398/2750/4178 2397/2749/4178 2419/2780/4178
f 2397/2749/4179 2420/2781/4179 2419/2780/4179
f 2368/2720/4180 2419/2780/4180 2420/2781/4180
f 2397/2749/4181 2421/2782/4181 2420/2781/4181
f 2420/2781/4182 2421/2782/4182 2382/2734/4182
f 2392/2744/4183 2382/2734/4183 2421/2782/4183
f 2394/2746/4184 2421/2782/4184 2397/2749/4184
f 2396/2748/4185 2400/2752/4185 2395/2747/4185
f 2394/2746/4186 2392/2744/4186 2421/2782/4186
f 2392/2744/4187 2390/2742/4187 2382/2734/4187
f 2388/2740/4188 2389/2741/4188 2422/2783/4188
f 2382/2734/4189 2390/2742/4189 2383/2735/4189
f 2420/2781/4190 2382/2734/4190 2380/2732/4190
f 2420/2781/4191 2380/2732/4191 2373/2725/4191
f 2381/2733/4192 2386/2738/4192 2379/2731/4192
f 2379/2731/4193 2386/2738/4193 2423/2784/4193
f 2378/2730/4194 2379/2731/4194 2423/2784/4194
f 2374/2726/4195 2373/2725/4195 2380/2732/4195
f 2420/2781/4196 2373/2725/4196 2370/2722/4196
f 2368/2720/4197 2420/2781/4197 2370/2722/4197
f 2367/2719/4198 2419/2780/4198 2368/2720/4198
f 2366/2718/4199 2417/2778/4199 2367/2719/4199
f 2364/2716/4200 2416/2776/4200 2366/2718/4200
f 2365/2717/4201 2369/2721/4201 2363/2715/4201
f 2414/2774/4202 2364/2716/4202 2362/2714/4202
f 2361/2713/4203 2415/2775/4203 2362/2714/4203
f 2361/2713/4204 2331/2683/4204 2415/2775/4204
f 2333/2685/4205 2361/2713/4205 2337/2689/4205
f 2360/2712/4206 2363/2715/4206 2358/2710/4206
f 2372/2724/4207 2357/2709/4207 2358/2710/4207
f 2357/2709/4208 2372/2724/4208 2356/2708/4208
f 2355/2707/4209 2356/2708/4209 2376/2728/4209
f 2353/2705/4210 2341/2693/4210 2340/2692/4210
f 2359/2711/4211 2340/2692/4211 2338/2690/4211
f 2339/2691/4212 2345/2697/4212 2336/2688/4212
f 2359/2711/4213 2338/2690/4213 2337/2689/4213
f 2336/2688/4214 2349/2701/4214 2334/2686/4214
f 2333/2685/4215 2337/2689/4215 2335/2687/4215
f 2361/2713/4216 2333/2685/4216 2331/2683/4216
f 2415/2775/4217 2331/2683/4217 2329/2681/4217
f 2413/2773/4218 2329/2681/4218 2326/2678/4218
f 2412/2772/4219 2326/2678/4219 2232/2677/4219
f 2424/2785/4220 2425/2786/4220 2426/2787/4220
f 2424/2785/4221 2426/2787/4221 2427/2788/4221
f 2428/2789/4222 2424/2785/4222 2427/2788/4222
f 2429/2790/4223 2428/2789/4223 2427/2788/4223
f 2429/2790/4224 2430/2791/4224 2428/2789/4224
f 2430/2791/4225 2431/2792/4225 2428/2789/4225
f 2432/2793/4226 2428/2789/4226 2431/2792/4226
f 2432/2793/4227 2433/2794/4227 2428/2789/4227
f 2434/2795/4228 2428/2789/4228 2433/2794/4228
f 2434/2795/4229 2433/2794/4229 2435/2796/4229
f 2436/2797/4230 2434/2795/4230 2435/2796/4230
f 2434/2795/4231 2436/2797/4231 2437/2798/4231
f 2437/2798/4232 2424/2785/4232 2434/2795/4232
f 2437/2798/4233 2438/2799/4233 2424/2785/4233
f 2437/2798/4234 2439/2800/4234 2438/2799/4234
f 2438/2799/4235 2439/2800/4235 2440/2801/4235
f 2438/2799/4236 2440/2801/4236 2441/2802/4236
f 2438/2799/4237 2441/2802/4237 2425/2786/4237
f 2441/2802/4238 2442/2803/4238 2425/2786/4238
f 2425/2786/4239 2442/2803/4239 2443/2804/4239
f 2443/2804/4240 2442/2803/4240 2444/2805/4240
f 2443/2804/4241 2444/2805/4241 2445/2806/4241
f 2446/2807/4242 2443/2804/4242 2445/2806/4242
f 2447/2808/4243 2446/2807/4243 2445/2806/4243
f 2447/2808/4244 2445/2806/4244 2448/2809/4244
f 2448/2809/4245 2449/2810/4245 2447/2808/4245
f 2449/2810/4246 2450/2811/4246 2447/2808/4246
f 2449/2810/4247 2451/2812/4247 2450/2811/4247
f 2451/2812/4248 2452/2813/4248 2450/2811/4248
f 2452/2813/4249 2453/2814/4249 2450/2811/4249
f 2450/2811/4250 2453/2814/4250 2446/2807/4250
f 2453/2814/4251 2454/2815/4251 2446/2807/4251
f 2453/2814/4252 2455/2816/4252 2454/2815/4252
f 2456/2817/4253 2454/2815/4253 2455/2816/4253
f 2457/2818/4254 2456/2817/4254 2455/2816/4254
f 2457/2818/4255 2455/2816/4255 2458/2819/4255
f 2459/2820/4256 2457/2818/4256 2458/2819/4256
f 2459/2820/4257 2458/2819/4257 2460/2821/4257
f 2461/2822/4258 2459/2820/4258 2460/2821/4258
f 2461/2822/4259 2460/2821/4259 2462/2823/4259
f 2462/2823/4260 2460/2821/4260 2463/2824/4260
f 2462/2823/4261 2463/2824/4261 2464/2825/4261
f 2465/2826/4262 2464/2825/4262 2463/2824/4262
f 2463/2824/4263 2452/2813/4263 2465/2826/4263
f 2452/2813/4264 2466/2827/4264 2465/2826/4264
f 2465/2826/4265 2466/2827/4265 2467/2828/4265
f 2465/2826/4266 2467/2828/4266 2468/2829/4266
f 2466/2827/4267 2286/2830/4267 2467/2828/4267
f 2466/2827/4268 2284/2831/4268 2286/2830/4268
f 2469/2832/4269 2284/2831/4269 2466/2827/4269
f 2469/2832/4270 2281/2833/4270 2284/2831/4270
f 2469/2832/4271 2279/2834/4271 2281/2833/4271
f 2469/2832/4272 2451/2812/4272 2279/2834/4272
f 2278/2835/4273 2279/2834/4273 2451/2812/4273
f 2452/2813/4274 2469/2832/4274 2466/2827/4274
f 2463/2824/4275 2470/2836/4275 2452/2813/4275
f 2465/2826/4276 2468/2829/4276 2464/2825/4276
f 2460/2821/4277 2470/2836/4277 2463/2824/4277
f 2471/2837/4278 2459/2820/4278 2461/2822/4278
f 2471/2837/4279 2472/2838/4279 2459/2820/4279
f 2473/2839/4280 2459/2820/4280 2472/2838/4280
f 2474/2840/4281 2473/2839/4281 2472/2838/4281
f 2475/2841/4282 2474/2840/4282 2472/2838/4282
f 2475/2841/4283 2476/2842/4283 2474/2840/4283
f 2477/2843/4284 2474/2840/4284 2476/2842/4284
f 2478/2844/4285 2474/2840/4285 2477/2843/4285
f 2474/2840/4286 2478/2844/4286 2479/2845/4286
f 2480/2846/4287 2479/2845/4287 2478/2844/4287
f 2481/2847/4288 2479/2845/4288 2480/2846/4288
f 2479/2845/4289 2481/2847/4289 2482/2848/4289
f 2479/2845/4290 2482/2848/4290 2483/2849/4290
f 2479/2845/4291 2483/2849/4291 2473/2839/4291
f 2473/2839/4292 2483/2849/4292 2456/2817/4292
f 2483/2849/4293 2484/2850/4293 2456/2817/4293
f 2483/2849/4294 2429/2790/4294 2484/2850/4294
f 2426/2787/4295 2484/2850/4295 2429/2790/4295
f 2484/2850/4296 2426/2787/4296 2443/2804/4296
f 2484/2850/4297 2443/2804/4297 2454/2815/4297
f 2483/2849/4298 2482/2848/4298 2430/2791/4298
f 2430/2791/4299 2482/2848/4299 2485/2851/4299
f 2430/2791/4300 2485/2851/4300 2486/2852/4300
f 2487/2853/4301 2485/2851/4301 2482/2848/4301
f 2487/2853/4302 2482/2848/4302 2481/2847/4302
f 2474/2840/4303 2479/2845/4303 2473/2839/4303
f 2475/2841/4304 2472/2838/4304 2471/2837/4304
f 2460/2821/4305 2458/2819/4305 2470/2836/4305
f 2473/2839/4306 2457/2818/4306 2459/2820/4306
f 2455/2816/4307 2470/2836/4307 2458/2819/4307
f 2473/2839/4308 2456/2817/4308 2457/2818/4308
f 2456/2817/4309 2484/2850/4309 2454/2815/4309
f 2455/2816/4310 2453/2814/4310 2470/2836/4310
f 2452/2813/4311 2470/2836/4311 2453/2814/4311
f 2451/2812/4312 2469/2832/4312 2452/2813/4312
f 2278/2835/4313 2451/2812/4313 2449/2810/4313
f 2488/2854/4314 2278/2835/4314 2449/2810/4314
f 2488/2854/4315 2276/2855/4315 2278/2835/4315
f 2489/2856/4316 2276/2855/4316 2488/2854/4316
f 2490/2857/4317 2489/2856/4317 2488/2854/4317
f 2490/2857/4318 2488/2854/4318 2448/2809/4318
f 2491/2858/4319 2489/2856/4319 2490/2857/4319
f 2444/2805/4320 2491/2858/4320 2490/2857/4320
f 2444/2805/4321 2492/2859/4321 2491/2858/4321
f 2492/2859/4322 2493/2860/4322 2491/2858/4322
f 2494/2861/4323 2491/2858/4323 2493/2860/4323
f 2494/2861/4324 2493/2860/4324 2495/2862/4324
f 2494/2861/4325 2495/2862/4325 2496/2863/4325
f 2269/2864/4326 2494/2861/4326 2496/2863/4326
f 2403/2865/4327 2269/2864/4327 2496/2863/4327
f 2403/2865/4328 2207/2866/4328 2269/2864/4328
f 2269/2864/4329 2270/2867/4329 2494/2861/4329
f 2497/2868/4330 2494/2861/4330 2270/2867/4330
f 2497/2868/4331 2270/2867/4331 2272/2869/4331
f 2497/2868/4332 2272/2869/4332 2273/2870/4332
f 2497/2868/4333 2273/2870/4333 2489/2856/4333
f 2495/2862/4334 2403/2865/4334 2496/2863/4334
f 2495/2862/4335 2401/2871/4335 2403/2865/4335
f 2498/2872/4336 2401/2871/4336 2495/2862/4336
f 2498/2872/4337 2400/2873/4337 2401/2871/4337
f 2499/2874/4338 2400/2873/4338 2498/2872/4338
f 2500/2875/4339 2499/2874/4339 2498/2872/4339
f 2493/2860/4340 2500/2875/4340 2498/2872/4340
f 2500/2875/4341 2501/2876/4341 2499/2874/4341
f 2501/2876/4342 2502/2877/4342 2499/2874/4342
f 2502/2877/4343 2395/2878/4343 2499/2874/4343
f 2502/2877/4344 2393/2879/4344 2395/2878/4344
f 2393/2879/4345 2502/2877/4345 2503/2880/4345
f 2393/2879/4346 2503/2880/4346 2391/2881/4346
f 2504/2882/4347 2391/2881/4347 2503/2880/4347
f 2503/2880/4348 2505/2883/4348 2504/2882/4348
f 2505/2883/4349 2506/2884/4349 2504/2882/4349
f 2507/2885/4350 2504/2882/4350 2506/2884/4350
f 2504/2882/4351 2507/2885/4351 2508/2886/4351
f 2504/2882/4352 2508/2886/4352 2389/2887/4352
f 2422/2888/4353 2389/2887/4353 2508/2886/4353
f 2505/2883/4354 2509/2889/4354 2506/2884/4354
f 2509/2889/4355 2505/2883/4355 2510/2890/4355
f 2437/2798/4356 2510/2890/4356 2505/2883/4356
f 2437/2798/4357 2511/2891/4357 2510/2890/4357
f 2503/2880/4358 2439/2800/4358 2505/2883/4358
f 2504/2882/4359 2389/2887/4359 2391/2881/4359
f 2439/2800/4360 2503/2880/4360 2502/2877/4360
f 2501/2876/4361 2440/2801/4361 2502/2877/4361
f 2512/2892/4362 2440/2801/4362 2501/2876/4362
f 2501/2876/4363 2492/2859/4363 2512/2892/4363
f 2442/2803/4364 2512/2892/4364 2492/2859/4364
f 2501/2876/4365 2500/2875/4365 2492/2859/4365
f 2499/2874/4366 2395/2878/4366 2400/2873/4366
f 2493/2860/4367 2498/2872/4367 2495/2862/4367
f 2494/2861/4368 2497/2868/4368 2491/2858/4368
f 2492/2859/4369 2500/2875/4369 2493/2860/4369
f 2491/2858/4370 2497/2868/4370 2489/2856/4370
f 2489/2856/4371 2273/2870/4371 2276/2855/4371
f 2448/2809/4372 2488/2854/4372 2449/2810/4372
f 2445/2806/4373 2490/2857/4373 2448/2809/4373
f 2450/2811/4374 2446/2807/4374 2447/2808/4374
f 2446/2807/4375 2454/2815/4375 2443/2804/4375
f 2445/2806/4376 2444/2805/4376 2490/2857/4376
f 2442/2803/4377 2492/2859/4377 2444/2805/4377
f 2441/2802/4378 2512/2892/4378 2442/2803/4378
f 2512/2892/4379 2441/2802/4379 2440/2801/4379
f 2439/2800/4380 2502/2877/4380 2440/2801/4380
f 2437/2798/4381 2505/2883/4381 2439/2800/4381
f 2437/2798/4382 2436/2797/4382 2511/2891/4382
f 2430/2791/4383 2486/2852/4383 2431/2792/4383
f 2483/2849/4384 2430/2791/4384 2429/2790/4384
f 2428/2789/4385 2434/2795/4385 2424/2785/4385
f 2426/2787/4386 2429/2790/4386 2427/2788/4386
f 2425/2786/4387 2443/2804/4387 2426/2787/4387
f 2438/2799/4388 2425/2786/4388 2424/2785/4388
usemtl material_0.237
f 2513/2893/4389 2514/2894/4389 2515/2895/4389
f 2515/2895/4390 2516/2896/4390 2513/2893/4390
f 2513/2893/4391 2516/2896/4391 2517/2897/4391
f 2518/2898/4392 2513/2893/4392 2517/2897/4392
f 2518/2898/4393 2517/2897/4393 2519/2899/4393
f 2519/2899/4394 2517/2897/4394 2520/2900/4394
f 2521/2901/4395 2519/2899/4395 2520/2900/4395
f 2522/2902/4396 2521/2901/4396 2520/2900/4396
f 2520/2900/4397 2516/2896/4397 2522/2902/4397
f 2523/2903/4398 2522/2902/4398 2516/2896/4398
f 2524/2904/4399 2522/2902/4399 2523/2903/4399
f 2524/2904/4400 2523/2903/4400 2525/2905/4400
f 2525/2905/4401 2526/2906/4401 2524/2904/4401
f 2524/2904/4402 2526/2906/4402 2527/2907/4402
f 2528/2908/4403 2524/2904/4403 2527/2907/4403
f 2528/2908/4404 2527/2907/4404 2529/2909/4404
f 2529/2909/4405 2530/2910/4405 2528/2908/4405
f 2528/2908/4406 2530/2910/4406 2521/2901/4406
f 2531/2911/4407 2521/2901/4407 2530/2910/4407
f 2530/2910/4408 2532/2912/4408 2531/2911/4408
f 2533/2913/4409 2532/2912/4409 2530/2910/4409
f 2533/2913/4410 2534/2914/4410 2532/2912/4410
f 2532/2912/4411 2534/2914/4411 2535/2915/4411
f 2534/2914/4412 2536/2916/4412 2535/2915/4412
f 2535/2915/4413 2536/2916/4413 2537/2917/4413
f 2536/2916/4414 2538/2918/4414 2537/2917/4414
f 2537/2917/4415 2538/2918/4415 2539/2919/4415
f 2538/2918/4416 2540/2920/4416 2539/2919/4416
f 2541/2921/4417 2540/2920/4417 2538/2918/4417
f 2538/2918/4418 2542/2922/4418 2541/2921/4418
f 2543/2923/4419 2542/2922/4419 2538/2918/4419
f 2538/2918/4420 2544/2924/4420 2543/2923/4420
f 2544/2924/4421 2545/2925/4421 2543/2923/4421
f 2546/2926/4422 2545/2925/4422 2544/2924/4422
f 2544/2924/4423 2547/2927/4423 2546/2926/4423
f 2547/2927/4424 2548/2928/4424 2546/2926/4424
f 2549/2929/4425 2548/2928/4425 2547/2927/4425
f 2547/2927/4426 2550/2930/4426 2549/2929/4426
f 2550/2930/4427 2551/2931/4427 2549/2929/4427
f 2549/2929/4428 2551/2931/4428 2552/2932/4428
f 2553/2933/4429 2549/2929/4429 2552/2932/4429
f 2552/2932/4430 2554/2934/4430 2553/2933/4430
f 2555/2935/4431 2553/2933/4431 2554/2934/4431
f 2555/2935/4432 2554/2934/4432 2556/2936/4432
f 2555/2935/4433 2556/2936/4433 2557/2937/4433
f 2557/2937/4434 2558/2938/4434 2555/2935/4434
f 2555/2935/4435 2558/2938/4435 2559/2939/4435
f 2558/2938/4436 2560/2940/4436 2559/2939/4436
f 2559/2939/4437 2560/2940/4437 2561/2941/4437
f 2561/2941/4438 2553/2933/4438 2559/2939/4438
f 2548/2928/4439 2553/2933/4439 2561/2941/4439
f 2561/2941/4440 2545/2925/4440 2548/2928/4440
f 2561/2941/4441 2562/2942/4441 2545/2925/4441
f 2562/2942/4442 2542/2922/4442 2545/2925/4442
f 2560/2940/4443 2562/2942/4443 2561/2941/4443
f 2557/2937/4444 2556/2936/4444 2563/2943/4444
f 2556/2936/4445 2564/2944/4445 2563/2943/4445
f 2565/2945/4446 2564/2944/4446 2556/2936/4446
f 2566/2946/4447 2565/2945/4447 2556/2936/4447
f 2567/2947/4448 2565/2945/4448 2566/2946/4448
f 2567/2947/4448 2566/2946/4448 2568/2948/4448
f 2568/2948/4449 2566/2946/4449 2569/2949/4449
f 2568/2948/4450 2569/2949/4450 2570/2950/4450
f 2570/2950/4451 2569/2949/4451 2571/2951/4451
f 2572/2952/4452 2570/2950/4452 2571/2951/4452
f 2572/2952/4453 2571/2951/4453 2573/2953/4453
f 2574/2954/4454 2572/2952/4454 2573/2953/4454
f 2575/2955/4455 2574/2954/4455 2573/2953/4455
f 2575/2955/4456 2573/2953/4456 2551/2931/4456
f 2551/2931/4457 2573/2953/4457 2576/2956/4457
f 2577/2957/4458 2574/2954/4458 2575/2955/4458
f 2575/2955/4459 2578/2958/4459 2577/2957/4459
f 2577/2957/4460 2578/2958/4460 2526/2906/4460
f 2578/2958/4461 2575/2955/4461 2550/2930/4461
f 2550/2930/4462 2579/2959/4462 2578/2958/4462
f 2578/2958/4463 2579/2959/4463 2580/2960/4463
f 2527/2907/4464 2578/2958/4464 2580/2960/4464
f 2581/2961/4465 2580/2960/4465 2579/2959/4465
f 2581/2961/4466 2579/2959/4466 2582/2962/4466
f 2581/2961/4467 2582/2962/4467 2533/2913/4467
f 2581/2961/4468 2533/2913/4468 2529/2909/4468
f 2582/2962/4469 2579/2959/4469 2547/2927/4469
f 2529/2909/4470 2580/2960/4470 2581/2961/4470
f 2577/2957/4471 2583/2963/4471 2574/2954/4471
f 2574/2954/4472 2583/2963/4472 2584/2964/4472
f 2584/2964/4473 2585/2965/4473 2574/2954/4473
f 2586/2966/4474 2585/2965/4474 2584/2964/4474
f 2587/2967/4475 2586/2966/4475 2584/2964/4475
f 2584/2964/4476 2588/2968/4476 2587/2967/4476
f 2587/2967/4477 2588/2968/4477 2589/2969/4477
f 2587/2967/4478 2589/2969/4478 2590/2970/4478
f 2590/2970/4479 2589/2969/4479 2591/2971/4479
f 2591/2971/4480 2592/2972/4480 2590/2970/4480
f 2593/2973/4481 2590/2970/4481 2592/2972/4481
f 2586/2966/4482 2590/2970/4482 2593/2973/4482
f 2594/2974/4483 2592/2972/4483 2591/2971/4483
f 2591/2971/4484 2595/2975/4484 2594/2974/4484
f 2596/2976/4485 2595/2975/4485 2591/2971/4485
f 2589/2969/4486 2596/2976/4486 2591/2971/4486
f 2597/2977/4487 2596/2976/4487 2589/2969/4487
f 2598/2978/4488 2597/2977/4488 2589/2969/4488
f 2599/2979/4489 2597/2977/4489 2598/2978/4489
f 2598/2978/4490 2600/2980/4490 2599/2979/4490
f 2601/2981/4491 2600/2980/4491 2598/2978/4491
f 2601/2981/4492 2598/2978/4492 2602/2982/4492
f 2602/2982/4493 2603/2983/4493 2601/2981/4493
f 2604/2984/4494 2601/2981/4494 2603/2983/4494
f 2603/2983/4495 2605/2985/4495 2604/2984/4495
f 2515/2895/4496 2605/2985/4496 2603/2983/4496
f 2603/2983/4497 2523/2903/4497 2515/2895/4497
f 2523/2903/4498 2603/2983/4498 2602/2982/4498
f 2602/2982/4499 2598/2978/4499 2588/2968/4499
f 2588/2968/4500 2583/2963/4500 2602/2982/4500
f 2602/2982/4501 2583/2963/4501 2525/2905/4501
f 2600/2980/4502 2601/2981/4502 2604/2984/4502
f 2589/2969/4503 2588/2968/4503 2598/2978/4503
f 2590/2970/4504 2586/2966/4504 2587/2967/4504
f 2586/2966/4505 2593/2973/4505 2585/2965/4505
f 2585/2965/4506 2593/2973/4506 2606/2986/4506
f 2606/2986/4507 2607/2987/4507 2585/2965/4507
f 2585/2965/4508 2607/2987/4508 2572/2952/4508
f 2583/2963/4509 2588/2968/4509 2584/2964/4509
f 2577/2957/4510 2525/2905/4510 2583/2963/4510
f 2585/2965/4511 2572/2952/4511 2574/2954/4511
f 2573/2953/4512 2571/2951/4512 2576/2956/4512
f 2576/2956/4513 2571/2951/4513 2608/2988/4513
f 2552/2932/4514 2576/2956/4514 2608/2988/4514
f 2607/2987/4515 2570/2950/4515 2572/2952/4515
f 2608/2988/4516 2571/2951/4516 2569/2949/4516
f 2566/2946/4517 2608/2988/4517 2569/2949/4517
f 2554/2934/4518 2608/2988/4518 2566/2946/4518
f 2556/2936/4519 2554/2934/4519 2566/2946/4519
f 2559/2939/4520 2553/2933/4520 2555/2935/4520
f 2608/2988/4521 2554/2934/4521 2552/2932/4521
f 2551/2931/4522 2576/2956/4522 2552/2932/4522
f 2550/2930/4523 2575/2955/4523 2551/2931/4523
f 2579/2959/4524 2550/2930/4524 2547/2927/4524
f 2548/2928/4525 2549/2929/4525 2553/2933/4525
f 2582/2962/4526 2547/2927/4526 2544/2924/4526
f 2536/2916/4527 2582/2962/4527 2544/2924/4527
f 2548/2928/4528 2545/2925/4528 2546/2926/4528
f 2545/2925/4529 2542/2922/4529 2543/2923/4529
f 2536/2916/4530 2544/2924/4530 2538/2918/4530
f 2534/2914/4531 2582/2962/4531 2536/2916/4531
f 2533/2913/4532 2582/2962/4532 2534/2914/4532
f 2609/2989/4533 2521/2901/4533 2531/2911/4533
f 2529/2909/4534 2533/2913/4534 2530/2910/4534
f 2529/2909/4535 2527/2907/4535 2580/2960/4535
f 2526/2906/4536 2578/2958/4536 2527/2907/4536
f 2526/2906/4537 2525/2905/4537 2577/2957/4537
f 2525/2905/4538 2523/2903/4538 2602/2982/4538
f 2522/2902/4539 2524/2904/4539 2528/2908/4539
f 2528/2908/4540 2521/2901/4540 2522/2902/4540
f 2609/2989/4541 2519/2899/4541 2521/2901/4541
f 2610/2990/4542 2513/2893/4542 2518/2898/4542
f 2611/2991/4543 2513/2893/4543 2610/2990/4543
f 2517/2897/4544 2516/2896/4544 2520/2900/4544
f 2515/2895/4545 2523/2903/4545 2516/2896/4545
f 2515/2895/4546 2514/2894/4546 2605/2985/4546
f 2514/2894/4547 2513/2893/4547 2611/2991/4547
f 2612/2992/4548 2613/2993/4548 2614/2994/4548
f 2614/2994/4549 2615/2995/4549 2612/2992/4549
f 2612/2992/4550 2615/2995/4550 2616/2996/4550
f 2617/2997/4551 2612/2992/4551 2616/2996/4551
f 2616/2996/4552 2618/2998/4552 2617/2997/4552
f 2617/2997/4553 2618/2998/4553 2619/2999/4553
f 2619/2999/4554 2620/3000/4554 2617/2997/4554
f 2621/3001/4555 2617/2997/4555 2620/3000/4555
f 2621/3001/4556 2620/3000/4556 2622/3002/4556
f 2622/3002/4557 2623/3003/4557 2621/3001/4557
f 2621/3001/4558 2623/3003/4558 2624/3004/4558
f 2625/3005/4559 2621/3001/4559 2624/3004/4559
f 2626/3006/4560 2625/3005/4560 2624/3004/4560
f 2626/3006/4561 2624/3004/4561 2627/3007/4561
f 2626/3006/4562 2627/3007/4562 2628/3008/4562
f 2628/3008/4563 2629/3009/4563 2626/3006/4563
f 2630/3010/4564 2629/3009/4564 2628/3008/4564
f 2630/3010/4565 2628/3008/4565 2631/3011/4565
f 2630/3010/4566 2631/3011/4566 2632/3012/4566
f 2632/3012/4567 2631/3011/4567 2633/3013/4567
f 2632/3012/4568 2633/3013/4568 2634/3014/4568
f 2634/3014/4569 2635/3015/4569 2632/3012/4569
f 2629/3009/4570 2632/3012/4570 2635/3015/4570
f 2629/3009/4571 2635/3015/4571 2625/3005/4571
f 2625/3005/4572 2635/3015/4572 2614/2994/4572
f 2635/3015/4573 2636/3016/4573 2614/2994/4573
f 2614/2994/4574 2636/3016/4574 2637/3017/4574
f 2636/3016/4575 2635/3015/4575 2634/3014/4575
f 2634/3014/4576 2633/3013/4576 2638/3018/4576
f 2633/3013/4577 2639/3019/4577 2638/3018/4577
f 2640/3020/4578 2639/3019/4578 2633/3013/4578
f 2633/3013/4579 2641/3021/4579 2640/3020/4579
f 2631/3011/4580 2641/3021/4580 2633/3013/4580
f 2631/3011/4581 2642/3022/4581 2641/3021/4581
f 2643/3023/4582 2642/3022/4582 2631/3011/4582
f 2642/3022/4583 2643/3023/4583 2644/3024/4583
f 2644/3024/4584 2643/3023/4584 2645/3025/4584
f 2644/3024/4585 2645/3025/4585 2646/3026/4585
f 2646/3026/4586 2645/3025/4586 2647/3027/4586
f 2645/3025/4587 2648/3028/4587 2647/3027/4587
f 2647/3027/4588 2648/3028/4588 2649/3029/4588
f 2648/3028/4589 2627/3007/4589 2649/3029/4589
f 2649/3029/4590 2627/3007/4590 2650/3030/4590
f 2650/3030/4591 2627/3007/4591 2651/3031/4591
f 2651/3031/4592 2627/3007/4592 2623/3003/4592
f 2643/3023/4593 2648/3028/4593 2645/3025/4593
f 2628/3008/4594 2648/3028/4594 2643/3023/4594
f 2631/3011/4595 2628/3008/4595 2643/3023/4595
f 2630/3010/4596 2632/3012/4596 2629/3009/4596
f 2628/3008/4597 2627/3007/4597 2648/3028/4597
f 2629/3009/4598 2625/3005/4598 2626/3006/4598
f 2613/2993/4599 2621/3001/4599 2625/3005/4599
f 2627/3007/4600 2624/3004/4600 2623/3003/4600
f 2623/3003/4601 2622/3002/4601 2651/3031/4601
f 2651/3031/4602 2622/3002/4602 2652/3032/4602
f 2622/3002/4603 2653/3033/4603 2652/3032/4603
f 2654/3034/4604 2653/3033/4604 2622/3002/4604
f 2654/3034/4605 2655/3035/4605 2653/3033/4605
f 2653/3033/4606 2655/3035/4606 2656/3036/4606
f 2655/3035/4607 2657/3037/4607 2656/3036/4607
f 2656/3036/4608 2657/3037/4608 2658/3038/4608
f 2657/3037/4609 2655/3035/4609 2659/3039/4609
f 2659/3039/4610 2655/3035/4610 2660/3040/4610
f 2660/3040/4611 2619/2999/4611 2659/3039/4611
f 2659/3039/4612 2619/2999/4612 2661/3041/4612
f 2655/3035/4613 2620/3000/4613 2660/3040/4613
f 2654/3034/4614 2620/3000/4614 2655/3035/4614
f 2622/3002/4615 2620/3000/4615 2654/3034/4615
f 2613/2993/4616 2617/2997/4616 2621/3001/4616
f 2660/3040/4617 2620/3000/4617 2619/2999/4617
f 2618/2998/4618 2661/3041/4618 2619/2999/4618
f 2662/3042/4619 2661/3041/4619 2618/2998/4619
f 2618/2998/4620 2663/3043/4620 2662/3042/4620
f 2662/3042/4621 2663/3043/4621 2664/3044/4621
f 2618/2998/4622 2616/2996/4622 2663/3043/4622
f 2663/3043/4623 2616/2996/4623 2665/3045/4623
f 2616/2996/4624 2615/2995/4624 2665/3045/4624
f 2637/3017/4625 2615/2995/4625 2614/2994/4625
f 2614/2994/4626 2613/2993/4626 2625/3005/4626
f 2613/2993/4627 2612/2992/4627 2617/2997/4627
f 2656/3046/4628 2666/3047/4628 2653/3048/4628
f 2653/3048/4629 2666/3047/4629 2667/3049/4629
f 2653/3048/4630 2667/3049/4630 2652/3050/4630
f 2652/3050/4631 2667/3049/4631 2668/3051/4631
f 2668/3051/4632 2651/3052/4632 2652/3050/4632
f 2669/3053/4633 2651/3052/4633 2668/3051/4633
f 2668/3051/4634 2670/3054/4634 2669/3053/4634
f 2669/3053/4635 2670/3054/4635 2671/3055/4635
f 2672/3056/4636 2669/3053/4636 2671/3055/4636
f 2671/3055/4637 2673/3057/4637 2672/3056/4637
f 2673/3057/4638 2674/3058/4638 2672/3056/4638
f 2675/3059/4639 2672/3056/4639 2674/3058/4639
f 2674/3058/4640 2676/3060/4640 2675/3059/4640
f 2676/3060/4641 2647/3061/4641 2675/3059/4641
f 2675/3059/4642 2647/3061/4642 2649/3062/4642
f 2649/3062/4643 2650/3063/4643 2675/3059/4643
f 2675/3059/4644 2650/3063/4644 2677/3064/4644
f 2651/3052/4645 2677/3064/4645 2650/3063/4645
f 2678/3065/4646 2647/3061/4646 2676/3060/4646
f 2678/3065/4647 2676/3060/4647 2679/3066/4647
f 2679/3066/4648 2676/3060/4648 2680/3067/4648
f 2679/3066/4649 2680/3067/4649 2681/3068/4649
f 2681/3068/4650 2680/3067/4650 2682/3069/4650
f 2683/3070/4651 2681/3068/4651 2682/3069/4651
f 2684/3071/4652 2683/3070/4652 2682/3069/4652
f 2684/3071/4653 2682/3069/4653 2674/3058/4653
f 2685/3072/4654 2683/3070/4654 2684/3071/4654
f 2685/3072/4655 2684/3071/4655 2686/3073/4655
f 2558/3074/4656 2685/3072/4656 2686/3073/4656
f 2686/3073/4657 2687/3075/4657 2558/3074/4657
f 2558/3074/4658 2687/3075/4658 2560/3076/4658
f 2687/3075/4659 2688/3077/4659 2560/3076/4659
f 2560/3076/4660 2688/3077/4660 2562/3078/4660
f 2688/3077/4661 2689/3079/4661 2562/3078/4661
f 2562/3078/4662 2689/3079/4662 2542/3080/4662
f 2542/3080/4663 2689/3079/4663 2541/3081/4663
f 2541/3081/4664 2689/3079/4664 2690/3082/4664
f 2690/3082/4665 2540/3083/4665 2541/3081/4665
f 2691/3084/4666 2540/3083/4666 2690/3082/4666
f 2690/3082/4667 2692/3085/4667 2691/3084/4667
f 2691/3084/4668 2692/3085/4668 2693/3086/4668
f 2694/3087/4669 2693/3086/4669 2692/3085/4669
f 2692/3085/4670 2695/3088/4670 2694/3087/4670
f 2667/3049/4671 2694/3087/4671 2695/3088/4671
f 2696/3089/4672 2695/3088/4672 2692/3085/4672
f 2697/3090/4673 2695/3088/4673 2696/3089/4673
f 2697/3090/4674 2696/3089/4674 2688/3077/4674
f 2670/3054/4675 2695/3088/4675 2697/3090/4675
f 2698/3091/4676 2693/3086/4676 2694/3087/4676
f 2666/3047/4677 2698/3091/4677 2694/3087/4677
f 2699/3092/4678 2698/3091/4678 2666/3047/4678
f 2699/3092/4679 2666/3047/4679 2658/3093/4679
f 2690/3082/4680 2696/3089/4680 2692/3085/4680
f 2689/3079/4681 2696/3089/4681 2690/3082/4681
f 2688/3077/4682 2696/3089/4682 2689/3079/4682
f 2687/3075/4683 2697/3090/4683 2688/3077/4683
f 2700/3094/4684 2697/3090/4684 2687/3075/4684
f 2700/3094/4685 2687/3075/4685 2673/3057/4685
f 2671/3055/4686 2697/3090/4686 2700/3094/4686
f 2673/3057/4687 2687/3075/4687 2686/3073/4687
f 2557/3095/4688 2685/3072/4688 2558/3074/4688
f 2557/3095/4689 2563/3096/4689 2685/3072/4689
f 2686/3073/4690 2684/3071/4690 2673/3057/4690
f 2685/3072/4691 2563/3096/4691 2683/3070/4691
f 2564/3097/4692 2683/3070/4692 2563/3096/4692
f 2701/3098/4693 2683/3070/4693 2564/3097/4693
f 2701/3098/4694 2681/3068/4694 2683/3070/4694
f 2674/3058/4695 2682/3069/4695 2680/3067/4695
f 2646/3099/4696 2647/3061/4696 2678/3065/4696
f 2680/3067/4697 2676/3060/4697 2674/3058/4697
f 2677/3064/4698 2672/3056/4698 2675/3059/4698
f 2684/3071/4699 2674/3058/4699 2673/3057/4699
f 2700/3094/4700 2673/3057/4700 2671/3055/4700
f 2677/3064/4701 2669/3053/4701 2672/3056/4701
f 2670/3054/4702 2697/3090/4702 2671/3055/4702
f 2668/3051/4703 2695/3088/4703 2670/3054/4703
f 2669/3053/4704 2677/3064/4704 2651/3052/4704
f 2667/3049/4705 2695/3088/4705 2668/3051/4705
f 2666/3047/4706 2694/3087/4706 2667/3049/4706
f 2658/3093/4707 2666/3047/4707 2656/3046/4707
f 2698/3100/4708 2702/3101/4708 2693/3102/4708
f 2693/3102/4709 2702/3101/4709 2703/3103/4709
f 2693/3102/4710 2703/3103/4710 2691/3104/4710
f 2691/3104/4711 2703/3103/4711 2704/3105/4711
f 2691/3104/4712 2704/3105/4712 2540/3106/4712
f 2540/3106/4713 2704/3105/4713 2705/3107/4713
f 2704/3105/4714 2706/3108/4714 2705/3107/4714
f 2707/3109/4715 2706/3108/4715 2704/3105/4715
f 2708/3110/4716 2706/3108/4716 2707/3109/4716
f 2709/3111/4717 2708/3110/4717 2707/3109/4717
f 2709/3111/4718 2707/3109/4718 2703/3103/4718
f 2703/3103/4719 2710/3112/4719 2709/3111/4719
f 2709/3111/4720 2710/3112/4720 2711/3113/4720
f 2711/3113/4721 2710/3112/4721 2712/3114/4721
f 2713/3115/4722 2712/3114/4722 2710/3112/4722
f 2702/3101/4723 2713/3115/4723 2710/3112/4723
f 2714/3116/4724 2713/3115/4724 2702/3101/4724
f 2714/3116/4725 2715/3117/4725 2713/3115/4725
f 2713/3115/4726 2715/3117/4726 2716/3118/4726
f 2716/3118/4727 2715/3117/4727 2717/3119/4727
f 2718/3120/4728 2715/3117/4728 2714/3116/4728
f 2699/3121/4729 2718/3120/4729 2714/3116/4729
f 2714/3116/4730 2698/3100/4730 2699/3121/4730
f 2658/3122/4731 2718/3120/4731 2699/3121/4731
f 2716/3118/4732 2712/3114/4732 2713/3115/4732
f 2711/3113/4733 2708/3110/4733 2709/3111/4733
f 2719/3123/4734 2706/3108/4734 2708/3110/4734
f 2703/3103/4735 2707/3109/4735 2704/3105/4735
f 2702/3101/4736 2710/3112/4736 2703/3103/4736
f 2702/3101/4737 2698/3100/4737 2714/3116/4737
f 2705/3124/4738 2720/3125/4738 2540/3126/4738
f 2540/3126/4739 2720/3125/4739 2539/3127/4739
f 2721/3128/4740 2539/3127/4740 2720/3125/4740
f 2722/3129/4741 2721/3128/4741 2720/3125/4741
f 2722/3129/4742 2720/3125/4742 2706/3130/4742
f 2719/3131/4743 2722/3129/4743 2706/3130/4743
f 2723/3132/4744 2722/3129/4744 2719/3131/4744
f 2724/3133/4745 2722/3129/4745 2723/3132/4745
f 2725/3134/4746 2722/3129/4746 2724/3133/4746
f 2725/3134/4747 2724/3133/4747 2726/3135/4747
f 2726/3135/4748 2727/3136/4748 2725/3134/4748
f 2725/3134/4749 2727/3136/4749 2721/3128/4749
f 2727/3136/4750 2537/3137/4750 2721/3128/4750
f 2535/3138/4751 2537/3137/4751 2727/3136/4751
f 2535/3138/4752 2727/3136/4752 2532/3139/4752
f 2532/3139/4753 2727/3136/4753 2728/3140/4753
f 2532/3139/4754 2728/3140/4754 2531/3141/4754
f 2531/3141/4755 2728/3140/4755 2729/3142/4755
f 2729/3142/4756 2730/3143/4756 2531/3141/4756
f 2531/3141/4757 2730/3143/4757 2609/3144/4757
f 2730/3143/4758 2519/3145/4758 2609/3144/4758
f 2731/3146/4759 2519/3145/4759 2730/3143/4759
f 2732/3147/4760 2731/3146/4760 2730/3143/4760
f 2733/3148/4761 2731/3146/4761 2732/3147/4761
f 2734/3149/4762 2733/3148/4762 2732/3147/4762
f 2734/3149/4763 2732/3147/4763 2735/3150/4763
f 2735/3150/4764 2732/3147/4764 2736/3151/4764
f 2735/3150/4765 2736/3151/4765 2737/3152/4765
f 2737/3152/4766 2736/3151/4766 2738/3153/4766
f 2726/3135/4767 2737/3152/4767 2738/3153/4767
f 2728/3140/4768 2726/3135/4768 2738/3153/4768
f 2739/3154/4769 2737/3152/4769 2726/3135/4769
f 2736/3151/4770 2728/3140/4770 2738/3153/4770
f 2736/3151/4771 2732/3147/4771 2729/3142/4771
f 2740/3155/4772 2733/3148/4772 2734/3149/4772
f 2741/3156/4773 2733/3148/4773 2740/3155/4773
f 2742/3157/4774 2733/3148/4774 2741/3156/4774
f 2742/3157/4775 2741/3156/4775 2743/3158/4775
f 2743/3158/4776 2744/3159/4776 2742/3157/4776
f 2745/3160/4777 2744/3159/4777 2743/3158/4777
f 2743/3158/4778 2746/3161/4778 2745/3160/4778
f 2745/3160/4779 2746/3161/4779 2747/3162/4779
f 2745/3160/4780 2747/3162/4780 2610/3163/4780
f 2610/3163/4781 2747/3162/4781 2611/3164/4781
f 2743/3158/4782 2748/3165/4782 2746/3161/4782
f 2746/3161/4783 2748/3165/4783 2749/3166/4783
f 2745/3160/4784 2610/3163/4784 2744/3159/4784
f 2744/3159/4785 2610/3163/4785 2518/3167/4785
f 2744/3159/4786 2518/3167/4786 2731/3146/4786
f 2743/3158/4787 2741/3156/4787 2748/3165/4787
f 2744/3159/4788 2733/3148/4788 2742/3157/4788
f 2731/3146/4789 2733/3148/4789 2744/3159/4789
f 2731/3146/4790 2518/3167/4790 2519/3145/4790
f 2729/3142/4791 2732/3147/4791 2730/3143/4791
f 2729/3142/4792 2728/3140/4792 2736/3151/4792
f 2727/3136/4793 2726/3135/4793 2728/3140/4793
f 2726/3135/4794 2724/3133/4794 2739/3154/4794
f 2725/3134/4795 2721/3128/4795 2722/3129/4795
f 2537/3137/4796 2539/3127/4796 2721/3128/4796
f 2706/3130/4797 2720/3125/4797 2705/3124/4797
f 2657/3168/4798 2659/3169/4798 2750/3170/4798
f 2718/3171/4799 2657/3168/4799 2750/3170/4799
f 2718/3171/4800 2750/3170/4800 2715/3172/4800
f 2715/3172/4801 2750/3170/4801 2751/3173/4801
f 2751/3173/4802 2752/3174/4802 2715/3172/4802
f 2715/3172/4803 2752/3174/4803 2717/3175/4803
f 2753/3176/4804 2752/3174/4804 2751/3173/4804
f 2753/3176/4805 2751/3173/4805 2754/3177/4805
f 2755/3178/4806 2753/3176/4806 2754/3177/4806
f 2754/3177/4807 2661/3179/4807 2755/3178/4807
f 2661/3179/4808 2662/3180/4808 2755/3178/4808
f 2755/3178/4809 2662/3180/4809 2756/3181/4809
f 2756/3181/4810 2757/3182/4810 2755/3178/4810
f 2755/3178/4811 2757/3182/4811 2758/3183/4811
f 2757/3182/4812 2759/3184/4812 2758/3183/4812
f 2760/3185/4813 2758/3183/4813 2759/3184/4813
f 2753/3176/4814 2758/3183/4814 2760/3185/4814
f 2761/3186/4815 2759/3184/4815 2757/3182/4815
f 2757/3182/4816 2762/3187/4816 2761/3186/4816
f 2763/3188/4817 2762/3187/4817 2757/3182/4817
f 2757/3182/4818 2764/3189/4818 2763/3188/4818
f 2756/3181/4819 2764/3189/4819 2757/3182/4819
f 2756/3181/4820 2664/3190/4820 2764/3189/4820
f 2662/3180/4821 2664/3190/4821 2756/3181/4821
f 2659/3169/4822 2661/3179/4822 2754/3177/4822
f 2758/3183/4823 2753/3176/4823 2755/3178/4823
f 2760/3185/4824 2752/3174/4824 2753/3176/4824
f 2754/3177/4825 2751/3173/4825 2750/3170/4825
f 2658/3191/4826 2657/3168/4826 2718/3171/4826
f 2750/3170/4827 2659/3169/4827 2754/3177/4827
usemtl material_0.238
f 2765/3192/4828 2766/3193/4828 2767/3194/4828
f 2765/3192/4829 2767/3194/4829 2768/3195/4829
f 2768/3195/4830 2767/3194/4830 2769/3196/4830
f 2768/3195/4831 2769/3196/4831 2770/3197/4831
f 2771/3198/4832 2770/3197/4832 2769/3196/4832
f 2769/3196/4833 2772/3199/4833 2771/3198/4833
f 2773/3200/4834 2771/3198/4834 2772/3199/4834
f 2773/3200/4835 2772/3199/4835 2774/3201/4835
f 2774/3201/4836 2775/3202/4836 2773/3200/4836
f 2776/3203/4837 2773/3200/4837 2775/3202/4837
f 2777/3204/4838 2776/3203/4838 2775/3202/4838
f 2777/3204/4839 2775/3202/4839 2778/3205/4839
f 2779/3206/4840 2777/3204/4840 2778/3205/4840
f 2779/3206/4841 2778/3205/4841 2780/3207/4841
f 2781/3208/4842 2780/3207/4842 2778/3205/4842
f 2781/3208/4843 2778/3205/4843 2782/3209/4843
f 2782/3209/4844 2783/3210/4844 2781/3208/4844
f 2782/3209/4845 2784/3211/4845 2783/3210/4845
f 2783/3210/4846 2784/3211/4846 2785/3212/4846
f 2783/3210/4847 2785/3212/4847 2786/3213/4847
f 2787/3214/4848 2786/3213/4848 2785/3212/4848
f 2787/3214/4849 2785/3212/4849 2788/3215/4849
f 2789/3216/4850 2787/3214/4850 2788/3215/4850
f 2789/3216/4851 2788/3215/4851 2790/3217/4851
f 2791/3218/4852 2789/3216/4852 2790/3217/4852
f 2790/3217/4853 2792/3219/4853 2791/3218/4853
f 2792/3219/4854 2793/3220/4854 2791/3218/4854
f 2793/3220/4855 2794/3221/4855 2791/3218/4855
f 2793/3220/4856 2795/3222/4856 2794/3221/4856
f 2796/3223/4856 2795/3222/4856 2793/3220/4856
f 2796/3223/4857 2793/3220/4857 2797/3224/4857
f 2798/3225/4858 2796/3223/4858 2797/3224/4858
f 2798/3225/4859 2797/3224/4859 2799/3226/4859
f 2797/3224/4860 2800/3227/4860 2799/3226/4860
f 2797/3224/4861 2801/3228/4861 2800/3227/4861
f 2802/3229/4862 2800/3227/4862 2801/3228/4862
f 2802/3229/4863 2801/3228/4863 2803/3230/4863
f 2804/3231/4864 2802/3229/4864 2803/3230/4864
f 2804/3231/4865 2803/3230/4865 2805/3232/4865
f 2806/3233/4866 2804/3231/4866 2805/3232/4866
f 2806/3233/4867 2805/3232/4867 2807/3234/4867
f 2808/3235/4868 2806/3233/4868 2807/3234/4868
f 2808/3235/4869 2807/3234/4869 2809/3236/4869
f 2808/3235/4870 2809/3236/4870 2810/3237/4870
f 2808/3235/4871 2810/3237/4871 2811/3238/4871
f 2812/3239/4872 2811/3238/4872 2810/3237/4872
f 2812/3239/4873 2810/3237/4873 2813/3240/4873
f 2810/3237/4874 2814/3241/4874 2813/3240/4874
f 2810/3237/4875 2815/3242/4875 2814/3241/4875
f 2815/3242/4876 2816/3243/4876 2814/3241/4876
f 2815/3242/4877 2817/3244/4877 2816/3243/4877
f 2817/3244/4878 2818/3245/4878 2816/3243/4878
f 2817/3244/4879 2819/3246/4879 2818/3245/4879
f 2818/3245/4880 2819/3246/4880 2820/3247/4880
f 2818/3245/4881 2820/3247/4881 2821/3248/4881
f 2822/3249/4882 2821/3248/4882 2820/3247/4882
f 2820/3247/4883 2823/3250/4883 2822/3249/4883
f 2822/3249/4884 2823/3250/4884 2824/3251/4884
f 2822/3249/4885 2824/3251/4885 2825/3252/4885
f 2826/3253/4886 2822/3249/4886 2825/3252/4886
f 2827/3254/4887 2826/3253/4887 2825/3252/4887
f 2828/3255/4888 2827/3254/4888 2825/3252/4888
f 2828/3255/4889 2766/3193/4889 2827/3254/4889
f 2766/3193/4890 2829/3256/4890 2827/3254/4890
f 2766/3193/4891 2830/3257/4891 2829/3256/4891
f 2766/3193/4892 2831/3258/4892 2830/3257/4892
f 2827/3254/4893 2829/3256/4893 2826/3253/4893
f 2826/3253/4894 2832/3259/4894 2822/3249/4894
f 2828/3255/4895 2825/3252/4895 2824/3251/4895
f 2824/3251/4896 2833/3260/4896 2828/3255/4896
f 2833/3260/4897 2767/3194/4897 2828/3255/4897
f 2824/3251/4898 2834/3261/4898 2833/3260/4898
f 2833/3260/4899 2834/3261/4899 2835/3262/4899
f 2833/3260/4900 2835/3262/4900 2772/3199/4900
f 2836/3263/4901 2772/3199/4901 2835/3262/4901
f 2835/3262/4902 2837/3264/4902 2836/3263/4902
f 2836/3263/4903 2837/3264/4903 2838/3265/4903
f 2836/3263/4904 2838/3265/4904 2839/3266/4904
f 2774/3201/4905 2836/3263/4905 2839/3266/4905
f 2774/3201/4906 2839/3266/4906 2840/3267/4906
f 2784/3211/4907 2840/3267/4907 2839/3266/4907
f 2785/3212/4908 2839/3266/4908 2838/3265/4908
f 2838/3265/4909 2837/3264/4909 2841/3268/4909
f 2838/3265/4910 2841/3268/4910 2842/3269/4910
f 2788/3215/4911 2838/3265/4911 2842/3269/4911
f 2842/3269/4912 2841/3268/4912 2843/3270/4912
f 2842/3269/4913 2843/3270/4913 2844/3271/4913
f 2790/3217/4914 2842/3269/4914 2844/3271/4914
f 2844/3271/4915 2843/3270/4915 2845/3272/4915
f 2844/3271/4916 2845/3272/4916 2792/3219/4916
f 2846/3273/4917 2792/3219/4917 2845/3272/4917
f 2846/3273/4918 2845/3272/4918 2847/3274/4918
f 2847/3274/4919 2801/3228/4919 2846/3273/4919
f 2848/3275/4920 2847/3274/4920 2845/3272/4920
f 2848/3275/4921 2849/3276/4921 2847/3274/4921
f 2847/3274/4922 2849/3276/4922 2805/3232/4922
f 2849/3276/4923 2848/3275/4923 2850/3277/4923
f 2849/3276/4924 2850/3277/4924 2851/3278/4924
f 2807/3234/4925 2849/3276/4925 2851/3278/4925
f 2807/3234/4926 2851/3278/4926 2852/3279/4926
f 2850/3277/4927 2852/3279/4927 2851/3278/4927
f 2850/3277/4928 2853/3280/4928 2852/3279/4928
f 2853/3280/4929 2815/3242/4929 2852/3279/4929
f 2854/3281/4930 2853/3280/4930 2850/3277/4930
f 2855/3282/4931 2854/3281/4931 2850/3277/4931
f 2854/3281/4932 2855/3282/4932 2856/3283/4932
f 2854/3281/4933 2856/3283/4933 2857/3284/4933
f 2857/3284/4934 2858/3285/4934 2854/3281/4934
f 2857/3284/4935 2859/3286/4935 2858/3285/4935
f 2819/3246/4936 2858/3285/4936 2859/3286/4936
f 2853/3280/4937 2858/3285/4937 2819/3246/4937
f 2860/3287/4938 2859/3286/4938 2857/3284/4938
f 2860/3287/4939 2823/3250/4939 2859/3286/4939
f 2834/3261/4940 2823/3250/4940 2860/3287/4940
f 2861/3288/4941 2834/3261/4941 2860/3287/4941
f 2856/3283/4942 2861/3288/4942 2860/3287/4942
f 2856/3283/4943 2837/3264/4943 2861/3288/4943
f 2856/3283/4944 2860/3287/4944 2857/3284/4944
f 2841/3268/4945 2856/3283/4945 2855/3282/4945
f 2854/3281/4946 2858/3285/4946 2853/3280/4946
f 2855/3282/4947 2850/3277/4947 2848/3275/4947
f 2843/3270/4948 2855/3282/4948 2848/3275/4948
f 2843/3270/4949 2848/3275/4949 2845/3272/4949
f 2841/3268/4950 2855/3282/4950 2843/3270/4950
f 2856/3283/4951 2841/3268/4951 2837/3264/4951
f 2835/3262/4952 2861/3288/4952 2837/3264/4952
f 2861/3288/4953 2835/3262/4953 2834/3261/4953
f 2834/3261/4954 2824/3251/4954 2823/3250/4954
f 2820/3247/4955 2859/3286/4955 2823/3250/4955
f 2822/3249/4956 2832/3259/4956 2821/3248/4956
f 2819/3246/4957 2859/3286/4957 2820/3247/4957
f 2853/3280/4958 2819/3246/4958 2817/3244/4958
f 2853/3280/4959 2817/3244/4959 2815/3242/4959
f 2852/3279/4960 2815/3242/4960 2810/3237/4960
f 2852/3279/4961 2810/3237/4961 2809/3236/4961
f 2807/3234/4962 2852/3279/4962 2809/3236/4962
f 2807/3234/4963 2805/3232/4963 2849/3276/4963
f 2847/3274/4964 2805/3232/4964 2803/3230/4964
f 2847/3274/4965 2803/3230/4965 2801/3228/4965
f 2846/3273/4966 2801/3228/4966 2797/3224/4966
f 2846/3273/4967 2797/3224/4967 2793/3220/4967
f 2792/3219/4968 2846/3273/4968 2793/3220/4968
f 2790/3217/4969 2844/3271/4969 2792/3219/4969
f 2791/3218/4970 2794/3221/4970 2789/3216/4970
f 2790/3217/4971 2788/3215/4971 2842/3269/4971
f 2788/3215/4972 2785/3212/4972 2838/3265/4972
f 2785/3212/4973 2784/3211/4973 2839/3266/4973
f 2784/3211/4974 2782/3209/4974 2840/3267/4974
f 2775/3202/4975 2840/3267/4975 2782/3209/4975
f 2775/3202/4976 2782/3209/4976 2778/3205/4976
f 2776/3203/4977 2862/3289/4977 2773/3200/4977
f 2863/3290/4978 2773/3200/4978 2862/3289/4978
f 2774/3201/4979 2840/3267/4979 2775/3202/4979
f 2836/3263/4980 2774/3201/4980 2772/3199/4980
f 2863/3290/4981 2771/3198/4981 2773/3200/4981
f 2769/3196/4982 2833/3260/4982 2772/3199/4982
f 2771/3198/4983 2863/3290/4983 2770/3197/4983
f 2833/3260/4984 2769/3196/4984 2767/3194/4984
f 2828/3255/4985 2767/3194/4985 2766/3193/4985
f 2766/3193/4986 2765/3192/4986 2831/3258/4986
f 2864/3291/4987 2865/3292/4987 2866/3293/4987
f 2864/3291/4988 2866/3293/4988 2867/3294/4988
f 2868/3295/4989 2864/3291/4989 2867/3294/4989
f 2868/3295/4990 2867/3294/4990 2869/3296/4990
f 2870/3297/4991 2868/3295/4991 2869/3296/4991
f 2869/3296/4992 2871/3298/4992 2870/3297/4992
f 2871/3298/4993 2872/3299/4993 2870/3297/4993
f 2873/3300/4994 2870/3297/4994 2872/3299/4994
f 2873/3300/4995 2872/3299/4995 2874/3301/4995
f 2875/3302/4996 2873/3300/4996 2874/3301/4996
f 2875/3302/4997 2876/3303/4997 2873/3300/4997
f 2877/3304/4998 2873/3300/4998 2876/3303/4998
f 2877/3304/4999 2876/3303/4999 2878/3305/4999
f 2877/3304/5000 2878/3305/5000 2879/3306/5000
f 2877/3304/5001 2879/3306/5001 2880/3307/5001
f 2877/3304/5002 2880/3307/5002 2881/3308/5002
f 2881/3308/5003 2868/3295/5003 2877/3304/5003
f 2882/3309/5004 2881/3308/5004 2880/3307/5004
f 2883/3310/5005 2882/3309/5005 2880/3307/5005
f 2880/3307/5006 2884/3311/5006 2883/3310/5006
f 2883/3310/5007 2885/3312/5007 2882/3309/5007
f 2886/3313/5008 2882/3309/5008 2885/3312/5008
f 2886/3313/5009 2885/3312/5009 2887/3314/5009
f 2888/3315/5010 2882/3309/5010 2886/3313/5010
f 2888/3315/5011 2886/3313/5011 2889/3316/5011
f 2890/3317/5012 2888/3315/5012 2889/3316/5012
f 2890/3317/5013 2865/3292/5013 2888/3315/5013
f 2865/3292/5014 2881/3308/5014 2888/3315/5014
f 2882/3309/5015 2888/3315/5015 2881/3308/5015
f 2880/3307/5016 2879/3306/5016 2884/3311/5016
f 2878/3305/5017 2884/3311/5017 2879/3306/5017
f 2878/3305/5018 2891/3318/5018 2884/3311/5018
f 2891/3318/5019 2878/3305/5019 2892/3319/5019
f 2891/3318/5020 2892/3319/5020 2893/3320/5020
f 2878/3305/5021 2875/3302/5021 2892/3319/5021
f 2877/3304/5022 2868/3295/5022 2873/3300/5022
f 2878/3305/5023 2876/3303/5023 2875/3302/5023
f 2871/3298/5024 2894/3321/5024 2872/3299/5024
f 2871/3298/5025 2895/3322/5025 2894/3321/5025
f 2871/3298/5026 2896/3323/5026 2895/3322/5026
f 2896/3323/5027 2897/3324/5027 2895/3322/5027
f 2896/3323/5028 2898/3325/5028 2897/3324/5028
f 2898/3325/5029 2899/3326/5029 2897/3324/5029
f 2898/3325/5030 2900/3327/5030 2899/3326/5030
f 2901/3328/5031 2900/3327/5031 2898/3325/5031
f 2901/3328/5032 2902/3329/5032 2900/3327/5032
f 2902/3329/5033 2901/3328/5033 2903/3330/5033
f 2902/3329/5034 2903/3330/5034 2904/3331/5034
f 2904/3331/5035 2903/3330/5035 2905/3332/5035
f 2904/3331/5036 2905/3332/5036 2906/3333/5036
f 2907/3334/5037 2906/3333/5037 2905/3332/5037
f 2907/3334/5038 2905/3332/5038 2908/3335/5038
f 2905/3332/5039 2909/3336/5039 2908/3335/5039
f 2905/3332/5040 2910/3337/5040 2909/3336/5040
f 2911/3338/5041 2909/3336/5041 2910/3337/5041
f 2910/3337/5042 2912/3339/5042 2911/3338/5042
f 2911/3338/5043 2912/3339/5043 2867/3294/5043
f 2867/3294/5044 2912/3339/5044 2913/3340/5044
f 2912/3339/5045 2914/3341/5045 2913/3340/5045
f 2871/3298/5046 2913/3340/5046 2914/3341/5046
f 2912/3339/5047 2915/3342/5047 2914/3341/5047
f 2914/3341/5048 2915/3342/5048 2903/3330/5048
f 2903/3330/5049 2915/3342/5049 2910/3337/5049
f 2910/3337/5050 2915/3342/5050 2912/3339/5050
f 2911/3338/5051 2916/3343/5051 2909/3336/5051
f 2916/3343/5052 2911/3338/5052 2866/3293/5052
f 2916/3343/5053 2866/3293/5053 2917/3344/5053
f 2890/3317/5054 2917/3344/5054 2866/3293/5054
f 2903/3330/5055 2910/3337/5055 2905/3332/5055
f 2914/3341/5056 2903/3330/5056 2901/3328/5056
f 2896/3323/5057 2914/3341/5057 2901/3328/5057
f 2896/3323/5058 2901/3328/5058 2898/3325/5058
f 2871/3298/5059 2914/3341/5059 2896/3323/5059
f 2869/3296/5060 2913/3340/5060 2871/3298/5060
f 2870/3297/5061 2873/3300/5061 2868/3295/5061
f 2867/3294/5062 2913/3340/5062 2869/3296/5062
f 2881/3308/5063 2864/3291/5063 2868/3295/5063
f 2911/3338/5064 2867/3294/5064 2866/3293/5064
f 2890/3317/5065 2866/3293/5065 2865/3292/5065
f 2865/3292/5066 2864/3291/5066 2881/3308/5066
f 2918/3345/5067 2892/3346/5067 2875/3347/5067
f 2918/3345/5068 2875/3347/5068 2919/3348/5068
f 2920/3349/5069 2918/3345/5069 2919/3348/5069
f 2920/3349/5070 2919/3348/5070 2921/3350/5070
f 2921/3350/5071 2922/3351/5071 2920/3349/5071
f 2923/3352/5072 2920/3349/5072 2922/3351/5072
f 2922/3351/5073 2924/3353/5073 2923/3352/5073
f 2922/3351/5074 2925/3354/5074 2924/3353/5074
f 2812/3355/5075 2924/3353/5075 2925/3354/5075
f 2812/3355/5076 2925/3354/5076 2811/3356/5076
f 2926/3357/5077 2811/3356/5077 2925/3354/5077
f 2927/3358/5078 2926/3357/5078 2925/3354/5078
f 2927/3358/5079 2928/3359/5079 2926/3357/5079
f 2926/3357/5080 2928/3359/5080 2806/3360/5080
f 2926/3357/5081 2806/3360/5081 2808/3361/5081
f 2928/3359/5082 2804/3362/5082 2806/3360/5082
f 2928/3359/5083 2929/3363/5083 2804/3362/5083
f 2929/3363/5084 2802/3364/5084 2804/3362/5084
f 2929/3363/5085 2930/3365/5085 2802/3364/5085
f 2931/3366/5086 2802/3364/5086 2930/3365/5086
f 2932/3367/5087 2931/3366/5087 2930/3365/5087
f 2932/3367/5088 2930/3365/5088 2933/3368/5088
f 2934/3369/5089 2932/3367/5089 2933/3368/5089
f 2934/3369/5090 2933/3368/5090 2935/3370/5090
f 2935/3370/5091 2936/3371/5091 2934/3369/5091
f 2937/3372/5092 2934/3369/5092 2936/3371/5092
f 2897/3373/5093 2937/3372/5093 2936/3371/5093
f 2897/3373/5094 2936/3371/5094 2895/3374/5094
f 2894/3375/5095 2895/3374/5095 2936/3371/5095
f 2894/3375/5096 2936/3371/5096 2938/3376/5096
f 2938/3376/5097 2872/3377/5097 2894/3375/5097
f 2938/3376/5098 2939/3378/5098 2872/3377/5098
f 2872/3377/5099 2939/3378/5099 2940/3379/5099
f 2872/3377/5100 2940/3379/5100 2874/3380/5100
f 2919/3348/5101 2874/3380/5101 2940/3379/5101
f 2941/3381/5102 2940/3379/5102 2939/3378/5102
f 2941/3381/5103 2939/3378/5103 2942/3382/5103
f 2943/3383/5104 2941/3381/5104 2942/3382/5104
f 2943/3383/5105 2942/3382/5105 2944/3384/5105
f 2943/3383/5106 2944/3384/5106 2929/3363/5106
f 2929/3363/5107 2944/3384/5107 2933/3368/5107
f 2933/3368/5108 2944/3384/5108 2942/3382/5108
f 2921/3350/5109 2941/3381/5109 2943/3383/5109
f 2921/3350/5110 2943/3383/5110 2927/3358/5110
f 2939/3378/5111 2935/3370/5111 2942/3382/5111
f 2921/3350/5112 2940/3379/5112 2941/3381/5112
f 2939/3378/5113 2938/3376/5113 2935/3370/5113
f 2897/3373/5114 2945/3385/5114 2937/3372/5114
f 2937/3372/5115 2945/3385/5115 2946/3386/5115
f 2937/3372/5116 2946/3386/5116 2947/3387/5116
f 2947/3387/5117 2946/3386/5117 2948/3388/5117
f 2947/3387/5118 2948/3388/5118 2949/3389/5118
f 2949/3389/5119 2934/3369/5119 2947/3387/5119
f 2948/3388/5120 2950/3390/5120 2949/3389/5120
f 2950/3390/5121 2932/3367/5121 2949/3389/5121
f 2948/3388/5122 2951/3391/5122 2950/3390/5122
f 2950/3390/5123 2951/3391/5123 2798/3392/5123
f 2950/3390/5124 2798/3392/5124 2799/3393/5124
f 2799/3393/5125 2931/3366/5125 2950/3390/5125
f 2799/3393/5126 2800/3394/5126 2931/3366/5126
f 2897/3373/5127 2899/3395/5127 2945/3385/5127
f 2937/3372/5128 2947/3387/5128 2934/3369/5128
f 2935/3370/5129 2938/3376/5129 2936/3371/5129
f 2933/3368/5130 2942/3382/5130 2935/3370/5130
f 2949/3389/5131 2932/3367/5131 2934/3369/5131
f 2950/3390/5132 2931/3366/5132 2932/3367/5132
f 2931/3366/5133 2800/3394/5133 2802/3364/5133
f 2929/3363/5134 2933/3368/5134 2930/3365/5134
f 2943/3383/5135 2929/3363/5135 2928/3359/5135
f 2927/3358/5136 2943/3383/5136 2928/3359/5136
f 2926/3357/5137 2808/3361/5137 2811/3356/5137
f 2927/3358/5138 2925/3354/5138 2922/3351/5138
f 2923/3352/5139 2952/3396/5139 2920/3349/5139
f 2921/3350/5140 2927/3358/5140 2922/3351/5140
f 2921/3350/5141 2919/3348/5141 2940/3379/5141
f 2952/3396/5142 2918/3345/5142 2920/3349/5142
f 2952/3396/5143 2953/3397/5143 2918/3345/5143
f 2918/3345/5144 2953/3397/5144 2893/3398/5144
f 2919/3348/5145 2875/3347/5145 2874/3380/5145
f 2918/3345/5146 2893/3398/5146 2892/3346/5146
f 2954/3399/5147 2952/3400/5147 2923/3401/5147
f 2954/3399/5148 2923/3401/5148 2955/3402/5148
f 2956/3403/5149 2954/3399/5149 2955/3402/5149
f 2956/3403/5150 2955/3402/5150 2957/3404/5150
f 2956/3403/5151 2957/3404/5151 2958/3405/5151
f 2956/3403/5152 2958/3405/5152 2959/3406/5152
f 2959/3406/5153 2960/3407/5153 2956/3403/5153
f 2959/3406/5154 2961/3408/5154 2960/3407/5154
f 2962/3409/5155 2960/3407/5155 2961/3408/5155
f 2962/3409/5156 2961/3408/5156 2963/3410/5156
f 2962/3409/5157 2964/3411/5157 2960/3407/5157
f 2960/3407/5158 2964/3411/5158 2954/3399/5158
f 2962/3409/5159 2965/3412/5159 2964/3411/5159
f 2965/3412/5160 2953/3413/5160 2964/3411/5160
f 2952/3400/5161 2964/3411/5161 2953/3413/5161
f 2965/3412/5162 2893/3414/5162 2953/3413/5162
f 2966/3415/5163 2958/3405/5163 2957/3404/5163
f 2966/3415/5164 2957/3404/5164 2967/3416/5164
f 2968/3417/5165 2966/3415/5165 2967/3416/5165
f 2968/3417/5166 2967/3416/5166 2969/3418/5166
f 2968/3417/5167 2969/3418/5167 2970/3419/5167
f 2969/3418/5168 2812/3420/5168 2970/3419/5168
f 2969/3418/5169 2924/3421/5169 2812/3420/5169
f 2955/3402/5170 2924/3421/5170 2969/3418/5170
f 2967/3416/5171 2955/3402/5171 2969/3418/5171
f 2968/3417/5172 2971/3422/5172 2966/3415/5172
f 2967/3416/5173 2957/3404/5173 2955/3402/5173
f 2960/3407/5174 2954/3399/5174 2956/3403/5174
f 2955/3402/5175 2923/3401/5175 2924/3421/5175
f 2952/3400/5176 2954/3399/5176 2964/3411/5176
f 2972/3423/5177 2970/3424/5177 2812/3425/5177
f 2972/3423/5178 2812/3425/5178 2813/3426/5178
f 2813/3426/5179 2973/3427/5179 2972/3423/5179
f 2973/3427/5180 2974/3428/5180 2972/3423/5180
f 2972/3423/5181 2974/3428/5181 2968/3429/5181
f 2974/3428/5182 2971/3430/5182 2968/3429/5182
f 2974/3428/5183 2975/3431/5183 2971/3430/5183
f 2974/3428/5184 2976/3432/5184 2975/3431/5184
f 2974/3428/5185 2977/3433/5185 2976/3432/5185
f 2976/3432/5186 2977/3433/5186 2978/3434/5186
f 2976/3432/5187 2978/3434/5187 2979/3435/5187
f 2980/3436/5188 2979/3435/5188 2978/3434/5188
f 2980/3436/5189 2978/3434/5189 2981/3437/5189
f 2982/3438/5190 2980/3436/5190 2981/3437/5190
f 2983/3439/5191 2982/3438/5191 2981/3437/5191
f 2983/3439/5192 2984/3440/5192 2982/3438/5192
f 2985/3441/5193 2982/3438/5193 2984/3440/5193
f 2985/3441/5194 2984/3440/5194 2986/3442/5194
f 2987/3443/5195 2985/3441/5195 2986/3442/5195
f 2826/3444/5196 2987/3443/5196 2986/3442/5196
f 2826/3444/5197 2986/3442/5197 2832/3445/5197
f 2986/3442/5198 2821/3446/5198 2832/3445/5198
f 2829/3447/5199 2987/3443/5199 2826/3444/5199
f 2829/3447/5200 2988/3448/5200 2987/3443/5200
f 2989/3449/5201 2987/3443/5201 2988/3448/5201
f 2989/3449/5202 2988/3448/5202 2990/3450/5202
f 2989/3449/5203 2990/3450/5203 2991/3451/5203
f 2989/3449/5204 2991/3451/5204 2992/3452/5204
f 2989/3449/5205 2992/3452/5205 2993/3453/5205
f 2989/3449/5206 2993/3453/5206 2985/3441/5206
f 2985/3441/5207 2993/3453/5207 2994/3454/5207
f 2991/3451/5208 2990/3450/5208 2995/3455/5208
f 2991/3451/5209 2995/3455/5209 2996/3456/5209
f 2996/3456/5210 2995/3455/5210 2997/3457/5210
f 2996/3456/5211 2997/3457/5211 2998/3458/5211
f 2997/3457/5212 2995/3455/5212 2999/3459/5212
f 2997/3457/5213 2999/3459/5213 3000/3460/5213
f 3000/3460/5214 2999/3459/5214 2830/3461/5214
f 3000/3460/5215 2830/3461/5215 2831/3462/5215
f 2830/3461/5216 2999/3459/5216 2988/3448/5216
f 2988/3448/5217 2999/3459/5217 2995/3455/5217
f 2988/3448/5218 2995/3455/5218 2990/3450/5218
f 2830/3461/5219 2988/3448/5219 2829/3447/5219
f 2987/3443/5220 2989/3449/5220 2985/3441/5220
f 2986/3442/5221 2984/3440/5221 2821/3446/5221
f 2985/3441/5222 2994/3454/5222 2982/3438/5222
f 2983/3439/5223 2821/3446/5223 2984/3440/5223
f 2983/3439/5224 2818/3463/5224 2821/3446/5224
f 3001/3464/5225 2818/3463/5225 2983/3439/5225
f 2978/3434/5226 3001/3464/5226 2983/3439/5226
f 3001/3464/5227 2816/3465/5227 2818/3463/5227
f 2814/3466/5228 2816/3465/5228 3001/3464/5228
f 2814/3466/5229 3001/3464/5229 2973/3427/5229
f 3001/3464/5230 2977/3433/5230 2973/3427/5230
f 2982/3438/5231 2994/3454/5231 2980/3436/5231
f 2978/3434/5232 2983/3439/5232 2981/3437/5232
f 3001/3464/5233 2978/3434/5233 2977/3433/5233
f 2973/3427/5234 2977/3433/5234 2974/3428/5234
f 2813/3426/5235 2814/3466/5235 2973/3427/5235
f 2972/3423/5236 2968/3429/5236 2970/3424/5236
f 2884/3467/5237 2891/3468/5237 3002/3469/5237
f 2884/3467/5238 3002/3469/5238 3003/3470/5238
f 2883/3471/5239 2884/3467/5239 3003/3470/5239
f 2883/3471/5240 3003/3470/5240 3004/3472/5240
f 2885/3473/5241 2883/3471/5241 3004/3472/5241
f 2885/3473/5242 3004/3472/5242 3005/3474/5242
f 2887/3475/5243 2885/3473/5243 3005/3474/5243
f 2887/3475/5244 3005/3474/5244 3006/3476/5244
f 3006/3476/5245 3005/3474/5245 3007/3477/5245
f 3006/3476/5246 3007/3477/5246 3008/3478/5246
f 3009/3479/5247 3008/3478/5247 3007/3477/5247
f 3009/3479/5248 3007/3477/5248 3010/3480/5248
f 3011/3481/5249 3010/3480/5249 3007/3477/5249
f 3011/3481/5250 3007/3477/5250 3012/3482/5250
f 3012/3482/5251 3013/3483/5251 3011/3481/5251
f 3012/3482/5252 3014/3484/5252 3013/3483/5252
f 3015/3485/5253 3013/3483/5253 3014/3484/5253
f 3015/3485/5254 3014/3484/5254 3016/3486/5254
f 3015/3485/5255 3016/3486/5255 2962/3487/5255
f 3015/3485/5256 2962/3487/5256 2963/3488/5256
f 3002/3469/5257 2962/3487/5257 3016/3486/5257
f 3002/3469/5258 2965/3489/5258 2962/3487/5258
f 3016/3486/5259 3014/3484/5259 3003/3470/5259
f 3014/3484/5260 3012/3482/5260 3004/3472/5260
f 3007/3477/5261 3004/3472/5261 3012/3482/5261
f 3007/3477/5262 3005/3474/5262 3004/3472/5262
f 3014/3484/5263 3004/3472/5263 3003/3470/5263
f 3016/3486/5264 3003/3470/5264 3002/3469/5264
f 2891/3468/5265 2965/3489/5265 3002/3469/5265
f 2891/3468/5266 2893/3490/5266 2965/3489/5266
