####
#
# OBJ File Generated by Meshlab
#
####
# Object Jacket_original.obj
#
# Vertices: 3193
# Faces: 6088
#
####
mtllib ./Jacket_original.obj.mtl

v -230.3837987939193397 44.5341239580020058 -122.4206314268535181
v -230.5835230340576345 45.8283722925149348 -104.1447836651854288
v -226.6543838304190501 62.6535271861480183 -103.4055321930442801
v -226.3505738056996677 61.1485547200070201 -121.5101415771432727
v -233.0980945558693804 28.9332882055711984 -104.6094895985472846
v -233.0092286545382478 28.0868419644930114 -122.9728957619236667
v -227.6123990877679262 64.4774414142163721 -85.5155290391725913
v -231.5206329884483125 47.3198400504729904 -86.1499454853757527
v -221.2694833613311403 79.3465474900890229 -102.4631922401622859
v -220.8750004414198713 77.7170430303774253 -120.3326279842367370
v -236.1764187802237132 13.2908374212546434 -69.3665865066520695
v -234.8910438139376140 12.5697816794685036 -86.8608726960246855
v -234.4558668046418006 -5.1407487874116873 -86.7891805818742768
v -235.4630969354341232 -5.0754940888902258 -69.5411156697887378
v -237.0363128018327359 -4.7686820487095973 -52.5875760659998193
v -238.0146016488389193 14.0545668656183285 -52.2358145944388568
v -235.3903323777728360 31.3692279488018286 -69.0330418837686750
v -233.9263882214256114 30.0386762996208816 -86.6480293866371483
v -234.2421126528203956 12.0183730955559884 -104.7051574361184834
v -234.0669811583967999 -4.9422108460884866 -104.4216797650843915
v -232.6528395157729108 -23.0046276580891202 -86.8062221499919957
v -233.3171815432310723 -23.5397751336306840 -69.7757016695333618
v -234.3427166687429235 -4.8125764821498844 -122.5025484818745696
v -234.3135697108588431 11.7355381560780607 -123.0028654161996542
v -232.5788556045308155 -22.2990351193563505 -104.1125809778457239
v -233.0817140830665721 -21.7296098517366225 -121.7637671219573576
v -9.9773514933189205 208.6397642096865184 32.1086648949063260
v -28.7882824573729614 207.9771997940751191 31.6448991859923403
v -29.8311272618802619 208.1385070509135460 50.4632564540838899
v -10.9848892170702523 208.7991616356152065 50.9371295758125200
v -30.9147377744312308 208.2327351697989570 69.2222620539033784
v -12.0420320441383879 208.8867200373234994 69.6949598950721594
v 8.8679288814724018 208.8037158477845878 32.6623395666482850
v 9.8039498649693595 208.5453891807311493 13.7340935662114330
v -9.0078588867528158 208.4287425851667308 13.2274301168631858
v -46.4651723546035242 206.5391265010514132 12.3885148532473686
v -47.5093062949748983 206.7859060366044162 31.2483595251013675
v -27.7856855029126599 207.7689106968569774 12.7854070983062940
v -48.5954712063676553 206.9881130569253855 50.0805851037990593
v 5.7818184234090868 209.1240679463837466 88.9897759021239949
v 6.8575325196986139 209.1253313729855847 70.3063408423024043
v -13.1291674801809499 208.8574555513833957 88.3662895651273743
v -32.0178414168927219 208.2141069729254355 87.9087528431805509
v -49.7126267970227644 207.1263848147908959 68.8688551895586301
v -237.7059435918101826 52.6565760531178455 -34.3332359385768484
v -240.6070795807612512 54.5159764085899496 -17.7901043062850484
v -236.6581222086823004 73.0034481260647397 -16.7053203495501101
v -233.7726615241981563 70.7672858778727658 -33.4783368593471664
v -239.7573076629738864 75.6337039824825155 -0.2297673494492748
v -233.9205558916473819 93.4364131727718785 1.5119984402378106
v -230.8880823001339024 90.6650134666204792 -15.4510609360858346
v -243.7536582236284630 56.7282951524241099 -1.6160107697839019
v -237.4068934533581796 32.7014249907665615 -51.8151816820711062
v -239.8851928788917860 33.9273197424693791 -34.9859867615135585
v -235.1421131235340454 50.9791385103234020 -51.2443479141554405
v -242.7102000695790025 35.3548485652202373 -18.5868269978025076
v -259.8384745106025662 105.7179260765490625 98.9134923652689650
v -254.0605014582752119 120.8537473844710490 106.9274954467253025
v -247.1504100246652342 122.8151951473032568 92.4655506298032037
v -254.2428168551208216 105.8293940921466572 84.0189267742687207
v -261.6107094488035614 117.9937829426319951 121.1745989773081362
v -266.7913167745767851 102.5770401988935703 113.3603935910250868
v -259.4736968068413603 87.4002530179575530 78.2076345180698240
v -264.5427112434575179 87.7003535634099194 92.9919587925568152
v -270.2993529536236679 86.2122720825649225 107.7731098095322295
v -267.2026355885078033 68.7555361070792941 88.8472143702150561
v -272.2137674575516826 68.3182289017687623 103.9405199038847343
v -262.5903057954325845 68.0174525699944894 74.0478465045620879
v -274.7596308242692658 97.2900773279580591 128.2636562581681687
v -271.4379647599994314 111.4604497289901417 135.6535853623479682
v -21.9387932640057741 202.3866693000356918 -137.6407497329302316
v -22.4105270078403152 203.6402235451640763 -118.9429762502785621
v -3.7927781948707548 204.2779895409627784 -118.8637623405451507
v -3.3297736637568569 203.0353654050409489 -137.6242958050924301
v -22.9684639079875836 204.6909537476775540 -100.2161733377987645
v -4.3494241227780686 205.3215799140752438 -100.0729066375539276
v -2.9458783689515049 201.5900935185882190 -156.3503935492363155
v -21.5499369997747721 200.9276466310328146 -156.3130196274333059
v -40.3971584238657115 200.7503261765665172 -137.6034933391832169
v -40.8868353963724829 202.0618217532951348 -118.9925730899039280
v -41.4556858783434095 203.1758114319421793 -100.3448665591015612
v -212.0707680935392148 124.4617191386220725 -369.0049528788634916
v -209.9297448066665197 123.2876505868565715 -352.2005563781186197
v -196.6995968535086945 135.9317081613312723 -352.8506040557676897
v -198.8824748193187872 137.3998392546729406 -369.7619510874582147
v -179.7327912704005541 145.3661553274136793 -336.1741956079897022
v -182.1699118033186551 147.4325336077293400 -353.6267593374878970
v -194.1845258374590060 134.1121828716035793 -335.4374122250242181
v -223.8483280387592629 110.3743950001498746 -368.3009598235175872
v -221.7200565459608868 109.5775107075554473 -351.4642431073770581
v -219.2483093095484037 108.3390367811105506 -334.1293249619191670
v -207.4004528958427329 121.7513311845335124 -334.8149836405314659
v -229.6450468160161336 93.9526331221723439 -333.5346329986386422
v -231.9897168418955857 94.9121615532420435 -350.8047931852492525
v -233.9992556161358550 95.3791592836955857 -367.6598442781233302
v -184.3927933811843900 149.1179740765859663 -370.5726596176378393
v -166.5377401329610336 157.6687571717365302 -354.4560373005130032
v -168.7441237099679938 159.5533195494445238 -371.4349629643945150
v -7.4667961255452662 189.8546820724455131 248.7252125198196495
v -5.7254852979811508 194.4819379286307424 232.1584577482750262
v -24.2776493238657629 193.9649320103558807 232.0418699167386194
v -25.9251796491639510 189.2479434834266385 248.8147688984796844
v 11.2045923085379364 190.1607545122425904 249.1245728540542643
v 12.9081082251297605 194.7040953364550262 232.7797110522079436
v -9.0525939212497697 184.6249480192708461 264.7809553039446087
v 9.5878231155177609 185.0074136954577000 265.0171866964730611
v 29.8900877820910011 190.1024899784883928 250.1491824461252520
v 31.5745806809962453 194.6322563122346310 233.8184240109970347
v -211.9353317000243351 167.5712010567483503 169.4128142754975670
v -210.3364947174211181 167.8648008316040716 189.5775729529450757
v -194.8372619693887202 174.3616636203732924 187.3393686547803725
v -195.7612675455371800 174.7942697034444564 167.2018764863212255
v -208.6863567383807947 166.3183666709628596 209.6255087427441879
v -193.7059956665119955 172.4359370410568033 207.4404271258843835
v -178.8615704823960471 180.2895143260946043 185.7459232717454540
v -179.2987748506575940 181.2740615420819381 165.8535946280695157
v -178.2363065335526642 178.0302725059087265 205.6681040416413850
v -196.2450130239684825 174.0122086369110264 147.1144512697113669
v -213.0884141482931398 165.7366762488756535 149.1495670871352388
v -179.3400418893150743 181.2432398094000803 146.0505873069416509
v -227.6801540120428626 159.8484324980210545 173.1509116241336983
v -229.7492795106671792 156.6618943161191737 153.3044189222916316
v -245.5446095047449830 148.2152116965566790 161.4881325165892747
v -242.9692465959753633 151.9216646161190454 178.8122380808966625
v -225.4264066284742398 160.8639777387742527 192.7595275406635835
v -240.2927067220102799 153.3209977236889188 197.3083334194792826
v -237.8474473712152815 152.4013994496398823 215.7219240627609622
v -223.3042759766010192 159.6858177415597879 212.2983317919387787
v -245.7955025222574363 37.1457410823087528 -2.6307480051522081
v -249.0642075062993399 39.5625366070450681 12.8676767374952927
v -247.0808774885435355 59.4201504011846424 14.2015026448609287
v -246.7236068893583081 81.5024454215472360 32.2467603606878583
v -243.1392803109706335 78.4519459644471482 16.1333113010746025
v -250.6089962741567660 62.2226142416333872 29.6806527863270055
v -252.5115404444303522 42.0526549477085823 27.9619224956128427
v -242.9976736945165783 15.8797160564624509 -19.1020699952376098
v -245.9741157853395350 17.2013245551333469 -3.1693790857281803
v -249.1775633162961583 19.2554000352761072 12.2471286018982735
v -252.5530572302067753 21.3436164974943630 27.2455889943886334
v -21.8327664301250763 191.9598299202289979 -324.5323364944104583
v -22.5400851621801159 194.2337333653989333 -342.5636083715752989
v -40.8956573460747990 192.8104979894432631 -342.3129210281608152
v -40.4073650009775989 190.4702793386842075 -324.3290129575576657
v -39.9572839650822829 189.0135484667729884 -305.8577160387877143
v -21.4352626718998565 190.5548407749649016 -306.0476413772583442
v -3.4297101570489303 194.9081681146647611 -342.5664290449188911
v -2.9646195029413116 192.6704045467099888 -324.5739414262289415
v -4.1662254291366914 197.6874128185530992 -360.1589686890943653
v -23.9312133423415894 197.0709487829015245 -360.1751875608202340
v -41.1317491740367274 195.7848098842515299 -359.9082813456798817
v -60.4248169512557993 193.4660988677375997 -359.4347608081192220
v -59.4069652224039118 190.5418245427646298 -341.8817105907544942
v -58.7889953585350469 188.1501579854984527 -323.9100254379737294
v -223.6713160954399484 83.5843961692808222 -67.1925525270548007
v -229.1521929132460400 66.5449509020708945 -67.9209914180453893
v -231.2125478806925116 68.7196827045005847 -50.5785514770044742
v -225.6601552408199893 85.8710734450355488 -49.7927588946935487
v -228.1076182426646994 88.1806613462036921 -32.5272998303223417
v -216.6321935473662279 100.1439009288719291 -66.4122837633751288
v -215.2362540624129110 97.9324709909611499 -83.9367746631357079
v -222.1781074531526201 81.4203226924282149 -84.7390211732844278
v -233.0538305517843014 49.1523081173659477 -68.5356631508431917
v -237.9733493011884207 96.3854712265505214 309.1741227225522266
v -223.8650170227090541 103.6841544862655127 312.9340802896014679
v -226.8443091688896516 116.2971111989253785 299.0521364289617736
v -240.7962703688819488 109.0648533273519973 295.6894236911394387
v -229.2961941638407666 127.4314033662259646 283.7499835398080563
v -243.4135320296099678 120.4007648746936212 280.7814599017569890
v -212.9756459785762104 123.4605196662024582 301.1652908755592080
v -209.8279067461561453 110.8317921575302165 315.6774201723865758
v -235.1218395338767380 82.7682225844979627 320.5513086540548215
v -220.0432250072051090 90.1014297106583513 324.7616337316358113
v -205.2886500218891399 96.6835958315616608 328.4216924510984086
v -196.1146744098818999 118.1373654995272915 317.1208997559855902
v -199.4010526753424415 130.6572253008405937 301.8232129329592226
v -215.2281005535290035 134.5355776932869674 285.2085067145729909
v -50.8391993231636192 207.1539451439192021 87.5969509106542574
v -51.9704729715438418 206.9939600777105966 106.2506513723118218
v -33.1453651857366935 208.0086679310649060 106.5067450063015713
v -67.2178871686229087 205.2721446755268460 49.7613789037457508
v -68.3801588417689885 205.4894834330557671 68.6033593110901307
v -69.5412552343552193 205.5968159301834248 87.4038523146720792
v -70.6816887255987183 205.5145756730084372 106.1445235377580047
v -14.2587984903412046 208.6396172996165319 106.9358399387001981
v 7.8923890891507291 209.0036310710138707 51.5254750240698485
v 24.6789507073999772 209.0121518550727160 89.7896718511530310
v 25.7447869378591996 208.9420757516921014 71.0756794967755354
v -27.5160081965773458 183.8419173462755509 265.2832702152214779
v -28.6879979708526243 177.8632945203690383 281.2847150374817033
v -10.4180798668841099 178.8125686285541178 280.4495606716573661
v -44.1815875358218975 188.2966713982898739 249.4616433186171776
v -45.5303762338150335 182.7238729496970677 266.2636892582423798
v -46.5992645209780960 176.4386488077415436 282.8687581760378862
v -46.8556152475903147 169.6140590348601620 299.0841040601895315
v -29.3523510165660326 171.3241803954734621 297.0170206115379301
v -196.7116287882400911 113.9784001824114341 -223.4419894762006038
v -196.5535682439482343 114.2198983009486426 -204.9040541496875676
v -184.5434055849282515 126.4405096352154629 -205.0330999551583204
v -184.4323856450440928 126.0351259881116732 -223.8240731862055100
v -207.3773439418348232 101.2223310250802228 -205.2424174228663105
v -207.9923829498075918 101.0271609971113236 -223.8434653154429270
v -184.8898929849769388 126.2359373627678281 -242.9715090110530582
v -197.3966704445584810 114.3038133329214219 -242.7375106515883658
v -207.3775936889537945 101.4372237299439803 -186.9202636071404129
v -196.9708809887344216 114.6921480664040018 -186.5031565364521953
v -185.1560940317813220 127.2638524314133690 -186.7087131063687195
v -235.2007449324632091 11.1871485741036434 -141.7834961783202630
v -235.3206235495671592 -5.2241725888379689 -140.9562161922468704
v -235.2573787644406309 27.0192483223216477 -160.7072761126296996
v -236.8785607686878336 10.6118588401278853 -160.8460767467471442
v -233.7426624879081771 27.3910850549454246 -141.7579925901716535
v -236.9688810797117640 -5.6191706121820859 -159.5403400447617628
v -234.1555532395879595 -21.4224576229251937 -139.7293408158269301
v -129.1295295196253790 122.4946300291026233 345.7704789071624418
v -142.4646887908051553 113.2685233787628647 346.1044936422698015
v -130.2424173727475534 97.9687577782462995 358.8123322236264698
v -118.4047491723950287 109.9997155576719763 359.4744852910419013
v -155.8959272477520983 103.4228308537844612 345.6830380335101722
v -141.6539068055905943 85.0371237417850665 357.1582423637036641
v -136.1398430029759368 134.8498770970029454 330.6378014747380689
v -150.0879404681277549 127.1794085231886555 331.8727862870209151
v -75.1268495500432891 200.9977961894484224 180.2493711494724664
v -93.2892974286935583 199.2022613141485294 180.8856680445713891
v -94.2765845174860289 196.4368702298593234 199.3780024853625150
v -76.3029381152710187 198.2616989731133117 198.5000679071599166
v -92.3286230990780155 201.1777904071883540 162.3152949746066724
v -74.0080926396254029 202.9933638160335647 161.8656326324108079
v -111.1277351480021451 196.8333070537013043 181.6975518553108202
v -111.8763227550905412 194.0616282184169563 200.4479779070434518
v -110.3445208374193669 198.7617955423334308 162.9029352545281029
v -112.5785014710721441 190.3624032742976340 219.1530381291661342
v -95.2475131699861919 192.8128044775419596 217.7883023430766514
v -109.4869186129020591 199.9572909278055590 144.0681240585987553
v -91.3248894279512342 202.4654277885521765 143.6739349588274592
v -72.8904963187603414 204.3369445520459067 143.3876366144497467
v -56.7169977680426172 202.3229837846992041 179.8182782401221118
v -55.4650815701945277 204.3183751192003967 161.6169432659480663
v -71.7947749073153716 205.1357827485710743 124.8092716366781048
v -90.2986417885999799 203.1803803351185707 124.9505403599712139
v -172.9753540905071816 148.7447196617868883 -118.0106261821552351
v -159.3430104387641393 159.5217485754057236 -118.2560247630504193
v -159.1207061208698690 156.7921007111427514 -135.7034172580852953
v -172.9659224640144259 145.8824120043316270 -135.2957124318758133
v -158.8091392444555368 154.1742514101348149 -153.0706556189389005
v -172.7843856905397217 143.2429669230365903 -152.5151004983011944
v -144.1160608144333253 166.5560965462050831 -136.1382710652271442
v -143.7167592442267221 164.0610346816867207 -153.6337325351595950
v -185.4022124720194142 133.9048486898403212 -134.9984839782915742
v -185.2570065588508328 136.7733118792277196 -117.7504190662060353
v -185.1112864604373272 139.8159369565768486 -100.3825930650725127
v -172.8058492517638456 151.8027115324559588 -100.5932033413963467
v -159.4523262218365289 162.3070753561912625 -100.6402145637900674
v -144.4894621393023897 169.0996681158309514 -118.5217556976308941
v -185.4906523341475975 131.2515206069321323 -152.0330004126536494
v -172.4878183322703649 140.8814169301163872 -169.8697633571644587
v -185.4498554077140398 128.9437984636527119 -169.2639062285654745
v -158.4015225642880296 151.7959830512508574 -170.5102912622787983
v -196.3373313119441264 120.9249767319010260 -135.0450250884613297
v -196.1862196139623506 123.5798106430265051 -117.6826053779031014
v -196.7585959376127960 118.2683578634252655 -152.0057339036652877
v -206.6133381229020074 104.2981137052239120 -152.6380348448607549
v -205.9480117979749707 106.8433306676335661 -135.4524948585588504
v -197.1778478953227420 115.9301224986109418 -168.9067384664292319
v -258.2834608018745257 66.9825666185283808 59.4905864342367252
v -254.7414296326341514 86.6166714321998370 63.3557316113918674
v -250.5542575820820730 84.3991447263848755 48.0030416581648751
v -254.3201503159585002 64.9255097821529574 44.7646736035739252
v -244.8116751656129964 102.5980042658797657 52.3588664690544050
v -240.9144154471601382 99.4596305504209397 35.5331973901763831
v -237.1765384636289866 119.0086891245807692 57.2577884266473021
v -233.2751652632166781 115.8358209246905659 39.0863055786932492
v -249.0913271052177151 105.1511837540823393 68.6506055895958127
v -237.2788319453563020 96.3526515169169073 18.5286506100902884
v -94.1590564615017485 189.0572835946061616 -137.2817015218982419
v -94.7230515656598300 190.8451791462670712 -119.1211487831507299
v -77.0878492371620609 195.7417505427402773 -119.1185631659190847
v -76.5393384543799158 194.1618796501715565 -137.4685711309132614
v -111.9743338082779331 184.7519958477898570 -118.9931607301838454
v -111.4531409530086279 182.7051566067815713 -136.9596746485013057
v -95.3043600215650883 192.5089063067805739 -100.8123931658070376
v -77.6640452226320122 197.1684823783614888 -100.6601943333073876
v -112.5246662759278422 186.6932948945242572 -100.8478866387143000
v -101.1912668907828703 198.5603818363903770 11.2930358434178579
v -100.0014716160259809 197.9096583724193863 -7.5883164626812656
v -117.3624148803809248 193.2465564591589384 -7.9491275945530173
v -118.6653162180156897 194.0659914474953780 10.9209420181716155
v -98.8858438900986698 197.1602554144425881 -26.4074964271647055
v -116.1589349326053480 192.3117529928669569 -26.7429214989438506
v -84.4194844255736569 202.4886395796090710 30.5576471400817340
v -83.2533343265800880 202.0491727962698292 11.6540820314015789
v -102.4406856174413036 199.1447019487302157 30.2210467877427433
v -120.0298830575247138 194.8156147705771275 29.8697554284057212
v -82.1488864569782891 201.5507656928544691 -7.2231567927380960
v -81.1041869128374913 200.9692515628512410 -26.0477430477968106
v -103.7363369431225379 199.6765164020591214 49.1961864825173265
v -85.6259613387768184 202.8802136801346876 49.4741403349201576
v -66.0783792108202874 204.9922222281862787 30.8940124363087527
v -64.9793743593112509 204.6673452994317302 12.0166560841130945
v -63.9415281699350331 204.2904034418761228 -6.8505928552679167
v 6.6953933845889200 173.0534000651842348 295.6182016892129809
v 5.5227939335232241 166.2946260036540309 310.6432234223557884
v 23.3297653522178940 166.3630567142508880 311.3688416400027563
v 24.9835393554902438 173.0638306801528472 296.4900248085044154
v -11.4962978616788654 172.4359958050847865 295.8779386929382440
v 8.0587500523964835 179.2852958517368904 280.4984523429468481
v 28.2269758074955242 184.9582282040282735 266.0316888757294009
v 26.6176237366334796 179.2573241744126165 281.4647680192496182
v -29.1485151308441672 164.2004817201120943 312.7921063979724181
v -11.9768003003153609 165.5240239225790901 311.2395607784200138
v -169.3720761130920209 94.6977756881197053 344.5629956599799470
v -156.0440566713132853 75.7450397790171337 354.6532493784546318
v -111.9621329269660635 83.1417194009125211 370.0104053978089951
v -119.6742064325987798 62.1700571640979192 366.0403076666598849
v -163.8913608963629258 119.1574429159393844 332.3081102063866865
v -205.8381818296576569 109.1145603495298531 -117.9384639557808896
v -215.1380006076100528 89.4163072538014632 -153.7651289017500176
v -214.2845559380731686 91.7188361261070639 -136.1541373527850283
v -207.3325951345188116 102.2109403045025289 -169.4384353917021429
v -39.6891069778366443 188.5657078094448877 -286.7518851457585924
v -21.1924239989740819 190.1635898765932211 -287.1122261654064118
v -58.2250296363909641 186.6129203952380067 -305.3074496806693219
v -57.9435425968051021 186.0638293176794491 -286.0697523088258549
v -21.0543358786960475 190.7142969649215729 -268.2450947540813786
v -2.3989643149924529 191.4522262464329003 -268.3935326887895485
v -2.5143125928134031 190.9005789336566465 -287.2369234328057246
v -39.5627349356395399 189.0678464286377221 -267.8192906072503661
v -2.6851148311122501 191.2840435983193856 -306.1186283230728122
v -45.4753877946213834 206.2438078783769129 -6.4780289177977366
v -157.2509522782158911 147.5819411488993751 -224.3729292076521347
v -142.2785978051610414 157.2061079793543854 -224.5903561112230591
v -142.0751273582382623 156.9543335014220702 -243.6753845383429393
v -157.1327190538956984 147.5914609214341056 -243.2244293875312451
v -171.5368988313015279 137.7809533582159816 -205.6116905747689430
v -157.4675124123739351 148.3967925430524133 -206.1611342364954567
v -171.2734156207917522 137.2116768370421198 -224.1221243361816562
v -142.5253920317210543 158.1882899432150396 -206.4424964025218401
v -171.4472983796205199 137.3190387161837407 -242.9445950862326526
v -157.5301989392345661 148.2254366374273218 -262.3771539748980786
v -172.0612943260964016 138.1723511666576485 -262.2415265982922392
v -142.2296326788365946 157.3420879401282093 -262.7621758863026002
v -126.5104902470506119 165.9161415903636509 -225.3305478078120814
v -126.4566330153958091 165.2834586829862644 -244.2609093132566329
v -57.7205845290994191 189.1368060154865134 -229.7150494643617549
v -39.4580908927925336 191.9324165011706782 -230.4063494896613236
v -39.5010400517512963 190.2771219786740176 -249.0474744493285755
v -57.8037723562257924 187.5610486048772430 -248.3088106174673442
v -75.8494340747451616 183.7169997137712585 -247.2661017047747691
v -75.6873702310463443 185.1624478923079664 -228.7604865936574186
v -20.9793015604535782 191.9674692438679813 -249.4862066823178850
v -20.9527181832906351 193.6547020155783798 -230.8198131906140134
v -57.6398207181277158 190.9648667802800617 -211.2425772650319686
v -39.4417838750247185 193.8059018596021588 -211.8415002383278818
v -57.8470814448560020 186.4571663390448464 -267.0854454256844974
v -240.3150076706332925 14.8549797544561066 -35.4834830224950366
v -86.8522270384063404 203.2087927426527756 68.3938067872701652
v -144.8333198490984159 171.6048080111499416 -100.7106138693246464
v -145.3522355982830163 173.8906405540022888 -82.6646509851618134
v -159.8167807234437703 164.8338404138113731 -82.7692509549878253
v -173.0878578220981296 154.4861708707171033 -82.8698549709103816
v -230.9444516939853713 43.6092148849231833 -140.9379993435693166
v -232.2255662682420336 42.9350335555280864 -159.2418187825616656
v -226.7303363365988957 60.0103101888062298 -139.7429740703211110
v -227.7802144607065031 58.9407130605555096 -157.4405837965465480
v -142.9598638726809554 158.2303649872574169 -281.6615099849673243
v -158.4732440604524584 149.3734213062678009 -281.1740036087444992
v -126.4767596949831159 165.3287657485682018 -263.2037287926355589
v -25.1082366228895708 206.7718467429072859 -43.8364370174100486
v -6.4304865236822506 207.4088194243281293 -43.5263980057235074
v -5.6761001006753489 206.8658691876947273 -62.4082204240465686
v -24.3282065880736269 206.2350961112270795 -62.6641965299803374
v -4.9784026009221156 206.1778305659487387 -81.2574875708619828
v -23.6123083079317340 205.5495255786567554 -81.4579904343711689
v 13.6766241832109934 206.0003338193984632 -81.0482876312099592
v 12.9984689364229276 206.7483705137244385 -62.1523618461687875
v -43.6792652790415659 205.4211849415219149 -44.1458883888166724
v -44.5454250151352440 205.8806608763924828 -25.3311744904606329
v -25.9445130143733671 207.1876610049797023 -24.9775325700039232
v -7.2362561209466882 207.8328606503194180 -24.6151935734043761
v 11.4966256547725099 207.8386195250626542 -24.2277035728241934
v 12.2696811340161336 207.3533755639175240 -43.2068392215022428
v -26.8339800330694231 207.5115536362653756 -6.0952400394569244
v -8.0903145991196990 208.1650096275380122 -5.6877702693594125
v 10.6828154857404591 208.2284160137415086 -5.2381079271635436
v 29.4183099652354620 207.6706278600400992 -4.7174586391531665
v 30.1765991460701883 207.1675343253923813 -23.7914394290105307
v -143.2621607236795285 161.7561919757789326 -171.1456479329298475
v -128.1685172968489042 175.1868281014389481 -136.5805291398960151
v -127.6905894571888069 172.8979104471170274 -154.2177294453454977
v -127.2240912209731789 170.7339251163064091 -171.7831201085886050
v -110.9407920839521324 180.6355756869403137 -154.7846847874136813
v -110.4939210330858970 178.6128296974088130 -172.5266025907451706
v -128.6520277191682453 177.4898785044929923 -118.7737358496611932
v -129.1052452850576344 179.7310797680852659 -100.7885349704422282
v -142.8051675689916351 159.7753153561918396 -188.7450042043523979
v -157.9132228736873458 149.8277113156680400 -188.1637104394541495
v -228.9778253511863397 72.2912501433104779 -244.6163141545531232
v -219.5790626411021833 87.4119984780524817 -243.3672259755521452
v -221.1480621884923607 88.2974768883485694 -261.7400343834072487
v -230.6015929726652018 73.2279193674912250 -262.4111195830775500
v -234.9982881650232684 55.7477916361129715 -227.9934985003039856
v -227.2609608183609282 72.0991505358041707 -226.3330621253579977
v -236.6956577315622781 56.3814037496829954 -245.9786993795229364
v -208.9900345440371723 101.3760136492866764 -242.6532430354476162
v -210.4750162224055998 102.2425626970657930 -261.7240505677934266
v -218.1405339268615364 87.2191937022102621 -224.9135582651798302
v -222.8409656889039923 89.7529369881544454 -279.9199792513921921
v -231.9258550344751200 75.1981229704942677 -279.9893208044229027
v -237.9001733953312225 58.2740314902329075 -263.0275542367151047
v -200.3689402893940041 116.5026236958208870 -280.4342820243793994
v -212.2399203481145946 103.5830656671120380 -280.0859288664419751
v -198.6362388510247285 115.1915247762812129 -261.8172503161889608
v -187.3806650754518444 128.4533685770373097 -280.7821650700929013
v -189.3397843136748691 130.1467274986658538 -299.1856483005599330
v -202.4076994765533755 118.1761497580020972 -298.7090720335436345
v -214.2648552976887970 105.2296631134658469 -298.2382546412706006
v -248.3243096298502621 55.2429094713632409 324.9557900801218580
v -248.2136863471550612 38.8504598250985396 326.6115253328284780
v -227.7546521085299105 40.1658595369368925 334.5590075345976970
v -228.0656166536573153 56.5948457176057076 333.5125377241135993
v -228.3280861846842242 24.3164042003265806 332.4902786931623382
v -208.6952154156006145 25.0557860551548330 338.5161771795885102
v -207.8662165817084428 42.2555304088479531 341.3528343388251756
v -209.9915351821002503 59.6721929899946915 340.0097237150367846
v -231.0937563981063931 70.4328524490659902 328.6732024909047709
v -248.8155769038645815 64.4096277259134382 322.1612079649275415
v -248.6427518975396822 25.4212009813445938 325.8377206122279404
v -256.2671788554221166 130.1534706708779652 131.6251937154306404
v -245.7841023008269588 134.7922589675566485 116.3275068924043154
v -237.9764344126580227 136.2462132391452201 98.3823830802759858
v -225.6065477562841579 149.1774432729140187 104.3485773142621724
v -210.1207719706619628 161.0858853994795652 106.3346839323405817
v -206.8253587358976517 159.5165332679214316 86.1207985274916439
v -220.4736715122475346 148.1747232812701043 83.8622618756416642
v -231.9115459936590469 136.2973379434983769 81.1729848986092861
v -248.8757512685285178 141.6660195408604750 144.7878658734464921
v -232.9834606282636855 149.6085949462923566 129.3192932570190123
v -213.0963326010650576 162.9106259966915502 128.5358512358277778
v -241.5658587704740228 121.8710408550570037 75.4841568767460132
v -62.0427963159774336 203.2862290405394106 -44.4634491960862022
v -61.1833503700818611 202.5957223296177574 -63.1935428941335573
v -79.2210275262978030 199.4195559986564774 -63.4964126944050520
v -80.1202346826335656 200.2718106966265168 -44.8024001095448767
v -97.8458160861832340 196.2764150514267953 -45.1496955149784398
v -96.9077291798271858 195.2182218173582839 -63.8005753032923835
v -78.3859980340329656 198.3931247217177258 -82.1146196831553681
v -96.0396963403412656 193.9701913908611743 -82.3587254554347226
v -42.8637160620561275 204.8357776946641877 -62.9215829725859237
v -60.3793629756038754 201.7437320697736709 -81.8665179569725439
v -62.9607859247601809 203.8404619705472953 -25.6824658497976586
v -42.1144893961633144 204.0957916721731635 -81.6534395914730311
v -186.8892655823745486 45.0467923564606991 347.7842046183971547
v -164.5066937244756389 50.1435985055653859 354.1363609882357650
v -173.4661071792765483 68.8978846193867582 350.6742195150507087
v -191.4044290551647691 63.2656904295009070 345.8875368509227997
v -140.3338169897681098 55.9653617770021299 360.5712571094872487
v -183.7124822291193595 87.3787453837124275 342.2660273338231036
v -198.6597885352425692 80.8792602501940650 338.9700705317998199
v -177.4448726045544902 111.2824681792089478 332.0088837758506770
v -191.1839611131452727 103.8095275399867603 330.7344095367571413
v -143.7148934863379850 37.1172809290018080 356.8115345985499971
v -166.3295979458128784 31.2602041494935357 350.6429570521588630
v -188.0987614975158237 27.1785355656978496 344.4964747802928287
v -93.6165175730643000 187.2016625006842787 -155.3047464351441533
v -93.1441135520354635 185.3265611314830323 -173.2481073264327165
v -75.9594550261534494 192.4816397977922406 -155.7239690108400794
v -75.4979150047996797 190.7027057604001072 -173.9128460110798073
v -75.2708067276170425 188.8480542729401179 -192.1322803058754403
v -92.7074380600258650 183.5097242960359836 -191.2616324671438690
v -110.1118813961019782 176.7456027079585112 -190.1843703059919335
v -137.0586479626470862 189.3526756723156552 29.4768591372502584
v -135.5445046353875398 188.4200317840523553 10.5166455055856805
v -134.0857904775316172 187.4296816203007836 -8.3310937765019393
v -155.2977094427920974 183.6823289372559032 48.2158849675524124
v -138.6690026947367187 190.2276132850906549 48.5833951986152712
v -153.4042296238363008 182.6157324471845413 29.0128583722243079
v -151.7009248904700485 181.4766505285848552 10.0397166544014560
v -121.4513775491511325 195.5104700195702208 48.9051870159002391
v -214.4319508112844517 95.6602717026029978 -101.5127428514173857
v -214.0678048208241648 93.7325618373417768 -118.8581209938579093
v -233.9623811885707880 42.5635236978100195 -177.0589545417230966
v -237.2168212048175917 26.7577392158772440 -178.4369709981388326
v -229.2874970876979432 58.1032375156254943 -175.3296467259703491
v -235.9902690305516160 42.1363128870588923 -194.6549024995221089
v -239.4633993769711822 26.2671881284540909 -196.0867468055786560
v -238.2975504436210770 40.7848687895508633 -211.8639480970208808
v -241.7032490679196712 25.2667287155120022 -212.7342433515844959
v -231.0433956261171318 57.3482556477412047 -192.6325972402005391
v -238.9514765471176361 10.3690187899202027 -178.7507709076168680
v -224.4546846615961897 72.6858873187952099 -190.3970960873234901
v -225.7925505958862971 72.1552775280401590 -207.7561074842581945
v -233.0616902405282360 56.1481913590926851 -209.7264653428347003
v -216.5638803648253656 87.3596984931394758 -188.0368976670471000
v -217.1390185977914769 87.2337304536348199 -206.1918090591073565
v -223.2009247423698639 73.4342912882961230 -173.2967639416102088
v -106.3219762112872786 200.5097903189876831 87.2364923629504574
v -88.0590785722879588 203.4285114433153865 87.2950213348306221
v -105.0453644306754910 200.1464523339122650 68.2104630199346786
v -122.8911403079795974 196.1463849484871673 68.0211253217439946
v -124.2702365534096884 196.6857799614270448 87.1736148529988668
v -140.3193169658610486 191.0487230482248435 67.8076943720765399
v -141.8684542717898864 191.7953787878930143 87.0844110585067881
v -107.5017522192715234 200.6841431900403734 106.2350201408659132
v -125.4926238271917214 197.0474431717046855 106.3158794433830963
v 16.4388493554921205 194.1428841781230972 -230.8724657596949896
v 16.3910944008691288 192.5073931330597929 -249.5392118355668174
v -2.3190305459161418 192.7026366160636712 -249.6411086601051750
v -2.2892123926498167 194.3825826483030426 -230.9669583167063536
v 34.9641191975969861 190.2389841245071409 -267.9375238315705019
v 16.3081985575068416 191.2999686499052530 -268.2928111448110258
v 35.0588908837413129 191.3567934649736628 -249.1926215984691453
v 35.1340794575572559 192.9022580191529812 -230.5487934935142675
v -204.7814870783029448 120.0096902684059188 -316.9236876780439616
v -216.6527462661564982 106.8689885113556386 -316.3345195333947117
v -224.7645914542197545 91.3948259667653815 -297.9002439522598138
v -191.6208275882458452 132.1366390875567731 -317.5156764960368037
v -227.1309013334073086 92.7774774358889971 -315.8786282042316884
v -252.7234435293700017 144.4580013478161220 218.7083119653216272
v -255.6468070119090896 144.9171246985187054 201.4283969500643536
v -258.3183960165158055 143.3934028346964737 184.2573129146485087
v 48.4163584490476069 189.6200079266589000 251.7962206226889919
v 50.1350667032512760 194.1852383512984090 235.3632127788544608
v 46.6854052405110735 184.4196265054663115 267.7974303888372560
v -110.4173588501156331 172.5664960202483371 -283.1290828200430383
v -126.9015207803173126 165.9640930372052310 -282.3032131706415271
v -110.2763251829344995 172.2027173049629880 -263.8576548961320896
v -93.8427003168060452 178.9986302321842118 -303.5122086255093450
v -111.0939678684171525 173.6774005874258080 -302.6006610232952880
v -93.3909518516164638 178.1091779044951693 -284.1378261245561703
v -127.9117625675442298 167.2657750212591736 -301.6968702727760956
v -94.6111868928732918 180.7488580419021673 -322.1713153777421894
v -112.1996865101242946 175.5155981470479958 -321.2393178937868470
v -75.8815192340288718 182.5949005992613081 -285.1652563899708070
v -76.2033771608453350 183.2947801726477337 -304.4954483418738960
v -76.7664173495485471 184.9434343599812678 -323.1236452153828509
v -128.5948503199318793 193.8045209049443258 182.6001673252701210
v -129.0613779381614847 191.0616070613621105 201.6458238536352781
v -129.4660711079363864 187.3083779755180274 220.6494053379580578
v -145.7294712759785966 190.0449746860910807 183.5410969414802764
v -128.0225621423234088 195.6396921171249232 163.5512200113373922
v -145.4098390367223317 191.7150483616277370 164.2093771248493965
v -144.9083027488163964 192.5408298649873302 144.9096249394462177
v -127.3325549256396840 196.6903341735964261 144.4874641623506761
v -108.5446814970690497 200.5499261501063017 125.1813654619243437
v -126.5002506151729733 197.1044148968430534 125.4175968544527535
v -182.5089067897983170 125.3856806417495164 317.6102865811041056
v -201.7003274895979814 141.4956773147182503 285.0714690012953270
v -185.8474822031228655 137.5684185599754130 301.5947383921257483
v -129.7320958626567915 181.7507994101752047 -82.6047116766098242
v -113.2152978604089810 188.4332389993435868 -82.5204440604691030
v -160.5785241272989197 167.0234762428405872 -64.5618045219025873
v -173.9015486266983146 156.7784674566485705 -64.7802891779773660
v -185.5454497902502737 142.4206524973285468 -82.7711314038835724
v -146.1262606839885336 175.8945820545763183 -64.3839845731983615
v -147.1912411632901012 177.6030580224058326 -45.9254982125306910
v -161.7561258662474586 168.8619088585747363 -46.1978107182462807
v -189.0944738788216739 167.9702088068149806 66.7301971548126289
v -203.5261846033418180 157.6335869009832322 65.8452108932509645
v -191.7595547673282965 169.5358294225956115 86.6326332113032009
v -175.7393789111455646 178.2873798193813286 86.8459466329146750
v -173.5753201252999531 177.0203686118427697 67.2271057755141754
v -186.3420843357257297 166.4005040910888908 47.0641100189064332
v -200.3259984759387464 155.7057741986730264 46.0953262534279844
v -216.5307815260588029 146.1489215622829931 64.3198142546309413
v -194.0822029737176990 171.0592280842639070 106.7502631383010083
v -114.0718717144364405 189.9378919360823943 -64.0453862439076431
v -130.5609771684929683 183.5130738456315385 -64.2249691134516354
v -131.5810766214155478 185.0216052082178066 -45.7023124342165374
v -115.0616856564325730 191.2204462290248728 -45.4444558793870215
v -132.7616900167986671 186.3134442175830543 -27.0657710687326762
v -148.4679337444403870 179.0763897322248397 -27.4088354641508012
v -149.9948582477882155 180.3370984977612466 -8.7701785936592227
v -163.1756884904536093 170.4850594577596894 -27.7983234416827187
v -233.7673286886578694 76.7090122397037248 -297.6604867180518568
v -239.2697278317160681 60.0412457767923371 -280.1100221179187884
v -241.1106138456189001 61.2137791183265421 -297.5451916951312796
v -236.0643704698497061 77.7568189318246112 -315.3720822829394024
v -243.1997484957745428 62.2078571251038639 -315.1447830226658198
v -59.6904722754519952 200.7020809095849643 -100.4820218004352199
v -130.9980346266845288 171.6444884210516477 -338.5380373980016202
v -132.6830343653311957 174.2800844585132154 -356.1795862415224860
v -150.0027326275391601 166.6032693696757576 -355.3170478386538775
v -147.9679547032762343 164.1268944660589284 -337.6870167446194273
v -114.6420003140162009 180.7929604449102783 -357.1054722665667214
v -113.4429276683400474 177.9986133858279516 -339.4444137657524152
v -134.2724837944626586 176.6991644348377122 -373.2929640014500592
v -151.9508336105136550 168.7635819487368849 -372.3492137118962546
v -115.8782852804183818 183.4084004207705334 -374.2411803571312703
v -24.6484889043895485 148.3082498438752452 345.2611123125265635
v -27.6744268341647874 156.4859695073176908 328.8793467011012126
v -43.6226020650501454 154.3911200554398135 331.4576771932843826
v -39.9305610233528583 146.1190841270699821 347.8389726924858678
v -19.4444953318513178 140.0898654730622184 361.3972442869447832
v -4.7720954123667978 141.5924029047933175 359.6258614271496867
v -9.6039428229463546 149.7338357809506135 343.5423820218123865
v -11.6589052726366216 157.9819547499276382 326.9843243264106150
v -45.9208631998228114 162.2513964396687243 315.2204710907196841
v -55.4485321508112463 143.1859364338702107 350.6671678316916427
v -59.4144576359729086 151.6269189427174524 334.3888269095324404
v -2.3249152124067924 196.2575958714622857 -212.3298293109425572
v -20.9747840758016828 195.5430252910778677 -212.1984329443521347
v 16.4069496701717590 195.9764981435618836 -212.2465019192497095
v -250.5338077003408159 141.7878520618951654 234.0031781150043457
v -235.7176039406680843 149.2468582809797226 233.5003930915035824
v -115.8423878048186850 130.8708766156130139 344.4010419988335912
v -106.6889796026087112 120.0912033207345218 358.9496049930161234
v -94.6242692346050376 128.0600462466788940 357.9254655131690583
v -102.2692636022847239 137.9503259778963411 342.4658250289963348
v -74.2904097211066414 126.5855980203280637 371.0745044166907292
v -82.3321494237752773 134.5115432058381941 356.1174138999068077
v -85.6394697197115136 118.6924431624375558 372.2688245216029941
v -95.1558265953114528 109.7072690268655890 372.6232891384515824
v -122.0827456114022027 141.7592339802629908 328.7300860700011640
v -107.7980771759253855 147.6136590330081333 326.4911766035005485
v -103.8244682941037524 98.3202915391987915 371.9931037022638520
v -58.0472684517147286 199.6226150973833171 197.8734083126517191
v -77.5324137999296141 194.7189038715090703 216.6339417771989986
v -59.5124172706358081 196.1598272198903601 215.7534215817647407
v -41.2098612582452830 197.2273639344096239 215.1627255723877568
v -39.5811794949255784 200.6096744755673171 197.5330470625212342
v -283.3352417212465184 89.7187289783595219 143.4936469209475547
v -282.0855365199516314 103.9506493532098830 152.0036183986575793
v -276.6287088806013230 83.6899069815407159 123.2191170392107438
v -283.5978581623433570 82.5567896117822357 140.8485604929652766
v -280.5455370203755479 115.4755827420917313 161.1317874508449393
v -267.2155930566800635 124.0641364162342484 145.3470643638197259
v -159.0456056930958937 185.7024305455277613 86.9999083862540914
v -157.2525829799926669 184.7095241465585502 67.5815703923627780
v -171.2291369256996916 175.7604384696772399 47.7267331985458299
v -177.5337972699136060 179.4904557644644569 106.5410631986489847
v -160.5429278173426724 186.5756346194770003 106.4394014302225742
v -259.9228890368132738 46.5506336150628499 57.2412169707535199
v -263.9702320827580593 47.9439103549977830 71.7737961493221803
v -268.2552168579030649 49.1214900574358140 86.4898366232823008
v -263.7820696651272101 27.4902768978202872 71.1724050868506026
v -259.8260459186822118 25.6687499583891174 56.5146585286586784
v -268.0530979836240704 29.3153553881932325 86.2513721976901877
v -262.2626081933344153 7.0552638329188282 72.1960744544737025
v -266.6785779868739041 9.6685015350112842 87.4845940891332816
v -258.1949327937043108 4.8076471902080744 57.1314457664641964
v -145.9097152408374711 183.6220517355429536 222.1899630958000387
v -145.8768073851618681 187.3857702003836607 202.8979677620918380
v -113.2847055229712083 185.6705069873210334 237.7506777081192126
v -129.8268381667871267 182.4694834725191015 239.5432156179915069
v -11.5419767933754454 -163.2542633413826252 148.9563509630970657
v -15.7656835419557613 -156.1185474222968139 163.9715003395371866
v -32.8334640889131535 -158.2236511970593256 159.2689677634940324
v -29.2523401500510332 -165.1761996408936000 144.6604654607595251
v -50.1551640008245911 -159.6334883746328046 155.1395019884302542
v -47.0818714463670602 -166.4367761873670304 140.8800580119690551
v -8.0816652687496067 -162.7571637375900764 149.9005713648748213
v -8.0555464946829733 -154.8784501395786606 166.3490929120992519
v -20.8081917291957126 -148.6264276734386840 179.0430631828497781
v -37.2389408307042871 -150.9303595369125901 173.7933199781437850
v -8.0267824211687575 -146.2667581294142281 183.6950586948196928
v -30.5852295057205446 -102.8558755117162775 263.5356280227351817
v -43.9568445107659471 -95.5951097410632116 271.7630620538589596
v -55.0987980382160103 -99.8506390471771539 263.2653134939712913
v -44.0057288365519099 -107.0105657457957022 254.2753574356214870
v -66.1155988770498055 -91.5275151419716479 273.0373012368405625
v -76.8331732853476126 -94.1832305135170174 266.9060976122524380
v -66.9011123302277610 -102.5735070117105323 256.5852538479365990
v -55.9517946320394444 -87.6191490222282852 280.3828047358583149
v -56.9513266751647862 -110.1716517580734944 246.5255574240177907
v -47.5116127830735948 -117.1021783824177191 236.4042762987632500
v -34.5092635844273090 -112.5414434059195941 246.4461084581724322
v -24.1633716531797944 -105.1485393728226967 260.7873519615986879
v -86.9454928963333629 -84.9219535924239608 277.4199224444944889
v -77.0884074954279868 -82.1641504132492457 283.2232227928864745
v -67.4418515703079606 -78.5158077718676140 289.6423701546360689
v -97.6350221722719311 -74.7764249601191580 287.8629953870340046
v -88.1540045140057629 -71.6868033513833041 293.6865105610552860
v -108.6778114024852471 -64.0639042582286606 297.8267889172696528
v -99.3495655259916504 -60.3085963948943373 304.0188720748575975
v -78.7277035113037726 -68.1046363510243253 299.5161371939877313
v -107.3999582317821364 -77.5903110585088740 281.8434434156309862
v -118.0555512815552248 -67.8514588819236764 291.0383684036174259
v -129.5660287195510136 -58.3406037884445041 298.9423652246724714
v -120.2844635177936681 -53.0120837314632993 306.9918617790360713
v -231.7768588415010527 -37.3193924577772833 -138.6639489883293948
v -235.7089215555322426 -21.4191833647405083 -157.8055084103777403
v -233.2092907878374888 -37.1944417705072397 -156.7217822061466563
v -239.0274437443044633 -6.2697471660830892 -177.8943439636593951
v -237.6440063063064656 -22.3777072982067047 -177.1275909264179234
v -247.8832562177552461 -5.4648498473591598 -263.0391895142575436
v -245.6658984585207577 -21.7368580273142769 -263.1424966754677257
v -244.3368030554084953 -21.7871086167510590 -245.6654871103248183
v -246.4125835802029201 -5.7545822146226664 -245.6684253117244339
v -248.2570248177992767 10.9197593921082738 -263.0516474881918612
v -249.8243495903916767 11.4499982349366185 -280.2833760004955934
v -249.3861756156682645 -5.2159612341140047 -280.3987885514721938
v -247.0738698782054712 -21.5903464508987426 -280.6199763528346125
v -241.7709452281665961 -37.4576348336287950 -263.4398426571079881
v -240.6108992425807287 -37.3974017049368470 -245.9480245569110366
v -244.8670749530025716 -6.0395464319273726 -228.5291913794803236
v -242.9513823314657657 -21.8854557267235315 -228.3719388405733639
v -252.9607620564162573 -21.6268995126857320 -349.4418203199995219
v -248.3588922603236426 -38.1954135323183834 -349.8186152674851428
v -247.1876664184122774 -38.1484280191869161 -332.8998639682675389
v -251.6790892238936692 -21.6035830482039728 -332.5079079015599746
v -249.0379399857868350 -38.1128904732586733 -366.3952423957324527
v -253.7596883989834282 -21.4347503230308014 -366.0939004601887632
v -245.7849837612468491 -37.9843735440398547 -315.7293675731316398
v -250.1533987651336872 -21.5099719516124921 -315.3236607238738998
v -240.9907352285149500 -54.1823252759058107 -333.2368169047745141
v -239.7182736573801094 -53.9491826675987411 -316.1005211739300194
v -242.0433605709311848 -54.2881519448161640 -350.1531001148163682
v -221.9526739507677746 -83.8461384954613180 -299.7815155444002357
v -222.9566426780065171 -84.2454474111714262 -316.9730494615573662
v -212.5058275747790333 -98.5016152930720494 -317.4342295532396747
v -211.6480931311987206 -98.1274720723495761 -300.2804221420535100
v -200.1373659460839747 -111.8109918469702677 -300.7171563980911060
v -200.8675236848933423 -112.1027993189722451 -317.8606213403506331
v -223.9505186834376218 -84.5338906425708529 -334.0613937455602240
v -213.3712601060263125 -98.7331235268505907 -334.5050621569009195
v -210.9070493562038280 -97.6696856032837957 -283.0609165475721625
v -221.0851112235057769 -83.3463137098706568 -282.5039510902626603
v -230.9214749590404381 -68.9987383824282716 -299.2782604086755214
v -232.0736318738683508 -69.3747179790254904 -316.5138673468267143
v -233.2035172220872710 -69.6667751981464392 -333.6311235326017481
v -190.6539977266981225 9.2114225297512498 337.6328363108106601
v -211.0725435500366984 8.7244257478336849 332.5391703644517634
v -214.8241860071250073 -5.8239999772521962 324.5512585114239528
v -198.0122824018041570 -7.6062945824951118 327.3796887067417174
v -171.7205217277699774 8.2631552146395233 341.3119345753426614
v -182.6290792270422401 -10.6670905991249363 328.8412676109622907
v -219.7612311278778066 -19.0694063775533529 314.3620461698104691
v -204.7625062972614955 -22.4118124709526434 315.4254400203562909
v -173.4614648210651637 -20.1589447114280311 324.3488751990190053
v -164.1285472043462050 -6.4654772886937906 335.0655534558899262
v -139.3520463741033950 -64.6626582849441007 288.9743406844214064
v -128.4062912451121008 -71.9141760666919083 283.1762115704927396
v -118.2688573576632081 -79.9482323727005593 275.7355103461277395
v -150.3024291702990638 -57.5537901811472210 294.2988317327333903
v -158.2209847792891821 -66.7561708551851467 280.9711501841156291
v -148.2189799398516641 -72.4790305947593652 276.6160305415619973
v -138.8734133661073997 -78.2211649355150058 271.8770642681637355
v -129.0490815653041352 -83.8122169603028624 267.3021671609195096
v -244.4510550168322141 -21.5771979996355014 12.6705821876096483
v -247.5783737495250136 -1.2158148845262924 12.2413697271550443
v -244.4655403497322652 -2.7672710740909827 -3.2684552369229314
v -241.4511366968263815 -22.3607850945208426 -3.3966783460017851
v -238.7590390464503685 -22.8984171866209500 -19.7362513853288029
v -241.6207737546326939 -3.6042737522332438 -19.4027067624454084
v -236.4423260068881802 -23.3313336172149342 -36.2669250436862711
v -239.1113147032562551 -4.2862628927538271 -35.8796700992180533
v -8.1522234207973590 -207.6952352967618083 -174.2736571429515493
v -22.5066631212595851 -206.8327703489281646 -175.2472595587253750
v -23.2040746054703249 -207.2272532688394051 -193.1698179841046965
v -8.1481944121281469 -208.2162959329681371 -192.2721386924967533
v -8.1559250954668947 -207.0903771566387093 -156.2467338038581772
v -21.8083499764943411 -206.3574868905276958 -157.2726362045449946
v -41.2741564503721889 -204.6596472117647636 -194.2134671212451451
v -40.6605094153124966 -204.3959730181639998 -176.4381713500141302
v -23.8767776522862434 -207.5250840537105717 -211.0863824786288490
v -8.1437366096921799 -208.6320955040335434 -210.2840184404241484
v 13.0830110907569352 -208.2679642045802382 -191.0299846687988463
v 13.0938098990884288 -208.2678760585382349 -191.0293970285189289
v 13.9362197859939041 -207.7136725105443418 -172.7911582447657963
v 13.0790133004775946 -207.7237211593310064 -172.8485119360861404
v 13.0830744457246144 -208.2739728264424173 -191.2853731344526977
v -41.9107692021215570 -204.8492052750603989 -211.9922887341556930
v -42.5244713284574871 -204.9634719274911276 -229.8050759552457123
v -24.5351092215063353 -207.7181238856647667 -229.0386755021721967
v -8.1387990540589339 -208.9319536478704435 -228.3353876151622615
v 14.8485349933236552 -207.0623026422654505 -154.5262405923042479
v 13.0753754398697062 -207.0893194041348409 -154.6586947113985389
v 15.8155154376930973 -206.3479965000069853 -136.2319409258466294
v 13.0719570261788505 -206.3993415694651219 -136.4584174897283333
v -8.1125274017007296 -208.4932507968950972 -300.3219095458159700
v -8.3100351361581932 -208.4926631566151798 -300.3252003313835417
v -8.5229422596073778 -207.6890356918086411 -318.1497403580719947
v -8.1032284533649417 -207.6905047925084489 -318.1451567638886218
v 13.1199470369138087 -208.3047945591243035 -299.9669748167434591
v 27.8870332510644801 -207.2145161657720962 -299.7240443250239537
v 28.1934362385190092 -207.6498107031239044 -281.6042738217029751
v 13.1119083015220710 -208.7772132711601216 -281.9411092301539270
v -8.1174071114939199 -208.7783591697059933 -289.3597151799938842
v -26.4084366516125790 -207.0373720033898053 -300.6328887819503848
v -26.5826701582334053 -206.2348316731010982 -318.3336717656873702
v -8.1204545772580747 -208.9490980530371473 -282.4265001013690153
v -26.1133420667947895 -207.5130374279721934 -282.8473680698487556
v -26.6350178889191547 -205.0253798309808531 -336.0161203726908639
v -8.6234223201583795 -206.4701816052096319 -335.9346734298937349
v -8.0922689621444075 -206.4721355091403723 -335.9319702846061091
v -79.3875280541100494 -194.2705637199429987 -301.4490036027052611
v -79.5148843937760148 -193.5772657176917164 -318.8849958763096879
v -62.1327934248473994 -199.1551472547058381 -318.7213968223795177
v -62.0125548780719811 -199.9063865885573819 -301.2058380548737659
v -79.5082807861303991 -192.5406094998823505 -336.3115859054353223
v -62.1198653386891309 -198.0315202754680968 -336.2304915468061495
v -61.7480579880793528 -200.3684481406595808 -283.6136509948662479
v -79.1352761184502782 -194.6992473041457004 -283.9375583171589597
v -96.3958357319876313 -187.3428136959214214 -301.6457455684229672
v -96.5453754922206429 -186.7338420738388436 -318.9993506747823631
v -96.5892501846202691 -185.8078679027526618 -336.3468443222305950
v -61.9485388150780381 -196.4824417335672422 -353.7828365958350219
v -79.3388200204080505 -191.1088239578538150 -353.7915336719778452
v -96.4701428453837053 -184.5246378234882627 -353.7566278393505286
v -44.4733068617818859 -203.3861866521540378 -318.5342921572525370
v -44.3370624628821020 -204.1727137848148743 -300.9288244269188226
v -44.4769869590348961 -202.2076153067436337 -336.1218956230766821
v -44.0579847484439213 -204.6491137597471663 -283.2467284040833420
v -44.3473241312702342 -200.5741222386320715 -353.7717889585724720
v 31.1195340847355943 -206.7982171004687757 -190.0156000175985014
v 32.0487182408508389 -206.2178929420323641 -171.6202262229943756
v -236.9098085405726408 -90.0937977325228587 159.4520764747175576
v -223.7858031129756284 -101.9446290751456274 154.4949781294124307
v -222.1312137588149085 -100.2069914584249943 170.5109964306147106
v -235.0791033945194499 -89.8715227966425942 175.5870331685759425
v -232.8395034506899606 -88.2810082695037721 191.7452604175192050
v -220.0169134136716309 -97.4222449724158821 186.6607616595271111
v -210.3036309347665167 -113.1364365348435257 150.3427119114876973
v -208.8759294926834400 -110.0818676688050033 166.0928817500535217
v -207.0316645471710615 -106.1789078396369064 182.0785778128118579
v -238.0940653056912879 -89.2803787115521459 143.3930429050250268
v -224.9153799500475941 -102.8673932612027357 138.4914178021444684
v -249.7373788289633012 -77.8475652820514767 166.2950300063464795
v -251.0903911914683704 -74.9370417396286825 150.6562767648537431
v -247.9807163581802172 -79.0754469924507788 181.8336493441406105
v -59.7755846244951172 -200.7534700520641024 -212.8510662392328641
v -59.2131981856033178 -200.6892262784616889 -195.2133958215594305
v -248.5800506796720697 -21.5055701586407046 -298.0230607707633794
v -250.9950171740371445 -4.9572360734957277 -297.7723734273488958
v -252.6914171341142890 -4.6851889240940441 -315.0233765408340787
v -244.3652889179776935 -37.7304137788165690 -298.3802285328996504
v -243.0164781834740495 -37.5426076181054285 -280.9323659256407950
v -159.1246139287313497 -165.2764951456692017 -11.4233744575044298
v -158.4228832884631686 -164.1823089444555137 -28.9033222240469527
v -143.5817929629357650 -173.4981996840637635 -28.4535423537951004
v -144.1390081673642669 -174.4636338999466716 -11.1324925189433266
v -144.9150165390144878 -175.0106535455185224 5.9738335576251593
v -160.1937519630133693 -165.8746101135802178 5.8213996690135437
v -171.9361563284871295 -153.5757544760418511 -28.6425274678178283
v -173.0754586121917953 -154.4870964041579953 -10.9345752726657928
v -174.5555041122088653 -154.9433843905099764 6.3526264820625062
v -158.0568862311211262 -162.7445294715717807 -46.4172355987689400
v -143.2654074362260985 -172.2409433051718963 -45.8165497046332604
v -171.4887270193549682 -152.0568806445289738 -46.3189821439660747
v -127.5907053006091587 -181.4195906574044841 -27.4242316394847414
v -128.0376644975173974 -182.1604728313224086 -10.2302296331519802
v -78.5298229925437425 -104.4348796348721322 250.9920936636445390
v -69.5228400570831866 -112.3492703433782935 240.2274639599320096
v -81.7236405684131455 -113.6080398959909701 235.2802379713295693
v -90.0525527303758793 -105.6175056982139893 246.2507768291265506
v -87.7762399600582768 -96.1474622221753492 261.4050794238520439
v -74.1773183492357759 -121.5254128789177344 223.4778355332758224
v -60.9773751064659066 -119.8639628244889082 229.1212977255291605
v -87.1516591430402912 -122.0020772919759935 219.5883620485319341
v -93.8491349778711879 -113.9564003994318853 231.5983190334539188
v -82.0078013712726488 -129.9968057722508945 206.6891877920328398
v -67.7857680441319701 -129.3809881409072489 210.7998490781391752
v -53.4840800770479348 -127.4047832615455178 216.8732288991830046
v -38.8610667321511229 -124.1807536297846468 224.7751102152303417
v -227.2615043856198440 -60.5870497415351039 -37.7094644028373693
v -232.4491780857591436 -42.1602922832314420 -36.8479837524725653
v -230.8217377125307621 -42.2771665894043096 -53.5630589306693778
v -225.8316286745010757 -60.5581672217769693 -54.5836725688368958
v -219.7283379632092135 -78.1422595369285631 -56.0016485642872794
v -220.9636019046250226 -78.3714319005944162 -38.9116588875006073
v -229.2520183057976908 -60.4265945631025616 -20.8314953390463451
v -234.5928457538914813 -41.9005809887684180 -20.1547687926888379
v -222.7964372466929319 -78.3408966425489979 -21.8478779671984320
v -234.5973999660608627 -23.5963795835941141 -52.9619029243097614
v -92.8818643861135342 -191.0222204716003773 -93.2219611981180520
v -74.9219540754416897 -196.1442400614654673 -91.4186107070952119
v -74.7157731377277656 -196.3830864532395140 -74.0159964013903391
v -92.7695296011030592 -191.5885294093606603 -75.9200684363917162
v -93.0614986741820189 -190.4747747868256056 -110.5196229498289568
v -75.1891614562254631 -195.9218182155152022 -108.8504894987401599
v -110.3499932375261352 -184.5917316524482885 -94.8607724107629053
v -110.4569731504858368 -183.7207606115627527 -112.0366750964740987
v -110.6041990771166468 -182.9014431512823364 -129.1917753162760505
v -93.2733944136181776 -189.9714902690868996 -127.8206930151633998
v -36.9370920554191500 -200.3124166399690864 -0.4754009864564279
v -36.8771050010944208 -201.0843849846948501 -17.6077007633974425
v -17.5943062377669825 -201.8464075176829340 -15.1088192370595991
v -17.5990477602755995 -200.8683243447747486 2.1099811890858464
v -37.1495056528519996 -199.1708372501797442 16.4498143558402781
v -17.7738340160347263 -199.5121681067720942 19.1102969591565106
v -8.1849875800607581 -199.3620700882731569 20.5235718323675229
v -8.1849572798588248 -200.7979544212541612 3.4542670934340842
v -18.1312386706588065 -197.6439715108598989 35.8480550521582799
v -37.5396363619400759 -197.5266197469595966 33.0846178717998143
v -56.3370222175419286 -198.0666317821933831 13.9689146220680307
v -56.0531552348223912 -198.9442725402560370 -2.8880169197018049
v -36.9427407476098963 -201.6162582020517107 -34.9104162215156677
v -17.7718066570689963 -202.5750227007575006 -32.5180151138995868
v -8.1832930642223278 -201.8454672932350604 -13.8231798326475204
v -8.1805449277257587 -202.6386347610589951 -31.2758610902016905
v -37.1631682893601720 -202.0101534816830622 -52.3575736604385753
v -18.1033129027314175 -203.1624279245669698 -50.0841109454785922
v -152.7602787140914131 -20.3431038296519056 328.4379113228242204
v -162.8833815242137177 -30.4806552451567789 318.4017205101022796
v -191.6449796037506133 -26.8365050498972124 314.9153682573845003
v -181.4251805855672330 -34.1635107347285469 310.9076615483204478
v -185.8185115373227347 -129.6390503698347345 -131.2011524894393517
v -172.8247859597843217 -142.4646520632876729 -131.7027622323802802
v -172.6153362730133267 -144.1776234792586138 -115.0064915431409531
v -185.3880503412732992 -131.5274617913762256 -114.4952444996093277
v -197.8955182781837721 -114.1899947562041433 -146.7662156398299373
v -186.1037521291966073 -128.0040294369953813 -147.9142296906844365
v -197.2776145238464096 -116.0145149883111628 -129.9654625088205933
v -173.0056322559301236 -140.8755258363101746 -148.4434585267816544
v -158.6451582243434473 -154.2512763598255106 -131.7099314437953126
v -158.5096924488145760 -155.8329983192760153 -114.8877882065968379
v -184.6929453451612630 -133.7781534454892665 -97.7115329367177026
v -172.2597551396328583 -146.1025861262111789 -98.1723604442320692
v -158.3531744602574918 -157.5101824421997208 -98.0266256548115678
v -148.8584794744761552 -170.4118394788814896 68.9628776343460572
v -147.5803177926260901 -172.9126602181430599 54.0354041876702098
v -130.8927294885226047 -179.7823220004944176 54.7979262148962434
v -131.8418126136166961 -177.1907108379849944 69.8362286183652685
v -113.5441854340740093 -184.9025786695197269 56.0956710090747066
v -130.0906886524718402 -181.4600937636980689 39.3313515754204843
v -112.8648806159883407 -186.8119982310684009 40.5476494268018399
v -129.3552715331572074 -182.3170202018934845 23.3206220367374897
v -112.1667786544486916 -187.9491703187583198 24.5316311255995494
v -146.6342022509456058 -174.3969220371685651 38.6093767275090300
v -145.7840042939552916 -175.0295461805179684 22.6038184232893435
v -96.2097814738610140 -185.4634519346907382 73.2574703280677682
v -114.2707438761688508 -182.1242741900792623 71.3048592059448794
v -95.5341714440353655 -188.4871549950264011 57.9048979028967707
v -94.8825885561549995 -190.6722953759141888 42.2495732055102522
v -159.7694022258751261 -148.9482488727376506 -301.6154233299790235
v -174.0705392801967264 -137.2504464045099155 -301.3921200236088680
v -174.5782017180208356 -137.2916399881324310 -318.5548595670497889
v -160.1814702811630013 -148.8461463741013233 -318.8006107321129434
v -144.4383374349492328 -160.0039955711232551 -284.5221428676247797
v -159.3944877272852523 -148.9251546097367509 -284.4178954819666956
v -144.7627442514798588 -159.9050075659704930 -301.7495228418570719
v -145.0956718520693300 -159.6559068513117836 -318.9627994493712890
v -187.5654485614731470 -124.8616083491086073 -301.0901904477852327
v -188.1789303227041046 -125.0376066129450692 -318.2382389842281327
v -173.6321008673473614 -137.0974836396463843 -284.2139843048340140
v -187.0469294694774760 -124.5822735420479574 -283.9173434915296639
v -160.5489364392048799 -148.5677517914885470 -335.9644080280577327
v -175.0598463824514397 -137.1742882242321002 -335.6875119281587558
v -199.5200645230335397 -111.4224440938862273 -283.5338494448529332
v -188.7782499531889755 -125.0678700873610154 -335.3431547241248154
v -238.4313855173731724 -53.6144554186519997 -298.8026243661071248
v -237.2759084349636964 -53.1886292353104437 -281.3974244431706211
v -129.1462478855891334 -170.0341043069479952 -301.7985320412025203
v -129.4072042428952614 -169.6482890811655864 -319.0434236957764824
v -113.1908006062397618 -178.7201621945364707 -319.0561167258227897
v -113.0029760817698730 -179.2215662633794011 -301.7595127266157533
v -113.3022098578093591 -177.9319602870778567 -336.3475494905665073
v -129.5797795021011609 -169.0298858325902813 -336.2836142281110483
v -145.3583323661872271 -159.2086538342636004 -336.1624428023912969
v -129.5913560156156166 -168.1412855833071092 -353.5319141963085485
v -113.2422411672433782 -176.8352178506465293 -353.6744757282174874
v -145.4614779263204127 -158.5297824008843861 -353.3430466103418439
v -145.2787217992648721 -157.6124465419130445 -370.4866290806573375
v -129.3184264876061320 -166.9830172095680041 -370.7792739400582036
v -198.2364084045661912 -112.8469943149682280 -163.6301988649588282
v -208.0971739027245633 -99.5906082233119179 -144.8768346118266095
v -208.7033248514635204 -98.3178601775406236 -161.9309782315380630
v -215.5947880881999765 -85.8499330859653753 -125.7906309041468660
v -216.9511059272795990 -83.5438269534557492 -142.3629094943227642
v -207.1049139080632528 -101.6255477486517975 -128.0913601280952037
v -186.3432155432645914 -126.5500310923858223 -164.6885390090973260
v -193.4128366218662052 -140.0750569380082027 55.4499718694970483
v -179.0380094764424541 -153.0813286355229650 54.3508494899320311
v -180.5502429727922333 -150.9127303285149537 69.4981004012984869
v -195.1527954176925448 -138.0734072345258880 70.7447204911237861
v -206.5692797929148981 -125.2856789571138876 57.0778529729353679
v -208.7519227026130295 -123.3087101453882610 72.5667579430481453
v -196.5346021539137666 -135.6674316364436095 85.8483684937200735
v -210.5444459214783137 -121.1628535172132075 87.8545724093717979
v -181.7114201659169623 -148.1956285842283023 84.3990125073218849
v -204.3132846852755620 -126.7053003453480642 41.2498795613079352
v -191.5182549773855669 -141.4808981616782262 39.8865541118902414
v -215.6252131636929050 -110.6589377691913256 42.9918804071069900
v -218.3718144500316214 -109.0880798094158877 59.4012651116886730
v -26.1613100410192487 -140.6567179780814172 194.5255041098834283
v -41.8309199063354811 -143.2575257109716347 188.4666977677816249
v -10.2103774917579475 -137.1178013023246649 201.7372606811910316
v -8.0068917158813555 -140.3371591938601739 195.3883950969200214
v -31.9912727307367746 -132.2023960348799676 210.4141219983987412
v -16.8782206472858647 -127.7307179428039348 219.7340968379524497
v -7.9941325763035609 -136.5402243621969092 202.8093516078796767
v 13.2126500456352236 -144.0891395441094289 187.1341646690318044
v 13.1890342518858823 -151.1504455127501672 172.9997705441379026
v 17.8770401765717999 -150.2760808492481033 174.4839148351074414
v -8.1052218393769877 -169.9562419698584108 133.9625916928460754
v 23.3202529251866650 -157.7205723534185893 158.8028514934603663
v 13.1613132398685266 -159.4876066751423025 155.8355031359691623
v -241.9399358816650079 41.2950727715856374 -246.4258936325431364
v -245.2092285059868288 26.1996296963977500 -246.2119925706517449
v -243.5771163925330711 25.4448681936184293 -229.3418978866116618
v -240.3005664107542430 40.4071740178866250 -229.0867444770697716
v -243.2398696358861798 43.0355824801743907 -263.1930337395409651
v -246.7200369746578019 27.1456717830432446 -263.1542494810661879
v -246.7272649501008175 10.3458001124537766 -245.9453214116233823
v -245.1048929742867699 9.8878254148608313 -229.0456096574752678
v -232.4018436612114726 -89.4635608778106501 79.1215326814036075
v -236.0044164702907210 -87.0040512502275334 95.7734952935368540
v -247.5120585439358933 -67.9712126254681692 102.5975268081523240
v -242.2276739447285365 -71.1200830654270959 82.2661133473191057
v -221.1563332254322631 -107.0104849452572182 75.5956910018750960
v -223.5107433889514255 -105.1083961962005588 91.3517372432401515
v -228.8017830143288904 -91.8813700820298322 61.9852369505591341
v -224.6970568950497693 -104.2718241482009347 106.7269925832161164
v -236.9625786377095835 -88.2503995564233747 110.7497428834461886
v -206.3485621037764020 -111.9474345744645234 -24.4098720595998344
v -196.0875548109635247 -127.3746079331715606 -25.7165489860331000
v -197.9531217166230590 -127.5865550911322117 -8.4791791270421371
v -208.3448936627254398 -112.0330537632490717 -7.2067028649002962
v -200.0049705910176954 -127.6621550131441012 8.5386483233701842
v -210.5971131815662716 -111.9780653240554358 9.7890293109869795
v -186.0617064671682215 -141.9394044900869005 -9.6898356317362442
v -187.9202363804756999 -142.1506611707186494 7.4945290740058077
v -202.1369148355655909 -127.4399094592778283 25.1229147752564828
v -213.0284160757131531 -111.5948210244976764 26.5086880833671721
v -219.7988694878067975 -95.3333674148827157 11.0905350029569369
v -217.3517884521440067 -95.4971941794212995 -5.9385751408298741
v -56.5766398871833900 -200.0030387235974558 -89.5165366490455625
v -37.9380050532023105 -202.6659306520613484 -87.5500572163165174
v -37.5072133094954125 -202.3435511944964560 -69.9110939900272683
v -56.2601955964457048 -199.9387214949600491 -72.0000376570919229
v -19.1289269924058942 -204.2046961070495854 -85.5490245351281118
v -18.5708284911816470 -203.6885128851666025 -67.7718483150013355
v -56.0268142592749143 -199.8629746628781731 -54.5506471851053121
v -38.4277591534958134 -203.0018258360644268 -105.2546010978450113
v -56.9414910459795962 -200.0836042059746660 -107.0831025928485047
v -19.7530560609586807 -204.7349239316226885 -103.4031816319245962
v -211.7290258887508969 -117.5151572801394906 118.8820967172786993
v -211.3018260962550414 -115.5314746782157584 134.5878409506824767
v -225.3043978153555713 -103.4172262346147164 122.5320480239266203
v -197.5817036776987266 -130.2132777603669638 115.9883209228336653
v -197.2236544551426221 -127.0715765318230837 131.3852014251107505
v -211.4589170340850330 -119.3655043025490556 103.3403041219730056
v -238.4813202501595129 -87.8741041031756964 127.0397190831478440
v -186.4269249011393867 -124.1312302451942742 -215.3810927004065547
v -173.0271839631962507 -137.0919598210151094 -215.7978471869268162
v -173.0843172894116151 -137.5989023994963247 -198.8903785810837235
v -186.4933723257915119 -124.5717694720443660 -198.4438894963994358
v -173.0247305650275678 -136.8373646697391735 -232.7955773397658277
v -186.3930768210159101 -123.9773860199108384 -232.4040913852821859
v -198.7115743349106367 -110.8822337300579619 -197.6243663620210214
v -198.7491686218186260 -110.4854149400340333 -214.6850915528676182
v -158.7712217553936114 -148.9590614538882107 -232.9778633545974458
v -158.7266639311685594 -149.2638410850694584 -215.9479305144187435
v -158.7356401364443457 -149.7917918035578566 -198.9980342803653457
v -114.9852189650078031 -178.5010017521397572 86.1861441266189132
v -96.9499290974290346 -181.5856137274892887 88.3340868777876835
v -77.7205394900429525 -187.4585200670379379 75.6407042473170748
v -76.9917700513949086 -190.7496876007798221 60.1280586098954828
v -76.3274867879647445 -193.2189520570096306 44.3502696781733405
v -78.5853696900033043 -183.3371931098510572 90.8612926656177393
v -58.0327390457936758 -191.9363683820531605 62.6437466482390732
v -58.8621786098957571 -188.3964527178205230 78.2673387705098378
v -115.6744034852996492 -174.0536813496664763 100.8796192138300540
v -97.8618513203215912 -176.8979190685141418 103.0976086863654473
v -98.8821637928456596 -171.4736760826854720 117.6259568549186696
v -116.4139414320772516 -168.8294123510950726 115.4281822080125721
v -79.7373135852297708 -178.4351566587745594 105.7332928698690040
v -81.0585566451015893 -172.8566580994665571 120.2729237317967090
v -100.1254490240823998 -165.3938616005764857 131.9575630577542142
v -117.2735930520707939 -162.9448413519899930 129.7774176192457389
v -82.6195642846848415 -166.6918708328809373 134.5368337743852862
v -61.2795911569259957 -178.9720542005247808 108.5647787946423648
v -62.9092939452320650 -173.2581339387088519 123.1685799751375043
v -92.7282111439210865 -192.1469052033419871 -58.6308687047116877
v -74.5880054498658467 -196.6115316120589682 -56.6538117469440721
v -53.8706151621732445 -152.4527885921190204 169.2966965561851111
v -57.7549321034608241 -144.9444793535490419 183.4411980938936608
v -73.7378956389175357 -145.6144480366874632 179.5566607875011016
v -70.4901106488408402 -153.0747176823738585 165.6667250190544962
v -67.4355417828023036 -160.2341155047404868 151.6512692868166994
v -64.9191118486053114 -166.9840455800578525 137.5095884224517704
v -186.6680190169841467 -124.2870724474294235 -266.7291003599401051
v -199.0603976050720121 -111.0279611739749868 -266.3096427281321894
v -173.3201520247510814 -136.9045907177621757 -267.0336155529953999
v -201.5921869870854266 -112.2572311845355983 -334.9443820301701749
v -62.2930796566994687 -137.1979554365059357 197.4063518181701795
v -77.5111632583069508 -137.8820274863624604 193.3119094037897128
v -96.0331882242411297 -129.8887974888013446 203.3495105531834497
v -92.5493848612374990 -137.7652633627420755 189.9886860927780958
v -110.1744283583961135 -128.8372445898959597 201.0001247140576197
v -107.5187276778577541 -136.7636011236020295 187.4416180634866862
v -100.3084842802709318 -121.7998996536690299 216.4136942002844535
v -259.2758089425777825 -68.5559881590249773 203.5347347694146833
v -274.2900474765840499 -57.1506432398588800 209.4525074443353390
v -276.1782826060415346 -55.0163741434535325 197.1806979506803543
v -261.3134809952193223 -67.7340997725198832 189.2886889913357038
v -262.8887389115906785 -65.2973171327627284 175.3543276177270513
v -277.7352649097073254 -51.3275357412818138 185.8427663898765161
v -245.7802826390074529 -78.7124689370468076 197.4016506959308117
v -243.2446442131605409 -76.7449023697999166 213.0380533763038500
v -257.1418814120851835 -67.5848464869233396 218.1676829077939033
v -272.0410893612967698 -57.7347723691077661 222.7968779769028913
v -143.5702605224423110 -161.7588510480455852 -181.8785450615266086
v -143.5881100959449270 -161.0705186061596237 -198.8346702825471937
v -127.7404360439331299 -171.3607756939055946 -198.4074557990442997
v -127.6354687989321661 -171.9379559768443926 -181.3508440901571817
v -158.7761432427379304 -150.5507292250763669 -182.1293499329970871
v -143.6379126096682626 -160.5787077648863885 -215.8528503171274622
v -111.2954256473812222 -180.5615477026772169 -197.7939593468063606
v -111.0887158334153639 -180.9913478034117418 -180.6071265518886264
v -127.8798390093374877 -170.9358089344734140 -215.5277677142749155
v -111.5435273735640322 -180.2334534433900899 -215.0353251597007898
v -173.1352363196668023 -139.4761486557192995 -165.2435064894551147
v -186.4736276123861387 -125.3854162036235493 -181.5582811089694530
v -173.1519546856305567 -138.3770262761542824 -182.0582454591265957
v -158.7596746238931473 -152.7967785209780232 -148.5187940106675910
v -158.7969897816681453 -151.5538605649162207 -165.3246008480842590
v -143.5462994900285310 -162.6528869699180291 -164.9803611721062850
v -143.5176520263823647 -163.7236850879908445 -148.1160253628094381
v -143.4508079445412818 -164.9629302923031275 -131.2473410154411795
v -198.5424220803352569 -111.6865957452144045 -180.5945510498983140
v -209.1429826178937219 -97.4017950906746108 -179.1869175233745466
v -110.2950782533674783 -185.4897929102382079 -77.6645373713664497
v -110.3217865040899142 -186.3777173731994594 -60.4380976215820240
v -110.4162056060662849 -187.2169852209832470 -43.1915605742242832
v -92.7767722675530848 -192.6480742160729847 -41.3678777295161524
v -47.1447563018221487 -135.2884477289152869 203.1078728700797456
v -242.5987981635128961 -54.3156388189094841 -366.7906067760635551
v -234.1283014216066078 -69.8178060955897308 -350.5545759540586914
v -234.5979876063408085 -69.8359715257428064 -367.2507291152420521
v -220.6347584039810101 -72.9452937748630177 -106.2941367530260095
v -219.5001131694947389 -75.7776538145527638 -89.9399902347569338
v -225.1509943202820807 -58.5658830352558795 -88.0046557368637394
v -225.8245182271140266 -56.5582761284358426 -104.6636700323560376
v -229.8380866479703002 -41.9062664084766610 -70.3091615156460250
v -229.5309858376833745 -40.9133930642731798 -87.1052135244160155
v -225.0973868357462493 -60.0165759032908923 -71.3758461517593901
v -222.0371472410064655 -70.2231970881970256 -123.1060550493538557
v -213.9778077119541990 -89.0271130964095079 -108.9074906058925336
v -226.9337774015076832 -54.4204334445782223 -121.3894402636474155
v -212.3408916392120886 -92.6675225940121976 -92.8841855652192265
v -219.1874444675555367 -77.4508199470625271 -73.0499157811995303
v -212.0752488506736029 -94.0494395127859093 -75.0873821597430720
v -128.5915742253713177 -170.3461706776002700 -267.2277719014814465
v -144.1764996172232429 -160.0221536557728257 -267.3009918803596179
v -128.8573492329727799 -170.2430691904880575 -284.5223779237367694
v -112.1451608376510904 -179.8286280545522402 -249.6784825819081846
v -128.3182039671518737 -170.4613187904508607 -249.9524404804075459
v -112.4464219726562959 -179.6969966318498280 -267.0318526321556192
v -143.9263705320747135 -160.0962257130569242 -250.0974701014921493
v -159.1179001385332299 -148.8429437345757265 -267.2243635878579084
v -158.9015750604871755 -148.8347167706568541 -250.0743170744632664
v -173.1274353949508509 -136.7836543481543572 -249.8711110656664403
v -186.4484912994124954 -124.0636516130033016 -249.5365086902791631
v -39.5124843462027613 -203.7185706854845932 -140.8105989308823496
v -38.9590961490972632 -203.3551739363811919 -123.0132078851262776
v -57.3568939598560519 -200.1854128844710488 -124.6956220065412992
v -57.7847328111563385 -200.3119612187521454 -142.3221272588962165
v -40.0732768108352744 -204.0742987289350197 -158.6233861519723689
v -21.1112378215511853 -205.8302266493682282 -139.2843795958704334
v -58.2071874083918459 -200.4551103909410017 -159.9495727356990358
v -20.4212599868814522 -205.2811649538236338 -121.3192760142247977
v -8.1699113932229928 -204.4873070086707969 -84.3762120644609439
v -8.1663405603345325 -205.1122036823392421 -102.2557552213500287
v 13.0617706492015877 -204.3321993567855372 -82.0880583425029187
v 18.6836499157989380 -204.1799564512648999 -81.4797331247282699
v 19.5337670722507575 -203.5012025459416520 -63.3497376805366699
v 13.0582365438306223 -203.6896587837124457 -64.1079111696912776
v -8.1735625675559742 -203.8891626587457893 -66.5760003453612370
v -195.4031889409670555 -120.8547390274434150 -96.5802078698129804
v -196.4985798047545700 -118.1740930170223720 -113.1665898267069963
v -204.2699315236243649 -107.6515343811199870 -95.3478086747617795
v -206.0008847321608982 -104.0247067194869857 -111.4084876372380961
v -194.5690923276465867 -123.2828392820647139 -79.5096103222637112
v -203.6010059019828020 -109.7723795698808829 -77.7720755425920629
v -194.4073884136192021 -125.1190976287631713 -61.5866993127164264
v -204.0440866730435516 -110.6468911434529332 -59.5247870985281509
v -212.5110869552843269 -94.8663109204011761 -57.5752317058608512
v -184.0446312063379537 -136.0604601466620522 -80.5509088982844759
v -183.6465049166911854 -138.2049945842072702 -63.0979925846183320
v -8.1828082609913935 -197.3964280429430005 37.3680454002030231
v -8.1779010055600807 -194.7745387150106069 53.9588934232244455
v -18.7174061771286731 -195.1456482427879848 52.2726008759619418
v 21.3632528647231119 -198.3009827258260600 25.1606412812274378
v 20.9721194944074156 -196.1061168983055438 42.1583714340664457
v 13.0513372796691698 -196.5314656239196722 40.8124401369344270
v 13.0484541695458063 -198.6849615757336949 23.8155326804873084
v -224.5898566169851165 -31.3138226522846139 302.1224393634952321
v -210.7507076597307218 -35.6100533932866057 301.8742201092563846
v -239.5536462329601193 -26.7839112448442442 301.7548116043763571
v -243.1916684419256285 -37.4002664513014622 288.7773636625917675
v -228.8777502115157176 -42.4436744627200468 288.4118514084806293
v -215.5913503925624184 -47.4539138530888067 287.0957722375686103
v -198.5422457882512788 -40.6714835975400248 300.0638179348745211
v -194.8241722821534836 -126.6051811326564405 -43.5719988914454106
v -204.8503585191097329 -111.5518792110424187 -41.8564418582428246
v -183.6236310187952654 -140.1449126762838659 -45.4290597040530812
v -251.0171712125901706 -35.6490396531076428 61.4924418118170308
v -255.2724213895711500 -15.6432229803718883 59.0269382533787237
v -251.3551231375729742 -18.0299166317692325 43.6272370777580250
v -246.9856797631962877 -37.9808073020910868 45.3404435498409271
v -254.4293338799678850 2.5807181251408746 42.3036361112630175
v -255.4359029154452969 -32.9671045068225297 77.6284562581792699
v -259.4915904533649496 -13.1413481613581968 74.4523780732599931
v -245.1788768855288936 -55.1413064669648278 63.1931903099656012
v -249.6255802657082654 -52.5056222834612782 80.2680188675303015
v -143.7457739830478545 -160.2652898215903008 -232.9410770730743536
v -210.0170534612558413 -96.7435792131346375 -248.4371512546021847
v -198.7895395090492059 -110.6983170134495680 -249.0622829843825912
v -198.7156878168700871 -110.4819919354034852 -231.8157459370248432
v -209.8381757600477613 -96.4433537941227854 -231.1340832123159998
v -209.7363964635653701 -96.3576023862752464 -213.8098601199526456
v -219.5548224795554120 -82.0348695516665316 -230.3790829806729619
v -219.9280181303265067 -82.3495068485434558 -247.7832251511056256
v -101.1688043410828755 -105.7052844650272476 243.1391040188866555
v -111.5710583206783610 -104.8910794751821243 241.4725561850295037
v -105.6927309995474218 -113.5948987902312268 228.8737836396262537
v -108.6488848097061179 -97.3794206870166050 253.9874136984599886
v -115.9345004186963592 -98.8117497963040705 249.6550944987673120
v -117.4446845195699183 -111.9993085201745942 227.8724446026401722
v -121.8980649624298991 -103.1359448691268312 240.9775280132237185
v -113.4267161421177121 -120.6071074134845276 214.4711904909762268
v -98.3151790687634701 -97.1699636547421193 257.1559700877962769
v -127.4744553622336980 -93.8597418849237783 253.5022578833568616
v -117.7771052804179703 -89.8639789645491049 262.2813686092708849
v -255.2844386332955366 -47.8944090069179040 97.7983861700900832
v -260.5774027805897504 -28.9402370518812688 93.7192224029875689
v -264.2234462793761622 -9.7553299773093602 90.0328373989845119
v -196.1617590873106280 -69.8228010379690716 263.8294481626958827
v -192.8074349144841619 -58.9621435670138894 280.2396555636694302
v -203.6353240943302296 -52.9052250193113451 284.3900413326984449
v -207.3231341260120928 -63.7360964735780016 268.2489731799288961
v -210.3458381978718705 -73.1294969661078937 251.9732178750013247
v -198.7281017177834315 -79.4215450808139991 247.3708192026567758
v -185.3078815160850183 -75.8643968653726688 259.1433695144905300
v -182.4541827887306340 -65.1487690155020971 275.4915221019043656
v -177.8942998906383934 -53.6353607216102048 291.3514631447595207
v -188.0840998725317945 -46.9992602412653540 296.1153453660264745
v -219.3748870258434920 -57.8712775333817646 271.6887843224769199
v -150.4620763433467232 -158.8301547299662104 112.9069703510377138
v -166.8797467758753044 -151.0655168012945353 112.9756067357325406
v -166.5860147819565782 -155.2095854373143595 98.3830882486118981
v -150.0815939531046013 -163.4190670578865650 98.3758015091408708
v -150.8563682801670041 -153.5421267610233542 127.4181594234172366
v -166.9527610806555344 -146.3262860897702637 127.6473391325865805
v -133.6485567272560786 -164.6901036013425994 113.7717417869700682
v -134.2111341492388590 -159.0779332539950701 128.1590562883421569
v -151.0216861819158964 -147.7348304587279131 141.9453323114106240
v -166.7982704510641838 -141.0453391862004651 142.4076876836527958
v -134.8186072886076090 -152.8805025698598286 142.4814953028109130
v -182.4353489177591428 -137.4115773692643927 129.0609665899655454
v -182.6201470947874554 -141.4593023813910975 114.0636814780350363
v -182.3839157022590314 -145.0533103333904990 99.1973226204710130
v -197.4175022924816858 -133.0079186395892634 100.7958217099132554
v -181.8904447771950288 -132.8624482882947007 144.2223208680501330
v -196.3840487141978883 -123.4973132932290412 146.8685825765922459
v -190.6333715528728874 -101.9782788266746394 210.0004232413340617
v -188.9848495846023297 -94.3042256471528333 226.2679515823427039
v -200.9339123455174558 -87.8368624004356775 230.9227677676562678
v -203.0607000466090710 -95.0696050752399913 214.5412372123428497
v -212.9762630008701194 -81.1599539754020327 235.6908809989386384
v -215.4198181948533772 -87.8842115159903443 219.3655288543857296
v -187.3385312673814838 -85.5967041983402339 242.6605297749186434
v -192.1902657104967034 -108.6897698821816505 193.9364534932902018
v -179.0307080459644453 -115.5808731892466454 190.4524518016920922
v -177.9536956319314527 -108.3277540877360678 206.3243807062576423
v -176.9633601591868910 -100.3309762119849182 222.2160543242285371
v -205.0697687086254177 -101.1936174519025684 198.2295183222840933
v -175.8685422446722839 -91.5581385460590553 238.1928182547320887
v -132.5835615569475010 -173.8250011347350608 84.5198313488737369
v -133.0986135712916223 -169.6465261603258057 99.2191828388840946
v -246.6562633132793394 -46.7763278828219171 274.7557964714427499
v -261.4455825301456571 -40.9072779326102491 274.8408867839754066
v -264.6444611579258890 -48.5702908203730246 260.3863462345802873
v -249.8782655860744626 -54.8099287676136413 260.0622038561756426
v -235.7480437071679944 -60.8473670400367936 258.5992146152833016
v -232.5844969512180569 -52.3181356521523497 273.7600987811439381
v -258.3370535954033471 -31.9426491703250264 288.3596689516236324
v -251.3226853941213221 -3.2536053834117298 316.9483685698006639
v -232.9708704352663915 -4.2542626658543252 320.9974451545712100
v -230.4640116921285937 9.4148805811368863 327.6612859288800905
v -249.6593401997897388 11.6262003364951827 322.7048927519108474
v -252.3399494826932994 -9.1737690197213162 313.0650065439679111
v -235.9031807410672741 -15.2501283606219538 313.0657117123038233
v -255.3280709240796966 -21.5482787523598702 300.9683138537295690
v -229.9245872971747531 -68.4896949899463294 -281.9357029395786185
v 13.1137758957866968 -174.0701205864972678 123.0270761957324197
v 13.1137143771948921 -174.0891454405597472 122.9819454222344604
v 13.1225289813937138 -174.0881464520838620 122.9838258711302075
v 13.0945343493710187 -180.2223617331065952 106.7935134629032206
v 15.6670719938573235 -179.9667822843617557 107.3354353290467600
v -8.1258590314574768 -176.4116908099001648 118.2432142049481314
v -23.9675846029169755 -177.7340430408003158 115.0213000781949830
v -22.1028716120392090 -183.1760327630826168 99.7938950326472423
v -8.1437361505982118 -182.1895316431645142 102.4287565197588918
v -8.1052245939407985 -169.9571087392712911 133.9607112439503283
v -26.3618294319113105 -171.7067342177023193 129.9398413926160174
v -44.6508182993391500 -172.8189609755095830 126.3991911780334902
v -42.6513281738855241 -178.6919554611002354 111.6328486961120916
v 31.4313947812898924 -171.4173213798410131 127.6250088019495763
v 27.8239831217806604 -164.7884745842014524 143.2451926105968028
v 13.1361603995120149 -167.1358330643615488 139.2743897111117803
v 34.2944369890950398 -177.5412970289860937 111.7140605827972308
v 52.7092029129365542 -174.4712585325786449 116.5313005414810590
v 49.4998202151527238 -168.1404335049012104 132.6260626401928278
v -138.1426973690321063 -123.7045593289503245 199.4896541385475928
v -137.0225227764389047 -131.5725925648741850 185.2783966650399634
v -122.3959578806003208 -134.5467281675984736 186.1565662993545516
v -124.2992292557203058 -126.5946917536598448 200.0253470177239592
v -120.9047912882857219 -142.2780615834056164 172.0151204911015839
v -105.3444880241624872 -144.3675047447082136 173.8429168177691508
v -136.2207610695211315 -139.0338171260154354 171.0854735682658827
v -135.4146802065459099 -146.2030285410567672 156.7670305077006105
v -119.4459008383458070 -149.5847514419345430 158.0584287868559272
v -84.5325170334165392 -160.0287939909359238 148.5856674745226371
v -89.6037645030964001 -145.4347182570735129 176.3869291176049785
v -86.9655681573961772 -152.9192280643066510 162.5009893030618287
v -8.1594284415419569 -206.4357165027922463 -138.2124061972377831
v -60.3434728455076765 -200.7742431359593240 -230.5262281067652737
v -93.6695374173201998 -192.8785320428511625 9.6931264173038034
v -93.2376952666129597 -193.1335973063510494 -7.1299570443425591
v -74.8648427857368262 -196.6085199556243595 -5.1176416697796521
v -75.2223704775445157 -196.0325737172733795 11.6999179732354488
v -75.7266613292625834 -194.9452041433067961 28.2062633240041656
v -94.2426923643415648 -192.0998792899412706 26.1917149163775598
v -111.5213512985005053 -188.4227496203469912 7.9967264572266519
v -111.0149155597607233 -188.3597545823394341 -8.8596174442632627
v -92.9372054094751405 -193.0136452342120776 -24.1755211159671717
v -74.6491053479706750 -196.8143262726598550 -22.1613252925085149
v -110.6461492475995385 -187.9122812001862712 -25.9687641941753711
v -230.6899006157304086 -77.2680785110139681 29.2683643659341399
v -222.5238162298304019 -94.7807358046376152 28.0008242821436397
v -225.5044893306688039 -93.6906998129008741 44.9333263639113696
v -234.0223204971227915 -76.0212160195732025 46.5442834272879509
v -234.4440699260223937 -59.9028013995946012 12.9069311081940441
v -227.7161029061670661 -77.9403316457405708 12.2063463664717275
v -237.5845077279644215 -59.1648868090902766 29.8315588102108258
v 13.0985899854904133 -209.0171321064450467 -245.6540868888943407
v 29.0391718021336622 -207.7862020120936677 -245.0938306460172669
v 29.6238334803862315 -207.5927214499295417 -226.7499341399342541
v 13.0928862020234273 -208.8936248106125788 -227.4378258516102846
v 13.1048768182976367 -208.9924365236813628 -263.8303883871437279
v 28.5703523868123561 -207.8187279015872946 -263.3871900880270118
v -8.1272836000423183 -209.1253313729855847 -264.4488210177330529
v -25.6794799026253067 -207.7453903946531000 -264.9598330051526887
v -8.1333422631471013 -209.1043379239853834 -246.4033282457941425
v -25.1455793263027019 -207.7988950421399466 -247.0071873974414132
v -55.9287738240735237 -199.4532424777029576 -19.9654310944981574
v -74.5672690934881217 -196.7789797098225790 -39.3569726916250602
v -55.9110197421163946 -199.7261132416844873 -37.1980998312497491
v -118.2841360049411605 -156.5055085466250659 143.9538867881820181
v -101.5372768331041016 -158.7964829419267119 146.0839652748411766
v -103.2737612057754006 -151.7525858165786588 160.0545252896930037
v -57.3492546362170685 -194.6762705692007671 46.7485471885886312
v -56.7780535931264581 -196.6855302143080735 30.5282651260856603
v -38.1061583193018194 -195.2577112441690019 49.4008028279859630
v -38.8495159278989135 -192.2685026682647447 65.3991919207906136
v -219.2386426269436868 -81.8686995715117547 -212.8362577041788484
v -227.7474975881218597 -67.3692853412411665 -229.5899996127944860
v -228.3949155755182971 -67.6024756953209760 -247.1743122930510594
v -209.4984315322111854 -96.7135361038236567 -196.5158417379772686
v -218.7088555325805430 -82.1893822177683688 -195.1814281903317010
v -226.2197503883821526 -67.5234674596855484 -194.0084981916085667
v -227.0902953900647390 -67.2630032511138722 -211.8451436080633812
v -151.7220064855122530 -119.6613444559719994 200.3229280554761829
v -151.5234869079477846 -127.3959392753327080 185.5510617549235235
v -165.5131305408900459 -121.8649220506423347 187.6056872296407505
v -166.0634262810224584 -128.8245368688426709 172.3512507312166235
v -151.3674684136286430 -134.6002475060923302 171.0168371835710843
v -166.3669277945948863 -135.2680419201950315 157.2916757496144555
v -151.1199396367187546 -141.4347977817183732 156.4546409348943712
v -168.0309487752483619 -60.3643928394728775 286.0775091605207763
v -172.4749049371191063 -71.4578954258434180 270.2610534983797947
v -162.8369579420999287 -77.2681960390699487 265.4473393813755138
v -160.9702010648735495 -49.8940827699589988 300.0508898487162242
v -174.5803906780635373 -81.9111345452255790 254.2570230588879383
v -163.8995437872608250 -87.9213503816813784 249.2726582045944497
v -266.6508413656615630 -23.5197531274682383 110.3253490732869437
v -269.5199656503639289 -5.8196606210601516 106.2334922761381080
v -262.6816544769463349 -40.4942733256262244 115.6646486566529433
v -271.1285427706068276 -31.8652863274733704 133.4880134027815473
v -273.6075032914553162 -17.1447155142302279 127.8678217656131011
v -257.6063816713490269 -56.3152464724190907 122.8298641177907911
v -268.2027111988920751 -44.8079202554243921 140.7472513087068080
v -8.4284754118582601 -108.0468106154091288 256.9606384587503953
v -7.9021099448437422 -109.3016135961323414 254.6133681246322737
v -7.8979817718772942 -108.0822893973093812 256.9051652163258268
v -24.0571501634563738 -118.4819871416871990 236.7187813765771978
v -7.9521488919609569 -124.0817803156388806 226.8142219865576692
v 25.3057461937229071 -117.7034372258263204 236.9340927751404138
v 14.4799615006293170 -108.0632057792189329 256.4374035535083749
v 13.3337764801460885 -108.1479875806046067 256.3579545876629595
v 13.2962914576026652 -119.2263510842636691 235.4593507286496106
v 13.2865384653318443 -122.1138024001960503 229.9625635502646617
v 13.2556221592924146 -131.3041731760130801 212.0947731989739964
v 19.9830547937681757 -129.7973312792315710 214.5372412584393942
v 35.2460396218892882 -126.3134764977034479 219.1147239829152795
v 43.5849122865966834 -134.5148193003987558 202.1380313520974426
v 27.7858379221102645 -138.6602101270484013 196.4698882680874021
v 13.2199597398046844 -141.9097433469578675 191.4342811813847902
v 37.9362568233695399 -113.8027838847569200 241.8089214812565331
v 25.3141274132152887 -105.6743598952963765 259.1508913100735185
v -229.0952211881076437 -67.9944611440425604 -264.5832731137790574
v -220.4147018101574247 -82.8146828941292483 -265.1485830630634837
v -210.3550053862386449 -97.1864102370764158 -265.7658404130929171
v -97.1676938941609194 -87.0683317513474435 271.9685010957194891
v 21.4423896466697776 -199.9338881536577048 7.8747323351149650
v 13.0479252932938774 -200.2726187020113855 6.5944992212781619
v 40.5253778601928119 -194.4894891062277225 45.7294614151489114
v 40.9363073624383631 -196.8027938321664010 28.5195931212582678
v 13.0491703561369601 -201.4377183940046052 -10.8423157487181303
v 21.2663473098123212 -201.1403430303503512 -9.6611587860760793
v 20.1790034451079734 -193.2415468257726161 58.8216167395741820
v 13.0570832997812776 -193.6879183824009374 57.5628912599825071
v 19.0391025028681540 -189.6104293900961864 75.2321767247157140
v 13.0660943961986966 -190.0491910050995159 74.1236521006719471
v -19.5547770486338202 -191.9224413074190068 68.4066173453724389
v -8.1698622701683430 -191.3942261508046556 70.3209143212444587
v -241.2672052892109775 9.5436816895223195 -196.4681253472476499
v -241.2155517086058865 -6.8028131095706179 -195.5753822339910357
v -254.8299282587903178 -65.0977030751769234 232.7616117315863562
v -241.0427854663089704 -73.0037566372117084 228.4140138846157413
v -238.5963949079751103 -67.8131520811763124 243.3233880106700155
v -252.7075478597981260 -61.2175363433662909 245.3709618020282051
v -222.6073492956212192 -66.8547401666384644 255.9536580750770440
v -225.3910600656369638 -74.4301432341684546 240.0685660282412641
v -268.0352043371004811 -55.2417158270446507 244.4525975725670150
v -269.2415123037231410 -56.7094869907148720 238.3220991163148028
v -227.9080996766244027 -80.5323541564459475 224.1444546668186888
v -149.5541133468401540 -167.2858870098394846 83.8049081843213344
v -166.0204110125322075 -158.7442123390277118 83.7396801132500599
v -110.7523725736988354 -182.1672160035345200 -146.3273658787846330
v -127.4626731746212727 -173.5455047265974429 -147.3453938997205057
v -127.5476165770839145 -172.6693330692345967 -164.3377177619842371
v -110.9098528232142797 -181.5284510192599328 -163.4559047579341495
v -127.3771862048997150 -174.5464324153875850 -130.3597691366478557
v -189.2387395675423818 -124.9070035607325337 -352.3713246434637654
v -175.3951686171815822 -136.8651306729654493 -352.7646910468431543
v -202.4574138442347362 -111.9475227205065124 -368.7823547408292484
v -189.4246983341235193 -124.5098468775476448 -369.2755024637392580
v -202.1688971578003304 -112.2298985660157484 -351.9315346579705874
v -160.7608248331375478 -148.0850640655610846 -353.0901262338636570
v -175.4475420571295956 -136.3359899829102062 -369.7312762648463149
v -223.3812715442777233 -68.3023332321968866 -139.8632052715930456
v -75.4974375470722379 -195.7308645065547239 -126.3019954757344863
v -75.8230710626871911 -195.5798409546149230 -143.7694852683426916
v -93.5019497549901217 -189.5278218577462326 -145.1127134201870490
v -76.1457810679095388 -195.4726259855432602 -161.2396782062384943
v -230.5913386497805675 -38.3199565441442331 -121.2656832206959621
v -229.8094538753311440 -39.6123758482859074 -104.0225544869617664
v -228.1570828632270889 -53.2267781077325921 -138.8696230863019139
v 20.8609306079427839 -202.0598384673504029 -27.4046044541353666
v 40.1631343551387587 -200.6586102198777724 -24.6939373709138472
v 40.6988419253221210 -199.7417004001093801 -6.7261306439805599
v 20.2683027311455319 -202.8154263392733583 -45.3176431069799790
v 39.4297960133143235 -201.3905455705339023 -42.8298092179046606
v 60.0275060124974260 -197.6025722531394422 -3.7107133115917912
v 59.3539013051270032 -198.4617757974195627 -21.9188649130129392
v 40.9690168895194873 -198.5067449698405255 11.0203707535343209
v 13.0516173269900708 -202.3195607800686844 -28.4604765090981715
v 13.0547676298032123 -203.0393319769304128 -46.2268401480743947
v -165.0895153541017066 -161.6817085702988948 68.9257387686550231
v -127.3155280485289609 -180.4167531377045748 -44.6999156447265804
v -128.6541285331689437 -182.5021856540967065 6.7358854726272552
v -164.5292591112246043 -97.5058588387451977 233.4954569131522248
v -127.2037147942669009 -179.2560754388177884 -61.9698407752251939
v -127.1694994389684865 -178.0454776981516716 -79.1810018777316600
v -127.1864087880232148 -176.8417847307746342 -96.2968477268348693
v -143.1780106355947737 -170.7913522626617180 -63.1346613380854293
v -224.4815838954095852 -67.5502271289324625 -157.7104282130864590
v -229.4357293483081150 -52.8426743842654574 -156.7034478294131077
v -43.6362647015583178 -204.8988021146857648 -265.4675542070048095
v -61.3391484992960301 -200.6295073350146652 -265.9389592395577893
v -43.1047587593763950 -204.9898275940456074 -247.6357274408453577
v -60.8595973033626549 -200.7470353909989456 -248.2330050213574850
v -94.0194918950204084 -188.8341125072989826 -179.7079193955528638
v -93.7426986321704163 -189.1505274160226691 -162.4066142741064596
v -76.5138348662313206 -195.3882702233605357 -178.6964729457521344
v -94.3287816653500499 -188.5794585919950350 -197.0343755209799212
v -177.4227773300294473 -154.5178740638188799 38.9346943864735238
v -162.4532435303182183 -165.4476306861893136 38.4657574430962370
v -163.6905935947277726 -164.0383517668817603 53.8870837810180419
v -275.4151435565215706 -1.4139038319481156 123.4452410189245057
v -280.9719875715144894 -22.1240560441303735 153.2190935536470420
v -281.4611393405211288 -10.1763659741816213 147.1859083277498144
v -271.4806862083497094 12.3801556702654860 103.3714490568088422
v -276.7441214315778666 15.1989669287512950 120.3580140443293374
v -281.9391259442091950 3.4108244658457334 142.2774665976222082
v -282.4223425463885633 18.1287861906780741 138.7466887397423534
v -243.3125313564984538 9.4849057250869908 -212.6483303426599889
v -243.1478010950294788 -6.3739422150287179 -211.8171719307391356
v -180.1615923826592223 -122.0345591084486472 174.7819659850835876
v -181.0273334250534276 -127.8278695720819371 159.3651057132891822
v -193.7935687592272984 -114.4489164090410185 178.0182185346668291
v -195.1923582995382560 -119.3321042981390292 162.4203650566566353
v -100.4832705360300480 -43.4316263195791805 320.2440903157119010
v -111.1296449789118839 -28.6059946061654635 331.1723190733545721
v -121.0982204319253555 -35.9134483970582892 323.0407879359139542
v -110.5801425531573585 -48.3350143432994841 313.8282337395298782
v -131.4742730005398244 -42.0026908329082644 315.2181205296000144
v -116.0674319955180920 -19.9581039547578882 336.7278702797316328
v -130.2327800721568565 -24.6865808491595793 330.1822627297429449
v -78.3493586625798741 -195.0854151140960369 -248.7887951981071524
v -77.8840357069240952 -195.1722095834404342 -231.2085959998100293
v -95.0678274633932290 -188.2163409720245966 -231.8173913298086291
v -95.4611424482481254 -188.0808017414607320 -249.2799449440654769
v -78.7620143581476952 -194.9521970626378504 -266.3781615847710782
v -111.8253155787933508 -179.9997195220513504 -232.3349848883634081
v -77.4032210843888890 -195.2433140573109256 -213.6588365680128447
v -94.6873818006686037 -188.3742986792674685 -214.4006736573856529
v -237.8264979952360818 -73.8365384054058325 63.7869420487982026
v -241.2161834219067771 -57.2750540326217461 46.3601169635605785
v -160.6976681940529943 -147.3759291577659098 -370.1368655860480885
v -277.5767195621845644 32.3163167696959306 118.5509026555149887
v -272.6421572216144114 30.9602982598838885 101.9132784662118212
v -272.8679579991742230 49.7091266646054848 101.7973958030113266
v -277.8878457083889657 49.6950416616461155 118.2620186939056168
v -282.8943939832494721 33.5145042822004555 136.7461261707778704
v -283.3040086403686928 49.2248780191844872 136.3573433615818544
v 70.2044733997780241 197.2066202325283939 220.4021263081671123
v 88.2516556375217078 195.8088296806933215 222.6833458748220664
v 90.0601920540148626 199.0094124652853225 205.1669644109244075
v 71.9460408608706388 200.3966842561098076 203.0429973831764414
v 68.4484499877993500 193.2780099051417437 237.4020894940698270
v 51.8409643993526572 198.0738009936084438 218.5143906729475418
v 86.4309036487096733 191.8170774052290994 239.8718240625235580
v 107.7836799890673234 197.0035023697735426 207.6091974142778156
v 105.9017252651014758 193.7822346473283233 225.3077473649511262
v 103.9780407357577161 189.7080952046191271 242.6974335844977020
v 109.6344971237008252 199.3688132604852683 189.6358668687132649
v 91.8312664026630188 201.4188845230331140 187.3541771898343882
v 73.6708165009645057 202.8452931565003610 185.3599611358930588
v 53.5575130755276163 201.2618376582241240 201.2742001406129759
v 55.2763902763117656 203.7543579785318002 183.6193706267658285
v 93.5430992655916071 203.0607955381545651 169.2825931894669793
v 75.3492640504900493 204.5812266164092250 167.3365636384792197
v 260.5765800841978717 116.0697164471062877 288.2139341622030884
v 243.4855032728933395 124.0136948437064888 291.5719457777860839
v 240.3655447347065319 114.5279172991729553 304.8030192643847727
v 258.2715610862060771 106.6603468299695265 300.5595512750161902
v 226.9273721224565463 131.8525737762427354 293.6061213707620254
v 223.2436902637411436 122.4295855956188177 307.6516642853318331
v 262.9398048519158237 124.3072799275552285 274.5997192130956250
v 246.2110082731828697 132.3231120393828348 277.1735836391514454
v 43.5282196905912642 208.4795734693799432 90.7797281947646439
v 44.5839154534700910 208.2888254345174346 72.0222504596729465
v 63.3344076147342179 207.0826349959507411 73.1634478832803410
v 62.2928886736084948 207.4482647781178457 91.9761638046846457
v 23.5425792795914361 208.8797858820204283 108.3781442417393208
v 42.3892479545440750 208.4538054431053808 109.4038115863141627
v 26.7558624397332458 208.7398393493571405 52.2498004331009867
v 4.6500158987769344 208.9293239576177825 107.5569757145771348
v 144.0187035110573390 166.0961358081035826 -320.6132459395585670
v 142.4394643317895373 164.2424539271054584 -302.4040365856335484
v 158.7191568265925525 155.8634674677899454 -302.2648833673481477
v 160.4449241096587855 157.7221442911673819 -320.3397581532831282
v 176.0784179706462282 147.9937888390822991 -320.0936544040520175
v 174.2978385404703374 146.1473936975552022 -302.1782651900877568
v 145.7588239079606467 168.2261555307347578 -338.4627019141156552
v 128.4883405191961288 175.4129667721597059 -338.9904028854850822
v 126.9635315208560229 173.1662416899361574 -320.9926265042758473
v 141.1794166615680410 162.8027646233119867 -283.8679817080162593
v 157.2540961537134763 154.3047516252983655 -283.8867861969737305
v 125.6197157287317197 171.3286317705938870 -302.6191129280848031
v 124.5627124662300673 170.0657340450147501 -283.9248652871126524
v 156.1753061278337213 153.0780231589484117 -265.5982454052593198
v 140.3428225770579161 161.7880861519716689 -265.1937138365614146
v 107.4357234883188426 176.1683489699846916 -284.1969427367162666
v 108.2678294701910744 177.2366202348538593 -303.0081307933927519
v 107.0820228038341497 175.7364627462564499 -265.3105367242098396
v 123.9921872094613633 169.3214582484802975 -265.0310550070792033
v 172.6424999449526752 144.5782178580810466 -284.1472283690349059
v 191.1107117522530530 138.3290895203196840 309.0232166986684206
v 195.2116769737406514 147.2112135873039449 293.6096472124415868
v 179.7244761604396501 154.3347653525953547 292.0270144105572285
v 175.7251139433504648 145.8372224668056845 307.9673446437055873
v 206.7980040808673152 130.4778627964015811 309.0027668169271351
v 185.7755991058814971 128.1218366221126246 323.7903818769817121
v 201.8074690036346510 120.1187416133523271 322.6818572529379594
v 170.6638563584292854 136.1656918297889831 323.2149645148826380
v 164.2800849415309301 125.2900568771993051 337.7442529078837197
v 179.1055587266194209 116.6484392857798866 337.6074502507180455
v 210.8695432153378420 139.6662649772808891 294.2022236707143179
v 218.6987040467448935 111.9984270597547038 320.3660844378235879
v 93.4745069539177820 188.6492114932217135 -357.8634106996093465
v 94.4873637403903501 191.1644881833693717 -375.0911432580095948
v 75.3792557412765376 194.9567953478282334 -375.7683399165910600
v 74.5504038174543808 192.3173796485471883 -358.5227430936811857
v 110.6738711778048270 181.3121700142348516 -339.5669955281439911
v 111.9605389527067700 183.8347628258675286 -357.1637661823348822
v 92.4139117402051085 186.0182871959855220 -340.2078760174263152
v 113.2021053361247453 186.1737180500247462 -374.3699911064900334
v 55.2708738031840028 194.9669615246708929 -359.1342415689674112
v 55.9080007401783021 197.6789801805362288 -376.3652649129352312
v 53.5944829946381702 189.1828476314183547 -248.6275467052967088
v 53.4969640901852159 188.2131236414920181 -267.3743293872938125
v 72.0091534269342048 187.0636698719517312 -229.3135736251194601
v 71.8775807682598042 185.9015230723651371 -247.8841817511961381
v 53.6896586834749456 190.5776999818538400 -230.0146284790656921
v 53.5635951524248028 187.9061403592610873 -286.2606178717443299
v 34.9436178973312295 189.8057463281350579 -286.8174658009978657
v 71.7693668107122704 185.1558957031868431 -266.6548226285580654
v 267.5536918917328535 136.0047812301395140 246.0622618273277453
v 269.8005051199983768 139.3182937855254124 231.6335774502492200
v 253.3653230071281826 148.0100224018151209 230.8889196875327912
v 251.0592462566325480 144.4364349495429849 246.5697479730679049
v 271.9949595993229536 140.8388423918360672 217.3560341531664335
v 255.5944188809540947 149.8197194078611290 215.2320671254184674
v 237.4330728278286813 155.9277993874343338 229.5436935587366634
v 235.0507203689992650 152.2572219069611776 246.1953035867019537
v 152.9325895351713598 161.3806310728811582 -114.2134122213590075
v 152.4487559106980541 164.5442512838661173 -94.7723913126627338
v 166.3057691324620464 154.6537658785507006 -93.2620382652087017
v 166.9349996531949216 151.1511947541070811 -113.0076918950162508
v 137.3342512539302334 173.4887239845500346 -95.9767013023336801
v 137.7636693884827821 170.6495987361376763 -115.1905404788123519
v 152.1467381888324439 167.6672949335224985 -75.0724560966330614
v 166.0594890911469861 158.0090743488460134 -73.3194076135714852
v 153.5140595921536146 158.3307192560610019 -133.3961064630018427
v 138.2458870021863220 167.9080217741922922 -134.1637997246911880
v 167.6908960362648315 147.8050240901645225 -132.4470674109287529
v 168.3782441806819179 144.8881246507045830 -151.7069775853532576
v 154.0358841607238105 155.6293662712762398 -152.4316555785523519
v 138.7192606296770236 165.4197471549070428 -152.9829796891746128
v 121.6584840203059343 178.8976295590727261 -116.1143109988488220
v 121.2329002385798447 181.3957177710326789 -97.0694771668755578
v 122.1329962008389742 176.4601858240006607 -134.9039914212802103
v 178.8598516345772680 143.8232910814729735 -91.2818080499294950
v 179.5281602339249218 140.1143113087069594 -111.3217519319216962
v 152.1317827437084418 170.6279441918225928 -55.1493351022892497
v 166.3703361082184244 161.0750581273220234 -53.0848372708693219
v 136.9976802836052343 176.3052838462133991 -76.5157006241200719
v 166.9769277871673125 164.0484004156684250 -32.7232190996481478
v 152.4769626441342893 173.3791878363726653 -35.0521550570327136
v 136.8022751995243596 179.0088111000338529 -56.8517289932216059
v 180.4756126572422090 153.3795854595970809 -30.0990526656310564
v 179.5283512170158815 150.2774911859198994 -50.6246224749503142
v 178.9353634105471826 147.1387281587756206 -71.0401860238682730
v 120.5017435112946202 186.2488919328336863 -58.3264710397123949
v 120.2877689943682356 188.4671164614810550 -38.7212634368060691
v 136.8392671551454214 181.5266146433851873 -37.0377915628871861
v 103.9979397047365524 190.3241772740887257 -78.8478098390162216
v 103.5758670736829998 192.3306750098804230 -59.5378327127424072
v 120.8405034416623209 183.8701534617257778 -77.7905274473815922
v 103.1813914992752501 194.1994886280865273 -40.1026882068453361
v 120.1946133189936887 190.5243863174579531 -19.0073423821142775
v 136.9068898603573814 183.9456358556817008 -17.1640323520567684
v 152.7869428917928474 176.1160342940646899 -14.9912911810753169
v 204.7900666263898017 127.4302721586871172 -24.6088470583812260
v 193.1487510800695304 141.1320161274888676 -27.3292689702494407
v 195.0033144214875165 144.2385030122584624 -6.4947179017475056
v 207.2987323633883534 130.5156186843865385 -3.2393082790388292
v 202.9887581853396910 124.2158724820134523 -45.6865636747146482
v 191.8438517654830093 137.9174181222207380 -48.0016313214930648
v 181.7730930132947265 156.3946648988248853 -9.6322468843039442
v 183.3403149488381416 159.3917184724661240 10.7741494762472456
v 197.3172802427411057 147.3247016163637682 14.4074117989453949
v 64.8143649687093131 183.3197989575653821 270.2163928371057864
v 44.9595351203958629 178.6353657021437868 283.3793000512335993
v 62.8687908389384802 177.3676787082833073 286.0577644471154031
v 84.5444020580779494 187.0583958004394560 256.7037221283687245
v 66.6729536460447747 188.6367094462663943 254.0069233557533721
v 82.5056502164220831 181.5722449111210608 273.1600005272881617
v 60.5180901546863268 170.8430205342738191 301.5785195203999365
v 42.9984032142141146 172.3118567959513996 298.6285653151944075
v 185.4492383854201307 180.2544175103762996 126.5731327008902269
v 168.7848765633805499 186.9152907012715730 123.3512185741370786
v 166.9202205001548975 188.8471875035272376 141.9993952171633680
v 183.5716689270431914 182.8203194106391720 145.0530091677470352
v 187.0346037146061349 176.8245962525869288 107.9959430036784340
v 170.2780852056678498 184.3106339245478864 104.5924480304295656
v 201.7612217136048400 172.6906056473677609 130.2755015205071345
v 203.3248296614267474 168.3299621861828825 112.0429040834412575
v 204.1020867686717963 163.3957230477666940 93.6106264792580873
v 187.8170467473214842 173.0121917905547377 89.3156812013684203
v 171.1153550764998954 181.3627070783080910 85.7226134738168923
v 151.7179370765737758 192.6316790522631663 120.5291348938424534
v 149.9261777900723871 194.0144847769602450 139.2518243243627865
v 69.2030241802394528 153.4440789803184657 335.9493644368917558
v 73.8389256940430130 161.2691263297660669 320.5513086540548215
v 57.6937146773000080 163.7683310582578713 316.9347353153064546
v 54.0142050645720460 156.1450793809352717 332.3621731121394305
v 77.4973096387078044 168.6102519086983875 305.0178605507240377
v 49.9662964148578439 148.0558877256629842 347.9414571573041144
v 63.2125089841680179 145.3784223182570372 351.1281128672620184
v 84.5138227270115436 149.6450727166684658 339.6291678697596694
v 89.7687592026913279 157.8373658590529658 324.2950473493781942
v 94.0244354188752425 165.5202042607596127 308.7018949936073682
v 99.5819552201900819 144.6631759515506701 343.2154189700641496
v 105.4136679761162441 153.3365114270788467 328.0138700968329317
v 78.1928627105332907 141.0404617718771192 354.7221208192614199
v 92.6850636563678592 135.5736442477681578 358.0173724529487345
v 110.0959563445161109 161.5100000805058471 312.3798179775795347
v 2.1477866592194159 207.5811596274220676 144.2799096154824099
v 20.9781832075458539 207.6303745008654857 145.1138887007469123
v 22.3109587079111300 208.4537466790773976 126.8229973479128176
v 3.4395852683154224 208.4495156690619524 125.9948946654475606
v 41.1252190214261049 208.1198200900120412 127.8774590662038122
v -16.6986396141177522 207.2523161267780551 143.7066077583911010
v -18.0151393151050812 205.8718609632006462 161.8632820712911098
v 0.7766988489791373 206.2211249635719525 162.3914531548844877
v 19.5568539897481699 206.3081838710423028 163.2136794345505280
v 39.7543717764254154 207.3721359798540220 146.1873899641073535
v 38.2844483802299820 206.1087975240649541 164.3064552990924199
v 58.4331791690426243 206.7423325098482394 147.5124012672741571
v 59.8520072428988925 207.3795108653670525 129.1622757742240140
v -0.7039903007820476 204.2809718153833956 180.2825140612600308
v 18.0395263867218212 204.4004978483194179 181.0840554030728526
v 36.7207082133450911 204.2433628374684247 182.2003368788115836
v 56.9037792310156405 205.5627327939479869 165.6763623196452215
v 85.5606451216635548 198.8371750992403406 -41.1234193730688418
v 85.1424949894784646 200.1873374063877975 -21.7328180003898161
v 102.9144265201069430 195.9003546542910783 -20.5280378984949259
v 86.0799281460231072 197.3253235690725091 -60.4427987438213918
v 68.2012958315679043 201.2147382897884142 -61.0877927150631450
v 67.6318283273030545 202.3954251402065267 -41.8739535385844803
v 67.0619641658492611 203.4393974795009115 -22.6142784202719440
v 66.5074227246944076 204.3589222985149547 -3.3235758951795606
v 84.6850170315596387 201.4136692155488220 -2.3216492179135417
v 102.6069731256520612 197.4728947343677987 -0.9754828646695552
v 49.3869124808693201 204.9440504162397190 -42.4369129267492013
v 48.7284101286928788 205.7346028848180026 -23.2690272201603889
v 48.0594183975198419 206.4131951890642540 -4.0937372460445722
v 53.8420191170515707 188.4830562040739323 -305.1332731017005813
v 35.0614838464764631 190.2861422569708338 -305.7195030449502156
v 16.2316547382953260 190.7871643596318165 -287.1547713216727402
v 71.8734305587828572 185.0414527586721647 -285.5548618955587017
v 72.3292043598898999 185.7467386226338419 -304.3801533189533188
v 72.9915924834173211 187.3320745698058545 -322.8449861946441501
v 54.2535803325980339 189.9870039724768276 -323.5305273452004258
v 221.2784889486209181 93.4805082302764845 -42.4269230419905341
v 219.4481510777426934 90.2539076722909499 -64.2102781064536003
v 211.4218222414149864 105.9412000009051980 -65.0496634822933544
v 212.8891012563507843 109.2597148441739421 -43.7968300625433429
v 223.9361361875865271 96.6835370675336634 -20.3291804277695149
v 231.0629934294525185 80.2664322387745131 -18.9771376717263145
v 228.0728005560793576 77.1831644905653178 -41.4928100530274477
v 218.4255100806094276 87.1343237547826135 -85.7691545839866762
v 210.6333118228094179 102.7566818324655458 -85.9852886789417710
v 225.9778629581595055 74.0375554541599570 -63.7079631951767666
v 224.7783128547559102 70.9997416816026856 -85.7327208866315402
v 201.3856755017140472 117.6108912272421918 -86.8689821318876056
v 201.9600791843302545 120.7944691712339704 -66.4109909547593134
v 210.5627362251908608 99.6995420402023598 -106.4888807417919594
v 201.4105767585757292 114.4882295437677584 -107.0416151890860448
v 181.5677421174761719 133.2430775886068091 -150.5575531978269623
v 180.5963433527520863 136.4010711439115084 -131.0628219675458581
v 191.9831959668593981 124.3295735306747503 -129.2094045246736869
v 193.5083869313814375 120.6756336156268645 -148.8693802016687187
v 202.0280544737101422 111.3983728789199432 -127.2691338484291634
v 203.6556711390225018 107.7689522545517917 -147.3015559348383476
v 190.8999839478732383 128.0846977564216047 -109.1567676126352069
v 97.2979370167020079 172.6316212542706410 292.7697917243778534
v 80.3480407826485958 175.3878010771720710 289.2702763293898442
v 116.4258705297596492 175.8392263402077162 279.8793145440216108
v 99.7224453201122856 179.0972215801480445 276.4496108142882349
v 113.7098118469698562 169.0339111685077285 296.3522819268908393
v 40.8388912950343936 165.4686682082104880 313.7114108518815101
v 139.4932122603475193 161.8374332444780634 -190.5051043707730400
v 123.4886970176246876 170.6755724365102083 -190.5610477254215596
v 123.2629843861068792 172.1455839787476236 -172.0104193688622161
v 139.1971150143021134 163.3147609082005260 -171.7705446065982926
v 154.4389760107359280 153.4789848129457823 -171.4918855858595634
v 154.7010635755808607 152.0666795461966387 -190.5649261512690487
v 154.8236747199864851 151.4838432255635894 -209.5854316756535525
v 139.6051577336725416 161.0522723754680783 -209.3311009625035695
v 123.5888749943442946 169.6936108377545338 -209.2695162611678086
v 106.9496201032643512 177.2179038919383345 -209.5578125824972631
v 106.7356015133169649 178.4502002499405648 -190.9833260305730960
v 106.4698191602120119 179.9828542460176095 -172.5006288903726670
v 122.7056222716084051 174.1573704770586062 -153.4952844852101066
v 234.0969508126727874 132.9832230568255511 86.8908423503006730
v 235.2104116150678976 140.8460262942581096 105.5323198941358811
v 249.2007457253390612 129.4273823410070463 114.0533390091084129
v 248.4835013816809806 119.1238372374313741 97.1014447981032873
v 249.0706715493784600 138.7855537987556431 130.8189512513784791
v 234.5435280433990783 148.8169847252102045 123.0385939452188779
v 219.1280193442484858 146.5704653170846257 80.2845903234240836
v 219.9049385583325886 152.6170781233780644 98.8850505757207685
v 233.0565190060649172 155.5419400886309234 140.0538357783995593
v 247.7647879373230921 146.8037291261994426 147.2369155040470048
v 263.7440199570023083 129.7795257787499565 142.7346507354010612
v 264.1789912922001236 120.1467940912150851 129.8147915410487485
v 262.8249799412191692 137.8170344714031614 156.4442984659677620
v 171.2994627761992774 143.2477708823249429 -266.2191461250243378
v 187.1587574147465318 133.5493557025018561 -284.1643874652086197
v 188.8710677354025620 135.1322088694911940 -302.0312375920514114
v 225.8755988584461818 96.3527470084624014 -317.9589923232094861
v 234.4436879598404175 80.6998904002515474 -317.2111613029815089
v 235.7214529845015534 81.6595510503842235 -334.6797088480935258
v 227.2792217400594836 97.5251481309336157 -335.3324596710302785
v 217.1558104187902245 112.5231604477105378 -336.1059118074628032
v 215.6429011361185246 111.0336759756972214 -318.6917797522714864
v 214.0379673856111538 109.4743651474222332 -300.9758356493125575
v 224.3546976679675709 95.0302184854782581 -300.2980513504511464
v 233.0067605653625833 79.6175378051747913 -299.5370571879529393
v 241.1795146684397082 64.3350598471431567 -316.5142199309946704
v 242.3487719154133515 65.1186891786736197 -334.0291910582205333
v 236.7186197755002297 82.2672592458649490 -351.8445638965421836
v 228.3758025754138430 98.4595255580226763 -352.4129295752821918
v 243.2247378986781996 65.5469026506523562 -351.2883036075685936
v 239.8361396065253359 63.4355147976464480 -298.7336353972443703
v 231.5744314560751036 78.3871806600963055 -281.5497408037262517
v 238.4587989364315206 62.4486831300709113 -280.6689855521800609
v 244.7249541513035922 46.7023145895658160 -297.8190320655746746
v 245.9751588468363934 47.4610243004758559 -315.7122084769579260
v 247.0601190956553239 48.1079758484000948 -333.3870177603224079
v 237.1492131906126417 61.3848191673011740 -262.6857826499128237
v 242.1715689890030205 45.0819148814412500 -261.6728083353842749
v 243.4453968237886841 45.8605492705923794 -279.7405139099041662
v 244.0429682244407843 27.7067764315744611 -242.6491295534881658
v 245.2597361880460767 28.2449190361677474 -260.6666506481028023
v 240.8704158812010405 44.4324842260860962 -243.8336948297537674
v 230.2444839745569709 77.0936962579472862 -263.7675108771921373
v 228.7558736174600256 76.2318630234145331 -245.9479070288550417
v 235.8227621687600220 60.4739400059054759 -244.9665477613862663
v 246.4473865757812518 28.8957453371877158 -278.8300240601939208
v 245.2841526416767977 10.6602069441584195 -241.4703231519658004
v 246.3945283326023343 11.1666849195433180 -259.6836459878502410
v 247.6391798274898974 29.6325764659259363 -297.0030347728757647
v 78.4368876822741612 206.1357114488853597 130.6922560070273960
v 79.7719696707381303 206.1516952644992386 112.1162415903754521
v 61.1478936246921023 207.5784271001204502 110.6463181941800116
v 96.8126636735429003 204.2755655248081155 132.4789175141004876
v 98.2004129220948272 204.0549359817116226 113.8514258089274165
v 76.9552335169908019 205.6483226007185294 149.1025558647415323
v 116.3645355755428596 201.1678005224297010 115.8402355722934658
v 117.5708288511585522 200.2207594473083248 97.0141214525069557
v 99.3735118673984488 203.4460818876850396 95.0733806640384813
v 80.9293272020433676 205.8115984524947066 93.3944923843029926
v 114.8712094051995507 201.6916230679516389 134.5199097343235621
v 95.2423566265298831 203.9830381934632157 150.9573836442854997
v 35.6931016558465046 196.6916857462402390 -359.6625301806167840
v 35.4491207571266287 193.9717339465959753 -342.0873846887269565
v 54.7373625385468401 192.2572640479112351 -341.5256005811220916
v 35.2334788109059645 191.7321193117594476 -324.1426134607665972
v 73.7501773207678895 189.6353894109858516 -340.8994110988378452
v 15.8601816080947504 197.5813437480272796 -360.0322734447433390
v 16.0036337823029413 194.8406188644877943 -342.4666477253882704
v 36.0567701885793710 199.4571209035504467 -376.8451319655190446
v 15.7793994333643024 200.3974922614947047 -377.1758559150588326
v 16.1044746907133316 192.6110234964239396 -324.5142371737888993
v 16.1838300013890972 191.2043889583760290 -306.0675036187196838
v 15.7235754431476433 201.2588700748105168 -156.2805818839816538
v 15.3154464141110935 202.7232108883466992 -137.5267475186254842
v 33.8827949730100855 201.3944093053743813 -137.3424635268421241
v 34.3314142537090916 199.8780623270651517 -156.0939473310786241
v 14.8373790098845220 203.9997418684199886 -118.7338938386825191
v 33.3870249053508772 202.7502129592090796 -118.5410302988123163
v 104.4448107556028020 188.2141079389608933 -97.9820825215935258
v 86.5555641885915037 195.6904495463031424 -79.6127999554179127
v 87.1040823168771539 193.9178326419201710 -98.6487016551363780
v 104.8806047871925244 186.0628450202105739 -116.9232566081886375
v 68.7407128810182684 199.9038009713257225 -80.1467299137545268
v 87.5566094054376407 192.0917404720643731 -117.5235899181563610
v 69.3124721823748189 198.4488917842822673 -99.0624004122010575
v 90.4478436556720169 182.0338216599923555 -303.6672281313526582
v 91.3770792303117645 183.6992235953036356 -322.1145493267018196
v 89.8241736810879274 181.1563571940136796 -284.8365304173827326
v 109.4038115863141627 179.0019503997657750 -321.4883598444175163
v 221.8078353127741309 163.2037556593233774 227.6383287151194565
v 206.2531880863451477 169.9642632596793419 225.0400184534189236
v 203.8151420199861832 166.3786879456968109 242.8986416163428146
v 219.3794853110338750 159.5469289614003685 244.9732468605773761
v 188.2214020239354113 172.6672616372478615 240.2669533867427276
v 185.7100625236632538 167.8233721918696233 258.0665774655624887
v 201.2454645309248065 161.3354709173692072 260.4213695952636272
v 216.8491650297202398 154.3339720382174676 261.9955403771170950
v 232.6123364094793260 146.9491554044729753 262.5561492041621250
v 198.9090802329922383 119.9350599528558945 -266.0558996552621238
v 200.4869237665952255 121.3163157763146955 -283.8101579044719642
v 185.6428217846332416 132.1747181776956666 -266.3939103442729674
v 209.3056414473759617 105.6280464957350773 -247.5652106072547838
v 210.9044343569581770 106.6270863901259816 -265.6184602308886156
v 197.4472075086317204 118.7979319381869630 -247.9052192732173125
v 212.4646339911565462 107.9580769331410011 -283.2791661475349656
v 202.1572178072368899 122.8837140039420888 -301.5561891897629039
v 237.0526932746355442 43.3754075085494506 -40.2399609762349826
v 233.3121425278307584 60.4693821209843350 -40.8237228303089168
v 236.5452071288954130 63.3515336561421805 -18.0013022228888069
v 240.4153178664158759 46.0453180656066721 -17.2738035563460919
v 235.0264802074524937 83.0732299262876808 3.9616357111182374
v 240.7005584582897484 66.0201881321010688 5.0712180876658604
v 234.6330550400451216 40.5612055535092750 -63.0935265184909326
v 231.0249290303206067 57.4587907843944237 -63.3692473378300605
v 148.5737824498612270 166.7375011006168108 286.6367076508940386
v 164.2379511334605695 160.8980314929956990 289.6155737578716867
v 167.3618615525298310 167.8468484210524707 272.7326685157293014
v 151.5015238524857182 173.3065261157603913 269.6720028817865682
v 135.3570620770996129 177.9626938737177397 266.3838029314583196
v 132.6595728271553298 171.7247747742958950 283.3398106244229098
v 145.0530826227820285 159.1894379971101614 303.0490305568753229
v 160.4497133779401565 152.8727457181648504 305.8678234516023622
v 182.9598178675890097 161.6865272205942574 275.3613010158737779
v 154.0474606742382662 178.8441249115858795 252.2139153336571269
v 137.7305999317302110 183.2534837519762618 249.0006982830468303
v 121.0590321707581012 186.8714968094104449 245.7799594368535168
v 118.8760807499130010 181.7867042312784065 263.0264964842112363
v 170.0206840720552748 173.6787668510766025 255.2872739976461673
v 172.4324773089087728 178.3255323645552437 237.3875160151277726
v 156.3515541387891687 183.3077523318270039 234.3378980184475893
v 203.8603168665051442 124.6053457685383705 -319.3005750822700861
v 205.5250870885155337 126.3503509252685291 -336.7464397125771711
v 190.6642079765617552 136.9238212459225963 -319.8259254925198434
v 218.2866653734710098 113.9663902841905525 -353.1188030795237864
v 206.7220956477084428 128.3363400152909435 -353.7540422221188692
v 229.1199314618783376 98.8423511638809771 -369.5687349634200700
v 218.9567222026514060 115.1161746013882947 -370.0326182003900612
v 206.3103507945745037 131.8049455315551199 -370.5895836576995634
v 195.1078262452715535 139.7203719560546347 -354.2879721804554833
v 192.6996763781535833 138.5821714978748389 -337.3009370807110372
v 199.1251114908983482 139.0918906766786733 -370.8913957054671755
v 237.3409895959649987 82.2925865419295661 -369.1812449628399122
v 243.6956728190072283 65.3908327378087222 -368.8788452747923543
v 219.1275345410175532 158.9543378121205990 116.9471148035534469
v 215.5691228989743990 168.6702059082573726 152.5827966585481477
v 230.8591116343337717 160.8607016442136910 157.4270680701083336
v 217.6675863385737841 164.3734389454999416 134.6966719305239337
v 167.7973176909586073 166.9302177304170414 -12.4391694453765940
v 168.7068673162209791 169.7941854716630701 7.6667076760227832
v 153.3453774498021573 178.6726367868978116 5.0146870927374199
v 153.8046770925887472 181.1922032510888982 24.7532890391859084
v 169.7559521259506710 172.5776024215388702 27.6001711392932165
v 185.0328658650818170 162.4530305107167578 31.0101301556212263
v 191.0734847405200298 134.6298058121723784 -68.4361168874245038
v 265.2615128338573527 130.9656923747783424 260.4883605871746681
v 248.7026030600496824 139.1788761291140588 262.0575951906768069
v 46.4580398707059814 207.5190166678203809 34.1467189137297922
v 27.6958077584745510 208.4508084776777821 33.3324845418706701
v 45.5631004519031535 207.9533122166963039 53.1400754571819363
v 65.8549951039116621 205.1817656004749324 15.9474994445634479
v 47.2959781823564285 207.0050077149731180 15.0614554304979329
v 65.1044462473890206 205.9156989280827759 35.1385381781811574
v 28.5898473530987474 208.0941402097794821 14.3346619322911231
v 64.2704451256140459 206.5560799231271574 54.2146344730462459
v 218.2518036138646664 84.1586823238410346 -107.0906243884314932
v 218.7316119024204966 81.7792166478867131 -128.3365236528784123
v 211.0237400247892197 97.0296131193863829 -127.0696887374238315
v 225.1355099989061443 65.8390773978292856 -129.7943416593074915
v 224.5170920593238577 68.1693796188646672 -107.6670995030344073
v 211.9139562848421861 94.9029356008472718 -148.5649825366694188
v 219.8517864950136982 79.8458287084207541 -149.6644575004023920
v 148.0189178065524231 194.6291271277440558 157.8706189533930342
v 146.0139185534745536 194.3651591140033759 176.3991520354273348
v 162.8054016590681385 189.9254780351690499 179.1690532588649205
v 164.9122830456773841 189.8898082701778094 160.6010307500199019
v 130.7756274717412737 198.5459846495323006 155.3677414731517104
v 128.8861729887029242 198.0225734522062737 173.8175307576765647
v 143.9990469436939691 193.1240775338163189 194.8425948049290071
v 160.6781438457526008 188.8602478087484826 197.7074586976019077
v 179.2261131300452917 184.7535677855386496 182.1686043036958154
v 181.4472611690852943 184.3729531762335512 163.5907094381481102
v -38.1388751918864486 203.2682031749528164 179.6645515428946851
v -20.9832828233500486 201.2858721456728972 197.5433895314478718
v -19.4498428583986041 203.9062629908914914 179.8159276790024421
v -36.7808715597537912 205.2521942880235031 161.6096565264770391
v -2.3089093602824327 201.6954574207781263 197.9140730200223004
v -35.5183484548531183 206.6372330457843134 143.3775292016350988
v 16.3768588150880348 201.8458933324380098 198.6747145983525797
v -22.6817652336691715 197.9712871467761488 214.9732703461410779
v -4.0275074319336159 198.4313801039406258 215.2151430853567433
v 35.0046443404010645 201.7179640434991086 199.8072149458171225
v 14.6363013607265362 198.6134604446742742 215.9247774873898322
v 33.2805591776361140 198.5090661489462320 217.0448198609200574
v 120.1032646374798958 192.4468955662418921 0.6690872227185275
v 102.2430548458002306 198.9199295416602808 18.4864580379919303
v 119.9523879956100814 194.2470434177391496 20.2182339429203530
v 137.0738531548900312 186.2129136566955196 2.6610702435961531
v 84.1813505476389992 202.5235454122363876 17.0593148541747723
v 105.3855861162394945 183.9147553589718314 -135.6395995236858312
v 242.7226580435133485 27.2971948292209809 -224.7624171851840345
v 244.0744363614305712 10.3602758043804961 -223.3679468009305253
v 239.5080306562311989 43.7431344319655295 -226.0762633230323502
v 241.1791327022577320 27.3399823871027579 -206.9455164821345647
v 237.8106904717061809 43.8289960223655441 -207.8959658708794791
v 234.3776665743912702 59.7489939018286691 -226.9844026116228974
v 239.3550678913676677 28.1749255697014824 -189.3453375143201356
v 241.0693614979684298 11.0428369759860665 -187.8308709849066531
v 242.6829041785766492 10.3948120663630341 -205.4465636561110102
v 235.7916466159381912 44.9293928467876427 -189.9392067812087248
v 139.7994756832355563 160.8034948629633334 -228.1441694680758303
v 123.7267647860278572 169.1296230790999289 -227.9191032408659225
v 155.1449082790055343 151.4897196283627920 -228.4859410548781113
v 155.5709180999345449 152.0755088414024669 -247.2771493420372906
v 139.9632510292496477 161.1130049983979404 -246.8913047342408902
v 123.8401205960247040 169.0066005864983936 -246.3974518429949399
v 107.0960159879997775 175.8047465467833206 -246.5471825863189110
v 107.0671408137451408 176.3297737548791133 -228.0409798349216146
v 237.2810209053990036 29.6388201439001016 -171.1107421003025308
v 239.2428579799166641 12.3155400305484388 -169.8531919012706908
v 233.6008061243351506 46.4945764051100952 -171.4480476209774054
v 235.3187724826854037 31.0303357993711479 -151.6712490563340339
v 237.4044841282104983 14.0862673041562765 -150.8187005382240216
v 231.6623718239653442 47.7228437544430975 -151.5304504452648473
v 237.9030675237098365 -3.5385875053812148 -148.7847600013600129
v 239.4824389220406431 -5.3247894593916394 -167.9433609915260774
v 241.0040746628691579 -6.3236062341137620 -185.8434715582123999
v 242.3863515113143023 -6.7355035064453066 -203.8008182881631001
v 105.9859708447317104 181.8389160701494234 -154.0937373462820972
v 89.5171830533534774 184.9375138841610635 -191.5833067563728491
v 89.1466317838420252 186.5665115041312276 -173.1247028676492050
v 88.5936402439254778 188.3606360427592961 -154.7215722213501294
v 88.0213079932960056 190.2331517947289115 -136.2047919449142626
v 70.3199814423000902 195.2386129350715578 -136.6492830526468083
v 69.8323722290282944 196.8857392576773009 -117.8955662153466193
v 229.9967789055630760 140.0949191794695423 278.4438268682295643
v 263.8345459421241799 109.7632050360106035 117.4000679313168831
v 228.7066146709956058 164.1614183325042973 174.9540270590445914
v 213.3122463309152010 171.4131638248605896 170.6581415567070508
v 210.9871887993781172 172.5328976872438318 188.8002423906650336
v 226.4297436424120917 165.6098781674756140 192.5493873765636863
v 195.2716750463206381 178.9329467398960105 185.3505588914143232
v 192.9555790290523589 178.2567784518044220 203.7853045847731721
v 208.6263439747937980 172.0414541211455628 206.9491598518700926
v 224.0869687564353683 165.2753051741023569 210.1494488163221490
v 241.9265817563037899 158.0735972515813899 196.1267063446132966
v 244.0157310974664142 156.3590245158476648 179.5385614668795142
v 197.5726393263809371 178.1817514790654684 166.9136976930477658
v 199.7949626459807746 176.0508209140004112 148.5452378232640456
v 176.9935207965538666 183.8803784025964205 200.7135913135679175
v 232.5037404857498586 60.1003330069384418 -208.4411785225905760
v 227.0448561054198251 75.9372128415584342 -227.7254170046038269
v 230.3956397455597482 61.2823420479863756 -189.9268663353303737
v 274.0707107421033584 140.4763271031525562 203.6452111420398978
v 257.6680839007407826 149.7993576721618467 199.8537560559869064
v 239.7248699195222059 157.8933679777294969 212.8175707432773436
v 180.3344467709980847 151.2504912704067976 -354.7670165366474180
v 178.1521858274819010 149.7666701815912234 -337.6573996745113391
v 165.8205839353449278 163.1012565034980639 -372.2421456528945782
v 164.2834638731404766 161.5403957739847840 -355.2995361583122076
v 182.3206856081394847 152.2678728870347413 -371.5750564071277608
v 162.3907039135276023 159.6841576577690205 -338.0687478704563773
v 147.4570602439125651 170.3650780036067260 -355.8435735294634696
v 279.1151030509907969 127.8890869982427603 167.4578525922549943
v 280.2108758809603160 120.2797697410578053 157.8301893021344426
v 281.0459714827566131 110.8078898891444055 149.0825760952241978
v 277.6813782960385311 133.9659192059311579 178.5529711893953220
v 261.3733321577292941 143.8390251499678811 170.3560944528274206
v 83.5653566242113754 203.5329938850854035 36.3471967059235368
v 101.7815442064604383 200.2514636519342162 37.8353369507965382
v 137.1815970002136282 188.3772221896600740 22.2917814346510710
v 119.6783566420757268 195.9369499527231824 39.6250541873252118
v 137.1616613037172954 190.4497706929149388 41.7566605387121612
v 136.8975904529276022 192.4500394417394489 61.0812111439280230
v 119.1984455164708976 197.5256648315047414 58.9018884018114477
v 154.2237674492216968 186.1048172272039665 63.6413247874336747
v 154.1518255879523167 183.6562083268133847 44.2759919467912724
v 101.1490155546565290 201.4744312204926757 57.0543473617385075
v 120.8644350920621235 100.4686382930600104 377.1058091936922096
v 131.4487106483632601 88.0733508855865495 377.3331084539657923
v 145.2225580795113729 100.5149737291318104 364.8300037461337411
v 132.7361570466360945 111.3892424180706655 364.3023027747643141
v 156.0823708175641684 113.2628453045581267 351.5836516122570856
v 142.3300163296541712 122.6401297624111635 350.8093767794326254
v 141.8494294177274355 72.7433438471645246 376.6838834727086009
v 157.9240354548378775 89.2192641224403076 363.7447496771748661
v 89.6489026220978644 181.0124147074469363 -265.9169814930887128
v 89.7519086176645828 181.4471216045187987 -247.1337651137364730
v 89.8598140640651479 182.3084553448136091 -228.5730293443624817
v 118.5069838900943608 198.9738455373430668 78.0305197377015105
v 100.3527189023420050 202.5571290542339113 76.1354973630109129
v 136.3694634423552259 194.3255227771226714 80.2454534807813218
v 135.4829052430447973 196.0119916164691460 99.2341089019940910
v 215.1476672902147698 112.4796236484718577 -22.2227924657882951
v 250.6201614394752539 13.5401337099439942 -332.5875919235173228
v 249.8088946510297319 30.8777880554552979 -332.8858781296054303
v 248.8028544918042826 30.3100338898815949 -315.0454718153591216
v 249.6871062030160431 13.0185763340635514 -314.5832339711728878
v 250.4820365916797300 31.2394824841228065 -350.5210804581031994
v 251.2179091322113322 13.9687906666964849 -350.3722899392270733
v 250.0517076146932709 -3.2351084874132656 -350.3942676856961498
v 249.5204808016443110 -3.7519091906841262 -332.4747649897723818
v 248.5993840448814751 12.4172311809888409 -296.3574531613541012
v 271.8731711513092364 55.4823214669067255 101.1069184741036509
v 282.3255288102715213 55.6953520866334841 126.9870665140668820
v 282.4514601222586521 48.0935272430175260 126.7710499471677679
v 272.8596135071993558 42.0143848744787007 100.8095724924634169
v 263.0215456148529256 55.3615577166311255 76.5715264507126108
v 260.1137839817457689 71.5092404953015546 77.3439208346413238
v 270.3027318852332428 69.0599704995960764 102.4439176389808637
v 282.2387931049551071 62.7217301861363978 128.1682234767089312
v 273.4541291783958172 26.0467146773069480 101.8824861155439407
v 282.7890888450875195 31.2165057491778768 127.9084864729836681
v 131.3272894755244806 179.9082386214745952 -373.6427274960593081
v 130.0013379479098035 177.7703151370784838 -356.4924459265526480
v 51.2111315473328830 201.7665031306206345 -99.3995884048199656
v 50.6584705550737837 202.9665821102761640 -80.5194113792806831
v 51.7590620353386086 200.4158707112492550 -118.2541443141546722
v 252.7754790761570405 15.7422871951234526 30.3371645070552169
v 247.7741607997878361 13.1436913769743828 7.0683723430067946
v 246.9619831689084322 30.9946348159900467 6.4437107254503259
v 251.9926246952457234 33.5761091836708445 29.6510357162189671
v 242.7222173133033891 28.4790624693265642 -16.6905118144960909
v 243.5528468489723366 10.6829890232606228 -16.1182677099086114
v 242.9874487536459355 -7.3408299224164857 -15.3851276966786514
v 247.1708305243925281 -4.9303368396823242 7.8521669483659826
v 252.1459988083052224 -2.3029875071803185 31.2489471653812885
v 244.6414210855127465 48.6376417419555196 5.8329174185000037
v 273.2998442229024363 10.0207739781593954 103.5546752960883339
v 283.1033294847754860 16.4849974812246991 129.8813124207358385
v 265.4578140693650994 21.8894590261304955 77.5337286450559446
v 265.0397373922150450 4.5321429484486737 79.1766533396602483
v 264.7923114523541130 38.9618360219023998 76.6852936089053969
v 217.9077989939986537 -86.2350798709293684 -179.6482151431128500
v 217.6008157117677229 -86.1287316712705859 -199.1784398463012167
v 225.3552433905757653 -71.4469212436158898 -199.2801016147276130
v 225.2755446776114354 -71.5793165986821833 -179.8501283432938465
v 208.5485110197182053 -100.2290353144255448 -199.4372366255786062
v 209.1791078041019034 -100.3429934557093048 -179.9091274273979764
v 208.0678212707424848 -100.0523686097706673 -218.9182170733095347
v 217.3909693678077701 -85.9189881643596323 -218.6584800695842716
v 225.4570373780651664 -71.1995320312724687 -218.6818681527251442
v 232.1992987477295571 -55.8778915213358260 -219.0171756964483052
v 231.7737149660034675 -56.1559775928016407 -199.7986353977302940
v 157.9189964394375636 -149.4270875548316155 -334.7296582718868763
v 143.4044578174624860 -160.1685642315152336 -334.8679887937803414
v 142.9313192460837740 -159.2400338252114125 -353.4758533136040910
v 157.5132748991728135 -148.6462605328860320 -353.3893526643996097
v 127.7655723569067732 -168.9223182793506624 -353.5618838505845360
v 127.0250427671568048 -167.4995530156189147 -372.2319207120239639
v 142.1964897670490302 -158.0385738908980784 -372.1608162381534726
v 171.9018087541257387 -138.3338200245730434 -315.8112846281526913
v 158.1526569057413099 -149.9669526799954440 -316.0329425417390325
v 171.7676651692266603 -137.8746966738704600 -334.5618282079412893
v 143.7128955093862430 -160.8149097754008210 -316.2474312439103983
v 128.2799045119080006 -170.0166220086203168 -335.0101977415213241
v 156.8313624273449989 -147.6339913866933955 -372.0367066110340488
v 171.4572588823651813 -137.2076955741456459 -353.2363311355080668
v 44.7587164002362172 -200.9143953427205815 -353.7275984095223862
v 44.3389061842603596 -198.7356602408839308 -372.0673814336459486
v 61.6210836145953280 -194.8532678215131000 -372.1428344455878801
v 62.1287460524194444 -196.9652469875506711 -353.6915172963352347
v 45.1197993157374313 -202.5682207645174344 -335.6254571145991008
v 27.3869146453338566 -205.2309070188833573 -335.7348757347204469
v 27.1240264206075139 -203.5453490219707646 -353.7498112121034524
v 26.8137229707950056 -201.3283585379112139 -371.9834664016731836
v 13.1533525504514657 -204.5558846293376121 -353.7643846910455068
v 13.1403556001978910 -206.2668286863428193 -335.8190258228052016
v 13.1685751882652422 -202.3094974402750097 -371.9155351853142406
v -8.0793532715232903 -204.7721950163767133 -353.7693208693968359
v -8.6512865694939656 -204.7701088933829681 -353.7693208693968359
v -8.6391398612704027 -202.5370170656536004 -371.8044711724090803
v -8.0642224525032518 -202.5390591156263156 -371.8074093738086958
v -26.5586430162881157 -203.3459332929794243 -353.7670878363331326
v -26.4027953049253341 -201.1425466814000629 -371.7103311995657009
v 200.4173912304735268 -81.3534051555521529 223.7671896071091169
v 215.7640137978103496 -69.9509800740269299 231.6382785724885878
v 207.4839125065985854 -61.5871914614508640 250.3581473296652860
v 191.4112163003978822 -73.2804690995232022 242.6868560594591315
v 186.0190878558669283 -92.3598194524383445 215.1502675984534108
v 176.4838750727849970 -84.5794988737962541 234.0821569686257817
v 197.0449236640045285 -52.3426255608180782 268.5999119550979231
v 180.4138075908014685 -64.6618282430487170 260.9218040576446924
v 193.2121133932520536 -99.7752374537597291 195.3547820729085345
v 207.6371397095880980 -88.5395332651517037 204.0706627047030111
v 207.8590179882794189 20.3212289202318281 333.3679782152529469
v 216.6200293935718548 33.0257161156170724 336.6613494000445712
v 186.6039074624447096 33.8585364477045800 351.3422489852653712
v 179.0956422968957611 25.1023785838491023 351.1913429613815651
v 218.1611601006867716 44.7052190982528757 340.4093191053833607
v 185.5352689224006326 46.7219858479361818 355.5278931710896586
v 150.7996756841615706 49.6009053615544531 373.3298678110291462
v 152.5834430628560483 38.9212521150703239 370.9012680621698905
v 153.0567432353117567 27.2254329327873279 367.6086020457141785
v 212.2799092691632552 -2.8192074565807879 313.1573835959715666
v 228.0016226271738731 -15.5962356308645465 294.2346614141659984
v 259.0730142819768957 -1.2453979816806489 292.2181150295876364
v 255.7000178392559633 16.2846929463099848 308.0322201306089482
v 162.9125872461258098 -9.2377474370098227 330.4321273767655498
v 186.6313355725100678 -18.8498382597124632 310.4123983204026445
v 179.6734836751494697 7.9700925797271509 337.8909279217521089
v 203.5085553949441817 -28.9291894146187438 292.5119351695483374
v 253.0354217539802733 33.9998933170396711 320.6707171589348491
v 235.9664695992148040 -53.2389055340094686 -351.2442305865744743
v 235.8955707994422824 -52.4900094157741179 -369.7156450334004489
v 242.2930636168767933 -36.2368268430990454 -369.3282725608762007
v 242.3301143365258383 -36.9900604811505715 -350.9572270738608495
v 227.8603832858947840 -69.4858481014621248 -333.1898056823807792
v 228.1280828154129665 -68.9117676209998962 -351.6218482304519739
v 235.6259614390143327 -53.8117519698838649 -332.9169055363852863
v 228.0173273136547891 -68.1589269673855682 -370.1319294076967594
v 247.0691981379800950 -19.5388134331545800 -368.9989589480082373
v 247.0563288158498381 -20.2747539195935431 -350.6401363788152707
v 38.5332332382382106 -202.0448536402124091 -61.0909659725747218
v 57.3906392029305366 -199.6704930891899039 -58.8365428026841855
v 58.4486781814255565 -199.1124698793765333 -40.3185872456884695
v 235.4181130720061219 -17.1317194821645913 -105.5203320324254861
v 235.8429182303613345 -14.5474446412747938 -83.4626664852951023
v 233.9518036635322176 -32.5671675505632621 -82.4592119433012840
v 233.3804263283576006 -35.2458596570535576 -104.3375296769996510
v 235.9832761112205617 0.7152950306670359 -106.9123343275033307
v 235.8613701351508496 -19.3834780706608534 -126.7136962558474380
v 236.6227756458450244 -1.6586987042744747 -128.7539833077346145
v 233.5771095300473235 -37.5074850931248776 -125.2282591562620695
v 236.3278096073384802 3.2178134420380826 -84.5536794289972136
v 235.8789111975065111 15.9034567237712761 -130.1284739224707891
v 235.1381024786235798 18.1450702537474591 -107.9867758153116597
v 63.8878692668747092 -200.9608483068483622 -262.4040678997184841
v 46.3822122380856214 -205.0750354346342021 -262.8892237148215827
v 46.0272922000200850 -204.9219551417146761 -281.2139631477791681
v 63.5433210797497807 -200.8236049194727286 -280.8318794377742620
v 46.8246025318174617 -205.0289938187023608 -244.4864456526904917
v 64.3032721807511649 -200.9115159053489492 -243.8938691944177322
v 45.7193172748167669 -204.5054063292923843 -299.4342201389666798
v 13.1293180630026800 -207.4944239221056819 -317.9132739094316094
v 27.6272485015664699 -206.4339829639664856 -317.7524955288450883
v 198.2560502809225511 -113.7551776765797911 -199.9235677212415681
v 199.1306059275156031 -113.8929352492003630 -180.4400016562789801
v 187.8531572425226557 -126.8320984267481037 -181.1644445933661132
v 186.8115207733409591 -126.6820150992561764 -200.5770237125142046
v 189.0647833536786493 -126.9719861953833941 -161.6933365023378428
v 200.1500883581442736 -113.9614687968462050 -160.9090717847547296
v 209.9145396144235463 -100.3255331938921415 -160.3615085719239346
v 197.0893933421875772 -113.4743443868053419 -238.7590684284643601
v 207.7638349539391527 -99.8818721280549795 -238.3547719158784162
v 197.5667776145887444 -113.6018329455342979 -219.3615329004822740
v 185.9817873890989119 -126.5505158956167548 -219.9428266653805224
v 185.3850827578597205 -126.4587852479210284 -239.2616183958531622
v 196.8290980801963883 -113.3892761107832143 -258.0886727400875316
v 207.6477172346266684 -99.7565872203757209 -257.7296245290555703
v 217.3078035771918906 -85.6944801954156503 -238.0892760374099453
v 184.0114442215293877 -42.6971200426984012 286.5064865648634509
v 167.2619186319221853 -55.9071780437864092 278.5244511146348145
v 167.7020612015833478 -33.3142236201721147 304.2457012229072575
v 151.5709976245794337 -47.6587028178896759 295.4186390501516826
v 165.2970552099629344 -76.4850404925151679 252.1076699710473576
v 152.3010672173467981 -68.3525324031091799 269.4268393570033595
v 215.7975533667868433 -39.7490793411543777 274.4253075780149516
v 236.8275682833976532 -21.5188361379599300 -146.7555205867353720
v 238.0617010172746291 -22.9161786140815735 -165.7819025139191069
v 235.0889757512221365 -40.0351756841858659 -163.4535541968144514
v 234.2196501031203866 -39.1810111553060878 -144.7759955397920919
v 235.9825415608706578 -40.3229247655046379 -182.0073558108854002
v 239.2697719047370697 -23.5880920192713504 -183.9009678489041733
v 105.8795124625204522 -160.4474289263519609 132.6523889247332875
v 101.4592161674200383 -153.4971135155813613 149.8848226053729036
v 84.5355947993826220 -159.2682993226756309 143.8152036821205684
v 88.5765178752692606 -166.0340663035368891 127.0495914398505164
v 91.8716299443901221 -172.1832517206906061 109.9534903041526661
v 109.4374907198571663 -166.7876561985081025 115.1068605029515339
v 117.9815453338026288 -146.7646363565776539 156.2348634702037771
v 122.7414242556626220 -153.8113835372833478 138.5182141989089075
v 126.5376539189899745 -160.2667589222901086 120.4637892947151983
v 96.0992316462008063 -146.1479078828001263 166.7623215569400088
v 79.6647326651559808 -152.0707342641281059 160.2679562393604442
v 213.2527036795521553 -99.0573393602902286 -80.4151639936226275
v 220.3561581472702642 -83.6881293696939537 -80.2461586491172199
v 221.7342921317419666 -82.6215989891540659 -59.0807661030195277
v 214.5815934085664480 -98.6044156145407982 -59.4709592488873540
v 223.8268057135071558 -81.2218692243952489 -37.5845320793260740
v 216.4597358162162948 -97.9042716030284197 -38.3682091566292769
v 203.5948650610576465 -113.5981528482812877 -101.5435352020852662
v 212.1977718490372240 -99.6066581484572708 -101.1982377736034380
v 204.8905824962703548 -113.3392091589339117 -81.1922594997907083
v 226.1170161764449063 -67.5807256594603842 -80.6723153801162312
v 227.5707207009145066 -65.7771254213185728 -59.1710276500154606
v 219.4261439492596253 -84.7669193955736944 -101.9213879020747413
v 225.2569017897309323 -69.3979885341103824 -101.7594342409283996
v 232.1421948035281844 -48.1378279746201017 -59.5710931525859593
v 234.4673110990932798 -45.9035241388133812 -37.2666186878885881
v 229.8232340398952829 -63.7981806691516979 -37.2492245356029130
v 230.6347358844527662 -50.5866205125981452 -81.7093829461215506
v 229.9368836700321026 -52.8650598061787136 -102.9269579490762681
v 172.0764848273323651 -138.7333272688776447 -278.0197856422382756
v 172.3126133828118043 -138.7818957380131337 -258.9656670938422849
v 158.7846346447828125 -150.4849869687601540 -259.4374247105631639
v 158.4931650659417812 -150.4391510269262824 -278.3999889033474346
v 144.1808628463016646 -161.3890049468700454 -278.7878314880956054
v 144.5076349149589703 -161.4390425167053422 -259.9181144595389128
v 172.7434565450431876 -138.8138633692408632 -239.8115321698036269
v 159.2533218410411280 -150.4929201125391103 -240.3854216671748816
v 184.8623914198766158 -126.3450768537562254 -277.6516877708955349
v 185.0226262332041642 -126.4011965004887230 -258.5084829560634034
v 144.9897790736274885 -161.4247628579032607 -240.9651875673453674
v 173.4092089091731452 -138.8707469483372563 -220.5844123229987304
v 159.9466786073204219 -150.5103142648247854 -221.2598460607404149
v 175.4537122800687712 -139.1105482555661865 -181.9823223349607417
v 176.7837185256149155 -139.2736771972723773 -162.5961870284091049
v 174.3171572146727328 -138.9714831833227890 -201.3076956365684964
v 163.4330014780242095 -150.8020042087707679 -163.5542757407930026
v 162.0521937302788444 -150.6632035746533234 -182.8508546686846046
v 190.4062926577042560 -127.0645101574570219 -142.1350225937692358
v 178.2709038550330263 -139.4364535548106119 -143.1192025345816319
v 232.9160582881567052 -61.7219741051543380 -14.4605344802502902
v 226.7597036595879558 -79.4161020627212224 -15.1142255276348774
v 237.6714491073788054 -43.6711264611646541 -14.3761493360535741
v 236.7758265567505589 -59.5563727635739326 9.0820980542415128
v 230.3876331467458272 -77.4192783550377470 8.2813794088205874
v 222.6188670451076916 -94.6001025280932737 6.6878164977296839
v 219.2388776830556765 -96.4135824684412626 -16.2786935063271621
v 48.9313810813777366 -204.0279926748772255 -189.0583340016065108
v 49.9416742871291390 -203.4595682321092340 -170.5148748564621997
v 13.0877002765531198 -208.6416740405962571 -209.2232102071099860
v 30.3217903682317704 -207.2596763212840756 -208.3887610096215894
v 67.5600186850966509 -199.4452211878820265 -169.4574749367716038
v 66.4728033667035447 -199.9623152521988914 -188.1293922471067219
v 48.0790602738762090 -204.4893343676365305 -207.5536066437972522
v 51.1074203834302523 -202.8099319026561034 -151.9396831362021203
v 33.0802399517144039 -205.5459850459702125 -153.1981735596818339
v 68.8539070899381329 -198.8604897273462200 -150.7424248298902398
v 84.8596931047662935 -194.1785245611003177 -168.4569585961774010
v 86.2631470397991080 -193.6999503171323056 -149.5971139243233949
v 100.5545586474880224 -187.9882630883801085 -186.3683518562382346
v 101.8122043380653423 -187.6664418890811419 -167.4683125892375983
v 83.6864766314066770 -194.6119092675423587 -187.2503999164002835
v 103.2790646593016959 -187.3370107481571836 -148.4856510988800267
v 87.8267035690965230 -193.2229920839340878 -130.6850867956123636
v 70.2839150201199061 -198.2567774857689642 -131.9787181078313836
v 235.3869975191842911 -30.1083630913160611 -60.1914062320710102
v 237.7481361639085549 -27.7782867445132737 -37.6870165441443703
v 62.7266920737499802 -157.1230597167945007 154.1376928392202217
v 73.6955341202386904 -144.6428435978653795 176.4572108950835627
v 57.3539631039599413 -149.7964488527762228 170.0815489140481418
v 45.4043420847788823 -161.3201922700912405 148.4789519996889169
v 67.2230069845617209 -164.1328737059071159 138.0203653537594732
v 89.5377063901297277 -138.6112450007239545 183.3119172323109467
v 66.7039002522861324 -137.0549825564010575 192.5522080499073070
v 50.9503441366072565 -142.2797216671963838 185.9614697264206313
v 104.9341241256863668 -131.7135968500413412 190.5732706432439159
v 112.0064336585686391 -139.3212907509530112 173.6449995714916383
v 201.2578637408311408 -113.9280541014291686 -141.3159695716147723
v 210.6964831529009814 -100.1421159715216760 -140.8123618517221018
v 211.4791906237423120 -99.8234753752377770 -121.1414560655205719
v 202.4093007963161597 -113.7902524557875950 -121.5852420049172338
v 218.9221395721780254 -85.5628340817062565 -121.6769138885849628
v 191.8350077792701995 -127.0936864973551224 -122.4451947905542255
v 218.6487840049655631 -85.8462162611948685 -140.7855654549576911
v 225.0042899243996999 -70.6185835050386572 -122.3420051574000240
v 225.1212744131250645 -71.1064865384504117 -141.4186890925450371
v 218.2769252358312997 -86.1421519061632921 -160.1510158236560812
v 225.2175886550041639 -71.4418087731805684 -160.5001916779853843
v 17.5681837909486021 -185.1758901637111876 91.4059176770489046
v 13.0785780793952782 -185.5619845186265593 90.5188159104795318
v 36.4957227866736744 -182.9812006282746495 95.5853328759060190
v 38.3342729304638183 -187.6243521540317545 79.2424690510114402
v -8.1584790352147092 -187.2014421355793274 86.4652732595815792
v -20.6481001531863697 -187.9247832471415904 84.2655006357237397
v 108.3510026063104590 -186.6398049380444206 -90.9415643278550050
v 106.6077383339095661 -186.7972043870213668 -110.2439021304898290
v 123.2408744205748263 -179.6373658344448074 -108.8704692682574944
v 125.0604437833235068 -179.6670710505948421 -89.3885485960786781
v 137.3750041073427610 -171.2321412366307811 -126.9883593226827116
v 139.1835405238359158 -171.3380046330586310 -107.5461631334265746
v 121.4766681176982530 -179.6856992474683352 -128.1878506620583096
v 110.1255219960996641 -186.5440489544312186 -71.5224036375717986
v 92.6385592737155719 -192.1926823811478755 -73.4029700613763225
v 91.0218727176097673 -192.4693728069488827 -92.5693279032373368
v 104.9200942140032424 -187.0277062868205462 -129.4149610945902111
v 89.4138832376467860 -192.8101160232613154 -111.6664617201235927
v 225.1928783812334700 -49.8841773584905752 256.1717901469838807
v 232.1978296470297494 -58.4296276181008523 238.1700178118711335
v 116.9239985040420464 -180.1799341048962617 -185.4965287369468001
v 118.2383294451212947 -179.9947392706790197 -166.4881286023286577
v 115.8476324943169828 -180.3593406823562759 -204.4302985560149182
v 131.5620811493670885 -171.3600705255696823 -203.6582567562541612
v 132.6933180702298216 -171.2863510524535400 -184.6208271918079049
v 99.5344738855724245 -188.2722108716381229 -205.2025754118876364
v 119.7657093696860358 -179.8246761736697579 -147.3845307423632676
v 134.0502235495893615 -171.2381939315139618 -165.5086497837556578
v 135.6187236027416247 -171.2197126447104552 -146.2988065611804416
v 217.5947042528565305 -85.3672233235274120 -276.7239212969556093
v 217.9596729397087245 -85.1905052003480563 -295.8212901699538406
v 226.8009560072384545 -70.2200238306854487 -295.6247832603481243
v 226.2892976155108613 -70.4475654925745260 -276.5638480847050005
v 218.3958342464734130 -84.9143656873094699 -314.7429545992555404
v 227.3671474169427427 -69.9108515884117878 -314.5134223059182546
v 207.7160010351535391 -99.6578416168384251 -276.9820129078970581
v 207.9468408281136647 -99.5083092021089328 -296.0914871706617078
v 235.0242177923747988 -54.2675808622671667 -314.3281980896870209
v 234.3289511951857662 -54.6289208703908429 -295.5118387985472168
v 225.8959312121314724 -70.6598505436961375 -257.3543574462977404
v 233.6732621708494548 -54.9166185331851224 -276.5307051729174077
v 233.1031776442906960 -55.2156319441196359 -257.4100657448342986
v 225.6242944927377891 -70.9172002587842201 -238.0394441416725897
v 217.3704313400245098 -85.5157861317950534 -257.4695349411623511
v 240.4058274758951654 -38.4610893756226062 -295.5186554257942930
v 239.6097805706995985 -38.8309795498191477 -276.6323669413438324
v 208.2452445622577670 -99.2628885847032478 -315.0319560889209356
v 218.7722178457630662 -84.5108037250734441 -333.4798649245499860
v 238.8833690386747435 -39.1995328423788649 -257.6693326363356391
v 238.2050852455754466 -39.6105321269076498 -238.7092365327270329
v 232.6274975287012978 -55.5371593232786438 -238.2244333017918620
v 243.9734209973120755 -22.2559812869727338 -276.8933967536848968
v 243.0984833845370758 -22.7358575214359391 -258.1494347450314422
v 49.9035070509482424 -108.7669343964388275 247.8656123183505997
v 35.7714561416705266 -101.8630131857680539 263.5579583533721575
v 49.0755365875459617 -121.6581020541239866 225.0324966578359351
v 62.1702848747063896 -115.9645729100213458 231.9370348908006179
v 61.5576698828883124 -102.6523242642550002 254.8895590561953384
v 46.5216519310074759 -96.4540488472173507 269.7164284869486437
v 74.8157968588738953 -109.4310707497990194 239.3925446502196621
v 159.4413226575949807 -143.4390037204183841 132.3519872136374715
v 162.3888234646318551 -149.1384680313482249 112.6314845878105473
v 178.0809638255554432 -138.6952481787387228 118.5504325432910520
v 174.9847900276984660 -133.3349698373795036 139.0466203386142467
v 139.2329610713773320 -146.0761570046217344 144.6670470318946684
v 143.2522589849628503 -152.5119052042791168 126.0846861002195425
v 154.9767403218990012 -137.1410865484165527 151.7502279099554698
v 146.2029183585042631 -158.2399582148271406 107.1495059444796283
v 164.5639739607609613 -153.8061829208060374 92.7865197506962858
v 180.1273476453467879 -143.0943820782584623 98.0591809263192147
v 148.4311327719103133 -162.9621473582336648 88.0394440414350754
v 195.1081935204464912 -130.9480337843667144 103.8252248809641571
v 193.2743444988957151 -127.0623799614423035 124.9599426044499495
v 181.3045086540853674 -146.4917362105821610 77.6386811990498984
v 195.9065175317267347 -134.0040864421120261 82.7409266934956094
v 165.9575041205666253 -157.3853823377514232 73.0366351108733056
v 95.7092001014099623 -191.6881050547933398 -35.0754256121175985
v 113.5769316886726301 -186.3618804676555953 -32.5254193814265946
v 115.0697436737710007 -186.0971485215509915 -13.1305869987321362
v 96.9862158847141842 -191.3012026944930710 -16.0694935666751348
v 77.2760190002964009 -195.9061869840692793 -37.7274461954029618
v 76.0044168530709499 -196.3275544467869338 -56.5130131358748997
v 94.2167113184655420 -191.9546880677796992 -54.2115787435906498
v 132.3672805519224198 -179.6616794510265720 -10.3288356721227945
v 130.6975447695467096 -179.8315221829308541 -30.1257315343394900
v 111.8838078231560331 -186.4771167265481893 -52.0208557800436040
v 128.8430108101426868 -179.8227957247740108 -49.9731644606294267
v 133.7237746830860203 -179.1453493190736026 9.2562746332102215
v 116.2244568238165954 -185.5310599488956882 6.0274263511539932
v 166.8218054442750429 -161.1397279401273863 34.8769207255601472
v 165.8547258356083773 -162.0701387953269546 15.1624120305884329
v 180.3688237273734956 -151.1535746972407424 18.0052981767922731
v 181.5868551175806260 -150.1644291960630255 38.1973233632281293
v 150.9791850986705697 -168.9212311448328023 50.3587740123138587
v 151.1309578919672845 -170.4204190269683181 31.6267998653707636
v 166.7820662703453536 -159.7172271145215916 53.8911972629774922
v 181.8186938990166084 -148.7726325750831506 57.7038073991076601
v 150.2899271233437446 -171.3684590905655512 12.2534751169214253
v 148.7795300028687109 -171.8623707458395131 -7.7027887892099578
v 164.1545355957257186 -162.6145287506461727 -5.2087259131674726
v 178.4015803622805549 -151.8546001691730112 -2.7935243626904409
v 191.3488089026702141 -139.6521616105627572 -0.5225297369061256
v 193.5608778993854173 -138.7744620884721201 20.5813956359117896
v 195.2341248324336505 -137.5841673194773023 41.6028163134287396
v 129.4852722540828154 -165.9272626826611656 102.1383446934217289
v 131.7022774291493477 -170.5869562822980470 83.6950194519760373
v 133.2985434855278868 -174.1396531226189950 65.2124398398315748
v 149.9966799326559510 -166.5346770580019324 69.0467926663188365
v 114.3557754246734817 -176.8850497463838565 79.2852492633897157
v 115.8278143258766306 -180.3880616010374354 61.2224798672211321
v 134.2950932542326257 -176.5783602842928701 46.8580833367659864
v 116.7134469917461956 -182.8619977974925916 43.0917792546936269
v 116.8476934136942447 -184.5017492345853327 24.8026508226993094
v 134.4604405379955097 -178.1600234797153632 28.3358967697548323
v 245.1531088592543313 -23.1243483468678619 8.6035238102735097
v 241.0271101618420744 -25.4837883439079746 -14.7457750721241467
v 239.6542649398896572 -9.6892590097115701 -38.3330682678899777
v 250.0943996810295573 -20.4611130161153731 32.2459376642959654
v 246.5295386869142646 -38.7520190599564529 33.0369014810701955
v 241.6943169356648582 -41.3919746537446827 9.0943209720638780
v 184.8930074784605040 -125.9815919586108350 -315.5786966053598235
v 184.8810489987641006 -125.5699499425258807 -334.3632057933278929
v 241.9174145679370156 -37.5633476472349059 -332.7280379504185248
v 241.2193860614323739 -38.0435489202279413 -314.2406396879787280
v 208.4962110348052136 -98.8724310007094545 -333.8037722468426978
v 196.8738175054984083 -113.1874216746302153 -296.3964724759409251
v 197.0407954910380681 -112.9517632313747271 -315.3317701597368341
v 208.5695485417394082 -98.3027872043606266 -352.3791990232147100
v 218.9436912794441525 -83.9507311197838391 -351.9891234054028928
v 197.1613058214429657 -112.5591607603592195 -334.1283847374712650
v 76.1714462571351021 -181.7002035820739536 88.0225200013733371
v 94.4825744721089791 -177.5247843371203089 92.5901303691465500
v 73.8319621567259503 -176.5725426455216507 105.0059117313822696
v 70.8420484124857666 -170.6746322120623347 121.6595197362993019
v 77.9159959926483197 -185.9397343815670354 70.7698714951044252
v 96.4349946111408940 -181.9334673911887705 75.0062878011139134
v 112.2361422439899172 -172.3310432510908470 97.2616355384098625
v 237.3982551412433395 -27.6774384905993820 276.9488699961095222
v 262.6108732052298365 -16.1071264174764792 275.5091513103020020
v 244.9187872976356743 -38.6946212956151285 259.0613349314134553
v 266.6084725014792411 -29.8918323391720158 256.2448925978060856
v 249.8645441855383069 -47.1446424465179135 242.5860169874246139
v 269.0777663397230413 -36.4621611811866586 243.8421568497846295
v 37.5240712400256626 -202.6921981725738533 -79.4378006800573218
v 36.4364372279331050 -203.3702175275471689 -97.8506861550030891
v 17.7589667169527132 -204.8821572037570036 -99.6864743894775955
v 13.0652386450410614 -204.9981573950134930 -100.1517679631193829
v 149.1459090263927294 -161.4831008466924516 -164.5361051204857006
v 147.7634999588845801 -161.4170206972152926 -183.7417173330454716
v 160.8823782250392753 -150.5640098954025916 -202.0820879974489230
v 150.7314506476627116 -161.5823239079571749 -145.2261279942118790
v 164.9899103266550071 -150.9703631489682607 -144.1688456025772780
v 146.6026165858998240 -161.3902830644788651 -202.8710538372714325
v 145.6808587338220775 -161.3967030345370119 -221.9439768746249229
v 238.9491553680119580 -73.1858369779453568 57.2077214747979994
v 244.3099332036090914 -70.6778323362617300 84.0468984515929805
v 232.9494656380702509 -89.5608520716551340 78.3179933626390579
v 229.5376408638534826 -91.3103012580021840 53.7176083242887046
v 246.9149425645007341 -53.9852086895096761 58.7769560783001523
v 234.4341388052916955 -75.4102684570493977 32.2407664298326608
v 241.3325949613592343 -57.1336971632866479 33.2542108565851393
v 226.0743388011156014 -92.9875735269679069 29.9321628261333750
v 252.4620023688329695 -35.3313392812716316 57.8686992616536102
v 260.0778497786285470 -30.3938203755431395 83.6885554088968888
v 255.5250185638953724 -48.9183281216599823 90.0251980753455427
v 219.1597813013782456 -108.0577039970981730 49.6252814149159462
v 216.4845342360289919 -109.4821073081102014 26.9603484025147750
v 209.0653994099371005 -122.0578590455475307 66.9941651685533230
v 207.7849018579743188 -123.4633183030355923 45.4054365648002403
v 221.3296136529740750 -106.5439279450136070 72.5485410943705773
v 205.7435276715692964 -124.6858451413841067 23.7909693167865939
v 203.0964432666352764 -125.9051399581930610 1.8959625991384657
v 213.3862155511503147 -111.0046685823795940 4.1876421627760152
v 204.6118059474756592 -110.7910613406281612 153.4170107999245829
v 199.3556427727115192 -106.0362140886649911 174.7718585722689397
v 185.2349406663397815 -116.8959092986618060 166.6541957454344640
v 189.9689707613867427 -122.4669154444008257 145.9269477920461782
v 207.8757804272641749 -114.4852986878716621 132.1174012138928333
v 221.9767965842585511 -101.2134135838324198 140.0738155479168654
v 217.9677236115436472 -98.9114209332822441 162.4022657360350479
v 213.2108930736357593 -94.5950194396719439 183.6447566868584147
v 178.8753653379671960 -110.4508323095606528 186.8734874408586677
v 170.2560193131568269 -127.3482669576240767 159.1443880241506861
v 164.1613816049868149 -120.6611262462162983 178.6716745259394372
v 196.7708482374491723 -113.3166143901709404 -277.3116791049329777
v 55.3339055687090706 -180.1260328002204574 100.2074762616559269
v 57.4245901201029980 -185.0092059983114723 83.5856008318546628
v 39.6657188946957717 -191.4501548144461651 62.6517385560460056
v 218.8073734255093825 -83.1509967718317853 -370.5490364783850055
v 208.3387528218002558 -97.5218426543590624 -370.9461637795558886
v 197.1077717919420991 -111.9852492264774639 -352.7649261029551440
v 56.2007557821316510 -200.2225223681481054 -77.4265430579982734
v 74.6262975596062290 -196.7345541046605319 -75.3812022997037872
v 78.3507910357621853 -195.3815417421554343 -19.0809149451604370
v 47.3821556294069026 -204.8264929782414470 -226.0273716517428966
v 13.0686157402747352 -205.6922487116426623 -118.2809407109190829
v 16.7955488417802954 -205.6105960947475921 -117.9436351902441942
v 35.3150726637730514 -204.0849056359876101 -116.2955392611765859
v 34.1878757698347897 -204.8204843563792394 -134.7488543873809590
v 53.6633985084659599 -201.4471353294903508 -114.6971576997903242
v 54.9460776749679312 -200.8103683221674771 -96.0554450998431548
v 230.1958714324004518 -56.0290362740833672 -143.2205117188401005
v 230.7832472741959293 -56.1981371101342546 -161.6959221195695022
v 231.3011199618836713 -56.3025754788832842 -180.6420323845159714
v 65.5650901173159184 -200.3935403806122224 -206.7540632789361723
v 82.7340072291995341 -194.9789934594022895 -205.9786131655518773
v 82.0008378339555861 -195.2582401204209361 -224.6616956412055117
v 64.8574096192135556 -200.7126878166375548 -225.3384221875630260
v 198.0865454421792151 -127.3415531674259711 -40.9759216628085667
v 196.2747770041465003 -127.3193403648449475 -61.9689005507773203
v 206.1128889695139037 -113.5070098408654786 -60.5341180433211790
v 207.9165332806767310 -113.2438865600271640 -39.4548735622599693
v 210.4113013250551205 -112.3405659217319510 -17.9749759383483294
v 200.4224596278878607 -126.8531947127972757 -19.6451671419409841
v 189.0229874387692348 -140.1532865502727532 -21.6679425134864942
v 186.8605593547003991 -140.2813039852536292 -42.7131038583122660
v 184.9301022711305507 -140.1689177817186476 -63.4269536133183394
v 194.8202497832849929 -127.0871930722619823 -82.4345310515445817
v 209.7118184088576527 -120.0564223616666624 88.7691757410414937
v 222.8660726198636155 -104.8358339433660120 95.4638088660182689
v 223.1673851733933418 -103.1882962725643296 118.0387153875354755
v 209.3720447990070852 -117.5899932697874846 110.5640485549910181
v 195.9456396833625149 -136.1541740803025107 62.0648034444604946
v 245.8052132778831265 -21.3377107126811509 -314.1985646439363791
v 244.8898166318355436 -21.8102138980072162 -295.6306596631472985
v 184.8511674905301163 -126.2235822258824811 -296.6787748664151536
v 171.9692992402747223 -138.6050453957707873 -296.9711846697040301
v 158.3102620288162257 -150.2893615195743280 -297.2659450341126330
v 184.6918875926573946 -124.9713501713839321 -353.0359458000548898
v 170.8631398683576208 -136.3360781289522095 -371.8537154278665184
v 62.5570035974191754 -198.5660966381126116 -335.5197993922691921
v 79.1999165492416353 -191.7222322640497794 -353.6399224797581269
v 79.6661503473312820 -193.2438680048782942 -335.3973351579335827
v 78.5719274186001115 -189.7319240179699307 -372.2045366749795789
v 95.8708966699338276 -185.2440858181960550 -353.6362791100225991
v 96.3793303856253374 -186.6487517613062153 -335.2724028344222802
v 40.4741723553011639 -154.1252128287753749 164.2077317320656107
v 34.5538287541558518 -146.6196948815350538 180.0342948070212401
v 123.9721486759160456 -19.5364316536450247 337.8058376092195090
v 112.4240549145017951 -34.8250320888430807 326.5814381504964672
v 133.3156731996876090 -40.5304242210966379 311.4290160046667211
v 147.1293626418143958 -25.6839349504974628 321.3288742724468534
v 135.5205582939807414 -2.9320022537478918 349.1947763463205661
v 145.9301798135857382 13.4059111608823187 359.7036650002112879
v 152.4920062353002663 -161.7064922991045819 -125.8083776406004972
v 154.3166880684842681 -161.9025584785003673 -106.2607587851264697
v 166.7046887364867018 -151.1431000092511567 -124.6516665136031747
v 168.4938917877704512 -151.3515066345252933 -104.9755894929383260
v 179.8816258622976534 -139.5766939076138442 -123.5123495388915273
v 141.0442740881931059 -171.5188803112184530 -87.9126312690280400
v 156.1691065228805542 -162.1756055345658467 -86.4918346002340286
v 73.1816059679299258 -197.1841576828283848 -94.2703114574978684
v 71.7251909526691804 -197.6928484911423709 -113.1435543277340798
v 52.3773697923684267 -202.1225103032040238 -133.3317010883224611
v 126.9342082708879502 -179.7455504099783354 -69.7501980813847808
v 114.3739482003300481 -180.6363396193042377 -242.1414083516360733
v 98.1611952789135671 -188.6501370266626054 -242.7311641365652122
v 97.7249384806033987 -188.6993225180920035 -261.4265870580971978
v 113.9148248496274363 -180.6800894381443641 -260.9277979884998899
v 81.0228721891033530 -195.4887420202201156 -261.9157388271037803
v 80.6766051541596596 -195.3701562117319668 -280.4460348299778616
v 97.3741906885253030 -188.6008927712051673 -280.0476147201911203
v 130.0113425236754665 -171.5132830375521849 -241.5528278472667694
v 130.6782701683652874 -171.4386233399881689 -222.6284602726774153
v 114.9991093121244461 -180.5213971805515882 -223.3104755815541864
v 98.7495627636813822 -188.4978794301349581 -223.9862619034638271
v 81.4488673190253962 -195.4353255187752438 -243.3089320597839560
v 251.7704966694354312 46.5801221388596574 327.0132362281827341
v 137.2541705747839273 -60.7458448361768717 285.8661937158610726
v 120.1274019619776681 -54.1304696939544954 301.2635443303620377
v 124.0115793386987662 -72.7326561395734501 275.9536424180345762
v 107.6727555407286445 -66.4250282119459285 291.0496510969919086
v 95.9001538103704263 -77.4134019522385302 281.0000620858877483
v 111.5140645590294781 -83.6054924553300083 266.0225216873625982
v 138.4990424347764701 -79.9050995761543277 259.8339643714541580
v 125.3831611340493595 -90.5974642164435124 250.0459928129710363
v 127.5808035618924805 -131.4937459303157254 181.0654859702273427
v 119.6687927965199947 -123.8906356235874426 198.4735065665074671
v 110.3950579014926205 -116.3925513258881068 215.2064460092138916
v 96.2781460749263687 -124.1221658938764847 207.1830406832788185
v 81.7476603648549371 -131.0256169923233358 199.6013057917326705
v 149.1959906692490279 -130.2329930917583170 170.7194912019308504
v 142.3494966049335630 -122.7479397172662487 189.2348611416948927
v 133.8542014432145777 -139.0375192597789464 163.0841635168558525
v 134.3269874304253619 -115.0200733791106416 207.0582258878235109
v 156.9959310877370058 -113.2379513931999497 197.6703198319108878
v 97.7531378685361290 -185.3602329195225309 57.2459180929928877
v 98.3852845541581047 -187.8626696695538953 39.3274731495730023
v 79.0440449649924801 -189.2582859523532761 53.3291780992606519
v 79.6026778515962690 -191.7171197936144722 35.6692948790061877
v 98.4500939315299348 -189.5626542353385560 21.1536397404992655
v 241.3620651213972792 -23.5807097882548362 -220.7393143007860203
v 237.5328835293733221 -39.9839371245284667 -219.7438516665991415
v 242.2451121700352132 -23.2158843387208726 -239.4334444137021762
v 58.9329011175843007 -189.0564902802282461 66.6576823442703130
v 59.9161114519348246 -192.2464073937397018 49.4798992096633867
v 237.2499053525771728 -12.1090900637688588 -61.0045828514262709
v 247.6572497660974648 -4.7893614774352073 -295.9003865516312430
v 248.6624966109450554 -4.2664236059909175 -314.3014016929225818
v 247.4874511072141843 11.7600060282332883 -278.0015687935607502
v 246.6324932639564906 -5.3553256356249932 -277.3551644856471512
v 246.5854526595487926 -20.8353939650284481 -332.5412858694595002
v -275.1899891832696881 133.2144888889886261 188.5482622386347202
v -271.5732689344513346 135.3293034193768278 205.9118572297527976
v -267.9248454925312330 135.4470665314730695 223.6040606654029546
v -261.2286845028266384 139.5462541411139341 170.4451807192635329
v -277.0897126801996819 130.4227862111659419 179.3434648939456224
v -112.7389419584976906 -179.5229963449650938 -284.4155449208470259
v -96.1551015458143326 -187.7129683082439158 -284.2095182387066075
v -238.0673570549688520 -37.6332584767868070 -210.9791968915711777
v -236.5589579114455603 -37.8392704679202581 -193.7754400565917194
v -239.6133651764071146 -22.3928482172940555 -194.5130461359490823
v -241.3935773314080677 -22.0813070501419659 -211.3183828611418278
v -230.7820279206150929 -52.8529948166815799 -175.0431133254806753
v -234.8283132140560099 -38.1254990300147369 -176.1695022140340541
v -232.1098598971255171 -52.7686941457751004 -193.4119257794323232
v -233.3065746361784818 -52.6264925435376156 -211.1983867159818544
v -239.4150806549546360 -37.4319659716514792 -228.4617302753453600
v 214.1215592154299827 147.6281737479221761 278.5246861707468042
v 212.7502859312263297 100.7179814093341719 331.7138883553301412
v 205.4997304104369107 88.3451418605536958 341.5768428135312433
v 228.2581863733875878 81.7307363247931988 333.9116630022362529
v 232.8008367202711213 93.0125555843680587 326.3209959784352918
v 254.1770305257836355 85.6271292738331624 319.7438909094428254
v 252.6908294938343715 75.0479221149463456 325.6144173058577849
v 222.6971260393862337 70.0600901830013356 339.6110685491381105
v 196.0584078530794443 75.0271196490371324 350.0919855257045583
v 186.1066609485822028 60.9379297526761832 356.3644578735857635
v 216.9469777543131386 57.2527237019847277 342.8447354814896926
v 251.4222022755260184 56.1064138079420189 329.3278337627372139
v 251.7133780342270768 64.7058057724973281 328.9061430978655949
v 227.4306860222092439 -82.6641000723993926 192.3373667635680135
v 231.4185892538399685 -86.5631520937059946 171.6162302690909200
v 234.6191573474249594 -88.3546469420814304 149.6138029082731578
v 222.3507120943725397 -77.0234952810071718 212.3300643670545469
v 245.5379838605888665 -73.4438330973413542 180.7657894274674106
v 242.2831324961461235 -70.1880488539542284 200.5250763117691406
v 226.4702908217266497 64.0667836956002787 -150.7314947206836848
v 221.4040676764401212 78.4217632905696860 -170.3520984989239651
v 213.3589784241759446 92.9476360244437387 -169.6529240938734517
v 223.3493626770780054 76.9356357136554152 -189.8920780307590235
v 214.8975675870802036 91.6099757642516153 -189.7564506541531557
v 228.2776519576599696 62.7592583635128776 -171.0984016544241797
v 204.9213160829102662 105.4328323947451764 -167.9688645796746584
v 205.4266279596146774 104.9784689303099441 -189.6071900230531071
v 232.9349068501351780 35.1727535334795860 -108.3649810994690910
v 229.3781552918828197 51.9073971329977724 -108.1819899163015606
v 229.7126989032420852 54.4963382049853209 -85.7362467283110732
v 233.2430654129259722 37.7438707412267647 -85.8380260247934643
v 233.6654171731125018 33.0777406441488608 -130.5161989791629651
v 230.0980587078075530 49.6218620830371506 -130.4584927036746649
v 72.6769698775474069 -123.4425892921613581 215.7978471869268162
v 86.2990665519093056 -116.6039696075968379 223.5276674290131496
v 58.5332102356922519 -129.4275880151050160 208.6192335274067489
v 193.3212822662544568 -127.0757928508315189 -102.5400555887760135
v -183.6535712910572613 164.8815714955480018 27.6974843696482012
v -181.2028028126379695 163.3614342374332864 8.6783891819354970
v -194.5902179957097644 151.9439361827280663 7.7930503362058881
v -197.3206297923366606 153.8065501959810035 26.7526763275905459
v -206.6529450777686918 139.2007804205481136 6.6517353845425085
v -209.6216009348827072 141.4382795503769046 25.3713690856072596
v -204.0354483609287115 137.0271724801537800 -11.6373930474518108
v -214.4517249067038165 122.7588404444587837 -12.7912835011055090
v -217.2728536715435723 125.2130172365016136 5.1780510905555746
v -192.1682145089926337 150.1086180604774825 -10.7591058850812580
v -212.9065541726644426 143.7695954508951672 44.5505374855705583
v 81.9441525834536577 205.2141151978846096 74.5198391773949709
v 82.8229392400621549 204.4376954780384210 55.5023893824660419
v 245.6376476520635492 -5.9153009129932368 -258.8213426410935654
v -93.3254373059087214 179.9268668183480884 -227.4612139347511572
v -110.1394711072442902 173.5346039994048795 -226.3102616824970710
v -110.0200258748467661 175.0125193034072595 -207.9845820250916404
v -92.8879170809967292 181.6339324495058349 -209.3547241017564033
v -126.6434879334038186 167.1297950604853497 -207.0240252235320781
v -126.8473256555015638 168.7880130933746159 -189.3226545995151753
v -93.5219221790039512 178.6614422395653037 -246.0376984636270379
v -75.4754965281206722 186.9294528320176880 -210.3821543671710117
v -110.4061349207691336 172.4884280090607831 -244.8879214919327865
v -223.9037718991698682 130.5481886469011670 42.1825822135992112
v -227.7372873382582270 133.3943068146445796 61.4021802648211050
v -220.4121602659467669 127.8195103891000599 23.4718806447892625
v -229.6636897038966367 112.8144243524535852 21.1076862706094133
v -5.0544923761985965 200.5763111986747731 -377.3331084539657923
v -39.2212938964947000 199.1982065962170623 -377.1483543499584812
v -27.8071894644060329 200.0140569788459857 -377.3049017205295854
v -39.8003068825565265 -188.5000536991706497 81.1137507583932091
v 219.8060386992218298 91.4198227151725433 -246.8354789076483655
v 221.4206832053549192 92.2931516626812680 -264.8282015824503333
v 222.8723897528727775 93.6121763804963791 -282.5046562585985725
v 259.5174466256814867 147.8869411451855740 184.7941810743847100
v 170.4214988159826873 142.0211011800029723 -247.7639505499242034
v 169.7193421365115853 141.2427422472330534 -228.9049285744621045
v -95.8307094202907024 -187.9342442556483377 -266.7524884430810062
v -209.8258793871904118 118.1765684517015416 -48.1662881279270465
v -208.0557893360111166 116.0334884238491213 -65.7372026098014146
v -218.5041951140909191 102.4161663267615836 -48.9786420508904143
v -206.8484089258775498 113.7196180941410404 -83.2433591328284308
v -198.0486132621103081 130.9175058718248010 -65.1864661394590570
v -196.9777416890024995 128.6173202151353792 -82.7637271363565645
v -199.6451143746008086 132.9921551890803642 -47.5093062949748983
v 281.5771689137915814 100.7447631150915868 142.1296163031939557
v 250.6134917222981642 -67.9034650466967236 113.6678469854799687
v 235.8462677799568610 -88.1347152218173449 102.9907756834757464
v 236.9549686960846202 -87.6844652393415487 125.9984205071270793
v 249.5472478163947301 -73.0064450914923384 137.9047177466709400
v 258.3200707913135830 -53.2599467287824098 109.3297689110440700
v 206.3890945920839783 104.8509436440634914 -209.7605484790701382
v 207.7888978118778027 105.0014530107583681 -229.1143635702260895
v 196.1641537214512994 118.0219749850612203 -229.3295574407333106
v 195.1648273524239414 117.6695377271783514 -209.9024048426431648
v 216.4752642106132328 91.0443058852957563 -209.6330305383272048
v 218.1094036830326957 91.0214907514278053 -228.4513878064187509
v 184.4275523037417486 130.9389400510349333 -248.0531870957015315
v 183.4315754843099455 130.0971306590404879 -229.3351987874205520
v 182.7496336304681392 129.7298701750966075 -209.9571729167318495
v 194.6507449445416853 117.7135519841444591 -189.8877294926876118
v 182.4199527424252096 129.9578011486711091 -190.3097727417271585
v 275.9721090138311297 138.2028350061785602 190.7401604827416008
v -226.3874041602437330 109.9608431531551815 3.3879812698589480
v -196.3533004365509953 126.1887645392971251 -100.2412068137234229
v -206.1820395394536831 111.3037554483491078 -100.6074242361704449
v 34.9754239274819696 196.4614923575880425 -193.3927687063068959
v 16.2799312236667433 197.8382160053879204 -193.6292351549472812
v 16.0482558796836017 199.6198825700816712 -174.9795306471931724
v 34.7136081462664805 198.2210930297707421 -174.7764421664523411
v -2.6519379463709991 199.9518699462232973 -175.0398225399131036
v 53.5354692195270658 193.9121325312049464 -192.9688450083715736
v 53.6990315459396896 192.1954736724775046 -211.4886810142630509
v 35.1138205589069656 194.6562467266624310 -211.9620840237677442
v 53.2219704756924870 195.6410877627897378 -174.4063463181578300
v -2.4425607964470601 198.1523097350059288 -193.6963436749142886
v -263.6575780718258670 133.6476973033466891 157.7013785527756511
v -278.4628517222920436 126.1664342086601209 172.4031981319616875
v 225.2379944637244478 76.1574310364589877 -209.1910075197702952
v -214.0579177731144682 -98.8105230972197432 -351.4602471534735741
v -214.3948560186144334 -98.6724570134522025 -368.2688746642339197
v -59.1362246544371146 199.4593392456071399 -119.0468710517686617
v -58.5985852168335057 198.0426560587725930 -137.5509582981582355
v 148.8929445768935409 172.2412077432978492 -372.9288620840107455
v 30.9079101289288936 206.5624117471433010 -42.8549602218852925
v 31.6070992249863956 205.8340022381667040 -61.8725275448702021
v 50.0396118852815377 204.0242758501067044 -61.5373375292030289
v 32.2677391186810567 204.9638832756870670 -80.8169924170328926
v 14.2881483677594670 205.0893738574642953 -99.9068394944481355
v 32.8449928566548621 203.9403902001479310 -99.6963467461802821
v -128.0711746844798995 -170.6459847484161685 -232.7118973639050239
v 190.6302864414033138 131.4887362969294031 -88.8687220044601816
v 114.2353238582965815 138.5620301272805364 346.3160441430414949
v 120.6198885895728239 147.7827525235555015 331.4132515881223640
v 135.3896320396142698 141.1993890855818563 334.2912786230654660
v 140.8149621599607713 150.6326022070764168 318.9454052970855855
v 125.6475992600139904 156.5379756720907380 315.8781580920077658
v 128.4717396812883408 131.2071831478120600 348.9014263185837876
v 106.5087282922463032 128.9914120173333458 360.6930161754869459
v -230.3782309022670631 -85.1988643833299335 207.9246427165396369
v -217.7437739008655910 -93.3342666011145354 202.9567317900839782
v -153.3417781530876312 -92.9376461396850715 245.6353999279928360
v -152.7733977833406414 -102.4003220757142003 230.4940254194255829
v -152.0536853505068962 -111.2986503234172773 215.4264585300164754
v -164.6769184225618687 -106.2965020051526892 218.0908195591801757
v -186.5611125590594384 144.6459287093349815 -64.9173268912550441
v -132.2092346986375446 -100.9928721867779018 240.8569442277838277
v -129.0240921624004784 -109.9255333178354022 227.3372218356877283
v -126.2462137221629490 -118.4894134457247077 213.6830473475456245
v -140.8976872203666915 -106.8791399971912739 227.9149897589064722
v -139.2935467842372077 -115.5251501997031056 213.6856329647772554
v -142.7267910466570981 -97.7005954820076568 242.2247357433289210
v -144.1234650819603473 -87.5648216783495457 257.1705435667383313
v -153.2179182730872071 -82.6459860607708094 261.1277132117291444
v -76.9315809957239622 -195.3160492329581928 -196.1582038636171035
v -189.7524400092426902 -142.0657765322839907 24.0321368876663435
v -176.0350941910090228 -155.0023834746140778 22.9690956212884991
v -184.4260832030419408 -141.4223544987910373 -27.4901648788919246
v -78.9282945208549478 -189.2659252759922595 -371.3702050055471773
v -61.5957783550412117 -194.4649551245410066 -371.4997209232418527
v -44.0767304733734164 -198.4391663376495671 -371.6104323519790569
v 109.7399932449537090 110.7314599252371323 376.1065856617138365
v 119.8809897015996313 120.9694170280700831 362.8040551170766435
v 97.8166985103131310 119.3264556059482828 374.3918513249030866
v -161.3604970477903464 -165.9623154253584687 22.5055649684864818
v -42.7427062374133087 193.1241362978443021 232.4645008060580835
v -144.2311648542629428 159.7242347248596559 -300.8340968137954974
v -159.9983468789324945 151.0221636396433382 -300.1601909407816038
v -129.3488221810850689 169.1969372731649344 -320.3401107374510843
v -145.9830233657576741 161.7346108864988139 -319.5231732203043293
v -161.9856434685777629 153.0844872020275602 -318.7828639956593406
v -93.3747623619046294 178.0455658441936748 -264.9370325622917903
v -164.9921874327397120 -114.3792075808353417 202.8457853052348128
v -238.3835222165735956 78.7794525834543578 -332.9749643960415142
v -240.6040532333196609 79.4300585193693536 -350.2680425535690460
v -245.4056031965295688 62.9017794951525673 -332.6869031308240210
v -164.2564324202641046 155.3866561446616856 -336.9317814568643712
v -58.1283995378613838 196.4623444359939128 -155.9853514073491283
v -57.7492613747595840 194.7344763389269815 -174.4055236217659228
v -57.6073168651445613 192.8755644594375553 -192.8283989814703716
v -218.1307350251938431 -82.6128358034797401 -177.5148458708861483
v -225.4005357651507211 -67.4783954502155723 -175.9326831812257126
v -143.1766737539579424 192.3916279979152648 106.3654762830084621
v -211.9514771167151537 120.4391451304759926 -30.5418983805798376
v -201.6662737353765351 135.0087456466796993 -29.6370498775568372
v -189.9523552324719446 148.3781202731578901 -28.9833588301722500
v -188.0668967033370791 146.5789714101364893 -47.0302619387829637
v 129.5558184696873809 164.5567680218284465 299.8499168729831013
v -256.1180945164060745 44.5103061629064385 42.7008809404899026
v -256.0923852541595238 23.5697264241479303 41.9268411637774037
v 57.2647005454398794 -89.6504745598466428 277.1994398114679825
v 73.0473448549748667 -95.4638382480322605 262.7477199354165123
v -215.8570813271428790 88.1856415975760370 -171.0693722245960373
v -222.1069882882751472 74.3625939839914878 -155.4124021344257471
v 265.2094772870703423 -51.1964735951005920 135.3691674668660028
v 264.2829154757042147 -56.3583645779583264 153.1382342511298589
v 247.6584838106853113 -74.7921369921035506 160.2625499487851641
v 268.1980982226946821 -41.7140015271416189 124.8875453219636285
v 283.4592925843379021 -22.9855495491262971 144.2361891786562751
v 282.5629648653737718 -30.2563786595730200 154.4625403859607786
v 281.1727254911356795 -36.8429153550582456 167.5610422254091816
v 101.9485515740141039 184.8020334176251822 259.7502843955933258
v -236.2691043433743232 -52.7831978424339070 -263.9586114962226020
v -235.3236205149947580 -52.5628180464563783 -246.5020518128209517
v 67.9035385017317168 -81.5848252432887193 285.6381892872515209
v 84.4723720507665803 -87.0942026146709765 271.4518477616125551
v 78.6956844615515649 -72.1054529778063227 294.9623951368206463
v 87.2529977093127513 -101.8919911970716754 247.5699117294941516
v 99.3708821771458020 -93.3522263571696413 256.4216547940064856
v -59.9331016015280511 -184.0527626787113604 93.5941725514202858
v 134.2112810593088454 197.3853363326595058 118.0673922331956476
v -111.2574861218087818 156.9531435298552253 309.6806686438445126
v -96.0891462698966450 161.1676996174516319 306.9742325706384349
v -97.1234592720898320 169.2405548729421128 289.6724573369680797
v -112.9863311708410976 165.5819358721653600 292.2472619874717452
v -80.2884907857820593 164.6834632661795013 304.0971457601431212
v -80.7500308071358432 172.2688121454471570 287.0567529229818433
v -93.0810891320139007 152.6265832049057849 323.7158690894876827
v 229.9318005816107870 -54.4781984840944986 -123.6249414165244787
v -112.8885919012831778 -175.4344890974118414 -371.0190311742661606
v -96.0660446613922403 -182.8904102050267966 -371.2130699946961840
v 264.0809141294812434 99.0246151422021086 107.8726560729509174
v 281.8626445617774152 90.9915725156763102 137.1798046973598844
v 247.4407630869744139 107.7190175217654655 79.7517181175913379
v 4.9572489281268508 150.4614225935353033 342.9140770345204032
v 10.3506279446285063 142.5703832406525180 358.5575313982525358
v 15.3471257343264824 142.5553396494865410 358.7538032517462625
v 19.0925300225682584 151.4349956272951090 341.6233839237009988
v 4.4447256033622615 158.8799866257035660 326.0711313314126869
v -264.2390481288081219 -60.9687882128755589 162.0336977524683277
v -265.5833046511423277 -54.6900611687649203 150.0296171703455457
v -251.7814561606559778 -70.3313816637305536 132.9471492891418904
v -113.7858084261706892 179.9572625118270253 256.2129249665783846
v -97.1321416572256737 182.7823137755352434 254.2786482211890302
v -96.2862848928032804 188.2648212951181108 236.1012889704357747
v 170.6182554727073750 19.3027968966035175 352.0965440485725253
v 152.4986024974423913 25.0843012997380228 366.6742540006391096
v 146.6446181749072082 62.9563272041362794 375.6261309688500774
v 171.6024794865407728 80.4176835013227844 360.1150131961562693
v 170.2038368562998016 103.7444169969714665 350.7821102704442637
v 185.7436902386817508 95.2980722705699321 347.7303767687563436
v 171.6892298828641685 -103.0053565079212916 206.3509420469100917
v 162.2623485853857517 -95.4016071423885847 224.9730274615078827
v 151.1818034671874784 -87.5976781155006563 242.8128461354742740
v 148.4963461519745920 -105.4964811825641675 215.9132597379033882
v 237.7924148590006155 -65.2006649977226544 219.7176429101146482
v 257.8669413714662255 -57.1869557364062757 207.5748792219304164
v 254.0883262255294994 -53.0586542236470748 226.0364213120536760
v -124.4159493063197033 41.0347297638217015 360.9259567824478268
v -146.5527112351275036 18.6762309572649272 350.2116290866965755
v -143.6574663399826477 1.2502296013806200 343.0746203589949346
v -125.2533073231937237 26.2427551474404837 356.3691589958251598
v -123.2377452360842511 6.3284120297779944 348.9009562063598082
v 97.9554991444305756 -190.6454402151217664 2.6987967495671081
v 101.0339115148269116 -48.6552378955874119 315.6569702906453472
v 89.7534585189028746 -61.1185483382135288 305.0413661619209051
v 227.5224166699049704 99.6689920911499456 2.2263339645102875
v 222.0263640418699254 118.7137083950672150 22.1082026112036196
v 232.1055554320751071 102.4891953225488095 25.4270773841438107
v 218.2146647481736181 115.5792057599523730 -0.2535080167581001
v 240.0335573585649342 85.6160522545566494 27.4539662376487676
v 245.8149681065298182 68.4868596255957129 28.5131290781791336
v 256.0681450926127241 96.2331622114983958 311.3608497321958453
v 236.8675278224322938 104.0300101730132667 316.5358450932957908
v 176.2656989278571871 -152.1345960715485717 -23.7061140603659410
v -162.5038834314404426 186.9296291241016661 164.9486285969905452
v -162.4831984935872242 185.5344976445332179 184.5732283291342810
v -162.2446165399391305 187.4099075248814472 145.3966612034450918
v 256.0399089771624972 -17.1882798591070269 56.4480201209155865
v 263.3250030554043519 -12.6241530963682322 81.0640363907118484
v 258.0375921087554048 0.7818586060932285 55.0145304220752820
v 237.7426417272912715 5.7320009891317643 -61.8550158645285464
v 240.1929547844936224 8.2046909750089352 -38.9786498794116483
v 252.1398285853660468 70.4554619088359715 52.5147086712895614
v 246.4852893738361956 87.5732543163664161 51.8808798653663175
v 255.2333433109563714 88.1084770833188458 77.6874553422833856
v 249.7228641140492584 51.1514823861691070 29.1164005895464619
v 255.7890747236780555 53.4237881843279965 52.6790128935555941
v 267.5225175748830111 84.9981558457227777 104.7288981034273121
v 257.8924743416287697 36.1991187008868351 53.0388838009794696
v 235.4542529492212850 20.6347699007115253 -85.3913018839972011
v 282.0583581570052161 78.7461407250863061 132.6462774658221235
v 79.5940615759919297 -193.4561530559999198 17.6746917553084835
v 60.3964118892250994 -196.3840707507083891 14.2962302579842611
v 79.1163687924438079 -194.6254103029735631 -0.5902258971530731
v 60.3859004737180030 -194.6480638357645319 32.0365026685319734
v -145.9079523199977189 178.6377456452774766 241.4006290147671336
v -162.2840472027218652 183.0328835908937606 204.1990033418378516
v -161.9643268174235970 179.2849726495829259 223.7852889277307042
v 99.5706651813120942 -108.9397226752462302 231.7050345082876390
v 124.0935845397618067 -107.6538408692186835 224.0083571779888700
v 112.6440821263113747 -100.3197375916314229 240.4707470358194712
v 231.4941304118238463 126.2118441112910432 67.4379511079499849
v 217.0127053196223699 141.2616055002185362 60.7193422595524126
v 270.5593837774889039 -21.0397532178746225 109.6214735459970626
v 268.5473034590380053 -34.2346592816200328 115.6613578710853858
v 272.3186906295316589 -6.0237480902768601 105.9956154908259265
v 283.3729976092314473 3.3638612187717478 132.7078621671578844
v 283.5535500852373048 -8.2460144822245667 136.4092907623269184
v -154.8607988946705234 139.5864634272675460 316.0904137611153715
v -140.6241406700632979 146.1320415952422422 314.3190309013202182
v -143.3518640124095214 156.1399669104999646 297.0760196956420600
v -157.9223606800401001 150.4131479445397588 299.0923310241084323
v -129.6112770211049678 169.4048003311801551 276.7406102809053436
v -144.9480566137530673 164.8881383756761352 279.0422797293015833
v -128.3813459152294172 161.2408902143158400 294.7071241992227897
v -159.8005177786969568 159.7724359188202072 281.1265222741268417
v -126.1390722081262794 152.0054768110428256 312.0356958296575840
v 210.3158391615818914 133.7172592214824078 18.2797261875155748
v 226.5493431303830789 122.0637060663327418 44.8160333640390576
v 213.6727930246609901 137.2026859407593236 39.7424647152535115
v 199.7468789800761897 150.6640850350732137 35.1117417814167467
v 186.5511961293357786 165.7222790620175772 50.9196178954708643
v 170.6135249684540156 175.4406446293440069 47.2686088363190891
v 202.0247489971355890 154.3752390768749478 55.3521885269181269
v -129.9505511367175927 176.5053459795126400 258.2842394252454028
v -63.6467384235124527 196.2905037271378887 -376.5275711582494864
v -74.7254985843604658 194.3498804667254092 -376.1390234051654602
v -77.2175047194232320 190.5571913360845713 -358.8406564851186431
v -96.3659248417396412 189.1624858957190725 -375.1865760394688323
v -96.0363467907457107 186.2019835474889646 -357.9929266173040219
v -195.8527631371209452 172.5095830591379524 127.0089267324799494
v -178.8035703867678023 180.5222933319784886 126.3002325548947198
v -161.6111697001978200 187.2100510656801760 125.9053382867875257
v 132.5732631610418650 198.2927410709001492 136.7844403170287535
v 153.0841419633630949 190.7165887620132594 101.7207675105095745
v -113.7767587658599098 173.2412098986471278 274.4278931952466110
v 238.0912299413406572 105.0030029119966599 49.8295451762166337
v 239.3242461586857814 25.9568332601170937 -39.7035629287227110
v 236.8709949000838435 23.2767510170896088 -62.6069603667159953
v 194.3435853702267480 118.4800626197704645 -169.0046393370641624
v -247.7545923784664410 -20.0487144131700212 28.2249502849056668
v -243.2886437791196670 -39.9829491543078532 29.1985527006794747
v -144.1838745027362734 192.7002860549440015 125.6385495997032109
v -119.3491238297462473 -11.2587112237548865 341.2766761585473887
v -139.2188723956662102 -13.3528894802505338 335.9211577034555489
v 113.1825956788313619 201.6452582498658330 153.0735938203385160
v -249.8377184067599046 73.3505158208898251 316.9342652030825320
v -252.3323689230822993 88.6509572077283110 304.3242099643047709
v -254.9093772246357048 101.5840603448893518 291.1234587161500258
v 182.1587907110211404 131.0502244290450449 -170.2284589840284923
v 168.8073684950945221 142.7159417379890556 -171.0562090823258075
v 258.6252911527047900 18.6149841490901196 53.7972923462460528
v -168.9388530077269479 174.4950432729084469 28.3916050682913834
v -231.6720385065700611 -60.2290813195174692 -3.9566995327668972
v -225.0918630171149744 -78.1901301832316591 -4.8059572653093321
v -21.2576924703146020 199.2729691308300630 -174.9638994157472496
v -39.6573817482243882 197.5600270968731422 -174.7534066674793962
v -39.9792764025583409 199.2457613858697130 -156.1850315744664215
v -39.4885526958029658 195.7222996494748770 -193.3056804168225256
v -21.0700809654461914 197.4551626889211491 -193.5881003353527774
v 126.9967772696925863 196.6237986029023261 192.1380391806186765
v 111.4041317536631794 200.9033036324370585 171.4397031290025382
v 198.4664695741554112 154.9045119859931674 277.3884249254907104
v 155.7606083822931851 143.7657610980686798 321.5046962441993514
v 149.8446867742542850 133.5960584137486080 336.5393552779328843
v -75.8345888121736493 182.8018675058496285 -266.0635389789011356
v -166.8982133716718295 173.1757026984428762 9.4233995288198731
v -164.9682117093189220 171.8592415613489379 -9.2538065440345516
v 243.5877820636136448 -6.7111081711371314 -221.9858168625553390
v 244.6469155221300298 -6.3891253707611879 -240.3435816792444655
v 240.3847018078319877 -23.7335568614382737 -202.2002036937131209
v 236.8080292440902781 -40.2413382581410488 -200.8035002763959085
v -58.6870985339966680 -200.5856840611395455 -177.5857152886446499
v 123.1106974075652403 191.0491197054138013 228.1932961954772452
v 139.9133603694843373 187.5597704872683948 231.2417389115975936
v 141.9850714853402849 190.8551396490117327 213.1623980595352350
v 125.0768536381403209 194.3022081490167920 210.2984743913102079
v 158.5420714282382448 186.6533353554896166 216.1356228198256417
v -191.3021796464584554 163.6174250343740368 246.8579267663413646
v -189.8759766870891781 156.6786273730899381 265.8981770041312416
v -175.6232318098190888 162.4408222839013831 264.2718237654207201
v -176.6679827724843790 169.1694503990716214 245.0715003153802343
v -207.1468420420356438 162.8565777819457878 229.3243862062699918
v -205.5365754559879861 157.5547402664247727 248.5597330169937891
v -192.5513265894874166 168.8599402636370144 227.3294649839927786
v -203.7829980966744756 150.4307183889094119 267.2017982011088861
v -217.5105835467857673 143.7573872240797925 267.9464559638253149
v -219.5309789751975984 151.0053424366305705 250.0126148450715107
v -188.0619605249857500 148.0371126187195046 284.2440714871659679
v -174.1544249301554999 154.1325289502603937 282.8950844605783459
v 194.9935449018338431 108.5134410706877333 335.5359007359390375
v 71.4991551189974075 191.7541411312495256 -173.8062480643020535
v 71.8593345375682304 190.0654686408533394 -192.3385420441278768
v 70.9070120454310882 193.5100396696687142 -155.2592630774782378
v -250.8951183264505005 0.5421323607281762 27.3806287307145730
v -77.3000241057311968 187.4226299369417461 -341.1795979843043369
v -95.4479352329568940 183.2414518172448652 -340.3175296936596510
v 129.5356477170790868 -171.5446630284999969 -260.4154931924643961
v 113.5716135441393391 -180.5971733946474558 -279.6274519200472923
v 129.1942434054517150 -171.4809040581285160 -279.1969466509768836
v 89.8077858627816141 183.4840297247964145 -210.0969137752971676
v 169.2347005066533825 141.0321319709092336 -209.8596246302649035
v 97.0708581215333766 -188.2759864604366271 -298.5559329765961252
v 113.2814514649211333 -180.3169865091809356 -298.2151016142416893
v 128.9172150864897617 -171.2534578877849469 -297.8799115985745516
v -142.1166294530077039 -31.7355867721912155 321.9191001695999148
v -214.7342917353040264 75.7868210029195382 334.1612925931468681
v -63.1784846119605703 181.1655096913734724 267.8084780260998059
v -63.9004888418860233 174.6192263550628638 284.7896367230450210
v -62.2389359504082051 186.9255009511352057 250.7015643092513812
v -63.8502602889597384 167.3941303494010242 301.5771091837281119
v -80.5159369561256426 179.0876430435853308 269.8250244106781111
v 169.0222685454617988 141.4467268794007850 -190.5588146923578563
v 171.0983575814031781 178.3999129329862967 66.6474574033996845
v 153.9299473092609958 188.4783844638485562 82.7787707275225557
v 187.6376842428824716 169.2104529996031204 70.3158606148371348
v 112.9775679851667718 -179.7637819496628993 -316.7032050450173983
v 128.6378068243941470 -170.7844034163516653 -316.4713221905604428
v 143.9419723815066163 -161.2048678651566718 -297.5628209035289160
v 96.7596217927764854 -187.6465355745988006 -316.9410818303296082
v 112.5957046402668311 -178.8746234421138013 -335.1457075900712539
v 80.3594703860930650 -195.0098739561121590 -298.8598605293714741
v 80.0396692002563412 -194.3234807271499278 -317.1652078330916424
v 72.0096308846616324 188.4854361472076221 -210.8422767063494803
v -97.4372665270713725 176.4492263327801425 272.1010727428697464
v -79.9365750586476196 185.0899183907586689 252.3977292132165644
v -223.4477924239648416 107.2622006591615502 -14.1130040187047641
v 174.7379223461034883 181.7344923924073896 219.1596197003012776
v 190.6155954344052645 176.1581093381070673 222.1319042361438107
v -62.3260095488855654 159.7164925641716877 318.0446702760220319
v -177.2832127635481072 143.2013179181971623 -318.1560868730951483
v 247.8276948292886743 48.4692681107510310 -350.8452228365078440
v 248.1346487295056420 48.3475678087793099 -368.6771671307233191
v 250.0965445680512858 -2.6247297423166689 -368.7542655354490080
v 184.1871045922049177 -124.2033337075406223 -371.6093745994751885
v 196.7578760782699021 -111.2148822015144844 -371.3036841258600589
v -78.0992663049488129 156.5555754984743828 320.9116496737026409
v -74.7235520259332304 148.0406678424130291 337.3644022309425168
v -70.6680848531185291 139.1090056998313855 353.6930451610630257
v -88.6284652760143103 143.5913788450019979 340.1399448010673723
v 112.0661819840296545 -177.6176315013478870 -353.6197076541288311
v 95.1377640022073763 -183.4287180834488140 -372.2453189104061266
v 111.3134441674643114 -175.9911313525674075 -372.2571892440605552
v -185.7966072458886799 127.1721364747246241 -262.1309326976110015
v -173.3526926052517183 139.4301364218014498 -280.9903072572410565
v 52.2677087706315930 198.9347527677213066 -137.0464103538177199
v 52.7787207580512572 197.3299659272838937 -155.7721555137936491
v 250.6566245188443816 31.3162925778361583 -368.5874932240072894
v 251.3000612433443450 14.2883356780986919 -368.6142896207717286
v -171.0745875320803577 -41.9022410725591996 305.9061375978532169
v -152.0950405352063513 -40.3520974326509858 311.9223987836887204
v -141.1246485874793564 -49.4795870257646797 305.4900882796688961
v -15.4485092918078628 208.1397410955013925 125.3893901210165183
v -177.0262670511524732 160.2973749808740251 -28.2657325203322145
v -179.0273584963688904 161.8139717063022260 -9.9734308308263202
v -220.7876036407885749 104.7948607248484905 -31.5424147211740475
v 62.9072298587488419 -199.7048847365723248 -317.3664158649367550
v 45.4242924722822181 -203.7469390199977965 -317.5564587314632945
v -78.8557650193056503 190.3185065453874927 234.6375945612074929
v -60.9795714120121133 191.9103065356386253 233.4209441256581954
v -175.2954754436929079 158.6455181540148942 -46.5203077038671537
v 245.9396066099011477 152.6456962050102106 163.2259023523729127
v -135.3645691816756198 -91.7341588464060180 254.0553449148189031
v -240.0168096105871882 -41.1745404046702603 12.9763901892807549
v -237.1376366770981861 -41.6048069448769695 -3.5425306634782814
v -221.1408342130493452 76.1723424085619882 -137.7682676736731935
v -175.1368272591211337 141.1247440790248504 -299.6447128872345615
v -255.7454130508799039 -4.6987422962376693 -349.1655118603804340
v -256.6439444208937175 -4.5497084575581610 -365.9134948942528354
v -234.3445677356246790 -52.5682353552869088 -228.9359559812419320
v -107.6830025181097739 -88.5792797845848980 267.0266813976923004
v -254.3459771062610457 -4.6756925653517198 -332.2213745010702723
v -67.5126842605489799 129.6488198894884363 369.9916009088515239
v -50.2500091420039041 134.5360184234968983 366.7341933091911415
v -158.0575473264360369 -161.0325864260906883 -63.7889400257499375
v -158.1865343678787781 -159.2610860382395970 -80.9875256262660912
v -143.2135628725300194 -169.2753872505344361 -80.3085660468448737
v -231.2873691793334956 136.7846827186442056 267.7389014169571055
v -233.5063870223587799 143.9314462749925099 251.0981039701423470
v -247.9235095769298596 136.5872355845906156 250.7382330627184785
v -245.8373425101878240 129.9663072417229728 265.2188648405420963
v 38.0709439755275270 158.0851150010678339 328.8936851239312773
v 21.3255777772766493 159.1334358784336587 326.3682422569409596
v 34.6629094811162659 150.0910329251008477 344.5432509465745738
v 260.7197292563866995 -59.2570214594784588 189.2905694402314509
v 277.3185104231870923 -43.4602848014805971 196.1509171241460763
v 274.6635516385020992 -43.2152020772358725 212.6168328236561820
v 271.3063921013250592 -40.2709332917385936 231.8893185000709991
v 283.5978581623433570 -19.5310473995802454 141.4834470513923748
v -172.0331022836671764 139.0136904464281429 -187.5262382637953920
v -247.4474181131445221 63.2703511514710328 -349.8715028926780519
v -252.4273903563455974 46.6505214443942435 -349.4435832408392457
v -250.5631603323228944 46.4897393910559913 -332.3387850289985863
v -249.0628559336554986 63.1962901124421847 -366.6057351440002776
v -253.8770695448977506 46.2462286045600521 -366.2250617706671960
v -248.5093869360115093 46.0178973010448402 -314.9223024126875430
v -242.3912436166446582 79.6799305118954351 -367.0923012957752576
v -277.7032972784796243 66.9642175507878221 120.0928707500287942
v -283.5718256979428702 65.2079443916901766 137.6407497329302316
v -255.5197885654040704 29.5791581281052025 -349.1316637802569858
v -256.7311208564200911 29.2636760983258917 -365.9761373480924931
v -253.8182761348915903 29.5861308473016464 -332.1130136334527947
v -257.6414344140463299 12.3881484962603547 -365.8717724343784425
v -256.6188227989271127 12.4098783319863237 -349.0436352663247703
v -217.5674671258821604 -82.9893148943149015 -159.9409931876121789
v -248.2909904259787197 28.0304890980244217 -280.2220263552717938
v -251.5090848909123906 11.9205190525058864 -297.6087743734187825
v -250.0116599296166271 28.7975120825194786 -297.4605714948226023
v -171.5919313435161655 -150.1245137300493582 -63.7971669896688383
v -171.8713836786328102 -148.1212773978112409 -81.1285592934472248
v 54.3348803653251622 137.9314627249108582 365.4369186272365937
v 70.9086207106973632 132.4469719193832589 369.0687706132629273
v 85.1226474390241208 126.3896199869742674 372.0530430108158839
v 47.2874059797730766 139.4544794203972060 363.9861523041665805
v -246.5342545001606425 45.2464835418332427 -297.4646849767820527
v -244.7783265797274623 44.2132429831509128 -280.1658479445113130
v -251.8992780367802027 29.3210297896462215 -314.8140590731260318
v 137.6550000097183215 -97.9648205883708272 233.3711122299208682
v 279.4161217843805503 -41.3437550960253759 181.6058799716430769
v 262.5181141870442048 -59.3161160351280543 171.4133768444620500
v -266.2147535139318961 134.0958317808147626 232.1626887582904430
v -262.4773025696036939 128.0039559819603880 251.4610306070218257
v -221.4591736436897520 156.3361799999657080 231.4128597611107239
v -245.5684823911167882 -75.8098418108854588 115.3235822381865603
v 162.1777724580980760 -162.7744403618197850 -25.7646179609306714
v 174.1417319001091926 -152.1265747817276406 -44.4379456079376141
v 172.1382898937731056 -151.9315663548357236 -64.9217929573824506
v 146.9452402511080038 -171.9942519156608682 -27.8785951039199844
v -168.7938527686563361 132.6134210286710129 317.2078705174139373
v -172.0660689033707627 144.1802825515252380 300.6434663069889552
v 160.1112619587194104 -162.6934341492326155 -46.2122666691323474
v 183.2261952064773993 -139.9129416757848787 -83.7330985421149450
v -127.2691485394361592 -175.6605690041045875 -113.3608637032490236
v -143.3396998586151483 -166.3449427026223191 -114.3178946631290387
v -257.6985530492547127 113.1582012617111133 276.5803020125428020
v -260.8410475921764942 123.9496493986985541 260.0318816177316990
v 158.0918214457624629 -162.4660173609030096 -66.4751612733267194
v 170.2838000073901128 -151.6344554293074509 -85.0946610706928652
v -278.9272344534999206 -46.2695799601834352 175.8942515069188630
v -177.5120105065355176 174.3477659277531586 225.4863900100472165
v -161.5461913762455310 174.1909541190561299 243.2399430909211731
v -143.2486890702623157 -167.7975013285460761 -97.3518970854057955
v 203.6624143112346133 158.5848883681340169 74.7610067482747098
v -54.2670372950082367 205.6917785994187398 143.2788056346082897
v -53.1106052971438771 206.5450322858646359 124.8153830955892829
v -34.3116842313107284 207.5194573980303403 125.0020176484923269
v 181.5531098745061342 -139.7190203834108218 -103.7259136736574305
v 142.9770670418756424 -171.7294905875422728 -68.0716623858172341
v 144.9599563294214875 -171.9178880612850833 -48.0393578274640234
v -160.8946599068896433 167.6985280144003241 262.4167609297647914
v -145.6612021664587076 172.4017657587793906 260.4044455552019031
v -89.2137770313265435 203.4569238508495914 106.1553361189085649
v -279.7690879185153676 -40.1224953570304379 167.6585905118761559
v -280.4245418867397461 -32.1796298042103359 160.1445517805769612
v -224.7552479737690021 -84.6703847885896010 -350.9985969495673430
v -225.1514938145200233 -84.6340318917729633 -367.7512811056790838
v -255.0804393101208234 12.4453185499932086 -332.0750520713698393
v -8.1628652189915609 -205.7667468081297102 -120.2051100434937894
v 63.2289261844883228 -200.4315607067231326 -299.1527404448843299
v -8.1771839007809888 -203.2913855839957193 -48.8692234307690470
v -253.2972448806992816 12.3406579797633302 -314.8657714177591060
v -34.2226200013851383 137.8818952672994840 363.7743667472828974
v -215.2064607002209016 -95.5401947569045547 -23.0833328917052221
v -213.5303784028220377 -95.4054561862220680 -40.3113005062174423
v -89.7949238861548338 -56.3828251046100561 309.8024277098442099
v 30.6533810871844317 141.4267764918974422 360.9826053054322301
v -41.0563989991438021 -183.9546267519644971 96.5303759740756391
# 3193 vertices, 0 vertices normals


usemtl material_0
vt 0.0000000000000000 0.0000000000000000
f 1/1 2/1 3/1
f 1/1 3/1 4/1
f 5/1 2/1 1/1
f 5/1 1/1 6/1
f 7/1 3/1 2/1
f 7/1 2/1 8/1
f 3/1 9/1 10/1
f 3/1 10/1 4/1
f 11/1 12/1 13/1
f 11/1 13/1 14/1
f 11/1 14/1 15/1
f 11/1 15/1 16/1
f 17/1 18/1 12/1
f 17/1 12/1 11/1
f 5/1 19/1 12/1
f 5/1 12/1 18/1
f 19/1 20/1 13/1
f 19/1 13/1 12/1
f 13/1 21/1 22/1
f 13/1 22/1 14/1
f 23/1 20/1 19/1
f 23/1 19/1 24/1
f 19/1 5/1 6/1
f 19/1 6/1 24/1
f 20/1 25/1 21/1
f 20/1 21/1 13/1
f 20/1 23/1 26/1
f 20/1 26/1 25/1
f 27/1 28/1 29/1
f 27/1 29/1 30/1
f 29/1 31/1 32/1
f 29/1 32/1 30/1
f 27/1 33/1 34/1
f 27/1 34/1 35/1
f 36/1 37/1 28/1
f 36/1 28/1 38/1
f 28/1 27/1 35/1
f 28/1 35/1 38/1
f 39/1 29/1 28/1
f 39/1 28/1 37/1
f 40/1 41/1 32/1
f 40/1 32/1 42/1
f 31/1 43/1 42/1
f 31/1 42/1 32/1
f 39/1 44/1 31/1
f 39/1 31/1 29/1
f 45/1 46/1 47/1
f 45/1 47/1 48/1
f 47/1 49/1 50/1
f 47/1 50/1 51/1
f 47/1 46/1 52/1
f 47/1 52/1 49/1
f 53/1 54/1 45/1
f 53/1 45/1 55/1
f 46/1 45/1 54/1
f 46/1 54/1 56/1
f 57/1 58/1 59/1
f 57/1 59/1 60/1
f 61/1 58/1 57/1
f 61/1 57/1 62/1
f 63/1 64/1 57/1
f 63/1 57/1 60/1
f 62/1 57/1 64/1
f 62/1 64/1 65/1
f 64/1 66/1 67/1
f 64/1 67/1 65/1
f 68/1 66/1 64/1
f 68/1 64/1 63/1
f 62/1 69/1 70/1
f 62/1 70/1 61/1
f 71/1 72/1 73/1
f 71/1 73/1 74/1
f 73/1 72/1 75/1
f 73/1 75/1 76/1
f 71/1 74/1 77/1
f 71/1 77/1 78/1
f 71/1 79/1 80/1
f 71/1 80/1 72/1
f 81/1 75/1 72/1
f 81/1 72/1 80/1
f 82/1 83/1 84/1
f 82/1 84/1 85/1
f 86/1 87/1 84/1
f 86/1 84/1 88/1
f 82/1 89/1 90/1
f 82/1 90/1 83/1
f 91/1 92/1 83/1
f 91/1 83/1 90/1
f 88/1 84/1 83/1
f 88/1 83/1 92/1
f 93/1 91/1 90/1
f 93/1 90/1 94/1
f 94/1 90/1 89/1
f 94/1 89/1 95/1
f 85/1 84/1 87/1
f 85/1 87/1 96/1
f 87/1 97/1 98/1
f 87/1 98/1 96/1
f 99/1 100/1 101/1
f 99/1 101/1 102/1
f 100/1 99/1 103/1
f 100/1 103/1 104/1
f 105/1 106/1 103/1
f 105/1 103/1 99/1
f 103/1 107/1 108/1
f 103/1 108/1 104/1
f 109/1 110/1 111/1
f 109/1 111/1 112/1
f 111/1 110/1 113/1
f 111/1 113/1 114/1
f 112/1 111/1 115/1
f 112/1 115/1 116/1
f 115/1 111/1 114/1
f 115/1 114/1 117/1
f 112/1 118/1 119/1
f 112/1 119/1 109/1
f 112/1 116/1 120/1
f 112/1 120/1 118/1
f 121/1 122/1 123/1
f 121/1 123/1 124/1
f 121/1 109/1 119/1
f 121/1 119/1 122/1
f 109/1 121/1 125/1
f 109/1 125/1 110/1
f 124/1 126/1 125/1
f 124/1 125/1 121/1
f 125/1 126/1 127/1
f 125/1 127/1 128/1
f 129/1 130/1 131/1
f 129/1 131/1 52/1
f 132/1 133/1 131/1
f 132/1 131/1 134/1
f 131/1 130/1 135/1
f 131/1 135/1 134/1
f 136/1 137/1 129/1
f 136/1 129/1 56/1
f 138/1 130/1 129/1
f 138/1 129/1 137/1
f 139/1 135/1 130/1
f 139/1 130/1 138/1
f 140/1 141/1 142/1
f 140/1 142/1 143/1
f 140/1 143/1 144/1
f 140/1 144/1 145/1
f 146/1 141/1 140/1
f 146/1 140/1 147/1
f 148/1 149/1 141/1
f 148/1 141/1 146/1
f 141/1 149/1 150/1
f 141/1 150/1 142/1
f 151/1 152/1 142/1
f 151/1 142/1 150/1
f 153/1 143/1 142/1
f 153/1 142/1 152/1
f 154/1 155/1 156/1
f 154/1 156/1 157/1
f 156/1 48/1 158/1
f 156/1 158/1 157/1
f 154/1 159/1 160/1
f 154/1 160/1 161/1
f 154/1 161/1 7/1
f 154/1 7/1 155/1
f 155/1 162/1 55/1
f 155/1 55/1 156/1
f 8/1 162/1 155/1
f 8/1 155/1 7/1
f 55/1 45/1 48/1
f 55/1 48/1 156/1
f 18/1 17/1 162/1
f 18/1 162/1 8/1
f 162/1 17/1 53/1
f 162/1 53/1 55/1
f 163/1 164/1 165/1
f 163/1 165/1 166/1
f 165/1 167/1 168/1
f 165/1 168/1 166/1
f 169/1 165/1 164/1
f 169/1 164/1 170/1
f 171/1 172/1 164/1
f 171/1 164/1 163/1
f 173/1 170/1 164/1
f 173/1 164/1 172/1
f 174/1 175/1 169/1
f 174/1 169/1 170/1
f 169/1 176/1 167/1
f 169/1 167/1 165/1
f 44/1 177/1 43/1
f 44/1 43/1 31/1
f 43/1 177/1 178/1
f 43/1 178/1 179/1
f 180/1 181/1 44/1
f 180/1 44/1 39/1
f 177/1 44/1 181/1
f 177/1 181/1 182/1
f 177/1 182/1 183/1
f 177/1 183/1 178/1
f 42/1 43/1 179/1
f 42/1 179/1 184/1
f 30/1 32/1 41/1
f 30/1 41/1 185/1
f 186/1 187/1 41/1
f 186/1 41/1 40/1
f 33/1 27/1 30/1
f 33/1 30/1 185/1
f 105/1 99/1 102/1
f 105/1 102/1 188/1
f 189/1 190/1 105/1
f 189/1 105/1 188/1
f 191/1 192/1 188/1
f 191/1 188/1 102/1
f 189/1 188/1 192/1
f 189/1 192/1 193/1
f 194/1 195/1 189/1
f 194/1 189/1 193/1
f 196/1 197/1 198/1
f 196/1 198/1 199/1
f 200/1 197/1 196/1
f 200/1 196/1 201/1
f 196/1 199/1 202/1
f 196/1 202/1 203/1
f 204/1 205/1 197/1
f 204/1 197/1 200/1
f 205/1 206/1 198/1
f 205/1 198/1 197/1
f 207/1 208/1 23/1
f 207/1 23/1 24/1
f 209/1 210/1 207/1
f 209/1 207/1 211/1
f 6/1 211/1 207/1
f 6/1 207/1 24/1
f 208/1 207/1 210/1
f 208/1 210/1 212/1
f 208/1 213/1 26/1
f 208/1 26/1 23/1
f 214/1 215/1 216/1
f 214/1 216/1 217/1
f 218/1 219/1 216/1
f 218/1 216/1 215/1
f 215/1 214/1 220/1
f 215/1 220/1 221/1
f 222/1 223/1 224/1
f 222/1 224/1 225/1
f 226/1 223/1 222/1
f 226/1 222/1 227/1
f 223/1 228/1 229/1
f 223/1 229/1 224/1
f 223/1 226/1 230/1
f 223/1 230/1 228/1
f 224/1 229/1 231/1
f 224/1 231/1 232/1
f 233/1 230/1 226/1
f 233/1 226/1 234/1
f 234/1 226/1 227/1
f 234/1 227/1 235/1
f 227/1 222/1 236/1
f 227/1 236/1 237/1
f 238/1 239/1 234/1
f 238/1 234/1 235/1
f 240/1 241/1 242/1
f 240/1 242/1 243/1
f 242/1 244/1 245/1
f 242/1 245/1 243/1
f 242/1 246/1 247/1
f 242/1 247/1 244/1
f 240/1 243/1 248/1
f 240/1 248/1 249/1
f 250/1 251/1 240/1
f 250/1 240/1 249/1
f 241/1 240/1 251/1
f 241/1 251/1 252/1
f 246/1 242/1 241/1
f 246/1 241/1 253/1
f 243/1 245/1 254/1
f 243/1 254/1 248/1
f 254/1 245/1 255/1
f 254/1 255/1 256/1
f 245/1 244/1 257/1
f 245/1 257/1 255/1
f 249/1 248/1 258/1
f 249/1 258/1 259/1
f 260/1 258/1 248/1
f 260/1 248/1 254/1
f 260/1 261/1 262/1
f 260/1 262/1 258/1
f 260/1 254/1 256/1
f 260/1 256/1 263/1
f 264/1 265/1 266/1
f 264/1 266/1 267/1
f 134/1 267/1 266/1
f 134/1 266/1 132/1
f 132/1 266/1 268/1
f 132/1 268/1 269/1
f 268/1 270/1 271/1
f 268/1 271/1 269/1
f 268/1 266/1 265/1
f 268/1 265/1 272/1
f 273/1 133/1 132/1
f 273/1 132/1 269/1
f 274/1 275/1 276/1
f 274/1 276/1 277/1
f 278/1 275/1 274/1
f 278/1 274/1 279/1
f 275/1 280/1 281/1
f 275/1 281/1 276/1
f 280/1 275/1 278/1
f 280/1 278/1 282/1
f 283/1 284/1 285/1
f 283/1 285/1 286/1
f 287/1 288/1 285/1
f 287/1 285/1 284/1
f 289/1 290/1 283/1
f 289/1 283/1 291/1
f 283/1 286/1 292/1
f 283/1 292/1 291/1
f 283/1 290/1 293/1
f 283/1 293/1 284/1
f 294/1 287/1 284/1
f 294/1 284/1 293/1
f 295/1 296/1 289/1
f 295/1 289/1 291/1
f 297/1 298/1 290/1
f 297/1 290/1 289/1
f 290/1 298/1 299/1
f 290/1 299/1 293/1
f 300/1 301/1 302/1
f 300/1 302/1 303/1
f 304/1 300/1 305/1
f 304/1 305/1 190/1
f 306/1 106/1 305/1
f 306/1 305/1 307/1
f 303/1 307/1 305/1
f 303/1 305/1 300/1
f 304/1 195/1 308/1
f 304/1 308/1 309/1
f 304/1 309/1 301/1
f 304/1 301/1 300/1
f 310/1 311/1 219/1
f 310/1 219/1 218/1
f 312/1 216/1 219/1
f 312/1 219/1 313/1
f 221/1 314/1 218/1
f 221/1 218/1 215/1
f 259/1 258/1 262/1
f 259/1 262/1 315/1
f 262/1 261/1 316/1
f 262/1 316/1 317/1
f 263/1 318/1 261/1
f 263/1 261/1 260/1
f 319/1 320/1 145/1
f 319/1 145/1 144/1
f 319/1 144/1 321/1
f 319/1 321/1 322/1
f 320/1 323/1 324/1
f 320/1 324/1 325/1
f 320/1 319/1 326/1
f 320/1 326/1 323/1
f 147/1 140/1 145/1
f 147/1 145/1 327/1
f 325/1 327/1 145/1
f 325/1 145/1 320/1
f 37/1 36/1 298/1
f 37/1 298/1 297/1
f 37/1 297/1 180/1
f 37/1 180/1 39/1
f 299/1 298/1 36/1
f 299/1 36/1 328/1
f 329/1 330/1 331/1
f 329/1 331/1 332/1
f 333/1 334/1 329/1
f 333/1 329/1 335/1
f 329/1 334/1 336/1
f 329/1 336/1 330/1
f 335/1 329/1 332/1
f 335/1 332/1 337/1
f 332/1 338/1 339/1
f 332/1 339/1 337/1
f 331/1 340/1 338/1
f 331/1 338/1 332/1
f 331/1 330/1 341/1
f 331/1 341/1 342/1
f 343/1 344/1 345/1
f 343/1 345/1 346/1
f 347/1 348/1 343/1
f 347/1 343/1 346/1
f 349/1 345/1 344/1
f 349/1 344/1 350/1
f 344/1 343/1 351/1
f 344/1 351/1 352/1
f 323/1 326/1 345/1
f 323/1 345/1 349/1
f 345/1 326/1 353/1
f 345/1 353/1 346/1
f 54/1 53/1 16/1
f 54/1 16/1 354/1
f 180/1 296/1 355/1
f 180/1 355/1 181/1
f 296/1 180/1 297/1
f 296/1 297/1 289/1
f 253/1 241/1 252/1
f 253/1 252/1 356/1
f 357/1 356/1 252/1
f 357/1 252/1 358/1
f 358/1 252/1 251/1
f 358/1 251/1 359/1
f 211/1 360/1 361/1
f 211/1 361/1 209/1
f 6/1 1/1 360/1
f 6/1 360/1 211/1
f 360/1 1/1 4/1
f 360/1 4/1 362/1
f 362/1 363/1 361/1
f 362/1 361/1 360/1
f 338/1 340/1 364/1
f 338/1 364/1 365/1
f 342/1 366/1 340/1
f 342/1 340/1 331/1
f 367/1 368/1 369/1
f 367/1 369/1 370/1
f 369/1 371/1 372/1
f 369/1 372/1 370/1
f 373/1 371/1 369/1
f 373/1 369/1 374/1
f 367/1 375/1 376/1
f 367/1 376/1 377/1
f 377/1 378/1 368/1
f 377/1 368/1 367/1
f 368/1 378/1 379/1
f 368/1 379/1 380/1
f 374/1 369/1 368/1
f 374/1 368/1 380/1
f 377/1 381/1 382/1
f 377/1 382/1 378/1
f 381/1 377/1 376/1
f 381/1 376/1 328/1
f 35/1 382/1 381/1
f 35/1 381/1 38/1
f 378/1 382/1 383/1
f 378/1 383/1 379/1
f 379/1 383/1 384/1
f 379/1 384/1 385/1
f 247/1 386/1 257/1
f 247/1 257/1 244/1
f 246/1 387/1 388/1
f 246/1 388/1 247/1
f 388/1 389/1 386/1
f 388/1 386/1 247/1
f 388/1 390/1 391/1
f 388/1 391/1 389/1
f 253/1 392/1 387/1
f 253/1 387/1 246/1
f 387/1 279/1 390/1
f 387/1 390/1 388/1
f 253/1 356/1 393/1
f 253/1 393/1 392/1
f 392/1 278/1 279/1
f 392/1 279/1 387/1
f 282/1 278/1 392/1
f 282/1 392/1 393/1
f 257/1 386/1 394/1
f 257/1 394/1 395/1
f 396/1 397/1 398/1
f 396/1 398/1 399/1
f 400/1 401/1 396/1
f 400/1 396/1 402/1
f 397/1 403/1 404/1
f 397/1 404/1 398/1
f 397/1 405/1 201/1
f 397/1 201/1 403/1
f 401/1 405/1 397/1
f 401/1 397/1 396/1
f 398/1 406/1 407/1
f 398/1 407/1 399/1
f 402/1 396/1 399/1
f 402/1 399/1 408/1
f 409/1 410/1 404/1
f 409/1 404/1 411/1
f 409/1 412/1 413/1
f 409/1 413/1 414/1
f 414/1 415/1 410/1
f 414/1 410/1 409/1
f 406/1 398/1 404/1
f 406/1 404/1 410/1
f 404/1 403/1 203/1
f 404/1 203/1 411/1
f 416/1 417/1 418/1
f 416/1 418/1 419/1
f 418/1 420/1 421/1
f 418/1 421/1 422/1
f 418/1 422/1 423/1
f 418/1 423/1 419/1
f 424/1 425/1 416/1
f 424/1 416/1 419/1
f 420/1 418/1 417/1
f 420/1 417/1 426/1
f 427/1 428/1 58/1
f 427/1 58/1 61/1
f 59/1 58/1 428/1
f 59/1 428/1 429/1
f 430/1 431/1 432/1
f 430/1 432/1 433/1
f 430/1 433/1 434/1
f 430/1 434/1 429/1
f 435/1 436/1 428/1
f 435/1 428/1 427/1
f 430/1 436/1 437/1
f 430/1 437/1 431/1
f 434/1 438/1 59/1
f 434/1 59/1 429/1
f 59/1 438/1 272/1
f 59/1 272/1 60/1
f 439/1 440/1 441/1
f 439/1 441/1 442/1
f 443/1 442/1 441/1
f 443/1 441/1 444/1
f 441/1 445/1 446/1
f 441/1 446/1 444/1
f 439/1 375/1 447/1
f 439/1 447/1 440/1
f 440/1 448/1 445/1
f 440/1 445/1 441/1
f 442/1 294/1 449/1
f 442/1 449/1 439/1
f 294/1 442/1 443/1
f 294/1 443/1 287/1
f 449/1 376/1 375/1
f 449/1 375/1 439/1
f 375/1 367/1 370/1
f 375/1 370/1 447/1
f 449/1 294/1 293/1
f 449/1 293/1 299/1
f 299/1 328/1 376/1
f 299/1 376/1 449/1
f 447/1 450/1 448/1
f 447/1 448/1 440/1
f 451/1 452/1 453/1
f 451/1 453/1 454/1
f 455/1 311/1 453/1
f 455/1 453/1 452/1
f 454/1 453/1 456/1
f 454/1 456/1 457/1
f 458/1 459/1 456/1
f 458/1 456/1 310/1
f 456/1 453/1 311/1
f 456/1 311/1 310/1
f 456/1 459/1 173/1
f 456/1 173/1 457/1
f 422/1 451/1 454/1
f 422/1 454/1 423/1
f 460/1 455/1 452/1
f 460/1 452/1 461/1
f 451/1 462/1 461/1
f 451/1 461/1 452/1
f 390/1 463/1 464/1
f 390/1 464/1 391/1
f 279/1 274/1 463/1
f 279/1 463/1 390/1
f 463/1 465/1 466/1
f 463/1 466/1 464/1
f 463/1 274/1 277/1
f 463/1 277/1 465/1
f 464/1 466/1 467/1
f 464/1 467/1 468/1
f 464/1 468/1 469/1
f 464/1 469/1 391/1
f 470/1 292/1 286/1
f 470/1 286/1 471/1
f 472/1 471/1 286/1
f 472/1 286/1 285/1
f 473/1 474/1 470/1
f 473/1 470/1 475/1
f 470/1 471/1 476/1
f 470/1 476/1 475/1
f 292/1 470/1 474/1
f 292/1 474/1 477/1
f 295/1 291/1 292/1
f 295/1 292/1 477/1
f 9/1 161/1 160/1
f 9/1 160/1 478/1
f 9/1 478/1 479/1
f 9/1 479/1 10/1
f 7/1 161/1 9/1
f 7/1 9/1 3/1
f 480/1 481/1 209/1
f 480/1 209/1 361/1
f 363/1 482/1 480/1
f 363/1 480/1 361/1
f 481/1 480/1 483/1
f 481/1 483/1 484/1
f 483/1 485/1 486/1
f 483/1 486/1 484/1
f 483/1 480/1 482/1
f 483/1 482/1 487/1
f 210/1 209/1 481/1
f 210/1 481/1 488/1
f 487/1 489/1 490/1
f 487/1 490/1 491/1
f 490/1 401/1 400/1
f 490/1 400/1 491/1
f 485/1 483/1 487/1
f 485/1 487/1 491/1
f 489/1 492/1 493/1
f 489/1 493/1 490/1
f 489/1 487/1 482/1
f 489/1 482/1 494/1
f 495/1 496/1 355/1
f 495/1 355/1 497/1
f 182/1 181/1 355/1
f 182/1 355/1 496/1
f 497/1 355/1 296/1
f 497/1 296/1 295/1
f 497/1 498/1 499/1
f 497/1 499/1 495/1
f 498/1 500/1 501/1
f 498/1 501/1 499/1
f 498/1 477/1 474/1
f 498/1 474/1 500/1
f 295/1 477/1 498/1
f 295/1 498/1 497/1
f 502/1 495/1 499/1
f 502/1 499/1 503/1
f 504/1 505/1 506/1
f 504/1 506/1 507/1
f 508/1 509/1 505/1
f 508/1 505/1 510/1
f 505/1 504/1 511/1
f 505/1 511/1 510/1
f 506/1 505/1 509/1
f 506/1 509/1 324/1
f 512/1 513/1 415/1
f 512/1 415/1 414/1
f 406/1 410/1 415/1
f 406/1 415/1 514/1
f 413/1 515/1 512/1
f 413/1 512/1 414/1
f 513/1 516/1 514/1
f 513/1 514/1 415/1
f 513/1 512/1 92/1
f 513/1 92/1 91/1
f 517/1 127/1 126/1
f 517/1 126/1 518/1
f 126/1 124/1 519/1
f 126/1 519/1 518/1
f 106/1 306/1 107/1
f 106/1 107/1 103/1
f 107/1 520/1 521/1
f 107/1 521/1 108/1
f 106/1 105/1 190/1
f 106/1 190/1 305/1
f 306/1 522/1 520/1
f 306/1 520/1 107/1
f 523/1 524/1 366/1
f 523/1 366/1 525/1
f 364/1 340/1 366/1
f 364/1 366/1 524/1
f 526/1 527/1 523/1
f 526/1 523/1 528/1
f 523/1 527/1 529/1
f 523/1 529/1 524/1
f 526/1 530/1 531/1
f 526/1 531/1 527/1
f 526/1 528/1 532/1
f 526/1 532/1 533/1
f 526/1 533/1 534/1
f 526/1 534/1 530/1
f 228/1 535/1 536/1
f 228/1 536/1 229/1
f 229/1 536/1 537/1
f 229/1 537/1 231/1
f 538/1 535/1 539/1
f 538/1 539/1 540/1
f 541/1 540/1 539/1
f 541/1 539/1 542/1
f 542/1 539/1 230/1
f 542/1 230/1 233/1
f 535/1 228/1 230/1
f 535/1 230/1 539/1
f 543/1 544/1 542/1
f 543/1 542/1 233/1
f 458/1 545/1 174/1
f 458/1 174/1 459/1
f 175/1 546/1 176/1
f 175/1 176/1 169/1
f 545/1 547/1 175/1
f 545/1 175/1 174/1
f 548/1 393/1 356/1
f 548/1 356/1 357/1
f 549/1 282/1 393/1
f 549/1 393/1 548/1
f 550/1 358/1 359/1
f 550/1 359/1 551/1
f 359/1 251/1 250/1
f 359/1 250/1 552/1
f 357/1 358/1 550/1
f 357/1 550/1 553/1
f 554/1 553/1 550/1
f 554/1 550/1 555/1
f 556/1 557/1 432/1
f 556/1 432/1 558/1
f 556/1 558/1 559/1
f 556/1 559/1 560/1
f 556/1 561/1 562/1
f 556/1 562/1 557/1
f 557/1 563/1 433/1
f 557/1 433/1 432/1
f 564/1 558/1 432/1
f 564/1 432/1 431/1
f 565/1 566/1 567/1
f 565/1 567/1 568/1
f 567/1 569/1 288/1
f 567/1 288/1 568/1
f 553/1 554/1 567/1
f 553/1 567/1 566/1
f 567/1 554/1 570/1
f 567/1 570/1 569/1
f 565/1 444/1 446/1
f 565/1 446/1 549/1
f 566/1 565/1 549/1
f 566/1 549/1 548/1
f 472/1 285/1 288/1
f 472/1 288/1 569/1
f 569/1 570/1 571/1
f 569/1 571/1 472/1
f 553/1 566/1 548/1
f 553/1 548/1 357/1
f 572/1 570/1 554/1
f 572/1 554/1 555/1
f 514/1 573/1 407/1
f 514/1 407/1 406/1
f 408/1 399/1 407/1
f 408/1 407/1 574/1
f 575/1 574/1 407/1
f 575/1 407/1 573/1
f 573/1 514/1 516/1
f 573/1 516/1 576/1
f 577/1 575/1 573/1
f 577/1 573/1 576/1
f 17/1 11/1 16/1
f 17/1 16/1 53/1
f 448/1 450/1 81/1
f 448/1 81/1 578/1
f 370/1 372/1 450/1
f 370/1 450/1 447/1
f 81/1 450/1 372/1
f 81/1 372/1 75/1
f 579/1 580/1 581/1
f 579/1 581/1 582/1
f 583/1 580/1 579/1
f 583/1 579/1 584/1
f 580/1 585/1 586/1
f 580/1 586/1 581/1
f 587/1 585/1 580/1
f 587/1 580/1 583/1
f 586/1 98/1 97/1
f 586/1 97/1 581/1
f 588/1 589/1 590/1
f 588/1 590/1 591/1
f 588/1 592/1 593/1
f 588/1 593/1 594/1
f 594/1 595/1 589/1
f 594/1 589/1 588/1
f 590/1 589/1 308/1
f 590/1 308/1 596/1
f 597/1 591/1 590/1
f 597/1 590/1 598/1
f 599/1 507/1 350/1
f 599/1 350/1 600/1
f 507/1 599/1 601/1
f 507/1 601/1 504/1
f 349/1 350/1 507/1
f 349/1 507/1 506/1
f 350/1 344/1 352/1
f 350/1 352/1 600/1
f 602/1 603/1 127/1
f 602/1 127/1 517/1
f 604/1 605/1 606/1
f 604/1 606/1 607/1
f 608/1 609/1 606/1
f 608/1 606/1 610/1
f 606/1 605/1 611/1
f 606/1 611/1 610/1
f 604/1 612/1 220/1
f 604/1 220/1 214/1
f 604/1 607/1 613/1
f 604/1 613/1 612/1
f 217/1 605/1 604/1
f 217/1 604/1 214/1
f 614/1 611/1 605/1
f 614/1 605/1 217/1
f 615/1 225/1 616/1
f 615/1 616/1 617/1
f 615/1 617/1 618/1
f 615/1 618/1 619/1
f 236/1 222/1 225/1
f 236/1 225/1 615/1
f 225/1 224/1 232/1
f 225/1 232/1 616/1
f 459/1 174/1 170/1
f 459/1 170/1 173/1
f 620/1 621/1 70/1
f 620/1 70/1 69/1
f 620/1 69/1 622/1
f 620/1 622/1 623/1
f 621/1 624/1 625/1
f 621/1 625/1 70/1
f 559/1 626/1 627/1
f 559/1 627/1 560/1
f 501/1 500/1 627/1
f 501/1 627/1 626/1
f 474/1 473/1 627/1
f 474/1 627/1 500/1
f 628/1 560/1 627/1
f 628/1 627/1 473/1
f 564/1 629/1 559/1
f 564/1 559/1 558/1
f 630/1 626/1 559/1
f 630/1 559/1 629/1
f 264/1 631/1 632/1
f 264/1 632/1 68/1
f 632/1 633/1 66/1
f 632/1 66/1 68/1
f 634/1 632/1 631/1
f 634/1 631/1 635/1
f 634/1 636/1 633/1
f 634/1 633/1 632/1
f 634/1 637/1 638/1
f 634/1 638/1 636/1
f 634/1 635/1 639/1
f 634/1 639/1 637/1
f 640/1 537/1 536/1
f 640/1 536/1 641/1
f 642/1 231/1 537/1
f 642/1 537/1 643/1
f 644/1 645/1 646/1
f 644/1 646/1 647/1
f 646/1 648/1 649/1
f 646/1 649/1 647/1
f 645/1 644/1 650/1
f 645/1 650/1 651/1
f 645/1 652/1 653/1
f 645/1 653/1 646/1
f 654/1 652/1 645/1
f 654/1 645/1 651/1
f 655/1 656/1 657/1
f 655/1 657/1 658/1
f 657/1 659/1 660/1
f 657/1 660/1 661/1
f 656/1 662/1 659/1
f 656/1 659/1 657/1
f 661/1 663/1 658/1
f 661/1 658/1 657/1
f 664/1 665/1 658/1
f 664/1 658/1 663/1
f 666/1 655/1 658/1
f 666/1 658/1 665/1
f 667/1 660/1 659/1
f 667/1 659/1 668/1
f 662/1 669/1 668/1
f 662/1 668/1 659/1
f 670/1 667/1 668/1
f 670/1 668/1 671/1
f 672/1 670/1 671/1
f 672/1 671/1 673/1
f 671/1 668/1 669/1
f 671/1 669/1 674/1
f 675/1 670/1 672/1
f 675/1 672/1 676/1
f 677/1 676/1 672/1
f 677/1 672/1 678/1
f 679/1 213/1 680/1
f 679/1 680/1 681/1
f 212/1 680/1 213/1
f 212/1 213/1 208/1
f 212/1 682/1 683/1
f 212/1 683/1 680/1
f 684/1 685/1 686/1
f 684/1 686/1 687/1
f 684/1 688/1 689/1
f 684/1 689/1 690/1
f 685/1 684/1 690/1
f 685/1 690/1 691/1
f 685/1 692/1 693/1
f 685/1 693/1 686/1
f 694/1 687/1 686/1
f 694/1 686/1 695/1
f 696/1 697/1 698/1
f 696/1 698/1 699/1
f 700/1 697/1 696/1
f 700/1 696/1 701/1
f 698/1 702/1 703/1
f 698/1 703/1 699/1
f 698/1 704/1 705/1
f 698/1 705/1 702/1
f 706/1 704/1 698/1
f 706/1 698/1 697/1
f 707/1 708/1 709/1
f 707/1 709/1 710/1
f 711/1 710/1 709/1
f 711/1 709/1 712/1
f 709/1 708/1 713/1
f 709/1 713/1 714/1
f 715/1 716/1 707/1
f 715/1 707/1 710/1
f 708/1 707/1 717/1
f 708/1 717/1 718/1
f 708/1 718/1 719/1
f 708/1 719/1 713/1
f 720/1 462/1 421/1
f 720/1 421/1 721/1
f 722/1 723/1 720/1
f 722/1 720/1 721/1
f 724/1 720/1 723/1
f 724/1 723/1 725/1
f 726/1 727/1 723/1
f 726/1 723/1 722/1
f 724/1 725/1 728/1
f 724/1 728/1 729/1
f 462/1 720/1 724/1
f 462/1 724/1 461/1
f 730/1 731/1 676/1
f 730/1 676/1 677/1
f 732/1 675/1 676/1
f 732/1 676/1 731/1
f 730/1 733/1 734/1
f 730/1 734/1 735/1
f 730/1 735/1 736/1
f 730/1 736/1 731/1
f 737/1 732/1 731/1
f 737/1 731/1 736/1
f 738/1 739/1 740/1
f 738/1 740/1 741/1
f 742/1 741/1 740/1
f 742/1 740/1 743/1
f 743/1 740/1 137/1
f 743/1 137/1 136/1
f 739/1 138/1 137/1
f 739/1 137/1 740/1
f 744/1 742/1 743/1
f 744/1 743/1 745/1
f 745/1 743/1 136/1
f 745/1 136/1 354/1
f 746/1 747/1 748/1
f 746/1 748/1 749/1
f 750/1 751/1 747/1
f 750/1 747/1 746/1
f 752/1 748/1 747/1
f 752/1 747/1 753/1
f 749/1 748/1 754/1
f 749/1 754/1 755/1
f 756/1 757/1 758/1
f 756/1 758/1 759/1
f 756/1 760/1 757/1
f 754/1 748/1 752/1
f 754/1 752/1 761/1
f 754/1 761/1 762/1
f 754/1 762/1 763/1
f 755/1 754/1 763/1
f 755/1 763/1 764/1
f 759/1 758/1 765/1
f 759/1 765/1 766/1
f 766/1 765/1 767/1
f 766/1 767/1 768/1
f 769/1 770/1 771/1
f 769/1 771/1 772/1
f 773/1 774/1 775/1
f 773/1 775/1 776/1
f 777/1 770/1 769/1
f 770/1 778/1 779/1
f 770/1 779/1 771/1
f 777/1 780/1 781/1
f 777/1 781/1 778/1
f 777/1 778/1 770/1
f 782/1 783/1 771/1
f 782/1 771/1 779/1
f 772/1 771/1 783/1
f 772/1 783/1 784/1
f 785/1 786/1 787/1
f 785/1 787/1 788/1
f 787/1 786/1 789/1
f 787/1 789/1 790/1
f 785/1 788/1 791/1
f 785/1 791/1 792/1
f 785/1 793/1 794/1
f 785/1 794/1 786/1
f 789/1 786/1 794/1
f 789/1 794/1 795/1
f 796/1 790/1 789/1
f 796/1 789/1 797/1
f 789/1 795/1 798/1
f 789/1 798/1 797/1
f 788/1 787/1 799/1
f 788/1 799/1 800/1
f 799/1 787/1 790/1
f 799/1 790/1 801/1
f 788/1 800/1 802/1
f 788/1 802/1 791/1
f 790/1 796/1 803/1
f 790/1 803/1 801/1
f 800/1 799/1 779/1
f 800/1 779/1 778/1
f 801/1 782/1 779/1
f 801/1 779/1 799/1
f 781/1 802/1 800/1
f 781/1 800/1 778/1
f 804/1 805/1 758/1
f 804/1 758/1 757/1
f 806/1 807/1 808/1
f 806/1 808/1 809/1
f 810/1 809/1 808/1
f 810/1 808/1 811/1
f 812/1 813/1 808/1
f 812/1 808/1 807/1
f 808/1 813/1 814/1
f 808/1 814/1 811/1
f 806/1 815/1 816/1
f 806/1 816/1 807/1
f 806/1 817/1 818/1
f 806/1 818/1 815/1
f 819/1 817/1 806/1
f 819/1 806/1 809/1
f 820/1 761/1 752/1
f 820/1 752/1 821/1
f 822/1 691/1 690/1
f 822/1 690/1 823/1
f 824/1 703/1 822/1
f 824/1 822/1 823/1
f 825/1 826/1 691/1
f 825/1 691/1 822/1
f 692/1 685/1 691/1
f 692/1 691/1 826/1
f 827/1 828/1 829/1
f 827/1 829/1 830/1
f 831/1 832/1 827/1
f 831/1 827/1 830/1
f 833/1 828/1 827/1
f 833/1 827/1 834/1
f 827/1 832/1 835/1
f 827/1 835/1 834/1
f 828/1 836/1 837/1
f 828/1 837/1 829/1
f 828/1 833/1 838/1
f 828/1 838/1 836/1
f 829/1 839/1 840/1
f 829/1 840/1 830/1
f 663/1 661/1 841/1
f 663/1 841/1 842/1
f 843/1 842/1 841/1
f 843/1 841/1 844/1
f 841/1 661/1 660/1
f 841/1 660/1 845/1
f 843/1 846/1 847/1
f 843/1 847/1 842/1
f 848/1 846/1 843/1
f 848/1 843/1 849/1
f 850/1 851/1 846/1
f 850/1 846/1 848/1
f 847/1 846/1 851/1
f 847/1 851/1 852/1
f 664/1 663/1 842/1
f 664/1 842/1 847/1
f 664/1 847/1 852/1
f 664/1 852/1 853/1
f 854/1 855/1 856/1
f 854/1 856/1 857/1
f 854/1 857/1 858/1
f 854/1 858/1 859/1
f 855/1 854/1 860/1
f 855/1 860/1 861/1
f 859/1 862/1 860/1
f 859/1 860/1 854/1
f 855/1 744/1 863/1
f 855/1 863/1 856/1
f 864/1 865/1 866/1
f 864/1 866/1 867/1
f 865/1 864/1 868/1
f 865/1 868/1 869/1
f 870/1 871/1 868/1
f 870/1 868/1 864/1
f 872/1 873/1 868/1
f 872/1 868/1 871/1
f 874/1 875/1 876/1
f 874/1 876/1 877/1
f 878/1 874/1 877/1
f 878/1 877/1 879/1
f 880/1 879/1 877/1
f 880/1 877/1 881/1
f 878/1 879/1 882/1
f 878/1 882/1 883/1
f 878/1 884/1 885/1
f 878/1 885/1 874/1
f 886/1 887/1 876/1
f 886/1 876/1 875/1
f 881/1 877/1 876/1
f 881/1 876/1 888/1
f 888/1 876/1 887/1
f 888/1 887/1 889/1
f 886/1 890/1 891/1
f 886/1 891/1 887/1
f 892/1 729/1 728/1
f 892/1 728/1 893/1
f 728/1 725/1 894/1
f 728/1 894/1 895/1
f 725/1 723/1 727/1
f 725/1 727/1 894/1
f 896/1 897/1 898/1
f 896/1 898/1 899/1
f 900/1 901/1 896/1
f 900/1 896/1 902/1
f 903/1 897/1 896/1
f 903/1 896/1 901/1
f 904/1 905/1 898/1
f 904/1 898/1 897/1
f 906/1 899/1 898/1
f 906/1 898/1 907/1
f 908/1 907/1 898/1
f 908/1 898/1 905/1
f 909/1 910/1 911/1
f 909/1 911/1 912/1
f 913/1 911/1 914/1
f 913/1 914/1 915/1
f 914/1 916/1 917/1
f 914/1 917/1 915/1
f 914/1 911/1 910/1
f 914/1 910/1 918/1
f 919/1 916/1 914/1
f 919/1 914/1 918/1
f 920/1 921/1 913/1
f 920/1 913/1 922/1
f 913/1 921/1 912/1
f 913/1 912/1 911/1
f 923/1 922/1 913/1
f 923/1 913/1 915/1
f 924/1 925/1 926/1
f 924/1 926/1 927/1
f 928/1 929/1 924/1
f 928/1 924/1 930/1
f 931/1 930/1 924/1
f 931/1 924/1 927/1
f 925/1 932/1 933/1
f 925/1 933/1 926/1
f 925/1 934/1 935/1
f 925/1 935/1 932/1
f 925/1 924/1 929/1
f 925/1 929/1 934/1
f 936/1 927/1 926/1
f 936/1 926/1 937/1
f 938/1 711/1 932/1
f 938/1 932/1 935/1
f 932/1 711/1 712/1
f 932/1 712/1 933/1
f 937/1 926/1 933/1
f 937/1 933/1 939/1
f 825/1 822/1 703/1
f 825/1 703/1 702/1
f 825/1 702/1 705/1
f 825/1 705/1 940/1
f 941/1 826/1 825/1
f 941/1 825/1 940/1
f 942/1 943/1 944/1
f 942/1 944/1 945/1
f 944/1 794/1 793/1
f 944/1 793/1 945/1
f 795/1 794/1 944/1
f 795/1 944/1 946/1
f 946/1 944/1 943/1
f 946/1 943/1 947/1
f 943/1 931/1 948/1
f 943/1 948/1 947/1
f 946/1 947/1 949/1
f 946/1 949/1 950/1
f 947/1 948/1 951/1
f 947/1 951/1 949/1
f 952/1 953/1 949/1
f 952/1 949/1 951/1
f 954/1 900/1 955/1
f 954/1 955/1 956/1
f 957/1 958/1 955/1
f 957/1 955/1 959/1
f 955/1 900/1 902/1
f 955/1 902/1 959/1
f 960/1 901/1 900/1
f 960/1 900/1 954/1
f 961/1 962/1 963/1
f 961/1 963/1 964/1
f 965/1 961/1 964/1
f 965/1 964/1 966/1
f 964/1 967/1 968/1
f 964/1 968/1 966/1
f 964/1 963/1 969/1
f 964/1 969/1 967/1
f 965/1 970/1 971/1
f 965/1 971/1 961/1
f 972/1 970/1 965/1
f 972/1 965/1 973/1
f 974/1 975/1 653/1
f 974/1 653/1 652/1
f 976/1 974/1 652/1
f 976/1 652/1 654/1
f 976/1 654/1 977/1
f 978/1 974/1 976/1
f 978/1 976/1 979/1
f 976/1 977/1 980/1
f 981/1 982/1 983/1
f 644/1 984/1 650/1
f 985/1 983/1 982/1
f 985/1 982/1 986/1
f 987/1 988/1 989/1
f 987/1 989/1 990/1
f 987/1 402/1 408/1
f 987/1 408/1 991/1
f 992/1 988/1 987/1
f 992/1 987/1 991/1
f 987/1 990/1 400/1
f 987/1 400/1 402/1
f 688/1 993/1 988/1
f 688/1 988/1 992/1
f 994/1 989/1 988/1
f 994/1 988/1 993/1
f 995/1 996/1 997/1
f 995/1 997/1 998/1
f 996/1 995/1 999/1
f 996/1 999/1 1000/1
f 999/1 966/1 968/1
f 999/1 968/1 1000/1
f 999/1 995/1 1001/1
f 999/1 1001/1 973/1
f 996/1 1000/1 1002/1
f 996/1 1002/1 1003/1
f 1004/1 1005/1 1006/1
f 1004/1 1006/1 1007/1
f 1007/1 1006/1 1008/1
f 1007/1 1008/1 1009/1
f 1010/1 1011/1 1008/1
f 1010/1 1008/1 1006/1
f 1008/1 1012/1 1013/1
f 1008/1 1013/1 1009/1
f 1007/1 1009/1 1014/1
f 1007/1 1014/1 1015/1
f 1016/1 1017/1 1018/1
f 1016/1 1018/1 1019/1
f 1020/1 1021/1 1018/1
f 1020/1 1018/1 1017/1
f 1022/1 1019/1 1018/1
f 1022/1 1018/1 890/1
f 1018/1 1021/1 891/1
f 1018/1 891/1 890/1
f 866/1 865/1 1016/1
f 866/1 1016/1 1019/1
f 1023/1 1017/1 1016/1
f 1023/1 1016/1 1024/1
f 1016/1 865/1 869/1
f 1016/1 869/1 1024/1
f 1025/1 1020/1 1017/1
f 1025/1 1017/1 1023/1
f 1026/1 1027/1 816/1
f 1026/1 816/1 1028/1
f 1026/1 1029/1 1030/1
f 1026/1 1030/1 1027/1
f 1002/1 1031/1 1026/1
f 1002/1 1026/1 1028/1
f 816/1 1027/1 812/1
f 816/1 812/1 807/1
f 816/1 815/1 1032/1
f 816/1 1032/1 1028/1
f 1033/1 1034/1 1035/1
f 1033/1 1035/1 1036/1
f 1037/1 1034/1 1033/1
f 1037/1 1033/1 1038/1
f 1039/1 1040/1 1033/1
f 1039/1 1033/1 1036/1
f 1034/1 1037/1 1041/1
f 1034/1 1041/1 1042/1
f 1043/1 1035/1 1034/1
f 1043/1 1034/1 1042/1
f 1044/1 921/1 920/1
f 1044/1 920/1 1045/1
f 1046/1 920/1 922/1
f 1046/1 922/1 1047/1
f 1048/1 1047/1 922/1
f 1048/1 922/1 923/1
f 1046/1 1049/1 1045/1
f 1046/1 1045/1 920/1
f 1050/1 1051/1 1046/1
f 1050/1 1046/1 1047/1
f 1052/1 1053/1 1054/1
f 1052/1 1054/1 1055/1
f 1044/1 1045/1 1053/1
f 1044/1 1053/1 1052/1
f 1056/1 1057/1 1054/1
f 1056/1 1054/1 1053/1
f 1054/1 1058/1 1059/1
f 1054/1 1059/1 1055/1
f 1060/1 1058/1 1054/1
f 1060/1 1054/1 1057/1
f 1061/1 1062/1 1057/1
f 1061/1 1057/1 1056/1
f 1045/1 1049/1 1056/1
f 1045/1 1056/1 1053/1
f 1063/1 867/1 866/1
f 1063/1 866/1 1064/1
f 1022/1 1064/1 866/1
f 1022/1 866/1 1019/1
f 1065/1 1066/1 1067/1
f 1065/1 1067/1 1068/1
f 1069/1 648/1 1065/1
f 1069/1 1065/1 1068/1
f 653/1 1065/1 648/1
f 653/1 648/1 646/1
f 1070/1 649/1 648/1
f 1070/1 648/1 1069/1
f 653/1 975/1 1066/1
f 653/1 1066/1 1065/1
f 1071/1 1072/1 938/1
f 1071/1 938/1 935/1
f 715/1 710/1 711/1
f 715/1 711/1 938/1
f 1073/1 1071/1 935/1
f 1073/1 935/1 934/1
f 939/1 933/1 712/1
f 939/1 712/1 1074/1
f 714/1 1074/1 712/1
f 714/1 712/1 709/1
f 1075/1 851/1 850/1
f 1075/1 850/1 1076/1
f 1076/1 850/1 1077/1
f 1076/1 1077/1 1078/1
f 1077/1 1079/1 1080/1
f 1077/1 1080/1 1078/1
f 848/1 1081/1 1077/1
f 848/1 1077/1 850/1
f 1082/1 1083/1 1084/1
f 1082/1 1084/1 1085/1
f 1086/1 1085/1 1084/1
f 1086/1 1084/1 1087/1
f 1082/1 1088/1 1089/1
f 1082/1 1089/1 1090/1
f 1082/1 1090/1 1091/1
f 1082/1 1091/1 1083/1
f 1092/1 1093/1 1094/1
f 1092/1 1094/1 1095/1
f 1096/1 1043/1 1093/1
f 1096/1 1093/1 1092/1
f 1093/1 1043/1 1042/1
f 1093/1 1042/1 1097/1
f 1094/1 1098/1 1099/1
f 1094/1 1099/1 1095/1
f 1097/1 1100/1 1094/1
f 1097/1 1094/1 1093/1
f 1094/1 1100/1 1101/1
f 1094/1 1101/1 1098/1
f 1102/1 903/1 901/1
f 1102/1 901/1 960/1
f 1103/1 1104/1 1102/1
f 1103/1 1102/1 960/1
f 903/1 1105/1 904/1
f 903/1 904/1 897/1
f 903/1 1102/1 1106/1
f 903/1 1106/1 1105/1
f 1107/1 1108/1 1105/1
f 1107/1 1105/1 1106/1
f 904/1 1105/1 1108/1
f 904/1 1108/1 1109/1
f 1110/1 1103/1 960/1
f 1110/1 960/1 954/1
f 1036/1 1103/1 1110/1
f 1036/1 1110/1 1039/1
f 1110/1 954/1 956/1
f 1110/1 956/1 1111/1
f 867/1 1112/1 870/1
f 867/1 870/1 864/1
f 1113/1 1112/1 867/1
f 1113/1 867/1 1063/1
f 1114/1 1113/1 1063/1
f 1114/1 1063/1 1115/1
f 852/1 851/1 1075/1
f 852/1 1075/1 1116/1
f 1067/1 1066/1 1075/1
f 1067/1 1075/1 1076/1
f 978/1 853/1 852/1
f 978/1 852/1 1116/1
f 975/1 974/1 978/1
f 975/1 978/1 1116/1
f 700/1 1117/1 706/1
f 700/1 706/1 697/1
f 1118/1 706/1 1117/1
f 1118/1 1117/1 1119/1
f 1120/1 1121/1 1122/1
f 1120/1 1122/1 1123/1
f 1124/1 1125/1 1122/1
f 1124/1 1122/1 1126/1
f 1120/1 1127/1 957/1
f 1120/1 957/1 1128/1
f 1129/1 1127/1 1120/1
f 1129/1 1120/1 1123/1
f 1130/1 1121/1 1120/1
f 1130/1 1120/1 1128/1
f 1126/1 1122/1 1121/1
f 1126/1 1121/1 1131/1
f 1132/1 1131/1 1121/1
f 1132/1 1121/1 1130/1
f 1133/1 1134/1 928/1
f 1133/1 928/1 1135/1
f 1136/1 1137/1 1133/1
f 1136/1 1133/1 1138/1
f 1134/1 1133/1 1137/1
f 1134/1 1137/1 1139/1
f 942/1 1135/1 928/1
f 942/1 928/1 930/1
f 1140/1 929/1 928/1
f 1140/1 928/1 1134/1
f 1073/1 934/1 929/1
f 1073/1 929/1 1140/1
f 1141/1 1142/1 1073/1
f 1141/1 1073/1 1140/1
f 1143/1 1071/1 1073/1
f 1143/1 1073/1 1142/1
f 1144/1 1145/1 1146/1
f 1144/1 1146/1 1147/1
f 1144/1 1148/1 751/1
f 1144/1 751/1 1149/1
f 1144/1 1147/1 1150/1
f 1144/1 1150/1 1148/1
f 1144/1 1149/1 1151/1
f 1144/1 1151/1 1145/1
f 1145/1 1151/1 1025/1
f 1145/1 1025/1 1023/1
f 1146/1 1145/1 1023/1
f 1146/1 1023/1 1024/1
f 1152/1 1020/1 1025/1
f 1152/1 1025/1 1153/1
f 1154/1 1155/1 1156/1
f 1154/1 1156/1 1157/1
f 1158/1 1021/1 1020/1
f 1158/1 1020/1 1152/1
f 899/1 906/1 1159/1
f 899/1 1159/1 1160/1
f 1160/1 1159/1 1161/1
f 1160/1 1161/1 1162/1
f 1163/1 1164/1 1161/1
f 1163/1 1161/1 1159/1
f 1164/1 1163/1 1165/1
f 1164/1 1165/1 1166/1
f 1164/1 1132/1 1130/1
f 1164/1 1130/1 1161/1
f 1167/1 1132/1 1164/1
f 1167/1 1164/1 1166/1
f 1163/1 1159/1 906/1
f 1163/1 906/1 1168/1
f 1169/1 1165/1 1163/1
f 1169/1 1163/1 1168/1
f 882/1 879/1 880/1
f 882/1 880/1 1170/1
f 1171/1 1172/1 882/1
f 1171/1 882/1 1170/1
f 1173/1 1174/1 1175/1
f 1173/1 1175/1 1176/1
f 1177/1 1178/1 727/1
f 1177/1 727/1 726/1
f 1177/1 1179/1 1180/1
f 1177/1 1180/1 1181/1
f 1181/1 1182/1 1178/1
f 1181/1 1178/1 1177/1
f 1178/1 1183/1 894/1
f 1178/1 894/1 727/1
f 1166/1 1165/1 1184/1
f 1166/1 1184/1 1185/1
f 1184/1 1165/1 1169/1
f 1184/1 1169/1 1186/1
f 1187/1 1188/1 1189/1
f 1187/1 1189/1 1190/1
f 639/1 1191/1 1189/1
f 639/1 1189/1 1188/1
f 1187/1 1192/1 1193/1
f 1187/1 1193/1 1188/1
f 1187/1 1194/1 1195/1
f 1187/1 1195/1 1192/1
f 1041/1 1196/1 1097/1
f 1041/1 1097/1 1042/1
f 1139/1 1196/1 1041/1
f 1139/1 1041/1 1141/1
f 1142/1 1141/1 1041/1
f 1142/1 1041/1 1037/1
f 1197/1 1198/1 1199/1
f 1197/1 1199/1 1200/1
f 1200/1 1199/1 1040/1
f 1200/1 1040/1 1201/1
f 1038/1 1033/1 1040/1
f 1038/1 1040/1 1199/1
f 1200/1 1202/1 1203/1
f 1200/1 1203/1 1197/1
f 1038/1 1199/1 1198/1
f 1038/1 1198/1 1143/1
f 1142/1 1037/1 1038/1
f 1142/1 1038/1 1143/1
f 1204/1 1205/1 1206/1
f 1204/1 1206/1 849/1
f 1207/1 1208/1 1205/1
f 1207/1 1205/1 1204/1
f 1209/1 1206/1 1205/1
f 1209/1 1205/1 1210/1
f 1211/1 1081/1 1206/1
f 1211/1 1206/1 1209/1
f 1207/1 1204/1 844/1
f 1207/1 844/1 1212/1
f 1208/1 1213/1 1210/1
f 1208/1 1210/1 1205/1
f 1208/1 1207/1 1214/1
f 1208/1 1214/1 1213/1
f 1192/1 1195/1 1215/1
f 1192/1 1215/1 1216/1
f 1216/1 1217/1 1193/1
f 1216/1 1193/1 1192/1
f 638/1 637/1 1193/1
f 638/1 1193/1 1217/1
f 639/1 1188/1 1193/1
f 639/1 1193/1 637/1
f 1218/1 1219/1 1220/1
f 1218/1 1220/1 1221/1
f 1222/1 1223/1 1218/1
f 1222/1 1218/1 1221/1
f 1224/1 1225/1 1219/1
f 1224/1 1219/1 1218/1
f 1219/1 1225/1 1226/1
f 1219/1 1226/1 1227/1
f 1227/1 1183/1 1220/1
f 1227/1 1220/1 1219/1
f 1228/1 1221/1 1220/1
f 1228/1 1220/1 1182/1
f 1229/1 1230/1 1231/1
f 1229/1 1231/1 1232/1
f 1230/1 1229/1 1233/1
f 1230/1 1233/1 1234/1
f 1233/1 1229/1 1235/1
f 1233/1 1235/1 1236/1
f 1233/1 1237/1 1238/1
f 1233/1 1238/1 1234/1
f 1239/1 1237/1 1233/1
f 1239/1 1233/1 1236/1
f 1240/1 1241/1 1230/1
f 1240/1 1230/1 1234/1
f 1230/1 1241/1 1242/1
f 1230/1 1242/1 1231/1
f 1030/1 1029/1 1241/1
f 1030/1 1241/1 1240/1
f 1241/1 1029/1 1243/1
f 1241/1 1243/1 1242/1
f 1240/1 1234/1 1238/1
f 1240/1 1238/1 1244/1
f 1245/1 1030/1 1240/1
f 1245/1 1240/1 1244/1
f 1246/1 1247/1 1248/1
f 1246/1 1248/1 1249/1
f 1248/1 1250/1 1251/1
f 1248/1 1251/1 1249/1
f 1248/1 1247/1 1252/1
f 1248/1 1252/1 1223/1
f 1222/1 1250/1 1248/1
f 1222/1 1248/1 1223/1
f 1246/1 1253/1 1254/1
f 1246/1 1254/1 1255/1
f 1256/1 1247/1 1246/1
f 1256/1 1246/1 1255/1
f 1257/1 1253/1 1246/1
f 1257/1 1246/1 1249/1
f 1258/1 1252/1 1247/1
f 1258/1 1247/1 1256/1
f 912/1 921/1 1044/1
f 912/1 1044/1 1259/1
f 1044/1 1052/1 1260/1
f 1044/1 1260/1 1259/1
f 1261/1 1262/1 1263/1
f 1261/1 1263/1 1264/1
f 1261/1 1264/1 1265/1
f 1261/1 1265/1 1266/1
f 1261/1 1266/1 1181/1
f 1261/1 1181/1 1180/1
f 1261/1 1180/1 1267/1
f 1261/1 1267/1 1262/1
f 1268/1 1269/1 1270/1
f 1268/1 1270/1 1271/1
f 1269/1 1268/1 1272/1
f 1269/1 1272/1 1273/1
f 1179/1 1273/1 1272/1
f 1179/1 1272/1 1274/1
f 721/1 1270/1 1269/1
f 721/1 1269/1 722/1
f 718/1 705/1 704/1
f 718/1 704/1 719/1
f 940/1 705/1 718/1
f 940/1 718/1 717/1
f 1118/1 719/1 704/1
f 1118/1 704/1 706/1
f 1275/1 941/1 940/1
f 1275/1 940/1 717/1
f 1276/1 1277/1 1278/1
f 1279/1 1280/1 1278/1
f 1279/1 1278/1 1277/1
f 1281/1 1282/1 1283/1
f 1281/1 1283/1 1284/1
f 1285/1 1286/1 1282/1
f 1285/1 1282/1 1281/1
f 644/1 647/1 1286/1
f 644/1 1286/1 1285/1
f 644/1 1285/1 984/1
f 1282/1 1286/1 1287/1
f 1282/1 1287/1 1288/1
f 1278/1 1289/1 1290/1
f 1278/1 1290/1 1291/1
f 1278/1 1291/1 1276/1
f 1290/1 985/1 986/1
f 1290/1 986/1 1291/1
f 1289/1 1292/1 1293/1
f 1289/1 1293/1 1294/1
f 1289/1 1278/1 1280/1
f 1289/1 1280/1 1292/1
f 1295/1 1296/1 1297/1
f 1295/1 1297/1 1298/1
f 1297/1 1080/1 1079/1
f 1297/1 1079/1 1298/1
f 1080/1 1297/1 1299/1
f 1080/1 1299/1 1300/1
f 1299/1 1297/1 1296/1
f 1299/1 1296/1 1301/1
f 1302/1 1303/1 1299/1
f 1302/1 1299/1 1301/1
f 1062/1 1287/1 649/1
f 1062/1 649/1 1070/1
f 1304/1 1060/1 1070/1
f 1304/1 1070/1 1069/1
f 1078/1 1305/1 1067/1
f 1078/1 1067/1 1076/1
f 1067/1 1305/1 1306/1
f 1067/1 1306/1 1068/1
f 1116/1 1075/1 1066/1
f 1116/1 1066/1 975/1
f 753/1 747/1 751/1
f 753/1 751/1 1148/1
f 1307/1 1149/1 751/1
f 1307/1 751/1 750/1
f 761/1 820/1 1308/1
f 761/1 1308/1 762/1
f 1309/1 1310/1 1311/1
f 1309/1 1311/1 1312/1
f 1309/1 1312/1 1313/1
f 1309/1 1313/1 1314/1
f 1310/1 1309/1 1315/1
f 1310/1 1315/1 1316/1
f 1315/1 1309/1 1314/1
f 1315/1 1314/1 917/1
f 1310/1 1317/1 1318/1
f 1310/1 1318/1 1311/1
f 1310/1 1316/1 1319/1
f 1310/1 1319/1 1317/1
f 1320/1 1321/1 1322/1
f 1320/1 1322/1 1323/1
f 973/1 1001/1 1322/1
f 973/1 1322/1 972/1
f 1324/1 1325/1 1320/1
f 1324/1 1320/1 1326/1
f 1014/1 1321/1 1320/1
f 1014/1 1320/1 1325/1
f 972/1 1322/1 1321/1
f 972/1 1321/1 1013/1
f 1327/1 1328/1 1329/1
f 1327/1 1329/1 1330/1
f 1331/1 1332/1 1328/1
f 1331/1 1328/1 1327/1
f 1333/1 1334/1 781/1
f 1333/1 781/1 780/1
f 776/1 775/1 1332/1
f 776/1 1332/1 1331/1
f 1335/1 1336/1 1334/1
f 1335/1 1334/1 1333/1
f 1311/1 885/1 884/1
f 1311/1 884/1 1312/1
f 885/1 1311/1 1318/1
f 885/1 1318/1 1337/1
f 1318/1 1338/1 1339/1
f 1318/1 1339/1 1337/1
f 1318/1 1317/1 1115/1
f 1318/1 1115/1 1338/1
f 875/1 874/1 885/1
f 875/1 885/1 1337/1
f 1340/1 1059/1 1058/1
f 1340/1 1058/1 1341/1
f 1340/1 1239/1 1236/1
f 1340/1 1236/1 1059/1
f 1340/1 1341/1 1342/1
f 1340/1 1342/1 1303/1
f 1343/1 1048/1 1313/1
f 1343/1 1313/1 1344/1
f 923/1 1314/1 1313/1
f 923/1 1313/1 1048/1
f 884/1 1344/1 1313/1
f 884/1 1313/1 1312/1
f 1343/1 1345/1 1346/1
f 1343/1 1346/1 1050/1
f 1047/1 1048/1 1343/1
f 1047/1 1343/1 1050/1
f 1343/1 1344/1 883/1
f 1343/1 883/1 1345/1
f 1201/1 1347/1 1202/1
f 1201/1 1202/1 1200/1
f 1202/1 1348/1 1349/1
f 1202/1 1349/1 1203/1
f 1201/1 1350/1 1351/1
f 1201/1 1351/1 1347/1
f 1201/1 1040/1 1039/1
f 1201/1 1039/1 1350/1
f 1352/1 1353/1 1347/1
f 1352/1 1347/1 1351/1
f 1348/1 1202/1 1347/1
f 1348/1 1347/1 1353/1
f 1295/1 1354/1 1355/1
f 1295/1 1355/1 1296/1
f 1355/1 1356/1 1357/1
f 1355/1 1357/1 1358/1
f 1296/1 1355/1 1358/1
f 1296/1 1358/1 1301/1
f 1359/1 1360/1 1358/1
f 1359/1 1358/1 1357/1
f 1302/1 1301/1 1358/1
f 1302/1 1358/1 1360/1
f 734/1 1361/1 1362/1
f 734/1 1362/1 1363/1
f 1225/1 1362/1 1361/1
f 1225/1 1361/1 1226/1
f 733/1 1364/1 1361/1
f 733/1 1361/1 734/1
f 1362/1 1365/1 1366/1
f 1362/1 1366/1 1363/1
f 1224/1 1365/1 1362/1
f 1224/1 1362/1 1225/1
f 1367/1 1368/1 1217/1
f 1367/1 1217/1 1216/1
f 1367/1 1369/1 1370/1
f 1367/1 1370/1 1371/1
f 1369/1 1367/1 1216/1
f 1369/1 1216/1 1215/1
f 1369/1 1215/1 997/1
f 1369/1 997/1 1372/1
f 1373/1 1370/1 1369/1
f 1373/1 1369/1 1372/1
f 1374/1 1375/1 1376/1
f 1374/1 1377/1 979/1
f 1374/1 979/1 1378/1
f 1374/1 1378/1 1375/1
f 1379/1 1380/1 1381/1
f 1379/1 1381/1 1382/1
f 1383/1 1384/1 1385/1
f 1385/1 1386/1 1379/1
f 1385/1 1379/1 1382/1
f 1385/1 1382/1 1383/1
f 1387/1 1386/1 1385/1
f 1387/1 1385/1 1388/1
f 1388/1 1385/1 1384/1
f 1388/1 1384/1 1389/1
f 1380/1 1379/1 1390/1
f 1380/1 1390/1 1391/1
f 1203/1 1349/1 1392/1
f 1203/1 1392/1 1393/1
f 1203/1 1393/1 1394/1
f 1203/1 1394/1 1197/1
f 844/1 1204/1 849/1
f 844/1 849/1 843/1
f 849/1 1206/1 1081/1
f 849/1 1081/1 848/1
f 845/1 1212/1 844/1
f 845/1 844/1 841/1
f 1395/1 845/1 660/1
f 1395/1 660/1 667/1
f 1396/1 1173/1 1176/1
f 1396/1 1176/1 1397/1
f 1398/1 1174/1 1173/1
f 1398/1 1173/1 1399/1
f 1400/1 1401/1 1396/1
f 1400/1 1396/1 1397/1
f 1175/1 1174/1 1402/1
f 1175/1 1402/1 1403/1
f 1402/1 1404/1 1405/1
f 1402/1 1405/1 1403/1
f 1406/1 1172/1 1171/1
f 1406/1 1171/1 1407/1
f 682/1 212/1 210/1
f 682/1 210/1 488/1
f 1408/1 1409/1 682/1
f 1408/1 682/1 488/1
f 484/1 1408/1 488/1
f 484/1 488/1 481/1
f 1243/1 1031/1 968/1
f 1243/1 968/1 967/1
f 1410/1 1411/1 1412/1
f 1410/1 1412/1 1413/1
f 1414/1 1265/1 1412/1
f 1414/1 1412/1 1415/1
f 1416/1 1417/1 1410/1
f 1416/1 1410/1 1413/1
f 1410/1 1417/1 1091/1
f 1410/1 1091/1 1090/1
f 1415/1 1412/1 1411/1
f 1415/1 1411/1 1418/1
f 1090/1 1089/1 1411/1
f 1090/1 1411/1 1410/1
f 1419/1 1232/1 1231/1
f 1419/1 1231/1 1420/1
f 969/1 1420/1 1231/1
f 969/1 1231/1 1242/1
f 1235/1 1229/1 1232/1
f 1235/1 1232/1 1260/1
f 1421/1 1422/1 1423/1
f 1421/1 1423/1 1424/1
f 1421/1 872/1 1425/1
f 1421/1 1425/1 1422/1
f 1422/1 1108/1 1107/1
f 1422/1 1107/1 1423/1
f 1061/1 1288/1 1287/1
f 1061/1 1287/1 1062/1
f 1287/1 1286/1 647/1
f 1287/1 647/1 649/1
f 1062/1 1070/1 1060/1
f 1062/1 1060/1 1057/1
f 1060/1 1304/1 1341/1
f 1060/1 1341/1 1058/1
f 1426/1 1427/1 937/1
f 1426/1 937/1 939/1
f 1428/1 1429/1 1426/1
f 1428/1 1426/1 1430/1
f 1074/1 1430/1 1426/1
f 1074/1 1426/1 939/1
f 1427/1 1431/1 936/1
f 1427/1 936/1 937/1
f 1429/1 1432/1 1427/1
f 1429/1 1427/1 1426/1
f 1162/1 1128/1 957/1
f 1162/1 957/1 959/1
f 957/1 1127/1 1433/1
f 957/1 1433/1 958/1
f 1162/1 1161/1 1130/1
f 1162/1 1130/1 1128/1
f 902/1 1160/1 1162/1
f 902/1 1162/1 959/1
f 1434/1 1435/1 1147/1
f 1434/1 1147/1 1146/1
f 1436/1 1435/1 1434/1
f 1436/1 1434/1 873/1
f 1434/1 1146/1 1024/1
f 1434/1 1024/1 869/1
f 1435/1 1437/1 1150/1
f 1435/1 1150/1 1147/1
f 1438/1 1439/1 25/1
f 1438/1 25/1 26/1
f 1440/1 1129/1 1438/1
f 1440/1 1438/1 679/1
f 1123/1 1439/1 1438/1
f 1123/1 1438/1 1129/1
f 25/1 1439/1 1125/1
f 25/1 1125/1 21/1
f 21/1 1125/1 1124/1
f 21/1 1124/1 22/1
f 1124/1 1126/1 857/1
f 1124/1 857/1 856/1
f 1123/1 1122/1 1125/1
f 1123/1 1125/1 1439/1
f 1401/1 1441/1 1442/1
f 1401/1 1442/1 1443/1
f 1442/1 1441/1 1444/1
f 1442/1 1444/1 1445/1
f 1446/1 1443/1 1442/1
f 1446/1 1442/1 1447/1
f 1448/1 1396/1 1401/1
f 1448/1 1401/1 1443/1
f 1449/1 1441/1 1401/1
f 1449/1 1401/1 1400/1
f 1450/1 1444/1 1441/1
f 1450/1 1441/1 1449/1
f 1236/1 1235/1 1055/1
f 1236/1 1055/1 1059/1
f 1260/1 1052/1 1055/1
f 1260/1 1055/1 1235/1
f 909/1 912/1 1259/1
f 909/1 1259/1 1419/1
f 1419/1 1259/1 1260/1
f 1419/1 1260/1 1232/1
f 1451/1 909/1 1419/1
f 1451/1 1419/1 1420/1
f 837/1 1452/1 839/1
f 837/1 839/1 829/1
f 1316/1 840/1 839/1
f 1316/1 839/1 1319/1
f 840/1 1453/1 831/1
f 840/1 831/1 830/1
f 1258/1 1454/1 1366/1
f 1258/1 1366/1 1365/1
f 1112/1 1113/1 1455/1
f 1112/1 1455/1 1456/1
f 870/1 1112/1 1456/1
f 870/1 1456/1 1457/1
f 1113/1 1114/1 1452/1
f 1113/1 1452/1 1455/1
f 1452/1 1114/1 1319/1
f 1452/1 1319/1 839/1
f 1452/1 837/1 1458/1
f 1452/1 1458/1 1455/1
f 1317/1 1319/1 1114/1
f 1317/1 1114/1 1115/1
f 1127/1 1129/1 1440/1
f 1127/1 1440/1 1433/1
f 1459/1 1433/1 1440/1
f 1459/1 1440/1 1460/1
f 791/1 802/1 1461/1
f 791/1 1461/1 1462/1
f 1461/1 1463/1 1464/1
f 1461/1 1464/1 1462/1
f 781/1 1334/1 1461/1
f 781/1 1461/1 802/1
f 1461/1 1334/1 1336/1
f 1461/1 1336/1 1463/1
f 1424/1 1099/1 1465/1
f 1424/1 1465/1 1466/1
f 1424/1 1423/1 1095/1
f 1424/1 1095/1 1099/1
f 1436/1 1421/1 1424/1
f 1436/1 1424/1 1466/1
f 1437/1 1466/1 1465/1
f 1437/1 1465/1 1467/1
f 1465/1 1099/1 1098/1
f 1465/1 1098/1 1468/1
f 1469/1 1470/1 1471/1
f 1469/1 1471/1 962/1
f 962/1 1471/1 1451/1
f 962/1 1451/1 963/1
f 910/1 909/1 1451/1
f 910/1 1451/1 1471/1
f 971/1 1469/1 962/1
f 971/1 962/1 961/1
f 1371/1 1472/1 1368/1
f 1371/1 1368/1 1367/1
f 1371/1 1370/1 1473/1
f 1371/1 1473/1 1474/1
f 1475/1 1368/1 1472/1
f 1475/1 1472/1 1476/1
f 1474/1 1477/1 1472/1
f 1474/1 1472/1 1371/1
f 1472/1 1477/1 1478/1
f 1472/1 1478/1 1476/1
f 1408/1 484/1 486/1
f 1408/1 486/1 1479/1
f 486/1 485/1 990/1
f 486/1 990/1 989/1
f 994/1 1479/1 486/1
f 994/1 486/1 989/1
f 1409/1 1408/1 1479/1
f 1409/1 1479/1 1480/1
f 694/1 1480/1 1479/1
f 694/1 1479/1 994/1
f 1481/1 1482/1 1359/1
f 1481/1 1359/1 1357/1
f 1356/1 1254/1 1481/1
f 1356/1 1481/1 1357/1
f 1483/1 1481/1 1254/1
f 1483/1 1254/1 1253/1
f 1482/1 1481/1 1483/1
f 1482/1 1483/1 1484/1
f 1244/1 1238/1 1359/1
f 1244/1 1359/1 1482/1
f 1237/1 1360/1 1359/1
f 1237/1 1359/1 1238/1
f 1485/1 1486/1 1487/1
f 1485/1 1487/1 1488/1
f 1487/1 1489/1 678/1
f 1487/1 678/1 1488/1
f 1486/1 1490/1 1491/1
f 1486/1 1491/1 1487/1
f 963/1 1451/1 1420/1
f 963/1 1420/1 969/1
f 969/1 1242/1 1243/1
f 969/1 1243/1 967/1
f 1492/1 1493/1 1494/1
f 1492/1 1494/1 1495/1
f 1492/1 1496/1 1462/1
f 1492/1 1462/1 1464/1
f 1464/1 1308/1 1493/1
f 1464/1 1493/1 1492/1
f 1136/1 1495/1 1494/1
f 1136/1 1494/1 1497/1
f 1494/1 1493/1 1498/1
f 1494/1 1498/1 1499/1
f 1323/1 1500/1 1194/1
f 1323/1 1194/1 1501/1
f 1190/1 1501/1 1194/1
f 1190/1 1194/1 1187/1
f 1195/1 1194/1 1500/1
f 1195/1 1500/1 998/1
f 931/1 927/1 936/1
f 931/1 936/1 948/1
f 1432/1 1502/1 1431/1
f 1432/1 1431/1 1427/1
f 948/1 936/1 1431/1
f 948/1 1431/1 951/1
f 1503/1 1504/1 1475/1
f 1503/1 1475/1 1476/1
f 636/1 638/1 1475/1
f 636/1 1475/1 1504/1
f 1475/1 638/1 1217/1
f 1475/1 1217/1 1368/1
f 1505/1 1504/1 1503/1
f 1505/1 1503/1 1506/1
f 1478/1 1507/1 1503/1
f 1478/1 1503/1 1476/1
f 1503/1 1507/1 1508/1
f 1503/1 1508/1 1506/1
f 633/1 636/1 1504/1
f 633/1 1504/1 1505/1
f 1509/1 1510/1 1511/1
f 1509/1 1511/1 1512/1
f 521/1 1513/1 1509/1
f 521/1 1509/1 1514/1
f 1515/1 1510/1 1509/1
f 1515/1 1509/1 1513/1
f 1516/1 1511/1 1510/1
f 1516/1 1510/1 1517/1
f 1518/1 1517/1 1510/1
f 1518/1 1510/1 1515/1
f 1511/1 1516/1 1519/1
f 1511/1 1519/1 1520/1
f 1512/1 1511/1 1520/1
f 1512/1 1520/1 1521/1
f 1514/1 1509/1 1512/1
f 1514/1 1512/1 1522/1
f 1512/1 1521/1 1523/1
f 1512/1 1523/1 1522/1
f 1520/1 1524/1 1525/1
f 1520/1 1525/1 1521/1
f 1526/1 1527/1 1528/1
f 1526/1 1528/1 1529/1
f 1528/1 1527/1 1530/1
f 1528/1 1530/1 1531/1
f 1532/1 1533/1 1527/1
f 1532/1 1527/1 1526/1
f 187/1 186/1 1534/1
f 187/1 1534/1 1535/1
f 1536/1 1535/1 1534/1
f 1536/1 1534/1 1537/1
f 1534/1 186/1 1538/1
f 1534/1 1538/1 1539/1
f 187/1 1540/1 185/1
f 187/1 185/1 41/1
f 186/1 40/1 1541/1
f 186/1 1541/1 1538/1
f 1542/1 1543/1 1544/1
f 1542/1 1544/1 1545/1
f 1546/1 1545/1 1544/1
f 1546/1 1544/1 1547/1
f 1542/1 1548/1 1549/1
f 1542/1 1549/1 1550/1
f 1543/1 1551/1 1552/1
f 1543/1 1552/1 1544/1
f 1543/1 1542/1 1550/1
f 1543/1 1550/1 1553/1
f 1553/1 1554/1 1551/1
f 1553/1 1551/1 1543/1
f 1555/1 1552/1 1551/1
f 1555/1 1551/1 1556/1
f 1557/1 1554/1 1553/1
f 1557/1 1553/1 1558/1
f 1554/1 1557/1 1559/1
f 1554/1 1559/1 1560/1
f 1556/1 1551/1 1554/1
f 1556/1 1554/1 1560/1
f 1552/1 1561/1 1547/1
f 1552/1 1547/1 1544/1
f 1562/1 1563/1 1564/1
f 1562/1 1564/1 1565/1
f 1566/1 1562/1 1567/1
f 1566/1 1567/1 1568/1
f 1565/1 1569/1 1567/1
f 1565/1 1567/1 1562/1
f 1567/1 1569/1 1570/1
f 1567/1 1570/1 1571/1
f 1530/1 1572/1 1566/1
f 1530/1 1566/1 1531/1
f 1563/1 1562/1 1566/1
f 1563/1 1566/1 1572/1
f 1573/1 1531/1 1566/1
f 1573/1 1566/1 1568/1
f 1574/1 1575/1 1576/1
f 1574/1 1576/1 1577/1
f 1578/1 1579/1 1574/1
f 1578/1 1574/1 1580/1
f 1579/1 1581/1 1575/1
f 1579/1 1575/1 1574/1
f 1582/1 1577/1 1576/1
f 1582/1 1576/1 1583/1
f 1584/1 1585/1 508/1
f 1584/1 508/1 510/1
f 1586/1 1587/1 1584/1
f 1586/1 1584/1 1588/1
f 1585/1 1589/1 1590/1
f 1585/1 1590/1 508/1
f 1587/1 1591/1 1585/1
f 1587/1 1585/1 1584/1
f 1592/1 1593/1 1594/1
f 1592/1 1594/1 1595/1
f 1594/1 1593/1 1596/1
f 1594/1 1596/1 1597/1
f 1594/1 1598/1 1599/1
f 1594/1 1599/1 1595/1
f 1600/1 1601/1 1602/1
f 1600/1 1602/1 1603/1
f 1604/1 1601/1 1600/1
f 1604/1 1600/1 1605/1
f 1601/1 1606/1 1607/1
f 1601/1 1607/1 1602/1
f 1605/1 1600/1 1608/1
f 1605/1 1608/1 1609/1
f 1608/1 1600/1 1603/1
f 1608/1 1603/1 1610/1
f 1611/1 1612/1 1608/1
f 1611/1 1608/1 1610/1
f 1608/1 1612/1 1613/1
f 1608/1 1613/1 1609/1
f 1605/1 1614/1 1615/1
f 1605/1 1615/1 1604/1
f 1605/1 1609/1 1616/1
f 1605/1 1616/1 1614/1
f 1603/1 1602/1 1617/1
f 1603/1 1617/1 1618/1
f 1606/1 1619/1 1620/1
f 1606/1 1620/1 1607/1
f 1606/1 1601/1 1604/1
f 1606/1 1604/1 1621/1
f 1622/1 1620/1 1619/1
f 1622/1 1619/1 1623/1
f 1621/1 1624/1 1619/1
f 1621/1 1619/1 1606/1
f 1625/1 1626/1 1620/1
f 1625/1 1620/1 1622/1
f 1620/1 1626/1 1627/1
f 1620/1 1627/1 1607/1
f 1628/1 1629/1 1630/1
f 1628/1 1630/1 1624/1
f 1631/1 1632/1 1628/1
f 1631/1 1628/1 1633/1
f 1632/1 1634/1 1629/1
f 1632/1 1629/1 1628/1
f 1635/1 1636/1 1630/1
f 1635/1 1630/1 1629/1
f 1637/1 1623/1 1630/1
f 1637/1 1630/1 1636/1
f 1638/1 1639/1 1640/1
f 1638/1 1640/1 1641/1
f 1638/1 1642/1 1643/1
f 1638/1 1643/1 1639/1
f 1639/1 1625/1 1644/1
f 1639/1 1644/1 1640/1
f 1639/1 1643/1 1626/1
f 1639/1 1626/1 1625/1
f 1640/1 1644/1 1645/1
f 1640/1 1645/1 1646/1
f 1647/1 522/1 1648/1
f 1647/1 1648/1 1649/1
f 1650/1 1651/1 1647/1
f 1650/1 1647/1 1652/1
f 1651/1 520/1 522/1
f 1651/1 522/1 1647/1
f 307/1 1648/1 522/1
f 307/1 522/1 306/1
f 1653/1 1649/1 1648/1
f 1653/1 1648/1 1654/1
f 303/1 1654/1 1648/1
f 303/1 1648/1 307/1
f 1655/1 1656/1 1657/1
f 1655/1 1657/1 1658/1
f 1656/1 1655/1 1659/1
f 1656/1 1659/1 1660/1
f 1659/1 1655/1 1661/1
f 1659/1 1661/1 1662/1
f 1663/1 1664/1 1659/1
f 1663/1 1659/1 1662/1
f 1659/1 1664/1 1665/1
f 1659/1 1665/1 1660/1
f 1656/1 1666/1 1667/1
f 1656/1 1667/1 1657/1
f 1668/1 1669/1 1670/1
f 1668/1 1670/1 1671/1
f 1670/1 1669/1 1672/1
f 1670/1 1672/1 1653/1
f 1668/1 1671/1 1673/1
f 1668/1 1673/1 1674/1
f 1675/1 1676/1 1669/1
f 1675/1 1669/1 1668/1
f 1669/1 1676/1 1677/1
f 1669/1 1677/1 1672/1
f 1675/1 1678/1 1679/1
f 1675/1 1679/1 1676/1
f 1675/1 1668/1 1674/1
f 1675/1 1674/1 1680/1
f 1675/1 1680/1 1681/1
f 1675/1 1681/1 1678/1
f 1682/1 1677/1 1676/1
f 1682/1 1676/1 1679/1
f 1683/1 1684/1 1685/1
f 1683/1 1685/1 1686/1
f 1685/1 1687/1 1539/1
f 1685/1 1539/1 1538/1
f 1685/1 1538/1 1541/1
f 1685/1 1541/1 1686/1
f 1683/1 1688/1 1689/1
f 1683/1 1689/1 1690/1
f 1690/1 1691/1 1684/1
f 1690/1 1684/1 1683/1
f 1684/1 1692/1 1687/1
f 1684/1 1687/1 1685/1
f 1691/1 1693/1 1692/1
f 1691/1 1692/1 1684/1
f 1692/1 1694/1 1695/1
f 1692/1 1695/1 1687/1
f 1691/1 1690/1 1696/1
f 1691/1 1696/1 1697/1
f 1697/1 1698/1 1693/1
f 1697/1 1693/1 1691/1
f 1694/1 1692/1 1693/1
f 1694/1 1693/1 1699/1
f 1700/1 1701/1 1702/1
f 1700/1 1702/1 1634/1
f 1700/1 1703/1 1704/1
f 1700/1 1704/1 1705/1
f 1705/1 1706/1 1701/1
f 1705/1 1701/1 1700/1
f 1701/1 1706/1 1707/1
f 1701/1 1707/1 1708/1
f 1702/1 1701/1 1708/1
f 1702/1 1708/1 1709/1
f 1710/1 1711/1 1706/1
f 1710/1 1706/1 1705/1
f 1712/1 1707/1 1706/1
f 1712/1 1706/1 1711/1
f 1590/1 1589/1 1713/1
f 1590/1 1713/1 1714/1
f 509/1 508/1 1590/1
f 509/1 1590/1 1715/1
f 1591/1 1716/1 1589/1
f 1591/1 1589/1 1585/1
f 1589/1 1716/1 1717/1
f 1589/1 1717/1 1713/1
f 1718/1 1719/1 1713/1
f 1718/1 1713/1 1717/1
f 1720/1 1721/1 1722/1
f 1720/1 1722/1 1723/1
f 1720/1 1724/1 1725/1
f 1720/1 1725/1 1726/1
f 1721/1 1727/1 1728/1
f 1721/1 1728/1 1722/1
f 1726/1 1729/1 1721/1
f 1726/1 1721/1 1720/1
f 1730/1 1727/1 1721/1
f 1730/1 1721/1 1729/1
f 1722/1 1728/1 1731/1
f 1722/1 1731/1 1732/1
f 1728/1 1733/1 1734/1
f 1728/1 1734/1 1731/1
f 1735/1 1736/1 1737/1
f 1735/1 1737/1 1738/1
f 1611/1 1610/1 1736/1
f 1611/1 1736/1 1735/1
f 1737/1 1739/1 1740/1
f 1737/1 1740/1 1738/1
f 1737/1 1736/1 1618/1
f 1737/1 1618/1 1741/1
f 1672/1 1677/1 1742/1
f 1672/1 1742/1 1743/1
f 1744/1 1745/1 1742/1
f 1744/1 1742/1 1746/1
f 1742/1 1745/1 1652/1
f 1742/1 1652/1 1743/1
f 1677/1 1682/1 1746/1
f 1677/1 1746/1 1742/1
f 1649/1 1743/1 1652/1
f 1649/1 1652/1 1647/1
f 1743/1 1649/1 1653/1
f 1743/1 1653/1 1672/1
f 1747/1 1670/1 1653/1
f 1747/1 1653/1 1654/1
f 1748/1 1749/1 1750/1
f 1748/1 1750/1 1751/1
f 1748/1 1751/1 1752/1
f 1748/1 1752/1 1753/1
f 1748/1 1753/1 1754/1
f 1748/1 1754/1 1755/1
f 1755/1 1756/1 1749/1
f 1755/1 1749/1 1748/1
f 1757/1 1758/1 1749/1
f 1757/1 1749/1 1756/1
f 1758/1 1759/1 1750/1
f 1758/1 1750/1 1749/1
f 1750/1 1760/1 1613/1
f 1750/1 1613/1 1751/1
f 1761/1 1762/1 1763/1
f 1761/1 1763/1 1764/1
f 1765/1 1763/1 1762/1
f 1765/1 1762/1 1766/1
f 1762/1 1761/1 1767/1
f 1762/1 1767/1 1768/1
f 1765/1 1766/1 1769/1
f 1765/1 1769/1 1770/1
f 1765/1 1771/1 1772/1
f 1765/1 1772/1 1763/1
f 1765/1 1770/1 1773/1
f 1765/1 1773/1 1771/1
f 1555/1 1774/1 1561/1
f 1555/1 1561/1 1552/1
f 1561/1 1775/1 1776/1
f 1561/1 1776/1 1547/1
f 1777/1 1778/1 1779/1
f 1777/1 1779/1 1780/1
f 1781/1 1782/1 1777/1
f 1781/1 1777/1 1780/1
f 1777/1 1782/1 1783/1
f 1777/1 1783/1 1784/1
f 1778/1 1777/1 1784/1
f 1778/1 1784/1 1785/1
f 1779/1 1778/1 1786/1
f 1779/1 1786/1 1787/1
f 1779/1 1788/1 1789/1
f 1779/1 1789/1 1780/1
f 1779/1 1787/1 1790/1
f 1779/1 1790/1 1788/1
f 1785/1 1791/1 1786/1
f 1785/1 1786/1 1778/1
f 1785/1 1792/1 1793/1
f 1785/1 1793/1 1791/1
f 1794/1 1795/1 1786/1
f 1794/1 1786/1 1791/1
f 1786/1 1795/1 1796/1
f 1786/1 1796/1 1787/1
f 1793/1 1797/1 1798/1
f 1793/1 1798/1 1799/1
f 1800/1 1801/1 1798/1
f 1800/1 1798/1 1802/1
f 1793/1 1792/1 1803/1
f 1793/1 1803/1 1797/1
f 1794/1 1791/1 1793/1
f 1794/1 1793/1 1799/1
f 1804/1 1805/1 1797/1
f 1804/1 1797/1 1803/1
f 1802/1 1798/1 1797/1
f 1802/1 1797/1 1805/1
f 1799/1 1798/1 1801/1
f 1799/1 1801/1 1806/1
f 1801/1 1800/1 1807/1
f 1801/1 1807/1 1808/1
f 1799/1 1806/1 1809/1
f 1799/1 1809/1 1794/1
f 1695/1 1810/1 1811/1
f 1695/1 1811/1 1812/1
f 1810/1 1813/1 1814/1
f 1810/1 1814/1 1811/1
f 1694/1 1815/1 1810/1
f 1694/1 1810/1 1695/1
f 1814/1 1816/1 1817/1
f 1814/1 1817/1 1818/1
f 1814/1 1818/1 1819/1
f 1814/1 1819/1 1811/1
f 1816/1 1814/1 1813/1
f 1816/1 1813/1 1820/1
f 1815/1 1821/1 1813/1
f 1815/1 1813/1 1810/1
f 1822/1 1823/1 1824/1
f 1822/1 1824/1 1582/1
f 1825/1 1719/1 1824/1
f 1825/1 1824/1 1823/1
f 1577/1 1582/1 1824/1
f 1577/1 1824/1 1826/1
f 1827/1 1828/1 1823/1
f 1827/1 1823/1 1822/1
f 1827/1 1822/1 1829/1
f 1827/1 1829/1 1830/1
f 1827/1 148/1 146/1
f 1827/1 146/1 1828/1
f 1828/1 1831/1 1825/1
f 1828/1 1825/1 1823/1
f 1828/1 146/1 147/1
f 1828/1 147/1 1831/1
f 1831/1 147/1 327/1
f 1831/1 327/1 1832/1
f 1714/1 1825/1 1831/1
f 1714/1 1831/1 1832/1
f 1833/1 1834/1 1835/1
f 1833/1 1835/1 1836/1
f 1834/1 1837/1 1838/1
f 1834/1 1838/1 1835/1
f 77/1 74/1 1834/1
f 77/1 1834/1 1833/1
f 1631/1 1633/1 1615/1
f 1631/1 1615/1 1839/1
f 1703/1 1632/1 1631/1
f 1703/1 1631/1 1840/1
f 1840/1 1631/1 1839/1
f 1840/1 1839/1 1841/1
f 1839/1 1615/1 1614/1
f 1839/1 1614/1 1842/1
f 1840/1 1843/1 1704/1
f 1840/1 1704/1 1703/1
f 1841/1 1839/1 1842/1
f 1841/1 1842/1 1844/1
f 1843/1 1840/1 1841/1
f 1843/1 1841/1 1845/1
f 1633/1 1628/1 1624/1
f 1633/1 1624/1 1621/1
f 1604/1 1615/1 1633/1
f 1604/1 1633/1 1621/1
f 1846/1 1847/1 1718/1
f 1846/1 1718/1 1717/1
f 1557/1 1558/1 1846/1
f 1557/1 1846/1 1848/1
f 1558/1 1849/1 1847/1
f 1558/1 1847/1 1846/1
f 1826/1 1718/1 1847/1
f 1826/1 1847/1 1580/1
f 1850/1 1851/1 1852/1
f 1850/1 1852/1 1853/1
f 1852/1 1854/1 1855/1
f 1852/1 1855/1 1856/1
f 1853/1 1852/1 1856/1
f 1853/1 1856/1 1857/1
f 1853/1 1857/1 1858/1
f 1853/1 1858/1 1599/1
f 1859/1 1860/1 1775/1
f 1859/1 1775/1 1861/1
f 1862/1 1863/1 1859/1
f 1862/1 1859/1 1864/1
f 1863/1 1865/1 1860/1
f 1863/1 1860/1 1859/1
f 1783/1 1866/1 1860/1
f 1783/1 1860/1 1865/1
f 1866/1 1776/1 1775/1
f 1866/1 1775/1 1860/1
f 1775/1 1561/1 1774/1
f 1775/1 1774/1 1861/1
f 1867/1 1868/1 1869/1
f 1867/1 1869/1 1870/1
f 1869/1 1868/1 1726/1
f 1869/1 1726/1 1725/1
f 1869/1 1725/1 1871/1
f 1869/1 1871/1 1872/1
f 1867/1 1873/1 1874/1
f 1867/1 1874/1 1868/1
f 1868/1 1874/1 1729/1
f 1868/1 1729/1 1726/1
f 1875/1 1876/1 1877/1
f 1875/1 1877/1 1878/1
f 1875/1 1878/1 1879/1
f 1875/1 1879/1 1880/1
f 1875/1 1881/1 1882/1
f 1875/1 1882/1 1876/1
f 1883/1 1877/1 1876/1
f 1883/1 1876/1 1564/1
f 1879/1 1878/1 1884/1
f 1879/1 1884/1 1885/1
f 1886/1 1887/1 1879/1
f 1886/1 1879/1 1885/1
f 1888/1 1884/1 1878/1
f 1888/1 1878/1 1877/1
f 1889/1 1890/1 1884/1
f 1889/1 1884/1 1888/1
f 1782/1 1891/1 1866/1
f 1782/1 1866/1 1783/1
f 1782/1 1781/1 1892/1
f 1782/1 1892/1 1891/1
f 1891/1 1893/1 1776/1
f 1891/1 1776/1 1866/1
f 1781/1 1894/1 1895/1
f 1781/1 1895/1 1892/1
f 1789/1 1894/1 1781/1
f 1789/1 1781/1 1780/1
f 1896/1 1897/1 1894/1
f 1896/1 1894/1 1789/1
f 1898/1 1895/1 1894/1
f 1898/1 1894/1 1897/1
f 1895/1 1899/1 1900/1
f 1895/1 1900/1 1892/1
f 1895/1 1898/1 1901/1
f 1895/1 1901/1 1899/1
f 1902/1 1896/1 1789/1
f 1902/1 1789/1 1788/1
f 1902/1 1788/1 1790/1
f 1902/1 1790/1 1903/1
f 1766/1 1762/1 1768/1
f 1766/1 1768/1 1904/1
f 1905/1 1906/1 1769/1
f 1905/1 1769/1 1907/1
f 1904/1 1907/1 1769/1
f 1904/1 1769/1 1766/1
f 1644/1 1908/1 1909/1
f 1644/1 1909/1 1645/1
f 1909/1 1910/1 1911/1
f 1909/1 1911/1 1912/1
f 1644/1 1625/1 1622/1
f 1644/1 1622/1 1908/1
f 1908/1 1622/1 1623/1
f 1908/1 1623/1 1637/1
f 1908/1 1637/1 1910/1
f 1908/1 1910/1 1909/1
f 1912/1 1913/1 1645/1
f 1912/1 1645/1 1909/1
f 1643/1 1914/1 1627/1
f 1643/1 1627/1 1626/1
f 1915/1 1592/1 1595/1
f 1915/1 1595/1 1916/1
f 1917/1 1918/1 1540/1
f 1917/1 1540/1 1919/1
f 1535/1 1919/1 1540/1
f 1535/1 1540/1 187/1
f 1920/1 1921/1 1917/1
f 1920/1 1917/1 1922/1
f 1918/1 1917/1 1921/1
f 1918/1 1921/1 1923/1
f 185/1 1540/1 1918/1
f 185/1 1918/1 33/1
f 1922/1 1917/1 1919/1
f 1922/1 1919/1 1924/1
f 1536/1 1924/1 1919/1
f 1536/1 1919/1 1535/1
f 1925/1 1926/1 1927/1
f 1925/1 1927/1 1733/1
f 1927/1 1739/1 1734/1
f 1927/1 1734/1 1733/1
f 1928/1 1926/1 1925/1
f 1928/1 1925/1 1929/1
f 1925/1 1727/1 1730/1
f 1925/1 1730/1 1929/1
f 1930/1 1927/1 1926/1
f 1930/1 1926/1 1931/1
f 1932/1 1933/1 1934/1
f 1932/1 1934/1 1935/1
f 1936/1 1937/1 1933/1
f 1936/1 1933/1 1932/1
f 1933/1 1938/1 1939/1
f 1933/1 1939/1 1934/1
f 1934/1 1940/1 1941/1
f 1934/1 1941/1 1935/1
f 1942/1 619/1 1943/1
f 1942/1 1943/1 1944/1
f 1942/1 1945/1 237/1
f 1942/1 237/1 236/1
f 1945/1 1942/1 1944/1
f 1945/1 1944/1 1689/1
f 1946/1 1696/1 1944/1
f 1946/1 1944/1 1943/1
f 1688/1 1947/1 1945/1
f 1688/1 1945/1 1689/1
f 1946/1 1948/1 1697/1
f 1946/1 1697/1 1696/1
f 1949/1 1950/1 1946/1
f 1949/1 1946/1 1943/1
f 1948/1 1951/1 1698/1
f 1948/1 1698/1 1697/1
f 1948/1 1946/1 1950/1
f 1948/1 1950/1 1952/1
f 521/1 1514/1 1953/1
f 521/1 1953/1 108/1
f 1952/1 1953/1 1951/1
f 1952/1 1951/1 1948/1
f 1514/1 1522/1 1951/1
f 1514/1 1951/1 1953/1
f 1951/1 1522/1 1523/1
f 1951/1 1523/1 1698/1
f 108/1 1953/1 1952/1
f 108/1 1952/1 104/1
f 1698/1 1523/1 1699/1
f 1698/1 1699/1 1693/1
f 1714/1 1713/1 1719/1
f 1714/1 1719/1 1825/1
f 1826/1 1824/1 1719/1
f 1826/1 1719/1 1718/1
f 1635/1 1629/1 1634/1
f 1635/1 1634/1 1702/1
f 1703/1 1700/1 1634/1
f 1703/1 1634/1 1632/1
f 1954/1 1709/1 1955/1
f 1954/1 1955/1 1956/1
f 1709/1 1954/1 1635/1
f 1709/1 1635/1 1702/1
f 1957/1 1636/1 1635/1
f 1957/1 1635/1 1954/1
f 1958/1 1955/1 1709/1
f 1958/1 1709/1 1708/1
f 1959/1 1842/1 1614/1
f 1959/1 1614/1 1616/1
f 1807/1 1800/1 1960/1
f 1807/1 1960/1 1961/1
f 1800/1 1802/1 1962/1
f 1800/1 1962/1 1960/1
f 1963/1 1960/1 1962/1
f 1963/1 1962/1 1964/1
f 1805/1 1965/1 1962/1
f 1805/1 1962/1 1802/1
f 1963/1 1966/1 1967/1
f 1963/1 1967/1 1968/1
f 1969/1 1966/1 1963/1
f 1969/1 1963/1 1964/1
f 1961/1 1960/1 1963/1
f 1961/1 1963/1 1968/1
f 1970/1 1971/1 1756/1
f 1970/1 1756/1 1755/1
f 1970/1 1972/1 1973/1
f 1970/1 1973/1 1974/1
f 1971/1 1975/1 1976/1
f 1971/1 1976/1 1977/1
f 1971/1 1970/1 1974/1
f 1971/1 1974/1 1975/1
f 1756/1 1971/1 1977/1
f 1756/1 1977/1 1757/1
f 521/1 520/1 1651/1
f 521/1 1651/1 1513/1
f 1978/1 1979/1 1967/1
f 1978/1 1967/1 1966/1
f 1969/1 1980/1 1978/1
f 1969/1 1978/1 1966/1
f 1978/1 1981/1 1982/1
f 1978/1 1982/1 1979/1
f 1983/1 1981/1 1978/1
f 1983/1 1978/1 1980/1
f 1979/1 1982/1 1984/1
f 1979/1 1984/1 1985/1
f 1979/1 1985/1 1986/1
f 1979/1 1986/1 1967/1
f 1967/1 1986/1 1987/1
f 1967/1 1987/1 1968/1
f 1759/1 1988/1 1760/1
f 1759/1 1760/1 1750/1
f 1760/1 1616/1 1609/1
f 1760/1 1609/1 1613/1
f 1759/1 1758/1 1989/1
f 1759/1 1989/1 1990/1
f 1759/1 1990/1 1991/1
f 1759/1 1991/1 1988/1
f 1992/1 1959/1 1988/1
f 1992/1 1988/1 1991/1
f 1988/1 1959/1 1616/1
f 1988/1 1616/1 1760/1
f 1992/1 1993/1 1994/1
f 1992/1 1994/1 1844/1
f 1844/1 1842/1 1959/1
f 1844/1 1959/1 1992/1
f 1532/1 1915/1 1916/1
f 1532/1 1916/1 1533/1
f 1599/1 1858/1 1916/1
f 1599/1 1916/1 1595/1
f 1533/1 1995/1 1530/1
f 1533/1 1530/1 1527/1
f 1858/1 1995/1 1533/1
f 1858/1 1533/1 1916/1
f 1764/1 1763/1 1772/1
f 1764/1 1772/1 1996/1
f 1997/1 1998/1 1999/1
f 1997/1 1999/1 2000/1
f 1999/1 2001/1 2002/1
f 1999/1 2002/1 2003/1
f 1999/1 2003/1 2004/1
f 1999/1 2004/1 2000/1
f 1997/1 2000/1 2005/1
f 1997/1 2005/1 2006/1
f 1998/1 2007/1 2001/1
f 1998/1 2001/1 1999/1
f 1998/1 1905/1 2008/1
f 1998/1 2008/1 2007/1
f 1998/1 1997/1 1906/1
f 1998/1 1906/1 1905/1
f 1941/1 1940/1 2001/1
f 1941/1 2001/1 2007/1
f 1658/1 1941/1 2007/1
f 1658/1 2007/1 2008/1
f 1940/1 2009/1 2002/1
f 1940/1 2002/1 2001/1
f 1939/1 2009/1 1940/1
f 1939/1 1940/1 1934/1
f 1941/1 1658/1 1657/1
f 1941/1 1657/1 1935/1
f 1964/1 1962/1 1965/1
f 1964/1 1965/1 2010/1
f 1804/1 2011/1 1965/1
f 1804/1 1965/1 1805/1
f 1964/1 2010/1 2012/1
f 1964/1 2012/1 1969/1
f 1597/1 1596/1 2013/1
f 1597/1 2013/1 2014/1
f 1598/1 1594/1 1597/1
f 1598/1 1597/1 2015/1
f 2016/1 2017/1 1900/1
f 2016/1 1900/1 1899/1
f 2018/1 2019/1 2016/1
f 2018/1 2016/1 2020/1
f 2017/1 1546/1 1893/1
f 2017/1 1893/1 1900/1
f 2017/1 2016/1 2019/1
f 2017/1 2019/1 2021/1
f 2021/1 1545/1 1546/1
f 2021/1 1546/1 2017/1
f 1546/1 1547/1 1776/1
f 1546/1 1776/1 1893/1
f 1892/1 1900/1 1893/1
f 1892/1 1893/1 1891/1
f 2022/1 1548/1 2021/1
f 2022/1 2021/1 2019/1
f 1548/1 1542/1 1545/1
f 1548/1 1545/1 2021/1
f 2020/1 2016/1 1899/1
f 2020/1 1899/1 1901/1
f 1771/1 1773/1 2023/1
f 1771/1 2023/1 2024/1
f 2025/1 1772/1 1771/1
f 2025/1 1771/1 2024/1
f 2026/1 2023/1 1773/1
f 2026/1 1773/1 2027/1
f 2028/1 2029/1 1955/1
f 2028/1 1955/1 1958/1
f 2030/1 1956/1 2031/1
f 2030/1 2031/1 2032/1
f 2033/1 2032/1 2031/1
f 2033/1 2031/1 2034/1
f 1910/1 1957/1 2030/1
f 1910/1 2030/1 1911/1
f 1956/1 1955/1 2029/1
f 1956/1 2029/1 2031/1
f 1957/1 1954/1 1956/1
f 1957/1 1956/1 2030/1
f 2035/1 2036/1 2032/1
f 2035/1 2032/1 2033/1
f 1911/1 2030/1 2032/1
f 1911/1 2032/1 2036/1
f 2034/1 2031/1 2029/1
f 2034/1 2029/1 2037/1
f 2038/1 2039/1 2040/1
f 2038/1 2040/1 2041/1
f 2040/1 2042/1 2043/1
f 2040/1 2043/1 2041/1
f 2039/1 2044/1 2045/1
f 2039/1 2045/1 2040/1
f 1976/1 1559/1 2046/1
f 1976/1 2046/1 2047/1
f 1560/1 1559/1 1976/1
f 1560/1 1976/1 1975/1
f 1976/1 2047/1 2048/1
f 1976/1 2048/1 1977/1
f 1559/1 1557/1 1848/1
f 1559/1 1848/1 2046/1
f 2046/1 1848/1 1716/1
f 2046/1 1716/1 1591/1
f 2046/1 1591/1 1587/1
f 2046/1 1587/1 2047/1
f 1717/1 1716/1 1848/1
f 1717/1 1848/1 1846/1
f 1818/1 1817/1 2049/1
f 1818/1 2049/1 2050/1
f 2049/1 2034/1 2037/1
f 2049/1 2037/1 2050/1
f 2033/1 2034/1 2049/1
f 2033/1 2049/1 2051/1
f 2049/1 1817/1 2052/1
f 2049/1 2052/1 2051/1
f 1642/1 1732/1 1914/1
f 1642/1 1914/1 1643/1
f 2053/1 1723/1 1642/1
f 2053/1 1642/1 1638/1
f 2054/1 2055/1 2056/1
f 2054/1 2056/1 2057/1
f 2058/1 2055/1 2054/1
f 2058/1 2054/1 2059/1
f 2060/1 2059/1 2054/1
f 2060/1 2054/1 2061/1
f 1795/1 2056/1 2055/1
f 1795/1 2055/1 1796/1
f 2062/1 2057/1 2056/1
f 2062/1 2056/1 1809/1
f 1794/1 1809/1 2056/1
f 1794/1 2056/1 1795/1
f 1582/1 1583/1 1829/1
f 1582/1 1829/1 1822/1
f 2063/1 2064/1 2065/1
f 2063/1 2065/1 2066/1
f 2063/1 2067/1 2068/1
f 2063/1 2068/1 2069/1
f 2064/1 2063/1 2069/1
f 2064/1 2069/1 2070/1
f 2071/1 2066/1 2065/1
f 2071/1 2065/1 2072/1
f 1523/1 1521/1 1525/1
f 1523/1 1525/1 1699/1
f 2073/1 1581/1 1579/1
f 2073/1 1579/1 2074/1
f 1923/1 34/1 33/1
f 1923/1 33/1 1918/1
f 1923/1 1921/1 1712/1
f 1923/1 1712/1 384/1
f 384/1 383/1 34/1
f 384/1 34/1 1923/1
f 1845/1 1841/1 1844/1
f 1845/1 1844/1 1994/1
f 1845/1 2075/1 2076/1
f 1845/1 2076/1 1843/1
f 1845/1 1994/1 2077/1
f 1845/1 2077/1 2075/1
f 2078/1 2079/1 2080/1
f 2078/1 2080/1 2081/1
f 2082/1 2080/1 2079/1
f 2082/1 2079/1 2083/1
f 2084/1 2083/1 2079/1
f 2084/1 2079/1 2085/1
f 2086/1 2085/1 2079/1
f 2086/1 2079/1 2078/1
f 2087/1 2080/1 2082/1
f 2087/1 2082/1 1870/1
f 2088/1 2071/1 2072/1
f 2088/1 2072/1 2089/1
f 2090/1 2071/1 2088/1
f 2090/1 2088/1 2091/1
f 2067/1 2063/1 2066/1
f 2067/1 2066/1 2092/1
f 2090/1 2092/1 2066/1
f 2090/1 2066/1 2071/1
f 2093/1 2094/1 2095/1
f 2093/1 2095/1 2096/1
f 2097/1 2094/1 2093/1
f 2097/1 2093/1 2098/1
f 2099/1 2100/1 2094/1
f 2099/1 2094/1 2097/1
f 2101/1 2095/1 2094/1
f 2101/1 2094/1 2100/1
f 2102/1 2103/1 2095/1
f 2102/1 2095/1 2101/1
f 2104/1 2105/1 2106/1
f 2104/1 2106/1 2107/1
f 2106/1 2108/1 2109/1
f 2106/1 2109/1 2110/1
f 2111/1 2112/1 2104/1
f 2111/1 2104/1 2113/1
f 2105/1 2104/1 2112/1
f 2105/1 2112/1 2114/1
f 2105/1 2115/1 2108/1
f 2105/1 2108/1 2106/1
f 2107/1 2106/1 2110/1
f 2107/1 2110/1 2116/1
f 2113/1 2104/1 2107/1
f 2113/1 2107/1 2117/1
f 2118/1 2119/1 2120/1
f 2118/1 2120/1 2121/1
f 2118/1 2122/1 2123/1
f 2118/1 2123/1 2124/1
f 2124/1 2125/1 2119/1
f 2124/1 2119/1 2118/1
f 2126/1 2124/1 2123/1
f 2126/1 2123/1 2127/1
f 2128/1 2125/1 2124/1
f 2128/1 2124/1 2126/1
f 2129/1 2130/1 2131/1
f 2129/1 2131/1 2132/1
f 782/1 2133/1 2130/1
f 782/1 2130/1 783/1
f 784/1 783/1 2130/1
f 784/1 2130/1 2129/1
f 2133/1 2134/1 2131/1
f 2133/1 2131/1 2130/1
f 2135/1 2136/1 2137/1
f 2135/1 2137/1 2138/1
f 2139/1 2135/1 2138/1
f 2139/1 2138/1 2140/1
f 2138/1 2137/1 2141/1
f 2138/1 2141/1 2142/1
f 2139/1 2143/1 2144/1
f 2139/1 2144/1 2135/1
f 2145/1 2146/1 2147/1
f 2145/1 2147/1 2148/1
f 2147/1 2146/1 2149/1
f 2147/1 2149/1 2150/1
f 2147/1 2150/1 2151/1
f 2147/1 2151/1 2152/1
f 2153/1 2148/1 2147/1
f 2153/1 2147/1 2152/1
f 2154/1 2155/1 2156/1
f 2154/1 2156/1 2157/1
f 2158/1 2159/1 2154/1
f 2158/1 2154/1 2160/1
f 2154/1 2159/1 2161/1
f 2154/1 2161/1 2155/1
f 2146/1 2145/1 2157/1
f 2146/1 2157/1 2162/1
f 2163/1 2164/1 2165/1
f 2163/1 2165/1 2166/1
f 2167/1 2168/1 2163/1
f 2167/1 2163/1 2169/1
f 2168/1 2170/1 2164/1
f 2168/1 2164/1 2163/1
f 2165/1 2171/1 2172/1
f 2165/1 2172/1 2166/1
f 1445/1 1444/1 1156/1
f 1445/1 1156/1 2173/1
f 2174/1 2175/1 1445/1
f 2174/1 1445/1 2173/1
f 1445/1 2175/1 1447/1
f 1445/1 1447/1 1442/1
f 1157/1 1156/1 1444/1
f 1157/1 1444/1 1450/1
f 2176/1 2177/1 2178/1
f 2176/1 2178/1 2179/1
f 2180/1 2176/1 2181/1
f 2180/1 2181/1 2182/1
f 2179/1 2183/1 2181/1
f 2179/1 2181/1 2176/1
f 2180/1 2184/1 2177/1
f 2180/1 2177/1 2176/1
f 2180/1 2182/1 2185/1
f 2180/1 2185/1 2186/1
f 2187/1 2188/1 2189/1
f 2187/1 2189/1 2190/1
f 775/1 2189/1 2188/1
f 775/1 2188/1 1332/1
f 2188/1 2191/1 1328/1
f 2188/1 1328/1 1332/1
f 2192/1 2191/1 2188/1
f 2192/1 2188/1 2187/1
f 2189/1 775/1 774/1
f 2189/1 774/1 2193/1
f 2194/1 2195/1 774/1
f 2194/1 774/1 773/1
f 2196/1 2197/1 2198/1
f 2196/1 2198/1 2199/1
f 2196/1 2097/1 2098/1
f 2196/1 2098/1 2197/1
f 2200/1 2198/1 2197/1
f 2200/1 2197/1 2201/1
f 2197/1 2098/1 2202/1
f 2197/1 2202/1 2201/1
f 2203/1 2204/1 2099/1
f 2203/1 2099/1 2205/1
f 2206/1 2207/1 2203/1
f 2206/1 2203/1 2205/1
f 2208/1 2209/1 2204/1
f 2208/1 2204/1 2203/1
f 2100/1 2099/1 2204/1
f 2100/1 2204/1 2210/1
f 2141/1 2211/1 2212/1
f 2141/1 2212/1 2142/1
f 2212/1 2211/1 2213/1
f 2212/1 2213/1 2214/1
f 2215/1 2142/1 2212/1
f 2215/1 2212/1 2216/1
f 2141/1 2217/1 2161/1
f 2141/1 2161/1 2211/1
f 1984/1 2218/1 2219/1
f 1984/1 2219/1 1985/1
f 2185/1 2182/1 1984/1
f 2185/1 1984/1 1982/1
f 2220/1 2219/1 2218/1
f 2220/1 2218/1 2221/1
f 2218/1 2181/1 2183/1
f 2218/1 2183/1 2221/1
f 2218/1 1984/1 2182/1
f 2218/1 2182/1 2181/1
f 2219/1 2220/1 2222/1
f 2219/1 2222/1 2223/1
f 2224/1 2225/1 2226/1
f 2224/1 2226/1 2227/1
f 2224/1 2227/1 2228/1
f 2224/1 2228/1 2229/1
f 2230/1 2225/1 2224/1
f 2230/1 2224/1 2231/1
f 2224/1 2229/1 2232/1
f 2224/1 2232/1 2231/1
f 2225/1 2233/1 2234/1
f 2225/1 2234/1 2226/1
f 2235/1 2236/1 2237/1
f 2235/1 2237/1 2238/1
f 2237/1 2239/1 2240/1
f 2237/1 2240/1 2238/1
f 2241/1 2242/1 2235/1
f 2241/1 2235/1 2243/1
f 2236/1 2244/1 2245/1
f 2236/1 2245/1 2237/1
f 2242/1 2246/1 2236/1
f 2242/1 2236/1 2235/1
f 2236/1 2246/1 2247/1
f 2236/1 2247/1 2244/1
f 2245/1 2248/1 2249/1
f 2245/1 2249/1 2250/1
f 2245/1 2250/1 2239/1
f 2245/1 2239/1 2237/1
f 2244/1 2251/1 2248/1
f 2244/1 2248/1 2245/1
f 2244/1 2247/1 2252/1
f 2244/1 2252/1 2251/1
f 2253/1 2254/1 2255/1
f 2253/1 2255/1 2256/1
f 2257/1 2256/1 2255/1
f 2257/1 2255/1 2258/1
f 2254/1 2259/1 2260/1
f 2254/1 2260/1 2255/1
f 2254/1 2253/1 2261/1
f 2254/1 2261/1 2262/1
f 2260/1 2263/1 2258/1
f 2260/1 2258/1 2255/1
f 2264/1 2265/1 2260/1
f 2264/1 2260/1 2259/1
f 2259/1 2254/1 2262/1
f 2259/1 2262/1 2207/1
f 2266/1 2198/1 2200/1
f 2266/1 2200/1 2267/1
f 2199/1 2198/1 2266/1
f 2199/1 2266/1 2268/1
f 2269/1 2270/1 2266/1
f 2269/1 2266/1 2267/1
f 2200/1 2271/1 2272/1
f 2200/1 2272/1 2267/1
f 2250/1 2273/1 2274/1
f 2250/1 2274/1 2239/1
f 2249/1 2275/1 2273/1
f 2249/1 2273/1 2250/1
f 2273/1 2276/1 2277/1
f 2273/1 2277/1 2274/1
f 2274/1 2277/1 2278/1
f 2274/1 2278/1 2279/1
f 804/1 2280/1 2281/1
f 804/1 2281/1 805/1
f 2282/1 2283/1 804/1
f 2282/1 804/1 757/1
f 2282/1 757/1 760/1
f 2284/1 2281/1 2280/1
f 2284/1 2280/1 2285/1
f 2280/1 804/1 2283/1
f 2280/1 2283/1 2286/1
f 2281/1 2287/1 2288/1
f 2281/1 2288/1 805/1
f 2281/1 2284/1 2289/1
f 2281/1 2289/1 2287/1
f 2284/1 2290/1 2291/1
f 2284/1 2291/1 2289/1
f 2292/1 2293/1 2290/1
f 2292/1 2290/1 2294/1
f 2290/1 2293/1 2295/1
f 2290/1 2295/1 2291/1
f 2285/1 2294/1 2290/1
f 2285/1 2290/1 2284/1
f 2291/1 2296/1 2297/1
f 2291/1 2297/1 2289/1
f 2248/1 2298/1 2299/1
f 2248/1 2299/1 2249/1
f 2300/1 2234/1 2301/1
f 2300/1 2301/1 2302/1
f 2300/1 2303/1 1294/1
f 2300/1 1294/1 2304/1
f 2234/1 2300/1 2304/1
f 2234/1 2304/1 2226/1
f 2301/1 2234/1 2233/1
f 2301/1 2233/1 2305/1
f 2301/1 2306/1 2307/1
f 2301/1 2307/1 2302/1
f 2308/1 2305/1 2233/1
f 2308/1 2233/1 2309/1
f 2230/1 2309/1 2233/1
f 2230/1 2233/1 2225/1
f 2310/1 2311/1 2312/1
f 2310/1 2312/1 2313/1
f 2241/1 2313/1 2312/1
f 2241/1 2312/1 2242/1
f 2246/1 2242/1 2312/1
f 2246/1 2312/1 2314/1
f 2315/1 2271/1 2310/1
f 2315/1 2310/1 2313/1
f 2311/1 2316/1 2314/1
f 2311/1 2314/1 2312/1
f 2201/1 2202/1 2311/1
f 2201/1 2311/1 2310/1
f 2314/1 2317/1 2247/1
f 2314/1 2247/1 2246/1
f 2314/1 2316/1 2318/1
f 2314/1 2318/1 2317/1
f 2202/1 2319/1 2316/1
f 2202/1 2316/1 2311/1
f 2316/1 2319/1 2320/1
f 2316/1 2320/1 2318/1
f 1404/1 2321/1 2322/1
f 1404/1 2322/1 1405/1
f 1292/1 1280/1 2321/1
f 1292/1 2321/1 2323/1
f 2324/1 2323/1 2321/1
f 2324/1 2321/1 1404/1
f 2322/1 2321/1 1280/1
f 2322/1 1280/1 1279/1
f 2325/1 2326/1 1406/1
f 2325/1 1406/1 1407/1
f 2327/1 2328/1 2329/1
f 2327/1 2329/1 2330/1
f 2331/1 2332/1 2329/1
f 2331/1 2329/1 2333/1
f 2327/1 2334/1 2335/1
f 2327/1 2335/1 2336/1
f 2296/1 2337/1 2328/1
f 2296/1 2328/1 2338/1
f 2336/1 2338/1 2328/1
f 2336/1 2328/1 2327/1
f 2333/1 2329/1 2328/1
f 2333/1 2328/1 2337/1
f 2137/1 2339/1 2217/1
f 2137/1 2217/1 2141/1
f 2137/1 2136/1 2340/1
f 2137/1 2340/1 2339/1
f 2293/1 2292/1 2341/1
f 2293/1 2341/1 2342/1
f 2341/1 2343/1 2344/1
f 2341/1 2344/1 2345/1
f 2343/1 2341/1 2292/1
f 2343/1 2292/1 2346/1
f 2295/1 2293/1 2342/1
f 2295/1 2342/1 2347/1
f 2345/1 2348/1 2342/1
f 2345/1 2342/1 2341/1
f 2295/1 2337/1 2296/1
f 2295/1 2296/1 2291/1
f 2337/1 2295/1 2347/1
f 2337/1 2347/1 2333/1
f 2347/1 2342/1 2348/1
f 2347/1 2348/1 2349/1
f 2350/1 2351/1 2352/1
f 2350/1 2352/1 2353/1
f 2351/1 2354/1 2355/1
f 2351/1 2355/1 2352/1
f 2351/1 2350/1 2356/1
f 2351/1 2356/1 2357/1
f 2352/1 2355/1 2358/1
f 2352/1 2358/1 2359/1
f 2360/1 2353/1 2361/1
f 2360/1 2361/1 2362/1
f 2360/1 2363/1 2210/1
f 2360/1 2210/1 2364/1
f 2364/1 2350/1 2353/1
f 2364/1 2353/1 2360/1
f 2353/1 2352/1 2359/1
f 2353/1 2359/1 2361/1
f 2361/1 2359/1 2365/1
f 2361/1 2365/1 2366/1
f 2356/1 2350/1 2364/1
f 2356/1 2364/1 2209/1
f 2357/1 2367/1 2354/1
f 2357/1 2354/1 2351/1
f 2368/1 2167/1 2355/1
f 2368/1 2355/1 2354/1
f 2355/1 2167/1 2169/1
f 2355/1 2169/1 2358/1
f 2362/1 2361/1 2366/1
f 2362/1 2366/1 2369/1
f 2370/1 2371/1 2362/1
f 2370/1 2362/1 2369/1
f 2363/1 2360/1 2362/1
f 2363/1 2362/1 2371/1
f 2366/1 2372/1 2373/1
f 2366/1 2373/1 2369/1
f 1390/1 2374/1 2375/1
f 1390/1 2375/1 1391/1
f 1386/1 2376/1 1390/1
f 1386/1 1390/1 1379/1
f 2376/1 2377/1 2374/1
f 2376/1 2374/1 1390/1
f 2374/1 2378/1 2379/1
f 2374/1 2379/1 2375/1
f 2380/1 2378/1 2374/1
f 2380/1 2374/1 2377/1
f 2098/1 2093/1 2319/1
f 2098/1 2319/1 2202/1
f 2319/1 2093/1 2096/1
f 2319/1 2096/1 2320/1
f 2381/1 2382/1 2383/1
f 2381/1 2383/1 2384/1
f 2385/1 2386/1 2381/1
f 2385/1 2381/1 2387/1
f 2388/1 2382/1 2381/1
f 2388/1 2381/1 2386/1
f 2382/1 2389/1 2390/1
f 2382/1 2390/1 2383/1
f 2391/1 2389/1 2382/1
f 2391/1 2382/1 2388/1
f 2383/1 2390/1 2392/1
f 2383/1 2392/1 2393/1
f 2390/1 2394/1 2395/1
f 2390/1 2395/1 2392/1
f 2396/1 2394/1 2390/1
f 2396/1 2390/1 2389/1
f 2397/1 2398/1 2399/1
f 2397/1 2399/1 2400/1
f 2397/1 2401/1 2402/1
f 2397/1 2402/1 2403/1
f 2404/1 2399/1 2398/1
f 2404/1 2398/1 2405/1
f 2398/1 2397/1 2403/1
f 2398/1 2403/1 2406/1
f 2407/1 2405/1 2398/1
f 2407/1 2398/1 2406/1
f 2408/1 2409/1 2399/1
f 2408/1 2399/1 2404/1
f 2410/1 2411/1 2412/1
f 2410/1 2412/1 2413/1
f 2414/1 2415/1 2410/1
f 2414/1 2410/1 2416/1
f 2417/1 2416/1 2410/1
f 2417/1 2410/1 2413/1
f 2415/1 2418/1 2411/1
f 2415/1 2411/1 2410/1
f 2411/1 2418/1 2419/1
f 2411/1 2419/1 2420/1
f 2412/1 2421/1 2422/1
f 2412/1 2422/1 2423/1
f 2424/1 2413/1 2412/1
f 2424/1 2412/1 2423/1
f 2412/1 2411/1 2420/1
f 2412/1 2420/1 2421/1
f 2388/1 2425/1 2426/1
f 2388/1 2426/1 2391/1
f 2391/1 2426/1 2427/1
f 2391/1 2427/1 2428/1
f 2427/1 2426/1 2429/1
f 2427/1 2429/1 2430/1
f 2391/1 2428/1 2396/1
f 2391/1 2396/1 2389/1
f 2428/1 2427/1 2431/1
f 2428/1 2431/1 2414/1
f 2431/1 2427/1 2430/1
f 2431/1 2430/1 2432/1
f 2431/1 2432/1 2433/1
f 2431/1 2433/1 2434/1
f 2428/1 2414/1 2416/1
f 2428/1 2416/1 2396/1
f 2084/1 2085/1 2435/1
f 2084/1 2435/1 2436/1
f 2299/1 2437/1 2084/1
f 2299/1 2084/1 2436/1
f 2085/1 2086/1 2438/1
f 2085/1 2438/1 2435/1
f 2439/1 2440/1 2435/1
f 2439/1 2435/1 2438/1
f 2441/1 2111/1 2113/1
f 2441/1 2113/1 2442/1
f 2358/1 2169/1 2443/1
f 2358/1 2443/1 2444/1
f 2367/1 2445/1 2368/1
f 2367/1 2368/1 2354/1
f 2367/1 2357/1 2446/1
f 2367/1 2446/1 2447/1
f 2445/1 2448/1 2449/1
f 2445/1 2449/1 2368/1
f 2445/1 2367/1 2447/1
f 2445/1 2447/1 2450/1
f 2451/1 2452/1 2228/1
f 2451/1 2228/1 2453/1
f 2228/1 2227/1 2454/1
f 2228/1 2454/1 2453/1
f 2455/1 2456/1 2452/1
f 2455/1 2452/1 2451/1
f 2429/1 2457/1 2452/1
f 2429/1 2452/1 2456/1
f 2229/1 2228/1 2452/1
f 2229/1 2452/1 2457/1
f 2155/1 2161/1 2217/1
f 2155/1 2217/1 2458/1
f 2156/1 2155/1 2458/1
f 2156/1 2458/1 2459/1
f 2458/1 2217/1 2339/1
f 2458/1 2339/1 2460/1
f 2461/1 2460/1 2462/1
f 2461/1 2462/1 2463/1
f 2460/1 2461/1 2459/1
f 2460/1 2459/1 2458/1
f 2340/1 2462/1 2460/1
f 2340/1 2460/1 2339/1
f 2173/1 1156/1 1155/1
f 2173/1 1155/1 2464/1
f 2465/1 2464/1 1155/1
f 2465/1 1155/1 2466/1
f 2467/1 2466/1 1155/1
f 2467/1 1155/1 1154/1
f 2468/1 2469/1 2270/1
f 2468/1 2270/1 2269/1
f 2270/1 2470/1 2268/1
f 2270/1 2268/1 2266/1
f 2349/1 2348/1 2468/1
f 2349/1 2468/1 2471/1
f 2472/1 2471/1 2468/1
f 2472/1 2468/1 2269/1
f 2469/1 2473/1 2470/1
f 2469/1 2470/1 2270/1
f 2348/1 2345/1 2469/1
f 2348/1 2469/1 2468/1
f 2469/1 2345/1 2344/1
f 2469/1 2344/1 2473/1
f 2265/1 2470/1 2473/1
f 2265/1 2473/1 2474/1
f 2415/1 2434/1 2408/1
f 2415/1 2408/1 2418/1
f 2433/1 2409/1 2408/1
f 2433/1 2408/1 2434/1
f 2418/1 2408/1 2404/1
f 2418/1 2404/1 2419/1
f 2205/1 2196/1 2199/1
f 2205/1 2199/1 2206/1
f 2475/1 2476/1 2477/1
f 2475/1 2477/1 2478/1
f 2479/1 2475/1 2480/1
f 2479/1 2480/1 2481/1
f 2480/1 2482/1 2278/1
f 2480/1 2278/1 2277/1
f 2276/1 2481/1 2480/1
f 2276/1 2480/1 2277/1
f 2480/1 2475/1 2478/1
f 2480/1 2478/1 2482/1
f 2479/1 2483/1 2484/1
f 2479/1 2484/1 2485/1
f 2476/1 2475/1 2479/1
f 2476/1 2479/1 2485/1
f 2486/1 2487/1 2482/1
f 2486/1 2482/1 2478/1
f 2488/1 2489/1 2486/1
f 2488/1 2486/1 2490/1
f 2487/1 2486/1 2489/1
f 2487/1 2489/1 2491/1
f 2487/1 2491/1 2492/1
f 2487/1 2492/1 2493/1
f 2482/1 2487/1 2493/1
f 2482/1 2493/1 2278/1
f 2494/1 2495/1 2496/1
f 2494/1 2496/1 2497/1
f 2494/1 2498/1 2499/1
f 2494/1 2499/1 2500/1
f 2500/1 2501/1 2495/1
f 2500/1 2495/1 2494/1
f 2495/1 2501/1 2144/1
f 2495/1 2144/1 2143/1
f 2496/1 2495/1 2143/1
f 2496/1 2143/1 2502/1
f 2496/1 2503/1 2384/1
f 2496/1 2384/1 2497/1
f 2503/1 2496/1 2502/1
f 2503/1 2502/1 2504/1
f 2357/1 2356/1 2505/1
f 2357/1 2505/1 2446/1
f 1292/1 2323/1 2506/1
f 1292/1 2506/1 1293/1
f 2323/1 2324/1 2507/1
f 2323/1 2507/1 2506/1
f 2304/1 1294/1 1293/1
f 2304/1 1293/1 2454/1
f 2453/1 2454/1 1293/1
f 2453/1 1293/1 2506/1
f 1402/1 2508/1 2324/1
f 1402/1 2324/1 1404/1
f 2206/1 2199/1 2268/1
f 2206/1 2268/1 2264/1
f 2268/1 2470/1 2265/1
f 2268/1 2265/1 2264/1
f 2201/1 2310/1 2271/1
f 2201/1 2271/1 2200/1
f 2167/1 2368/1 2449/1
f 2167/1 2449/1 2168/1
f 2449/1 2509/1 2170/1
f 2449/1 2170/1 2168/1
f 2509/1 2449/1 2448/1
f 2509/1 2448/1 2510/1
f 2448/1 2445/1 2450/1
f 2448/1 2450/1 2511/1
f 2402/1 2401/1 2175/1
f 2402/1 2175/1 2174/1
f 2402/1 2174/1 2512/1
f 2402/1 2512/1 2513/1
f 2401/1 2397/1 2400/1
f 2401/1 2400/1 2514/1
f 1447/1 2175/1 2401/1
f 1447/1 2401/1 2514/1
f 2286/1 2283/1 1329/1
f 2286/1 1329/1 2515/1
f 2515/1 1329/1 1328/1
f 2515/1 1328/1 2191/1
f 2516/1 2517/1 2466/1
f 2516/1 2466/1 2467/1
f 2465/1 2466/1 2517/1
f 2465/1 2517/1 2518/1
f 2519/1 2518/1 2517/1
f 2519/1 2517/1 767/1
f 2520/1 2521/1 2465/1
f 2520/1 2465/1 2518/1
f 2522/1 2523/1 2220/1
f 2522/1 2220/1 2221/1
f 2220/1 2523/1 2524/1
f 2220/1 2524/1 2222/1
f 2286/1 2525/1 2285/1
f 2286/1 2285/1 2280/1
f 2294/1 2285/1 2525/1
f 2294/1 2525/1 2526/1
f 2527/1 2526/1 2525/1
f 2527/1 2525/1 2528/1
f 2525/1 2286/1 2515/1
f 2525/1 2515/1 2528/1
f 2294/1 2526/1 2346/1
f 2294/1 2346/1 2292/1
f 2529/1 2530/1 2531/1
f 2529/1 2531/1 2532/1
f 2529/1 2532/1 2533/1
f 2529/1 2533/1 2534/1
f 2535/1 2536/1 2529/1
f 2535/1 2529/1 2534/1
f 2536/1 2537/1 2530/1
f 2536/1 2530/1 2529/1
f 2530/1 2538/1 2243/1
f 2530/1 2243/1 2531/1
f 2539/1 2540/1 2541/1
f 2539/1 2541/1 2542/1
f 2395/1 2539/1 2542/1
f 2395/1 2542/1 2392/1
f 2542/1 2498/1 2393/1
f 2542/1 2393/1 2392/1
f 2395/1 2543/1 2488/1
f 2395/1 2488/1 2539/1
f 2359/1 2358/1 2444/1
f 2359/1 2444/1 2365/1
f 2444/1 2544/1 2545/1
f 2444/1 2545/1 2365/1
f 2546/1 2547/1 2111/1
f 2546/1 2111/1 2441/1
f 2112/1 2111/1 2547/1
f 2112/1 2547/1 2548/1
f 2442/1 2113/1 2117/1
f 2442/1 2117/1 2549/1
f 2117/1 2107/1 2116/1
f 2117/1 2116/1 2550/1
f 2447/1 2441/1 2442/1
f 2447/1 2442/1 2450/1
f 2551/1 2121/1 2552/1
f 2551/1 2552/1 2553/1
f 2122/1 2118/1 2121/1
f 2122/1 2121/1 2551/1
f 2121/1 2120/1 2554/1
f 2121/1 2554/1 2552/1
f 2552/1 2555/1 2556/1
f 2552/1 2556/1 2553/1
f 2303/1 2557/1 985/1
f 2303/1 985/1 1290/1
f 985/1 2557/1 2558/1
f 985/1 2558/1 983/1
f 983/1 2558/1 1388/1
f 983/1 1388/1 1389/1
f 983/1 1389/1 981/1
f 2559/1 2560/1 2561/1
f 2559/1 2561/1 2562/1
f 2563/1 2559/1 2562/1
f 2563/1 2562/1 2158/1
f 2160/1 2564/1 2563/1
f 2160/1 2563/1 2158/1
f 2320/1 2523/1 2522/1
f 2320/1 2522/1 2318/1
f 2278/1 2493/1 2533/1
f 2278/1 2533/1 2279/1
f 2534/1 2533/1 2493/1
f 2534/1 2493/1 2492/1
f 2332/1 2331/1 2565/1
f 2332/1 2565/1 2566/1
f 2565/1 2471/1 2472/1
f 2565/1 2472/1 2567/1
f 2566/1 2565/1 2567/1
f 2566/1 2567/1 2568/1
f 2272/1 2569/1 2567/1
f 2272/1 2567/1 2472/1
f 2570/1 2332/1 2566/1
f 2570/1 2566/1 2571/1
f 2207/1 2262/1 2208/1
f 2207/1 2208/1 2203/1
f 2505/1 2356/1 2209/1
f 2505/1 2209/1 2208/1
f 2210/1 2204/1 2209/1
f 2210/1 2209/1 2364/1
f 2546/1 2446/1 2505/1
f 2546/1 2505/1 2261/1
f 2262/1 2261/1 2505/1
f 2262/1 2505/1 2208/1
f 2572/1 2336/1 2335/1
f 2572/1 2335/1 2513/1
f 2572/1 2521/1 2520/1
f 2572/1 2520/1 2573/1
f 2573/1 2338/1 2336/1
f 2573/1 2336/1 2572/1
f 2573/1 2520/1 2574/1
f 2573/1 2574/1 2297/1
f 2297/1 2296/1 2338/1
f 2297/1 2338/1 2573/1
f 2334/1 2406/1 2403/1
f 2334/1 2403/1 2335/1
f 2330/1 2575/1 2334/1
f 2330/1 2334/1 2327/1
f 2576/1 2577/1 2578/1
f 2576/1 2578/1 2579/1
f 2578/1 2580/1 2581/1
f 2578/1 2581/1 2582/1
f 2576/1 2583/1 2584/1
f 2576/1 2584/1 2585/1
f 2577/1 2586/1 2527/1
f 2577/1 2527/1 2587/1
f 2577/1 2576/1 2585/1
f 2577/1 2585/1 2586/1
f 2580/1 2578/1 2577/1
f 2580/1 2577/1 2587/1
f 2149/1 2146/1 2162/1
f 2149/1 2162/1 2588/1
f 2589/1 2214/1 2561/1
f 2589/1 2561/1 2590/1
f 2591/1 2589/1 2590/1
f 2591/1 2590/1 2592/1
f 2593/1 2594/1 2591/1
f 2593/1 2591/1 2592/1
f 2591/1 2595/1 2216/1
f 2591/1 2216/1 2589/1
f 2596/1 2595/1 2591/1
f 2596/1 2591/1 2594/1
f 2261/1 2253/1 2547/1
f 2261/1 2547/1 2546/1
f 2256/1 2548/1 2547/1
f 2256/1 2547/1 2253/1
f 2308/1 2309/1 2597/1
f 2308/1 2597/1 2598/1
f 2599/1 2600/1 2308/1
f 2599/1 2308/1 2598/1
f 2601/1 2305/1 2308/1
f 2601/1 2308/1 2600/1
f 2602/1 2603/1 2597/1
f 2602/1 2597/1 2604/1
f 2230/1 2604/1 2597/1
f 2230/1 2597/1 2309/1
f 2597/1 2603/1 2605/1
f 2597/1 2605/1 2598/1
f 2602/1 2504/1 2606/1
f 2602/1 2606/1 2603/1
f 2432/1 2430/1 2607/1
f 2432/1 2607/1 2608/1
f 2607/1 2456/1 2455/1
f 2607/1 2455/1 2609/1
f 2610/1 2608/1 2607/1
f 2610/1 2607/1 2609/1
f 2432/1 2608/1 2611/1
f 2432/1 2611/1 2433/1
f 2456/1 2607/1 2430/1
f 2456/1 2430/1 2429/1
f 2612/1 2613/1 2370/1
f 2612/1 2370/1 2614/1
f 2371/1 2370/1 2613/1
f 2371/1 2613/1 2102/1
f 2371/1 2102/1 2101/1
f 2371/1 2101/1 2363/1
f 2455/1 2615/1 2616/1
f 2455/1 2616/1 2609/1
f 2455/1 2451/1 2507/1
f 2455/1 2507/1 2615/1
f 2446/1 2546/1 2441/1
f 2446/1 2441/1 2447/1
f 2299/1 2436/1 2275/1
f 2299/1 2275/1 2249/1
f 2177/1 2617/1 2298/1
f 2177/1 2298/1 2178/1
f 2251/1 2178/1 2298/1
f 2251/1 2298/1 2248/1
f 2298/1 2617/1 2437/1
f 2298/1 2437/1 2299/1
f 2062/1 2618/1 2619/1
f 2062/1 2619/1 2057/1
f 2062/1 1809/1 1806/1
f 2062/1 1806/1 2620/1
f 2620/1 2621/1 2618/1
f 2620/1 2618/1 2062/1
f 2544/1 2619/1 2618/1
f 2544/1 2618/1 2545/1
f 2622/1 2061/1 2619/1
f 2622/1 2619/1 2544/1
f 2423/1 2491/1 2489/1
f 2423/1 2489/1 2424/1
f 2543/1 2424/1 2489/1
f 2543/1 2489/1 2488/1
f 2488/1 2490/1 2540/1
f 2488/1 2540/1 2539/1
f 2623/1 2624/1 518/1
f 2623/1 518/1 519/1
f 518/1 2624/1 2625/1
f 518/1 2625/1 517/1
f 2626/1 2627/1 2623/1
f 2626/1 2623/1 519/1
f 942/1 930/1 931/1
f 942/1 931/1 943/1
f 945/1 2628/1 1135/1
f 945/1 1135/1 942/1
f 1135/1 2628/1 1138/1
f 1135/1 1138/1 1133/1
f 793/1 2629/1 2628/1
f 793/1 2628/1 945/1
f 792/1 2629/1 793/1
f 792/1 793/1 785/1
f 2630/1 2631/1 2632/1
f 2630/1 2632/1 2633/1
f 2634/1 2635/1 2631/1
f 2634/1 2631/1 2636/1
f 2631/1 2630/1 2637/1
f 2631/1 2637/1 2636/1
f 2635/1 683/1 2632/1
f 2635/1 2632/1 2631/1
f 1409/1 1480/1 2633/1
f 1409/1 2633/1 2632/1
f 2633/1 695/1 2638/1
f 2633/1 2638/1 2630/1
f 683/1 682/1 1409/1
f 683/1 1409/1 2632/1
f 695/1 2633/1 1480/1
f 695/1 1480/1 694/1
f 1502/1 952/1 951/1
f 1502/1 951/1 1431/1
f 861/1 742/1 744/1
f 861/1 744/1 855/1
f 863/1 15/1 14/1
f 863/1 14/1 22/1
f 745/1 15/1 863/1
f 745/1 863/1 744/1
f 2639/1 1572/1 1530/1
f 2639/1 1530/1 1995/1
f 2640/1 2641/1 2642/1
f 2640/1 2642/1 2643/1
f 2644/1 2643/1 2642/1
f 2644/1 2642/1 2645/1
f 2646/1 2642/1 2641/1
f 2646/1 2641/1 2647/1
f 2648/1 2649/1 2646/1
f 2648/1 2646/1 2647/1
f 2646/1 2649/1 2650/1
f 2646/1 2650/1 2651/1
f 2646/1 2651/1 2645/1
f 2646/1 2645/1 2642/1
f 200/1 201/1 405/1
f 200/1 405/1 493/1
f 1323/1 1322/1 1001/1
f 1323/1 1001/1 1500/1
f 1323/1 1501/1 1326/1
f 1323/1 1326/1 1320/1
f 321/1 144/1 143/1
f 321/1 143/1 153/1
f 2385/1 2604/1 2230/1
f 2385/1 2230/1 2231/1
f 2604/1 2385/1 2387/1
f 2604/1 2387/1 2602/1
f 2652/1 2501/1 2500/1
f 2652/1 2500/1 2653/1
f 2500/1 2499/1 2654/1
f 2500/1 2654/1 2653/1
f 2652/1 2655/1 2144/1
f 2652/1 2144/1 2501/1
f 2656/1 2657/1 2652/1
f 2656/1 2652/1 2653/1
f 1931/1 1926/1 1928/1
f 1931/1 1928/1 2658/1
f 1930/1 1931/1 2659/1
f 1930/1 2659/1 2660/1
f 2659/1 2661/1 2662/1
f 2659/1 2662/1 2660/1
f 2659/1 2663/1 2012/1
f 2659/1 2012/1 2661/1
f 2659/1 1931/1 2658/1
f 2659/1 2658/1 2663/1
f 1739/1 1927/1 1930/1
f 1739/1 1930/1 1740/1
f 2664/1 1740/1 1930/1
f 2664/1 1930/1 2660/1
f 2660/1 2662/1 2665/1
f 2660/1 2665/1 2664/1
f 1079/1 1077/1 1081/1
f 1079/1 1081/1 1211/1
f 2666/1 2667/1 2668/1
f 2666/1 2668/1 2669/1
f 1929/1 1730/1 2668/1
f 1929/1 2668/1 2667/1
f 1729/1 1874/1 2668/1
f 1729/1 2668/1 1730/1
f 1873/1 2669/1 2668/1
f 1873/1 2668/1 1874/1
f 2185/1 2670/1 2666/1
f 2185/1 2666/1 2186/1
f 2666/1 2670/1 2671/1
f 2666/1 2671/1 2667/1
f 1928/1 1929/1 2667/1
f 1928/1 2667/1 2671/1
f 2380/1 2377/1 2672/1
f 2380/1 2672/1 2673/1
f 2672/1 2674/1 2306/1
f 2672/1 2306/1 2601/1
f 2674/1 2672/1 2377/1
f 2674/1 2377/1 2376/1
f 2674/1 1387/1 2307/1
f 2674/1 2307/1 2306/1
f 1387/1 2674/1 2376/1
f 1387/1 2376/1 1386/1
f 1658/1 2008/1 1661/1
f 1658/1 1661/1 1655/1
f 1905/1 1907/1 1661/1
f 1905/1 1661/1 2008/1
f 1904/1 1662/1 1661/1
f 1904/1 1661/1 1907/1
f 2538/1 2675/1 2241/1
f 2538/1 2241/1 2243/1
f 2676/1 2677/1 2678/1
f 2676/1 2678/1 2679/1
f 2679/1 2678/1 2680/1
f 2679/1 2680/1 2681/1
f 2680/1 2682/1 2683/1
f 2680/1 2683/1 2684/1
f 2685/1 2682/1 2680/1
f 2685/1 2680/1 2678/1
f 2686/1 562/1 2679/1
f 2686/1 2679/1 2681/1
f 2679/1 562/1 561/1
f 2679/1 561/1 2676/1
f 1922/1 2028/1 1958/1
f 1922/1 1958/1 1920/1
f 1924/1 1536/1 2687/1
f 1924/1 2687/1 2688/1
f 1537/1 1819/1 2687/1
f 1537/1 2687/1 1536/1
f 1924/1 2688/1 2028/1
f 1924/1 2028/1 1922/1
f 2621/1 2372/1 2545/1
f 2621/1 2545/1 2618/1
f 2621/1 2620/1 1808/1
f 2621/1 1808/1 2689/1
f 2690/1 2691/1 2692/1
f 2690/1 2692/1 2693/1
f 2692/1 2694/1 2695/1
f 2692/1 2695/1 469/1
f 468/1 2693/1 2692/1
f 468/1 2692/1 469/1
f 347/1 2696/1 2690/1
f 347/1 2690/1 348/1
f 2697/1 348/1 2690/1
f 2697/1 2690/1 2693/1
f 2691/1 341/1 2694/1
f 2691/1 2694/1 2692/1
f 342/1 341/1 2691/1
f 342/1 2691/1 2698/1
f 2691/1 2690/1 2696/1
f 2691/1 2696/1 2698/1
f 2699/1 2700/1 563/1
f 2699/1 563/1 2686/1
f 563/1 2700/1 434/1
f 563/1 434/1 433/1
f 563/1 557/1 562/1
f 563/1 562/1 2686/1
f 2699/1 2701/1 2702/1
f 2699/1 2702/1 271/1
f 2699/1 2686/1 2681/1
f 2699/1 2681/1 2701/1
f 270/1 2700/1 2699/1
f 270/1 2699/1 271/1
f 148/1 1827/1 1830/1
f 148/1 1830/1 2703/1
f 2704/1 150/1 149/1
f 2704/1 149/1 2705/1
f 149/1 148/1 2703/1
f 149/1 2703/1 2705/1
f 1172/1 1406/1 1346/1
f 1172/1 1346/1 1345/1
f 2326/1 2706/1 1346/1
f 2326/1 1346/1 1406/1
f 1346/1 2706/1 1051/1
f 1346/1 1051/1 1050/1
f 1437/1 1435/1 1436/1
f 1437/1 1436/1 1466/1
f 2707/1 1804/1 1803/1
f 2707/1 1803/1 2708/1
f 1792/1 2709/1 2708/1
f 1792/1 2708/1 1803/1
f 1792/1 1785/1 1784/1
f 1792/1 1784/1 2709/1
f 2005/1 2014/1 2710/1
f 2005/1 2710/1 2006/1
f 2000/1 2004/1 2015/1
f 2000/1 2015/1 2005/1
f 1556/1 1974/1 1973/1
f 1556/1 1973/1 1555/1
f 1973/1 2711/1 1774/1
f 1973/1 1774/1 1555/1
f 1973/1 1972/1 2712/1
f 1973/1 2712/1 2711/1
f 1974/1 1556/1 1560/1
f 1974/1 1560/1 1975/1
f 391/1 469/1 2695/1
f 391/1 2695/1 389/1
f 394/1 2695/1 2694/1
f 394/1 2694/1 336/1
f 1496/1 1492/1 1495/1
f 1496/1 1495/1 2713/1
f 2629/1 792/1 1496/1
f 2629/1 1496/1 2713/1
f 1462/1 1496/1 792/1
f 1462/1 792/1 791/1
f 2714/1 2715/1 159/1
f 2714/1 159/1 2716/1
f 159/1 154/1 157/1
f 159/1 157/1 2716/1
f 159/1 2715/1 2717/1
f 159/1 2717/1 160/1
f 2715/1 2718/1 2719/1
f 2715/1 2719/1 2717/1
f 2720/1 2718/1 2715/1
f 2720/1 2715/1 2714/1
f 1996/1 1772/1 2025/1
f 1996/1 2025/1 2721/1
f 2476/1 2722/1 2723/1
f 2476/1 2723/1 2477/1
f 2490/1 2477/1 2723/1
f 2490/1 2723/1 2540/1
f 2723/1 2724/1 2541/1
f 2723/1 2541/1 2540/1
f 2724/1 2723/1 2722/1
f 2724/1 2722/1 2725/1
f 2722/1 2476/1 2485/1
f 2722/1 2485/1 2726/1
f 2724/1 2654/1 2499/1
f 2724/1 2499/1 2541/1
f 1294/1 2303/1 1290/1
f 1294/1 1290/1 1289/1
f 2727/1 2728/1 2729/1
f 2727/1 2729/1 2730/1
f 2727/1 2665/1 2662/1
f 2727/1 2662/1 2731/1
f 2732/1 2728/1 2727/1
f 2732/1 2727/1 2731/1
f 2707/1 1862/1 2728/1
f 2707/1 2728/1 2732/1
f 2728/1 1862/1 1864/1
f 2728/1 1864/1 2729/1
f 2729/1 1864/1 2733/1
f 2729/1 2733/1 2734/1
f 2735/1 2730/1 2729/1
f 2735/1 2729/1 2734/1
f 2665/1 2727/1 2730/1
f 2665/1 2730/1 2736/1
f 2737/1 2736/1 2730/1
f 2737/1 2730/1 2735/1
f 2014/1 2013/1 2738/1
f 2014/1 2738/1 2710/1
f 2014/1 2005/1 2015/1
f 2014/1 2015/1 1597/1
f 2738/1 2026/1 2027/1
f 2738/1 2027/1 2710/1
f 2702/1 2739/1 50/1
f 2702/1 50/1 273/1
f 2701/1 2684/1 2739/1
f 2701/1 2739/1 2702/1
f 434/1 2700/1 270/1
f 434/1 270/1 438/1
f 831/1 1453/1 916/1
f 831/1 916/1 919/1
f 923/1 915/1 917/1
f 923/1 917/1 1314/1
f 1453/1 1315/1 917/1
f 1453/1 917/1 916/1
f 2740/1 259/1 315/1
f 2740/1 315/1 2741/1
f 315/1 262/1 317/1
f 315/1 317/1 479/1
f 2740/1 250/1 249/1
f 2740/1 249/1 259/1
f 2717/1 2719/1 2740/1
f 2717/1 2740/1 2741/1
f 2742/1 2743/1 2744/1
f 2742/1 2744/1 2745/1
f 1836/1 2745/1 2744/1
f 1836/1 2744/1 1833/1
f 77/1 1833/1 2744/1
f 77/1 2744/1 2746/1
f 2742/1 2747/1 2748/1
f 2742/1 2748/1 2749/1
f 2750/1 2747/1 2742/1
f 2750/1 2742/1 2745/1
f 2743/1 2751/1 2746/1
f 2743/1 2746/1 2744/1
f 2743/1 2742/1 2749/1
f 2743/1 2749/1 601/1
f 2752/1 2626/1 123/1
f 2752/1 123/1 435/1
f 123/1 2626/1 519/1
f 123/1 519/1 124/1
f 2753/1 2627/1 2626/1
f 2753/1 2626/1 2752/1
f 625/1 624/1 2753/1
f 625/1 2753/1 2752/1
f 625/1 2752/1 435/1
f 625/1 435/1 427/1
f 625/1 427/1 61/1
f 625/1 61/1 70/1
f 122/1 436/1 435/1
f 122/1 435/1 123/1
f 899/1 1160/1 902/1
f 899/1 902/1 896/1
f 2011/1 2754/1 2010/1
f 2011/1 2010/1 1965/1
f 2732/1 2731/1 2754/1
f 2732/1 2754/1 2011/1
f 2012/1 2010/1 2754/1
f 2012/1 2754/1 2661/1
f 1862/1 2707/1 2708/1
f 1862/1 2708/1 1863/1
f 1430/1 1074/1 714/1
f 1430/1 714/1 2755/1
f 1430/1 2755/1 2756/1
f 1430/1 2756/1 1428/1
f 281/1 578/1 2757/1
f 281/1 2757/1 276/1
f 277/1 276/1 2757/1
f 277/1 2757/1 2758/1
f 446/1 445/1 281/1
f 446/1 281/1 280/1
f 445/1 448/1 578/1
f 445/1 578/1 281/1
f 578/1 81/1 80/1
f 578/1 80/1 2757/1
f 2074/1 1549/1 1548/1
f 2074/1 1548/1 2022/1
f 1578/1 1549/1 2074/1
f 1578/1 2074/1 1579/1
f 1849/1 1550/1 1549/1
f 1849/1 1549/1 1578/1
f 2073/1 2074/1 2022/1
f 2073/1 2022/1 2759/1
f 380/1 2760/1 2761/1
f 380/1 2761/1 374/1
f 2761/1 2762/1 2076/1
f 2761/1 2076/1 2763/1
f 380/1 379/1 385/1
f 380/1 385/1 2760/1
f 2760/1 1710/1 2762/1
f 2760/1 2762/1 2761/1
f 1711/1 1710/1 2760/1
f 1711/1 2760/1 385/1
f 373/1 2764/1 76/1
f 373/1 76/1 371/1
f 1837/1 73/1 76/1
f 1837/1 76/1 2764/1
f 2763/1 2765/1 2764/1
f 2763/1 2764/1 373/1
f 2766/1 1137/1 1136/1
f 2766/1 1136/1 1497/1
f 2766/1 1100/1 1097/1
f 2766/1 1097/1 1196/1
f 1139/1 1137/1 2766/1
f 1139/1 2766/1 1196/1
f 2766/1 1497/1 1101/1
f 2766/1 1101/1 1100/1
f 1136/1 1138/1 2713/1
f 1136/1 2713/1 1495/1
f 1723/1 1722/1 1732/1
f 1723/1 1732/1 1642/1
f 1732/1 1731/1 2767/1
f 1732/1 2767/1 1914/1
f 1678/1 2768/1 2769/1
f 1678/1 2769/1 1679/1
f 2769/1 2770/1 2771/1
f 2769/1 2771/1 2772/1
f 2773/1 2770/1 2769/1
f 2773/1 2769/1 2768/1
f 2774/1 2768/1 1678/1
f 2774/1 1678/1 1681/1
f 1088/1 1082/1 1085/1
f 1088/1 1085/1 819/1
f 1089/1 1088/1 810/1
f 1089/1 810/1 2775/1
f 810/1 1088/1 819/1
f 810/1 819/1 809/1
f 1089/1 2775/1 1418/1
f 1089/1 1418/1 1411/1
f 1250/1 1415/1 1418/1
f 1250/1 1418/1 1251/1
f 1251/1 1418/1 2775/1
f 1251/1 2775/1 2776/1
f 811/1 2776/1 2775/1
f 811/1 2775/1 810/1
f 1224/1 1252/1 1258/1
f 1224/1 1258/1 1365/1
f 2777/1 1366/1 1454/1
f 2777/1 1454/1 2778/1
f 2779/1 2778/1 1454/1
f 2779/1 1454/1 2780/1
f 1454/1 1258/1 1256/1
f 1454/1 1256/1 2780/1
f 1863/1 2708/1 2709/1
f 1863/1 2709/1 1865/1
f 1783/1 1865/1 2709/1
f 1783/1 2709/1 1784/1
f 552/1 2719/1 2718/1
f 552/1 2718/1 2781/1
f 250/1 2740/1 2719/1
f 250/1 2719/1 552/1
f 1339/1 886/1 875/1
f 1339/1 875/1 1337/1
f 1210/1 2782/1 2783/1
f 1210/1 2783/1 1209/1
f 1211/1 1209/1 2783/1
f 1211/1 2783/1 2784/1
f 2784/1 2783/1 2785/1
f 2784/1 2785/1 2786/1
f 2777/1 2778/1 2785/1
f 2777/1 2785/1 2787/1
f 2779/1 2786/1 2785/1
f 2779/1 2785/1 2778/1
f 2782/1 2787/1 2785/1
f 2782/1 2785/1 2783/1
f 2784/1 1298/1 1079/1
f 2784/1 1079/1 1211/1
f 2777/1 2787/1 2788/1
f 2777/1 2788/1 2789/1
f 1363/1 1366/1 2777/1
f 1363/1 2777/1 2789/1
f 721/1 421/1 420/1
f 721/1 420/1 1270/1
f 1499/1 1468/1 1098/1
f 1499/1 1098/1 1101/1
f 1497/1 1494/1 1499/1
f 1497/1 1499/1 1101/1
f 1498/1 2790/1 1468/1
f 1498/1 1468/1 1499/1
f 1468/1 2790/1 1467/1
f 1468/1 1467/1 1465/1
f 383/1 382/1 35/1
f 383/1 35/1 34/1
f 1012/1 1008/1 1011/1
f 1012/1 1011/1 2791/1
f 1011/1 835/1 2792/1
f 1011/1 2792/1 2791/1
f 833/1 834/1 1010/1
f 833/1 1010/1 2793/1
f 1005/1 2793/1 1010/1
f 1005/1 1010/1 1006/1
f 835/1 1011/1 1010/1
f 835/1 1010/1 834/1
f 853/1 1377/1 665/1
f 853/1 665/1 664/1
f 666/1 665/1 1377/1
f 666/1 1377/1 1374/1
f 2794/1 2795/1 796/1
f 2794/1 796/1 797/1
f 796/1 2795/1 2796/1
f 796/1 2796/1 803/1
f 2796/1 2134/1 2133/1
f 2796/1 2133/1 803/1
f 2797/1 2038/1 2041/1
f 2797/1 2041/1 2798/1
f 2797/1 2798/1 2774/1
f 2797/1 2774/1 2799/1
f 2798/1 2041/1 2043/1
f 2798/1 2043/1 2773/1
f 681/1 680/1 683/1
f 681/1 683/1 2635/1
f 1453/1 840/1 1316/1
f 1453/1 1316/1 1315/1
f 831/1 919/1 2800/1
f 831/1 2800/1 832/1
f 2762/1 1704/1 1843/1
f 2762/1 1843/1 2076/1
f 1710/1 1705/1 1704/1
f 1710/1 1704/1 2762/1
f 1949/1 1943/1 619/1
f 1949/1 619/1 618/1
f 236/1 615/1 619/1
f 236/1 619/1 1942/1
f 2801/1 101/1 1949/1
f 2801/1 1949/1 618/1
f 529/1 2802/1 364/1
f 529/1 364/1 524/1
f 2803/1 365/1 364/1
f 2803/1 364/1 2802/1
f 531/1 2804/1 529/1
f 531/1 529/1 527/1
f 2804/1 2805/1 2802/1
f 2804/1 2802/1 529/1
f 2802/1 2805/1 2806/1
f 2802/1 2806/1 2803/1
f 525/1 366/1 342/1
f 525/1 342/1 2698/1
f 525/1 2807/1 528/1
f 525/1 528/1 523/1
f 2786/1 2779/1 1354/1
f 2786/1 1354/1 1295/1
f 1354/1 2808/1 1356/1
f 1354/1 1356/1 1355/1
f 2780/1 2808/1 1354/1
f 2780/1 1354/1 2779/1
f 2809/1 93/1 94/1
f 2809/1 94/1 2810/1
f 516/1 93/1 2809/1
f 516/1 2809/1 576/1
f 2809/1 2811/1 577/1
f 2809/1 577/1 576/1
f 584/1 579/1 2804/1
f 584/1 2804/1 531/1
f 582/1 2805/1 2804/1
f 582/1 2804/1 579/1
f 2805/1 582/1 2812/1
f 2805/1 2812/1 2806/1
f 201/1 196/1 203/1
f 201/1 203/1 403/1
f 466/1 465/1 2813/1
f 466/1 2813/1 2814/1
f 2815/1 467/1 466/1
f 2815/1 466/1 2814/1
f 351/1 2697/1 467/1
f 351/1 467/1 2815/1
f 467/1 2697/1 2693/1
f 467/1 2693/1 468/1
f 465/1 277/1 2758/1
f 465/1 2758/1 2813/1
f 1351/1 1350/1 1111/1
f 1351/1 1111/1 2816/1
f 2817/1 1352/1 1351/1
f 2817/1 1351/1 2816/1
f 630/1 2818/1 501/1
f 630/1 501/1 626/1
f 503/1 499/1 501/1
f 503/1 501/1 2818/1
f 2720/1 2714/1 2819/1
f 2720/1 2819/1 2820/1
f 2720/1 2820/1 2821/1
f 2720/1 2821/1 2822/1
f 2781/1 2718/1 2720/1
f 2781/1 2720/1 2822/1
f 2302/1 2557/1 2303/1
f 2302/1 2303/1 2300/1
f 38/1 381/1 328/1
f 38/1 328/1 36/1
f 1682/1 2772/1 2823/1
f 1682/1 2823/1 1746/1
f 2772/1 1682/1 1679/1
f 2772/1 1679/1 2769/1
f 2772/1 2771/1 1881/1
f 2772/1 1881/1 2823/1
f 2824/1 631/1 264/1
f 2824/1 264/1 267/1
f 2824/1 2825/1 635/1
f 2824/1 635/1 631/1
f 2826/1 2379/1 2378/1
f 2826/1 2378/1 2827/1
f 492/1 2828/1 318/1
f 492/1 318/1 204/1
f 318/1 2828/1 316/1
f 318/1 316/1 261/1
f 318/1 263/1 205/1
f 318/1 205/1 204/1
f 494/1 2828/1 492/1
f 494/1 492/1 489/1
f 2829/1 316/1 2828/1
f 2829/1 2828/1 494/1
f 2725/1 2722/1 2830/1
f 2725/1 2830/1 2831/1
f 2725/1 2832/1 2654/1
f 2725/1 2654/1 2724/1
f 2830/1 2722/1 2726/1
f 2830/1 2726/1 2833/1
f 2830/1 2833/1 2834/1
f 2830/1 2834/1 2835/1
f 2836/1 2831/1 2830/1
f 2836/1 2830/1 2835/1
f 1650/1 1515/1 1513/1
f 1650/1 1513/1 1651/1
f 1745/1 2837/1 1650/1
f 1745/1 1650/1 1652/1
f 693/1 692/1 2838/1
f 693/1 2838/1 2839/1
f 693/1 2638/1 695/1
f 693/1 695/1 686/1
f 692/1 826/1 941/1
f 692/1 941/1 2838/1
f 1349/1 2839/1 2838/1
f 1349/1 2838/1 1392/1
f 1275/1 1392/1 2838/1
f 1275/1 2838/1 941/1
f 1550/1 1849/1 1558/1
f 1550/1 1558/1 1553/1
f 1849/1 1578/1 1580/1
f 1849/1 1580/1 1847/1
f 2840/1 2841/1 2593/1
f 2840/1 2593/1 2842/1
f 2840/1 2826/1 2827/1
f 2840/1 2827/1 2841/1
f 2841/1 2827/1 2843/1
f 2841/1 2843/1 2844/1
f 2841/1 2844/1 2594/1
f 2841/1 2594/1 2593/1
f 1308/1 1464/1 1463/1
f 1308/1 1463/1 762/1
f 1498/1 1493/1 1308/1
f 1498/1 1308/1 820/1
f 890/1 886/1 1339/1
f 890/1 1339/1 1022/1
f 1049/1 1046/1 1051/1
f 1049/1 1051/1 2845/1
f 1061/1 1056/1 1049/1
f 1061/1 1049/1 2845/1
f 1712/1 1711/1 385/1
f 1712/1 385/1 384/1
f 75/1 372/1 371/1
f 75/1 371/1 76/1
f 1816/1 2846/1 2052/1
f 1816/1 2052/1 1817/1
f 1623/1 1619/1 1624/1
f 1623/1 1624/1 1630/1
f 1029/1 1026/1 1031/1
f 1029/1 1031/1 1243/1
f 1000/1 968/1 1031/1
f 1000/1 1031/1 1002/1
f 2847/1 2848/1 2849/1
f 2847/1 2849/1 2850/1
f 2848/1 2851/1 2852/1
f 2848/1 2852/1 2849/1
f 2848/1 2847/1 613/1
f 2848/1 613/1 2853/1
f 1950/1 100/1 104/1
f 1950/1 104/1 1952/1
f 101/1 100/1 1950/1
f 101/1 1950/1 1949/1
f 2183/1 2854/1 2522/1
f 2183/1 2522/1 2221/1
f 2317/1 2318/1 2522/1
f 2317/1 2522/1 2854/1
f 2096/1 2524/1 2523/1
f 2096/1 2523/1 2320/1
f 801/1 803/1 2133/1
f 801/1 2133/1 782/1
f 953/1 2855/1 950/1
f 953/1 950/1 949/1
f 795/1 946/1 950/1
f 795/1 950/1 798/1
f 798/1 950/1 2855/1
f 798/1 2855/1 2856/1
f 135/1 2824/1 267/1
f 135/1 267/1 134/1
f 2857/1 1996/1 2721/1
f 2857/1 2721/1 2858/1
f 2859/1 1764/1 1996/1
f 2859/1 1996/1 2857/1
f 853/1 978/1 979/1
f 853/1 979/1 1377/1
f 2860/1 594/1 593/1
f 2860/1 593/1 2861/1
f 2860/1 2861/1 2862/1
f 2860/1 2862/1 2863/1
f 2864/1 595/1 594/1
f 2864/1 594/1 2860/1
f 1921/1 1920/1 1707/1
f 1921/1 1707/1 1712/1
f 1958/1 1708/1 1707/1
f 1958/1 1707/1 1920/1
f 2759/1 2022/1 2019/1
f 2759/1 2019/1 2018/1
f 818/1 817/1 1086/1
f 818/1 1086/1 2865/1
f 818/1 2865/1 2866/1
f 818/1 2866/1 2867/1
f 818/1 2867/1 1032/1
f 818/1 1032/1 815/1
f 642/1 2868/1 2869/1
f 642/1 2869/1 2870/1
f 2870/1 232/1 231/1
f 2870/1 231/1 642/1
f 2145/1 2148/1 2871/1
f 2145/1 2871/1 2160/1
f 2872/1 2871/1 2148/1
f 2872/1 2148/1 2153/1
f 2150/1 2149/1 2649/1
f 2150/1 2649/1 2648/1
f 2151/1 2150/1 2648/1
f 2151/1 2648/1 2873/1
f 2649/1 2149/1 2588/1
f 2649/1 2588/1 2650/1
f 2873/1 2874/1 2045/1
f 2873/1 2045/1 2044/1
f 2873/1 2648/1 2647/1
f 2873/1 2647/1 2874/1
f 2875/1 2045/1 2874/1
f 2875/1 2874/1 2876/1
f 2042/1 2040/1 2045/1
f 2042/1 2045/1 2875/1
f 2136/1 2135/1 2144/1
f 2136/1 2144/1 2655/1
f 2877/1 2502/1 2143/1
f 2877/1 2143/1 2139/1
f 2877/1 2139/1 2140/1
f 2877/1 2140/1 2878/1
f 2142/1 2215/1 2140/1
f 2142/1 2140/1 2138/1
f 2140/1 2215/1 2879/1
f 2140/1 2879/1 2878/1
f 2877/1 2606/1 2504/1
f 2877/1 2504/1 2502/1
f 2877/1 2878/1 2880/1
f 2877/1 2880/1 2606/1
f 2657/1 2881/1 2655/1
f 2657/1 2655/1 2652/1
f 2340/1 2136/1 2655/1
f 2340/1 2655/1 2881/1
f 2882/1 2883/1 2881/1
f 2882/1 2881/1 2657/1
f 460/1 2884/1 313/1
f 460/1 313/1 455/1
f 2885/1 460/1 461/1
f 2885/1 461/1 724/1
f 2885/1 724/1 729/1
f 2885/1 729/1 2886/1
f 2884/1 460/1 2885/1
f 2884/1 2885/1 2887/1
f 2888/1 2887/1 2885/1
f 2888/1 2885/1 2886/1
f 2384/1 2503/1 2387/1
f 2384/1 2387/1 2381/1
f 2387/1 2503/1 2504/1
f 2387/1 2504/1 2602/1
f 2393/1 2497/1 2384/1
f 2393/1 2384/1 2383/1
f 1928/1 2671/1 1983/1
f 1928/1 1983/1 2658/1
f 2434/1 2415/1 2414/1
f 2434/1 2414/1 2431/1
f 310/1 218/1 314/1
f 310/1 314/1 458/1
f 311/1 455/1 313/1
f 311/1 313/1 219/1
f 2433/1 2611/1 2889/1
f 2433/1 2889/1 2409/1
f 312/1 614/1 217/1
f 312/1 217/1 216/1
f 2561/1 2560/1 2890/1
f 2561/1 2890/1 2590/1
f 2592/1 2590/1 2890/1
f 2592/1 2890/1 2891/1
f 2561/1 2214/1 2213/1
f 2561/1 2213/1 2562/1
f 726/1 1273/1 1179/1
f 726/1 1179/1 1177/1
f 1273/1 726/1 722/1
f 1273/1 722/1 1269/1
f 2409/1 2889/1 2400/1
f 2409/1 2400/1 2399/1
f 1725/1 1724/1 2892/1
f 1725/1 2892/1 1871/1
f 2893/1 2894/1 2892/1
f 2893/1 2892/1 2895/1
f 2896/1 1871/1 2892/1
f 2896/1 2892/1 2894/1
f 1723/1 2053/1 1724/1
f 1723/1 1724/1 1720/1
f 2895/1 2892/1 1724/1
f 2895/1 1724/1 2053/1
f 2897/1 1872/1 1871/1
f 2897/1 1871/1 2896/1
f 2643/1 2644/1 2898/1
f 2643/1 2898/1 2899/1
f 2899/1 2898/1 1529/1
f 2899/1 1529/1 1528/1
f 2899/1 1528/1 1531/1
f 2899/1 1531/1 1573/1
f 2899/1 1573/1 2640/1
f 2899/1 2640/1 2643/1
f 2491/1 2423/1 2422/1
f 2491/1 2422/1 2492/1
f 2900/1 2535/1 2422/1
f 2900/1 2422/1 2421/1
f 538/1 540/1 2901/1
f 538/1 2901/1 2902/1
f 541/1 2903/1 2901/1
f 541/1 2901/1 540/1
f 2901/1 2903/1 120/1
f 2901/1 120/1 116/1
f 2483/1 2479/1 2481/1
f 2483/1 2481/1 2439/1
f 2904/1 2483/1 2439/1
f 2904/1 2439/1 2438/1
f 2904/1 2905/1 2484/1
f 2904/1 2484/1 2483/1
f 2904/1 2906/1 2091/1
f 2904/1 2091/1 2905/1
f 2904/1 2438/1 2086/1
f 2904/1 2086/1 2906/1
f 2184/1 2907/1 2617/1
f 2184/1 2617/1 2177/1
f 2617/1 2907/1 2908/1
f 2617/1 2908/1 2437/1
f 2909/1 2910/1 2911/1
f 2909/1 2911/1 2068/1
f 2912/1 2897/1 2909/1
f 2912/1 2909/1 2913/1
f 2913/1 2909/1 2068/1
f 2913/1 2068/1 2067/1
f 2914/1 2069/1 2068/1
f 2914/1 2068/1 2911/1
f 2913/1 2915/1 2081/1
f 2913/1 2081/1 2912/1
f 2498/1 2494/1 2497/1
f 2498/1 2497/1 2393/1
f 2541/1 2499/1 2498/1
f 2541/1 2498/1 2542/1
f 2186/1 2666/1 2669/1
f 2186/1 2669/1 2916/1
f 2184/1 2180/1 2186/1
f 2184/1 2186/1 2916/1
f 2914/1 2857/1 2858/1
f 2914/1 2858/1 2917/1
f 2918/1 2919/1 1446/1
f 2918/1 1446/1 2920/1
f 2918/1 2920/1 2889/1
f 2918/1 2889/1 2611/1
f 2919/1 1448/1 1443/1
f 2919/1 1443/1 1446/1
f 2610/1 2921/1 2919/1
f 2610/1 2919/1 2918/1
f 1399/1 1448/1 2919/1
f 1399/1 2919/1 2921/1
f 2514/1 2920/1 1446/1
f 2514/1 1446/1 1447/1
f 641/1 536/1 535/1
f 641/1 535/1 538/1
f 643/1 537/1 640/1
f 643/1 640/1 2922/1
f 2923/1 2924/1 640/1
f 2923/1 640/1 641/1
f 2673/1 2600/1 2599/1
f 2673/1 2599/1 2925/1
f 2599/1 2598/1 2605/1
f 2599/1 2605/1 2926/1
f 2599/1 2926/1 2927/1
f 2599/1 2927/1 2925/1
f 2279/1 2533/1 2532/1
f 2279/1 2532/1 2240/1
f 2238/1 2240/1 2532/1
f 2238/1 2532/1 2531/1
f 2239/1 2274/1 2279/1
f 2239/1 2279/1 2240/1
f 1761/1 1764/1 2859/1
f 1761/1 2859/1 2928/1
f 1761/1 2928/1 2929/1
f 1761/1 2929/1 1767/1
f 2485/1 2484/1 2930/1
f 2485/1 2930/1 2931/1
f 2930/1 2932/1 2933/1
f 2930/1 2933/1 2934/1
f 2932/1 2930/1 2484/1
f 2932/1 2484/1 2905/1
f 2935/1 2936/1 2937/1
f 2935/1 2937/1 2938/1
f 2939/1 2940/1 2937/1
f 2939/1 2937/1 2941/1
f 2942/1 2938/1 2937/1
f 2942/1 2937/1 2940/1
f 2936/1 2943/1 2941/1
f 2936/1 2941/1 2937/1
f 2936/1 2935/1 221/1
f 2936/1 221/1 220/1
f 2944/1 2893/1 2895/1
f 2944/1 2895/1 1641/1
f 2945/1 2893/1 2944/1
f 2945/1 2944/1 2946/1
f 1646/1 2944/1 1641/1
f 1646/1 1641/1 1640/1
f 1641/1 2895/1 2053/1
f 1641/1 2053/1 1638/1
f 1913/1 2947/1 1646/1
f 1913/1 1646/1 1645/1
f 1646/1 2947/1 2946/1
f 1646/1 2946/1 2944/1
f 2948/1 1913/1 1912/1
f 2948/1 1912/1 2949/1
f 1912/1 1911/1 2036/1
f 1912/1 2036/1 2949/1
f 2947/1 1913/1 2948/1
f 2947/1 2948/1 2950/1
f 2028/1 2688/1 2037/1
f 2028/1 2037/1 2029/1
f 2050/1 2037/1 2688/1
f 2050/1 2688/1 2687/1
f 2601/1 2600/1 2673/1
f 2601/1 2673/1 2672/1
f 2305/1 2601/1 2306/1
f 2305/1 2306/1 2301/1
f 2763/1 373/1 374/1
f 2763/1 374/1 2761/1
f 643/1 2951/1 2868/1
f 643/1 2868/1 642/1
f 2216/1 2212/1 2214/1
f 2216/1 2214/1 2589/1
f 2952/1 2953/1 2954/1
f 2952/1 2954/1 151/1
f 2954/1 2953/1 2955/1
f 2954/1 2955/1 2956/1
f 150/1 2704/1 2952/1
f 150/1 2952/1 151/1
f 564/1 2957/1 2958/1
f 564/1 2958/1 629/1
f 2958/1 120/1 2903/1
f 2958/1 2903/1 2959/1
f 630/1 629/1 2958/1
f 630/1 2958/1 2959/1
f 2957/1 437/1 119/1
f 2957/1 119/1 118/1
f 2957/1 118/1 120/1
f 2957/1 120/1 2958/1
f 431/1 437/1 2957/1
f 431/1 2957/1 564/1
f 1838/1 2765/1 2075/1
f 1838/1 2075/1 2077/1
f 2076/1 2075/1 2765/1
f 2076/1 2765/1 2763/1
f 2960/1 1667/1 1666/1
f 2960/1 1666/1 2846/1
f 1660/1 2961/1 1666/1
f 1660/1 1666/1 1656/1
f 1936/1 1932/1 1667/1
f 1936/1 1667/1 2960/1
f 1667/1 1932/1 1935/1
f 1667/1 1935/1 1657/1
f 2941/1 2850/1 2962/1
f 2941/1 2962/1 2939/1
f 2943/1 2847/1 2850/1
f 2943/1 2850/1 2941/1
f 2943/1 2936/1 220/1
f 2943/1 220/1 612/1
f 2943/1 612/1 613/1
f 2943/1 613/1 2847/1
f 2767/1 1731/1 1734/1
f 2767/1 1734/1 1741/1
f 1741/1 1734/1 1739/1
f 1741/1 1739/1 1737/1
f 1741/1 1618/1 1617/1
f 1741/1 1617/1 2767/1
f 2910/1 2896/1 2894/1
f 2910/1 2894/1 2963/1
f 2963/1 2894/1 2893/1
f 2963/1 2893/1 2945/1
f 2964/1 1867/1 1870/1
f 2964/1 1870/1 2082/1
f 1872/1 2087/1 1870/1
f 1872/1 1870/1 1869/1
f 2907/1 2965/1 2964/1
f 2907/1 2964/1 2908/1
f 1873/1 1867/1 2964/1
f 1873/1 2964/1 2965/1
f 2964/1 2082/1 2083/1
f 2964/1 2083/1 2908/1
f 549/1 446/1 280/1
f 549/1 280/1 282/1
f 2664/1 2665/1 2736/1
f 2664/1 2736/1 2966/1
f 1740/1 2664/1 2966/1
f 1740/1 2966/1 1738/1
f 2091/1 2088/1 2932/1
f 2091/1 2932/1 2905/1
f 2932/1 2088/1 2089/1
f 2932/1 2089/1 2933/1
f 1607/1 1627/1 1617/1
f 1607/1 1617/1 1602/1
f 1610/1 1603/1 1618/1
f 1610/1 1618/1 1736/1
f 1627/1 1914/1 2767/1
f 1627/1 2767/1 1617/1
f 2520/1 2518/1 2519/1
f 2520/1 2519/1 2574/1
f 74/1 73/1 1837/1
f 74/1 1837/1 1834/1
f 2333/1 2347/1 2349/1
f 2333/1 2349/1 2331/1
f 2967/1 2968/1 1190/1
f 2967/1 1190/1 1189/1
f 541/1 542/1 544/1
f 541/1 544/1 2969/1
f 2903/1 541/1 2969/1
f 2903/1 2969/1 2959/1
f 630/1 2959/1 2969/1
f 630/1 2969/1 2818/1
f 503/1 2818/1 2969/1
f 503/1 2969/1 544/1
f 1490/1 2970/1 2971/1
f 1490/1 2971/1 1491/1
f 2971/1 2886/1 729/1
f 2971/1 729/1 892/1
f 2971/1 2970/1 2888/1
f 2971/1 2888/1 2886/1
f 1936/1 2960/1 1820/1
f 1936/1 1820/1 2972/1
f 2973/1 171/1 163/1
f 2973/1 163/1 2974/1
f 2975/1 2974/1 163/1
f 2975/1 163/1 166/1
f 425/1 424/1 171/1
f 425/1 171/1 2973/1
f 2275/1 2440/1 2276/1
f 2275/1 2276/1 2273/1
f 2288/1 2287/1 2574/1
f 2288/1 2574/1 2519/1
f 2288/1 2519/1 767/1
f 2288/1 767/1 765/1
f 1689/1 1944/1 1696/1
f 1689/1 1696/1 1690/1
f 2915/1 2913/1 2067/1
f 2915/1 2067/1 2092/1
f 1611/1 1735/1 2976/1
f 1611/1 2976/1 2977/1
f 2436/1 2435/1 2440/1
f 2436/1 2440/1 2275/1
f 805/1 2288/1 765/1
f 805/1 765/1 758/1
f 2978/1 2915/1 2092/1
f 2978/1 2092/1 2090/1
f 473/1 475/1 2979/1
f 473/1 2979/1 628/1
f 1325/1 1324/1 2980/1
f 1325/1 2980/1 2981/1
f 1015/1 1014/1 1325/1
f 1015/1 1325/1 2981/1
f 2982/1 2983/1 2984/1
f 2982/1 2984/1 78/1
f 2758/1 79/1 2984/1
f 2758/1 2984/1 2813/1
f 2814/1 2813/1 2984/1
f 2814/1 2984/1 2983/1
f 2985/1 2983/1 2982/1
f 2985/1 2982/1 2986/1
f 2982/1 2746/1 2751/1
f 2982/1 2751/1 2986/1
f 2983/1 2985/1 2815/1
f 2983/1 2815/1 2814/1
f 2914/1 2911/1 2859/1
f 2914/1 2859/1 2857/1
f 2914/1 2917/1 2070/1
f 2914/1 2070/1 2069/1
f 1938/1 1933/1 1937/1
f 1938/1 1937/1 2987/1
f 1937/1 1936/1 2972/1
f 1937/1 2972/1 2988/1
f 2380/1 2843/1 2827/1
f 2380/1 2827/1 2378/1
f 436/1 122/1 119/1
f 436/1 119/1 437/1
f 2965/1 2907/1 2184/1
f 2965/1 2184/1 2916/1
f 2271/1 2315/1 2569/1
f 2271/1 2569/1 2272/1
f 2639/1 2989/1 1563/1
f 2639/1 1563/1 1572/1
f 1563/1 2989/1 1883/1
f 1563/1 1883/1 1564/1
f 1564/1 1876/1 1882/1
f 1564/1 1882/1 1565/1
f 2508/1 1398/1 2616/1
f 2508/1 2616/1 2615/1
f 2508/1 2615/1 2507/1
f 2508/1 2507/1 2324/1
f 1398/1 2508/1 1402/1
f 1398/1 1402/1 1174/1
f 2726/1 2485/1 2931/1
f 2726/1 2931/1 2833/1
f 352/1 351/1 2815/1
f 352/1 2815/1 2985/1
f 336/1 2694/1 341/1
f 336/1 341/1 330/1
f 2527/1 2586/1 2346/1
f 2527/1 2346/1 2526/1
f 2585/1 2343/1 2346/1
f 2585/1 2346/1 2586/1
f 1881/1 2771/1 2990/1
f 1881/1 2990/1 1882/1
f 2990/1 2771/1 2770/1
f 2990/1 2770/1 2991/1
f 1565/1 1882/1 2990/1
f 1565/1 2990/1 1569/1
f 1880/1 2823/1 1881/1
f 1880/1 1881/1 1875/1
f 2091/1 2906/1 2978/1
f 2091/1 2978/1 2090/1
f 601/1 599/1 2751/1
f 601/1 2751/1 2743/1
f 2751/1 599/1 600/1
f 2751/1 600/1 2986/1
f 601/1 2749/1 511/1
f 601/1 511/1 504/1
f 322/1 532/1 2992/1
f 322/1 2992/1 353/1
f 2992/1 347/1 346/1
f 2992/1 346/1 353/1
f 2696/1 347/1 2992/1
f 2696/1 2992/1 2807/1
f 528/1 2807/1 2992/1
f 528/1 2992/1 532/1
f 326/1 319/1 322/1
f 326/1 322/1 353/1
f 532/1 322/1 321/1
f 532/1 321/1 533/1
f 2732/1 2011/1 1804/1
f 2732/1 1804/1 2707/1
f 2661/1 2754/1 2731/1
f 2661/1 2731/1 2662/1
f 762/1 1463/1 1336/1
f 762/1 1336/1 763/1
f 2993/1 476/1 571/1
f 2993/1 571/1 2994/1
f 572/1 2994/1 571/1
f 572/1 571/1 570/1
f 571/1 476/1 471/1
f 571/1 471/1 472/1
f 2995/1 2612/1 2614/1
f 2995/1 2614/1 2996/1
f 2995/1 1961/1 1968/1
f 2995/1 1968/1 1987/1
f 1987/1 2997/1 2612/1
f 1987/1 2612/1 2995/1
f 2369/1 2373/1 2614/1
f 2369/1 2614/1 2370/1
f 2639/1 1995/1 1858/1
f 2639/1 1858/1 1857/1
f 2856/1 2794/1 797/1
f 2856/1 797/1 798/1
f 2997/1 2998/1 2613/1
f 2997/1 2613/1 2612/1
f 753/1 2999/1 821/1
f 753/1 821/1 752/1
f 753/1 1148/1 1150/1
f 753/1 1150/1 2999/1
f 821/1 2790/1 1498/1
f 821/1 1498/1 820/1
f 821/1 2999/1 1467/1
f 821/1 1467/1 2790/1
f 2558/1 2557/1 2302/1
f 2558/1 2302/1 2307/1
f 3000/1 3001/1 3002/1
f 3000/1 3002/1 3003/1
f 3001/1 3000/1 1886/1
f 3001/1 1886/1 1885/1
f 3004/1 3002/1 3001/1
f 3004/1 3001/1 1890/1
f 3002/1 1938/1 2987/1
f 3002/1 2987/1 3003/1
f 561/1 556/1 560/1
f 561/1 560/1 628/1
f 3005/1 3006/1 3007/1
f 3005/1 3007/1 3008/1
f 3009/1 3010/1 3005/1
f 3009/1 3005/1 3011/1
f 3006/1 3005/1 3010/1
f 3006/1 3010/1 3012/1
f 3013/1 3012/1 3010/1
f 3013/1 3010/1 3014/1
f 3006/1 3015/1 3016/1
f 3006/1 3016/1 3007/1
f 546/1 3015/1 3006/1
f 546/1 3006/1 3012/1
f 2394/1 2396/1 2416/1
f 2394/1 2416/1 2417/1
f 2394/1 2417/1 2543/1
f 2394/1 2543/1 2395/1
f 2185/1 1982/1 1981/1
f 2185/1 1981/1 2670/1
f 476/1 2993/1 2979/1
f 476/1 2979/1 475/1
f 561/1 628/1 2979/1
f 561/1 2979/1 2676/1
f 2993/1 2677/1 2676/1
f 2993/1 2676/1 2979/1
f 2042/1 2875/1 1571/1
f 2042/1 1571/1 1570/1
f 1571/1 2875/1 2876/1
f 1571/1 2876/1 3017/1
f 1568/1 1567/1 1571/1
f 1568/1 1571/1 3017/1
f 2991/1 2043/1 2042/1
f 2991/1 2042/1 1570/1
f 1517/1 3000/1 3003/1
f 1517/1 3003/1 1516/1
f 1886/1 3000/1 1517/1
f 1886/1 1517/1 1518/1
f 3003/1 2987/1 1519/1
f 3003/1 1519/1 1516/1
f 3018/1 1990/1 1989/1
f 3018/1 1989/1 3019/1
f 3018/1 3019/1 2747/1
f 3018/1 2747/1 2750/1
f 1990/1 3018/1 3020/1
f 1990/1 3020/1 1991/1
f 2205/1 2099/1 2097/1
f 2205/1 2097/1 2196/1
f 139/1 138/1 739/1
f 139/1 739/1 3021/1
f 139/1 3021/1 1191/1
f 139/1 1191/1 2825/1
f 135/1 139/1 2825/1
f 135/1 2825/1 2824/1
f 639/1 635/1 2825/1
f 639/1 2825/1 1191/1
f 151/1 2954/1 3022/1
f 151/1 3022/1 152/1
f 3022/1 2954/1 2956/1
f 3022/1 2956/1 3023/1
f 2263/1 2583/1 3024/1
f 2263/1 3024/1 2258/1
f 2265/1 2474/1 2263/1
f 2265/1 2263/1 2260/1
f 2584/1 2583/1 2263/1
f 2584/1 2263/1 2474/1
f 2583/1 2576/1 2579/1
f 2583/1 2579/1 3024/1
f 3025/1 3026/1 3024/1
f 3025/1 3024/1 2579/1
f 349/1 506/1 324/1
f 349/1 324/1 323/1
f 324/1 509/1 1715/1
f 324/1 1715/1 325/1
f 2527/1 2528/1 2192/1
f 2527/1 2192/1 2587/1
f 2515/1 2191/1 2192/1
f 2515/1 2192/1 2528/1
f 2192/1 2187/1 2580/1
f 2192/1 2580/1 2587/1
f 1338/1 1064/1 1022/1
f 1338/1 1022/1 1339/1
f 1880/1 1744/1 1746/1
f 1880/1 1746/1 2823/1
f 1887/1 1744/1 1880/1
f 1887/1 1880/1 1879/1
f 1744/1 1887/1 2837/1
f 1744/1 2837/1 1745/1
f 3027/1 1989/1 1758/1
f 3027/1 1758/1 1757/1
f 1013/1 1321/1 1014/1
f 1013/1 1014/1 1009/1
f 1972/1 1970/1 1755/1
f 1972/1 1755/1 1754/1
f 1972/1 1754/1 3028/1
f 1972/1 3028/1 2712/1
f 2258/1 3024/1 3026/1
f 2258/1 3026/1 2257/1
f 3025/1 2582/1 3029/1
f 3025/1 3029/1 3030/1
f 3026/1 3025/1 3030/1
f 3026/1 3030/1 3031/1
f 2987/1 1937/1 2988/1
f 2987/1 2988/1 1519/1
f 3004/1 1939/1 1938/1
f 3004/1 1938/1 3002/1
f 892/1 3032/1 1491/1
f 892/1 1491/1 2971/1
f 1491/1 3032/1 1489/1
f 1491/1 1489/1 1487/1
f 2183/1 2179/1 2252/1
f 2183/1 2252/1 2854/1
f 2179/1 2178/1 2251/1
f 2179/1 2251/1 2252/1
f 534/1 153/1 152/1
f 534/1 152/1 3022/1
f 424/1 3033/1 172/1
f 424/1 172/1 171/1
f 423/1 3033/1 424/1
f 423/1 424/1 419/1
f 3034/1 3035/1 193/1
f 3034/1 193/1 192/1
f 3034/1 192/1 191/1
f 3034/1 191/1 3036/1
f 194/1 193/1 3035/1
f 194/1 3035/1 3037/1
f 3035/1 3034/1 3038/1
f 3035/1 3038/1 2852/1
f 1757/1 1977/1 2048/1
f 1757/1 2048/1 3027/1
f 3039/1 1753/1 1752/1
f 3039/1 1752/1 2977/1
f 3039/1 3028/1 1754/1
f 3039/1 1754/1 1753/1
f 2976/1 2966/1 2736/1
f 2976/1 2736/1 2737/1
f 2976/1 1735/1 1738/1
f 2976/1 1738/1 2966/1
f 3040/1 2949/1 2036/1
f 3040/1 2036/1 2035/1
f 3040/1 2035/1 3041/1
f 3040/1 3041/1 1665/1
f 3042/1 2948/1 2949/1
f 3042/1 2949/1 3040/1
f 191/1 102/1 101/1
f 191/1 101/1 2801/1
f 1864/1 1859/1 1861/1
f 1864/1 1861/1 2733/1
f 2712/1 2734/1 2733/1
f 2712/1 2733/1 2711/1
f 86/1 2812/1 97/1
f 86/1 97/1 87/1
f 97/1 2812/1 582/1
f 97/1 582/1 581/1
f 3043/1 3044/1 3031/1
f 3043/1 3031/1 3030/1
f 2257/1 3026/1 3031/1
f 2257/1 3031/1 3045/1
f 3043/1 3046/1 2556/1
f 3043/1 2556/1 3047/1
f 3047/1 2115/1 3044/1
f 3047/1 3044/1 3043/1
f 3045/1 3031/1 3044/1
f 3045/1 3044/1 2114/1
f 3046/1 3043/1 3030/1
f 3046/1 3030/1 3029/1
f 3046/1 3029/1 3048/1
f 3046/1 3048/1 3049/1
f 2553/1 2556/1 3046/1
f 2553/1 3046/1 3049/1
f 1910/1 1637/1 1636/1
f 1910/1 1636/1 1957/1
f 2748/1 3050/1 1586/1
f 2748/1 1586/1 1588/1
f 2047/1 1587/1 1586/1
f 2047/1 1586/1 2048/1
f 2748/1 1588/1 511/1
f 2748/1 511/1 2749/1
f 3019/1 3050/1 2748/1
f 3019/1 2748/1 2747/1
f 2048/1 1586/1 3050/1
f 2048/1 3050/1 3027/1
f 2843/1 2380/1 2673/1
f 2843/1 2673/1 2925/1
f 2843/1 2925/1 2927/1
f 2843/1 2927/1 2844/1
f 2711/1 2733/1 1861/1
f 2711/1 1861/1 1774/1
f 2951/1 2939/1 2962/1
f 2951/1 2962/1 2868/1
f 2868/1 2962/1 3051/1
f 2868/1 3051/1 2869/1
f 2850/1 2849/1 3051/1
f 2850/1 3051/1 2962/1
f 3051/1 2849/1 2852/1
f 3051/1 2852/1 3038/1
f 3052/1 2869/1 3051/1
f 3052/1 3051/1 3038/1
f 321/1 153/1 534/1
f 321/1 534/1 533/1
f 534/1 3022/1 3023/1
f 534/1 3023/1 530/1
f 3028/1 3039/1 2737/1
f 3028/1 2737/1 2735/1
f 2977/1 2976/1 2737/1
f 2977/1 2737/1 3039/1
f 3027/1 3050/1 3019/1
f 3027/1 3019/1 1989/1
f 239/1 543/1 233/1
f 239/1 233/1 234/1
f 2712/1 3028/1 2735/1
f 2712/1 2735/1 2734/1
f 2684/1 2701/1 2681/1
f 2684/1 2681/1 2680/1
f 2684/1 2683/1 3053/1
f 2684/1 3053/1 2739/1
f 2413/1 2424/1 2543/1
f 2413/1 2543/1 2417/1
f 1815/1 1694/1 1699/1
f 1815/1 1699/1 1525/1
f 1820/1 1813/1 1821/1
f 1820/1 1821/1 2972/1
f 1821/1 1815/1 1525/1
f 1821/1 1525/1 1524/1
f 1821/1 1524/1 2988/1
f 1821/1 2988/1 2972/1
f 1857/1 1856/1 2989/1
f 1857/1 2989/1 2639/1
f 3054/1 2009/1 1939/1
f 3054/1 1939/1 3004/1
f 3054/1 1889/1 1854/1
f 3054/1 1854/1 3055/1
f 2009/1 3054/1 3055/1
f 2009/1 3055/1 2002/1
f 8/1 2/1 5/1
f 8/1 5/1 18/1
f 308/1 195/1 194/1
f 308/1 194/1 596/1
f 194/1 3037/1 3056/1
f 194/1 3056/1 596/1
f 195/1 304/1 190/1
f 195/1 190/1 189/1
f 1733/1 1728/1 1727/1
f 1733/1 1727/1 1925/1
f 2812/1 86/1 3057/1
f 2812/1 3057/1 2806/1
f 2051/1 3041/1 2035/1
f 2051/1 2035/1 2033/1
f 2051/1 2052/1 2961/1
f 2051/1 2961/1 3041/1
f 1715/1 1590/1 1714/1
f 1715/1 1714/1 1832/1
f 3058/1 1790/1 1787/1
f 3058/1 1787/1 1796/1
f 3058/1 3059/1 1903/1
f 3058/1 1903/1 1790/1
f 2172/1 2060/1 2061/1
f 2172/1 2061/1 2622/1
f 2060/1 2172/1 2171/1
f 2060/1 2171/1 3060/1
f 1223/1 1252/1 1224/1
f 1223/1 1224/1 1218/1
f 2450/1 2442/1 2549/1
f 2450/1 2549/1 2511/1
f 2550/1 3061/1 2549/1
f 2550/1 2549/1 2117/1
f 3061/1 3062/1 2511/1
f 3061/1 2511/1 2549/1
f 2510/1 2448/1 2511/1
f 2510/1 2511/1 3062/1
f 583/1 584/1 3023/1
f 583/1 3023/1 2956/1
f 530/1 3023/1 584/1
f 530/1 584/1 531/1
f 2956/1 2955/1 587/1
f 2956/1 587/1 583/1
f 3063/1 3064/1 598/1
f 3063/1 598/1 3056/1
f 598/1 3064/1 3065/1
f 598/1 3065/1 597/1
f 598/1 590/1 596/1
f 598/1 596/1 3056/1
f 2853/1 3066/1 3064/1
f 2853/1 3064/1 3063/1
f 3067/1 2108/1 2115/1
f 3067/1 2115/1 3047/1
f 2115/1 2105/1 2114/1
f 2115/1 2114/1 3044/1
f 3068/1 3069/1 3067/1
f 3068/1 3067/1 2555/1
f 3069/1 2109/1 2108/1
f 3069/1 2108/1 3067/1
f 339/1 3070/1 202/1
f 339/1 202/1 337/1
f 339/1 338/1 365/1
f 339/1 365/1 3071/1
f 412/1 3070/1 339/1
f 412/1 339/1 3071/1
f 203/1 202/1 3070/1
f 203/1 3070/1 411/1
f 856/1 863/1 22/1
f 856/1 22/1 1124/1
f 273/1 269/1 271/1
f 273/1 271/1 2702/1
f 1836/1 1835/1 3072/1
f 1836/1 3072/1 3073/1
f 3072/1 1835/1 1838/1
f 3072/1 1838/1 2077/1
f 3020/1 3073/1 3072/1
f 3020/1 3072/1 1993/1
f 2058/1 3058/1 1796/1
f 2058/1 1796/1 2055/1
f 2058/1 3074/1 3059/1
f 2058/1 3059/1 3058/1
f 3074/1 2058/1 2059/1
f 3074/1 2059/1 3075/1
f 3060/1 3075/1 2059/1
f 3060/1 2059/1 2060/1
f 893/1 3076/1 1364/1
f 893/1 1364/1 3077/1
f 1364/1 3076/1 1226/1
f 1364/1 1226/1 1361/1
f 3078/1 3077/1 1364/1
f 3078/1 1364/1 733/1
f 733/1 730/1 677/1
f 733/1 677/1 3078/1
f 1751/1 1613/1 1612/1
f 1751/1 1612/1 1752/1
f 1612/1 1611/1 2977/1
f 1612/1 2977/1 1752/1
f 1812/1 1811/1 1819/1
f 1812/1 1819/1 1537/1
f 1819/1 1818/1 2050/1
f 1819/1 2050/1 2687/1
f 2544/1 2444/1 2443/1
f 2544/1 2443/1 2622/1
f 1686/1 3079/1 1688/1
f 1686/1 1688/1 1683/1
f 1855/1 1883/1 2989/1
f 1855/1 2989/1 1856/1
f 1687/1 1695/1 1812/1
f 1687/1 1812/1 1539/1
f 1808/1 2620/1 1806/1
f 1808/1 1806/1 1801/1
f 675/1 1395/1 667/1
f 675/1 667/1 670/1
f 2166/1 2172/1 2622/1
f 2166/1 2622/1 2443/1
f 2061/1 2054/1 2057/1
f 2061/1 2057/1 2619/1
f 493/1 492/1 204/1
f 493/1 204/1 200/1
f 493/1 405/1 401/1
f 493/1 401/1 490/1
f 3047/1 2556/1 2555/1
f 3047/1 2555/1 3067/1
f 2554/1 3068/1 2555/1
f 2554/1 2555/1 2552/1
f 2994/1 572/1 3080/1
f 2994/1 3080/1 3081/1
f 2994/1 3081/1 2677/1
f 2994/1 2677/1 2993/1
f 1539/1 1812/1 1537/1
f 1539/1 1537/1 1534/1
f 2716/1 157/1 158/1
f 2716/1 158/1 3082/1
f 2819/1 2714/1 2716/1
f 2819/1 2716/1 3082/1
f 2122/1 2551/1 3083/1
f 2122/1 3083/1 3084/1
f 51/1 50/1 2739/1
f 51/1 2739/1 3053/1
f 48/1 47/1 51/1
f 48/1 51/1 158/1
f 3082/1 158/1 51/1
f 3082/1 51/1 3053/1
f 133/1 273/1 50/1
f 133/1 50/1 49/1
f 1837/1 2764/1 2765/1
f 1837/1 2765/1 1838/1
f 3085/1 3086/1 617/1
f 3085/1 617/1 616/1
f 2801/1 618/1 617/1
f 2801/1 617/1 3086/1
f 78/1 77/1 2746/1
f 78/1 2746/1 2982/1
f 551/1 3087/1 555/1
f 551/1 555/1 550/1
f 551/1 359/1 552/1
f 551/1 552/1 2781/1
f 2781/1 2822/1 3087/1
f 2781/1 3087/1 551/1
f 555/1 3087/1 3080/1
f 555/1 3080/1 572/1
f 2096/1 2095/1 2103/1
f 2096/1 2103/1 2524/1
f 2012/1 2663/1 1980/1
f 2012/1 1980/1 1969/1
f 1770/1 3088/1 2027/1
f 1770/1 2027/1 1773/1
f 1770/1 1769/1 1906/1
f 1770/1 1906/1 3088/1
f 2819/1 3082/1 3053/1
f 2819/1 3053/1 2683/1
f 2819/1 2683/1 2682/1
f 2819/1 2682/1 2820/1
f 2548/1 3045/1 2114/1
f 2548/1 2114/1 2112/1
f 3045/1 2548/1 2256/1
f 3045/1 2256/1 2257/1
f 3089/1 2788/1 2787/1
f 3089/1 2787/1 2782/1
f 2788/1 3089/1 737/1
f 2788/1 737/1 736/1
f 735/1 2789/1 2788/1
f 735/1 2788/1 736/1
f 3090/1 738/1 741/1
f 3090/1 741/1 3091/1
f 2980/1 1324/1 3090/1
f 2980/1 3090/1 3091/1
f 3090/1 1324/1 1326/1
f 3090/1 1326/1 2968/1
f 738/1 3090/1 2968/1
f 738/1 2968/1 2967/1
f 1501/1 1190/1 2968/1
f 1501/1 2968/1 1326/1
f 738/1 2967/1 3021/1
f 738/1 3021/1 739/1
f 1043/1 1096/1 1104/1
f 1043/1 1104/1 1035/1
f 1096/1 1092/1 1107/1
f 1096/1 1107/1 1106/1
f 1036/1 1035/1 1104/1
f 1036/1 1104/1 1103/1
f 1104/1 1096/1 1106/1
f 1104/1 1106/1 1102/1
f 1980/1 2663/1 2658/1
f 1980/1 2658/1 1983/1
f 2100/1 2210/1 2363/1
f 2100/1 2363/1 2101/1
f 2876/1 2874/1 2647/1
f 2876/1 2647/1 2641/1
f 2741/1 315/1 479/1
f 2741/1 479/1 478/1
f 479/1 317/1 3092/1
f 479/1 3092/1 10/1
f 1598/1 2015/1 2004/1
f 1598/1 2004/1 1850/1
f 1851/1 1850/1 2004/1
f 1851/1 2004/1 2003/1
f 2003/1 2002/1 3055/1
f 2003/1 3055/1 1851/1
f 2770/1 2773/1 2043/1
f 2770/1 2043/1 2991/1
f 3093/1 2803/1 2806/1
f 3093/1 2806/1 3057/1
f 2803/1 3093/1 3071/1
f 2803/1 3071/1 365/1
f 413/1 412/1 3071/1
f 413/1 3071/1 3093/1
f 348/1 2697/1 351/1
f 348/1 351/1 343/1
f 2675/1 2315/1 2313/1
f 2675/1 2313/1 2241/1
f 2807/1 525/1 2698/1
f 2807/1 2698/1 2696/1
f 78/1 2984/1 79/1
f 78/1 79/1 71/1
f 2774/1 2798/1 2773/1
f 2774/1 2773/1 2768/1
f 1140/1 1134/1 1139/1
f 1140/1 1139/1 1141/1
f 3057/1 515/1 413/1
f 3057/1 413/1 3093/1
f 3057/1 86/1 88/1
f 3057/1 88/1 515/1
f 515/1 88/1 92/1
f 515/1 92/1 512/1
f 2006/1 3088/1 1906/1
f 2006/1 1906/1 1997/1
f 462/1 451/1 422/1
f 462/1 422/1 421/1
f 3048/1 3029/1 2582/1
f 3048/1 2582/1 2581/1
f 2582/1 3025/1 2579/1
f 2582/1 2579/1 2578/1
f 701/1 696/1 3094/1
f 701/1 3094/1 3095/1
f 91/1 93/1 516/1
f 91/1 516/1 513/1
f 1353/1 1352/1 2636/1
f 1353/1 2636/1 2637/1
f 2817/1 2634/1 2636/1
f 2817/1 2636/1 1352/1
f 3096/1 1348/1 1353/1
f 3096/1 1353/1 2637/1
f 1395/1 675/1 732/1
f 1395/1 732/1 3097/1
f 732/1 737/1 1214/1
f 732/1 1214/1 3097/1
f 2207/1 2206/1 2264/1
f 2207/1 2264/1 2259/1
f 317/1 316/1 2829/1
f 317/1 2829/1 3092/1
f 2605/1 2603/1 2606/1
f 2605/1 2606/1 2880/1
f 699/1 3098/1 3094/1
f 699/1 3094/1 696/1
f 3065/1 3099/1 3100/1
f 3065/1 3100/1 597/1
f 3065/1 3064/1 3066/1
f 3065/1 3066/1 609/1
f 1458/1 837/1 836/1
f 1458/1 836/1 3101/1
f 3102/1 3103/1 1458/1
f 3102/1 1458/1 3101/1
f 3088/1 2006/1 2710/1
f 3088/1 2710/1 2027/1
f 176/1 3013/1 3104/1
f 176/1 3104/1 167/1
f 176/1 546/1 3012/1
f 176/1 3012/1 3013/1
f 3104/1 3013/1 3014/1
f 3104/1 3014/1 3105/1
f 3104/1 3105/1 3106/1
f 3104/1 3106/1 3107/1
f 2786/1 1295/1 1298/1
f 2786/1 1298/1 2784/1
f 1212/1 845/1 1395/1
f 1212/1 1395/1 3097/1
f 2365/1 2545/1 2372/1
f 2365/1 2372/1 2366/1
f 2372/1 2621/1 2689/1
f 2372/1 2689/1 2373/1
f 2782/1 1210/1 1213/1
f 2782/1 1213/1 3089/1
f 2474/1 2473/1 2344/1
f 2474/1 2344/1 2584/1
f 394/1 386/1 389/1
f 394/1 389/1 2695/1
f 2103/1 2998/1 2222/1
f 2103/1 2222/1 2524/1
f 2102/1 2613/1 2998/1
f 2102/1 2998/1 2103/1
f 2223/1 2222/1 2998/1
f 2223/1 2998/1 2997/1
f 1747/1 3108/1 1671/1
f 1747/1 1671/1 1670/1
f 3108/1 1747/1 302/1
f 3108/1 302/1 3109/1
f 1673/1 1671/1 3108/1
f 1673/1 3108/1 3110/1
f 2717/1 2741/1 478/1
f 2717/1 478/1 160/1
f 10/1 3092/1 362/1
f 10/1 362/1 4/1
f 362/1 3092/1 2829/1
f 362/1 2829/1 363/1
f 2656/1 3111/1 2882/1
f 2656/1 2882/1 2657/1
f 2882/1 3111/1 3112/1
f 2882/1 3112/1 3113/1
f 2883/1 2462/1 2340/1
f 2883/1 2340/1 2881/1
f 2883/1 2882/1 3113/1
f 2883/1 3113/1 3114/1
f 858/1 857/1 1126/1
f 858/1 1126/1 1131/1
f 2931/1 2930/1 2934/1
f 2931/1 2934/1 3115/1
f 814/1 1483/1 1253/1
f 814/1 1253/1 1257/1
f 333/1 3116/1 395/1
f 333/1 395/1 334/1
f 206/1 3116/1 333/1
f 206/1 333/1 198/1
f 333/1 335/1 199/1
f 333/1 199/1 198/1
f 2811/1 3117/1 3118/1
f 2811/1 3118/1 3119/1
f 3120/1 3121/1 3118/1
f 3120/1 3118/1 3117/1
f 2811/1 2809/1 2810/1
f 2811/1 2810/1 3117/1
f 3122/1 577/1 2811/1
f 3122/1 2811/1 3119/1
f 3123/1 3120/1 3117/1
f 3123/1 3117/1 2810/1
f 2852/1 2851/1 3037/1
f 2852/1 3037/1 3035/1
f 2996/1 2689/1 1808/1
f 2996/1 1808/1 1807/1
f 336/1 334/1 395/1
f 336/1 395/1 394/1
f 395/1 3116/1 255/1
f 395/1 255/1 257/1
f 3124/1 3125/1 623/1
f 3124/1 623/1 622/1
f 1506/1 1508/1 3125/1
f 1506/1 3125/1 3124/1
f 302/1 1747/1 1654/1
f 302/1 1654/1 303/1
f 3126/1 3118/1 3121/1
f 3126/1 3121/1 3127/1
f 3126/1 3128/1 3119/1
f 3126/1 3119/1 3118/1
f 3126/1 3127/1 3129/1
f 3126/1 3129/1 3130/1
f 2373/1 2689/1 2996/1
f 2373/1 2996/1 2614/1
f 1961/1 2995/1 2996/1
f 1961/1 2996/1 1807/1
f 2833/1 2931/1 3115/1
f 2833/1 3115/1 2834/1
f 206/1 256/1 255/1
f 206/1 255/1 3116/1
f 263/1 256/1 206/1
f 263/1 206/1 205/1
f 67/1 66/1 633/1
f 67/1 633/1 1505/1
f 354/1 16/1 15/1
f 354/1 15/1 745/1
f 699/1 703/1 824/1
f 699/1 824/1 3098/1
f 1459/1 3131/1 958/1
f 1459/1 958/1 1433/1
f 1459/1 1460/1 2634/1
f 1459/1 2634/1 2817/1
f 2816/1 3131/1 1459/1
f 2816/1 1459/1 2817/1
f 308/1 589/1 595/1
f 308/1 595/1 309/1
f 716/1 1275/1 717/1
f 716/1 717/1 707/1
f 998/1 997/1 1215/1
f 998/1 1215/1 1195/1
f 2158/1 2562/1 2213/1
f 2158/1 2213/1 2159/1
f 2851/1 2848/1 2853/1
f 2851/1 2853/1 3063/1
f 2851/1 3063/1 3056/1
f 2851/1 3056/1 3037/1
f 69/1 62/1 65/1
f 69/1 65/1 622/1
f 1198/1 1072/1 1071/1
f 1198/1 1071/1 1143/1
f 1013/1 1012/1 970/1
f 1013/1 970/1 972/1
f 1039/1 1110/1 1111/1
f 1039/1 1111/1 1350/1
f 2227/1 2226/1 2304/1
f 2227/1 2304/1 2454/1
f 716/1 1393/1 1392/1
f 716/1 1392/1 1275/1
f 1394/1 1393/1 716/1
f 1394/1 716/1 715/1
f 2213/1 2211/1 2161/1
f 2213/1 2161/1 2159/1
f 2585/1 2584/1 2344/1
f 2585/1 2344/1 2343/1
f 687/1 993/1 688/1
f 687/1 688/1 684/1
f 689/1 688/1 992/1
f 689/1 992/1 3132/1
f 823/1 690/1 689/1
f 823/1 689/1 3133/1
f 3134/1 3133/1 689/1
f 3134/1 689/1 3132/1
f 3101/1 836/1 838/1
f 3101/1 838/1 3135/1
f 838/1 1186/1 1169/1
f 838/1 1169/1 3135/1
f 2793/1 1186/1 838/1
f 2793/1 838/1 833/1
f 3136/1 3102/1 3101/1
f 3136/1 3101/1 3135/1
f 1030/1 1245/1 812/1
f 1030/1 812/1 1027/1
f 2307/1 1387/1 1388/1
f 2307/1 1388/1 2558/1
f 1001/1 995/1 998/1
f 1001/1 998/1 1500/1
f 1460/1 681/1 2635/1
f 1460/1 2635/1 2634/1
f 1680/1 1674/1 3137/1
f 1680/1 3137/1 3138/1
f 1680/1 3138/1 3139/1
f 1680/1 3139/1 1681/1
f 3140/1 3137/1 1674/1
f 3140/1 1674/1 1673/1
f 979/1 976/1 980/1
f 979/1 980/1 1378/1
f 575/1 3141/1 3142/1
f 575/1 3142/1 574/1
f 991/1 3142/1 3132/1
f 991/1 3132/1 992/1
f 3141/1 3134/1 3132/1
f 3141/1 3132/1 3142/1
f 574/1 3142/1 991/1
f 574/1 991/1 408/1
f 893/1 728/1 895/1
f 893/1 895/1 3076/1
f 1183/1 1227/1 895/1
f 1183/1 895/1 894/1
f 893/1 3077/1 3032/1
f 893/1 3032/1 892/1
f 1180/1 1179/1 1274/1
f 1180/1 1274/1 1267/1
f 2832/1 2656/1 2653/1
f 2832/1 2653/1 2654/1
f 990/1 485/1 491/1
f 990/1 491/1 400/1
f 3141/1 3122/1 3143/1
f 3141/1 3143/1 3134/1
f 575/1 577/1 3122/1
f 575/1 3122/1 3141/1
f 1482/1 1484/1 1245/1
f 1482/1 1245/1 1244/1
f 813/1 812/1 1245/1
f 813/1 1245/1 1484/1
f 1111/1 956/1 3131/1
f 1111/1 3131/1 2816/1
f 354/1 136/1 56/1
f 354/1 56/1 54/1
f 52/1 46/1 56/1
f 52/1 56/1 129/1
f 858/1 1131/1 1132/1
f 858/1 1132/1 1167/1
f 67/1 1505/1 1506/1
f 67/1 1506/1 3124/1
f 622/1 65/1 67/1
f 622/1 67/1 3124/1
f 3096/1 2839/1 1349/1
f 3096/1 1349/1 1348/1
f 2839/1 3096/1 2638/1
f 2839/1 2638/1 693/1
f 1239/1 1340/1 1303/1
f 1239/1 1303/1 1302/1
f 1300/1 1299/1 1303/1
f 1300/1 1303/1 1342/1
f 1360/1 1237/1 1239/1
f 1360/1 1239/1 1302/1
f 1227/1 1226/1 3076/1
f 1227/1 3076/1 895/1
f 1264/1 1263/1 1416/1
f 1264/1 1416/1 1413/1
f 2513/1 2335/1 2403/1
f 2513/1 2403/1 2402/1
f 2575/1 2407/1 2406/1
f 2575/1 2406/1 2334/1
f 2878/1 2879/1 3144/1
f 2878/1 3144/1 2880/1
f 2638/1 3096/1 2637/1
f 2638/1 2637/1 2630/1
f 1300/1 1305/1 1078/1
f 1300/1 1078/1 1080/1
f 1305/1 1300/1 1342/1
f 1305/1 1342/1 1306/1
f 956/1 955/1 958/1
f 956/1 958/1 3131/1
f 741/1 742/1 861/1
f 741/1 861/1 3091/1
f 2507/1 2451/1 2453/1
f 2507/1 2453/1 2506/1
f 2836/1 3145/1 3146/1
f 2836/1 3146/1 2831/1
f 2832/1 2725/1 2831/1
f 2832/1 2831/1 3146/1
f 2625/1 3147/1 602/1
f 2625/1 602/1 517/1
f 3148/1 3106/1 602/1
f 3148/1 602/1 3147/1
f 3105/1 603/1 602/1
f 3105/1 602/1 3106/1
f 603/1 3149/1 128/1
f 603/1 128/1 127/1
f 3111/1 2656/1 2832/1
f 3111/1 2832/1 3146/1
f 2216/1 2595/1 2879/1
f 2216/1 2879/1 2215/1
f 2879/1 2595/1 2596/1
f 2879/1 2596/1 3144/1
f 1003/1 3150/1 997/1
f 1003/1 997/1 996/1
f 2867/1 1372/1 997/1
f 2867/1 997/1 3150/1
f 2574/1 2287/1 2289/1
f 2574/1 2289/1 2297/1
f 2902/1 2901/1 116/1
f 2902/1 116/1 115/1
f 2902/1 2923/1 641/1
f 2902/1 641/1 538/1
f 2902/1 115/1 117/1
f 2902/1 117/1 2923/1
f 2889/1 2920/1 2514/1
f 2889/1 2514/1 2400/1
f 2437/1 2908/1 2083/1
f 2437/1 2083/1 2084/1
f 2616/1 2921/1 2610/1
f 2616/1 2610/1 2609/1
f 2610/1 2918/1 2611/1
f 2610/1 2611/1 2608/1
f 2616/1 1398/1 1399/1
f 2616/1 1399/1 2921/1
f 679/1 1438/1 26/1
f 679/1 26/1 213/1
f 1460/1 1440/1 679/1
f 1460/1 679/1 681/1
f 1469/1 971/1 2791/1
f 1469/1 2791/1 2792/1
f 2791/1 971/1 970/1
f 2791/1 970/1 1012/1
f 2535/1 2534/1 2492/1
f 2535/1 2492/1 2422/1
f 2844/1 2927/1 2596/1
f 2844/1 2596/1 2594/1
f 1249/1 1251/1 2776/1
f 1249/1 2776/1 1257/1
f 2776/1 811/1 814/1
f 2776/1 814/1 1257/1
f 819/1 1085/1 1086/1
f 819/1 1086/1 817/1
f 2900/1 2421/1 2420/1
f 2900/1 2420/1 3151/1
f 3152/1 2536/1 2535/1
f 3152/1 2535/1 2900/1
f 3153/1 2537/1 2536/1
f 3153/1 2536/1 3152/1
f 2859/1 2911/1 2910/1
f 2859/1 2910/1 2963/1
f 2859/1 2963/1 2945/1
f 2859/1 2945/1 2928/1
f 2420/1 2419/1 3154/1
f 2420/1 3154/1 3151/1
f 2521/1 2512/1 2464/1
f 2521/1 2464/1 2465/1
f 2513/1 2512/1 2521/1
f 2513/1 2521/1 2572/1
f 2440/1 2439/1 2481/1
f 2440/1 2481/1 2276/1
f 2897/1 2896/1 2910/1
f 2897/1 2910/1 2909/1
f 2592/1 2891/1 2842/1
f 2592/1 2842/1 2593/1
f 2386/1 2232/1 2425/1
f 2386/1 2425/1 2388/1
f 2386/1 2385/1 2231/1
f 2386/1 2231/1 2232/1
f 314/1 3155/1 545/1
f 314/1 545/1 458/1
f 3155/1 314/1 221/1
f 3155/1 221/1 2935/1
f 3155/1 2935/1 2938/1
f 3155/1 2938/1 3156/1
f 547/1 545/1 3155/1
f 547/1 3155/1 3156/1
f 3144/1 2596/1 2927/1
f 3144/1 2927/1 2926/1
f 3152/1 2900/1 3151/1
f 3152/1 3151/1 3157/1
f 2243/1 2235/1 2238/1
f 2243/1 2238/1 2531/1
f 2537/1 3158/1 2538/1
f 2537/1 2538/1 2530/1
f 270/1 268/1 272/1
f 270/1 272/1 438/1
f 1470/1 918/1 910/1
f 1470/1 910/1 1471/1
f 2464/1 2512/1 2174/1
f 2464/1 2174/1 2173/1
f 1425/1 1109/1 1108/1
f 1425/1 1108/1 1422/1
f 871/1 3159/1 1425/1
f 871/1 1425/1 872/1
f 905/1 904/1 1109/1
f 905/1 1109/1 3160/1
f 1109/1 1425/1 3159/1
f 1109/1 3159/1 3160/1
f 167/1 3104/1 3107/1
f 167/1 3107/1 168/1
f 168/1 3161/1 2975/1
f 168/1 2975/1 166/1
f 1413/1 1412/1 1265/1
f 1413/1 1265/1 1264/1
f 1266/1 1265/1 1414/1
f 1266/1 1414/1 1228/1
f 1414/1 1415/1 1250/1
f 1414/1 1250/1 1222/1
f 1414/1 1222/1 1221/1
f 1414/1 1221/1 1228/1
f 3107/1 3162/1 3161/1
f 3107/1 3161/1 168/1
f 3153/1 3152/1 3157/1
f 3153/1 3157/1 3163/1
f 3158/1 2537/1 3153/1
f 3158/1 3153/1 3164/1
f 2670/1 1981/1 1983/1
f 2670/1 1983/1 2671/1
f 2247/1 2317/1 2854/1
f 2247/1 2854/1 2252/1
f 2906/1 2086/1 2078/1
f 2906/1 2078/1 2978/1
f 872/1 1421/1 1436/1
f 872/1 1436/1 873/1
f 869/1 868/1 873/1
f 869/1 873/1 1434/1
f 2865/1 1086/1 1087/1
f 2865/1 1087/1 3165/1
f 832/1 2800/1 2792/1
f 832/1 2792/1 835/1
f 1470/1 1469/1 2792/1
f 1470/1 2792/1 2800/1
f 918/1 1470/1 2800/1
f 918/1 2800/1 919/1
f 3016/1 3156/1 2938/1
f 3016/1 2938/1 2942/1
f 117/1 3166/1 2924/1
f 117/1 2924/1 2923/1
f 2922/1 640/1 2924/1
f 2922/1 2924/1 3167/1
f 2081/1 2080/1 2087/1
f 2081/1 2087/1 2912/1
f 2978/1 2078/1 2081/1
f 2978/1 2081/1 2915/1
f 1396/1 1448/1 1399/1
f 1396/1 1399/1 1173/1
f 3148/1 3162/1 3107/1
f 3148/1 3107/1 3106/1
f 1457/1 3159/1 871/1
f 1457/1 871/1 870/1
f 3103/1 3168/1 1457/1
f 3103/1 1457/1 1456/1
f 3168/1 3160/1 3159/1
f 3168/1 3159/1 1457/1
f 1768/1 1767/1 3169/1
f 1768/1 3169/1 1663/1
f 3169/1 3042/1 1664/1
f 3169/1 1664/1 1663/1
f 3169/1 1767/1 2929/1
f 3169/1 2929/1 2950/1
f 1768/1 1663/1 1662/1
f 1768/1 1662/1 1904/1
f 1181/1 1266/1 1228/1
f 1181/1 1228/1 1182/1
f 2876/1 2641/1 2640/1
f 2876/1 2640/1 3017/1
f 1568/1 3017/1 2640/1
f 1568/1 2640/1 1573/1
f 2478/1 2477/1 2490/1
f 2478/1 2490/1 2486/1
f 908/1 3168/1 3103/1
f 908/1 3103/1 3102/1
f 3103/1 1456/1 1455/1
f 3103/1 1455/1 1458/1
f 237/1 3170/1 235/1
f 237/1 235/1 227/1
f 3171/1 238/1 235/1
f 3171/1 235/1 3170/1
f 1947/1 3170/1 237/1
f 1947/1 237/1 1945/1
f 3172/1 3171/1 3170/1
f 3172/1 3170/1 1947/1
f 3085/1 616/1 232/1
f 3085/1 232/1 2870/1
f 2821/1 2820/1 2682/1
f 2821/1 2682/1 2685/1
f 1820/1 2960/1 2846/1
f 1820/1 2846/1 1816/1
f 2846/1 1666/1 2961/1
f 2846/1 2961/1 2052/1
f 2315/1 2675/1 3173/1
f 2315/1 3173/1 2569/1
f 3081/1 3080/1 2821/1
f 3081/1 2821/1 2685/1
f 2330/1 2329/1 2332/1
f 2330/1 2332/1 2570/1
f 2330/1 2570/1 3174/1
f 2330/1 3174/1 2575/1
f 2575/1 3174/1 3175/1
f 2575/1 3175/1 2407/1
f 3166/1 3008/1 3167/1
f 3166/1 3167/1 2924/1
f 3008/1 3007/1 3176/1
f 3008/1 3176/1 3167/1
f 3011/1 3005/1 3008/1
f 3011/1 3008/1 3166/1
f 3167/1 3176/1 3177/1
f 3167/1 3177/1 2922/1
f 1599/1 1598/1 1850/1
f 1599/1 1850/1 1853/1
f 1851/1 3055/1 1854/1
f 1851/1 1854/1 1852/1
f 3177/1 2940/1 2939/1
f 3177/1 2939/1 2951/1
f 3080/1 3087/1 2822/1
f 3080/1 2822/1 2821/1
f 2429/1 2426/1 2425/1
f 2429/1 2425/1 2457/1
f 2229/1 2457/1 2425/1
f 2229/1 2425/1 2232/1
f 3178/1 496/1 495/1
f 3178/1 495/1 502/1
f 183/1 182/1 496/1
f 183/1 496/1 3178/1
f 883/1 882/1 1172/1
f 883/1 1172/1 1345/1
f 2331/1 2349/1 2471/1
f 2331/1 2471/1 2565/1
f 1064/1 1338/1 1115/1
f 1064/1 1115/1 1063/1
f 3036/1 3086/1 3085/1
f 3036/1 3085/1 3052/1
f 3038/1 3034/1 3036/1
f 3038/1 3036/1 3052/1
f 3036/1 191/1 2801/1
f 3036/1 2801/1 3086/1
f 3085/1 2870/1 2869/1
f 3085/1 2869/1 3052/1
f 1484/1 1483/1 814/1
f 1484/1 814/1 813/1
f 609/1 608/1 3099/1
f 609/1 3099/1 3065/1
f 607/1 606/1 609/1
f 607/1 609/1 3066/1
f 1373/1 2866/1 3179/1
f 1373/1 3179/1 3180/1
f 1373/1 1372/1 2867/1
f 1373/1 2867/1 2866/1
f 1370/1 1373/1 3180/1
f 1370/1 3180/1 1473/1
f 2472/1 2269/1 2267/1
f 2472/1 2267/1 2272/1
f 1577/1 1826/1 1580/1
f 1577/1 1580/1 1574/1
f 337/1 202/1 199/1
f 337/1 199/1 335/1
f 1986/1 2223/1 2997/1
f 1986/1 2997/1 1987/1
f 183/1 3178/1 239/1
f 183/1 239/1 238/1
f 3178/1 502/1 543/1
f 3178/1 543/1 239/1
f 2077/1 1994/1 1993/1
f 2077/1 1993/1 3072/1
f 3149/1 603/1 3105/1
f 3149/1 3105/1 3014/1
f 3149/1 3009/1 113/1
f 3149/1 113/1 128/1
f 2677/1 3081/1 2685/1
f 2677/1 2685/1 2678/1
f 1993/1 1992/1 1991/1
f 1993/1 1991/1 3020/1
f 568/1 288/1 287/1
f 568/1 287/1 443/1
f 568/1 443/1 444/1
f 568/1 444/1 565/1
f 510/1 511/1 1588/1
f 510/1 1588/1 1584/1
f 3073/1 2750/1 2745/1
f 3073/1 2745/1 1836/1
f 1985/1 2219/1 2223/1
f 1985/1 2223/1 1986/1
f 2462/1 2883/1 3114/1
f 2462/1 3114/1 2463/1
f 2750/1 3073/1 3020/1
f 2750/1 3020/1 3018/1
f 2758/1 2757/1 80/1
f 2758/1 80/1 79/1
f 883/1 1344/1 884/1
f 883/1 884/1 878/1
f 2713/1 1138/1 2628/1
f 2713/1 2628/1 2629/1
f 1182/1 1220/1 1183/1
f 1182/1 1183/1 1178/1
f 1197/1 1394/1 1072/1
f 1197/1 1072/1 1198/1
f 1072/1 1394/1 715/1
f 1072/1 715/1 938/1
f 2961/1 1660/1 1665/1
f 2961/1 1665/1 3041/1
f 3007/1 3016/1 2942/1
f 3007/1 2942/1 3176/1
f 3176/1 2942/1 2940/1
f 3176/1 2940/1 3177/1
f 2755/1 714/1 713/1
f 2755/1 713/1 3181/1
f 2755/1 3181/1 3182/1
f 2755/1 3182/1 2756/1
f 178/1 183/1 238/1
f 178/1 238/1 3171/1
f 1519/1 2988/1 1524/1
f 1519/1 1524/1 1520/1
f 1467/1 2999/1 1150/1
f 1467/1 1150/1 1437/1
f 2880/1 3144/1 2926/1
f 2880/1 2926/1 2605/1
f 3181/1 713/1 719/1
f 3181/1 719/1 1118/1
f 3181/1 1118/1 1119/1
f 3181/1 1119/1 3182/1
f 1541/1 184/1 3079/1
f 1541/1 3079/1 1686/1
f 184/1 1541/1 40/1
f 184/1 40/1 42/1
f 179/1 178/1 3171/1
f 179/1 3171/1 3172/1
f 966/1 999/1 973/1
f 966/1 973/1 965/1
f 1107/1 1092/1 1095/1
f 1107/1 1095/1 1423/1
f 3033/1 457/1 173/1
f 3033/1 173/1 172/1
f 457/1 3033/1 423/1
f 457/1 423/1 454/1
f 2127/1 2123/1 2195/1
f 2127/1 2195/1 2194/1
f 3112/1 3111/1 3146/1
f 3112/1 3146/1 3145/1
f 3095/1 3094/1 3130/1
f 3095/1 3130/1 3129/1
f 3098/1 3183/1 3130/1
f 3098/1 3130/1 3094/1
f 3130/1 3183/1 3128/1
f 3130/1 3128/1 3126/1
f 764/1 763/1 1336/1
f 764/1 1336/1 1335/1
f 2193/1 774/1 2195/1
f 2193/1 2195/1 3084/1
f 1887/1 1886/1 1518/1
f 1887/1 1518/1 2837/1
f 3066/1 2853/1 613/1
f 3066/1 613/1 607/1
f 3184/1 1151/1 1149/1
f 3184/1 1149/1 1307/1
f 1153/1 1025/1 1151/1
f 1153/1 1151/1 3184/1
f 1330/1 1329/1 2283/1
f 1330/1 2283/1 2282/1
f 2190/1 2189/1 2193/1
f 2190/1 2193/1 3185/1
f 768/1 767/1 2517/1
f 768/1 2517/1 2516/1
f 3079/1 3172/1 1947/1
f 3079/1 1947/1 1688/1
f 3186/1 891/1 1021/1
f 3186/1 1021/1 1158/1
f 889/1 887/1 891/1
f 889/1 891/1 3186/1
f 2166/1 2443/1 2169/1
f 2166/1 2169/1 2163/1
f 3143/1 3122/1 3119/1
f 3143/1 3119/1 3128/1
f 3098/1 824/1 3187/1
f 3098/1 3187/1 3183/1
f 3048/1 3185/1 3083/1
f 3048/1 3083/1 3049/1
f 2553/1 3049/1 3083/1
f 2553/1 3083/1 2551/1
f 2581/1 2190/1 3185/1
f 2581/1 3185/1 3048/1
f 3084/1 3083/1 3185/1
f 3084/1 3185/1 2193/1
f 2190/1 2581/1 2580/1
f 2190/1 2580/1 2187/1
f 1681/1 3139/1 2799/1
f 1681/1 2799/1 2774/1
f 352/1 2985/1 2986/1
f 352/1 2986/1 600/1
f 2405/1 3154/1 2419/1
f 2405/1 2419/1 2404/1
f 3077/1 3078/1 1489/1
f 3077/1 1489/1 3032/1
f 677/1 678/1 1489/1
f 677/1 1489/1 3078/1
f 3015/1 547/1 3156/1
f 3015/1 3156/1 3016/1
f 1214/1 1207/1 1212/1
f 1214/1 1212/1 3097/1
f 95/1 3123/1 2810/1
f 95/1 2810/1 94/1
f 1890/1 3001/1 1885/1
f 1890/1 1885/1 1884/1
f 3187/1 824/1 823/1
f 3187/1 823/1 3133/1
f 3134/1 3143/1 3187/1
f 3134/1 3187/1 3133/1
f 3187/1 3143/1 3128/1
f 3187/1 3128/1 3183/1
f 1889/1 3054/1 3004/1
f 1889/1 3004/1 1890/1
f 1255/1 1254/1 1356/1
f 1255/1 1356/1 2808/1
f 2407/1 3175/1 3154/1
f 2407/1 3154/1 2405/1
f 3154/1 3175/1 3157/1
f 3154/1 3157/1 3151/1
f 861/1 860/1 2980/1
f 861/1 2980/1 3091/1
f 2980/1 860/1 862/1
f 2980/1 862/1 2981/1
f 2967/1 1189/1 1191/1
f 2967/1 1191/1 3021/1
f 592/1 588/1 591/1
f 592/1 591/1 3188/1
f 597/1 3100/1 3188/1
f 597/1 3188/1 591/1
f 1255/1 2808/1 2780/1
f 1255/1 2780/1 1256/1
f 3175/1 3174/1 3163/1
f 3175/1 3163/1 3157/1
f 411/1 3070/1 412/1
f 411/1 412/1 409/1
f 1213/1 1214/1 737/1
f 1213/1 737/1 3089/1
f 3174/1 2570/1 2571/1
f 3174/1 2571/1 3163/1
f 2568/1 3164/1 2571/1
f 2568/1 2571/1 2566/1
f 2871/1 2872/1 2564/1
f 2871/1 2564/1 2160/1
f 3164/1 3153/1 3163/1
f 3164/1 3163/1 2571/1
f 687/1 694/1 994/1
f 687/1 994/1 993/1
f 3173/1 3158/1 3164/1
f 3173/1 3164/1 2568/1
f 1888/1 1877/1 1883/1
f 1888/1 1883/1 1855/1
f 547/1 3015/1 546/1
f 547/1 546/1 175/1
f 1889/1 1888/1 1855/1
f 1889/1 1855/1 1854/1
f 325/1 1715/1 1832/1
f 325/1 1832/1 327/1
f 3014/1 3010/1 3009/1
f 3014/1 3009/1 3149/1
f 114/1 113/1 3009/1
f 114/1 3009/1 3011/1
f 2991/1 1570/1 1569/1
f 2991/1 1569/1 2990/1
f 3109/1 302/1 301/1
f 3109/1 301/1 2864/1
f 3110/1 3108/1 3109/1
f 3110/1 3109/1 2863/1
f 1284/1 1283/1 2326/1
f 1284/1 2326/1 2325/1
f 3189/1 1015/1 2981/1
f 3189/1 2981/1 862/1
f 1185/1 1004/1 3189/1
f 1185/1 3189/1 3190/1
f 1015/1 3189/1 1004/1
f 1015/1 1004/1 1007/1
f 2123/1 2122/1 3084/1
f 2123/1 3084/1 2195/1
f 735/1 734/1 1363/1
f 735/1 1363/1 2789/1
f 678/1 672/1 673/1
f 678/1 673/1 1488/1
f 673/1 671/1 674/1
f 673/1 674/1 3191/1
f 3110/1 3192/1 3140/1
f 3110/1 3140/1 1673/1
f 3190/1 3189/1 862/1
f 3190/1 862/1 859/1
f 363/1 2829/1 494/1
f 363/1 494/1 482/1
f 1270/1 420/1 426/1
f 1270/1 426/1 1271/1
f 1283/1 3193/1 2706/1
f 1283/1 2706/1 2326/1
f 1283/1 1282/1 1288/1
f 1283/1 1288/1 3193/1
f 3193/1 2845/1 1051/1
f 3193/1 1051/1 2706/1
f 3193/1 1288/1 1061/1
f 3193/1 1061/1 2845/1
f 3190/1 859/1 858/1
f 3190/1 858/1 1167/1
f 1185/1 1184/1 1005/1
f 1185/1 1005/1 1004/1
f 1005/1 1184/1 1186/1
f 1005/1 1186/1 2793/1
f 1168/1 3136/1 3135/1
f 1168/1 3135/1 1169/1
f 907/1 3136/1 1168/1
f 907/1 1168/1 906/1
f 2863/1 3109/1 2864/1
f 2863/1 2864/1 2860/1
f 309/1 595/1 2864/1
f 309/1 2864/1 301/1
f 1185/1 3190/1 1167/1
f 1185/1 1167/1 1166/1
f 2947/1 2950/1 2929/1
f 2947/1 2929/1 2946/1
f 3165/1 3179/1 2866/1
f 3165/1 2866/1 2865/1
f 3192/1 3110/1 2863/1
f 3192/1 2863/1 2862/1
f 1304/1 1069/1 1068/1
f 1304/1 1068/1 1306/1
f 52/1 131/1 133/1
f 52/1 133/1 49/1
f 1304/1 1306/1 1342/1
f 1304/1 1342/1 1341/1
f 110/1 125/1 128/1
f 110/1 128/1 113/1
f 2916/1 2669/1 1873/1
f 2916/1 1873/1 2965/1
f 117/1 114/1 3011/1
f 117/1 3011/1 3166/1
f 502/1 503/1 544/1
f 502/1 544/1 543/1
f 3042/1 3169/1 2950/1
f 3042/1 2950/1 2948/1
f 1665/1 1664/1 3042/1
f 1665/1 3042/1 3040/1
f 3136/1 907/1 908/1
f 3136/1 908/1 3102/1
f 2912/1 2087/1 1872/1
f 2912/1 1872/1 2897/1
f 3160/1 3168/1 908/1
f 3160/1 908/1 905/1
f 2928/1 2945/1 2946/1
f 2928/1 2946/1 2929/1
f 184/1 179/1 3172/1
f 184/1 3172/1 3079/1
f 2922/1 3177/1 2951/1
f 2922/1 2951/1 643/1
f 3191/1 1485/1 1488/1
f 3191/1 1488/1 673/1
f 2837/1 1518/1 1515/1
f 2837/1 1515/1 1650/1
f 60/1 272/1 265/1
f 60/1 265/1 63/1
f 265/1 264/1 68/1
f 265/1 68/1 63/1
f 3158/1 3173/1 2675/1
f 3158/1 2675/1 2538/1
f 1032/1 1003/1 1002/1
f 1032/1 1002/1 1028/1
f 1003/1 1032/1 2867/1
f 1003/1 2867/1 3150/1
f 2569/1 3173/1 2568/1
f 2569/1 2568/1 2567/1
f 2154/1 2157/1 2145/1
f 2154/1 2145/1 2160/1
f 430/1 429/1 428/1
f 430/1 428/1 436/1
# 6088 faces, 1 coords texture

# End of File
