####
#
# OBJ File Generated by Meshlab
#
####
# Object kskirt_original.obj
#
# Vertices: 1417
# Faces: 2762
#
####
mtllib ./kskirt_original.obj.mtl

v -202.7099655359370161 -270.4437353351103184 131.0267684346660531
v -212.8596383669428747 -285.9724674014276502 120.9015062004580301
v -192.4700771266714980 -286.9061266712132010 132.5768067880281649
v -249.9862792438869405 -328.1494189527523417 43.3612569867206972
v -19.0881597840568986 -284.7862620846771051 140.8435820523556288
v -9.6744088743420988 -315.8568296414419478 134.9540074254292392
v 6.3103522892282573 -300.1996540811249474 137.9695451690924131
v -260.2111873765327346 -281.5515125759967532 31.8851215372691179
v -253.0884630917497873 -297.4234783592694384 55.0325275229327175
v -40.9252809288694763 -304.3215790957829086 137.1463553642493309
v -119.7124165183782765 326.8757960648277958 159.3889687622840086
v -88.7202046744478281 302.7409238665314319 171.5609213647970535
v -78.7848960323969152 325.5262700381811101 174.0030749156586580
v -144.1967402271538674 312.1294351403119549 151.4276483620375302
v -119.0054649091359664 298.7037796180159717 161.3346315002570464
v -148.4299407170259144 -274.3499835155138271 142.7956468147718567
v -172.9022779016191862 -286.2493664730282035 138.7877031669541168
v -139.3941855958383655 -297.5699189111912801 137.8373594845459422
v -74.2240293382443923 -298.2566281481833244 138.2381193060303417
v -73.1864177722841305 -318.6349397879492926 134.2519494499789232
v -266.3495543454448580 -155.8368584663675733 89.5406828304485458
v -272.1325168423002197 -171.1523087003805017 69.9359453060909146
v -258.6830034159640945 -172.2011238091163818 98.5716134044388070
v -278.5610244801324029 -32.1982334989305556 103.5159567569656218
v -264.9871206400196684 -49.8751326267505135 119.8824789284749528
v -266.1640453242141575 -10.3822873953968102 123.7503379910842654
v -15.7796373066579996 -240.6687371745230735 148.7202713740815057
v -25.3588160674076093 -222.4739879616164444 151.8377809315377078
v -33.1608458091160827 -253.8247937753929193 146.4247195771960151
v -267.2215998871809006 -202.5642561504759271 67.8735492519216734
v -277.3447895235476039 -186.7090668952855310 38.5947425289792747
v -190.7881639784390586 319.4296083436092886 129.6962872792946087
v -204.1056759511478447 291.5462587183637879 126.1846041557164000
v -260.7846867136588571 -254.8878407226391687 58.1260410031594006
v -265.8173572775232856 -250.1670615905962052 34.7842598832772083
v -257.5062859915538525 -277.0675738050546215 54.2989315169969586
v -28.7820568353236581 -34.2330640018102130 172.8935787479018984
v -53.5716626916934544 -45.2139982548078194 172.6087116890446680
v -42.5614126936735886 -65.8376594212564612 171.9262167343299552
v -242.4978911277326574 -315.7230434507846439 73.8409959855195126
v -206.4257189458582502 -321.9196734479028237 115.6305905147336546
v -181.2006487685943625 -340.7522876753410515 123.6870431558967880
v -187.8709594879141207 -322.1912989094404338 125.9040665234610827
v -228.4407150431860600 -288.5277963088578872 105.8596849392293535
v -223.9305809384160852 -317.7674424470317263 101.3796610753208114
v -201.1582575898694643 -302.1133412401793521 124.0617688456077161
v -169.4015219744377418 -315.1909384983227369 133.1698346025924877
v -146.6220136200411730 -317.8238401371805253 134.2852607030619367
v -301.5469981228220036 -24.4476617558491078 36.4842391760264775
v -299.6381239965323857 -8.2797290008357400 53.7646273079367205
v -296.1029168874551942 24.0881811747043315 69.6586777726518989
v -150.5823105463734350 -338.5451091475230783 130.1341581165711148
v -283.2223085396969964 -154.8244059353144735 39.5713045740801661
v -277.0066336713035753 -139.3358131805240419 72.5836314762169081
v -270.9005761998511161 -127.9378722418525598 90.7032029596457789
v -285.6749171952248503 -107.1005492668285513 63.0918242289114488
v -229.3991764004726974 -343.0497854113108360 85.3904668552565198
v -208.1854696574647505 -342.1862375207242053 108.2286757862922997
v -114.3235009288879951 241.8098059160626292 158.2277382495213658
v -146.6770986648905080 252.2029399068289877 150.5907909258741597
v -138.3183115708407911 226.0245438091518793 151.2467451137875116
v -119.4689438441852616 -335.5239178175259553 130.6684392967664792
v -243.1259343313828936 -343.2152017479132269 57.1644707491107411
v -198.9205082438919305 228.8186359879023257 136.1599830226995209
v -209.5710819154153626 261.1933166497240677 126.7879834450548913
v -222.3412783703933826 240.0876267975463065 122.6661390314240947
v -288.1281015723752148 154.8810684574096967 57.6561600436669082
v -105.8339098821860205 -307.9811535897718500 136.3142649031209999
v -267.0118645000716242 245.4384526444860626 55.3311658430022391
v -256.0984969367010535 254.3102422475602111 79.3424766666584418
v -258.5632302896005967 273.2821005066378461 60.1913502087389460
v -285.2902545503079637 138.9034232130945554 76.0770987676563948
v -275.5546407102683588 153.7267466041181478 91.5025924326110385
v -56.8172127380135379 -332.3115753943968684 131.5771352769965290
v -262.1182652513597873 233.7425297083947839 78.8524569648077858
v -273.9569671498532557 216.3719605415221565 56.0963689660181473
v -261.5962699705905266 212.9103997424065255 90.3987498511881000
v -244.2617179484271048 327.2243839928731859 55.1254374783861749
v -251.4963740310738274 300.8692298426287266 56.6699028464416088
v -263.1979620679313712 275.3442547577255937 35.6699960851984130
v -266.8672086851798326 261.2892549009123400 21.9294208353460931
v 3.8459758837347113 324.2141774314351323 182.0736787943050388
v -22.1539234820747915 305.5545214938552476 182.6064400694167205
v -27.9086180472609584 285.0737889774306382 181.4420085444324968
v -276.5281053730397502 185.4444943512680766 72.9692843623245722
v -55.4561492500501387 256.5635475917800363 174.8672330711652023
v -22.1373426993442166 265.1726699617640293 179.4226188954706913
v -57.7010260297152868 275.7652224081629129 177.3505046603121400
v -240.5822234862965558 264.9142170109512335 98.7416355140218798
v -243.3882906747968207 228.9187885213679863 108.3015621437120899
v -98.5120895458792916 -280.5447712034397796 141.4252105787927007
v -76.0386923782134545 -260.6048255215457630 145.1839934227862443
v -229.4562534421362443 311.5712499983467296 96.6400097884893938
v -214.5421272367978247 322.6610186668785900 110.2862472932642390
v -233.6130096149608164 344.7077370256110385 70.7365783377609745
v -177.4845153824022361 242.4799113414592284 141.8684125982944124
v -163.4187840745439360 210.3487494115603340 146.6439658855104824
v -173.6164836033061363 272.0170904141872370 142.4498453793798092
v -145.6696433975214404 282.2489417496014426 152.1641344905186770
v -168.7860064732950320 301.5930961531427101 143.2034649833492210
v -88.0835371608912112 -333.5456692357143993 131.1332884492775293
v -164.8261701242608410 330.5525961497646108 140.7393994675318538
v -207.3821077053036674 339.8506154989065067 111.8258075130952136
v -84.3605642018227257 -225.9108733319878581 151.1273865069923090
v -58.2648762724468057 -239.3948609690845899 148.8718243340119045
v -188.4804068831546999 258.8458462769135053 137.4086311066361361
v -286.3523803429580994 36.8711356208389418 94.0058991342240802
v -293.3246109955961174 63.4100716274463565 76.1765834640398225
v -55.9292887939264816 302.0246110237058588 179.4630115245115292
v -37.6096079889180217 324.6381273198774693 181.3275550858617464
v -266.5605678345563092 -234.5019756151847901 48.8097021919867160
v -52.4835603394321097 -278.7343109313155765 141.9111656859878963
v -25.2560843010727751 -331.6113366992739770 131.8190535028085719
v -15.1916182702101814 -265.3652258156552648 144.3950360256223178
v 6.1330876016330080 -331.3275980547970221 131.9531505831420475
v -11.7617682180668108 -159.9330487244958476 162.0678935876516960
v -34.6111691774457242 -191.0735434295403934 157.1329690408704494
v -118.0211306221301157 -290.9793801798974755 139.3879735595306215
v -126.6715437468862007 -258.3451066384502610 145.5283440396893582
v -224.1129810628848702 279.6041802453182186 111.9413433283164352
v -244.3103203678060993 -221.0988998949268307 105.6598519640286042
v -258.4606021531578222 -216.7149294265310857 83.3004591920678905
v -246.5804713267029058 -240.1486763184056770 97.3832894321171096
v -27.3433975870676775 -128.7142673932115997 166.2706268892563060
v -4.2342886037387268 -128.6088527641154826 166.2864822627424246
v -25.5025852710006120 -97.2591868791517697 169.6711727108098842
v -12.7825111404852052 -65.7456015338044466 171.9251919498417465
v 9.0003539986145586 -81.4972069546585658 170.9589468362176774
v -235.9191777185668286 -303.7013657061999083 91.2688149105424174
v -125.1793423877294060 -316.6797891576360371 134.5571509965459711
v -15.5028648938144133 -2.7275502736115773 172.7261704144853525
v -62.4919971419843066 38.0825690590913695 170.6095413834682120
v -31.8596343410370828 28.7987700340274309 171.2475676000541398
v -48.1373226661808786 60.3209796892811525 168.3724368457079947
v -116.4628249062676275 270.2081155038493421 160.7373318312531012
v -91.1972239267734466 280.7715134072802812 169.5703753691269640
v -100.8723179098464442 -24.1681258792170972 173.0674121346264940
v -120.5848650652501277 -36.7453404463031958 173.1744963564281079
v -96.8177868683287386 -45.7779751562963142 172.7529069266383885
v -28.2094901672261358 90.4990981300054074 163.8230500407099157
v -56.9492947926679705 82.8763365871387947 165.1149578473678901
v -47.8453512025009360 -2.6297812276634676 172.7348522965540099
v -246.7442641283296041 -289.8762630077189897 76.9044913403443928
v -172.3626885680635894 -200.2226696526482215 154.4670785530381920
v -161.6155318371345970 -232.3387131327379507 149.9658105612561201
v -138.9754747741615972 -226.3644268262637240 150.9533573749160098
v -229.0650505995867547 -257.8861874186518435 114.1467716624017612
v -5.5146474346475474 122.0177843689289006 159.7074234206030496
v -14.8570434064586276 153.1947337671158209 160.8912567642685758
v -29.8565606428594421 122.3094334285001850 159.6005925163153734
v -77.7455803304337962 250.4795402584728095 168.9172307027318141
v -7.8647200691922130 246.8389300347319306 176.5073258007327297
v -39.8465513246238885 214.8947049156878109 169.0335379849273068
v -31.9229061473596438 247.2124582234678769 175.9943348061407562
v -12.8926812301839000 215.5623577669721556 171.2744307709641589
v -106.7415465346305155 214.9906431668760547 156.5718477186300106
v -80.4021671568449960 226.1009766117668676 163.5493059236011391
v -243.1562633464608894 -261.4265529934674532 95.5917934302410544
v -287.8632811404165750 117.3472427056730965 76.9441585601407922
v -293.5319283518905422 123.5298250952000956 49.8033171115487079
v -294.9711863506340137 90.7471765771791468 61.9164309642331006
v -55.6112486551757002 106.1634817250372862 161.6322220069734783
v -81.6884559204664953 80.4288863973493733 165.6270507162286378
v -192.5022139076444319 14.9625213649332220 170.9816648114450288
v -183.5839981129246894 -9.7083246351288537 172.7935298443283045
v -163.0580829635592863 5.5794564177024322 173.6365935595831900
v -189.6160408125770118 -252.8410697533070106 140.6752871076403153
v -179.4759479893711216 -218.6812260274577113 150.3049681691234696
v -209.3481509887163554 -238.5149740988488816 133.9921377961368023
v -242.2806368162323736 312.3153241378136045 72.6369893561984838
v -242.3293889232332106 288.0625556656434014 85.7272409756063638
v -254.7550275015240402 180.6265564381969853 112.3184409911124391
v -264.9708277181004519 192.9395262949470577 93.3736186194315962
v -4.0637483446953206 -222.3086522260412607 151.8916339321147007
v 7.2908868135250167 -206.7036600735957279 154.5811635497704799
v -58.7998022608594368 -214.5569405541470758 153.1118528823278382
v -71.4367882468027631 -192.1858721476802998 156.8774752991977550
v -164.6279721984682567 -252.8563609196029631 146.0149900128316744
v -252.5066273055285819 -268.6285196023835624 75.2509842969705289
v -260.8733248146726851 -234.5726051438440436 70.0356602911233921
v -101.3214268331958863 -258.2879144524621893 145.5573258661705154
v -111.6010860921499273 -234.7351313579010252 149.5580614792734480
v -143.6265915898712251 -245.7468897465720943 147.4744097827982330
v -111.7896924957101845 -199.9175717359732403 155.4235824568080773
v -133.9390505053178515 -206.5121520330576175 154.1764427635226298
v -89.0693568096833417 -205.9616124742403827 154.4796983710053269
v -291.4564979601858568 -42.1521379493910899 72.5121038218264147
v -291.7236788507971141 -9.3460345324658540 80.3422863508795047
v -258.9506333694409363 52.8182100469946008 132.2877139324611733
v -263.1254902300798335 79.0057486040384020 125.9176305248892760
v -277.6071919246913922 56.8058192071024948 108.8664026276344714
v -212.9919737391112733 -70.6987419127244152 160.7909660576135025
v -242.0218844901758359 -78.7119002878688292 140.6229079544171441
v -222.0184827710400270 -105.4954834407793527 151.2024721210104019
v -65.7282665557482488 -136.5064062374439402 165.2344200840551594
v -64.7111852228495223 -157.9022597874067344 162.3244927148397494
v -43.6987737879636811 -141.8413306531678018 164.5408712741867419
v -15.7783131469260436 59.9889034573716344 168.2904771155162109
v 9.3357233582052803 44.2640921208328066 169.9686480732017912
v -68.2895138814586744 15.1125659342124461 172.0696750482467792
v -29.5760230106041284 183.5069147448762124 164.5771647652747731
v -6.2249267148684329 184.2350068521000139 166.4638390657972877
v -49.2621215146660631 135.0036691725937885 158.9071127930416765
v -68.5780079865381822 176.3513397843083794 159.3519844052488850
v -100.1564771587513292 155.7716752642580218 155.9307816918768026
v -72.3888936373760572 151.2606775770541958 157.4715509271152030
v -204.7822640020148128 -215.9821854885967696 141.1936553421872702
v -274.0195826335260563 -107.6929092443106981 91.5397264772680614
v -284.9028054127378482 -80.2702405470286919 77.8160889575523100
v -279.4891798512060177 196.4987755389835797 50.5472530778261628
v -284.3921173046362014 175.5795043482002313 51.3716173547793460
v -242.8283207958015737 203.1416819090680974 116.6369749398846523
v -219.6679956169270724 215.0668917385717691 129.3634856381406451
v -122.9984397947663837 189.6752652958928138 153.3475878579132825
v -95.2553705000809714 184.6672125886102833 156.7606383531094991
v -192.8769511117878039 197.1971719249142154 142.1924172130552222
v -223.9340813258814364 177.7569065536979167 135.3113808654353249
v -215.6789932104925072 195.7394217476531821 135.0358635257289848
v -195.8108169860704777 173.8814019079406137 145.2119965225089970
v -176.1126398423666330 154.0781440536817399 152.0916165949373351
v -166.9543596454595900 177.1814958207848179 149.2778232222618726
v -126.1945698970033902 166.7848499281206500 153.6031391717482109
v -137.3337469951859191 145.7531172755806779 155.2577400862049899
v -138.8543314303363729 205.9501901572482154 150.6692157253032747
v -76.7309515716472816 201.1781027142000653 160.3859804394192849
v -50.9489628399878498 196.6620041334200835 163.7062361234865477
v 6.1190054507444742 199.7628638215510648 168.7255499457069448
v -16.2325114494192029 -203.8593995126528569 155.0173878232064055
v -53.6261835293526659 -177.4396839396512178 159.2714064069512858
v -39.0498216855549884 -160.1869304456252507 161.9986342764541973
v -90.0904451650752947 -161.5684205367581399 161.7965329580604532
v -95.0884112295300810 -183.1213539742281569 158.3523474375145952
v -229.4597653440340252 -219.6917441338589185 122.6370305461859544
v -298.3076658700258577 -57.4356932055125711 38.3144582142378951
v -282.0797083786413282 12.4454894598376562 102.5505176536131415
v -271.5552407713298635 30.0704700117325068 118.2996359570577170
v -269.9862957198819799 124.8626551947917278 109.5517877048946076
v -255.3522005117710023 152.2240210537004259 119.4626051491205772
v -4.2741630833192623 -34.2555516883885574 172.9074190957089172
v -46.1433338552077004 -85.6661338825847452 170.5945150491186268
v -70.3361697064663218 -62.7927598748412237 172.1273047826679488
v -77.2775186512686787 -32.3565339162777121 172.9514733142694638
v -4.1162886999728210 90.9622316320811564 163.6863046409125104
v 8.4132791456277829 106.4133218803761309 161.4075408865417671
v -297.1105794146083667 108.0453545072274011 30.4404056975434969
v -300.2288719534712982 76.4064921368046441 31.6269449328351655
v -280.9780535393841774 89.3742877670877789 99.1982057896001095
v -44.5863522990771628 154.0491507127681530 159.1226399396742011
v -72.7230654959918041 128.9407447651057339 158.9589047102097936
v -262.7052710177518975 -187.0341999244266162 85.3455720831269957
v -251.7844421021525818 -202.6220586013839124 100.0004853851107640
v -263.3463370445051055 -97.7869854338767510 112.1600945160354712
v -268.6013743278784318 -75.6973873286938641 109.6805881463002805
v -227.9740811536449598 147.8163193400215505 140.3131927503289944
v -203.2709601994205002 153.3563848843064363 147.7403240858397737
v -169.9853152141757562 129.1886504957927002 157.3106021903041380
v -135.5275240342040206 116.6212692540204330 159.9796015748983962
v -87.5802643472885336 -115.1677333590367596 167.9801977042378951
v -89.7596815784652762 -141.2692706200981547 164.6231994662169882
v -151.5287738650453377 -193.2757246936743059 156.7152830036818898
v -219.3688046040998358 -195.7082406645737649 136.2072267390491902
v -245.4756960762513245 -48.6420865987860793 141.4016750788612740
v -188.2729743825357787 -186.0819218173665490 153.4676603595204938
v -129.2972373510292812 -186.7241853450946962 157.7818418528259485
v -128.7722943755523204 -166.6788135196721612 161.1049070584114418
v -291.9128379471151220 -61.9821783735328111 63.6159611941167569
v -52.5390599038497115 -23.4708694220991845 172.9362051768383708
v -6.0607884802682204 28.6566358798425789 171.1921256077988005
v -300.1647711080121894 58.5657656640606632 50.4246013433497282
v -195.8188886032191647 65.6008190601556578 165.8584332363472527
v -218.5773831183912819 56.9607804390386292 160.0863979358886979
v -203.1621257838862675 39.6026929169437381 166.3840670777713058
v -250.1446717766937127 129.7970846209775573 129.3772684137854299
v -259.1657344820727644 -139.2113306512877955 107.1391111011095774
v -247.0332648684369587 -107.2599090119612697 130.1435999511816135
v -279.6187632740184767 -55.2300000394808563 96.0446445441373413
v -224.8651153050679454 19.7781794203788692 159.0992310984997289
v -232.9021661275498047 40.1809131713750887 153.2192825371030267
v -251.6710594857998160 29.0575799322462274 140.1700107827910244
v -69.2315556580691123 -93.6415134048548765 169.9993570645506793
v -198.2111731471320866 -156.6842400937918853 154.8667560178721487
v -221.2650589124223188 -169.0632797639503053 140.2595470095361065
v -52.2783501242763791 -114.4130313984168765 167.9776875579634350
v -111.7897500678724327 -152.3485035829366723 163.1034555846355545
v -111.9831464753326458 -132.0315062959764703 165.8779962570828559
v -145.1808902832405010 -141.0124872619908842 164.7102370611200399
v -164.4305917973797477 -164.8729244772313791 161.5771139332591986
v -217.6432978146049493 -9.2129392077556567 162.7308485504957218
v -246.4092632305773236 2.0592065563800901 145.3750869437561164
v -246.8573934271683754 -23.4569945309947769 143.0710720390185884
v -263.8142605504808103 10.8670334871845427 128.5013770516104898
v -144.2762704120983699 -11.5673642977670941 173.1129171716759458
v -119.3090198918624054 17.4566971216119882 172.4143365548260931
v -76.5339972045594834 -9.1798237000243130 172.9190256436203299
v -106.0422865662659859 -4.3829687127724393 172.9086741688461757
v -93.0850036128113487 29.4339176425004112 171.5730345477363130
v -135.5380021677351579 -64.2992621591031082 172.2650979958184791
v -135.6774419447262687 55.3503488874669074 169.7438978661753595
v -92.4278749527878887 63.2296289564944232 168.2802983572288156
v -109.8029577771816321 79.5532138093910390 166.0069348716779700
v -106.6822932652336249 129.8201019714486506 158.2654710446658726
v -170.0791578386577783 48.8030238211646719 171.1419111678765432
v -212.6444451388514096 129.7993759930354543 149.9433919612724821
v -164.4599536001317972 102.6075601519792997 162.6797935570045297
v -95.3657708784287053 96.7507210565133136 163.1129549914082588
v -119.3799603101978448 101.6559844252987830 162.4453251689888020
v -238.8675402633063527 -193.1742595149091812 119.4769291030905976
v -245.9733728756824291 -171.2300541482949541 116.6558701235380511
v -244.0983281519362720 -150.4011712522581661 123.7396180544716628
v -232.9567445373713497 -121.8698469407883636 141.0005928532681878
v -112.6069638822730639 -111.4734543656381334 168.5079617156655445
v -97.8711386634506084 -66.3658034089550029 171.9739670857075282
v -98.8626694707388225 -90.3405328807118764 170.3818665105990249
v -204.4149420923704099 -129.0029457292102961 156.9318579636675395
v -176.3044012004186527 -140.1261868528795560 163.6965640002270561
v -192.4767094397637379 -104.5254615933110784 165.3688510829297513
v -129.2861950103080062 -95.7067420094072361 170.1620559950944198
v -159.5402050753220067 -40.4077359762428472 173.6356148328247855
v -227.6422812681143171 -142.2745151164364756 140.9504359855081930
v -157.9808170028090331 -113.4076141855918110 168.7612907440372965
v -117.9601617022978957 38.7034733146214904 170.9713363655357909
v -198.6882736557718943 -40.6150533325372436 169.0191334299301502
v -179.9664052396549607 -29.2201867473303629 173.0623688132126290
v -135.1791663948076803 87.3472755638428708 165.0556009480789328
v -205.9722690814744794 90.7336471190482996 159.2673418122957969
v -164.6728324273004205 75.3437100215047764 167.4071819732747883
v -148.8586115227734865 24.8768852543543275 172.3801617193092000
v -192.8098795427561356 -83.6820820268174685 167.7618495216546819
v -178.2601620956519071 -54.5277463186788580 172.3701211342112174
v -225.6565367907765847 -36.5673618638959397 157.0234092160916930
v -173.9123584595872387 28.5190614409086400 172.5023528764875493
v -170.8422653349674647 -74.9591164631826672 172.3150706326592285
v -193.3603960727085394 113.8378854974501451 158.1065949056961131
v -231.6329187239569762 115.3725981412189299 144.8245473849388247
v -239.3642153071141365 66.8069788883451707 147.3923464227143256
v -255.1646188926989396 104.1656355791927382 129.8247883454565397
v -235.7555000612647120 91.5165594391750545 146.6623429197035478
v -170.8277916933755876 -95.5727715878307009 170.5886081452708538
v -147.4302576915618204 -81.9172995082295472 171.3967255580345750
v -241.4766530847188051 284.9140722848919154 -48.9528726450922278
v -227.3963099620792150 275.1935078080667836 -73.1544134072843946
v -223.5736565612755840 301.8436386888611196 -68.1424227641033440
v -255.2573906749629771 -312.6284936716372727 28.9636336778721102
v -250.6839271917082215 -343.7738244383115784 26.5838883508991906
v -254.7918851998021808 -328.2081080149590662 10.9220839887365315
v -250.8264873798937629 296.1034753374290744 -22.1171175987426700
v -260.7776629098632384 271.3629670210337395 -10.3828285737220387
v -247.9561811727450049 263.5372866350692789 -44.9088888237003871
v -263.9470449855147649 -265.3119945944306437 15.9270162848246439
v -258.4977131689499288 -297.5903915720905388 -3.3414537542110132
v -262.5937422250238455 -264.5385816810766073 -9.0071878142746868
v -175.1702296039177043 254.0772707357631930 -126.3858994638385127
v -158.5216038373396259 227.0634334771143301 -144.7903149772596976
v -142.5663426497107480 242.3504200341064347 -145.8241382949433387
v -258.7210471007848014 -296.8499214499810819 18.0450500766009156
v -273.1478825247635882 230.9591459518244960 23.3777637212940270
v -268.3240952800069294 243.4226900417465629 2.4771574255150259
v -213.9192770421834382 211.5533202480715147 -110.3464217172572717
v -195.6111336984916136 195.6007994953661182 -131.5900084124776299
v -180.0758384056767341 220.2847258906934087 -135.1552336469566740
v -271.5777975445028574 -218.4199750695591433 37.1689794450692972
v -275.6037037069454527 -202.3620281733252284 25.6384958744452831
v -125.7594164657854918 304.8225720517601189 -126.5020685728445926
v -97.0150521250927369 303.3585004510829890 -131.1431332890238082
v -117.5170633126882649 322.0183175907172313 -120.8937109296881829
v -26.4951293483445873 -62.3896280802717271 -116.1471279545207977
v -6.9577973115597223 -77.6672994614103516 -111.8899889595814727
v -294.4441592628833178 -105.3797864235038162 4.0732189653869222
v -296.8691678238242275 -72.5403947823604653 -9.6577302189357042
v -298.5238723681730448 -73.2646065258479950 18.8254292215882728
v -92.3549079943409197 281.5496702668044691 -141.0509339519473997
v -56.2082144056385573 292.4173600766387722 -137.6644011946876560
v -282.3276831959229867 -169.9650440558444018 6.4779966685100216
v -166.9262068581149663 197.3621507130833947 -149.9110709493803313
v -269.4674438791719808 -218.0273789806830109 -16.2262763842465745
v -275.6743102067397899 -201.6995683310765912 3.4621134918732723
v -269.4193711236857780 -233.5994283418839927 4.6441160407789335
v -236.5074961302584029 -321.8878705854709779 -62.9167127401846926
v -247.2894725049216049 -321.7440668385806362 -44.0222199527505964
v -247.5525772864449721 -342.2740005248717239 -39.5090114945160096
v -204.5559593466074375 174.1249091254310031 -130.5463517694801965
v -221.7738010814395579 182.0222898822727018 -110.6246794918871501
v -205.3793218679372785 -338.7311708615114298 -89.7997921039110878
v -173.9181962768402911 -336.8884701785223115 -100.3305120480438717
v -191.0678034849631786 -327.7369719823293508 -97.2002444994310792
v -230.2153078582229284 144.7936426482382615 -112.3393281715799930
v -213.5711381770036041 152.4801826324552962 -128.1376476448910182
v -239.2356912120873176 158.2108696059794966 -96.0587036661609801
v -21.0157333486481726 118.3172645531413707 -180.3923874254250279
v -4.3428812161915227 134.5737432937090148 -180.7970160962132411
v -293.9711003200341111 -90.0265573366165768 39.5716845503510797
v -213.1916570266901374 129.7970846209775573 -133.7265804405012659
v -192.5248512818446045 154.1944513358772326 -145.3056549160718305
v -224.1313235537805610 -312.5749976184663410 -77.5997327717832519
v -192.6381532971702200 -309.0348968755970418 -97.6409133437933860
v -211.2917641577129189 -297.1262908576888435 -88.6275653081569885
v -123.1092892359797304 283.0351817407067756 -135.9441680152557126
v -301.5117409306546392 27.6797629450654874 -14.0145381411776739
v -303.9547350350852071 12.4570844933165983 7.2495212149419581
v -303.0316114709930275 -6.6802822178230103 -1.9218739205276456
v -257.0292660839411951 178.1149708596511232 -59.4986649813044011
v -268.1192995844194797 191.4733360386988181 -28.6586739343865595
v -273.9448654813464259 167.6571833306679480 -27.4972707051371437
v -275.8332899756015877 120.3630798245800548 -48.9289917121872335
v -289.8603097615570050 122.1007113114466591 -8.2354214647612611
v -287.6993616800330074 103.4758519887360393 -28.3951200899976222
v -121.3945369263948351 227.5242871215646119 -157.5375631683612880
v -110.8633794338288965 198.2659300306565342 -169.1923565517348038
v -93.5941142436670646 225.7204131048028728 -163.3016995681579715
v -29.5662011997227516 300.0671805357670792 -134.7517333905487078
v -31.3220024609982772 274.8503662065711524 -145.0947105135550999
v -296.7360609846815009 92.2822346539214777 2.3068935128504617
v -300.0786086099754471 60.3042837622260564 1.4538582990923303
v -291.8707872398011318 79.0350873779255636 -27.1991275056630357
v -65.9586012625137812 275.4020572086335505 -144.8199876696879471
v -275.7457687745355770 94.2407244696457980 -59.8485425257843815
v -253.6275918480073983 -319.6989539475214883 -22.3525762279492497
v -254.1130978923369241 -296.6225689812205815 -29.6325416022937311
v -170.8968667736538407 163.2854987616982783 -156.9760158121201243
v -182.3858983874514479 180.7391791020079097 -145.6481517093502021
v -156.4846546788888304 323.5228048493000870 -109.4143514391500958
v -141.2915107463787763 157.4848961543268331 -171.1508924251889709
v -166.4175568045573357 140.6498517263543135 -163.4638227770791161
v -279.2743665993855302 200.4069696584715246 24.9690698005633358
v -270.3980172810604472 211.4373583988495398 -10.5355214624651747
v -279.6448319490892800 140.3112813545419897 -29.0680120080475568
v -285.4319166127623362 152.5255149530179892 -1.4758623795077066
v -278.8591561651741131 182.6960799260538693 -0.5766658060503599
v -75.0329873045770910 196.5873330389702858 -173.5104068943440723
v -209.5986014089750995 237.7408472906828365 -106.2377037566214995
v -235.0415937348215607 248.8761325106966353 -71.7258983740184561
v -236.3563807187611872 222.0847310581513625 -78.5285099222092384
v -259.7395562233075452 290.3901751569071052 21.7008363223132328
v -255.3970722550356527 301.3448449894821692 3.9257536289768957
v -251.3258568008953375 317.4040124155559965 21.5790711991355941
v -246.3129334886856441 320.2181397067725470 -12.1671395697481870
v -242.7168495752358126 342.1276405739770894 21.8964319863717272
v -236.7308300620932471 341.8886930717375776 -16.9763265141559359
v -292.4339581310180165 139.2609693695874000 28.2141016974230823
v -260.9848305785357638 239.9700874710784717 -24.3742802778338756
v -249.5805106442859653 232.2441911567412376 -52.8996401132936427
v -108.2758907165608520 254.9346699194205712 -150.4550357672676171
v -205.2991583892079461 263.7753475260099663 -101.1185598050441286
v -180.6541392611352421 276.4145903407138576 -115.1722930742876798
v -141.3222542810250673 213.5553806761933799 -156.2765485839714756
v -189.3942267858258219 238.2617947580990005 -123.0563170894853045
v -236.1105821292129008 314.8861054135940662 -43.3226606091423250
v -217.8686928298486976 322.1386779531358115 -65.8287127072414364
v -197.6953265732920784 338.4046330716112152 -78.1574688508828785
v -221.0796995788134609 340.6026000534677678 -51.0472673070449900
v -201.4881575940455321 289.3744755559025634 -95.0852159745247150
v -178.0534895475747987 298.5792049733200884 -108.4347150405845639
v -178.5686107121703685 330.9041663158150186 -94.7327707116079836
v -286.2985964289758272 170.1193835084281147 26.1141225357312123
v -93.4554574480826687 181.6863563154918495 -176.4450787788983916
v -198.9648503232638177 314.3442592512779470 -87.1755147749595949
v -4.7904702344573566 229.8289007767896237 -162.6730806428851395
v -4.7230532324521475 259.8506532248186431 -151.3968127119316591
v -27.1791211792780452 245.2248138647756264 -157.1819629509527942
v -91.3346947358153187 -301.5962626220670018 -103.6536463402240713
v -90.6216980495358087 -321.1148031050904592 -102.8620291091637853
v -51.5780999147210011 -309.2078666798877862 -103.3147765931680198
v -40.5428751127132045 85.8900550504746292 -177.3537402158310670
v -31.9803401364291524 -292.1715614870905142 -103.5971104768858169
v -23.2513985823518929 -315.4694150471690932 -103.0781895495811540
v -246.9569241812815790 196.3691115151440556 -69.9999310072254985
v -256.7357632007452253 206.3776519475883049 -47.6930901049747575
v -39.8879917670178656 -331.4757081994243322 -102.4876718812913055
v -6.3835380218917885 -331.2227015751612953 -102.5915435764388661
v -143.3576950488246666 129.3717299717760909 -174.1272350407862746
v -189.6953522233049512 109.2158426236812829 -153.4360877857377261
v -29.8369861076914091 -270.7357413420875787 -103.6520343196808227
v -57.7257360017568217 -285.0774735958152064 -103.7231935122328679
v -235.1189707208974937 -266.1350462260843415 -69.2156254407720724
v -248.7885134369547870 -282.7949215931678282 -46.5702947677361792
v -226.4902392724481217 -282.4903418259531804 -77.1087113143092893
v -42.2401830571336561 -125.0400235122790491 -103.1846059343005635
v -40.1351030018656445 -93.4611628493625375 -107.9502913529054666
v -62.7298392587084095 -108.3392143378294605 -105.0844642599803933
v -232.0839044997960912 200.1991226382843365 -91.8038099855497762
v -34.1720087237345993 -220.3544688080538947 -102.5454628177668184
v -140.7292725241905202 184.6854859929112536 -165.2339249634597422
v -235.3674521732070559 125.3020689660167903 -110.8898683856842382
v -212.9720537709696657 106.9511264769017060 -136.8651614093442674
v -7.0923779980562003 -108.9467733661479656 -105.4620225000744682
v -19.6534953885747008 -124.8436794101111929 -103.4724437167303250
v -249.9369744441284240 136.2377630139113478 -87.4968825846889473
v -261.9529180013522023 220.1028784589823601 -29.9898229268402083
v -130.1462194845643694 -183.6911341496723367 -101.0414246220495897
v -95.6245001756203266 -190.8237953896611430 -101.5600807174078568
v -98.9664720792916768 -168.5868816356900766 -100.9844512102781664
v -115.1152333042728202 -34.4796570871976726 -123.8818558385485886
v -80.2868616302728100 -40.8292332905729225 -122.9328938880346129
v -92.6388999563317981 -23.1927498206587366 -130.6831317125749479
v -67.6493805237340808 73.8483537078561909 -175.2170300146180182
v -44.1183366776418637 48.5466895259230142 -167.0143671101821212
v -40.6658262224333811 -3.8223194822625080 -141.7104460994883652
v -33.2363920004322608 24.7046984314703195 -156.8577510764078511
v -66.1889359692793136 141.6390220749899242 -181.3056776642033583
v -30.8026554996929143 162.9017803002425069 -178.8892128121416931
v -65.0999354912867290 169.8315917837281859 -178.8462985223938801
v -148.8974381890008942 297.6534676330613820 -122.6040071539142389
v -145.1307334154805062 270.0029052886936256 -134.7565809666109260
v -53.2145425692013063 257.7273573374118882 -152.3163783163962250
v -38.8659707425973195 183.2899367797547541 -175.6206914730802850
v -18.3146317263783516 214.5816159828912646 -167.6314485741382327
v -51.7605576113519987 199.3469970646899014 -172.1590155296401861
v -302.9779542157676815 9.1910733005296947 34.0966640349863397
v -302.6793964967253601 39.5628069229307471 6.1987601671217538
v -66.8336060133899252 226.3219961426788984 -164.6185476355065020
v -4.5414015460927679 289.0422381219387375 -139.1514556025385048
v -79.1170758941985071 320.1533019376365701 -125.8532303041864395
v -41.7582349724316941 318.8280253057333198 -127.6867539845115402
v -4.3401062379706410 318.1080278445231215 -127.9092819060747530
v -106.9189378809827389 -333.4323441915239528 -102.0676253854501425
v -124.9574707888159395 -309.7933755700610732 -103.5463548586383524
v -140.4628170428237297 -335.0916199655561059 -101.8290233161842337
v -253.1702501054548407 -343.6449549103111849 -6.5632725552479609
v -195.4605134075897865 -276.2747360441544515 -97.1156594786402536
v -180.4932480964864396 -291.9279621541405731 -100.8851162015165954
v -72.7159841200339514 -156.8983279363679628 -101.3014780789732043
v -75.6924188510908920 -178.3060413517560505 -101.3238275923621217
v -51.6543024286869183 -182.9763987840926518 -101.5011498521196245
v -279.7255826638736380 -159.5904367868929228 -20.0872267873848251
v -288.5424138808554062 -136.2333760151472006 2.2034823950009708
v -285.9037204824742275 -152.0957617906199744 16.3866954571648549
v -25.9594203785252304 -188.5009083301351325 -101.6416259280314165
v -35.7991707456587704 -156.7509201721202032 -101.4677349691445301
v -263.5413339580760521 -167.1242953967992833 -50.5182021647503134
v -259.5972032949061372 -187.3076676951565389 -50.9501660981790749
v -243.7768912556121563 -190.5467236015738308 -67.8173242782596191
v -27.5334663235493160 -238.4380116323411301 -103.1219789361953190
v -103.8034663780704818 -214.9501469079431786 -102.5118637038725211
v -66.9610477517663014 -220.9953275750229693 -102.6575903609823257
v -6.3604861281233118 -299.5407061407740912 -103.4843150965881193
v -73.4615436212871060 -332.2622936235032398 -102.3790907832709678
v -102.1950613666102896 13.5293660153891988 -152.2556166563481099
v -83.4335948172916773 -4.6968406269756793 -140.9364689789441911
v -71.5221562490003038 23.9328629953621821 -157.0743490652583887
v -118.8457597310296876 170.7100738932047364 -174.9555948258002047
v -93.4806279974222463 159.5162953563358599 -180.6324518276123001
v -303.9415625243603927 -7.4052078561225683 22.6355318910194327
v -301.9042103607737317 -40.0855966995392237 1.7854739537037729
v -118.9287097024123483 -8.6666139312157551 -137.7199583312675202
v -94.8109709796042779 118.1904100508200344 -182.3828873633653131
v -47.3470411092849872 118.2257248151496896 -180.7909710191760553
v -34.6960881167776449 141.6293499517304042 -180.6375642356209141
v -261.2595764512678898 148.8018050702725645 -64.1567940863771611
v -252.0278917474807088 113.9139613526591006 -91.7306357673186881
v -266.4274149376838636 112.0447314173010369 -70.0989436118784113
v -259.6212684587304125 91.8039942164689933 -87.1611677921246581
v -78.5805839429724244 245.5180519160252572 -157.3029681215886342
v -302.3672056896600679 43.1174964517163843 32.1878014231292227
v -295.5132743160316977 52.1166587065721743 -31.1522854838751933
v -285.9712526288039385 67.4537215302971020 -50.4699221494799772
v -240.0855484424887436 90.3662676372416058 -113.0057950363218424
v -189.9272298640189831 132.4001984230826565 -151.1156763291888581
v -249.5843334358599748 -238.4844838817165851 -54.5786861678455608
v -247.9145564994317397 -262.1383061210421488 -52.2762832836512956
v -273.1005812362516849 -107.1984104282362864 -53.3137451619896794
v -276.5309609522877849 -71.7640802320285758 -57.8975601200186176
v -287.6332342944623406 -89.6873766998843109 -33.2713440601396684
v -261.6534851854435146 -239.4455475007373479 -30.3661721515268397
v -265.3672005408207042 -246.0498805221083671 -11.0387367039055864
v -243.7173961831337863 -303.2231252687473670 -53.2013067290979933
v -258.0387248625568191 -260.1058475912475387 -31.1350714073597707
v -146.9925019986098391 -315.0779704015382663 -103.4034262086143201
v -151.1636396975667367 -238.7551421309282489 -103.5426126680915218
v -156.0789436514501460 -209.1068372706080254 -102.3154274862450421
v -177.0368457631092269 -233.9856108918844768 -100.7076442541372217
v -42.6648698692528896 -32.6335251033378810 -127.3436699551781004
v -54.1314253109045964 -62.7378590609110987 -115.6130540341095951
v -4.9967858351284624 39.7504461141650580 -163.1355347934462259
v -19.9160820206376847 54.8130739548341168 -168.6988479768512832
v -171.6240607551463881 -12.8358056910883231 -130.2655032475486792
v -200.3865372980858126 -12.2693531866226984 -124.5085863968993038
v -186.7041214465474468 -35.3233425818049440 -118.7345130418967756
v -294.4836998239227341 3.7557315193938172 -41.4517380522138410
v -297.9712256682171301 -23.5236746093230735 -25.0427045960925163
v -159.6488898032343968 -261.0950179398831779 -103.4542854567538654
v -51.0079858207356978 -204.6033009356329444 -102.0865666268333314
v -129.9596396211156275 -252.9738081306111894 -103.4980633289355580
v -97.0268198750584787 -239.3858106251774700 -103.1923206040432746
v -129.7338876584659033 -225.0081418277678438 -102.9660735207981190
v -50.2189247936797045 -233.9065412842380454 -102.9899314248382183
v -71.9158116656619626 -254.3803421123267015 -103.4808031946903242
v -97.6035893110009027 -268.3750869441197437 -103.7534649551486297
v -111.3036337586229223 -294.6400946026991505 -103.7691015544181425
v -71.4570191046205423 97.9605655030873947 -179.5787545995168841
v -115.8032667009968719 141.7569068344313052 -179.9520640140362673
v -144.2167983684848878 88.3510346983948978 -173.2741422548658647
v -127.0580371865628564 106.7466071276930819 -178.5497673434630315
v -19.2150718585404867 -32.4805788970808109 -127.7539406978677050
v -42.5335247382753607 216.2285943430649979 -167.3274330141137227
v -294.9691252672251380 32.5630682911653864 -39.7413381980957041
v -284.4507833379780664 27.1735884944849673 -63.3059466147848724
v -270.0960167467150086 45.6387426390893083 -81.6691980321908915
v -181.7510156109248385 26.3349808645889212 -148.9006910161685369
v -155.5510760101304584 35.4768184519547916 -159.8452281481860666
v -193.2601629382157000 50.0199035859667944 -148.9137598970013130
v -271.5946661880448119 69.5536431198267167 -75.3586212115298366
v -251.9943617201810753 63.8233015792760625 -101.8852828331436626
v -179.6428036300299311 75.4714396206924363 -158.5817494752515415
v -166.7146637051107803 58.1321551667912928 -162.4118181705541133
v -276.1892356259837129 -184.2328075955017539 -15.7426126491092990
v -267.3712529657567529 -147.3805095861538916 -50.1597118247964033
v -288.6568212816962955 -119.0981503331566245 -17.0923804788374909
v -231.1081714938317475 -340.6342301994127979 -68.5153637167842504
v -226.4326786246216727 -251.0834952694338824 -78.4468265383962660
v -238.1330576460717907 -222.0002151239552859 -69.8154007127531742
v -214.4617219549870413 -267.6111504086734953 -86.9284150545442600
v -112.8216504753366252 -149.6714095523288677 -100.8694450589497364
v -90.5804418380610628 -144.4065850013714396 -101.3783369155888607
v -111.7382690403805157 -124.4221014947539459 -101.8357132014387076
v -6.2989530011009673 -17.8940958671580042 -134.6371763020858907
v -78.7251591568370515 -87.7503267573852241 -108.6013173637294642
v -57.2204021047452827 -81.0808105339046392 -110.6166884757655993
v -288.7938775711699577 -122.4768763052140770 40.0317091556648421
v -291.3900827138040199 -121.9119321913996288 17.1501829297454442
v -158.7859982352975408 -297.1327043965645203 -103.6216247035756766
v -126.4352445641106470 -280.7633381602395275 -104.0533698627878465
v -42.0133947955632721 -252.2339482734216745 -103.3953776203305068
v -148.7256889145500338 -278.8825937924297023 -104.4113881110112345
v -170.6795894332886405 -315.6558337085635344 -102.0475787585515945
v -6.9023668337368234 -172.5043794165990505 -101.4659732609794247
v -106.2640199919900539 63.1786775928952622 -174.0182163943327396
v -84.5432867304001121 53.3959006375331668 -169.7910840103627947
v -90.7821401513189983 78.3108641200055615 -177.3217416080476028
v -291.9170637438248832 -46.3889654854854427 -37.7472112139331060
v -298.0905842750123043 -53.2433113786821082 -14.9757053900905301
v -212.9634524899281303 30.8352701296125993 -133.1584583433301532
v -201.9316129310612098 73.8759422880106769 -146.0331022150783440
v -130.0108443022287190 54.8982807549773284 -169.9234308969636231
v -266.7638090817628154 -200.2122951490091793 -34.5972885291251160
v -279.4587241773710389 -137.1010460725515827 -32.9485139174889312
v -54.3108316829358699 -143.2797596127747681 -101.9833051966057269
v -79.7351706282103834 -60.8263711584549753 -115.6397790318301873
v -105.1616167146235767 -64.0860609278258408 -113.8350414326345827
v -167.6901549079936444 -183.4238150858716949 -100.6233240652927918
v -82.0927161294162602 -125.9766650200695750 -102.4829624784185285
v -97.8955377458159575 96.6398601008675229 -180.3651903359738924
v -66.8613327667338240 41.3918054313022807 -165.0778122882784373
v -117.1982286780983031 81.7379967660903048 -177.3188169422048190
v -170.7532242288177997 94.2611050150854481 -163.7689206937540973
v -255.3830361618769302 -216.1591968586780865 -50.4158964324161900
v -254.9841416784496744 -136.4011643248346388 -66.0183899530197067
v -250.7930840113511977 -111.3676021881088474 -74.8353823720557756
v -270.4362336823679698 -127.0571908757776640 -51.4618559619039999
v -61.9395461873800599 -17.7736549037123197 -134.2630263339975443
v -76.3999001242259794 -274.2450985503105585 -103.6930141847767430
v -145.7087348956952724 -130.5221023747367326 -100.1526601243935914
v -223.0253738312189284 -108.4487626481757445 -89.9117814739371681
v -195.1046023005050927 -99.0572691363902607 -99.3915446248980459
v -213.9826409639655651 -79.4109069387194211 -99.2668893791750122
v -108.2971233300019236 41.8800634249878243 -167.2860386294495356
v -52.4591036849045125 12.0844314014469969 -150.2647712854342785
v -221.0777190964316787 86.5580533347325485 -132.2346323988584516
v -128.0909393496503412 27.0537577959592248 -160.9521796263709632
v -154.5929831146822551 3.0508294791279118 -144.3963601853542684
v -254.5141455746326358 -67.6119298321846713 -81.9975435879860441
v -263.1905582878649170 -89.0843083002220055 -69.3317024343185437
v -196.3424498468019124 -251.3559037123782502 -95.8414148113633360
v -238.8383511770410621 -162.0370924808431994 -74.5385748467460871
v -240.7117608513790969 -87.8489824146321183 -85.7068258868693533
v -199.0868227062255755 9.9727420619516618 -133.9345886627427831
v -111.3193049011898239 -86.6425692689286677 -107.8635991909759753
v -95.4825387379222690 -105.9182934004089560 -104.7016554386883200
v -129.5780628440958822 -163.6894365665393991 -100.6058912145607849
v -189.2065185079968330 -157.4524715125426439 -96.7728517956856820
v -191.5378111032126185 -178.8628217329622032 -96.4909554604010395
v -124.5351904930791420 -204.3229820775942471 -102.0929801657089797
v -152.2795609186316028 -159.4685910626881196 -100.1926958060284534
v -251.1737050904773696 40.8733220524307939 -103.6907343271512758
v -264.7568895631462738 22.6116279292495221 -89.3676784828604553
v -229.9966603003958880 53.8651943609706194 -123.9476377911456382
v -282.3678340218823450 6.0882676733144168 -66.6506589533797467
v -269.6610590608487428 -26.9664438546773475 -78.3405598412987274
v -269.1572680977857885 -6.3556788525747088 -83.7811522036326295
v -284.6069996430513811 -22.9849028004715450 -57.8699369965667927
v -239.7159581896513600 21.4945552649394820 -112.6370913947831838
v -224.2925831802677976 0.6784073311943336 -118.8992154836871151
v -250.2542891736347315 2.2617799665043621 -102.2884721998754145
v -141.9557092679276309 -46.9424066812805663 -117.8080618068260463
v -147.8781230562065332 -23.7516373430035337 -126.5530659941735649
v -168.5358439138475433 -49.7553940436843902 -115.1273867877256976
v -128.3094602487203417 7.5419877992173321 -149.4051843596110984
v -246.3603499215220722 -19.0658160278842317 -101.8852713187112187
v -206.5854126095320851 -55.8382614481789119 -108.3639703676007997
v -219.7941707677337604 -32.3991488307817619 -111.9794560997318627
v -234.3077328969393704 -54.4211802463375776 -98.4940982451733902
v -277.2666871282271472 -47.9259579868796877 -63.6368253457194086
v -257.6175154090380488 -43.2459284312836303 -86.5580993924623669
v -193.8465238963904369 -222.3134882876709923 -96.3786897439961194
v -222.9633340691686669 -205.6043311496939054 -82.8042907832879820
v -212.9671601371776433 -227.8780565442132797 -88.3931429778710793
v -215.4667707059736301 -157.6950230321395168 -88.5011253254039332
v -214.3111016640852142 -183.3283258975490071 -88.4768413873631232
v -236.5696970943629935 -128.5425296331931690 -80.5118824264618524
v -169.6217585239430434 -141.8173460903707621 -99.2667972637154037
v -185.7221821614915598 -121.8296961148289625 -98.2361519293884839
v -214.2591024871329353 -134.3566732131279480 -89.9913922599088210
v -163.0342365739516026 -106.9917148512942617 -102.1579676224668702
v -148.1559778257005746 -88.6765131605095576 -106.0623159215158893
v -185.2859233447583165 -76.7817014326785738 -106.5736603522672539
v -187.4428989470865190 -204.3103277163297093 -97.9992655105578763
v -130.5767441139366554 -71.7718064162037308 -110.7033806376951190
v -157.1791822155156808 -68.3854348609983020 -110.3680803646990967
v -129.7711944196097136 -104.4208299456217048 -103.8362306956120591
v 26.1892599646953599 273.7923280374413935 -145.5410674875486166
v 21.8931446159067598 299.0050892864143179 -135.1483595307829546
v 10.5117153733711124 -315.5292440381886649 -103.0753685136304654
v 167.2639366763583553 252.5664505393318677 -131.1412103788043737
v 133.8692154724977854 240.7893623688879359 -149.4118397015682262
v 155.1633505261814889 224.7704263698007026 -146.9498007258623886
v -6.5484822667636262 -236.0774493498329321 -103.0616087668505969
v -6.3692716400840252 -267.8211160844318215 -103.6597144461261735
v 23.7842980306530301 -252.2061063757532793 -103.4209972325357541
v 41.8061234969986941 -220.7583950984625858 -102.5963220659063637
v 41.4790560432057092 -240.5555963612518156 -103.2058846054714820
v 79.8138717740183665 -224.9196764432407747 -102.7872428703894343
v 158.5149024376526938 170.5076731995672503 -161.1759741355038784
v 149.9502142625001682 195.9003589700317889 -158.0388785284471851
v 131.5134777371868608 183.1191547176298684 -168.2815764592309620
v 147.8872770300057198 322.4691651933669618 -112.8467807241626559
v 114.6395375563921988 302.1128115762865036 -129.3906596987268358
v 182.8657853887445413 239.2451618327789049 -126.6240870135361831
v 180.9844537848796335 219.9152277533156337 -134.3303051628133176
v 240.4631642547450951 275.3934444131596138 -53.4058951649013309
v 257.5469089092437684 270.4957345120625405 -18.5066982168903884
v 249.4067002864263145 298.3033652295051184 -23.1700779031611610
v 108.8117378595696323 320.7701761418085766 -122.6254470271394723
v 70.5019429904747170 319.2294990220297564 -126.6778018409237632
v 80.4265201814805550 300.5752894109995168 -133.6120809242007397
v 228.2468926017251647 221.6569123204052403 -89.3460313498511027
v 222.9540879799099002 191.1129918751201728 -105.6021646574451438
v 239.9875375934591943 198.7812469406038360 -79.8876389855207236
v 105.0734967630700680 30.0720474889784022 -161.3095300375121326
v 82.4862103440236325 46.4694283394585170 -167.3401910052702988
v 79.1746480564574568 28.6891411226539716 -159.6558272487866361
v 17.1877142223220574 -62.4036756878629078 -116.3684814039739308
v -6.7084868201136469 -47.2108656738939416 -121.7015519960730501
v 248.3784154107520123 252.0017712574638438 -47.1610427246750703
v 248.9965101447639029 220.0682660750323123 -57.3165418585014876
v 259.2662669918094025 221.7835825918073454 -35.1095310856077205
v 285.1291330970101399 -7.4313801610854862 -58.8589691720129622
v 287.3640383781720402 27.6135319296028143 -57.7423340561360945
v 275.9897941414862998 11.4656342870555470 -76.7290919908063387
v 267.8867425921907852 211.4401679203677986 -16.6978614797419347
v 256.1435989686146968 197.8110523766487461 -51.5680650868392831
v -6.6999891689642297 -204.3154170954734070 -102.0225809256987617
v 24.3653738643324225 -188.6346139197653144 -101.6234446391900264
v 173.5135215483223021 193.6113934285087339 -146.9334156884835068
v 26.7502776570437426 -285.6311796235567044 -103.6566976648238096
v 44.4913697457824071 -308.6179707909503236 -103.2822368070592773
v 94.2601320455433012 -333.7008146985697863 -102.1467525652588222
v 121.6985524864193735 -313.6613267481300795 -103.3108386572694997
v 97.6961883767781814 -309.7752748822469471 -103.3744098388358168
v 101.5160092271986514 197.0618888580382020 -170.9581753692433779
v 111.7324312231274774 226.5507533721985567 -160.0854998101574722
v 83.7987059559053904 223.4054364603712486 -164.8024331217615099
v 96.3782924960765541 252.1757082740805060 -153.0977477025744236
v 53.3675233187557581 -285.7157761587799882 -103.6890647344457790
v 65.3266086085326094 195.8610026399116180 -173.4758635969887166
v 60.9396213588345148 215.0155834275666393 -168.1021240294699055
v 48.9243226098280388 3.7826062047362892 -146.0937487308019058
v 41.3842807496950584 20.9217813370578298 -154.9687969182598692
v 25.8714731434585126 -3.7776895420793850 -142.1416155370779677
v 281.2703243783079188 112.2207870894888515 -39.0543756435896867
v 270.1359142551604577 126.7645746038804191 -56.3731874365915502
v 264.2418374851454246 104.1554453064728989 -75.4455666909732798
v 183.7577393841897333 172.6385225546623587 -146.5387585161985271
v 200.5958351367619628 184.4757045480721729 -130.6038893884417575
v 63.4850823976535494 242.8102143507711617 -158.7207747326744425
v 56.0663220545352203 265.2914298180717765 -149.1877573316239989
v 42.0673974837621714 40.2028711940606414 -163.3521673255941096
v 60.4111089092975320 54.4425280041031812 -169.3346058502442020
v 24.5994162183474323 54.8566445672316689 -168.7815791740173665
v 42.9884023922831986 86.0636466341177453 -177.0736516464413910
v 79.3366215777567447 79.1190736482288912 -176.4887645356204473
v 21.1872983921798088 74.6729022157285982 -174.2747003771962966
v 60.3716489492852588 -102.7966962194323486 -106.2790981412856581
v 67.6213428807139962 -79.8924059605557773 -110.9768484084250417
v 31.7837312023149323 -93.4910312871424622 -108.1783577164780041
v 243.2576594386313218 324.6558710602856763 -15.7091862517017642
v 48.0518395196588415 -62.7555106858596901 -116.0134338793231024
v 76.4060488311552604 -204.5766795678044048 -102.0577805457038778
v 42.1722018479383394 -200.9509229619263522 -101.9187668027134492
v 252.5904523737776231 176.9530955386711923 -66.8008071525510161
v 237.9543536544201174 305.6971968263653139 -44.2499178544846714
v -4.2958217307610713 102.1769318927149470 -179.2316520332578307
v 24.9945109390655666 118.3559185028820195 -180.4708582825839471
v -4.8581290395440524 198.8497693281243812 -171.9573632741120548
v 14.0945461750689169 214.4556480918687669 -167.5977573447842985
v 29.1380715723004577 183.0966670310515099 -175.8921211892662484
v 39.2696782587894191 223.6684606408673801 -165.0617151117108108
v 114.5513139749466234 281.9537692736999475 -137.9820613571675381
v 136.9094171304727183 268.8519226208131272 -137.7393025777865034
v 198.6028595958445351 262.6923575817572214 -106.8909750817735897
v 202.4813579940393140 236.3498577927772715 -112.6092264682498580
v 215.7351145542625090 249.1570731480877896 -95.1273472828658129
v 68.4423910011210666 144.7781787654554932 -181.4430218144882758
v 68.7944678021993354 170.6283789949593199 -178.9082576834169345
v 42.1940562407318254 150.0764757715502355 -180.5419714174061880
v 230.5571713577164701 323.6338500358651231 -47.1631383513812921
v 233.3925773201038680 344.2669184936268607 -23.4412082441033789
v 215.9382406571445472 342.3711593058998801 -56.5044865098392606
v 300.8749467583410251 26.2446731708695644 -16.2901239121917349
v 83.4076528009778144 280.4696625605567419 -142.0877395076360301
v 50.6178653348367575 294.0026671366006781 -137.0059829182296198
v 132.1089005537011474 211.9785021807861369 -159.5707701362652529
v 223.5038791006177803 301.7478846685920644 -67.7046210134215301
v 219.2514840518486210 275.7820910517047537 -82.0054194597830559
v -4.7193916429324805 166.9809291983420962 -178.3132378720384281
v 165.7138407508339810 281.3845187621485024 -121.4049977882772993
v 194.9592556196662372 288.6743289762392806 -100.3557747128431004
v 165.5264548771135935 309.2332560034439553 -110.5996356013044988
v 140.4846599211848002 296.2962039078070688 -126.0018355694092094
v 171.8781842793573560 330.1739670674525655 -98.7686023148239656
v 33.0631688786276143 318.3541718670449541 -127.9974479153580802
v 236.5985983198169720 170.2471131076157747 -94.9052914530331151
v 253.7620343613144769 139.6260689937686550 -79.8116782746362929
v 295.9493489018457240 106.2177607596150040 14.0497607900476780
v 292.7734035996967350 91.4794829666802940 -15.4629846570176710
v 106.2007827289648532 174.7479320365322337 -176.1677421588646553
v 131.0839778923027552 155.4998770862335959 -174.5717381911550206
v 232.7703258759769085 249.6310993032629142 -73.9890025002547844
v 146.3264035957064664 -309.3721430876773866 -103.6102369298808554
v 127.7988297127809858 -335.3893371310294924 -101.8956803656476353
v 161.3627209582232069 -337.4445481793488284 -101.6343257778569864
v 212.1887154168422285 322.5079918595943695 -71.0577734310035538
v 234.7791913336777725 -327.4324958450067129 -64.1189691757730316
v 211.5421224625121113 -312.4834578804745888 -87.4535307465079796
v 222.6547242505959332 -341.8018972799160338 -77.0559061270854073
v 287.3539402209117952 121.9144768809714634 -15.8952249368252723
v 290.4759979791865021 137.6709183634553426 13.6697154325440202
v 250.9223910877847175 -315.1300616939500969 -32.1885728901035009
v 249.1502278179951873 -334.0624830218804391 -33.9209998535019039
v 254.3445955567800922 -329.1783025789141561 -0.5178615995190905
v 236.4091513626877656 -305.5734972785357968 -63.5253886684510078
v 242.4368300924408572 -343.9173748676880109 -50.0117398533584989
v 252.7166160101518813 -289.0200958683340104 -34.2368867933842012
v 257.5250314875852951 -297.7437753267807921 -7.9629209063572883
v 251.3728241708661244 -345.1958223028098018 -17.5579895838903681
v 263.9565674211524424 -257.9744800866921537 -0.2129479137633397
v 260.7256522184786149 -277.6491217304645716 -3.0676750938048931
v 260.5006486939382171 -281.9664236349644284 18.9630266893871173
v 192.1821932865119322 313.8876198891049967 -92.5445564540380872
v 206.6621793306881329 209.8775212634709533 -117.2518110895127137
v 271.7117334227821175 -220.1290507639453153 22.9257877042640601
v 275.2562096499830204 -204.3071612474054461 10.6152819360586896
v 178.8948606412592994 150.9198273476164047 -154.5556705963222441
v 208.1494294838906853 157.3808747715573872 -131.5765710698064197
v 258.8475907134300087 -200.9645445355168079 -48.3574037708481086
v 272.9655284580246644 -203.5069542497361113 -11.6204343169373736
v 270.8107405978623206 -186.2648285768631524 -30.6771309143197790
v 295.3852568560327541 -74.6240579932681527 -13.4350167558792712
v 297.9142522564457067 -75.3350166250036892 9.7715043259917937
v 299.4368747461401199 -55.0297986024416588 -4.9735669820894497
v 264.6967151391532411 154.6563527936806395 -54.0611469724351323
v 279.0988866488203257 149.7412560995813635 -23.4137117794085050
v 146.1627950249990420 -251.9293800206394565 -104.0414984829300522
v 117.7822867497827417 -257.9103446979357273 -104.1108844528845196
v 148.3706759331965941 -278.2128453144391074 -104.3874611203764289
v 293.3887118410552830 -108.1753754784729864 11.5950680222460818
v 287.3116822538137285 -140.1246899766608180 2.2036896547851010
v 295.5251572103219360 7.7131152943157781 -36.4820053761308429
v 302.1309640790468052 -2.7342286444336161 -8.9594950350593852
v 276.3048520422321417 182.2853025483364036 -8.7863525142818748
v 277.9748938106067158 198.9495649141840374 14.2397949832319561
v 297.3565046629136077 68.8536692566501785 -11.9814117743008755
v 260.6717992179015937 240.3269197327593076 -23.7036912462742926
v 267.0940660333449728 243.1514215276149571 -0.9528192853853140
v 285.1150854894190161 152.7619983667127883 -0.5795098708659550
v 265.4228382784278324 179.6925517354378883 -36.6048298270940435
v 294.1506103219574584 54.6936002037143822 -32.6930201758162582
v 295.8489891085959584 -16.8139154444234933 -32.4143133383207740
v 301.3746155545862848 -27.1718267863198584 -7.8911975066151134
v 191.4542854102074045 337.8989882849234618 -82.6936486018587686
v 284.5557949619383180 168.8078090511424989 14.0958991208819828
v 26.8963842904244572 248.1411893161640592 -156.2455171885139293
v 16.5897006585060893 -232.0792123685720014 -102.9477425443348722
v 280.7962521654029615 92.0931907019280658 -49.2560937092775717
v 282.4701742975138927 63.3132582793917464 -58.2510071385586485
v 269.9886446641021394 36.7151265755496894 -81.9800071073619705
v 27.1213993293972635 -331.6011464265540667 -102.4649539060639256
v 60.7094478541233045 -332.3706098895771106 -102.3366025275238798
v 194.0996111216807662 -339.6985559039482609 -94.6833047097951095
v 284.0724306020448466 -156.9262619494959949 24.3837221124443317
v -4.5452013088018584 70.3532283381436514 -173.3695623565938320
v 60.7228045957673856 118.2659677565686849 -181.3279696054300132
v 21.3757320792532894 97.8212408704208087 -178.6814348785491973
v 65.5759306144111349 97.2997752535442970 -179.4188306471940280
v 46.0301124409093134 -125.3572461263257765 -103.1949804379396340
v 266.5708617371682294 -239.7635530961907762 -8.4631423953602365
v 266.7915818928365184 -222.0733087411592237 -21.9674990634641603
v 88.6980048486808101 -266.3636192246847259 -103.9503156923443470
v 115.3134312300654472 -291.9192687576394292 -103.6914597363957569
v 255.9950858188515781 -313.0861002461361977 16.8507155705393856
v 20.8291074274696477 138.7846518423543785 -180.6508749195351697
v 267.2800586607386322 -82.9734147671398290 -66.5414906193043407
v 272.2964363026838441 -59.5224307698848776 -66.4202666744519519
v 256.8491688459628790 -68.6517867124730259 -79.3796682834777272
v 270.8655032386030257 82.5367184019733742 -71.9931483512244199
v 245.9703445799476640 117.8149474374321954 -98.6498194296513446
v 233.5411940997591387 143.2758101624437757 -107.7203135935459386
v 155.3684686258776253 146.0848365600841987 -167.6109874276714038
v 220.5553668682564421 171.2087063905293576 -115.2068939438052979
v 266.7732624308057439 62.1429428794246377 -83.0621910413430982
v 251.0117315691781243 96.3619017014814148 -97.3113357437259054
v 176.3970923816555683 120.8843612105373069 -160.4640598058748537
v 195.9812536152218456 95.7712113167047647 -149.4432625877291514
v 198.6493318452199333 117.0483856113869905 -146.8590785125747686
v 125.0545604832494320 17.6849246872388477 -155.7007118170576518
v 133.8686627797401059 39.9254424585673107 -165.1695708004866958
v 243.8563868972593411 30.2321096144906853 -109.8176098924765398
v 252.3213946306767923 48.0120398838892228 -101.7956429765064996
v 183.5381130996043737 -146.2542944624771621 -97.6193583262436277
v 213.4788500009026393 -144.2467071067784161 -89.8504671211314019
v 183.9733125885520906 -119.6243598962032593 -98.6641548980538090
v 26.2028009372586617 -156.2081067974780808 -101.7430680779316532
v 4.5288393002878928 -156.6326784652727895 -101.7256927993619087
v 14.7462515374075629 -269.6665341734796471 -103.6995428679769162
v 67.8649537280964381 -311.6914261298460360 -103.2322871990834159
v 186.6223574617073382 -286.8010574750906585 -99.7035857443414670
v 164.4462399110817614 -294.8811492460772570 -103.2384243915802102
v 179.5881100758840034 -317.2089924731201336 -100.1071781162090133
v 170.1937149271206522 -272.9401103483873499 -103.0310034053937471
v 203.9359532168085707 -270.5571409803279153 -92.6093711943091904
v 175.4115490792422918 -253.2338385586698735 -101.3875254326853934
v 92.9501926376658503 153.6267783015717328 -181.0374259313740879
v 113.3505429011445500 140.5110452431480326 -180.3859508576844917
v 91.0082951191045453 104.6078588719360454 -181.4331884891744551
v 113.8626012267079233 119.2268471446702449 -181.1079748590061911
v 87.7682604859288631 129.0138383823097001 -182.6064400694167205
v 14.0619027590681007 24.9719368942438251 -156.7130722326511716
v -5.6353877733369782 10.5521828462228964 -149.5866518150512547
v 16.2041283734255721 -124.8609856020862168 -103.4133055916579451
v -6.9357817167119080 -140.6753216509377182 -102.2454888235328809
v 161.8549629455370678 -106.0816025958726243 -102.3479097001915363
v 153.1817051867966200 -136.8086025171411109 -100.1092276851854308
v 185.0130428100834479 -94.7973321343651634 -102.1634945500437226
v 163.3002890501826130 -84.1625217208682415 -106.1643568219036240
v 258.0414422686155262 -235.2086278491833866 -39.3863137023097778
v 240.7137528481933089 -265.1484205670205938 -62.1919483039394621
v 251.8770757112272349 -269.8106142667488143 -42.7348027747488288
v 221.1461493684926722 -283.9447643322356498 -80.8804248659461820
v 259.5803231369317814 -266.0453487972849302 -21.3109000673335025
v 236.6328076986312681 -285.0791431885207317 -64.8287187921011423
v 279.5654514517667053 -170.5206845082377924 -11.9716820788791161
v 281.6955984264822632 -172.6607454092943215 10.7654416496624314
v 249.8326536861152647 -136.1510593375493841 -70.3981806824354379
v 262.5575063060981051 -102.0690531750741599 -66.4704580855092786
v 235.2083687744532767 -112.7781777356149178 -83.4693759161356184
v 275.3248702106930068 -40.5431917596056479 -67.2644472896546546
v 290.9981429475776622 -60.5338354875848950 -34.3950720664068399
v 287.6940650411050910 -90.3898146516055192 -31.5881067521752996
v 282.5641435807528978 -111.5843268357163680 -35.1380753636557017
v 290.9397187173173052 -108.1231114695743400 -11.1719586873727561
v 296.1850723629986533 -40.9595996947920398 -26.2404013164299634
v 299.6034425259876457 -59.3481483202946620 21.2321643782281804
v 226.2358278874259838 20.1826238602478618 -122.0719252303171913
v 230.9187475655674575 50.1478059016412416 -122.2644465409110666
v 201.2230838445729830 39.0494244376354089 -142.3315576148026196
v 254.9212959061278525 -39.3450344619701227 -89.3485875538554097
v 42.6904894814581368 -173.3574722025194603 -101.4879197692325192
v 66.0629911071216895 -139.1487036531825368 -102.2081820623890991
v 41.0147365545874294 -267.2138218880597265 -103.7514153861722122
v 78.9496445319171016 -292.5616128863948120 -103.6230985509294982
v 135.9324175369386580 -293.0852777598695980 -103.7098943427510562
v 21.2364189610191332 163.1027762331208919 -178.7269629444635655
v 33.6319472984484946 -33.4067653002051372 -127.3760600536649719
v 94.0273217358006406 -73.7083266948100402 -111.9592022130491671
v 89.6295684917601250 -95.0406666353687513 -107.0481816280378240
v 57.9202953668946776 -42.7889436361371338 -123.2362646398418349
v 95.9660412710052384 -36.2800998030887740 -124.7787495255155648
v 58.4808985396747900 -22.0892872155067082 -132.2750710856291221
v 60.4292786837064426 -189.5257503905063743 -101.7068897311681468
v 82.3745548925386544 -176.7533316500651495 -101.3536154291148677
v 281.0967788523946069 -138.7464469554793709 -26.2773856734651048
v 275.9833345448809041 -158.2209677632397131 -30.7895463183465736
v 265.7639763686768788 -251.1563125402589947 21.1397150000727869
v 215.7142734315247878 -249.9830149022868682 -85.6671932103703142
v 239.3238341925057568 -236.1780279172992607 -67.0187062722686164
v 220.1871698617457014 -225.1530049024437687 -83.4620527370962719
v 250.8757000641926993 -220.3739742566272355 -55.0004022563922419
v 270.5352347725884101 -124.7147177666511908 -51.2972801788706221
v 255.6483286855660992 13.7080469781760179 -98.7526548258782526
v 263.2640664246370648 -16.4497024315410414 -88.0479287785340858
v 237.0965169223296130 85.4659209311130752 -116.4368425894401753
v 18.2180947247025991 -211.0147211557067521 -102.2420460082298064
v 67.7031759521488397 -271.1004840188628009 -103.8492420042825728
v 58.7441645232524365 -253.0115869834855005 -103.5616460249343049
v 115.8631417497461769 85.7410698089809529 -178.0989542841106754
v 155.5854120477017091 111.2902942886275355 -170.5012366318267141
v 131.7478309808780637 103.4335019061783782 -177.4928921320109225
v 157.8206627618371556 90.0428157152384898 -168.9499892630571765
v 140.0422639119547057 128.2346221949999574 -175.0917990472723886
v 214.3713682035378838 129.2494466991381330 -132.2831196739128927
v 17.6221307298630485 -20.2428903997005278 -133.5229707314563541
v 87.1144019247217472 -18.3805115516512636 -133.5661383387181047
v 190.1254277898116527 -42.5921619855361158 -115.8377466689737361
v 207.5101366797350693 -59.7444290275553200 -106.7446381597438290
v 221.8653868771611144 -30.5682964987855001 -111.5245439024267000
v 201.4982672657382068 16.7574256388150111 -135.3977621376886304
v 156.8084865771629097 -20.2493960540357882 -128.4567125681300297
v 137.6175432118251081 -2.9499860797151856 -141.9166695846998607
v 113.1612801749345323 -17.1041712576681206 -133.5085086042969067
v 71.8317563087639570 -3.4992129932329337 -142.2326256111768714
v 7.7046924869773106 -93.2844969122547667 -108.3278150497021954
v 78.8672587677245787 -56.1053156800332005 -117.6925950781995311
v 264.5644373391471049 -144.1375963448653010 -54.5111079637860314
v 225.9072750718467262 -265.0188486586406498 -77.9614701816885685
v 237.4517717067645890 -165.8018282864142918 -74.9339689427079634
v 246.8453723596887244 -186.1924373400387935 -65.4015963498748505
v 264.1064392739448294 -164.1682066678846752 -49.5292275614663922
v 205.3446403973925385 -293.8720359004352076 -91.5192768452336907
v 195.8076044594164387 -243.6196444088343753 -95.8341376900537938
v 280.5857222824545829 -73.4771974922053346 -51.4563981209218539
v 233.9210897696409006 -8.7146636578370558 -111.2696143679441434
v 183.4686234997578254 -70.2820806600240786 -108.5222132127857009
v 235.8440460468189883 -71.4095163135407347 -92.2537940057655845
v 232.4655388489781558 -52.0080776085518437 -99.8908334448723991
v 199.8454280594466184 -15.5827232400837907 -123.1827685866708180
v 221.6783118931169554 -87.5392326672466226 -94.6995285451196906
v 186.9781419100351343 54.7441946199075247 -152.6088679295365012
v 207.6522362906225680 67.6620982143770817 -141.8340074741284695
v 180.9784202222749343 74.7821856941285148 -157.6264661013215402
v 213.8324812503618091 0.3998386668882653 -124.1449606200718989
v 179.8370290766267203 -25.2182651476849067 -122.7650364917524684
v 132.2864300732427978 -37.4193147210036017 -122.4205592160923857
v 160.9019364003676174 -42.7111981882226672 -118.3658324292230333
v 140.2697315250397310 -91.7811495824846588 -105.7622613262547873
v 150.4690315599127644 -66.2187525921132334 -111.5296447960028274
v 120.3585949531400985 -77.2285765561323814 -110.0735066392850285
v 101.2024712315365207 68.9887796070394330 -175.2294656016659644
v 153.4954734711078004 22.9254192424255976 -155.3106834466182988
v 175.7550361137114976 10.8572001618707130 -143.5108312432172113
v 181.3718683791524597 29.2622604835091806 -149.8941217048112833
v 220.7293038848731612 104.4086246472227799 -130.2672188979839802
v 139.8744295445374632 63.3800189587472005 -170.5850386712108104
v 166.4056854246995556 44.0305909451430395 -158.9996427722242345
v 99.7618315008988361 -240.5575307859036798 -103.3880083835613846
v 98.4251670953007789 -215.2379386326431074 -102.4254709171867717
v 97.4453925235458343 -195.9614200053236459 -101.7982452382405967
v 117.9737026748612294 -223.8243890851294964 -102.7635922261334542
v 84.5602590038340765 -124.0417222187091681 -102.7661714590026634
v 110.7881901899187511 -57.0354515334884837 -116.3899097627667061
v 115.5686140820619272 -99.3731675907050089 -105.4781887632367727
v 109.4311912966108338 -174.8735544945812705 -101.1463901882800798
v 134.1515838995129570 -195.1930964711133072 -101.6459668690657452
v 132.6990267312876597 -162.9314760215356728 -100.7438456297656444
v 210.4147443811577318 -174.1795566218471834 -90.3073598008182898
v 226.5198889360115686 -195.7907300586583688 -80.7037243855410793
v 96.3517862725725394 10.1050428908226770 -150.0270558274671657
v 85.2196329781856008 -153.7041668020801808 -101.4766586542946811
v 194.5219835328771865 -222.7688034901119920 -95.9383433037424567
v 176.0544228718904094 -233.4785498300051643 -100.7773526282003331
v 156.5042867862191542 -223.3939335423519310 -102.7093592492855549
v 236.5122170475636665 -212.8481987783020202 -71.7926705678063541
v 230.7693362900730563 -132.1082845315649763 -82.9210701572139897
v 208.8153436558748695 -108.7549083782038366 -93.8999087835053956
v 204.4378442985170352 -202.2141828606442857 -92.2862071331173581
v 158.0801750404355346 -159.0990123242831373 -100.1154569931418479
v 131.3466566398253690 -117.1852576699413930 -102.3972605576798713
v 113.5571003048971477 -139.0051532238061043 -101.2465887794755162
v 106.5118220927849677 49.6215963385946068 -169.6015794810712976
v 116.2732858336787984 -205.1173858013078473 -102.0404167815665630
v 179.9683626931717697 -199.2736386155395962 -99.1902723456408353
v 137.6225404755091972 -233.5479473143920757 -103.1611970931260913
v 155.6392880771436182 -182.0876458008690690 -101.1082198447024041
v 179.3943106632879960 -172.1984064030577599 -98.5935599126919158
v 53.4631852235651976 -304.2708925641301221 137.2264842996813172
v 34.2099718075281558 -282.3511899097733249 141.3260598009503894
v 22.0876003511525241 -315.8434728997979164 134.9785792242813329
v 289.2215926790240133 152.9341851895967750 26.3256081165731715
v 209.9533495583822287 295.1049898129400049 120.4414125085495328
v 37.5229849135832580 -331.5566086018305896 131.8022424314289367
v 208.4795828055807192 -319.3841954220195021 114.3211807707489811
v 179.7750468867387212 -303.7274574101356279 132.6372230151026770
v 179.3948172983158713 -324.7704281487485218 127.8608176598851713
v 85.8244170282832215 326.3053135090040655 171.5454114242844810
v 45.2137046367803208 324.5374566369515037 180.5644821328494061
v 56.0129641745536446 299.9345227594900507 179.3568830006034318
v 187.1389870169540757 244.1674665615929882 138.7059852398437840
v 196.6012252017233948 261.1792690421328871 133.3473065499718757
v 89.2983558422844936 -223.5372076253495095 151.7185835267968059
v 118.6967975184009561 -214.5871544249005751 153.2651214926935666
v 93.8265791204362074 -193.7896368428624214 156.7894589775362988
v 58.3297600993126508 -191.0680971029906914 157.2315556115226514
v 74.2409900972458985 -206.7884408397382003 154.5735870532172100
v 9.2420419357775483 -50.0257874609496724 172.5793268574277306
v 26.7744119074626852 -65.8278260959426404 172.0016362668891645
v 245.4904690930870572 264.7522204607870435 90.7379304879203659
v 248.5677472235566654 234.9186368678851125 99.8805165133955910
v 259.8397202712056355 252.0395385959056966 70.3764529483989065
v 265.8276511801352058 -236.2100150106503236 48.1235111044549697
v 257.5579973076948477 -267.0899496237433937 59.0684397271758499
v 263.0591325558601739 -255.5413423364402945 42.4525955497879934
v 59.4700343450130404 -251.0559988047390050 146.9153956016964457
v 65.4573895323200077 -278.6755412680817017 141.9712134512239459
v 89.4127286998280795 -260.6492827452420897 145.1723062738477097
v 231.0420671371260539 -312.1615834357173753 94.1312567603266643
v 229.0865710738392238 -293.1788325235403363 102.8373882237169425
v 85.4773950630513042 -318.6148240744560667 134.2841092598167734
v 69.0188495473872905 -332.2548322712744948 131.5304327389720811
v 100.1525737661501978 -333.4609805850315638 130.8584274322209353
v 295.1742894246510787 -42.9400475332019269 58.4952397652934764
v 293.9649976708346912 -10.1342895492502318 71.9842246660742688
v 286.5900267143305769 -33.8234265529054596 85.4797037067578600
v 36.3429052748970420 -260.1960631695072834 145.3141755960861587
v 80.3917120521788036 -242.2929630161720240 148.4318002978668858
v 111.7666060586443848 -241.3262918685472016 148.5584590548365327
v 20.8539670871330500 -97.2626987810495507 169.6338314063687562
v 41.9324253065623367 -128.7901705319337395 166.3940270618421096
v 44.0090647136744337 -97.4131002977348004 169.6415575905438970
v 86.7917444985577902 -298.2733240752384063 138.3649738083516638
v 118.1621709052320739 -308.0350987058084797 136.5276273364526105
v 251.8110634699811499 -344.3716422567759423 15.7234871768068718
v 251.8346219987774930 -328.4206989813164341 31.9817967121343152
v 45.6883295424429363 -34.4149920345484404 172.9880661806012370
v 21.8007182666162684 -34.3158182278412056 172.9110231130663351
v 36.5674942798691234 -14.3831611816891609 172.9806739149671841
v 72.4353313434541377 -22.4925111255358026 173.1986075779821590
v 55.2793105964556375 1.3664292134859128 172.4792894682866233
v 135.6190522577632862 15.3555434878100385 171.9097510959238946
v 178.4669037303237360 -5.5339513806529839 173.3960340368004722
v 186.4222826834250952 16.8111865239324061 171.6670844320024969
v 8.9791559284708171 75.4169763551954873 166.0554912333271602
v 26.0374882305483659 90.9574876859110191 163.7608836199027280
v 94.9899398032024180 304.3560993642733479 169.4609537175376204
v 99.2009980394696811 281.3024669164970533 166.9914303607381498
v 29.7328610950299286 -190.8391671569842742 157.2618731121681890
v 32.9186512369252426 -214.7404460641312198 153.2231744152716999
v 9.3867783516965044 -18.5425887028426111 173.0261098654219438
v 42.2183632076375446 246.7333426891490262 174.9678461819289055
v 65.2431865454194195 256.0882893923325696 172.7725390339687124
v 32.1752449345405580 277.8612751483886996 180.4105571998339315
v 131.3435131997660221 -335.4243870634127234 130.0883421898454628
v 43.8918017335854458 122.1750254584904951 159.5175849727704644
v 7.7245779118215454 137.6313893168483560 159.2560922117903885
v 264.5475226378754314 -220.9212667454930852 64.3157047686442525
v 257.0834414886268746 -236.3295693627972298 78.1916782296971320
v 6.8980028638376201 168.4934995885060971 163.9744763418833600
v 25.5622645743982488 153.3504088938639711 160.3417304755070631
v 41.1811776756780006 183.6235789744777094 163.0487850593544579
v 84.7572594286516789 247.0411580118826294 166.3765366389478402
v 61.8695269236407626 231.2859485736711065 168.6061567956143676
v 251.1946498431072143 -314.3892346244346641 46.7650613926581329
v 255.8126741799503918 -297.4783791731995279 39.1670098218330551
v 66.2899751140437559 275.3739389645862730 175.4568871570211854
v 4.1175668019749931 293.4530947901093896 182.0654574895344524
v 4.8750552552482009 262.3817327375053878 178.8394359206526190
v 27.9057970113102947 306.5821730757447199 182.3631516261429226
v 244.4541932012911900 -324.1056884488743890 62.8226513414860435
v 248.6786542369323172 -300.0468921057870375 65.2487537735098471
v 39.7126499896420810 215.7926924737377021 169.1570302729727473
v 18.0723220098629831 246.6848438996621269 176.5025818545626066
v 108.4493326125821255 254.0575925707031217 161.0799898265857735
v 124.8895586662153221 242.1959769516306267 155.3647782502767996
v 216.7063914748680418 263.7656869171829044 121.0727603543134308
v 213.8207941014233029 238.6616794827170622 127.9316429338961143
v 96.9821553915780186 216.5123445019743258 158.6136214242780795
v 102.0526278371817028 -280.0786554633590413 141.6296147836768284
v 122.8035234822225732 -266.7800271598711106 144.0181110793130870
v 153.9766270599705820 256.2172510357925717 148.4864823375804121
v 151.5692701239782707 285.9389143452631288 150.0337457127216396
v 124.9618577875801009 271.0827402784545939 158.1991133704462129
v 126.2822868434211330 300.1024953000967344 158.4852930746029358
v 150.9571744092737902 314.6750919244826719 148.5696165398823041
v 170.5037295064525154 333.9433547037342009 137.2137838806869752
v 126.1681442745265826 328.4827157145017509 156.3137171719258447
v 175.5670630039361129 305.3876197954666054 139.7446906768869610
v 181.5167314538283847 274.6925954531167235 139.2027523991111764
v 267.9447062451530996 -200.0904494248043761 65.6020165611306538
v 272.9177205344848858 -204.8489268086944435 41.3715976023493965
v 276.6833084080574281 -173.3884805691121187 52.5706842925785551
v 122.2082503533301292 221.2591347369258585 154.0307736785750876
v 149.4529059249075260 231.8588952180395495 148.8839720602485386
v 76.1224713887326629 164.4955274391915907 158.0636921303807583
v 52.5610639842651040 153.7675076949974482 158.9957048363257286
v 249.6013978247535476 -280.6971071447769077 74.5161562467624492
v 162.2793273535476146 -338.5217463640783535 128.8113570876450353
v 149.6757562505794112 -312.1804786193707173 135.6887663890426268
v 234.6154215609160758 -343.3101727867754676 75.5154132382258183
v 228.7788363521327426 -331.0798650405968715 90.2992996981020184
v 216.4864888439038282 -342.7278188510939572 100.5876523535571607
v 191.3835867949534304 -341.0420138246928445 118.9015759423397469
v 136.6206927367441608 -294.2070943703497505 138.9211093813405000
v 161.2585844311292362 -296.5624751582546992 138.0219703800454170
v 153.7781873310964897 -278.9896895286637459 142.2457520641718816
v 171.1229756837095692 -255.8802696556586227 144.8009082551153313
v 143.6779459586062160 -262.1066759750971187 144.5456678309565746
v 245.9127839321212150 -343.2404989560097306 46.4530548165120791
v 281.5141424854745082 -150.0928262656317713 50.0007665992319303
v 290.0154667388448502 -124.7257025352102033 24.2843986181152189
v 285.5818460377170709 -128.2809217278885967 48.7971284317493641
v 299.7730270871375069 74.5186433641720356 14.4102431268157485
v 300.6978778160975025 57.6995809684425964 35.8130168506820468
v 302.8818893058224830 41.2874386155592887 14.9260781862233198
v 194.9107338013143362 -289.8591410466631828 130.2484158297902184
v 297.2277617936701972 89.9570792512024866 50.8806304406027223
v 296.1495963966147542 56.4424812910863807 64.7874280373290361
v 229.4519470443992759 -260.5446510975527303 112.7037254153816548
v 250.1479879332398752 -258.6083035354331514 82.9916190848460928
v 241.3960635719888330 -240.4000133499633023 103.4424025624635988
v 271.3437436760555102 -83.3109258111665838 103.4788227123085989
v 251.1079691956101669 -89.7126854224133297 128.9002600206052591
v 262.5188523563575131 -114.1383315834146117 108.4973190098249063
v 189.6166741063618986 -271.3029768279599239 136.8794853633142736
v 275.1182322059132161 -118.8729971209943983 84.3666841226708613
v 278.7269359373302677 -96.6278275189554137 84.5101309221551986
v 299.8716136577897373 -42.7814822839083817 34.4388384241560743
v 301.1836026346436483 -9.5723276734408085 41.4482722080458430
v 293.4846616066760134 121.2972572438259249 47.4187587518109481
v 212.9857559455873002 -292.5975379156443523 118.5104306719525624
v 245.5680187956498344 326.3511639790270351 46.3375650590206689
v 250.6949004458348043 318.0015538876414780 13.5445305229282003
v 241.6585350597273134 343.1848036462404821 14.7864541783129599
v 6.9456610997555623 -237.8618179180213019 149.2278736142860396
v 35.4883156127579156 -238.0305734400347148 149.2042805421923219
v 196.6664084038329179 323.3430760731602049 124.8943889706288530
v 211.4445491619156883 343.8188919269279040 105.2435822020316323
v 219.0797002341004429 325.6035779376624077 103.5484504853445600
v 233.4392222859660819 312.1378637048666747 88.8929960050355561
v 235.8236194436495339 345.1958223028098018 62.9832431308911040
v 259.6773322303381519 289.2161751385553998 12.9073333454788024
v 263.3980368462136425 273.7169545626119884 26.7267248854635930
v 266.7473779866541008 259.7652621937562003 12.7834495667300345
v 279.8045716704929191 196.8238164526650849 42.5949369637569717
v 285.3463183219158168 172.9856942075161612 40.7169445453030932
v 288.6291405860822579 152.1361659340932988 49.8997159400350654
v 272.9903190310933496 204.9243002835238485 67.7432979920270810
v 274.8155062623233107 219.9248998765750969 41.1583387989098668
v 229.5521341211623110 281.7599813755363130 104.9052075755709978
v 253.2160084600183154 299.8985056147809019 48.3289861515570962
v 269.7855415900850744 243.2666694820248381 40.0107874318999492
v 260.5250477763035519 271.4717323499733084 51.1626419202118754
v 272.3407323243258134 229.4316413427705186 13.8208538729061665
v 232.0297636384078430 -67.0207097835152439 149.3173752977337472
v 233.6423253599830900 -32.5418126488593984 151.7957187097913447
v 209.9789346272900730 -44.9192633273394577 163.9009106329488930
v 234.6314726797538412 251.2900181298890914 109.0672834161883458
v 294.4198062382478724 -75.5836247360702060 45.1965423752109103
v 295.3764252863422257 -91.7943336076419456 23.1422475199251920
v 210.0174504038413374 -260.8470200937366030 128.7703311648193107
v 184.7343474870204432 -235.5833880821916750 145.2659761818429729
v 246.5517428177357431 288.0521926764368459 77.5964281296695901
v 20.4031309989158132 -159.9311142998439266 162.0603746632606885
v 8.2342066921376027 -144.2562756001458411 164.3007262709722625
v 7.7345263814598884 -175.4886669905881433 159.7036351723264431
v 5.3574524028157855 231.1492492316035055 173.9207927813581875
v 210.0523736774676138 196.9991582300408481 136.5908070273155488
v 232.8901450600702390 191.2737448665795910 126.6512150163925838
v 228.2142146424269527 217.4493314427384405 123.7064334601455897
v 270.5090739820579984 93.1257589464744342 113.8139815356802558
v 281.6765535552069650 119.6595825450732775 89.3741380794659079
v 263.0779125951891046 131.1633065746793250 115.6527442827708967
v 58.4507537555160184 -222.8411026114767708 151.8461979816599694
v 6.6037054848024148 -269.0527458372047249 143.7552826441686307
v 173.3340000319664966 225.5424345223956379 143.7808677130764750
v 239.3089460313456129 -276.8035018112053649 94.9760476404493375
v 220.7293038848731612 -240.2244988561006949 125.4119396804717326
v 53.5231984455039154 -66.0142332429046093 172.0826978713497510
v 167.6687035203359812 -38.5915645456225960 174.3806216413202606
v 205.3866680758415555 -20.8939394393894204 166.9406517136257548
v 215.6083061096710196 -162.5753461402343873 144.8838697409304359
v 189.9449275466974427 -156.0078132449792463 158.0175192562491020
v 200.2430329264392412 -182.3205251972064218 149.4307694285189712
v 254.8727165156137744 -168.2434752022480495 104.3782150311176338
v 275.3975147650313602 -141.8111973834414812 74.5029722216051482
v 264.2793284772084803 -137.1308223948718990 99.5307656276725936
v 303.9547350350852071 7.4131988722441005 16.3945483000969716
v 302.6754009886645918 -26.3417513508705881 18.7463711283743102
v 299.7799242321761426 23.2589002350942309 53.1031807357438552
v 36.2629605703842941 16.1175455986043445 171.8583161261617818
v 36.0859376858705261 40.7977758611146299 170.2513734476229672
v 9.4481617910969771 12.9117894308376453 172.0669115844583530
v 176.6979760160531896 129.4880372539715836 156.7805698356835364
v 129.9421837415187326 134.3695808919063666 157.3485998173950406
v 133.9726611336446354 114.0615533478260915 160.2788041021580625
v 253.4487727120311717 -21.2872263942126345 136.0505728855426355
v 234.4551636900520748 -8.5504793655070372 152.6240784948052749
v 281.3596648597013541 -57.8607024217404557 90.6050309085618579
v 211.9382765110158289 -202.5263045811148572 139.1364292681889197
v 194.9305501395639055 -216.4323997974615850 145.3259548604843303
v 196.0617855557896405 -121.0386315765263561 161.3461689615737384
v 165.1762779573898854 -142.7441542728474531 165.0185820477464347
v 29.3271040098614328 199.1616377310809867 167.3602606610337489
v 67.5776456095594682 208.0861288914869931 162.6630055144898108
v 277.9120595527173236 -188.8189254400210189 23.8519050207936765
v 251.3062131791326124 -211.3795559479415829 97.7741238128280941
v 245.0482458003437500 312.0127709107104579 64.5055317020443937
v 253.3257410012838022 206.0065878473970145 105.2984369582319175
v 267.4763567051766699 189.2957611167144023 89.9967925287287045
v 276.1017029104852440 153.9880090764491456 89.4539906685190402
v 285.9724616442114211 138.0604400988668203 72.2502195701429741
v 217.7438533532064753 148.1464611472791546 143.8646467235956834
v 245.5173092351321600 153.6445220419799114 127.6073044005941881
v 212.9039459030173305 173.2762954537343489 140.0840670589709021
v 285.8621188380259923 81.6863430221115863 89.3824745285609907
v 113.6315526251303822 192.0938948612553929 154.5393891888354005
v 141.8824889919667385 208.1087892945521105 150.1580670399035853
v 68.8563233333303231 132.9571630352079978 158.8107600222851374
v 237.1085725331066385 -191.7044652413035806 121.0425579979923896
v 232.9679595945793835 -217.5151364242003922 119.3157385631980247
v 131.3233629429754217 -231.0442721509405715 150.3841759499593138
v 266.6036548407909095 -177.9252245272781465 79.8972765654828549
v 252.4523943286807253 -189.8513094536481560 101.8243369421763305
v 181.6452440344227455 -199.6661425889560348 153.0213379288243516
v 158.5140043119214681 -217.9991801356086114 152.7626546893625346
v 139.6615046596390357 -207.9380993478868334 154.4054533105562257
v 237.6936899325765751 -163.9857374568212265 126.6510307854733526
v 219.7806528240353714 -97.1275078296331458 153.7293718947171328
v 226.4787939265910666 -125.7748745913520310 144.3925258793478292
v 245.3712371450487808 -113.3422467525630140 130.0869719723837079
v 126.2042074769655642 -82.8510393790422341 171.2611431159147912
v 139.5390026127844862 -59.5056542418026453 172.8564331888124173
v 102.3078567469080014 -66.6626454775620374 172.3283122299787919
v 185.3784878672382206 -98.0586914964415541 167.5723219634982968
v 144.8097110387247426 -104.9006593747525500 169.0399860671003296
v 167.5401679108767041 -119.7129979972171157 168.0625143818357401
v 76.8742371690773325 -86.8054294015267374 170.5680548833444163
v 161.6860462214693541 -165.3205940965243315 161.8006896681755507
v 106.2094185533036921 -142.5111712466180336 164.8037687959259188
v 122.1140738103069765 -170.0512180683135455 160.7418224599092866
v 140.0047038332969862 -153.5953323865459197 163.3473542928292659
v 151.6308032510006285 -191.4234440028852759 157.0592766731789993
v 8.5228159415416265 -112.9203118897997768 168.1246462593455817
v 78.6422206998868631 -45.7189406611160081 172.8631115596344614
v 90.4908365247212743 -3.0075236986767653 172.7177763932280072
v 98.6747193898283399 -30.1781644984540769 173.4157697740228343
v 45.7409735276125105 59.8961431895400480 168.1643480224393272
v 73.3568659158679424 72.2421479529942729 166.5773598553394379
v 52.8244796554646214 91.1108714406012723 163.8101999340937311
v 285.7163806664837011 -109.3974367378784081 60.3574113535586108
v 291.0791584943083876 -108.7294384536204888 37.5185230710081754
v 247.5473727629767495 -140.6437836204522398 121.8944647973702757
v 286.1098057944963102 -76.4440061577325594 74.1256672990250252
v 268.5528064517968119 27.4457321054829357 121.7347020471017345
v 287.2341786089808124 29.9365801911831362 91.0953384712238119
v 273.4751802672056442 55.0899730264346701 113.8665679486875604
v 76.2176612018115804 111.1685406798823550 160.8593387575122051
v 148.7585165614701168 -243.5244200524581117 148.0946462012461211
v 72.8204085079392200 -139.5118688527118707 165.0948651627395236
v 70.5604478217622386 -113.0619278945243025 168.1512561127416348
v 82.1202816807058440 -165.7440258355063349 161.2740080133984009
v 60.4636838078723784 -172.1738000609082633 160.2531384322230110
v 120.0378949804929363 -192.3248513473733396 156.9885089713303330
v 100.6055285099385657 -175.8984771559796627 159.7338605575123722
v 80.0887903632372087 185.9831855590924761 158.6817408066628445
v 267.0527522497079644 228.6357407428381521 67.9760161863101331
v 254.7556147375790658 176.8951203712764197 112.8292672724034844
v 279.7002048547499271 181.5110030236835996 64.9621825786497880
v 282.7061280473158718 162.6243630791816202 68.9129685837768733
v 290.9337081835774939 106.0750969415373675 69.1086909065923294
v 206.1712845319711960 218.6303667793181660 134.6284138189900830
v 91.8443120016989525 146.0120998902862652 157.3481507545294278
v 107.8270351107253333 116.3515782171347013 159.9999936347705045
v 110.2103499117582999 10.2867060916145192 172.1222844901189717
v 125.4376686797852756 40.9645163574489430 170.4808330575221191
v 94.3058673712418027 26.1443594353495996 171.3004994460349906
v 287.0008962075076511 52.5996546046272471 90.4324410805420342
v 68.7353987637216761 48.0405035609100324 169.6523005560214017
v 101.4635609873807596 91.8426481662096421 163.9316196242978094
v 43.0527565552562379 -160.1361517985128842 162.0595801674215011
v 141.3501307219908369 -131.6921529427574455 166.4018338470444007
v 117.9078286068045571 -123.7997809640322515 167.1052159822266958
v 109.1987494487066215 -104.3850776328589092 169.1210361571284579
v 163.1495536149562895 -81.9049099789114194 171.9566378648675880
v 91.8349737969805346 -124.8617800979253900 166.8809033236334187
v 163.2160724912302499 196.1900851193836388 147.5563925418549331
v 185.8477240185134747 206.9945261517602546 142.4428100611517607
v 126.7218618167005246 -31.1322849147064353 173.6762492649471312
v 126.1742238948611146 -8.4740580773245355 173.0383957648479907
v 57.9619545835052392 28.5949645796308154 171.1176848019979957
v 281.6835082724078916 6.6292387387642355 102.0313549232269992
v 293.6485810670596379 11.4912884425581332 77.2472069078393702
v 271.5381303247065716 -43.2403093882471481 111.0149957231377869
v 260.5851531137018924 -65.6868318705705150 122.4043584096327208
v 197.3081537821007601 -67.7677776754195804 167.4181782562662306
v 252.6504080235541210 -44.3572093360704045 134.1842330727299668
v 276.9296942336607685 -18.0490570990941457 107.2114562802041462
v 253.2972542953980906 46.7152269290068034 137.1500284682014410
v 250.1913397714207861 25.9343937595912806 141.0295861941817748
v 264.5112406612198583 -1.0512331395507371 126.3251032604930799
v 231.4691374367627930 15.3214607677527539 154.7410529587959900
v 244.8694266643675235 67.2414759969133229 143.0832082508227643
v 227.5487840766058127 53.4391258169571657 155.0828013139650068
v 206.9810485085755261 3.4530055758039095 166.6483117881073497
v 196.3299451731592740 95.1942346209782215 160.7491341245161607
v 222.6087125785185776 82.7988559711707381 154.0712699375080206
v 230.2312668616010569 105.3809263523165356 146.6492625244383134
v 208.0397084570575998 35.4490571553135325 164.8959993998647064
v 194.9312064622136518 65.3156641404871721 166.0156512970439735
v 178.0804793772418293 37.9662502624634186 171.1261594242824913
v 152.3537138636211239 -18.3150635175953163 173.6164202739276448
v 171.6623577574810611 80.8326399712712629 166.3214976518283095
v 151.0278154523655019 33.3668793061921249 171.0963370442323708
v 133.8583343338308680 66.8674181442845992 167.9674397130813475
v 148.6919516274663522 96.9694607297999056 163.2513930127761057
v 172.4726053402483785 -60.2836383848400246 172.9775074460429494
v 95.3098913377402113 54.0649582495766623 169.1887870776747604
v 162.4428783520928050 58.3215560661907375 169.5296718504098976
v 121.2810967378798495 154.2109630320130975 155.4606934726001839
v 155.7697696256872462 149.5284809023048069 154.1184330528305679
v 133.1312209533654709 172.6569686754501163 152.9442718324245334
v 126.6664889110398917 86.2976659592678459 164.8949861298089559
v 173.1466602159759418 107.5713283520522623 161.3143545847094629
v 163.8603280157725806 174.6470771226870511 149.9180602098785471
v 102.6537618121921156 169.0485182615470876 155.9807888720148981
v 188.7117318311111092 154.8366227481457997 150.0669418214801567
v 253.4781575436480807 111.4587849786945242 129.6226064260356452
v 209.8352575391567427 -142.2218941601317965 152.4574070850656824
v 189.2901478308941705 184.0043151979284630 144.6972898774816940
v 207.9016158686633844 123.6758280986887399 152.7405009213252924
v 248.5366697703693148 88.7463481933296094 137.1271492909197320
v 236.9020036149215684 128.6048111983248816 138.9125541580288257
# 1417 vertices, 0 vertices normals


usemtl material_0
vt 0.0000000000000000 0.0000000000000000
f 1/1 2/1 3/1
f 343/1 344/1 4/1
f 5/1 6/1 7/1
f 8/1 343/1 9/1
f 5/1 10/1 6/1
f 11/1 12/1 13/1
f 11/1 14/1 15/1
f 16/1 17/1 18/1
f 10/1 19/1 20/1
f 21/1 22/1 23/1
f 24/1 25/1 26/1
f 27/1 28/1 29/1
f 361/1 30/1 31/1
f 32/1 33/1 100/1
f 34/1 35/1 36/1
f 37/1 38/1 39/1
f 4/1 40/1 9/1
f 41/1 42/1 43/1
f 44/1 45/1 46/1
f 18/1 47/1 48/1
f 46/1 43/1 47/1
f 43/1 46/1 41/1
f 508/1 49/1 50/1
f 508/1 50/1 51/1
f 553/1 508/1 51/1
f 47/1 42/1 52/1
f 53/1 54/1 618/1
f 54/1 55/1 56/1
f 45/1 57/1 58/1
f 59/1 60/1 61/1
f 62/1 48/1 52/1
f 63/1 57/1 40/1
f 618/1 56/1 391/1
f 42/1 47/1 43/1
f 64/1 65/1 66/1
f 67/1 454/1 439/1
f 68/1 20/1 19/1
f 69/1 70/1 71/1
f 72/1 73/1 67/1
f 10/1 20/1 74/1
f 47/1 18/1 17/1
f 75/1 76/1 77/1
f 78/1 435/1 79/1
f 80/1 433/1 81/1
f 82/1 83/1 1151/1
f 83/1 84/1 1151/1
f 77/1 76/1 85/1
f 86/1 87/1 88/1
f 66/1 89/1 90/1
f 91/1 19/1 92/1
f 93/1 94/1 95/1
f 45/1 40/1 57/1
f 344/1 63/1 4/1
f 96/1 97/1 61/1
f 98/1 99/1 100/1
f 68/1 62/1 101/1
f 98/1 100/1 33/1
f 78/1 437/1 435/1
f 32/1 102/1 103/1
f 437/1 78/1 95/1
f 104/1 92/1 105/1
f 69/1 71/1 80/1
f 102/1 32/1 100/1
f 2/1 44/1 46/1
f 98/1 96/1 60/1
f 106/1 33/1 65/1
f 107/1 108/1 51/1
f 109/1 83/1 110/1
f 361/1 35/1 111/1
f 33/1 106/1 98/1
f 20/1 101/1 74/1
f 42/1 41/1 58/1
f 19/1 10/1 112/1
f 48/1 47/1 52/1
f 91/1 68/1 19/1
f 6/1 10/1 113/1
f 114/1 1219/1 27/1
f 6/1 113/1 115/1
f 116/1 117/1 1250/1
f 118/1 119/1 16/1
f 109/1 13/1 12/1
f 116/1 1250/1 1249/1
f 115/1 7/1 6/1
f 65/1 33/1 120/1
f 121/1 122/1 123/1
f 124/1 125/1 126/1
f 127/1 128/1 1091/1
f 74/1 113/1 10/1
f 12/1 88/1 109/1
f 40/1 45/1 129/1
f 62/1 68/1 130/1
f 131/1 1134/1 1277/1
f 132/1 133/1 134/1
f 15/1 135/1 136/1
f 137/1 138/1 139/1
f 77/1 90/1 75/1
f 84/1 109/1 88/1
f 140/1 141/1 134/1
f 4/1 9/1 343/1
f 133/1 142/1 131/1
f 9/1 40/1 143/1
f 144/1 145/1 146/1
f 147/1 44/1 2/1
f 148/1 149/1 150/1
f 135/1 60/1 59/1
f 99/1 15/1 14/1
f 60/1 99/1 98/1
f 12/1 136/1 88/1
f 59/1 151/1 135/1
f 95/1 78/1 93/1
f 15/1 99/1 135/1
f 102/1 14/1 11/1
f 96/1 98/1 106/1
f 15/1 12/1 11/1
f 36/1 35/1 8/1
f 7/1 1259/1 5/1
f 100/1 14/1 102/1
f 1152/1 152/1 1251/1
f 136/1 151/1 86/1
f 135/1 99/1 60/1
f 86/1 153/1 154/1
f 32/1 103/1 94/1
f 154/1 153/1 155/1
f 99/1 14/1 100/1
f 18/1 48/1 130/1
f 156/1 157/1 59/1
f 109/1 110/1 13/1
f 83/1 109/1 84/1
f 45/1 44/1 129/1
f 136/1 12/1 15/1
f 17/1 3/1 47/1
f 82/1 110/1 83/1
f 87/1 1152/1 84/1
f 63/1 40/1 4/1
f 151/1 136/1 135/1
f 106/1 64/1 96/1
f 149/1 1140/1 1143/1
f 84/1 1152/1 1151/1
f 158/1 143/1 44/1
f 68/1 101/1 20/1
f 46/1 45/1 41/1
f 41/1 45/1 58/1
f 159/1 160/1 161/1
f 162/1 163/1 141/1
f 79/1 435/1 433/1
f 120/1 89/1 65/1
f 97/1 96/1 64/1
f 164/1 165/1 166/1
f 167/1 168/1 169/1
f 30/1 22/1 31/1
f 69/1 81/1 356/1
f 170/1 171/1 93/1
f 172/1 173/1 73/1
f 64/1 106/1 65/1
f 174/1 1219/1 175/1
f 112/1 92/1 19/1
f 176/1 117/1 177/1
f 17/1 16/1 178/1
f 86/1 154/1 87/1
f 157/1 153/1 151/1
f 33/1 93/1 120/1
f 89/1 120/1 171/1
f 33/1 32/1 94/1
f 93/1 78/1 170/1
f 95/1 94/1 103/1
f 33/1 94/1 93/1
f 1259/1 114/1 5/1
f 5/1 114/1 112/1
f 1219/1 114/1 1259/1
f 112/1 114/1 29/1
f 5/1 112/1 10/1
f 29/1 92/1 112/1
f 143/1 40/1 129/1
f 36/1 9/1 143/1
f 179/1 180/1 34/1
f 8/1 9/1 36/1
f 119/1 91/1 181/1
f 130/1 118/1 18/1
f 182/1 146/1 183/1
f 182/1 184/1 185/1
f 68/1 91/1 118/1
f 119/1 118/1 91/1
f 181/1 91/1 92/1
f 183/1 119/1 182/1
f 104/1 181/1 92/1
f 119/1 181/1 182/1
f 105/1 92/1 29/1
f 186/1 184/1 182/1
f 167/1 17/1 178/1
f 1/1 169/1 147/1
f 179/1 158/1 123/1
f 30/1 180/1 122/1
f 130/1 68/1 118/1
f 48/1 62/1 130/1
f 187/1 188/1 50/1
f 189/1 190/1 191/1
f 192/1 193/1 194/1
f 195/1 196/1 197/1
f 1128/1 198/1 199/1
f 133/1 132/1 200/1
f 67/1 160/1 72/1
f 85/1 173/1 77/1
f 155/1 201/1 202/1
f 203/1 162/1 150/1
f 204/1 205/1 206/1
f 202/1 149/1 1143/1
f 30/1 361/1 111/1
f 54/1 22/1 21/1
f 207/1 169/1 168/1
f 56/1 208/1 209/1
f 69/1 80/1 81/1
f 79/1 80/1 71/1
f 76/1 69/1 356/1
f 71/1 70/1 89/1
f 356/1 424/1 76/1
f 210/1 424/1 211/1
f 69/1 75/1 70/1
f 70/1 75/1 90/1
f 76/1 75/1 69/1
f 77/1 173/1 212/1
f 424/1 210/1 76/1
f 67/1 85/1 211/1
f 211/1 424/1 454/1
f 85/1 76/1 210/1
f 80/1 79/1 433/1
f 71/1 89/1 171/1
f 93/1 171/1 120/1
f 71/1 171/1 79/1
f 78/1 79/1 170/1
f 171/1 170/1 79/1
f 213/1 90/1 212/1
f 214/1 215/1 156/1
f 66/1 90/1 213/1
f 70/1 90/1 89/1
f 66/1 213/1 64/1
f 89/1 66/1 65/1
f 64/1 216/1 97/1
f 216/1 64/1 213/1
f 217/1 218/1 212/1
f 219/1 220/1 221/1
f 222/1 221/1 223/1
f 61/1 60/1 96/1
f 224/1 61/1 97/1
f 157/1 156/1 225/1
f 214/1 224/1 221/1
f 205/1 204/1 215/1
f 59/1 61/1 156/1
f 156/1 61/1 224/1
f 221/1 224/1 97/1
f 156/1 224/1 214/1
f 157/1 225/1 153/1
f 59/1 157/1 151/1
f 204/1 201/1 226/1
f 1251/1 155/1 227/1
f 228/1 1250/1 117/1
f 176/1 104/1 105/1
f 1328/1 125/1 1249/1
f 197/1 116/1 124/1
f 87/1 152/1 1152/1
f 155/1 152/1 154/1
f 88/1 87/1 84/1
f 152/1 87/1 154/1
f 136/1 86/1 88/1
f 153/1 86/1 151/1
f 44/1 143/1 129/1
f 36/1 143/1 179/1
f 178/1 183/1 145/1
f 1/1 167/1 169/1
f 118/1 16/1 18/1
f 16/1 119/1 183/1
f 29/1 28/1 105/1
f 176/1 177/1 186/1
f 105/1 28/1 176/1
f 229/1 117/1 230/1
f 176/1 28/1 117/1
f 28/1 174/1 228/1
f 177/1 229/1 231/1
f 184/1 186/1 232/1
f 181/1 104/1 182/1
f 182/1 104/1 186/1
f 47/1 3/1 46/1
f 17/1 1/1 3/1
f 233/1 169/1 207/1
f 44/1 147/1 158/1
f 3/1 2/1 46/1
f 147/1 2/1 1/1
f 34/1 111/1 35/1
f 30/1 111/1 180/1
f 179/1 34/1 36/1
f 111/1 34/1 180/1
f 187/1 49/1 234/1
f 235/1 51/1 188/1
f 236/1 191/1 107/1
f 73/1 237/1 238/1
f 239/1 1091/1 1134/1
f 126/1 127/1 240/1
f 241/1 38/1 242/1
f 37/1 39/1 127/1
f 243/1 148/1 140/1
f 244/1 1140/1 148/1
f 160/1 439/1 245/1
f 85/1 67/1 73/1
f 161/1 245/1 246/1
f 159/1 161/1 247/1
f 210/1 211/1 85/1
f 454/1 67/1 211/1
f 160/1 67/1 439/1
f 237/1 72/1 159/1
f 1143/1 227/1 202/1
f 149/1 248/1 203/1
f 226/1 201/1 153/1
f 248/1 149/1 201/1
f 203/1 206/1 249/1
f 198/1 1128/1 243/1
f 123/1 122/1 180/1
f 250/1 122/1 251/1
f 179/1 123/1 180/1
f 147/1 169/1 233/1
f 158/1 179/1 143/1
f 147/1 123/1 158/1
f 22/1 54/1 53/1
f 21/1 55/1 54/1
f 252/1 193/1 253/1
f 24/1 188/1 187/1
f 73/1 238/1 172/1
f 217/1 212/1 172/1
f 77/1 212/1 90/1
f 172/1 238/1 217/1
f 221/1 216/1 219/1
f 219/1 216/1 218/1
f 218/1 216/1 213/1
f 221/1 97/1 216/1
f 212/1 218/1 213/1
f 219/1 218/1 217/1
f 254/1 255/1 217/1
f 256/1 257/1 223/1
f 155/1 1251/1 152/1
f 201/1 155/1 153/1
f 114/1 27/1 29/1
f 174/1 27/1 1219/1
f 228/1 174/1 175/1
f 27/1 174/1 28/1
f 116/1 1249/1 125/1
f 117/1 116/1 230/1
f 126/1 1328/1 128/1
f 195/1 258/1 259/1
f 145/1 183/1 146/1
f 16/1 183/1 178/1
f 185/1 260/1 144/1
f 207/1 261/1 233/1
f 17/1 167/1 1/1
f 167/1 178/1 145/1
f 196/1 195/1 259/1
f 177/1 117/1 229/1
f 192/1 262/1 193/1
f 261/1 207/1 263/1
f 196/1 229/1 230/1
f 260/1 264/1 265/1
f 1250/1 228/1 175/1
f 117/1 28/1 228/1
f 176/1 186/1 104/1
f 232/1 186/1 177/1
f 187/1 50/1 49/1
f 51/1 50/1 188/1
f 391/1 209/1 266/1
f 188/1 24/1 26/1
f 235/1 188/1 26/1
f 107/1 191/1 108/1
f 127/1 1091/1 239/1
f 127/1 39/1 240/1
f 37/1 239/1 131/1
f 131/1 267/1 37/1
f 268/1 1277/1 199/1
f 131/1 142/1 267/1
f 268/1 131/1 1277/1
f 133/1 268/1 198/1
f 1128/1 244/1 243/1
f 133/1 198/1 134/1
f 149/1 203/1 150/1
f 134/1 198/1 140/1
f 161/1 160/1 245/1
f 72/1 160/1 159/1
f 108/1 269/1 51/1
f 161/1 108/1 247/1
f 270/1 271/1 272/1
f 238/1 237/1 273/1
f 155/1 202/1 227/1
f 149/1 202/1 201/1
f 153/1 225/1 226/1
f 226/1 225/1 204/1
f 149/1 148/1 1140/1
f 140/1 148/1 150/1
f 221/1 220/1 223/1
f 140/1 150/1 162/1
f 31/1 22/1 53/1
f 250/1 30/1 122/1
f 252/1 274/1 275/1
f 276/1 209/1 253/1
f 73/1 173/1 85/1
f 212/1 173/1 172/1
f 72/1 237/1 73/1
f 217/1 238/1 254/1
f 159/1 247/1 237/1
f 277/1 278/1 279/1
f 126/1 125/1 1328/1
f 116/1 125/1 124/1
f 127/1 126/1 128/1
f 241/1 280/1 240/1
f 146/1 185/1 144/1
f 167/1 145/1 168/1
f 232/1 265/1 264/1
f 263/1 281/1 282/1
f 263/1 168/1 144/1
f 55/1 21/1 274/1
f 126/1 240/1 283/1
f 284/1 259/1 285/1
f 177/1 231/1 232/1
f 232/1 231/1 265/1
f 231/1 284/1 265/1
f 286/1 287/1 265/1
f 187/1 276/1 24/1
f 24/1 276/1 25/1
f 187/1 234/1 266/1
f 253/1 193/1 25/1
f 252/1 253/1 209/1
f 288/1 277/1 289/1
f 253/1 25/1 276/1
f 25/1 262/1 290/1
f 291/1 236/1 235/1
f 107/1 235/1 236/1
f 277/1 288/1 164/1
f 166/1 292/1 293/1
f 191/1 247/1 108/1
f 51/1 235/1 107/1
f 291/1 235/1 26/1
f 236/1 279/1 189/1
f 246/1 269/1 161/1
f 553/1 269/1 246/1
f 131/1 239/1 1134/1
f 127/1 239/1 37/1
f 294/1 200/1 295/1
f 295/1 137/1 294/1
f 134/1 141/1 163/1
f 200/1 132/1 296/1
f 200/1 296/1 295/1
f 133/1 200/1 142/1
f 293/1 295/1 296/1
f 138/1 297/1 139/1
f 198/1 268/1 199/1
f 131/1 268/1 133/1
f 148/1 243/1 244/1
f 198/1 243/1 140/1
f 298/1 299/1 300/1
f 140/1 162/1 141/1
f 301/1 223/1 257/1
f 272/1 302/1 270/1
f 256/1 220/1 255/1
f 247/1 191/1 190/1
f 255/1 220/1 219/1
f 223/1 220/1 256/1
f 217/1 255/1 219/1
f 254/1 303/1 255/1
f 256/1 304/1 257/1
f 223/1 205/1 222/1
f 163/1 162/1 305/1
f 299/1 296/1 132/1
f 162/1 249/1 305/1
f 249/1 205/1 301/1
f 299/1 132/1 134/1
f 300/1 305/1 306/1
f 206/1 203/1 248/1
f 162/1 203/1 249/1
f 201/1 204/1 248/1
f 205/1 249/1 206/1
f 204/1 225/1 215/1
f 248/1 204/1 206/1
f 156/1 215/1 225/1
f 215/1 214/1 222/1
f 307/1 23/1 251/1
f 22/1 30/1 250/1
f 307/1 308/1 23/1
f 309/1 310/1 274/1
f 23/1 22/1 250/1
f 274/1 21/1 23/1
f 252/1 55/1 274/1
f 56/1 55/1 208/1
f 23/1 309/1 274/1
f 311/1 285/1 258/1
f 54/1 56/1 618/1
f 252/1 209/1 208/1
f 276/1 187/1 266/1
f 391/1 56/1 209/1
f 280/1 312/1 313/1
f 283/1 195/1 197/1
f 182/1 185/1 146/1
f 264/1 185/1 184/1
f 263/1 207/1 168/1
f 233/1 261/1 307/1
f 265/1 287/1 260/1
f 314/1 315/1 316/1
f 229/1 196/1 231/1
f 197/1 196/1 230/1
f 116/1 197/1 230/1
f 283/1 197/1 124/1
f 196/1 259/1 231/1
f 195/1 283/1 258/1
f 313/1 317/1 311/1
f 285/1 259/1 258/1
f 318/1 297/1 138/1
f 319/1 281/1 314/1
f 313/1 258/1 280/1
f 311/1 317/1 320/1
f 185/1 264/1 260/1
f 232/1 264/1 184/1
f 259/1 284/1 231/1
f 286/1 284/1 285/1
f 51/1 269/1 553/1
f 161/1 269/1 108/1
f 267/1 38/1 37/1
f 242/1 139/1 241/1
f 280/1 241/1 312/1
f 39/1 38/1 241/1
f 294/1 267/1 142/1
f 38/1 267/1 242/1
f 267/1 294/1 242/1
f 200/1 294/1 142/1
f 321/1 299/1 298/1
f 272/1 277/1 164/1
f 292/1 138/1 137/1
f 322/1 323/1 288/1
f 324/1 306/1 257/1
f 305/1 301/1 306/1
f 300/1 306/1 324/1
f 301/1 305/1 249/1
f 215/1 222/1 205/1
f 221/1 222/1 214/1
f 300/1 163/1 305/1
f 134/1 163/1 299/1
f 298/1 300/1 324/1
f 163/1 300/1 299/1
f 325/1 270/1 326/1
f 293/1 321/1 327/1
f 121/1 233/1 307/1
f 282/1 307/1 261/1
f 121/1 307/1 251/1
f 147/1 233/1 123/1
f 251/1 23/1 250/1
f 23/1 308/1 309/1
f 252/1 208/1 55/1
f 193/1 252/1 275/1
f 308/1 307/1 282/1
f 263/1 260/1 287/1
f 391/1 266/1 234/1
f 276/1 266/1 209/1
f 241/1 240/1 39/1
f 283/1 240/1 280/1
f 126/1 283/1 124/1
f 258/1 283/1 280/1
f 145/1 144/1 168/1
f 260/1 263/1 144/1
f 265/1 284/1 286/1
f 282/1 281/1 319/1
f 320/1 285/1 311/1
f 320/1 286/1 285/1
f 263/1 287/1 281/1
f 315/1 287/1 286/1
f 282/1 319/1 309/1
f 263/1 282/1 261/1
f 318/1 138/1 292/1
f 194/1 310/1 314/1
f 315/1 314/1 281/1
f 194/1 314/1 316/1
f 287/1 315/1 281/1
f 315/1 286/1 320/1
f 316/1 328/1 194/1
f 310/1 194/1 275/1
f 323/1 329/1 318/1
f 330/1 288/1 290/1
f 274/1 310/1 275/1
f 314/1 310/1 319/1
f 313/1 312/1 297/1
f 258/1 313/1 311/1
f 321/1 293/1 296/1
f 293/1 327/1 166/1
f 299/1 321/1 296/1
f 327/1 321/1 298/1
f 241/1 139/1 312/1
f 137/1 139/1 242/1
f 294/1 137/1 242/1
f 292/1 137/1 295/1
f 292/1 295/1 293/1
f 165/1 288/1 323/1
f 164/1 166/1 331/1
f 165/1 292/1 166/1
f 298/1 302/1 327/1
f 331/1 272/1 164/1
f 331/1 166/1 327/1
f 278/1 272/1 271/1
f 279/1 236/1 291/1
f 279/1 289/1 277/1
f 26/1 290/1 289/1
f 165/1 164/1 288/1
f 26/1 289/1 291/1
f 279/1 291/1 289/1
f 25/1 290/1 26/1
f 322/1 330/1 192/1
f 289/1 290/1 288/1
f 290/1 262/1 330/1
f 332/1 329/1 328/1
f 292/1 165/1 323/1
f 192/1 330/1 262/1
f 288/1 330/1 322/1
f 192/1 328/1 329/1
f 312/1 139/1 297/1
f 223/1 301/1 205/1
f 306/1 301/1 257/1
f 122/1 121/1 251/1
f 123/1 233/1 121/1
f 282/1 309/1 308/1
f 310/1 309/1 319/1
f 193/1 262/1 25/1
f 194/1 193/1 275/1
f 324/1 326/1 298/1
f 304/1 325/1 326/1
f 327/1 302/1 331/1
f 272/1 331/1 302/1
f 333/1 325/1 304/1
f 325/1 333/1 334/1
f 326/1 270/1 302/1
f 325/1 335/1 271/1
f 298/1 326/1 302/1
f 326/1 324/1 304/1
f 334/1 336/1 337/1
f 236/1 189/1 191/1
f 325/1 271/1 270/1
f 189/1 278/1 335/1
f 257/1 304/1 324/1
f 304/1 256/1 333/1
f 272/1 278/1 277/1
f 335/1 278/1 271/1
f 303/1 256/1 255/1
f 334/1 333/1 303/1
f 273/1 254/1 238/1
f 247/1 190/1 336/1
f 237/1 247/1 336/1
f 254/1 273/1 334/1
f 329/1 323/1 322/1
f 292/1 323/1 318/1
f 338/1 339/1 332/1
f 317/1 313/1 297/1
f 329/1 297/1 318/1
f 339/1 297/1 332/1
f 332/1 328/1 338/1
f 317/1 297/1 339/1
f 190/1 337/1 336/1
f 336/1 334/1 273/1
f 237/1 336/1 273/1
f 337/1 190/1 335/1
f 335/1 325/1 337/1
f 325/1 334/1 337/1
f 303/1 333/1 256/1
f 254/1 334/1 303/1
f 192/1 329/1 322/1
f 297/1 329/1 332/1
f 194/1 328/1 192/1
f 338/1 328/1 316/1
f 278/1 189/1 279/1
f 190/1 189/1 335/1
f 339/1 320/1 317/1
f 315/1 320/1 316/1
f 316/1 320/1 338/1
f 339/1 338/1 320/1
f 340/1 342/1 341/1
f 344/1 343/1 345/1
f 348/1 347/1 346/1
f 351/1 350/1 349/1
f 349/1 8/1 35/1
f 352/1 354/1 353/1
f 345/1 355/1 350/1
f 357/1 356/1 81/1
f 358/1 360/1 359/1
f 31/1 362/1 361/1
f 363/1 365/1 364/1
f 366/1 741/1 367/1
f 370/1 369/1 368/1
f 372/1 371/1 364/1
f 373/1 362/1 31/1
f 359/1 360/1 374/1
f 375/1 377/1 376/1
f 360/1 353/1 374/1
f 378/1 380/1 379/1
f 382/1 359/1 381/1
f 385/1 384/1 383/1
f 388/1 387/1 386/1
f 389/1 390/1 790/1
f 234/1 370/1 391/1
f 392/1 387/1 393/1
f 396/1 395/1 394/1
f 502/1 397/1 503/1
f 398/1 400/1 399/1
f 401/1 403/1 402/1
f 405/1 404/1 406/1
f 409/1 408/1 407/1
f 411/1 372/1 410/1
f 413/1 412/1 414/1
f 372/1 415/1 371/1
f 416/1 406/1 404/1
f 417/1 350/1 418/1
f 419/1 420/1 374/1
f 421/1 365/1 363/1
f 419/1 422/1 423/1
f 424/1 356/1 425/1
f 81/1 347/1 357/1
f 341/1 451/1 443/1
f 426/1 405/1 427/1
f 246/1 245/1 412/1
f 427/1 428/1 403/1
f 409/1 429/1 408/1
f 432/1 431/1 430/1
f 433/1 435/1 434/1
f 436/1 346/1 434/1
f 437/1 436/1 435/1
f 438/1 436/1 437/1
f 341/1 342/1 451/1
f 347/1 434/1 346/1
f 434/1 347/1 433/1
f 405/1 245/1 439/1
f 348/1 441/1 440/1
f 503/1 442/1 354/1
f 431/1 432/1 441/1
f 352/1 443/1 444/1
f 445/1 353/1 354/1
f 430/1 446/1 358/1
f 446/1 360/1 358/1
f 447/1 342/1 340/1
f 446/1 430/1 443/1
f 450/1 449/1 448/1
f 342/1 447/1 448/1
f 358/1 359/1 382/1
f 341/1 443/1 431/1
f 451/1 456/1 452/1
f 449/1 453/1 456/1
f 428/1 454/1 424/1
f 408/1 429/1 455/1
f 451/1 444/1 443/1
f 342/1 448/1 456/1
f 451/1 452/1 444/1
f 430/1 431/1 443/1
f 245/1 405/1 412/1
f 346/1 340/1 348/1
f 376/1 377/1 362/1
f 459/1 458/1 457/1
f 461/1 460/1 462/1
f 790/1 463/1 389/1
f 464/1 465/1 462/1
f 401/1 466/1 388/1
f 466/1 467/1 432/1
f 465/1 469/1 468/1
f 423/1 470/1 471/1
f 462/1 465/1 468/1
f 472/1 464/1 473/1
f 475/1 474/1 476/1
f 478/1 477/1 479/1
f 341/1 348/1 340/1
f 480/1 432/1 358/1
f 750/1 715/1 481/1
f 716/1 464/1 472/1
f 374/1 482/1 419/1
f 483/1 392/1 484/1
f 419/1 482/1 422/1
f 938/1 486/1 485/1
f 408/1 445/1 407/1
f 341/1 431/1 348/1
f 483/1 487/1 386/1
f 488/1 440/1 441/1
f 491/1 490/1 489/1
f 382/1 387/1 388/1
f 477/1 478/1 486/1
f 494/1 493/1 492/1
f 347/1 440/1 357/1
f 382/1 381/1 387/1
f 438/1 450/1 447/1
f 448/1 449/1 456/1
f 342/1 456/1 451/1
f 357/1 425/1 356/1
f 463/1 496/1 495/1
f 431/1 441/1 348/1
f 497/1 498/1 936/1
f 409/1 407/1 442/1
f 500/1 499/1 501/1
f 433/1 347/1 81/1
f 502/1 444/1 452/1
f 358/1 432/1 430/1
f 790/1 889/1 463/1
f 397/1 502/1 363/1
f 424/1 425/1 428/1
f 503/1 444/1 502/1
f 425/1 357/1 440/1
f 352/1 503/1 354/1
f 456/1 453/1 452/1
f 421/1 502/1 452/1
f 445/1 482/1 374/1
f 502/1 421/1 363/1
f 411/1 459/1 504/1
f 453/1 421/1 452/1
f 506/1 505/1 507/1
f 371/1 442/1 397/1
f 352/1 353/1 446/1
f 445/1 408/1 482/1
f 399/1 508/1 509/1
f 792/1 813/1 505/1
f 429/1 507/1 501/1
f 381/1 420/1 393/1
f 429/1 510/1 507/1
f 501/1 507/1 505/1
f 458/1 411/1 511/1
f 402/1 488/1 467/1
f 397/1 363/1 364/1
f 512/1 372/1 364/1
f 432/1 467/1 441/1
f 513/1 372/1 512/1
f 347/1 348/1 440/1
f 440/1 488/1 425/1
f 514/1 410/1 513/1
f 365/1 512/1 364/1
f 382/1 388/1 480/1
f 480/1 358/1 382/1
f 407/1 445/1 354/1
f 374/1 353/1 445/1
f 444/1 503/1 352/1
f 442/1 407/1 354/1
f 516/1 515/1 517/1
f 420/1 359/1 374/1
f 447/1 436/1 438/1
f 381/1 393/1 387/1
f 420/1 381/1 359/1
f 380/1 518/1 417/1
f 344/1 345/1 518/1
f 396/1 519/1 520/1
f 522/1 521/1 523/1
f 524/1 526/1 525/1
f 373/1 31/1 53/1
f 523/1 528/1 527/1
f 529/1 531/1 530/1
f 716/1 532/1 715/1
f 534/1 533/1 490/1
f 462/1 473/1 464/1
f 465/1 535/1 469/1
f 716/1 535/1 464/1
f 535/1 465/1 464/1
f 460/1 473/1 462/1
f 462/1 468/1 536/1
f 393/1 419/1 423/1
f 537/1 539/1 538/1
f 408/1 455/1 540/1
f 501/1 499/1 541/1
f 408/1 540/1 482/1
f 455/1 501/1 541/1
f 400/1 543/1 542/1
f 538/1 544/1 537/1
f 446/1 353/1 360/1
f 443/1 352/1 446/1
f 792/1 506/1 457/1
f 429/1 501/1 455/1
f 546/1 545/1 499/1
f 499/1 500/1 547/1
f 454/1 427/1 439/1
f 403/1 548/1 426/1
f 428/1 427/1 454/1
f 403/1 428/1 402/1
f 405/1 439/1 427/1
f 405/1 426/1 404/1
f 404/1 426/1 548/1
f 403/1 426/1 427/1
f 549/1 551/1 550/1
f 402/1 467/1 401/1
f 436/1 434/1 435/1
f 346/1 447/1 340/1
f 450/1 448/1 447/1
f 436/1 447/1 346/1
f 397/1 442/1 503/1
f 397/1 364/1 371/1
f 552/1 371/1 415/1
f 552/1 409/1 442/1
f 511/1 410/1 514/1
f 513/1 410/1 372/1
f 553/1 246/1 413/1
f 554/1 414/1 555/1
f 246/1 412/1 413/1
f 414/1 412/1 406/1
f 402/1 425/1 488/1
f 467/1 488/1 441/1
f 487/1 548/1 388/1
f 556/1 483/1 484/1
f 423/1 557/1 393/1
f 393/1 420/1 419/1
f 474/1 559/1 558/1
f 560/1 562/1 561/1
f 343/1 8/1 355/1
f 564/1 375/1 563/1
f 345/1 417/1 518/1
f 417/1 345/1 350/1
f 394/1 565/1 476/1
f 418/1 566/1 475/1
f 567/1 516/1 517/1
f 568/1 570/1 569/1
f 572/1 571/1 366/1
f 574/1 573/1 498/1
f 576/1 575/1 577/1
f 400/1 578/1 579/1
f 515/1 461/1 536/1
f 580/1 520/1 519/1
f 527/1 481/1 581/1
f 584/1 583/1 582/1
f 532/1 585/1 481/1
f 534/1 585/1 586/1
f 587/1 582/1 583/1
f 588/1 460/1 516/1
f 546/1 499/1 547/1
f 589/1 546/1 463/1
f 590/1 541/1 499/1
f 389/1 546/1 547/1
f 813/1 390/1 500/1
f 813/1 500/1 505/1
f 471/1 484/1 392/1
f 541/1 590/1 540/1
f 591/1 470/1 592/1
f 497/1 593/1 571/1
f 49/1 508/1 542/1
f 554/1 413/1 414/1
f 506/1 594/1 459/1
f 510/1 552/1 504/1
f 402/1 428/1 425/1
f 403/1 401/1 548/1
f 548/1 401/1 388/1
f 388/1 466/1 480/1
f 480/1 466/1 432/1
f 401/1 467/1 466/1
f 410/1 511/1 411/1
f 415/1 372/1 411/1
f 552/1 442/1 371/1
f 504/1 415/1 411/1
f 552/1 510/1 409/1
f 504/1 552/1 415/1
f 429/1 409/1 510/1
f 510/1 459/1 594/1
f 458/1 459/1 411/1
f 510/1 504/1 459/1
f 406/1 412/1 405/1
f 416/1 555/1 414/1
f 553/1 413/1 509/1
f 413/1 554/1 509/1
f 553/1 509/1 508/1
f 554/1 398/1 509/1
f 554/1 595/1 398/1
f 549/1 556/1 551/1
f 398/1 578/1 400/1
f 595/1 555/1 596/1
f 597/1 596/1 555/1
f 598/1 600/1 599/1
f 406/1 416/1 414/1
f 601/1 416/1 551/1
f 554/1 555/1 595/1
f 555/1 416/1 601/1
f 551/1 602/1 601/1
f 556/1 549/1 483/1
f 388/1 386/1 487/1
f 392/1 483/1 386/1
f 550/1 404/1 548/1
f 404/1 550/1 416/1
f 487/1 483/1 549/1
f 548/1 487/1 550/1
f 416/1 550/1 551/1
f 487/1 549/1 550/1
f 600/1 603/1 604/1
f 557/1 471/1 392/1
f 361/1 377/1 35/1
f 605/1 376/1 373/1
f 524/1 606/1 529/1
f 562/1 607/1 368/1
f 8/1 349/1 355/1
f 564/1 351/1 349/1
f 355/1 345/1 343/1
f 350/1 355/1 349/1
f 380/1 417/1 379/1
f 418/1 379/1 417/1
f 380/1 378/1 608/1
f 379/1 418/1 565/1
f 565/1 418/1 475/1
f 350/1 351/1 418/1
f 475/1 476/1 565/1
f 475/1 566/1 559/1
f 379/1 565/1 378/1
f 610/1 609/1 558/1
f 567/1 517/1 384/1
f 611/1 519/1 396/1
f 613/1 612/1 614/1
f 581/1 585/1 534/1
f 741/1 593/1 615/1
f 617/1 479/1 616/1
f 619/1 618/1 391/1
f 400/1 579/1 543/1
f 461/1 515/1 516/1
f 516/1 620/1 621/1
f 622/1 473/1 586/1
f 516/1 621/1 588/1
f 621/1 620/1 623/1
f 395/1 624/1 385/1
f 516/1 567/1 620/1
f 567/1 624/1 620/1
f 750/1 527/1 625/1
f 585/1 581/1 481/1
f 625/1 528/1 938/1
f 528/1 523/1 521/1
f 534/1 586/1 583/1
f 532/1 622/1 585/1
f 622/1 532/1 472/1
f 715/1 532/1 481/1
f 527/1 750/1 481/1
f 523/1 581/1 522/1
f 532/1 716/1 472/1
f 622/1 472/1 473/1
f 462/1 536/1 461/1
f 460/1 461/1 516/1
f 547/1 390/1 389/1
f 389/1 463/1 546/1
f 545/1 546/1 589/1
f 463/1 574/1 496/1
f 501/1 505/1 500/1
f 390/1 547/1 500/1
f 423/1 471/1 557/1
f 422/1 470/1 423/1
f 590/1 470/1 422/1
f 590/1 422/1 540/1
f 470/1 590/1 592/1
f 499/1 545/1 590/1
f 541/1 540/1 455/1
f 422/1 482/1 540/1
f 628/1 627/1 626/1
f 493/1 571/1 572/1
f 543/1 234/1 49/1
f 579/1 629/1 630/1
f 506/1 792/1 505/1
f 510/1 594/1 507/1
f 506/1 459/1 457/1
f 506/1 507/1 594/1
f 392/1 393/1 557/1
f 386/1 387/1 392/1
f 597/1 555/1 601/1
f 598/1 631/1 600/1
f 603/1 600/1 632/1
f 604/1 633/1 599/1
f 377/1 361/1 362/1
f 373/1 376/1 362/1
f 35/1 377/1 349/1
f 563/1 566/1 564/1
f 376/1 605/1 634/1
f 635/1 524/1 525/1
f 394/1 383/1 608/1
f 383/1 394/1 385/1
f 608/1 378/1 394/1
f 378/1 565/1 394/1
f 396/1 520/1 395/1
f 396/1 394/1 476/1
f 624/1 384/1 385/1
f 385/1 394/1 395/1
f 478/1 367/1 485/1
f 636/1 528/1 521/1
f 593/1 741/1 366/1
f 617/1 572/1 366/1
f 936/1 615/1 497/1
f 637/1 638/1 493/1
f 368/1 391/1 370/1
f 369/1 370/1 630/1
f 373/1 53/1 526/1
f 607/1 619/1 368/1
f 582/1 623/1 580/1
f 489/1 569/1 639/1
f 395/1 520/1 624/1
f 620/1 520/1 623/1
f 567/1 384/1 624/1
f 624/1 520/1 620/1
f 527/1 528/1 625/1
f 527/1 581/1 523/1
f 486/1 938/1 528/1
f 640/1 636/1 613/1
f 613/1 636/1 521/1
f 581/1 534/1 490/1
f 589/1 641/1 545/1
f 628/1 641/1 589/1
f 592/1 545/1 641/1
f 633/1 604/1 591/1
f 495/1 642/1 627/1
f 463/1 495/1 589/1
f 642/1 495/1 496/1
f 889/1 573/1 574/1
f 592/1 590/1 545/1
f 628/1 626/1 643/1
f 591/1 644/1 470/1
f 592/1 641/1 643/1
f 644/1 591/1 603/1
f 643/1 591/1 592/1
f 632/1 471/1 603/1
f 604/1 599/1 600/1
f 399/1 509/1 398/1
f 399/1 542/1 508/1
f 49/1 542/1 543/1
f 399/1 400/1 542/1
f 234/1 543/1 370/1
f 562/1 369/1 629/1
f 632/1 484/1 471/1
f 470/1 644/1 471/1
f 558/1 566/1 563/1
f 376/1 634/1 375/1
f 377/1 375/1 564/1
f 563/1 375/1 645/1
f 605/1 530/1 634/1
f 607/1 635/1 525/1
f 563/1 645/1 558/1
f 648/1 647/1 646/1
f 605/1 373/1 524/1
f 529/1 605/1 524/1
f 619/1 607/1 525/1
f 618/1 619/1 526/1
f 607/1 648/1 635/1
f 562/1 560/1 607/1
f 648/1 646/1 606/1
f 647/1 648/1 560/1
f 368/1 619/1 391/1
f 618/1 526/1 53/1
f 486/1 478/1 485/1
f 477/1 486/1 528/1
f 366/1 367/1 478/1
f 616/1 637/1 617/1
f 497/1 615/1 593/1
f 571/1 593/1 366/1
f 936/1 498/1 573/1
f 649/1 538/1 497/1
f 493/1 649/1 571/1
f 492/1 544/1 494/1
f 623/1 582/1 621/1
f 580/1 623/1 520/1
f 587/1 588/1 621/1
f 582/1 568/1 584/1
f 587/1 621/1 582/1
f 586/1 585/1 622/1
f 460/1 588/1 587/1
f 473/1 460/1 650/1
f 587/1 583/1 586/1
f 650/1 587/1 586/1
f 460/1 587/1 650/1
f 473/1 650/1 586/1
f 636/1 477/1 528/1
f 640/1 477/1 636/1
f 651/1 614/1 612/1
f 654/1 653/1 652/1
f 491/1 521/1 522/1
f 584/1 533/1 583/1
f 626/1 655/1 633/1
f 656/1 497/1 538/1
f 498/1 642/1 496/1
f 539/1 498/1 656/1
f 656/1 538/1 539/1
f 656/1 498/1 497/1
f 889/1 574/1 463/1
f 496/1 574/1 498/1
f 484/1 657/1 556/1
f 597/1 601/1 602/1
f 599/1 658/1 659/1
f 655/1 642/1 539/1
f 660/1 661/1 561/1
f 579/1 630/1 543/1
f 377/1 564/1 349/1
f 566/1 351/1 564/1
f 418/1 351/1 566/1
f 566/1 558/1 559/1
f 609/1 662/1 611/1
f 531/1 645/1 530/1
f 373/1 526/1 524/1
f 525/1 526/1 619/1
f 562/1 629/1 561/1
f 562/1 368/1 369/1
f 663/1 531/1 529/1
f 652/1 647/1 664/1
f 659/1 575/1 665/1
f 560/1 561/1 661/1
f 666/1 616/1 667/1
f 479/1 477/1 640/1
f 478/1 479/1 617/1
f 616/1 479/1 667/1
f 494/1 538/1 649/1
f 571/1 649/1 497/1
f 638/1 637/1 616/1
f 572/1 637/1 493/1
f 667/1 640/1 614/1
f 668/1 612/1 491/1
f 521/1 491/1 613/1
f 581/1 490/1 522/1
f 668/1 651/1 612/1
f 490/1 491/1 522/1
f 669/1 639/1 670/1
f 533/1 671/1 490/1
f 533/1 534/1 583/1
f 490/1 671/1 489/1
f 639/1 672/1 489/1
f 584/1 671/1 533/1
f 627/1 642/1 655/1
f 539/1 642/1 498/1
f 604/1 603/1 591/1
f 603/1 471/1 644/1
f 597/1 673/1 674/1
f 484/1 632/1 657/1
f 675/1 657/1 632/1
f 600/1 675/1 632/1
f 578/1 596/1 676/1
f 677/1 679/1 678/1
f 556/1 657/1 675/1
f 675/1 631/1 680/1
f 600/1 631/1 675/1
f 681/1 682/1 680/1
f 659/1 598/1 599/1
f 658/1 599/1 633/1
f 633/1 655/1 658/1
f 633/1 591/1 643/1
f 658/1 655/1 537/1
f 655/1 626/1 627/1
f 628/1 495/1 627/1
f 626/1 633/1 643/1
f 537/1 655/1 539/1
f 665/1 598/1 659/1
f 598/1 665/1 631/1
f 684/1 683/1 685/1
f 686/1 659/1 658/1
f 684/1 544/1 492/1
f 677/1 678/1 687/1
f 688/1 690/1 689/1
f 659/1 544/1 684/1
f 537/1 544/1 686/1
f 683/1 684/1 492/1
f 638/1 492/1 493/1
f 680/1 631/1 681/1
f 576/1 665/1 575/1
f 686/1 658/1 537/1
f 544/1 659/1 686/1
f 649/1 493/1 494/1
f 494/1 544/1 538/1
f 370/1 543/1 630/1
f 629/1 369/1 630/1
f 674/1 678/1 676/1
f 596/1 578/1 595/1
f 595/1 578/1 398/1
f 579/1 679/1 629/1
f 679/1 579/1 578/1
f 691/1 561/1 629/1
f 691/1 677/1 692/1
f 676/1 678/1 679/1
f 578/1 676/1 679/1
f 678/1 674/1 682/1
f 675/1 673/1 602/1
f 674/1 676/1 596/1
f 596/1 597/1 674/1
f 673/1 680/1 674/1
f 556/1 675/1 602/1
f 551/1 556/1 602/1
f 675/1 680/1 673/1
f 602/1 673/1 597/1
f 660/1 692/1 690/1
f 677/1 687/1 692/1
f 679/1 691/1 629/1
f 692/1 687/1 689/1
f 609/1 474/1 558/1
f 645/1 610/1 558/1
f 474/1 609/1 611/1
f 568/1 580/1 570/1
f 610/1 645/1 531/1
f 375/1 634/1 645/1
f 694/1 693/1 695/1
f 697/1 696/1 670/1
f 648/1 607/1 560/1
f 648/1 606/1 635/1
f 606/1 524/1 635/1
f 663/1 529/1 606/1
f 698/1 646/1 647/1
f 647/1 661/1 664/1
f 646/1 663/1 606/1
f 672/1 669/1 699/1
f 698/1 647/1 652/1
f 652/1 700/1 701/1
f 646/1 698/1 663/1
f 701/1 698/1 652/1
f 647/1 560/1 661/1
f 660/1 664/1 661/1
f 664/1 690/1 654/1
f 660/1 691/1 692/1
f 664/1 654/1 652/1
f 702/1 704/1 703/1
f 664/1 660/1 690/1
f 689/1 577/1 688/1
f 665/1 576/1 681/1
f 690/1 692/1 689/1
f 576/1 689/1 681/1
f 680/1 682/1 674/1
f 687/1 678/1 682/1
f 687/1 681/1 689/1
f 631/1 665/1 681/1
f 687/1 682/1 681/1
f 478/1 617/1 366/1
f 637/1 572/1 617/1
f 638/1 683/1 492/1
f 668/1 672/1 651/1
f 614/1 640/1 613/1
f 612/1 613/1 491/1
f 489/1 672/1 668/1
f 491/1 489/1 668/1
f 695/1 662/1 609/1
f 569/1 671/1 584/1
f 671/1 569/1 489/1
f 705/1 569/1 570/1
f 672/1 639/1 669/1
f 639/1 569/1 705/1
f 695/1 609/1 610/1
f 570/1 580/1 662/1
f 672/1 699/1 651/1
f 696/1 701/1 669/1
f 589/1 495/1 628/1
f 641/1 628/1 643/1
f 576/1 577/1 689/1
f 575/1 659/1 684/1
f 704/1 688/1 685/1
f 684/1 577/1 575/1
f 704/1 654/1 688/1
f 706/1 666/1 703/1
f 577/1 684/1 685/1
f 683/1 706/1 707/1
f 577/1 685/1 688/1
f 685/1 683/1 707/1
f 660/1 561/1 691/1
f 677/1 691/1 679/1
f 559/1 474/1 475/1
f 611/1 476/1 474/1
f 396/1 476/1 611/1
f 611/1 662/1 519/1
f 580/1 519/1 662/1
f 705/1 570/1 693/1
f 529/1 530/1 605/1
f 634/1 530/1 645/1
f 697/1 531/1 663/1
f 663/1 698/1 696/1
f 610/1 531/1 694/1
f 670/1 639/1 705/1
f 479/1 640/1 667/1
f 708/1 614/1 651/1
f 638/1 616/1 666/1
f 667/1 614/1 708/1
f 651/1 702/1 708/1
f 700/1 699/1 669/1
f 638/1 666/1 706/1
f 708/1 666/1 667/1
f 706/1 683/1 638/1
f 706/1 703/1 707/1
f 703/1 708/1 702/1
f 651/1 699/1 700/1
f 651/1 700/1 702/1
f 702/1 700/1 653/1
f 703/1 666/1 708/1
f 703/1 704/1 707/1
f 653/1 700/1 652/1
f 669/1 701/1 700/1
f 580/1 568/1 582/1
f 569/1 584/1 568/1
f 570/1 662/1 693/1
f 694/1 697/1 705/1
f 694/1 531/1 697/1
f 610/1 694/1 695/1
f 701/1 696/1 698/1
f 697/1 663/1 696/1
f 670/1 696/1 669/1
f 705/1 697/1 670/1
f 694/1 705/1 693/1
f 662/1 695/1 693/1
f 704/1 653/1 654/1
f 688/1 654/1 690/1
f 702/1 653/1 704/1
f 685/1 707/1 704/1
f 710/1 709/1 511/1
f 469/1 535/1 711/1
f 712/1 714/1 713/1
f 717/1 716/1 715/1
f 718/1 720/1 719/1
f 723/1 722/1 721/1
f 724/1 817/1 725/1
f 799/1 727/1 726/1
f 730/1 729/1 728/1
f 733/1 732/1 731/1
f 736/1 735/1 734/1
f 739/1 738/1 737/1
f 367/1 741/1 740/1
f 743/1 742/1 744/1
f 747/1 746/1 745/1
f 744/1 748/1 749/1
f 750/1 625/1 751/1
f 727/1 752/1 714/1
f 711/1 535/1 753/1
f 754/1 711/1 753/1
f 757/1 756/1 755/1
f 759/1 758/1 760/1
f 759/1 761/1 713/1
f 754/1 753/1 762/1
f 764/1 760/1 763/1
f 767/1 766/1 765/1
f 770/1 769/1 768/1
f 771/1 752/1 772/1
f 761/1 773/1 774/1
f 777/1 776/1 775/1
f 776/1 778/1 779/1
f 777/1 780/1 776/1
f 782/1 781/1 783/1
f 784/1 1218/1 1217/1
f 740/1 785/1 783/1
f 786/1 718/1 787/1
f 761/1 760/1 773/1
f 749/1 788/1 736/1
f 789/1 730/1 728/1
f 390/1 791/1 790/1
f 792/1 457/1 793/1
f 793/1 795/1 794/1
f 797/1 796/1 817/1
f 799/1 798/1 800/1
f 802/1 801/1 803/1
f 805/1 804/1 806/1
f 1272/1 807/1 1199/1
f 511/1 514/1 710/1
f 725/1 817/1 796/1
f 733/1 808/1 809/1
f 709/1 710/1 809/1
f 760/1 761/1 759/1
f 733/1 809/1 732/1
f 763/1 760/1 758/1
f 758/1 810/1 723/1
f 811/1 728/1 812/1
f 797/1 713/1 761/1
f 792/1 794/1 813/1
f 810/1 713/1 714/1
f 815/1 798/1 814/1
f 816/1 847/1 815/1
f 712/1 713/1 797/1
f 759/1 713/1 810/1
f 817/1 814/1 797/1
f 796/1 808/1 725/1
f 814/1 712/1 797/1
f 816/1 814/1 817/1
f 725/1 731/1 724/1
f 724/1 818/1 816/1
f 809/1 819/1 732/1
f 788/1 821/1 820/1
f 823/1 822/1 1197/1
f 817/1 724/1 816/1
f 825/1 824/1 723/1
f 722/1 714/1 752/1
f 797/1 761/1 796/1
f 810/1 722/1 723/1
f 826/1 734/1 800/1
f 828/1 827/1 829/1
f 804/1 830/1 806/1
f 832/1 831/1 833/1
f 822/1 834/1 835/1
f 836/1 838/1 837/1
f 734/1 826/1 743/1
f 784/1 789/1 804/1
f 831/1 839/1 836/1
f 728/1 826/1 812/1
f 833/1 831/1 840/1
f 841/1 842/1 836/1
f 843/1 838/1 1118/1
f 845/1 844/1 846/1
f 811/1 789/1 728/1
f 811/1 847/1 830/1
f 727/1 799/1 848/1
f 1217/1 730/1 784/1
f 1290/1 849/1 850/1
f 805/1 784/1 804/1
f 851/1 771/1 852/1
f 853/1 855/1 854/1
f 784/1 730/1 789/1
f 857/1 856/1 858/1
f 768/1 834/1 823/1
f 859/1 860/1 769/1
f 862/1 861/1 863/1
f 811/1 804/1 789/1
f 1195/1 865/1 864/1
f 867/1 866/1 807/1
f 868/1 748/1 869/1
f 870/1 1197/1 1199/1
f 871/1 748/1 744/1
f 871/1 872/1 748/1
f 835/1 834/1 873/1
f 868/1 874/1 748/1
f 875/1 1199/1 807/1
f 874/1 868/1 860/1
f 876/1 867/1 877/1
f 878/1 806/1 830/1
f 1228/1 872/1 729/1
f 818/1 847/1 816/1
f 814/1 798/1 712/1
f 873/1 879/1 835/1
f 848/1 799/1 734/1
f 815/1 812/1 798/1
f 880/1 458/1 709/1
f 772/1 752/1 727/1
f 748/1 872/1 1238/1
f 808/1 796/1 761/1
f 818/1 878/1 847/1
f 803/1 794/1 802/1
f 871/1 729/1 872/1
f 815/1 811/1 812/1
f 758/1 723/1 824/1
f 814/1 816/1 815/1
f 809/1 710/1 819/1
f 800/1 798/1 812/1
f 712/1 798/1 726/1
f 774/1 709/1 809/1
f 729/1 1226/1 1228/1
f 1238/1 872/1 1228/1
f 1238/1 869/1 748/1
f 722/1 810/1 714/1
f 712/1 726/1 714/1
f 1226/1 730/1 1217/1
f 798/1 799/1 726/1
f 795/1 773/1 764/1
f 847/1 878/1 830/1
f 811/1 815/1 847/1
f 725/1 808/1 733/1
f 1218/1 784/1 805/1
f 804/1 811/1 830/1
f 511/1 709/1 458/1
f 514/1 819/1 710/1
f 742/1 728/1 729/1
f 731/1 725/1 733/1
f 457/1 880/1 793/1
f 879/1 868/1 869/1
f 868/1 873/1 860/1
f 759/1 810/1 758/1
f 726/1 727/1 714/1
f 881/1 717/1 715/1
f 882/1 870/1 875/1
f 823/1 1197/1 870/1
f 744/1 742/1 871/1
f 744/1 749/1 743/1
f 879/1 873/1 868/1
f 873/1 834/1 860/1
f 860/1 834/1 769/1
f 834/1 822/1 823/1
f 734/1 799/1 800/1
f 800/1 812/1 826/1
f 728/1 742/1 826/1
f 826/1 742/1 743/1
f 883/1 875/1 746/1
f 746/1 747/1 884/1
f 760/1 764/1 773/1
f 795/1 764/1 794/1
f 761/1 774/1 808/1
f 774/1 773/1 880/1
f 458/1 880/1 457/1
f 880/1 773/1 795/1
f 860/1 859/1 874/1
f 821/1 769/1 770/1
f 729/1 730/1 1226/1
f 742/1 729/1 871/1
f 870/1 882/1 823/1
f 870/1 1199/1 875/1
f 885/1 754/1 886/1
f 711/1 885/1 469/1
f 833/1 887/1 832/1
f 1195/1 888/1 865/1
f 777/1 573/1 889/1
f 890/1 892/1 891/1
f 877/1 1273/1 858/1
f 781/1 893/1 783/1
f 849/1 894/1 895/1
f 862/1 897/1 896/1
f 846/1 898/1 842/1
f 898/1 1118/1 838/1
f 390/1 813/1 899/1
f 764/1 763/1 794/1
f 848/1 735/1 772/1
f 859/1 769/1 821/1
f 794/1 792/1 793/1
f 793/1 880/1 795/1
f 745/1 746/1 866/1
f 900/1 902/1 901/1
f 875/1 807/1 746/1
f 866/1 746/1 807/1
f 882/1 883/1 903/1
f 770/1 768/1 882/1
f 823/1 882/1 768/1
f 768/1 769/1 834/1
f 788/1 874/1 859/1
f 904/1 821/1 770/1
f 874/1 788/1 749/1
f 743/1 749/1 736/1
f 821/1 788/1 859/1
f 821/1 905/1 820/1
f 748/1 874/1 749/1
f 743/1 736/1 734/1
f 735/1 848/1 734/1
f 788/1 820/1 736/1
f 772/1 727/1 848/1
f 736/1 820/1 735/1
f 825/1 721/1 906/1
f 852/1 772/1 907/1
f 909/1 903/1 908/1
f 903/1 770/1 882/1
f 911/1 910/1 912/1
f 737/1 914/1 913/1
f 909/1 770/1 903/1
f 916/1 884/1 915/1
f 770/1 909/1 904/1
f 903/1 883/1 908/1
f 908/1 883/1 884/1
f 875/1 883/1 882/1
f 917/1 919/1 918/1
f 920/1 751/1 921/1
f 717/1 922/1 716/1
f 923/1 757/1 755/1
f 924/1 926/1 925/1
f 928/1 927/1 929/1
f 931/1 930/1 825/1
f 390/1 899/1 791/1
f 802/1 758/1 824/1
f 892/1 890/1 932/1
f 763/1 758/1 802/1
f 933/1 934/1 931/1
f 775/1 935/1 777/1
f 767/1 615/1 936/1
f 937/1 938/1 485/1
f 939/1 919/1 940/1
f 942/1 941/1 939/1
f 944/1 943/1 945/1
f 837/1 843/1 840/1
f 832/1 946/1 839/1
f 838/1 842/1 898/1
f 842/1 838/1 836/1
f 894/1 947/1 943/1
f 948/1 945/1 841/1
f 865/1 950/1 949/1
f 953/1 952/1 951/1
f 954/1 955/1 901/1
f 958/1 957/1 956/1
f 959/1 955/1 954/1
f 960/1 1244/1 857/1
f 866/1 876/1 745/1
f 877/1 867/1 1273/1
f 745/1 876/1 954/1
f 876/1 877/1 959/1
f 959/1 877/1 858/1
f 1273/1 867/1 1272/1
f 962/1 961/1 963/1
f 901/1 902/1 964/1
f 881/1 718/1 719/1
f 920/1 966/1 965/1
f 922/1 753/1 535/1
f 967/1 717/1 719/1
f 885/1 711/1 754/1
f 967/1 762/1 753/1
f 756/1 757/1 897/1
f 896/1 897/1 968/1
f 925/1 926/1 827/1
f 925/1 827/1 969/1
f 790/1 891/1 780/1
f 899/1 803/1 890/1
f 791/1 890/1 891/1
f 791/1 891/1 790/1
f 801/1 934/1 890/1
f 794/1 970/1 813/1
f 780/1 889/1 790/1
f 891/1 892/1 778/1
f 791/1 899/1 890/1
f 803/1 899/1 970/1
f 935/1 936/1 573/1
f 776/1 780/1 778/1
f 741/1 971/1 740/1
f 782/1 972/1 973/1
f 891/1 778/1 780/1
f 889/1 780/1 777/1
f 573/1 777/1 935/1
f 775/1 739/1 766/1
f 974/1 976/1 975/1
f 935/1 766/1 767/1
f 921/1 938/1 937/1
f 977/1 965/1 978/1
f 857/1 864/1 856/1
f 949/1 980/1 979/1
f 840/1 831/1 837/1
f 839/1 831/1 832/1
f 839/1 946/1 948/1
f 829/1 926/1 887/1
f 838/1 843/1 837/1
f 837/1 831/1 836/1
f 842/1 845/1 846/1
f 841/1 845/1 842/1
f 981/1 846/1 844/1
f 947/1 845/1 841/1
f 841/1 945/1 947/1
f 839/1 841/1 836/1
f 943/1 947/1 945/1
f 948/1 944/1 945/1
f 844/1 845/1 947/1
f 982/1 984/1 983/1
f 888/1 1290/1 950/1
f 853/1 895/1 985/1
f 955/1 858/1 856/1
f 986/1 952/1 957/1
f 746/1 884/1 883/1
f 988/1 987/1 747/1
f 908/1 884/1 916/1
f 987/1 884/1 747/1
f 908/1 916/1 989/1
f 915/1 961/1 962/1
f 977/1 787/1 965/1
f 751/1 990/1 750/1
f 535/1 716/1 922/1
f 967/1 753/1 922/1
f 754/1 923/1 886/1
f 923/1 754/1 762/1
f 755/1 886/1 923/1
f 968/1 923/1 762/1
f 968/1 991/1 896/1
f 967/1 719/1 992/1
f 862/1 969/1 897/1
f 757/1 968/1 897/1
f 739/1 775/1 776/1
f 993/1 779/1 932/1
f 995/1 994/1 996/1
f 930/1 934/1 801/1
f 779/1 778/1 892/1
f 779/1 892/1 932/1
f 996/1 910/1 911/1
f 722/1 752/1 721/1
f 824/1 825/1 930/1
f 906/1 997/1 825/1
f 934/1 932/1 890/1
f 932/1 934/1 933/1
f 930/1 801/1 802/1
f 890/1 803/1 801/1
f 802/1 824/1 930/1
f 802/1 794/1 763/1
f 995/1 993/1 932/1
f 825/1 997/1 931/1
f 994/1 997/1 910/1
f 852/1 771/1 772/1
f 721/1 825/1 723/1
f 851/1 721/1 771/1
f 930/1 931/1 934/1
f 933/1 931/1 997/1
f 752/1 771/1 721/1
f 998/1 851/1 852/1
f 995/1 932/1 933/1
f 721/1 851/1 906/1
f 970/1 899/1 813/1
f 970/1 794/1 803/1
f 767/1 936/1 935/1
f 935/1 775/1 766/1
f 999/1 971/1 741/1
f 1000/1 975/1 976/1
f 1002/1 1001/1 1003/1
f 1004/1 963/1 961/1
f 767/1 765/1 976/1
f 1007/1 1006/1 1005/1
f 999/1 767/1 976/1
f 739/1 1008/1 765/1
f 367/1 1009/1 485/1
f 740/1 971/1 785/1
f 740/1 1009/1 367/1
f 937/1 1009/1 783/1
f 782/1 785/1 1010/1
f 615/1 767/1 999/1
f 615/1 999/1 741/1
f 999/1 976/1 971/1
f 625/1 938/1 921/1
f 783/1 893/1 937/1
f 965/1 787/1 751/1
f 893/1 920/1 937/1
f 1244/1 1195/1 864/1
f 949/1 979/1 865/1
f 856/1 958/1 956/1
f 958/1 865/1 979/1
f 986/1 979/1 1011/1
f 850/1 854/1 950/1
f 948/1 946/1 1012/1
f 969/1 863/1 925/1
f 948/1 841/1 839/1
f 944/1 948/1 1012/1
f 983/1 1012/1 982/1
f 1015/1 1014/1 1013/1
f 832/1 1016/1 946/1
f 1016/1 924/1 928/1
f 943/1 944/1 983/1
f 984/1 982/1 1017/1
f 946/1 1016/1 928/1
f 1016/1 926/1 924/1
f 944/1 1012/1 983/1
f 982/1 1012/1 928/1
f 894/1 849/1 981/1
f 849/1 895/1 850/1
f 981/1 844/1 894/1
f 844/1 947/1 894/1
f 895/1 853/1 854/1
f 895/1 894/1 943/1
f 950/1 1290/1 850/1
f 854/1 850/1 895/1
f 857/1 858/1 960/1
f 856/1 864/1 958/1
f 960/1 858/1 1273/1
f 955/1 959/1 858/1
f 876/1 959/1 954/1
f 1018/1 955/1 956/1
f 745/1 988/1 747/1
f 745/1 954/1 988/1
f 1019/1 987/1 988/1
f 1003/1 1019/1 964/1
f 987/1 1019/1 961/1
f 1002/1 1020/1 1001/1
f 1022/1 902/1 1021/1
f 964/1 988/1 954/1
f 987/1 961/1 915/1
f 1019/1 1003/1 1023/1
f 1019/1 988/1 964/1
f 902/1 1022/1 964/1
f 1021/1 1024/1 1002/1
f 952/1 1021/1 900/1
f 1027/1 1026/1 1025/1
f 1004/1 961/1 1028/1
f 1003/1 1001/1 1023/1
f 964/1 1022/1 1003/1
f 1029/1 1023/1 1001/1
f 1005/1 1031/1 1030/1
f 1018/1 901/1 955/1
f 964/1 954/1 901/1
f 1033/1 1032/1 1034/1
f 952/1 953/1 1024/1
f 986/1 951/1 952/1
f 901/1 1018/1 900/1
f 987/1 915/1 884/1
f 916/1 915/1 962/1
f 1035/1 779/1 993/1
f 1036/1 1037/1 1006/1
f 1024/1 1020/1 1002/1
f 1002/1 1003/1 1022/1
f 1023/1 1028/1 1019/1
f 1005/1 1030/1 1007/1
f 1022/1 1021/1 1002/1
f 952/1 1024/1 1021/1
f 900/1 1021/1 902/1
f 956/1 952/1 900/1
f 1026/1 962/1 963/1
f 1038/1 1025/1 963/1
f 1023/1 1029/1 1037/1
f 1029/1 1031/1 1005/1
f 989/1 1026/1 1039/1
f 851/1 910/1 906/1
f 910/1 997/1 906/1
f 989/1 1039/1 909/1
f 1038/1 1037/1 1036/1
f 1029/1 1005/1 1037/1
f 1026/1 989/1 962/1
f 911/1 1027/1 996/1
f 996/1 1040/1 993/1
f 1027/1 911/1 1026/1
f 998/1 905/1 904/1
f 912/1 910/1 851/1
f 907/1 905/1 852/1
f 820/1 907/1 735/1
f 907/1 772/1 735/1
f 852/1 905/1 998/1
f 1038/1 963/1 1004/1
f 1004/1 1023/1 1037/1
f 1041/1 1038/1 1036/1
f 1037/1 1038/1 1004/1
f 916/1 962/1 989/1
f 998/1 904/1 1039/1
f 1027/1 1040/1 996/1
f 1025/1 1038/1 1041/1
f 1039/1 1026/1 911/1
f 998/1 912/1 851/1
f 998/1 1039/1 912/1
f 912/1 1039/1 911/1
f 1028/1 961/1 1019/1
f 1028/1 1023/1 1004/1
f 909/1 1039/1 904/1
f 989/1 909/1 908/1
f 963/1 1025/1 1026/1
f 1027/1 1025/1 1041/1
f 1042/1 862/1 896/1
f 1043/1 786/1 1044/1
f 787/1 990/1 751/1
f 786/1 720/1 718/1
f 750/1 990/1 715/1
f 787/1 718/1 990/1
f 992/1 719/1 720/1
f 718/1 881/1 990/1
f 967/1 922/1 717/1
f 991/1 762/1 967/1
f 862/1 863/1 969/1
f 756/1 897/1 969/1
f 927/1 863/1 861/1
f 1042/1 1043/1 1045/1
f 757/1 923/1 968/1
f 755/1 756/1 828/1
f 756/1 827/1 828/1
f 969/1 827/1 756/1
f 893/1 1046/1 966/1
f 782/1 973/1 781/1
f 972/1 782/1 1010/1
f 783/1 785/1 782/1
f 972/1 1047/1 1034/1
f 1031/1 1029/1 1001/1
f 975/1 1047/1 1010/1
f 974/1 1010/1 785/1
f 1034/1 1048/1 973/1
f 1047/1 972/1 1010/1
f 1050/1 1049/1 1051/1
f 1052/1 1013/1 1053/1
f 1034/1 973/1 972/1
f 942/1 1032/1 1033/1
f 1020/1 1031/1 1001/1
f 1047/1 1033/1 1034/1
f 1030/1 1047/1 975/1
f 1000/1 1007/1 975/1
f 1000/1 1054/1 1007/1
f 1008/1 1000/1 976/1
f 976/1 765/1 1008/1
f 971/1 976/1 974/1
f 971/1 974/1 785/1
f 975/1 1010/1 974/1
f 1009/1 937/1 485/1
f 740/1 783/1 1009/1
f 751/1 625/1 921/1
f 937/1 920/1 921/1
f 965/1 1055/1 978/1
f 751/1 920/1 965/1
f 857/1 1244/1 864/1
f 958/1 864/1 865/1
f 956/1 955/1 856/1
f 900/1 1018/1 956/1
f 1056/1 984/1 1017/1
f 1015/1 855/1 853/1
f 949/1 854/1 855/1
f 949/1 855/1 980/1
f 950/1 865/1 888/1
f 949/1 950/1 854/1
f 926/1 829/1 827/1
f 925/1 927/1 924/1
f 861/1 1058/1 1057/1
f 929/1 927/1 861/1
f 943/1 983/1 985/1
f 1059/1 983/1 984/1
f 895/1 943/1 985/1
f 1014/1 853/1 1059/1
f 1013/1 1011/1 1015/1
f 1061/1 1060/1 918/1
f 983/1 1059/1 985/1
f 1053/1 984/1 1062/1
f 853/1 985/1 1059/1
f 984/1 1053/1 1059/1
f 928/1 1012/1 946/1
f 1017/1 982/1 928/1
f 1024/1 1061/1 941/1
f 1061/1 1024/1 953/1
f 919/1 939/1 941/1
f 951/1 1060/1 953/1
f 1024/1 941/1 1020/1
f 919/1 1061/1 918/1
f 942/1 1033/1 1020/1
f 941/1 1061/1 919/1
f 940/1 917/1 1063/1
f 1014/1 1053/1 1013/1
f 1046/1 1048/1 1064/1
f 973/1 1046/1 781/1
f 1064/1 1065/1 1046/1
f 1044/1 786/1 978/1
f 1032/1 939/1 1064/1
f 1063/1 1051/1 940/1
f 1046/1 1065/1 1055/1
f 965/1 966/1 1055/1
f 893/1 781/1 1046/1
f 1055/1 1065/1 1049/1
f 1032/1 942/1 939/1
f 1020/1 941/1 942/1
f 1060/1 1061/1 953/1
f 1013/1 918/1 1060/1
f 966/1 920/1 893/1
f 1055/1 966/1 1046/1
f 940/1 1051/1 1065/1
f 1064/1 940/1 1065/1
f 1011/1 951/1 986/1
f 979/1 957/1 958/1
f 956/1 957/1 952/1
f 957/1 979/1 986/1
f 1011/1 1013/1 951/1
f 1011/1 980/1 1015/1
f 1040/1 1027/1 1041/1
f 1007/1 1054/1 1006/1
f 1035/1 738/1 779/1
f 914/1 1066/1 1040/1
f 738/1 776/1 779/1
f 1066/1 1035/1 1040/1
f 933/1 997/1 995/1
f 910/1 996/1 994/1
f 1040/1 1035/1 993/1
f 737/1 1066/1 914/1
f 913/1 914/1 1036/1
f 914/1 1040/1 1041/1
f 1067/1 1049/1 1050/1
f 1049/1 978/1 1055/1
f 881/1 719/1 717/1
f 990/1 881/1 715/1
f 1042/1 992/1 720/1
f 862/1 1042/1 1045/1
f 896/1 992/1 1042/1
f 991/1 992/1 896/1
f 991/1 967/1 992/1
f 968/1 762/1 991/1
f 1030/1 975/1 1007/1
f 1033/1 1047/1 1030/1
f 1030/1 1031/1 1033/1
f 1031/1 1020/1 1033/1
f 980/1 1011/1 979/1
f 980/1 855/1 1015/1
f 832/1 887/1 926/1
f 926/1 1016/1 832/1
f 1056/1 1017/1 1057/1
f 929/1 1017/1 928/1
f 1056/1 1068/1 1062/1
f 862/1 1069/1 861/1
f 861/1 1057/1 929/1
f 861/1 1069/1 1058/1
f 1050/1 1058/1 1069/1
f 1045/1 1069/1 862/1
f 863/1 927/1 925/1
f 928/1 924/1 927/1
f 1013/1 1060/1 951/1
f 917/1 918/1 1052/1
f 1051/1 1063/1 1070/1
f 1052/1 1062/1 1068/1
f 939/1 940/1 1064/1
f 1064/1 1048/1 1032/1
f 1034/1 1032/1 1048/1
f 1048/1 1046/1 973/1
f 1037/1 1005/1 1006/1
f 1054/1 913/1 1006/1
f 1036/1 914/1 1041/1
f 1036/1 1006/1 913/1
f 765/1 766/1 739/1
f 1008/1 739/1 1054/1
f 996/1 993/1 995/1
f 995/1 997/1 994/1
f 787/1 977/1 786/1
f 1043/1 720/1 786/1
f 1043/1 1042/1 720/1
f 1043/1 1067/1 1045/1
f 1045/1 1050/1 1069/1
f 1057/1 1058/1 1068/1
f 786/1 977/1 978/1
f 1049/1 1044/1 978/1
f 1044/1 1049/1 1067/1
f 1049/1 1065/1 1051/1
f 929/1 1057/1 1017/1
f 1056/1 1057/1 1068/1
f 1059/1 1053/1 1014/1
f 1014/1 1015/1 853/1
f 917/1 940/1 919/1
f 1052/1 1071/1 917/1
f 1070/1 1050/1 1051/1
f 917/1 1071/1 1063/1
f 1070/1 1058/1 1050/1
f 1070/1 1063/1 1071/1
f 1071/1 1068/1 1070/1
f 1068/1 1058/1 1070/1
f 1062/1 984/1 1056/1
f 1062/1 1052/1 1053/1
f 918/1 1013/1 1052/1
f 1052/1 1068/1 1071/1
f 1035/1 1066/1 738/1
f 776/1 738/1 739/1
f 1054/1 1000/1 1008/1
f 1054/1 737/1 913/1
f 737/1 738/1 1066/1
f 739/1 737/1 1054/1
f 1043/1 1044/1 1067/1
f 1067/1 1050/1 1045/1
f 809/1 808/1 774/1
f 880/1 709/1 774/1
f 807/1 1272/1 867/1
f 866/1 867/1 876/1
f 821/1 904/1 905/1
f 905/1 907/1 820/1
f 1072/1 1073/1 1074/1
f 879/1 1075/1 835/1
f 1173/1 1076/1 1172/1
f 1074/1 1077/1 1072/1
f 115/1 1077/1 1074/1
f 1073/1 7/1 1074/1
f 1078/1 1079/1 1080/1
f 1081/1 1082/1 1083/1
f 1173/1 1084/1 1085/1
f 1086/1 1087/1 1088/1
f 1088/1 1089/1 1090/1
f 1091/1 128/1 1092/1
f 1093/1 1094/1 1095/1
f 1096/1 1097/1 1098/1
f 1099/1 1100/1 1101/1
f 1102/1 1103/1 1078/1
f 1104/1 1105/1 1106/1
f 1107/1 1108/1 1109/1
f 1073/1 1100/1 1110/1
f 1111/1 1112/1 1086/1
f 1113/1 1114/1 1115/1
f 1116/1 1104/1 1117/1
f 1118/1 898/1 1119/1
f 1120/1 1121/1 1092/1
f 1122/1 1123/1 1124/1
f 1125/1 1126/1 1127/1
f 244/1 1128/1 1129/1
f 1130/1 1131/1 1168/1
f 1132/1 175/1 1133/1
f 1100/1 1072/1 1116/1
f 1091/1 1121/1 1134/1
f 7/1 115/1 1074/1
f 1134/1 1121/1 1122/1
f 1135/1 1136/1 1137/1
f 1117/1 1106/1 1138/1
f 1139/1 1140/1 244/1
f 1141/1 1142/1 1096/1
f 1143/1 1144/1 1145/1
f 1146/1 1136/1 1147/1
f 1148/1 898/1 1149/1
f 1150/1 1136/1 1131/1
f 1151/1 1152/1 1137/1
f 1153/1 82/1 1151/1
f 1083/1 1153/1 1137/1
f 1102/1 1154/1 1155/1
f 1156/1 1135/1 1157/1
f 1167/1 1158/1 1159/1
f 1160/1 1085/1 1161/1
f 1158/1 1162/1 1159/1
f 1163/1 1164/1 1101/1
f 1165/1 1166/1 1167/1
f 1168/1 1131/1 1167/1
f 1130/1 1150/1 1131/1
f 1168/1 1167/1 1166/1
f 1081/1 1083/1 1130/1
f 1171/1 1169/1 1170/1
f 1076/1 1173/1 1085/1
f 1130/1 1171/1 1081/1
f 1169/1 1171/1 1168/1
f 1172/1 1170/1 1169/1
f 1173/1 1172/1 1166/1
f 1174/1 1175/1 1176/1
f 1159/1 1177/1 1178/1
f 1171/1 1130/1 1168/1
f 1167/1 1159/1 1165/1
f 1131/1 1146/1 1158/1
f 1179/1 1145/1 1180/1
f 1149/1 1181/1 1155/1
f 1138/1 1182/1 1183/1
f 1184/1 1185/1 1186/1
f 1187/1 1186/1 1078/1
f 1117/1 1183/1 1188/1
f 1154/1 1102/1 1185/1
f 1188/1 1189/1 1190/1
f 1188/1 1190/1 1164/1
f 1096/1 981/1 849/1
f 1190/1 1191/1 1192/1
f 1193/1 1148/1 1154/1
f 1194/1 1195/1 1196/1
f 1188/1 1164/1 1163/1
f 1193/1 1118/1 1119/1
f 1197/1 1198/1 1199/1
f 1183/1 1080/1 1079/1
f 1193/1 1154/1 1184/1
f 1189/1 1079/1 1200/1
f 1198/1 1201/1 1202/1
f 846/1 1149/1 898/1
f 1117/1 1138/1 1183/1
f 1155/1 1181/1 1103/1
f 1187/1 1080/1 1182/1
f 1189/1 1183/1 1079/1
f 1203/1 1204/1 1205/1
f 1148/1 1193/1 1119/1
f 1076/1 1085/1 1160/1
f 1206/1 1207/1 1208/1
f 1078/1 1185/1 1102/1
f 1154/1 1185/1 1184/1
f 1209/1 1190/1 1189/1
f 1161/1 1085/1 1084/1
f 1208/1 1210/1 1211/1
f 1189/1 1188/1 1183/1
f 1107/1 1212/1 1213/1
f 1078/1 1080/1 1187/1
f 1075/1 1214/1 835/1
f 1200/1 1078/1 1215/1
f 1172/1 1169/1 1166/1
f 1072/1 1105/1 1104/1
f 1216/1 1217/1 1218/1
f 1166/1 1165/1 1173/1
f 1077/1 1105/1 1072/1
f 1133/1 1219/1 1220/1
f 1172/1 1221/1 1170/1
f 1116/1 1163/1 1100/1
f 1170/1 1221/1 1222/1
f 1223/1 1076/1 1224/1
f 1084/1 1173/1 1165/1
f 1216/1 1218/1 1225/1
f 1166/1 1169/1 1168/1
f 1226/1 1227/1 1228/1
f 1157/1 1137/1 1152/1
f 1131/1 1158/1 1167/1
f 1229/1 1230/1 869/1
f 1078/1 1186/1 1185/1
f 1230/1 1231/1 1075/1
f 1232/1 1229/1 1233/1
f 1162/1 1158/1 1146/1
f 1160/1 1234/1 1076/1
f 1223/1 1222/1 1221/1
f 1217/1 1216/1 1235/1
f 1236/1 1237/1 1095/1
f 1182/1 1080/1 1183/1
f 1072/1 1104/1 1116/1
f 1238/1 1228/1 1236/1
f 1117/1 1104/1 1106/1
f 1188/1 1163/1 1117/1
f 1177/1 1159/1 1162/1
f 1239/1 1240/1 1241/1
f 1234/1 1160/1 1242/1
f 1189/1 1200/1 1209/1
f 960/1 1243/1 1244/1
f 1209/1 1245/1 1246/1
f 1172/1 1076/1 1221/1
f 1222/1 1223/1 1225/1
f 1247/1 1224/1 1234/1
f 1112/1 1101/1 1164/1
f 1248/1 1249/1 1250/1
f 1157/1 1152/1 1251/1
f 1083/1 1137/1 1150/1
f 1156/1 1251/1 227/1
f 1136/1 1135/1 1147/1
f 1130/1 1083/1 1150/1
f 1153/1 1083/1 1082/1
f 82/1 1153/1 1082/1
f 1137/1 1153/1 1151/1
f 1096/1 1175/1 1141/1
f 1103/1 1215/1 1078/1
f 846/1 981/1 1098/1
f 1155/1 1154/1 1148/1
f 1149/1 1097/1 1181/1
f 1097/1 1149/1 846/1
f 898/1 1148/1 1119/1
f 1155/1 1148/1 1149/1
f 1237/1 1227/1 1235/1
f 1237/1 1093/1 1095/1
f 1252/1 1253/1 1254/1
f 1255/1 1256/1 1257/1
f 1101/1 1111/1 1099/1
f 1100/1 1099/1 1110/1
f 1258/1 1220/1 1099/1
f 1259/1 1073/1 1110/1
f 7/1 1073/1 1259/1
f 1072/1 1100/1 1073/1
f 1133/1 1220/1 1258/1
f 1110/1 1219/1 1259/1
f 1133/1 1258/1 1089/1
f 1219/1 1133/1 175/1
f 1099/1 1220/1 1110/1
f 1110/1 1220/1 1219/1
f 1144/1 1143/1 1140/1
f 1178/1 1260/1 1084/1
f 1181/1 1097/1 1204/1
f 1261/1 1204/1 1203/1
f 1237/1 1235/1 1247/1
f 1093/1 1247/1 1234/1
f 1224/1 1216/1 1225/1
f 1076/1 1234/1 1224/1
f 1076/1 1223/1 1221/1
f 1225/1 1223/1 1224/1
f 1245/1 1215/1 1203/1
f 1245/1 1262/1 1246/1
f 1100/1 1163/1 1101/1
f 1117/1 1163/1 1116/1
f 1115/1 1263/1 1092/1
f 1126/1 1264/1 1265/1
f 1266/1 1267/1 1268/1
f 1269/1 1270/1 1271/1
f 1272/1 1213/1 1273/1
f 1272/1 1274/1 1213/1
f 1275/1 1276/1 1277/1
f 1278/1 1279/1 1280/1
f 1281/1 1282/1 1240/1
f 1109/1 1283/1 1107/1
f 1262/1 1284/1 1285/1
f 1267/1 1286/1 1287/1
f 1156/1 1157/1 1251/1
f 1137/1 1157/1 1135/1
f 1288/1 1143/1 1145/1
f 1162/1 1147/1 1289/1
f 1131/1 1136/1 1146/1
f 1137/1 1136/1 1150/1
f 1175/1 849/1 1290/1
f 1097/1 1096/1 1142/1
f 1176/1 1290/1 888/1
f 1205/1 1142/1 1291/1
f 846/1 1098/1 1097/1
f 981/1 1096/1 1098/1
f 1175/1 1096/1 849/1
f 1291/1 1141/1 1174/1
f 1235/1 1227/1 1226/1
f 1236/1 1227/1 1237/1
f 1217/1 1235/1 1226/1
f 1292/1 1235/1 1216/1
f 1237/1 1247/1 1093/1
f 1247/1 1235/1 1292/1
f 1216/1 1224/1 1292/1
f 1247/1 1292/1 1224/1
f 1242/1 1254/1 1094/1
f 1232/1 1293/1 1294/1
f 1233/1 1238/1 1236/1
f 1295/1 1256/1 1296/1
f 1159/1 1178/1 1165/1
f 1254/1 1293/1 1094/1
f 1297/1 1298/1 1299/1
f 1202/1 1201/1 1300/1
f 1162/1 1146/1 1147/1
f 1177/1 1301/1 1302/1
f 244/1 1129/1 1139/1
f 1180/1 1139/1 1303/1
f 1155/1 1103/1 1102/1
f 1203/1 1103/1 1261/1
f 1204/1 1097/1 1142/1
f 1103/1 1181/1 1261/1
f 1205/1 1204/1 1142/1
f 1261/1 1181/1 1204/1
f 1291/1 1304/1 1305/1
f 1205/1 1262/1 1203/1
f 1306/1 1087/1 1112/1
f 1291/1 1305/1 1205/1
f 1245/1 1203/1 1262/1
f 1103/1 1203/1 1215/1
f 1305/1 1284/1 1262/1
f 1245/1 1209/1 1200/1
f 1141/1 1291/1 1142/1
f 1174/1 1307/1 1308/1
f 1305/1 1304/1 1284/1
f 1205/1 1305/1 1262/1
f 1304/1 1266/1 1268/1
f 1309/1 1284/1 1268/1
f 1306/1 1310/1 1311/1
f 1209/1 1246/1 1191/1
f 1269/1 1312/1 1304/1
f 1285/1 1284/1 1309/1
f 1313/1 1314/1 1315/1
f 1316/1 1317/1 1318/1
f 1310/1 1285/1 1309/1
f 1262/1 1285/1 1246/1
f 1304/1 1268/1 1284/1
f 1319/1 1320/1 1321/1
f 1322/1 1263/1 1115/1
f 1309/1 1268/1 1323/1
f 1324/1 1325/1 1326/1
f 1309/1 1327/1 1310/1
f 1078/1 1200/1 1079/1
f 1245/1 1200/1 1215/1
f 1113/1 128/1 1328/1
f 1329/1 1120/1 1263/1
f 1330/1 1123/1 1331/1
f 1332/1 1333/1 1334/1
f 1243/1 1335/1 1336/1
f 1269/1 1271/1 1337/1
f 1283/1 1206/1 1338/1
f 1338/1 1335/1 1243/1
f 1199/1 1198/1 1274/1
f 1339/1 1340/1 1341/1
f 1332/1 1128/1 199/1
f 1334/1 1342/1 1139/1
f 1197/1 822/1 1201/1
f 1202/1 1340/1 1274/1
f 1112/1 1164/1 1192/1
f 1086/1 1112/1 1087/1
f 1190/1 1192/1 1164/1
f 1285/1 1310/1 1246/1
f 1327/1 1323/1 1325/1
f 1258/1 1099/1 1111/1
f 1112/1 1343/1 1306/1
f 1310/1 1306/1 1343/1
f 1246/1 1310/1 1343/1
f 1309/1 1323/1 1327/1
f 1114/1 1344/1 1345/1
f 175/1 1132/1 1250/1
f 1090/1 1086/1 1088/1
f 1089/1 1346/1 1347/1
f 1112/1 1111/1 1101/1
f 1258/1 1111/1 1086/1
f 1088/1 1087/1 1348/1
f 1306/1 1311/1 1087/1
f 1327/1 1348/1 1311/1
f 1089/1 1088/1 1346/1
f 1310/1 1327/1 1311/1
f 1327/1 1325/1 1348/1
f 1326/1 1325/1 1323/1
f 1346/1 1088/1 1349/1
f 1089/1 1258/1 1090/1
f 1086/1 1090/1 1258/1
f 1311/1 1348/1 1087/1
f 1349/1 1348/1 1325/1
f 1348/1 1349/1 1088/1
f 1324/1 1349/1 1325/1
f 1135/1 1156/1 1147/1
f 1147/1 1156/1 1289/1
f 1289/1 1156/1 1288/1
f 1162/1 1289/1 1350/1
f 1176/1 1175/1 1290/1
f 1141/1 1175/1 1174/1
f 888/1 1194/1 1176/1
f 1307/1 1270/1 1269/1
f 1195/1 1194/1 888/1
f 1270/1 1176/1 1194/1
f 1236/1 1228/1 1227/1
f 1351/1 1232/1 1233/1
f 1093/1 1242/1 1094/1
f 1236/1 1095/1 1351/1
f 1254/1 1253/1 1293/1
f 1351/1 1095/1 1094/1
f 1234/1 1242/1 1093/1
f 1242/1 1160/1 1161/1
f 1294/1 1293/1 1352/1
f 1351/1 1094/1 1293/1
f 1295/1 1294/1 1352/1
f 1232/1 1294/1 1353/1
f 1229/1 1232/1 1353/1
f 1293/1 1232/1 1351/1
f 1229/1 1353/1 1230/1
f 1233/1 869/1 1238/1
f 1351/1 1233/1 1236/1
f 869/1 1233/1 1229/1
f 1231/1 1230/1 1354/1
f 1355/1 1214/1 1296/1
f 1084/1 1260/1 1356/1
f 1242/1 1161/1 1254/1
f 1357/1 1303/1 1358/1
f 1253/1 1299/1 1298/1
f 1139/1 1144/1 1140/1
f 1145/1 1144/1 1180/1
f 1092/1 128/1 1113/1
f 1120/1 1092/1 1263/1
f 1114/1 1328/1 1249/1
f 1324/1 1346/1 1349/1
f 1329/1 1263/1 1318/1
f 1124/1 1123/1 1330/1
f 1359/1 1360/1 1361/1
f 1332/1 1334/1 1129/1
f 960/1 1273/1 1212/1
f 1206/1 1211/1 1338/1
f 1338/1 1243/1 1107/1
f 1243/1 960/1 1212/1
f 1196/1 1270/1 1194/1
f 1244/1 1336/1 1195/1
f 1272/1 1199/1 1274/1
f 1107/1 1213/1 1108/1
f 1340/1 1202/1 1362/1
f 1108/1 1213/1 1274/1
f 1332/1 1129/1 1128/1
f 1139/1 1129/1 1334/1
f 199/1 1276/1 1332/1
f 1276/1 1363/1 1332/1
f 1342/1 1334/1 1364/1
f 1144/1 1139/1 1180/1
f 1201/1 1198/1 1197/1
f 1274/1 1198/1 1202/1
f 1214/1 822/1 835/1
f 1300/1 1341/1 1362/1
f 1191/1 1190/1 1209/1
f 1112/1 1192/1 1343/1
f 1246/1 1343/1 1191/1
f 1192/1 1191/1 1343/1
f 1248/1 1132/1 1365/1
f 1346/1 1324/1 1344/1
f 1133/1 1089/1 1132/1
f 1132/1 1089/1 1347/1
f 1287/1 1326/1 1323/1
f 1326/1 1366/1 1324/1
f 1367/1 1324/1 1366/1
f 1322/1 1345/1 1368/1
f 1369/1 1317/1 1316/1
f 1322/1 1318/1 1263/1
f 1367/1 1366/1 1320/1
f 1368/1 1345/1 1370/1
f 1230/1 1075/1 879/1
f 1214/1 1075/1 1231/1
f 1230/1 879/1 869/1
f 1354/1 1230/1 1353/1
f 1295/1 1354/1 1294/1
f 1295/1 1352/1 1298/1
f 1214/1 1231/1 1296/1
f 1201/1 822/1 1214/1
f 1301/1 1162/1 1350/1
f 1371/1 1372/1 1260/1
f 1302/1 1371/1 1260/1
f 1084/1 1165/1 1178/1
f 1114/1 1113/1 1328/1
f 1092/1 1113/1 1115/1
f 1248/1 1114/1 1249/1
f 1347/1 1344/1 1365/1
f 1324/1 1367/1 1370/1
f 1365/1 1344/1 1114/1
f 1345/1 1322/1 1115/1
f 1368/1 1318/1 1322/1
f 1114/1 1345/1 1115/1
f 1345/1 1344/1 1370/1
f 1324/1 1370/1 1344/1
f 1368/1 1370/1 1367/1
f 1092/1 1121/1 1091/1
f 1122/1 1121/1 1120/1
f 1331/1 1318/1 1373/1
f 1123/1 1329/1 1331/1
f 1264/1 1373/1 1317/1
f 1282/1 1265/1 1240/1
f 1330/1 1361/1 1124/1
f 1120/1 1329/1 1123/1
f 1318/1 1331/1 1329/1
f 1331/1 1373/1 1374/1
f 1375/1 1275/1 1124/1
f 1277/1 1122/1 1275/1
f 1275/1 1375/1 1276/1
f 1122/1 1277/1 1134/1
f 1376/1 1108/1 1377/1
f 1283/1 1109/1 1378/1
f 1206/1 1283/1 1379/1
f 1107/1 1283/1 1338/1
f 1379/1 1207/1 1206/1
f 1313/1 1239/1 1380/1
f 1379/1 1283/1 1378/1
f 1208/1 1207/1 1315/1
f 1381/1 1379/1 1378/1
f 1380/1 1319/1 1313/1
f 1281/1 1378/1 1382/1
f 1339/1 1383/1 1384/1
f 1207/1 1379/1 1239/1
f 1239/1 1379/1 1381/1
f 1109/1 1382/1 1378/1
f 1239/1 1381/1 1240/1
f 1337/1 1271/1 1208/1
f 1338/1 1211/1 1335/1
f 1337/1 1312/1 1269/1
f 1270/1 1196/1 1210/1
f 1291/1 1308/1 1304/1
f 1307/1 1174/1 1176/1
f 1208/1 1271/1 1210/1
f 1270/1 1210/1 1271/1
f 1174/1 1308/1 1291/1
f 1269/1 1304/1 1308/1
f 1270/1 1307/1 1176/1
f 1308/1 1307/1 1269/1
f 1208/1 1211/1 1206/1
f 1335/1 1211/1 1210/1
f 1213/1 1212/1 1273/1
f 1243/1 1212/1 1107/1
f 1336/1 1196/1 1195/1
f 1196/1 1335/1 1210/1
f 1243/1 1336/1 1244/1
f 1196/1 1336/1 1335/1
f 1281/1 1240/1 1381/1
f 1108/1 1274/1 1377/1
f 1376/1 1340/1 1339/1
f 1385/1 1376/1 1339/1
f 1378/1 1281/1 1381/1
f 1282/1 1385/1 1386/1
f 1108/1 1382/1 1109/1
f 1281/1 1382/1 1385/1
f 1385/1 1382/1 1376/1
f 1108/1 1376/1 1382/1
f 1387/1 1388/1 1383/1
f 1339/1 1341/1 1383/1
f 1389/1 1127/1 1126/1
f 1339/1 1384/1 1385/1
f 1390/1 1391/1 1392/1
f 1388/1 1386/1 1384/1
f 1393/1 1394/1 1395/1
f 1282/1 1386/1 1389/1
f 1385/1 1282/1 1281/1
f 1389/1 1265/1 1282/1
f 1388/1 1384/1 1383/1
f 1385/1 1384/1 1386/1
f 1388/1 1394/1 1393/1
f 1264/1 1396/1 1373/1
f 1126/1 1396/1 1264/1
f 1239/1 1241/1 1380/1
f 1393/1 1395/1 1127/1
f 1126/1 1265/1 1389/1
f 1394/1 1390/1 1397/1
f 1364/1 1334/1 1333/1
f 1393/1 1389/1 1386/1
f 1127/1 1395/1 1398/1
f 1389/1 1393/1 1127/1
f 1386/1 1388/1 1393/1
f 1399/1 1397/1 1400/1
f 1373/1 1396/1 1374/1
f 1317/1 1373/1 1318/1
f 1264/1 1401/1 1241/1
f 1240/1 1265/1 1241/1
f 1264/1 1241/1 1265/1
f 1276/1 199/1 1277/1
f 1363/1 1276/1 1375/1
f 1402/1 1361/1 1360/1
f 1403/1 1360/1 1398/1
f 1358/1 1342/1 1364/1
f 1139/1 1342/1 1303/1
f 1358/1 1280/1 1279/1
f 1404/1 1405/1 1406/1
f 1407/1 1280/1 1358/1
f 1358/1 1279/1 1357/1
f 1402/1 1399/1 1407/1
f 1280/1 1400/1 1408/1
f 1371/1 1406/1 1409/1
f 1357/1 1410/1 1179/1
f 1407/1 1358/1 1364/1
f 1400/1 1397/1 1408/1
f 1297/1 1299/1 1411/1
f 1405/1 1278/1 1411/1
f 1358/1 1303/1 1342/1
f 1180/1 1303/1 1357/1
f 1355/1 1300/1 1201/1
f 1412/1 1255/1 1257/1
f 1132/1 1248/1 1250/1
f 1114/1 1248/1 1365/1
f 1344/1 1347/1 1346/1
f 1132/1 1347/1 1365/1
f 1296/1 1256/1 1355/1
f 1354/1 1296/1 1231/1
f 1294/1 1354/1 1353/1
f 1296/1 1354/1 1295/1
f 1300/1 1355/1 1256/1
f 1201/1 1214/1 1355/1
f 1301/1 1177/1 1162/1
f 1178/1 1177/1 1302/1
f 1410/1 1301/1 1350/1
f 1302/1 1301/1 1406/1
f 1179/1 1410/1 1350/1
f 1404/1 1357/1 1279/1
f 1145/1 1179/1 1350/1
f 1357/1 1179/1 1180/1
f 1301/1 1410/1 1406/1
f 1404/1 1406/1 1410/1
f 1357/1 1404/1 1410/1
f 1404/1 1279/1 1405/1
f 1123/1 1122/1 1120/1
f 1275/1 1122/1 1124/1
f 1314/1 1312/1 1337/1
f 1304/1 1312/1 1266/1
f 1300/1 1362/1 1202/1
f 1341/1 1340/1 1362/1
f 1274/1 1340/1 1377/1
f 1376/1 1377/1 1340/1
f 1126/1 1125/1 1396/1
f 1374/1 1125/1 1359/1
f 1316/1 1318/1 1368/1
f 1317/1 1369/1 1401/1
f 1320/1 1368/1 1367/1
f 1369/1 1380/1 1401/1
f 1316/1 1320/1 1369/1
f 1366/1 1321/1 1320/1
f 1241/1 1401/1 1380/1
f 1317/1 1401/1 1264/1
f 1320/1 1316/1 1368/1
f 1287/1 1321/1 1366/1
f 1312/1 1314/1 1266/1
f 1319/1 1369/1 1320/1
f 1366/1 1326/1 1287/1
f 1321/1 1286/1 1319/1
f 1267/1 1287/1 1323/1
f 1286/1 1321/1 1287/1
f 1319/1 1286/1 1313/1
f 1380/1 1369/1 1319/1
f 1268/1 1267/1 1323/1
f 1267/1 1266/1 1413/1
f 1314/1 1313/1 1286/1
f 1207/1 1239/1 1313/1
f 1286/1 1267/1 1413/1
f 1337/1 1208/1 1315/1
f 1266/1 1314/1 1413/1
f 1286/1 1413/1 1314/1
f 1313/1 1315/1 1207/1
f 1337/1 1315/1 1314/1
f 1363/1 1333/1 1332/1
f 1364/1 1333/1 1402/1
f 1361/1 1363/1 1375/1
f 1333/1 1363/1 1402/1
f 1289/1 1145/1 1350/1
f 227/1 1288/1 1156/1
f 1143/1 1288/1 227/1
f 1289/1 1288/1 1145/1
f 1371/1 1414/1 1372/1
f 1161/1 1356/1 1254/1
f 1084/1 1356/1 1161/1
f 1372/1 1414/1 1252/1
f 1302/1 1260/1 1178/1
f 1356/1 1260/1 1372/1
f 1406/1 1371/1 1302/1
f 1414/1 1371/1 1409/1
f 1411/1 1409/1 1405/1
f 1415/1 1411/1 1278/1
f 1411/1 1414/1 1409/1
f 1299/1 1253/1 1252/1
f 1391/1 1388/1 1387/1
f 1390/1 1408/1 1397/1
f 1400/1 1407/1 1399/1
f 1394/1 1397/1 1403/1
f 1360/1 1399/1 1402/1
f 1394/1 1403/1 1395/1
f 1280/1 1407/1 1400/1
f 1402/1 1407/1 1364/1
f 1363/1 1361/1 1402/1
f 1398/1 1360/1 1125/1
f 1124/1 1361/1 1375/1
f 1359/1 1361/1 1330/1
f 1127/1 1398/1 1125/1
f 1398/1 1395/1 1403/1
f 1330/1 1331/1 1374/1
f 1360/1 1359/1 1125/1
f 1125/1 1374/1 1396/1
f 1330/1 1374/1 1359/1
f 1397/1 1399/1 1403/1
f 1403/1 1399/1 1360/1
f 1415/1 1408/1 1390/1
f 1280/1 1408/1 1278/1
f 1405/1 1409/1 1406/1
f 1279/1 1278/1 1405/1
f 1390/1 1392/1 1415/1
f 1411/1 1299/1 1414/1
f 1394/1 1388/1 1391/1
f 1295/1 1298/1 1257/1
f 1341/1 1416/1 1387/1
f 1255/1 1341/1 1300/1
f 1341/1 1387/1 1383/1
f 1391/1 1387/1 1416/1
f 1392/1 1391/1 1416/1
f 1394/1 1391/1 1390/1
f 1412/1 1392/1 1416/1
f 1392/1 1417/1 1415/1
f 1415/1 1417/1 1297/1
f 1415/1 1278/1 1408/1
f 1415/1 1297/1 1411/1
f 1298/1 1297/1 1417/1
f 1298/1 1417/1 1257/1
f 1298/1 1352/1 1253/1
f 1412/1 1257/1 1417/1
f 1295/1 1257/1 1256/1
f 1392/1 1412/1 1417/1
f 1412/1 1416/1 1255/1
f 1341/1 1255/1 1416/1
f 1256/1 1255/1 1300/1
f 1293/1 1253/1 1352/1
f 1252/1 1254/1 1356/1
f 1372/1 1252/1 1356/1
f 1299/1 1252/1 1414/1
# 2762 faces, 1 coords texture

# End of File
